# Blender v2.78 (sub 0) OBJ File: 'video_store_open_sign.blend'
# www.blender.org
mtllib video_store_open_sign.mtl
o Mesh14_WE_RE1_Group1_Model
v 0.227382 -0.017784 -0.001279
v 0.227382 -0.020000 -0.002559
v -0.227351 -0.020000 -0.002559
v -0.227351 -0.017784 -0.001279
v 0.227382 -0.022216 -0.001279
v -0.227351 -0.022216 -0.001279
v 0.227382 -0.022216 0.001279
v -0.227351 -0.022216 0.001279
v 0.227382 -0.020000 0.002559
v -0.227351 -0.020000 0.002559
v 0.227382 -0.017784 0.001279
v -0.227351 -0.017784 0.001279
v 0.236576 -0.055218 0.005315
v 0.236576 -0.055218 0.021015
v 0.240382 -0.059949 0.021015
v 0.240382 -0.059949 0.005315
v 0.159843 0.052990 0.005315
v 0.159843 0.052990 0.021015
v 0.157889 0.055664 0.005315
v 0.157889 0.055664 0.021015
v 0.154494 0.057979 0.005315
v 0.154494 0.057979 0.021015
v 0.150483 0.058750 0.005315
v 0.150483 0.058750 0.021015
v 0.146471 0.057979 0.005315
v 0.146471 0.057979 0.021015
v 0.143077 0.055664 0.005315
v 0.143077 0.055664 0.021015
v 0.140763 0.052270 0.005315
v 0.140763 0.052270 0.021015
v 0.139991 0.048258 0.005315
v 0.139991 0.048258 0.021015
v 0.139991 -0.078258 0.005315
v 0.139991 -0.078258 0.021015
v 0.140763 -0.082270 0.005315
v 0.140763 -0.082270 0.021015
v 0.143077 -0.085664 0.005315
v 0.143077 -0.085664 0.021015
v 0.146471 -0.087979 0.005315
v 0.146471 -0.087979 0.021015
v 0.150483 -0.088750 0.005315
v 0.150483 -0.088750 0.021015
v 0.154494 -0.087979 0.005315
v 0.154494 -0.087979 0.021015
v 0.157889 -0.085664 0.005315
v 0.157889 -0.085664 0.021015
v 0.160203 -0.082270 0.005315
v 0.160203 -0.082270 0.021015
v 0.160975 -0.078258 0.005315
v 0.160975 -0.078258 0.021015
v 0.161797 0.015652 0.005315
v 0.161797 0.015652 0.021015
v 0.223101 -0.070647 0.005315
v 0.223101 -0.070647 0.021015
v 0.223616 -0.071058 0.005315
v 0.223616 -0.071058 0.021015
v 0.226599 -0.073115 0.005315
v 0.226599 -0.073115 0.021015
v 0.230507 -0.073964 0.005315
v 0.230507 -0.073964 0.021015
v 0.234416 -0.073218 0.005315
v 0.234416 -0.073218 0.021015
v 0.237849 -0.071084 0.005315
v 0.237849 -0.071084 0.021015
v 0.240125 -0.067767 0.005315
v 0.240125 -0.067767 0.021015
v 0.241038 -0.063858 0.005315
v 0.241038 -0.063858 0.021015
v 0.238496 -0.060796 0.023015
v 0.238999 -0.063794 0.023015
v 0.227409 -0.071245 0.023015
v 0.230533 -0.071923 0.023015
v 0.224810 -0.069452 0.023015
v 0.224570 -0.069260 0.023015
v 0.234980 -0.056424 0.023015
v 0.159852 0.021845 0.023015
v 0.158220 0.051821 0.023015
v 0.156477 0.054206 0.023015
v 0.153710 0.056093 0.023015
v 0.150483 0.056713 0.023015
v 0.147256 0.056093 0.023015
v 0.144516 0.054225 0.023015
v 0.142649 0.051485 0.023015
v 0.141991 0.048068 0.023015
v 0.158976 -0.078059 0.023015
v 0.141991 -0.078068 0.023015
v 0.158317 -0.081485 0.023015
v 0.142649 -0.081485 0.023015
v 0.144516 -0.084225 0.023015
v 0.156449 -0.084225 0.023015
v 0.147256 -0.086093 0.023015
v 0.153710 -0.086093 0.023015
v 0.150483 -0.086713 0.023015
v 0.233676 -0.071323 0.023015
v 0.238263 -0.066946 0.023015
v 0.236437 -0.069607 0.023015
v 0.106459 -0.067767 0.005315
v 0.106459 -0.067767 0.021015
v 0.110985 -0.067767 0.021015
v 0.110985 -0.067767 0.005315
v 0.040218 -0.067767 0.005315
v 0.040218 -0.067767 0.021015
v 0.040527 -0.003068 0.005315
v 0.040527 -0.003068 0.021015
v 0.040218 0.037767 0.005315
v 0.040218 0.037767 0.021015
v 0.110985 0.037767 0.005315
v 0.110985 0.037767 0.021015
v 0.114997 0.038538 0.005315
v 0.114997 0.038538 0.021015
v 0.118391 0.040852 0.005315
v 0.118391 0.040852 0.021015
v 0.120705 0.044247 0.005315
v 0.120705 0.044247 0.021015
v 0.121477 0.048258 0.005315
v 0.121477 0.048258 0.021015
v 0.120705 0.052270 0.005315
v 0.120705 0.052270 0.021015
v 0.118391 0.055664 0.005315
v 0.118391 0.055664 0.021015
v 0.114997 0.057979 0.005315
v 0.114997 0.057979 0.021015
v 0.110985 0.058750 0.005315
v 0.110985 0.058750 0.021015
v 0.029726 0.058750 0.005315
v 0.029726 0.058750 0.021015
v 0.025715 0.057979 0.005315
v 0.025715 0.057979 0.021015
v 0.022320 0.055664 0.005315
v 0.022320 0.055664 0.021015
v 0.020006 0.052270 0.005315
v 0.020006 0.052270 0.021015
v 0.019235 0.048258 0.005315
v 0.019235 0.048258 0.021015
v 0.019235 -0.078258 0.005315
v 0.019235 -0.078258 0.021015
v 0.020006 -0.082270 0.005315
v 0.020006 -0.082270 0.021015
v 0.022320 -0.085664 0.005315
v 0.022320 -0.085664 0.021015
v 0.025715 -0.087979 0.005315
v 0.025715 -0.087979 0.021015
v 0.029726 -0.088750 0.005315
v 0.029726 -0.088750 0.021015
v 0.110985 -0.088750 0.005315
v 0.110985 -0.088750 0.021015
v 0.114997 -0.087979 0.005315
v 0.114997 -0.087979 0.021015
v 0.118391 -0.085664 0.005315
v 0.118391 -0.085664 0.021015
v 0.120705 -0.082270 0.005315
v 0.120705 -0.082270 0.021015
v 0.121477 -0.078258 0.005315
v 0.121477 -0.078258 0.021015
v 0.120705 -0.074247 0.005315
v 0.120705 -0.074247 0.021015
v 0.118391 -0.070853 0.005315
v 0.118391 -0.070853 0.021015
v 0.114997 -0.068538 0.005315
v 0.114997 -0.068538 0.021015
v 0.110794 -0.069767 0.023015
v 0.114212 -0.070424 0.023015
v 0.110794 -0.086750 0.023015
v 0.114212 -0.086093 0.023015
v 0.029917 -0.086750 0.023015
v 0.106459 -0.069767 0.023015
v 0.038208 -0.069767 0.023015
v 0.038527 -0.003071 0.023015
v 0.021235 -0.078068 0.023015
v 0.038203 0.039767 0.023015
v 0.021235 0.048068 0.023015
v 0.110794 0.039767 0.023015
v 0.110794 0.056750 0.023015
v 0.029917 0.056750 0.023015
v 0.114212 0.040424 0.023015
v 0.114212 0.056093 0.023015
v 0.116952 0.042292 0.023015
v 0.116952 0.054225 0.023015
v 0.118819 0.045031 0.023015
v 0.118819 0.051485 0.023015
v 0.119440 0.048258 0.023015
v 0.026499 0.056093 0.023015
v 0.023760 0.054225 0.023015
v 0.021892 0.051485 0.023015
v 0.021892 -0.081485 0.023015
v 0.023760 -0.084225 0.023015
v 0.026499 -0.086093 0.023015
v 0.116952 -0.084225 0.023015
v 0.116952 -0.072292 0.023015
v 0.118819 -0.081485 0.023015
v 0.118819 -0.075031 0.023015
v 0.119440 -0.078258 0.023015
v 0.243570 -0.077436 0.005315
v 0.243570 -0.077436 0.021015
v 0.242850 0.048258 0.021015
v 0.242850 0.048258 0.005315
v 0.243570 -0.078156 0.005315
v 0.243570 -0.078156 0.021015
v 0.243982 -0.081756 0.005315
v 0.243982 -0.081756 0.021015
v 0.245936 -0.085253 0.005315
v 0.245936 -0.085253 0.021015
v 0.249125 -0.087721 0.005315
v 0.249125 -0.087721 0.021015
v 0.252995 -0.088853 0.005315
v 0.252995 -0.088853 0.021015
v 0.256994 -0.088339 0.005315
v 0.256994 -0.088339 0.021015
v 0.260529 -0.086410 0.005315
v 0.260529 -0.086410 0.021015
v 0.263011 -0.083298 0.005315
v 0.263011 -0.083298 0.021015
v 0.264039 -0.077333 0.005315
v 0.264039 -0.077333 0.021015
v 0.263834 0.048258 0.005315
v 0.263834 0.048258 0.021015
v 0.263062 0.052270 0.005315
v 0.263062 0.052270 0.021015
v 0.260748 0.055664 0.005315
v 0.260748 0.055664 0.021015
v 0.257354 0.057979 0.005315
v 0.257354 0.057979 0.021015
v 0.253342 0.058750 0.005315
v 0.253342 0.058750 0.021015
v 0.249331 0.057979 0.005315
v 0.249331 0.057979 0.021015
v 0.245936 0.055664 0.005315
v 0.245936 0.055664 0.021015
v 0.243622 0.052270 0.005315
v 0.243622 0.052270 0.021015
v 0.244852 0.048073 0.023015
v 0.245508 0.051485 0.023015
v 0.261834 0.048066 0.023015
v 0.261176 0.051485 0.023015
v 0.262039 -0.077163 0.023015
v 0.245570 -0.077430 0.023015
v 0.245570 -0.078042 0.023015
v 0.261127 -0.082453 0.023015
v 0.245923 -0.081130 0.023015
v 0.247483 -0.083921 0.023015
v 0.259217 -0.084847 0.023015
v 0.250050 -0.085908 0.023015
v 0.256366 -0.086403 0.023015
v 0.253155 -0.086816 0.023015
v 0.259309 0.054225 0.023015
v 0.247375 0.054225 0.023015
v 0.256569 0.056093 0.023015
v 0.250115 0.056093 0.023015
v 0.253342 0.056713 0.023015
v 0.227382 0.022216 -0.001279
v 0.227382 0.020000 -0.002559
v -0.227351 0.020000 -0.002559
v -0.227351 0.022216 -0.001279
v 0.227382 0.017784 -0.001279
v -0.227351 0.017784 -0.001279
v 0.227382 0.017784 0.001279
v -0.227351 0.017784 0.001279
v 0.227382 0.020000 0.002559
v -0.227351 0.020000 0.002559
v 0.227382 0.022216 0.001279
v -0.227351 0.022216 0.001279
v -0.113201 0.075085 0.002559
v -0.113201 0.075085 0.008959
v -0.114128 0.073865 0.008959
v -0.114128 0.073865 0.002559
v -0.098654 0.104325 0.002559
v -0.098654 0.104325 0.008959
v -0.098410 0.106204 0.002559
v -0.098410 0.106204 0.008959
v -0.098947 0.108035 0.002559
v -0.098947 0.108035 0.008959
v -0.102266 0.110427 0.002559
v -0.102266 0.110427 0.008959
v -0.104097 0.110756 0.002559
v -0.104097 0.110756 0.008959
v -0.105879 0.110280 0.002559
v -0.105879 0.110280 0.008959
v -0.107978 0.107449 0.002559
v -0.107978 0.107449 0.008959
v -0.117106 0.089095 0.002559
v -0.117106 0.089095 0.008959
v -0.139073 0.138983 0.002559
v -0.139073 0.138983 0.008959
v -0.140146 0.140594 0.002559
v -0.140146 0.140594 0.008959
v -0.141745 0.141656 0.002559
v -0.141745 0.141656 0.008959
v -0.143612 0.142010 0.002559
v -0.143612 0.142010 0.008959
v -0.145473 0.141650 0.002559
v -0.145473 0.141650 0.008959
v -0.147054 0.140570 0.002559
v -0.147054 0.140570 0.008959
v -0.148134 0.138990 0.002559
v -0.148134 0.138990 0.008959
v -0.148494 0.137128 0.002559
v -0.148494 0.137128 0.008959
v -0.148103 0.135127 0.002559
v -0.148103 0.135127 0.008959
v -0.122183 0.075622 0.002559
v -0.122183 0.075622 0.008959
v -0.121011 0.073865 0.002559
v -0.121011 0.073865 0.008959
v -0.119449 0.072766 0.002559
v -0.119449 0.072766 0.008959
v -0.117594 0.072400 0.002559
v -0.117594 0.072400 0.008959
v -0.115727 0.072766 0.002559
v -0.115727 0.072766 0.008959
v -0.115526 0.075331 0.010959
v -0.116518 0.074649 0.010959
v -0.117216 0.084382 0.010959
v -0.114907 0.076145 0.010959
v -0.100594 0.104915 0.010959
v -0.106266 0.106400 0.010959
v -0.100448 0.106045 0.010959
v -0.104688 0.108528 0.010959
v -0.100673 0.106814 0.010959
v -0.103067 0.108539 0.010959
v -0.104012 0.108709 0.010959
v -0.140833 0.138019 0.010959
v -0.146182 0.135725 0.010959
v -0.120420 0.076584 0.010959
v -0.146456 0.137130 0.010959
v -0.141588 0.139151 0.010959
v -0.142515 0.139766 0.010959
v -0.146249 0.138203 0.010959
v -0.143608 0.139974 0.010959
v -0.145615 0.139131 0.010959
v -0.144687 0.139765 0.010959
v -0.119555 0.075286 0.010959
v -0.118646 0.074647 0.010959
v -0.117593 0.074439 0.010959
v 0.186393 0.135503 -0.001279
v 0.186393 0.133287 -0.002559
v -0.186362 0.133287 -0.002559
v -0.186362 0.135503 -0.001279
v 0.186393 0.131071 -0.001279
v -0.186362 0.131071 -0.001279
v 0.186393 0.131071 0.001279
v -0.186362 0.131071 0.001279
v 0.186393 0.133287 0.002559
v -0.186362 0.133287 0.002559
v 0.186393 0.135503 0.001279
v -0.186362 0.135503 0.001279
v 0.054331 0.101738 0.002559
v 0.054331 0.101738 0.008959
v 0.051353 0.102275 0.008959
v 0.051353 0.102275 0.002559
v 0.062336 0.101689 0.002559
v 0.062336 0.101689 0.008959
v 0.066232 0.102138 0.002559
v 0.066232 0.102138 0.008959
v 0.069670 0.103044 0.002559
v 0.069670 0.103044 0.008959
v 0.072651 0.104407 0.002559
v 0.072651 0.104407 0.008959
v 0.075174 0.106229 0.002559
v 0.075174 0.106229 0.008959
v 0.076785 0.107693 0.002559
v 0.076785 0.107693 0.008959
v 0.079391 0.110827 0.002559
v 0.079391 0.110827 0.008959
v 0.081252 0.114271 0.002559
v 0.081252 0.114271 0.008959
v 0.082368 0.118027 0.002559
v 0.082368 0.118027 0.008959
v 0.082741 0.122094 0.002559
v 0.082741 0.122094 0.008959
v 0.082367 0.126160 0.002559
v 0.082367 0.126160 0.008959
v 0.081246 0.129916 0.002559
v 0.081246 0.129916 0.008959
v 0.079377 0.133361 0.002559
v 0.079377 0.133361 0.008959
v 0.076761 0.136494 0.002559
v 0.076761 0.136494 0.008959
v 0.073617 0.139099 0.002559
v 0.073617 0.139099 0.008959
v 0.070165 0.140960 0.002559
v 0.070165 0.140960 0.008959
v 0.066404 0.142077 0.002559
v 0.066404 0.142077 0.008959
v 0.062336 0.142449 0.002559
v 0.062336 0.142449 0.008959
v 0.042322 0.142400 0.002559
v 0.042322 0.142400 0.008959
v 0.040418 0.142034 0.002559
v 0.040418 0.142034 0.008959
v 0.038808 0.140936 0.002559
v 0.038808 0.140936 0.008959
v 0.037709 0.139325 0.002559
v 0.037709 0.139325 0.008959
v 0.037343 0.137421 0.002559
v 0.037343 0.137421 0.008959
v 0.037343 0.077380 0.002559
v 0.037343 0.077380 0.008959
v 0.037709 0.075476 0.002559
v 0.037709 0.075476 0.008959
v 0.038808 0.073865 0.002559
v 0.038808 0.073865 0.008959
v 0.040418 0.072766 0.002559
v 0.040418 0.072766 0.008959
v 0.042322 0.072400 0.002559
v 0.042322 0.072400 0.008959
v 0.044226 0.072766 0.002559
v 0.044226 0.072766 0.008959
v 0.045837 0.073865 0.002559
v 0.045837 0.073865 0.008959
v 0.046935 0.075476 0.002559
v 0.046935 0.075476 0.008959
v 0.047301 0.077380 0.002559
v 0.047301 0.077380 0.008959
v 0.047448 0.100029 0.002559
v 0.047448 0.100029 0.008959
v 0.047301 0.132638 0.002559
v 0.047301 0.132638 0.008959
v 0.062336 0.132638 0.002559
v 0.062336 0.132638 0.008959
v 0.066406 0.131863 0.002559
v 0.066406 0.131863 0.008959
v 0.069829 0.129538 0.002559
v 0.069829 0.129538 0.008959
v 0.072154 0.126127 0.002559
v 0.072154 0.126127 0.008959
v 0.072929 0.122094 0.002559
v 0.072929 0.122094 0.008959
v 0.072154 0.118024 0.002559
v 0.072154 0.118024 0.008959
v 0.069829 0.114601 0.002559
v 0.069829 0.114601 0.008959
v 0.066406 0.112276 0.002559
v 0.066406 0.112276 0.008959
v 0.062336 0.111501 0.002559
v 0.062336 0.111501 0.008959
v 0.054135 0.111647 0.002559
v 0.054135 0.111647 0.008959
v 0.053794 0.111647 0.002559
v 0.053794 0.111647 0.008959
v 0.052085 0.111403 0.002559
v 0.052085 0.111403 0.008959
v 0.050438 0.110476 0.002559
v 0.050438 0.110476 0.008959
v 0.049303 0.108963 0.002559
v 0.049303 0.108963 0.008959
v 0.048699 0.107016 0.002559
v 0.048699 0.107016 0.008959
v 0.048937 0.105082 0.002559
v 0.048937 0.105082 0.008959
v 0.049870 0.103416 0.002559
v 0.049870 0.103416 0.008959
v 0.052187 0.104157 0.010959
v 0.051415 0.104751 0.010959
v 0.052739 0.109476 0.010959
v 0.051785 0.108939 0.010959
v 0.053936 0.109647 0.010959
v 0.054117 0.109647 0.010959
v 0.054515 0.103737 0.010959
v 0.062507 0.109497 0.010959
v 0.062227 0.103690 0.010959
v 0.065861 0.104108 0.010959
v 0.067187 0.110389 0.010959
v 0.068995 0.104934 0.010959
v 0.071269 0.113161 0.010959
v 0.071640 0.106144 0.010959
v 0.073912 0.107785 0.010959
v 0.075337 0.109079 0.010959
v 0.074041 0.117243 0.010959
v 0.077726 0.111952 0.010959
v 0.074965 0.122095 0.010959
v 0.079394 0.115040 0.010959
v 0.080395 0.118407 0.010959
v 0.080732 0.122093 0.010959
v 0.074040 0.126911 0.010959
v 0.080394 0.125779 0.010959
v 0.071268 0.130979 0.010959
v 0.079389 0.129145 0.010959
v 0.077714 0.132232 0.010959
v 0.075343 0.135071 0.010959
v 0.067187 0.133750 0.010959
v 0.072493 0.137433 0.010959
v 0.062525 0.134638 0.010959
v 0.069397 0.139102 0.010959
v 0.066025 0.140103 0.010959
v 0.062247 0.140449 0.010959
v 0.045292 0.134638 0.010959
v 0.042515 0.140401 0.010959
v 0.045448 0.100031 0.010959
v 0.039343 0.137231 0.010959
v 0.039343 0.077570 0.010959
v 0.039595 0.138541 0.010959
v 0.040247 0.139497 0.010959
v 0.041203 0.140149 0.010959
v 0.039595 0.076260 0.010959
v 0.045049 0.076260 0.010959
v 0.045302 0.077577 0.010959
v 0.040247 0.075304 0.010959
v 0.044397 0.075304 0.010959
v 0.041203 0.074652 0.010959
v 0.043442 0.074652 0.010959
v 0.042322 0.074437 0.010959
v 0.051110 0.108039 0.010959
v 0.050873 0.105716 0.010959
v 0.050736 0.106834 0.010959
v -0.118391 -0.003068 0.005315
v -0.118391 -0.003068 0.021015
v -0.119419 -0.009034 0.021015
v -0.119419 -0.009034 0.005315
v -0.121146 0.009603 0.005315
v -0.121146 0.009603 0.021015
v -0.125810 0.021181 0.005315
v -0.125810 0.021181 0.021015
v -0.132383 0.031666 0.005315
v -0.132383 0.031666 0.021015
v -0.140866 0.041058 0.005315
v -0.140866 0.041058 0.021015
v -0.151033 0.048798 0.005315
v -0.151033 0.048798 0.021015
v -0.162659 0.054327 0.005315
v -0.162659 0.054327 0.021015
v -0.175744 0.057644 0.005315
v -0.175744 0.057644 0.021015
v -0.190289 0.058750 0.005315
v -0.190289 0.058750 0.021015
v -0.205005 0.057400 0.005315
v -0.205005 0.057400 0.021015
v -0.218601 0.053350 0.005315
v -0.218601 0.053350 0.021015
v -0.231079 0.046600 0.005315
v -0.231079 0.046600 0.021015
v -0.242439 0.037150 0.005315
v -0.242439 0.037150 0.021015
v -0.251889 0.025790 0.005315
v -0.251889 0.025790 0.021015
v -0.258639 0.013312 0.005315
v -0.258639 0.013312 0.021015
v -0.262689 -0.000285 0.005315
v -0.262689 -0.000285 0.021015
v -0.264039 -0.015000 0.005315
v -0.264039 -0.015000 0.021015
v -0.262689 -0.029715 0.005315
v -0.262689 -0.029715 0.021015
v -0.258639 -0.043312 0.005315
v -0.258639 -0.043312 0.021015
v -0.251889 -0.055790 0.005315
v -0.251889 -0.055790 0.021015
v -0.242439 -0.067150 0.005315
v -0.242439 -0.067150 0.021015
v -0.231079 -0.076600 0.005315
v -0.231079 -0.076600 0.021015
v -0.218601 -0.083350 0.005315
v -0.218601 -0.083350 0.021015
v -0.205005 -0.087400 0.005315
v -0.205005 -0.087400 0.021015
v -0.190289 -0.088750 0.005315
v -0.190289 -0.088750 0.021015
v -0.175654 -0.087480 0.005315
v -0.175654 -0.087480 0.021015
v -0.162299 -0.083671 0.005315
v -0.162299 -0.083671 0.021015
v -0.150223 -0.077323 0.005315
v -0.150223 -0.077323 0.021015
v -0.139426 -0.068435 0.005315
v -0.139426 -0.068435 0.021015
v -0.130480 -0.058397 0.005315
v -0.130480 -0.058397 0.021015
v -0.123958 -0.048596 0.005315
v -0.123958 -0.048596 0.021015
v -0.119860 -0.039034 0.005315
v -0.119860 -0.039034 0.021015
v -0.118185 -0.029709 0.005315
v -0.118185 -0.029709 0.021015
v -0.119214 -0.023743 0.005315
v -0.119214 -0.023743 0.021015
v -0.121695 -0.020631 0.005315
v -0.121695 -0.020632 0.021015
v -0.125231 -0.018703 0.005315
v -0.125231 -0.018703 0.021015
v -0.129230 -0.018189 0.005315
v -0.129230 -0.018189 0.021015
v -0.133100 -0.019320 0.005315
v -0.133100 -0.019320 0.021015
v -0.136288 -0.021789 0.005315
v -0.136288 -0.021789 0.021015
v -0.138243 -0.025286 0.005315
v -0.138243 -0.025286 0.021015
v -0.138654 -0.028886 0.005315
v -0.138654 -0.028886 0.021015
v -0.141091 -0.036703 0.005315
v -0.141091 -0.036703 0.021015
v -0.144697 -0.043903 0.005315
v -0.144697 -0.043903 0.021015
v -0.149474 -0.050486 0.005315
v -0.149474 -0.050486 0.021015
v -0.155420 -0.056452 0.005315
v -0.155420 -0.056452 0.021015
v -0.162498 -0.061402 0.005315
v -0.162498 -0.061402 0.021015
v -0.170669 -0.064938 0.005315
v -0.170669 -0.064938 0.021015
v -0.179933 -0.067060 0.005315
v -0.179933 -0.067060 0.021015
v -0.190289 -0.067767 0.005315
v -0.190289 -0.067767 0.021015
v -0.200839 -0.066799 0.005315
v -0.200839 -0.066799 0.021015
v -0.210578 -0.063897 0.005315
v -0.210578 -0.063897 0.021015
v -0.219508 -0.059059 0.005315
v -0.219508 -0.059059 0.021015
v -0.227627 -0.052286 0.005315
v -0.227627 -0.052286 0.021015
v -0.234377 -0.044151 0.005315
v -0.234377 -0.044151 0.021015
v -0.239199 -0.035225 0.005315
v -0.239199 -0.035225 0.021015
v -0.242092 -0.025508 0.005315
v -0.242092 -0.025508 0.021015
v -0.243056 -0.015000 0.005315
v -0.243056 -0.015000 0.021015
v -0.242092 -0.004492 0.005315
v -0.242092 -0.004492 0.021015
v -0.239199 0.005225 0.005315
v -0.239199 0.005225 0.021015
v -0.234377 0.014151 0.005315
v -0.234377 0.014151 0.021015
v -0.227627 0.022286 0.005315
v -0.227627 0.022286 0.021015
v -0.219508 0.029059 0.005315
v -0.219508 0.029059 0.021015
v -0.210578 0.033897 0.005315
v -0.210578 0.033897 0.021015
v -0.200839 0.036799 0.005315
v -0.200839 0.036799 0.021015
v -0.190289 0.037767 0.005315
v -0.190289 0.037767 0.021015
v -0.179958 0.037047 0.005315
v -0.179958 0.037047 0.021015
v -0.170772 0.034887 0.005315
v -0.170772 0.034887 0.021015
v -0.162730 0.031287 0.005315
v -0.162730 0.031287 0.021015
v -0.155832 0.026246 0.005315
v -0.155832 0.026246 0.021015
v -0.150026 0.020088 0.005315
v -0.150026 0.020088 0.021015
v -0.145263 0.013132 0.005315
v -0.145263 0.013132 0.021015
v -0.141541 0.005379 0.005315
v -0.141541 0.005379 0.021015
v -0.138860 -0.003171 0.005315
v -0.138860 -0.003171 0.021015
v -0.138860 -0.003891 0.005315
v -0.138860 -0.003891 0.021015
v -0.138448 -0.007491 0.005315
v -0.138448 -0.007491 0.021015
v -0.136494 -0.010989 0.005315
v -0.136494 -0.010989 0.021015
v -0.133305 -0.013457 0.005315
v -0.133305 -0.013457 0.021015
v -0.129435 -0.014589 0.005315
v -0.129435 -0.014589 0.021015
v -0.125437 -0.014074 0.005315
v -0.125437 -0.014074 0.021015
v -0.121901 -0.012146 0.005315
v -0.121901 -0.012146 0.021015
v -0.121303 -0.008188 0.023015
v -0.123213 -0.010583 0.023015
v -0.134947 -0.009657 0.023015
v -0.132381 -0.011644 0.023015
v -0.120428 -0.003112 0.023015
v -0.136507 -0.006866 0.023015
v -0.123064 0.009012 0.023015
v -0.139675 0.006115 0.023015
v -0.136860 -0.002865 0.023015
v -0.143526 0.014136 0.023015
v -0.127598 0.020269 0.023015
v -0.133984 0.030455 0.023015
v -0.148464 0.021346 0.023015
v -0.154503 0.027753 0.023015
v -0.142225 0.039580 0.023015
v -0.152079 0.047081 0.023015
v -0.161720 0.033026 0.023015
v -0.170129 0.036790 0.023015
v -0.163341 0.052437 0.023015
v -0.176068 0.055663 0.023015
v -0.179658 0.039031 0.023015
v -0.190311 0.039773 0.023015
v -0.190274 0.056743 0.023015
v -0.204624 0.055426 0.023015
v -0.201220 0.038773 0.023015
v -0.211349 0.035754 0.023015
v -0.217832 0.051492 0.023015
v -0.229953 0.044935 0.023015
v -0.220636 0.030723 0.023015
v -0.229049 0.023705 0.023015
v -0.241019 0.035729 0.023015
v -0.250225 0.024664 0.023015
v -0.236043 0.015276 0.023015
v -0.241057 0.005993 0.023015
v -0.256782 0.012542 0.023015
v -0.260716 -0.000665 0.023015
v -0.244065 -0.004112 0.023015
v -0.245065 -0.015000 0.023015
v -0.262031 -0.015000 0.023015
v -0.260716 -0.029335 0.023015
v -0.244065 -0.025888 0.023015
v -0.241057 -0.035993 0.023015
v -0.256782 -0.042543 0.023015
v -0.250225 -0.054664 0.023015
v -0.236043 -0.045276 0.023015
v -0.229049 -0.053705 0.023015
v -0.241019 -0.065729 0.023015
v -0.229953 -0.074935 0.023015
v -0.220636 -0.060723 0.023015
v -0.211349 -0.065754 0.023015
v -0.217832 -0.081492 0.023015
v -0.204624 -0.085427 0.023015
v -0.201220 -0.068773 0.023015
v -0.190313 -0.069773 0.023015
v -0.190284 -0.086742 0.023015
v -0.176018 -0.085504 0.023015
v -0.179640 -0.069044 0.023015
v -0.170043 -0.066847 0.023015
v -0.163046 -0.081805 0.023015
v -0.151335 -0.075648 0.023015
v -0.161518 -0.063157 0.023015
v -0.154129 -0.057990 0.023015
v -0.140816 -0.066989 0.023015
v -0.132067 -0.057172 0.023015
v -0.142982 -0.044946 0.023015
v -0.147947 -0.051788 0.023015
v -0.139230 -0.037454 0.023015
v -0.125724 -0.047641 0.023015
v -0.121788 -0.038456 0.023015
v -0.136688 -0.029301 0.023015
v -0.136301 -0.025912 0.023015
v -0.120216 -0.029702 0.023015
v -0.121097 -0.024589 0.023015
v -0.132175 -0.021133 0.023015
v -0.134741 -0.023120 0.023015
v -0.129070 -0.020226 0.023015
v -0.123007 -0.022194 0.023015
v -0.125859 -0.020639 0.023015
v -0.136860 -0.003777 0.023015
v -0.129276 -0.012552 0.023015
v -0.126065 -0.012139 0.023015
v 0.062847 -0.022920 0.005315
v 0.062847 -0.022920 0.021015
v 0.056984 -0.021583 0.021015
v 0.056984 -0.021583 0.005315
v 0.095453 -0.023434 0.005315
v 0.095453 -0.023434 0.021015
v 0.099465 -0.022663 0.005315
v 0.099465 -0.022663 0.021015
v 0.102859 -0.020349 0.005315
v 0.102859 -0.020349 0.021015
v 0.105173 -0.016954 0.005315
v 0.105173 -0.016954 0.021015
v 0.105945 -0.012943 0.005315
v 0.105945 -0.012943 0.021015
v 0.105173 -0.008931 0.005315
v 0.105173 -0.008931 0.021015
v 0.102859 -0.005537 0.005315
v 0.102859 -0.005537 0.021015
v 0.099465 -0.003223 0.005315
v 0.099465 -0.003223 0.021015
v 0.095453 -0.002451 0.005315
v 0.095453 -0.002451 0.021015
v 0.063978 -0.002451 0.005315
v 0.063978 -0.002451 0.021015
v 0.063258 -0.002451 0.005315
v 0.063258 -0.002451 0.021015
v 0.059658 -0.002760 0.005315
v 0.059658 -0.002760 0.021015
v 0.056084 -0.004457 0.005315
v 0.056084 -0.004457 0.021015
v 0.053384 -0.007491 0.005315
v 0.053384 -0.007491 0.021015
v 0.052098 -0.011233 0.005315
v 0.052098 -0.011233 0.021015
v 0.052355 -0.015257 0.005315
v 0.052355 -0.015257 0.021015
v 0.054027 -0.018922 0.005315
v 0.054027 -0.018922 0.021015
v 0.057935 -0.019749 0.023015
v 0.055674 -0.017713 0.023015
v 0.057308 -0.006090 0.023015
v 0.055145 -0.008521 0.023015
v 0.060189 -0.004722 0.023015
v 0.063088 -0.020924 0.023015
v 0.063344 -0.004451 0.023015
v 0.063978 -0.004451 0.023015
v 0.095278 -0.021431 0.023015
v 0.098680 -0.020777 0.023015
v 0.098680 -0.005108 0.023015
v 0.095263 -0.004451 0.023015
v 0.101420 -0.018909 0.023015
v 0.101420 -0.006976 0.023015
v 0.103288 -0.016170 0.023015
v 0.103288 -0.009716 0.023015
v 0.103908 -0.012943 0.023015
v 0.054120 -0.011505 0.023015
v 0.054328 -0.014762 0.023015
v -0.059967 -0.027137 0.005315
v -0.059967 -0.027137 0.021015
v -0.065933 -0.026109 0.021015
v -0.065933 -0.026109 0.005315
v -0.042686 -0.027035 0.005315
v -0.042686 -0.027035 0.021015
v -0.034114 -0.026247 0.005315
v -0.034114 -0.026247 0.021015
v -0.026191 -0.023884 0.005315
v -0.026191 -0.023885 0.021015
v -0.018916 -0.019947 0.005315
v -0.018916 -0.019947 0.021015
v -0.012292 -0.014434 0.005315
v -0.012292 -0.014434 0.021015
v -0.006779 -0.007810 0.005315
v -0.006779 -0.007810 0.021015
v -0.002841 -0.000535 0.005315
v -0.002841 -0.000535 0.021015
v -0.000479 0.007388 0.005315
v -0.000479 0.007388 0.021015
v 0.000309 0.015961 0.005315
v 0.000309 0.015961 0.021015
v -0.000479 0.024530 0.005315
v -0.000479 0.024530 0.021015
v -0.002841 0.032444 0.005315
v -0.002841 0.032444 0.021015
v -0.006779 0.039702 0.005315
v -0.006779 0.039702 0.021015
v -0.012292 0.046304 0.005315
v -0.012292 0.046304 0.021015
v -0.018916 0.051794 0.005315
v -0.018916 0.051794 0.021015
v -0.026191 0.055716 0.005315
v -0.026191 0.055716 0.021015
v -0.034114 0.058069 0.005315
v -0.034114 0.058069 0.021015
v -0.042686 0.058853 0.005315
v -0.042686 0.058853 0.021015
v -0.084859 0.058750 0.005315
v -0.084859 0.058750 0.021015
v -0.088870 0.057979 0.005315
v -0.088870 0.057979 0.021015
v -0.092265 0.055664 0.005315
v -0.092265 0.055664 0.021015
v -0.094579 0.052270 0.005315
v -0.094579 0.052270 0.021015
v -0.095350 0.048258 0.005315
v -0.095350 0.048258 0.021015
v -0.095350 -0.078258 0.005315
v -0.095350 -0.078258 0.021015
v -0.094579 -0.082270 0.005315
v -0.094579 -0.082270 0.021015
v -0.092265 -0.085664 0.005315
v -0.092265 -0.085664 0.021015
v -0.088870 -0.087979 0.005315
v -0.088870 -0.087979 0.021015
v -0.084859 -0.088750 0.005315
v -0.084859 -0.088750 0.021015
v -0.080847 -0.087979 0.005315
v -0.080847 -0.087979 0.021015
v -0.077453 -0.085664 0.005315
v -0.077453 -0.085664 0.021015
v -0.075139 -0.082270 0.005315
v -0.075139 -0.082270 0.021015
v -0.074367 -0.078258 0.005315
v -0.074367 -0.078258 0.021015
v -0.074367 -0.006360 0.005315
v -0.074367 -0.006360 0.021015
v -0.074367 0.038178 0.005315
v -0.074367 0.038178 0.021015
v -0.042686 0.038178 0.005315
v -0.042686 0.038178 0.021015
v -0.034111 0.036545 0.005315
v -0.034111 0.036545 0.021015
v -0.026898 0.031647 0.005315
v -0.026898 0.031647 0.021015
v -0.021999 0.024459 0.005315
v -0.021999 0.024459 0.021015
v -0.020366 0.015961 0.005315
v -0.020366 0.015961 0.021015
v -0.021999 0.007385 0.005315
v -0.021999 0.007385 0.021015
v -0.026898 0.000172 0.005315
v -0.026898 0.000172 0.021015
v -0.034111 -0.004727 0.005315
v -0.034111 -0.004727 0.021015
v -0.042686 -0.006360 0.005315
v -0.042686 -0.006360 0.021015
v -0.060070 -0.006668 0.005315
v -0.060070 -0.006668 0.021015
v -0.060790 -0.006668 0.005315
v -0.060790 -0.006668 0.021015
v -0.064390 -0.007080 0.005315
v -0.064390 -0.007080 0.021015
v -0.067887 -0.009034 0.005315
v -0.067887 -0.009034 0.021015
v -0.070356 -0.012223 0.005315
v -0.070356 -0.012223 0.021015
v -0.071487 -0.016093 0.005315
v -0.071487 -0.016093 0.021015
v -0.070973 -0.020092 0.005315
v -0.070973 -0.020092 0.021015
v -0.069044 -0.023627 0.005315
v -0.069044 -0.023627 0.021015
v -0.065087 -0.024225 0.023015
v -0.067482 -0.022315 0.023015
v -0.063764 -0.009021 0.023015
v -0.066555 -0.010581 0.023015
v -0.060676 -0.008668 0.023015
v -0.060052 -0.008668 0.023015
v -0.059802 -0.025136 0.023015
v -0.042480 -0.008356 0.023015
v -0.042784 -0.025035 0.023015
v -0.034495 -0.024274 0.023015
v -0.033330 -0.006614 0.023015
v -0.026960 -0.022027 0.023015
v -0.020043 -0.018283 0.023015
v -0.025458 -0.001268 0.023015
v -0.013712 -0.013014 0.023015
v -0.008443 -0.006683 0.023015
v -0.020112 0.006604 0.023015
v -0.004699 0.000235 0.023015
v -0.018330 0.015962 0.023015
v -0.002452 0.007769 0.023015
v -0.020113 0.025243 0.023015
v -0.001700 0.015961 0.023015
v -0.002452 0.024149 0.023015
v -0.004698 0.031673 0.023015
v -0.008442 0.038573 0.023015
v -0.025459 0.033087 0.023015
v -0.013709 0.044881 0.023015
v -0.033330 0.038432 0.023015
v -0.020040 0.050128 0.023015
v -0.042498 0.040178 0.023015
v -0.026958 0.053857 0.023015
v -0.034493 0.056095 0.023015
v -0.042775 0.056853 0.023015
v -0.076367 0.040178 0.023015
v -0.084666 0.056750 0.023015
v -0.076367 -0.006360 0.023015
v -0.093350 0.048068 0.023015
v -0.093350 -0.078068 0.023015
v -0.092693 0.051485 0.023015
v -0.090825 0.054225 0.023015
v -0.088086 0.056093 0.023015
v -0.092693 -0.081485 0.023015
v -0.077024 -0.081485 0.023015
v -0.076367 -0.078068 0.023015
v -0.090825 -0.084225 0.023015
v -0.078892 -0.084225 0.023015
v -0.088086 -0.086093 0.023015
v -0.081632 -0.086093 0.023015
v -0.084859 -0.086713 0.023015
v -0.068542 -0.013148 0.023015
v -0.069037 -0.019464 0.023015
v -0.069450 -0.016253 0.023015
v -0.097336 0.103691 0.002559
v -0.097336 0.103691 0.008959
v -0.097580 0.105301 0.008959
v -0.097580 0.105301 0.002559
v -0.083082 0.075525 0.002559
v -0.083082 0.075525 0.008959
v -0.081960 0.073865 0.002559
v -0.081960 0.073865 0.008959
v -0.080398 0.072766 0.002559
v -0.080398 0.072766 0.008959
v -0.078543 0.072400 0.002559
v -0.078543 0.072400 0.008959
v -0.076675 0.072766 0.002559
v -0.076675 0.072766 0.008959
v -0.075077 0.073865 0.002559
v -0.075077 0.073865 0.008959
v -0.073954 0.075622 0.002559
v -0.073954 0.075622 0.008959
v -0.047643 0.135566 0.002559
v -0.047643 0.135566 0.008959
v -0.047252 0.137568 0.002559
v -0.047252 0.137568 0.008959
v -0.047612 0.139429 0.002559
v -0.047612 0.139429 0.008959
v -0.048692 0.141009 0.002559
v -0.048692 0.141009 0.008959
v -0.050273 0.142089 0.002559
v -0.050273 0.142089 0.008959
v -0.052134 0.142449 0.002559
v -0.052134 0.142449 0.008959
v -0.053989 0.142095 0.002559
v -0.053989 0.142095 0.008959
v -0.055551 0.141034 0.002559
v -0.055551 0.141034 0.008959
v -0.056674 0.139423 0.002559
v -0.056674 0.139423 0.008959
v -0.079031 0.089193 0.002559
v -0.079031 0.089193 0.008959
v -0.088354 0.108523 0.002559
v -0.088354 0.108523 0.008959
v -0.088550 0.108767 0.002559
v -0.088550 0.108767 0.008959
v -0.089770 0.110036 0.002559
v -0.089770 0.110036 0.008959
v -0.091466 0.110830 0.002559
v -0.091466 0.110830 0.008959
v -0.093333 0.110866 0.002559
v -0.093333 0.110866 0.008959
v -0.095280 0.110195 0.002559
v -0.095280 0.110195 0.008959
v -0.096726 0.108865 0.002559
v -0.096726 0.108865 0.008959
v -0.097538 0.107144 0.002559
v -0.097538 0.107144 0.008959
v -0.095577 0.105429 0.010959
v -0.095548 0.106674 0.010959
v -0.090954 0.108382 0.010959
v -0.091929 0.108838 0.010959
v -0.090057 0.107450 0.010959
v -0.090031 0.107467 0.010928
v -0.095407 0.104307 0.010959
v -0.078958 0.084438 0.010959
v -0.081355 0.076540 0.010959
v -0.080509 0.075290 0.010959
v -0.079594 0.074647 0.010959
v -0.078541 0.074439 0.010959
v -0.077467 0.074649 0.010959
v -0.076544 0.075284 0.010959
v -0.075723 0.076568 0.010959
v -0.049564 0.136167 0.010959
v -0.054924 0.138435 0.010959
v -0.049290 0.137569 0.010959
v -0.054121 0.139587 0.010959
v -0.049497 0.138642 0.010959
v -0.053207 0.140208 0.010959
v -0.050131 0.139570 0.010959
v -0.052136 0.140413 0.010959
v -0.051059 0.140204 0.010959
v -0.093017 0.108860 0.010959
v -0.095084 0.107658 0.010959
v -0.094233 0.108440 0.010959
v -0.018842 0.103642 0.002559
v -0.018842 0.103642 0.008959
v -0.021625 0.104276 0.008959
v -0.021625 0.104276 0.002559
v -0.003368 0.103398 0.002559
v -0.003368 0.103398 0.008959
v -0.001464 0.103764 0.002559
v -0.001464 0.103764 0.008959
v 0.000146 0.104862 0.002559
v 0.000146 0.104862 0.008959
v 0.001245 0.106473 0.002559
v 0.001245 0.106473 0.008959
v 0.001611 0.108377 0.002559
v 0.001611 0.108377 0.008959
v 0.001245 0.110280 0.002559
v 0.001245 0.110280 0.008959
v 0.000146 0.111891 0.002559
v 0.000146 0.111891 0.008959
v -0.001464 0.112990 0.002559
v -0.001464 0.112990 0.008959
v -0.003368 0.113356 0.002559
v -0.003368 0.113356 0.008959
v -0.018305 0.113356 0.002559
v -0.018305 0.113356 0.008959
v -0.018647 0.113356 0.002559
v -0.018647 0.113356 0.008959
v -0.020356 0.113209 0.002559
v -0.020356 0.113209 0.008959
v -0.022052 0.112404 0.002559
v -0.022052 0.112404 0.008959
v -0.023333 0.110964 0.002559
v -0.023333 0.110964 0.008959
v -0.023944 0.109188 0.002559
v -0.023944 0.109188 0.008959
v -0.023821 0.107278 0.002559
v -0.023821 0.107278 0.008959
v -0.023028 0.105539 0.002559
v -0.023028 0.105539 0.008959
v -0.020673 0.106111 0.010959
v -0.021381 0.106748 0.010959
v -0.020828 0.110771 0.010959
v -0.021572 0.109934 0.010959
v -0.018602 0.105638 0.010959
v -0.019824 0.111248 0.010959
v -0.003543 0.105401 0.010959
v -0.018305 0.111356 0.010959
v -0.018562 0.111356 0.010959
v -0.003559 0.111356 0.010959
v -0.002249 0.111104 0.010959
v -0.002249 0.105650 0.010959
v -0.001293 0.106301 0.010959
v -0.001293 0.110452 0.010959
v -0.000641 0.107257 0.010959
v -0.000641 0.109496 0.010959
v -0.000426 0.108377 0.010959
v -0.021922 0.108917 0.010959
v -0.021849 0.107773 0.010959
v 0.246109 -0.000000 0.003891
v 0.247249 -0.000000 0.004766
v 0.238824 0.063993 0.004766
v 0.237723 0.063698 0.003891
v 0.237723 -0.063698 0.003891
v 0.238824 -0.063993 0.004766
v 0.213137 -0.123054 0.003891
v 0.214124 -0.123624 0.004766
v 0.174025 -0.174025 0.003891
v 0.174831 -0.174831 0.004766
v 0.123054 -0.213137 0.003891
v 0.123624 -0.214124 0.004766
v 0.063698 -0.237723 0.003891
v 0.063993 -0.238824 0.004766
v 0.000000 -0.246109 0.003891
v 0.000000 -0.247249 0.004765
v -0.063698 -0.237723 0.003891
v -0.063993 -0.238824 0.004766
v -0.123054 -0.213137 0.003891
v -0.123624 -0.214124 0.004766
v -0.174025 -0.174025 0.003891
v -0.174831 -0.174831 0.004766
v -0.213137 -0.123054 0.003891
v -0.214124 -0.123624 0.004766
v -0.237723 -0.063698 0.003891
v -0.238824 -0.063993 0.004766
v -0.246109 -0.000000 0.003891
v -0.247249 -0.000000 0.004766
v -0.237723 0.063698 0.003891
v -0.238824 0.063993 0.004766
v -0.213137 0.123054 0.003891
v -0.214124 0.123624 0.004766
v -0.174025 0.174025 0.003891
v -0.174831 0.174831 0.004766
v -0.123054 0.213137 0.003891
v -0.123624 0.214124 0.004766
v -0.063698 0.237723 0.003891
v -0.063993 0.238824 0.004766
v 0.000000 0.246109 0.003891
v 0.000000 0.247249 0.004766
v 0.063698 0.237723 0.003891
v 0.063993 0.238824 0.004766
v 0.123054 0.213137 0.003891
v 0.123624 0.214124 0.004766
v 0.174025 0.174025 0.003891
v 0.174831 0.174831 0.004766
v 0.213137 0.123054 0.003891
v 0.214124 0.123624 0.004766
v 0.240106 0.064336 0.005315
v 0.215273 0.124288 0.005315
v 0.248576 -0.000000 0.005315
v 0.240106 -0.064336 0.005315
v 0.215273 -0.124288 0.005315
v 0.175770 -0.175770 0.005315
v 0.124288 -0.215273 0.005315
v 0.064336 -0.240106 0.005315
v 0.000000 -0.248576 0.005315
v -0.064336 -0.240106 0.005315
v -0.124288 -0.215273 0.005315
v -0.175770 -0.175770 0.005315
v -0.215273 -0.124288 0.005315
v -0.240106 -0.064336 0.005315
v -0.248576 -0.000000 0.005315
v -0.240106 0.064336 0.005315
v -0.215273 0.124288 0.005315
v -0.175770 0.175770 0.005315
v -0.124288 0.215273 0.005315
v -0.064336 0.240106 0.005315
v 0.000000 0.248576 0.005315
v 0.064336 0.240106 0.005315
v 0.124288 0.215273 0.005315
v 0.175770 0.175770 0.005315
v 0.216506 0.125000 0.005503
v 0.176777 0.176777 0.005503
v 0.241481 0.064705 0.005503
v 0.250000 -0.000000 0.005503
v 0.241481 -0.064705 0.005503
v 0.216506 -0.125000 0.005503
v 0.176777 -0.176777 0.005503
v 0.125000 -0.216506 0.005503
v 0.064705 -0.241481 0.005503
v 0.000000 -0.250000 0.005503
v -0.064705 -0.241481 0.005503
v -0.125000 -0.216506 0.005503
v -0.176777 -0.176777 0.005503
v -0.216506 -0.125000 0.005503
v -0.241481 -0.064705 0.005503
v -0.250000 -0.000000 0.005503
v -0.241481 0.064705 0.005503
v -0.216506 0.125000 0.005503
v -0.176777 0.176777 0.005503
v -0.125000 0.216506 0.005503
v -0.064705 0.241481 0.005503
v 0.000000 0.250000 0.005503
v 0.064705 0.241481 0.005503
v 0.125000 0.216506 0.005503
v 0.177784 0.177784 0.005315
v 0.125712 0.217740 0.005315
v 0.217740 0.125712 0.005315
v 0.242857 0.065073 0.005315
v 0.251424 -0.000000 0.005315
v 0.242857 -0.065073 0.005315
v 0.217740 -0.125712 0.005315
v 0.177784 -0.177784 0.005315
v 0.125712 -0.217740 0.005315
v 0.065073 -0.242857 0.005315
v 0.000000 -0.251424 0.005315
v -0.065073 -0.242857 0.005315
v -0.125712 -0.217740 0.005315
v -0.177784 -0.177784 0.005315
v -0.217740 -0.125712 0.005315
v -0.242857 -0.065073 0.005315
v -0.251424 -0.000000 0.005315
v -0.242857 0.065073 0.005315
v -0.217740 0.125712 0.005315
v -0.177784 0.177784 0.005315
v -0.125712 0.217740 0.005315
v -0.065073 0.242857 0.005315
v 0.000000 0.251424 0.005315
v 0.065073 0.242857 0.005315
v 0.126376 0.218889 0.004766
v 0.065417 0.244139 0.004766
v 0.178722 0.178722 0.004766
v 0.218889 0.126376 0.004766
v 0.244139 0.065417 0.004766
v 0.252751 -0.000000 0.004766
v 0.244139 -0.065417 0.004766
v 0.218889 -0.126376 0.004766
v 0.178722 -0.178722 0.004766
v 0.126376 -0.218889 0.004766
v 0.065417 -0.244139 0.004766
v 0.000000 -0.252751 0.004765
v -0.065417 -0.244139 0.004766
v -0.126376 -0.218889 0.004766
v -0.178722 -0.178722 0.004766
v -0.218889 -0.126376 0.004766
v -0.244139 -0.065417 0.004766
v -0.252751 -0.000000 0.004766
v -0.244139 0.065417 0.004766
v -0.218889 0.126376 0.004766
v -0.178722 0.178722 0.004766
v -0.126376 0.218889 0.004766
v -0.065417 0.244139 0.004766
v 0.000000 0.252751 0.004766
v 0.065712 0.245240 0.003891
v 0.000000 0.253891 0.003891
v 0.126946 0.219876 0.003891
v 0.179528 0.179528 0.003891
v 0.219876 0.126946 0.003891
v 0.245240 0.065712 0.003891
v 0.253891 -0.000000 0.003891
v 0.245240 -0.065712 0.003891
v 0.219876 -0.126946 0.003891
v 0.179528 -0.179528 0.003891
v 0.126946 -0.219876 0.003891
v 0.065712 -0.245240 0.003891
v 0.000000 -0.253891 0.003891
v -0.065712 -0.245240 0.003891
v -0.126946 -0.219876 0.003891
v -0.179528 -0.179528 0.003891
v -0.219876 -0.126946 0.003891
v -0.245240 -0.065712 0.003891
v -0.253891 -0.000000 0.003891
v -0.245240 0.065712 0.003891
v -0.219876 0.126946 0.003891
v -0.179528 0.179528 0.003891
v -0.126946 0.219876 0.003891
v -0.065712 0.245240 0.003891
v 0.000000 0.254766 0.002751
v -0.065938 0.246085 0.002751
v 0.065938 0.246085 0.002751
v 0.127383 0.220633 0.002751
v 0.180146 0.180146 0.002751
v 0.220633 0.127383 0.002751
v 0.246085 0.065938 0.002751
v 0.254766 -0.000000 0.002751
v 0.246085 -0.065938 0.002751
v 0.220633 -0.127383 0.002751
v 0.180146 -0.180146 0.002751
v 0.127383 -0.220633 0.002751
v 0.065938 -0.246085 0.002751
v 0.000000 -0.254766 0.002751
v -0.065938 -0.246085 0.002751
v -0.127383 -0.220633 0.002751
v -0.180146 -0.180146 0.002751
v -0.220633 -0.127383 0.002751
v -0.246085 -0.065938 0.002751
v -0.254766 -0.000000 0.002751
v -0.246085 0.065938 0.002751
v -0.220633 0.127383 0.002751
v -0.180146 0.180146 0.002751
v -0.127383 0.220633 0.002751
v -0.066081 0.246616 0.001424
v -0.127658 0.221110 0.001424
v 0.000000 0.255315 0.001424
v 0.066081 0.246616 0.001424
v 0.127658 0.221110 0.001424
v 0.180535 0.180535 0.001424
v 0.221110 0.127658 0.001424
v 0.246616 0.066081 0.001424
v 0.255315 -0.000000 0.001424
v 0.246616 -0.066081 0.001424
v 0.221110 -0.127658 0.001424
v 0.180535 -0.180535 0.001424
v 0.127658 -0.221110 0.001424
v 0.066081 -0.246616 0.001424
v 0.000000 -0.255315 0.001424
v -0.066081 -0.246616 0.001424
v -0.127658 -0.221110 0.001424
v -0.180535 -0.180535 0.001424
v -0.221110 -0.127658 0.001424
v -0.246616 -0.066081 0.001424
v -0.255315 -0.000000 0.001424
v -0.246616 0.066081 0.001424
v -0.221110 0.127658 0.001424
v -0.180535 0.180535 0.001424
v -0.127751 0.221272 0.000000
v -0.180668 0.180668 0.000000
v -0.066129 0.246797 0.000000
v 0.000000 0.255503 0.000000
v 0.066129 0.246797 0.000000
v 0.127751 0.221272 0.000000
v 0.180668 0.180668 0.000000
v 0.221272 0.127751 0.000000
v 0.246797 0.066129 0.000000
v 0.255503 0.000000 0.000000
v 0.246797 -0.066129 -0.000000
v 0.221272 -0.127751 -0.000000
v 0.180668 -0.180668 -0.000000
v 0.127751 -0.221272 -0.000000
v 0.066129 -0.246797 -0.000000
v 0.000000 -0.255503 -0.000000
v -0.066129 -0.246797 -0.000000
v -0.127751 -0.221272 -0.000000
v -0.180668 -0.180668 -0.000000
v -0.221272 -0.127751 -0.000000
v -0.246797 -0.066129 -0.000000
v -0.255503 0.000000 0.000000
v -0.246797 0.066129 0.000000
v -0.221272 0.127751 0.000000
v -0.180535 0.180535 -0.001424
v -0.221110 0.127658 -0.001424
v -0.127658 0.221110 -0.001424
v -0.066081 0.246616 -0.001424
v 0.000000 0.255315 -0.001424
v 0.066081 0.246616 -0.001424
v 0.127658 0.221110 -0.001424
v 0.180535 0.180535 -0.001424
v 0.221110 0.127658 -0.001424
v 0.246616 0.066081 -0.001424
v 0.255315 0.000000 -0.001424
v 0.246616 -0.066081 -0.001424
v 0.221110 -0.127658 -0.001424
v 0.180535 -0.180535 -0.001424
v 0.127658 -0.221110 -0.001424
v 0.066081 -0.246616 -0.001424
v 0.000000 -0.255315 -0.001424
v -0.066081 -0.246616 -0.001424
v -0.127658 -0.221110 -0.001424
v -0.180535 -0.180535 -0.001424
v -0.221110 -0.127658 -0.001424
v -0.246616 -0.066081 -0.001424
v -0.255315 0.000000 -0.001424
v -0.246616 0.066081 -0.001424
v -0.220633 0.127383 -0.002751
v -0.246085 0.065938 -0.002751
v -0.180146 0.180146 -0.002751
v -0.127383 0.220633 -0.002751
v -0.065938 0.246085 -0.002751
v 0.000000 0.254766 -0.002751
v 0.065938 0.246085 -0.002751
v 0.127383 0.220633 -0.002751
v 0.180146 0.180146 -0.002751
v 0.220633 0.127383 -0.002751
v 0.246085 0.065938 -0.002751
v 0.254766 0.000000 -0.002751
v 0.246085 -0.065938 -0.002751
v 0.220633 -0.127383 -0.002751
v 0.180146 -0.180146 -0.002751
v 0.127383 -0.220633 -0.002751
v 0.065938 -0.246085 -0.002751
v 0.000000 -0.254766 -0.002751
v -0.065938 -0.246085 -0.002751
v -0.127383 -0.220633 -0.002751
v -0.180146 -0.180146 -0.002751
v -0.220633 -0.127383 -0.002751
v -0.246085 -0.065938 -0.002751
v -0.254766 0.000000 -0.002751
v -0.245240 0.065712 -0.003891
v -0.253891 0.000000 -0.003891
v -0.219876 0.126946 -0.003891
v -0.179528 0.179528 -0.003891
v -0.126946 0.219876 -0.003891
v -0.065712 0.245240 -0.003891
v 0.000000 0.253891 -0.003891
v 0.065712 0.245240 -0.003891
v 0.126946 0.219876 -0.003891
v 0.179528 0.179528 -0.003891
v 0.219876 0.126946 -0.003891
v 0.245240 0.065712 -0.003891
v 0.253891 0.000000 -0.003891
v 0.245240 -0.065712 -0.003891
v 0.219876 -0.126946 -0.003891
v 0.179528 -0.179528 -0.003891
v 0.126946 -0.219876 -0.003891
v 0.065712 -0.245240 -0.003891
v 0.000000 -0.253891 -0.003891
v -0.065712 -0.245240 -0.003891
v -0.126946 -0.219876 -0.003891
v -0.179528 -0.179528 -0.003891
v -0.219876 -0.126946 -0.003891
v -0.245240 -0.065712 -0.003891
v -0.252751 0.000000 -0.004766
v -0.244139 -0.065417 -0.004766
v -0.244139 0.065417 -0.004766
v -0.218889 0.126376 -0.004766
v -0.178722 0.178722 -0.004766
v -0.126376 0.218889 -0.004766
v -0.065417 0.244139 -0.004766
v 0.000000 0.252751 -0.004765
v 0.065417 0.244139 -0.004766
v 0.126376 0.218889 -0.004766
v 0.178722 0.178722 -0.004766
v 0.218889 0.126376 -0.004766
v 0.244139 0.065417 -0.004766
v 0.252751 0.000000 -0.004766
v 0.244139 -0.065417 -0.004766
v 0.218889 -0.126376 -0.004766
v 0.178722 -0.178722 -0.004766
v 0.126376 -0.218889 -0.004766
v 0.065417 -0.244139 -0.004766
v 0.000000 -0.252751 -0.004766
v -0.065417 -0.244139 -0.004766
v -0.126376 -0.218889 -0.004766
v -0.178722 -0.178722 -0.004766
v -0.218889 -0.126376 -0.004766
v -0.242857 -0.065073 -0.005315
v -0.217740 -0.125712 -0.005315
v -0.251424 0.000000 -0.005315
v -0.242857 0.065073 -0.005315
v -0.217740 0.125712 -0.005315
v -0.177784 0.177784 -0.005315
v -0.125712 0.217740 -0.005315
v -0.065073 0.242857 -0.005315
v 0.000000 0.251424 -0.005315
v 0.065073 0.242857 -0.005315
v 0.125712 0.217740 -0.005315
v 0.177784 0.177784 -0.005315
v 0.217740 0.125712 -0.005315
v 0.242857 0.065073 -0.005315
v 0.251424 0.000000 -0.005315
v 0.242857 -0.065073 -0.005315
v 0.217740 -0.125712 -0.005315
v 0.177784 -0.177784 -0.005315
v 0.125712 -0.217740 -0.005315
v 0.065073 -0.242857 -0.005315
v 0.000000 -0.251424 -0.005315
v -0.065073 -0.242857 -0.005315
v -0.125712 -0.217740 -0.005315
v -0.177784 -0.177784 -0.005315
v -0.216506 -0.125000 -0.005503
v -0.176777 -0.176777 -0.005503
v -0.241481 -0.064705 -0.005503
v -0.250000 0.000000 -0.005503
v -0.241481 0.064705 -0.005503
v -0.216506 0.125000 -0.005503
v -0.176777 0.176777 -0.005503
v -0.125000 0.216506 -0.005503
v -0.064705 0.241481 -0.005503
v 0.000000 0.250000 -0.005503
v 0.064705 0.241481 -0.005503
v 0.125000 0.216506 -0.005503
v 0.176777 0.176777 -0.005503
v 0.216506 0.125000 -0.005503
v 0.241481 0.064705 -0.005503
v 0.250000 0.000000 -0.005503
v 0.241481 -0.064705 -0.005503
v 0.216506 -0.125000 -0.005503
v 0.176777 -0.176777 -0.005503
v 0.125000 -0.216506 -0.005503
v 0.064705 -0.241481 -0.005503
v 0.000000 -0.250000 -0.005503
v -0.064705 -0.241481 -0.005503
v -0.125000 -0.216506 -0.005503
v -0.175770 -0.175770 -0.005315
v -0.124288 -0.215273 -0.005315
v -0.215273 -0.124288 -0.005315
v -0.240106 -0.064336 -0.005315
v -0.248576 0.000000 -0.005315
v -0.240106 0.064336 -0.005315
v -0.215273 0.124288 -0.005315
v -0.175770 0.175770 -0.005315
v -0.124288 0.215273 -0.005315
v -0.064336 0.240106 -0.005315
v 0.000000 0.248576 -0.005315
v 0.064336 0.240106 -0.005315
v 0.124288 0.215273 -0.005315
v 0.175770 0.175770 -0.005315
v 0.215273 0.124288 -0.005315
v 0.240106 0.064336 -0.005315
v 0.248576 0.000000 -0.005315
v 0.240106 -0.064336 -0.005315
v 0.215273 -0.124288 -0.005315
v 0.175770 -0.175770 -0.005315
v 0.124288 -0.215273 -0.005315
v 0.064336 -0.240106 -0.005315
v 0.000000 -0.248576 -0.005315
v -0.064336 -0.240106 -0.005315
v -0.123624 -0.214124 -0.004766
v -0.063993 -0.238824 -0.004766
v -0.174831 -0.174831 -0.004766
v -0.214124 -0.123624 -0.004766
v -0.238824 -0.063993 -0.004766
v -0.247249 0.000000 -0.004766
v -0.238824 0.063993 -0.004766
v -0.214124 0.123624 -0.004766
v -0.174831 0.174831 -0.004766
v -0.123624 0.214124 -0.004766
v -0.063993 0.238824 -0.004766
v 0.000000 0.247249 -0.004765
v 0.063993 0.238824 -0.004766
v 0.123624 0.214124 -0.004766
v 0.174831 0.174831 -0.004766
v 0.214124 0.123624 -0.004766
v 0.238824 0.063993 -0.004766
v 0.247249 0.000000 -0.004766
v 0.238824 -0.063993 -0.004766
v 0.214124 -0.123624 -0.004766
v 0.174831 -0.174831 -0.004766
v 0.123624 -0.214124 -0.004766
v 0.063993 -0.238824 -0.004766
v 0.000000 -0.247249 -0.004766
v -0.063698 -0.237723 -0.003891
v 0.000000 -0.246109 -0.003891
v -0.123054 -0.213137 -0.003891
v -0.174025 -0.174025 -0.003891
v -0.213137 -0.123054 -0.003891
v -0.237723 -0.063698 -0.003891
v -0.246109 0.000000 -0.003891
v -0.237723 0.063698 -0.003891
v -0.213137 0.123054 -0.003891
v -0.174025 0.174025 -0.003891
v -0.123054 0.213137 -0.003891
v -0.063698 0.237723 -0.003891
v 0.000000 0.246109 -0.003891
v 0.063698 0.237723 -0.003891
v 0.123054 0.213137 -0.003891
v 0.174025 0.174025 -0.003891
v 0.213137 0.123054 -0.003891
v 0.237723 0.063698 -0.003891
v 0.246109 0.000000 -0.003891
v 0.237723 -0.063698 -0.003891
v 0.213137 -0.123054 -0.003891
v 0.174025 -0.174025 -0.003891
v 0.123054 -0.213137 -0.003891
v 0.063698 -0.237723 -0.003891
v 0.000000 -0.245234 -0.002751
v 0.063471 -0.236878 -0.002751
v -0.063471 -0.236878 -0.002751
v -0.122617 -0.212379 -0.002751
v -0.173407 -0.173407 -0.002751
v -0.212379 -0.122617 -0.002751
v -0.236878 -0.063471 -0.002751
v -0.245234 0.000000 -0.002751
v -0.236878 0.063471 -0.002751
v -0.212379 0.122617 -0.002751
v -0.173407 0.173407 -0.002751
v -0.122617 0.212379 -0.002751
v -0.063471 0.236878 -0.002751
v 0.000000 0.245234 -0.002751
v 0.063471 0.236878 -0.002751
v 0.122617 0.212379 -0.002751
v 0.173407 0.173407 -0.002751
v 0.212379 0.122617 -0.002751
v 0.236878 0.063471 -0.002751
v 0.245234 0.000000 -0.002751
v 0.236878 -0.063471 -0.002751
v 0.212379 -0.122617 -0.002751
v 0.173407 -0.173407 -0.002751
v 0.122617 -0.212379 -0.002751
v 0.063329 -0.236347 -0.001424
v 0.122342 -0.211903 -0.001424
v 0.000000 -0.244685 -0.001424
v -0.063329 -0.236347 -0.001424
v -0.122342 -0.211903 -0.001424
v -0.173018 -0.173018 -0.001424
v -0.211903 -0.122342 -0.001424
v -0.236347 -0.063329 -0.001424
v -0.244685 0.000000 -0.001424
v -0.236347 0.063329 -0.001424
v -0.211903 0.122342 -0.001424
v -0.173018 0.173018 -0.001424
v -0.122342 0.211903 -0.001424
v -0.063329 0.236347 -0.001424
v 0.000000 0.244685 -0.001424
v 0.063329 0.236347 -0.001424
v 0.122342 0.211903 -0.001424
v 0.173018 0.173018 -0.001424
v 0.211903 0.122342 -0.001424
v 0.236347 0.063329 -0.001424
v 0.244685 0.000000 -0.001424
v 0.236347 -0.063329 -0.001424
v 0.211903 -0.122342 -0.001424
v 0.173018 -0.173018 -0.001424
v 0.122249 -0.211741 -0.000000
v 0.172886 -0.172886 -0.000000
v 0.063281 -0.236166 -0.000000
v 0.000000 -0.244497 -0.000000
v -0.063281 -0.236166 -0.000000
v -0.122249 -0.211741 -0.000000
v -0.172886 -0.172886 -0.000000
v -0.211741 -0.122249 -0.000000
v -0.236166 -0.063281 -0.000000
v -0.244497 0.000000 0.000000
v -0.236166 0.063281 0.000000
v -0.211741 0.122249 0.000000
v -0.172886 0.172886 0.000000
v -0.122249 0.211741 0.000000
v -0.063281 0.236166 0.000000
v 0.000000 0.244497 0.000000
v 0.063281 0.236166 0.000000
v 0.122249 0.211741 0.000000
v 0.172886 0.172886 0.000000
v 0.211741 0.122249 0.000000
v 0.236166 0.063281 0.000000
v 0.244497 0.000000 0.000000
v 0.236166 -0.063281 -0.000000
v 0.211741 -0.122249 -0.000000
v 0.173018 -0.173018 0.001424
v 0.211903 -0.122342 0.001424
v 0.122342 -0.211903 0.001424
v 0.063329 -0.236347 0.001424
v 0.000000 -0.244685 0.001424
v -0.063329 -0.236347 0.001424
v -0.122342 -0.211903 0.001424
v -0.173018 -0.173018 0.001424
v -0.211903 -0.122342 0.001424
v -0.236347 -0.063329 0.001424
v -0.244685 -0.000000 0.001424
v -0.236347 0.063329 0.001424
v -0.211903 0.122342 0.001424
v -0.173018 0.173018 0.001424
v -0.122342 0.211903 0.001424
v -0.063329 0.236347 0.001424
v 0.000000 0.244685 0.001424
v 0.063329 0.236347 0.001424
v 0.122342 0.211903 0.001424
v 0.173018 0.173018 0.001424
v 0.211903 0.122342 0.001424
v 0.236347 0.063329 0.001424
v 0.244685 -0.000000 0.001424
v 0.236347 -0.063329 0.001424
v 0.212379 -0.122617 0.002751
v 0.236878 -0.063471 0.002751
v 0.173407 -0.173407 0.002751
v 0.122617 -0.212379 0.002751
v 0.063471 -0.236878 0.002751
v 0.000000 -0.245234 0.002751
v -0.063471 -0.236878 0.002751
v -0.122617 -0.212379 0.002751
v -0.173407 -0.173407 0.002751
v -0.212379 -0.122617 0.002751
v -0.236878 -0.063471 0.002751
v -0.245234 -0.000000 0.002751
v -0.236878 0.063471 0.002751
v -0.212379 0.122617 0.002751
v -0.173407 0.173407 0.002751
v -0.122617 0.212379 0.002751
v -0.063471 0.236878 0.002751
v 0.000000 0.245234 0.002751
v 0.063471 0.236878 0.002751
v 0.122617 0.212379 0.002751
v 0.173407 0.173407 0.002751
v 0.212379 0.122617 0.002751
v 0.236878 0.063471 0.002751
v 0.245234 -0.000000 0.002751
v 0.227382 0.002216 -0.001279
v 0.227382 0.000000 -0.002559
v -0.227351 0.000000 -0.002559
v -0.227351 0.002216 -0.001279
v 0.227382 -0.002216 -0.001279
v -0.227351 -0.002216 -0.001279
v 0.227382 -0.002216 0.001279
v -0.227351 -0.002216 0.001279
v 0.227382 -0.000000 0.002559
v -0.227351 -0.000000 0.002559
v 0.227382 0.002216 0.001279
v -0.227351 0.002216 0.001279
v 0.069902 0.095050 0.002559
v 0.069902 0.095050 0.008959
v 0.069219 0.098077 0.008959
v 0.069219 0.098077 0.002559
v 0.081716 0.074890 0.002559
v 0.081716 0.074890 0.008959
v 0.082985 0.073438 0.002559
v 0.082985 0.073438 0.008959
v 0.084742 0.072596 0.002559
v 0.084742 0.072596 0.008959
v 0.086109 0.072400 0.002559
v 0.086109 0.072400 0.008959
v 0.088501 0.073084 0.002559
v 0.088501 0.073084 0.008959
v 0.089989 0.074353 0.002559
v 0.089989 0.074353 0.008959
v 0.090844 0.076110 0.002559
v 0.090844 0.076110 0.008959
v 0.091039 0.077477 0.002559
v 0.091039 0.077477 0.008959
v 0.090356 0.079869 0.002559
v 0.090356 0.079869 0.008959
v 0.079031 0.099200 0.002559
v 0.079031 0.099200 0.008959
v 0.078933 0.099492 0.002559
v 0.078933 0.099492 0.008959
v 0.078054 0.101006 0.002559
v 0.078054 0.101006 0.008959
v 0.076602 0.102214 0.002559
v 0.076602 0.102214 0.008959
v 0.074784 0.102714 0.002559
v 0.074784 0.102714 0.008959
v 0.071025 0.101201 0.002559
v 0.071025 0.101201 0.008959
v 0.069768 0.099834 0.002559
v 0.069768 0.099834 0.008959
v 0.071288 0.097993 0.010959
v 0.071543 0.098810 0.010959
v 0.076503 0.099695 0.010959
v 0.075655 0.100400 0.010959
v 0.077101 0.098665 0.010959
v 0.077199 0.098369 0.010959
v 0.071785 0.095794 0.010959
v 0.088502 0.079076 0.010959
v 0.083346 0.076064 0.010959
v 0.084220 0.075064 0.010959
v 0.088999 0.077338 0.010959
v 0.085329 0.074532 0.010959
v 0.088908 0.076703 0.010959
v 0.085969 0.074441 0.010959
v 0.088374 0.075604 0.010959
v 0.087534 0.074888 0.010959
v 0.074904 0.100607 0.010959
v 0.072191 0.099514 0.010959
v 0.141367 0.082359 0.002559
v 0.141367 0.082359 0.008959
v 0.143515 0.082359 0.008959
v 0.143515 0.082359 0.002559
v 0.109930 0.082359 0.002559
v 0.109930 0.082359 0.008959
v 0.110077 0.113063 0.002559
v 0.110077 0.113063 0.008959
v 0.109930 0.132442 0.002559
v 0.109930 0.132442 0.008959
v 0.143515 0.132442 0.002559
v 0.143515 0.132442 0.008959
v 0.145418 0.132808 0.002559
v 0.145418 0.132808 0.008959
v 0.147029 0.133907 0.002559
v 0.147029 0.133907 0.008959
v 0.148128 0.135518 0.002559
v 0.148128 0.135518 0.008959
v 0.148494 0.137421 0.002559
v 0.148494 0.137421 0.008959
v 0.148128 0.139325 0.002559
v 0.148128 0.139325 0.008959
v 0.147029 0.140936 0.002559
v 0.147029 0.140936 0.008959
v 0.145418 0.142034 0.002559
v 0.145418 0.142034 0.008959
v 0.143515 0.142400 0.002559
v 0.143515 0.142400 0.008959
v 0.104951 0.142400 0.002559
v 0.104951 0.142400 0.008959
v 0.103047 0.142034 0.002559
v 0.103047 0.142034 0.008959
v 0.101437 0.140936 0.002559
v 0.101437 0.140936 0.008959
v 0.100338 0.139325 0.002559
v 0.100338 0.139325 0.008959
v 0.099972 0.137421 0.002559
v 0.099972 0.137421 0.008959
v 0.099972 0.077380 0.002559
v 0.099972 0.077380 0.008959
v 0.100338 0.075476 0.002559
v 0.100338 0.075476 0.008959
v 0.101437 0.073865 0.002559
v 0.101437 0.073865 0.008959
v 0.103047 0.072766 0.002559
v 0.103047 0.072766 0.008959
v 0.104951 0.072400 0.002559
v 0.104951 0.072400 0.008959
v 0.143515 0.072400 0.002559
v 0.143515 0.072400 0.008959
v 0.145418 0.072766 0.002559
v 0.145418 0.072766 0.008959
v 0.147029 0.073865 0.002559
v 0.147029 0.073865 0.008959
v 0.148128 0.075476 0.002559
v 0.148128 0.075476 0.008959
v 0.148494 0.077380 0.002559
v 0.148494 0.077380 0.008959
v 0.148128 0.079283 0.002559
v 0.148128 0.079283 0.008959
v 0.147029 0.080894 0.002559
v 0.147029 0.080894 0.008959
v 0.145418 0.081992 0.002559
v 0.145418 0.081992 0.008959
v 0.143324 0.080359 0.010959
v 0.144634 0.080107 0.010959
v 0.143324 0.074400 0.010959
v 0.144634 0.074652 0.010959
v 0.105142 0.074400 0.010959
v 0.141367 0.080359 0.010959
v 0.107921 0.080359 0.010959
v 0.103832 0.074652 0.010959
v 0.102876 0.075304 0.010959
v 0.102224 0.076260 0.010959
v 0.101972 0.077570 0.010959
v 0.101972 0.137231 0.010959
v 0.108077 0.113060 0.010959
v 0.102224 0.138541 0.010959
v 0.107915 0.134442 0.010959
v 0.143324 0.134442 0.010959
v 0.143324 0.140400 0.010959
v 0.105142 0.140400 0.010959
v 0.144634 0.140149 0.010959
v 0.144634 0.134694 0.010959
v 0.145590 0.135346 0.010959
v 0.145590 0.139497 0.010959
v 0.146242 0.136302 0.010959
v 0.146242 0.138541 0.010959
v 0.146457 0.137421 0.010959
v 0.103832 0.140149 0.010959
v 0.102876 0.139497 0.010959
v 0.145590 0.075304 0.010959
v 0.145590 0.079455 0.010959
v 0.146242 0.076260 0.010959
v 0.146242 0.078499 0.010959
v 0.146457 0.077380 0.010959
v 0.001855 0.082359 0.002559
v 0.001855 0.082359 0.008959
v 0.004003 0.082359 0.008959
v 0.004003 0.082359 0.002559
v -0.029582 0.082359 0.002559
v -0.029582 0.082359 0.008959
v -0.029435 0.113063 0.002559
v -0.029435 0.113063 0.008959
v -0.029582 0.132442 0.002559
v -0.029582 0.132442 0.008959
v 0.004003 0.132442 0.002559
v 0.004003 0.132442 0.008959
v 0.005907 0.132808 0.002559
v 0.005907 0.132808 0.008959
v 0.007517 0.133907 0.002559
v 0.007517 0.133907 0.008959
v 0.008616 0.135518 0.002559
v 0.008616 0.135518 0.008959
v 0.008982 0.137421 0.002559
v 0.008982 0.137421 0.008959
v 0.008616 0.139325 0.002559
v 0.008616 0.139325 0.008959
v 0.007517 0.140936 0.002559
v 0.007517 0.140936 0.008959
v 0.005907 0.142034 0.002559
v 0.005907 0.142034 0.008959
v 0.004003 0.142400 0.002559
v 0.004003 0.142400 0.008959
v -0.034561 0.142400 0.002559
v -0.034561 0.142400 0.008959
v -0.036464 0.142034 0.002559
v -0.036464 0.142034 0.008959
v -0.038075 0.140936 0.002559
v -0.038075 0.140936 0.008959
v -0.039174 0.139325 0.002559
v -0.039174 0.139325 0.008959
v -0.039540 0.137421 0.002559
v -0.039540 0.137421 0.008959
v -0.039540 0.077380 0.002559
v -0.039540 0.077380 0.008959
v -0.039174 0.075476 0.002559
v -0.039174 0.075476 0.008959
v -0.038075 0.073865 0.002559
v -0.038075 0.073865 0.008959
v -0.036464 0.072766 0.002559
v -0.036464 0.072766 0.008959
v -0.034561 0.072400 0.002559
v -0.034561 0.072400 0.008959
v 0.004003 0.072400 0.002559
v 0.004003 0.072400 0.008959
v 0.005907 0.072766 0.002559
v 0.005907 0.072766 0.008959
v 0.007517 0.073865 0.002559
v 0.007517 0.073865 0.008959
v 0.008616 0.075476 0.002559
v 0.008616 0.075476 0.008959
v 0.008982 0.077380 0.002559
v 0.008982 0.077380 0.008959
v 0.008616 0.079283 0.002559
v 0.008616 0.079283 0.008959
v 0.007517 0.080894 0.002559
v 0.007517 0.080894 0.008959
v 0.005907 0.081992 0.002559
v 0.005907 0.081992 0.008959
v 0.003812 0.080359 0.010959
v 0.005122 0.080107 0.010959
v 0.003812 0.074400 0.010959
v 0.005122 0.074652 0.010959
v -0.034370 0.074400 0.010959
v 0.001855 0.080359 0.010959
v -0.031591 0.080359 0.010959
v -0.031435 0.113060 0.010959
v -0.037540 0.137231 0.010959
v -0.037540 0.077570 0.010959
v -0.037288 0.138541 0.010959
v -0.031597 0.134442 0.010959
v 0.003812 0.134442 0.010959
v 0.003812 0.140400 0.010959
v -0.034370 0.140400 0.010959
v 0.005122 0.140149 0.010959
v 0.005122 0.134694 0.010959
v 0.006078 0.135346 0.010959
v 0.006078 0.139497 0.010959
v 0.006730 0.136302 0.010959
v 0.006730 0.138541 0.010959
v 0.006945 0.137421 0.010959
v -0.035680 0.140149 0.010959
v -0.036636 0.139497 0.010959
v -0.037288 0.076260 0.010959
v -0.036636 0.075304 0.010959
v -0.035680 0.074652 0.010959
v 0.006078 0.075304 0.010959
v 0.006078 0.079455 0.010959
v 0.006730 0.076260 0.010959
v 0.006730 0.078499 0.010959
v 0.006945 0.077380 0.010959
v 0.214349 0.080109 -0.001279
v 0.214349 0.077893 -0.002559
v -0.214318 0.077893 -0.002559
v -0.214318 0.080109 -0.001279
v 0.214349 0.075677 -0.001279
v -0.214318 0.075677 -0.001279
v 0.214349 0.075677 0.001279
v -0.214318 0.075677 0.001279
v 0.214349 0.077893 0.002559
v -0.214318 0.077893 0.002559
v 0.214349 0.080109 0.001279
v -0.214318 0.080109 0.001279
v 0.120669 0.103642 0.002559
v 0.120669 0.103642 0.008959
v 0.117887 0.104276 0.008959
v 0.117887 0.104276 0.002559
v 0.136144 0.103398 0.002559
v 0.136144 0.103398 0.008959
v 0.138047 0.103764 0.002559
v 0.138047 0.103764 0.008959
v 0.139658 0.104862 0.002559
v 0.139658 0.104862 0.008959
v 0.140757 0.106473 0.002559
v 0.140757 0.106473 0.008959
v 0.141123 0.108377 0.002559
v 0.141123 0.108377 0.008959
v 0.140757 0.110280 0.002559
v 0.140757 0.110280 0.008959
v 0.139658 0.111891 0.002559
v 0.139658 0.111891 0.008959
v 0.138047 0.112990 0.002559
v 0.138047 0.112990 0.008959
v 0.136144 0.113356 0.002559
v 0.136144 0.113356 0.008959
v 0.121206 0.113356 0.002559
v 0.121206 0.113356 0.008959
v 0.120865 0.113356 0.002559
v 0.120865 0.113356 0.008959
v 0.119156 0.113209 0.002559
v 0.119156 0.113209 0.008959
v 0.117460 0.112404 0.002559
v 0.117460 0.112404 0.008959
v 0.116179 0.110964 0.002559
v 0.116179 0.110964 0.008959
v 0.115568 0.109188 0.002559
v 0.115568 0.109188 0.008959
v 0.115690 0.107278 0.002559
v 0.115690 0.107278 0.008959
v 0.116484 0.105539 0.002559
v 0.116484 0.105539 0.008959
v 0.118839 0.106111 0.010959
v 0.118131 0.106748 0.010959
v 0.119687 0.111248 0.010959
v 0.118684 0.110771 0.010959
v 0.120950 0.111356 0.010959
v 0.121206 0.111356 0.010959
v 0.120910 0.105638 0.010959
v 0.135953 0.111356 0.010959
v 0.135969 0.105401 0.010959
v 0.137263 0.105650 0.010959
v 0.137263 0.111104 0.010959
v 0.138219 0.106301 0.010959
v 0.138219 0.110452 0.010959
v 0.138871 0.107257 0.010959
v 0.138871 0.109496 0.010959
v 0.139086 0.108377 0.010959
v 0.117939 0.109934 0.010959
v 0.117663 0.107773 0.010959
v 0.117590 0.108917 0.010959
v 0.027824 0.130099 0.002559
v 0.027824 0.130099 0.008959
v 0.027458 0.128195 0.008959
v 0.027458 0.128195 0.002559
v 0.027727 0.137324 0.002559
v 0.027727 0.137324 0.008959
v 0.027361 0.139227 0.002559
v 0.027361 0.139227 0.008959
v 0.026262 0.140838 0.002559
v 0.026262 0.140838 0.008959
v 0.024651 0.141937 0.002559
v 0.024651 0.141937 0.008959
v 0.022748 0.142303 0.002559
v 0.022748 0.142303 0.008959
v 0.020813 0.141937 0.002559
v 0.020813 0.141937 0.008959
v 0.019209 0.140838 0.002559
v 0.019209 0.140838 0.008959
v 0.018128 0.139227 0.002559
v 0.018128 0.139227 0.008959
v 0.017769 0.137324 0.002559
v 0.017769 0.137324 0.008959
v 0.017866 0.130099 0.002559
v 0.017866 0.130099 0.008959
v 0.018226 0.128195 0.002559
v 0.018226 0.128195 0.008959
v 0.019306 0.126585 0.002559
v 0.019306 0.126585 0.008959
v 0.020911 0.125486 0.002559
v 0.020911 0.125486 0.008959
v 0.022845 0.125120 0.002559
v 0.022845 0.125120 0.008959
v 0.024749 0.125486 0.002559
v 0.024749 0.125486 0.008959
v 0.026360 0.126585 0.002559
v 0.026360 0.126585 0.008959
v 0.025572 0.128980 0.010959
v 0.024921 0.128024 0.010959
v 0.020115 0.128969 0.010959
v 0.020753 0.128018 0.010959
v 0.019864 0.130300 0.010959
v 0.025822 0.130276 0.010959
v 0.025729 0.137120 0.010959
v 0.019771 0.137150 0.010959
v 0.020018 0.138454 0.010959
v 0.025475 0.138443 0.010959
v 0.024823 0.139399 0.010959
v 0.020655 0.139405 0.010959
v 0.023867 0.140051 0.010959
v 0.021597 0.140050 0.010959
v 0.022745 0.140267 0.010959
v 0.021695 0.127373 0.010959
v 0.023965 0.127372 0.010959
v 0.022842 0.127156 0.010959
v 0.228881 -0.000000 0.003619
v 0.229941 -0.000000 0.004432
v 0.222106 0.059513 0.004432
v 0.221082 0.059239 0.003619
v 0.221082 -0.059239 0.003619
v 0.222106 -0.059513 0.004432
v 0.198217 -0.114441 0.003619
v 0.199135 -0.114971 0.004432
v 0.161844 -0.161844 0.003619
v 0.162593 -0.162593 0.004432
v 0.114441 -0.198217 0.003619
v 0.114971 -0.199135 0.004432
v 0.059239 -0.221082 0.003619
v 0.059513 -0.222106 0.004432
v 0.000000 -0.228881 0.003619
v 0.000000 -0.229941 0.004432
v -0.059239 -0.221082 0.003619
v -0.059513 -0.222106 0.004432
v -0.114441 -0.198217 0.003619
v -0.114971 -0.199135 0.004432
v -0.161844 -0.161844 0.003619
v -0.162593 -0.162593 0.004432
v -0.198217 -0.114441 0.003619
v -0.199135 -0.114971 0.004432
v -0.221082 -0.059239 0.003619
v -0.222106 -0.059513 0.004432
v -0.228881 -0.000000 0.003619
v -0.229941 -0.000000 0.004432
v -0.221082 0.059239 0.003619
v -0.222106 0.059513 0.004432
v -0.198217 0.114441 0.003619
v -0.199135 0.114971 0.004432
v -0.161844 0.161844 0.003619
v -0.162593 0.162593 0.004432
v -0.114441 0.198217 0.003619
v -0.114971 0.199135 0.004432
v -0.059239 0.221082 0.003619
v -0.059513 0.222106 0.004432
v 0.000000 0.228881 0.003619
v 0.000000 0.229941 0.004432
v 0.059239 0.221082 0.003619
v 0.059513 0.222106 0.004432
v 0.114441 0.198217 0.003619
v 0.114971 0.199135 0.004432
v 0.161844 0.161844 0.003619
v 0.162593 0.162593 0.004432
v 0.198217 0.114441 0.003619
v 0.199135 0.114971 0.004432
v 0.223298 0.059833 0.004943
v 0.200204 0.115588 0.004943
v 0.231175 -0.000000 0.004943
v 0.223298 -0.059833 0.004943
v 0.200204 -0.115588 0.004943
v 0.163466 -0.163466 0.004943
v 0.115588 -0.200204 0.004943
v 0.059833 -0.223298 0.004943
v 0.000000 -0.231175 0.004943
v -0.059833 -0.223298 0.004943
v -0.115588 -0.200204 0.004943
v -0.163466 -0.163466 0.004943
v -0.200204 -0.115588 0.004943
v -0.223298 -0.059833 0.004943
v -0.231175 -0.000000 0.004943
v -0.223298 0.059833 0.004943
v -0.200204 0.115588 0.004943
v -0.163466 0.163466 0.004943
v -0.115588 0.200204 0.004943
v -0.059833 0.223298 0.004943
v 0.000000 0.231175 0.004943
v 0.059833 0.223298 0.004943
v 0.115588 0.200204 0.004943
v 0.163466 0.163466 0.004943
v 0.201351 0.116250 0.005118
v 0.164402 0.164402 0.005118
v 0.224578 0.060175 0.005118
v 0.232500 -0.000000 0.005118
v 0.224578 -0.060175 0.005118
v 0.201351 -0.116250 0.005118
v 0.164402 -0.164402 0.005118
v 0.116250 -0.201351 0.005118
v 0.060175 -0.224578 0.005118
v 0.000000 -0.232500 0.005118
v -0.060175 -0.224578 0.005118
v -0.116250 -0.201351 0.005118
v -0.164402 -0.164402 0.005118
v -0.201351 -0.116250 0.005118
v -0.224578 -0.060175 0.005118
v -0.232500 -0.000000 0.005118
v -0.224578 0.060175 0.005118
v -0.201351 0.116250 0.005118
v -0.164402 0.164402 0.005118
v -0.116250 0.201351 0.005118
v -0.060175 0.224578 0.005118
v 0.000000 0.232500 0.005118
v 0.060175 0.224578 0.005118
v 0.116250 0.201351 0.005118
v 0.165339 0.165339 0.004943
v 0.116912 0.202498 0.004943
v 0.202498 0.116912 0.004943
v 0.225857 0.060518 0.004943
v 0.233825 -0.000000 0.004943
v 0.225857 -0.060518 0.004943
v 0.202498 -0.116912 0.004943
v 0.165339 -0.165339 0.004943
v 0.116912 -0.202498 0.004943
v 0.060518 -0.225857 0.004943
v 0.000000 -0.233825 0.004943
v -0.060518 -0.225857 0.004943
v -0.116912 -0.202498 0.004943
v -0.165339 -0.165339 0.004943
v -0.202498 -0.116912 0.004943
v -0.225857 -0.060518 0.004943
v -0.233825 -0.000000 0.004943
v -0.225857 0.060518 0.004943
v -0.202498 0.116912 0.004943
v -0.165339 0.165339 0.004943
v -0.116912 0.202498 0.004943
v -0.060518 0.225857 0.004943
v 0.000000 0.233825 0.004943
v 0.060518 0.225857 0.004943
v 0.117529 0.203567 0.004432
v 0.060838 0.227049 0.004432
v 0.166212 0.166212 0.004432
v 0.203567 0.117529 0.004432
v 0.227049 0.060838 0.004432
v 0.235059 -0.000000 0.004432
v 0.227049 -0.060838 0.004432
v 0.203567 -0.117529 0.004432
v 0.166212 -0.166212 0.004432
v 0.117529 -0.203567 0.004432
v 0.060838 -0.227049 0.004432
v 0.000000 -0.235059 0.004432
v -0.060838 -0.227049 0.004432
v -0.117529 -0.203567 0.004432
v -0.166212 -0.166212 0.004432
v -0.203567 -0.117529 0.004432
v -0.227049 -0.060838 0.004432
v -0.235059 -0.000000 0.004432
v -0.227049 0.060838 0.004432
v -0.203567 0.117529 0.004432
v -0.166212 0.166212 0.004432
v -0.117529 0.203567 0.004432
v -0.060838 0.227049 0.004432
v 0.000000 0.235059 0.004432
v 0.061112 0.228073 0.003619
v 0.000000 0.236119 0.003619
v 0.118059 0.204485 0.003619
v 0.166961 0.166961 0.003619
v 0.204485 0.118059 0.003619
v 0.228073 0.061112 0.003619
v 0.236119 -0.000000 0.003619
v 0.228073 -0.061112 0.003619
v 0.204485 -0.118059 0.003619
v 0.166961 -0.166961 0.003619
v 0.118059 -0.204485 0.003619
v 0.061112 -0.228073 0.003619
v 0.000000 -0.236119 0.003619
v -0.061112 -0.228073 0.003619
v -0.118059 -0.204485 0.003619
v -0.166961 -0.166961 0.003619
v -0.204485 -0.118059 0.003619
v -0.228073 -0.061112 0.003619
v -0.236119 -0.000000 0.003619
v -0.228073 0.061112 0.003619
v -0.204485 0.118059 0.003619
v -0.166961 0.166961 0.003619
v -0.118059 0.204485 0.003619
v -0.061112 0.228073 0.003619
v 0.000000 0.236932 0.002559
v -0.061322 0.228859 0.002559
v 0.061322 0.228859 0.002559
v 0.118466 0.205189 0.002559
v 0.167536 0.167536 0.002559
v 0.205189 0.118466 0.002559
v 0.228859 0.061322 0.002559
v 0.236932 -0.000000 0.002559
v 0.228859 -0.061322 0.002559
v 0.205189 -0.118466 0.002559
v 0.167536 -0.167536 0.002559
v 0.118466 -0.205189 0.002559
v 0.061322 -0.228859 0.002559
v 0.000000 -0.236932 0.002559
v -0.061322 -0.228859 0.002559
v -0.118466 -0.205189 0.002559
v -0.167536 -0.167536 0.002559
v -0.205189 -0.118466 0.002559
v -0.228859 -0.061322 0.002559
v -0.236932 -0.000000 0.002559
v -0.228859 0.061322 0.002559
v -0.205189 0.118466 0.002559
v -0.167536 0.167536 0.002559
v -0.118466 0.205189 0.002559
v -0.061455 0.229353 0.001325
v -0.118722 0.205632 0.001325
v 0.000000 0.237443 0.001325
v 0.061455 0.229353 0.001325
v 0.118722 0.205632 0.001325
v 0.167898 0.167898 0.001325
v 0.205632 0.118722 0.001325
v 0.229353 0.061455 0.001325
v 0.237443 -0.000000 0.001325
v 0.229353 -0.061455 0.001325
v 0.205632 -0.118722 0.001325
v 0.167898 -0.167898 0.001325
v 0.118722 -0.205632 0.001324
v 0.061455 -0.229353 0.001324
v 0.000000 -0.237443 0.001324
v -0.061455 -0.229353 0.001324
v -0.118722 -0.205632 0.001324
v -0.167898 -0.167898 0.001325
v -0.205632 -0.118722 0.001325
v -0.229353 -0.061455 0.001325
v -0.237443 -0.000000 0.001325
v -0.229353 0.061455 0.001325
v -0.205632 0.118722 0.001325
v -0.167898 0.167898 0.001325
v -0.118809 0.205783 0.000000
v -0.168021 0.168021 0.000000
v -0.061500 0.229521 0.000000
v 0.000000 0.237618 0.000000
v 0.061500 0.229521 0.000000
v 0.118809 0.205783 0.000000
v 0.168021 0.168021 0.000000
v 0.205783 0.118809 0.000000
v 0.229521 0.061500 0.000000
v 0.237618 0.000000 0.000000
v 0.229521 -0.061500 -0.000000
v 0.205783 -0.118809 -0.000000
v 0.168021 -0.168021 -0.000000
v 0.118809 -0.205783 -0.000000
v 0.061500 -0.229521 -0.000000
v 0.000000 -0.237618 -0.000000
v -0.061500 -0.229521 -0.000000
v -0.118809 -0.205783 -0.000000
v -0.168021 -0.168021 -0.000000
v -0.205783 -0.118809 -0.000000
v -0.229521 -0.061500 -0.000000
v -0.237618 0.000000 0.000000
v -0.229521 0.061500 0.000000
v -0.205783 0.118809 0.000000
v -0.167898 0.167898 -0.001325
v -0.205632 0.118722 -0.001325
v -0.118722 0.205632 -0.001324
v -0.061455 0.229353 -0.001324
v 0.000000 0.237443 -0.001324
v 0.061455 0.229353 -0.001324
v 0.118722 0.205632 -0.001324
v 0.167898 0.167898 -0.001325
v 0.205632 0.118722 -0.001325
v 0.229353 0.061455 -0.001325
v 0.237443 0.000000 -0.001325
v 0.229353 -0.061455 -0.001325
v 0.205632 -0.118722 -0.001325
v 0.167898 -0.167898 -0.001325
v 0.118722 -0.205632 -0.001325
v 0.061455 -0.229353 -0.001325
v 0.000000 -0.237443 -0.001325
v -0.061455 -0.229353 -0.001325
v -0.118722 -0.205632 -0.001325
v -0.167898 -0.167898 -0.001325
v -0.205632 -0.118722 -0.001325
v -0.229353 -0.061455 -0.001325
v -0.237443 0.000000 -0.001325
v -0.229353 0.061455 -0.001325
v -0.205189 0.118466 -0.002559
v -0.228859 0.061322 -0.002559
v -0.167536 0.167536 -0.002559
v -0.118466 0.205189 -0.002559
v -0.061322 0.228859 -0.002559
v 0.000000 0.236932 -0.002559
v 0.061322 0.228859 -0.002559
v 0.118466 0.205189 -0.002559
v 0.167536 0.167536 -0.002559
v 0.205189 0.118466 -0.002559
v 0.228859 0.061322 -0.002559
v 0.236932 0.000000 -0.002559
v 0.228859 -0.061322 -0.002559
v 0.205189 -0.118466 -0.002559
v 0.167536 -0.167536 -0.002559
v 0.118466 -0.205189 -0.002559
v 0.061322 -0.228859 -0.002559
v 0.000000 -0.236932 -0.002559
v -0.061322 -0.228859 -0.002559
v -0.118466 -0.205189 -0.002559
v -0.167536 -0.167536 -0.002559
v -0.205189 -0.118466 -0.002559
v -0.228859 -0.061322 -0.002559
v -0.236932 0.000000 -0.002559
v -0.228073 0.061112 -0.003619
v -0.236119 0.000000 -0.003619
v -0.204485 0.118059 -0.003619
v -0.166961 0.166961 -0.003619
v -0.118059 0.204485 -0.003619
v -0.061112 0.228073 -0.003619
v 0.000000 0.236119 -0.003619
v 0.061112 0.228073 -0.003619
v 0.118059 0.204485 -0.003619
v 0.166961 0.166961 -0.003619
v 0.204485 0.118059 -0.003619
v 0.228073 0.061112 -0.003619
v 0.236119 0.000000 -0.003619
v 0.228073 -0.061112 -0.003619
v 0.204485 -0.118059 -0.003619
v 0.166961 -0.166961 -0.003619
v 0.118059 -0.204485 -0.003619
v 0.061112 -0.228073 -0.003619
v 0.000000 -0.236119 -0.003619
v -0.061112 -0.228073 -0.003619
v -0.118059 -0.204485 -0.003619
v -0.166961 -0.166961 -0.003619
v -0.204485 -0.118059 -0.003619
v -0.228073 -0.061112 -0.003619
v -0.235059 0.000000 -0.004432
v -0.227049 -0.060838 -0.004432
v -0.227049 0.060838 -0.004432
v -0.203567 0.117529 -0.004432
v -0.166212 0.166212 -0.004432
v -0.117529 0.203567 -0.004432
v -0.060838 0.227049 -0.004432
v 0.000000 0.235059 -0.004432
v 0.060838 0.227049 -0.004432
v 0.117529 0.203567 -0.004432
v 0.166212 0.166212 -0.004432
v 0.203567 0.117529 -0.004432
v 0.227049 0.060838 -0.004432
v 0.235059 0.000000 -0.004432
v 0.227049 -0.060838 -0.004432
v 0.203567 -0.117529 -0.004432
v 0.166212 -0.166212 -0.004432
v 0.117529 -0.203567 -0.004432
v 0.060838 -0.227049 -0.004432
v 0.000000 -0.235059 -0.004432
v -0.060838 -0.227049 -0.004432
v -0.117529 -0.203567 -0.004432
v -0.166212 -0.166212 -0.004432
v -0.203567 -0.117529 -0.004432
v -0.225857 -0.060518 -0.004943
v -0.202498 -0.116912 -0.004943
v -0.233825 0.000000 -0.004943
v -0.225857 0.060518 -0.004943
v -0.202498 0.116912 -0.004943
v -0.165339 0.165339 -0.004943
v -0.116912 0.202498 -0.004943
v -0.060518 0.225857 -0.004943
v 0.000000 0.233825 -0.004943
v 0.060518 0.225857 -0.004943
v 0.116912 0.202498 -0.004943
v 0.165339 0.165339 -0.004943
v 0.202498 0.116912 -0.004943
v 0.225857 0.060518 -0.004943
v 0.233825 0.000000 -0.004943
v 0.225857 -0.060518 -0.004943
v 0.202498 -0.116912 -0.004943
v 0.165339 -0.165339 -0.004943
v 0.116912 -0.202498 -0.004943
v 0.060518 -0.225857 -0.004943
v 0.000000 -0.233825 -0.004943
v -0.060518 -0.225857 -0.004943
v -0.116912 -0.202498 -0.004943
v -0.165339 -0.165339 -0.004943
v -0.201351 -0.116250 -0.005118
v -0.164402 -0.164402 -0.005118
v -0.224578 -0.060175 -0.005118
v -0.232500 0.000000 -0.005118
v -0.224578 0.060175 -0.005118
v -0.201351 0.116250 -0.005118
v -0.164402 0.164402 -0.005118
v -0.116250 0.201351 -0.005118
v -0.060175 0.224578 -0.005118
v 0.000000 0.232500 -0.005118
v 0.060175 0.224578 -0.005118
v 0.116250 0.201351 -0.005118
v 0.164402 0.164402 -0.005118
v 0.201351 0.116250 -0.005118
v 0.224578 0.060175 -0.005118
v 0.232500 0.000000 -0.005118
v 0.224578 -0.060175 -0.005118
v 0.201351 -0.116250 -0.005118
v 0.164402 -0.164402 -0.005118
v 0.116250 -0.201351 -0.005118
v 0.060175 -0.224578 -0.005118
v 0.000000 -0.232500 -0.005118
v -0.060175 -0.224578 -0.005118
v -0.116250 -0.201351 -0.005118
v -0.163466 -0.163466 -0.004943
v -0.115588 -0.200204 -0.004943
v -0.200204 -0.115588 -0.004943
v -0.223298 -0.059833 -0.004943
v -0.231175 0.000000 -0.004943
v -0.223298 0.059833 -0.004943
v -0.200204 0.115588 -0.004943
v -0.163466 0.163466 -0.004943
v -0.115588 0.200204 -0.004943
v -0.059833 0.223298 -0.004943
v 0.000000 0.231175 -0.004943
v 0.059833 0.223298 -0.004943
v 0.115588 0.200204 -0.004943
v 0.163466 0.163466 -0.004943
v 0.200204 0.115588 -0.004943
v 0.223298 0.059833 -0.004943
v 0.231175 0.000000 -0.004943
v 0.223298 -0.059833 -0.004943
v 0.200204 -0.115588 -0.004943
v 0.163466 -0.163466 -0.004943
v 0.115588 -0.200204 -0.004943
v 0.059833 -0.223298 -0.004943
v 0.000000 -0.231175 -0.004943
v -0.059833 -0.223298 -0.004943
v -0.114971 -0.199135 -0.004432
v -0.059513 -0.222106 -0.004432
v -0.162593 -0.162593 -0.004432
v -0.199135 -0.114971 -0.004432
v -0.222106 -0.059513 -0.004432
v -0.229941 0.000000 -0.004432
v -0.222106 0.059513 -0.004432
v -0.199135 0.114971 -0.004432
v -0.162593 0.162593 -0.004432
v -0.114971 0.199135 -0.004432
v -0.059513 0.222106 -0.004432
v 0.000000 0.229941 -0.004432
v 0.059513 0.222106 -0.004432
v 0.114971 0.199135 -0.004432
v 0.162593 0.162593 -0.004432
v 0.199135 0.114971 -0.004432
v 0.222106 0.059513 -0.004432
v 0.229941 0.000000 -0.004432
v 0.222106 -0.059513 -0.004432
v 0.199135 -0.114971 -0.004432
v 0.162593 -0.162593 -0.004432
v 0.114971 -0.199135 -0.004432
v 0.059513 -0.222106 -0.004432
v 0.000000 -0.229941 -0.004432
v -0.059239 -0.221082 -0.003619
v 0.000000 -0.228881 -0.003619
v -0.114441 -0.198217 -0.003619
v -0.161844 -0.161844 -0.003619
v -0.198217 -0.114441 -0.003619
v -0.221082 -0.059239 -0.003619
v -0.228881 0.000000 -0.003619
v -0.221082 0.059239 -0.003619
v -0.198217 0.114441 -0.003619
v -0.161844 0.161844 -0.003619
v -0.114441 0.198217 -0.003619
v -0.059239 0.221082 -0.003619
v 0.000000 0.228881 -0.003619
v 0.059239 0.221082 -0.003619
v 0.114441 0.198217 -0.003619
v 0.161844 0.161844 -0.003619
v 0.198217 0.114441 -0.003619
v 0.221082 0.059239 -0.003619
v 0.228881 0.000000 -0.003619
v 0.221082 -0.059239 -0.003619
v 0.198217 -0.114441 -0.003619
v 0.161844 -0.161844 -0.003619
v 0.114441 -0.198217 -0.003619
v 0.059239 -0.221082 -0.003619
v 0.000000 -0.228068 -0.002559
v 0.059028 -0.220297 -0.002559
v -0.059028 -0.220297 -0.002559
v -0.114034 -0.197513 -0.002559
v -0.161268 -0.161268 -0.002559
v -0.197513 -0.114034 -0.002559
v -0.220297 -0.059028 -0.002559
v -0.228068 0.000000 -0.002559
v -0.220297 0.059028 -0.002559
v -0.197513 0.114034 -0.002559
v -0.161268 0.161268 -0.002559
v -0.114034 0.197513 -0.002559
v -0.059028 0.220297 -0.002559
v 0.000000 0.228068 -0.002559
v 0.059028 0.220297 -0.002559
v 0.114034 0.197513 -0.002559
v 0.161268 0.161268 -0.002559
v 0.197513 0.114034 -0.002559
v 0.220297 0.059028 -0.002559
v 0.228068 0.000000 -0.002559
v 0.220297 -0.059028 -0.002559
v 0.197513 -0.114034 -0.002559
v 0.161268 -0.161268 -0.002559
v 0.114034 -0.197513 -0.002559
v 0.058896 -0.219803 -0.001325
v 0.113778 -0.197070 -0.001325
v 0.000000 -0.227557 -0.001325
v -0.058896 -0.219803 -0.001325
v -0.113778 -0.197070 -0.001325
v -0.160907 -0.160907 -0.001325
v -0.197070 -0.113778 -0.001325
v -0.219803 -0.058896 -0.001325
v -0.227557 0.000000 -0.001325
v -0.219803 0.058896 -0.001325
v -0.197070 0.113778 -0.001325
v -0.160907 0.160907 -0.001325
v -0.113778 0.197070 -0.001324
v -0.058896 0.219803 -0.001324
v 0.000000 0.227557 -0.001324
v 0.058896 0.219803 -0.001324
v 0.113778 0.197070 -0.001324
v 0.160907 0.160907 -0.001325
v 0.197070 0.113778 -0.001325
v 0.219803 0.058896 -0.001325
v 0.227557 0.000000 -0.001325
v 0.219803 -0.058896 -0.001325
v 0.197070 -0.113778 -0.001325
v 0.160907 -0.160907 -0.001325
v 0.113691 -0.196919 -0.000000
v 0.160784 -0.160784 -0.000000
v 0.058851 -0.219635 -0.000000
v 0.000000 -0.227382 -0.000000
v -0.058851 -0.219635 -0.000000
v -0.113691 -0.196919 -0.000000
v -0.160784 -0.160784 -0.000000
v -0.196919 -0.113691 -0.000000
v -0.219635 -0.058851 -0.000000
v -0.227382 0.000000 0.000000
v -0.219635 0.058851 0.000000
v -0.196919 0.113691 0.000000
v -0.160784 0.160784 0.000000
v -0.113691 0.196919 0.000000
v -0.058851 0.219635 0.000000
v 0.000000 0.227382 0.000000
v 0.058851 0.219635 0.000000
v 0.113691 0.196919 0.000000
v 0.160784 0.160784 0.000000
v 0.196919 0.113691 0.000000
v 0.219635 0.058851 0.000000
v 0.227382 0.000000 0.000000
v 0.219635 -0.058851 -0.000000
v 0.196919 -0.113691 -0.000000
v 0.160907 -0.160907 0.001325
v 0.197070 -0.113778 0.001325
v 0.113778 -0.197070 0.001324
v 0.058896 -0.219803 0.001324
v 0.000000 -0.227557 0.001324
v -0.058896 -0.219803 0.001324
v -0.113778 -0.197070 0.001324
v -0.160907 -0.160907 0.001325
v -0.197070 -0.113778 0.001325
v -0.219803 -0.058896 0.001325
v -0.227557 -0.000000 0.001325
v -0.219803 0.058896 0.001325
v -0.197070 0.113778 0.001325
v -0.160907 0.160907 0.001325
v -0.113778 0.197070 0.001325
v -0.058896 0.219803 0.001325
v 0.000000 0.227557 0.001325
v 0.058896 0.219803 0.001325
v 0.113778 0.197070 0.001325
v 0.160907 0.160907 0.001325
v 0.197070 0.113778 0.001325
v 0.219803 0.058896 0.001325
v 0.227557 -0.000000 0.001325
v 0.219803 -0.058896 0.001325
v 0.197513 -0.114034 0.002559
v 0.220297 -0.059028 0.002559
v 0.161268 -0.161268 0.002559
v 0.114034 -0.197513 0.002559
v 0.059028 -0.220297 0.002559
v 0.000000 -0.228068 0.002559
v -0.059028 -0.220297 0.002559
v -0.114034 -0.197513 0.002559
v -0.161268 -0.161268 0.002559
v -0.197513 -0.114034 0.002559
v -0.220297 -0.059028 0.002559
v -0.228068 -0.000000 0.002559
v -0.220297 0.059028 0.002559
v -0.197513 0.114034 0.002559
v -0.161268 0.161268 0.002559
v -0.114034 0.197513 0.002559
v -0.059028 0.220297 0.002559
v 0.000000 0.228068 0.002559
v 0.059028 0.220297 0.002559
v 0.114034 0.197513 0.002559
v 0.161268 0.161268 0.002559
v 0.197513 0.114034 0.002559
v 0.220297 0.059028 0.002559
v 0.228068 -0.000000 0.002559
v 0.202529 0.108620 -0.001279
v 0.202529 0.106404 -0.002559
v -0.202498 0.106404 -0.002559
v -0.202498 0.108620 -0.001279
v 0.202529 0.104188 -0.001279
v -0.202498 0.104188 -0.001279
v 0.202529 0.104188 0.001279
v -0.202498 0.104188 0.001279
v 0.202529 0.106404 0.002559
v -0.202498 0.106404 0.002559
v 0.202529 0.108620 0.001279
v -0.202498 0.108620 0.001279
vt 0.3471 0.9901
vt 0.3498 0.9901
vt 0.3498 0.5206
vt 0.3471 0.5206
vt 0.1874 0.5231
vt 0.1860 0.5231
vt 0.1860 0.9926
vt 0.1874 0.9926
vt 0.1834 0.5231
vt 0.1834 0.9926
vt 0.1970 0.5255
vt 0.1944 0.5255
vt 0.1944 0.9950
vt 0.1970 0.9950
vt 0.3352 0.9950
vt 0.3339 0.9950
vt 0.3339 0.5255
vt 0.3352 0.5255
vt 0.3312 0.9950
vt 0.3312 0.5255
vt 0.4808 0.4913
vt 0.4808 0.5075
vt 0.4759 0.5075
vt 0.4759 0.4913
vt 0.5925 0.4913
vt 0.5925 0.5075
vt 0.5953 0.4913
vt 0.5953 0.5075
vt 0.2860 0.3687
vt 0.3022 0.3687
vt 0.3022 0.3722
vt 0.2860 0.3722
vt 0.2860 0.3645
vt 0.3022 0.3645
vt 0.2860 0.3604
vt 0.3022 0.3604
vt 0.2860 0.3569
vt 0.3022 0.3569
vt 0.0574 0.3536
vt 0.0574 0.3373
vt 0.0539 0.3373
vt 0.0539 0.3536
vt 0.0615 0.3536
vt 0.0615 0.3373
vt 0.1921 0.3536
vt 0.1921 0.3373
vt 0.1963 0.3536
vt 0.1963 0.3373
vt 0.1998 0.3536
vt 0.1998 0.3373
vt 0.3230 0.3687
vt 0.3068 0.3687
vt 0.3068 0.3722
vt 0.3230 0.3722
vt 0.3230 0.3645
vt 0.3068 0.3645
vt 0.3230 0.3604
vt 0.3068 0.3604
vt 0.3230 0.3569
vt 0.3068 0.3569
vt 0.0818 0.3813
vt 0.0818 0.3975
vt 0.0783 0.3975
vt 0.0783 0.3813
vt 0.0860 0.3813
vt 0.0860 0.3975
vt 0.1829 0.3813
vt 0.1829 0.3975
vt 0.4305 0.3575
vt 0.4143 0.3575
vt 0.4143 0.4208
vt 0.4305 0.4208
vt 0.4305 0.3569
vt 0.4143 0.3569
vt 0.4305 0.3538
vt 0.4143 0.3538
vt 0.4305 0.3498
vt 0.4143 0.3498
vt 0.4305 0.3458
vt 0.4143 0.3458
vt 0.4305 0.3422
vt 0.4143 0.3422
vt 0.4678 0.4913
vt 0.4678 0.5075
vt 0.4644 0.5075
vt 0.4644 0.4913
vt 0.4719 0.4913
vt 0.4719 0.5075
vt 0.6480 0.2428
vt 0.6485 0.2397
vt 0.6506 0.2396
vt 0.6499 0.2437
vt 0.6365 0.2320
vt 0.6398 0.2313
vt 0.6339 0.2339
vt 0.6336 0.2341
vt 0.6444 0.2473
vt 0.6321 0.2326
vt 0.6326 0.2322
vt 0.5668 0.3281
vt 0.5688 0.3217
vt 0.5651 0.3591
vt 0.6460 0.2486
vt 0.5668 0.3603
vt 0.5633 0.3615
vt 0.5648 0.3630
vt 0.5604 0.3635
vt 0.5613 0.3654
vt 0.5571 0.3641
vt 0.5571 0.3662
vt 0.5538 0.3635
vt 0.5530 0.3654
vt 0.5510 0.3616
vt 0.5495 0.3630
vt 0.5490 0.3587
vt 0.5483 0.3552
vt 0.5659 0.2250
vt 0.5483 0.2250
vt 0.5679 0.2248
vt 0.5652 0.2214
vt 0.5671 0.2206
vt 0.5490 0.2214
vt 0.5463 0.2248
vt 0.5471 0.2206
vt 0.5463 0.3554
vt 0.5471 0.3595
vt 0.5510 0.2186
vt 0.5495 0.2171
vt 0.5633 0.2186
vt 0.5538 0.2167
vt 0.5604 0.2167
vt 0.5530 0.2147
vt 0.5571 0.2160
vt 0.5571 0.2139
vt 0.5613 0.2147
vt 0.5648 0.2171
vt 0.6357 0.2301
vt 0.6397 0.2292
vt 0.6430 0.2319
vt 0.6438 0.2300
vt 0.6477 0.2364
vt 0.6497 0.2356
vt 0.6459 0.2337
vt 0.6473 0.2322
vt 0.3300 0.2624
vt 0.3462 0.2624
vt 0.3462 0.2671
vt 0.3300 0.2671
vt 0.3300 0.1940
vt 0.3462 0.1940
vt 0.5528 0.4681
vt 0.5528 0.4843
vt 0.4860 0.4843
vt 0.4860 0.4681
vt 0.5950 0.4681
vt 0.5950 0.4843
vt 0.4305 0.2643
vt 0.4143 0.2643
vt 0.4143 0.3374
vt 0.4305 0.3374
vt 0.4305 0.2602
vt 0.4143 0.2602
vt 0.4305 0.2567
vt 0.4143 0.2567
vt 0.0439 0.3019
vt 0.0439 0.3181
vt 0.0404 0.3181
vt 0.0404 0.3019
vt 0.0481 0.3019
vt 0.0481 0.3181
vt 0.0522 0.3019
vt 0.0522 0.3181
vt 0.0557 0.3019
vt 0.0557 0.3181
vt 0.4351 0.3548
vt 0.4513 0.3548
vt 0.4513 0.3583
vt 0.4351 0.3583
vt 0.4351 0.3507
vt 0.4513 0.3507
vt 0.4351 0.2668
vt 0.4513 0.2668
vt 0.4351 0.2627
vt 0.4513 0.2627
vt 0.4351 0.2591
vt 0.4513 0.2591
vt 0.5168 0.4635
vt 0.5168 0.4473
vt 0.5133 0.4473
vt 0.5133 0.4635
vt 0.5209 0.4635
vt 0.5209 0.4473
vt 0.6516 0.4635
vt 0.6516 0.4473
vt 0.6557 0.4635
vt 0.6557 0.4473
vt 0.6592 0.4635
vt 0.6592 0.4473
vt 0.3853 0.3218
vt 0.3691 0.3218
vt 0.3691 0.3253
vt 0.3853 0.3253
vt 0.3853 0.3177
vt 0.3691 0.3177
vt 0.3853 0.2338
vt 0.3691 0.2338
vt 0.3853 0.2297
vt 0.3691 0.2297
vt 0.3853 0.2262
vt 0.3691 0.2262
vt 0.2553 0.3752
vt 0.2553 0.3914
vt 0.2518 0.3914
vt 0.2518 0.3752
vt 0.2595 0.3752
vt 0.2595 0.3914
vt 0.2636 0.3752
vt 0.2636 0.3914
vt 0.2671 0.3752
vt 0.2671 0.3914
vt 0.3300 0.2712
vt 0.3462 0.2712
vt 0.3462 0.2747
vt 0.3300 0.2747
vt 0.6408 0.0759
vt 0.6443 0.0752
vt 0.6452 0.0772
vt 0.6410 0.0780
vt 0.6408 0.0584
vt 0.6443 0.0591
vt 0.6410 0.0563
vt 0.6452 0.0571
vt 0.5573 0.0584
vt 0.5571 0.0563
vt 0.6363 0.0759
vt 0.5659 0.0759
vt 0.3483 0.1919
vt 0.3483 0.2624
vt 0.3483 0.2669
vt 0.5528 0.4864
vt 0.4840 0.4864
vt 0.5662 0.1448
vt 0.5483 0.0673
vt 0.5659 0.1890
vt 0.5483 0.1976
vt 0.5683 0.1448
vt 0.5679 0.1869
vt 0.6408 0.1890
vt 0.6410 0.1869
vt 0.6408 0.2065
vt 0.5573 0.2065
vt 0.6443 0.1897
vt 0.6443 0.2059
vt 0.6452 0.1877
vt 0.6472 0.1916
vt 0.6487 0.1901
vt 0.6472 0.2039
vt 0.6491 0.1944
vt 0.6491 0.2011
vt 0.6510 0.1936
vt 0.6497 0.1978
vt 0.6518 0.1978
vt 0.6510 0.2019
vt 0.6487 0.2054
vt 0.6452 0.2078
vt 0.6410 0.2086
vt 0.5571 0.2086
vt 0.5538 0.2059
vt 0.5530 0.2078
vt 0.5510 0.2039
vt 0.5490 0.2011
vt 0.5471 0.2019
vt 0.5463 0.1978
vt 0.5495 0.2054
vt 0.5463 0.0671
vt 0.5490 0.0638
vt 0.5471 0.0630
vt 0.5510 0.0610
vt 0.5495 0.0595
vt 0.5538 0.0591
vt 0.5530 0.0571
vt 0.6472 0.0610
vt 0.6487 0.0595
vt 0.6472 0.0733
vt 0.6491 0.0638
vt 0.6491 0.0705
vt 0.6510 0.0630
vt 0.6497 0.0671
vt 0.6518 0.0671
vt 0.6510 0.0713
vt 0.6487 0.0748
vt 0.3147 0.4757
vt 0.3147 0.4595
vt 0.1849 0.4595
vt 0.1849 0.4757
vt 0.3154 0.4757
vt 0.3154 0.4595
vt 0.3192 0.4757
vt 0.3192 0.4595
vt 0.3228 0.4757
vt 0.3228 0.4595
vt 0.3462 0.0681
vt 0.3300 0.0681
vt 0.3300 0.0714
vt 0.3462 0.0714
vt 0.3462 0.0641
vt 0.3300 0.0641
vt 0.3462 0.0600
vt 0.3300 0.0600
vt 0.3462 0.0563
vt 0.3300 0.0563
vt 0.2465 0.4363
vt 0.2465 0.4525
vt 0.2433 0.4525
vt 0.2433 0.4363
vt 0.2526 0.4363
vt 0.2526 0.4525
vt 0.3823 0.4363
vt 0.3823 0.4525
vt 0.3864 0.4363
vt 0.3864 0.4525
vt 0.3899 0.4363
vt 0.3899 0.4525
vt 0.2518 0.3662
vt 0.2680 0.3662
vt 0.2680 0.3697
vt 0.2518 0.3697
vt 0.2518 0.3621
vt 0.2680 0.3621
vt 0.2518 0.3580
vt 0.2680 0.3580
vt 0.2518 0.3544
vt 0.2680 0.3544
vt 0.1808 0.4757
vt 0.1808 0.4595
vt 0.1773 0.4595
vt 0.1773 0.4757
vt 0.3712 0.2099
vt 0.3719 0.2134
vt 0.3699 0.2142
vt 0.3691 0.2101
vt 0.3887 0.2099
vt 0.3880 0.2134
vt 0.3908 0.2101
vt 0.3900 0.2142
vt 0.3889 0.0806
vt 0.3910 0.0804
vt 0.3719 0.0803
vt 0.3699 0.0803
vt 0.3719 0.0797
vt 0.3699 0.0796
vt 0.3880 0.0751
vt 0.3723 0.0765
vt 0.3739 0.0736
vt 0.3860 0.0727
vt 0.3765 0.0716
vt 0.3874 0.0711
vt 0.3899 0.0743
vt 0.3831 0.0711
vt 0.3837 0.0691
vt 0.3798 0.0706
vt 0.3756 0.0697
vt 0.3796 0.0685
vt 0.3723 0.0723
vt 0.3703 0.0759
vt 0.3861 0.2163
vt 0.3876 0.2177
vt 0.3738 0.2163
vt 0.3833 0.2182
vt 0.3766 0.2182
vt 0.3841 0.2201
vt 0.3799 0.2188
vt 0.3799 0.2209
vt 0.3758 0.2201
vt 0.3723 0.2177
vt 0.0368 0.8777
vt 0.0394 0.8777
vt 0.0394 0.4082
vt 0.0368 0.4082
vt 0.0481 0.4180
vt 0.0467 0.4180
vt 0.0467 0.8875
vt 0.0481 0.8875
vt 0.0441 0.4180
vt 0.0441 0.8875
vt 0.0553 0.4278
vt 0.0527 0.4278
vt 0.0527 0.8973
vt 0.0553 0.8973
vt 0.0639 0.9095
vt 0.0626 0.9095
vt 0.0626 0.4400
vt 0.0639 0.4400
vt 0.0600 0.9095
vt 0.0600 0.4400
vt 0.1101 0.4265
vt 0.1101 0.4331
vt 0.1089 0.4331
vt 0.1089 0.4265
vt 0.1403 0.4265
vt 0.1403 0.4331
vt 0.1422 0.4265
vt 0.1422 0.4331
vt 0.1441 0.4265
vt 0.1441 0.4331
vt 0.1370 0.2873
vt 0.1436 0.2873
vt 0.1436 0.2907
vt 0.1370 0.2907
vt 0.1370 0.2854
vt 0.1436 0.2854
vt 0.1370 0.2836
vt 0.1436 0.2836
vt 0.3305 0.3378
vt 0.3305 0.3312
vt 0.3276 0.3312
vt 0.3276 0.3378
vt 0.3494 0.3378
vt 0.3494 0.3312
vt 0.3302 0.0453
vt 0.3302 0.0519
vt 0.2787 0.0519
vt 0.2787 0.0453
vt 0.3319 0.0453
vt 0.3319 0.0519
vt 0.1663 0.0105
vt 0.1729 0.0105
vt 0.1729 0.0121
vt 0.1663 0.0121
vt 0.1663 0.0086
vt 0.1729 0.0086
vt 0.1663 0.0066
vt 0.1729 0.0066
vt 0.1663 0.0050
vt 0.1729 0.0050
vt 0.0885 0.4087
vt 0.0885 0.4021
vt 0.0869 0.4021
vt 0.0869 0.4087
vt 0.0904 0.4087
vt 0.0904 0.4021
vt 0.0925 0.4087
vt 0.0925 0.4021
vt 0.1539 0.4087
vt 0.1539 0.4021
vt 0.1557 0.4087
vt 0.1557 0.4021
vt 0.0116 0.1742
vt 0.0050 0.1742
vt 0.0050 0.1758
vt 0.0116 0.1758
vt 0.0116 0.1723
vt 0.0050 0.1723
vt 0.0116 0.1704
vt 0.0050 0.1704
vt 0.0116 0.1687
vt 0.0050 0.1687
vt 0.4484 0.1828
vt 0.4473 0.1820
vt 0.4482 0.1801
vt 0.4498 0.1812
vt 0.4466 0.1921
vt 0.4490 0.1836
vt 0.4508 0.1825
vt 0.4638 0.2133
vt 0.4658 0.2127
vt 0.4579 0.2148
vt 0.4639 0.2145
vt 0.4595 0.2170
vt 0.4660 0.2146
vt 0.4637 0.2153
vt 0.4655 0.2165
vt 0.4612 0.2170
vt 0.4602 0.2172
vt 0.4620 0.2190
vt 0.4602 0.2193
vt 0.4583 0.2188
vt 0.4561 0.2159
vt 0.4467 0.1970
vt 0.4222 0.2475
vt 0.4240 0.2485
vt 0.4167 0.2451
vt 0.4433 0.1840
vt 0.4147 0.2445
vt 0.4415 0.1831
vt 0.4164 0.2466
vt 0.4143 0.2466
vt 0.4214 0.2486
vt 0.4229 0.2501
vt 0.4205 0.2493
vt 0.4213 0.2512
vt 0.4166 0.2477
vt 0.4194 0.2495
vt 0.4173 0.2486
vt 0.4194 0.2516
vt 0.4182 0.2493
vt 0.4174 0.2512
vt 0.4158 0.2501
vt 0.4147 0.2485
vt 0.4442 0.1827
vt 0.4427 0.1812
vt 0.4451 0.1820
vt 0.4443 0.1801
vt 0.4462 0.1818
vt 0.4462 0.1797
vt 0.2042 0.4265
vt 0.2068 0.4265
vt 0.2068 0.0417
vt 0.2042 0.0417
vt 0.2472 0.0429
vt 0.2459 0.0429
vt 0.2459 0.4277
vt 0.2472 0.4277
vt 0.2433 0.0429
vt 0.2433 0.4277
vt 0.2202 0.0392
vt 0.2176 0.0392
vt 0.2176 0.4241
vt 0.2202 0.4241
vt 0.2301 0.4290
vt 0.2288 0.4290
vt 0.2288 0.0441
vt 0.2301 0.0441
vt 0.2262 0.4290
vt 0.2262 0.0441
vt 0.2829 0.1540
vt 0.2763 0.1540
vt 0.2763 0.1571
vt 0.2829 0.1571
vt 0.2829 0.1458
vt 0.2763 0.1458
vt 0.2829 0.1417
vt 0.2763 0.1417
vt 0.2829 0.1382
vt 0.2763 0.1382
vt 0.2829 0.1351
vt 0.2763 0.1351
vt 0.2829 0.1325
vt 0.2763 0.1325
vt 0.2829 0.1309
vt 0.2763 0.1309
vt 0.1378 0.2726
vt 0.1378 0.2792
vt 0.1345 0.2792
vt 0.1345 0.2726
vt 0.1413 0.2726
vt 0.1413 0.2792
vt 0.1452 0.2726
vt 0.1452 0.2792
vt 0.1494 0.2726
vt 0.1494 0.2792
vt 0.1536 0.2726
vt 0.1536 0.2792
vt 0.1575 0.2726
vt 0.1575 0.2792
vt 0.1610 0.2726
vt 0.1610 0.2792
vt 0.1643 0.2726
vt 0.1643 0.2792
vt 0.1919 0.0825
vt 0.1986 0.0825
vt 0.1986 0.0857
vt 0.1919 0.0857
vt 0.1919 0.0789
vt 0.1986 0.0789
vt 0.1919 0.0750
vt 0.1986 0.0750
vt 0.1919 0.0708
vt 0.1986 0.0708
vt 0.1919 0.0502
vt 0.1986 0.0502
vt 0.1919 0.0482
vt 0.1986 0.0482
vt 0.1919 0.0465
vt 0.1986 0.0465
vt 0.2535 0.4148
vt 0.2535 0.4082
vt 0.2518 0.4082
vt 0.2518 0.4148
vt 0.2554 0.4148
vt 0.2554 0.4082
vt 0.3174 0.4148
vt 0.3174 0.4082
vt 0.3194 0.4148
vt 0.3194 0.4082
vt 0.3211 0.4148
vt 0.3211 0.4082
vt 0.1668 0.1071
vt 0.1602 0.1071
vt 0.1602 0.1088
vt 0.1668 0.1088
vt 0.1668 0.1052
vt 0.1602 0.1052
vt 0.1668 0.1032
vt 0.1602 0.1032
vt 0.1668 0.1015
vt 0.1602 0.1015
vt 0.2877 0.3459
vt 0.2877 0.3525
vt 0.2860 0.3525
vt 0.2860 0.3459
vt 0.2897 0.3459
vt 0.2897 0.3525
vt 0.3130 0.3459
vt 0.3130 0.3525
vt 0.3467 0.3459
vt 0.3467 0.3525
vt 0.0861 0.2449
vt 0.0795 0.2449
vt 0.0795 0.2604
vt 0.0861 0.2604
vt 0.0861 0.2407
vt 0.0795 0.2407
vt 0.0861 0.2372
vt 0.0795 0.2372
vt 0.1380 0.2193
vt 0.1380 0.2127
vt 0.1345 0.2127
vt 0.1345 0.2193
vt 0.1422 0.2193
vt 0.1422 0.2127
vt 0.1464 0.2193
vt 0.1464 0.2127
vt 0.1499 0.2193
vt 0.1499 0.2127
vt 0.2836 0.2891
vt 0.2902 0.2891
vt 0.2902 0.2926
vt 0.2836 0.2926
vt 0.2836 0.2849
vt 0.2902 0.2849
vt 0.2836 0.2764
vt 0.2902 0.2764
vt 0.2836 0.2761
vt 0.2902 0.2761
vt 0.2836 0.2743
vt 0.2902 0.2743
vt 0.2836 0.2726
vt 0.2902 0.2726
vt 0.0774 0.1839
vt 0.0774 0.1773
vt 0.0759 0.1773
vt 0.0759 0.1839
vt 0.0794 0.1839
vt 0.0794 0.1773
vt 0.0814 0.1839
vt 0.0814 0.1773
vt 0.0832 0.1839
vt 0.0832 0.1773
vt 0.2763 0.1586
vt 0.2829 0.1586
vt 0.4296 0.1355
vt 0.4288 0.1361
vt 0.4273 0.1348
vt 0.4288 0.1336
vt 0.4302 0.1410
vt 0.4292 0.1405
vt 0.4295 0.1430
vt 0.4278 0.1421
vt 0.4315 0.1412
vt 0.4313 0.1433
vt 0.4316 0.1412
vt 0.4320 0.1351
vt 0.4317 0.1433
vt 0.4403 0.1410
vt 0.4401 0.1431
vt 0.4400 0.1351
vt 0.4319 0.1330
vt 0.4401 0.1330
vt 0.4438 0.1355
vt 0.4441 0.1335
vt 0.4451 0.1420
vt 0.4470 0.1363
vt 0.4443 0.1439
vt 0.4493 0.1448
vt 0.4479 0.1463
vt 0.4497 0.1376
vt 0.4521 0.1393
vt 0.4477 0.1344
vt 0.4508 0.1358
vt 0.4534 0.1377
vt 0.4535 0.1406
vt 0.4550 0.1392
vt 0.4522 0.1490
vt 0.4560 0.1436
vt 0.4503 0.1499
vt 0.4532 0.1541
vt 0.4511 0.1541
vt 0.4577 0.1468
vt 0.4588 0.1502
vt 0.4577 0.1424
vt 0.4597 0.1460
vt 0.4608 0.1499
vt 0.4591 0.1541
vt 0.4612 0.1541
vt 0.4522 0.1590
vt 0.4588 0.1579
vt 0.4503 0.1582
vt 0.4493 0.1632
vt 0.4479 0.1617
vt 0.4577 0.1613
vt 0.4560 0.1645
vt 0.4608 0.1583
vt 0.4596 0.1621
vt 0.4577 0.1657
vt 0.4536 0.1675
vt 0.4550 0.1689
vt 0.4451 0.1661
vt 0.4506 0.1699
vt 0.4443 0.1641
vt 0.4403 0.1670
vt 0.4401 0.1649
vt 0.4474 0.1716
vt 0.4439 0.1726
vt 0.4482 0.1735
vt 0.4443 0.1747
vt 0.4518 0.1716
vt 0.4400 0.1730
vt 0.4401 0.1751
vt 0.4225 0.1670
vt 0.4197 0.1730
vt 0.4246 0.1649
vt 0.4227 0.1313
vt 0.4248 0.1313
vt 0.4164 0.1697
vt 0.4164 0.1081
vt 0.4166 0.1710
vt 0.4173 0.1720
vt 0.4183 0.1727
vt 0.4195 0.1750
vt 0.4175 0.1746
vt 0.4158 0.1735
vt 0.4147 0.1718
vt 0.4143 0.1699
vt 0.4143 0.1079
vt 0.4166 0.1067
vt 0.4147 0.1059
vt 0.4223 0.1067
vt 0.4225 0.1081
vt 0.4173 0.1057
vt 0.4216 0.1057
vt 0.4158 0.1043
vt 0.4183 0.1051
vt 0.4175 0.1031
vt 0.4206 0.1051
vt 0.4195 0.1049
vt 0.4195 0.1027
vt 0.4214 0.1031
vt 0.4231 0.1043
vt 0.4242 0.1059
vt 0.4246 0.1079
vt 0.4285 0.1395
vt 0.4267 0.1405
vt 0.4283 0.1371
vt 0.4281 0.1383
vt 0.4260 0.1385
vt 0.4263 0.1365
vt 0.2856 0.0783
vt 0.2856 0.0945
vt 0.2795 0.0945
vt 0.2795 0.0783
vt 0.2987 0.0783
vt 0.2987 0.0945
vt 0.3107 0.0783
vt 0.3107 0.0945
vt 0.3215 0.0783
vt 0.3215 0.0945
vt 0.3312 0.0783
vt 0.3312 0.0945
vt 0.2518 0.3389
vt 0.2680 0.3389
vt 0.2680 0.3494
vt 0.2518 0.3494
vt 0.2518 0.3269
vt 0.2680 0.3269
vt 0.2518 0.3133
vt 0.2680 0.3133
vt 0.2518 0.2983
vt 0.2680 0.2983
vt 0.2518 0.2831
vt 0.2680 0.2831
vt 0.2518 0.2691
vt 0.2680 0.2691
vt 0.2518 0.2562
vt 0.2680 0.2562
vt 0.2518 0.2445
vt 0.2680 0.2445
vt 0.2134 0.5503
vt 0.2134 0.5341
vt 0.2017 0.5341
vt 0.2017 0.5503
vt 0.2263 0.5503
vt 0.2263 0.5341
vt 0.2404 0.5503
vt 0.2404 0.5341
vt 0.2556 0.5503
vt 0.2556 0.5341
vt 0.2708 0.5503
vt 0.2708 0.5341
vt 0.2848 0.5503
vt 0.2848 0.5341
vt 0.2977 0.5503
vt 0.2977 0.5341
vt 0.3094 0.5503
vt 0.3094 0.5341
vt 0.3255 0.2939
vt 0.3092 0.2939
vt 0.3092 0.3056
vt 0.3255 0.3056
vt 0.3255 0.2810
vt 0.3092 0.2810
vt 0.3255 0.2670
vt 0.3092 0.2670
vt 0.3255 0.2518
vt 0.3092 0.2518
vt 0.3255 0.2367
vt 0.3092 0.2367
vt 0.3255 0.2229
vt 0.3092 0.2229
vt 0.3255 0.2104
vt 0.3092 0.2104
vt 0.3255 0.1993
vt 0.3092 0.1993
vt 0.2866 0.0575
vt 0.2866 0.0737
vt 0.2763 0.0737
vt 0.2763 0.0575
vt 0.2967 0.0575
vt 0.2967 0.0737
vt 0.3066 0.0575
vt 0.3066 0.0737
vt 0.3162 0.0575
vt 0.3162 0.0737
vt 0.3224 0.0575
vt 0.3224 0.0737
vt 0.3256 0.0575
vt 0.3256 0.0737
vt 0.1418 0.0812
vt 0.1581 0.0812
vt 0.1581 0.0848
vt 0.1418 0.0848
vt 0.1418 0.0770
vt 0.1581 0.0770
vt 0.1418 0.0730
vt 0.1581 0.0730
vt 0.1418 0.0698
vt 0.1581 0.0698
vt 0.1381 0.2680
vt 0.1381 0.2518
vt 0.1345 0.2518
vt 0.1345 0.2680
vt 0.1418 0.2680
vt 0.1418 0.2518
vt 0.1499 0.2680
vt 0.1499 0.2518
vt 0.1573 0.2680
vt 0.1573 0.2518
vt 0.1641 0.2680
vt 0.1641 0.2518
vt 0.1703 0.2680
vt 0.1703 0.2518
vt 0.1712 0.1223
vt 0.1874 0.1223
vt 0.1874 0.1296
vt 0.1712 0.1296
vt 0.1712 0.1139
vt 0.1874 0.1139
vt 0.1712 0.1043
vt 0.1874 0.1043
vt 0.1712 0.0936
vt 0.1874 0.0936
vt 0.1712 0.0828
vt 0.1874 0.0828
vt 0.1712 0.0727
vt 0.1874 0.0727
vt 0.1712 0.0635
vt 0.1874 0.0635
vt 0.1712 0.0551
vt 0.1874 0.0551
vt 0.2810 0.3105
vt 0.2810 0.3267
vt 0.2726 0.3267
vt 0.2726 0.3105
vt 0.2902 0.3105
vt 0.2902 0.3267
vt 0.3002 0.3105
vt 0.3002 0.3267
vt 0.3111 0.3105
vt 0.3111 0.3267
vt 0.3219 0.3105
vt 0.3219 0.3267
vt 0.3320 0.3105
vt 0.3320 0.3267
vt 0.3412 0.3105
vt 0.3412 0.3267
vt 0.3496 0.3105
vt 0.3496 0.3267
vt 0.1300 0.2736
vt 0.1137 0.2736
vt 0.1137 0.2820
vt 0.1300 0.2820
vt 0.1300 0.2643
vt 0.1137 0.2643
vt 0.1300 0.2543
vt 0.1137 0.2543
vt 0.1300 0.2434
vt 0.1137 0.2434
vt 0.1300 0.2327
vt 0.1137 0.2327
vt 0.1300 0.2233
vt 0.1137 0.2233
vt 0.1300 0.2149
vt 0.1137 0.2149
vt 0.1300 0.2078
vt 0.1137 0.2078
vt 0.1238 0.1055
vt 0.1238 0.0893
vt 0.1174 0.0893
vt 0.1174 0.1055
vt 0.1310 0.1055
vt 0.1310 0.0893
vt 0.1390 0.1055
vt 0.1390 0.0893
vt 0.1478 0.1055
vt 0.1478 0.0893
vt 0.1485 0.1055
vt 0.1485 0.0893
vt 0.1522 0.1055
vt 0.1522 0.0893
vt 0.1559 0.1055
vt 0.1559 0.0893
vt 0.0530 0.0938
vt 0.0368 0.0938
vt 0.0368 0.0970
vt 0.0530 0.0970
vt 0.0530 0.0898
vt 0.0368 0.0898
vt 0.0530 0.0856
vt 0.0368 0.0856
vt 0.0530 0.0820
vt 0.0368 0.0820
vt 0.2763 0.0945
vt 0.2763 0.0783
vt 0.1964 0.2629
vt 0.1944 0.2604
vt 0.1957 0.2588
vt 0.1983 0.2620
vt 0.1823 0.2614
vt 0.1849 0.2593
vt 0.1973 0.2681
vt 0.1807 0.2643
vt 0.1994 0.2682
vt 0.1945 0.2807
vt 0.1965 0.2813
vt 0.1774 0.2777
vt 0.1803 0.2684
vt 0.1755 0.2769
vt 0.1782 0.2681
vt 0.1734 0.2860
vt 0.1716 0.2849
vt 0.1899 0.2923
vt 0.1917 0.2932
vt 0.1833 0.3028
vt 0.1849 0.3040
vt 0.1683 0.2934
vt 0.1667 0.2921
vt 0.1621 0.3000
vt 0.1607 0.2985
vt 0.1748 0.3122
vt 0.1762 0.3137
vt 0.1646 0.3200
vt 0.1657 0.3217
vt 0.1546 0.3055
vt 0.1536 0.3037
vt 0.1459 0.3093
vt 0.1453 0.3074
vt 0.1530 0.3255
vt 0.1537 0.3274
vt 0.1398 0.3288
vt 0.1401 0.3309
vt 0.1361 0.3117
vt 0.1358 0.3096
vt 0.1251 0.3124
vt 0.1251 0.3103
vt 0.1251 0.3299
vt 0.1251 0.3320
vt 0.1103 0.3286
vt 0.1099 0.3306
vt 0.1138 0.3114
vt 0.1142 0.3093
vt 0.1034 0.3083
vt 0.1042 0.3064
vt 0.0967 0.3245
vt 0.0959 0.3264
vt 0.0842 0.3177
vt 0.0830 0.3195
vt 0.0938 0.3031
vt 0.0950 0.3014
vt 0.0851 0.2958
vt 0.0866 0.2944
vt 0.0728 0.3082
vt 0.0713 0.3097
vt 0.0632 0.2968
vt 0.0615 0.2980
vt 0.0779 0.2871
vt 0.0796 0.2860
vt 0.0727 0.2775
vt 0.0746 0.2767
vt 0.0565 0.2843
vt 0.0546 0.2851
vt 0.0524 0.2707
vt 0.0504 0.2711
vt 0.0696 0.2671
vt 0.0716 0.2667
vt 0.0686 0.2559
vt 0.0707 0.2559
vt 0.0511 0.2559
vt 0.0490 0.2559
vt 0.0524 0.2411
vt 0.0504 0.2407
vt 0.0696 0.2446
vt 0.0716 0.2450
vt 0.0727 0.2342
vt 0.0746 0.2350
vt 0.0565 0.2274
vt 0.0546 0.2266
vt 0.0632 0.2149
vt 0.0615 0.2138
vt 0.0779 0.2246
vt 0.0796 0.2258
vt 0.0851 0.2159
vt 0.0866 0.2174
vt 0.0728 0.2035
vt 0.0713 0.2020
vt 0.0842 0.1940
vt 0.0830 0.1923
vt 0.0938 0.2087
vt 0.0950 0.2104
vt 0.1034 0.2035
vt 0.1042 0.2054
vt 0.0967 0.1872
vt 0.0959 0.1853
vt 0.1103 0.1832
vt 0.1099 0.1811
vt 0.1138 0.2004
vt 0.1142 0.2024
vt 0.1251 0.1993
vt 0.1251 0.2014
vt 0.1251 0.1818
vt 0.1251 0.1797
vt 0.1399 0.1831
vt 0.1402 0.1810
vt 0.1361 0.2001
vt 0.1358 0.2021
vt 0.1460 0.2023
vt 0.1454 0.2043
vt 0.1533 0.1869
vt 0.1540 0.1850
vt 0.1653 0.1933
vt 0.1665 0.1915
vt 0.1548 0.2061
vt 0.1538 0.2080
vt 0.1625 0.2115
vt 0.1611 0.2131
vt 0.1762 0.2022
vt 0.1776 0.2007
vt 0.1852 0.2123
vt 0.1869 0.2111
vt 0.1740 0.2250
vt 0.1688 0.2179
vt 0.1722 0.2260
vt 0.1673 0.2192
vt 0.1778 0.2327
vt 0.1759 0.2335
vt 0.1918 0.2222
vt 0.1936 0.2212
vt 0.1959 0.2317
vt 0.1978 0.2311
vt 0.1805 0.2411
vt 0.1784 0.2415
vt 0.1809 0.2446
vt 0.1789 0.2452
vt 0.1975 0.2407
vt 0.1996 0.2407
vt 0.1966 0.2460
vt 0.1985 0.2468
vt 0.1851 0.2495
vt 0.1825 0.2475
vt 0.1842 0.2514
vt 0.1809 0.2489
vt 0.1883 0.2505
vt 0.1882 0.2526
vt 0.1946 0.2484
vt 0.1960 0.2501
vt 0.1917 0.2500
vt 0.1923 0.2520
vt 0.1803 0.2675
vt 0.1782 0.2673
vt 0.1787 0.2636
vt 0.1807 0.2600
vt 0.1840 0.2575
vt 0.1881 0.2584
vt 0.1880 0.2563
vt 0.1914 0.2588
vt 0.1921 0.2568
vt 0.3438 0.3982
vt 0.3276 0.3982
vt 0.3276 0.4043
vt 0.3438 0.4043
vt 0.3438 0.3645
vt 0.3276 0.3645
vt 0.3438 0.3604
vt 0.3276 0.3604
vt 0.3438 0.3569
vt 0.3276 0.3569
vt 0.2920 0.1993
vt 0.2920 0.2155
vt 0.2885 0.2155
vt 0.2885 0.1993
vt 0.2961 0.1993
vt 0.2961 0.2155
vt 0.3003 0.1993
vt 0.3003 0.2155
vt 0.3038 0.1993
vt 0.3038 0.2155
vt 0.1602 0.4469
vt 0.1764 0.4469
vt 0.1764 0.4504
vt 0.1602 0.4504
vt 0.1602 0.4427
vt 0.1764 0.4427
vt 0.1602 0.4103
vt 0.1764 0.4103
vt 0.1602 0.4095
vt 0.1764 0.4095
vt 0.1602 0.4058
vt 0.1764 0.4058
vt 0.1602 0.4021
vt 0.1764 0.4021
vt 0.1877 0.3279
vt 0.1877 0.3117
vt 0.1846 0.3117
vt 0.1846 0.3279
vt 0.1916 0.3279
vt 0.1916 0.3117
vt 0.1958 0.3279
vt 0.1958 0.3117
vt 0.1995 0.3279
vt 0.1995 0.3117
vt 0.3276 0.4073
vt 0.3438 0.4073
vt 0.4399 0.2361
vt 0.4376 0.2382
vt 0.4359 0.2369
vt 0.4389 0.2342
vt 0.4392 0.2502
vt 0.4370 0.2477
vt 0.4422 0.2516
vt 0.4452 0.2349
vt 0.4455 0.2519
vt 0.4454 0.2539
vt 0.4417 0.2536
vt 0.1785 0.4096
vt 0.1785 0.4103
vt 0.4785 0.2343
vt 0.4461 0.2519
vt 0.4450 0.2328
vt 0.4786 0.2323
vt 0.4820 0.2350
vt 0.4828 0.2331
vt 0.4820 0.2512
vt 0.4784 0.2519
vt 0.4848 0.2369
vt 0.4848 0.2493
vt 0.4863 0.2354
vt 0.4867 0.2398
vt 0.4887 0.2390
vt 0.4867 0.2464
vt 0.4874 0.2431
vt 0.4895 0.2431
vt 0.4887 0.2472
vt 0.4863 0.2507
vt 0.4828 0.2531
vt 0.4786 0.2539
vt 0.1785 0.4426
vt 0.4380 0.2519
vt 0.4352 0.2487
vt 0.4360 0.2446
vt 0.4339 0.2449
vt 0.4362 0.2412
vt 0.4341 0.2407
vt 0.1947 0.1837
vt 0.1785 0.1837
vt 0.1785 0.1899
vt 0.1947 0.1899
vt 0.1947 0.1659
vt 0.1785 0.1659
vt 0.1947 0.1570
vt 0.1785 0.1570
vt 0.1947 0.1489
vt 0.1785 0.1489
vt 0.1947 0.1414
vt 0.1785 0.1414
vt 0.1947 0.1345
vt 0.1785 0.1345
vt 0.0473 0.0197
vt 0.0473 0.0359
vt 0.0404 0.0359
vt 0.0404 0.0197
vt 0.0548 0.0197
vt 0.0548 0.0359
vt 0.0630 0.0197
vt 0.0630 0.0359
vt 0.0718 0.0197
vt 0.0718 0.0359
vt 0.0807 0.0197
vt 0.0807 0.0359
vt 0.0888 0.0197
vt 0.0888 0.0359
vt 0.0963 0.0197
vt 0.0963 0.0359
vt 0.1031 0.0197
vt 0.1031 0.0359
vt 0.0050 0.1565
vt 0.0212 0.1565
vt 0.0212 0.1633
vt 0.0050 0.1633
vt 0.0050 0.1490
vt 0.0212 0.1490
vt 0.0050 0.1408
vt 0.0212 0.1408
vt 0.0050 0.1319
vt 0.0212 0.1319
vt 0.0050 0.0884
vt 0.0212 0.0884
vt 0.0050 0.0843
vt 0.0212 0.0843
vt 0.0050 0.0808
vt 0.0212 0.0808
vt 0.4520 0.5283
vt 0.4520 0.5121
vt 0.4485 0.5121
vt 0.4485 0.5283
vt 0.4562 0.5283
vt 0.4562 0.5121
vt 0.5868 0.5283
vt 0.5868 0.5121
vt 0.5909 0.5283
vt 0.5909 0.5121
vt 0.5944 0.5283
vt 0.5944 0.5121
vt 0.1141 0.1512
vt 0.0979 0.1512
vt 0.0979 0.1547
vt 0.1141 0.1547
vt 0.1141 0.1470
vt 0.0979 0.1470
vt 0.1141 0.1429
vt 0.0979 0.1429
vt 0.1141 0.1394
vt 0.0979 0.1394
vt 0.0659 0.3581
vt 0.0659 0.3743
vt 0.0624 0.3743
vt 0.0624 0.3581
vt 0.0701 0.3581
vt 0.0701 0.3743
vt 0.1443 0.3581
vt 0.1443 0.3743
vt 0.1903 0.3581
vt 0.1903 0.3743
vt 0.0212 0.0433
vt 0.0050 0.0433
vt 0.0050 0.0760
vt 0.0212 0.0760
vt 0.0212 0.0344
vt 0.0050 0.0344
vt 0.0212 0.0270
vt 0.0050 0.0270
vt 0.1419 0.2473
vt 0.1419 0.2310
vt 0.1345 0.2310
vt 0.1345 0.2473
vt 0.1507 0.2473
vt 0.1507 0.2310
vt 0.1596 0.2473
vt 0.1596 0.2310
vt 0.1670 0.2473
vt 0.1670 0.2310
vt 0.0905 0.2561
vt 0.1067 0.2561
vt 0.1067 0.2636
vt 0.0905 0.2636
vt 0.0905 0.2473
vt 0.1067 0.2473
vt 0.0905 0.2293
vt 0.1067 0.2293
vt 0.0905 0.2286
vt 0.1067 0.2286
vt 0.0905 0.2249
vt 0.1067 0.2249
vt 0.0905 0.2213
vt 0.1067 0.2213
vt 0.1109 0.0322
vt 0.1109 0.0160
vt 0.1076 0.0160
vt 0.1076 0.0322
vt 0.1149 0.0322
vt 0.1149 0.0160
vt 0.1191 0.0322
vt 0.1191 0.0160
vt 0.1227 0.0322
vt 0.1227 0.0160
vt 0.1785 0.1931
vt 0.1947 0.1931
vt 0.2831 0.1083
vt 0.2806 0.1102
vt 0.2790 0.1089
vt 0.2822 0.1063
vt 0.2844 0.1240
vt 0.2815 0.1224
vt 0.2838 0.1260
vt 0.2802 0.1240
vt 0.2876 0.1243
vt 0.2875 0.1264
vt 0.2883 0.1243
vt 0.2885 0.1073
vt 0.1088 0.2287
vt 0.1088 0.2294
vt 0.1088 0.2475
vt 0.3064 0.1247
vt 0.3061 0.1074
vt 0.2883 0.1053
vt 0.3062 0.1054
vt 0.3146 0.1082
vt 0.3150 0.1062
vt 0.3158 0.1265
vt 0.3224 0.1105
vt 0.3296 0.1144
vt 0.3240 0.1320
vt 0.3232 0.1086
vt 0.3307 0.1127
vt 0.3361 0.1199
vt 0.3376 0.1184
vt 0.3415 0.1264
vt 0.3295 0.1401
vt 0.3433 0.1252
vt 0.3454 0.1335
vt 0.3473 0.1327
vt 0.3313 0.1498
vt 0.3477 0.1413
vt 0.3292 0.1498
vt 0.3275 0.1409
vt 0.3295 0.1593
vt 0.3275 0.1585
vt 0.3485 0.1498
vt 0.3477 0.1582
vt 0.3506 0.1498
vt 0.3498 0.1586
vt 0.3498 0.1409
vt 0.3454 0.1660
vt 0.3473 0.1668
vt 0.3415 0.1731
vt 0.3240 0.1674
vt 0.3433 0.1743
vt 0.3361 0.1796
vt 0.3376 0.1811
vt 0.3158 0.1730
vt 0.3296 0.1850
vt 0.3150 0.1710
vt 0.3225 0.1660
vt 0.3064 0.1748
vt 0.3062 0.1727
vt 0.3224 0.1889
vt 0.3146 0.1912
vt 0.3232 0.1908
vt 0.3150 0.1932
vt 0.3307 0.1868
vt 0.3061 0.1920
vt 0.3062 0.1940
vt 0.2714 0.1748
vt 0.2628 0.1919
vt 0.2735 0.1727
vt 0.1924 0.3764
vt 0.1443 0.3764
vt 0.2714 0.1267
vt 0.2539 0.1829
vt 0.2539 0.0527
vt 0.2546 0.1864
vt 0.2565 0.1893
vt 0.2593 0.1912
vt 0.2626 0.1939
vt 0.2585 0.1931
vt 0.2550 0.1908
vt 0.2526 0.1873
vt 0.2518 0.1831
vt 0.2518 0.0525
vt 0.2546 0.0492
vt 0.2526 0.0483
vt 0.2707 0.0492
vt 0.2714 0.0527
vt 0.2565 0.0463
vt 0.2688 0.0463
vt 0.2550 0.0448
vt 0.2593 0.0444
vt 0.2585 0.0425
vt 0.2660 0.0444
vt 0.2626 0.0438
vt 0.2626 0.0417
vt 0.2668 0.0425
vt 0.2703 0.0448
vt 0.2727 0.0483
vt 0.2735 0.0525
vt 0.0703 0.3764
vt 0.3225 0.1335
vt 0.3150 0.1284
vt 0.3062 0.1267
vt 0.2795 0.1197
vt 0.2776 0.1207
vt 0.2790 0.1132
vt 0.2786 0.1165
vt 0.2765 0.1167
vt 0.2770 0.1125
vt 0.1008 0.2939
vt 0.1008 0.2872
vt 0.0991 0.2872
vt 0.0991 0.2939
vt 0.1298 0.2939
vt 0.1298 0.2872
vt 0.1316 0.2939
vt 0.1316 0.2872
vt 0.0434 0.1070
vt 0.0368 0.1070
vt 0.0368 0.1086
vt 0.0434 0.1086
vt 0.0434 0.1051
vt 0.0368 0.1051
vt 0.0434 0.1032
vt 0.0368 0.1032
vt 0.0434 0.1015
vt 0.0368 0.1015
vt 0.0997 0.1638
vt 0.0997 0.1704
vt 0.0979 0.1704
vt 0.0979 0.1638
vt 0.1616 0.1638
vt 0.1616 0.1704
vt 0.1636 0.1638
vt 0.1636 0.1704
vt 0.1656 0.1638
vt 0.1656 0.1704
vt 0.1672 0.1638
vt 0.1672 0.1704
vt 0.0575 0.0874
vt 0.0641 0.0874
vt 0.0641 0.0891
vt 0.0575 0.0891
vt 0.0575 0.0855
vt 0.0641 0.0855
vt 0.0575 0.0836
vt 0.0641 0.0836
vt 0.0575 0.0820
vt 0.0641 0.0820
vt 0.0421 0.0605
vt 0.0421 0.0539
vt 0.0404 0.0539
vt 0.0404 0.0605
vt 0.0940 0.0605
vt 0.0940 0.0539
vt 0.1471 0.0160
vt 0.1471 0.0226
vt 0.1272 0.0226
vt 0.1272 0.0160
vt 0.1474 0.0160
vt 0.1474 0.0226
vt 0.1487 0.0160
vt 0.1487 0.0226
vt 0.0099 0.0153
vt 0.0165 0.0153
vt 0.0165 0.0171
vt 0.0099 0.0171
vt 0.0099 0.0134
vt 0.0165 0.0134
vt 0.0099 0.0114
vt 0.0165 0.0114
vt 0.0099 0.0099
vt 0.0165 0.0099
vt 0.0972 0.2939
vt 0.0972 0.2872
vt 0.0954 0.2872
vt 0.0954 0.2939
vt 0.2539 0.2334
vt 0.2539 0.2347
vt 0.2519 0.2351
vt 0.2518 0.2332
vt 0.2587 0.2364
vt 0.2576 0.2369
vt 0.2599 0.2381
vt 0.2581 0.2390
vt 0.2596 0.2355
vt 0.2596 0.2355
vt 0.2611 0.2368
vt 0.2541 0.2322
vt 0.2521 0.2316
vt 0.2613 0.2366
vt 0.2710 0.2117
vt 0.2710 0.2166
vt 0.2686 0.2035
vt 0.2668 0.2025
vt 0.2694 0.2023
vt 0.2679 0.2008
vt 0.2704 0.2016
vt 0.2696 0.1997
vt 0.2715 0.2014
vt 0.2715 0.1993
vt 0.2726 0.2016
vt 0.2735 0.2023
vt 0.2744 0.2036
vt 0.3014 0.2651
vt 0.2959 0.2675
vt 0.2762 0.2026
vt 0.3034 0.2645
vt 0.2750 0.2008
vt 0.2734 0.1997
vt 0.3017 0.2666
vt 0.3038 0.2666
vt 0.2967 0.2686
vt 0.3015 0.2677
vt 0.2976 0.2693
vt 0.3034 0.2685
vt 0.3008 0.2686
vt 0.3023 0.2701
vt 0.2987 0.2695
vt 0.2998 0.2693
vt 0.3007 0.2712
vt 0.2987 0.2716
vt 0.2968 0.2712
vt 0.2952 0.2701
vt 0.2940 0.2685
vt 0.2565 0.2369
vt 0.2562 0.2390
vt 0.2544 0.2357
vt 0.2553 0.2365
vt 0.2542 0.2383
vt 0.2527 0.2369
vt 0.1317 0.1488
vt 0.1314 0.1491
vt 0.1301 0.1503
vt 0.1293 0.1521
vt 0.1292 0.1540
vt 0.1299 0.1560
vt 0.1313 0.1575
vt 0.1331 0.1583
vt 0.1350 0.1584
vt 0.1367 0.1581
vt 0.1657 0.1434
vt 0.1674 0.1422
vt 0.1686 0.1406
vt 0.1690 0.1387
vt 0.1686 0.1368
vt 0.1674 0.1351
vt 0.1656 0.1340
vt 0.1037 0.1068
vt 0.1017 0.1064
vt 0.0998 0.1068
vt 0.0981 0.1079
vt 0.0970 0.1095
vt 0.0966 0.1115
vt 0.0970 0.1134
vt 0.0981 0.1150
vt 0.0998 0.1161
vt 0.1516 0.1392
vt 0.3501 0.2995
vt 0.3435 0.2995
vt 0.3435 0.3024
vt 0.3501 0.3024
vt 0.3501 0.2835
vt 0.3435 0.2835
vt 0.3501 0.2816
vt 0.3435 0.2816
vt 0.3501 0.2799
vt 0.3435 0.2799
vt 0.1936 0.1186
vt 0.1936 0.1252
vt 0.1919 0.1252
vt 0.1919 0.1186
vt 0.1956 0.1186
vt 0.1956 0.1252
vt 0.1975 0.1186
vt 0.1975 0.1252
vt 0.1992 0.1186
vt 0.1992 0.1252
vt 0.1919 0.1118
vt 0.1986 0.1118
vt 0.1986 0.1134
vt 0.1919 0.1134
vt 0.1919 0.1098
vt 0.1986 0.1098
vt 0.1919 0.0944
vt 0.1986 0.0944
vt 0.1919 0.0940
vt 0.1986 0.0940
vt 0.1919 0.0923
vt 0.1986 0.0923
vt 0.1919 0.0905
vt 0.1986 0.0905
vt 0.1812 0.0116
vt 0.1812 0.0050
vt 0.1797 0.0050
vt 0.1797 0.0116
vt 0.1830 0.0116
vt 0.1830 0.0050
vt 0.1850 0.0116
vt 0.1850 0.0050
vt 0.1868 0.0116
vt 0.1868 0.0050
vt 0.3435 0.3038
vt 0.3501 0.3038
vt 0.2894 0.3805
vt 0.2887 0.3811
vt 0.2870 0.3799
vt 0.2884 0.3786
vt 0.2892 0.3853
vt 0.2885 0.3844
vt 0.2915 0.3800
vt 0.2903 0.3858
vt 0.2913 0.3779
vt 0.3071 0.3797
vt 0.3073 0.3777
vt 0.2918 0.3859
vt 0.2916 0.3859
vt 0.3071 0.3859
vt 0.3073 0.3879
vt 0.2918 0.3879
vt 0.3084 0.3856
vt 0.3092 0.3876
vt 0.3084 0.3800
vt 0.3092 0.3780
vt 0.3094 0.3807
vt 0.3109 0.3792
vt 0.3094 0.3849
vt 0.3101 0.3816
vt 0.3101 0.3840
vt 0.3120 0.3808
vt 0.3103 0.3828
vt 0.3124 0.3828
vt 0.3120 0.3848
vt 0.3109 0.3864
vt 0.2915 0.3879
vt 0.2897 0.3878
vt 0.2880 0.3870
vt 0.2867 0.3855
vt 0.2881 0.3834
vt 0.2860 0.3836
vt 0.2882 0.3822
vt 0.2862 0.3817
vt 0.5212 0.2671
vt 0.5224 0.2671
vt 0.5137 0.3332
vt 0.5126 0.3329
vt 0.5126 0.2014
vt 0.5137 0.2011
vt 0.4872 0.1401
vt 0.4882 0.1395
vt 0.4468 0.0875
vt 0.4476 0.0866
vt 0.3942 0.0471
vt 0.3948 0.0461
vt 0.3329 0.0217
vt 0.3332 0.0206
vt 0.2671 0.0130
vt 0.2671 0.0119
vt 0.2014 0.0217
vt 0.2011 0.0206
vt 0.1401 0.0471
vt 0.1395 0.0461
vt 0.0875 0.0875
vt 0.0866 0.0866
vt 0.0471 0.1401
vt 0.0461 0.1395
vt 0.0217 0.2014
vt 0.0206 0.2011
vt 0.0130 0.2671
vt 0.0119 0.2671
vt 0.0217 0.3329
vt 0.0206 0.3332
vt 0.0471 0.3942
vt 0.0461 0.3948
vt 0.0875 0.4468
vt 0.0866 0.4476
vt 0.1401 0.4872
vt 0.1395 0.4882
vt 0.2014 0.5126
vt 0.2011 0.5137
vt 0.2671 0.5212
vt 0.2671 0.5224
vt 0.3329 0.5126
vt 0.3332 0.5137
vt 0.3942 0.4872
vt 0.3948 0.4882
vt 0.4468 0.4468
vt 0.4476 0.4476
vt 0.4872 0.3942
vt 0.4882 0.3948
vt 0.5150 0.3336
vt 0.4894 0.3955
vt 0.5238 0.2671
vt 0.5150 0.2007
vt 0.4894 0.1388
vt 0.4486 0.0857
vt 0.3955 0.0449
vt 0.3336 0.0192
vt 0.2671 0.0105
vt 0.2007 0.0192
vt 0.1388 0.0449
vt 0.0857 0.0857
vt 0.0449 0.1388
vt 0.0192 0.2007
vt 0.0105 0.2671
vt 0.0192 0.3336
vt 0.0449 0.3955
vt 0.0857 0.4486
vt 0.1388 0.4894
vt 0.2007 0.5150
vt 0.2671 0.5238
vt 0.3336 0.5150
vt 0.3955 0.4894
vt 0.4486 0.4486
vt 0.4907 0.3962
vt 0.4496 0.4496
vt 0.5164 0.3339
vt 0.5252 0.2671
vt 0.5164 0.2003
vt 0.4907 0.1381
vt 0.4496 0.0846
vt 0.3962 0.0436
vt 0.3339 0.0178
vt 0.2671 0.0090
vt 0.2003 0.0178
vt 0.1381 0.0436
vt 0.0846 0.0846
vt 0.0436 0.1381
vt 0.0178 0.2003
vt 0.0090 0.2671
vt 0.0178 0.3339
vt 0.0436 0.3962
vt 0.0846 0.4496
vt 0.1381 0.4907
vt 0.2003 0.5164
vt 0.2671 0.5252
vt 0.3339 0.5164
vt 0.3962 0.4907
vt 0.4507 0.4507
vt 0.3969 0.4919
vt 0.4919 0.3969
vt 0.5179 0.3343
vt 0.5267 0.2671
vt 0.5179 0.1999
vt 0.4919 0.1373
vt 0.4507 0.0836
vt 0.3969 0.0423
vt 0.3343 0.0164
vt 0.2671 0.0075
vt 0.1999 0.0164
vt 0.1373 0.0423
vt 0.0836 0.0836
vt 0.0423 0.1373
vt 0.0164 0.1999
vt 0.0075 0.2671
vt 0.0164 0.3343
vt 0.0423 0.3969
vt 0.0836 0.4507
vt 0.1373 0.4919
vt 0.1999 0.5179
vt 0.2671 0.5267
vt 0.3343 0.5179
vt 0.3976 0.4931
vt 0.3347 0.5192
vt 0.4517 0.4517
vt 0.4931 0.3976
vt 0.5192 0.3347
vt 0.5281 0.2671
vt 0.5192 0.1996
vt 0.4931 0.1367
vt 0.4517 0.0826
vt 0.3976 0.0411
vt 0.3347 0.0151
vt 0.2671 0.0062
vt 0.1996 0.0151
vt 0.1367 0.0411
vt 0.0826 0.0826
vt 0.0411 0.1367
vt 0.0151 0.1996
vt 0.0062 0.2671
vt 0.0151 0.3347
vt 0.0411 0.3976
vt 0.0826 0.4517
vt 0.1367 0.4931
vt 0.1996 0.5192
vt 0.2671 0.5281
vt 0.3350 0.5203
vt 0.2671 0.5293
vt 0.3982 0.4941
vt 0.4525 0.4525
vt 0.4941 0.3982
vt 0.5203 0.3350
vt 0.5293 0.2671
vt 0.5203 0.1993
vt 0.4941 0.1361
vt 0.4525 0.0818
vt 0.3982 0.0401
vt 0.3350 0.0139
vt 0.2671 0.0050
vt 0.1993 0.0139
vt 0.1361 0.0401
vt 0.0818 0.0818
vt 0.0401 0.1361
vt 0.0139 0.1993
vt 0.0050 0.2671
vt 0.0139 0.3350
vt 0.0401 0.3982
vt 0.0818 0.4525
vt 0.1361 0.4941
vt 0.1993 0.5203
vt 0.1560 0.6949
vt 0.1548 0.6949
vt 0.1548 0.6269
vt 0.1560 0.6271
vt 0.1560 0.7628
vt 0.1548 0.7630
vt 0.1560 0.8260
vt 0.1548 0.8265
vt 0.1560 0.8803
vt 0.1548 0.8809
vt 0.7234 0.0387
vt 0.7238 0.0375
vt 0.7783 0.0375
vt 0.7777 0.0387
vt 0.6601 0.0387
vt 0.6604 0.0375
vt 0.5923 0.0387
vt 0.5923 0.0375
vt 0.5245 0.0387
vt 0.5242 0.0375
vt 0.4612 0.0387
vt 0.4608 0.0375
vt 0.4069 0.0387
vt 0.4063 0.0375
vt 0.3557 0.1142
vt 0.3568 0.1138
vt 0.3568 0.0593
vt 0.3557 0.0599
vt 0.3557 0.1774
vt 0.3568 0.1772
vt 0.3557 0.2453
vt 0.3568 0.2453
vt 0.3557 0.3131
vt 0.3568 0.3134
vt 0.3557 0.3764
vt 0.3568 0.3768
vt 0.3557 0.4306
vt 0.3568 0.4313
vt 0.7319 0.5915
vt 0.7324 0.5927
vt 0.7868 0.5927
vt 0.7862 0.5915
vt 0.6687 0.5915
vt 0.6689 0.5927
vt 0.6009 0.5915
vt 0.6009 0.5927
vt 0.5330 0.5915
vt 0.5328 0.5927
vt 0.4698 0.5915
vt 0.4693 0.5927
vt 0.4155 0.5915
vt 0.4149 0.5927
vt 0.1560 0.5639
vt 0.1548 0.5634
vt 0.1548 0.5089
vt 0.1560 0.5096
vt 0.1534 0.6267
vt 0.1534 0.5631
vt 0.1534 0.6949
vt 0.1534 0.7632
vt 0.1534 0.8267
vt 0.1534 0.8813
vt 0.7241 0.0361
vt 0.7787 0.0361
vt 0.6605 0.0361
vt 0.5923 0.0361
vt 0.5241 0.0361
vt 0.4605 0.0361
vt 0.4059 0.0361
vt 0.3582 0.1135
vt 0.3582 0.0589
vt 0.3582 0.1771
vt 0.3582 0.2453
vt 0.3582 0.3135
vt 0.3582 0.3771
vt 0.3582 0.4317
vt 0.7327 0.5940
vt 0.7872 0.5940
vt 0.6691 0.5940
vt 0.6009 0.5940
vt 0.5326 0.5940
vt 0.4691 0.5940
vt 0.4145 0.5940
vt 0.1534 0.5085
vt 0.1520 0.5630
vt 0.1520 0.5084
vt 0.1520 0.6267
vt 0.1520 0.6949
vt 0.1520 0.7632
vt 0.1520 0.8268
vt 0.1520 0.8815
vt 0.7242 0.0347
vt 0.7788 0.0347
vt 0.6606 0.0347
vt 0.5923 0.0347
vt 0.5240 0.0347
vt 0.4604 0.0347
vt 0.4058 0.0347
vt 0.3597 0.1134
vt 0.3597 0.0588
vt 0.3597 0.1770
vt 0.3597 0.2453
vt 0.3597 0.3136
vt 0.3597 0.3772
vt 0.3597 0.4318
vt 0.7327 0.5955
vt 0.7874 0.5955
vt 0.6691 0.5955
vt 0.6009 0.5955
vt 0.5326 0.5955
vt 0.4690 0.5955
vt 0.4143 0.5955
vt 0.4145 0.5970
vt 0.4691 0.5970
vt 0.1505 0.5631
vt 0.1505 0.5085
vt 0.1505 0.6267
vt 0.1505 0.6949
vt 0.1505 0.7632
vt 0.1505 0.8267
vt 0.1505 0.8813
vt 0.7241 0.0332
vt 0.7787 0.0332
vt 0.6605 0.0332
vt 0.5923 0.0332
vt 0.5241 0.0332
vt 0.4605 0.0332
vt 0.4059 0.0332
vt 0.3612 0.1135
vt 0.3612 0.0589
vt 0.3612 0.1771
vt 0.3612 0.2453
vt 0.3612 0.3135
vt 0.3612 0.3771
vt 0.3612 0.4317
vt 0.7327 0.5970
vt 0.7872 0.5970
vt 0.6691 0.5970
vt 0.6009 0.5970
vt 0.5326 0.5970
vt 0.4693 0.5983
vt 0.5328 0.5983
vt 0.4149 0.5983
vt 0.1491 0.5634
vt 0.1491 0.5089
vt 0.1491 0.6269
vt 0.1491 0.6949
vt 0.1491 0.7630
vt 0.1491 0.8265
vt 0.1491 0.8809
vt 0.7238 0.0318
vt 0.7783 0.0318
vt 0.6604 0.0318
vt 0.5923 0.0318
vt 0.5242 0.0318
vt 0.4608 0.0318
vt 0.4063 0.0318
vt 0.3625 0.1138
vt 0.3625 0.0593
vt 0.3625 0.1772
vt 0.3625 0.2453
vt 0.3625 0.3134
vt 0.3625 0.3768
vt 0.3625 0.4313
vt 0.7324 0.5983
vt 0.7868 0.5983
vt 0.6689 0.5983
vt 0.6009 0.5983
vt 0.5330 0.5995
vt 0.6009 0.5995
vt 0.4698 0.5995
vt 0.4155 0.5995
vt 0.1480 0.5639
vt 0.1480 0.5096
vt 0.1480 0.6271
vt 0.1480 0.6949
vt 0.1480 0.7628
vt 0.1480 0.8260
vt 0.1480 0.8803
vt 0.7234 0.0307
vt 0.7777 0.0307
vt 0.6601 0.0307
vt 0.5923 0.0307
vt 0.5245 0.0307
vt 0.4612 0.0307
vt 0.4069 0.0307
vt 0.3637 0.1142
vt 0.3637 0.0599
vt 0.3637 0.1774
vt 0.3637 0.2453
vt 0.3637 0.3131
vt 0.3637 0.3764
vt 0.3637 0.4306
vt 0.7319 0.5995
vt 0.7862 0.5995
vt 0.6687 0.5995
vt 0.9044 0.6410
vt 0.9032 0.6410
vt 0.8943 0.7086
vt 0.8954 0.7089
vt 0.8954 0.5732
vt 0.8943 0.5735
vt 0.8693 0.5100
vt 0.8682 0.5105
vt 0.8276 0.4557
vt 0.8268 0.4565
vt 0.7733 0.4140
vt 0.7727 0.4150
vt 0.7101 0.3878
vt 0.7098 0.3890
vt 0.6422 0.3789
vt 0.6422 0.3801
vt 0.5744 0.3878
vt 0.5747 0.3890
vt 0.5112 0.4140
vt 0.5118 0.4150
vt 0.4569 0.4557
vt 0.4577 0.4565
vt 0.4152 0.5100
vt 0.4162 0.5105
vt 0.3890 0.5732
vt 0.3902 0.5735
vt 0.3801 0.6410
vt 0.3813 0.6410
vt 0.3890 0.7089
vt 0.3902 0.7086
vt 0.4152 0.7721
vt 0.4162 0.7715
vt 0.4569 0.8264
vt 0.4577 0.8255
vt 0.5112 0.8680
vt 0.5118 0.8670
vt 0.5744 0.8942
vt 0.5747 0.8931
vt 0.6422 0.9031
vt 0.6422 0.9020
vt 0.7101 0.8942
vt 0.7098 0.8931
vt 0.7733 0.8680
vt 0.7727 0.8670
vt 0.8276 0.8264
vt 0.8268 0.8255
vt 0.8693 0.7721
vt 0.8682 0.7715
vt 0.8930 0.7082
vt 0.8670 0.7708
vt 0.9018 0.6410
vt 0.8930 0.5738
vt 0.8670 0.5112
vt 0.8258 0.4575
vt 0.7720 0.4162
vt 0.7094 0.3903
vt 0.6422 0.3814
vt 0.5751 0.3903
vt 0.5124 0.4162
vt 0.4587 0.4575
vt 0.4174 0.5112
vt 0.3915 0.5738
vt 0.3827 0.6410
vt 0.3915 0.7082
vt 0.4174 0.7708
vt 0.4587 0.8246
vt 0.5124 0.8658
vt 0.5751 0.8918
vt 0.6422 0.9006
vt 0.7094 0.8918
vt 0.7720 0.8658
vt 0.8258 0.8246
vt 0.8658 0.7701
vt 0.8248 0.8235
vt 0.8916 0.7078
vt 0.9004 0.6410
vt 0.8916 0.5742
vt 0.8658 0.5120
vt 0.8248 0.4585
vt 0.7713 0.4175
vt 0.7090 0.3917
vt 0.6422 0.3829
vt 0.5754 0.3917
vt 0.5132 0.4175
vt 0.4597 0.4585
vt 0.4187 0.5120
vt 0.3929 0.5742
vt 0.3841 0.6410
vt 0.3929 0.7078
vt 0.4187 0.7701
vt 0.4597 0.8235
vt 0.5132 0.8645
vt 0.5754 0.8903
vt 0.6422 0.8991
vt 0.7090 0.8903
vt 0.7713 0.8645
vt 0.8237 0.8225
vt 0.7706 0.8633
vt 0.8645 0.7693
vt 0.8901 0.7074
vt 0.8989 0.6410
vt 0.8901 0.5746
vt 0.8645 0.5127
vt 0.8237 0.4595
vt 0.7706 0.4188
vt 0.7087 0.3931
vt 0.6422 0.3844
vt 0.5758 0.3931
vt 0.5139 0.4188
vt 0.4608 0.4595
vt 0.4200 0.5127
vt 0.3943 0.5746
vt 0.3856 0.6410
vt 0.3943 0.7074
vt 0.4200 0.7693
vt 0.4608 0.8225
vt 0.5139 0.8633
vt 0.5758 0.8889
vt 0.6422 0.8977
vt 0.7087 0.8889
vt 0.7699 0.8621
vt 0.7083 0.8876
vt 0.8227 0.8215
vt 0.8633 0.7687
vt 0.8888 0.7071
vt 0.8975 0.6410
vt 0.8888 0.5749
vt 0.8633 0.5134
vt 0.8227 0.4605
vt 0.7699 0.4199
vt 0.7083 0.3944
vt 0.6422 0.3857
vt 0.5762 0.3944
vt 0.5146 0.4199
vt 0.4617 0.4605
vt 0.4212 0.5134
vt 0.3957 0.5749
vt 0.3870 0.6410
vt 0.3957 0.7071
vt 0.4212 0.7687
vt 0.4617 0.8215
vt 0.5146 0.8621
vt 0.5762 0.8876
vt 0.6422 0.8963
vt 0.7080 0.8865
vt 0.6422 0.8951
vt 0.7693 0.8611
vt 0.8219 0.8207
vt 0.8623 0.7681
vt 0.8877 0.7068
vt 0.8963 0.6410
vt 0.8877 0.5753
vt 0.8623 0.5140
vt 0.8219 0.4613
vt 0.7693 0.4210
vt 0.7080 0.3956
vt 0.6422 0.3869
vt 0.5765 0.3956
vt 0.5152 0.4210
vt 0.4626 0.4613
vt 0.4222 0.5140
vt 0.3968 0.5753
vt 0.3881 0.6410
vt 0.3968 0.7068
vt 0.4222 0.7681
vt 0.4626 0.8207
vt 0.5152 0.8611
vt 0.5765 0.8865
vt 0.0685 0.6355
vt 0.0697 0.6355
vt 0.0697 0.7011
vt 0.0685 0.7013
vt 0.0685 0.5698
vt 0.0697 0.5700
vt 0.0685 0.5085
vt 0.0697 0.5089
vt 0.0685 0.4559
vt 0.0697 0.4565
vt 0.4694 0.5780
vt 0.4698 0.5792
vt 0.4174 0.5792
vt 0.4168 0.5780
vt 0.5307 0.5780
vt 0.5309 0.5792
vt 0.5964 0.5780
vt 0.5964 0.5792
vt 0.6622 0.5780
vt 0.6620 0.5792
vt 0.7235 0.5780
vt 0.7230 0.5792
vt 0.7761 0.5780
vt 0.7755 0.5792
vt 0.0900 0.7736
vt 0.0888 0.7731
vt 0.0888 0.8256
vt 0.0900 0.8262
vt 0.0900 0.7123
vt 0.0888 0.7121
vt 0.0900 0.6465
vt 0.0888 0.6465
vt 0.0900 0.5808
vt 0.0888 0.5810
vt 0.0900 0.5195
vt 0.0888 0.5199
vt 0.0900 0.4669
vt 0.0888 0.4675
vt 0.4327 0.0253
vt 0.4332 0.0241
vt 0.3807 0.0241
vt 0.3801 0.0253
vt 0.4940 0.0253
vt 0.4942 0.0241
vt 0.5598 0.0253
vt 0.5598 0.0241
vt 0.6255 0.0253
vt 0.6253 0.0241
vt 0.6868 0.0253
vt 0.6864 0.0241
vt 0.7395 0.0253
vt 0.7388 0.0241
vt 0.0685 0.7626
vt 0.0697 0.7621
vt 0.0697 0.8146
vt 0.0685 0.8152
vt 0.0711 0.7009
vt 0.0711 0.7618
vt 0.0711 0.6355
vt 0.0711 0.5702
vt 0.0711 0.5092
vt 0.0711 0.4569
vt 0.4701 0.5806
vt 0.4178 0.5806
vt 0.5311 0.5806
vt 0.5964 0.5806
vt 0.6618 0.5806
vt 0.7228 0.5806
vt 0.7751 0.5806
vt 0.0875 0.7728
vt 0.0875 0.8252
vt 0.0875 0.7119
vt 0.0875 0.6465
vt 0.0875 0.5811
vt 0.0875 0.5202
vt 0.0875 0.4679
vt 0.4335 0.0227
vt 0.3811 0.0227
vt 0.4944 0.0227
vt 0.5598 0.0227
vt 0.6252 0.0227
vt 0.6861 0.0227
vt 0.7384 0.0227
vt 0.0711 0.8142
vt 0.0726 0.7618
vt 0.0726 0.8140
vt 0.0726 0.7009
vt 0.0726 0.6355
vt 0.0726 0.5702
vt 0.0726 0.5093
vt 0.0726 0.4570
vt 0.4702 0.5821
vt 0.4179 0.5821
vt 0.5311 0.5821
vt 0.5964 0.5821
vt 0.6618 0.5821
vt 0.7227 0.5821
vt 0.7749 0.5821
vt 0.0860 0.7727
vt 0.0860 0.8250
vt 0.0860 0.7119
vt 0.0860 0.6465
vt 0.0860 0.5812
vt 0.0860 0.5203
vt 0.0860 0.4680
vt 0.4336 0.0212
vt 0.3813 0.0212
vt 0.4944 0.0212
vt 0.5598 0.0212
vt 0.6251 0.0212
vt 0.6860 0.0212
vt 0.7383 0.0212
vt 0.7384 0.0198
vt 0.6861 0.0198
vt 0.0740 0.7618
vt 0.0740 0.8142
vt 0.0740 0.7009
vt 0.0740 0.6355
vt 0.0740 0.5702
vt 0.0740 0.5092
vt 0.0740 0.4569
vt 0.4701 0.5835
vt 0.4178 0.5835
vt 0.5311 0.5835
vt 0.5964 0.5835
vt 0.6618 0.5835
vt 0.7228 0.5835
vt 0.7751 0.5835
vt 0.0845 0.7728
vt 0.0845 0.8252
vt 0.0845 0.7119
vt 0.0845 0.6465
vt 0.0845 0.5811
vt 0.0845 0.5202
vt 0.0845 0.4679
vt 0.4335 0.0198
vt 0.3811 0.0198
vt 0.4944 0.0198
vt 0.5598 0.0198
vt 0.6252 0.0198
vt 0.6864 0.0184
vt 0.6253 0.0184
vt 0.7388 0.0184
vt 0.0754 0.7621
vt 0.0754 0.8146
vt 0.0754 0.7011
vt 0.0754 0.6355
vt 0.0754 0.5700
vt 0.0754 0.5089
vt 0.0754 0.4565
vt 0.4698 0.5849
vt 0.4174 0.5849
vt 0.5309 0.5849
vt 0.5964 0.5849
vt 0.6620 0.5849
vt 0.7230 0.5849
vt 0.7755 0.5849
vt 0.0832 0.7731
vt 0.0832 0.8256
vt 0.0832 0.7121
vt 0.0832 0.6465
vt 0.0832 0.5810
vt 0.0832 0.5199
vt 0.0832 0.4675
vt 0.4332 0.0184
vt 0.3807 0.0184
vt 0.4942 0.0184
vt 0.5598 0.0184
vt 0.6255 0.0172
vt 0.5598 0.0172
vt 0.6868 0.0172
vt 0.7395 0.0172
vt 0.0766 0.7626
vt 0.0766 0.8152
vt 0.0766 0.7013
vt 0.0766 0.6355
vt 0.0766 0.5698
vt 0.0766 0.5085
vt 0.0766 0.4559
vt 0.4694 0.5861
vt 0.4168 0.5861
vt 0.5307 0.5861
vt 0.5964 0.5861
vt 0.6622 0.5861
vt 0.7235 0.5861
vt 0.7761 0.5861
vt 0.0820 0.7736
vt 0.0820 0.8262
vt 0.0820 0.7123
vt 0.0820 0.6465
vt 0.0820 0.5808
vt 0.0820 0.5195
vt 0.0820 0.4669
vt 0.4327 0.0172
vt 0.3801 0.0172
vt 0.4940 0.0172
vt 0.0050 0.8068
vt 0.0076 0.8068
vt 0.0076 0.3373
vt 0.0050 0.3373
vt 0.0163 0.3569
vt 0.0150 0.3569
vt 0.0150 0.8264
vt 0.0163 0.8264
vt 0.0123 0.3569
vt 0.0123 0.8264
vt 0.0235 0.3752
vt 0.0209 0.3752
vt 0.0209 0.8447
vt 0.0235 0.8447
vt 0.0322 0.8643
vt 0.0309 0.8643
vt 0.0309 0.3948
vt 0.0322 0.3948
vt 0.0282 0.8643
vt 0.0282 0.3948
vt 0.3755 0.4075
vt 0.3755 0.4009
vt 0.3723 0.4009
vt 0.3723 0.4075
vt 0.3963 0.4075
vt 0.3963 0.4009
vt 0.3978 0.4075
vt 0.3978 0.4009
vt 0.1680 0.1570
vt 0.1614 0.1570
vt 0.1614 0.1589
vt 0.1680 0.1589
vt 0.1680 0.1556
vt 0.1614 0.1556
vt 0.1680 0.1532
vt 0.1614 0.1532
vt 0.1680 0.1516
vt 0.1614 0.1516
vt 0.0826 0.2689
vt 0.0826 0.2755
vt 0.0808 0.2755
vt 0.0808 0.2689
vt 0.0840 0.2689
vt 0.0840 0.2755
vt 0.0864 0.2689
vt 0.0864 0.2755
vt 0.1064 0.2689
vt 0.1064 0.2755
vt 0.1067 0.2689
vt 0.1067 0.2755
vt 0.1083 0.2689
vt 0.1083 0.2755
vt 0.1626 0.1806
vt 0.1692 0.1806
vt 0.1692 0.1821
vt 0.1626 0.1821
vt 0.1626 0.1787
vt 0.1692 0.1787
vt 0.1626 0.1748
vt 0.1692 0.1748
vt 0.3705 0.4075
vt 0.3705 0.4009
vt 0.3691 0.4009
vt 0.3691 0.4075
vt 0.2894 0.1585
vt 0.2896 0.1593
vt 0.2878 0.1604
vt 0.2872 0.1586
vt 0.2948 0.1603
vt 0.2939 0.1610
vt 0.2964 0.1616
vt 0.2949 0.1629
vt 0.2954 0.1592
vt 0.2973 0.1600
vt 0.2955 0.1589
vt 0.2899 0.1562
vt 0.2974 0.1597
vt 0.3072 0.1390
vt 0.3091 0.1398
vt 0.3018 0.1359
vt 0.2880 0.1555
vt 0.3002 0.1346
vt 0.3027 0.1348
vt 0.3015 0.1331
vt 0.3077 0.1372
vt 0.3039 0.1343
vt 0.3076 0.1365
vt 0.3033 0.1323
vt 0.3045 0.1342
vt 0.3047 0.1321
vt 0.3070 0.1354
vt 0.3062 0.1346
vt 0.3072 0.1328
vt 0.3087 0.1341
vt 0.3096 0.1359
vt 0.3098 0.1373
vt 0.2931 0.1612
vt 0.2930 0.1634
vt 0.2903 0.1601
vt 0.2891 0.1618
vt 0.3410 0.1083
vt 0.3476 0.1083
vt 0.3476 0.1105
vt 0.3410 0.1105
vt 0.3410 0.0759
vt 0.3476 0.0759
vt 0.1316 0.4131
vt 0.1316 0.4197
vt 0.0999 0.4197
vt 0.0999 0.4131
vt 0.1516 0.4131
vt 0.1516 0.4197
vt 0.3757 0.3336
vt 0.3691 0.3336
vt 0.3691 0.3683
vt 0.3757 0.3683
vt 0.3757 0.3317
vt 0.3691 0.3317
vt 0.3757 0.3300
vt 0.3691 0.3300
vt 0.0421 0.2090
vt 0.0421 0.2157
vt 0.0404 0.2157
vt 0.0404 0.2090
vt 0.0441 0.2090
vt 0.0441 0.2157
vt 0.0460 0.2090
vt 0.0460 0.2157
vt 0.0477 0.2090
vt 0.0477 0.2157
vt 0.0380 0.2728
vt 0.0446 0.2728
vt 0.0446 0.2744
vt 0.0380 0.2744
vt 0.0380 0.2708
vt 0.0446 0.2708
vt 0.0380 0.2310
vt 0.0446 0.2310
vt 0.0380 0.2290
vt 0.0446 0.2290
vt 0.0380 0.2274
vt 0.0446 0.2274
vt 0.2535 0.4258
vt 0.2535 0.4192
vt 0.2518 0.4192
vt 0.2518 0.4258
vt 0.2554 0.4258
vt 0.2554 0.4192
vt 0.3174 0.4258
vt 0.3174 0.4192
vt 0.3194 0.4258
vt 0.3194 0.4192
vt 0.3211 0.4258
vt 0.3211 0.4192
vt 0.2792 0.3009
vt 0.2726 0.3009
vt 0.2726 0.3026
vt 0.2792 0.3026
vt 0.2792 0.2989
vt 0.2726 0.2989
vt 0.2792 0.2591
vt 0.2726 0.2591
vt 0.2792 0.2571
vt 0.2726 0.2571
vt 0.2792 0.2555
vt 0.2726 0.2555
vt 0.0384 0.2799
vt 0.0384 0.2865
vt 0.0368 0.2865
vt 0.0368 0.2799
vt 0.0404 0.2799
vt 0.0404 0.2865
vt 0.0424 0.2799
vt 0.0424 0.2865
vt 0.0440 0.2799
vt 0.0440 0.2865
vt 0.3410 0.1125
vt 0.3476 0.1125
vt 0.3476 0.1142
vt 0.3410 0.1142
vt 0.3173 0.3395
vt 0.3187 0.3392
vt 0.3195 0.3411
vt 0.3175 0.3415
vt 0.3173 0.3333
vt 0.3187 0.3336
vt 0.3175 0.3312
vt 0.3195 0.3316
vt 0.2779 0.3333
vt 0.2777 0.3312
vt 0.3153 0.3395
vt 0.3153 0.3415
vt 0.2808 0.3395
vt 0.2829 0.3415
vt 0.2766 0.3336
vt 0.2758 0.3316
vt 0.2756 0.3342
vt 0.2741 0.3327
vt 0.2749 0.3352
vt 0.2730 0.3344
vt 0.2746 0.3366
vt 0.2726 0.3364
vt 0.2746 0.3982
vt 0.2810 0.3732
vt 0.2726 0.3984
vt 0.2749 0.3995
vt 0.2730 0.4003
vt 0.2808 0.3953
vt 0.1537 0.4218
vt 0.1316 0.4218
vt 0.0979 0.4218
vt 0.3173 0.3953
vt 0.2829 0.3932
vt 0.3175 0.3932
vt 0.3173 0.4014
vt 0.2779 0.4014
vt 0.3175 0.4035
vt 0.2777 0.4035
vt 0.3187 0.4012
vt 0.3195 0.4031
vt 0.3187 0.3956
vt 0.3195 0.3936
vt 0.3197 0.3962
vt 0.3212 0.3947
vt 0.3197 0.4005
vt 0.3204 0.3972
vt 0.3204 0.3995
vt 0.3223 0.3964
vt 0.3206 0.3984
vt 0.3227 0.3984
vt 0.3223 0.4003
vt 0.3212 0.4020
vt 0.2766 0.4012
vt 0.2758 0.4031
vt 0.2756 0.4005
vt 0.2741 0.4020
vt 0.3197 0.3342
vt 0.3212 0.3327
vt 0.3197 0.3385
vt 0.3204 0.3352
vt 0.3204 0.3375
vt 0.3223 0.3344
vt 0.3206 0.3364
vt 0.3227 0.3364
vt 0.3223 0.3383
vt 0.3212 0.3400
vt 0.0759 0.1670
vt 0.0825 0.1670
vt 0.0825 0.1692
vt 0.0759 0.1692
vt 0.0759 0.1345
vt 0.0825 0.1345
vt 0.0742 0.0404
vt 0.0742 0.0470
vt 0.0425 0.0470
vt 0.0425 0.0404
vt 0.0942 0.0404
vt 0.0942 0.0470
vt 0.0715 0.1528
vt 0.0649 0.1528
vt 0.0649 0.1875
vt 0.0715 0.1875
vt 0.0715 0.1508
vt 0.0649 0.1508
vt 0.0715 0.1492
vt 0.0649 0.1492
vt 0.0384 0.1137
vt 0.0384 0.1204
vt 0.0368 0.1204
vt 0.0368 0.1137
vt 0.0404 0.1137
vt 0.0404 0.1204
vt 0.0424 0.1137
vt 0.0424 0.1204
vt 0.0440 0.1137
vt 0.0440 0.1204
vt 0.0258 0.1274
vt 0.0324 0.1274
vt 0.0324 0.1290
vt 0.0258 0.1290
vt 0.0258 0.1254
vt 0.0324 0.1254
vt 0.0258 0.0856
vt 0.0324 0.0856
vt 0.0258 0.0836
vt 0.0324 0.0836
vt 0.0258 0.0820
vt 0.0324 0.0820
vt 0.0836 0.0116
vt 0.0836 0.0050
vt 0.0820 0.0050
vt 0.0820 0.0116
vt 0.0856 0.0116
vt 0.0856 0.0050
vt 0.1476 0.0116
vt 0.1476 0.0050
vt 0.1496 0.0116
vt 0.1496 0.0050
vt 0.1512 0.0116
vt 0.1512 0.0050
vt 0.0935 0.1653
vt 0.0869 0.1653
vt 0.0869 0.1669
vt 0.0935 0.1669
vt 0.0935 0.1633
vt 0.0869 0.1633
vt 0.0935 0.1235
vt 0.0869 0.1235
vt 0.0935 0.1215
vt 0.0869 0.1215
vt 0.0935 0.1199
vt 0.0869 0.1199
vt 0.1557 0.0160
vt 0.1557 0.0226
vt 0.1541 0.0226
vt 0.1541 0.0160
vt 0.1577 0.0160
vt 0.1577 0.0226
vt 0.1597 0.0160
vt 0.1597 0.0226
vt 0.1613 0.0160
vt 0.1613 0.0226
vt 0.0759 0.1712
vt 0.0825 0.1712
vt 0.0825 0.1728
vt 0.0759 0.1728
vt 0.0718 0.0132
vt 0.0731 0.0130
vt 0.0739 0.0149
vt 0.0719 0.0153
vt 0.0718 0.0071
vt 0.0731 0.0073
vt 0.0719 0.0050
vt 0.0739 0.0054
vt 0.0323 0.0071
vt 0.0321 0.0050
vt 0.0697 0.0132
vt 0.0352 0.0132
vt 0.0697 0.0153
vt 0.0373 0.0153
vt 0.0742 0.0491
vt 0.0404 0.0491
vt 0.0291 0.0719
vt 0.0291 0.0103
vt 0.0354 0.0470
vt 0.0270 0.0721
vt 0.0270 0.0101
vt 0.0293 0.0733
vt 0.0274 0.0741
vt 0.0352 0.0691
vt 0.0963 0.0491
vt 0.0718 0.0691
vt 0.0373 0.0670
vt 0.0719 0.0670
vt 0.0718 0.0752
vt 0.0323 0.0752
vt 0.0719 0.0773
vt 0.0321 0.0773
vt 0.0731 0.0749
vt 0.0739 0.0769
vt 0.0731 0.0693
vt 0.0739 0.0674
vt 0.0741 0.0700
vt 0.0756 0.0685
vt 0.0741 0.0743
vt 0.0748 0.0710
vt 0.0748 0.0733
vt 0.0767 0.0702
vt 0.0750 0.0721
vt 0.0771 0.0721
vt 0.0767 0.0741
vt 0.0756 0.0758
vt 0.0310 0.0749
vt 0.0302 0.0769
vt 0.0300 0.0743
vt 0.0285 0.0758
vt 0.0293 0.0090
vt 0.0274 0.0082
vt 0.0300 0.0080
vt 0.0285 0.0065
vt 0.0310 0.0073
vt 0.0302 0.0054
vt 0.0741 0.0080
vt 0.0756 0.0065
vt 0.0741 0.0123
vt 0.0748 0.0090
vt 0.0748 0.0113
vt 0.0767 0.0082
vt 0.0750 0.0101
vt 0.0771 0.0101
vt 0.0767 0.0121
vt 0.0756 0.0138
vt 0.3716 0.9534
vt 0.3742 0.9534
vt 0.3742 0.5108
vt 0.3716 0.5108
vt 0.1654 0.5133
vt 0.1640 0.5133
vt 0.1640 0.9559
vt 0.1654 0.9559
vt 0.1614 0.5133
vt 0.1614 0.9559
vt 0.3620 0.5157
vt 0.3593 0.5157
vt 0.3593 0.9583
vt 0.3620 0.9583
vt 0.1764 0.9608
vt 0.1750 0.9608
vt 0.1750 0.5182
vt 0.1764 0.5182
vt 0.1724 0.9608
vt 0.1724 0.5182
vt 0.3012 0.2959
vt 0.2946 0.2959
vt 0.2946 0.2987
vt 0.3012 0.2987
vt 0.3012 0.2799
vt 0.2946 0.2799
vt 0.3012 0.2779
vt 0.2946 0.2779
vt 0.3012 0.2763
vt 0.2946 0.2763
vt 0.0067 0.1809
vt 0.0067 0.1876
vt 0.0050 0.1876
vt 0.0050 0.1809
vt 0.0086 0.1809
vt 0.0086 0.1876
vt 0.0106 0.1809
vt 0.0106 0.1876
vt 0.0123 0.1809
vt 0.0123 0.1876
vt 0.3300 0.3012
vt 0.3366 0.3012
vt 0.3366 0.3028
vt 0.3300 0.3028
vt 0.3300 0.2992
vt 0.3366 0.2992
vt 0.3300 0.2838
vt 0.3366 0.2838
vt 0.3300 0.2834
vt 0.3366 0.2834
vt 0.3300 0.2817
vt 0.3366 0.2817
vt 0.3300 0.2799
vt 0.3366 0.2799
vt 0.1898 0.2047
vt 0.1898 0.1981
vt 0.1883 0.1981
vt 0.1883 0.2047
vt 0.1916 0.2047
vt 0.1916 0.1981
vt 0.1936 0.2047
vt 0.1936 0.1981
vt 0.1954 0.2047
vt 0.1954 0.1981
vt 0.2946 0.3002
vt 0.3012 0.3002
vt 0.0475 0.3255
vt 0.0467 0.3261
vt 0.0450 0.3249
vt 0.0465 0.3236
vt 0.0484 0.3308
vt 0.0473 0.3303
vt 0.0478 0.3328
vt 0.0461 0.3320
vt 0.0497 0.3309
vt 0.0496 0.3330
vt 0.0499 0.3309
vt 0.0496 0.3250
vt 0.0499 0.3330
vt 0.0651 0.3309
vt 0.0653 0.3330
vt 0.0652 0.3247
vt 0.0494 0.3229
vt 0.0653 0.3227
vt 0.0665 0.3250
vt 0.0673 0.3231
vt 0.0665 0.3306
vt 0.0675 0.3257
vt 0.0675 0.3300
vt 0.0690 0.3242
vt 0.0682 0.3267
vt 0.0701 0.3259
vt 0.0682 0.3290
vt 0.0684 0.3278
vt 0.0705 0.3278
vt 0.0701 0.3298
vt 0.0690 0.3314
vt 0.0673 0.3326
vt 0.0465 0.3294
vt 0.0447 0.3305
vt 0.0463 0.3272
vt 0.0462 0.3284
vt 0.0441 0.3287
vt 0.0442 0.3267
vt 0.1052 0.0404
vt 0.1052 0.0470
vt 0.1032 0.0470
vt 0.1032 0.0404
vt 0.1126 0.0404
vt 0.1126 0.0470
vt 0.1146 0.0404
vt 0.1146 0.0470
vt 0.1162 0.0404
vt 0.1162 0.0470
vt 0.1272 0.0326
vt 0.1338 0.0326
vt 0.1338 0.0343
vt 0.1272 0.0343
vt 0.1272 0.0306
vt 0.1338 0.0306
vt 0.1272 0.0286
vt 0.1338 0.0286
vt 0.1272 0.0270
vt 0.1338 0.0270
vt 0.1423 0.1167
vt 0.1423 0.1101
vt 0.1406 0.1101
vt 0.1406 0.1167
vt 0.1443 0.1167
vt 0.1443 0.1101
vt 0.1517 0.1167
vt 0.1517 0.1101
vt 0.1537 0.1167
vt 0.1537 0.1101
vt 0.1553 0.1167
vt 0.1553 0.1101
vt 0.1668 0.0949
vt 0.1602 0.0949
vt 0.1602 0.0966
vt 0.1668 0.0966
vt 0.1668 0.0929
vt 0.1602 0.0929
vt 0.1668 0.0910
vt 0.1602 0.0910
vt 0.1668 0.0893
vt 0.1602 0.0893
vt 0.1015 0.0470
vt 0.1015 0.0404
vt 0.0570 0.1898
vt 0.0564 0.1888
vt 0.0579 0.1873
vt 0.0590 0.1890
vt 0.0514 0.1898
vt 0.0521 0.1888
vt 0.0495 0.1890
vt 0.0506 0.1873
vt 0.0512 0.1912
vt 0.0491 0.1910
vt 0.0573 0.1912
vt 0.0594 0.1910
vt 0.0572 0.1982
vt 0.0593 0.1984
vt 0.0511 0.1983
vt 0.0490 0.1984
vt 0.0513 0.1996
vt 0.0494 0.2004
vt 0.0569 0.1996
vt 0.0589 0.2004
vt 0.0563 0.2006
vt 0.0578 0.2021
vt 0.0520 0.2006
vt 0.0553 0.2013
vt 0.0529 0.2012
vt 0.0561 0.2032
vt 0.0541 0.2015
vt 0.0541 0.2036
vt 0.0521 0.2032
vt 0.0505 0.2021
vt 0.0530 0.1882
vt 0.0522 0.1862
vt 0.0554 0.1882
vt 0.0542 0.1879
vt 0.0542 0.1858
vt 0.0562 0.1862
vt 0.5010 0.2647
vt 0.5021 0.2647
vt 0.4940 0.3261
vt 0.4929 0.3258
vt 0.4929 0.2035
vt 0.4940 0.2032
vt 0.4693 0.1465
vt 0.4703 0.1460
vt 0.4318 0.0976
vt 0.4325 0.0968
vt 0.3828 0.0600
vt 0.3834 0.0591
vt 0.3258 0.0364
vt 0.3261 0.0354
vt 0.2647 0.0284
vt 0.2647 0.0273
vt 0.2035 0.0364
vt 0.2032 0.0354
vt 0.1465 0.0600
vt 0.1460 0.0591
vt 0.0976 0.0976
vt 0.0968 0.0968
vt 0.0600 0.1465
vt 0.0591 0.1460
vt 0.0364 0.2035
vt 0.0354 0.2032
vt 0.0284 0.2647
vt 0.0273 0.2647
vt 0.0364 0.3258
vt 0.0354 0.3261
vt 0.0600 0.3828
vt 0.0591 0.3834
vt 0.0976 0.4318
vt 0.0968 0.4325
vt 0.1465 0.4693
vt 0.1460 0.4703
vt 0.2035 0.4929
vt 0.2032 0.4940
vt 0.2647 0.5010
vt 0.2647 0.5021
vt 0.3258 0.4929
vt 0.3261 0.4940
vt 0.3828 0.4693
vt 0.3834 0.4703
vt 0.4318 0.4318
vt 0.4325 0.4325
vt 0.4693 0.3828
vt 0.4703 0.3834
vt 0.4952 0.3264
vt 0.4714 0.3840
vt 0.5033 0.2647
vt 0.4952 0.2029
vt 0.4714 0.1453
vt 0.4334 0.0959
vt 0.3840 0.0580
vt 0.3264 0.0341
vt 0.2647 0.0260
vt 0.2029 0.0341
vt 0.1453 0.0580
vt 0.0959 0.0959
vt 0.0580 0.1453
vt 0.0341 0.2029
vt 0.0260 0.2647
vt 0.0341 0.3264
vt 0.0580 0.3840
vt 0.0959 0.4334
vt 0.1453 0.4714
vt 0.2029 0.4952
vt 0.2647 0.5033
vt 0.3264 0.4952
vt 0.3840 0.4714
vt 0.4334 0.4334
vt 0.4726 0.3847
vt 0.4344 0.4344
vt 0.4965 0.3268
vt 0.5047 0.2647
vt 0.4965 0.2025
vt 0.4726 0.1446
vt 0.4344 0.0949
vt 0.3847 0.0568
vt 0.3268 0.0328
vt 0.2647 0.0246
vt 0.2025 0.0328
vt 0.1446 0.0568
vt 0.0949 0.0949
vt 0.0568 0.1446
vt 0.0328 0.2025
vt 0.0246 0.2647
vt 0.0328 0.3268
vt 0.0568 0.3847
vt 0.0949 0.4344
vt 0.1446 0.4726
vt 0.2025 0.4965
vt 0.2647 0.5047
vt 0.3268 0.4965
vt 0.3847 0.4726
vt 0.4354 0.4354
vt 0.3854 0.4737
vt 0.4737 0.3854
vt 0.4979 0.3271
vt 0.5061 0.2647
vt 0.4979 0.2022
vt 0.4737 0.1440
vt 0.4354 0.0940
vt 0.3854 0.0556
vt 0.3271 0.0315
vt 0.2647 0.0233
vt 0.2022 0.0315
vt 0.1440 0.0556
vt 0.0940 0.0940
vt 0.0556 0.1440
vt 0.0315 0.2022
vt 0.0233 0.2647
vt 0.0315 0.3271
vt 0.0556 0.3854
vt 0.0940 0.4354
vt 0.1440 0.4737
vt 0.2022 0.4979
vt 0.2647 0.5061
vt 0.3271 0.4979
vt 0.3860 0.4748
vt 0.3275 0.4991
vt 0.4363 0.4363
vt 0.4748 0.3860
vt 0.4991 0.3275
vt 0.5074 0.2647
vt 0.4991 0.2019
vt 0.4748 0.1433
vt 0.4363 0.0931
vt 0.3860 0.0545
vt 0.3275 0.0302
vt 0.2647 0.0220
vt 0.2019 0.0302
vt 0.1433 0.0545
vt 0.0931 0.0931
vt 0.0545 0.1433
vt 0.0302 0.2019
vt 0.0220 0.2647
vt 0.0302 0.3275
vt 0.0545 0.3860
vt 0.0931 0.4363
vt 0.1433 0.4748
vt 0.2019 0.4991
vt 0.2647 0.5074
vt 0.3278 0.5001
vt 0.2647 0.5084
vt 0.3866 0.4758
vt 0.4370 0.4370
vt 0.4758 0.3866
vt 0.5001 0.3278
vt 0.5084 0.2647
vt 0.5001 0.2016
vt 0.4758 0.1428
vt 0.4370 0.0923
vt 0.3866 0.0535
vt 0.3278 0.0292
vt 0.2647 0.0209
vt 0.2016 0.0292
vt 0.1428 0.0535
vt 0.0923 0.0923
vt 0.0535 0.1428
vt 0.0292 0.2016
vt 0.0209 0.2647
vt 0.0292 0.3278
vt 0.0535 0.3866
vt 0.0923 0.4370
vt 0.1428 0.4758
vt 0.2016 0.5001
vt 0.1029 0.6489
vt 0.1018 0.6489
vt 0.1018 0.5856
vt 0.1029 0.5858
vt 0.1029 0.7120
vt 0.1018 0.7122
vt 0.1029 0.7708
vt 0.1018 0.7712
vt 0.1029 0.8213
vt 0.1018 0.8219
vt 0.7231 0.5586
vt 0.7235 0.5575
vt 0.7742 0.5575
vt 0.7736 0.5586
vt 0.6643 0.5586
vt 0.6645 0.5575
vt 0.6012 0.5586
vt 0.6012 0.5575
vt 0.5381 0.5586
vt 0.5379 0.5575
vt 0.4793 0.5586
vt 0.4789 0.5575
vt 0.4289 0.5586
vt 0.4283 0.5575
vt 0.4021 0.1384
vt 0.4032 0.1380
vt 0.4032 0.0874
vt 0.4021 0.0880
vt 0.4021 0.1972
vt 0.4032 0.1970
vt 0.4021 0.2603
vt 0.4032 0.2603
vt 0.4021 0.3234
vt 0.4032 0.3237
vt 0.4021 0.3822
vt 0.4032 0.3826
vt 0.4021 0.4327
vt 0.4032 0.4333
vt 0.7170 0.0441
vt 0.7174 0.0452
vt 0.7681 0.0452
vt 0.7675 0.0441
vt 0.6582 0.0441
vt 0.6584 0.0452
vt 0.5951 0.0441
vt 0.5951 0.0452
vt 0.5320 0.0441
vt 0.5318 0.0452
vt 0.4732 0.0441
vt 0.4728 0.0452
vt 0.4227 0.0441
vt 0.4222 0.0452
vt 0.1029 0.5270
vt 0.1018 0.5266
vt 0.1018 0.4759
vt 0.1029 0.4765
vt 0.1005 0.5854
vt 0.1005 0.5263
vt 0.1005 0.6489
vt 0.1005 0.7123
vt 0.1005 0.7715
vt 0.1005 0.8222
vt 0.7238 0.5563
vt 0.7746 0.5563
vt 0.6647 0.5563
vt 0.6012 0.5563
vt 0.5378 0.5563
vt 0.4787 0.5563
vt 0.4279 0.5563
vt 0.4045 0.1378
vt 0.4045 0.0870
vt 0.4045 0.1969
vt 0.4045 0.2603
vt 0.4045 0.3238
vt 0.4045 0.3829
vt 0.4045 0.4337
vt 0.7177 0.0465
vt 0.7685 0.0465
vt 0.6586 0.0465
vt 0.5951 0.0465
vt 0.5317 0.0465
vt 0.4726 0.0465
vt 0.4218 0.0465
vt 0.1005 0.4755
vt 0.0992 0.5262
vt 0.0992 0.4754
vt 0.0992 0.5854
vt 0.0992 0.6489
vt 0.0992 0.7124
vt 0.0992 0.7716
vt 0.0992 0.8224
vt 0.7239 0.5549
vt 0.7747 0.5549
vt 0.6647 0.5549
vt 0.6012 0.5549
vt 0.5377 0.5549
vt 0.4786 0.5549
vt 0.4278 0.5549
vt 0.4058 0.1377
vt 0.4058 0.0869
vt 0.4058 0.1968
vt 0.4058 0.2603
vt 0.4058 0.3238
vt 0.4058 0.3830
vt 0.4058 0.4338
vt 0.7178 0.0478
vt 0.7686 0.0478
vt 0.6586 0.0478
vt 0.5951 0.0478
vt 0.5316 0.0478
vt 0.4725 0.0478
vt 0.4217 0.0478
vt 0.4218 0.0492
vt 0.4726 0.0492
vt 0.0978 0.5263
vt 0.0978 0.4755
vt 0.0978 0.5854
vt 0.0978 0.6489
vt 0.0978 0.7123
vt 0.0978 0.7715
vt 0.0978 0.8222
vt 0.7238 0.5535
vt 0.7746 0.5535
vt 0.6647 0.5535
vt 0.6012 0.5535
vt 0.5378 0.5535
vt 0.4787 0.5535
vt 0.4279 0.5535
vt 0.4072 0.1378
vt 0.4072 0.0870
vt 0.4072 0.1969
vt 0.4072 0.2603
vt 0.4072 0.3238
vt 0.4072 0.3829
vt 0.4072 0.4337
vt 0.7177 0.0492
vt 0.7685 0.0492
vt 0.6586 0.0492
vt 0.5951 0.0492
vt 0.5317 0.0492
vt 0.4728 0.0505
vt 0.5318 0.0505
vt 0.4222 0.0505
vt 0.0965 0.5266
vt 0.0965 0.4759
vt 0.0965 0.5856
vt 0.0965 0.6489
vt 0.0965 0.7122
vt 0.0965 0.7712
vt 0.0965 0.8219
vt 0.7235 0.5523
vt 0.7742 0.5523
vt 0.6645 0.5523
vt 0.6012 0.5523
vt 0.5379 0.5523
vt 0.4789 0.5523
vt 0.4283 0.5523
vt 0.4085 0.1380
vt 0.4085 0.0874
vt 0.4085 0.1970
vt 0.4085 0.2603
vt 0.4085 0.3237
vt 0.4085 0.3826
vt 0.4085 0.4333
vt 0.7174 0.0505
vt 0.7681 0.0505
vt 0.6584 0.0505
vt 0.5951 0.0505
vt 0.5320 0.0516
vt 0.5951 0.0516
vt 0.4732 0.0516
vt 0.4227 0.0516
vt 0.0954 0.5270
vt 0.0954 0.4765
vt 0.0954 0.5858
vt 0.0954 0.6489
vt 0.0954 0.7120
vt 0.0954 0.7708
vt 0.0954 0.8213
vt 0.7231 0.5512
vt 0.7736 0.5512
vt 0.6643 0.5512
vt 0.6012 0.5512
vt 0.5381 0.5512
vt 0.4793 0.5512
vt 0.4289 0.5512
vt 0.4096 0.1384
vt 0.4096 0.0880
vt 0.4096 0.1972
vt 0.4096 0.2603
vt 0.4096 0.3234
vt 0.4096 0.3822
vt 0.4096 0.4327
vt 0.7170 0.0516
vt 0.7675 0.0516
vt 0.6582 0.0516
vt 0.8836 0.6386
vt 0.8825 0.6386
vt 0.8742 0.7014
vt 0.8752 0.7016
vt 0.8752 0.5755
vt 0.8742 0.5757
vt 0.8509 0.5167
vt 0.8499 0.5172
vt 0.8122 0.4662
vt 0.8114 0.4669
vt 0.7617 0.4274
vt 0.7611 0.4284
vt 0.7029 0.4031
vt 0.7026 0.4041
vt 0.6398 0.3948
vt 0.6398 0.3959
vt 0.5767 0.4031
vt 0.5770 0.4041
vt 0.5179 0.4274
vt 0.5184 0.4284
vt 0.4674 0.4662
vt 0.4682 0.4669
vt 0.4287 0.5167
vt 0.4296 0.5172
vt 0.4043 0.5755
vt 0.4054 0.5757
vt 0.3960 0.6386
vt 0.3971 0.6386
vt 0.4043 0.7016
vt 0.4054 0.7014
vt 0.4287 0.7604
vt 0.4296 0.7599
vt 0.4674 0.8109
vt 0.4682 0.8102
vt 0.5179 0.8497
vt 0.5184 0.8487
vt 0.5767 0.8740
vt 0.5770 0.8730
vt 0.6398 0.8823
vt 0.6398 0.8812
vt 0.7029 0.8740
vt 0.7026 0.8730
vt 0.7617 0.8497
vt 0.7611 0.8487
vt 0.8122 0.8109
vt 0.8114 0.8102
vt 0.8509 0.7604
vt 0.8499 0.7599
vt 0.8730 0.7010
vt 0.8488 0.7593
vt 0.8812 0.6386
vt 0.8730 0.5761
vt 0.8488 0.5178
vt 0.8105 0.4678
vt 0.7605 0.4295
vt 0.7023 0.4054
vt 0.6398 0.3971
vt 0.5773 0.4054
vt 0.5191 0.4295
vt 0.4691 0.4678
vt 0.4307 0.5178
vt 0.4066 0.5761
vt 0.3984 0.6386
vt 0.4066 0.7010
vt 0.4307 0.7593
vt 0.4691 0.8093
vt 0.5191 0.8476
vt 0.5773 0.8717
vt 0.6398 0.8800
vt 0.7023 0.8717
vt 0.7605 0.8476
vt 0.8105 0.8093
vt 0.8477 0.7586
vt 0.8095 0.8083
vt 0.8716 0.7007
vt 0.8798 0.6386
vt 0.8716 0.5764
vt 0.8477 0.5185
vt 0.8095 0.4688
vt 0.7598 0.4307
vt 0.7019 0.4067
vt 0.6398 0.3985
vt 0.5776 0.4067
vt 0.5198 0.4307
vt 0.4700 0.4688
vt 0.4319 0.5185
vt 0.4079 0.5764
vt 0.3997 0.6386
vt 0.4079 0.7007
vt 0.4319 0.7586
vt 0.4700 0.8083
vt 0.5198 0.8464
vt 0.5776 0.8704
vt 0.6398 0.8786
vt 0.7019 0.8704
vt 0.7598 0.8464
vt 0.8085 0.8073
vt 0.7591 0.8453
vt 0.8465 0.7579
vt 0.8703 0.7003
vt 0.8785 0.6386
vt 0.8703 0.5768
vt 0.8465 0.5192
vt 0.8085 0.4698
vt 0.7591 0.4319
vt 0.7016 0.4080
vt 0.6398 0.3999
vt 0.5780 0.4080
vt 0.5204 0.4319
vt 0.4710 0.4698
vt 0.4331 0.5192
vt 0.4092 0.5768
vt 0.4011 0.6386
vt 0.4092 0.7003
vt 0.4331 0.7579
vt 0.4710 0.8073
vt 0.5204 0.8453
vt 0.5780 0.8691
vt 0.6398 0.8772
vt 0.7016 0.8691
vt 0.7585 0.8442
vt 0.7012 0.8679
vt 0.8076 0.8064
vt 0.8454 0.7573
vt 0.8691 0.7000
vt 0.8772 0.6386
vt 0.8691 0.5771
vt 0.8454 0.5199
vt 0.8076 0.4707
vt 0.7585 0.4330
vt 0.7012 0.4092
vt 0.6398 0.4011
vt 0.5783 0.4092
vt 0.5211 0.4330
vt 0.4719 0.4707
vt 0.4342 0.5199
vt 0.4105 0.5771
vt 0.4024 0.6386
vt 0.4105 0.7000
vt 0.4342 0.7573
vt 0.4719 0.8064
vt 0.5211 0.8442
vt 0.5783 0.8679
vt 0.6398 0.8760
vt 0.7009 0.8668
vt 0.6398 0.8749
vt 0.7579 0.8432
vt 0.8069 0.8056
vt 0.8444 0.7567
vt 0.8680 0.6997
vt 0.8761 0.6386
vt 0.8680 0.5774
vt 0.8444 0.5204
vt 0.8069 0.4715
vt 0.7579 0.4339
vt 0.7009 0.4103
vt 0.6398 0.4022
vt 0.5786 0.4103
vt 0.5216 0.4339
vt 0.4727 0.4715
vt 0.4351 0.5204
vt 0.4115 0.5774
vt 0.4035 0.6386
vt 0.4115 0.6997
vt 0.4351 0.7567
vt 0.4727 0.8056
vt 0.5216 0.8432
vt 0.5786 0.8668
vt 0.5341 0.2234
vt 0.5352 0.2234
vt 0.5352 0.2844
vt 0.5341 0.2846
vt 0.5341 0.1623
vt 0.5352 0.1625
vt 0.5341 0.1053
vt 0.5352 0.1057
vt 0.5341 0.0563
vt 0.5352 0.0569
vt 0.4706 0.5658
vt 0.4710 0.5669
vt 0.4222 0.5669
vt 0.4217 0.5658
vt 0.5276 0.5658
vt 0.5278 0.5669
vt 0.5887 0.5658
vt 0.5887 0.5669
vt 0.6499 0.5658
vt 0.6497 0.5669
vt 0.7069 0.5658
vt 0.7065 0.5669
vt 0.7558 0.5658
vt 0.7552 0.5669
vt 0.1151 0.7704
vt 0.1140 0.7700
vt 0.1140 0.8188
vt 0.1151 0.8194
vt 0.1151 0.7134
vt 0.1140 0.7132
vt 0.1151 0.6523
vt 0.1140 0.6523
vt 0.1151 0.5911
vt 0.1140 0.5913
vt 0.1151 0.5341
vt 0.1140 0.5345
vt 0.1151 0.4852
vt 0.1140 0.4858
vt 0.3961 0.0125
vt 0.3965 0.0114
vt 0.3477 0.0114
vt 0.3471 0.0125
vt 0.4531 0.0125
vt 0.4533 0.0114
vt 0.5142 0.0125
vt 0.5142 0.0114
vt 0.5754 0.0125
vt 0.5752 0.0114
vt 0.6324 0.0125
vt 0.6320 0.0114
vt 0.6813 0.0125
vt 0.6807 0.0114
vt 0.5341 0.3416
vt 0.5352 0.3411
vt 0.5352 0.3899
vt 0.5341 0.3905
vt 0.5364 0.2842
vt 0.5364 0.3409
vt 0.5364 0.2234
vt 0.5364 0.1626
vt 0.5364 0.1059
vt 0.5364 0.0573
vt 0.4713 0.5682
vt 0.4226 0.5682
vt 0.5279 0.5682
vt 0.5887 0.5682
vt 0.6496 0.5682
vt 0.7062 0.5682
vt 0.7549 0.5682
vt 0.1127 0.7698
vt 0.1127 0.8184
vt 0.1127 0.7131
vt 0.1127 0.6523
vt 0.1127 0.5915
vt 0.1127 0.5348
vt 0.1127 0.4862
vt 0.3967 0.0101
vt 0.3481 0.0101
vt 0.4534 0.0101
vt 0.5142 0.0101
vt 0.5750 0.0101
vt 0.6317 0.0101
vt 0.6803 0.0101
vt 0.5364 0.3895
vt 0.5378 0.3408
vt 0.5378 0.3894
vt 0.5378 0.2842
vt 0.5378 0.2234
vt 0.5378 0.1627
vt 0.5378 0.1060
vt 0.5378 0.0574
vt 0.4714 0.5696
vt 0.4227 0.5696
vt 0.5280 0.5696
vt 0.5887 0.5696
vt 0.6495 0.5696
vt 0.7061 0.5696
vt 0.7548 0.5696
vt 0.1114 0.7697
vt 0.1114 0.8183
vt 0.1114 0.7130
vt 0.1114 0.6523
vt 0.1114 0.5915
vt 0.1114 0.5349
vt 0.1114 0.4863
vt 0.3968 0.0087
vt 0.3482 0.0087
vt 0.4535 0.0087
vt 0.5142 0.0087
vt 0.5750 0.0087
vt 0.6316 0.0087
vt 0.6802 0.0087
vt 0.6803 0.0074
vt 0.6317 0.0074
vt 0.5392 0.3409
vt 0.5392 0.3895
vt 0.5392 0.2842
vt 0.5392 0.2234
vt 0.5392 0.1626
vt 0.5392 0.1059
vt 0.5392 0.0573
vt 0.4713 0.5709
vt 0.4226 0.5709
vt 0.5279 0.5709
vt 0.5887 0.5709
vt 0.6496 0.5709
vt 0.7062 0.5709
vt 0.7549 0.5709
vt 0.1100 0.7698
vt 0.1100 0.8184
vt 0.1100 0.7131
vt 0.1100 0.6523
vt 0.1100 0.5915
vt 0.1100 0.5348
vt 0.1100 0.4862
vt 0.3967 0.0074
vt 0.3481 0.0074
vt 0.4534 0.0074
vt 0.5142 0.0074
vt 0.5750 0.0074
vt 0.6320 0.0061
vt 0.5752 0.0061
vt 0.6807 0.0061
vt 0.5404 0.3411
vt 0.5404 0.3899
vt 0.5404 0.2844
vt 0.5404 0.2234
vt 0.5404 0.1625
vt 0.5404 0.1057
vt 0.5404 0.0569
vt 0.4710 0.5722
vt 0.4222 0.5722
vt 0.5278 0.5722
vt 0.5887 0.5722
vt 0.6497 0.5722
vt 0.7065 0.5722
vt 0.7552 0.5722
vt 0.1087 0.7700
vt 0.1087 0.8188
vt 0.1087 0.7132
vt 0.1087 0.6523
vt 0.1087 0.5913
vt 0.1087 0.5345
vt 0.1087 0.4858
vt 0.3965 0.0061
vt 0.3477 0.0061
vt 0.4533 0.0061
vt 0.5142 0.0061
vt 0.5754 0.0050
vt 0.5142 0.0050
vt 0.6324 0.0050
vt 0.6813 0.0050
vt 0.5415 0.3416
vt 0.5415 0.3905
vt 0.5415 0.2846
vt 0.5415 0.2234
vt 0.5415 0.1623
vt 0.5415 0.1053
vt 0.5415 0.0563
vt 0.4706 0.5733
vt 0.4217 0.5733
vt 0.5276 0.5733
vt 0.5887 0.5733
vt 0.6499 0.5733
vt 0.7069 0.5733
vt 0.7558 0.5733
vt 0.1076 0.7704
vt 0.1076 0.8194
vt 0.1076 0.7134
vt 0.1076 0.6523
vt 0.1076 0.5911
vt 0.1076 0.5341
vt 0.1076 0.4852
vt 0.3961 0.0050
vt 0.3471 0.0050
vt 0.4531 0.0050
vt 0.2359 0.4549
vt 0.2386 0.4549
vt 0.2386 0.0368
vt 0.2359 0.0368
vt 0.1238 0.4937
vt 0.1225 0.4937
vt 0.1225 0.9119
vt 0.1238 0.9119
vt 0.1199 0.4937
vt 0.1199 0.9119
vt 0.1311 0.4999
vt 0.1284 0.4999
vt 0.1284 0.9180
vt 0.1311 0.9180
vt 0.1421 0.9217
vt 0.1408 0.9217
vt 0.1408 0.5035
vt 0.1421 0.5035
vt 0.1382 0.9217
vt 0.1382 0.5035
vn 0.0000 0.8661 -0.4999
vn 0.0000 0.0000 -1.0000
vn 0.0000 -0.8661 -0.4999
vn 0.0000 -0.8661 0.4999
vn 0.0000 -0.0000 1.0000
vn 0.0000 0.8661 0.4999
vn 0.7978 0.6029 0.0000
vn 0.7371 0.5570 0.3828
vn 0.8387 0.3764 0.3936
vn 0.9123 0.4095 0.0000
vn 0.8116 0.5842 0.0000
vn 0.7498 0.5398 0.3826
vn 0.6955 0.7185 0.0000
vn 0.6411 0.6624 0.3875
vn 0.3841 0.9233 0.0000
vn 0.3537 0.8503 0.3896
vn 0.0000 1.0000 0.0000
vn 0.0000 0.9214 0.3886
vn -0.3841 0.9233 0.0000
vn -0.3537 0.8503 0.3896
vn -0.7072 0.7070 0.0000
vn -0.6516 0.6515 0.3885
vn -0.9233 0.3841 0.0000
vn -0.8504 0.3538 0.3896
vn -0.9955 0.0949 0.0000
vn -0.9191 0.0876 0.3841
vn -0.9955 -0.0949 0.0000
vn -0.9191 -0.0876 0.3841
vn -0.9233 -0.3841 0.0000
vn -0.8504 -0.3538 0.3896
vn -0.7072 -0.7070 0.0000
vn -0.6516 -0.6515 0.3885
vn -0.3841 -0.9233 0.0000
vn -0.3537 -0.8503 0.3896
vn 0.0000 -1.0000 0.0000
vn 0.0000 -0.9214 0.3887
vn 0.3841 -0.9233 0.0000
vn 0.3537 -0.8503 0.3896
vn 0.7071 -0.7071 0.0000
vn 0.6516 -0.6515 0.3885
vn 0.9233 -0.3841 0.0000
vn 0.8503 -0.3537 0.3897
vn 0.9951 -0.0993 -0.0000
vn 0.9188 -0.0916 0.3841
vn 1.0000 -0.0088 -0.0000
vn 0.9238 -0.0081 0.3827
vn -0.7266 -0.6871 -0.0000
vn -0.6703 -0.6338 0.3859
vn -0.7531 -0.5350 0.3828
vn -0.8152 -0.5791 -0.0000
vn -0.5961 -0.8029 0.0000
vn -0.5507 -0.7417 0.3829
vn -0.3975 -0.9176 0.0000
vn -0.3662 -0.8454 0.3889
vn -0.0127 -0.9999 0.0000
vn -0.0117 -0.9210 0.3894
vn 0.3638 -0.9315 0.0000
vn 0.3353 -0.8584 0.3883
vn 0.6909 -0.7229 0.0000
vn 0.6363 -0.6658 0.3897
vn 0.9150 -0.4036 0.0000
vn 0.8431 -0.3719 0.3884
vn 0.9995 -0.0316 0.0000
vn 0.9207 -0.0291 0.3892
vn 0.2701 0.1212 0.9552
vn 0.3761 -0.0119 0.9265
vn -0.1497 -0.3455 0.9264
vn -0.0047 -0.3760 0.9266
vn -0.2281 -0.3071 0.9240
vn -0.2757 -0.2606 0.9252
vn 0.3052 0.2306 0.9239
vn 0.0125 -0.0399 0.9991
vn 0.3106 0.2236 0.9239
vn 0.2628 0.2715 0.9258
vn 0.1443 0.3470 0.9267
vn 0.0000 0.3768 0.9263
vn -0.1444 0.3470 0.9267
vn -0.2666 0.2665 0.9262
vn -0.3470 0.1444 0.9267
vn -0.3795 0.0362 0.9245
vn 0.3794 -0.0378 0.9244
vn -0.3795 -0.0362 0.9245
vn 0.3470 -0.1443 0.9267
vn -0.3470 -0.1444 0.9267
vn -0.2666 -0.2665 0.9262
vn 0.2666 -0.2665 0.9262
vn -0.1443 -0.3470 0.9267
vn 0.1444 -0.3470 0.9267
vn 0.0000 -0.4986 0.8668
vn 0.1372 -0.3513 0.9261
vn 0.3450 -0.1522 0.9262
vn 0.3437 -0.3596 0.8675
vn 0.0000 0.9239 0.3827
vn 0.0875 0.9191 0.3842
vn 0.0948 0.9955 0.0000
vn 0.6112 0.6083 0.5064
vn 1.0000 0.0014 0.0000
vn 0.9239 0.0013 0.3826
vn 1.0000 -0.0048 0.0000
vn 1.0000 0.0076 0.0000
vn 0.6119 -0.6072 0.5069
vn 0.0948 -0.9955 -0.0000
vn 0.0875 -0.9191 0.3842
vn 0.3840 -0.9233 -0.0000
vn 0.3537 -0.8504 0.3896
vn 0.7072 -0.7071 -0.0000
vn 0.8504 -0.3537 0.3896
vn 1.0000 -0.0000 0.0000
vn 0.9214 0.0000 0.3887
vn 0.9233 0.3841 0.0000
vn 0.8503 0.3538 0.3896
vn 0.7072 0.7070 0.0000
vn 0.6516 0.6515 0.3885
vn -0.0948 0.9955 0.0000
vn -0.0875 0.9191 0.3842
vn -0.7071 0.7071 0.0000
vn -0.9233 0.3840 0.0000
vn -0.8504 0.3537 0.3896
vn -0.9955 0.0948 0.0000
vn -0.9191 0.0875 0.3841
vn -0.9955 -0.0948 0.0000
vn -0.9191 -0.0875 0.3841
vn -0.9233 -0.3840 0.0000
vn -0.8504 -0.3537 0.3896
vn -0.7071 -0.7071 0.0000
vn -0.0948 -0.9955 0.0000
vn -0.0875 -0.9191 0.3842
vn 0.7072 -0.7070 0.0000
vn 0.6516 0.6515 0.3884
vn 0.0361 0.3795 0.9245
vn 0.0288 -0.3025 0.9527
vn 0.1443 -0.3470 0.9267
vn -0.0361 -0.3795 0.9245
vn 0.0000 0.3827 0.9239
vn 0.0945 0.0941 0.9911
vn 0.3827 0.0005 0.9239
vn -0.3025 -0.0288 0.9527
vn 0.0945 -0.0938 0.9911
vn -0.3795 0.0361 0.9245
vn 0.0361 -0.3795 0.9245
vn -0.0361 0.3795 0.9245
vn 0.1444 0.3470 0.9267
vn 0.2666 0.2665 0.9262
vn 0.3470 -0.1444 0.9267
vn 0.3470 0.1444 0.9267
vn 0.4986 -0.0000 0.8668
vn -0.3470 0.1443 0.9267
vn -0.3470 -0.1443 0.9267
vn -0.1444 -0.3470 0.9267
vn 0.3471 0.1444 0.9267
vn -1.0000 -0.0029 -0.0000
vn -0.9238 -0.0026 0.3830
vn -0.9193 0.0850 0.3843
vn -0.9958 0.0921 0.0000
vn -0.9984 -0.0569 0.0000
vn -0.9222 -0.0526 0.3832
vn -0.9518 -0.3067 0.0000
vn -0.8768 -0.2825 0.3891
vn -0.7578 -0.6525 0.0000
vn -0.6980 -0.6010 0.3894
vn -0.4543 -0.8908 0.0000
vn -0.4186 -0.8209 0.3884
vn -0.0783 -0.9969 0.0000
vn -0.0721 -0.9181 0.3897
vn 0.3086 -0.9512 0.0000
vn 0.2843 -0.8765 0.3884
vn 0.6431 -0.7658 0.0000
vn 0.5924 -0.7054 0.3892
vn 0.9123 -0.4095 0.0000
vn 0.8388 -0.3766 0.3932
vn 0.9964 -0.0844 0.0000
vn 0.9201 -0.0780 0.3839
vn 0.9954 0.0957 0.0000
vn 0.9190 0.0884 0.3841
vn -0.3537 0.8504 0.3896
vn -0.6516 0.6516 0.3884
vn -0.8503 0.3537 0.3896
vn -0.3794 0.0351 0.9246
vn 0.3795 0.0365 0.9245
vn 0.3801 -0.0322 0.9244
vn -0.3825 -0.0011 0.9240
vn -0.3815 -0.0218 0.9241
vn 0.2238 -0.1005 0.9695
vn -0.3582 -0.1154 0.9265
vn -0.2850 -0.2454 0.9266
vn 0.2419 -0.2881 0.9265
vn -0.1713 -0.3358 0.9262
vn 0.1539 -0.4745 0.8667
vn -0.0389 -0.4959 0.8675
vn -0.1443 0.3470 0.9267
vn -0.0000 0.4986 0.8668
vn 0.8495 -0.5275 0.0000
vn 0.7843 -0.4871 0.3841
vn 0.6363 -0.6674 0.3869
vn 0.6901 -0.7237 0.0000
vn 0.9567 -0.2911 0.0000
vn 0.8821 -0.2684 0.3872
vn 0.9970 0.0780 0.0000
vn 0.9181 0.0718 0.3898
vn 0.8163 0.5776 0.0000
vn 0.7478 0.5291 0.4011
vn 0.3905 0.9206 0.0000
vn 0.3594 0.8473 0.3910
vn -0.0416 0.9991 0.0000
vn -0.0383 0.9198 0.3906
vn -0.5621 0.8271 0.0000
vn -0.5148 0.7574 0.4017
vn -0.8527 0.5225 0.0000
vn -0.7873 0.4824 0.3840
vn -0.8954 0.4453 0.0000
vn -0.8272 0.4114 0.3827
vn 0.8770 0.4805 0.0000
vn 0.8098 0.4437 0.3838
vn 0.8456 0.3723 0.3826
vn 0.9152 0.4030 0.0000
vn 0.7066 0.7076 0.0000
vn 0.6509 0.6518 0.3892
vn 0.3773 0.9261 0.0000
vn 0.3475 0.8531 0.3893
vn -0.0018 1.0000 0.0000
vn -0.0017 0.9214 0.3886
vn -0.3850 0.9229 0.0000
vn -0.3546 0.8500 0.3895
vn -0.7070 0.7072 0.0000
vn -0.6515 0.6517 0.3884
vn -0.9229 0.3851 0.0000
vn -0.8500 0.3546 0.3896
vn -1.0000 -0.0010 0.0000
vn -0.9213 -0.0009 0.3888
vn -0.9548 -0.2973 0.0000
vn -0.8813 -0.2744 0.3847
vn -0.8778 -0.4790 0.0000
vn -0.8105 -0.4423 0.3840
vn -0.7158 -0.6983 0.0000
vn -0.6597 -0.6435 0.3883
vn -0.3931 -0.9195 0.0000
vn -0.3619 -0.8467 0.3900
vn -0.0006 -1.0000 0.0000
vn -0.0006 -0.9213 0.3890
vn 0.3875 -0.9219 0.0000
vn 0.3568 -0.8491 0.3896
vn 0.2612 -0.2740 0.9256
vn 0.1456 -0.3465 0.9267
vn 0.0015 0.0636 0.9980
vn 0.3239 -0.2012 0.9245
vn 0.3618 -0.1100 0.9257
vn -0.3252 0.1993 0.9244
vn 0.2982 0.0233 0.9542
vn -0.2047 0.3012 0.9313
vn 0.3956 0.2799 0.8747
vn 0.1937 0.4566 0.8683
vn -0.0156 0.3745 0.9271
vn 0.3345 0.1833 0.9244
vn -0.3635 -0.1132 0.9247
vn -0.3348 -0.1827 0.9244
vn -0.3766 -0.0004 0.9264
vn 0.2658 0.2663 0.9265
vn 0.1419 0.3484 0.9265
vn -0.3468 0.1447 0.9267
vn -0.0007 0.3768 0.9263
vn -0.2666 0.2666 0.9262
vn -0.1916 0.4592 0.8674
vn -0.2699 -0.2633 0.9262
vn -0.1476 -0.3453 0.9268
vn -0.0003 -0.3765 0.9264
vn -0.0921 -0.9957 0.0000
vn -0.0851 -0.9194 0.3839
vn -0.3727 -0.8410 0.3922
vn -0.4051 -0.9143 0.0000
vn 0.0543 -0.9985 0.0000
vn 0.0501 -0.9223 0.3833
vn 0.1851 -0.9827 0.0000
vn 0.1710 -0.9076 0.3835
vn 0.3366 -0.9417 0.0000
vn 0.3108 -0.8695 0.3838
vn 0.5031 -0.8642 0.0000
vn 0.4645 -0.7979 0.3843
vn 0.6300 -0.7766 0.0000
vn 0.5819 -0.7173 0.3832
vn 0.7225 -0.6914 0.0000
vn 0.6672 -0.6386 0.3834
vn 0.8284 -0.5601 0.0000
vn 0.7648 -0.5171 0.3843
vn 0.9241 -0.3821 0.0000
vn 0.8531 -0.3528 0.3844
vn 0.9820 -0.1890 0.0000
vn 0.9066 -0.1745 0.3843
vn 1.0000 0.0001 0.0000
vn 0.9233 0.0001 0.3840
vn 0.9818 0.1897 0.0000
vn 0.9064 0.1751 0.3843
vn 0.9235 0.3835 0.0000
vn 0.8526 0.3540 0.3844
vn 0.8274 0.5617 0.0000
vn 0.7638 0.5185 0.3843
vn 0.7058 0.7084 0.0000
vn 0.6516 0.6541 0.3841
vn 0.5590 0.8292 0.0000
vn 0.5161 0.7655 0.3843
vn 0.3816 0.9243 0.0000
vn 0.3523 0.8533 0.3844
vn 0.1888 0.9820 0.0000
vn 0.1743 0.9066 0.3843
vn 0.0444 0.9990 0.0000
vn 0.0410 0.9228 0.3830
vn -0.0960 0.9954 0.0000
vn -0.0887 0.9190 0.3841
vn -0.7071 0.7072 0.0000
vn -0.9233 0.3842 0.0000
vn -0.8503 0.3538 0.3896
vn -0.9191 0.0875 0.3842
vn -0.9191 -0.0875 0.3842
vn -0.9233 -0.3842 0.0000
vn -0.8503 -0.3538 0.3896
vn -0.6517 -0.6515 0.3884
vn -0.3843 -0.9232 0.0000
vn -0.3539 -0.8503 0.3896
vn 0.3842 -0.9233 0.0000
vn 0.3538 -0.8503 0.3896
vn 0.7073 -0.7070 0.0000
vn 0.6517 -0.6514 0.3884
vn 0.9234 -0.3840 0.0000
vn 0.8504 -0.3536 0.3896
vn 0.9952 -0.0980 0.0000
vn 0.9188 -0.0905 0.3841
vn 1.0000 -0.0010 0.0000
vn 0.9239 -0.0009 0.3825
vn 1.0000 0.0045 0.0000
vn 0.6112 -0.6084 0.5063
vn -0.0939 -0.9956 0.0000
vn -0.0867 -0.9192 0.3841
vn -0.3824 -0.9240 0.0000
vn -0.3522 -0.8510 0.3896
vn -0.7065 -0.7077 0.0000
vn -0.6510 -0.6521 0.3886
vn -0.9234 -0.3839 0.0000
vn -0.8504 -0.3536 0.3896
vn -1.0000 -0.0008 0.0000
vn -0.9214 -0.0008 0.3886
vn -0.9240 0.3824 0.0000
vn -0.8510 0.3522 0.3896
vn -0.6515 0.6515 0.3886
vn -0.3824 0.9240 0.0000
vn -0.3522 0.8510 0.3896
vn -0.0851 0.9964 0.0000
vn -0.0786 0.9198 0.3844
vn 0.0089 1.0000 0.0000
vn 0.0082 0.9239 0.3826
vn -0.0708 0.9975 0.0000
vn -0.0654 0.9212 0.3835
vn -0.3214 0.9469 0.0000
vn -0.2962 0.8726 0.3883
vn -0.6593 0.7519 0.0000
vn -0.6072 0.6924 0.3898
vn -0.8906 0.4549 0.0000
vn -0.8210 0.4193 0.3875
vn -0.9960 0.0891 0.0000
vn -0.9171 0.0821 0.3900
vn -0.9503 -0.3112 0.0000
vn -0.8755 -0.2868 0.3889
vn -0.7566 -0.6539 0.0000
vn -0.6968 -0.6024 0.3894
vn -0.1204 -0.2717 0.9548
vn -0.2844 -0.2459 0.9266
vn -0.1212 0.3570 0.9262
vn -0.2477 0.2824 0.9268
vn -0.0271 0.3809 0.9242
vn 0.0034 0.3827 0.9239
vn -0.0351 -0.3798 0.9244
vn -0.0258 0.3025 0.9528
vn 0.0207 -0.3815 0.9241
vn 0.0707 -0.3753 0.9242
vn -0.1145 0.2766 0.9542
vn 0.1284 -0.3593 0.9244
vn -0.2123 0.2123 0.9539
vn 0.1917 -0.3294 0.9245
vn 0.2407 -0.2968 0.9241
vn 0.2759 -0.2641 0.9242
vn -0.2766 0.1145 0.9541
vn 0.3157 -0.2135 0.9245
vn -0.3002 -0.0002 0.9539
vn 0.3521 -0.1456 0.9246
vn 0.3742 -0.0720 0.9245
vn 0.3813 0.0001 0.9245
vn -0.2764 -0.1149 0.9541
vn 0.3742 0.0723 0.9245
vn -0.2121 -0.2124 0.9539
vn 0.3518 0.1461 0.9246
vn 0.3153 0.2140 0.9246
vn 0.2691 0.2701 0.9245
vn -0.1145 -0.2766 0.9541
vn 0.2130 0.3160 0.9245
vn -0.0286 -0.3025 0.9527
vn 0.1454 0.3522 0.9246
vn 0.0719 0.3742 0.9245
vn 0.0170 0.3820 0.9240
vn 0.0945 -0.0941 0.9911
vn -0.0366 0.3795 0.9245
vn 0.3828 -0.0004 0.9238
vn -0.1444 0.3471 0.9266
vn 0.3795 -0.0374 0.9245
vn -0.3366 0.1719 0.9258
vn -0.3579 -0.1172 0.9264
vn -0.4951 0.0443 0.8677
vn 0.9998 0.0217 0.0000
vn 0.9211 0.0200 0.3888
vn 0.8388 -0.3765 0.3932
vn 0.9558 0.2941 0.0000
vn 0.8826 0.2716 0.3838
vn 0.8909 0.4542 0.0000
vn 0.8226 0.4194 0.3839
vn 0.7977 0.6030 0.0000
vn 0.7366 0.5568 0.3839
vn 0.6768 0.7361 0.0000
vn 0.6249 0.6797 0.3841
vn 0.5204 0.8539 0.0000
vn 0.4804 0.7883 0.3844
vn 0.3392 0.9407 0.0000
vn 0.3132 0.8685 0.3842
vn 0.1614 0.9869 0.0000
vn 0.1490 0.9113 0.3839
vn -0.0078 1.0000 0.0000
vn -0.0072 0.9234 0.3839
vn -0.1893 0.9819 0.0000
vn -0.1748 0.9065 0.3844
vn -0.3827 0.9239 0.0000
vn -0.3533 0.8529 0.3845
vn -0.5604 0.8282 0.0000
vn -0.5174 0.7646 0.3843
vn -0.6529 0.6529 0.3840
vn -0.8282 0.5604 0.0000
vn -0.7646 0.5174 0.3842
vn -0.9239 0.3827 0.0000
vn -0.8529 0.3533 0.3844
vn -0.9819 0.1893 0.0000
vn -0.9065 0.1748 0.3842
vn -1.0000 0.0000 0.0000
vn -0.9233 -0.0000 0.3840
vn -0.9819 -0.1893 -0.0000
vn -0.9065 -0.1748 0.3842
vn -0.9239 -0.3827 -0.0000
vn -0.8529 -0.3533 0.3844
vn -0.8282 -0.5604 -0.0000
vn -0.7646 -0.5174 0.3842
vn -0.6529 -0.6529 0.3840
vn -0.5604 -0.8282 0.0000
vn -0.5174 -0.7646 0.3843
vn -0.3827 -0.9239 0.0000
vn -0.3533 -0.8529 0.3844
vn -0.1893 -0.9819 0.0000
vn -0.1748 -0.9065 0.3843
vn -0.0025 -1.0000 0.0000
vn -0.0023 -0.9233 0.3840
vn 0.1812 -0.9834 0.0000
vn 0.1673 -0.9080 0.3841
vn 0.3718 -0.9283 0.0000
vn 0.3432 -0.8570 0.3844
vn 0.5533 -0.8330 0.0000
vn 0.5108 -0.7690 0.3844
vn 0.6931 -0.7208 -0.0000
vn 0.6401 -0.6657 0.3836
vn 0.7915 -0.6112 -0.0000
vn 0.7310 -0.5645 0.3835
vn 0.8795 -0.4759 -0.0000
vn 0.8121 -0.4394 0.3840
vn 0.9579 -0.2872 0.0000
vn 0.8841 -0.2651 0.3848
vn 1.0000 -0.0035 0.0000
vn 0.9218 -0.0032 0.3877
vn 0.9123 0.4096 0.0000
vn 0.8388 0.3766 0.3932
vn 0.6431 0.7658 0.0000
vn 0.5923 0.7054 0.3892
vn 0.3085 0.9512 0.0000
vn 0.2842 0.8766 0.3884
vn -0.0782 0.9969 0.0000
vn -0.0720 0.9181 0.3897
vn -0.4544 0.8908 0.0000
vn -0.4187 0.8209 0.3885
vn -0.7578 0.6524 0.0000
vn -0.6980 0.6009 0.3894
vn -0.9518 0.3067 0.0000
vn -0.8768 0.2825 0.3892
vn -0.9785 0.2064 0.0000
vn -0.9034 0.1906 0.3842
vn -0.9275 0.3739 0.0000
vn -0.8564 0.3453 0.3838
vn -0.8546 0.5193 0.0000
vn -0.7891 0.4795 0.3838
vn -0.7611 0.6486 0.0000
vn -0.7029 0.5989 0.3837
vn -0.6432 0.7657 0.0000
vn -0.5939 0.7070 0.3840
vn -0.4876 0.8731 0.0000
vn -0.4502 0.8060 0.3844
vn -0.3115 0.9502 0.0000
vn -0.2876 0.8774 0.3841
vn -0.1461 0.9893 0.0000
vn -0.1349 0.9135 0.3837
vn 0.0117 0.9999 0.0000
vn 0.0108 0.9234 0.3837
vn 0.1894 0.9819 0.0000
vn 0.1749 0.9065 0.3843
vn 0.3830 0.9237 0.0000
vn 0.3536 0.8527 0.3845
vn 0.5612 0.8277 0.0000
vn 0.5181 0.7641 0.3844
vn 0.7080 0.7062 0.0000
vn 0.6537 0.6520 0.3841
vn 0.8287 0.5596 0.0000
vn 0.7651 0.5167 0.3843
vn 0.9240 0.3823 0.0000
vn 0.8530 0.3530 0.3844
vn 0.9819 0.1893 0.0000
vn 0.9065 0.1747 0.3843
vn 0.9233 -0.0000 0.3841
vn 0.9819 -0.1893 -0.0000
vn 0.9065 -0.1748 0.3843
vn 0.9240 -0.3823 -0.0000
vn 0.8530 -0.3530 0.3844
vn 0.8287 -0.5596 -0.0000
vn 0.7651 -0.5167 0.3843
vn 0.7080 -0.7062 -0.0000
vn 0.6537 -0.6520 0.3841
vn 0.5612 -0.8277 -0.0000
vn 0.5181 -0.7641 0.3844
vn 0.3830 -0.9237 -0.0000
vn 0.3536 -0.8527 0.3845
vn 0.1894 -0.9819 -0.0000
vn 0.1749 -0.9065 0.3843
vn 0.0110 -0.9999 -0.0000
vn 0.0101 -0.9234 0.3837
vn -0.1497 -0.9887 -0.0000
vn -0.1382 -0.9130 0.3837
vn -0.3202 -0.9474 -0.0000
vn -0.2956 -0.8747 0.3842
vn -0.5021 -0.8648 -0.0000
vn -0.4635 -0.7983 0.3845
vn -0.6616 -0.7499 -0.0000
vn -0.6109 -0.6923 0.3841
vn -0.7787 -0.6274 -0.0000
vn -0.7191 -0.5794 0.3837
vn -0.8658 -0.5003 -0.0000
vn -0.7996 -0.4621 0.3837
vn -0.9302 -0.3669 -0.0000
vn -0.8591 -0.3389 0.3836
vn -0.9885 -0.1513 -0.0000
vn -0.9117 -0.1396 0.3865
vn -0.7578 -0.6524 -0.0000
vn -0.6980 -0.6010 0.3893
vn -0.4187 -0.8209 0.3884
vn -0.0782 -0.9969 -0.0000
vn -0.0720 -0.9181 0.3897
vn 0.3085 -0.9512 -0.0000
vn 0.6430 -0.7659 -0.0000
vn 0.5923 -0.7055 0.3892
vn 0.3397 -0.1525 0.9281
vn 0.2999 0.0065 0.9539
vn 0.3647 0.1122 0.9243
vn -0.3551 -0.1401 0.9243
vn -0.3745 -0.0573 0.9254
vn -0.3305 -0.1910 0.9243
vn 0.3399 0.1733 0.9244
vn 0.3043 0.2300 0.9244
vn -0.2972 -0.2395 0.9243
vn -0.2522 -0.2859 0.9245
vn 0.2581 0.2807 0.9244
vn 0.1983 0.3254 0.9246
vn -0.1912 -0.3294 0.9246
vn -0.1221 -0.3612 0.9245
vn 0.1293 0.3585 0.9245
vn 0.0616 0.3765 0.9244
vn -0.0571 -0.3774 0.9243
vn 0.0042 -0.3816 0.9243
vn -0.0032 0.3815 0.9244
vn -0.0721 0.3742 0.9246
vn 0.0722 -0.3742 0.9246
vn 0.1459 -0.3519 0.9246
vn -0.1458 0.3519 0.9246
vn -0.2136 0.3156 0.9245
vn 0.2138 -0.3154 0.9246
vn 0.2699 -0.2692 0.9245
vn -0.2697 0.2696 0.9244
vn -0.3156 0.2136 0.9245
vn 0.3158 -0.2132 0.9246
vn 0.3520 -0.1456 0.9246
vn -0.3521 0.1458 0.9246
vn -0.3743 0.0722 0.9245
vn 0.3742 -0.0721 0.9245
vn 0.3813 -0.0000 0.9244
vn -0.3814 -0.0000 0.9244
vn -0.3743 -0.0722 0.9245
vn 0.3742 0.0721 0.9245
vn 0.3520 0.1456 0.9246
vn -0.3520 -0.1458 0.9246
vn -0.3156 -0.2136 0.9245
vn 0.3158 0.2132 0.9246
vn 0.2699 0.2692 0.9245
vn -0.2697 -0.2696 0.9244
vn -0.2136 -0.3156 0.9245
vn 0.2138 0.3154 0.9246
vn 0.1459 0.3519 0.9246
vn -0.1458 -0.3519 0.9246
vn -0.0722 -0.3742 0.9245
vn 0.0722 0.3742 0.9246
vn 0.0044 0.3816 0.9243
vn -0.0010 -0.3814 0.9244
vn 0.0691 -0.3749 0.9245
vn -0.0558 0.3776 0.9243
vn -0.1188 0.3623 0.9245
vn 0.1416 -0.3537 0.9246
vn 0.2108 -0.3174 0.9246
vn -0.1858 0.3327 0.9246
vn -0.2453 0.2920 0.9244
vn 0.2109 -0.2193 0.9526
vn 0.3023 -0.2334 0.9242
vn -0.3261 0.1981 0.9243
vn -0.2905 0.2475 0.9243
vn -0.3539 0.1427 0.9243
vn 0.3354 -0.1815 0.9244
vn 0.3646 -0.1093 0.9247
vn -0.3730 0.0787 0.9245
vn -0.3581 0.1154 0.9265
vn 0.3009 -0.0010 0.9537
vn 0.3397 0.1525 0.9281
vn -0.1713 0.3358 0.9262
vn -0.2850 0.2454 0.9266
vn -0.0294 0.3746 0.9267
vn 0.2419 0.2881 0.9265
vn 0.1539 0.4746 0.8666
vn -0.5040 -0.0287 0.8632
vn 0.1540 -0.4746 0.8666
vn -0.1197 -0.9928 -0.0000
vn -0.1105 -0.9165 0.3845
vn -0.4233 -0.8161 0.3934
vn -0.4604 -0.8877 -0.0000
vn 0.0869 -0.9962 -0.0000
vn 0.0803 -0.9197 0.3844
vn 0.6516 -0.6515 0.3884
vn 0.8504 -0.3537 0.3895
vn 0.9214 -0.0000 0.3886
vn 0.8504 0.3538 0.3895
vn 0.7071 0.7071 0.0000
vn 0.6516 0.6516 0.3884
vn 0.3538 0.8504 0.3895
vn 0.0949 0.9955 0.0000
vn 0.0876 0.9191 0.3841
vn -0.0428 0.9991 0.0000
vn -0.0395 0.9229 0.3830
vn -0.2614 0.9652 0.0000
vn -0.2409 0.8896 0.3880
vn -0.6000 0.8000 0.0000
vn -0.5526 0.7369 0.3893
vn -0.8633 0.5048 0.0000
vn -0.7952 0.4650 0.3892
vn -0.9911 0.1332 0.0000
vn -0.9130 0.1227 0.3892
vn -0.9699 -0.2434 -0.0000
vn -0.8938 -0.2243 0.3882
vn -0.8062 -0.5916 -0.0000
vn -0.7425 -0.5448 0.3896
vn -0.1364 -0.2629 0.9551
vn -0.3030 -0.2223 0.9267
vn -0.2257 0.3009 0.9266
vn -0.3248 0.1899 0.9265
vn -0.0786 0.2902 0.9537
vn -0.0363 -0.3015 0.9528
vn -0.0164 0.3820 0.9240
vn 0.0264 -0.3025 0.9528
vn 0.1444 0.3471 0.9266
vn 0.0362 0.3795 0.9245
vn 0.2666 -0.2666 0.9262
vn 0.2666 0.2666 0.9262
vn 0.3471 -0.1444 0.9267
vn -0.4936 0.0663 0.8672
vn -0.4841 -0.1215 0.8665
vn -0.0823 -0.9966 -0.0000
vn -0.0760 -0.9202 0.3839
vn -0.3766 -0.8388 0.3932
vn -0.4096 -0.9123 -0.0000
vn 0.0488 -0.9988 -0.0000
vn 0.0450 -0.9227 0.3830
vn 0.1896 -0.9819 -0.0000
vn 0.1750 -0.9065 0.3843
vn 0.3829 -0.9238 -0.0000
vn 0.3535 -0.8528 0.3844
vn 0.5606 -0.8281 -0.0000
vn 0.5176 -0.7645 0.3843
vn 0.6529 -0.6529 0.3840
vn 0.8281 -0.5606 -0.0000
vn 0.7645 -0.5176 0.3843
vn 0.9238 -0.3829 -0.0000
vn 0.8528 -0.3535 0.3845
vn 0.9819 -0.1895 -0.0000
vn 0.9065 -0.1750 0.3843
vn 0.8273 0.5617 0.0000
vn 0.7638 0.5186 0.3843
vn 0.6517 0.6541 0.3840
vn 0.5591 0.8291 0.0000
vn 0.0410 0.9228 0.3831
vn -0.0886 0.9190 0.3841
vn -0.0000 -0.9214 0.3886
vn 0.8504 -0.3538 0.3895
vn 0.9955 -0.0949 0.0000
vn 0.9191 -0.0876 0.3841
vn 0.9239 -0.0000 0.3827
vn 0.6101 -0.6101 0.5054
vn -0.0940 -0.9956 -0.0000
vn -0.6510 -0.6521 0.3885
vn -0.1028 0.9947 0.0000
vn -0.0949 0.9185 0.3838
vn -0.0089 1.0000 0.0000
vn -0.0082 0.9238 0.3828
vn -0.0569 0.9984 0.0000
vn -0.0526 0.9222 0.3832
vn -0.3067 0.9518 0.0000
vn -0.2825 0.8768 0.3891
vn -0.6524 0.7579 0.0000
vn -0.6009 0.6980 0.3894
vn -0.8909 0.4543 0.0000
vn -0.8209 0.4186 0.3885
vn -0.9969 0.0782 0.0000
vn -0.9181 0.0720 0.3897
vn -0.9512 -0.3086 -0.0000
vn -0.8765 -0.2843 0.3884
vn -0.7658 -0.6430 -0.0000
vn -0.7054 -0.5923 0.3892
vn -0.1214 -0.2704 0.9551
vn -0.2881 -0.2419 0.9265
vn -0.1154 0.3582 0.9265
vn -0.2454 0.2850 0.9266
vn -0.0217 0.3815 0.9241
vn -0.0034 0.3826 0.9239
vn -0.0314 -0.3801 0.9244
vn -0.0392 0.3795 0.9244
vn 0.0186 -0.3819 0.9240
vn 0.0722 -0.3742 0.9245
vn -0.1145 0.2766 0.9541
vn 0.2137 -0.3156 0.9245
vn 0.2697 -0.2697 0.9244
vn 0.3156 -0.2136 0.9245
vn -0.2766 0.1145 0.9542
vn 0.3519 -0.1459 0.9246
vn -0.3002 -0.0003 0.9539
vn 0.3742 -0.0722 0.9245
vn -0.2764 -0.1149 0.9542
vn 0.3813 0.0000 0.9245
vn -0.2121 -0.2125 0.9539
vn 0.2692 0.2701 0.9244
vn 0.2131 0.3160 0.9245
vn 0.1454 0.3521 0.9246
vn 0.0720 0.3742 0.9245
vn 0.0945 -0.0945 0.9910
vn 0.3827 -0.0000 0.9239
vn -0.2665 0.2665 0.9262
vn 0.3471 -0.1444 0.9266
vn 0.3795 -0.0362 0.9245
vn -0.3358 0.1712 0.9262
vn -0.3586 -0.1163 0.9262
vn -0.4959 0.0389 0.8675
vn -0.9525 -0.3045 0.0000
vn -0.9980 -0.0638 0.0000
vn -0.8621 -0.5068 0.0000
vn -0.7137 -0.7004 0.0000
vn -0.0007 -1.0000 0.0000
vn 0.7189 -0.6951 0.0000
vn 0.8818 -0.4716 0.0000
vn 0.9544 -0.2986 0.0000
vn 1.0000 -0.0009 0.0000
vn 0.9229 0.3851 0.0000
vn 0.7070 0.7072 0.0000
vn 0.3850 0.9229 0.0000
vn 0.0013 1.0000 0.0000
vn -0.3826 0.9239 0.0000
vn -0.7028 0.7114 0.0000
vn -0.8709 0.4915 0.0000
vn -0.9136 0.4066 0.0000
vn 0.8456 0.5338 0.0000
vn 0.9007 0.4344 0.0000
vn 0.7510 0.6603 0.0000
vn 0.5822 0.8130 0.0000
vn 0.2266 0.9740 0.0000
vn -0.1557 0.9878 0.0000
vn -0.5122 0.8589 0.0000
vn -0.8057 0.5924 0.0000
vn -0.9733 0.2297 0.0000
vn -0.3807 -0.0243 0.9244
vn -0.3655 0.0863 0.9268
vn -0.6806 0.1607 0.7148
vn -0.7044 -0.0449 0.7084
vn 0.2196 0.3067 0.9261
vn 0.0851 0.3658 0.9268
vn 0.4081 0.5701 0.7131
vn 0.1585 0.6811 0.7149
vn 0.3109 0.2162 0.9255
vn 0.5685 0.4152 0.7102
vn 0.5308 0.4667 0.7074
vn -0.3607 -0.1153 0.9255
vn -0.6693 -0.2140 0.7115
vn 0.5961 0.3762 0.7094
vn -0.0010 0.0630 0.9980
vn 0.6369 0.3072 0.7071
vn -0.3294 -0.1937 0.9241
vn -0.6090 -0.3581 0.7077
vn -0.2692 -0.2643 0.9261
vn -0.5003 -0.4913 0.7130
vn -0.2748 -0.6429 0.7150
vn -0.0006 -0.7003 0.7139
vn 0.1456 -0.3464 0.9267
vn 0.2704 -0.2615 0.9266
vn 0.3365 -0.1800 0.9243
vn 0.3633 -0.1137 0.9247
vn -0.3319 0.1873 0.9245
vn 0.6225 -0.3330 0.7082
vn 0.6727 -0.2105 0.7093
vn 0.5032 -0.4865 0.7142
vn 0.2711 -0.6449 0.7146
vn 0.3766 -0.0004 0.9264
vn 0.7004 -0.0007 0.7137
vn -0.2651 0.2683 0.9261
vn 0.3468 0.1447 0.9267
vn -0.1438 0.3472 0.9267
vn 0.6457 0.2694 0.7145
vn 0.4956 0.4957 0.7132
vn 0.0005 0.3768 0.9263
vn 0.1916 0.4593 0.8674
vn 0.2694 0.6457 0.7144
vn 0.0009 0.7007 0.7135
vn -0.2678 0.6464 0.7145
vn -0.4927 0.4987 0.7131
vn -0.6143 0.3467 0.7088
vn -0.6459 0.2875 0.7072
vn -0.0588 0.3730 0.9259
vn -0.1092 0.6930 0.7126
vn -0.3034 0.2231 0.9264
vn -0.2548 0.4272 0.8675
vn -0.3583 0.6008 0.7146
vn -0.5643 0.4149 0.7138
vn -0.1196 -0.9928 0.0000
vn -0.1104 -0.9165 0.3844
vn -0.4233 -0.8161 0.3935
vn 0.0870 -0.9962 0.0000
vn 0.7071 -0.7072 0.0000
vn 0.6515 -0.6517 0.3884
vn 0.9233 -0.3842 0.0000
vn 0.8503 -0.3538 0.3896
vn 0.9214 0.0001 0.3887
vn 0.9233 0.3842 0.0000
vn 0.6517 0.6515 0.3884
vn 0.3843 0.9232 0.0000
vn 0.3539 0.8503 0.3896
vn -0.0429 0.9991 0.0000
vn -0.0396 0.9229 0.3830
vn -0.2409 0.8896 0.3879
vn -0.5527 0.7369 0.3893
vn -0.8632 0.5048 0.0000
vn -0.9911 0.1331 0.0000
vn -0.9699 -0.2436 0.0000
vn -0.8938 -0.2245 0.3881
vn -0.8063 -0.5914 0.0000
vn -0.7426 -0.5447 0.3897
vn -0.1713 -0.3303 0.9282
vn -0.0363 -0.3014 0.9528
vn -0.0987 0.3644 0.9260
vn -0.0164 0.3821 0.9240
vn 0.2665 -0.2666 0.9262
vn -0.4936 0.0664 0.8672
vn -0.4842 -0.1216 0.8665
vn -0.7070 -0.0000 0.7072
vn -0.4997 0.0000 0.8662
vn -0.4827 -0.1294 0.8662
vn -0.6830 -0.1830 0.7071
vn -0.6830 0.1830 0.7071
vn -0.4827 0.1293 0.8662
vn -0.6124 0.3536 0.7071
vn -0.4328 0.2499 0.8662
vn -0.5001 0.5000 0.7070
vn -0.3534 0.3534 0.8662
vn -0.3536 0.6124 0.7071
vn -0.2499 0.4328 0.8662
vn -0.1830 0.6830 0.7072
vn -0.1294 0.4827 0.8662
vn -0.0000 0.7070 0.7072
vn 0.0000 0.4998 0.8662
vn 0.1830 0.6829 0.7072
vn 0.1294 0.4827 0.8662
vn 0.3536 0.6124 0.7071
vn 0.2499 0.4328 0.8662
vn 0.5000 0.5001 0.7070
vn 0.3534 0.3534 0.8662
vn 0.6124 0.3536 0.7071
vn 0.4328 0.2499 0.8662
vn 0.6830 0.1830 0.7071
vn 0.4827 0.1293 0.8662
vn 0.7070 0.0000 0.7072
vn 0.4997 -0.0000 0.8662
vn 0.6830 -0.1830 0.7071
vn 0.4827 -0.1293 0.8662
vn 0.6124 -0.3536 0.7071
vn 0.4328 -0.2499 0.8662
vn 0.5001 -0.5000 0.7070
vn 0.3534 -0.3534 0.8662
vn 0.3536 -0.6124 0.7071
vn 0.2499 -0.4328 0.8662
vn 0.1830 -0.6829 0.7072
vn 0.1294 -0.4828 0.8661
vn 0.0000 -0.7070 0.7072
vn -0.0000 -0.4998 0.8661
vn -0.1830 -0.6829 0.7072
vn -0.1293 -0.4827 0.8662
vn -0.3536 -0.6124 0.7071
vn -0.2499 -0.4328 0.8662
vn -0.5000 -0.5001 0.7070
vn -0.3534 -0.3534 0.8662
vn -0.6124 -0.3536 0.7071
vn -0.4328 -0.2499 0.8662
vn -0.2499 -0.0670 0.9660
vn -0.2240 -0.1293 0.9660
vn -0.2587 0.0000 0.9660
vn -0.2499 0.0670 0.9660
vn -0.2240 0.1293 0.9660
vn -0.1829 0.1829 0.9660
vn -0.1293 0.2240 0.9660
vn -0.0670 0.2499 0.9659
vn 0.0000 0.2588 0.9659
vn 0.0670 0.2499 0.9659
vn 0.1293 0.2240 0.9660
vn 0.1829 0.1829 0.9660
vn 0.2240 0.1293 0.9660
vn 0.2499 0.0670 0.9660
vn 0.2587 -0.0000 0.9660
vn 0.2499 -0.0670 0.9660
vn 0.2240 -0.1293 0.9660
vn 0.1829 -0.1829 0.9660
vn 0.1293 -0.2240 0.9660
vn 0.0670 -0.2499 0.9659
vn -0.0000 -0.2588 0.9659
vn -0.0670 -0.2499 0.9659
vn -0.1293 -0.2240 0.9660
vn -0.1829 -0.1829 0.9660
vn 0.1294 0.2240 0.9660
vn 0.2240 0.1294 0.9660
vn 0.2240 -0.1294 0.9660
vn 0.1294 -0.2240 0.9660
vn 0.0670 -0.2499 0.9660
vn -0.0670 -0.2499 0.9660
vn -0.1294 -0.2240 0.9660
vn -0.2240 -0.1294 0.9660
vn -0.2240 0.1294 0.9660
vn -0.1294 0.2240 0.9660
vn 0.1294 0.4828 0.8662
vn 0.4328 0.2499 0.8661
vn 0.4828 0.1294 0.8662
vn 0.4998 -0.0000 0.8662
vn 0.4828 -0.1294 0.8662
vn 0.4328 -0.2499 0.8661
vn 0.1294 -0.4828 0.8662
vn -0.0000 -0.4998 0.8662
vn -0.1294 -0.4828 0.8662
vn -0.4328 -0.2499 0.8661
vn -0.4828 -0.1294 0.8662
vn -0.4998 0.0000 0.8662
vn -0.4828 0.1294 0.8662
vn -0.4328 0.2499 0.8661
vn -0.1294 0.4828 0.8662
vn 0.1830 0.6830 0.7072
vn 0.5000 0.5000 0.7070
vn 0.6830 0.1830 0.7072
vn 0.6830 -0.1830 0.7072
vn 0.5000 -0.5000 0.7070
vn -0.5000 -0.5000 0.7070
vn -0.6830 -0.1830 0.7072
vn -0.6830 0.1830 0.7072
vn -0.5000 0.5000 0.7070
vn -0.0000 0.8660 0.5001
vn -0.2241 0.8364 0.5001
vn 0.2241 0.8364 0.5001
vn 0.4330 0.7499 0.5001
vn 0.6123 0.6123 0.5001
vn 0.7499 0.4330 0.5001
vn 0.8364 0.2241 0.5001
vn 0.8660 0.0000 0.5001
vn 0.8364 -0.2241 0.5001
vn 0.7499 -0.4330 0.5001
vn 0.6123 -0.6123 0.5001
vn 0.4330 -0.7499 0.5001
vn 0.2241 -0.8364 0.5001
vn 0.0000 -0.8660 0.5001
vn -0.2241 -0.8364 0.5001
vn -0.4330 -0.7499 0.5001
vn -0.6123 -0.6123 0.5001
vn -0.7499 -0.4330 0.5001
vn -0.8364 -0.2241 0.5001
vn -0.8660 -0.0000 0.5001
vn -0.8364 0.2241 0.5001
vn -0.7499 0.4330 0.5001
vn -0.6123 0.6123 0.5001
vn -0.4330 0.7499 0.5001
vn -0.2500 0.9330 0.2589
vn -0.4830 0.8365 0.2589
vn 0.0000 0.9659 0.2588
vn 0.2500 0.9330 0.2588
vn 0.4830 0.8365 0.2589
vn 0.6830 0.6830 0.2589
vn 0.8365 0.4830 0.2589
vn 0.9330 0.2500 0.2589
vn 0.9659 -0.0000 0.2588
vn 0.9330 -0.2500 0.2589
vn 0.8365 -0.4830 0.2589
vn 0.6830 -0.6830 0.2588
vn 0.4830 -0.8365 0.2589
vn 0.2500 -0.9330 0.2589
vn -0.0000 -0.9659 0.2588
vn -0.2500 -0.9330 0.2588
vn -0.4830 -0.8365 0.2589
vn -0.6830 -0.6830 0.2589
vn -0.8365 -0.4830 0.2589
vn -0.9330 -0.2500 0.2589
vn -0.9659 0.0000 0.2588
vn -0.9330 0.2500 0.2589
vn -0.8365 0.4829 0.2590
vn -0.6830 0.6830 0.2588
vn -0.5000 0.8660 0.0000
vn -0.2588 0.9659 0.0000
vn 0.2588 0.9659 0.0000
vn 0.5000 0.8660 0.0000
vn 0.8660 0.5000 0.0000
vn 0.9659 0.2588 0.0000
vn 0.9659 -0.2588 -0.0000
vn 0.8660 -0.5000 -0.0000
vn 0.5000 -0.8660 -0.0000
vn 0.2588 -0.9659 -0.0000
vn -0.2588 -0.9659 -0.0000
vn -0.5000 -0.8660 -0.0000
vn -0.8660 -0.5000 -0.0000
vn -0.9659 -0.2588 -0.0000
vn -0.9659 0.2588 0.0000
vn -0.8660 0.5000 0.0000
vn -0.6830 0.6830 -0.2588
vn -0.8365 0.4830 -0.2589
vn -0.4830 0.8365 -0.2589
vn -0.2500 0.9330 -0.2589
vn 0.0000 0.9659 -0.2588
vn 0.2500 0.9330 -0.2588
vn 0.4830 0.8365 -0.2589
vn 0.6830 0.6830 -0.2589
vn 0.8365 0.4830 -0.2589
vn 0.9330 0.2500 -0.2589
vn 0.9659 -0.0000 -0.2588
vn 0.9330 -0.2500 -0.2589
vn 0.8365 -0.4830 -0.2589
vn 0.6830 -0.6830 -0.2588
vn 0.4830 -0.8365 -0.2589
vn 0.2500 -0.9330 -0.2589
vn -0.0000 -0.9659 -0.2588
vn -0.2500 -0.9330 -0.2588
vn -0.4830 -0.8365 -0.2589
vn -0.6830 -0.6830 -0.2589
vn -0.8365 -0.4830 -0.2589
vn -0.9330 -0.2500 -0.2589
vn -0.9659 0.0000 -0.2588
vn -0.9330 0.2500 -0.2589
vn -0.7499 0.4330 -0.5001
vn -0.8364 0.2241 -0.5001
vn -0.6123 0.6123 -0.5001
vn -0.4330 0.7499 -0.5001
vn -0.2241 0.8364 -0.5001
vn -0.0000 0.8660 -0.5001
vn 0.2241 0.8364 -0.5001
vn 0.4330 0.7499 -0.5002
vn 0.6123 0.6123 -0.5001
vn 0.7499 0.4330 -0.5001
vn 0.8364 0.2241 -0.5001
vn 0.8660 0.0000 -0.5001
vn 0.8364 -0.2241 -0.5001
vn 0.7499 -0.4330 -0.5001
vn 0.6123 -0.6123 -0.5001
vn 0.4330 -0.7499 -0.5001
vn 0.2241 -0.8364 -0.5001
vn 0.0000 -0.8660 -0.5001
vn -0.2241 -0.8364 -0.5001
vn -0.4330 -0.7499 -0.5002
vn -0.6123 -0.6123 -0.5001
vn -0.7499 -0.4330 -0.5001
vn -0.8364 -0.2241 -0.5001
vn -0.8660 -0.0000 -0.5001
vn -0.6830 0.1830 -0.7072
vn -0.7071 -0.0000 -0.7072
vn -0.6124 0.3536 -0.7071
vn -0.5000 0.5000 -0.7070
vn -0.3536 0.6124 -0.7071
vn -0.1830 0.6829 -0.7072
vn -0.0000 0.7070 -0.7072
vn 0.1830 0.6829 -0.7072
vn 0.3536 0.6124 -0.7071
vn 0.5000 0.5000 -0.7070
vn 0.6124 0.3536 -0.7071
vn 0.6830 0.1830 -0.7072
vn 0.7071 0.0000 -0.7072
vn 0.6830 -0.1830 -0.7072
vn 0.6124 -0.3536 -0.7071
vn 0.5000 -0.5000 -0.7070
vn 0.3536 -0.6124 -0.7071
vn 0.1830 -0.6830 -0.7072
vn 0.0000 -0.7070 -0.7072
vn -0.1830 -0.6830 -0.7072
vn -0.3536 -0.6124 -0.7071
vn -0.5000 -0.5000 -0.7070
vn -0.6124 -0.3536 -0.7071
vn -0.6830 -0.1830 -0.7072
vn -0.4998 0.0000 -0.8662
vn -0.4828 -0.1294 -0.8662
vn -0.4828 0.1294 -0.8662
vn -0.4328 0.2499 -0.8662
vn -0.3534 0.3534 -0.8662
vn -0.2499 0.4328 -0.8662
vn -0.1293 0.4828 -0.8662
vn 0.0000 0.4998 -0.8662
vn 0.1294 0.4828 -0.8662
vn 0.2499 0.4328 -0.8662
vn 0.3534 0.3534 -0.8662
vn 0.4328 0.2499 -0.8661
vn 0.4828 0.1294 -0.8662
vn 0.4998 -0.0000 -0.8662
vn 0.4828 -0.1294 -0.8662
vn 0.4328 -0.2499 -0.8662
vn 0.3534 -0.3534 -0.8662
vn 0.2499 -0.4328 -0.8662
vn 0.1294 -0.4828 -0.8662
vn -0.0000 -0.4998 -0.8662
vn -0.1294 -0.4828 -0.8662
vn -0.2499 -0.4328 -0.8662
vn -0.3534 -0.3534 -0.8662
vn -0.4328 -0.2499 -0.8661
vn -0.2499 -0.0670 -0.9660
vn -0.2240 -0.1294 -0.9660
vn -0.2587 0.0000 -0.9660
vn -0.2499 0.0670 -0.9660
vn -0.2240 0.1294 -0.9660
vn -0.1830 0.1830 -0.9659
vn -0.1294 0.2240 -0.9660
vn -0.0670 0.2499 -0.9660
vn -0.0000 0.2588 -0.9659
vn 0.0670 0.2499 -0.9660
vn 0.1294 0.2240 -0.9660
vn 0.1829 0.1829 -0.9660
vn 0.2240 0.1294 -0.9660
vn 0.2499 0.0670 -0.9660
vn 0.2587 0.0000 -0.9660
vn 0.2499 -0.0670 -0.9660
vn 0.2240 -0.1294 -0.9660
vn 0.1830 -0.1830 -0.9659
vn 0.1294 -0.2240 -0.9660
vn 0.0670 -0.2499 -0.9659
vn -0.0000 -0.2588 -0.9659
vn -0.0670 -0.2499 -0.9659
vn -0.1294 -0.2240 -0.9660
vn -0.1829 -0.1829 -0.9660
vn 0.1293 0.2240 -0.9660
vn 0.2240 0.1293 -0.9660
vn 0.2240 -0.1293 -0.9660
vn 0.1829 -0.1829 -0.9660
vn 0.1293 -0.2240 -0.9660
vn -0.1293 -0.2240 -0.9660
vn -0.2240 -0.1293 -0.9660
vn -0.2240 0.1293 -0.9660
vn -0.1829 0.1829 -0.9660
vn -0.1293 0.2240 -0.9660
vn -0.0670 0.2499 -0.9659
vn 0.0670 0.2499 -0.9659
vn 0.1293 0.4827 -0.8662
vn 0.4328 0.2499 -0.8662
vn 0.4827 0.1293 -0.8662
vn 0.4997 -0.0000 -0.8662
vn 0.4827 -0.1293 -0.8662
vn 0.3534 -0.3534 -0.8661
vn 0.1294 -0.4827 -0.8662
vn -0.1294 -0.4827 -0.8662
vn -0.4328 -0.2499 -0.8662
vn -0.4827 -0.1293 -0.8662
vn -0.4997 0.0000 -0.8662
vn -0.4827 0.1293 -0.8662
vn -0.3534 0.3534 -0.8661
vn -0.1294 0.4828 -0.8661
vn 0.0000 0.4998 -0.8661
vn 0.6830 0.1830 -0.7071
vn 0.7070 0.0000 -0.7072
vn 0.6830 -0.1830 -0.7071
vn 0.5001 -0.5001 -0.7070
vn -0.1830 -0.6829 -0.7072
vn -0.5001 -0.5000 -0.7070
vn -0.6830 -0.1830 -0.7071
vn -0.7070 0.0000 -0.7072
vn -0.6830 0.1830 -0.7071
vn -0.5000 0.5001 -0.7070
vn 0.7499 -0.4330 -0.5002
vn 0.4330 -0.7499 -0.5002
vn -0.7499 0.4330 -0.5002
vn -0.4330 0.7499 -0.5002
vn -0.2500 0.9330 -0.2588
vn 0.0000 0.9659 -0.2589
vn 0.9330 0.2500 -0.2588
vn 0.9659 0.0000 -0.2589
vn 0.9330 -0.2500 -0.2588
vn 0.6830 -0.6830 -0.2589
vn 0.4829 -0.8365 -0.2589
vn 0.2500 -0.9330 -0.2588
vn -0.0000 -0.9659 -0.2589
vn -0.9330 -0.2500 -0.2588
vn -0.9659 0.0000 -0.2589
vn -0.9330 0.2500 -0.2588
vn -0.6830 0.6830 -0.2589
vn -0.2589 0.9659 0.0000
vn 0.2589 0.9659 0.0000
vn 0.9659 0.2589 0.0000
vn 0.9659 -0.2589 0.0000
vn 0.2589 -0.9659 -0.0000
vn -0.2589 -0.9659 -0.0000
vn -0.9659 -0.2589 0.0000
vn -0.9659 0.2589 0.0000
vn -0.6830 0.6830 0.2589
vn -0.8365 0.4830 0.2587
vn -0.2500 0.9330 0.2588
vn 0.0000 0.9659 0.2589
vn 0.9330 0.2500 0.2588
vn 0.9330 -0.2500 0.2588
vn 0.6830 -0.6830 0.2589
vn 0.2500 -0.9330 0.2588
vn -0.0000 -0.9659 0.2589
vn -0.9330 -0.2500 0.2588
vn -0.9330 0.2500 0.2588
vn -0.7499 0.4330 0.5002
vn -0.4330 0.7499 0.5002
vn 0.4330 0.7499 0.5002
vn 0.7499 0.4330 0.5002
vn 0.7499 -0.4330 0.5002
vn 0.4330 -0.7499 0.5002
vn -0.4330 -0.7499 0.5002
vn -0.7499 -0.4330 0.5002
vn -0.9301 -0.3672 0.0000
vn -0.8578 -0.3387 0.3866
vn -0.9183 0.0371 0.3942
vn -0.9992 0.0405 0.0000
vn -0.8115 -0.5844 0.0000
vn -0.7492 -0.5396 0.3842
vn -0.6050 -0.7963 0.0000
vn -0.5572 -0.7334 0.3895
vn -0.2904 -0.9569 0.0000
vn -0.2678 -0.8826 0.3865
vn 0.0680 -0.9977 0.0000
vn 0.0627 -0.9187 0.3900
vn 0.4727 -0.8812 0.0000
vn 0.4352 -0.8114 0.3903
vn 0.7907 -0.6121 0.0000
vn 0.7282 -0.5637 0.3897
vn 0.9561 -0.2929 0.0000
vn 0.8818 -0.2701 0.3867
vn 0.9977 0.0682 0.0000
vn 0.9187 0.0628 0.3900
vn 0.9195 0.3931 0.0000
vn 0.8485 0.3628 0.3853
vn 0.9103 0.4140 0.0000
vn 0.8405 0.3819 0.3845
vn 0.9111 0.4122 0.0000
vn 0.8413 0.3802 0.3843
vn 0.7639 0.6453 0.0000
vn 0.7041 0.5949 0.3877
vn 0.4628 0.8865 0.0000
vn 0.4261 0.8162 0.3902
vn -0.0571 0.9984 0.0000
vn -0.0523 0.9148 0.4005
vn -0.5687 0.8225 0.0000
vn -0.5235 0.7571 0.3909
vn -0.8662 0.4996 0.0000
vn -0.7974 0.4599 0.3907
vn -0.2954 0.0119 0.9553
vn -0.3246 0.1873 0.9271
vn 0.2885 0.2437 0.9259
vn 0.1737 0.3327 0.9269
vn 0.3473 0.1567 0.9246
vn 0.3469 0.1573 0.9246
vn -0.3523 -0.1391 0.9255
vn 0.3495 0.1494 0.9250
vn -0.3094 -0.2228 0.9245
vn -0.2275 -0.2993 0.9266
vn 0.3746 0.0256 0.9268
vn -0.1100 -0.3626 0.9254
vn 0.3621 -0.1109 0.9255
vn 0.0256 -0.3746 0.9269
vn 0.2971 -0.2300 0.9267
vn 0.2348 -0.4378 0.8679
vn -0.0277 0.4845 0.8743
vn -0.2821 0.4081 0.8683
vn 0.0877 0.9191 0.3842
vn 0.0951 0.9955 0.0000
vn 0.6112 0.6083 0.5063
vn 0.0949 -0.9955 0.0000
vn 0.0876 -0.9191 0.3841
vn 0.6516 -0.6516 0.3884
vn 0.9232 -0.3842 0.0000
vn 1.0000 -0.0001 0.0000
vn 0.7070 0.7073 0.0000
vn 0.6515 0.6517 0.3884
vn 0.3840 0.9233 0.0000
vn 0.0954 0.9954 0.0000
vn 0.3842 0.9232 0.0000
vn 0.1444 0.3471 0.9267
vn 0.0362 -0.3795 0.9245
vn -0.0288 -0.3025 0.9527
vn -0.3025 0.0288 0.9527
vn 0.3826 0.0005 0.9239
vn -0.1443 0.3471 0.9267
vn 0.0876 0.9191 0.3842
vn 0.9238 0.0013 0.3828
vn 0.3843 -0.9232 0.0000
vn 0.3539 -0.8503 0.3896
vn 0.6517 -0.6515 0.3884
vn 0.7071 0.7072 0.0000
vn 0.3537 0.8504 0.3896
vn -0.0949 0.9955 0.0000
vn -0.3840 0.9233 0.0000
vn -0.3536 0.8504 0.3895
vn -0.7070 0.7073 0.0000
vn -0.6516 -0.6516 0.3884
vn -0.3842 -0.9233 0.0000
vn -0.3538 -0.8503 0.3896
vn -0.0949 -0.9955 0.0000
vn -0.0876 -0.9191 0.3841
vn 0.3539 0.8503 0.3895
vn -0.0362 -0.3795 0.9245
vn -0.1443 0.3471 0.9266
vn -0.1105 -0.9165 0.3844
vn 0.3537 -0.8504 0.3895
vn 0.7070 -0.7073 0.0000
vn 0.6514 -0.6517 0.3884
vn 0.3842 0.9233 0.0000
vn 0.3538 0.8503 0.3896
vn -0.2410 0.8896 0.3879
vn -0.7952 0.4650 0.3891
vn -0.9911 0.1334 0.0000
vn -0.9129 0.1228 0.3892
vn -0.8938 -0.2245 0.3882
vn -0.7425 -0.5449 0.3897
vn -0.1364 -0.2629 0.9552
vn -0.3029 -0.2223 0.9267
vn -0.2257 0.3009 0.9265
vn -0.0456 -0.3782 0.9246
vn 0.0332 -0.3795 0.9246
vn 0.1443 -0.3471 0.9267
vn 0.2665 -0.2667 0.9262
vn -0.3658 -0.0919 0.9261
vn -0.4936 0.0664 0.8671
vn 0.9961 -0.0881 0.0000
vn 0.9196 -0.0814 0.3844
vn 0.9948 0.1015 0.0000
vn 0.9186 0.0937 0.3840
vn 0.0015 1.0000 0.0000
vn 0.0014 0.9214 0.3885
vn -0.3837 0.9234 0.0000
vn -0.3534 0.8504 0.3897
vn -0.7105 0.7037 0.0000
vn -0.6547 0.6483 0.3886
vn -0.9254 0.3790 0.0000
vn -0.8523 0.3491 0.3894
vn -0.9963 0.0864 0.0000
vn -0.9197 0.0798 0.3843
vn -0.9950 -0.1000 0.0000
vn -0.9187 -0.0923 0.3839
vn -0.9253 -0.3791 0.0000
vn -0.8523 -0.3492 0.3895
vn -0.7105 -0.7037 0.0000
vn -0.6546 -0.6484 0.3886
vn -0.3836 -0.9235 0.0000
vn -0.3533 -0.8505 0.3897
vn 0.0014 -1.0000 0.0000
vn 0.0013 -0.9214 0.3885
vn -0.3479 -0.1425 0.9266
vn -0.2677 -0.2652 0.9263
vn -0.3796 -0.0381 0.9244
vn 0.3795 -0.0336 0.9246
vn 0.3794 0.0387 0.9244
vn -0.3796 0.0330 0.9246
vn -0.3480 0.1425 0.9266
vn -0.2678 0.2651 0.9263
vn -0.1441 0.3469 0.9267
vn 0.0008 0.4988 0.8667
vn -0.1441 -0.3470 0.9267
vn 0.0007 -0.4988 0.8667
vn -0.4827 -0.1293 0.8662
vn -0.6829 -0.1830 0.7072
vn -0.6829 0.1830 0.7072
vn -0.6123 0.3535 0.7072
vn -0.4999 0.4999 0.7073
vn -0.3535 0.6122 0.7072
vn -0.1830 0.6829 0.7072
vn -0.1293 0.4827 0.8662
vn 0.0000 0.4997 0.8662
vn 0.1293 0.4827 0.8662
vn 0.3535 0.6122 0.7073
vn 0.4999 0.4999 0.7073
vn 0.3534 0.3534 0.8661
vn 0.6122 0.3535 0.7073
vn 0.6829 0.1830 0.7072
vn 0.6829 -0.1830 0.7072
vn 0.6123 -0.3535 0.7072
vn 0.4999 -0.4999 0.7073
vn 0.3535 -0.6122 0.7072
vn 0.1293 -0.4827 0.8662
vn -0.0000 -0.4997 0.8662
vn -0.3535 -0.6122 0.7073
vn -0.4999 -0.4999 0.7073
vn -0.3534 -0.3534 0.8661
vn -0.6122 -0.3535 0.7073
vn -0.2500 -0.0670 0.9659
vn -0.2242 -0.1294 0.9659
vn -0.2589 0.0000 0.9659
vn -0.2501 0.0670 0.9659
vn -0.2242 0.1294 0.9659
vn -0.1831 0.1831 0.9659
vn -0.1294 0.2242 0.9659
vn -0.0670 0.2501 0.9659
vn 0.0000 0.2589 0.9659
vn 0.0670 0.2500 0.9659
vn 0.1294 0.2242 0.9659
vn 0.1831 0.1831 0.9659
vn 0.2242 0.1294 0.9659
vn 0.2500 0.0670 0.9659
vn 0.2589 -0.0000 0.9659
vn 0.2501 -0.0670 0.9659
vn 0.2242 -0.1294 0.9659
vn 0.1831 -0.1831 0.9659
vn 0.1294 -0.2242 0.9659
vn 0.0670 -0.2501 0.9659
vn -0.0000 -0.2589 0.9659
vn -0.0670 -0.2500 0.9659
vn -0.1294 -0.2242 0.9659
vn -0.1831 -0.1831 0.9659
vn 0.1830 0.1830 0.9659
vn 0.2501 0.0670 0.9659
vn 0.2500 -0.0670 0.9659
vn 0.1830 -0.1830 0.9659
vn -0.0670 -0.2501 0.9659
vn -0.1830 -0.1830 0.9659
vn -0.2501 -0.0670 0.9659
vn -0.2500 0.0670 0.9659
vn -0.1830 0.1830 0.9659
vn 0.0670 0.2501 0.9659
vn 0.3535 0.6123 0.7072
vn 0.6123 0.3535 0.7072
vn 0.7070 0.0000 0.7073
vn 0.6122 -0.3535 0.7073
vn 0.3535 -0.6122 0.7073
vn -0.3535 -0.6123 0.7072
vn -0.6123 -0.3535 0.7072
vn -0.7070 -0.0000 0.7073
vn -0.6122 0.3535 0.7073
vn -0.3535 0.6122 0.7073
vn -0.0000 0.8660 0.5000
vn -0.2241 0.8365 0.5001
vn 0.2241 0.8364 0.5002
vn 0.6123 0.6123 0.5002
vn 0.7499 0.4329 0.5002
vn 0.8364 0.2241 0.5002
vn 0.8660 0.0000 0.5000
vn 0.8364 -0.2241 0.5002
vn 0.7499 -0.4329 0.5002
vn 0.6123 -0.6123 0.5002
vn 0.2241 -0.8365 0.5001
vn 0.0000 -0.8660 0.5000
vn -0.2241 -0.8365 0.5001
vn -0.6123 -0.6123 0.5002
vn -0.7499 -0.4329 0.5002
vn -0.8364 -0.2241 0.5002
vn -0.8660 -0.0000 0.5000
vn -0.8364 0.2241 0.5002
vn -0.7499 0.4329 0.5002
vn -0.6123 0.6123 0.5002
vn 0.2500 0.9330 0.2589
vn 0.4830 0.8365 0.2588
vn 0.6830 0.6830 0.2588
vn 0.8365 0.4829 0.2589
vn 0.9659 -0.0000 0.2589
vn 0.4830 -0.8365 0.2588
vn -0.2500 -0.9330 0.2589
vn -0.6830 -0.6830 0.2588
vn -0.8365 -0.4829 0.2589
vn -0.9659 0.0000 0.2589
vn -0.4830 0.8365 -0.2588
vn 0.6830 0.6830 -0.2588
vn 0.8365 0.4829 -0.2590
vn -0.2500 -0.9330 -0.2589
vn -0.4830 -0.8365 -0.2588
vn -0.6830 -0.6830 -0.2588
vn -0.8365 -0.4829 -0.2590
vn -0.7499 0.4329 -0.5002
vn -0.8365 0.2241 -0.5001
vn -0.6123 0.6123 -0.5002
vn -0.2241 0.8365 -0.5001
vn -0.0000 0.8660 -0.5000
vn 0.2241 0.8365 -0.5001
vn 0.6123 0.6123 -0.5002
vn 0.7499 0.4329 -0.5002
vn 0.8365 0.2241 -0.5001
vn 0.8660 0.0000 -0.5000
vn 0.8364 -0.2241 -0.5002
vn 0.7499 -0.4329 -0.5002
vn 0.6123 -0.6123 -0.5002
vn 0.2241 -0.8365 -0.5001
vn 0.0000 -0.8660 -0.5000
vn -0.2241 -0.8364 -0.5002
vn -0.6123 -0.6123 -0.5002
vn -0.7499 -0.4329 -0.5002
vn -0.8365 -0.2241 -0.5001
vn -0.8660 -0.0000 -0.5000
vn -0.6829 0.1830 -0.7072
vn -0.7070 -0.0000 -0.7073
vn -0.6122 0.3535 -0.7073
vn -0.4999 0.4999 -0.7073
vn -0.3535 0.6122 -0.7073
vn 0.3535 0.6123 -0.7072
vn 0.4999 0.4999 -0.7073
vn 0.6123 0.3535 -0.7072
vn 0.6829 0.1830 -0.7072
vn 0.7070 0.0000 -0.7073
vn 0.6829 -0.1830 -0.7072
vn 0.6122 -0.3535 -0.7073
vn 0.4999 -0.4999 -0.7073
vn 0.3535 -0.6122 -0.7073
vn 0.1830 -0.6829 -0.7072
vn -0.3535 -0.6123 -0.7072
vn -0.4999 -0.4999 -0.7073
vn -0.6123 -0.3535 -0.7072
vn -0.6829 -0.1830 -0.7072
vn -0.1293 0.4827 -0.8662
vn 0.0000 0.4997 -0.8662
vn 0.1293 -0.4827 -0.8662
vn -0.0000 -0.4997 -0.8662
vn -0.1293 -0.4827 -0.8662
vn -0.2501 -0.0670 -0.9659
vn -0.2242 -0.1294 -0.9659
vn -0.2589 0.0000 -0.9659
vn -0.2500 0.0670 -0.9659
vn -0.2242 0.1294 -0.9659
vn -0.1294 0.2242 -0.9659
vn -0.0670 0.2501 -0.9659
vn 0.0000 0.2589 -0.9659
vn 0.0670 0.2501 -0.9659
vn 0.1294 0.2242 -0.9659
vn 0.1830 0.1830 -0.9659
vn 0.2242 0.1294 -0.9659
vn 0.2501 0.0670 -0.9659
vn 0.2589 0.0000 -0.9659
vn 0.2500 -0.0670 -0.9659
vn 0.2242 -0.1294 -0.9659
vn 0.1294 -0.2242 -0.9659
vn 0.0670 -0.2501 -0.9659
vn -0.0000 -0.2589 -0.9659
vn -0.0670 -0.2501 -0.9659
vn -0.1294 -0.2242 -0.9659
vn -0.1830 -0.1830 -0.9659
vn 0.1831 0.1831 -0.9659
vn 0.2500 0.0670 -0.9659
vn 0.1831 -0.1831 -0.9659
vn -0.0670 -0.2500 -0.9659
vn -0.1831 -0.1831 -0.9659
vn -0.2500 -0.0670 -0.9659
vn -0.1831 0.1831 -0.9659
vn 0.0670 0.2500 -0.9659
vn 0.3534 0.3534 -0.8661
vn -0.3534 -0.3534 -0.8661
vn 0.3535 0.6122 -0.7073
vn 0.6122 0.3535 -0.7073
vn 0.6123 -0.3535 -0.7072
vn 0.3535 -0.6122 -0.7072
vn -0.3535 -0.6122 -0.7073
vn -0.6122 -0.3535 -0.7073
vn -0.6123 0.3535 -0.7072
vn -0.3535 0.6123 -0.7072
vn 0.6123 0.6123 -0.5003
vn 0.7499 0.4330 -0.5002
vn 0.8365 -0.2241 -0.5001
vn -0.2241 -0.8365 -0.5000
vn -0.7499 -0.4330 -0.5002
vn 0.2500 0.9330 -0.2589
vn 0.8365 0.4830 -0.2588
vn 0.4830 -0.8365 -0.2588
vn -0.8365 -0.4830 -0.2588
vn -0.8365 0.4830 0.2588
vn -0.4830 0.8365 0.2588
vn 0.8365 0.4830 0.2588
vn -0.8365 -0.4830 0.2588
vn -0.8365 0.2241 0.5001
vn 0.2241 0.8365 0.5000
vn 0.8365 0.2241 0.5001
vn 0.8365 -0.2241 0.5001
vn -0.6123 -0.6123 0.5003
vn -0.8365 -0.2241 0.5001
usemtl FrontColor
s 1
f 1/1/1 2/2/2 3/3/2 4/4/1
f 2/5/2 5/6/3 6/7/3 3/8/2
f 5/6/3 7/9/4 8/10/4 6/7/3
f 7/11/4 9/12/5 10/13/5 8/14/4
f 9/15/5 11/16/6 12/17/6 10/18/5
f 11/16/6 1/19/1 4/20/1 12/17/6
s 2
f 13/21/7 14/22/8 15/23/9 16/24/10
f 17/25/11 18/26/12 14/22/8 13/21/7
f 19/27/13 20/28/14 18/26/12 17/25/11
f 21/29/15 22/30/16 20/31/14 19/32/13
f 23/33/17 24/34/18 22/30/16 21/29/15
f 25/35/19 26/36/20 24/34/18 23/33/17
f 27/37/21 28/38/22 26/36/20 25/35/19
f 29/39/23 30/40/24 28/41/22 27/42/21
f 31/43/25 32/44/26 30/40/24 29/39/23
f 33/45/27 34/46/28 32/44/26 31/43/25
f 35/47/29 36/48/30 34/46/28 33/45/27
f 37/49/31 38/50/32 36/48/30 35/47/29
f 39/51/33 40/52/34 38/53/32 37/54/31
f 41/55/35 42/56/36 40/52/34 39/51/33
f 43/57/37 44/58/38 42/56/36 41/55/35
f 45/59/39 46/60/40 44/58/38 43/57/37
f 47/61/41 48/62/42 46/63/40 45/64/39
f 49/65/43 50/66/44 48/62/42 47/61/41
f 51/67/45 52/68/46 50/66/44 49/65/43
f 53/69/47 54/70/48 52/71/49 51/72/50
f 55/73/51 56/74/52 54/70/48 53/69/47
f 57/75/53 58/76/54 56/74/52 55/73/51
f 59/77/55 60/78/56 58/76/54 57/75/53
f 61/79/57 62/80/58 60/78/56 59/77/55
f 63/81/59 64/82/60 62/80/58 61/79/57
f 65/83/61 66/84/62 64/85/60 63/86/59
f 67/87/63 68/88/64 66/84/62 65/83/61
f 16/24/10 15/23/9 68/88/64 67/87/63
f 69/89/65 70/90/66 68/91/64 15/92/9
f 70/90/66 69/89/65 71/93/67 72/94/68
f 71/93/67 69/89/65 73/95/69
f 74/96/70 73/95/69 69/89/65 75/97/71
f 73/95/69 74/96/70 54/98/48 56/99/52
f 74/96/70 76/100/72 52/101/49 54/98/48
f 76/100/72 74/96/70 75/97/71 77/102/73
f 77/102/73 75/97/71 14/103/8 18/104/12
f 75/97/71 69/89/65 15/92/9 14/103/8
f 78/105/74 77/102/73 18/104/12 20/106/14
f 77/102/73 78/105/74 76/100/72
f 78/105/74 79/107/75 76/100/72
f 79/107/75 78/105/74 20/106/14 22/108/16
f 80/109/76 79/107/75 22/108/16 24/110/18
f 79/107/75 80/109/76 76/100/72
f 80/109/76 81/111/77 76/100/72
f 81/111/77 80/109/76 24/110/18 26/112/20
f 82/113/78 81/111/77 26/112/20 28/114/22
f 82/113/78 76/100/72 81/111/77
f 83/115/79 76/100/72 82/113/78
f 84/116/80 76/100/72 83/115/79
f 85/117/81 76/100/72 84/116/80 86/118/82
f 76/100/72 85/117/81 50/119/44 52/101/46
f 85/117/81 87/120/83 48/121/42 50/119/44
f 86/118/82 88/122/84 87/120/83 85/117/81
f 88/122/84 86/118/82 34/123/28 36/124/30
f 86/118/82 84/116/80 32/125/26 34/123/28
f 84/116/80 83/115/79 30/126/24 32/125/26
f 83/115/79 82/113/78 28/114/22 30/126/24
f 89/127/85 88/122/84 36/124/30 38/128/32
f 88/122/84 89/127/85 90/129/86 87/120/83
f 89/127/85 91/130/87 92/131/88 90/129/86
f 91/130/87 89/127/85 38/128/32 40/132/34
f 93/133/89 91/130/87 40/132/34 42/134/36
f 93/133/89 92/131/88 91/130/87
f 92/131/88 93/133/89 42/134/36 44/135/38
f 90/129/86 92/131/88 44/135/38 46/136/40
f 87/120/83 90/129/86 46/136/40 48/121/42
f 71/93/67 73/95/69 56/99/52 58/137/54
f 72/94/68 71/93/67 58/137/54 60/138/56
f 94/139/90 72/94/68 60/138/56 62/140/58
f 95/141/91 70/90/66 72/94/68 94/139/90
f 70/90/66 95/141/91 66/142/62 68/91/64
f 95/141/91 96/143/92 64/144/60 66/142/62
f 96/143/92 95/141/91 94/139/90
f 96/143/92 94/139/90 62/140/58 64/144/60
s 3
f 97/145/17 98/146/93 99/147/94 100/148/95
f 101/149/17 102/150/96 98/146/93 97/145/17
f 103/151/97 104/152/98 102/153/96 101/154/99
f 105/155/100 106/156/101 104/152/98 103/151/97
f 107/157/102 108/158/103 106/159/101 105/160/35
f 109/161/104 110/162/105 108/158/103 107/157/102
f 111/163/106 112/164/40 110/162/105 109/161/104
f 113/165/41 114/166/107 112/167/40 111/168/106
f 115/169/108 116/170/109 114/166/107 113/165/41
f 117/171/110 118/172/111 116/170/109 115/169/108
f 119/173/112 120/174/113 118/172/111 117/171/110
f 121/175/15 122/176/16 120/177/113 119/178/112
f 123/179/95 124/180/94 122/176/16 121/175/15
f 125/181/114 126/182/115 124/180/94 123/179/95
f 127/183/19 128/184/20 126/182/115 125/181/114
f 129/185/116 130/186/22 128/184/20 127/183/19
f 131/187/117 132/188/118 130/189/22 129/190/116
f 133/191/119 134/192/120 132/188/118 131/187/117
f 135/193/121 136/194/122 134/192/120 133/191/119
f 137/195/123 138/196/124 136/194/122 135/193/121
f 139/197/125 140/198/32 138/196/124 137/195/123
f 141/199/33 142/200/34 140/201/32 139/202/125
f 143/203/126 144/204/127 142/200/34 141/199/33
f 145/205/102 146/206/103 144/204/127 143/203/126
f 147/207/37 148/208/38 146/206/103 145/205/102
f 149/209/128 150/210/40 148/208/38 147/207/37
f 151/211/41 152/212/107 150/213/40 149/214/128
f 153/215/108 154/216/109 152/212/107 151/211/41
f 155/217/110 156/218/111 154/216/109 153/215/108
f 157/219/112 158/220/129 156/218/111 155/217/110
f 159/221/15 160/222/16 158/223/129 157/224/112
f 100/148/95 99/147/94 160/222/16 159/221/15
f 161/225/130 162/226/75 160/227/16 99/228/94
f 163/229/131 164/230/132 162/226/75 161/225/130
f 164/230/132 163/229/131 146/231/103 148/232/38
f 163/229/131 165/233/133 144/234/127 146/231/103
f 166/235/134 167/236/135 165/233/133 163/229/131
f 167/237/135 166/238/134 98/146/93 102/150/96
f 166/238/134 161/239/130 99/147/94 98/146/93
f 161/225/130 166/235/134 163/229/131
f 168/240/136 167/241/135 102/153/96 104/152/98
f 167/236/135 168/242/136 169/243/137
f 168/242/136 170/244/138 171/245/139 169/243/137
f 170/244/138 168/242/136 104/246/98 106/247/101
f 172/248/140 170/244/138 106/247/101 108/249/103
f 170/244/138 172/248/140 173/250/130 174/251/141
f 172/248/140 175/252/132 176/253/142 173/250/130
f 175/252/132 172/248/140 108/249/103 110/254/105
f 177/255/86 175/252/132 110/254/105 112/256/40
f 175/252/132 177/255/86 178/257/143 176/253/142
f 177/255/86 179/258/144 180/259/145 178/257/143
f 179/258/144 177/255/86 112/256/40 114/260/107
f 181/261/146 179/258/144 114/260/107 116/262/109
f 181/261/146 180/259/145 179/258/144
f 180/259/145 181/261/146 116/262/109 118/263/111
f 178/257/143 180/259/145 118/263/111 120/264/113
f 176/253/142 178/257/143 120/264/113 122/265/16
f 173/250/130 176/253/142 122/265/16 124/266/94
f 174/251/141 173/250/130 124/266/94 126/267/115
f 182/268/77 174/251/141 126/267/115 128/269/20
f 182/268/77 170/244/138 174/251/141
f 183/270/78 170/244/138 182/268/77
f 184/271/147 170/244/138 183/270/78
f 171/245/139 170/244/138 184/271/147
f 171/245/139 184/271/147 132/272/118 134/273/120
f 184/271/147 183/270/78 130/274/22 132/272/118
f 183/270/78 182/268/77 128/269/20 130/274/22
f 169/243/137 171/245/139 134/273/120 136/275/122
f 185/276/148 169/243/137 136/275/122 138/277/124
f 169/243/137 185/276/148 167/236/135
f 185/276/148 186/278/85 167/236/135
f 186/278/85 185/276/148 138/277/124 140/279/32
f 187/280/149 186/278/85 140/279/32 142/281/34
f 186/278/85 187/280/149 167/236/135
f 187/280/149 165/233/133 167/236/135
f 165/233/133 187/280/149 142/281/34 144/234/127
f 188/282/86 164/230/132 148/232/38 150/283/40
f 164/230/132 188/282/86 189/284/143 162/226/75
f 188/282/86 190/285/144 191/286/150 189/284/143
f 190/285/144 188/282/86 150/283/40 152/287/107
f 192/288/146 190/285/144 152/287/107 154/289/109
f 192/288/146 191/286/150 190/285/144
f 191/286/150 192/288/146 154/289/109 156/290/111
f 189/284/143 191/286/150 156/290/111 158/291/129
f 162/226/75 189/284/143 158/291/129 160/227/16
s 4
f 193/292/151 194/293/152 195/294/153 196/295/154
f 197/296/155 198/297/156 194/293/152 193/292/151
f 199/298/157 200/299/158 198/297/156 197/296/155
f 201/300/159 202/301/160 200/299/158 199/298/157
f 203/302/161 204/303/162 202/304/160 201/305/159
f 205/306/163 206/307/164 204/303/162 203/302/161
f 207/308/165 208/309/166 206/307/164 205/306/163
f 209/310/167 210/311/168 208/309/166 207/308/165
f 211/312/169 212/313/170 210/314/168 209/315/167
f 213/316/171 214/317/172 212/313/170 211/312/169
f 215/318/173 216/319/174 214/317/172 213/316/171
f 217/320/110 218/321/111 216/319/174 215/318/173
f 219/322/112 220/323/113 218/321/111 217/320/110
f 221/324/15 222/325/16 220/326/113 219/327/112
f 223/328/17 224/329/18 222/325/16 221/324/15
f 225/330/19 226/331/175 224/329/18 223/328/17
f 227/332/116 228/333/176 226/331/175 225/330/19
f 229/334/23 230/335/177 228/336/176 227/337/116
f 196/295/154 195/294/153 230/335/177 229/334/23
f 231/338/178 232/339/147 230/340/177 195/341/153
f 233/342/179 234/343/145 232/339/147 231/338/178
f 234/343/145 233/342/179 216/344/174 218/345/111
f 233/342/179 235/346/180 214/347/172 216/344/174
f 231/338/178 236/348/181 235/346/180 233/342/179
f 236/348/181 231/338/178 195/341/153 194/349/152
f 237/350/182 236/348/181 194/349/152 198/351/156
f 236/348/181 237/350/182 238/352/183 235/346/180
f 239/353/184 238/352/183 237/350/182
f 240/354/185 238/352/183 239/353/184
f 241/355/186 238/352/183 240/354/185 242/356/187
f 238/352/183 241/355/186 210/357/168 212/358/170
f 241/355/186 243/359/188 208/360/166 210/357/168
f 243/359/188 241/355/186 242/356/187 244/361/189
f 244/361/189 242/356/187 204/362/162 206/363/164
f 242/356/187 240/354/185 202/364/160 204/362/162
f 240/354/185 239/353/184 200/365/158 202/364/160
f 239/353/184 237/350/182 198/351/156 200/365/158
f 243/359/188 244/361/189 206/363/164 208/360/166
f 235/346/180 238/352/183 212/358/170 214/347/172
f 245/366/143 234/343/145 218/345/111 220/367/113
f 234/343/145 245/366/143 246/368/78 232/339/147
f 245/366/143 247/369/75 248/370/190 246/368/78
f 247/369/75 245/366/143 220/367/113 222/371/16
f 249/372/191 247/369/75 222/371/16 224/373/18
f 249/372/191 248/370/190 247/369/75
f 248/370/190 249/372/191 224/373/18 226/374/175
f 246/368/78 248/370/190 226/374/175 228/375/176
f 232/339/147 246/368/78 228/375/176 230/340/177
s 5
f 250/376/1 251/377/2 252/378/2 253/379/1
f 251/380/2 254/381/3 255/382/3 252/383/2
f 254/381/3 256/384/4 257/385/4 255/382/3
f 256/386/4 258/387/5 259/388/5 257/389/4
f 258/390/5 260/391/6 261/392/6 259/393/5
f 260/391/6 250/394/1 253/395/1 261/392/6
s 6
f 262/396/192 263/397/193 264/398/194 265/399/195
f 266/400/196 267/401/197 263/397/193 262/396/192
f 268/402/198 269/403/199 267/401/197 266/400/196
f 270/404/200 271/405/201 269/403/199 268/402/198
f 272/406/202 273/407/203 271/408/201 270/409/200
f 274/410/204 275/411/205 273/407/203 272/406/202
f 276/412/206 277/413/207 275/411/205 274/410/204
f 278/414/208 279/415/209 277/416/207 276/417/206
f 280/418/210 281/419/211 279/415/209 278/414/208
f 282/420/212 283/421/213 281/422/214 280/423/215
f 284/424/216 285/425/217 283/421/213 282/420/212
f 286/426/218 287/427/219 285/428/217 284/429/216
f 288/430/220 289/431/221 287/427/219 286/426/218
f 290/432/222 291/433/223 289/431/221 288/430/220
f 292/434/224 293/435/225 291/433/223 290/432/222
f 294/436/226 295/437/227 293/438/225 292/439/224
f 296/440/228 297/441/229 295/437/227 294/436/226
f 298/442/230 299/443/231 297/441/229 296/440/228
f 300/444/232 301/445/233 299/443/231 298/442/230
f 302/446/234 303/447/235 301/445/233 300/444/232
f 304/448/236 305/449/237 303/450/235 302/451/234
f 306/452/238 307/453/239 305/449/237 304/448/236
f 308/454/240 309/455/241 307/453/239 306/452/238
f 265/456/195 264/457/194 309/455/241 308/454/240
f 310/458/242 311/459/243 309/460/241 264/461/194
f 311/459/243 310/458/242 312/462/244
f 310/458/242 313/463/245 312/462/244
f 313/463/245 310/458/242 264/461/194 263/464/193
f 314/465/246 313/463/245 263/464/193 267/466/197
f 313/463/245 314/465/246 315/467/247 312/462/244
f 314/465/246 316/468/248 317/469/249 315/467/247
f 316/468/248 314/465/246 267/466/197 269/470/199
f 318/471/250 316/468/248 269/470/199 271/472/201
f 319/473/251 320/474/252 316/468/248 318/471/250
f 320/474/252 319/473/251 273/475/203 275/476/205
f 319/473/251 318/471/250 271/472/201 273/475/203
f 317/469/249 320/474/252 275/476/205 277/477/207
f 317/469/249 316/468/248 320/474/252
f 315/467/247 317/469/249 277/477/207 279/478/209
f 312/462/244 315/467/247 279/478/209 281/479/211
f 321/480/253 312/462/244 281/479/214 283/481/213
f 322/482/254 323/483/255 312/462/244 321/480/253
f 323/483/255 322/482/254 299/484/231 301/485/233
f 322/482/254 324/486/256 297/487/229 299/484/231
f 321/480/253 325/488/257 324/486/256 322/482/254
f 325/488/257 321/480/253 283/481/213 285/489/217
f 326/490/258 325/488/257 285/489/217 287/491/219
f 325/488/257 326/490/258 327/492/259 324/486/256
f 326/490/258 328/493/260 329/494/261 327/492/259
f 328/493/260 326/490/258 287/491/219 289/495/221
f 330/496/262 328/493/260 289/495/221 291/497/223
f 330/496/262 329/494/261 328/493/260
f 329/494/261 330/496/262 291/497/223 293/498/225
f 327/492/259 329/494/261 293/498/225 295/499/227
f 324/486/256 327/492/259 295/499/227 297/487/229
f 331/500/263 323/483/255 301/485/233 303/501/235
f 323/483/255 331/500/263 312/462/244
f 331/500/263 332/502/264 312/462/244
f 332/502/264 331/500/263 303/501/235 305/503/237
f 333/504/265 332/502/264 305/503/237 307/505/239
f 332/502/264 333/504/265 312/462/244
f 333/504/265 311/459/243 312/462/244
f 311/459/243 333/504/265 307/505/239 309/460/241
s 7
f 334/506/1 335/507/2 336/508/2 337/509/1
f 335/510/2 338/511/3 339/512/3 336/513/2
f 338/511/3 340/514/4 341/515/4 339/512/3
f 340/516/4 342/517/5 343/518/5 341/519/4
f 342/520/5 344/521/6 345/522/6 343/523/5
f 344/521/6 334/524/1 337/525/1 345/522/6
s 8
f 346/526/266 347/527/267 348/528/268 349/529/269
f 350/530/270 351/531/271 347/527/267 346/526/266
f 352/532/272 353/533/273 351/531/271 350/530/270
f 354/534/274 355/535/275 353/533/273 352/532/272
f 356/536/276 357/537/277 355/535/275 354/534/274
f 358/538/278 359/539/279 357/537/277 356/536/276
f 360/540/280 361/541/281 359/539/279 358/538/278
f 362/542/282 363/543/283 361/544/281 360/545/280
f 364/546/284 365/547/285 363/543/283 362/542/282
f 366/548/286 367/549/287 365/547/285 364/546/284
f 368/550/288 369/551/289 367/549/287 366/548/286
f 370/552/290 371/553/291 369/551/289 368/550/288
f 372/554/292 373/555/293 371/553/291 370/552/290
f 374/556/294 375/557/295 373/555/293 372/554/292
f 376/558/296 377/559/297 375/557/295 374/556/294
f 378/560/298 379/561/299 377/562/297 376/563/296
f 380/564/300 381/565/301 379/561/299 378/560/298
f 382/566/302 383/567/303 381/565/301 380/564/300
f 384/568/304 385/569/305 383/567/303 382/566/302
f 386/570/306 387/571/307 385/569/305 384/568/304
f 388/572/19 389/573/175 387/571/307 386/570/306
f 390/574/308 391/575/176 389/573/175 388/572/19
f 392/576/309 393/577/310 391/578/176 390/579/308
f 394/580/119 395/581/311 393/577/310 392/576/309
f 396/582/121 397/583/312 395/581/311 394/580/119
f 398/584/313 399/585/314 397/583/312 396/582/121
f 400/586/31 401/587/315 399/585/314 398/584/313
f 402/588/316 403/589/317 401/590/315 400/591/31
f 404/592/35 405/593/36 403/589/317 402/588/316
f 406/594/318 407/595/319 405/593/36 404/592/35
f 408/596/320 409/597/321 407/595/319 406/594/318
f 410/598/322 411/599/323 409/600/321 408/601/320
f 412/602/324 413/603/325 411/599/323 410/598/322
f 414/604/326 415/605/327 413/603/325 412/602/324
f 416/606/328 417/607/329 415/605/327 414/604/326
f 418/608/330 419/609/331 417/610/329 416/611/35
f 420/612/332 421/613/333 419/609/331 418/608/330
f 422/614/334 423/615/335 421/613/333 420/612/332
f 424/616/336 425/617/337 423/618/335 422/619/334
f 426/620/338 427/621/339 425/617/337 424/616/336
f 428/622/340 429/623/341 427/621/339 426/620/338
f 430/624/116 431/625/342 429/623/341 428/622/340
f 432/626/343 433/627/344 431/628/342 430/629/116
f 434/630/345 435/631/346 433/627/344 432/626/343
f 436/632/347 437/633/348 435/631/346 434/630/345
f 438/634/349 439/635/350 437/633/348 436/632/347
f 440/636/351 441/637/352 439/635/350 438/634/349
f 442/638/353 443/639/354 441/637/352 440/636/351
f 444/640/355 445/641/356 443/642/354 442/643/353
f 446/644/357 447/645/358 445/641/356 444/640/355
f 448/646/359 449/647/360 447/645/358 446/644/357
f 450/648/361 451/649/362 449/647/360 448/646/359
f 349/529/269 348/528/268 451/650/362 450/651/361
f 452/652/363 453/653/364 451/654/362 348/655/268
f 454/656/365 455/657/366 453/653/364 452/652/363
f 455/657/366 454/656/365 441/658/352 443/659/354
f 454/656/365 456/660/367 439/661/350 441/658/352
f 454/656/365 452/652/363 456/660/367
f 457/662/368 456/660/367 452/652/363 458/663/369
f 456/660/367 457/662/368 437/664/348 439/661/350
f 457/662/368 459/665/370 435/666/346 437/664/348
f 459/665/370 457/662/368 458/663/369 460/667/371
f 460/667/371 458/663/369 347/668/267 351/669/271
f 458/663/369 452/652/363 348/655/268 347/668/267
f 461/670/372 460/667/371 351/669/271 353/671/273
f 460/667/371 461/670/372 459/665/370
f 462/672/373 459/665/370 461/670/372 463/673/374
f 459/665/370 462/672/373 433/674/344 435/666/346
f 462/672/373 464/675/375 431/676/342 433/674/344
f 464/675/375 462/672/373 465/677/376 466/678/377
f 463/673/374 465/677/376 462/672/373
f 465/677/376 463/673/374 355/679/275 357/680/277
f 463/673/374 461/670/372 353/671/273 355/679/275
f 466/678/377 465/677/376 357/680/277 359/681/279
f 467/682/378 466/678/377 359/681/279 361/683/281
f 467/682/378 464/675/375 466/678/377
f 468/684/379 464/675/375 467/682/378 469/685/380
f 464/675/375 468/684/379 429/686/341 431/676/342
f 468/684/379 470/687/381 427/688/339 429/686/341
f 470/687/381 468/684/379 471/689/382 472/690/383
f 471/689/382 468/684/379 469/685/380
f 471/689/382 469/685/380 363/691/283 365/692/285
f 469/685/380 467/682/378 361/683/281 363/691/283
f 472/690/383 471/689/382 365/692/285 367/693/287
f 473/694/384 472/690/383 367/693/287 369/695/289
f 473/694/384 470/687/381 472/690/383
f 474/696/385 470/687/381 473/694/384 475/697/386
f 470/687/381 474/696/385 425/698/337 427/688/339
f 474/696/385 476/699/387 423/700/335 425/698/337
f 476/699/387 474/696/385 477/701/388 478/702/389
f 477/701/388 474/696/385 475/697/386
f 477/701/388 475/697/386 371/703/291 373/704/293
f 475/697/386 473/694/384 369/695/289 371/703/291
f 478/702/389 477/701/388 373/704/293 375/705/295
f 479/706/390 478/702/389 375/705/295 377/707/297
f 479/706/390 476/699/387 478/702/389
f 480/708/391 476/699/387 479/706/390 481/709/392
f 476/699/387 480/708/391 421/710/333 423/700/335
f 480/708/391 482/711/393 419/712/331 421/710/333
f 483/713/394 484/714/395 482/711/393 480/708/391
f 484/714/395 483/713/394 381/715/301 383/716/303
f 483/713/394 481/709/392 379/717/299 381/715/301
f 483/713/394 480/708/391 481/709/392
f 481/709/392 479/706/390 377/707/297 379/717/299
f 485/718/396 484/714/395 383/716/303 385/719/305
f 485/718/396 482/711/393 484/714/395
f 486/720/397 482/711/393 485/718/396 487/721/398
f 482/711/393 486/720/397 417/722/329 419/712/331
f 486/720/397 488/723/399 415/724/327 417/722/329
f 488/723/399 486/720/397 489/725/80 490/726/137
f 489/725/80 486/720/397 491/727/79
f 491/727/79 486/720/397 492/728/261
f 492/728/261 486/720/397 493/729/400
f 493/729/400 486/720/397 487/721/398
f 493/729/400 487/721/398 387/730/307 389/731/175
f 487/721/398 485/718/396 385/719/305 387/730/307
f 492/728/261 493/729/400 389/731/175 391/732/176
f 491/727/79 492/728/261 391/732/176 393/733/310
f 489/725/80 491/727/79 393/733/310 395/734/311
f 490/726/137 489/725/80 395/734/311 397/735/312
f 494/736/84 490/726/137 397/735/312 399/737/314
f 490/726/137 494/736/84 495/738/83 496/739/401
f 494/736/84 497/740/85 498/741/86 495/738/83
f 497/740/85 494/736/84 399/737/314 401/742/315
f 499/743/149 497/740/85 401/742/315 403/744/317
f 497/740/85 499/743/149 500/745/88 498/741/86
f 501/746/89 500/745/88 499/743/149
f 500/745/88 501/746/89 405/747/36 407/748/319
f 501/746/89 499/743/149 403/744/317 405/747/36
f 498/741/86 500/745/88 407/748/319 409/749/321
f 495/738/83 498/741/86 409/749/321 411/750/323
f 496/739/401 495/738/83 411/750/323 413/751/325
f 488/723/399 496/739/401 413/751/325 415/724/327
f 496/739/401 488/723/399 490/726/137
f 502/752/402 455/657/366 443/659/354 445/753/356
f 455/657/366 502/752/402 503/754/403 453/653/364
f 504/755/404 503/754/403 502/752/402
f 503/754/403 504/755/404 447/756/358 449/757/360
f 504/755/404 502/752/402 445/753/356 447/756/358
f 453/653/364 503/754/403 449/757/360 451/654/362
s 9
f 505/758/405 506/759/406 507/760/407 508/761/169
f 509/762/408 510/763/409 506/759/406 505/758/405
f 511/764/410 512/765/411 510/763/409 509/762/408
f 513/766/412 514/767/413 512/765/411 511/764/410
f 515/768/414 516/769/415 514/767/413 513/766/412
f 517/770/416 518/771/417 516/772/415 515/773/414
f 519/774/418 520/775/419 518/771/417 517/770/416
f 521/776/420 522/777/421 520/775/419 519/774/418
f 523/778/422 524/779/423 522/777/421 521/776/420
f 525/780/424 526/781/425 524/779/423 523/778/422
f 527/782/426 528/783/427 526/781/425 525/780/424
f 529/784/428 530/785/429 528/783/427 527/782/426
f 531/786/116 532/787/430 530/785/429 529/784/428
f 533/788/431 534/789/432 532/790/430 531/791/116
f 535/792/433 536/793/434 534/789/432 533/788/431
f 537/794/435 538/795/436 536/793/434 535/792/433
f 539/796/437 540/797/438 538/795/436 537/794/435
f 541/798/439 542/799/440 540/797/438 539/796/437
f 543/800/441 544/801/442 542/799/440 541/798/439
f 545/802/443 546/803/444 544/801/442 543/800/441
f 547/804/125 548/805/445 546/803/444 545/802/443
f 549/806/446 550/807/447 548/808/445 547/809/125
f 551/810/448 552/811/449 550/807/447 549/806/446
f 553/812/450 554/813/451 552/811/449 551/810/448
f 555/814/452 556/815/453 554/813/451 553/812/450
f 557/816/454 558/817/455 556/815/453 555/814/452
f 559/818/456 560/819/457 558/817/455 557/816/454
f 561/820/458 562/821/459 560/819/457 559/818/456
f 563/822/460 564/823/461 562/821/459 561/820/458
f 565/824/462 566/825/463 564/826/461 563/827/460
f 567/828/464 568/829/465 566/825/463 565/824/462
f 569/830/466 570/831/467 568/829/465 567/828/464
f 571/832/468 572/833/469 570/831/467 569/830/466
f 573/834/470 574/835/471 572/833/469 571/832/468
f 575/836/472 576/837/473 574/835/471 573/834/470
f 577/838/474 578/839/475 576/840/473 575/841/472
f 579/842/476 580/843/477 578/839/475 577/838/474
f 581/844/478 582/845/479 580/843/477 579/842/476
f 583/846/480 584/847/481 582/845/479 581/844/478
f 585/848/482 586/849/483 584/850/481 583/851/480
f 587/852/484 588/853/485 586/849/483 585/848/482
f 589/854/486 590/855/487 588/853/485 587/852/484
f 591/856/488 592/857/489 590/855/487 589/854/486
f 593/858/490 594/859/491 592/857/489 591/856/488
f 595/860/492 596/861/493 594/859/491 593/858/490
f 597/862/494 598/863/495 596/864/493 595/865/492
f 599/866/496 600/867/497 598/863/495 597/862/494
f 601/868/498 602/869/499 600/867/497 599/866/496
f 603/870/500 604/871/501 602/869/499 601/868/498
f 605/872/502 606/873/503 604/871/501 603/870/500
f 607/874/504 608/875/505 606/873/503 605/872/502
f 609/876/506 610/877/507 608/875/505 607/874/504
f 611/878/508 612/879/509 610/877/507 609/876/506
f 613/880/510 614/881/511 612/882/509 611/883/508
f 615/884/512 616/885/513 614/881/511 613/880/510
f 617/886/514 618/887/515 616/885/513 615/884/512
f 619/888/108 620/889/516 618/887/515 617/886/514
f 621/890/517 622/891/518 620/889/516 619/888/108
f 623/892/519 624/893/520 622/891/518 621/890/517
f 625/894/521 626/895/522 624/893/520 623/892/519
f 627/896/523 628/897/524 626/895/522 625/894/521
f 629/898/525 630/899/526 628/900/524 627/901/523
f 631/902/527 632/903/528 630/899/526 629/898/525
f 633/904/529 634/905/530 632/903/528 631/902/527
f 635/906/531 636/907/532 634/905/530 633/904/529
f 637/908/533 638/909/534 636/907/532 635/906/531
f 639/910/535 640/911/536 638/909/534 637/908/533
f 641/912/537 642/913/538 640/911/536 639/910/535
f 643/914/539 644/915/540 642/913/538 641/912/537
f 645/916/541 646/917/542 644/918/540 643/919/539
f 647/920/543 648/921/544 646/917/542 645/916/541
f 649/922/545 650/923/546 648/921/544 647/920/543
f 651/924/547 652/925/548 650/923/546 649/922/545
f 653/926/155 654/927/156 652/925/548 651/924/547
f 655/928/157 656/929/158 654/927/156 653/926/155
f 657/930/549 658/931/550 656/929/158 655/928/157
f 659/932/161 660/933/551 658/934/550 657/935/549
f 661/936/552 662/937/553 660/933/551 659/932/161
f 663/938/554 664/939/166 662/937/553 661/936/552
f 665/940/555 666/941/556 664/939/166 663/938/554
f 508/761/169 507/760/407 666/942/556 665/943/555
f 667/944/557 668/945/186 666/946/556 507/947/407
f 668/945/186 667/944/557 669/948/185 670/949/187
f 667/944/557 671/950/558 672/951/184 669/948/185
f 671/950/558 667/944/557 507/947/407 506/952/406
f 673/953/559 671/950/558 506/952/406 510/954/409
f 674/955/560 675/956/561 671/950/558 673/953/559
f 675/956/561 674/955/560 650/957/546 652/958/548
f 674/955/560 676/959/562 648/960/544 650/957/546
f 676/959/562 674/955/560 673/953/559 677/961/563
f 677/961/563 673/953/559 510/954/409 512/962/411
f 678/963/564 677/961/563 512/962/411 514/964/413
f 679/965/565 676/959/562 677/961/563 678/963/564
f 676/959/562 679/965/565 646/966/542 648/960/544
f 679/965/565 680/967/566 644/968/540 646/966/542
f 680/967/566 679/965/565 678/963/564 681/969/567
f 681/969/567 678/963/564 514/964/413 516/970/415
f 682/971/568 681/969/567 516/970/415 518/972/417
f 683/973/569 680/967/566 681/969/567 682/971/568
f 680/967/566 683/973/569 642/974/538 644/968/540
f 683/973/569 684/975/570 640/976/536 642/974/538
f 684/975/570 683/973/569 682/971/568 685/977/571
f 685/977/571 682/971/568 518/972/417 520/978/419
f 686/979/572 685/977/571 520/978/419 522/980/421
f 687/981/573 684/975/570 685/977/571 686/979/572
f 684/975/570 687/981/573 638/982/534 640/976/536
f 687/981/573 688/983/574 636/984/532 638/982/534
f 688/983/574 687/981/573 686/979/572 689/985/575
f 689/985/575 686/979/572 522/980/421 524/986/423
f 690/987/576 689/985/575 524/986/423 526/988/425
f 691/989/577 688/983/574 689/985/575 690/987/576
f 688/983/574 691/989/577 634/990/530 636/984/532
f 691/989/577 692/991/578 632/992/528 634/990/530
f 692/991/578 691/989/577 690/987/576 693/993/579
f 693/993/579 690/987/576 526/988/425 528/994/427
f 694/995/580 693/993/579 528/994/427 530/996/429
f 695/997/581 692/991/578 693/993/579 694/995/580
f 692/991/578 695/997/581 630/998/526 632/992/528
f 695/997/581 696/999/582 628/1000/524 630/998/526
f 696/999/582 695/997/581 694/995/580 697/1001/583
f 697/1001/583 694/995/580 530/996/429 532/1002/430
f 698/1003/584 697/1001/583 532/1002/430 534/1004/432
f 699/1005/585 696/999/582 697/1001/583 698/1003/584
f 696/999/582 699/1005/585 626/1006/522 628/1000/524
f 699/1005/585 700/1007/586 624/1008/520 626/1006/522
f 700/1007/586 699/1005/585 698/1003/584 701/1009/587
f 701/1009/587 698/1003/584 534/1004/432 536/1010/434
f 702/1011/588 701/1009/587 536/1010/434 538/1012/436
f 703/1013/589 700/1007/586 701/1009/587 702/1011/588
f 700/1007/586 703/1013/589 622/1014/518 624/1008/520
f 703/1013/589 704/1015/590 620/1016/516 622/1014/518
f 704/1015/590 703/1013/589 702/1011/588 705/1017/591
f 705/1017/591 702/1011/588 538/1012/436 540/1018/438
f 706/1019/592 705/1017/591 540/1018/438 542/1020/440
f 707/1021/593 704/1015/590 705/1017/591 706/1019/592
f 704/1015/590 707/1021/593 618/1022/515 620/1016/516
f 707/1021/593 708/1023/594 616/1024/513 618/1022/515
f 708/1023/594 707/1021/593 706/1019/592 709/1025/595
f 709/1025/595 706/1019/592 542/1020/440 544/1026/442
f 710/1027/596 709/1025/595 544/1026/442 546/1028/444
f 711/1029/597 708/1023/594 709/1025/595 710/1027/596
f 708/1023/594 711/1029/597 614/1030/511 616/1024/513
f 711/1029/597 712/1031/598 612/1032/509 614/1030/511
f 712/1031/598 711/1029/597 710/1027/596 713/1033/599
f 713/1033/599 710/1027/596 546/1028/444 548/1034/445
f 714/1035/600 713/1033/599 548/1034/445 550/1036/447
f 715/1037/601 712/1031/598 713/1033/599 714/1035/600
f 712/1031/598 715/1037/601 610/1038/507 612/1032/509
f 715/1037/601 716/1039/602 608/1040/505 610/1038/507
f 716/1039/602 715/1037/601 714/1035/600 717/1041/603
f 717/1041/603 714/1035/600 550/1036/447 552/1042/449
f 718/1043/604 717/1041/603 552/1042/449 554/1044/451
f 719/1045/605 716/1039/602 717/1041/603 718/1043/604
f 716/1039/602 719/1045/605 606/1046/503 608/1040/505
f 719/1045/605 720/1047/606 604/1048/501 606/1046/503
f 720/1047/606 719/1045/605 718/1043/604 721/1049/607
f 721/1049/607 718/1043/604 554/1044/451 556/1050/453
f 722/1051/608 721/1049/607 556/1050/453 558/1052/455
f 723/1053/609 720/1047/606 721/1049/607 722/1051/608
f 720/1047/606 723/1053/609 602/1054/499 604/1048/501
f 723/1053/609 724/1055/610 600/1056/497 602/1054/499
f 724/1055/610 723/1053/609 722/1051/608 725/1057/611
f 725/1057/611 722/1051/608 558/1052/455 560/1058/457
f 726/1059/612 725/1057/611 560/1058/457 562/1060/459
f 727/1061/613 724/1055/610 725/1057/611 726/1059/612
f 724/1055/610 727/1061/613 598/1062/495 600/1056/497
f 727/1061/613 728/1063/614 596/1064/493 598/1062/495
f 728/1063/614 727/1061/613 726/1059/612 729/1065/615
f 729/1065/615 726/1059/612 562/1060/459 564/1066/461
f 730/1067/616 729/1065/615 564/1066/461 566/1068/463
f 731/1069/617 732/1070/618 729/1065/615 730/1067/616
f 732/1070/618 731/1069/617 592/1071/489 594/1072/491
f 731/1069/617 733/1073/619 590/1074/487 592/1071/489
f 733/1073/619 731/1069/617 730/1067/616 734/1075/620
f 734/1075/620 730/1067/616 566/1068/463 568/1076/465
f 735/1077/621 734/1075/620 568/1076/465 570/1078/467
f 736/1079/622 733/1073/619 734/1075/620 735/1077/621
f 733/1073/619 736/1079/622 588/1080/485 590/1074/487
f 736/1079/622 737/1081/623 586/1082/483 588/1080/485
f 735/1077/621 738/1083/624 737/1081/623 736/1079/622
f 738/1083/624 735/1077/621 570/1078/467 572/1084/469
f 739/1085/625 738/1083/624 572/1084/469 574/1086/471
f 740/1087/626 741/1088/627 738/1083/624 739/1085/625
f 741/1088/627 740/1087/626 582/1089/479 584/1090/481
f 740/1087/626 742/1091/628 580/1092/477 582/1089/479
f 742/1091/628 740/1087/626 739/1085/625 743/1093/629
f 743/1093/629 739/1085/625 574/1086/471 576/1094/473
f 744/1095/630 743/1093/629 576/1094/473 578/1096/475
f 744/1095/630 742/1091/628 743/1093/629
f 742/1091/628 744/1095/630 578/1096/475 580/1092/477
f 737/1081/623 741/1088/627 584/1090/481 586/1082/483
f 741/1088/627 737/1081/623 738/1083/624
f 728/1063/614 732/1070/618 594/1072/491 596/1064/493
f 732/1070/618 728/1063/614 729/1065/615
f 745/1097/631 675/956/561 652/958/548 654/1098/156
f 745/1097/631 672/951/184 671/950/558 675/956/561
f 672/951/184 745/1097/631 654/1098/156 656/1099/158
f 669/948/185 672/951/184 656/1099/158 658/1100/550
f 670/949/187 669/948/185 658/1100/550 660/1101/551
f 746/1102/189 670/949/187 660/1101/551 662/1103/553
f 747/1104/632 668/945/186 670/949/187 746/1102/189
f 668/945/186 747/1104/632 664/1105/166 666/946/556
f 747/1104/632 746/1102/189 662/1103/553 664/1105/166
s 10
f 748/1106/633 749/1107/634 750/1108/635 751/1109/636
f 752/1110/637 753/1111/638 749/1107/634 748/1106/633
f 754/1112/104 755/1113/105 753/1111/638 752/1110/637
f 756/1114/106 757/1115/639 755/1113/105 754/1112/104
f 758/1116/41 759/1117/640 757/1118/639 756/1119/106
f 760/1120/108 761/1121/641 759/1117/640 758/1116/41
f 762/1122/110 763/1123/642 761/1121/641 760/1120/108
f 764/1124/643 765/1125/644 763/1123/642 762/1122/110
f 766/1126/15 767/1127/645 765/1128/644 764/1129/643
f 768/1130/646 769/1131/647 767/1127/645 766/1126/15
f 770/1132/17 771/1133/93 769/1131/647 768/1130/646
f 772/1134/648 773/1135/649 771/1133/93 770/1132/17
f 774/1136/650 775/1137/651 773/1135/649 772/1134/648
f 776/1138/652 777/1139/653 775/1137/651 774/1136/650
f 778/1140/654 779/1141/655 777/1142/653 776/1143/652
f 780/1144/656 781/1145/657 779/1141/655 778/1140/654
f 782/1146/658 783/1147/659 781/1145/657 780/1144/656
f 784/1148/660 785/1149/661 783/1147/659 782/1146/658
f 751/1109/636 750/1108/635 785/1150/661 784/1151/660
f 786/1152/662 787/1153/663 785/1154/661 750/1155/635
f 787/1153/663 786/1152/662 788/1156/664 789/1157/665
f 788/1156/664 786/1152/662 790/1158/666
f 791/1159/667 790/1158/666 786/1152/662
f 792/1160/668 790/1158/666 791/1159/667
f 790/1158/666 792/1160/668 773/1161/649 775/1162/651
f 792/1163/668 793/1164/134 771/1133/93 773/1135/649
f 791/1159/667 794/1165/669 793/1166/134 792/1160/668
f 794/1165/669 791/1159/667 749/1167/634 753/1168/638
f 791/1159/667 786/1152/662 750/1155/635 749/1167/634
f 795/1169/132 794/1165/669 753/1168/638 755/1170/105
f 794/1165/669 795/1169/132 796/1171/670 797/1172/671
f 795/1169/132 798/1173/672 799/1174/673 796/1171/670
f 798/1173/672 795/1169/132 755/1170/105 757/1175/639
f 800/1176/674 798/1173/672 757/1175/639 759/1177/640
f 798/1173/672 800/1176/674 801/1178/150 799/1174/673
f 802/1179/146 801/1178/150 800/1176/674
f 801/1178/150 802/1179/146 761/1180/641 763/1181/642
f 802/1179/146 800/1176/674 759/1177/640 761/1180/641
f 799/1174/673 801/1178/150 763/1181/642 765/1182/644
f 796/1171/670 799/1174/673 765/1182/644 767/1183/645
f 797/1172/671 796/1171/670 767/1183/645 769/1184/647
f 793/1164/134 797/1185/671 769/1131/647 771/1133/93
f 797/1172/671 793/1166/134 794/1165/669
f 788/1156/664 790/1158/666 775/1162/651 777/1186/653
f 789/1157/665 788/1156/664 777/1186/653 779/1187/655
f 803/1188/675 789/1157/665 779/1187/655 781/1189/657
f 804/1190/676 787/1153/663 789/1157/665 803/1188/675
f 787/1153/663 804/1190/676 783/1191/659 785/1154/661
f 804/1190/676 803/1188/675 781/1189/657 783/1191/659
s 11
f 805/1192/677 806/1193/678 807/1194/679 808/1195/680
f 809/1196/681 810/1197/682 806/1193/678 805/1192/677
f 811/1198/683 812/1199/684 810/1197/682 809/1196/681
f 813/1200/685 814/1201/686 812/1199/684 811/1198/683
f 815/1202/687 816/1203/688 814/1201/686 813/1200/685
f 817/1204/39 818/1205/689 816/1203/688 815/1202/687
f 819/1206/690 820/1207/691 818/1208/689 817/1209/39
f 821/1210/692 822/1211/693 820/1207/691 819/1206/690
f 823/1212/694 824/1213/695 822/1211/693 821/1210/692
f 825/1214/108 826/1215/516 824/1213/695 823/1212/694
f 827/1216/290 828/1217/291 826/1215/516 825/1214/108
f 829/1218/292 830/1219/293 828/1217/291 827/1216/290
f 831/1220/696 832/1221/697 830/1219/293 829/1218/292
f 833/1222/296 834/1223/698 832/1221/697 831/1220/696
f 835/1224/699 836/1225/299 834/1226/698 833/1227/296
f 837/1228/300 838/1229/301 836/1225/299 835/1224/699
f 839/1230/302 840/1231/303 838/1229/301 837/1228/300
f 841/1232/304 842/1233/700 840/1231/303 839/1230/302
f 843/1234/306 844/1235/701 842/1233/700 841/1232/304
f 845/1236/19 846/1237/20 844/1235/701 843/1234/306
f 847/1238/116 848/1239/22 846/1237/20 845/1236/19
f 849/1240/117 850/1241/118 848/1242/22 847/1243/116
f 851/1244/119 852/1245/120 850/1241/118 849/1240/117
f 853/1246/121 854/1247/122 852/1245/120 851/1244/119
f 855/1248/123 856/1249/124 854/1247/122 853/1246/121
f 857/1250/125 858/1251/32 856/1249/124 855/1248/123
f 859/1252/33 860/1253/34 858/1254/32 857/1255/125
f 861/1256/35 862/1257/702 860/1253/34 859/1252/33
f 863/1258/37 864/1259/38 862/1257/702 861/1256/35
f 865/1260/128 866/1261/639 864/1259/38 863/1258/37
f 867/1262/41 868/1263/703 866/1264/639 865/1265/128
f 869/1266/704 870/1267/705 868/1263/703 867/1262/41
f 871/1268/108 872/1269/706 870/1267/705 869/1266/704
f 873/1270/108 874/1271/707 872/1269/706 871/1268/108
f 875/1272/708 876/1273/331 874/1274/707 873/1275/35
f 877/1276/332 878/1277/333 876/1273/331 875/1272/708
f 879/1278/334 880/1279/709 878/1277/333 877/1276/332
f 881/1280/336 882/1281/337 880/1282/709 879/1283/334
f 883/1284/338 884/1285/339 882/1281/337 881/1280/336
f 885/1286/340 886/1287/341 884/1285/339 883/1284/338
f 887/1288/116 888/1289/342 886/1287/341 885/1286/340
f 889/1290/343 890/1291/344 888/1292/342 887/1293/116
f 891/1294/710 892/1295/711 890/1291/344 889/1290/343
f 893/1296/712 894/1297/713 892/1295/711 891/1294/710
f 895/1298/714 896/1299/715 894/1297/713 893/1296/712
f 897/1300/716 898/1301/717 896/1299/715 895/1298/714
f 899/1302/718 900/1303/719 898/1301/717 897/1300/716
f 901/1304/720 902/1305/721 900/1306/719 899/1307/718
f 903/1308/722 904/1309/723 902/1305/721 901/1304/720
f 905/1310/724 906/1311/725 904/1309/723 903/1308/722
f 907/1312/726 908/1313/727 906/1311/725 905/1310/724
f 808/1195/680 807/1194/679 908/1314/727 907/1315/726
f 909/1316/728 910/1317/729 908/1318/727 807/1319/679
f 911/1320/730 912/1321/731 910/1317/729 909/1316/728
f 912/1321/731 911/1320/730 898/1322/717 900/1323/719
f 911/1320/730 913/1324/732 896/1325/715 898/1322/717
f 911/1320/730 909/1316/728 913/1324/732
f 914/1326/733 913/1324/732 909/1316/728 915/1327/734
f 913/1328/732 914/1329/733 894/1297/713 896/1299/715
f 914/1329/733 916/1330/735 892/1295/711 894/1297/713
f 916/1331/735 914/1326/733 915/1327/734 917/1332/736
f 917/1332/736 915/1327/734 806/1333/678 810/1334/682
f 915/1327/734 909/1316/728 807/1319/679 806/1333/678
f 918/1335/737 917/1332/736 810/1334/682 812/1336/684
f 917/1332/736 918/1335/737 919/1337/738 916/1331/735
f 920/1338/578 919/1337/738 918/1335/737
f 920/1338/578 921/1339/739 922/1340/375 919/1337/738
f 921/1339/739 920/1338/578 814/1341/686 816/1342/688
f 920/1338/578 918/1335/737 812/1336/684 814/1341/686
f 923/1343/740 921/1339/739 816/1342/688 818/1344/689
f 923/1343/740 922/1340/375 921/1339/739
f 923/1343/740 924/1345/741 925/1346/742 922/1340/375
f 924/1345/741 923/1343/740 818/1344/689 820/1347/691
f 926/1348/743 924/1345/741 820/1347/691 822/1349/693
f 926/1348/743 925/1346/742 924/1345/741
f 927/1350/744 925/1346/742 926/1348/743 928/1351/745
f 925/1346/742 927/1350/744 884/1352/339 886/1353/341
f 927/1350/744 929/1354/746 882/1355/337 884/1352/339
f 930/1356/747 931/1357/386 929/1354/746 927/1350/744
f 931/1357/386 930/1356/747 826/1358/516 828/1359/291
f 930/1356/747 928/1351/745 824/1360/695 826/1358/516
f 930/1356/747 927/1350/744 928/1351/745
f 928/1351/745 926/1348/743 822/1349/693 824/1360/695
f 932/1361/388 931/1357/386 828/1359/291 830/1362/293
f 932/1361/388 929/1354/746 931/1357/386
f 932/1361/388 933/1363/389 934/1364/748 929/1354/746
f 933/1363/389 932/1361/388 830/1362/293 832/1365/697
f 935/1366/749 933/1363/389 832/1365/697 834/1367/698
f 935/1366/749 934/1364/748 933/1363/389
f 936/1368/391 934/1364/748 935/1366/749 937/1369/750
f 934/1364/748 936/1368/391 878/1370/333 880/1371/709
f 936/1368/391 938/1372/393 876/1373/331 878/1370/333
f 939/1374/751 940/1375/752 938/1372/393 936/1368/391
f 940/1375/752 939/1374/751 838/1376/301 840/1377/303
f 939/1374/751 937/1369/750 836/1378/299 838/1376/301
f 939/1374/751 936/1368/391 937/1369/750
f 937/1369/750 935/1366/749 834/1367/698 836/1378/299
f 941/1379/396 940/1375/752 840/1377/303 842/1380/700
f 941/1379/396 938/1372/393 940/1375/752
f 942/1381/753 938/1372/393 941/1379/396 943/1382/398
f 938/1372/393 942/1381/753 874/1383/707 876/1373/331
f 942/1384/753 944/1385/754 872/1269/706 874/1271/707
f 944/1386/754 942/1381/753 945/1387/139 946/1388/137
f 945/1387/139 942/1381/753 947/1389/147
f 947/1389/147 942/1381/753 948/1390/755
f 948/1390/755 942/1381/753 949/1391/77
f 949/1391/77 942/1381/753 943/1382/398
f 949/1391/77 943/1382/398 844/1392/701 846/1393/20
f 943/1382/398 941/1379/396 842/1380/700 844/1392/701
f 948/1390/755 949/1391/77 846/1393/20 848/1394/22
f 947/1389/147 948/1390/755 848/1394/22 850/1395/118
f 945/1387/139 947/1389/147 850/1395/118 852/1396/120
f 946/1388/137 945/1387/139 852/1396/120 854/1397/122
f 950/1398/148 946/1388/137 854/1397/122 856/1399/124
f 946/1388/137 950/1398/148 951/1400/756 952/1401/757
f 950/1398/148 953/1402/85 954/1403/672 951/1400/756
f 953/1402/85 950/1398/148 856/1399/124 858/1404/32
f 955/1405/149 953/1402/85 858/1404/32 860/1406/34
f 953/1402/85 955/1405/149 956/1407/132 954/1403/672
f 957/1408/89 956/1407/132 955/1405/149
f 956/1407/132 957/1408/89 862/1409/702 864/1410/38
f 957/1408/89 955/1405/149 860/1406/34 862/1409/702
f 954/1403/672 956/1407/132 864/1410/38 866/1411/639
f 951/1400/756 954/1403/672 866/1411/639 868/1412/703
f 952/1401/757 951/1400/756 868/1412/703 870/1413/705
f 944/1385/754 952/1414/757 870/1267/705 872/1269/706
f 952/1401/757 944/1386/754 946/1388/137
f 929/1354/746 934/1364/748 880/1371/709 882/1355/337
f 922/1340/375 925/1346/742 886/1353/341 888/1415/342
f 919/1337/738 922/1340/375 888/1415/342 890/1416/344
f 916/1331/735 919/1337/738 890/1416/344 892/1417/711
f 958/1418/758 912/1321/731 900/1323/719 902/1419/721
f 912/1321/731 958/1418/758 959/1420/759 910/1317/729
f 960/1421/760 959/1420/759 958/1418/758
f 959/1420/759 960/1421/760 904/1422/723 906/1423/725
f 960/1421/760 958/1418/758 902/1419/721 904/1422/723
f 910/1317/729 959/1420/759 906/1423/725 908/1318/727
s 12
f 961/1424/761 962/1425/761 963/1426/762 964/1427/762
f 965/1428/763 966/1429/763 962/1425/761 961/1424/761
f 967/1430/764 968/1431/764 966/1429/763 965/1428/763
f 969/1432/236 970/1433/236 968/1434/764 967/1435/764
f 971/1436/765 972/1437/765 970/1433/236 969/1432/236
f 973/1438/240 974/1439/240 972/1437/765 971/1436/765
f 975/1440/766 976/1441/766 974/1439/240 973/1438/240
f 977/1442/767 978/1443/767 976/1444/766 975/1445/766
f 979/1446/768 980/1447/768 978/1443/767 977/1442/767
f 981/1448/769 982/1449/769 980/1447/768 979/1446/768
f 983/1450/770 984/1451/770 982/1449/769 981/1448/769
f 985/1452/771 986/1453/771 984/1451/770 983/1450/770
f 987/1454/772 988/1455/772 986/1456/771 985/1457/771
f 989/1458/773 990/1459/773 988/1455/772 987/1454/772
f 991/1460/774 992/1461/774 990/1459/773 989/1458/773
f 993/1462/775 994/1463/775 992/1461/774 991/1460/774
f 995/1464/776 996/1465/776 994/1466/775 993/1467/775
f 997/1468/777 998/1469/777 996/1465/776 995/1464/776
f 999/1470/778 1000/1471/778 998/1472/779 997/1473/779
f 1001/1474/780 1002/1475/780 1000/1471/778 999/1470/778
f 1003/1476/781 1004/1477/781 1002/1475/780 1001/1474/780
f 1005/1478/782 1006/1479/782 1004/1480/781 1003/1481/781
f 1007/1482/783 1008/1483/783 1006/1479/782 1005/1478/782
f 1009/1484/784 1010/1485/784 1008/1483/783 1007/1482/783
f 1011/1486/785 1012/1487/785 1010/1485/784 1009/1484/784
f 1013/1488/786 1014/1489/786 1012/1490/785 1011/1491/785
f 964/1427/762 963/1426/762 1014/1489/786 1013/1488/786
s 13
f 1015/1492/787 1016/1493/788 1014/1494/789 963/1495/790
f 1017/1496/791 1018/1497/792 1016/1493/788 1015/1492/787
f 1018/1497/792 1017/1496/791 1004/1498/793 1006/1499/794
f 1017/1496/791 1019/1500/795 1020/1501/796 1002/1502/797 1004/1498/793
f 1019/1500/795 1017/1496/791 1015/1492/787 1021/1503/798
f 1021/1503/798 1015/1492/787 963/1495/790 962/1504/799
f 1000/1505/800 1002/1502/797 1020/1501/796
f 1019/1500/795 1022/1506/801 998/1507/802 1000/1505/800 1020/1501/796
f 1021/1503/798 1023/1508/803 1022/1506/801 1019/1500/795
f 1023/1508/803 1021/1503/798 962/1504/799 966/1509/804
f 1024/1510/805 1023/1508/803 966/1509/804 968/1511/806
f 1023/1508/803 1024/1510/805 1022/1506/801
f 1024/1510/805 1025/1512/264 1022/1506/801
f 1025/1512/264 1024/1510/805 968/1511/806 970/1513/807
f 1026/1514/265 1025/1512/264 970/1513/807 972/1515/808
f 1025/1512/264 1026/1514/265 1022/1506/801
f 1027/1516/809 1022/1506/801 1026/1514/265
f 1028/1517/810 1022/1506/801 1027/1516/809
f 1029/1518/811 1022/1506/801 1028/1517/810
f 1029/1518/811 1030/1519/812 1031/1520/813 1022/1506/801
f 1030/1519/812 1029/1518/811 978/1521/814 980/1522/815
f 1029/1518/811 1028/1517/810 976/1523/816 978/1521/814
f 1028/1517/810 1027/1516/809 974/1524/817 976/1523/816
f 1027/1516/809 1026/1514/265 972/1515/808 974/1524/817
f 1032/1525/818 1030/1519/812 980/1522/815 982/1526/819
f 1030/1519/812 1032/1525/818 1033/1527/820 1031/1520/813
f 1032/1525/818 1034/1528/821 1035/1529/822 1033/1527/820
f 1034/1528/821 1032/1525/818 982/1526/819 984/1530/823
f 1036/1531/673 1034/1528/821 984/1530/823 986/1532/824
f 1034/1528/821 1036/1531/673 1037/1533/825 1035/1529/822
f 1038/1534/826 1037/1533/825 1036/1531/673
f 1037/1533/825 1038/1534/826 988/1535/827 990/1536/828
f 1038/1534/826 1036/1531/673 986/1532/824 988/1535/827
f 1035/1529/822 1037/1533/825 990/1536/828 992/1537/829
f 1033/1527/820 1035/1529/822 992/1537/829 994/1538/830
f 1031/1520/813 1033/1527/820 994/1538/830 996/1539/831
f 1022/1506/801 1031/1520/813 996/1539/831 998/1507/832
f 1039/1540/833 1018/1497/792 1006/1499/794 1008/1541/834
f 1018/1497/792 1039/1540/833 1040/1542/835 1016/1493/788
f 1041/1543/836 1040/1542/835 1039/1540/833
f 1040/1542/835 1041/1543/836 1010/1544/837 1012/1545/838
f 1041/1543/836 1039/1540/833 1008/1541/834 1010/1544/837
f 1016/1493/788 1040/1542/835 1012/1545/838 1014/1494/789
s 14
f 1000/1546/2 1002/1547/2 1004/1548/2 1006/1549/2 1008/1550/2 1010/1551/2 1012/1552/2 1014/1553/2 963/1554/2 962/1555/2 966/1556/2 968/1557/2 970/1558/2 972/1559/2 974/1560/2 976/1561/2 978/1562/2 980/1563/2 982/1564/2 984/1565/2 986/1566/2 988/1567/2 990/1568/2 992/1569/2 994/1570/2 996/1571/2 998/1572/2
s 15
f 1042/1573/839 1043/1574/840 1044/1575/841 1045/1576/636
f 1046/1577/842 1047/1578/638 1043/1574/840 1042/1573/839
f 1048/1579/37 1049/1580/105 1047/1578/638 1046/1577/842
f 1050/1581/843 1051/1582/844 1049/1580/105 1048/1579/37
f 1052/1583/845 1053/1584/846 1051/1585/844 1050/1586/843
f 1054/1587/108 1055/1588/847 1053/1584/846 1052/1583/845
f 1056/1589/848 1057/1590/111 1055/1588/847 1054/1587/108
f 1058/1591/112 1059/1592/849 1057/1590/111 1056/1589/848
f 1060/1593/850 1061/1594/851 1059/1595/849 1058/1596/112
f 1062/1597/95 1063/1598/94 1061/1594/851 1060/1593/850
f 1064/1599/17 1065/1600/93 1063/1598/94 1062/1597/95
f 1066/1601/852 1067/1602/853 1065/1600/93 1064/1599/17
f 1068/1603/650 1069/1604/854 1067/1602/853 1066/1601/852
f 1070/1605/652 1071/1606/855 1069/1604/854 1068/1603/650
f 1072/1607/856 1073/1608/655 1071/1609/855 1070/1610/652
f 1074/1611/857 1075/1612/657 1073/1608/655 1072/1607/856
f 1076/1613/858 1077/1614/859 1075/1612/657 1074/1611/857
f 1078/1615/860 1079/1616/861 1077/1614/859 1076/1613/858
f 1045/1576/636 1044/1575/841 1079/1617/861 1078/1618/860
f 1080/1619/862 1081/1620/663 1079/1621/861 1044/1622/841
f 1081/1620/663 1080/1619/862 1082/1623/664 1083/1624/665
f 1080/1619/862 1084/1625/863 1085/1626/864 1082/1623/664
f 1084/1625/863 1080/1619/862 1044/1622/841 1043/1627/840
f 1086/1628/669 1084/1625/863 1043/1627/840 1047/1629/638
f 1084/1625/863 1086/1628/669 1087/1630/134 1088/1631/865
f 1089/1632/671 1087/1630/134 1086/1628/669
f 1087/1630/134 1089/1632/671 1063/1633/94 1065/1634/93
f 1089/1632/671 1090/1635/142 1061/1636/851 1063/1633/94
f 1086/1628/669 1091/1637/132 1090/1635/142 1089/1632/671
f 1091/1637/132 1086/1628/669 1047/1629/638 1049/1638/105
f 1092/1639/866 1091/1637/132 1049/1638/105 1051/1640/844
f 1091/1637/132 1092/1639/866 1093/1641/143 1090/1635/142
f 1092/1639/866 1094/1642/144 1095/1643/145 1093/1641/143
f 1094/1642/144 1092/1639/866 1051/1640/844 1053/1644/846
f 1096/1645/146 1094/1642/144 1053/1644/846 1055/1646/847
f 1096/1645/146 1095/1643/145 1094/1642/144
f 1095/1643/145 1096/1645/146 1055/1646/847 1057/1647/111
f 1093/1641/143 1095/1643/145 1057/1647/111 1059/1648/849
f 1090/1635/142 1093/1641/143 1059/1648/849 1061/1636/851
f 1088/1631/865 1087/1630/134 1065/1634/93 1067/1649/853
f 1085/1626/864 1088/1631/865 1067/1649/853 1069/1650/854
f 1088/1631/865 1085/1626/864 1084/1625/863
f 1082/1623/664 1085/1626/864 1069/1650/854 1071/1651/855
f 1083/1624/665 1082/1623/664 1071/1651/855 1073/1652/655
f 1097/1653/867 1083/1624/665 1073/1652/655 1075/1654/657
f 1098/1655/868 1081/1620/663 1083/1624/665 1097/1653/867
f 1081/1620/663 1098/1655/868 1077/1656/859 1079/1621/861
f 1098/1655/868 1097/1653/867 1075/1654/657 1077/1656/859
s 16
f 1099/1657/869 1100/1658/870 1101/1659/871 1102/1660/872
f 1103/1661/873 1104/1662/874 1100/1658/870 1099/1657/869
f 1105/1663/875 1106/1664/876 1104/1662/874 1103/1661/873
f 1107/1665/877 1108/1666/878 1106/1664/876 1105/1663/875
f 1109/1667/879 1110/1668/880 1108/1666/878 1107/1665/877
f 1111/1669/881 1112/1670/882 1110/1668/880 1109/1667/879
f 1113/1671/883 1114/1672/884 1112/1670/882 1111/1669/881
f 1115/1673/885 1116/1674/886 1114/1672/884 1113/1671/883
f 1117/1675/887 1118/1676/888 1116/1674/886 1115/1673/885
f 1119/1677/889 1120/1678/890 1118/1676/888 1117/1675/887
f 1121/1679/891 1122/1680/892 1120/1678/890 1119/1677/889
f 1123/1681/893 1124/1682/894 1122/1680/892 1121/1679/891
f 1125/1683/895 1126/1684/896 1124/1682/894 1123/1681/893
f 1127/1685/897 1128/1686/898 1126/1684/896 1125/1683/895
f 1129/1687/899 1130/1688/900 1128/1686/898 1127/1685/897
f 1131/1689/901 1132/1690/902 1130/1688/900 1129/1687/899
f 1133/1691/903 1134/1692/904 1132/1690/902 1131/1689/901
f 1135/1693/905 1136/1694/906 1134/1692/904 1133/1691/903
f 1137/1695/907 1138/1696/908 1136/1694/906 1135/1693/905
f 1139/1697/909 1140/1698/910 1138/1696/908 1137/1695/907
f 1141/1699/911 1142/1700/912 1140/1698/910 1139/1697/909
f 1143/1701/913 1144/1702/914 1142/1700/912 1141/1699/911
f 1145/1703/915 1146/1704/916 1144/1702/914 1143/1701/913
f 1102/1660/872 1101/1659/871 1146/1704/916 1145/1703/915
f 1101/1659/871 1147/1705/917 1148/1706/918 1146/1704/916
f 1100/1658/870 1149/1707/919 1147/1705/917 1101/1659/871
f 1104/1662/874 1150/1708/920 1149/1707/919 1100/1658/870
f 1106/1664/876 1151/1709/921 1150/1708/920 1104/1662/874
f 1108/1666/878 1152/1710/922 1151/1709/921 1106/1664/876
f 1110/1668/880 1153/1711/923 1152/1710/922 1108/1666/878
f 1112/1670/882 1154/1712/924 1153/1711/923 1110/1668/880
f 1114/1672/884 1155/1713/925 1154/1712/924 1112/1670/882
f 1116/1674/886 1156/1714/926 1155/1713/925 1114/1672/884
f 1118/1676/888 1157/1715/927 1156/1714/926 1116/1674/886
f 1120/1678/890 1158/1716/928 1157/1715/927 1118/1676/888
f 1122/1680/892 1159/1717/929 1158/1716/928 1120/1678/890
f 1124/1682/894 1160/1718/930 1159/1717/929 1122/1680/892
f 1126/1684/896 1161/1719/931 1160/1718/930 1124/1682/894
f 1128/1686/898 1162/1720/932 1161/1719/931 1126/1684/896
f 1130/1688/900 1163/1721/933 1162/1720/932 1128/1686/898
f 1132/1690/902 1164/1722/934 1163/1721/933 1130/1688/900
f 1134/1692/904 1165/1723/935 1164/1722/934 1132/1690/902
f 1136/1694/906 1166/1724/936 1165/1723/935 1134/1692/904
f 1138/1696/908 1167/1725/937 1166/1724/936 1136/1694/906
f 1140/1698/910 1168/1726/938 1167/1725/937 1138/1696/908
f 1142/1700/912 1169/1727/939 1168/1726/938 1140/1698/910
f 1144/1702/914 1170/1728/940 1169/1727/939 1142/1700/912
f 1146/1704/916 1148/1706/918 1170/1728/940 1144/1702/914
f 1148/1706/918 1171/1729/5 1172/1730/5 1170/1728/940
f 1147/1705/917 1173/1731/5 1171/1729/5 1148/1706/918
f 1149/1707/919 1174/1732/5 1173/1731/5 1147/1705/917
f 1150/1708/920 1175/1733/5 1174/1732/5 1149/1707/919
f 1151/1709/921 1176/1734/5 1175/1733/5 1150/1708/920
f 1152/1710/922 1177/1735/5 1176/1734/5 1151/1709/921
f 1153/1711/923 1178/1736/5 1177/1735/5 1152/1710/922
f 1154/1712/924 1179/1737/5 1178/1736/5 1153/1711/923
f 1155/1713/925 1180/1738/5 1179/1737/5 1154/1712/924
f 1156/1714/926 1181/1739/5 1180/1738/5 1155/1713/925
f 1157/1715/927 1182/1740/5 1181/1739/5 1156/1714/926
f 1158/1716/928 1183/1741/5 1182/1740/5 1157/1715/927
f 1159/1717/929 1184/1742/5 1183/1741/5 1158/1716/928
f 1160/1718/930 1185/1743/5 1184/1742/5 1159/1717/929
f 1161/1719/931 1186/1744/5 1185/1743/5 1160/1718/930
f 1162/1720/932 1187/1745/5 1186/1744/5 1161/1719/931
f 1163/1721/933 1188/1746/5 1187/1745/5 1162/1720/932
f 1164/1722/934 1189/1747/5 1188/1746/5 1163/1721/933
f 1165/1723/935 1190/1748/5 1189/1747/5 1164/1722/934
f 1166/1724/936 1191/1749/5 1190/1748/5 1165/1723/935
f 1167/1725/937 1192/1750/5 1191/1749/5 1166/1724/936
f 1168/1726/938 1193/1751/5 1192/1750/5 1167/1725/937
f 1169/1727/939 1194/1752/5 1193/1751/5 1168/1726/938
f 1170/1728/940 1172/1730/5 1194/1752/5 1169/1727/939
f 1172/1730/5 1195/1753/928 1196/1754/941 1194/1752/5
f 1171/1729/5 1197/1755/942 1195/1753/928 1172/1730/5
f 1173/1731/5 1198/1756/930 1197/1755/942 1171/1729/5
f 1174/1732/5 1199/1757/931 1198/1756/930 1173/1731/5
f 1175/1733/5 1200/1758/932 1199/1757/931 1174/1732/5
f 1176/1734/5 1201/1759/943 1200/1758/932 1175/1733/5
f 1177/1735/5 1202/1760/934 1201/1759/943 1176/1734/5
f 1178/1736/5 1203/1761/944 1202/1760/934 1177/1735/5
f 1179/1737/5 1204/1762/945 1203/1761/944 1178/1736/5
f 1180/1738/5 1205/1763/937 1204/1762/945 1179/1737/5
f 1181/1739/5 1206/1764/946 1205/1763/937 1180/1738/5
f 1182/1740/5 1207/1765/947 1206/1764/946 1181/1739/5
f 1183/1741/5 1208/1766/940 1207/1765/947 1182/1740/5
f 1184/1742/5 1209/1767/948 1208/1766/940 1183/1741/5
f 1185/1743/5 1210/1768/917 1209/1767/948 1184/1742/5
f 1186/1744/5 1211/1769/919 1210/1768/917 1185/1743/5
f 1187/1745/5 1212/1770/920 1211/1769/919 1186/1744/5
f 1188/1746/5 1213/1771/949 1212/1770/920 1187/1745/5
f 1189/1747/5 1214/1772/922 1213/1771/949 1188/1746/5
f 1190/1748/5 1215/1773/950 1214/1772/922 1189/1747/5
f 1191/1749/5 1216/1774/924 1215/1773/950 1190/1748/5
f 1192/1750/5 1217/1775/925 1216/1774/924 1191/1749/5
f 1193/1751/5 1218/1776/926 1217/1775/925 1192/1750/5
f 1194/1752/5 1196/1754/941 1218/1776/926 1193/1751/5
f 1196/1754/941 1219/1777/888 1220/1778/951 1218/1776/926
f 1195/1753/928 1221/1779/890 1219/1777/888 1196/1754/941
f 1197/1755/942 1222/1780/952 1221/1779/890 1195/1753/928
f 1198/1756/930 1223/1781/953 1222/1780/952 1197/1755/942
f 1199/1757/931 1224/1782/954 1223/1781/953 1198/1756/930
f 1200/1758/932 1225/1783/955 1224/1782/954 1199/1757/931
f 1201/1759/943 1226/1784/956 1225/1783/955 1200/1758/932
f 1202/1760/934 1227/1785/902 1226/1784/956 1201/1759/943
f 1203/1761/944 1228/1786/904 1227/1785/902 1202/1760/934
f 1204/1762/945 1229/1787/957 1228/1786/904 1203/1761/944
f 1205/1763/937 1230/1788/958 1229/1787/957 1204/1762/945
f 1206/1764/946 1231/1789/959 1230/1788/958 1205/1763/937
f 1207/1765/947 1232/1790/912 1231/1789/959 1206/1764/946
f 1208/1766/940 1233/1791/914 1232/1790/912 1207/1765/947
f 1209/1767/948 1234/1792/960 1233/1791/914 1208/1766/940
f 1210/1768/917 1235/1793/961 1234/1792/960 1209/1767/948
f 1211/1769/919 1236/1794/962 1235/1793/961 1210/1768/917
f 1212/1770/920 1237/1795/963 1236/1794/962 1211/1769/919
f 1213/1771/949 1238/1796/964 1237/1795/963 1212/1770/920
f 1214/1772/922 1239/1797/878 1238/1796/964 1213/1771/949
f 1215/1773/950 1240/1798/880 1239/1797/878 1214/1772/922
f 1216/1774/924 1241/1799/965 1240/1798/880 1215/1773/950
f 1217/1775/925 1242/1800/884 1241/1799/965 1216/1774/924
f 1218/1776/926 1220/1778/951 1242/1800/884 1217/1775/925
f 1220/1778/951 1243/1801/966 1244/1802/883 1242/1800/884
f 1219/1777/888 1245/1803/887 1243/1801/966 1220/1778/951
f 1221/1779/890 1246/1804/967 1245/1803/887 1219/1777/888
f 1222/1780/952 1247/1805/891 1246/1804/967 1221/1779/890
f 1223/1781/953 1248/1806/968 1247/1805/891 1222/1780/952
f 1224/1782/954 1249/1807/895 1248/1806/968 1223/1781/953
f 1225/1783/955 1250/1808/969 1249/1807/895 1224/1782/954
f 1226/1784/956 1251/1809/899 1250/1808/969 1225/1783/955
f 1227/1785/902 1252/1810/970 1251/1809/899 1226/1784/956
f 1228/1786/904 1253/1811/903 1252/1810/970 1227/1785/902
f 1229/1787/957 1254/1812/905 1253/1811/903 1228/1786/904
f 1230/1788/958 1255/1813/907 1254/1812/905 1229/1787/957
f 1231/1789/959 1256/1814/909 1255/1813/907 1230/1788/958
f 1232/1790/912 1257/1815/911 1256/1814/909 1231/1789/959
f 1233/1791/914 1258/1816/971 1257/1815/911 1232/1790/912
f 1234/1792/960 1259/1817/915 1258/1816/971 1233/1791/914
f 1235/1793/961 1260/1818/972 1259/1817/915 1234/1792/960
f 1236/1794/962 1261/1819/869 1260/1818/972 1235/1793/961
f 1237/1795/963 1262/1820/973 1261/1819/869 1236/1794/962
f 1238/1796/964 1263/1821/875 1262/1820/973 1237/1795/963
f 1239/1797/878 1264/1822/974 1263/1821/875 1238/1796/964
f 1240/1798/880 1265/1823/879 1264/1822/974 1239/1797/878
f 1241/1799/965 1266/1824/881 1265/1823/879 1240/1798/880
f 1242/1800/884 1244/1802/883 1266/1824/881 1241/1799/965
f 1244/1825/883 1267/1826/975 1268/1827/976 1266/1828/881
f 1243/1829/966 1269/1830/977 1267/1826/975 1244/1825/883
f 1245/1831/887 1270/1832/978 1269/1830/977 1243/1829/966
f 1246/1833/967 1271/1834/979 1270/1832/978 1245/1831/887
f 1247/1835/891 1272/1836/980 1271/1837/979 1246/1838/967
f 1248/1839/968 1273/1840/981 1272/1836/980 1247/1835/891
f 1249/1841/895 1274/1842/982 1273/1840/981 1248/1839/968
f 1250/1843/969 1275/1844/983 1274/1842/982 1249/1841/895
f 1251/1845/899 1276/1846/984 1275/1844/983 1250/1843/969
f 1252/1847/970 1277/1848/985 1276/1846/984 1251/1845/899
f 1253/1849/903 1278/1850/986 1277/1851/985 1252/1852/970
f 1254/1853/905 1279/1854/987 1278/1850/986 1253/1849/903
f 1255/1855/907 1280/1856/988 1279/1854/987 1254/1853/905
f 1256/1857/909 1281/1858/989 1280/1856/988 1255/1855/907
f 1257/1859/911 1282/1860/990 1281/1858/989 1256/1857/909
f 1258/1861/971 1283/1862/991 1282/1860/990 1257/1859/911
f 1259/1863/915 1284/1864/992 1283/1865/991 1258/1866/971
f 1260/1867/972 1285/1868/993 1284/1864/992 1259/1863/915
f 1261/1869/869 1286/1870/994 1285/1868/993 1260/1867/972
f 1262/1871/973 1287/1872/995 1286/1870/994 1261/1869/869
f 1263/1873/875 1288/1874/996 1287/1872/995 1262/1871/973
f 1264/1875/974 1289/1876/997 1288/1874/996 1263/1873/875
f 1265/1877/879 1290/1878/998 1289/1879/997 1264/1880/974
f 1266/1828/881 1268/1827/976 1290/1878/998 1265/1877/879
f 1268/1827/976 1291/1881/999 1292/1882/1000 1290/1878/998
f 1267/1826/975 1293/1883/1001 1291/1881/999 1268/1827/976
f 1269/1830/977 1294/1884/1002 1293/1883/1001 1267/1826/975
f 1270/1832/978 1295/1885/1003 1294/1884/1002 1269/1830/977
f 1271/1834/979 1296/1886/1004 1295/1885/1003 1270/1832/978
f 1272/1836/980 1297/1887/1005 1296/1888/1004 1271/1837/979
f 1273/1840/981 1298/1889/1006 1297/1887/1005 1272/1836/980
f 1274/1842/982 1299/1890/1007 1298/1889/1006 1273/1840/981
f 1275/1844/983 1300/1891/1008 1299/1890/1007 1274/1842/982
f 1276/1846/984 1301/1892/1009 1300/1891/1008 1275/1844/983
f 1277/1848/985 1302/1893/1010 1301/1892/1009 1276/1846/984
f 1278/1850/986 1303/1894/1011 1302/1895/1010 1277/1851/985
f 1279/1854/987 1304/1896/1012 1303/1894/1011 1278/1850/986
f 1280/1856/988 1305/1897/1013 1304/1896/1012 1279/1854/987
f 1281/1858/989 1306/1898/1014 1305/1897/1013 1280/1856/988
f 1282/1860/990 1307/1899/1015 1306/1898/1014 1281/1858/989
f 1283/1862/991 1308/1900/1016 1307/1899/1015 1282/1860/990
f 1284/1864/992 1309/1901/1017 1308/1902/1016 1283/1865/991
f 1285/1868/993 1310/1903/1018 1309/1901/1017 1284/1864/992
f 1286/1870/994 1311/1904/1019 1310/1903/1018 1285/1868/993
f 1287/1872/995 1312/1905/1020 1311/1904/1019 1286/1870/994
f 1288/1874/996 1313/1906/1021 1312/1905/1020 1287/1872/995
f 1289/1876/997 1314/1907/1022 1313/1906/1021 1288/1874/996
f 1290/1878/998 1292/1882/1000 1314/1908/1022 1289/1879/997
f 1292/1882/1000 1315/1909/1023 1316/1910/116 1314/1908/1022
f 1291/1881/999 1317/1911/1024 1315/1909/1023 1292/1882/1000
f 1293/1883/1001 1318/1912/17 1317/1911/1024 1291/1881/999
f 1294/1884/1002 1319/1913/1025 1318/1912/17 1293/1883/1001
f 1295/1885/1003 1320/1914/1026 1319/1913/1025 1294/1884/1002
f 1296/1886/1004 1321/1915/643 1320/1914/1026 1295/1885/1003
f 1297/1887/1005 1322/1916/1027 1321/1917/643 1296/1888/1004
f 1298/1889/1006 1323/1918/1028 1322/1916/1027 1297/1887/1005
f 1299/1890/1007 1324/1919/108 1323/1918/1028 1298/1889/1006
f 1300/1891/1008 1325/1920/1029 1324/1919/108 1299/1890/1007
f 1301/1892/1009 1326/1921/1030 1325/1920/1029 1300/1891/1008
f 1302/1893/1010 1327/1922/39 1326/1921/1030 1301/1892/1009
f 1303/1894/1011 1328/1923/1031 1327/1924/39 1302/1895/1010
f 1304/1896/1012 1329/1925/1032 1328/1923/1031 1303/1894/1011
f 1305/1897/1013 1330/1926/35 1329/1925/1032 1304/1896/1012
f 1306/1898/1014 1331/1927/1033 1330/1926/35 1305/1897/1013
f 1307/1899/1015 1332/1928/1034 1331/1927/1033 1306/1898/1014
f 1308/1900/1016 1333/1929/125 1332/1928/1034 1307/1899/1015
f 1309/1901/1017 1334/1930/1035 1333/1931/125 1308/1902/1016
f 1310/1903/1018 1335/1932/1036 1334/1930/1035 1309/1901/1017
f 1311/1904/1019 1336/1933/437 1335/1932/1036 1310/1903/1018
f 1312/1905/1020 1337/1934/1037 1336/1933/437 1311/1904/1019
f 1313/1906/1021 1338/1935/1038 1337/1934/1037 1312/1905/1020
f 1314/1907/1022 1316/1936/116 1338/1935/1038 1313/1906/1021
f 1316/1936/116 1339/1937/1039 1340/1938/1040 1338/1935/1038
f 1315/1909/1023 1341/1939/1041 1339/1940/1039 1316/1910/116
f 1317/1911/1024 1342/1941/1042 1341/1939/1041 1315/1909/1023
f 1318/1912/17 1343/1942/1043 1342/1941/1042 1317/1911/1024
f 1319/1913/1025 1344/1943/1044 1343/1942/1043 1318/1912/17
f 1320/1914/1026 1345/1944/1045 1344/1943/1044 1319/1913/1025
f 1321/1915/643 1346/1945/1046 1345/1944/1045 1320/1914/1026
f 1322/1916/1027 1347/1946/1047 1346/1947/1046 1321/1917/643
f 1323/1918/1028 1348/1948/1048 1347/1946/1047 1322/1916/1027
f 1324/1919/108 1349/1949/1049 1348/1948/1048 1323/1918/1028
f 1325/1920/1029 1350/1950/1050 1349/1949/1049 1324/1919/108
f 1326/1921/1030 1351/1951/1051 1350/1950/1050 1325/1920/1029
f 1327/1922/39 1352/1952/1052 1351/1951/1051 1326/1921/1030
f 1328/1923/1031 1353/1953/1053 1352/1954/1052 1327/1924/39
f 1329/1925/1032 1354/1955/1054 1353/1953/1053 1328/1923/1031
f 1330/1926/35 1355/1956/1055 1354/1955/1054 1329/1925/1032
f 1331/1927/1033 1356/1957/1056 1355/1956/1055 1330/1926/35
f 1332/1928/1034 1357/1958/1057 1356/1957/1056 1331/1927/1033
f 1333/1929/125 1358/1959/1058 1357/1958/1057 1332/1928/1034
f 1334/1930/1035 1359/1960/1059 1358/1961/1058 1333/1931/125
f 1335/1932/1036 1360/1962/1060 1359/1960/1059 1334/1930/1035
f 1336/1933/437 1361/1963/1061 1360/1962/1060 1335/1932/1036
f 1337/1934/1037 1362/1964/1062 1361/1963/1061 1336/1933/437
f 1338/1935/1038 1340/1938/1040 1362/1964/1062 1337/1934/1037
f 1340/1938/1040 1363/1965/1063 1364/1966/1064 1362/1964/1062
f 1339/1937/1039 1365/1967/1065 1363/1965/1063 1340/1938/1040
f 1341/1939/1041 1366/1968/1066 1365/1969/1065 1339/1940/1039
f 1342/1941/1042 1367/1970/1067 1366/1968/1066 1341/1939/1041
f 1343/1942/1043 1368/1971/1068 1367/1970/1067 1342/1941/1042
f 1344/1943/1044 1369/1972/1069 1368/1971/1068 1343/1942/1043
f 1345/1944/1045 1370/1973/1070 1369/1972/1069 1344/1943/1044
f 1346/1945/1046 1371/1974/1071 1370/1973/1070 1345/1944/1045
f 1347/1946/1047 1372/1975/1072 1371/1976/1071 1346/1947/1046
f 1348/1948/1048 1373/1977/1073 1372/1975/1072 1347/1946/1047
f 1349/1949/1049 1374/1978/1074 1373/1977/1073 1348/1948/1048
f 1350/1950/1050 1375/1979/1075 1374/1978/1074 1349/1949/1049
f 1351/1951/1051 1376/1980/1076 1375/1979/1075 1350/1950/1050
f 1352/1952/1052 1377/1981/1077 1376/1980/1076 1351/1951/1051
f 1353/1953/1053 1378/1982/1078 1377/1983/1077 1352/1954/1052
f 1354/1955/1054 1379/1984/1079 1378/1982/1078 1353/1953/1053
f 1355/1956/1055 1380/1985/1080 1379/1984/1079 1354/1955/1054
f 1356/1957/1056 1381/1986/1081 1380/1985/1080 1355/1956/1055
f 1357/1958/1057 1382/1987/1082 1381/1986/1081 1356/1957/1056
f 1358/1959/1058 1383/1988/1083 1382/1987/1082 1357/1958/1057
f 1359/1960/1059 1384/1989/1084 1383/1990/1083 1358/1961/1058
f 1360/1962/1060 1385/1991/1085 1384/1989/1084 1359/1960/1059
f 1361/1963/1061 1386/1992/1086 1385/1991/1085 1360/1962/1060
f 1362/1964/1062 1364/1966/1064 1386/1992/1086 1361/1963/1061
f 1364/1966/1064 1387/1993/1087 1388/1994/1088 1386/1992/1086
f 1363/1965/1063 1389/1995/1089 1387/1993/1087 1364/1966/1064
f 1365/1967/1065 1390/1996/1090 1389/1995/1089 1363/1965/1063
f 1366/1968/1066 1391/1997/1091 1390/1998/1090 1365/1969/1065
f 1367/1970/1067 1392/1999/1092 1391/1997/1091 1366/1968/1066
f 1368/1971/1068 1393/2000/1093 1392/1999/1092 1367/1970/1067
f 1369/1972/1069 1394/2001/1094 1393/2000/1093 1368/1971/1068
f 1370/1973/1070 1395/2002/1095 1394/2001/1094 1369/1972/1069
f 1371/1974/1071 1396/2003/1096 1395/2002/1095 1370/1973/1070
f 1372/1975/1072 1397/2004/1097 1396/2005/1096 1371/1976/1071
f 1373/1977/1073 1398/2006/1098 1397/2004/1097 1372/1975/1072
f 1374/1978/1074 1399/2007/1099 1398/2006/1098 1373/1977/1073
f 1375/1979/1075 1400/2008/1100 1399/2007/1099 1374/1978/1074
f 1376/1980/1076 1401/2009/1101 1400/2008/1100 1375/1979/1075
f 1377/1981/1077 1402/2010/1102 1401/2009/1101 1376/1980/1076
f 1378/1982/1078 1403/2011/1103 1402/2012/1102 1377/1983/1077
f 1379/1984/1079 1404/2013/1104 1403/2011/1103 1378/1982/1078
f 1380/1985/1080 1405/2014/1105 1404/2013/1104 1379/1984/1079
f 1381/1986/1081 1406/2015/1106 1405/2014/1105 1380/1985/1080
f 1382/1987/1082 1407/2016/1107 1406/2015/1106 1381/1986/1081
f 1383/1988/1083 1408/2017/1108 1407/2016/1107 1382/1987/1082
f 1384/1989/1084 1409/2018/1109 1408/2019/1108 1383/1990/1083
f 1385/1991/1085 1410/2020/1110 1409/2018/1109 1384/1989/1084
f 1386/1992/1086 1388/1994/1088 1410/2020/1110 1385/1991/1085
f 1388/2021/1088 1411/2022/1111 1412/2023/1112 1410/2024/1110
f 1387/2025/1087 1413/2026/1113 1411/2022/1111 1388/2021/1088
f 1389/2027/1089 1414/2028/1114 1413/2026/1113 1387/2025/1087
f 1390/2029/1090 1415/2030/1115 1414/2028/1114 1389/2027/1089
f 1391/2031/1091 1416/2032/1116 1415/2030/1115 1390/2029/1090
f 1392/2033/1092 1417/2034/1117 1416/2032/1116 1391/2031/1091
f 1393/2035/1093 1418/2036/1118 1417/2034/1117 1392/2033/1092
f 1394/2037/1094 1419/2038/1119 1418/2036/1118 1393/2035/1093
f 1395/2039/1095 1420/2040/1120 1419/2038/1119 1394/2037/1094
f 1396/2041/1096 1421/2042/1121 1420/2040/1120 1395/2039/1095
f 1397/2043/1097 1422/2044/1122 1421/2042/1121 1396/2041/1096
f 1398/2045/1098 1423/2046/1123 1422/2044/1122 1397/2043/1097
f 1399/2047/1099 1424/2048/1124 1423/2046/1123 1398/2045/1098
f 1400/2049/1100 1425/2050/1125 1424/2048/1124 1399/2047/1099
f 1401/2051/1101 1426/2052/1126 1425/2050/1125 1400/2049/1100
f 1402/2053/1102 1427/2054/1127 1426/2052/1126 1401/2051/1101
f 1403/2055/1103 1428/2056/1128 1427/2054/1127 1402/2053/1102
f 1404/2057/1104 1429/2058/1129 1428/2056/1128 1403/2055/1103
f 1405/2059/1105 1430/2060/1130 1429/2058/1129 1404/2057/1104
f 1406/2061/1106 1431/2062/1131 1430/2060/1130 1405/2059/1105
f 1407/2063/1107 1432/2064/1132 1431/2062/1131 1406/2061/1106
f 1408/2065/1108 1433/2066/1133 1432/2064/1132 1407/2063/1107
f 1409/2067/1109 1434/2068/1134 1433/2066/1133 1408/2065/1108
f 1410/2024/1110 1412/2023/1112 1434/2068/1134 1409/2067/1109
f 1412/2023/1112 1435/2069/1135 1436/2070/1136 1434/2068/1134
f 1411/2022/1111 1437/2071/1137 1435/2069/1135 1412/2023/1112
f 1413/2026/1113 1438/2072/1138 1437/2071/1137 1411/2022/1111
f 1414/2028/1114 1439/2073/1139 1438/2072/1138 1413/2026/1113
f 1415/2030/1115 1440/2074/1140 1439/2073/1139 1414/2028/1114
f 1416/2032/1116 1441/2075/1141 1440/2074/1140 1415/2030/1115
f 1417/2034/1117 1442/2076/1142 1441/2075/1141 1416/2032/1116
f 1418/2036/1118 1443/2077/1143 1442/2076/1142 1417/2034/1117
f 1419/2038/1119 1444/2078/1144 1443/2077/1143 1418/2036/1118
f 1420/2040/1120 1445/2079/1145 1444/2078/1144 1419/2038/1119
f 1421/2042/1121 1446/2080/1146 1445/2079/1145 1420/2040/1120
f 1422/2044/1122 1447/2081/1147 1446/2080/1146 1421/2042/1121
f 1423/2046/1123 1448/2082/1148 1447/2081/1147 1422/2044/1122
f 1424/2048/1124 1449/2083/1149 1448/2082/1148 1423/2046/1123
f 1425/2050/1125 1450/2084/1150 1449/2083/1149 1424/2048/1124
f 1426/2052/1126 1451/2085/1151 1450/2084/1150 1425/2050/1125
f 1427/2054/1127 1452/2086/1152 1451/2085/1151 1426/2052/1126
f 1428/2056/1128 1453/2087/1153 1452/2086/1152 1427/2054/1127
f 1429/2058/1129 1454/2088/1154 1453/2087/1153 1428/2056/1128
f 1430/2060/1130 1455/2089/1155 1454/2088/1154 1429/2058/1129
f 1431/2062/1131 1456/2090/1156 1455/2089/1155 1430/2060/1130
f 1432/2064/1132 1457/2091/1157 1456/2090/1156 1431/2062/1131
f 1433/2066/1133 1458/2092/1158 1457/2091/1157 1432/2064/1132
f 1434/2068/1134 1436/2070/1136 1458/2092/1158 1433/2066/1133
f 1436/2070/1136 1459/2093/2 1460/2094/2 1458/2092/1158
f 1435/2069/1135 1461/2095/2 1459/2093/2 1436/2070/1136
f 1437/2071/1137 1462/2096/2 1461/2095/2 1435/2069/1135
f 1438/2072/1138 1463/2097/2 1462/2096/2 1437/2071/1137
f 1439/2073/1139 1464/2098/2 1463/2097/2 1438/2072/1138
f 1440/2074/1140 1465/2099/2 1464/2098/2 1439/2073/1139
f 1441/2075/1141 1466/2100/2 1465/2099/2 1440/2074/1140
f 1442/2076/1142 1467/2101/2 1466/2100/2 1441/2075/1141
f 1443/2077/1143 1468/2102/2 1467/2101/2 1442/2076/1142
f 1444/2078/1144 1469/2103/2 1468/2102/2 1443/2077/1143
f 1445/2079/1145 1470/2104/2 1469/2103/2 1444/2078/1144
f 1446/2080/1146 1471/2105/2 1470/2104/2 1445/2079/1145
f 1447/2081/1147 1472/2106/2 1471/2105/2 1446/2080/1146
f 1448/2082/1148 1473/2107/2 1472/2106/2 1447/2081/1147
f 1449/2083/1149 1474/2108/2 1473/2107/2 1448/2082/1148
f 1450/2084/1150 1475/2109/2 1474/2108/2 1449/2083/1149
f 1451/2085/1151 1476/2110/2 1475/2109/2 1450/2084/1150
f 1452/2086/1152 1477/2111/2 1476/2110/2 1451/2085/1151
f 1453/2087/1153 1478/2112/2 1477/2111/2 1452/2086/1152
f 1454/2088/1154 1479/2113/2 1478/2112/2 1453/2087/1153
f 1455/2089/1155 1480/2114/2 1479/2113/2 1454/2088/1154
f 1456/2090/1156 1481/2115/2 1480/2114/2 1455/2089/1155
f 1457/2091/1157 1482/2116/2 1481/2115/2 1456/2090/1156
f 1458/2092/1158 1460/2094/2 1482/2116/2 1457/2091/1157
f 1460/2094/2 1483/2117/1146 1484/2118/1159 1482/2116/2
f 1459/2093/2 1485/2119/1160 1483/2117/1146 1460/2094/2
f 1461/2095/2 1486/2120/1148 1485/2119/1160 1459/2093/2
f 1462/2096/2 1487/2121/1149 1486/2120/1148 1461/2095/2
f 1463/2097/2 1488/2122/1150 1487/2121/1149 1462/2096/2
f 1464/2098/2 1489/2123/1161 1488/2122/1150 1463/2097/2
f 1465/2099/2 1490/2124/1162 1489/2123/1161 1464/2098/2
f 1466/2100/2 1491/2125/1163 1490/2124/1162 1465/2099/2
f 1467/2101/2 1492/2126/1154 1491/2125/1163 1466/2100/2
f 1468/2102/2 1493/2127/1155 1492/2126/1154 1467/2101/2
f 1469/2103/2 1494/2128/1156 1493/2127/1155 1468/2102/2
f 1470/2104/2 1495/2129/1164 1494/2128/1156 1469/2103/2
f 1471/2105/2 1496/2130/1158 1495/2129/1164 1470/2104/2
f 1472/2106/2 1497/2131/1165 1496/2130/1158 1471/2105/2
f 1473/2107/2 1498/2132/1135 1497/2131/1165 1472/2106/2
f 1474/2108/2 1499/2133/1137 1498/2132/1135 1473/2107/2
f 1475/2109/2 1500/2134/1138 1499/2133/1137 1474/2108/2
f 1476/2110/2 1501/2135/1166 1500/2134/1138 1475/2109/2
f 1477/2111/2 1502/2136/1167 1501/2135/1166 1476/2110/2
f 1478/2112/2 1503/2137/1168 1502/2136/1167 1477/2111/2
f 1479/2113/2 1504/2138/1169 1503/2137/1168 1478/2112/2
f 1480/2114/2 1505/2139/1143 1504/2138/1169 1479/2113/2
f 1481/2115/2 1506/2140/1170 1505/2139/1143 1480/2114/2
f 1482/2116/2 1484/2118/1159 1506/2140/1170 1481/2115/2
f 1484/2118/1159 1507/2141/1120 1508/2142/1171 1506/2140/1170
f 1483/2117/1146 1509/2143/1121 1507/2141/1120 1484/2118/1159
f 1485/2119/1160 1510/2144/1172 1509/2143/1121 1483/2117/1146
f 1486/2120/1148 1511/2145/1173 1510/2144/1172 1485/2119/1160
f 1487/2121/1149 1512/2146/1174 1511/2145/1173 1486/2120/1148
f 1488/2122/1150 1513/2147/1175 1512/2146/1174 1487/2121/1149
f 1489/2123/1161 1514/2148/1126 1513/2147/1175 1488/2122/1150
f 1490/2124/1162 1515/2149/1176 1514/2148/1126 1489/2123/1161
f 1491/2125/1163 1516/2150/1128 1515/2149/1176 1490/2124/1162
f 1492/2126/1154 1517/2151/1177 1516/2150/1128 1491/2125/1163
f 1493/2127/1155 1518/2152/1130 1517/2151/1177 1492/2126/1154
f 1494/2128/1156 1519/2153/1178 1518/2152/1130 1493/2127/1155
f 1495/2129/1164 1520/2154/1132 1519/2153/1178 1494/2128/1156
f 1496/2130/1158 1521/2155/1133 1520/2154/1132 1495/2129/1164
f 1497/2131/1165 1522/2156/1179 1521/2155/1133 1496/2130/1158
f 1498/2132/1135 1523/2157/1180 1522/2156/1179 1497/2131/1165
f 1499/2133/1137 1524/2158/1181 1523/2157/1180 1498/2132/1135
f 1500/2134/1138 1525/2159/1182 1524/2158/1181 1499/2133/1137
f 1501/2135/1166 1526/2160/1114 1525/2159/1182 1500/2134/1138
f 1502/2136/1167 1527/2161/1183 1526/2160/1114 1501/2135/1166
f 1503/2137/1168 1528/2162/1116 1527/2161/1183 1502/2136/1167
f 1504/2138/1169 1529/2163/1184 1528/2162/1116 1503/2137/1168
f 1505/2139/1143 1530/2164/1185 1529/2163/1184 1504/2138/1169
f 1506/2140/1170 1508/2142/1171 1530/2164/1185 1505/2139/1143
f 1508/2142/1171 1531/2165/1094 1532/2166/1093 1530/2164/1185
f 1507/2141/1120 1533/2167/1095 1531/2165/1094 1508/2142/1171
f 1509/2143/1121 1534/2168/1096 1533/2167/1095 1507/2141/1120
f 1510/2144/1172 1535/2169/1097 1534/2168/1096 1509/2143/1121
f 1511/2145/1173 1536/2170/1186 1535/2169/1097 1510/2144/1172
f 1512/2146/1174 1537/2171/1187 1536/2170/1186 1511/2145/1173
f 1513/2147/1175 1538/2172/1188 1537/2171/1187 1512/2146/1174
f 1514/2148/1126 1539/2173/1101 1538/2172/1188 1513/2147/1175
f 1515/2149/1176 1540/2174/1189 1539/2173/1101 1514/2148/1126
f 1516/2150/1128 1541/2175/1103 1540/2174/1189 1515/2149/1176
f 1517/2151/1177 1542/2176/1104 1541/2175/1103 1516/2150/1128
f 1518/2152/1130 1543/2177/1105 1542/2176/1104 1517/2151/1177
f 1519/2153/1178 1544/2178/1190 1543/2177/1105 1518/2152/1130
f 1520/2154/1132 1545/2179/1107 1544/2178/1190 1519/2153/1178
f 1521/2155/1133 1546/2180/1191 1545/2179/1107 1520/2154/1132
f 1522/2156/1179 1547/2181/1109 1546/2180/1191 1521/2155/1133
f 1523/2157/1180 1548/2182/1192 1547/2181/1109 1522/2156/1179
f 1524/2158/1181 1549/2183/1193 1548/2182/1192 1523/2157/1180
f 1525/2159/1182 1550/2184/1194 1549/2183/1193 1524/2158/1181
f 1526/2160/1114 1551/2185/1089 1550/2184/1194 1525/2159/1182
f 1527/2161/1183 1552/2186/1195 1551/2185/1089 1526/2160/1114
f 1528/2162/1116 1553/2187/1091 1552/2186/1195 1527/2161/1183
f 1529/2163/1184 1554/2188/1092 1553/2187/1091 1528/2162/1116
f 1530/2164/1185 1532/2166/1093 1554/2188/1092 1529/2163/1184
f 1532/2189/1093 1555/2190/1068 1556/2191/1067 1554/2192/1092
f 1531/2193/1094 1557/2194/1069 1555/2190/1068 1532/2189/1093
f 1533/2195/1095 1558/2196/1070 1557/2194/1069 1531/2193/1094
f 1534/2197/1096 1559/2198/1071 1558/2196/1070 1533/2195/1095
f 1535/2199/1097 1560/2200/1072 1559/2201/1071 1534/2202/1096
f 1536/2203/1186 1561/2204/1073 1560/2200/1072 1535/2199/1097
f 1537/2205/1187 1562/2206/1074 1561/2204/1073 1536/2203/1186
f 1538/2207/1188 1563/2208/1075 1562/2206/1074 1537/2205/1187
f 1539/2209/1101 1564/2210/1196 1563/2208/1075 1538/2207/1188
f 1540/2211/1189 1565/2212/1077 1564/2210/1196 1539/2209/1101
f 1541/2213/1103 1566/2214/1197 1565/2215/1077 1540/2216/1189
f 1542/2217/1104 1567/2218/1079 1566/2214/1197 1541/2213/1103
f 1543/2219/1105 1568/2220/1080 1567/2218/1079 1542/2217/1104
f 1544/2221/1190 1569/2222/1081 1568/2220/1080 1543/2219/1105
f 1545/2223/1107 1570/2224/1082 1569/2222/1081 1544/2221/1190
f 1546/2225/1191 1571/2226/1083 1570/2224/1082 1545/2223/1107
f 1547/2227/1109 1572/2228/1084 1571/2229/1083 1546/2230/1191
f 1548/2231/1192 1573/2232/1085 1572/2228/1084 1547/2227/1109
f 1549/2233/1193 1574/2234/1086 1573/2232/1085 1548/2231/1192
f 1550/2235/1194 1575/2236/1064 1574/2234/1086 1549/2233/1193
f 1551/2237/1089 1576/2238/1198 1575/2236/1064 1550/2235/1194
f 1552/2239/1195 1577/2240/1065 1576/2238/1198 1551/2237/1089
f 1553/2241/1091 1578/2242/1199 1577/2243/1065 1552/2244/1195
f 1554/2192/1092 1556/2191/1067 1578/2242/1199 1553/2241/1091
f 1556/2191/1067 1579/2245/1200 1580/2246/1041 1578/2242/1199
f 1555/2190/1068 1581/2247/1201 1579/2245/1200 1556/2191/1067
f 1557/2194/1069 1582/2248/1044 1581/2247/1201 1555/2190/1068
f 1558/2196/1070 1583/2249/1045 1582/2248/1044 1557/2194/1069
f 1559/2198/1071 1584/2250/1046 1583/2249/1045 1558/2196/1070
f 1560/2200/1072 1585/2251/1047 1584/2252/1046 1559/2201/1071
f 1561/2204/1073 1586/2253/1202 1585/2251/1047 1560/2200/1072
f 1562/2206/1074 1587/2254/1203 1586/2253/1202 1561/2204/1073
f 1563/2208/1075 1588/2255/1204 1587/2254/1203 1562/2206/1074
f 1564/2210/1196 1589/2256/1051 1588/2255/1204 1563/2208/1075
f 1565/2212/1077 1590/2257/1205 1589/2256/1051 1564/2210/1196
f 1566/2214/1197 1591/2258/1206 1590/2259/1205 1565/2215/1077
f 1567/2218/1079 1592/2260/1207 1591/2258/1206 1566/2214/1197
f 1568/2220/1080 1593/2261/1208 1592/2260/1207 1567/2218/1079
f 1569/2222/1081 1594/2262/1056 1593/2261/1208 1568/2220/1080
f 1570/2224/1082 1595/2263/1057 1594/2262/1056 1569/2222/1081
f 1571/2226/1083 1596/2264/1058 1595/2263/1057 1570/2224/1082
f 1572/2228/1084 1597/2265/1059 1596/2266/1058 1571/2229/1083
f 1573/2232/1085 1598/2267/1209 1597/2265/1059 1572/2228/1084
f 1574/2234/1086 1599/2268/1210 1598/2267/1209 1573/2232/1085
f 1575/2236/1064 1600/2269/1211 1599/2268/1210 1574/2234/1086
f 1576/2238/1198 1601/2270/1040 1600/2269/1211 1575/2236/1064
f 1577/2240/1065 1602/2271/1212 1601/2270/1040 1576/2238/1198
f 1578/2242/1199 1580/2246/1041 1602/2272/1212 1577/2243/1065
f 1580/2246/1041 1603/2273/1023 1604/2274/116 1602/2272/1212
f 1579/2245/1200 1605/2275/1213 1603/2273/1023 1580/2246/1041
f 1581/2247/1201 1606/2276/17 1605/2275/1213 1579/2245/1200
f 1582/2248/1044 1607/2277/1214 1606/2276/17 1581/2247/1201
f 1583/2249/1045 1608/2278/1026 1607/2277/1214 1582/2248/1044
f 1584/2250/1046 1609/2279/643 1608/2278/1026 1583/2249/1045
f 1585/2251/1047 1610/2280/1027 1609/2281/643 1584/2252/1046
f 1586/2253/1202 1611/2282/1215 1610/2280/1027 1585/2251/1047
f 1587/2254/1203 1612/2283/108 1611/2282/1215 1586/2253/1202
f 1588/2255/1204 1613/2284/1216 1612/2283/108 1587/2254/1203
f 1589/2256/1051 1614/2285/1030 1613/2284/1216 1588/2255/1204
f 1590/2257/1205 1615/2286/39 1614/2285/1030 1589/2256/1051
f 1591/2258/1206 1616/2287/1031 1615/2288/39 1590/2259/1205
f 1592/2260/1207 1617/2289/1217 1616/2287/1031 1591/2258/1206
f 1593/2261/1208 1618/2290/35 1617/2289/1217 1592/2260/1207
f 1594/2262/1056 1619/2291/1218 1618/2290/35 1593/2261/1208
f 1595/2263/1057 1620/2292/1034 1619/2291/1218 1594/2262/1056
f 1596/2264/1058 1621/2293/125 1620/2292/1034 1595/2263/1057
f 1597/2265/1059 1622/2294/1035 1621/2295/125 1596/2266/1058
f 1598/2267/1209 1623/2296/1219 1622/2294/1035 1597/2265/1059
f 1599/2268/1210 1624/2297/437 1623/2296/1219 1598/2267/1209
f 1600/2269/1211 1625/2298/1220 1624/2297/437 1599/2268/1210
f 1601/2270/1040 1626/2299/1038 1625/2298/1220 1600/2269/1211
f 1602/2271/1212 1604/2300/116 1626/2299/1038 1601/2270/1040
f 1604/2300/116 1627/2301/1221 1628/2302/1222 1626/2299/1038
f 1603/2273/1023 1629/2303/1000 1627/2304/1221 1604/2274/116
f 1605/2275/1213 1630/2305/1223 1629/2303/1000 1603/2273/1023
f 1606/2276/17 1631/2306/1224 1630/2305/1223 1605/2275/1213
f 1607/2277/1214 1632/2307/1002 1631/2306/1224 1606/2276/17
f 1608/2278/1026 1633/2308/1003 1632/2307/1002 1607/2277/1214
f 1609/2279/643 1634/2309/1004 1633/2308/1003 1608/2278/1026
f 1610/2280/1027 1635/2310/1005 1634/2311/1004 1609/2281/643
f 1611/2282/1215 1636/2312/1225 1635/2310/1005 1610/2280/1027
f 1612/2283/108 1637/2313/1007 1636/2312/1225 1611/2282/1215
f 1613/2284/1216 1638/2314/1226 1637/2313/1007 1612/2283/108
f 1614/2285/1030 1639/2315/1009 1638/2314/1226 1613/2284/1216
f 1615/2286/39 1640/2316/1227 1639/2315/1009 1614/2285/1030
f 1616/2287/1031 1641/2317/1011 1640/2318/1227 1615/2288/39
f 1617/2289/1217 1642/2319/1228 1641/2317/1011 1616/2287/1031
f 1618/2290/35 1643/2320/1229 1642/2319/1228 1617/2289/1217
f 1619/2291/1218 1644/2321/1014 1643/2320/1229 1618/2290/35
f 1620/2292/1034 1645/2322/1015 1644/2321/1014 1619/2291/1218
f 1621/2293/125 1646/2323/1016 1645/2322/1015 1620/2292/1034
f 1622/2294/1035 1647/2324/1017 1646/2325/1016 1621/2295/125
f 1623/2296/1219 1648/2326/1230 1647/2324/1017 1622/2294/1035
f 1624/2297/437 1649/2327/1019 1648/2326/1230 1623/2296/1219
f 1625/2298/1220 1650/2328/1231 1649/2327/1019 1624/2297/437
f 1626/2299/1038 1628/2302/1222 1650/2328/1231 1625/2298/1220
f 1628/2302/1222 1651/2329/1232 1652/2330/995 1650/2328/1231
f 1627/2301/1221 1653/2331/997 1651/2329/1232 1628/2302/1222
f 1629/2303/1000 1654/2332/1233 1653/2333/997 1627/2304/1221
f 1630/2305/1223 1655/2334/976 1654/2332/1233 1629/2303/1000
f 1631/2306/1224 1656/2335/975 1655/2334/976 1630/2305/1223
f 1632/2307/1002 1657/2336/977 1656/2335/975 1631/2306/1224
f 1633/2308/1003 1658/2337/1234 1657/2336/977 1632/2307/1002
f 1634/2309/1004 1659/2338/979 1658/2337/1234 1633/2308/1003
f 1635/2310/1005 1660/2339/1235 1659/2340/979 1634/2311/1004
f 1636/2312/1225 1661/2341/981 1660/2339/1235 1635/2310/1005
f 1637/2313/1007 1662/2342/982 1661/2341/981 1636/2312/1225
f 1638/2314/1226 1663/2343/983 1662/2342/982 1637/2313/1007
f 1639/2315/1009 1664/2344/1236 1663/2343/983 1638/2314/1226
f 1640/2316/1227 1665/2345/985 1664/2344/1236 1639/2315/1009
f 1641/2317/1011 1666/2346/1237 1665/2347/985 1640/2318/1227
f 1642/2319/1228 1667/2348/987 1666/2346/1237 1641/2317/1011
f 1643/2320/1229 1668/2349/988 1667/2348/987 1642/2319/1228
f 1644/2321/1014 1669/2350/989 1668/2349/988 1643/2320/1229
f 1645/2322/1015 1670/2351/1238 1669/2350/989 1644/2321/1014
f 1646/2323/1016 1671/2352/991 1670/2351/1238 1645/2322/1015
f 1647/2324/1017 1672/2353/1239 1671/2354/991 1646/2325/1016
f 1648/2326/1230 1673/2355/993 1672/2353/1239 1647/2324/1017
f 1649/2327/1019 1674/2356/994 1673/2355/993 1648/2326/1230
f 1650/2328/1231 1652/2330/995 1674/2356/994 1649/2327/1019
f 1652/2330/995 1103/2357/873 1099/2358/869 1674/2356/994
f 1651/2329/1232 1105/2359/875 1103/2357/873 1652/2330/995
f 1653/2331/997 1107/2360/877 1105/2359/875 1651/2329/1232
f 1654/2332/1233 1109/2361/879 1107/2362/877 1653/2333/997
f 1655/2334/976 1111/2363/881 1109/2361/879 1654/2332/1233
f 1656/2335/975 1113/2364/883 1111/2363/881 1655/2334/976
f 1657/2336/977 1115/2365/885 1113/2364/883 1656/2335/975
f 1658/2337/1234 1117/2366/887 1115/2365/885 1657/2336/977
f 1659/2338/979 1119/2367/889 1117/2366/887 1658/2337/1234
f 1660/2339/1235 1121/2368/891 1119/2369/889 1659/2340/979
f 1661/2341/981 1123/2370/893 1121/2368/891 1660/2339/1235
f 1662/2342/982 1125/2371/895 1123/2370/893 1661/2341/981
f 1663/2343/983 1127/2372/897 1125/2371/895 1662/2342/982
f 1664/2344/1236 1129/2373/899 1127/2372/897 1663/2343/983
f 1665/2345/985 1131/2374/901 1129/2373/899 1664/2344/1236
f 1666/2346/1237 1133/2375/903 1131/2376/901 1665/2347/985
f 1667/2348/987 1135/2377/905 1133/2375/903 1666/2346/1237
f 1668/2349/988 1137/2378/907 1135/2377/905 1667/2348/987
f 1669/2350/989 1139/2379/909 1137/2378/907 1668/2349/988
f 1670/2351/1238 1141/2380/911 1139/2379/909 1669/2350/989
f 1671/2352/991 1143/2381/913 1141/2380/911 1670/2351/1238
f 1672/2353/1239 1145/2382/915 1143/2383/913 1671/2354/991
f 1673/2355/993 1102/2384/872 1145/2382/915 1672/2353/1239
f 1674/2356/994 1099/2358/869 1102/2384/872 1673/2355/993
s 17
f 1675/2385/1 1676/2386/2 1677/2387/2 1678/2388/1
f 1676/2389/2 1679/2390/3 1680/2391/3 1677/2392/2
f 1679/2390/3 1681/2393/4 1682/2394/4 1680/2391/3
f 1681/2395/4 1683/2396/5 1684/2397/5 1682/2398/4
f 1683/2399/5 1685/2400/6 1686/2401/6 1684/2402/5
f 1685/2400/6 1675/2403/1 1678/2404/1 1686/2401/6
s 18
f 1687/2405/1240 1688/2406/1241 1689/2407/1242 1690/2408/1243
f 1691/2409/1244 1692/2410/1245 1688/2406/1241 1687/2405/1240
f 1693/2411/1246 1694/2412/1247 1692/2410/1245 1691/2409/1244
f 1695/2413/1248 1696/2414/1249 1694/2415/1247 1693/2416/1246
f 1697/2417/1250 1698/2418/1251 1696/2414/1249 1695/2413/1248
f 1699/2419/1252 1700/2420/1253 1698/2418/1251 1697/2417/1250
f 1701/2421/1254 1702/2422/1255 1700/2420/1253 1699/2419/1252
f 1703/2423/1256 1704/2424/1257 1702/2425/1255 1701/2426/1254
f 1705/2427/1258 1706/2428/1259 1704/2424/1257 1703/2423/1256
f 1707/2429/1260 1708/2430/1261 1706/2428/1259 1705/2427/1258
f 1709/2431/1262 1710/2432/1263 1708/2430/1261 1707/2429/1260
f 1711/2433/1264 1712/2434/1265 1710/2432/1263 1709/2431/1262
f 1713/2435/1266 1714/2436/1267 1712/2434/1265 1711/2433/1264
f 1715/2437/1268 1716/2438/1269 1714/2439/1267 1713/2440/1266
f 1717/2441/1270 1718/2442/1271 1716/2438/1269 1715/2437/1268
f 1719/2443/1272 1720/2444/1273 1718/2442/1271 1717/2441/1270
f 1721/2445/1274 1722/2446/1275 1720/2447/1273 1719/2448/1272
f 1690/2408/1243 1689/2407/1242 1722/2446/1275 1721/2445/1274
f 1723/2449/1276 1724/2450/1277 1722/2451/1275 1689/2452/1242
f 1725/2453/1278 1726/2454/1279 1724/2450/1277 1723/2449/1276
f 1726/2454/1279 1725/2453/1278 1714/2455/1267 1716/2456/1269
f 1725/2453/1278 1727/2457/1280 1712/2458/1265 1714/2455/1267
f 1727/2457/1280 1725/2453/1278 1723/2449/1276
f 1728/2459/1281 1727/2457/1280 1723/2449/1276 1729/2460/1282
f 1727/2457/1280 1728/2459/1281 1710/2461/1263 1712/2458/1265
f 1728/2459/1281 1730/2462/1283 1708/2463/1261 1710/2461/1263
f 1729/2460/1282 1731/2464/1284 1730/2462/1283 1728/2459/1281
f 1731/2464/1284 1729/2460/1282 1688/2465/1241 1692/2466/1245
f 1729/2460/1282 1723/2449/1276 1689/2452/1242 1688/2465/1241
f 1732/2467/1285 1731/2464/1284 1692/2466/1245 1694/2468/1247
f 1731/2464/1284 1732/2467/1285 1733/2469/1286 1730/2462/1283
f 1732/2467/1285 1734/2470/1287 1735/2471/1288 1733/2469/1286
f 1734/2470/1287 1732/2467/1285 1694/2468/1247 1696/2472/1249
f 1736/2473/1289 1734/2470/1287 1696/2472/1249 1698/2474/1251
f 1734/2470/1287 1736/2473/1289 1737/2475/1290 1735/2471/1288
f 1738/2476/1291 1737/2475/1290 1736/2473/1289
f 1737/2475/1290 1738/2476/1291 1700/2477/1253 1702/2478/1255
f 1738/2476/1291 1736/2473/1289 1698/2474/1251 1700/2477/1253
f 1735/2471/1288 1737/2475/1290 1702/2478/1255 1704/2479/1257
f 1733/2469/1286 1735/2471/1288 1704/2479/1257 1706/2480/1259
f 1730/2462/1283 1733/2469/1286 1706/2480/1259 1708/2463/1261
f 1739/2481/1292 1726/2454/1279 1716/2456/1269 1718/2482/1271
f 1740/2483/1293 1724/2450/1277 1726/2454/1279 1739/2481/1292
f 1724/2450/1277 1740/2483/1293 1720/2484/1273 1722/2451/1275
f 1740/2483/1293 1739/2481/1292 1718/2482/1271 1720/2484/1273
s 19
f 1741/2485/17 1742/2486/93 1743/2487/1294 1744/2488/1295
f 1745/2489/17 1746/2490/1296 1742/2486/93 1741/2485/17
f 1747/2491/97 1748/2492/98 1746/2493/1296 1745/2494/99
f 1749/2495/100 1750/2496/101 1748/2492/98 1747/2491/97
f 1751/2497/1297 1752/2498/1298 1750/2499/101 1749/2500/35
f 1753/2501/318 1754/2502/319 1752/2498/1298 1751/2497/1297
f 1755/2503/39 1756/2504/1299 1754/2502/319 1753/2501/318
f 1757/2505/1300 1758/2506/846 1756/2507/1299 1755/2508/39
f 1759/2509/1301 1760/2510/109 1758/2506/846 1757/2505/1300
f 1761/2511/848 1762/2512/111 1760/2510/109 1759/2509/1301
f 1763/2513/1302 1764/2514/1303 1762/2512/111 1761/2511/848
f 1765/2515/1304 1766/2516/645 1764/2517/1303 1763/2518/1302
f 1767/2519/1305 1768/2520/1294 1766/2516/645 1765/2515/1304
f 1769/2521/114 1770/2522/115 1768/2520/1294 1767/2519/1305
f 1771/2523/19 1772/2524/175 1770/2522/115 1769/2521/114
f 1773/2525/308 1774/2526/176 1772/2524/175 1771/2523/19
f 1775/2527/309 1776/2528/310 1774/2529/176 1773/2530/308
f 1777/2531/119 1778/2532/120 1776/2528/310 1775/2527/309
f 1779/2533/121 1780/2534/122 1778/2532/120 1777/2531/119
f 1781/2535/313 1782/2536/314 1780/2534/122 1779/2533/121
f 1783/2537/31 1784/2538/315 1782/2536/314 1781/2535/313
f 1785/2539/316 1786/2540/317 1784/2541/315 1783/2542/31
f 1787/2543/126 1788/2544/127 1786/2540/317 1785/2539/316
f 1789/2545/1297 1790/2546/1298 1788/2544/127 1787/2543/126
f 1791/2547/318 1792/2548/319 1790/2546/1298 1789/2545/1297
f 1793/2549/39 1794/2550/1299 1792/2548/319 1791/2547/318
f 1795/2551/845 1796/2552/846 1794/2553/1299 1793/2554/39
f 1797/2555/108 1798/2556/109 1796/2552/846 1795/2551/845
f 1799/2557/848 1800/2558/111 1798/2556/109 1797/2555/108
f 1801/2559/1302 1802/2560/1303 1800/2558/111 1799/2557/848
f 1803/2561/1306 1804/2562/645 1802/2563/1303 1801/2564/1302
f 1744/2488/1295 1743/2487/1294 1804/2562/645 1803/2561/1306
f 1805/2565/671 1806/2566/1307 1804/2567/645 1743/2568/1294
f 1807/2569/1308 1808/2570/88 1806/2566/1307 1805/2565/671
f 1808/2570/88 1807/2569/1308 1790/2571/1298 1792/2572/319
f 1807/2569/1308 1809/2573/1309 1788/2574/127 1790/2571/1298
f 1805/2565/671 1810/2575/134 1809/2573/1309 1807/2569/1308
f 1810/2575/134 1805/2565/671 1743/2568/1294 1742/2576/93
f 1811/2577/135 1810/2575/134 1742/2576/93 1746/2578/1296
f 1811/2577/135 1809/2573/1309 1810/2575/134
f 1812/2579/149 1809/2573/1309 1811/2577/135
f 1809/2573/1309 1812/2579/149 1786/2580/317 1788/2574/127
f 1812/2579/149 1813/2581/85 1784/2582/315 1786/2580/317
f 1813/2581/85 1812/2579/149 1811/2577/135
f 1814/2583/84 1813/2581/85 1811/2577/135
f 1813/2581/85 1814/2583/84 1782/2584/314 1784/2582/315
f 1814/2583/84 1815/2585/82 1780/2586/122 1782/2584/314
f 1815/2585/82 1814/2583/84 1811/2577/135
f 1816/2587/1310 1815/2585/82 1811/2577/135 1817/2588/1311
f 1815/2585/82 1816/2587/1310 1778/2589/120 1780/2586/122
f 1816/2587/1310 1818/2590/79 1776/2591/310 1778/2589/120
f 1818/2590/79 1816/2587/1310 1819/2592/138
f 1819/2592/138 1816/2587/1310 1817/2588/1311
f 1819/2593/138 1817/2594/1311 1748/2492/98 1750/2496/101
f 1817/2594/1311 1811/2595/135 1746/2493/1296 1748/2492/98
f 1820/2596/1308 1819/2592/138 1750/2597/101 1752/2598/1298
f 1821/2599/671 1822/2600/141 1819/2592/138 1820/2596/1308
f 1822/2600/141 1821/2599/671 1768/2601/1294 1770/2602/115
f 1821/2599/671 1823/2603/1307 1766/2604/645 1768/2601/1294
f 1820/2596/1308 1824/2605/88 1823/2603/1307 1821/2599/671
f 1824/2605/88 1820/2596/1308 1752/2598/1298 1754/2606/319
f 1825/2607/672 1824/2605/88 1754/2606/319 1756/2608/1299
f 1824/2605/88 1825/2607/672 1826/2609/673 1823/2603/1307
f 1825/2607/672 1827/2610/144 1828/2611/145 1826/2609/673
f 1827/2610/144 1825/2607/672 1756/2608/1299 1758/2612/846
f 1829/2613/146 1827/2610/144 1758/2612/846 1760/2614/109
f 1829/2613/146 1828/2611/145 1827/2610/144
f 1828/2611/145 1829/2613/146 1760/2614/109 1762/2615/111
f 1826/2609/673 1828/2611/145 1762/2615/111 1764/2616/1303
f 1823/2603/1307 1826/2609/673 1764/2616/1303 1766/2604/645
f 1830/2617/1312 1822/2600/141 1770/2602/115 1772/2618/175
f 1822/2600/141 1830/2617/1312 1819/2592/138
f 1830/2617/1312 1831/2619/78 1819/2592/138
f 1831/2619/78 1830/2617/1312 1772/2618/175 1774/2620/176
f 1818/2590/79 1831/2619/78 1774/2620/176 1776/2591/310
f 1831/2619/78 1818/2590/79 1819/2592/138
f 1832/2621/672 1808/2570/88 1792/2572/319 1794/2622/1299
f 1808/2570/88 1832/2621/672 1833/2623/673 1806/2566/1307
f 1832/2621/672 1834/2624/144 1835/2625/145 1833/2623/673
f 1834/2624/144 1832/2621/672 1794/2622/1299 1796/2626/846
f 1836/2627/146 1834/2624/144 1796/2626/846 1798/2628/109
f 1836/2627/146 1835/2625/145 1834/2624/144
f 1835/2625/145 1836/2627/146 1798/2628/109 1800/2629/111
f 1833/2623/673 1835/2625/145 1800/2629/111 1802/2630/1303
f 1806/2566/1307 1833/2623/673 1802/2630/1303 1804/2567/645
s 20
f 1837/2631/17 1838/2632/93 1839/2633/1313 1840/2634/1295
f 1841/2635/17 1842/2636/1296 1838/2632/93 1837/2631/17
f 1843/2637/97 1844/2638/1314 1842/2639/1296 1841/2640/99
f 1845/2641/100 1846/2642/101 1844/2638/1314 1843/2637/97
f 1847/2643/102 1848/2644/103 1846/2645/101 1845/2646/35
f 1849/2647/1315 1850/2648/1316 1848/2644/103 1847/2643/102
f 1851/2649/128 1852/2650/1317 1850/2648/1316 1849/2647/1315
f 1853/2651/845 1854/2652/846 1852/2653/1317 1851/2654/128
f 1855/2655/108 1856/2656/109 1854/2652/846 1853/2651/845
f 1857/2657/848 1858/2658/111 1856/2656/109 1855/2655/108
f 1859/2659/1318 1860/2660/644 1858/2658/111 1857/2657/848
f 1861/2661/15 1862/2662/1319 1860/2663/644 1859/2664/1318
f 1863/2665/95 1864/2666/647 1862/2662/1319 1861/2661/15
f 1865/2667/1320 1866/2668/115 1864/2666/647 1863/2665/95
f 1867/2669/1321 1868/2670/1322 1866/2668/115 1865/2667/1320
f 1869/2671/1323 1870/2672/225 1868/2670/1322 1867/2669/1321
f 1871/2673/309 1872/2674/310 1870/2675/225 1869/2676/1323
f 1873/2677/119 1874/2678/311 1872/2674/310 1871/2673/309
f 1875/2679/121 1876/2680/122 1874/2678/311 1873/2677/119
f 1877/2681/313 1878/2682/314 1876/2680/122 1875/2679/121
f 1879/2683/125 1880/2684/1324 1878/2682/314 1877/2681/313
f 1881/2685/1325 1882/2686/1326 1880/2687/1324 1879/2688/125
f 1883/2689/1327 1884/2690/1328 1882/2686/1326 1881/2685/1325
f 1885/2691/102 1886/2692/103 1884/2690/1328 1883/2689/1327
f 1887/2693/1315 1888/2694/1316 1886/2692/103 1885/2691/102
f 1889/2695/128 1890/2696/1317 1888/2694/1316 1887/2693/1315
f 1891/2697/845 1892/2698/846 1890/2699/1317 1889/2700/128
f 1893/2701/108 1894/2702/109 1892/2698/846 1891/2697/845
f 1895/2703/848 1896/2704/111 1894/2702/109 1893/2701/108
f 1897/2705/1318 1898/2706/644 1896/2704/111 1895/2703/848
f 1899/2707/850 1900/2708/1329 1898/2709/644 1897/2710/1318
f 1840/2634/1295 1839/2633/1313 1900/2708/1329 1899/2707/850
f 1901/2711/671 1902/2712/142 1900/2713/1329 1839/2714/1313
f 1903/2715/131 1904/2716/88 1902/2712/142 1901/2711/671
f 1904/2716/88 1903/2715/131 1886/2717/103 1888/2718/1316
f 1903/2715/131 1905/2719/1330 1884/2720/1328 1886/2717/103
f 1905/2719/1330 1903/2715/131 1906/2721/134 1907/2722/135
f 1901/2711/671 1906/2721/134 1903/2715/131
f 1906/2721/134 1901/2711/671 1839/2714/1313 1838/2723/93
f 1907/2722/135 1906/2721/134 1838/2723/93 1842/2724/1296
f 1908/2725/1311 1907/2726/135 1842/2639/1296 1844/2638/1314
f 1909/2727/1310 1910/2728/82 1907/2722/135 1908/2729/1311
f 1910/2728/82 1909/2727/1310 1874/2730/311 1876/2731/122
f 1909/2727/1310 1911/2732/79 1872/2733/310 1874/2730/311
f 1911/2732/79 1909/2727/1310 1912/2734/138
f 1912/2734/138 1909/2727/1310 1908/2729/1311
f 1912/2735/138 1908/2725/1311 1844/2638/1314 1846/2642/101
f 1913/2736/1308 1912/2734/138 1846/2737/101 1848/2738/103
f 1914/2739/671 1915/2740/141 1912/2734/138 1913/2736/1308
f 1915/2740/141 1914/2739/671 1864/2741/647 1866/2742/115
f 1914/2739/671 1916/2743/1307 1862/2744/1319 1864/2741/647
f 1913/2736/1308 1917/2745/88 1916/2743/1307 1914/2739/671
f 1917/2745/88 1913/2736/1308 1848/2738/103 1850/2746/1316
f 1918/2747/86 1917/2745/88 1850/2746/1316 1852/2748/1317
f 1917/2745/88 1918/2747/86 1919/2749/673 1916/2743/1307
f 1918/2747/86 1920/2750/144 1921/2751/145 1919/2749/673
f 1920/2750/144 1918/2747/86 1852/2748/1317 1854/2752/846
f 1922/2753/146 1920/2750/144 1854/2752/846 1856/2754/109
f 1922/2753/146 1921/2751/145 1920/2750/144
f 1921/2751/145 1922/2753/146 1856/2754/109 1858/2755/111
f 1919/2749/673 1921/2751/145 1858/2755/111 1860/2756/644
f 1916/2743/1307 1919/2749/673 1860/2756/644 1862/2744/1319
f 1923/2757/1331 1915/2740/141 1866/2742/115 1868/2758/1322
f 1915/2740/141 1923/2757/1331 1912/2734/138
f 1923/2757/1331 1924/2759/261 1912/2734/138
f 1924/2759/261 1923/2757/1331 1868/2758/1322 1870/2760/225
f 1911/2732/79 1924/2759/261 1870/2760/225 1872/2733/310
f 1924/2759/261 1911/2732/79 1912/2734/138
f 1925/2761/84 1910/2728/82 1876/2731/122 1878/2762/314
f 1910/2728/82 1925/2761/84 1907/2722/135
f 1925/2761/84 1926/2763/85 1907/2722/135
f 1926/2763/85 1925/2761/84 1878/2762/314 1880/2764/1324
f 1927/2765/149 1926/2763/85 1880/2764/1324 1882/2766/1326
f 1926/2763/85 1927/2765/149 1907/2722/135
f 1927/2765/149 1905/2719/1330 1907/2722/135
f 1905/2719/1330 1927/2765/149 1882/2766/1326 1884/2720/1328
f 1928/2767/86 1904/2716/88 1888/2718/1316 1890/2768/1317
f 1904/2716/88 1928/2767/86 1929/2769/673 1902/2712/142
f 1928/2767/86 1930/2770/144 1931/2771/145 1929/2769/673
f 1930/2770/144 1928/2767/86 1890/2768/1317 1892/2772/846
f 1932/2773/146 1930/2770/144 1892/2772/846 1894/2774/109
f 1932/2773/146 1931/2771/145 1930/2770/144
f 1931/2771/145 1932/2773/146 1894/2774/109 1896/2775/111
f 1929/2769/673 1931/2771/145 1896/2775/111 1898/2776/644
f 1902/2712/142 1929/2769/673 1898/2776/644 1900/2713/1329
s 21
f 1933/2777/1 1934/2778/2 1935/2779/2 1936/2780/1
f 1934/2781/2 1937/2782/3 1938/2783/3 1935/2784/2
f 1937/2782/3 1939/2785/4 1940/2786/4 1938/2783/3
f 1939/2787/4 1941/2788/5 1942/2789/5 1940/2790/4
f 1941/2791/5 1943/2792/6 1944/2793/6 1942/2794/5
f 1943/2792/6 1933/2795/1 1936/2796/1 1944/2793/6
s 22
f 1945/2797/839 1946/2798/1332 1947/2799/841 1948/2800/636
f 1949/2801/842 1950/2802/638 1946/2798/1332 1945/2797/839
f 1951/2803/104 1952/2804/1333 1950/2802/638 1949/2801/842
f 1953/2805/1334 1954/2806/1335 1952/2804/1333 1951/2803/104
f 1955/2807/845 1956/2808/846 1954/2809/1335 1953/2810/1334
f 1957/2811/108 1958/2812/109 1956/2808/846 1955/2807/845
f 1959/2813/848 1960/2814/111 1958/2812/109 1957/2811/108
f 1961/2815/643 1962/2816/644 1960/2814/111 1959/2813/848
f 1963/2817/1336 1964/2818/1337 1962/2819/644 1961/2820/643
f 1965/2821/646 1966/2822/647 1964/2818/1337 1963/2817/1336
f 1967/2823/17 1968/2824/93 1966/2822/647 1965/2821/646
f 1969/2825/852 1970/2826/853 1968/2824/93 1967/2823/17
f 1971/2827/650 1972/2828/1338 1970/2826/853 1969/2825/852
f 1973/2829/652 1974/2830/855 1972/2828/1338 1971/2827/650
f 1975/2831/856 1976/2832/1339 1974/2833/855 1973/2834/652
f 1977/2835/1340 1978/2836/1341 1976/2832/1339 1975/2831/856
f 1979/2837/858 1980/2838/1342 1978/2836/1341 1977/2835/1340
f 1981/2839/660 1982/2840/1343 1980/2838/1342 1979/2837/858
f 1948/2800/636 1947/2799/841 1982/2841/1343 1981/2842/660
f 1983/2843/1344 1984/2844/1345 1982/2845/1343 1947/2846/841
f 1985/2847/864 1986/2848/1346 1984/2844/1345 1983/2843/1344
f 1986/2848/1346 1985/2847/864 1972/2849/1338 1974/2850/855
f 1985/2847/864 1987/2851/668 1970/2852/853 1972/2849/1338
f 1985/2847/864 1983/2843/1344 1987/2851/668
f 1988/2853/134 1987/2851/668 1983/2843/1344 1989/2854/1347
f 1987/2851/668 1988/2853/134 1968/2855/93 1970/2852/853
f 1988/2853/134 1990/2856/671 1966/2857/647 1968/2855/93
f 1990/2856/671 1988/2853/134 1989/2854/1347 1991/2858/1348
f 1991/2858/1348 1989/2854/1347 1946/2859/1332 1950/2860/638
f 1989/2854/1347 1983/2843/1344 1947/2846/841 1946/2859/1332
f 1992/2861/1349 1991/2858/1348 1950/2860/638 1952/2862/1333
f 1991/2858/1348 1992/2861/1349 1993/2863/142 1990/2856/671
f 1992/2861/1349 1994/2864/1350 1995/2865/673 1993/2863/142
f 1994/2864/1350 1992/2861/1349 1952/2862/1333 1954/2866/1335
f 1996/2867/144 1994/2864/1350 1954/2866/1335 1956/2868/846
f 1994/2864/1350 1996/2867/144 1997/2869/145 1995/2865/673
f 1998/2870/146 1997/2869/145 1996/2867/144
f 1997/2869/145 1998/2870/146 1958/2871/109 1960/2872/111
f 1998/2870/146 1996/2867/144 1956/2868/846 1958/2871/109
f 1995/2865/673 1997/2869/145 1960/2872/111 1962/2873/644
f 1993/2863/142 1995/2865/673 1962/2873/644 1964/2874/1337
f 1990/2856/671 1993/2863/142 1964/2874/1337 1966/2857/647
f 1999/2875/665 1986/2848/1346 1974/2850/855 1976/2876/1339
f 1986/2848/1346 1999/2875/665 2000/2877/1351 1984/2844/1345
f 2001/2878/1352 2000/2877/1351 1999/2875/665
f 2000/2877/1351 2001/2878/1352 1978/2879/1341 1980/2880/1342
f 2001/2878/1352 1999/2875/665 1976/2876/1339 1978/2879/1341
f 1984/2844/1345 2000/2877/1351 1980/2880/1342 1982/2845/1343
s 23
f 2002/2881/1353 2003/2882/1354 2004/2883/846 2005/2884/41
f 2006/2885/1355 2007/2886/1356 2003/2882/1354 2002/2881/1353
f 2008/2887/848 2009/2888/111 2007/2886/1356 2006/2885/1355
f 2010/2889/643 2011/2890/644 2009/2888/111 2008/2887/848
f 2012/2891/1336 2013/2892/851 2011/2893/644 2010/2894/643
f 2014/2895/1357 2015/2896/1358 2013/2892/851 2012/2891/1336
f 2016/2897/1359 2017/2898/1360 2015/2896/1358 2014/2895/1357
f 2018/2899/1361 2019/2900/1362 2017/2898/1360 2016/2897/1359
f 2020/2901/1363 2021/2902/1364 2019/2903/1362 2018/2904/1361
f 2022/2905/1365 2023/2906/1366 2021/2902/1364 2020/2901/1363
f 2024/2907/1367 2025/2908/1368 2023/2906/1366 2022/2905/1365
f 2026/2909/1369 2027/2910/1370 2025/2908/1368 2024/2907/1367
f 2028/2911/1371 2029/2912/1372 2027/2910/1370 2026/2909/1369
f 2030/2913/1373 2031/2914/1374 2029/2915/1372 2028/2916/1371
f 2032/2917/1375 2033/2918/1376 2031/2914/1374 2030/2913/1373
f 2034/2919/318 2035/2920/319 2033/2918/1376 2032/2917/1375
f 2036/2921/106 2037/2922/1317 2035/2920/319 2034/2919/318
f 2005/2884/41 2004/2883/846 2037/2923/1317 2036/2924/106
f 2038/2925/674 2039/2926/86 2037/2927/1317 2004/2928/846
f 2040/2929/1377 2041/2930/1378 2039/2926/86 2038/2925/674
f 2041/2930/1378 2040/2929/1377 2027/2931/1370 2029/2932/1372
f 2040/2929/1377 2042/2933/1379 2025/2934/1368 2027/2931/1370
f 2042/2933/1379 2040/2929/1377 2038/2925/674 2043/2935/1380
f 2043/2935/1380 2038/2925/674 2004/2928/846 2003/2936/1354
f 2044/2937/1381 2043/2935/1380 2003/2936/1354 2007/2938/1356
f 2045/2939/1382 2042/2933/1379 2043/2935/1380 2044/2937/1381
f 2042/2933/1379 2045/2939/1382 2023/2940/1366 2025/2934/1368
f 2045/2939/1382 2046/2941/1383 2021/2942/1364 2023/2940/1366
f 2044/2937/1381 2047/2943/145 2046/2941/1383 2045/2939/1382
f 2047/2943/145 2044/2937/1381 2007/2938/1356 2009/2944/111
f 2048/2945/673 2047/2943/145 2009/2944/111 2011/2946/644
f 2047/2943/145 2048/2945/673 2049/2947/1384 2046/2941/1383
f 2048/2945/673 2050/2948/142 2051/2949/1385 2049/2947/1384
f 2050/2948/142 2048/2945/673 2011/2946/644 2013/2950/851
f 2052/2951/1386 2050/2948/142 2013/2950/851 2015/2952/1358
f 2052/2951/1386 2051/2949/1385 2050/2948/142
f 2051/2949/1385 2052/2951/1386 2015/2952/1358 2017/2953/1360
f 2049/2947/1384 2051/2949/1385 2017/2953/1360 2019/2954/1362
f 2046/2941/1383 2049/2947/1384 2019/2954/1362 2021/2942/1364
f 2053/2955/1387 2041/2930/1378 2029/2932/1372 2031/2956/1374
f 2041/2930/1378 2053/2955/1387 2054/2957/88 2039/2926/86
f 2055/2958/1388 2054/2957/88 2053/2955/1387
f 2054/2957/88 2055/2958/1388 2033/2959/1376 2035/2960/319
f 2055/2958/1388 2053/2955/1387 2031/2956/1374 2033/2959/1376
f 2039/2926/86 2054/2957/88 2035/2960/319 2037/2927/1317
s 24
f 2056/2961/869 2057/2962/870 2058/2963/1389 2059/2964/1390
f 2060/2965/1391 2061/2966/874 2057/2962/870 2056/2961/869
f 2062/2967/1392 2063/2968/876 2061/2966/874 2060/2965/1391
f 2064/2969/1393 2065/2970/878 2063/2968/876 2062/2967/1392
f 2066/2971/1394 2067/2972/880 2065/2970/878 2064/2969/1393
f 2068/2973/1395 2069/2974/1396 2067/2972/880 2066/2971/1394
f 2070/2975/883 2071/2976/1397 2069/2974/1396 2068/2973/1395
f 2072/2977/885 2073/2978/1398 2071/2976/1397 2070/2975/883
f 2074/2979/1399 2075/2980/888 2073/2978/1398 2072/2977/885
f 2076/2981/1400 2077/2982/1401 2075/2980/888 2074/2979/1399
f 2078/2983/1402 2079/2984/892 2077/2982/1401 2076/2981/1400
f 2080/2985/1403 2081/2986/894 2079/2984/892 2078/2983/1402
f 2082/2987/895 2083/2988/896 2081/2986/894 2080/2985/1403
f 2084/2989/1404 2085/2990/898 2083/2988/896 2082/2987/895
f 2086/2991/1405 2087/2992/900 2085/2990/898 2084/2989/1404
f 2088/2993/1406 2089/2994/902 2087/2992/900 2086/2991/1405
f 2090/2995/1407 2091/2996/904 2089/2994/902 2088/2993/1406
f 2092/2997/905 2093/2998/1408 2091/2996/904 2090/2995/1407
f 2094/2999/907 2095/3000/1409 2093/2998/1408 2092/2997/905
f 2096/3001/909 2097/3002/910 2095/3000/1409 2094/2999/907
f 2098/3003/1410 2099/3004/912 2097/3002/910 2096/3001/909
f 2100/3005/1411 2101/3006/1412 2099/3004/912 2098/3003/1410
f 2102/3007/1413 2103/3008/916 2101/3006/1412 2100/3005/1411
f 2059/2964/1390 2058/2963/1389 2103/3008/916 2102/3007/1413
f 2058/2963/1389 2104/3009/1414 2105/3010/1415 2103/3008/916
f 2057/2962/870 2106/3011/1416 2104/3009/1414 2058/2963/1389
f 2061/2966/874 2107/3012/1417 2106/3011/1416 2057/2962/870
f 2063/2968/876 2108/3013/1418 2107/3012/1417 2061/2966/874
f 2065/2970/878 2109/3014/1419 2108/3013/1418 2063/2968/876
f 2067/2972/880 2110/3015/1420 2109/3014/1419 2065/2970/878
f 2069/2974/1396 2111/3016/1421 2110/3015/1420 2067/2972/880
f 2071/2976/1397 2112/3017/1422 2111/3016/1421 2069/2974/1396
f 2073/2978/1398 2113/3018/1423 2112/3017/1422 2071/2976/1397
f 2075/2980/888 2114/3019/1424 2113/3018/1423 2073/2978/1398
f 2077/2982/1401 2115/3020/1425 2114/3019/1424 2075/2980/888
f 2079/2984/892 2116/3021/1426 2115/3020/1425 2077/2982/1401
f 2081/2986/894 2117/3022/1427 2116/3021/1426 2079/2984/892
f 2083/2988/896 2118/3023/1428 2117/3022/1427 2081/2986/894
f 2085/2990/898 2119/3024/1429 2118/3023/1428 2083/2988/896
f 2087/2992/900 2120/3025/1430 2119/3024/1429 2085/2990/898
f 2089/2994/902 2121/3026/1431 2120/3025/1430 2087/2992/900
f 2091/2996/904 2122/3027/1432 2121/3026/1431 2089/2994/902
f 2093/2998/1408 2123/3028/1433 2122/3027/1432 2091/2996/904
f 2095/3000/1409 2124/3029/1434 2123/3028/1433 2093/2998/1408
f 2097/3002/910 2125/3030/1435 2124/3029/1434 2095/3000/1409
f 2099/3004/912 2126/3031/1436 2125/3030/1435 2097/3002/910
f 2101/3006/1412 2127/3032/1437 2126/3031/1436 2099/3004/912
f 2103/3008/916 2105/3010/1415 2127/3032/1437 2101/3006/1412
f 2105/3010/1415 2128/3033/5 2129/3034/5 2127/3032/1437
f 2104/3009/1414 2130/3035/5 2128/3033/5 2105/3010/1415
f 2106/3011/1416 2131/3036/5 2130/3035/5 2104/3009/1414
f 2107/3012/1417 2132/3037/5 2131/3036/5 2106/3011/1416
f 2108/3013/1418 2133/3038/5 2132/3037/5 2107/3012/1417
f 2109/3014/1419 2134/3039/5 2133/3038/5 2108/3013/1418
f 2110/3015/1420 2135/3040/5 2134/3039/5 2109/3014/1419
f 2111/3016/1421 2136/3041/5 2135/3040/5 2110/3015/1420
f 2112/3017/1422 2137/3042/5 2136/3041/5 2111/3016/1421
f 2113/3018/1423 2138/3043/5 2137/3042/5 2112/3017/1422
f 2114/3019/1424 2139/3044/5 2138/3043/5 2113/3018/1423
f 2115/3020/1425 2140/3045/5 2139/3044/5 2114/3019/1424
f 2116/3021/1426 2141/3046/5 2140/3045/5 2115/3020/1425
f 2117/3022/1427 2142/3047/5 2141/3046/5 2116/3021/1426
f 2118/3023/1428 2143/3048/5 2142/3047/5 2117/3022/1427
f 2119/3024/1429 2144/3049/5 2143/3048/5 2118/3023/1428
f 2120/3025/1430 2145/3050/5 2144/3049/5 2119/3024/1429
f 2121/3026/1431 2146/3051/5 2145/3050/5 2120/3025/1430
f 2122/3027/1432 2147/3052/5 2146/3051/5 2121/3026/1431
f 2123/3028/1433 2148/3053/5 2147/3052/5 2122/3027/1432
f 2124/3029/1434 2149/3054/5 2148/3053/5 2123/3028/1433
f 2125/3030/1435 2150/3055/5 2149/3054/5 2124/3029/1434
f 2126/3031/1436 2151/3056/5 2150/3055/5 2125/3030/1435
f 2127/3032/1437 2129/3034/5 2151/3056/5 2126/3031/1436
f 2129/3034/5 2152/3057/1438 2153/3058/1424 2151/3056/5
f 2128/3033/5 2154/3059/1426 2152/3057/1438 2129/3034/5
f 2130/3035/5 2155/3060/1439 2154/3059/1426 2128/3033/5
f 2131/3036/5 2156/3061/1428 2155/3060/1439 2130/3035/5
f 2132/3037/5 2157/3062/1440 2156/3061/1428 2131/3036/5
f 2133/3038/5 2158/3063/1430 2157/3062/1440 2132/3037/5
f 2134/3039/5 2159/3064/1441 2158/3063/1430 2133/3038/5
f 2135/3040/5 2160/3065/1432 2159/3064/1441 2134/3039/5
f 2136/3041/5 2161/3066/1433 2160/3065/1432 2135/3040/5
f 2137/3042/5 2162/3067/1434 2161/3066/1433 2136/3041/5
f 2138/3043/5 2163/3068/1442 2162/3067/1434 2137/3042/5
f 2139/3044/5 2164/3069/1436 2163/3068/1442 2138/3043/5
f 2140/3045/5 2165/3070/1443 2164/3069/1436 2139/3044/5
f 2141/3046/5 2166/3071/1415 2165/3070/1443 2140/3045/5
f 2142/3047/5 2167/3072/1444 2166/3071/1415 2141/3046/5
f 2143/3048/5 2168/3073/1416 2167/3072/1444 2142/3047/5
f 2144/3049/5 2169/3074/1445 2168/3073/1416 2143/3048/5
f 2145/3050/5 2170/3075/1418 2169/3074/1445 2144/3049/5
f 2146/3051/5 2171/3076/1446 2170/3075/1418 2145/3050/5
f 2147/3052/5 2172/3077/1420 2171/3076/1446 2146/3051/5
f 2148/3053/5 2173/3078/1421 2172/3077/1420 2147/3052/5
f 2149/3054/5 2174/3079/1422 2173/3078/1421 2148/3053/5
f 2150/3055/5 2175/3080/1447 2174/3079/1422 2149/3054/5
f 2151/3056/5 2153/3058/1424 2175/3080/1447 2150/3055/5
f 2153/3058/1424 2176/3081/888 2177/3082/1398 2175/3080/1447
f 2152/3057/1438 2178/3083/890 2176/3081/888 2153/3058/1424
f 2154/3059/1426 2179/3084/892 2178/3083/890 2152/3057/1438
f 2155/3060/1439 2180/3085/894 2179/3084/892 2154/3059/1426
f 2156/3061/1428 2181/3086/954 2180/3085/894 2155/3060/1439
f 2157/3062/1440 2182/3087/898 2181/3086/954 2156/3061/1428
f 2158/3063/1430 2183/3088/900 2182/3087/898 2157/3062/1440
f 2159/3064/1441 2184/3089/902 2183/3088/900 2158/3063/1430
f 2160/3065/1432 2185/3090/904 2184/3089/902 2159/3064/1441
f 2161/3066/1433 2186/3091/1408 2185/3090/904 2160/3065/1432
f 2162/3067/1434 2187/3092/1409 2186/3091/1408 2161/3066/1433
f 2163/3068/1442 2188/3093/910 2187/3092/1409 2162/3067/1434
f 2164/3069/1436 2189/3094/912 2188/3093/910 2163/3068/1442
f 2165/3070/1443 2190/3095/914 2189/3094/912 2164/3069/1436
f 2166/3071/1415 2191/3096/916 2190/3095/914 2165/3070/1443
f 2167/3072/1444 2192/3097/1389 2191/3096/916 2166/3071/1415
f 2168/3073/1416 2193/3098/962 2192/3097/1389 2167/3072/1444
f 2169/3074/1445 2194/3099/874 2193/3098/962 2168/3073/1416
f 2170/3075/1418 2195/3100/876 2194/3099/874 2169/3074/1445
f 2171/3076/1446 2196/3101/878 2195/3100/876 2170/3075/1418
f 2172/3077/1420 2197/3102/880 2196/3101/878 2171/3076/1446
f 2173/3078/1421 2198/3103/1396 2197/3102/880 2172/3077/1420
f 2174/3079/1422 2199/3104/1397 2198/3103/1396 2173/3078/1421
f 2175/3080/1447 2177/3082/1398 2199/3104/1397 2174/3079/1422
f 2177/3082/1398 2200/3105/885 2201/3106/883 2199/3104/1397
f 2176/3081/888 2202/3107/1448 2200/3105/885 2177/3082/1398
f 2178/3083/890 2203/3108/1400 2202/3107/1448 2176/3081/888
f 2179/3084/892 2204/3109/1449 2203/3108/1400 2178/3083/890
f 2180/3085/894 2205/3110/1403 2204/3109/1449 2179/3084/892
f 2181/3086/954 2206/3111/1450 2205/3110/1403 2180/3085/894
f 2182/3087/898 2207/3112/1404 2206/3111/1450 2181/3086/954
f 2183/3088/900 2208/3113/1451 2207/3112/1404 2182/3087/898
f 2184/3089/902 2209/3114/1406 2208/3113/1451 2183/3088/900
f 2185/3090/904 2210/3115/1452 2209/3114/1406 2184/3089/902
f 2186/3091/1408 2211/3116/905 2210/3115/1452 2185/3090/904
f 2187/3092/1409 2212/3117/907 2211/3116/905 2186/3091/1408
f 2188/3093/910 2213/3118/909 2212/3117/907 2187/3092/1409
f 2189/3094/912 2214/3119/1453 2213/3118/909 2188/3093/910
f 2190/3095/914 2215/3120/1411 2214/3119/1453 2189/3094/912
f 2191/3096/916 2216/3121/1454 2215/3120/1411 2190/3095/914
f 2192/3097/1389 2217/3122/1390 2216/3121/1454 2191/3096/916
f 2193/3098/962 2218/3123/1455 2217/3122/1390 2192/3097/1389
f 2194/3099/874 2219/3124/1391 2218/3123/1455 2193/3098/962
f 2195/3100/876 2220/3125/1456 2219/3124/1391 2194/3099/874
f 2196/3101/878 2221/3126/1393 2220/3125/1456 2195/3100/876
f 2197/3102/880 2222/3127/1457 2221/3126/1393 2196/3101/878
f 2198/3103/1396 2223/3128/1395 2222/3127/1457 2197/3102/880
f 2199/3104/1397 2201/3106/883 2223/3128/1395 2198/3103/1396
f 2201/3129/883 2224/3130/1458 2225/3131/1459 2223/3132/1395
f 2200/3133/885 2226/3134/1460 2224/3130/1458 2201/3129/883
f 2202/3135/1448 2227/3136/1234 2226/3134/1460 2200/3133/885
f 2203/3137/1400 2228/3138/1461 2227/3136/1234 2202/3135/1448
f 2204/3139/1449 2229/3140/1462 2228/3141/1461 2203/3142/1400
f 2205/3143/1403 2230/3144/1463 2229/3140/1462 2204/3139/1449
f 2206/3145/1450 2231/3146/1464 2230/3144/1463 2205/3143/1403
f 2207/3147/1404 2232/3148/1465 2231/3146/1464 2206/3145/1450
f 2208/3149/1451 2233/3150/1466 2232/3148/1465 2207/3147/1404
f 2209/3151/1406 2234/3152/1467 2233/3150/1466 2208/3149/1451
f 2210/3153/1452 2235/3154/1237 2234/3155/1467 2209/3156/1406
f 2211/3157/905 2236/3158/1468 2235/3154/1237 2210/3153/1452
f 2212/3159/907 2237/3160/1469 2236/3158/1468 2211/3157/905
f 2213/3161/909 2238/3162/1470 2237/3160/1469 2212/3159/907
f 2214/3163/1453 2239/3164/1238 2238/3162/1470 2213/3161/909
f 2215/3165/1411 2240/3166/1471 2239/3164/1238 2214/3163/1453
f 2216/3167/1454 2241/3168/1472 2240/3169/1471 2215/3170/1411
f 2217/3171/1390 2242/3172/1473 2241/3168/1472 2216/3167/1454
f 2218/3173/1455 2243/3174/1474 2242/3172/1473 2217/3171/1390
f 2219/3175/1391 2244/3176/1475 2243/3174/1474 2218/3173/1455
f 2220/3177/1456 2245/3178/1476 2244/3176/1475 2219/3175/1391
f 2221/3179/1393 2246/3180/1477 2245/3178/1476 2220/3177/1456
f 2222/3181/1457 2247/3182/1233 2246/3183/1477 2221/3184/1393
f 2223/3132/1395 2225/3131/1459 2247/3182/1233 2222/3181/1457
f 2225/3131/1459 2248/3185/999 2249/3186/1000 2247/3182/1233
f 2224/3130/1458 2250/3187/1224 2248/3185/999 2225/3131/1459
f 2226/3134/1460 2251/3188/1478 2250/3187/1224 2224/3130/1458
f 2227/3136/1234 2252/3189/1479 2251/3188/1478 2226/3134/1460
f 2228/3138/1461 2253/3190/1480 2252/3189/1479 2227/3136/1234
f 2229/3140/1462 2254/3191/1481 2253/3192/1480 2228/3141/1461
f 2230/3144/1463 2255/3193/1006 2254/3191/1481 2229/3140/1462
f 2231/3146/1464 2256/3194/1482 2255/3193/1006 2230/3144/1463
f 2232/3148/1465 2257/3195/1008 2256/3194/1482 2231/3146/1464
f 2233/3150/1466 2258/3196/1009 2257/3195/1008 2232/3148/1465
f 2234/3152/1467 2259/3197/1010 2258/3196/1009 2233/3150/1466
f 2235/3154/1237 2260/3198/1483 2259/3199/1010 2234/3155/1467
f 2236/3158/1468 2261/3200/1012 2260/3198/1483 2235/3154/1237
f 2237/3160/1469 2262/3201/1229 2261/3200/1012 2236/3158/1468
f 2238/3162/1470 2263/3202/1484 2262/3201/1229 2237/3160/1469
f 2239/3164/1238 2264/3203/1015 2263/3202/1484 2238/3162/1470
f 2240/3166/1471 2265/3204/1485 2264/3203/1015 2239/3164/1238
f 2241/3168/1472 2266/3205/1486 2265/3206/1485 2240/3169/1471
f 2242/3172/1473 2267/3207/1018 2266/3205/1486 2241/3168/1472
f 2243/3174/1474 2268/3208/1487 2267/3207/1018 2242/3172/1473
f 2244/3176/1475 2269/3209/1020 2268/3208/1487 2243/3174/1474
f 2245/3178/1476 2270/3210/1021 2269/3209/1020 2244/3176/1475
f 2246/3180/1477 2271/3211/1022 2270/3210/1021 2245/3178/1476
f 2247/3182/1233 2249/3186/1000 2271/3212/1022 2246/3183/1477
f 2249/3186/1000 2272/3213/1023 2273/3214/116 2271/3212/1022
f 2248/3185/999 2274/3215/1024 2272/3213/1023 2249/3186/1000
f 2250/3187/1224 2275/3216/17 2274/3215/1024 2248/3185/999
f 2251/3188/1478 2276/3217/1025 2275/3216/17 2250/3187/1224
f 2252/3189/1479 2277/3218/1026 2276/3217/1025 2251/3188/1478
f 2253/3190/1480 2278/3219/643 2277/3218/1026 2252/3189/1479
f 2254/3191/1481 2279/3220/1027 2278/3221/643 2253/3192/1480
f 2255/3193/1006 2280/3222/1028 2279/3220/1027 2254/3191/1481
f 2256/3194/1482 2281/3223/108 2280/3222/1028 2255/3193/1006
f 2257/3195/1008 2282/3224/1029 2281/3223/108 2256/3194/1482
f 2258/3196/1009 2283/3225/1030 2282/3224/1029 2257/3195/1008
f 2259/3197/1010 2284/3226/39 2283/3225/1030 2258/3196/1009
f 2260/3198/1483 2285/3227/1031 2284/3228/39 2259/3199/1010
f 2261/3200/1012 2286/3229/1032 2285/3227/1031 2260/3198/1483
f 2262/3201/1229 2287/3230/35 2286/3229/1032 2261/3200/1012
f 2263/3202/1484 2288/3231/1033 2287/3230/35 2262/3201/1229
f 2264/3203/1015 2289/3232/1034 2288/3231/1033 2263/3202/1484
f 2265/3204/1485 2290/3233/125 2289/3232/1034 2264/3203/1015
f 2266/3205/1486 2291/3234/1035 2290/3235/125 2265/3206/1485
f 2267/3207/1018 2292/3236/1036 2291/3234/1035 2266/3205/1486
f 2268/3208/1487 2293/3237/437 2292/3236/1036 2267/3207/1018
f 2269/3209/1020 2294/3238/1037 2293/3237/437 2268/3208/1487
f 2270/3210/1021 2295/3239/1038 2294/3238/1037 2269/3209/1020
f 2271/3211/1022 2273/3240/116 2295/3239/1038 2270/3210/1021
f 2273/3240/116 2296/3241/1039 2297/3242/1040 2295/3239/1038
f 2272/3213/1023 2298/3243/1488 2296/3244/1039 2273/3214/116
f 2274/3215/1024 2299/3245/1042 2298/3243/1488 2272/3213/1023
f 2275/3216/17 2300/3246/1201 2299/3245/1042 2274/3215/1024
f 2276/3217/1025 2301/3247/1044 2300/3246/1201 2275/3216/17
f 2277/3218/1026 2302/3248/1045 2301/3247/1044 2276/3217/1025
f 2278/3219/643 2303/3249/1489 2302/3248/1045 2277/3218/1026
f 2279/3220/1027 2304/3250/1490 2303/3251/1489 2278/3221/643
f 2280/3222/1028 2305/3252/1048 2304/3250/1490 2279/3220/1027
f 2281/3223/108 2306/3253/1203 2305/3252/1048 2280/3222/1028
f 2282/3224/1029 2307/3254/1050 2306/3253/1203 2281/3223/108
f 2283/3225/1030 2308/3255/1051 2307/3254/1050 2282/3224/1029
f 2284/3226/39 2309/3256/1052 2308/3255/1051 2283/3225/1030
f 2285/3227/1031 2310/3257/1053 2309/3258/1052 2284/3228/39
f 2286/3229/1032 2311/3259/1054 2310/3257/1053 2285/3227/1031
f 2287/3230/35 2312/3260/1208 2311/3259/1054 2286/3229/1032
f 2288/3231/1033 2313/3261/1491 2312/3260/1208 2287/3230/35
f 2289/3232/1034 2314/3262/1492 2313/3261/1491 2288/3231/1033
f 2290/3233/125 2315/3263/1493 2314/3262/1492 2289/3232/1034
f 2291/3234/1035 2316/3264/1494 2315/3265/1493 2290/3235/125
f 2292/3236/1036 2317/3266/1060 2316/3264/1494 2291/3234/1035
f 2293/3237/437 2318/3267/1210 2317/3266/1060 2292/3236/1036
f 2294/3238/1037 2319/3268/1062 2318/3267/1210 2293/3237/437
f 2295/3239/1038 2297/3242/1040 2319/3268/1062 2294/3238/1037
f 2297/3242/1040 2320/3269/1495 2321/3270/1496 2319/3268/1062
f 2296/3241/1039 2322/3271/1497 2320/3269/1495 2297/3242/1040
f 2298/3243/1488 2323/3272/1199 2322/3273/1497 2296/3244/1039
f 2299/3245/1042 2324/3274/1498 2323/3272/1199 2298/3243/1488
f 2300/3246/1201 2325/3275/1499 2324/3274/1498 2299/3245/1042
f 2301/3247/1044 2326/3276/1500 2325/3275/1499 2300/3246/1201
f 2302/3248/1045 2327/3277/1070 2326/3276/1500 2301/3247/1044
f 2303/3249/1489 2328/3278/1501 2327/3277/1070 2302/3248/1045
f 2304/3250/1490 2329/3279/1502 2328/3280/1501 2303/3251/1489
f 2305/3252/1048 2330/3281/1503 2329/3279/1502 2304/3250/1490
f 2306/3253/1203 2331/3282/1504 2330/3281/1503 2305/3252/1048
f 2307/3254/1050 2332/3283/1505 2331/3282/1504 2306/3253/1203
f 2308/3255/1051 2333/3284/1506 2332/3283/1505 2307/3254/1050
f 2309/3256/1052 2334/3285/1507 2333/3284/1506 2308/3255/1051
f 2310/3257/1053 2335/3286/1197 2334/3287/1507 2309/3258/1052
f 2311/3259/1054 2336/3288/1508 2335/3286/1197 2310/3257/1053
f 2312/3260/1208 2337/3289/1509 2336/3288/1508 2311/3259/1054
f 2313/3261/1491 2338/3290/1510 2337/3289/1509 2312/3260/1208
f 2314/3262/1492 2339/3291/1082 2338/3290/1510 2313/3261/1491
f 2315/3263/1493 2340/3292/1511 2339/3291/1082 2314/3262/1492
f 2316/3264/1494 2341/3293/1512 2340/3294/1511 2315/3265/1493
f 2317/3266/1060 2342/3295/1513 2341/3293/1512 2316/3264/1494
f 2318/3267/1210 2343/3296/1514 2342/3295/1513 2317/3266/1060
f 2319/3268/1062 2321/3270/1496 2343/3296/1514 2318/3267/1210
f 2321/3270/1496 2344/3297/1515 2345/3298/1516 2343/3296/1514
f 2320/3269/1495 2346/3299/1517 2344/3297/1515 2321/3270/1496
f 2322/3271/1497 2347/3300/1518 2346/3299/1517 2320/3269/1495
f 2323/3272/1199 2348/3301/1519 2347/3302/1518 2322/3273/1497
f 2324/3274/1498 2349/3303/1092 2348/3301/1519 2323/3272/1199
f 2325/3275/1499 2350/3304/1093 2349/3303/1092 2324/3274/1498
f 2326/3276/1500 2351/3305/1094 2350/3304/1093 2325/3275/1499
f 2327/3277/1070 2352/3306/1520 2351/3305/1094 2326/3276/1500
f 2328/3278/1501 2353/3307/1521 2352/3306/1520 2327/3277/1070
f 2329/3279/1502 2354/3308/1522 2353/3309/1521 2328/3280/1501
f 2330/3281/1503 2355/3310/1523 2354/3308/1522 2329/3279/1502
f 2331/3282/1504 2356/3311/1524 2355/3310/1523 2330/3281/1503
f 2332/3283/1505 2357/3312/1525 2356/3311/1524 2331/3282/1504
f 2333/3284/1506 2358/3313/1526 2357/3312/1525 2332/3283/1505
f 2334/3285/1507 2359/3314/1527 2358/3313/1526 2333/3284/1506
f 2335/3286/1197 2360/3315/1528 2359/3316/1527 2334/3287/1507
f 2336/3288/1508 2361/3317/1529 2360/3315/1528 2335/3286/1197
f 2337/3289/1509 2362/3318/1105 2361/3317/1529 2336/3288/1508
f 2338/3290/1510 2363/3319/1190 2362/3318/1105 2337/3289/1509
f 2339/3291/1082 2364/3320/1530 2363/3319/1190 2338/3290/1510
f 2340/3292/1511 2365/3321/1531 2364/3320/1530 2339/3291/1082
f 2341/3293/1512 2366/3322/1532 2365/3323/1531 2340/3294/1511
f 2342/3295/1513 2367/3324/1533 2366/3322/1532 2341/3293/1512
f 2343/3296/1514 2345/3298/1516 2367/3324/1533 2342/3295/1513
f 2345/3325/1516 2368/3326/1111 2369/3327/1180 2367/3328/1533
f 2344/3329/1515 2370/3330/1182 2368/3326/1111 2345/3325/1516
f 2346/3331/1517 2371/3332/1114 2370/3330/1182 2344/3329/1515
f 2347/3333/1518 2372/3334/1115 2371/3332/1114 2346/3331/1517
f 2348/3335/1519 2373/3336/1116 2372/3334/1115 2347/3333/1518
f 2349/3337/1092 2374/3338/1534 2373/3336/1116 2348/3335/1519
f 2350/3339/1093 2375/3340/1535 2374/3338/1534 2349/3337/1092
f 2351/3341/1094 2376/3342/1171 2375/3340/1535 2350/3339/1093
f 2352/3343/1520 2377/3344/1120 2376/3342/1171 2351/3341/1094
f 2353/3345/1521 2378/3346/1121 2377/3344/1120 2352/3343/1520
f 2354/3347/1522 2379/3348/1172 2378/3346/1121 2353/3345/1521
f 2355/3349/1523 2380/3350/1173 2379/3348/1172 2354/3347/1522
f 2356/3351/1524 2381/3352/1124 2380/3350/1173 2355/3349/1523
f 2357/3353/1525 2382/3354/1175 2381/3352/1124 2356/3351/1524
f 2358/3355/1526 2383/3356/1126 2382/3354/1175 2357/3353/1525
f 2359/3357/1527 2384/3358/1127 2383/3356/1126 2358/3355/1526
f 2360/3359/1528 2385/3360/1128 2384/3358/1127 2359/3357/1527
f 2361/3361/1529 2386/3362/1536 2385/3360/1128 2360/3359/1528
f 2362/3363/1105 2387/3364/1537 2386/3362/1536 2361/3361/1529
f 2363/3365/1190 2388/3366/1538 2387/3364/1537 2362/3363/1105
f 2364/3367/1530 2389/3368/1132 2388/3366/1538 2363/3365/1190
f 2365/3369/1531 2390/3370/1133 2389/3368/1132 2364/3367/1530
f 2366/3371/1532 2391/3372/1179 2390/3370/1133 2365/3369/1531
f 2367/3328/1533 2369/3327/1180 2391/3372/1179 2366/3371/1532
f 2369/3327/1180 2392/3373/1539 2393/3374/1540 2391/3372/1179
f 2368/3326/1111 2394/3375/1541 2392/3373/1539 2369/3327/1180
f 2370/3330/1182 2395/3376/1542 2394/3375/1541 2368/3326/1111
f 2371/3332/1114 2396/3377/1543 2395/3376/1542 2370/3330/1182
f 2372/3334/1115 2397/3378/1140 2396/3377/1543 2371/3332/1114
f 2373/3336/1116 2398/3379/1544 2397/3378/1140 2372/3334/1115
f 2374/3338/1534 2399/3380/1545 2398/3379/1544 2373/3336/1116
f 2375/3340/1535 2400/3381/1546 2399/3380/1545 2374/3338/1534
f 2376/3342/1171 2401/3382/1547 2400/3381/1546 2375/3340/1535
f 2377/3344/1120 2402/3383/1548 2401/3382/1547 2376/3342/1171
f 2378/3346/1121 2403/3384/1549 2402/3383/1548 2377/3344/1120
f 2379/3348/1172 2404/3385/1550 2403/3384/1549 2378/3346/1121
f 2380/3350/1173 2405/3386/1551 2404/3385/1550 2379/3348/1172
f 2381/3352/1124 2406/3387/1552 2405/3386/1551 2380/3350/1173
f 2382/3354/1175 2407/3388/1553 2406/3387/1552 2381/3352/1124
f 2383/3356/1126 2408/3389/1554 2407/3388/1553 2382/3354/1175
f 2384/3358/1127 2409/3390/1152 2408/3389/1554 2383/3356/1126
f 2385/3360/1128 2410/3391/1555 2409/3390/1152 2384/3358/1127
f 2386/3362/1536 2411/3392/1556 2410/3391/1555 2385/3360/1128
f 2387/3364/1537 2412/3393/1557 2411/3392/1556 2386/3362/1536
f 2388/3366/1538 2413/3394/1558 2412/3393/1557 2387/3364/1537
f 2389/3368/1132 2414/3395/1559 2413/3394/1558 2388/3366/1538
f 2390/3370/1133 2415/3396/1560 2414/3395/1559 2389/3368/1132
f 2391/3372/1179 2393/3374/1540 2415/3396/1560 2390/3370/1133
f 2393/3374/1540 2416/3397/2 2417/3398/2 2415/3396/1560
f 2392/3373/1539 2418/3399/2 2416/3397/2 2393/3374/1540
f 2394/3375/1541 2419/3400/2 2418/3399/2 2392/3373/1539
f 2395/3376/1542 2420/3401/2 2419/3400/2 2394/3375/1541
f 2396/3377/1543 2421/3402/2 2420/3401/2 2395/3376/1542
f 2397/3378/1140 2422/3403/2 2421/3402/2 2396/3377/1543
f 2398/3379/1544 2423/3404/2 2422/3403/2 2397/3378/1140
f 2399/3380/1545 2424/3405/2 2423/3404/2 2398/3379/1544
f 2400/3381/1546 2425/3406/2 2424/3405/2 2399/3380/1545
f 2401/3382/1547 2426/3407/2 2425/3406/2 2400/3381/1546
f 2402/3383/1548 2427/3408/2 2426/3407/2 2401/3382/1547
f 2403/3384/1549 2428/3409/2 2427/3408/2 2402/3383/1548
f 2404/3385/1550 2429/3410/2 2428/3409/2 2403/3384/1549
f 2405/3386/1551 2430/3411/2 2429/3410/2 2404/3385/1550
f 2406/3387/1552 2431/3412/2 2430/3411/2 2405/3386/1551
f 2407/3388/1553 2432/3413/2 2431/3412/2 2406/3387/1552
f 2408/3389/1554 2433/3414/2 2432/3413/2 2407/3388/1553
f 2409/3390/1152 2434/3415/2 2433/3414/2 2408/3389/1554
f 2410/3391/1555 2435/3416/2 2434/3415/2 2409/3390/1152
f 2411/3392/1556 2436/3417/2 2435/3416/2 2410/3391/1555
f 2412/3393/1557 2437/3418/2 2436/3417/2 2411/3392/1556
f 2413/3394/1558 2438/3419/2 2437/3418/2 2412/3393/1557
f 2414/3395/1559 2439/3420/2 2438/3419/2 2413/3394/1558
f 2415/3396/1560 2417/3398/2 2439/3420/2 2414/3395/1559
f 2417/3398/2 2440/3421/1561 2441/3422/1548 2439/3420/2
f 2416/3397/2 2442/3423/1550 2440/3421/1561 2417/3398/2
f 2418/3399/2 2443/3424/1562 2442/3423/1550 2416/3397/2
f 2419/3400/2 2444/3425/1552 2443/3424/1562 2418/3399/2
f 2420/3401/2 2445/3426/1553 2444/3425/1552 2419/3400/2
f 2421/3402/2 2446/3427/1554 2445/3426/1553 2420/3401/2
f 2422/3403/2 2447/3428/1563 2446/3427/1554 2421/3402/2
f 2423/3404/2 2448/3429/1555 2447/3428/1563 2422/3403/2
f 2424/3405/2 2449/3430/1556 2448/3429/1555 2423/3404/2
f 2425/3406/2 2450/3431/1557 2449/3430/1556 2424/3405/2
f 2426/3407/2 2451/3432/1564 2450/3431/1557 2425/3406/2
f 2427/3408/2 2452/3433/1559 2451/3432/1564 2426/3407/2
f 2428/3409/2 2453/3434/1565 2452/3433/1559 2427/3408/2
f 2429/3410/2 2454/3435/1540 2453/3434/1565 2428/3409/2
f 2430/3411/2 2455/3436/1566 2454/3435/1540 2429/3410/2
f 2431/3412/2 2456/3437/1541 2455/3436/1566 2430/3411/2
f 2432/3413/2 2457/3438/1542 2456/3437/1541 2431/3412/2
f 2433/3414/2 2458/3439/1543 2457/3438/1542 2432/3413/2
f 2434/3415/2 2459/3440/1567 2458/3439/1543 2433/3414/2
f 2435/3416/2 2460/3441/1544 2459/3440/1567 2434/3415/2
f 2436/3417/2 2461/3442/1545 2460/3441/1544 2435/3416/2
f 2437/3418/2 2462/3443/1546 2461/3442/1545 2436/3417/2
f 2438/3419/2 2463/3444/1568 2462/3443/1546 2437/3418/2
f 2439/3420/2 2441/3422/1548 2463/3444/1568 2438/3419/2
f 2441/3422/1548 2464/3445/1120 2465/3446/1171 2463/3444/1568
f 2440/3421/1561 2466/3447/1569 2464/3445/1120 2441/3422/1548
f 2442/3423/1550 2467/3448/1172 2466/3447/1569 2440/3421/1561
f 2443/3424/1562 2468/3449/1173 2467/3448/1172 2442/3423/1550
f 2444/3425/1552 2469/3450/1174 2468/3449/1173 2443/3424/1562
f 2445/3426/1553 2470/3451/1175 2469/3450/1174 2444/3425/1552
f 2446/3427/1554 2471/3452/1126 2470/3451/1175 2445/3426/1553
f 2447/3428/1563 2472/3453/1176 2471/3452/1126 2446/3427/1554
f 2448/3429/1555 2473/3454/1128 2472/3453/1176 2447/3428/1563
f 2449/3430/1556 2474/3455/1536 2473/3454/1128 2448/3429/1555
f 2450/3431/1557 2475/3456/1537 2474/3455/1536 2449/3430/1556
f 2451/3432/1564 2476/3457/1538 2475/3456/1537 2450/3431/1557
f 2452/3433/1559 2477/3458/1132 2476/3457/1538 2451/3432/1564
f 2453/3434/1565 2478/3459/1570 2477/3458/1132 2452/3433/1559
f 2454/3435/1540 2479/3460/1179 2478/3459/1570 2453/3434/1565
f 2455/3436/1566 2480/3461/1180 2479/3460/1179 2454/3435/1540
f 2456/3437/1541 2481/3462/1181 2480/3461/1180 2455/3436/1566
f 2457/3438/1542 2482/3463/1182 2481/3462/1181 2456/3437/1541
f 2458/3439/1543 2483/3464/1114 2482/3463/1182 2457/3438/1542
f 2459/3440/1567 2484/3465/1183 2483/3464/1114 2458/3439/1543
f 2460/3441/1544 2485/3466/1116 2484/3465/1183 2459/3440/1567
f 2461/3442/1545 2486/3467/1534 2485/3466/1116 2460/3441/1544
f 2462/3443/1546 2487/3468/1535 2486/3467/1534 2461/3442/1545
f 2463/3444/1568 2465/3446/1171 2487/3468/1535 2462/3443/1546
f 2465/3446/1171 2488/3469/1094 2489/3470/1093 2487/3468/1535
f 2464/3445/1120 2490/3471/1571 2488/3469/1094 2465/3446/1171
f 2466/3447/1569 2491/3472/1521 2490/3471/1571 2464/3445/1120
f 2467/3448/1172 2492/3473/1572 2491/3472/1521 2466/3447/1569
f 2468/3449/1173 2493/3474/1523 2492/3473/1572 2467/3448/1172
f 2469/3450/1174 2494/3475/1187 2493/3474/1523 2468/3449/1173
f 2470/3451/1175 2495/3476/1525 2494/3475/1187 2469/3450/1174
f 2471/3452/1126 2496/3477/1573 2495/3476/1525 2470/3451/1175
f 2472/3453/1176 2497/3478/1527 2496/3477/1573 2471/3452/1126
f 2473/3454/1128 2498/3479/1574 2497/3478/1527 2472/3453/1176
f 2474/3455/1536 2499/3480/1529 2498/3479/1574 2473/3454/1128
f 2475/3456/1537 2500/3481/1105 2499/3480/1529 2474/3455/1536
f 2476/3457/1538 2501/3482/1190 2500/3481/1105 2475/3456/1537
f 2477/3458/1132 2502/3483/1575 2501/3482/1190 2476/3457/1538
f 2478/3459/1570 2503/3484/1531 2502/3483/1575 2477/3458/1132
f 2479/3460/1179 2504/3485/1576 2503/3484/1531 2478/3459/1570
f 2480/3461/1180 2505/3486/1533 2504/3485/1576 2479/3460/1179
f 2481/3462/1181 2506/3487/1193 2505/3486/1533 2480/3461/1180
f 2482/3463/1182 2507/3488/1515 2506/3487/1193 2481/3462/1181
f 2483/3464/1114 2508/3489/1577 2507/3488/1515 2482/3463/1182
f 2484/3465/1183 2509/3490/1518 2508/3489/1577 2483/3464/1114
f 2485/3466/1116 2510/3491/1578 2509/3490/1518 2484/3465/1183
f 2486/3467/1534 2511/3492/1092 2510/3491/1578 2485/3466/1116
f 2487/3468/1535 2489/3470/1093 2511/3492/1092 2486/3467/1534
f 2489/3493/1093 2512/3494/1499 2513/3495/1498 2511/3496/1092
f 2488/3497/1094 2514/3498/1500 2512/3494/1499 2489/3493/1093
f 2490/3499/1571 2515/3500/1070 2514/3498/1500 2488/3497/1094
f 2491/3501/1521 2516/3502/1579 2515/3500/1070 2490/3499/1571
f 2492/3503/1572 2517/3504/1580 2516/3505/1579 2491/3506/1521
f 2493/3507/1523 2518/3508/1503 2517/3504/1580 2492/3503/1572
f 2494/3509/1187 2519/3510/1074 2518/3508/1503 2493/3507/1523
f 2495/3511/1525 2520/3512/1581 2519/3510/1074 2494/3509/1187
f 2496/3513/1573 2521/3514/1196 2520/3512/1581 2495/3511/1525
f 2497/3515/1527 2522/3516/1507 2521/3514/1196 2496/3513/1573
f 2498/3517/1574 2523/3518/1078 2522/3519/1507 2497/3520/1527
f 2499/3521/1529 2524/3522/1508 2523/3518/1078 2498/3517/1574
f 2500/3523/1105 2525/3524/1509 2524/3522/1508 2499/3521/1529
f 2501/3525/1190 2526/3526/1582 2525/3524/1509 2500/3523/1105
f 2502/3527/1575 2527/3528/1082 2526/3526/1582 2501/3525/1190
f 2503/3529/1531 2528/3530/1511 2527/3528/1082 2502/3527/1575
f 2504/3531/1576 2529/3532/1583 2528/3533/1511 2503/3534/1531
f 2505/3535/1533 2530/3536/1513 2529/3532/1583 2504/3531/1576
f 2506/3537/1193 2531/3538/1086 2530/3536/1513 2505/3535/1533
f 2507/3539/1515 2532/3540/1496 2531/3538/1086 2506/3537/1193
f 2508/3541/1577 2533/3542/1198 2532/3540/1496 2507/3539/1515
f 2509/3543/1518 2534/3544/1497 2533/3542/1198 2508/3541/1577
f 2510/3545/1578 2535/3546/1199 2534/3547/1497 2509/3548/1518
f 2511/3496/1092 2513/3495/1498 2535/3546/1199 2510/3545/1578
f 2513/3495/1498 2536/3549/1042 2537/3550/1041 2535/3546/1199
f 2512/3494/1499 2538/3551/1201 2536/3549/1042 2513/3495/1498
f 2514/3498/1500 2539/3552/1584 2538/3551/1201 2512/3494/1499
f 2515/3500/1070 2540/3553/1045 2539/3552/1584 2514/3498/1500
f 2516/3502/1579 2541/3554/1046 2540/3553/1045 2515/3500/1070
f 2517/3504/1580 2542/3555/1585 2541/3556/1046 2516/3505/1579
f 2518/3508/1503 2543/3557/1048 2542/3555/1585 2517/3504/1580
f 2519/3510/1074 2544/3558/1203 2543/3557/1048 2518/3508/1503
f 2520/3512/1581 2545/3559/1050 2544/3558/1203 2519/3510/1074
f 2521/3514/1196 2546/3560/1051 2545/3559/1050 2520/3512/1581
f 2522/3516/1507 2547/3561/1052 2546/3560/1051 2521/3514/1196
f 2523/3518/1078 2548/3562/1586 2547/3563/1052 2522/3519/1507
f 2524/3522/1508 2549/3564/1207 2548/3562/1586 2523/3518/1078
f 2525/3524/1509 2550/3565/1208 2549/3564/1207 2524/3522/1508
f 2526/3526/1582 2551/3566/1491 2550/3565/1208 2525/3524/1509
f 2527/3528/1082 2552/3567/1057 2551/3566/1491 2526/3526/1582
f 2528/3530/1511 2553/3568/1058 2552/3567/1057 2527/3528/1082
f 2529/3532/1583 2554/3569/1587 2553/3570/1058 2528/3533/1511
f 2530/3536/1513 2555/3571/1060 2554/3569/1587 2529/3532/1583
f 2531/3538/1086 2556/3572/1210 2555/3571/1060 2530/3536/1513
f 2532/3540/1496 2557/3573/1062 2556/3572/1210 2531/3538/1086
f 2533/3542/1198 2558/3574/1040 2557/3573/1062 2532/3540/1496
f 2534/3544/1497 2559/3575/1212 2558/3574/1040 2533/3542/1198
f 2535/3546/1199 2537/3550/1041 2559/3576/1212 2534/3547/1497
f 2537/3550/1041 2560/3577/1023 2561/3578/116 2559/3576/1212
f 2536/3549/1042 2562/3579/1024 2560/3577/1023 2537/3550/1041
f 2538/3551/1201 2563/3580/17 2562/3579/1024 2536/3549/1042
f 2539/3552/1584 2564/3581/1025 2563/3580/17 2538/3551/1201
f 2540/3553/1045 2565/3582/1026 2564/3581/1025 2539/3552/1584
f 2541/3554/1046 2566/3583/643 2565/3582/1026 2540/3553/1045
f 2542/3555/1585 2567/3584/1027 2566/3585/643 2541/3556/1046
f 2543/3557/1048 2568/3586/1028 2567/3584/1027 2542/3555/1585
f 2544/3558/1203 2569/3587/108 2568/3586/1028 2543/3557/1048
f 2545/3559/1050 2570/3588/1029 2569/3587/108 2544/3558/1203
f 2546/3560/1051 2571/3589/1030 2570/3588/1029 2545/3559/1050
f 2547/3561/1052 2572/3590/39 2571/3589/1030 2546/3560/1051
f 2548/3562/1586 2573/3591/1031 2572/3592/39 2547/3563/1052
f 2549/3564/1207 2574/3593/1032 2573/3591/1031 2548/3562/1586
f 2550/3565/1208 2575/3594/35 2574/3593/1032 2549/3564/1207
f 2551/3566/1491 2576/3595/1033 2575/3594/35 2550/3565/1208
f 2552/3567/1057 2577/3596/1034 2576/3595/1033 2551/3566/1491
f 2553/3568/1058 2578/3597/125 2577/3596/1034 2552/3567/1057
f 2554/3569/1587 2579/3598/1035 2578/3599/125 2553/3570/1058
f 2555/3571/1060 2580/3600/1036 2579/3598/1035 2554/3569/1587
f 2556/3572/1210 2581/3601/437 2580/3600/1036 2555/3571/1060
f 2557/3573/1062 2582/3602/1037 2581/3601/437 2556/3572/1210
f 2558/3574/1040 2583/3603/1038 2582/3602/1037 2557/3573/1062
f 2559/3575/1212 2561/3604/116 2583/3603/1038 2558/3574/1040
f 2561/3604/116 2584/3605/1221 2585/3606/1588 2583/3603/1038
f 2560/3577/1023 2586/3607/1589 2584/3608/1221 2561/3578/116
f 2562/3579/1024 2587/3609/1223 2586/3607/1589 2560/3577/1023
f 2563/3580/17 2588/3610/1224 2587/3609/1223 2562/3579/1024
f 2564/3581/1025 2589/3611/1478 2588/3610/1224 2563/3580/17
f 2565/3582/1026 2590/3612/1003 2589/3611/1478 2564/3581/1025
f 2566/3583/643 2591/3613/1004 2590/3612/1003 2565/3582/1026
f 2567/3584/1027 2592/3614/1590 2591/3615/1004 2566/3585/643
f 2568/3586/1028 2593/3616/1006 2592/3614/1590 2567/3584/1027
f 2569/3587/108 2594/3617/1482 2593/3616/1006 2568/3586/1028
f 2570/3588/1029 2595/3618/1008 2594/3617/1482 2569/3587/108
f 2571/3589/1030 2596/3619/1009 2595/3618/1008 2570/3588/1029
f 2572/3590/39 2597/3620/1227 2596/3619/1009 2571/3589/1030
f 2573/3591/1031 2598/3621/1011 2597/3622/1227 2572/3592/39
f 2574/3593/1032 2599/3623/1012 2598/3621/1011 2573/3591/1031
f 2575/3594/35 2600/3624/1229 2599/3623/1012 2574/3593/1032
f 2576/3595/1033 2601/3625/1484 2600/3624/1229 2575/3594/35
f 2577/3596/1034 2602/3626/1015 2601/3625/1484 2576/3595/1033
f 2578/3597/125 2603/3627/1016 2602/3626/1015 2577/3596/1034
f 2579/3598/1035 2604/3628/1591 2603/3629/1016 2578/3599/125
f 2580/3600/1036 2605/3630/1018 2604/3628/1591 2579/3598/1035
f 2581/3601/437 2606/3631/1487 2605/3630/1018 2580/3600/1036
f 2582/3602/1037 2607/3632/1020 2606/3631/1487 2581/3601/437
f 2583/3603/1038 2585/3606/1588 2607/3632/1020 2582/3602/1037
f 2585/3606/1588 2608/3633/1232 2609/3634/1592 2607/3632/1020
f 2584/3605/1221 2610/3635/1477 2608/3633/1232 2585/3606/1588
f 2586/3607/1589 2611/3636/998 2610/3637/1477 2584/3608/1221
f 2587/3609/1223 2612/3638/1459 2611/3636/998 2586/3607/1589
f 2588/3610/1224 2613/3639/1458 2612/3638/1459 2587/3609/1223
f 2589/3611/1478 2614/3640/1593 2613/3639/1458 2588/3610/1224
f 2590/3612/1003 2615/3641/1234 2614/3640/1593 2589/3611/1478
f 2591/3613/1004 2616/3642/1461 2615/3641/1234 2590/3612/1003
f 2592/3614/1590 2617/3643/1235 2616/3644/1461 2591/3615/1004
f 2593/3616/1006 2618/3645/1594 2617/3643/1235 2592/3614/1590
f 2594/3617/1482 2619/3646/982 2618/3645/1594 2593/3616/1006
f 2595/3618/1008 2620/3647/1595 2619/3646/982 2594/3617/1482
f 2596/3619/1009 2621/3648/1236 2620/3647/1595 2595/3618/1008
f 2597/3620/1227 2622/3649/1467 2621/3648/1236 2596/3619/1009
f 2598/3621/1011 2623/3650/1237 2622/3651/1467 2597/3622/1227
f 2599/3623/1012 2624/3652/1468 2623/3650/1237 2598/3621/1011
f 2600/3624/1229 2625/3653/1469 2624/3652/1468 2599/3623/1012
f 2601/3625/1484 2626/3654/1470 2625/3653/1469 2600/3624/1229
f 2602/3626/1015 2627/3655/1238 2626/3654/1470 2601/3625/1484
f 2603/3627/1016 2628/3656/1596 2627/3655/1238 2602/3626/1015
f 2604/3628/1591 2629/3657/1239 2628/3658/1596 2603/3629/1016
f 2605/3630/1018 2630/3659/1597 2629/3657/1239 2604/3628/1591
f 2606/3631/1487 2631/3660/994 2630/3659/1597 2605/3630/1018
f 2607/3632/1020 2609/3634/1592 2631/3660/994 2606/3631/1487
f 2609/3634/1592 2060/3661/1391 2056/3662/869 2631/3660/994
f 2608/3633/1232 2062/3663/1392 2060/3661/1391 2609/3634/1592
f 2610/3635/1477 2064/3664/1393 2062/3663/1392 2608/3633/1232
f 2611/3636/998 2066/3665/1394 2064/3666/1393 2610/3637/1477
f 2612/3638/1459 2068/3667/1395 2066/3665/1394 2611/3636/998
f 2613/3639/1458 2070/3668/883 2068/3667/1395 2612/3638/1459
f 2614/3640/1593 2072/3669/885 2070/3668/883 2613/3639/1458
f 2615/3641/1234 2074/3670/1399 2072/3669/885 2614/3640/1593
f 2616/3642/1461 2076/3671/1400 2074/3670/1399 2615/3641/1234
f 2617/3643/1235 2078/3672/1402 2076/3673/1400 2616/3644/1461
f 2618/3645/1594 2080/3674/1403 2078/3672/1402 2617/3643/1235
f 2619/3646/982 2082/3675/895 2080/3674/1403 2618/3645/1594
f 2620/3647/1595 2084/3676/1404 2082/3675/895 2619/3646/982
f 2621/3648/1236 2086/3677/1405 2084/3676/1404 2620/3647/1595
f 2622/3649/1467 2088/3678/1406 2086/3677/1405 2621/3648/1236
f 2623/3650/1237 2090/3679/1407 2088/3680/1406 2622/3651/1467
f 2624/3652/1468 2092/3681/905 2090/3679/1407 2623/3650/1237
f 2625/3653/1469 2094/3682/907 2092/3681/905 2624/3652/1468
f 2626/3654/1470 2096/3683/909 2094/3682/907 2625/3653/1469
f 2627/3655/1238 2098/3684/1410 2096/3683/909 2626/3654/1470
f 2628/3656/1596 2100/3685/1411 2098/3684/1410 2627/3655/1238
f 2629/3657/1239 2102/3686/1413 2100/3687/1411 2628/3658/1596
f 2630/3659/1597 2059/3688/1390 2102/3686/1413 2629/3657/1239
f 2631/3660/994 2056/3662/869 2059/3688/1390 2630/3659/1597
s 25
f 2632/3689/1 2633/3690/2 2634/3691/2 2635/3692/1
f 2633/3693/2 2636/3694/3 2637/3695/3 2634/3696/2
f 2636/3694/3 2638/3697/4 2639/3698/4 2637/3695/3
f 2638/3699/4 2640/3700/5 2641/3701/5 2639/3702/4
f 2640/3703/5 2642/3704/6 2643/3705/6 2641/3706/5
f 2642/3704/6 2632/3707/1 2635/3708/1 2643/3705/6
