# Blender v2.78 (sub 0) OBJ File: 'video_store_cash_register.blend'
# www.blender.org
mtllib video_store_cash_register.mtl
o Mesh74_Group105_Group1_Model
v 0.144754 0.288160 -0.121161
v 0.010660 0.288160 -0.121161
v 0.010660 0.286874 -0.123617
v 0.144754 0.286874 -0.123617
v 0.147707 0.290776 -0.122530
v 0.144754 0.231378 -0.091432
v 0.147707 0.228762 -0.090062
v 0.007707 0.228762 -0.090062
v 0.010660 0.231378 -0.091432
v 0.007707 0.290776 -0.122530
v 0.010660 0.230092 -0.093888
v 0.144754 0.230092 -0.093888
v 0.144754 0.238951 -0.098526
v -0.019627 0.180589 0.046320
v 0.011611 0.180589 0.046320
v 0.011611 0.184535 0.031661
v -0.019627 0.184535 0.031661
v -0.047725 0.159830 0.123430
v -0.016488 0.159830 0.123430
v -0.016488 0.163777 0.108771
v -0.047725 0.163777 0.108771
v 0.156324 0.096469 -0.182511
v 0.156324 0.090647 -0.182511
v 0.147664 0.090647 -0.187511
v 0.147664 0.096469 -0.187511
v 0.156324 0.096469 -0.172511
v 0.156324 0.090647 -0.172511
v 0.147664 0.096469 -0.167511
v 0.147664 0.090647 -0.167511
v 0.139004 0.096469 -0.172511
v 0.139004 0.090647 -0.172511
v 0.139004 0.096469 -0.182511
v 0.139004 0.090647 -0.182511
v 0.147664 0.090000 -0.186356
v 0.140004 0.090000 -0.181933
v 0.155324 0.090000 -0.181933
v 0.140004 0.090000 -0.173088
v 0.155324 0.090000 -0.173088
v 0.147664 0.090000 -0.168665
v -0.001401 0.170231 0.084796
v 0.013779 0.170231 0.084796
v 0.013779 0.174177 0.070137
v -0.001401 0.174177 0.070137
v -0.081676 0.249901 -0.091207
v -0.115528 0.249901 -0.091207
v -0.115528 0.245757 -0.094005
v -0.081676 0.245757 -0.094005
v -0.053676 0.257906 -0.103063
v -0.179676 0.257906 -0.103063
v -0.053676 0.186853 0.002171
v -0.079676 0.214467 -0.038727
v -0.079676 0.186853 0.002171
v -0.081676 0.214721 -0.039104
v -0.115528 0.214721 -0.039104
v -0.179676 0.214467 -0.038727
v -0.171676 0.216326 -0.041481
v -0.115528 0.216326 -0.041481
v -0.171676 0.227518 -0.058056
v -0.115528 0.227518 -0.058056
v -0.049676 0.263996 -0.108510
v -0.179676 0.263996 -0.108510
v -0.049676 0.208880 -0.079653
v -0.051676 0.254173 -0.101109
v -0.051676 0.208172 -0.077025
v -0.051676 0.188453 -0.003773
v -0.049676 0.181808 0.013217
v -0.049676 0.205761 -0.075763
v 0.166324 0.208880 -0.079653
v 0.166324 0.205761 -0.075763
v -0.179676 0.294469 -0.124464
v 0.007707 0.290776 -0.122530
v 0.007707 0.228762 -0.090062
v 0.166324 0.294469 -0.124464
v 0.147707 0.290776 -0.122530
v 0.147707 0.228762 -0.090062
v 0.166324 0.147007 0.142489
v -0.179676 0.147007 0.142489
v -0.083676 0.181808 0.013217
v -0.179676 0.186639 -0.004729
v -0.083676 0.186639 -0.004729
v -0.083676 0.188639 -0.019852
v -0.179676 0.188639 -0.019852
v -0.179676 0.188639 -0.034727
v -0.083676 0.188639 -0.034727
v -0.179676 0.144398 0.144489
v 0.166324 0.144398 0.144489
v 0.166324 0.096469 0.142489
v 0.168324 0.098469 0.142489
v 0.166324 0.098469 0.144489
v 0.168324 0.144936 0.142489
v -0.179676 0.098469 0.144489
v -0.179676 0.096469 0.142489
v -0.181676 0.144936 0.142489
v -0.181676 0.098469 0.142489
v -0.181676 0.186639 -0.012423
v -0.181676 0.098469 -0.193511
v -0.181676 0.186639 -0.038727
v -0.181676 0.258889 -0.108093
v -0.181676 0.212054 -0.038727
v -0.181676 0.294469 -0.193511
v -0.181676 0.294469 -0.126721
v -0.179676 0.190639 -0.036727
v -0.179676 0.210703 -0.036727
v -0.179676 0.096469 -0.193511
v -0.179676 0.294469 -0.195511
v -0.179676 0.098469 -0.195511
v -0.179676 0.296469 -0.127768
v -0.179676 0.296469 -0.193511
v -0.081676 0.190639 -0.011894
v -0.081676 0.190639 -0.034727
v -0.081676 0.209353 -0.034727
v -0.081676 0.188453 -0.003773
v -0.083676 0.190639 -0.036727
v -0.083676 0.210703 -0.036727
v -0.081676 0.210577 -0.041902
v -0.115528 0.210577 -0.041902
v -0.081676 0.240161 -0.085717
v -0.115528 0.212182 -0.044279
v 0.166324 0.296469 -0.127768
v 0.166324 0.294469 -0.195511
v 0.166324 0.296469 -0.193511
v 0.168324 0.294469 -0.126721
v 0.168324 0.294469 -0.193511
v 0.168324 0.204765 -0.079756
v 0.168324 0.098469 -0.193511
v 0.166324 0.096469 -0.193511
v 0.166324 0.098469 -0.195511
v -0.171676 0.212182 -0.044279
v -0.171676 0.223374 -0.060854
v -0.115528 0.223374 -0.060854
v 0.108980 0.175401 0.065590
v 0.124160 0.175401 0.065590
v 0.124160 0.179347 0.050931
v 0.108980 0.179347 0.050931
v -0.077720 0.168323 0.088036
v -0.078008 0.168990 0.089407
v -0.075642 0.168060 0.089012
v -0.109246 0.168990 0.089407
v -0.109534 0.168323 0.088036
v -0.111386 0.162350 0.085497
v -0.113464 0.162087 0.086472
v -0.111612 0.168060 0.089012
v -0.111612 0.164041 0.103940
v -0.113464 0.157601 0.103139
v -0.111386 0.157338 0.104114
v -0.109534 0.163779 0.104916
v -0.073790 0.157601 0.103139
v -0.075642 0.164041 0.103940
v -0.077720 0.163779 0.104916
v -0.075868 0.157338 0.104114
v -0.075868 0.162350 0.085497
v -0.073790 0.162087 0.086472
v -0.078008 0.165043 0.104065
v -0.109246 0.165043 0.104065
v 0.198660 0.010000 0.184327
v 0.198660 0.001000 0.184327
v 0.190000 0.001000 0.179327
v 0.190000 0.010000 0.179327
v 0.198660 0.010000 0.194327
v 0.198660 0.001000 0.194327
v 0.190000 0.010000 0.199327
v 0.190000 0.001000 0.199327
v 0.181340 0.010000 0.194327
v 0.181340 0.001000 0.194327
v 0.181340 0.010000 0.184327
v 0.181340 0.001000 0.184327
v 0.190000 -0.000000 0.180481
v 0.182340 -0.000000 0.184904
v 0.197660 -0.000000 0.184904
v 0.182340 -0.000000 0.193749
v 0.197660 -0.000000 0.193749
v 0.190000 -0.000000 0.198172
v 0.198660 0.010000 -0.205673
v 0.198660 0.001000 -0.205673
v 0.190000 0.001000 -0.210673
v 0.190000 0.010000 -0.210673
v 0.198660 0.010000 -0.195673
v 0.198660 0.001000 -0.195673
v 0.190000 0.010000 -0.190673
v 0.190000 0.001000 -0.190673
v 0.181340 0.010000 -0.195673
v 0.181340 0.001000 -0.195673
v 0.181340 0.010000 -0.205673
v 0.181340 0.001000 -0.205673
v 0.190000 0.000000 -0.209519
v 0.182340 0.000000 -0.205096
v 0.197660 0.000000 -0.205096
v 0.182340 0.000000 -0.196251
v 0.197660 0.000000 -0.196251
v 0.190000 0.000000 -0.191828
v 0.122280 0.168323 0.088036
v 0.121992 0.168990 0.089407
v 0.124358 0.168060 0.089012
v 0.090754 0.168990 0.089407
v 0.090466 0.168323 0.088036
v 0.088614 0.162350 0.085497
v 0.086536 0.162087 0.086472
v 0.088388 0.168060 0.089012
v 0.088388 0.164041 0.103940
v 0.086536 0.157601 0.103139
v 0.088614 0.157338 0.104114
v 0.090466 0.163779 0.104916
v 0.126210 0.157601 0.103139
v 0.124358 0.164041 0.103940
v 0.122280 0.163779 0.104916
v 0.124132 0.157338 0.104114
v 0.124132 0.162350 0.085497
v 0.126210 0.162087 0.086472
v 0.121992 0.165043 0.104065
v 0.090754 0.165043 0.104065
v -0.008288 0.159830 0.123430
v 0.012960 0.159830 0.123430
v 0.012960 0.163777 0.108771
v -0.008288 0.163777 0.108771
v -0.026934 0.173510 0.068767
v -0.027074 0.174177 0.070137
v -0.025925 0.173248 0.069742
v -0.042255 0.174177 0.070137
v -0.042395 0.173510 0.068767
v -0.043295 0.167537 0.066227
v -0.044304 0.167275 0.067202
v -0.043405 0.173248 0.069742
v -0.043405 0.169229 0.084671
v -0.044304 0.162788 0.083869
v -0.043295 0.162526 0.084844
v -0.042395 0.168966 0.085646
v -0.025025 0.162788 0.083869
v -0.025925 0.169229 0.084671
v -0.026934 0.168966 0.085646
v -0.026034 0.162526 0.084844
v -0.026034 0.167537 0.066227
v -0.025025 0.167275 0.067202
v -0.027074 0.170231 0.084796
v -0.042255 0.170231 0.084796
v -0.152355 0.096469 0.117489
v -0.152355 0.090647 0.117489
v -0.161015 0.090647 0.112489
v -0.161015 0.096469 0.112489
v -0.152355 0.096469 0.127489
v -0.152355 0.090647 0.127489
v -0.161015 0.096469 0.132489
v -0.161015 0.090647 0.132489
v -0.169676 0.096469 0.127489
v -0.169676 0.090647 0.127489
v -0.169676 0.096469 0.117489
v -0.169676 0.090647 0.117489
v -0.161015 0.090000 0.113644
v -0.168676 0.090000 0.118067
v -0.153355 0.090000 0.118067
v -0.168676 0.090000 0.126912
v -0.153355 0.090000 0.126912
v -0.161015 0.090000 0.131335
v 0.038940 0.159830 0.123430
v 0.069470 0.159830 0.123430
v 0.069470 0.163777 0.108771
v 0.038940 0.163777 0.108771
v 0.069751 0.168323 0.088036
v 0.069470 0.168990 0.089407
v 0.071782 0.168060 0.089012
v 0.038940 0.168990 0.089407
v 0.038659 0.168323 0.088036
v 0.036849 0.162350 0.085497
v 0.034818 0.162087 0.086472
v 0.036628 0.168060 0.089012
v 0.036628 0.164041 0.103940
v 0.034818 0.157601 0.103139
v 0.036849 0.157338 0.104114
v 0.038659 0.163779 0.104916
v 0.073592 0.157601 0.103139
v 0.071782 0.164041 0.103940
v 0.069751 0.163779 0.104916
v 0.071561 0.157338 0.104114
v 0.071561 0.162350 0.085497
v 0.073592 0.162087 0.086472
v 0.069470 0.165043 0.104065
v 0.038940 0.165043 0.104065
v 0.013919 0.173510 0.068767
v 0.013779 0.174177 0.070137
v 0.014929 0.173248 0.069742
v -0.001401 0.174177 0.070137
v -0.001541 0.173510 0.068767
v -0.002441 0.167537 0.066227
v -0.003451 0.167275 0.067202
v -0.002551 0.173248 0.069742
v -0.002551 0.169229 0.084671
v -0.003451 0.162788 0.083869
v -0.002441 0.162526 0.084844
v -0.001541 0.168966 0.085646
v 0.015829 0.162788 0.083869
v 0.014929 0.169229 0.084671
v 0.013919 0.168966 0.085646
v 0.014819 0.162526 0.084844
v 0.014819 0.167537 0.066227
v 0.015829 0.167275 0.067202
v 0.013779 0.170231 0.084796
v -0.001401 0.170231 0.084796
v -0.181340 0.010000 0.184327
v -0.181340 0.001000 0.184327
v -0.190000 0.001000 0.179327
v -0.190000 0.010000 0.179327
v -0.181340 0.010000 0.194327
v -0.181340 0.001000 0.194327
v -0.190000 0.010000 0.199327
v -0.190000 0.001000 0.199327
v -0.198660 0.010000 0.194327
v -0.198660 0.001000 0.194327
v -0.198660 0.010000 0.184327
v -0.198660 0.001000 0.184327
v -0.190000 -0.000000 0.180481
v -0.197660 -0.000000 0.184904
v -0.182340 -0.000000 0.184904
v -0.197660 -0.000000 0.193749
v -0.182340 -0.000000 0.193749
v -0.190000 -0.000000 0.198172
v 0.124300 0.183921 0.030095
v 0.124160 0.184587 0.031466
v 0.125310 0.183658 0.031070
v 0.108980 0.184587 0.031466
v 0.108840 0.183921 0.030095
v 0.107940 0.177948 0.027556
v 0.106930 0.177685 0.028531
v 0.107830 0.183658 0.031070
v 0.107830 0.179639 0.045999
v 0.106930 0.173199 0.045197
v 0.107940 0.172936 0.046172
v 0.108840 0.179377 0.046974
v 0.126210 0.173199 0.045197
v 0.125310 0.179639 0.045999
v 0.124300 0.179377 0.046974
v 0.125200 0.172936 0.046172
v 0.125200 0.177948 0.027556
v 0.126210 0.177685 0.028531
v 0.124160 0.180641 0.046124
v 0.108980 0.180641 0.046124
v -0.006474 0.168323 0.088036
v -0.006614 0.168990 0.089407
v -0.005465 0.168060 0.089012
v -0.021795 0.168990 0.089407
v -0.021935 0.168323 0.088036
v -0.022835 0.162350 0.085497
v -0.023844 0.162087 0.086472
v -0.022945 0.168060 0.089012
v -0.022945 0.164041 0.103940
v -0.023844 0.157601 0.103139
v -0.022835 0.157338 0.104114
v -0.021935 0.163779 0.104916
v -0.004565 0.157601 0.103139
v -0.005465 0.164041 0.103940
v -0.006474 0.163779 0.104916
v -0.005574 0.157338 0.104114
v -0.005574 0.162350 0.085497
v -0.004565 0.162087 0.086472
v -0.006614 0.165043 0.104065
v -0.021795 0.165043 0.104065
v 0.090754 0.159830 0.123430
v 0.121992 0.159830 0.123430
v 0.121992 0.163777 0.108771
v 0.090754 0.163777 0.108771
v 0.038940 0.170231 0.084796
v 0.069470 0.170231 0.084796
v 0.069470 0.174177 0.070137
v 0.038940 0.174177 0.070137
v 0.124300 0.178681 0.049561
v 0.124160 0.179347 0.050931
v 0.125310 0.178418 0.050536
v 0.108980 0.179347 0.050931
v 0.108840 0.178681 0.049561
v 0.107940 0.172708 0.047021
v 0.106930 0.172445 0.047996
v 0.107830 0.178418 0.050536
v 0.107830 0.174399 0.065465
v 0.106930 0.167958 0.064663
v 0.107940 0.167696 0.065638
v 0.108840 0.174137 0.066440
v 0.126210 0.167958 0.064663
v 0.125310 0.174399 0.065465
v 0.124300 0.174137 0.066440
v 0.125200 0.167696 0.065638
v 0.125200 0.172708 0.047021
v 0.126210 0.172445 0.047996
v 0.124160 0.175401 0.065590
v 0.108980 0.175401 0.065590
v -0.109246 0.159830 0.123430
v -0.078008 0.159830 0.123430
v -0.078008 0.163777 0.108771
v -0.109246 0.163777 0.108771
v 0.156324 0.096469 0.117489
v 0.156324 0.090647 0.117489
v 0.147664 0.090647 0.112489
v 0.147664 0.096469 0.112489
v 0.156324 0.096469 0.127489
v 0.156324 0.090647 0.127489
v 0.147664 0.096469 0.132489
v 0.147664 0.090647 0.132489
v 0.139004 0.096469 0.127489
v 0.139004 0.090647 0.127489
v 0.139004 0.096469 0.117489
v 0.139004 0.090647 0.117489
v 0.147664 0.090000 0.113644
v 0.140004 0.090000 0.118067
v 0.155324 0.090000 0.118067
v 0.140004 0.090000 0.126912
v 0.155324 0.090000 0.126912
v 0.147664 0.090000 0.131335
v 0.122280 0.173510 0.068767
v 0.121992 0.174177 0.070137
v 0.124358 0.173248 0.069742
v 0.090754 0.174177 0.070137
v 0.090466 0.173510 0.068767
v 0.088614 0.167537 0.066227
v 0.086536 0.167275 0.067202
v 0.088388 0.173248 0.069742
v 0.088388 0.169229 0.084671
v 0.086536 0.162788 0.083869
v 0.088614 0.162526 0.084844
v 0.090466 0.168966 0.085646
v 0.126210 0.162788 0.083869
v 0.124358 0.169229 0.084671
v 0.122280 0.168966 0.085646
v 0.124132 0.162526 0.084844
v 0.124132 0.167537 0.066227
v 0.126210 0.167275 0.067202
v 0.121992 0.170231 0.084796
v 0.090754 0.170231 0.084796
v 0.069751 0.178681 0.049561
v 0.069470 0.179347 0.050931
v 0.071782 0.178418 0.050536
v 0.038940 0.179347 0.050931
v 0.038659 0.178681 0.049561
v 0.036849 0.172708 0.047021
v 0.034818 0.172445 0.047996
v 0.036628 0.178418 0.050536
v 0.036628 0.174399 0.065465
v 0.034818 0.167958 0.064663
v 0.036849 0.167696 0.065638
v 0.038659 0.174137 0.066440
v 0.073592 0.167958 0.064663
v 0.071782 0.174399 0.065465
v 0.069751 0.174137 0.066440
v 0.071561 0.167696 0.065638
v 0.071561 0.172708 0.047021
v 0.073592 0.172445 0.047996
v 0.069470 0.175401 0.065590
v 0.038940 0.175401 0.065590
v -0.026934 0.168323 0.088036
v -0.027074 0.168990 0.089407
v -0.025925 0.168060 0.089012
v -0.042255 0.168990 0.089407
v -0.042395 0.168323 0.088036
v -0.043295 0.162350 0.085497
v -0.044304 0.162087 0.086472
v -0.043405 0.168060 0.089012
v -0.043405 0.164041 0.103940
v -0.044304 0.157601 0.103139
v -0.043295 0.157338 0.104114
v -0.042395 0.163779 0.104916
v -0.025025 0.157601 0.103139
v -0.025925 0.164041 0.103940
v -0.026934 0.163779 0.104916
v -0.026034 0.157338 0.104114
v -0.026034 0.162350 0.085497
v -0.025025 0.162087 0.086472
v -0.027074 0.165043 0.104065
v -0.042255 0.165043 0.104065
v 0.069751 0.183868 0.030291
v 0.069470 0.184535 0.031661
v 0.071782 0.183606 0.031266
v 0.038940 0.184535 0.031661
v 0.038659 0.183868 0.030291
v 0.036849 0.177895 0.027751
v 0.034818 0.177633 0.028726
v 0.036628 0.183606 0.031266
v 0.036628 0.179587 0.046195
v 0.034818 0.173146 0.045393
v 0.036849 0.172883 0.046368
v 0.038659 0.179324 0.047170
v 0.073592 0.173146 0.045393
v 0.071782 0.179587 0.046195
v 0.069751 0.179324 0.047170
v 0.071561 0.172883 0.046368
v 0.071561 0.177895 0.027751
v 0.073592 0.177633 0.028726
v 0.069470 0.180589 0.046320
v 0.038940 0.180589 0.046320
v 0.011899 0.183868 0.030291
v 0.011611 0.184535 0.031661
v 0.013977 0.183606 0.031266
v -0.019627 0.184535 0.031661
v -0.019915 0.183868 0.030291
v -0.021767 0.177895 0.027751
v -0.023844 0.177633 0.028726
v -0.021993 0.183606 0.031266
v -0.021993 0.179587 0.046195
v -0.023844 0.173146 0.045393
v -0.021767 0.172883 0.046368
v -0.019915 0.179324 0.047170
v 0.015829 0.173146 0.045393
v 0.013977 0.179587 0.046195
v 0.011899 0.179324 0.047170
v 0.013751 0.172883 0.046368
v 0.013751 0.177895 0.027751
v 0.015829 0.177633 0.028726
v 0.011611 0.180589 0.046320
v -0.019627 0.180589 0.046320
v -0.016199 0.163110 0.107401
v -0.016488 0.163777 0.108771
v -0.014122 0.162847 0.108376
v -0.047725 0.163777 0.108771
v -0.048014 0.163110 0.107401
v -0.049865 0.157137 0.104861
v -0.051943 0.156874 0.105836
v -0.050091 0.162847 0.108376
v -0.050091 0.158828 0.123305
v -0.051943 0.152388 0.122503
v -0.049865 0.152125 0.123478
v -0.048014 0.158566 0.124280
v -0.012270 0.152388 0.122503
v -0.014122 0.158828 0.123305
v -0.016199 0.158566 0.124280
v -0.014348 0.152125 0.123478
v -0.014348 0.157137 0.104861
v -0.012270 0.156874 0.105836
v -0.016488 0.159830 0.123430
v -0.047725 0.159830 0.123430
v -0.021795 0.170231 0.084796
v -0.006614 0.170231 0.084796
v -0.006614 0.174177 0.070137
v -0.021795 0.174177 0.070137
v 0.069751 0.163110 0.107401
v 0.069470 0.163777 0.108771
v 0.071782 0.162847 0.108376
v 0.038940 0.163777 0.108771
v 0.038659 0.163110 0.107401
v 0.036849 0.157137 0.104861
v 0.034818 0.156874 0.105836
v 0.036628 0.162847 0.108376
v 0.036628 0.158828 0.123305
v 0.034818 0.152388 0.122503
v 0.036849 0.152125 0.123478
v 0.038659 0.158566 0.124280
v 0.073592 0.152388 0.122503
v 0.071782 0.158828 0.123305
v 0.069751 0.158566 0.124280
v 0.071561 0.152125 0.123478
v 0.071561 0.157137 0.104861
v 0.073592 0.156874 0.105836
v 0.069470 0.159830 0.123430
v 0.038940 0.159830 0.123430
v 0.090754 0.165043 0.104065
v 0.121992 0.165043 0.104065
v 0.121992 0.168990 0.089407
v 0.090754 0.168990 0.089407
v 0.103907 0.178681 0.049561
v 0.103767 0.179347 0.050931
v 0.104916 0.178418 0.050536
v 0.088586 0.179347 0.050931
v 0.088446 0.178681 0.049561
v 0.087546 0.172708 0.047021
v 0.086536 0.172445 0.047996
v 0.087436 0.178418 0.050536
v 0.087436 0.174399 0.065465
v 0.086536 0.167958 0.064663
v 0.087546 0.167696 0.065638
v 0.088446 0.174137 0.066440
v 0.105816 0.167958 0.064663
v 0.104916 0.174399 0.065465
v 0.103907 0.174137 0.066440
v 0.104807 0.167696 0.065638
v 0.104807 0.172708 0.047021
v 0.105816 0.172445 0.047996
v 0.103767 0.175401 0.065590
v 0.088586 0.175401 0.065590
v -0.026934 0.178681 0.049561
v -0.027074 0.179347 0.050931
v -0.025925 0.178418 0.050536
v -0.042255 0.179347 0.050931
v -0.042395 0.178681 0.049561
v -0.043295 0.172708 0.047021
v -0.044304 0.172445 0.047996
v -0.043405 0.178418 0.050536
v -0.043405 0.174399 0.065465
v -0.044304 0.167958 0.064663
v -0.043295 0.167696 0.065638
v -0.042395 0.174137 0.066440
v -0.025025 0.167958 0.064663
v -0.025925 0.174399 0.065465
v -0.026934 0.174137 0.066440
v -0.026034 0.167696 0.065638
v -0.026034 0.172708 0.047021
v -0.025025 0.172445 0.047996
v -0.027074 0.175401 0.065590
v -0.042255 0.175401 0.065590
v 0.013919 0.178681 0.049561
v 0.013779 0.179347 0.050931
v 0.014929 0.178418 0.050536
v -0.001401 0.179347 0.050931
v -0.001541 0.178681 0.049561
v -0.002441 0.172708 0.047021
v -0.003451 0.172445 0.047996
v -0.002551 0.178418 0.050536
v -0.002551 0.174399 0.065465
v -0.003451 0.167958 0.064663
v -0.002441 0.167696 0.065638
v -0.001541 0.174137 0.066440
v 0.015829 0.167958 0.064663
v 0.014929 0.174399 0.065465
v 0.013919 0.174137 0.066440
v 0.014819 0.167696 0.065638
v 0.014819 0.172708 0.047021
v 0.015829 0.172445 0.047996
v 0.013779 0.175401 0.065590
v -0.001401 0.175401 0.065590
v -0.205000 0.090000 -0.214000
v -0.205000 0.090000 0.214000
v 0.205000 0.090000 0.214000
v 0.205000 0.090000 -0.214000
v -0.207500 0.089330 -0.214000
v -0.207500 0.089330 0.214000
v 0.207500 0.089330 0.214000
v 0.207500 0.089330 -0.214000
v -0.209330 0.087500 -0.214000
v -0.209330 0.087500 0.214000
v 0.210000 0.015000 -0.214000
v 0.210000 0.015000 0.214000
v 0.209330 0.012500 0.214000
v 0.209330 0.012500 -0.214000
v 0.210000 0.085000 -0.214000
v 0.210000 0.085000 0.214000
v 0.209330 0.087500 -0.214000
v 0.209330 0.087500 0.214000
v -0.210000 0.085000 -0.214000
v -0.210000 0.085000 0.214000
v -0.205000 0.010000 -0.214000
v -0.205000 0.010000 0.214000
v -0.207500 0.010670 0.214000
v -0.207500 0.010670 -0.214000
v 0.205000 0.010000 -0.214000
v 0.205000 0.010000 0.214000
v 0.207500 0.010670 -0.214000
v 0.207500 0.010670 0.214000
v -0.210000 0.015000 -0.214000
v -0.210000 0.015000 0.214000
v -0.209330 0.012500 -0.214000
v -0.209330 0.012500 0.214000
v -0.204868 0.089000 -0.215000
v -0.206982 0.088434 -0.215000
v 0.204868 0.089000 -0.215000
v 0.206982 0.088434 -0.215000
v -0.208434 0.086982 -0.215000
v 0.208434 0.013018 -0.215000
v 0.209000 0.015132 -0.215000
v 0.209000 0.084868 -0.215000
v 0.208434 0.086982 -0.215000
v -0.209000 0.084868 -0.215000
v -0.206982 0.011566 -0.215000
v -0.204868 0.011000 -0.215000
v 0.204868 0.011000 -0.215000
v 0.206982 0.011566 -0.215000
v -0.209000 0.015132 -0.215000
v -0.208434 0.013018 -0.215000
v 0.204868 0.089000 0.215000
v 0.206982 0.088434 0.215000
v -0.204868 0.089000 0.215000
v -0.206982 0.088434 0.215000
v -0.208434 0.086982 0.215000
v 0.208434 0.086982 0.215000
v -0.209000 0.084868 0.215000
v 0.208434 0.013018 0.215000
v 0.206982 0.011566 0.215000
v 0.209000 0.015132 0.215000
v 0.209000 0.084868 0.215000
v -0.209000 0.015132 0.215000
v -0.206982 0.011566 0.215000
v -0.208434 0.013018 0.215000
v -0.204868 0.011000 0.215000
v 0.204868 0.011000 0.215000
v 0.204523 0.086377 0.215000
v 0.205624 0.086081 0.215000
v -0.204523 0.086377 0.215000
v -0.205624 0.086081 0.215000
v -0.206081 0.085624 0.215000
v 0.206081 0.085624 0.215000
v -0.206377 0.084523 0.215000
v 0.206081 0.014376 0.215000
v 0.205624 0.013918 0.215000
v 0.206377 0.015477 0.215000
v 0.206377 0.084523 0.215000
v -0.206377 0.015477 0.215000
v -0.205624 0.013918 0.215000
v -0.206081 0.014376 0.215000
v -0.204523 0.013623 0.215000
v 0.204523 0.013623 0.215000
v 0.204523 0.086377 0.205000
v 0.205624 0.086081 0.205000
v -0.204523 0.086377 0.205000
v 0.206081 0.085624 0.205000
v -0.205624 0.086081 0.205000
v -0.206081 0.085624 0.205000
v -0.206377 0.084523 0.205000
v 0.206377 0.084523 0.205000
v 0.206377 0.015477 0.205000
v -0.206377 0.015477 0.205000
v 0.204523 0.013623 0.205000
v -0.204523 0.013623 0.205000
v 0.205624 0.013918 0.205000
v 0.206081 0.014376 0.205000
v -0.205624 0.013918 0.205000
v -0.206081 0.014376 0.205000
v -0.204868 0.084868 -0.215000
v 0.204868 0.084868 -0.215000
v 0.204868 0.015132 -0.215000
v -0.204868 0.015132 -0.215000
v 0.204877 0.084877 0.205000
v 0.204344 0.085020 0.205000
v -0.204344 0.085020 0.205000
v -0.204877 0.084877 0.205000
v 0.205020 0.084344 0.205000
v -0.204877 0.015122 0.205000
v -0.205020 0.015656 0.205000
v -0.205020 0.084344 0.205000
v 0.205020 0.015656 0.205000
v 0.204877 0.015122 0.205000
v 0.204344 0.014980 0.205000
v -0.204344 0.014980 0.205000
v 0.204344 0.085020 0.215000
v 0.204877 0.084877 0.215000
v -0.204877 0.084877 0.215000
v -0.204344 0.085020 0.215000
v -0.205020 0.084344 0.215000
v -0.205020 0.015656 0.215000
v -0.204877 0.015122 0.215000
v -0.204344 0.014980 0.215000
v 0.204344 0.014980 0.215000
v 0.204877 0.015122 0.215000
v 0.205020 0.015656 0.215000
v 0.205020 0.084344 0.215000
v -0.006474 0.173510 0.068767
v -0.006614 0.174177 0.070137
v -0.005465 0.173248 0.069742
v -0.021795 0.174177 0.070137
v -0.021935 0.173510 0.068767
v -0.022835 0.167537 0.066227
v -0.023844 0.167275 0.067202
v -0.022945 0.173248 0.069742
v -0.022945 0.169229 0.084671
v -0.023844 0.162788 0.083869
v -0.022835 0.162526 0.084844
v -0.021935 0.168966 0.085646
v -0.004565 0.162788 0.083869
v -0.005465 0.169229 0.084671
v -0.006474 0.168966 0.085646
v -0.005574 0.162526 0.084844
v -0.005574 0.167537 0.066227
v -0.004565 0.167275 0.067202
v -0.006614 0.170231 0.084796
v -0.021795 0.170231 0.084796
v 0.088586 0.175401 0.065590
v 0.103767 0.175401 0.065590
v 0.103767 0.179347 0.050931
v 0.088586 0.179347 0.050931
v -0.075700 0.178681 0.049561
v -0.075840 0.179347 0.050931
v -0.074690 0.178418 0.050536
v -0.091020 0.179347 0.050931
v -0.091160 0.178681 0.049561
v -0.092060 0.172708 0.047021
v -0.093070 0.172445 0.047996
v -0.092170 0.178418 0.050536
v -0.092170 0.174399 0.065465
v -0.093070 0.167958 0.064663
v -0.092060 0.167696 0.065638
v -0.091160 0.174137 0.066440
v -0.073790 0.167958 0.064663
v -0.074690 0.174399 0.065465
v -0.075700 0.174137 0.066440
v -0.074800 0.167696 0.065638
v -0.074800 0.172708 0.047021
v -0.073790 0.172445 0.047996
v -0.075840 0.175401 0.065590
v -0.091020 0.175401 0.065590
v 0.049594 0.276487 -0.196591
v 0.049594 0.276487 -0.197172
v 0.146174 0.276487 -0.197172
v 0.146174 0.276487 -0.196591
v 0.049594 0.229907 -0.196591
v 0.049594 0.229907 -0.197172
v 0.146174 0.229907 -0.196591
v 0.146174 0.229907 -0.197172
v 0.146674 0.276987 -0.197672
v 0.146674 0.229407 -0.197672
v 0.147384 0.277697 -0.197672
v 0.147384 0.228697 -0.197672
v 0.147884 0.278197 -0.197172
v 0.147884 0.228197 -0.197172
v 0.048384 0.277697 -0.197672
v 0.047884 0.278197 -0.197172
v 0.049094 0.276987 -0.197672
v 0.049094 0.229407 -0.197672
v 0.048384 0.228697 -0.197672
v 0.047884 0.228197 -0.197172
v 0.047884 0.228197 -0.195511
v 0.147884 0.228197 -0.195511
v 0.047884 0.278197 -0.195511
v 0.147884 0.278197 -0.195511
v -0.181340 0.010000 -0.205673
v -0.181340 0.001000 -0.205673
v -0.190000 0.001000 -0.210673
v -0.190000 0.010000 -0.210673
v -0.181340 0.010000 -0.195673
v -0.181340 0.001000 -0.195673
v -0.190000 0.010000 -0.190673
v -0.190000 0.001000 -0.190673
v -0.198660 0.010000 -0.195673
v -0.198660 0.001000 -0.195673
v -0.198660 0.010000 -0.205673
v -0.198660 0.001000 -0.205673
v -0.190000 0.000000 -0.209519
v -0.197660 0.000000 -0.205096
v -0.182340 0.000000 -0.205096
v -0.197660 0.000000 -0.196251
v -0.182340 0.000000 -0.196251
v -0.190000 0.000000 -0.191828
v -0.091020 0.175401 0.065590
v -0.075840 0.175401 0.065590
v -0.075840 0.179347 0.050931
v -0.091020 0.179347 0.050931
v -0.111414 0.175401 0.065590
v -0.096233 0.175401 0.065590
v -0.096233 0.179347 0.050931
v -0.111414 0.179347 0.050931
v -0.077720 0.173510 0.068767
v -0.078008 0.174177 0.070137
v -0.075642 0.173248 0.069742
v -0.109246 0.174177 0.070137
v -0.109534 0.173510 0.068767
v -0.111386 0.167537 0.066227
v -0.113464 0.167275 0.067202
v -0.111612 0.173248 0.069742
v -0.111612 0.169229 0.084671
v -0.113464 0.162788 0.083869
v -0.111386 0.162526 0.084844
v -0.109534 0.168966 0.085646
v -0.073790 0.162788 0.083869
v -0.075642 0.169229 0.084671
v -0.077720 0.168966 0.085646
v -0.075868 0.162526 0.084844
v -0.075868 0.167537 0.066227
v -0.073790 0.167275 0.067202
v -0.078008 0.170231 0.084796
v -0.109246 0.170231 0.084796
v -0.152355 0.096469 -0.182511
v -0.152355 0.090647 -0.182511
v -0.161015 0.090647 -0.187511
v -0.161015 0.096469 -0.187511
v -0.152355 0.096469 -0.172511
v -0.152355 0.090647 -0.172511
v -0.161015 0.096469 -0.167511
v -0.161015 0.090647 -0.167511
v -0.169676 0.096469 -0.172511
v -0.169676 0.090647 -0.172511
v -0.169676 0.096469 -0.182511
v -0.169676 0.090647 -0.182511
v -0.161015 0.090000 -0.186356
v -0.168676 0.090000 -0.181933
v -0.153355 0.090000 -0.181933
v -0.168676 0.090000 -0.173088
v -0.153355 0.090000 -0.173088
v -0.161015 0.090000 -0.168665
v 0.013156 0.163110 0.107401
v 0.012960 0.163777 0.108771
v 0.014569 0.162847 0.108376
v -0.008288 0.163777 0.108771
v -0.008484 0.163110 0.107401
v -0.009744 0.157137 0.104861
v -0.011157 0.156874 0.105836
v -0.009898 0.162847 0.108376
v -0.009898 0.158828 0.123305
v -0.011157 0.152388 0.122503
v -0.009744 0.152125 0.123478
v -0.008484 0.158566 0.124280
v 0.015829 0.152388 0.122503
v 0.014569 0.158828 0.123305
v 0.013156 0.158566 0.124280
v 0.014415 0.152125 0.123478
v 0.014415 0.157137 0.104861
v 0.015829 0.156874 0.105836
v 0.012960 0.159830 0.123430
v -0.008288 0.159830 0.123430
v 0.013919 0.168323 0.088036
v 0.013779 0.168990 0.089407
v 0.014929 0.168060 0.089012
v -0.001401 0.168990 0.089407
v -0.001541 0.168323 0.088036
v -0.002441 0.162350 0.085497
v -0.003451 0.162087 0.086472
v -0.002551 0.168060 0.089012
v -0.002551 0.164041 0.103940
v -0.003451 0.157601 0.103139
v -0.002441 0.157338 0.104114
v -0.001541 0.163779 0.104916
v 0.015829 0.157601 0.103139
v 0.014929 0.164041 0.103940
v 0.013919 0.163779 0.104916
v 0.014819 0.157338 0.104114
v 0.014819 0.162350 0.085497
v 0.015829 0.162087 0.086472
v 0.013779 0.165043 0.104065
v -0.001401 0.165043 0.104065
v -0.006474 0.178681 0.049561
v -0.006614 0.179347 0.050931
v -0.005465 0.178418 0.050536
v -0.021795 0.179347 0.050931
v -0.021935 0.178681 0.049561
v -0.022835 0.172708 0.047021
v -0.023844 0.172445 0.047996
v -0.022945 0.178418 0.050536
v -0.022945 0.174399 0.065465
v -0.023844 0.167958 0.064663
v -0.022835 0.167696 0.065638
v -0.021935 0.174137 0.066440
v -0.004565 0.167958 0.064663
v -0.005465 0.174399 0.065465
v -0.006474 0.174137 0.066440
v -0.005574 0.167696 0.065638
v -0.005574 0.172708 0.047021
v -0.004565 0.172445 0.047996
v -0.006614 0.175401 0.065590
v -0.021795 0.175401 0.065590
v -0.042255 0.165043 0.104065
v -0.027074 0.165043 0.104065
v -0.027074 0.168990 0.089407
v -0.042255 0.168990 0.089407
v 0.088586 0.180641 0.046124
v 0.103767 0.180641 0.046124
v 0.103767 0.184587 0.031466
v 0.088586 0.184587 0.031466
v 0.090754 0.170231 0.084796
v 0.121992 0.170231 0.084796
v 0.121992 0.174177 0.070137
v 0.090754 0.174177 0.070137
v -0.042255 0.175401 0.065590
v -0.027074 0.175401 0.065590
v -0.027074 0.179347 0.050931
v -0.042255 0.179347 0.050931
v -0.042255 0.170231 0.084796
v -0.027074 0.170231 0.084796
v -0.027074 0.174177 0.070137
v -0.042255 0.174177 0.070137
v -0.109246 0.170231 0.084796
v -0.078008 0.170231 0.084796
v -0.078008 0.174177 0.070137
v -0.109246 0.174177 0.070137
v -0.001401 0.165043 0.104065
v 0.013779 0.165043 0.104065
v 0.013779 0.168990 0.089407
v -0.001401 0.168990 0.089407
v -0.021795 0.165043 0.104065
v -0.006614 0.165043 0.104065
v -0.006614 0.168990 0.089407
v -0.021795 0.168990 0.089407
v -0.109246 0.165043 0.104065
v -0.078008 0.165043 0.104065
v -0.078008 0.168990 0.089407
v -0.109246 0.168990 0.089407
v 0.000925 0.035768 0.218650
v 0.002132 0.037097 0.218650
v 0.002132 0.037097 0.216202
v 0.000925 0.035768 0.216202
v 0.000925 0.030745 0.218650
v 0.000925 0.030745 0.216202
v 0.002132 0.038839 0.218650
v 0.002132 0.038839 0.216202
v 0.008238 0.034980 0.218650
v 0.007957 0.037112 0.218650
v 0.007957 0.032847 0.218650
v 0.007134 0.030861 0.218650
v 0.005825 0.029155 0.218650
v -0.002132 0.042937 0.218650
v -0.004119 0.042114 0.218650
v -0.002132 0.038298 0.218650
v -0.000603 0.040207 0.218650
v 0.000000 0.043218 0.218650
v 0.002132 0.042937 0.218650
v 0.000764 0.040207 0.218650
v 0.004119 0.042114 0.218650
v 0.007134 0.039099 0.218650
v 0.005825 0.040805 0.218650
v 0.004119 0.027845 0.218650
v 0.002132 0.027022 0.218650
v -0.000073 0.029747 0.218650
v 0.000000 0.026742 0.218650
v -0.001071 0.029747 0.218650
v -0.002132 0.030808 0.218650
v -0.004119 0.027845 0.218650
v -0.002132 0.027022 0.218650
v -0.005825 0.029155 0.218650
v -0.007134 0.030861 0.218650
v -0.007957 0.032847 0.218650
v -0.008238 0.034980 0.218650
v -0.007957 0.037112 0.218650
v -0.007134 0.039099 0.218650
v -0.005825 0.040805 0.218650
v -0.002132 0.038298 0.216202
v -0.002132 0.030808 0.216202
v -0.000603 0.040207 0.216202
v 0.000764 0.040207 0.216202
v -0.000073 0.029747 0.216202
v -0.001071 0.029747 0.216202
v -0.002588 0.044639 0.217403
v -0.005000 0.043640 0.217403
v 0.000000 0.044980 0.217403
v 0.002588 0.044639 0.217403
v 0.005000 0.043640 0.217403
v 0.009659 0.037568 0.217403
v 0.008660 0.039980 0.217403
v 0.005000 0.026319 0.217403
v 0.007071 0.027909 0.217403
v 0.008660 0.029980 0.217403
v 0.009659 0.032391 0.217403
v 0.010000 0.034980 0.217403
v 0.002588 0.025320 0.217403
v 0.000000 0.024980 0.217403
v -0.009659 0.037568 0.217403
v -0.010000 0.034980 0.217403
v -0.007071 0.042051 0.217403
v -0.008660 0.039980 0.217403
v -0.002588 0.025320 0.217403
v -0.005000 0.026319 0.217403
v -0.007071 0.027909 0.217403
v -0.008660 0.029980 0.217403
v -0.009659 0.032391 0.217403
v 0.007071 0.042051 0.217403
v -0.002588 0.044639 0.215000
v -0.005000 0.043640 0.215000
v 0.000000 0.044980 0.215000
v 0.002588 0.044639 0.215000
v 0.005000 0.043640 0.215000
v 0.009659 0.037568 0.215000
v 0.008660 0.039980 0.215000
v 0.010000 0.034980 0.215000
v 0.009659 0.032391 0.215000
v 0.008660 0.029980 0.215000
v 0.007071 0.027909 0.215000
v 0.005000 0.026319 0.215000
v 0.002588 0.025320 0.215000
v 0.000000 0.024980 0.215000
v -0.009659 0.037568 0.215000
v -0.010000 0.034980 0.215000
v -0.008660 0.039980 0.215000
v -0.007071 0.042051 0.215000
v -0.009659 0.032391 0.215000
v -0.008660 0.029980 0.215000
v -0.007071 0.027909 0.215000
v -0.005000 0.026319 0.215000
v -0.002588 0.025320 0.215000
v 0.007071 0.042051 0.215000
v 0.099326 0.194159 -0.031983
v 0.099326 0.196502 -0.031353
v 0.098768 0.196852 -0.032654
v 0.098768 0.194510 -0.033284
v 0.100214 0.193859 -0.030866
v 0.100214 0.196201 -0.030236
v 0.101371 0.193628 -0.030009
v 0.101371 0.195970 -0.029379
v 0.102718 0.193483 -0.029470
v 0.102718 0.195825 -0.028840
v 0.104164 0.193433 -0.029286
v 0.104164 0.195776 -0.028656
v 0.105609 0.193483 -0.029470
v 0.105609 0.195825 -0.028840
v 0.106957 0.193628 -0.030009
v 0.106957 0.195970 -0.029379
v 0.108114 0.193859 -0.030866
v 0.108114 0.196201 -0.030236
v 0.109001 0.194159 -0.031983
v 0.109001 0.196502 -0.031353
v 0.109559 0.194510 -0.033284
v 0.109559 0.196852 -0.032654
v 0.109750 0.194885 -0.034681
v 0.109750 0.197228 -0.034050
v 0.109559 0.195261 -0.036077
v 0.109559 0.197604 -0.035446
v 0.109001 0.195611 -0.037378
v 0.109001 0.197954 -0.036747
v 0.108114 0.195912 -0.038495
v 0.108114 0.198255 -0.037864
v 0.106957 0.196143 -0.039352
v 0.106957 0.198485 -0.038721
v 0.105609 0.196288 -0.039891
v 0.105609 0.198630 -0.039260
v 0.104164 0.196338 -0.040075
v 0.104164 0.198680 -0.039444
v 0.102718 0.196288 -0.039891
v 0.102718 0.198630 -0.039260
v 0.101371 0.196143 -0.039352
v 0.101371 0.198485 -0.038721
v 0.100214 0.195912 -0.038495
v 0.100214 0.198255 -0.037864
v 0.099326 0.195611 -0.037378
v 0.099326 0.197954 -0.036747
v 0.098768 0.195261 -0.036077
v 0.098768 0.197604 -0.035446
v 0.098578 0.194885 -0.034681
v 0.098578 0.197228 -0.034050
v 0.099255 0.197369 -0.032650
v 0.099082 0.197711 -0.033920
v 0.108565 0.197050 -0.031466
v 0.107757 0.196777 -0.030450
v 0.106705 0.196567 -0.029670
v 0.105479 0.196435 -0.029180
v 0.104164 0.196390 -0.029013
v 0.099763 0.197050 -0.031466
v 0.100570 0.196777 -0.030450
v 0.101623 0.196567 -0.029670
v 0.102848 0.196435 -0.029180
v 0.109245 0.197711 -0.033920
v 0.109072 0.197369 -0.032650
v 0.109072 0.198053 -0.035190
v 0.108565 0.198371 -0.036374
v 0.107757 0.198645 -0.037390
v 0.106705 0.198855 -0.038170
v 0.105479 0.198987 -0.038660
v 0.104164 0.199032 -0.038827
v 0.102848 0.198987 -0.038660
v 0.101623 0.198855 -0.038170
v 0.100570 0.198645 -0.037390
v 0.099763 0.198371 -0.036374
v 0.099255 0.198053 -0.035190
v 0.100249 0.197438 -0.032907
v 0.100111 0.197711 -0.033920
v 0.107673 0.197184 -0.031963
v 0.107029 0.196966 -0.031153
v 0.106190 0.196798 -0.030531
v 0.105213 0.196693 -0.030140
v 0.104164 0.196657 -0.030007
v 0.103115 0.196693 -0.030140
v 0.102137 0.196798 -0.030531
v 0.101298 0.196966 -0.031153
v 0.100654 0.197184 -0.031963
v 0.100249 0.197983 -0.034933
v 0.100654 0.198237 -0.035877
v 0.101298 0.198456 -0.036687
v 0.102137 0.198623 -0.037309
v 0.103115 0.198728 -0.037700
v 0.104164 0.198764 -0.037833
v 0.105213 0.198728 -0.037700
v 0.106190 0.198623 -0.037309
v 0.107029 0.198456 -0.036687
v 0.107673 0.198237 -0.035877
v 0.108078 0.197983 -0.034933
v 0.108216 0.197711 -0.033920
v 0.108078 0.197438 -0.032907
v 0.107237 0.197732 -0.032077
v 0.106673 0.197541 -0.031367
v 0.105938 0.197395 -0.030823
v 0.105082 0.197302 -0.030481
v 0.104164 0.197271 -0.030364
v 0.103245 0.197302 -0.030481
v 0.102390 0.197395 -0.030823
v 0.101655 0.197541 -0.031367
v 0.101091 0.197732 -0.032077
v 0.100736 0.197955 -0.032903
v 0.100615 0.198193 -0.033790
v 0.100736 0.198432 -0.034677
v 0.101091 0.198655 -0.035503
v 0.101655 0.198846 -0.036213
v 0.102390 0.198992 -0.036757
v 0.103245 0.199084 -0.037099
v 0.104164 0.199116 -0.037216
v 0.105082 0.199084 -0.037099
v 0.105938 0.198992 -0.036757
v 0.106673 0.198846 -0.036213
v 0.107237 0.198655 -0.035503
v 0.107591 0.198432 -0.034677
v 0.107712 0.198193 -0.033790
v 0.107591 0.197955 -0.032903
v 0.106673 0.204505 -0.029493
v 0.105938 0.204358 -0.028948
v 0.107237 0.204696 -0.030202
v 0.107591 0.204918 -0.031029
v 0.107712 0.205157 -0.031915
v 0.107591 0.205396 -0.032802
v 0.107237 0.205618 -0.033629
v 0.106673 0.205809 -0.034338
v 0.105938 0.205956 -0.034883
v 0.105082 0.206048 -0.035225
v 0.104164 0.206079 -0.035342
v 0.103245 0.206048 -0.035225
v 0.102390 0.205956 -0.034883
v 0.101655 0.205809 -0.034338
v 0.101091 0.205618 -0.033629
v 0.100736 0.205396 -0.032802
v 0.100615 0.205157 -0.031915
v 0.100736 0.204918 -0.031029
v 0.101091 0.204696 -0.030202
v 0.101655 0.204505 -0.029493
v 0.102390 0.204358 -0.028948
v 0.103245 0.204266 -0.028606
v 0.104164 0.204235 -0.028489
v 0.105082 0.204266 -0.028606
v 0.105686 0.204954 -0.029240
v 0.104951 0.204875 -0.028946
v 0.106800 0.205244 -0.030316
v 0.106316 0.205080 -0.029707
v 0.107104 0.205435 -0.031025
v 0.107104 0.205844 -0.032546
v 0.107208 0.205640 -0.031785
v 0.106800 0.206035 -0.033255
v 0.105686 0.206325 -0.034331
v 0.106316 0.206199 -0.033864
v 0.104951 0.206404 -0.034625
v 0.103376 0.206404 -0.034625
v 0.104164 0.206431 -0.034725
v 0.102642 0.206325 -0.034331
v 0.101528 0.206035 -0.033255
v 0.102011 0.206199 -0.033864
v 0.101223 0.205844 -0.032546
v 0.101223 0.205435 -0.031025
v 0.101120 0.205640 -0.031785
v 0.101528 0.205244 -0.030316
v 0.102642 0.204954 -0.029240
v 0.102011 0.205080 -0.029707
v 0.103376 0.204875 -0.028946
v 0.104164 0.204848 -0.028846
v 0.104164 0.205640 -0.031785
v 0.103907 0.183921 0.030095
v 0.103767 0.184587 0.031466
v 0.104916 0.183658 0.031070
v 0.088586 0.184587 0.031466
v 0.088446 0.183921 0.030095
v 0.087546 0.177948 0.027556
v 0.086536 0.177685 0.028531
v 0.087436 0.183658 0.031070
v 0.087436 0.179639 0.045999
v 0.086536 0.173199 0.045197
v 0.087546 0.172936 0.046172
v 0.088446 0.179377 0.046974
v 0.105816 0.173199 0.045197
v 0.104916 0.179639 0.045999
v 0.103907 0.179377 0.046974
v 0.104807 0.172936 0.046172
v 0.104807 0.177948 0.027556
v 0.105816 0.177685 0.028531
v 0.103767 0.180641 0.046124
v 0.088586 0.180641 0.046124
v -0.021795 0.175401 0.065590
v -0.006614 0.175401 0.065590
v -0.006614 0.179347 0.050931
v -0.021795 0.179347 0.050931
v -0.026934 0.183868 0.030291
v -0.027074 0.184535 0.031661
v -0.025925 0.183606 0.031266
v -0.042255 0.184535 0.031661
v -0.042395 0.183868 0.030291
v -0.043295 0.177895 0.027751
v -0.044304 0.177633 0.028726
v -0.043405 0.183606 0.031266
v -0.043405 0.179587 0.046195
v -0.044304 0.173146 0.045393
v -0.043295 0.172883 0.046368
v -0.042395 0.179324 0.047170
v -0.025025 0.173146 0.045393
v -0.025925 0.179587 0.046195
v -0.026934 0.179324 0.047170
v -0.026034 0.172883 0.046368
v -0.026034 0.177895 0.027751
v -0.025025 0.177633 0.028726
v -0.027074 0.180589 0.046320
v -0.042255 0.180589 0.046320
v 0.038940 0.180589 0.046320
v 0.069470 0.180589 0.046320
v 0.069470 0.184535 0.031661
v 0.038940 0.184535 0.031661
v 0.049594 0.276487 -0.196591
v 0.146174 0.276487 -0.196591
v 0.146174 0.229907 -0.196591
v 0.049594 0.229907 -0.196591
v -0.039789 0.205183 -0.073273
v -0.040441 0.205172 -0.073232
v -0.039789 0.203883 -0.068445
v -0.041083 0.205139 -0.073108
v -0.041702 0.205084 -0.072905
v -0.042289 0.205009 -0.072626
v -0.042832 0.204914 -0.072275
v -0.043324 0.204802 -0.071859
v -0.043755 0.204675 -0.071384
v -0.044119 0.204533 -0.070859
v -0.044408 0.204381 -0.070293
v -0.044618 0.204220 -0.069694
v -0.044746 0.204053 -0.069075
v -0.044789 0.203883 -0.068445
v -0.044789 0.185398 0.000221
v -0.039789 0.185398 0.000221
v -0.044746 0.185229 0.000851
v -0.044618 0.185062 0.001471
v -0.044408 0.184901 0.002069
v -0.044119 0.184748 0.002635
v -0.043755 0.184607 0.003160
v -0.043324 0.184479 0.003635
v -0.042832 0.184367 0.004051
v -0.042289 0.184273 0.004402
v -0.041702 0.184197 0.004682
v -0.041083 0.184143 0.004885
v -0.040441 0.184110 0.005008
v -0.039789 0.184098 0.005049
v 0.150211 0.184098 0.005049
v 0.150211 0.185398 0.000221
v 0.150864 0.184110 0.005008
v 0.151506 0.184143 0.004885
v 0.152125 0.184197 0.004682
v 0.152711 0.184273 0.004402
v 0.153255 0.184367 0.004051
v 0.153747 0.184479 0.003635
v 0.154178 0.184607 0.003160
v 0.154542 0.184748 0.002635
v 0.154831 0.184901 0.002069
v 0.155169 0.185229 0.000851
v 0.155041 0.185062 0.001471
v 0.155211 0.185398 0.000221
v 0.155211 0.203883 -0.068445
v 0.150211 0.203883 -0.068445
v 0.155169 0.204053 -0.069075
v 0.155041 0.204220 -0.069694
v 0.154831 0.204381 -0.070293
v 0.154542 0.204533 -0.070859
v 0.154178 0.204675 -0.071384
v 0.153747 0.204802 -0.071859
v 0.153255 0.204914 -0.072275
v 0.152711 0.205009 -0.072626
v 0.152125 0.205084 -0.072905
v 0.151506 0.205139 -0.073108
v 0.150864 0.205172 -0.073232
v 0.150211 0.205183 -0.073273
v 0.084164 0.202675 -0.063617
v 0.083511 0.202664 -0.063575
v 0.084164 0.201375 -0.058789
v 0.082870 0.202631 -0.063452
v 0.082250 0.202576 -0.063249
v 0.081664 0.202501 -0.062970
v 0.081120 0.202407 -0.062619
v 0.080628 0.202294 -0.062203
v 0.080197 0.202167 -0.061728
v 0.079834 0.202025 -0.061203
v 0.079544 0.201873 -0.060636
v 0.079334 0.201712 -0.060038
v 0.079206 0.201545 -0.059419
v 0.079164 0.201375 -0.058789
v 0.079164 0.188089 -0.009435
v 0.084164 0.188089 -0.009435
v 0.079206 0.187920 -0.008805
v 0.079334 0.187753 -0.008186
v 0.079544 0.187592 -0.007588
v 0.079834 0.187439 -0.007021
v 0.080197 0.187298 -0.006496
v 0.080628 0.187170 -0.006021
v 0.081120 0.187058 -0.005605
v 0.081664 0.186964 -0.005254
v 0.082250 0.186888 -0.004975
v 0.082870 0.186834 -0.004772
v 0.083511 0.186801 -0.004648
v 0.084164 0.186790 -0.004607
v 0.124164 0.186790 -0.004607
v 0.124164 0.188089 -0.009435
v 0.124816 0.186801 -0.004648
v 0.125458 0.186834 -0.004772
v 0.126077 0.186888 -0.004975
v 0.126664 0.186964 -0.005254
v 0.127207 0.187058 -0.005605
v 0.127699 0.187170 -0.006021
v 0.128130 0.187298 -0.006496
v 0.128494 0.187439 -0.007021
v 0.128783 0.187592 -0.007588
v 0.128993 0.187753 -0.008186
v 0.129121 0.187920 -0.008805
v 0.129164 0.188089 -0.009435
v 0.129164 0.201375 -0.058789
v 0.124164 0.201375 -0.058789
v 0.129121 0.201545 -0.059419
v 0.128993 0.201712 -0.060038
v 0.128783 0.201873 -0.060636
v 0.128494 0.202025 -0.061203
v 0.128130 0.202167 -0.061728
v 0.127699 0.202294 -0.062203
v 0.127207 0.202407 -0.062619
v 0.126664 0.202501 -0.062970
v 0.126077 0.202576 -0.063249
v 0.125458 0.202631 -0.063452
v 0.124816 0.202664 -0.063575
v 0.124164 0.202675 -0.063617
v 0.122280 0.163110 0.107401
v 0.121992 0.163777 0.108771
v 0.124358 0.162847 0.108376
v 0.090754 0.163777 0.108771
v 0.090466 0.163110 0.107401
v 0.088614 0.157137 0.104861
v 0.086536 0.156874 0.105836
v 0.088388 0.162847 0.108376
v 0.088388 0.158828 0.123305
v 0.086536 0.152388 0.122503
v 0.088614 0.152125 0.123478
v 0.090466 0.158566 0.124280
v 0.126210 0.152388 0.122503
v 0.124358 0.158828 0.123305
v 0.122280 0.158566 0.124280
v 0.124132 0.152125 0.123478
v 0.124132 0.157137 0.104861
v 0.126210 0.156874 0.105836
v 0.121992 0.159830 0.123430
v 0.090754 0.159830 0.123430
v -0.096093 0.178681 0.049561
v -0.096233 0.179347 0.050931
v -0.095084 0.178418 0.050536
v -0.111414 0.179347 0.050931
v -0.111554 0.178681 0.049561
v -0.112454 0.172708 0.047021
v -0.113464 0.172445 0.047996
v -0.112564 0.178418 0.050536
v -0.112564 0.174399 0.065465
v -0.113464 0.167958 0.064663
v -0.112454 0.167696 0.065638
v -0.111554 0.174137 0.066440
v -0.094184 0.167958 0.064663
v -0.095084 0.174399 0.065465
v -0.096093 0.174137 0.066440
v -0.095193 0.167696 0.065638
v -0.095193 0.172708 0.047021
v -0.094184 0.172445 0.047996
v -0.096233 0.175401 0.065590
v -0.111414 0.175401 0.065590
v -0.042255 0.180589 0.046320
v -0.027074 0.180589 0.046320
v -0.027074 0.184535 0.031661
v -0.042255 0.184535 0.031661
v 0.038940 0.165043 0.104065
v 0.069470 0.165043 0.104065
v 0.069470 0.168990 0.089407
v 0.038940 0.168990 0.089407
v 0.069751 0.173510 0.068767
v 0.069470 0.174177 0.070137
v 0.071782 0.173248 0.069742
v 0.038940 0.174177 0.070137
v 0.038659 0.173510 0.068767
v 0.036849 0.167537 0.066227
v 0.034818 0.167275 0.067202
v 0.036628 0.173248 0.069742
v 0.036628 0.169229 0.084671
v 0.034818 0.162788 0.083869
v 0.036849 0.162526 0.084844
v 0.038659 0.168966 0.085646
v 0.073592 0.162788 0.083869
v 0.071782 0.169229 0.084671
v 0.069751 0.168966 0.085646
v 0.071561 0.162526 0.084844
v 0.071561 0.167537 0.066227
v 0.073592 0.167275 0.067202
v 0.069470 0.170231 0.084796
v 0.038940 0.170231 0.084796
v 0.108980 0.180641 0.046124
v 0.124160 0.180641 0.046124
v 0.124160 0.184587 0.031466
v 0.108980 0.184587 0.031466
v 0.010660 0.230092 -0.093888
v 0.144754 0.230092 -0.093888
v 0.144754 0.238951 -0.098526
v 0.144754 0.286874 -0.123617
v 0.010660 0.286874 -0.123617
v -0.081676 0.245757 -0.094005
v -0.115528 0.245757 -0.094005
v -0.115528 0.223374 -0.060854
v -0.171676 0.223374 -0.060854
v -0.171676 0.212182 -0.044279
v -0.115528 0.212182 -0.044279
v -0.115528 0.210577 -0.041902
v -0.081676 0.210577 -0.041902
v -0.081676 0.240161 -0.085717
v -0.001401 0.175401 0.065590
v 0.013779 0.175401 0.065590
v 0.013779 0.179347 0.050931
v -0.001401 0.179347 0.050931
v -0.077720 0.163110 0.107401
v -0.078008 0.163777 0.108771
v -0.075642 0.162847 0.108376
v -0.109246 0.163777 0.108771
v -0.109534 0.163110 0.107401
v -0.111386 0.157137 0.104861
v -0.113464 0.156874 0.105836
v -0.111612 0.162847 0.108376
v -0.111612 0.158828 0.123305
v -0.113464 0.152388 0.122503
v -0.111386 0.152125 0.123478
v -0.109534 0.158566 0.124280
v -0.073790 0.152388 0.122503
v -0.075642 0.158828 0.123305
v -0.077720 0.158566 0.124280
v -0.075868 0.152125 0.123478
v -0.075868 0.157137 0.104861
v -0.073790 0.156874 0.105836
v -0.078008 0.159830 0.123430
v -0.109246 0.159830 0.123430
v 0.038940 0.175401 0.065590
v 0.069470 0.175401 0.065590
v 0.069470 0.179347 0.050931
v 0.038940 0.179347 0.050931
vt 0.4719 0.8626
vt 0.3688 0.8626
vt 0.3688 0.8616
vt 0.4719 0.8616
vt 0.4742 0.8646
vt 0.4719 0.8189
vt 0.4742 0.8169
vt 0.3665 0.8169
vt 0.3688 0.8189
vt 0.3665 0.8646
vt 0.1486 0.8794
vt 0.1050 0.9023
vt 0.1040 0.9004
vt 0.1476 0.8775
vt 0.7099 0.4352
vt 0.7099 0.5384
vt 0.7120 0.5384
vt 0.7120 0.4352
vt 0.7051 0.8775
vt 0.6614 0.9004
vt 0.6624 0.9023
vt 0.6993 0.8830
vt 0.7061 0.8794
vt 0.5135 0.8692
vt 0.5135 0.8452
vt 0.5019 0.8452
vt 0.5019 0.8692
vt 0.8650 0.5259
vt 0.8650 0.5019
vt 0.8533 0.5019
vt 0.8533 0.5259
vt 0.7462 0.3261
vt 0.7462 0.3306
vt 0.7529 0.3306
vt 0.7529 0.3261
vt 0.5811 0.6994
vt 0.5766 0.6994
vt 0.5766 0.6917
vt 0.5811 0.6917
vt 0.3267 0.7729
vt 0.3267 0.7685
vt 0.3334 0.7685
vt 0.3334 0.7729
vt 0.3201 0.7729
vt 0.3201 0.7685
vt 0.7099 0.5984
vt 0.7144 0.5984
vt 0.7144 0.5907
vt 0.7099 0.5907
vt 0.7596 0.3306
vt 0.7596 0.3261
vt 0.4962 0.8155
vt 0.4927 0.8214
vt 0.4932 0.8222
vt 0.4970 0.8155
vt 0.4927 0.8096
vt 0.4859 0.8214
vt 0.4932 0.8089
vt 0.4859 0.8096
vt 0.4855 0.8089
vt 0.4825 0.8155
vt 0.4817 0.8155
vt 0.4855 0.8222
vt 0.1682 0.8892
vt 0.1682 0.8775
vt 0.1565 0.8775
vt 0.1565 0.8892
vt 0.8735 0.5624
vt 0.8735 0.5885
vt 0.8773 0.5885
vt 0.8773 0.5624
vt 0.3423 0.4311
vt 0.3423 0.3342
vt 0.3514 0.3836
vt 0.3514 0.4096
vt 0.4232 0.4311
vt 0.3918 0.4111
vt 0.4232 0.4111
vt 0.3915 0.4096
vt 0.3915 0.3836
vt 0.3918 0.3342
vt 0.3897 0.3404
vt 0.3897 0.3836
vt 0.3769 0.3404
vt 0.3769 0.3836
vt 0.1050 0.7064
vt 0.0050 0.7064
vt 0.0050 0.7017
vt 0.1019 0.7017
vt 0.1050 0.6640
vt 0.1035 0.6988
vt 0.1035 0.6634
vt 0.4187 0.4327
vt 0.3438 0.4327
vt 0.4317 0.4342
vt 0.3633 0.4342
vt 0.3623 0.4327
vt 0.3603 0.6004
vt 0.3603 0.4342
vt 0.3633 0.6004
vt 0.0050 0.7298
vt 0.1491 0.7270
vt 0.1491 0.6793
vt 0.2711 0.7298
vt 0.2568 0.7270
vt 0.2711 0.6640
vt 0.2568 0.6793
vt 0.3362 0.8454
vt 0.3514 0.7890
vt 0.3868 0.7705
vt 0.5312 0.6004
vt 0.5312 0.3342
vt 0.4317 0.4081
vt 0.4179 0.3342
vt 0.4179 0.4081
vt 0.4063 0.4081
vt 0.4063 0.3342
vt 0.3949 0.3342
vt 0.3949 0.4081
vt 0.0050 0.7750
vt 0.2711 0.7750
vt 0.2711 0.7770
vt 0.0050 0.7770
vt 0.2711 0.7382
vt 0.2727 0.7397
vt 0.2711 0.7397
vt 0.2727 0.7754
vt 0.0050 0.7397
vt 0.0050 0.7382
vt 0.7119 0.4240
vt 0.7119 0.3883
vt 0.7134 0.3883
vt 0.7134 0.4236
vt 0.7134 0.4256
vt 0.7134 0.3867
vt 0.6790 0.6089
vt 0.6469 0.7281
vt 0.7148 0.6089
vt 0.7148 0.8674
vt 0.6469 0.7483
vt 0.5914 0.8017
vt 0.6274 0.7483
vt 0.5640 0.8674
vt 0.5640 0.8160
vt 0.6774 0.6089
vt 0.6469 0.7221
vt 0.6454 0.7338
vt 0.6454 0.7452
vt 0.6255 0.7483
vt 0.5921 0.7978
vt 0.5874 0.8020
vt 0.5640 0.8142
vt 0.6439 0.7468
vt 0.6284 0.7468
vt 0.6998 0.1116
vt 0.6998 0.3777
vt 0.7014 0.3793
vt 0.7371 0.3793
vt 0.7387 0.3777
vt 0.7387 0.1116
vt 0.7371 0.1100
vt 0.7014 0.1100
vt 0.7163 0.8674
vt 0.7163 0.6089
vt 0.5640 0.8689
vt 0.7148 0.8689
vt 0.4890 0.6934
vt 0.4774 0.6918
vt 0.4660 0.6918
vt 0.4644 0.6903
vt 0.4644 0.6749
vt 0.4629 0.6720
vt 0.4134 0.6386
vt 0.4092 0.6339
vt 0.3969 0.6104
vt 0.3944 0.6089
vt 0.3438 0.6089
vt 0.3423 0.6104
vt 0.3423 0.7612
vt 0.3438 0.7627
vt 0.6023 0.7627
vt 0.6038 0.7612
vt 0.6038 0.7259
vt 0.6023 0.7239
vt 0.3547 0.8414
vt 0.3547 0.8589
vt 0.3562 0.8589
vt 0.3562 0.8475
vt 0.3949 0.4096
vt 0.4187 0.4096
vt 0.4124 0.4096
vt 0.5535 0.7720
vt 0.4796 0.7720
vt 0.4796 0.7705
vt 0.5535 0.7705
vt 0.4796 0.7875
vt 0.5535 0.7875
vt 0.5566 0.7903
vt 0.4796 0.7903
vt 0.5550 0.7864
vt 0.5550 0.7720
vt 0.3403 0.8589
vt 0.3564 0.8351
vt 0.3893 0.4096
vt 0.3893 0.3836
vt 0.8783 0.2918
vt 0.8513 0.3319
vt 0.8545 0.3340
vt 0.8588 0.3277
vt 0.8815 0.2940
vt 0.6214 0.6313
vt 0.6202 0.6331
vt 0.6170 0.6309
vt 0.6182 0.6291
vt 0.5624 0.8674
vt 0.5624 0.8168
vt 0.7787 0.3867
vt 0.7787 0.6529
vt 0.7761 0.6529
vt 0.7761 0.3867
vt 0.7240 0.6529
vt 0.7240 0.3867
vt 0.7256 0.3867
vt 0.7256 0.6529
vt 0.7632 0.0579
vt 0.7632 0.0065
vt 0.7648 0.0065
vt 0.7648 0.0571
vt 0.7632 0.0050
vt 0.7632 0.0597
vt 0.6942 0.0940
vt 0.6974 0.0941
vt 0.6482 0.2650
vt 0.6950 0.0971
vt 0.6498 0.2650
vt 0.6125 0.0065
vt 0.6125 0.2650
vt 0.6109 0.2650
vt 0.6109 0.0065
vt 0.2650 0.2711
vt 0.2650 0.0050
vt 0.2635 0.0050
vt 0.2635 0.2711
vt 0.6125 0.0050
vt 0.0050 0.0050
vt 0.0050 0.2711
vt 0.5402 0.3342
vt 0.5402 0.6004
vt 0.6910 0.6004
vt 0.6910 0.3342
vt 0.3036 0.6918
vt 0.2950 0.7046
vt 0.2918 0.7024
vt 0.3004 0.6897
vt 0.3875 0.3836
vt 0.3875 0.3404
vt 0.6998 0.3867
vt 0.6998 0.4299
vt 0.7036 0.4299
vt 0.7036 0.3867
vt 0.6232 0.6757
vt 0.6060 0.7012
vt 0.6028 0.6990
vt 0.6201 0.6735
vt 0.5458 0.8629
vt 0.5458 0.8513
vt 0.5342 0.8513
vt 0.5342 0.8629
vt 0.7462 0.1341
vt 0.7473 0.1339
vt 0.7470 0.1357
vt 0.7473 0.1098
vt 0.7462 0.1096
vt 0.7737 0.3423
vt 0.7752 0.3469
vt 0.7768 0.3471
vt 0.7753 0.3425
vt 0.7477 0.3596
vt 0.7462 0.3546
vt 0.7478 0.3544
vt 0.7493 0.3594
vt 0.7768 0.3546
vt 0.7753 0.3596
vt 0.7737 0.3594
vt 0.7752 0.3544
vt 0.7478 0.3469
vt 0.7493 0.3423
vt 0.7477 0.3425
vt 0.7462 0.3471
vt 0.7586 0.1339
vt 0.7585 0.1357
vt 0.7735 0.3603
vt 0.7495 0.3603
vt 0.7586 0.1098
vt 0.7470 0.1080
vt 0.7585 0.1080
vt 0.7150 0.5596
vt 0.7150 0.5463
vt 0.7099 0.5470
vt 0.7099 0.5589
vt 0.7099 0.5685
vt 0.7099 0.5818
vt 0.7150 0.5811
vt 0.7150 0.5692
vt 0.2777 0.8856
vt 0.2777 0.8925
vt 0.2843 0.8925
vt 0.2843 0.8856
vt 0.7794 0.6691
vt 0.7725 0.6691
vt 0.7725 0.6614
vt 0.7794 0.6614
vt 0.6034 0.8945
vt 0.6034 0.8876
vt 0.6101 0.8876
vt 0.6101 0.8945
vt 0.5968 0.8945
vt 0.5968 0.8876
vt 0.2352 0.8933
vt 0.2422 0.8933
vt 0.2422 0.8856
vt 0.2352 0.8856
vt 0.2910 0.8925
vt 0.2910 0.8856
vt 0.6355 0.8943
vt 0.6321 0.9002
vt 0.6326 0.9009
vt 0.6364 0.8943
vt 0.6321 0.8884
vt 0.6253 0.9002
vt 0.6326 0.8876
vt 0.6253 0.8884
vt 0.6249 0.8876
vt 0.6219 0.8943
vt 0.6210 0.8943
vt 0.6249 0.9009
vt 0.2554 0.8775
vt 0.2554 0.8844
vt 0.2621 0.8844
vt 0.2621 0.8775
vt 0.6865 0.3015
vt 0.6796 0.3015
vt 0.6796 0.2938
vt 0.6865 0.2938
vt 0.2338 0.7168
vt 0.2338 0.7099
vt 0.2405 0.7099
vt 0.2405 0.7168
vt 0.2272 0.7168
vt 0.2272 0.7099
vt 0.5362 0.6954
vt 0.5431 0.6954
vt 0.5431 0.6877
vt 0.5362 0.6877
vt 0.2688 0.8844
vt 0.2688 0.8775
vt 0.8536 0.3065
vt 0.8502 0.3124
vt 0.8507 0.3132
vt 0.8545 0.3065
vt 0.8502 0.3007
vt 0.8434 0.3124
vt 0.8507 0.2999
vt 0.8434 0.3007
vt 0.8430 0.2999
vt 0.8400 0.3065
vt 0.8392 0.3065
vt 0.8430 0.3132
vt 0.2918 0.7562
vt 0.2929 0.7559
vt 0.2926 0.7578
vt 0.2929 0.7319
vt 0.2918 0.7317
vt 0.1840 0.7099
vt 0.1854 0.7145
vt 0.1870 0.7147
vt 0.1856 0.7101
vt 0.7133 0.1010
vt 0.7119 0.0961
vt 0.7135 0.0959
vt 0.7149 0.1008
vt 0.7424 0.0961
vt 0.7410 0.1010
vt 0.7394 0.1008
vt 0.7408 0.0959
vt 0.1581 0.7145
vt 0.1595 0.7099
vt 0.1579 0.7101
vt 0.1565 0.7147
vt 0.3041 0.7559
vt 0.3040 0.7578
vt 0.7392 0.1018
vt 0.7152 0.1018
vt 0.3041 0.7319
vt 0.2926 0.7301
vt 0.3040 0.7301
vt 0.3171 0.7454
vt 0.3171 0.7321
vt 0.3120 0.7328
vt 0.3120 0.7447
vt 0.3261 0.7422
vt 0.3261 0.7555
vt 0.3313 0.7548
vt 0.3313 0.7429
vt 0.5761 0.7868
vt 0.5761 0.7705
vt 0.5645 0.7705
vt 0.5645 0.7868
vt 0.8513 0.8114
vt 0.8523 0.8113
vt 0.8520 0.8122
vt 0.8523 0.7996
vt 0.8513 0.7995
vt 0.8513 0.8332
vt 0.8559 0.8352
vt 0.8561 0.8344
vt 0.8515 0.8325
vt 0.8520 0.8483
vt 0.8513 0.8434
vt 0.8520 0.8432
vt 0.8527 0.8481
vt 0.8661 0.8434
vt 0.8654 0.8483
vt 0.8646 0.8481
vt 0.8653 0.8432
vt 0.8569 0.3423
vt 0.8615 0.3442
vt 0.8613 0.3450
vt 0.8567 0.3430
vt 0.8636 0.8113
vt 0.8635 0.8122
vt 0.8645 0.8491
vt 0.8528 0.8491
vt 0.8636 0.7996
vt 0.8520 0.7988
vt 0.8635 0.7988
vt 0.8583 0.3778
vt 0.8583 0.3645
vt 0.8533 0.3652
vt 0.8533 0.3771
vt 0.8595 0.8216
vt 0.8546 0.8210
vt 0.8533 0.3559
vt 0.8582 0.3565
vt 0.7503 0.0959
vt 0.7503 0.1004
vt 0.7569 0.1004
vt 0.7569 0.0959
vt 0.5912 0.7782
vt 0.5867 0.7782
vt 0.5867 0.7705
vt 0.5912 0.7705
vt 0.3833 0.8456
vt 0.3833 0.8412
vt 0.3900 0.8412
vt 0.3900 0.8456
vt 0.3766 0.8456
vt 0.3766 0.8412
vt 0.8513 0.7681
vt 0.8557 0.7681
vt 0.8557 0.7604
vt 0.8513 0.7604
vt 0.7636 0.1004
vt 0.7636 0.0959
vt 0.8658 0.7832
vt 0.8624 0.7891
vt 0.8628 0.7899
vt 0.8667 0.7832
vt 0.8624 0.7773
vt 0.8556 0.7891
vt 0.8628 0.7765
vt 0.8556 0.7773
vt 0.8551 0.7765
vt 0.8522 0.7832
vt 0.8513 0.7832
vt 0.8551 0.7899
vt 0.6872 0.2244
vt 0.6872 0.2009
vt 0.6756 0.2009
vt 0.6756 0.2244
vt 0.6109 0.2991
vt 0.6120 0.2989
vt 0.6117 0.3007
vt 0.6120 0.2754
vt 0.6109 0.2752
vt 0.1086 0.3120
vt 0.1100 0.3166
vt 0.1116 0.3168
vt 0.1102 0.3122
vt 0.1599 0.3192
vt 0.1585 0.3142
vt 0.1601 0.3140
vt 0.1615 0.3190
vt 0.1883 0.3142
vt 0.1869 0.3192
vt 0.1854 0.3190
vt 0.1868 0.3140
vt 0.0833 0.3166
vt 0.0847 0.3120
vt 0.0831 0.3122
vt 0.0817 0.3168
vt 0.6233 0.2989
vt 0.6232 0.3007
vt 0.1852 0.3199
vt 0.1617 0.3199
vt 0.6233 0.2754
vt 0.6117 0.2736
vt 0.6232 0.2736
vt 0.1253 0.3253
vt 0.1253 0.3120
vt 0.1201 0.3127
vt 0.1201 0.3246
vt 0.3423 0.4413
vt 0.3423 0.4545
vt 0.3474 0.4538
vt 0.3474 0.4420
vt 0.8513 0.8841
vt 0.8523 0.8840
vt 0.8520 0.8849
vt 0.8523 0.8724
vt 0.8513 0.8722
vt 0.8715 0.7726
vt 0.8761 0.7746
vt 0.8763 0.7738
vt 0.8717 0.7719
vt 0.8641 0.2828
vt 0.8634 0.2779
vt 0.8642 0.2777
vt 0.8649 0.2826
vt 0.8782 0.2779
vt 0.8775 0.2828
vt 0.8767 0.2826
vt 0.8774 0.2777
vt 0.8771 0.3908
vt 0.8817 0.3927
vt 0.8815 0.3935
vt 0.8769 0.3915
vt 0.8636 0.8840
vt 0.8635 0.8849
vt 0.8766 0.2836
vt 0.8650 0.2836
vt 0.8636 0.8724
vt 0.8520 0.8715
vt 0.8635 0.8715
vt 0.8785 0.4747
vt 0.8785 0.4615
vt 0.8735 0.4622
vt 0.8735 0.4740
vt 0.8797 0.7610
vt 0.8748 0.7604
vt 0.8735 0.4043
vt 0.8784 0.4050
vt 0.5140 0.6836
vt 0.5140 0.6906
vt 0.5206 0.6906
vt 0.5206 0.6836
vt 0.0947 0.6832
vt 0.0878 0.6832
vt 0.0878 0.6756
vt 0.0947 0.6756
vt 0.0117 0.6926
vt 0.0117 0.6857
vt 0.0183 0.6857
vt 0.0183 0.6926
vt 0.0050 0.6926
vt 0.0050 0.6857
vt 0.6796 0.1924
vt 0.6865 0.1924
vt 0.6865 0.1848
vt 0.6796 0.1848
vt 0.5273 0.6906
vt 0.5273 0.6836
vt 0.4356 0.6156
vt 0.4322 0.6215
vt 0.4326 0.6222
vt 0.4365 0.6156
vt 0.4322 0.6097
vt 0.4254 0.6215
vt 0.4326 0.6089
vt 0.4254 0.6097
vt 0.4249 0.6089
vt 0.4220 0.6156
vt 0.4211 0.6156
vt 0.4249 0.6222
vt 0.6412 0.6539
vt 0.6423 0.6538
vt 0.6420 0.6547
vt 0.6423 0.6421
vt 0.6412 0.6420
vt 0.6432 0.3000
vt 0.6478 0.3020
vt 0.6480 0.3012
vt 0.6434 0.2992
vt 0.5147 0.6504
vt 0.5140 0.6455
vt 0.5148 0.6453
vt 0.5154 0.6502
vt 0.5288 0.6455
vt 0.5281 0.6504
vt 0.5273 0.6502
vt 0.5280 0.6453
vt 0.6469 0.3100
vt 0.6515 0.3119
vt 0.6513 0.3127
vt 0.6467 0.3107
vt 0.6535 0.6538
vt 0.6535 0.6547
vt 0.5272 0.6512
vt 0.5156 0.6512
vt 0.6535 0.6421
vt 0.6420 0.6412
vt 0.6535 0.6412
vt 0.6179 0.6565
vt 0.6179 0.6432
vt 0.6129 0.6439
vt 0.6129 0.6558
vt 0.6515 0.2884
vt 0.6465 0.2878
vt 0.6432 0.3235
vt 0.6482 0.3242
vt 0.0151 0.8882
vt 0.0162 0.8881
vt 0.0158 0.8890
vt 0.0162 0.8764
vt 0.0151 0.8763
vt 0.8735 0.4414
vt 0.8781 0.4433
vt 0.8783 0.4426
vt 0.8737 0.4406
vt 0.0380 0.8807
vt 0.0373 0.8757
vt 0.0381 0.8755
vt 0.0388 0.8805
vt 0.0521 0.8757
vt 0.0515 0.8807
vt 0.0507 0.8805
vt 0.0514 0.8755
vt 0.8771 0.5059
vt 0.8817 0.5078
vt 0.8815 0.5086
vt 0.8769 0.5066
vt 0.0274 0.8881
vt 0.0273 0.8890
vt 0.0506 0.8814
vt 0.0389 0.8814
vt 0.0274 0.8764
vt 0.0158 0.8755
vt 0.0273 0.8755
vt 0.5270 0.8666
vt 0.5270 0.8533
vt 0.5221 0.8540
vt 0.5221 0.8659
vt 0.8817 0.4298
vt 0.8768 0.4291
vt 0.8735 0.5195
vt 0.8784 0.5201
vt 0.8852 0.8490
vt 0.8852 0.8250
vt 0.8735 0.8250
vt 0.8735 0.8490
vt 0.1257 0.3032
vt 0.1257 0.2797
vt 0.1141 0.2797
vt 0.1141 0.3032
vt 0.0313 0.6761
vt 0.0323 0.6760
vt 0.0320 0.6769
vt 0.0323 0.6643
vt 0.0313 0.6642
vt 0.0050 0.6757
vt 0.0096 0.6776
vt 0.0098 0.6769
vt 0.0052 0.6749
vt 0.0521 0.6686
vt 0.0515 0.6636
vt 0.0522 0.6634
vt 0.0529 0.6684
vt 0.0663 0.6636
vt 0.0656 0.6686
vt 0.0648 0.6684
vt 0.0655 0.6634
vt 0.0773 0.6634
vt 0.0819 0.6654
vt 0.0817 0.6661
vt 0.0771 0.6642
vt 0.0436 0.6760
vt 0.0435 0.6769
vt 0.0647 0.6694
vt 0.0530 0.6694
vt 0.0436 0.6643
vt 0.0320 0.6634
vt 0.0435 0.6634
vt 0.6442 0.6767
vt 0.6442 0.6634
vt 0.6392 0.6641
vt 0.6392 0.6760
vt 0.0132 0.6641
vt 0.0083 0.6634
vt 0.0737 0.6770
vt 0.0786 0.6776
vt 0.6529 0.6329
vt 0.6529 0.6089
vt 0.6412 0.6089
vt 0.6412 0.6329
vt 0.2797 0.6634
vt 0.2797 0.6679
vt 0.2863 0.6679
vt 0.2863 0.6634
vt 0.3468 0.5984
vt 0.3423 0.5984
vt 0.3423 0.5907
vt 0.3468 0.5907
vt 0.3086 0.6679
vt 0.3086 0.6634
vt 0.3152 0.6634
vt 0.3152 0.6679
vt 0.3019 0.6679
vt 0.3019 0.6634
vt 0.6594 0.3237
vt 0.6639 0.3237
vt 0.6639 0.3160
vt 0.6594 0.3160
vt 0.2930 0.6679
vt 0.2930 0.6634
vt 0.6799 0.2419
vt 0.6765 0.2478
vt 0.6770 0.2486
vt 0.6808 0.2419
vt 0.6765 0.2360
vt 0.6697 0.2478
vt 0.6770 0.2352
vt 0.6697 0.2360
vt 0.6693 0.2352
vt 0.6663 0.2419
vt 0.6655 0.2419
vt 0.6693 0.2486
vt 0.5362 0.6774
vt 0.5372 0.6772
vt 0.5369 0.6790
vt 0.5372 0.6531
vt 0.5362 0.6529
vt 0.4930 0.6554
vt 0.4944 0.6600
vt 0.4960 0.6602
vt 0.4946 0.6556
vt 0.5578 0.6605
vt 0.5564 0.6556
vt 0.5580 0.6554
vt 0.5594 0.6603
vt 0.5869 0.6556
vt 0.5855 0.6605
vt 0.5839 0.6603
vt 0.5853 0.6554
vt 0.4671 0.6600
vt 0.4685 0.6554
vt 0.4669 0.6556
vt 0.4655 0.6602
vt 0.5485 0.6772
vt 0.5484 0.6790
vt 0.5837 0.6613
vt 0.5596 0.6613
vt 0.5485 0.6531
vt 0.5369 0.6513
vt 0.5484 0.6513
vt 0.6302 0.6666
vt 0.6302 0.6533
vt 0.6251 0.6540
vt 0.6251 0.6659
vt 0.8755 0.6493
vt 0.8755 0.6626
vt 0.8807 0.6619
vt 0.8807 0.6500
vt 0.0898 0.8889
vt 0.0909 0.8887
vt 0.0906 0.8904
vt 0.0909 0.8652
vt 0.0898 0.8650
vt 0.1409 0.8634
vt 0.1423 0.8680
vt 0.1439 0.8682
vt 0.1425 0.8636
vt 0.1538 0.8685
vt 0.1524 0.8636
vt 0.1540 0.8634
vt 0.1554 0.8683
vt 0.1823 0.8636
vt 0.1809 0.8685
vt 0.1793 0.8683
vt 0.1807 0.8634
vt 0.1156 0.8680
vt 0.1170 0.8634
vt 0.1155 0.8636
vt 0.1141 0.8682
vt 0.1022 0.8887
vt 0.1021 0.8904
vt 0.1791 0.8693
vt 0.1556 0.8693
vt 0.1022 0.8652
vt 0.0906 0.8634
vt 0.1021 0.8634
vt 0.1960 0.8767
vt 0.1960 0.8634
vt 0.1908 0.8641
vt 0.1908 0.8760
vt 0.8715 0.8694
vt 0.8715 0.8827
vt 0.8766 0.8820
vt 0.8766 0.8701
vt 0.8392 0.2903
vt 0.8402 0.2902
vt 0.8399 0.2911
vt 0.8402 0.2785
vt 0.8392 0.2784
vt 0.5766 0.6817
vt 0.5812 0.6837
vt 0.5814 0.6829
vt 0.5768 0.6810
vt 0.0521 0.6827
vt 0.0515 0.6778
vt 0.0522 0.6776
vt 0.0529 0.6825
vt 0.0663 0.6778
vt 0.0656 0.6827
vt 0.0648 0.6825
vt 0.0655 0.6776
vt 0.6812 0.3120
vt 0.6858 0.3140
vt 0.6856 0.3147
vt 0.6810 0.3128
vt 0.8515 0.2902
vt 0.8514 0.2911
vt 0.0647 0.6835
vt 0.0530 0.6835
vt 0.8515 0.2785
vt 0.8399 0.2777
vt 0.8514 0.2777
vt 0.5291 0.6727
vt 0.5291 0.6594
vt 0.5241 0.6601
vt 0.5241 0.6720
vt 0.5848 0.6701
vt 0.5799 0.6695
vt 0.6776 0.3256
vt 0.6825 0.3262
vt 0.1706 0.3052
vt 0.1717 0.3049
vt 0.1714 0.3067
vt 0.1717 0.2815
vt 0.1706 0.2812
vt 0.2177 0.2797
vt 0.2191 0.2843
vt 0.2206 0.2845
vt 0.2192 0.2799
vt 0.2306 0.2848
vt 0.2292 0.2799
vt 0.2308 0.2797
vt 0.2321 0.2846
vt 0.2590 0.2799
vt 0.2576 0.2848
vt 0.2561 0.2846
vt 0.2575 0.2797
vt 0.1924 0.2843
vt 0.1938 0.2797
vt 0.1922 0.2799
vt 0.1908 0.2845
vt 0.1829 0.3049
vt 0.1829 0.3067
vt 0.2558 0.2856
vt 0.2324 0.2856
vt 0.1829 0.2815
vt 0.1714 0.2797
vt 0.1829 0.2797
vt 0.1960 0.3051
vt 0.1960 0.2918
vt 0.1908 0.2925
vt 0.1908 0.3044
vt 0.2050 0.2918
vt 0.2050 0.3051
vt 0.2101 0.3044
vt 0.2101 0.2925
vt 0.6796 0.2835
vt 0.6806 0.2833
vt 0.6803 0.2851
vt 0.6806 0.2593
vt 0.6796 0.2591
vt 0.6021 0.6432
vt 0.6035 0.6478
vt 0.6051 0.6480
vt 0.6037 0.6434
vt 0.1781 0.8908
vt 0.1767 0.8858
vt 0.1783 0.8856
vt 0.1797 0.8906
vt 0.2072 0.8858
vt 0.2058 0.8908
vt 0.2042 0.8906
vt 0.2056 0.8856
vt 0.5762 0.6478
vt 0.5776 0.6432
vt 0.5760 0.6434
vt 0.5746 0.6480
vt 0.6919 0.2833
vt 0.6918 0.2851
vt 0.2040 0.8915
vt 0.1799 0.8915
vt 0.6919 0.2593
vt 0.6803 0.2575
vt 0.6918 0.2575
vt 0.8827 0.4970
vt 0.8827 0.4837
vt 0.8775 0.4844
vt 0.8775 0.4963
vt 0.8856 0.5483
vt 0.8856 0.5616
vt 0.8907 0.5609
vt 0.8907 0.5490
vt 0.4817 0.8571
vt 0.4827 0.8569
vt 0.4824 0.8587
vt 0.4827 0.8329
vt 0.4817 0.8327
vt 0.4425 0.8270
vt 0.4439 0.8316
vt 0.4455 0.8318
vt 0.4441 0.8272
vt 0.4124 0.8443
vt 0.4110 0.8394
vt 0.4126 0.8392
vt 0.4140 0.8441
vt 0.4415 0.8394
vt 0.4401 0.8443
vt 0.4385 0.8441
vt 0.4399 0.8392
vt 0.4166 0.8316
vt 0.4180 0.8270
vt 0.4164 0.8272
vt 0.4150 0.8318
vt 0.4940 0.8569
vt 0.4939 0.8587
vt 0.4382 0.8451
vt 0.4142 0.8451
vt 0.4940 0.8329
vt 0.4824 0.8311
vt 0.4939 0.8311
vt 0.4585 0.8403
vt 0.4585 0.8270
vt 0.4534 0.8277
vt 0.4534 0.8396
vt 0.5281 0.8311
vt 0.5281 0.8443
vt 0.5333 0.8437
vt 0.5333 0.8318
vt 0.2267 0.8973
vt 0.2267 0.8856
vt 0.2151 0.8856
vt 0.2151 0.8973
vt 0.5564 0.6950
vt 0.5574 0.6948
vt 0.5571 0.6965
vt 0.5574 0.6713
vt 0.5564 0.6711
vt 0.5105 0.6715
vt 0.5119 0.6761
vt 0.5135 0.6763
vt 0.5121 0.6717
vt 0.2811 0.6807
vt 0.2797 0.6758
vt 0.2812 0.6756
vt 0.2826 0.6805
vt 0.3095 0.6758
vt 0.3081 0.6807
vt 0.3066 0.6805
vt 0.3079 0.6756
vt 0.4852 0.6761
vt 0.4866 0.6715
vt 0.4851 0.6717
vt 0.4837 0.6763
vt 0.5687 0.6948
vt 0.5686 0.6965
vt 0.3063 0.6815
vt 0.2829 0.6815
vt 0.5687 0.6713
vt 0.5571 0.6695
vt 0.5686 0.6695
vt 0.3293 0.6767
vt 0.3293 0.6634
vt 0.3241 0.6641
vt 0.3241 0.6760
vt 0.2050 0.8634
vt 0.2050 0.8767
vt 0.2101 0.8760
vt 0.2101 0.8641
vt 0.8650 0.6450
vt 0.8650 0.6210
vt 0.8533 0.6210
vt 0.8533 0.6450
vt 0.5261 0.6357
vt 0.5271 0.6356
vt 0.5268 0.6365
vt 0.5271 0.6239
vt 0.5261 0.6238
vt 0.5746 0.6333
vt 0.5792 0.6352
vt 0.5794 0.6345
vt 0.5748 0.6325
vt 0.5470 0.6282
vt 0.5463 0.6232
vt 0.5471 0.6230
vt 0.5478 0.6280
vt 0.5611 0.6232
vt 0.5604 0.6282
vt 0.5597 0.6280
vt 0.5603 0.6230
vt 0.6328 0.2777
vt 0.6373 0.2796
vt 0.6371 0.2804
vt 0.6326 0.2784
vt 0.5384 0.6356
vt 0.5383 0.6365
vt 0.5595 0.6290
vt 0.5479 0.6290
vt 0.5384 0.6239
vt 0.5268 0.6230
vt 0.5383 0.6230
vt 0.6341 0.6404
vt 0.6341 0.6271
vt 0.6291 0.6278
vt 0.6291 0.6397
vt 0.5828 0.6216
vt 0.5779 0.6210
vt 0.6291 0.2912
vt 0.6341 0.2919
vt 0.8533 0.5670
vt 0.8543 0.5669
vt 0.8540 0.5678
vt 0.8543 0.5553
vt 0.8533 0.5551
vt 0.8533 0.5888
vt 0.8579 0.5908
vt 0.8581 0.5900
vt 0.8535 0.5881
vt 0.8520 0.8625
vt 0.8513 0.8575
vt 0.8520 0.8573
vt 0.8527 0.8623
vt 0.8661 0.8575
vt 0.8654 0.8625
vt 0.8646 0.8623
vt 0.8653 0.8573
vt 0.8569 0.5988
vt 0.8615 0.6008
vt 0.8613 0.6015
vt 0.8567 0.5996
vt 0.8656 0.5669
vt 0.8655 0.5678
vt 0.8645 0.8633
vt 0.8528 0.8633
vt 0.8656 0.5553
vt 0.8540 0.5544
vt 0.8655 0.5544
vt 0.6361 0.7353
vt 0.6361 0.7220
vt 0.6311 0.7227
vt 0.6311 0.7346
vt 0.8615 0.5772
vt 0.8566 0.5766
vt 0.8533 0.6124
vt 0.8582 0.6130
vt 0.8735 0.6095
vt 0.8745 0.6093
vt 0.8742 0.6102
vt 0.8745 0.5977
vt 0.8735 0.5976
vt 0.8735 0.6393
vt 0.8781 0.6413
vt 0.8783 0.6405
vt 0.8737 0.6386
vt 0.8701 0.3777
vt 0.8694 0.3728
vt 0.8702 0.3726
vt 0.8709 0.3775
vt 0.8843 0.3728
vt 0.8836 0.3777
vt 0.8828 0.3775
vt 0.8835 0.3726
vt 0.8792 0.5281
vt 0.8838 0.5301
vt 0.8836 0.5308
vt 0.8790 0.5289
vt 0.8858 0.6093
vt 0.8857 0.6102
vt 0.8827 0.3785
vt 0.8710 0.3785
vt 0.8858 0.5977
vt 0.8742 0.5968
vt 0.8857 0.5968
vt 0.3170 0.8868
vt 0.3170 0.8735
vt 0.3120 0.8742
vt 0.3120 0.8861
vt 0.8817 0.6277
vt 0.8768 0.6271
vt 0.8755 0.5417
vt 0.8805 0.5423
vt 0.2736 0.0083
vt 0.6028 0.0083
vt 0.6028 0.3237
vt 0.2736 0.3237
vt 0.2736 0.0064
vt 0.6028 0.0064
vt 0.6028 0.3256
vt 0.2736 0.3256
vt 0.2736 0.0050
vt 0.6028 0.0050
vt 0.7744 0.0050
vt 0.7744 0.3342
vt 0.7725 0.3342
vt 0.7725 0.0050
vt 0.8283 0.0050
vt 0.8283 0.3342
vt 0.8302 0.0050
vt 0.8302 0.3342
vt 0.6028 0.3270
vt 0.2736 0.3270
vt 0.7866 0.3423
vt 0.7866 0.6715
vt 0.7886 0.6715
vt 0.7886 0.3423
vt 0.3342 0.6529
vt 0.0050 0.6529
vt 0.0050 0.6548
vt 0.3342 0.6548
vt 0.3342 0.3375
vt 0.0050 0.3375
vt 0.3342 0.3356
vt 0.0050 0.3356
vt 0.3342 0.3342
vt 0.0050 0.3342
vt 0.8424 0.6715
vt 0.8424 0.3423
vt 0.8443 0.6715
vt 0.8443 0.3423
vt 0.0050 0.6563
vt 0.3342 0.6563
vt 0.3261 0.7851
vt 0.3242 0.7846
vt 0.3241 0.7854
vt 0.3257 0.7858
vt 0.0088 0.7846
vt 0.0089 0.7854
vt 0.0069 0.7851
vt 0.0073 0.7858
vt 0.3276 0.7865
vt 0.3269 0.7869
vt 0.0050 0.8423
vt 0.0055 0.8442
vt 0.0062 0.8438
vt 0.0058 0.8422
vt 0.0055 0.7865
vt 0.0050 0.7885
vt 0.0058 0.7886
vt 0.0062 0.7869
vt 0.3281 0.7885
vt 0.3273 0.7886
vt 0.3242 0.8462
vt 0.3261 0.8456
vt 0.3257 0.8450
vt 0.3241 0.8454
vt 0.0088 0.8462
vt 0.0089 0.8454
vt 0.0069 0.8456
vt 0.0073 0.8450
vt 0.3281 0.8423
vt 0.3273 0.8422
vt 0.3276 0.8442
vt 0.3269 0.8438
vt 0.3241 0.9141
vt 0.3257 0.9136
vt 0.3261 0.9143
vt 0.3242 0.9148
vt 0.0089 0.9141
vt 0.0088 0.9148
vt 0.0073 0.9136
vt 0.0069 0.9143
vt 0.0062 0.9125
vt 0.0055 0.9129
vt 0.3269 0.9125
vt 0.3276 0.9129
vt 0.0058 0.9109
vt 0.0050 0.9110
vt 0.3269 0.8556
vt 0.3257 0.8545
vt 0.3261 0.8538
vt 0.3276 0.8552
vt 0.3273 0.8572
vt 0.3281 0.8571
vt 0.3273 0.9109
vt 0.3281 0.9110
vt 0.0058 0.8572
vt 0.0050 0.8571
vt 0.0073 0.8545
vt 0.0062 0.8556
vt 0.0055 0.8552
vt 0.0069 0.8538
vt 0.0089 0.8541
vt 0.0088 0.8533
vt 0.3241 0.8541
vt 0.3242 0.8533
vt 0.3239 0.9120
vt 0.3247 0.9118
vt 0.0092 0.9120
vt 0.0084 0.9118
vt 0.0080 0.9115
vt 0.3251 0.9115
vt 0.0078 0.9106
vt 0.3251 0.8567
vt 0.3247 0.8563
vt 0.3253 0.8575
vt 0.3253 0.9106
vt 0.0078 0.8575
vt 0.0084 0.8563
vt 0.0080 0.8567
vt 0.0092 0.8561
vt 0.3239 0.8561
vt 0.7240 0.6618
vt 0.7240 0.6626
vt 0.7317 0.6626
vt 0.7317 0.6618
vt 0.7240 0.9773
vt 0.7317 0.9773
vt 0.7240 0.6614
vt 0.7317 0.6614
vt 0.7240 0.9781
vt 0.7317 0.9781
vt 0.7240 0.9785
vt 0.7317 0.9785
vt 0.4015 0.8953
vt 0.4006 0.8953
vt 0.4006 0.8876
vt 0.4015 0.8876
vt 0.4629 0.8876
vt 0.4098 0.8876
vt 0.4098 0.8953
vt 0.4629 0.8953
vt 0.4089 0.8876
vt 0.4089 0.8953
vt 0.3475 0.8953
vt 0.3475 0.8876
vt 0.7479 0.6623
vt 0.7479 0.9769
vt 0.7402 0.9769
vt 0.7402 0.6623
vt 0.7479 0.9778
vt 0.7402 0.9778
vt 0.4641 0.8876
vt 0.4638 0.8876
vt 0.4638 0.8953
vt 0.4641 0.8953
vt 0.3467 0.8953
vt 0.3463 0.8953
vt 0.3463 0.8876
vt 0.3467 0.8876
vt 0.7479 0.6614
vt 0.7402 0.6614
vt 0.3241 0.7886
vt 0.0089 0.7886
vt 0.0089 0.8422
vt 0.3241 0.8422
vt 0.6532 0.9333
vt 0.6526 0.9323
vt 0.6535 0.9329
vt 0.6522 0.9324
vt 0.6523 0.9335
vt 0.3377 0.9335
vt 0.3378 0.9324
vt 0.3374 0.9323
vt 0.3368 0.9333
vt 0.6537 0.9321
vt 0.6527 0.9319
vt 0.3374 0.8787
vt 0.3373 0.8791
vt 0.3362 0.8790
vt 0.3365 0.8781
vt 0.3373 0.9319
vt 0.3362 0.9321
vt 0.3365 0.9329
vt 0.6527 0.8791
vt 0.6526 0.8787
vt 0.6535 0.8781
vt 0.6537 0.8790
vt 0.6532 0.8778
vt 0.6522 0.8786
vt 0.6523 0.8775
vt 0.3378 0.8786
vt 0.3377 0.8775
vt 0.3368 0.8778
vt 0.7640 0.9762
vt 0.7640 0.9766
vt 0.7563 0.9766
vt 0.7563 0.9762
vt 0.7640 0.6614
vt 0.7640 0.6618
vt 0.7563 0.6618
vt 0.7563 0.6614
vt 0.7730 0.9950
vt 0.8259 0.9950
vt 0.8263 0.9949
vt 0.8264 0.9945
vt 0.8264 0.6801
vt 0.8263 0.6797
vt 0.8259 0.6796
vt 0.7730 0.6796
vt 0.7726 0.6797
vt 0.7725 0.6801
vt 0.7725 0.9945
vt 0.7726 0.9949
vt 0.5248 0.8876
vt 0.4720 0.8876
vt 0.4720 0.8953
vt 0.5248 0.8953
vt 0.4716 0.8876
vt 0.4716 0.8953
vt 0.5252 0.8876
vt 0.5252 0.8953
vt 0.5878 0.8953
vt 0.5874 0.8953
vt 0.5874 0.8876
vt 0.5878 0.8876
vt 0.5346 0.8953
vt 0.5346 0.8876
vt 0.5342 0.8953
vt 0.5342 0.8876
vt 0.8351 0.6796
vt 0.8351 0.6800
vt 0.8428 0.6800
vt 0.8428 0.6796
vt 0.8351 0.9944
vt 0.8428 0.9944
vt 0.8351 0.9948
vt 0.8428 0.9948
vt 0.0595 0.8983
vt 0.0606 0.8982
vt 0.0603 0.8991
vt 0.0606 0.8865
vt 0.0595 0.8864
vt 0.8856 0.3141
vt 0.8902 0.3161
vt 0.8904 0.3153
vt 0.8858 0.3134
vt 0.8762 0.4181
vt 0.8755 0.4132
vt 0.8763 0.4130
vt 0.8770 0.4179
vt 0.8903 0.4132
vt 0.8896 0.4181
vt 0.8889 0.4179
vt 0.8896 0.4130
vt 0.8893 0.5705
vt 0.8939 0.5725
vt 0.8937 0.5732
vt 0.8891 0.5713
vt 0.0719 0.8982
vt 0.0718 0.8991
vt 0.8888 0.4189
vt 0.8771 0.4189
vt 0.0719 0.8865
vt 0.0603 0.8856
vt 0.0718 0.8856
vt 0.8906 0.7838
vt 0.8906 0.7705
vt 0.8856 0.7712
vt 0.8856 0.7831
vt 0.8939 0.3025
vt 0.8889 0.3019
vt 0.8856 0.5841
vt 0.8906 0.5847
vt 0.0510 0.2914
vt 0.0510 0.2797
vt 0.0393 0.2797
vt 0.0393 0.2914
vt 0.1343 0.2924
vt 0.1353 0.2922
vt 0.1350 0.2931
vt 0.1353 0.2806
vt 0.1343 0.2805
vt 0.1545 0.2919
vt 0.1591 0.2939
vt 0.1593 0.2931
vt 0.1547 0.2912
vt 0.1976 0.3192
vt 0.1969 0.3142
vt 0.1977 0.3140
vt 0.1983 0.3190
vt 0.2117 0.3142
vt 0.2110 0.3192
vt 0.2102 0.3190
vt 0.2109 0.3140
vt 0.3460 0.4635
vt 0.3505 0.4654
vt 0.3503 0.4662
vt 0.3457 0.4642
vt 0.1466 0.2922
vt 0.1465 0.2931
vt 0.2101 0.3199
vt 0.1985 0.3199
vt 0.1466 0.2806
vt 0.1350 0.2797
vt 0.1465 0.2797
vt 0.0100 0.2930
vt 0.0100 0.2797
vt 0.0050 0.2804
vt 0.0050 0.2923
vt 0.1627 0.2803
vt 0.1578 0.2797
vt 0.3423 0.4771
vt 0.3473 0.4777
vt 0.7462 0.2974
vt 0.7467 0.2974
vt 0.7467 0.2231
vt 0.7462 0.2231
vt 0.4049 0.7810
vt 0.4049 0.7806
vt 0.4407 0.7806
vt 0.4407 0.7810
vt 0.7548 0.2954
vt 0.7543 0.2954
vt 0.7543 0.2211
vt 0.7548 0.2211
vt 0.4049 0.7907
vt 0.4049 0.7911
vt 0.4407 0.7911
vt 0.4407 0.7907
vt 0.3957 0.7714
vt 0.3957 0.8080
vt 0.3961 0.8076
vt 0.3961 0.7718
vt 0.3952 0.7709
vt 0.3952 0.8086
vt 0.3948 0.7705
vt 0.3948 0.8089
vt 0.4713 0.7709
vt 0.4717 0.7705
vt 0.4708 0.7714
vt 0.4704 0.7718
vt 0.4708 0.8080
vt 0.4704 0.8076
vt 0.4713 0.8086
vt 0.4717 0.8089
vt 0.6998 0.5141
vt 0.7011 0.5141
vt 0.7011 0.4372
vt 0.6998 0.4372
vt 0.4796 0.7988
vt 0.4796 0.8000
vt 0.5181 0.8000
vt 0.5181 0.7988
vt 0.7011 0.5990
vt 0.6998 0.5990
vt 0.6998 0.5221
vt 0.7011 0.5221
vt 0.5261 0.8000
vt 0.5261 0.7988
vt 0.5646 0.7988
vt 0.5646 0.8000
vt 0.8533 0.4190
vt 0.8533 0.4260
vt 0.8600 0.4260
vt 0.8600 0.4190
vt 0.8602 0.4409
vt 0.8533 0.4409
vt 0.8533 0.4332
vt 0.8602 0.4332
vt 0.8600 0.4563
vt 0.8600 0.4493
vt 0.8666 0.4493
vt 0.8666 0.4563
vt 0.8533 0.4563
vt 0.8533 0.4493
vt 0.8533 0.4712
vt 0.8602 0.4712
vt 0.8602 0.4635
vt 0.8533 0.4635
vt 0.8666 0.4260
vt 0.8666 0.4190
vt 0.8678 0.4863
vt 0.8644 0.4922
vt 0.8648 0.4930
vt 0.8687 0.4863
vt 0.8644 0.4804
vt 0.8576 0.4922
vt 0.8648 0.4796
vt 0.8576 0.4804
vt 0.8571 0.4796
vt 0.8542 0.4863
vt 0.8533 0.4863
vt 0.8571 0.4930
vt 0.2187 0.7135
vt 0.2187 0.7018
vt 0.2070 0.7018
vt 0.2070 0.7135
vt 0.8831 0.3358
vt 0.8831 0.3241
vt 0.8715 0.3241
vt 0.8715 0.3358
vt 0.5079 0.8349
vt 0.5090 0.8347
vt 0.5087 0.8365
vt 0.5090 0.8107
vt 0.5079 0.8105
vt 0.5455 0.8190
vt 0.5469 0.8235
vt 0.5485 0.8238
vt 0.5471 0.8192
vt 0.3781 0.8322
vt 0.3766 0.8272
vt 0.3782 0.8270
vt 0.3797 0.8320
vt 0.4071 0.8272
vt 0.4057 0.8322
vt 0.4041 0.8320
vt 0.4056 0.8270
vt 0.5196 0.8235
vt 0.5210 0.8190
vt 0.5194 0.8192
vt 0.5180 0.8238
vt 0.5202 0.8347
vt 0.5201 0.8365
vt 0.4039 0.8330
vt 0.3799 0.8330
vt 0.5202 0.8107
vt 0.5087 0.8089
vt 0.5201 0.8089
vt 0.4545 0.7939
vt 0.4545 0.7806
vt 0.4493 0.7813
vt 0.4493 0.7932
vt 0.3807 0.7947
vt 0.3807 0.8080
vt 0.3858 0.8073
vt 0.3858 0.7954
vt 0.0151 0.8634
vt 0.0151 0.8679
vt 0.0218 0.8679
vt 0.0218 0.8634
vt 0.7649 0.1864
vt 0.7604 0.1864
vt 0.7604 0.1787
vt 0.7649 0.1787
vt 0.0460 0.8679
vt 0.0460 0.8634
vt 0.0527 0.8634
vt 0.0527 0.8679
vt 0.0393 0.8679
vt 0.0393 0.8634
vt 0.7604 0.2025
vt 0.7649 0.2025
vt 0.7649 0.1949
vt 0.7604 0.1949
vt 0.0284 0.8679
vt 0.0284 0.8634
vt 0.0781 0.8700
vt 0.0747 0.8759
vt 0.0751 0.8767
vt 0.0790 0.8700
vt 0.0747 0.8642
vt 0.0679 0.8759
vt 0.0751 0.8634
vt 0.0679 0.8642
vt 0.0674 0.8634
vt 0.0645 0.8700
vt 0.0636 0.8700
vt 0.0674 0.8767
vt 0.6109 0.3257
vt 0.6120 0.3255
vt 0.6117 0.3268
vt 0.6120 0.3092
vt 0.6109 0.3090
vt 0.6074 0.6311
vt 0.6084 0.6357
vt 0.6095 0.6359
vt 0.6085 0.6313
vt 0.5473 0.6423
vt 0.5463 0.6374
vt 0.5474 0.6372
vt 0.5483 0.6421
vt 0.5670 0.6374
vt 0.5661 0.6423
vt 0.5650 0.6421
vt 0.5660 0.6372
vt 0.5898 0.6357
vt 0.5908 0.6311
vt 0.5897 0.6313
vt 0.5887 0.6359
vt 0.6233 0.3255
vt 0.6232 0.3268
vt 0.5648 0.6431
vt 0.5485 0.6431
vt 0.6233 0.3092
vt 0.6117 0.3080
vt 0.6232 0.3080
vt 0.6362 0.3132
vt 0.6362 0.2999
vt 0.6311 0.3006
vt 0.6311 0.3125
vt 0.5948 0.6554
vt 0.5948 0.6686
vt 0.5998 0.6679
vt 0.5998 0.6560
vt 0.1726 0.7003
vt 0.1737 0.7002
vt 0.1734 0.7011
vt 0.1737 0.6886
vt 0.1726 0.6884
vt 0.1928 0.6999
vt 0.1974 0.7019
vt 0.1976 0.7011
vt 0.1930 0.6992
vt 0.2097 0.6928
vt 0.2090 0.6879
vt 0.2098 0.6877
vt 0.2105 0.6926
vt 0.2238 0.6879
vt 0.2231 0.6928
vt 0.2224 0.6926
vt 0.2230 0.6877
vt 0.2349 0.6877
vt 0.2395 0.6896
vt 0.2393 0.6904
vt 0.2347 0.6884
vt 0.1850 0.7002
vt 0.1849 0.7011
vt 0.2222 0.6936
vt 0.2106 0.6936
vt 0.1850 0.6886
vt 0.1734 0.6877
vt 0.1849 0.6877
vt 0.2847 0.7030
vt 0.2847 0.6897
vt 0.2797 0.6904
vt 0.2797 0.7023
vt 0.2011 0.6883
vt 0.1961 0.6877
vt 0.2312 0.7012
vt 0.2362 0.7019
vt 0.5907 0.6216
vt 0.5918 0.6215
vt 0.5915 0.6223
vt 0.5918 0.6098
vt 0.5907 0.6097
vt 0.3423 0.5363
vt 0.3469 0.5383
vt 0.3471 0.5375
vt 0.3425 0.5356
vt 0.5046 0.6262
vt 0.5039 0.6212
vt 0.5047 0.6210
vt 0.5053 0.6260
vt 0.5187 0.6212
vt 0.5180 0.6262
vt 0.5172 0.6260
vt 0.5179 0.6210
vt 0.3460 0.5463
vt 0.3505 0.5482
vt 0.3503 0.5490
vt 0.3457 0.5470
vt 0.6031 0.6215
vt 0.6030 0.6223
vt 0.5171 0.6269
vt 0.5055 0.6269
vt 0.6031 0.6098
vt 0.5915 0.6089
vt 0.6030 0.6089
vt 0.3473 0.5818
vt 0.3473 0.5685
vt 0.3423 0.5692
vt 0.3423 0.5811
vt 0.3505 0.5247
vt 0.3456 0.5241
vt 0.3423 0.5599
vt 0.3473 0.5605
vt 0.0470 0.9013
vt 0.0470 0.8896
vt 0.0353 0.8896
vt 0.0353 0.9013
vt 0.5539 0.8428
vt 0.5539 0.8311
vt 0.5422 0.8311
vt 0.5422 0.8428
vt 0.8973 0.8814
vt 0.8973 0.8573
vt 0.8856 0.8573
vt 0.8856 0.8814
vt 0.8650 0.6650
vt 0.8650 0.6533
vt 0.8533 0.6533
vt 0.8533 0.6650
vt 0.8811 0.3641
vt 0.8811 0.3524
vt 0.8694 0.3524
vt 0.8694 0.3641
vt 0.0853 0.3037
vt 0.0853 0.2797
vt 0.0737 0.2797
vt 0.0737 0.3037
vt 0.6226 0.7337
vt 0.6226 0.7220
vt 0.6109 0.7220
vt 0.6109 0.7337
vt 0.7579 0.3176
vt 0.7579 0.3059
vt 0.7462 0.3059
vt 0.7462 0.3176
vt 0.8650 0.4108
vt 0.8650 0.3867
vt 0.8533 0.3867
vt 0.8533 0.4108
vt 0.0781 0.3241
vt 0.0770 0.3241
vt 0.0770 0.3260
vt 0.0781 0.3260
vt 0.0819 0.3241
vt 0.0819 0.3260
vt 0.0757 0.3241
vt 0.0757 0.3260
vt 0.3234 0.6950
vt 0.3224 0.6939
vt 0.3280 0.6933
vt 0.3278 0.6950
vt 0.3278 0.6917
vt 0.3272 0.6902
vt 0.3224 0.6901
vt 0.3262 0.6889
vt 0.3201 0.6995
vt 0.3185 0.6988
vt 0.3201 0.6959
vt 0.3212 0.6974
vt 0.3217 0.6997
vt 0.3234 0.6995
vt 0.3223 0.6974
vt 0.3234 0.6963
vt 0.3249 0.6988
vt 0.3272 0.6965
vt 0.3262 0.6978
vt 0.3249 0.6879
vt 0.3234 0.6872
vt 0.3217 0.6893
vt 0.3217 0.6870
vt 0.3209 0.6893
vt 0.3201 0.6901
vt 0.3185 0.6879
vt 0.3201 0.6872
vt 0.3172 0.6889
vt 0.3162 0.6902
vt 0.3156 0.6917
vt 0.3154 0.6933
vt 0.3156 0.6950
vt 0.3162 0.6965
vt 0.3172 0.6978
vt 0.3749 0.3915
vt 0.3749 0.3954
vt 0.3726 0.3973
vt 0.3726 0.3916
vt 0.3759 0.3978
vt 0.3759 0.3964
vt 0.3738 0.3988
vt 0.3748 0.3988
vt 0.3742 0.3908
vt 0.3734 0.3908
vt 0.0971 0.3260
vt 0.0956 0.3260
vt 0.0956 0.3241
vt 0.0971 0.3241
vt 0.1826 0.2898
vt 0.1826 0.2906
vt 0.1807 0.2906
vt 0.1807 0.2898
vt 0.0898 0.3260
vt 0.0898 0.3241
vt 0.3197 0.7008
vt 0.3179 0.7000
vt 0.3217 0.7010
vt 0.3237 0.7008
vt 0.3256 0.7000
vt 0.3291 0.6953
vt 0.3284 0.6972
vt 0.3256 0.6867
vt 0.3272 0.6879
vt 0.3284 0.6895
vt 0.3291 0.6914
vt 0.3294 0.6933
vt 0.3237 0.6859
vt 0.3217 0.6857
vt 0.3143 0.6953
vt 0.3140 0.6933
vt 0.3163 0.6988
vt 0.3151 0.6972
vt 0.3197 0.6859
vt 0.3179 0.6867
vt 0.3163 0.6879
vt 0.3151 0.6895
vt 0.3143 0.6914
vt 0.3272 0.6988
vt 0.4431 0.6267
vt 0.4431 0.6285
vt 0.4413 0.6285
vt 0.4413 0.6267
vt 0.4431 0.6305
vt 0.4413 0.6305
vt 0.4431 0.6325
vt 0.4413 0.6325
vt 0.4431 0.6343
vt 0.4413 0.6343
vt 0.2467 0.2957
vt 0.2467 0.2938
vt 0.2486 0.2938
vt 0.2486 0.2957
vt 0.2447 0.2957
vt 0.2447 0.2938
vt 0.2427 0.2957
vt 0.2427 0.2938
vt 0.2409 0.2957
vt 0.2409 0.2938
vt 0.2393 0.2957
vt 0.2393 0.2938
vt 0.1361 0.3176
vt 0.1361 0.3160
vt 0.1343 0.3160
vt 0.1343 0.3176
vt 0.1361 0.3195
vt 0.1343 0.3195
vt 0.1361 0.3215
vt 0.1343 0.3215
vt 0.2427 0.3181
vt 0.2427 0.3199
vt 0.2447 0.3199
vt 0.2447 0.3181
vt 0.2409 0.3181
vt 0.2409 0.3199
vt 0.2393 0.3181
vt 0.2393 0.3199
vt 0.4431 0.6251
vt 0.4413 0.6251
vt 0.2467 0.3199
vt 0.2467 0.3181
vt 0.2486 0.3199
vt 0.2486 0.3181
vt 0.2502 0.3199
vt 0.2502 0.3181
vt 0.1361 0.3269
vt 0.1361 0.3253
vt 0.1343 0.3253
vt 0.1343 0.3269
vt 0.1361 0.3235
vt 0.1343 0.3235
vt 0.2502 0.2938
vt 0.2502 0.2957
vt 0.4431 0.6359
vt 0.4413 0.6359
vt 0.2575 0.2938
vt 0.2575 0.2949
vt 0.2594 0.2949
vt 0.2594 0.2938
vt 0.2575 0.2959
vt 0.2594 0.2959
vt 0.1826 0.2914
vt 0.1826 0.2921
vt 0.1807 0.2921
vt 0.1807 0.2914
vt 0.1495 0.3174
vt 0.1477 0.3169
vt 0.1475 0.3179
vt 0.1493 0.3184
vt 0.1498 0.3165
vt 0.1480 0.3160
vt 0.2584 0.3182
vt 0.2584 0.3200
vt 0.2575 0.3202
vt 0.2575 0.3184
vt 0.2594 0.3181
vt 0.2594 0.3199
vt 0.2605 0.3181
vt 0.2605 0.3199
vt 0.2616 0.3181
vt 0.2616 0.3199
vt 0.2627 0.3182
vt 0.2627 0.3200
vt 0.2635 0.3184
vt 0.2635 0.3202
vt 0.3607 0.3958
vt 0.3625 0.3963
vt 0.3623 0.3971
vt 0.3605 0.3966
vt 0.3610 0.3948
vt 0.3628 0.3953
vt 0.3613 0.3937
vt 0.3631 0.3942
vt 0.3616 0.3926
vt 0.3634 0.3931
vt 0.3618 0.3916
vt 0.3636 0.3921
vt 0.3621 0.3908
vt 0.3639 0.3913
vt 0.0463 0.3241
vt 0.0463 0.3222
vt 0.0454 0.3224
vt 0.0454 0.3242
vt 0.0473 0.3239
vt 0.0473 0.3221
vt 0.0484 0.3239
vt 0.0484 0.3221
vt 0.0495 0.3239
vt 0.0495 0.3221
vt 0.0506 0.3241
vt 0.0506 0.3222
vt 0.0515 0.3242
vt 0.0515 0.3224
vt 0.1484 0.3215
vt 0.1466 0.3210
vt 0.1464 0.3219
vt 0.1482 0.3224
vt 0.1487 0.3205
vt 0.1469 0.3200
vt 0.1490 0.3195
vt 0.1472 0.3190
vt 0.1471 0.3179
vt 0.1468 0.3189
vt 0.3629 0.3962
vt 0.3627 0.3970
vt 0.2633 0.3206
vt 0.2625 0.3205
vt 0.2615 0.3204
vt 0.2605 0.3203
vt 0.1473 0.3170
vt 0.1475 0.3162
vt 0.2586 0.3205
vt 0.2577 0.3206
vt 0.2595 0.3204
vt 0.3634 0.3943
vt 0.3632 0.3953
vt 0.3456 0.5160
vt 0.3465 0.5161
vt 0.3464 0.5165
vt 0.3454 0.5164
vt 0.3447 0.5156
vt 0.3444 0.5159
vt 0.3439 0.5150
vt 0.3435 0.5152
vt 0.3433 0.5142
vt 0.3429 0.5144
vt 0.3429 0.5132
vt 0.3424 0.5133
vt 0.3428 0.5122
vt 0.3423 0.5122
vt 0.3429 0.5112
vt 0.3424 0.5111
vt 0.3433 0.5103
vt 0.3429 0.5101
vt 0.3439 0.5094
vt 0.3435 0.5092
vt 0.3447 0.5088
vt 0.3444 0.5085
vt 0.3456 0.5084
vt 0.3454 0.5081
vt 0.3465 0.5083
vt 0.3464 0.5079
vt 0.3473 0.5092
vt 0.3465 0.5091
vt 0.3475 0.5084
vt 0.3492 0.5150
vt 0.3484 0.5156
vt 0.3481 0.5149
vt 0.3487 0.5144
vt 0.3498 0.5142
vt 0.3492 0.5138
vt 0.3502 0.5132
vt 0.3495 0.5130
vt 0.3503 0.5122
vt 0.3496 0.5122
vt 0.3495 0.5114
vt 0.3502 0.5112
vt 0.3492 0.5107
vt 0.3498 0.5103
vt 0.3487 0.5100
vt 0.3492 0.5094
vt 0.3481 0.5095
vt 0.3484 0.5088
vt 0.3458 0.5092
vt 0.3450 0.5095
vt 0.3444 0.5100
vt 0.3439 0.5107
vt 0.3436 0.5114
vt 0.3435 0.5122
vt 0.3436 0.5130
vt 0.3439 0.5138
vt 0.3444 0.5144
vt 0.3450 0.5149
vt 0.3458 0.5152
vt 0.3465 0.5153
vt 0.3475 0.5160
vt 0.3473 0.5152
vt 0.1343 0.3058
vt 0.1344 0.3052
vt 0.1349 0.3051
vt 0.1347 0.3056
vt 0.1522 0.3020
vt 0.1528 0.3021
vt 0.1525 0.3026
vt 0.1520 0.3025
vt 0.1514 0.3019
vt 0.1513 0.3024
vt 0.1506 0.3019
vt 0.1506 0.3024
vt 0.1498 0.3019
vt 0.1499 0.3024
vt 0.1490 0.3020
vt 0.1492 0.3025
vt 0.1484 0.3021
vt 0.1487 0.3026
vt 0.0116 0.3139
vt 0.0118 0.3133
vt 0.0114 0.3134
vt 0.0112 0.3140
vt 0.0114 0.3146
vt 0.0110 0.3146
vt 0.0112 0.3154
vt 0.0109 0.3153
vt 0.0110 0.3162
vt 0.0107 0.3160
vt 0.0206 0.3123
vt 0.0214 0.3120
vt 0.0216 0.3124
vt 0.0209 0.3126
vt 0.0200 0.3128
vt 0.0204 0.3131
vt 0.0195 0.3135
vt 0.0200 0.3136
vt 0.0192 0.3142
vt 0.0197 0.3143
vt 0.0191 0.3150
vt 0.0196 0.3150
vt 0.0192 0.3158
vt 0.0197 0.3157
vt 0.0195 0.3166
vt 0.0200 0.3164
vt 0.0200 0.3172
vt 0.0204 0.3169
vt 0.0206 0.3177
vt 0.0209 0.3174
vt 0.0214 0.3180
vt 0.0216 0.3176
vt 0.1348 0.3037
vt 0.1350 0.3029
vt 0.1354 0.3031
vt 0.1352 0.3038
vt 0.1346 0.3044
vt 0.1350 0.3044
vt 0.1525 0.3079
vt 0.1520 0.3078
vt 0.1402 0.3065
vt 0.1401 0.3071
vt 0.1404 0.3059
vt 0.1406 0.3052
vt 0.1407 0.3045
vt 0.1356 0.3024
vt 0.1409 0.3039
vt 0.1357 0.3019
vt 0.1411 0.3033
vt 0.0338 0.3175
vt 0.0338 0.3121
vt 0.0333 0.3122
vt 0.0333 0.3176
vt 0.0345 0.3174
vt 0.0345 0.3120
vt 0.0352 0.3174
vt 0.0352 0.3120
vt 0.0359 0.3174
vt 0.0359 0.3120
vt 0.0366 0.3175
vt 0.0366 0.3121
vt 0.0371 0.3176
vt 0.0371 0.3122
vt 0.0105 0.3166
vt 0.0051 0.3152
vt 0.0050 0.3157
vt 0.0104 0.3172
vt 0.0053 0.3145
vt 0.0055 0.3139
vt 0.0057 0.3132
vt 0.0059 0.3125
vt 0.0060 0.3120
vt 0.1492 0.3078
vt 0.1487 0.3079
vt 0.1499 0.3078
vt 0.1506 0.3077
vt 0.1513 0.3078
vt 0.1518 0.3083
vt 0.1512 0.3082
vt 0.1406 0.3064
vt 0.1405 0.3069
vt 0.1523 0.3084
vt 0.1408 0.3059
vt 0.0698 0.3170
vt 0.0703 0.3171
vt 0.0702 0.3175
vt 0.0696 0.3174
vt 0.1409 0.3053
vt 0.0692 0.3168
vt 0.0689 0.3171
vt 0.0684 0.3159
vt 0.0687 0.3164
vt 0.0684 0.3167
vt 0.0680 0.3161
vt 0.0682 0.3153
vt 0.0677 0.3154
vt 0.0682 0.3141
vt 0.0681 0.3147
vt 0.0676 0.3147
vt 0.0677 0.3140
vt 0.0684 0.3136
vt 0.0680 0.3134
vt 0.0692 0.3127
vt 0.0687 0.3131
vt 0.0684 0.3128
vt 0.0689 0.3124
vt 0.0698 0.3125
vt 0.0696 0.3121
vt 0.0053 0.3132
vt 0.0051 0.3138
vt 0.0703 0.3124
vt 0.0702 0.3120
vt 0.0054 0.3126
vt 0.1494 0.3083
vt 0.1489 0.3084
vt 0.0056 0.3122
vt 0.1500 0.3082
vt 0.1506 0.3082
vt 0.0723 0.3159
vt 0.0703 0.3147
vt 0.0725 0.3153
vt 0.0719 0.3164
vt 0.0715 0.3168
vt 0.0709 0.3170
vt 0.0709 0.3125
vt 0.0715 0.3127
vt 0.0719 0.3131
vt 0.0723 0.3136
vt 0.0725 0.3141
vt 0.0726 0.3147
vt 0.8775 0.9023
vt 0.8786 0.9022
vt 0.8783 0.9031
vt 0.8786 0.8905
vt 0.8775 0.8904
vt 0.3019 0.7201
vt 0.3065 0.7221
vt 0.3067 0.7213
vt 0.3021 0.7194
vt 0.6136 0.7130
vt 0.6129 0.7081
vt 0.6137 0.7079
vt 0.6144 0.7128
vt 0.6278 0.7081
vt 0.6271 0.7130
vt 0.6263 0.7128
vt 0.6270 0.7079
vt 0.3257 0.7099
vt 0.3303 0.7118
vt 0.3301 0.7126
vt 0.3255 0.7106
vt 0.8899 0.9022
vt 0.8898 0.9031
vt 0.6262 0.7138
vt 0.6145 0.7138
vt 0.8899 0.8905
vt 0.8783 0.8896
vt 0.8898 0.8896
vt 0.2847 0.7252
vt 0.2847 0.7119
vt 0.2797 0.7126
vt 0.2797 0.7245
vt 0.3101 0.7085
vt 0.3052 0.7079
vt 0.3221 0.7235
vt 0.3271 0.7241
vt 0.0308 0.2914
vt 0.0308 0.2797
vt 0.0191 0.2797
vt 0.0191 0.2914
vt 0.6271 0.6983
vt 0.6281 0.6982
vt 0.6278 0.6991
vt 0.6281 0.6865
vt 0.6271 0.6864
vt 0.5887 0.6979
vt 0.5933 0.6998
vt 0.5935 0.6991
vt 0.5889 0.6971
vt 0.0279 0.6908
vt 0.0272 0.6859
vt 0.0280 0.6857
vt 0.0287 0.6906
vt 0.0420 0.6859
vt 0.0414 0.6908
vt 0.0406 0.6906
vt 0.0413 0.6857
vt 0.1601 0.6877
vt 0.1647 0.6896
vt 0.1645 0.6904
vt 0.1599 0.6884
vt 0.6394 0.6982
vt 0.6393 0.6991
vt 0.0405 0.6916
vt 0.0288 0.6916
vt 0.6394 0.6865
vt 0.6278 0.6857
vt 0.6393 0.6857
vt 0.6906 0.1758
vt 0.6906 0.1625
vt 0.6857 0.1632
vt 0.6857 0.1751
vt 0.5970 0.6863
vt 0.5920 0.6857
vt 0.1565 0.7012
vt 0.1614 0.7019
vt 0.8831 0.8162
vt 0.8831 0.7927
vt 0.8715 0.7927
vt 0.8715 0.8162
vt 0.8513 0.6776
vt 0.8513 0.7519
vt 0.8871 0.7519
vt 0.8871 0.6776
vt 0.8392 0.1199
vt 0.8392 0.1194
vt 0.8429 0.1199
vt 0.8393 0.1189
vt 0.8394 0.1185
vt 0.8396 0.1180
vt 0.8399 0.1176
vt 0.8402 0.1172
vt 0.8406 0.1169
vt 0.8410 0.1166
vt 0.8414 0.1164
vt 0.8419 0.1162
vt 0.8424 0.1161
vt 0.8429 0.1161
vt 0.8957 0.1161
vt 0.8957 0.1199
vt 0.8962 0.1161
vt 0.8966 0.1162
vt 0.8971 0.1164
vt 0.8975 0.1166
vt 0.8979 0.1169
vt 0.8983 0.1172
vt 0.8986 0.1176
vt 0.8989 0.1180
vt 0.8991 0.1185
vt 0.8993 0.1189
vt 0.8994 0.1194
vt 0.8994 0.1199
vt 0.8994 0.2661
vt 0.8957 0.2661
vt 0.8994 0.2666
vt 0.8993 0.2671
vt 0.8991 0.2676
vt 0.8989 0.2680
vt 0.8986 0.2684
vt 0.8983 0.2688
vt 0.8979 0.2691
vt 0.8975 0.2694
vt 0.8971 0.2696
vt 0.8962 0.2699
vt 0.8966 0.2698
vt 0.8957 0.2699
vt 0.8429 0.2699
vt 0.8429 0.2661
vt 0.8424 0.2699
vt 0.8419 0.2698
vt 0.8414 0.2696
vt 0.8410 0.2694
vt 0.8406 0.2691
vt 0.8402 0.2688
vt 0.8399 0.2684
vt 0.8396 0.2680
vt 0.8394 0.2676
vt 0.8393 0.2671
vt 0.8392 0.2666
vt 0.8392 0.2661
vt 0.4514 0.6127
vt 0.4514 0.6122
vt 0.4551 0.6127
vt 0.4515 0.6118
vt 0.4516 0.6113
vt 0.4519 0.6108
vt 0.4521 0.6104
vt 0.4524 0.6100
vt 0.4528 0.6097
vt 0.4532 0.6094
vt 0.4537 0.6092
vt 0.4541 0.6090
vt 0.4546 0.6089
vt 0.4551 0.6089
vt 0.4930 0.6089
vt 0.4930 0.6127
vt 0.4935 0.6089
vt 0.4940 0.6090
vt 0.4945 0.6092
vt 0.4949 0.6094
vt 0.4953 0.6097
vt 0.4957 0.6100
vt 0.4960 0.6104
vt 0.4963 0.6108
vt 0.4965 0.6113
vt 0.4966 0.6118
vt 0.4967 0.6122
vt 0.4968 0.6127
vt 0.4968 0.6435
vt 0.4930 0.6435
vt 0.4967 0.6440
vt 0.4966 0.6445
vt 0.4965 0.6450
vt 0.4963 0.6454
vt 0.4960 0.6459
vt 0.4957 0.6462
vt 0.4953 0.6466
vt 0.4949 0.6468
vt 0.4945 0.6471
vt 0.4940 0.6472
vt 0.4935 0.6473
vt 0.4930 0.6474
vt 0.4551 0.6474
vt 0.4551 0.6435
vt 0.4546 0.6473
vt 0.4541 0.6472
vt 0.4537 0.6471
vt 0.4532 0.6468
vt 0.4528 0.6466
vt 0.4524 0.6462
vt 0.4521 0.6459
vt 0.4519 0.6454
vt 0.4516 0.6450
vt 0.4515 0.6445
vt 0.4514 0.6440
vt 0.4514 0.6435
vt 0.2191 0.3199
vt 0.2201 0.3197
vt 0.2198 0.3215
vt 0.2201 0.2956
vt 0.2191 0.2954
vt 0.0426 0.2999
vt 0.0440 0.3045
vt 0.0456 0.3047
vt 0.0442 0.3001
vt 0.2306 0.3091
vt 0.2292 0.3041
vt 0.2308 0.3039
vt 0.2322 0.3089
vt 0.2597 0.3041
vt 0.2583 0.3091
vt 0.2567 0.3089
vt 0.2581 0.3039
vt 0.0167 0.3045
vt 0.0181 0.2999
vt 0.0165 0.3001
vt 0.0151 0.3047
vt 0.2314 0.3197
vt 0.2313 0.3215
vt 0.2565 0.3098
vt 0.2324 0.3098
vt 0.2314 0.2956
vt 0.2198 0.2938
vt 0.2313 0.2938
vt 0.0586 0.3152
vt 0.0586 0.3019
vt 0.0535 0.3026
vt 0.0535 0.3145
vt 0.6594 0.2615
vt 0.6594 0.2748
vt 0.6645 0.2741
vt 0.6645 0.2622
vt 0.2211 0.8761
vt 0.2222 0.8759
vt 0.2219 0.8768
vt 0.2222 0.8643
vt 0.2211 0.8642
vt 0.2413 0.8756
vt 0.2459 0.8776
vt 0.2461 0.8768
vt 0.2415 0.8749
vt 0.2602 0.8685
vt 0.2595 0.8636
vt 0.2603 0.8634
vt 0.2610 0.8683
vt 0.2743 0.8636
vt 0.2736 0.8685
vt 0.2728 0.8683
vt 0.2735 0.8634
vt 0.2854 0.8634
vt 0.2900 0.8653
vt 0.2897 0.8661
vt 0.2852 0.8641
vt 0.2334 0.8759
vt 0.2333 0.8768
vt 0.2727 0.8693
vt 0.2611 0.8693
vt 0.2334 0.8643
vt 0.2219 0.8634
vt 0.2333 0.8634
vt 0.3049 0.8767
vt 0.3049 0.8634
vt 0.2999 0.8641
vt 0.2999 0.8760
vt 0.2496 0.8640
vt 0.2446 0.8634
vt 0.2817 0.8770
vt 0.2867 0.8776
vt 0.8650 0.5458
vt 0.8650 0.5342
vt 0.8533 0.5342
vt 0.8533 0.5458
vt 0.6711 0.3072
vt 0.6711 0.2837
vt 0.6594 0.2837
vt 0.6594 0.3072
vt 0.7462 0.1698
vt 0.7473 0.1696
vt 0.7470 0.1714
vt 0.7473 0.1461
vt 0.7462 0.1459
vt 0.7731 0.3686
vt 0.7745 0.3731
vt 0.7761 0.3733
vt 0.7747 0.3688
vt 0.2831 0.7716
vt 0.2817 0.7666
vt 0.2833 0.7664
vt 0.2847 0.7714
vt 0.3115 0.7666
vt 0.3101 0.7716
vt 0.3086 0.7714
vt 0.3100 0.7664
vt 0.7478 0.3731
vt 0.7492 0.3686
vt 0.7476 0.3688
vt 0.7462 0.3733
vt 0.7586 0.1696
vt 0.7585 0.1714
vt 0.3084 0.7724
vt 0.2849 0.7724
vt 0.7586 0.1461
vt 0.7470 0.1444
vt 0.7585 0.1444
vt 0.7514 0.1920
vt 0.7514 0.1787
vt 0.7462 0.1794
vt 0.7462 0.1913
vt 0.7462 0.2009
vt 0.7462 0.2142
vt 0.7514 0.2135
vt 0.7514 0.2016
vt 0.7620 0.0874
vt 0.7620 0.0757
vt 0.7503 0.0757
vt 0.7503 0.0874
vt 0.8885 0.1081
vt 0.8885 0.0050
vt 0.8808 0.0050
vt 0.8392 0.0050
vt 0.8392 0.1081
vt 0.8896 0.4392
vt 0.8896 0.4653
vt 0.9204 0.4653
vt 0.9204 0.5085
vt 0.9358 0.5085
vt 0.9358 0.4653
vt 0.9380 0.4653
vt 0.9380 0.4392
vt 0.8973 0.4392
vt 0.6226 0.6206
vt 0.6226 0.6089
vt 0.6109 0.6089
vt 0.6109 0.6206
vt 0.5039 0.6612
vt 0.5049 0.6610
vt 0.5046 0.6628
vt 0.5049 0.6370
vt 0.5039 0.6368
vt 0.5314 0.6089
vt 0.5328 0.6135
vt 0.5344 0.6137
vt 0.5330 0.6091
vt 0.5437 0.6141
vt 0.5422 0.6091
vt 0.5438 0.6089
vt 0.5453 0.6139
vt 0.5728 0.6091
vt 0.5713 0.6141
vt 0.5697 0.6139
vt 0.5712 0.6089
vt 0.5055 0.6135
vt 0.5069 0.6089
vt 0.5053 0.6091
vt 0.5039 0.6137
vt 0.5162 0.6610
vt 0.5161 0.6628
vt 0.5695 0.6148
vt 0.5455 0.6148
vt 0.5162 0.6370
vt 0.5046 0.6352
vt 0.5161 0.6352
vt 0.3474 0.4990
vt 0.3474 0.4857
vt 0.3423 0.4864
vt 0.3423 0.4983
vt 0.0595 0.2797
vt 0.0595 0.2930
vt 0.0647 0.2923
vt 0.0647 0.2804
vt 0.1055 0.3032
vt 0.1055 0.2797
vt 0.0939 0.2797
vt 0.0939 0.3032
vn 0.0000 -0.8859 0.4639
vn -0.0001 0.4638 0.8860
vn 0.0001 0.4637 0.8860
vn -0.0001 0.4639 0.8859
vn 0.0001 0.4639 0.8859
vn 1.0000 0.0000 0.0000
vn 0.0000 0.8859 -0.4639
vn -1.0000 0.0000 0.0000
vn 0.0000 0.9656 0.2599
vn 0.0000 0.9656 0.2600
vn 0.8660 0.0000 -0.5000
vn 0.7333 -0.5320 -0.4233
vn -0.0000 -0.5320 -0.8467
vn -0.0000 0.0000 -1.0000
vn 0.8660 0.0000 0.5000
vn 0.7333 -0.5319 0.4234
vn -0.0000 0.0000 1.0000
vn 0.0000 -0.5319 0.8468
vn -0.8660 0.0000 0.5000
vn -0.7333 -0.5319 0.4234
vn -0.8660 0.0000 -0.5000
vn -0.7333 -0.5320 -0.4233
vn 0.0000 -0.9436 -0.3312
vn -0.2869 -0.9435 -0.1656
vn 0.2145 -0.9688 -0.1238
vn -0.2146 -0.9688 0.1239
vn 0.2870 -0.9435 0.1657
vn -0.0000 -0.9435 0.3314
vn 0.0000 -0.5596 0.8288
vn -0.0000 0.8288 0.5596
vn -0.0000 0.8288 0.5595
vn -0.0000 0.8291 0.5591
vn 0.0000 0.8292 0.5590
vn 0.3376 0.5461 0.7667
vn 0.0000 0.6667 0.7454
vn 0.3394 0.6406 0.6888
vn 0.4230 0.6393 0.6422
vn 0.5799 0.5108 0.6347
vn 0.6569 0.5883 0.4716
vn 0.5747 0.7555 0.3144
vn 0.4966 0.7816 0.3775
vn 0.4941 0.8278 0.2656
vn 0.4230 0.7658 0.4844
vn 0.0000 0.7802 0.6256
vn 0.0000 0.4638 0.8859
vn -0.0000 0.4639 0.8859
vn -0.0000 0.9806 0.1960
vn 0.0000 0.9978 0.0657
vn 0.0000 1.0000 0.0000
vn -0.6755 0.3386 0.6550
vn 0.4523 0.4096 0.7922
vn 0.2774 0.5845 0.7625
vn -0.6388 0.4680 0.6106
vn 0.3029 -0.6739 0.6739
vn 0.6739 -0.3029 0.6739
vn 0.4765 -0.4765 0.7388
vn 0.6444 0.2675 0.7164
vn -0.7071 -0.5000 0.5000
vn -0.7071 -0.5002 0.4998
vn -0.6444 0.2675 0.7164
vn -0.6739 -0.3029 0.6739
vn -0.6755 0.3387 0.6550
vn -0.5773 -0.5774 0.5774
vn -0.6306 0.7694 0.1018
vn -0.7071 0.6828 0.1838
vn -0.5869 0.7951 0.1526
vn -0.8517 0.3705 0.3705
vn -0.5869 0.8075 0.0594
vn -0.8372 0.5239 0.1566
vn -0.7622 0.4315 0.4825
vn -0.6689 0.3488 0.6564
vn -0.6168 0.5112 0.5985
vn -0.7801 0.4781 0.4036
vn -0.7070 0.3280 0.6265
vn -0.7801 0.3479 0.5200
vn -0.8372 0.1566 0.5239
vn -0.6168 0.2099 0.7586
vn -0.7071 -0.7071 -0.0000
vn -0.7388 -0.4765 -0.4765
vn -0.6739 -0.6739 -0.3029
vn -0.7071 0.0000 -0.7071
vn -0.6739 -0.3029 -0.6739
vn -0.8673 0.4258 0.2577
vn -0.6633 0.6901 0.2894
vn -0.7071 0.5000 -0.5000
vn -0.7071 -0.5000 -0.5000
vn -0.7549 0.6501 0.0860
vn -0.7388 0.4765 0.4765
vn -0.4765 0.7388 0.4765
vn -0.7753 0.6306 0.0364
vn -0.5047 0.6456 0.5731
vn -0.5747 0.7556 0.3144
vn -0.4966 0.7816 0.3775
vn -0.3474 0.6122 0.7103
vn -0.4941 0.8278 0.2656
vn -0.7753 0.6184 0.1288
vn -0.4765 0.4765 0.7388
vn 0.0000 0.7071 0.7071
vn 0.0000 0.4692 0.8831
vn -0.1343 0.5725 0.8088
vn -0.7071 -0.0000 0.7071
vn 0.0000 0.9096 0.4154
vn 0.0000 0.5596 -0.8288
vn -0.6739 0.6739 -0.3029
vn -0.5773 0.5773 -0.5774
vn -0.6250 0.7458 0.2306
vn -0.8673 0.4258 0.2578
vn 0.0000 0.8555 0.5178
vn 0.2614 0.8257 0.4999
vn 0.4368 0.8296 0.3479
vn 0.3029 0.6739 -0.6739
vn -0.7071 0.5002 -0.4998
vn 0.4765 0.7388 -0.4765
vn 0.6250 0.7458 0.2306
vn 0.6739 0.6739 -0.3029
vn 0.7804 0.4878 0.3911
vn 0.7071 0.3280 0.6265
vn 0.7920 0.3728 0.4835
vn 0.7071 0.6828 0.1838
vn 0.7920 0.5530 0.2588
vn 0.7388 -0.4765 -0.4765
vn 0.7071 -0.7071 -0.0000
vn 0.4765 -0.7388 -0.4765
vn -0.7071 -0.5002 -0.4998
vn 0.4765 -0.4765 -0.7388
vn 0.7071 0.0000 -0.7071
vn 0.0000 -1.0000 -0.0000
vn 0.2500 0.7910 -0.5585
vn 0.2399 0.9496 -0.2018
vn 0.4144 0.8430 -0.3428
vn -0.2399 0.9496 -0.2018
vn -0.2500 0.7910 -0.5585
vn -0.4241 0.4625 -0.7786
vn -0.4144 0.8430 -0.3428
vn -0.4144 0.5572 0.7196
vn -0.4240 0.0092 0.9056
vn -0.2499 0.4039 0.8800
vn 0.4240 0.0092 0.9056
vn 0.4144 0.5572 0.7196
vn 0.2499 0.4039 0.8800
vn 0.4241 0.4625 -0.7786
vn 0.2398 0.7202 0.6510
vn -0.2398 0.7202 0.6510
vn 0.0000 0.3912 -0.9203
vn -0.9609 0.2674 0.0720
vn 0.0000 -0.1236 0.9923
vn 0.9609 0.2674 0.0720
vn 0.7813 -0.4314 -0.4511
vn -0.0000 -0.4314 -0.9022
vn 0.7813 -0.4315 0.4510
vn -0.0000 -0.4316 0.9021
vn -0.7812 -0.4316 0.4510
vn -0.7813 -0.4314 -0.4511
vn 0.0000 -0.8917 -0.4525
vn -0.3918 -0.8918 -0.2263
vn 0.2924 -0.9413 -0.1689
vn -0.2924 -0.9413 0.1688
vn 0.3918 -0.8918 0.2262
vn 0.0000 -0.8919 0.4523
vn 0.4407 0.7439 -0.5023
vn 0.4293 0.8789 -0.2079
vn 0.6785 0.6821 -0.2727
vn -0.4290 0.8790 -0.2080
vn -0.4405 0.7440 -0.5024
vn -0.6936 0.3678 -0.6193
vn -0.6783 0.6823 -0.2728
vn -0.6784 0.4531 0.5784
vn -0.6937 0.0072 0.7202
vn -0.4406 0.3911 0.8080
vn 0.6939 0.0073 0.7200
vn 0.6786 0.4530 0.5782
vn 0.4408 0.3912 0.8079
vn 0.6938 0.3678 -0.6191
vn 0.4293 0.6557 0.6211
vn -0.4291 0.6558 0.6212
vn 0.0000 0.3913 -0.9202
vn -0.9904 0.1337 0.0360
vn 0.9903 0.1339 0.0360
vn -0.7333 -0.5320 -0.4234
vn 0.2146 -0.9688 -0.1238
vn 0.2551 0.7901 -0.5574
vn 0.2449 0.9483 -0.2020
vn 0.4223 0.8397 -0.3414
vn -0.2449 0.9483 -0.2020
vn -0.2551 0.7900 -0.5575
vn -0.4321 0.4606 -0.7754
vn -0.4223 0.8397 -0.3414
vn -0.4222 0.5550 0.7167
vn -0.4320 0.0092 0.9018
vn -0.2550 0.4038 0.8786
vn 0.4320 0.0092 0.9018
vn 0.4222 0.5550 0.7167
vn 0.2550 0.4038 0.8786
vn 0.4321 0.4606 -0.7754
vn 0.2448 0.7189 0.6505
vn -0.2448 0.7189 0.6505
vn -0.9626 0.2617 0.0705
vn 0.9626 0.2617 0.0705
vn 0.4404 0.7440 -0.5025
vn 0.4290 0.8790 -0.2080
vn 0.6782 0.6824 -0.2728
vn -0.4404 0.7440 -0.5025
vn -0.6935 0.3679 -0.6195
vn -0.6782 0.6824 -0.2728
vn -0.6783 0.4531 0.5784
vn -0.6935 0.0072 0.7204
vn -0.4405 0.3911 0.8081
vn 0.6935 0.0072 0.7204
vn 0.6783 0.4531 0.5784
vn 0.4405 0.3911 0.8081
vn 0.6935 0.3679 -0.6195
vn 0.4291 0.6558 0.6212
vn -0.9903 0.1339 0.0360
vn 0.7812 -0.4316 0.4510
vn -0.7813 -0.4315 0.4510
vn 0.4406 0.7443 -0.5019
vn 0.4290 0.8792 -0.2074
vn 0.6784 0.6823 -0.2725
vn -0.4290 0.8792 -0.2074
vn -0.4406 0.7443 -0.5019
vn -0.6784 0.6823 -0.2725
vn -0.6783 0.4532 0.5783
vn -0.4406 0.3913 0.8079
vn 0.6783 0.4532 0.5783
vn 0.4406 0.3913 0.8079
vn 0.6936 0.3678 -0.6193
vn 0.4291 0.6559 0.6210
vn -0.4291 0.6559 0.6210
vn 0.4411 0.7439 -0.5020
vn 0.4296 0.8788 -0.2077
vn 0.6789 0.6819 -0.2724
vn -0.4293 0.8789 -0.2077
vn -0.4409 0.7440 -0.5021
vn -0.6940 0.3677 -0.6190
vn -0.6786 0.6821 -0.2725
vn -0.6786 0.4533 0.5780
vn -0.6939 0.0073 0.7200
vn -0.4408 0.3917 0.8076
vn 0.6941 0.0074 0.7199
vn 0.6788 0.4531 0.5778
vn 0.4410 0.3917 0.8075
vn 0.6941 0.3677 -0.6188
vn 0.4295 0.6560 0.6206
vn -0.4292 0.6561 0.6207
vn -0.9904 0.1338 0.0360
vn 0.4406 0.7442 -0.5020
vn 0.4291 0.8791 -0.2076
vn 0.6783 0.6823 -0.2725
vn -0.4291 0.8791 -0.2075
vn -0.4406 0.7442 -0.5020
vn -0.6936 0.3679 -0.6193
vn -0.6783 0.6823 -0.2725
vn 0.6936 0.3679 -0.6193
vn 0.0000 -0.9435 -0.3313
vn -0.2870 -0.9435 -0.1656
vn 0.2497 0.7908 -0.5588
vn 0.2397 0.9496 -0.2021
vn 0.4141 0.8431 -0.3430
vn -0.2397 0.9496 -0.2021
vn -0.2497 0.7908 -0.5588
vn -0.4237 0.4626 -0.7788
vn -0.4141 0.8431 -0.3430
vn -0.4142 0.5569 0.7199
vn -0.4238 0.0091 0.9057
vn -0.2497 0.4033 0.8803
vn 0.4238 0.0091 0.9057
vn 0.4142 0.5569 0.7199
vn 0.2497 0.4033 0.8803
vn 0.4237 0.4626 -0.7788
vn 0.2397 0.7197 0.6515
vn -0.2397 0.7197 0.6515
vn -0.9609 0.2673 0.0720
vn 0.9609 0.2673 0.0720
vn 0.2549 0.7901 -0.5575
vn 0.2447 0.9484 -0.2018
vn 0.4221 0.8399 -0.3413
vn -0.2447 0.9484 -0.2018
vn -0.2549 0.7902 -0.5573
vn -0.4319 0.4606 -0.7754
vn -0.4221 0.8399 -0.3413
vn -0.4221 0.5549 0.7169
vn -0.4318 0.0090 0.9019
vn -0.2549 0.4034 0.8788
vn 0.4318 0.0090 0.9019
vn 0.4221 0.5549 0.7169
vn 0.2549 0.4035 0.8787
vn 0.4319 0.4606 -0.7754
vn 0.2447 0.7187 0.6508
vn -0.2447 0.7187 0.6508
vn 0.6789 0.6818 -0.2724
vn 0.2548 0.7900 -0.5577
vn 0.2447 0.9483 -0.2022
vn 0.4220 0.8398 -0.3416
vn -0.2447 0.9483 -0.2022
vn -0.2548 0.7900 -0.5576
vn -0.4317 0.4606 -0.7755
vn -0.4220 0.8398 -0.3416
vn -0.4220 0.5548 0.7170
vn -0.2548 0.4030 0.8790
vn 0.4220 0.5548 0.7170
vn 0.2548 0.4031 0.8790
vn 0.4317 0.4606 -0.7755
vn 0.2447 0.7185 0.6510
vn -0.2447 0.7185 0.6510
vn -0.2497 0.7908 -0.5589
vn -0.4238 0.4625 -0.7788
vn -0.4239 0.0091 0.9057
vn -0.2498 0.4033 0.8803
vn -0.9610 0.2672 0.0719
vn 0.2499 0.7908 -0.5587
vn 0.2399 0.9496 -0.2020
vn 0.4144 0.8430 -0.3429
vn -0.2399 0.9496 -0.2020
vn -0.2499 0.7908 -0.5587
vn -0.4240 0.4625 -0.7786
vn -0.4144 0.8430 -0.3429
vn -0.4143 0.5570 0.7198
vn -0.2498 0.4036 0.8802
vn 0.4239 0.0091 0.9057
vn 0.4143 0.5571 0.7198
vn 0.2498 0.4036 0.8802
vn 0.4240 0.4625 -0.7786
vn 0.2398 0.7199 0.6513
vn -0.2398 0.7199 0.6513
vn 0.2549 0.7899 -0.5577
vn 0.2448 0.9482 -0.2022
vn 0.4222 0.8397 -0.3415
vn -0.2448 0.9482 -0.2022
vn -0.2550 0.7900 -0.5575
vn -0.4222 0.8397 -0.3415
vn -0.2549 0.4033 0.8789
vn 0.2549 0.4034 0.8788
vn 0.2448 0.7187 0.6508
vn -0.2448 0.7187 0.6508
vn 0.4409 0.7441 -0.5019
vn 0.4294 0.8790 -0.2075
vn 0.6787 0.6821 -0.2724
vn -0.4291 0.8791 -0.2076
vn 0.6787 0.4531 0.5781
vn 0.4409 0.3913 0.8078
vn 0.6940 0.3678 -0.6190
vn 0.4294 0.6558 0.6209
vn 0.4293 0.8790 -0.2075
vn -0.4407 0.7442 -0.5020
vn -0.6938 0.3678 -0.6192
vn -0.6784 0.4532 0.5783
vn -0.4407 0.3913 0.8079
vn 0.4409 0.3914 0.8077
vn -0.1305 0.9914 0.0000
vn 0.1305 0.9914 0.0000
vn -0.5000 0.8660 0.0000
vn 0.5000 0.8660 0.0000
vn -0.8660 0.5000 0.0000
vn 0.9914 -0.1305 -0.0000
vn 0.8660 -0.5000 -0.0000
vn 0.9914 0.1305 0.0000
vn 0.8660 0.5000 0.0000
vn -0.9914 0.1305 0.0000
vn -0.1302 -0.9915 -0.0000
vn -0.5000 -0.8660 -0.0000
vn 0.1302 -0.9915 -0.0000
vn 0.5000 -0.8660 -0.0000
vn -0.9914 -0.1305 -0.0000
vn -0.8660 -0.5000 -0.0000
vn -0.3474 0.6017 -0.7192
vn -0.0919 0.6981 -0.7101
vn -0.3473 0.6018 -0.7192
vn 0.0919 0.6981 -0.7101
vn 0.3474 0.6017 -0.7192
vn 0.3473 0.6018 -0.7192
vn -0.6017 0.3474 -0.7192
vn -0.6018 0.3473 -0.7192
vn 0.6981 -0.0919 -0.7101
vn 0.6017 -0.3474 -0.7192
vn 0.6018 -0.3473 -0.7192
vn 0.6017 0.3474 -0.7192
vn 0.6981 0.0919 -0.7101
vn 0.6018 0.3473 -0.7192
vn -0.6981 0.0919 -0.7101
vn -0.0919 -0.6981 -0.7101
vn -0.3474 -0.6017 -0.7192
vn -0.3473 -0.6018 -0.7192
vn 0.0919 -0.6981 -0.7101
vn 0.3474 -0.6017 -0.7192
vn 0.3473 -0.6018 -0.7192
vn -0.6981 -0.0919 -0.7101
vn -0.6017 -0.3474 -0.7192
vn -0.6018 -0.3473 -0.7192
vn 0.0919 0.6981 0.7101
vn 0.3473 0.6018 0.7192
vn 0.3474 0.6017 0.7192
vn -0.0919 0.6981 0.7101
vn -0.3473 0.6018 0.7192
vn -0.3474 0.6017 0.7192
vn -0.6018 0.3473 0.7192
vn -0.6017 0.3474 0.7192
vn 0.6018 0.3473 0.7192
vn 0.6017 0.3474 0.7192
vn -0.6981 0.0919 0.7101
vn 0.6018 -0.3473 0.7192
vn 0.3473 -0.6018 0.7192
vn 0.3474 -0.6017 0.7192
vn 0.6017 -0.3474 0.7192
vn 0.6981 -0.0919 0.7101
vn 0.6981 0.0919 0.7101
vn -0.6981 -0.0919 0.7101
vn -0.3473 -0.6018 0.7192
vn -0.6018 -0.3473 0.7192
vn -0.6017 -0.3474 0.7192
vn -0.3474 -0.6017 0.7192
vn -0.0919 -0.6981 0.7101
vn 0.0919 -0.6981 0.7101
vn -0.5004 -0.8658 -0.0000
vn -0.1309 -0.9914 -0.0000
vn 0.1309 -0.9914 -0.0000
vn -0.8658 -0.5004 -0.0000
vn 0.5004 -0.8658 -0.0000
vn 0.8658 -0.5004 -0.0000
vn 0.9914 -0.1309 -0.0000
vn -0.9914 0.1309 0.0000
vn -0.9914 -0.1309 -0.0000
vn 0.9914 0.1309 0.0000
vn -0.5005 0.8658 0.0000
vn -0.8661 0.4999 0.0000
vn 0.8661 0.4999 0.0000
vn 0.5005 0.8658 0.0000
vn 0.1307 0.9914 0.0000
vn 0.2591 0.9658 0.0000
vn -0.2591 0.9658 0.0000
vn -0.1307 0.9914 0.0000
vn -0.9915 -0.1304 -0.0000
vn -0.9914 0.1307 0.0000
vn -0.9659 0.2591 0.0000
vn -0.9660 -0.2586 -0.0000
vn 0.9659 0.2591 0.0000
vn 0.9914 0.1307 0.0000
vn 0.9915 -0.1304 -0.0000
vn 0.9660 -0.2586 -0.0000
vn 0.2574 -0.9663 -0.0000
vn -0.2574 -0.9663 -0.0000
vn 0.6101 -0.6101 -0.5055
vn -0.6101 -0.6101 -0.5055
vn 0.6101 0.6101 -0.5055
vn -0.6101 0.6101 -0.5055
vn -0.1987 -0.1988 -0.9597
vn -0.1987 0.1988 -0.9597
vn 0.1988 0.1988 -0.9597
vn 0.1988 -0.1987 -0.9597
vn 0.6101 0.6101 -0.5054
vn 0.6101 -0.6101 -0.5054
vn -0.1988 0.1988 -0.9597
vn -0.6101 0.6101 -0.5054
vn 0.1987 -0.1988 -0.9597
vn 0.1987 0.1988 -0.9597
vn -0.1988 -0.1988 -0.9597
vn -0.6101 -0.6101 -0.5054
vn 0.2497 0.7908 -0.5589
vn -0.2497 0.4034 0.8803
vn 0.2497 0.4034 0.8803
vn 0.3451 0.7715 -0.5346
vn 0.3335 0.9202 -0.2049
vn 0.5539 0.7721 -0.3115
vn -0.3334 0.9203 -0.2049
vn -0.3450 0.7715 -0.5346
vn -0.5668 0.4207 -0.7083
vn -0.5538 0.7722 -0.3115
vn -0.5537 0.5115 0.6571
vn -0.5667 0.0082 0.8238
vn -0.3449 0.3990 0.8496
vn 0.5667 0.0082 0.8238
vn 0.5538 0.5114 0.6570
vn 0.3450 0.3990 0.8496
vn 0.5668 0.4207 -0.7083
vn 0.3335 0.6931 0.6391
vn -0.3333 0.6931 0.6391
vn -0.9814 0.1856 0.0500
vn 0.9813 0.1858 0.0500
vn 0.4408 0.7440 -0.5021
vn 0.4293 0.8789 -0.2077
vn 0.6786 0.6821 -0.2725
vn -0.4408 0.7440 -0.5021
vn -0.6785 0.4533 0.5781
vn -0.6937 0.0073 0.7202
vn -0.4408 0.3917 0.8077
vn 0.6937 0.0073 0.7202
vn 0.6785 0.4533 0.5781
vn 0.4408 0.3917 0.8076
vn 0.6938 0.3678 -0.6192
vn 0.4292 0.6561 0.6207
vn -0.9328 0.3604 0.0000
vn 0.7805 -0.6251 -0.0000
vn 0.9435 -0.3313 -0.0000
vn 0.9239 0.3827 0.0000
vn 0.7071 0.7071 0.0000
vn -0.1495 0.5580 0.8163
vn -0.2888 0.5003 0.8163
vn 0.0000 0.5777 0.8163
vn 0.1495 0.5580 0.8163
vn 0.2888 0.5003 0.8163
vn 0.5580 0.1495 0.8163
vn 0.5003 0.2888 0.8163
vn 0.2889 -0.5002 0.8163
vn 0.4085 -0.4084 0.8163
vn 0.4086 -0.4084 0.8163
vn 0.5003 -0.2889 0.8163
vn 0.5580 -0.1496 0.8163
vn 0.5777 0.0000 0.8163
vn 0.1494 -0.5580 0.8163
vn 0.0000 -0.5777 0.8163
vn -0.5580 0.1495 0.8163
vn -0.5777 0.0000 0.8163
vn -0.4085 0.4085 0.8163
vn -0.5003 0.2888 0.8163
vn -0.1494 -0.5580 0.8163
vn -0.2889 -0.5002 0.8163
vn -0.4085 -0.4084 0.8163
vn -0.4086 -0.4084 0.8163
vn -0.5003 -0.2889 0.8163
vn -0.5580 -0.1496 0.8163
vn 0.4085 0.4085 0.8163
vn -0.2589 0.9659 0.0000
vn 0.2589 0.9659 0.0000
vn 0.9659 0.2589 0.0000
vn 0.9659 -0.2589 -0.0000
vn 0.7072 -0.7070 0.0000
vn 0.5001 -0.8660 0.0000
vn 0.2587 -0.9660 0.0000
vn -0.9659 0.2589 0.0000
vn -0.7071 0.7071 0.0000
vn -0.9659 -0.2589 -0.0000
vn -0.7072 -0.7070 0.0000
vn -0.5001 -0.8660 0.0000
vn -0.2587 -0.9660 0.0000
vn -0.8660 -0.1299 0.4829
vn -0.9660 -0.0672 0.2498
vn -0.9658 -0.0674 0.2502
vn -0.7070 -0.1837 0.6830
vn -0.7070 -0.1837 0.6829
vn -0.5000 -0.2250 0.8363
vn -0.2589 -0.2509 0.9327
vn 0.0000 -0.2597 0.9657
vn 0.2588 -0.2509 0.9328
vn 0.4999 -0.2250 0.8364
vn 0.4999 -0.2250 0.8363
vn 0.7072 -0.1836 0.6828
vn 0.7072 -0.1836 0.6827
vn 0.8661 -0.1298 0.4827
vn 0.9659 -0.0673 0.2501
vn 0.9659 0.0674 -0.2501
vn 0.8661 0.1300 -0.4826
vn 0.7072 0.1839 -0.6827
vn 0.4999 0.2253 -0.8363
vn 0.2589 0.2513 -0.9326
vn 0.0000 0.2602 -0.9656
vn -0.2590 0.2513 -0.9326
vn -0.5000 0.2253 -0.8362
vn -0.7070 0.1839 -0.6829
vn -0.8660 0.1300 -0.4829
vn -0.9660 0.0673 -0.2498
vn -0.6803 0.6382 0.3605
vn -0.7044 0.6854 0.1846
vn 0.6101 0.5938 0.5245
vn 0.4978 0.5562 0.6654
vn 0.4979 0.5561 0.6655
vn 0.3523 0.5263 0.7739
vn 0.3524 0.5263 0.7739
vn 0.1824 0.5082 0.8417
vn 0.1823 0.5087 0.8414
vn 0.0000 0.5023 0.8647
vn 0.0000 0.5027 0.8645
vn -0.6099 0.5939 0.5246
vn -0.6100 0.5940 0.5245
vn -0.4982 0.5556 0.6657
vn -0.3524 0.5262 0.7739
vn -0.1825 0.5082 0.8417
vn -0.1824 0.5082 0.8417
vn 0.7040 0.6858 0.1847
vn 0.6803 0.6382 0.3606
vn 0.6802 0.6382 0.3606
vn 0.6801 0.7330 0.0086
vn 0.6801 0.7330 0.0085
vn 0.6099 0.7771 -0.1553
vn 0.6099 0.7771 -0.1554
vn 0.4980 0.8150 -0.2963
vn 0.3522 0.8437 -0.4050
vn 0.3521 0.8440 -0.4046
vn 0.1825 0.8619 -0.4730
vn 0.0000 0.8683 -0.4960
vn 0.0000 0.8687 -0.4954
vn -0.1826 0.8619 -0.4730
vn -0.1823 0.8623 -0.4724
vn -0.3520 0.8440 -0.4047
vn -0.3520 0.8440 -0.4046
vn -0.4980 0.8149 -0.2965
vn -0.6097 0.7773 -0.1554
vn -0.6097 0.7772 -0.1553
vn -0.6798 0.7334 0.0086
vn -0.6799 0.7333 0.0086
vn 0.0001 0.9656 0.2600
vn 0.0003 0.9656 0.2599
vn -0.0002 0.9657 0.2597
vn 0.0001 0.9656 0.2599
vn -0.0003 0.9657 0.2596
vn -0.0001 0.9657 0.2598
vn -0.0002 0.9658 0.2595
vn -0.0000 0.9657 0.2595
vn -0.0000 0.9657 0.2598
vn 0.0002 0.9658 0.2594
vn 0.0001 0.9657 0.2598
vn 0.0003 0.9657 0.2596
vn 0.0002 0.9657 0.2597
vn -0.0001 0.9656 0.2599
vn 0.0005 0.9657 0.2598
vn 0.0002 0.9656 0.2599
vn 0.0001 0.9656 0.2601
vn -0.0001 0.9656 0.2601
vn 0.0002 0.9656 0.2601
vn 0.0001 0.9655 0.2604
vn 0.0000 0.9655 0.2604
vn -0.0001 0.9655 0.2603
vn -0.0002 0.9656 0.2600
vn -0.0002 0.9656 0.2599
vn -0.0005 0.9657 0.2598
vn -0.0003 0.9656 0.2599
vn -0.0001 0.9656 0.2600
vn 0.4981 0.5558 0.6655
vn 0.6098 0.5940 0.5246
vn 0.6099 0.5941 0.5245
vn 0.3519 0.5272 0.7734
vn 0.3519 0.5273 0.7734
vn 0.1821 0.5093 0.8411
vn 0.1822 0.5089 0.8413
vn 0.0000 0.5031 0.8642
vn 0.0000 0.5025 0.8646
vn -0.1820 0.5093 0.8411
vn -0.1821 0.5093 0.8411
vn -0.3518 0.5275 0.7733
vn -0.3522 0.5272 0.7733
vn -0.4976 0.5567 0.6652
vn -0.4975 0.5567 0.6653
vn -0.6094 0.5945 0.5246
vn -0.6799 0.6384 0.3607
vn -0.7040 0.6858 0.1844
vn -0.7040 0.6858 0.1845
vn -0.6801 0.7331 0.0085
vn -0.6801 0.7331 0.0084
vn -0.6099 0.7771 -0.1553
vn -0.4977 0.8153 -0.2959
vn -0.4976 0.8153 -0.2960
vn -0.3516 0.8446 -0.4038
vn -0.1823 0.8624 -0.4723
vn -0.1822 0.8627 -0.4718
vn 0.0000 0.8688 -0.4951
vn 0.1822 0.8627 -0.4717
vn 0.3516 0.8444 -0.4041
vn 0.3517 0.8444 -0.4041
vn 0.4980 0.8149 -0.2964
vn 0.6104 0.7767 -0.1556
vn 0.6104 0.7767 -0.1555
vn 0.6800 0.7332 0.0086
vn 0.6803 0.7329 0.0085
vn 0.7040 0.6858 0.1844
vn 0.7040 0.6858 0.1845
vn 0.6801 0.6383 0.3605
vn 0.7070 -0.1838 0.6829
vn 0.4998 -0.2252 0.8363
vn 0.8661 -0.1299 0.4827
vn 0.9660 -0.0672 0.2497
vn 0.9660 0.0672 -0.2497
vn 0.8661 0.1299 -0.4826
vn 0.7070 0.1838 -0.6829
vn 0.4998 0.2251 -0.8364
vn 0.2588 0.2510 -0.9327
vn 0.0001 0.2599 -0.9656
vn -0.2589 0.2510 -0.9327
vn -0.4999 0.2251 -0.8363
vn -0.7070 0.1838 -0.6829
vn -0.8659 0.1300 -0.4831
vn -0.9659 0.0673 -0.2501
vn -0.9659 -0.0672 0.2499
vn -0.9660 -0.0672 0.2497
vn -0.8659 -0.1300 0.4831
vn -0.7070 -0.1838 0.6829
vn -0.5000 -0.2251 0.8362
vn -0.2589 -0.2511 0.9327
vn 0.0001 -0.2600 0.9656
vn 0.2588 -0.2511 0.9327
vn 0.3519 0.5275 0.7733
vn 0.1822 0.5091 0.8412
vn 0.1823 0.5091 0.8411
vn 0.6095 0.5946 0.5243
vn 0.4975 0.5567 0.6653
vn 0.4979 0.5562 0.6654
vn 0.6800 0.7331 0.0086
vn 0.7041 0.6856 0.1847
vn 0.6798 0.7334 0.0086
vn 0.6094 0.7776 -0.1550
vn 0.6093 0.7776 -0.1551
vn 0.3520 0.8444 -0.4038
vn 0.4978 0.8153 -0.2958
vn 0.4978 0.8153 -0.2957
vn 0.3521 0.8441 -0.4043
vn 0.1820 0.8626 -0.4721
vn 0.1821 0.8626 -0.4721
vn -0.1821 0.8626 -0.4720
vn 0.0001 0.8687 -0.4954
vn -0.1822 0.8626 -0.4720
vn -0.3521 0.8443 -0.4040
vn -0.6094 0.7775 -0.1553
vn -0.4980 0.8151 -0.2960
vn -0.6094 0.7775 -0.1554
vn -0.6795 0.7336 0.0086
vn -0.7038 0.6859 0.1848
vn -0.6096 0.5944 0.5246
vn -0.3520 0.5273 0.7733
vn -0.4977 0.5564 0.6653
vn -0.4977 0.5564 0.6654
vn -0.1823 0.5092 0.8411
vn -0.1824 0.5092 0.8411
vn 0.0001 0.5029 0.8643
vn -0.0000 0.9655 0.2602
vn 0.0000 0.9655 0.2603
vn 0.0000 0.9657 0.2597
vn -0.0001 0.9656 0.2602
vn -0.0000 0.9656 0.2602
vn 0.4409 0.7442 -0.5018
vn 0.4293 0.8790 -0.2074
vn 0.6786 0.6821 -0.2723
vn 0.6939 0.0073 0.7201
vn 0.6787 0.4530 0.5781
vn 0.6940 0.3677 -0.6190
vn 0.4407 0.7440 -0.5023
vn 0.6785 0.6821 -0.2726
vn -0.6783 0.6823 -0.2727
vn 0.0003 0.9656 0.2600
vn -0.0002 0.9656 0.2602
vn -0.0003 0.9656 0.2602
vn 0.0004 0.9657 0.2595
vn 0.0000 0.9655 0.2605
vn 0.0001 0.9657 0.2596
vn -0.0003 0.9657 0.2597
vn -0.0005 0.9657 0.2597
vn 0.0006 0.9656 0.2599
vn -0.0007 0.9656 0.2600
vn -0.0006 0.9656 0.2599
vn 0.0005 0.9657 0.2597
vn 0.0003 0.9657 0.2597
vn -0.0001 0.9657 0.2596
vn -0.0004 0.9657 0.2595
vn 0.0003 0.9656 0.2602
vn 0.0002 0.9656 0.2602
vn -0.0003 0.9656 0.2600
vn 0.0002 0.9656 0.2600
vn -0.0002 0.9655 0.2603
vn 0.0001 0.9655 0.2602
vn 0.0001 0.9656 0.2602
vn -0.0007 0.9657 0.2597
vn -0.0003 0.9657 0.2598
vn 0.0003 0.9657 0.2598
vn 0.0007 0.9657 0.2597
vn -0.0001 0.9655 0.2602
vn 0.0002 0.9655 0.2603
vn -0.4239 0.4626 -0.7787
vn -0.2498 0.4035 0.8802
vn 0.4143 0.5570 0.7198
vn 0.2498 0.4035 0.8802
vn 0.4239 0.4626 -0.7787
vn 0.2398 0.7199 0.6514
vn -0.2398 0.7199 0.6514
vn 0.2548 0.7899 -0.5578
vn -0.2548 0.7900 -0.5577
vn -0.2548 0.4031 0.8790
vn 0.2548 0.4031 0.8789
vn -0.2499 0.7908 -0.5588
usemtl FrontColor
s 1
f 1/1/1 2/2/1 3/3/1 4/4/1
s 2
f 1/1/2 5/5/2 2/2/3
f 6/6/4 5/5/2 1/1/2
f 6/6/4 7/7/4 5/5/2
f 7/7/4 6/6/4 8/8/5
f 9/9/5 8/8/5 6/6/4
f 8/8/5 9/9/5 10/10/3
f 10/10/3 9/9/5 2/2/3
f 10/10/3 2/2/3 5/5/2
s 3
f 2/11/6 9/12/6 11/13/6 3/14/6
s 4
f 9/15/7 6/16/7 12/17/7 11/18/7
s 5
f 6/19/8 1/20/8 4/21/8 13/22/8 12/23/8
s 6
f 14/24/9 15/25/9 16/26/9 17/27/9
s 7
f 18/28/10 19/29/10 20/30/10 21/31/10
s 8
f 22/32/11 23/33/12 24/34/13 25/35/14
f 26/36/15 27/37/16 23/38/12 22/39/11
f 28/40/17 29/41/18 27/42/16 26/43/15
f 30/44/19 31/45/20 29/41/18 28/40/17
f 32/46/21 33/47/22 31/48/20 30/49/19
f 25/35/14 24/34/13 33/50/22 32/51/21
f 34/52/23 35/53/24 33/54/22 24/55/13
f 34/52/23 36/56/25 37/57/26 35/53/24
f 36/56/25 34/52/23 24/55/13 23/58/12
f 38/59/27 36/56/25 23/58/12 27/60/16
f 39/61/28 37/57/26 36/56/25 38/59/27
f 37/57/26 39/61/28 29/62/18 31/63/20
f 39/61/28 38/59/27 27/60/16 29/62/18
f 35/53/24 37/57/26 31/63/20 33/54/22
s 9
f 40/64/9 41/65/9 42/66/9 43/67/9
s 10
f 44/68/29 45/69/29 46/70/29 47/71/29
s 11
f 48/72/30 49/73/30 45/74/30 44/75/30
f 50/76/30 48/72/30 51/77/31 52/78/30
f 53/79/32 51/77/31 48/72/30 44/75/30
f 53/79/32 54/80/33 55/81/32 51/77/31
f 56/82/31 55/81/32 54/80/33 57/83/31
f 49/73/30 55/81/30 56/82/30 58/84/30
f 59/85/30 49/73/30 58/84/30
f 45/74/30 49/73/30 59/85/30
s 12
f 60/86/34 61/87/35 49/88/35 48/89/36
f 62/90/37 60/86/34 63/91/38 64/92/39
f 63/91/38 60/86/34 48/89/36
f 65/93/40 63/94/38 48/72/36 50/76/41
f 66/95/42 67/96/43 64/97/39 65/93/40
f 66/95/42 65/93/40 50/76/41
f 68/98/44 62/99/37 67/96/43 69/100/44
f 67/96/43 62/99/37 64/97/39
s 13
f 61/87/45 60/86/45 70/101/45
f 60/86/45 71/102/46 70/101/45
f 72/103/45 71/102/46 60/86/45 62/90/45
f 73/104/45 70/101/45 71/102/46 74/105/46
f 68/106/45 73/104/45 74/105/46 75/107/45
f 75/107/45 72/103/45 62/90/45 68/106/45
s 14
f 65/108/6 64/109/6 63/110/6
s 15
f 67/96/9 66/95/9 76/111/9 69/100/9
s 16
f 77/112/10 76/111/10 66/95/10 78/113/10
f 79/114/47 80/115/47 81/116/48 82/117/48
f 79/114/47 77/112/10 78/113/10 80/115/47
f 83/118/49 82/117/48 81/116/48 84/119/49
s 17
f 85/120/50 86/121/51 76/122/52 77/123/53
f 87/124/54 88/125/55 89/126/56
f 88/125/55 90/127/57 86/121/51 89/126/56
f 90/127/57 76/122/52 86/121/51
f 89/126/56 91/128/58 92/129/59 87/124/54
s 18
f 86/121/17 85/120/17 91/128/17 89/126/17
s 19
f 93/130/60 94/131/61 91/132/61 85/133/62
f 77/134/53 93/130/60 85/133/62
f 94/131/61 92/135/63 91/132/61
s 20
f 93/136/8 95/137/8 94/138/8
f 96/139/8 94/138/8 95/137/8 97/140/8
f 98/141/8 96/139/8 99/142/8
f 100/143/8 96/139/8 98/141/8 101/144/8
f 97/140/8 99/142/8 96/139/8
s 21
f 95/137/64 93/136/65 77/145/65 79/146/66
f 97/140/67 95/137/64 82/147/68 83/148/69
f 95/137/64 79/146/66 82/147/68
f 98/141/70 99/142/71 55/149/72 49/150/73
f 101/144/74 98/141/70 61/151/75 70/152/74
f 61/151/75 98/141/70 49/150/73
f 99/142/71 97/140/67 102/153/76 103/154/77
f 102/153/76 97/140/67 83/148/69
f 55/149/72 99/142/71 103/154/77
s 22
f 76/155/17 77/156/17 93/157/17 94/158/17 92/159/17 87/160/17 88/161/17 90/162/17
s 23
f 94/138/78 96/139/79 104/163/80 92/164/78
f 96/139/79 100/143/81 105/165/81 106/166/82
f 104/163/80 96/139/79 106/166/82
s 24
f 79/167/8 82/168/8 83/169/8 102/170/8 103/171/8 55/172/8 49/173/8 61/174/8 70/175/83 107/176/84 108/177/85 105/178/85 106/179/86 104/180/86 92/181/58 91/182/58 85/183/62 77/184/53
s 25
f 109/185/87 110/186/88 84/187/89 81/188/90
f 111/189/91 112/190/92 52/78/93 51/77/94
f 112/190/92 78/113/95 52/78/93
f 112/190/92 109/191/87 80/115/96 78/113/95
f 80/115/96 109/191/87 81/116/90
f 113/192/97 102/193/98 83/194/98 84/195/89
f 103/196/99 114/197/100 51/198/94 55/199/99
f 111/200/91 51/198/94 114/197/100
f 110/201/88 111/200/101 114/197/101 113/192/97
f 84/195/89 110/201/88 113/192/97
s 26
f 110/186/8 109/185/8 111/202/8
f 112/203/8 111/202/8 109/185/8
s 27
f 78/113/102 66/95/102 50/76/102 52/78/102
s 28
f 54/80/103 53/79/103 115/204/103 116/205/103
s 29
f 53/206/8 44/207/8 47/208/8 117/209/8 115/210/8
s 30
f 57/211/6 54/212/6 116/213/6 118/214/6
s 31
f 100/143/104 108/215/104 105/165/105
f 100/143/104 101/144/106 107/216/84 108/215/104
f 107/216/84 101/144/106 70/152/107
s 32
f 70/217/108 73/218/109 119/219/110 107/220/84
f 120/221/111 105/222/85 108/223/112 121/224/113
f 122/225/114 123/226/115 121/227/113 119/228/110
f 121/227/113 123/226/115 120/229/111
f 122/225/114 119/228/110 73/230/109
s 33
f 124/231/116 122/225/117 73/230/117 68/232/118
f 90/233/119 124/231/116 69/234/120 76/235/119
f 124/231/116 68/232/118 69/234/120
s 34
f 122/225/6 124/231/6 125/236/6 123/226/6
f 88/237/6 125/236/6 124/231/6 90/233/6
s 35
f 125/236/121 88/237/122 87/238/122 126/239/123
f 106/240/124 127/241/125 126/242/123 104/243/86
f 123/226/126 125/236/121 127/244/125 120/229/126
f 125/236/121 126/239/123 127/244/125
s 36
f 104/243/127 126/242/127 87/245/127 92/246/127
s 37
f 105/247/14 120/248/14 127/249/14 106/250/14
s 38
f 119/219/49 121/224/49 108/223/49 107/220/49
s 39
f 114/197/17 103/196/17 102/193/17 113/192/17
s 40
f 58/251/6 56/252/6 128/253/6 129/254/6
s 41
f 56/82/103 57/83/103 118/255/103 128/256/103
s 42
f 59/257/29 58/258/29 129/259/29 130/260/29
s 43
f 45/261/6 59/262/6 130/263/6 46/264/6
s 44
f 131/265/9 132/266/9 133/267/9 134/268/9
s 45
f 135/269/128 136/270/129 137/271/130
f 138/272/131 136/270/129 135/269/128 139/273/132
f 139/274/132 140/275/133 141/276/133 142/277/134
f 143/278/135 144/279/136 145/280/136 146/281/137
f 147/282/138 148/283/139 149/284/140 150/285/138
f 151/286/141 135/287/128 137/288/130 152/289/141
f 136/270/129 153/290/142 148/291/139 137/271/130
f 148/283/139 153/292/142 149/284/140
f 153/292/142 154/293/143 146/281/137 149/284/140
f 154/293/143 143/278/135 146/281/137
f 154/294/143 138/272/131 142/295/134 143/296/135
f 138/272/131 139/273/132 142/295/134
s 46
f 151/286/144 140/275/144 139/274/144 135/287/144
s 47
f 141/297/145 144/298/145 143/299/145 142/300/145
s 48
f 145/280/146 150/285/146 149/284/146 146/281/146
s 49
f 147/301/147 152/302/147 137/303/147 148/304/147
s 50
f 155/305/11 156/306/148 157/307/149 158/308/14
f 159/309/15 160/310/150 156/311/148 155/312/11
f 161/313/17 162/314/151 160/315/150 159/316/15
f 163/317/19 164/318/152 162/314/151 161/313/17
f 165/319/21 166/320/153 164/321/152 163/322/19
f 158/308/14 157/307/149 166/323/153 165/324/21
f 167/325/154 168/326/155 166/327/153 157/328/149
f 167/325/154 169/329/156 170/330/157 168/326/155
f 169/329/156 167/325/154 157/328/149 156/331/148
f 171/332/158 169/329/156 156/331/148 160/333/150
f 172/334/159 170/330/157 169/329/156 171/332/158
f 170/330/157 172/334/159 162/335/151 164/336/152
f 172/334/159 171/332/158 160/333/150 162/335/151
f 168/326/155 170/330/157 164/336/152 166/327/153
s 51
f 173/337/11 174/338/148 175/339/149 176/340/14
f 177/341/15 178/342/150 174/343/148 173/344/11
f 179/345/17 180/346/151 178/347/150 177/348/15
f 181/349/19 182/350/152 180/346/151 179/345/17
f 183/351/21 184/352/153 182/353/152 181/354/19
f 176/340/14 175/339/149 184/355/153 183/356/21
f 185/357/154 186/358/155 184/359/153 175/360/149
f 185/357/154 187/361/156 188/362/157 186/358/155
f 187/361/156 185/357/154 175/360/149 174/363/148
f 189/364/158 187/361/156 174/363/148 178/365/150
f 190/366/159 188/362/157 187/361/156 189/364/158
f 188/362/157 190/366/159 180/367/151 182/368/152
f 190/366/159 189/364/158 178/365/150 180/367/151
f 186/358/155 188/362/157 182/368/152 184/359/153
s 52
f 191/369/128 192/370/129 193/371/130
f 194/372/131 192/370/129 191/369/128 195/373/132
f 195/374/132 196/375/133 197/376/133 198/377/134
f 199/378/135 200/379/136 201/380/136 202/381/137
f 203/382/138 204/383/139 205/384/140 206/385/138
f 207/386/141 191/387/128 193/388/130 208/389/141
f 192/370/129 209/390/142 204/391/139 193/371/130
f 204/383/139 209/392/142 205/384/140
f 209/392/142 210/393/143 202/381/137 205/384/140
f 210/393/143 199/378/135 202/381/137
f 210/394/143 194/372/131 198/395/134 199/396/135
f 194/372/131 195/373/132 198/395/134
s 53
f 207/386/144 196/375/144 195/374/144 191/387/144
s 54
f 197/397/145 200/398/145 199/399/145 198/400/145
s 55
f 201/380/146 206/385/146 205/384/146 202/381/146
s 56
f 203/401/147 208/402/147 193/403/147 204/404/147
s 57
f 211/405/10 212/406/10 213/407/10 214/408/10
s 58
f 215/409/160 216/410/161 217/411/162
f 218/412/163 216/410/161 215/409/160 219/413/164
f 219/414/164 220/415/165 221/416/165 222/417/166
f 223/418/167 224/419/168 225/420/168 226/421/169
f 227/422/170 228/423/171 229/424/172 230/425/170
f 231/426/173 215/427/160 217/428/162 232/429/173
f 216/410/161 233/430/174 228/431/171 217/411/162
f 228/423/171 233/432/174 229/424/172
f 233/432/174 234/433/175 226/421/169 229/424/172
f 234/433/175 223/418/167 226/421/169
f 234/434/175 218/412/163 222/435/166 223/436/167
f 218/412/163 219/413/164 222/435/166
s 59
f 231/437/176 220/438/176 219/439/176 215/440/176
s 60
f 221/416/177 224/441/177 223/442/177 222/417/177
s 61
f 225/420/146 230/425/146 229/424/146 226/421/146
s 62
f 227/443/178 232/429/178 217/428/178 228/444/178
s 63
f 235/445/11 236/446/12 237/447/13 238/448/14
f 239/449/15 240/450/16 236/451/12 235/452/11
f 241/453/17 242/454/18 240/455/16 239/456/15
f 243/457/19 244/458/20 242/454/18 241/453/17
f 245/459/21 246/460/179 244/461/20 243/462/19
f 238/448/14 237/447/13 246/463/179 245/464/21
f 247/465/23 248/466/24 246/467/179 237/468/13
f 247/465/23 249/469/180 250/470/26 248/466/24
f 249/469/180 247/465/23 237/468/13 236/471/12
f 251/472/27 249/469/180 236/471/12 240/473/16
f 252/474/28 250/470/26 249/469/180 251/472/27
f 250/470/26 252/474/28 242/475/18 244/476/20
f 252/474/28 251/472/27 240/473/16 242/475/18
f 248/466/24 250/470/26 244/476/20 246/467/179
s 64
f 253/477/10 254/478/10 255/479/10 256/480/10
s 65
f 257/481/181 258/482/182 259/483/183
f 260/484/184 258/482/182 257/481/181 261/485/185
f 261/486/185 262/487/186 263/488/186 264/489/187
f 265/490/188 266/491/189 267/492/189 268/493/190
f 269/494/191 270/495/192 271/496/193 272/497/191
f 273/498/194 257/499/181 259/500/183 274/501/194
f 258/482/182 275/502/195 270/503/192 259/483/183
f 270/495/192 275/504/195 271/496/193
f 275/504/195 276/505/196 268/493/190 271/496/193
f 276/505/196 265/490/188 268/493/190
f 276/506/196 260/484/184 264/507/187 265/508/188
f 260/484/184 261/485/185 264/507/187
s 66
f 273/498/144 262/487/144 261/486/144 257/499/144
s 67
f 263/509/197 266/510/197 265/511/197 264/512/197
s 68
f 267/492/146 272/497/146 271/496/146 268/493/146
s 69
f 269/513/198 274/514/198 259/515/198 270/516/198
s 70
f 277/517/199 278/518/200 279/519/201
f 280/520/163 278/518/200 277/517/199 281/521/202
f 281/522/202 282/523/203 283/524/203 284/525/204
f 285/526/205 286/527/206 287/528/206 288/529/207
f 289/530/208 290/531/209 291/532/210 292/533/208
f 293/534/211 277/535/199 279/536/201 294/537/211
f 278/518/200 295/538/212 290/539/209 279/519/201
f 290/531/209 295/540/212 291/532/210
f 295/540/212 296/541/175 288/529/207 291/532/210
f 296/541/175 285/526/205 288/529/207
f 296/542/175 280/520/163 284/543/204 285/544/205
f 280/520/163 281/521/202 284/543/204
s 71
f 293/545/176 282/546/176 281/547/176 277/548/176
s 72
f 283/524/213 286/549/213 285/550/213 284/525/213
s 73
f 287/528/146 292/533/146 291/532/146 288/529/146
s 74
f 289/551/178 294/537/178 279/536/178 290/552/178
s 75
f 297/553/11 298/554/148 299/555/149 300/556/14
f 301/557/15 302/558/214 298/559/148 297/560/11
f 303/561/17 304/562/151 302/563/214 301/564/15
f 305/565/19 306/566/215 304/562/151 303/561/17
f 307/567/21 308/568/153 306/569/215 305/570/19
f 300/556/14 299/555/149 308/571/153 307/572/21
f 309/573/154 310/574/155 308/575/153 299/576/149
f 309/573/154 311/577/156 312/578/157 310/574/155
f 311/577/156 309/573/154 299/576/149 298/579/148
f 313/580/158 311/577/156 298/579/148 302/581/214
f 314/582/159 312/578/157 311/577/156 313/580/158
f 312/578/157 314/582/159 304/583/151 306/584/215
f 314/582/159 313/580/158 302/581/214 304/583/151
f 310/574/155 312/578/157 306/584/215 308/575/153
s 76
f 315/585/216 316/586/217 317/587/218
f 318/588/219 316/586/217 315/585/216 319/589/220
f 319/590/220 320/591/165 321/592/165 322/593/221
f 323/594/222 324/595/206 325/596/206 326/597/223
f 327/598/208 328/599/224 329/600/225 330/601/208
f 331/602/226 315/603/216 317/604/218 332/605/226
f 316/586/217 333/606/227 328/607/224 317/587/218
f 328/599/224 333/608/227 329/600/225
f 333/608/227 334/609/228 326/597/223 329/600/225
f 334/609/228 323/594/222 326/597/223
f 334/610/228 318/588/219 322/611/221 323/612/222
f 318/588/219 319/589/220 322/611/221
s 77
f 331/613/144 320/614/144 319/615/144 315/616/144
s 78
f 321/592/213 324/617/213 323/618/213 322/593/213
s 79
f 325/596/146 330/601/146 329/600/146 326/597/146
s 80
f 327/619/178 332/605/178 317/604/178 328/620/178
s 81
f 335/621/229 336/622/230 337/623/231
f 338/624/232 336/622/230 335/621/229 339/625/233
f 339/626/233 340/627/234 341/628/234 342/629/235
f 343/630/236 344/631/237 345/632/237 346/633/238
f 347/634/239 348/635/240 349/636/241 350/637/239
f 351/638/242 335/639/229 337/640/231 352/641/242
f 336/622/230 353/642/243 348/643/240 337/623/231
f 348/635/240 353/644/243 349/636/241
f 353/644/243 354/645/244 346/633/238 349/636/241
f 354/645/244 343/630/236 346/633/238
f 354/646/244 338/624/232 342/647/235 343/648/236
f 338/624/232 339/625/233 342/647/235
s 82
f 351/649/144 340/650/144 339/651/144 335/652/144
s 83
f 341/628/245 344/653/245 343/654/245 342/629/245
s 84
f 345/632/146 350/637/146 349/636/146 346/633/146
s 85
f 347/655/178 352/641/178 337/640/178 348/656/178
s 86
f 355/657/10 356/658/10 357/659/10 358/660/10
s 87
f 359/661/9 360/662/9 361/663/9 362/664/9
s 88
f 363/665/246 364/666/247 365/667/248
f 366/668/249 364/666/247 363/665/246 367/669/250
f 367/670/250 368/671/251 369/672/251 370/673/252
f 371/674/222 372/675/206 373/676/206 374/677/223
f 375/678/208 376/679/224 377/680/225 378/681/208
f 379/682/253 363/683/246 365/684/248 380/685/253
f 364/666/247 381/686/227 376/687/224 365/667/248
f 376/679/224 381/688/227 377/680/225
f 381/688/227 382/689/228 374/677/223 377/680/225
f 382/689/228 371/674/222 374/677/223
f 382/690/228 366/668/249 370/691/252 371/692/222
f 366/668/249 367/669/250 370/691/252
s 89
f 379/693/176 368/694/176 367/695/176 363/696/176
s 90
f 369/672/213 372/697/213 371/698/213 370/673/213
s 91
f 373/676/146 378/681/146 377/680/146 374/677/146
s 92
f 375/699/178 380/685/178 365/684/178 376/700/178
s 93
f 383/701/10 384/702/10 385/703/10 386/704/10
s 94
f 387/705/11 388/706/12 389/707/13 390/708/14
f 391/709/15 392/710/16 388/711/12 387/712/11
f 393/713/17 394/714/18 392/715/16 391/716/15
f 395/717/19 396/718/20 394/714/18 393/713/17
f 397/719/21 398/720/22 396/721/20 395/722/19
f 390/708/14 389/707/13 398/723/22 397/724/21
f 399/725/254 400/726/255 398/727/22 389/728/13
f 399/725/254 401/729/180 402/730/26 400/726/255
f 401/729/180 399/725/254 389/728/13 388/731/12
f 403/732/27 401/729/180 388/731/12 392/733/16
f 404/734/28 402/730/26 401/729/180 403/732/27
f 402/730/26 404/734/28 394/735/18 396/736/20
f 404/734/28 403/732/27 392/733/16 394/735/18
f 400/726/255 402/730/26 396/736/20 398/727/22
s 95
f 405/737/256 406/738/257 407/739/258
f 408/740/259 406/738/257 405/737/256 409/741/260
f 409/742/260 410/743/261 411/744/261 412/745/262
f 413/746/263 414/747/264 415/748/264 416/749/265
f 417/750/266 418/751/267 419/752/268 420/753/266
f 421/754/269 405/755/256 407/756/258 422/757/269
f 406/738/257 423/758/270 418/759/267 407/739/258
f 418/751/267 423/760/270 419/752/268
f 423/760/270 424/761/271 416/749/265 419/752/268
f 424/761/271 413/746/263 416/749/265
f 424/762/271 408/740/259 412/763/262 413/764/263
f 408/740/259 409/741/260 412/763/262
s 96
f 421/754/176 410/743/176 409/742/176 405/755/176
s 97
f 411/765/272 414/766/272 413/767/272 412/768/272
s 98
f 415/748/146 420/753/146 419/752/146 416/749/146
s 99
f 417/769/273 422/770/273 407/771/273 418/772/273
s 100
f 425/773/274 426/774/275 427/775/276
f 428/776/277 426/774/275 425/773/274 429/777/278
f 429/778/278 430/779/279 431/780/279 432/781/280
f 433/782/281 434/783/282 435/784/282 436/785/283
f 437/786/284 438/787/285 439/788/286 440/789/284
f 441/790/287 425/791/274 427/792/276 442/793/287
f 426/774/275 443/794/288 438/795/285 427/775/276
f 438/787/285 443/796/288 439/788/286
f 443/796/288 444/797/289 436/785/283 439/788/286
f 444/797/289 433/782/281 436/785/283
f 444/798/289 428/776/277 432/799/280 433/800/281
f 428/776/277 429/777/278 432/799/280
s 101
f 441/790/176 430/779/176 429/778/176 425/791/176
s 102
f 431/801/197 434/802/197 433/803/197 432/804/197
s 103
f 435/784/146 440/789/146 439/788/146 436/785/146
s 104
f 437/805/198 442/806/198 427/807/198 438/808/198
s 105
f 445/809/229 446/810/230 447/811/290
f 448/812/232 446/810/230 445/809/229 449/813/233
f 449/814/233 450/815/234 451/816/234 452/817/235
f 453/818/236 454/819/237 455/820/237 456/821/238
f 457/822/239 458/823/240 459/824/241 460/825/239
f 461/826/242 445/827/229 447/828/290 462/829/242
f 446/810/230 463/830/243 458/831/240 447/811/290
f 458/823/240 463/832/243 459/824/241
f 463/832/243 464/833/244 456/821/238 459/824/241
f 464/833/244 453/818/236 456/821/238
f 464/834/244 448/812/232 452/835/235 453/836/236
f 448/812/232 449/813/233 452/835/235
s 106
f 461/837/144 450/838/144 449/839/144 445/840/144
s 107
f 451/816/245 454/841/245 453/842/245 452/817/245
s 108
f 455/820/146 460/825/146 459/824/146 456/821/146
s 109
f 457/843/178 462/829/178 447/828/178 458/844/178
s 110
f 465/845/291 466/846/292 467/847/293
f 468/848/294 466/846/292 465/845/291 469/849/295
f 469/850/295 470/851/296 471/852/296 472/853/297
f 473/854/298 474/855/282 475/856/282 476/857/299
f 477/858/284 478/859/300 479/860/301 480/861/284
f 481/862/302 465/863/291 467/864/293 482/865/302
f 466/846/292 483/866/303 478/867/300 467/847/293
f 478/859/300 483/868/303 479/860/301
f 483/868/303 484/869/304 476/857/299 479/860/301
f 484/869/304 473/854/298 476/857/299
f 484/870/304 468/848/294 472/871/297 473/872/298
f 468/848/294 469/849/295 472/871/297
s 111
f 481/862/176 470/851/176 469/850/176 465/863/176
s 112
f 471/873/197 474/874/197 473/875/197 472/876/197
s 113
f 475/856/146 480/861/146 479/860/146 476/857/146
s 114
f 477/877/198 482/878/198 467/879/198 478/880/198
s 115
f 485/881/256 486/882/257 487/883/258
f 488/884/259 486/882/257 485/881/256 489/885/305
f 489/886/305 490/887/306 491/888/306 492/889/262
f 493/890/263 494/891/307 495/892/307 496/893/308
f 497/894/266 498/895/267 499/896/268 500/897/266
f 501/898/269 485/899/256 487/900/258 502/901/269
f 486/882/257 503/902/270 498/903/267 487/883/258
f 498/895/267 503/904/270 499/896/268
f 503/904/270 504/905/271 496/893/308 499/896/268
f 504/905/271 493/890/263 496/893/308
f 504/906/271 488/884/259 492/907/262 493/908/263
f 488/884/259 489/885/305 492/907/262
s 116
f 501/898/176 490/887/176 489/886/176 485/899/176
s 117
f 491/909/309 494/910/309 493/911/309 492/912/309
s 118
f 495/892/146 500/897/146 499/896/146 496/893/146
s 119
f 497/913/273 502/914/273 487/915/273 498/916/273
s 120
f 505/917/310 506/918/311 507/919/312
f 508/920/313 506/918/311 505/917/310 509/921/314
f 509/922/314 510/923/315 511/924/315 512/925/316
f 513/926/317 514/927/307 515/928/307 516/929/318
f 517/930/319 518/931/320 519/932/321 520/933/319
f 521/934/322 505/935/310 507/936/312 522/937/322
f 506/918/311 523/938/323 518/939/320 507/919/312
f 518/931/320 523/940/323 519/932/321
f 523/940/323 524/941/324 516/929/318 519/932/321
f 524/941/324 513/926/317 516/929/318
f 524/942/324 508/920/313 512/943/316 513/944/317
f 508/920/313 509/921/314 512/943/316
s 121
f 521/934/176 510/923/176 509/922/176 505/935/176
s 122
f 511/945/145 514/946/145 513/947/145 512/948/145
s 123
f 515/928/146 520/933/146 519/932/146 516/929/146
s 124
f 517/949/147 522/950/147 507/951/147 518/952/147
s 125
f 525/953/9 526/954/9 527/955/9 528/956/9
s 126
f 529/957/325 530/958/326 531/959/327
f 532/960/328 530/958/326 529/957/325 533/961/329
f 533/962/329 534/963/279 535/964/279 536/965/330
f 537/966/281 538/967/282 539/968/282 540/969/331
f 541/970/284 542/971/285 543/972/332 544/973/284
f 545/974/287 529/975/325 531/976/327 546/977/287
f 530/958/326 547/978/333 542/979/285 531/959/327
f 542/971/285 547/980/333 543/972/332
f 547/980/333 548/981/334 540/969/331 543/972/332
f 548/981/334 537/966/281 540/969/331
f 548/982/334 532/960/328 536/983/330 537/984/281
f 532/960/328 533/961/329 536/983/330
s 127
f 545/974/176 534/963/176 533/962/176 529/975/176
s 128
f 535/985/197 538/986/197 537/987/197 536/988/197
s 129
f 539/968/146 544/973/146 543/972/146 540/969/146
s 130
f 541/989/198 546/990/198 531/991/198 542/992/198
s 131
f 549/993/10 550/994/10 551/995/10 552/996/10
s 132
f 553/997/335 554/998/336 555/999/337
f 556/1000/338 554/998/336 553/997/335 557/1001/250
f 557/1002/250 558/1003/251 559/1004/251 560/1005/252
f 561/1006/222 562/1007/206 563/1008/206 564/1009/223
f 565/1010/170 566/1011/339 567/1012/340 568/1013/170
f 569/1014/341 553/1015/335 555/1016/337 570/1017/341
f 554/998/336 571/1018/342 566/1019/339 555/999/337
f 566/1011/339 571/1020/342 567/1012/340
f 571/1020/342 572/1021/228 564/1009/223 567/1012/340
f 572/1021/228 561/1006/222 564/1009/223
f 572/1022/228 556/1000/338 560/1023/252 561/1024/222
f 556/1000/338 557/1001/250 560/1023/252
s 133
f 569/1025/176 558/1026/176 557/1027/176 553/1028/176
s 134
f 559/1004/213 562/1029/213 561/1030/213 560/1005/213
s 135
f 563/1008/146 568/1013/146 567/1012/146 564/1009/146
s 136
f 565/1031/178 570/1017/178 555/1016/178 566/1032/178
s 137
f 573/1033/335 574/1034/343 575/1035/337
f 576/1036/249 574/1034/343 573/1033/335 577/1037/344
f 577/1038/344 578/1039/345 579/1040/345 580/1041/221
f 581/1042/346 582/1043/168 583/1044/168 584/1045/347
f 585/1046/170 586/1047/339 587/1048/348 588/1049/170
f 589/1050/341 573/1051/335 575/1052/337 590/1053/341
f 574/1034/343 591/1054/342 586/1055/339 575/1035/337
f 586/1047/339 591/1056/342 587/1048/348
f 591/1056/342 592/1057/228 584/1045/347 587/1048/348
f 592/1057/228 581/1042/346 584/1045/347
f 592/1058/228 576/1036/249 580/1059/221 581/1060/346
f 576/1036/249 577/1037/344 580/1059/221
s 138
f 589/1061/176 578/1062/176 577/1063/176 573/1064/176
s 139
f 579/1040/177 582/1065/177 581/1066/177 580/1041/177
s 140
f 583/1044/146 588/1049/146 587/1048/146 584/1045/146
s 141
f 585/1067/178 590/1053/178 575/1052/178 586/1068/178
s 142
f 593/1069/246 594/1070/247 595/1071/248
f 596/1072/338 594/1070/247 593/1069/246 597/1073/250
f 597/1074/250 598/1075/251 599/1076/251 600/1077/252
f 601/1078/222 602/1079/206 603/1080/206 604/1081/223
f 605/1082/208 606/1083/224 607/1084/225 608/1085/208
f 609/1086/253 593/1087/246 595/1088/248 610/1089/253
f 594/1070/247 611/1090/227 606/1091/224 595/1071/248
f 606/1083/224 611/1092/227 607/1084/225
f 611/1092/227 612/1093/228 604/1081/223 607/1084/225
f 612/1093/228 601/1078/222 604/1081/223
f 612/1094/228 596/1072/338 600/1095/252 601/1096/222
f 596/1072/338 597/1073/250 600/1095/252
s 143
f 609/1097/176 598/1098/176 597/1099/176 593/1100/176
s 144
f 599/1076/213 602/1101/213 601/1102/213 600/1077/213
s 145
f 603/1080/146 608/1085/146 607/1084/146 604/1081/146
s 146
f 605/1103/178 610/1089/178 595/1088/178 606/1104/178
s 147
f 613/1105/349 614/1106/349 615/1107/350 616/1108/350
f 614/1106/349 613/1105/349 617/1109/351 618/1110/351
f 616/1108/350 615/1107/350 619/1111/352 620/1112/352
f 618/1110/351 617/1109/351 621/1113/353 622/1114/353
f 623/1115/354 624/1116/354 625/1117/355 626/1118/355
f 627/1119/356 628/1120/356 624/1116/354 623/1115/354
f 628/1120/356 627/1119/356 629/1121/357 630/1122/357
f 620/1112/352 619/1111/352 630/1123/357 629/1124/357
f 622/1125/353 621/1126/353 631/1127/358 632/1128/358
f 633/1129/359 634/1130/359 635/1131/360 636/1132/360
f 634/1130/359 633/1129/359 637/1133/361 638/1134/361
f 639/1135/362 640/1136/362 638/1134/361 637/1133/361
f 640/1136/362 639/1135/362 626/1137/355 625/1138/355
f 632/1128/358 631/1127/358 641/1139/363 642/1140/363
f 642/1140/363 641/1139/363 643/1141/364 644/1142/364
f 644/1143/364 643/1144/364 636/1132/360 635/1131/360
s 148
f 617/1145/365 613/1146/366 645/1147/366 646/1148/367
f 613/1146/366 616/1149/368 647/1150/368 645/1147/366
f 616/1149/368 620/1151/369 648/1152/370 647/1150/368
f 621/1153/371 617/1145/365 646/1148/367 649/1154/372
f 623/1155/373 626/1156/374 650/1157/375 651/1158/373
f 629/1159/376 627/1160/377 652/1161/377 653/1162/378
f 627/1160/377 623/1155/373 651/1158/373 652/1161/377
f 620/1151/369 629/1159/376 653/1162/378 648/1152/370
f 631/1163/379 621/1153/371 649/1154/372 654/1164/379
f 633/1165/380 636/1166/381 655/1167/382 656/1168/380
f 637/1169/383 633/1165/380 656/1168/380 657/1170/383
f 639/1171/384 637/1169/383 657/1170/383 658/1172/385
f 626/1156/374 639/1171/384 658/1172/385 650/1157/375
f 641/1173/386 631/1163/379 654/1164/379 659/1174/386
f 643/1175/387 641/1173/386 659/1174/386 660/1176/388
f 636/1166/381 643/1175/387 660/1176/388 655/1167/382
s 149
f 661/1177/389 662/1178/390 619/1179/391 615/1180/389
f 663/1181/392 661/1177/389 615/1180/389 614/1182/392
f 664/1183/393 663/1181/392 614/1182/392 618/1184/394
f 665/1185/395 664/1183/393 618/1184/394 622/1186/396
f 662/1178/390 666/1187/397 630/1188/398 619/1179/391
f 667/1189/399 665/1185/395 622/1186/396 632/1190/399
f 668/1191/400 669/1192/401 640/1193/402 625/1194/403
f 670/1195/404 668/1191/400 625/1194/403 624/1196/404
f 671/1197/405 670/1195/404 624/1196/404 628/1198/405
f 666/1187/397 671/1197/405 628/1198/405 630/1188/398
f 672/1199/406 667/1189/399 632/1190/399 642/1200/406
f 673/1201/407 674/1202/408 644/1203/409 635/1204/410
f 675/1205/411 673/1201/407 635/1204/410 634/1206/411
f 676/1207/412 675/1205/411 634/1206/411 638/1208/412
f 669/1192/401 676/1207/412 638/1208/412 640/1193/402
f 674/1202/408 672/1199/406 642/1200/406 644/1203/409
s 150
f 677/1209/17 678/1210/17 662/1178/17 661/1177/17
f 661/1177/17 663/1181/17 679/1211/17 677/1209/17
f 663/1181/17 664/1183/17 680/1212/17 679/1211/17
f 664/1183/17 665/1185/17 681/1213/17 680/1212/17
f 678/1210/17 682/1214/17 666/1187/17 662/1178/17
f 665/1185/17 667/1189/17 683/1215/17 681/1213/17
f 669/1192/17 668/1191/17 684/1216/17 685/1217/17
f 668/1191/17 670/1195/17 686/1218/17 684/1216/17
f 687/1219/17 686/1218/17 670/1195/17 671/1197/17
f 682/1214/17 687/1219/17 671/1197/17 666/1187/17
f 688/1220/17 683/1215/17 667/1189/17 672/1199/17
f 674/1202/17 673/1201/17 689/1221/17 690/1222/17
f 673/1201/17 675/1205/17 691/1223/17 689/1221/17
f 692/1224/17 691/1223/17 675/1205/17 676/1207/17
f 676/1207/17 669/1192/17 685/1217/17 692/1224/17
f 672/1199/17 674/1202/17 690/1222/17 688/1220/17
s 151
f 678/1225/413 677/1226/414 693/1227/414 694/1228/413
f 677/1226/414 679/1229/415 695/1230/415 693/1227/414
f 682/1231/416 678/1225/413 694/1228/413 696/1232/416
f 679/1229/415 680/1233/417 697/1234/417 695/1230/415
f 680/1233/417 681/1235/418 698/1236/418 697/1234/417
f 681/1237/418 683/1238/419 699/1239/419 698/1240/418
f 686/1241/420 687/1242/421 700/1243/421 701/1244/420
f 687/1242/421 682/1245/416 696/1246/416 700/1243/421
f 683/1238/419 688/1247/422 702/1248/422 699/1239/419
f 691/1249/350 692/1250/349 703/1251/349 704/1252/350
f 692/1250/349 685/1253/423 705/1254/423 703/1251/349
f 685/1255/423 684/1256/424 706/1257/424 705/1258/423
f 684/1256/424 686/1241/420 701/1244/420 706/1257/424
f 690/1259/425 689/1260/426 707/1261/426 708/1262/425
f 689/1263/426 691/1249/350 704/1252/350 707/1264/426
f 688/1247/422 690/1259/425 708/1262/425 702/1248/422
s 152
f 649/1154/14 646/1148/14 709/1265/14
f 645/1147/14 709/1265/14 646/1148/14
f 647/1150/14 710/1266/14 709/1265/14 645/1147/14
f 647/1150/14 648/1152/14 710/1266/14
f 653/1162/14 710/1266/14 648/1152/14
f 652/1161/14 710/1266/14 653/1162/14
f 651/1158/14 711/1267/14 710/1266/14 652/1161/14
f 651/1158/14 650/1157/14 711/1267/14
f 654/1164/14 649/1154/14 709/1265/14
f 654/1164/14 709/1265/14 712/1268/14 659/1174/14
f 710/1266/14 711/1267/14 712/1268/14 709/1265/14
f 656/1168/14 712/1268/14 711/1267/14 657/1170/14
f 656/1168/14 655/1167/14 712/1268/14
f 650/1157/14 658/1172/14 711/1267/14
f 657/1170/14 711/1267/14 658/1172/14
f 660/1176/14 712/1268/14 655/1167/14
f 659/1174/14 712/1268/14 660/1176/14
s 153
f 694/1269/17 713/1270/17 696/1271/17
f 714/1272/17 713/1270/17 694/1269/17 693/1273/17
f 693/1273/17 695/1274/17 715/1275/17 714/1272/17
f 716/1276/17 715/1275/17 695/1274/17 697/1277/17
f 700/1278/17 696/1271/17 713/1270/17 717/1279/17
f 718/1280/17 719/1281/17 702/1282/17 708/1283/17
f 719/1281/17 720/1284/17 699/1285/17 702/1282/17
f 720/1284/17 716/1276/17 698/1286/17 699/1285/17
f 698/1286/17 716/1276/17 697/1277/17
f 721/1287/17 722/1288/17 706/1289/17 701/1290/17
f 706/1289/17 722/1288/17 705/1291/17
f 722/1288/17 723/1292/17 703/1293/17 705/1291/17
f 723/1292/17 724/1294/17 704/1295/17 703/1293/17
f 724/1294/17 718/1280/17 707/1296/17 704/1295/17
f 707/1296/17 718/1280/17 708/1283/17
f 717/1279/17 721/1287/17 701/1290/17 700/1278/17
s 154
f 725/1297/427 726/1298/428 713/1299/428 714/1300/427
f 727/1301/429 728/1302/430 715/1303/430 716/1304/429
f 728/1302/430 725/1297/427 714/1300/427 715/1303/430
s 155
f 729/1305/17 730/1306/17 731/1307/17 732/1308/17 733/1309/17 734/1310/17 735/1311/17 736/1312/17 726/1313/17 725/1314/17 728/1315/17 727/1316/17
s 156
f 730/1317/431 729/1318/432 720/1319/432 719/1320/431
f 729/1318/432 727/1321/433 716/1322/433 720/1319/432
f 731/1323/434 730/1317/431 719/1320/431 718/1324/434
s 157
f 726/1325/435 736/1326/436 717/1327/436 713/1328/435
f 736/1326/436 735/1329/437 721/1330/437 717/1327/436
f 735/1329/437 734/1331/438 722/1332/438 721/1330/437
s 158
f 734/1333/439 733/1334/361 723/1335/361 722/1336/439
f 733/1334/361 732/1337/359 724/1338/359 723/1335/361
f 732/1337/359 731/1339/440 718/1340/440 724/1338/359
s 159
f 737/1341/160 738/1342/161 739/1343/162
f 740/1344/163 738/1342/161 737/1341/160 741/1345/164
f 741/1346/164 742/1347/165 743/1348/165 744/1349/166
f 745/1350/167 746/1351/168 747/1352/168 748/1353/169
f 749/1354/170 750/1355/171 751/1356/172 752/1357/170
f 753/1358/173 737/1359/160 739/1360/162 754/1361/173
f 738/1342/161 755/1362/174 750/1363/171 739/1343/162
f 750/1355/171 755/1364/174 751/1356/172
f 755/1364/174 756/1365/175 748/1353/169 751/1356/172
f 756/1365/175 745/1350/167 748/1353/169
f 756/1366/175 740/1344/163 744/1367/166 745/1368/167
f 740/1344/163 741/1345/164 744/1367/166
s 160
f 753/1369/176 742/1370/176 741/1371/176 737/1372/176
s 161
f 743/1348/177 746/1373/177 745/1374/177 744/1349/177
s 162
f 747/1352/146 752/1357/146 751/1356/146 748/1353/146
s 163
f 749/1375/178 754/1361/178 739/1360/178 750/1376/178
s 164
f 757/1377/9 758/1378/9 759/1379/9 760/1380/9
s 165
f 761/1381/246 762/1382/247 763/1383/248
f 764/1384/249 762/1382/247 761/1381/246 765/1385/250
f 765/1386/250 766/1387/251 767/1388/251 768/1389/221
f 769/1390/222 770/1391/206 771/1392/206 772/1393/223
f 773/1394/208 774/1395/224 775/1396/225 776/1397/208
f 777/1398/253 761/1399/246 763/1400/248 778/1401/253
f 762/1382/247 779/1402/227 774/1403/224 763/1383/248
f 774/1395/224 779/1404/227 775/1396/225
f 779/1404/227 780/1405/228 772/1393/223 775/1396/225
f 780/1405/228 769/1390/222 772/1393/223
f 780/1406/228 764/1384/249 768/1407/221 769/1408/222
f 764/1384/249 765/1385/250 768/1407/221
s 166
f 777/1409/176 766/1410/176 765/1411/176 761/1412/176
s 167
f 767/1388/213 770/1413/213 769/1414/213 768/1389/213
s 168
f 771/1392/146 776/1397/146 775/1396/146 772/1393/146
s 169
f 773/1415/178 778/1401/178 763/1400/178 774/1416/178
s 170
f 781/1417/127 782/1418/441 783/1419/442 784/1420/127
f 785/1421/6 786/1422/443 782/1423/441 781/1424/6
f 787/1425/49 788/1426/444 786/1427/443 785/1428/49
f 784/1429/8 783/1430/442 788/1431/444 787/1432/8
f 789/1433/445 790/1434/446 788/1435/444 783/1436/442
f 791/1437/447 792/1438/448 790/1434/446 789/1433/445
f 792/1438/448 791/1437/447 793/1439/449 794/1440/450
f 791/1437/447 795/1441/451 796/1442/452 793/1439/449
f 789/1433/445 797/1443/453 795/1441/451 791/1437/447
f 797/1443/453 789/1433/445 783/1436/442 782/1444/441
f 798/1445/454 797/1443/453 782/1444/441 786/1446/443
f 799/1447/455 795/1441/451 797/1443/453 798/1445/454
f 795/1441/451 799/1447/455 800/1448/456 796/1442/452
f 799/1447/455 792/1438/448 794/1440/450 800/1448/456
f 792/1438/448 799/1447/455 798/1445/454 790/1434/446
f 790/1434/446 798/1445/454 786/1446/443 788/1435/444
f 801/1449/127 800/1450/456 794/1451/450 802/1452/127
f 803/1453/8 796/1454/452 800/1455/456 801/1456/8
f 804/1457/49 793/1458/449 796/1459/452 803/1460/49
f 802/1461/6 794/1462/450 793/1463/449 804/1464/6
s 171
f 805/1465/11 806/1466/148 807/1467/149 808/1468/14
f 809/1469/15 810/1470/214 806/1471/148 805/1472/11
f 811/1473/17 812/1474/151 810/1475/214 809/1476/15
f 813/1477/19 814/1478/215 812/1474/151 811/1473/17
f 815/1479/21 816/1480/153 814/1481/215 813/1482/19
f 808/1468/14 807/1467/149 816/1483/153 815/1484/21
f 817/1485/154 818/1486/155 816/1487/153 807/1488/149
f 817/1485/154 819/1489/156 820/1490/157 818/1486/155
f 819/1489/156 817/1485/154 807/1488/149 806/1491/148
f 821/1492/158 819/1489/156 806/1491/148 810/1493/214
f 822/1494/159 820/1490/157 819/1489/156 821/1492/158
f 820/1490/157 822/1494/159 812/1495/151 814/1496/215
f 822/1494/159 821/1492/158 810/1493/214 812/1495/151
f 818/1486/155 820/1490/157 814/1496/215 816/1487/153
s 172
f 823/1497/9 824/1498/9 825/1499/9 826/1500/9
s 173
f 827/1501/9 828/1502/9 829/1503/9 830/1504/9
s 174
f 831/1505/457 832/1506/257 833/1507/258
f 834/1508/259 832/1506/257 831/1505/457 835/1509/260
f 835/1510/260 836/1511/261 837/1512/261 838/1513/262
f 839/1514/263 840/1515/264 841/1516/264 842/1517/458
f 843/1518/266 844/1519/267 845/1520/459 846/1521/266
f 847/1522/269 831/1523/457 833/1524/258 848/1525/269
f 832/1506/257 849/1526/270 844/1527/267 833/1507/258
f 844/1519/267 849/1528/270 845/1520/459
f 849/1528/270 850/1529/271 842/1517/458 845/1520/459
f 850/1529/271 839/1514/263 842/1517/458
f 850/1530/271 834/1508/259 838/1531/262 839/1532/263
f 834/1508/259 835/1509/260 838/1531/262
s 175
f 847/1522/176 836/1511/176 835/1510/176 831/1523/176
s 176
f 837/1533/272 840/1534/272 839/1535/272 838/1536/272
s 177
f 841/1516/146 846/1521/146 845/1520/146 842/1517/146
s 178
f 843/1537/273 848/1538/273 833/1539/273 844/1540/273
s 179
f 851/1541/11 852/1542/12 853/1543/13 854/1544/14
f 855/1545/15 856/1546/16 852/1547/12 851/1548/11
f 857/1549/17 858/1550/18 856/1551/16 855/1552/15
f 859/1553/19 860/1554/20 858/1550/18 857/1549/17
f 861/1555/21 862/1556/179 860/1557/20 859/1558/19
f 854/1544/14 853/1543/13 862/1559/179 861/1560/21
f 863/1561/254 864/1562/24 862/1563/179 853/1564/13
f 863/1561/254 865/1565/25 866/1566/26 864/1562/24
f 865/1565/25 863/1561/254 853/1564/13 852/1567/12
f 867/1568/27 865/1565/25 852/1567/12 856/1569/16
f 868/1570/28 866/1566/26 865/1565/25 867/1568/27
f 866/1566/26 868/1570/28 858/1571/18 860/1572/20
f 868/1570/28 867/1568/27 856/1569/16 858/1571/18
f 864/1562/24 866/1566/26 860/1572/20 862/1563/179
s 180
f 869/1573/460 870/1574/461 871/1575/462
f 872/1576/463 870/1574/461 869/1573/460 873/1577/464
f 873/1578/464 874/1579/465 875/1580/465 876/1581/466
f 877/1582/467 878/1583/468 879/1584/468 880/1585/469
f 881/1586/470 882/1587/471 883/1588/472 884/1589/470
f 885/1590/473 869/1591/460 871/1592/462 886/1593/473
f 870/1574/461 887/1594/474 882/1595/471 871/1575/462
f 882/1587/471 887/1596/474 883/1588/472
f 887/1596/474 888/1597/475 880/1585/469 883/1588/472
f 888/1597/475 877/1582/467 880/1585/469
f 888/1598/475 872/1576/463 876/1599/466 877/1600/467
f 872/1576/463 873/1577/464 876/1599/466
s 181
f 885/1590/176 874/1579/176 873/1578/176 869/1591/176
s 182
f 875/1601/476 878/1602/476 877/1603/476 876/1604/476
s 183
f 879/1584/146 884/1589/146 883/1588/146 880/1585/146
s 184
f 881/1605/477 886/1606/477 871/1607/477 882/1608/477
s 185
f 889/1609/478 890/1610/479 891/1611/480
f 892/1612/232 890/1610/479 889/1609/478 893/1613/481
f 893/1614/481 894/1615/345 895/1616/345 896/1617/235
f 897/1618/482 898/1619/483 899/1620/483 900/1621/484
f 901/1622/485 902/1623/486 903/1624/487 904/1625/485
f 905/1626/488 889/1627/478 891/1628/480 906/1629/488
f 890/1610/479 907/1630/489 902/1631/486 891/1611/480
f 902/1623/486 907/1632/489 903/1624/487
f 907/1632/489 908/1633/244 900/1621/484 903/1624/487
f 908/1633/244 897/1618/482 900/1621/484
f 908/1634/244 892/1612/232 896/1635/235 897/1636/482
f 892/1612/232 893/1613/481 896/1635/235
s 186
f 905/1637/144 894/1638/144 893/1639/144 889/1640/144
s 187
f 895/1616/213 898/1641/213 897/1642/213 896/1617/213
s 188
f 899/1620/146 904/1625/146 903/1624/146 900/1621/146
s 189
f 901/1643/178 906/1629/178 891/1628/178 902/1644/178
s 190
f 909/1645/335 910/1646/336 911/1647/337
f 912/1648/338 910/1646/336 909/1645/335 913/1649/344
f 913/1650/344 914/1651/345 915/1652/345 916/1653/221
f 917/1654/346 918/1655/168 919/1656/168 920/1657/347
f 921/1658/170 922/1659/339 923/1660/348 924/1661/170
f 925/1662/341 909/1663/335 911/1664/337 926/1665/341
f 910/1646/336 927/1666/342 922/1667/339 911/1647/337
f 922/1659/339 927/1668/342 923/1660/348
f 927/1668/342 928/1669/228 920/1657/347 923/1660/348
f 928/1669/228 917/1654/346 920/1657/347
f 928/1670/228 912/1648/338 916/1671/221 917/1672/346
f 912/1648/338 913/1649/344 916/1671/221
s 191
f 925/1673/176 914/1674/176 913/1675/176 909/1676/176
s 192
f 915/1652/177 918/1677/177 917/1678/177 916/1653/177
s 193
f 919/1656/146 924/1661/146 923/1660/146 920/1657/146
s 194
f 921/1679/178 926/1665/178 911/1664/178 922/1680/178
s 195
f 929/1681/10 930/1682/10 931/1683/10 932/1684/10
s 196
f 933/1685/10 934/1686/10 935/1687/10 936/1688/10
s 197
f 937/1689/9 938/1690/9 939/1691/9 940/1692/9
s 198
f 941/1693/9 942/1694/9 943/1695/9 944/1696/9
s 199
f 945/1697/9 946/1698/9 947/1699/9 948/1700/9
s 200
f 949/1701/9 950/1702/9 951/1703/9 952/1704/9
s 201
f 953/1705/10 954/1706/10 955/1707/10 956/1708/10
s 202
f 957/1709/10 958/1710/10 959/1711/10 960/1712/10
s 203
f 961/1713/10 962/1714/10 963/1715/10 964/1716/10
s 204
f 965/1717/490 966/1718/490 967/1719/490 968/1720/490
f 969/1721/8 965/1717/490 968/1720/490 970/1722/8
f 966/1718/490 971/1723/8 972/1724/8 967/1719/490
s 205
f 966/1725/17 965/1726/17 973/1727/17 974/1728/17
f 973/1727/17 965/1726/17 975/1729/17
f 975/1729/17 965/1726/17 976/1730/17
f 965/1726/17 969/1731/17 977/1732/17 976/1730/17
f 978/1733/17 979/1734/17 980/1735/17 981/1736/17
f 978/1733/17 981/1736/17 982/1737/17
f 983/1738/17 982/1737/17 981/1736/17 984/1739/17
f 984/1739/17 971/1740/17 985/1741/17 983/1738/17
f 971/1740/17 966/1725/17 986/1742/17 987/1743/17
f 974/1728/17 986/1742/17 966/1725/17
f 988/1744/17 977/1732/17 969/1731/17
f 989/1745/17 988/1744/17 969/1731/17
f 969/1731/17 990/1746/17 991/1747/17 989/1745/17
f 992/1748/17 993/1749/17 994/1750/17 995/1751/17
f 994/1750/17 993/1749/17 996/1752/17
f 996/1752/17 993/1749/17 997/1753/17
f 997/1753/17 993/1749/17 998/1754/17
f 993/1749/17 980/1735/17 999/1755/17 998/1754/17
f 1000/1756/17 999/1755/17 980/1735/17
f 1001/1757/17 1000/1756/17 980/1735/17
f 1002/1758/17 1001/1757/17 980/1735/17
f 1002/1758/17 980/1735/17 979/1734/17
f 990/1746/17 992/1748/17 995/1751/17 991/1747/17
f 987/1743/17 985/1741/17 971/1740/17
s 206
f 970/1759/17 968/1760/17 1003/1761/17 1004/1762/17
f 972/1763/17 1003/1761/17 968/1760/17 967/1764/17
f 1005/1765/17 1003/1761/17 972/1763/17 1006/1766/17
f 1007/1767/17 970/1759/17 1004/1762/17 1008/1768/17
s 207
f 981/1769/491 980/1770/492 1003/1771/492 1005/1772/491
f 993/1773/493 992/1774/494 1008/1775/494 1004/1776/493
f 980/1770/492 993/1777/493 1004/1778/493 1003/1771/492
s 208
f 1009/1779/495 1010/1780/496 979/1734/496 978/1733/495
f 1011/1781/497 1009/1779/495 978/1733/495 982/1737/497
f 1012/1782/498 1011/1781/497 982/1737/497 983/1738/498
f 1013/1783/499 1012/1782/498 983/1738/498 985/1741/499
f 1014/1784/500 1015/1785/501 986/1742/501 974/1728/500
f 1016/1786/502 1017/1787/503 977/1732/504 988/1744/502
f 1017/1787/503 1018/1788/505 976/1730/505 977/1732/504
f 1018/1788/505 1019/1789/506 975/1729/506 976/1730/505
f 1019/1789/506 1020/1790/507 973/1727/507 975/1729/506
f 1020/1790/507 1014/1784/500 974/1728/500 973/1727/507
f 1021/1791/508 1016/1786/502 988/1744/502 989/1745/508
f 1022/1792/509 1021/1791/508 989/1745/508 991/1747/509
f 1023/1793/510 1024/1794/511 999/1755/511 1000/1756/510
f 1010/1780/496 1025/1795/512 1002/1758/512 979/1734/496
f 1025/1795/512 1026/1796/513 1001/1757/513 1002/1758/512
f 1026/1796/513 1023/1793/510 1000/1756/510 1001/1757/513
f 1027/1797/514 1022/1792/509 991/1747/509 995/1751/514
f 1028/1798/515 1027/1797/514 995/1751/514 994/1750/515
f 1029/1799/516 1028/1798/515 994/1750/515 996/1752/517
f 1030/1800/518 1029/1799/516 996/1752/517 997/1753/518
f 1031/1801/519 1030/1800/518 997/1753/518 998/1754/519
f 1024/1794/511 1031/1801/519 998/1754/519 999/1755/511
f 1032/1802/520 1013/1783/499 985/1741/499 987/1743/520
f 1015/1785/501 1032/1802/520 987/1743/520 986/1742/501
s 209
f 1010/1803/351 1009/1804/521 1033/1805/521 1034/1806/351
f 1009/1804/521 1011/1807/49 1035/1808/49 1033/1805/521
f 1011/1807/49 1012/1809/522 1036/1810/522 1035/1808/49
f 1012/1809/522 1013/1811/352 1037/1812/352 1036/1810/522
f 1014/1813/523 1038/1814/523 1039/1815/357 1015/1816/357
f 1020/1817/6 1040/1818/6 1038/1814/523 1014/1813/523
f 1019/1819/524 1041/1820/524 1040/1818/6 1020/1817/6
f 1018/1821/355 1042/1822/355 1041/1820/524 1019/1819/524
f 1017/1823/525 1043/1824/525 1042/1822/355 1018/1821/355
f 1044/1825/526 1043/1826/525 1017/1827/525 1016/1828/526
f 1045/1829/527 1044/1825/526 1016/1828/526 1021/1830/527
f 1046/1831/127 1045/1829/527 1021/1830/527 1022/1832/127
f 1023/1833/528 1047/1834/528 1048/1835/8 1024/1836/8
f 1026/1837/353 1049/1838/353 1047/1834/528 1023/1833/528
f 1025/1839/529 1050/1840/529 1049/1838/353 1026/1837/353
f 1025/1841/529 1010/1803/351 1034/1806/351 1050/1842/529
f 1024/1836/8 1048/1835/8 1051/1843/530 1031/1844/530
f 1031/1844/530 1051/1843/530 1052/1845/364 1030/1846/364
f 1030/1846/364 1052/1845/364 1053/1847/531 1029/1848/531
f 1053/1849/531 1054/1850/532 1028/1851/532 1029/1852/531
f 1054/1850/532 1055/1853/533 1027/1854/533 1028/1851/532
f 1055/1853/533 1046/1831/127 1022/1832/127 1027/1854/533
f 1015/1816/357 1039/1815/357 1056/1855/494 1032/1856/494
f 1013/1811/352 1032/1857/494 1056/1858/494 1037/1812/352
s 210
f 971/1859/78 984/1860/78 1006/1861/78 972/1862/78
s 211
f 984/1860/127 981/1863/127 1005/1864/127 1006/1861/127
s 212
f 990/1865/529 969/1866/529 970/1867/529 1007/1868/529
s 213
f 992/1774/49 990/1865/49 1007/1868/49 1008/1775/49
s 214
f 1057/1869/534 1058/1870/534 1059/1871/535 1060/1872/536
f 1061/1873/537 1062/1874/538 1058/1870/534 1057/1869/534
f 1063/1875/539 1064/1876/539 1062/1877/538 1061/1878/537
f 1065/1879/540 1066/1880/540 1064/1876/539 1063/1875/539
f 1067/1881/541 1068/1882/541 1066/1880/540 1065/1879/540
f 1069/1883/542 1070/1884/542 1068/1882/541 1067/1881/541
f 1071/1885/543 1072/1886/544 1070/1884/542 1069/1883/542
f 1073/1887/545 1074/1888/546 1072/1886/544 1071/1885/543
f 1075/1889/547 1076/1890/547 1074/1891/546 1073/1892/545
f 1077/1893/548 1078/1894/548 1076/1890/547 1075/1889/547
f 1079/1895/6 1080/1896/6 1078/1894/548 1077/1893/548
f 1081/1897/549 1082/1898/549 1080/1896/6 1079/1895/6
f 1083/1899/550 1084/1900/550 1082/1898/549 1081/1897/549
f 1085/1901/551 1086/1902/551 1084/1900/550 1083/1899/550
f 1087/1903/552 1088/1904/552 1086/1905/551 1085/1906/551
f 1089/1907/553 1090/1908/553 1088/1904/552 1087/1903/552
f 1091/1909/554 1092/1910/554 1090/1908/553 1089/1907/553
f 1093/1911/555 1094/1912/555 1092/1910/554 1091/1909/554
f 1095/1913/556 1096/1914/556 1094/1912/555 1093/1911/555
f 1097/1915/557 1098/1916/557 1096/1914/556 1095/1913/556
f 1099/1917/558 1100/1918/558 1098/1919/557 1097/1920/557
f 1101/1921/559 1102/1922/559 1100/1918/558 1099/1917/558
f 1103/1923/8 1104/1924/8 1102/1922/559 1101/1921/559
f 1060/1872/536 1059/1871/535 1104/1924/8 1103/1923/8
s 215
f 1105/1925/560 1106/1926/561 1104/1924/561 1059/1871/560
f 1107/1927/562 1108/1928/563 1074/1891/564 1076/1890/562
f 1108/1929/563 1109/1930/565 1072/1886/566 1074/1888/564
f 1109/1930/565 1110/1931/567 1070/1884/568 1072/1886/566
f 1110/1931/567 1111/1932/569 1068/1882/570 1070/1884/568
f 1112/1933/571 1105/1925/560 1059/1871/560 1058/1870/572
f 1113/1934/573 1112/1933/571 1058/1870/572 1062/1874/573
f 1114/1935/574 1113/1936/573 1062/1877/573 1064/1876/574
f 1115/1937/575 1114/1935/574 1064/1876/574 1066/1880/576
f 1111/1932/569 1115/1937/575 1066/1880/576 1068/1882/570
f 1116/1938/577 1117/1939/578 1078/1894/579 1080/1896/577
f 1117/1939/578 1107/1927/562 1076/1890/562 1078/1894/579
f 1118/1940/580 1116/1941/577 1080/1942/577 1082/1943/581
f 1119/1944/582 1118/1940/580 1082/1943/581 1084/1945/583
f 1120/1946/584 1119/1944/582 1084/1945/583 1086/1947/584
f 1121/1948/585 1120/1946/584 1086/1947/584 1088/1949/586
f 1122/1950/587 1121/1948/585 1088/1949/586 1090/1951/587
f 1123/1952/588 1122/1950/587 1090/1951/587 1092/1953/589
f 1124/1954/590 1123/1952/588 1092/1953/589 1094/1955/591
f 1125/1956/592 1124/1954/590 1094/1955/591 1096/1957/593
f 1126/1958/594 1125/1956/592 1096/1957/593 1098/1959/594
f 1127/1960/595 1126/1958/594 1098/1959/594 1100/1961/596
f 1128/1962/597 1127/1960/595 1100/1961/596 1102/1963/598
f 1106/1964/561 1128/1962/597 1102/1963/598 1104/1965/561
s 216
f 1129/1966/599 1130/1967/600 1106/1964/600 1105/1968/599
f 1108/1969/601 1107/1970/602 1131/1971/602 1132/1972/601
f 1109/1973/603 1108/1969/601 1132/1972/601 1133/1974/604
f 1110/1975/604 1109/1973/603 1133/1974/604 1134/1976/605
f 1111/1977/606 1110/1975/604 1134/1976/605 1135/1978/607
f 1135/1978/607 1136/1979/608 1115/1980/608 1111/1977/606
f 1136/1979/608 1137/1981/609 1114/1982/610 1115/1980/608
f 1137/1981/609 1138/1983/611 1113/1984/611 1114/1982/610
f 1138/1983/611 1139/1985/612 1112/1986/612 1113/1984/611
f 1139/1985/612 1129/1966/599 1105/1968/599 1112/1986/612
f 1130/1967/600 1140/1987/613 1128/1962/614 1106/1964/600
f 1140/1987/613 1141/1988/615 1127/1960/615 1128/1962/614
f 1141/1988/615 1142/1989/616 1126/1958/616 1127/1960/615
f 1142/1989/616 1143/1990/617 1125/1956/612 1126/1958/616
f 1143/1990/617 1144/1991/618 1124/1954/618 1125/1956/612
f 1144/1991/618 1145/1992/619 1123/1952/619 1124/1954/618
f 1145/1992/619 1146/1993/620 1122/1950/9 1123/1952/619
f 1146/1993/620 1147/1994/621 1121/1948/621 1122/1950/9
f 1147/1994/621 1148/1995/615 1120/1946/615 1121/1948/621
f 1148/1995/615 1149/1996/616 1119/1944/616 1120/1946/615
f 1149/1996/616 1150/1997/622 1118/1940/623 1119/1944/616
f 1150/1997/622 1151/1998/624 1116/1941/624 1118/1940/623
f 1117/1999/625 1116/1941/624 1151/1998/624 1152/2000/625
f 1107/1970/602 1117/1999/625 1152/2000/625 1131/1971/602
s 217
f 1132/1972/9 1131/1971/9 1152/2000/9 1151/1998/9 1150/1997/9 1149/1996/9 1148/1995/9 1147/1994/9 1146/1993/9 1145/1992/9 1144/1991/9 1143/1990/9 1142/1989/9 1141/1988/9 1140/1987/9 1130/1967/9 1129/1966/9 1139/1985/9 1138/1983/9 1137/1981/9 1136/1979/9 1135/1978/9 1134/1976/9 1133/1974/9
s 218
f 1132/2001/626 1131/2002/627 1153/2003/628 1154/2004/564
f 1133/2005/629 1132/2006/626 1154/2007/564 1155/2008/630
f 1134/2009/631 1133/2005/629 1155/2008/630 1156/2010/632
f 1135/2011/633 1134/2009/631 1156/2010/632 1157/2012/634
f 1136/2013/635 1135/2011/633 1157/2012/634 1158/2014/636
f 1137/2015/637 1136/2013/635 1158/2014/636 1159/2016/638
f 1138/2017/639 1137/2015/637 1159/2016/638 1160/2018/640
f 1139/2019/641 1138/2020/639 1160/2021/640 1161/2022/641
f 1129/2023/642 1139/2019/641 1161/2022/641 1162/2024/642
f 1130/2025/643 1129/2023/642 1162/2024/642 1163/2026/644
f 1140/2027/645 1130/2025/643 1163/2026/644 1164/2028/646
f 1141/2029/647 1140/2030/645 1164/2031/646 1165/2032/647
f 1142/2033/648 1141/2029/647 1165/2032/647 1166/2034/649
f 1143/2035/650 1142/2033/648 1166/2034/649 1167/2036/592
f 1144/2037/651 1143/2035/650 1167/2036/592 1168/2038/652
f 1145/2039/653 1144/2037/651 1168/2038/652 1169/2040/653
f 1146/2041/654 1145/2039/653 1169/2040/653 1170/2042/654
f 1147/2043/655 1146/2041/654 1170/2042/654 1171/2044/656
f 1148/2045/657 1147/2043/655 1171/2044/656 1172/2046/657
f 1149/2047/658 1148/2045/657 1172/2046/657 1173/2048/659
f 1150/2049/660 1149/2047/658 1173/2048/659 1174/2050/661
f 1151/2051/662 1150/2052/660 1174/2053/661 1175/2054/663
f 1152/2055/664 1151/2051/662 1175/2054/663 1176/2056/664
f 1131/2002/627 1152/2055/664 1176/2056/664 1153/2003/628
s 219
f 1154/2007/665 1177/2057/665 1178/2058/666 1155/2008/666
f 1153/2003/667 1179/2059/667 1177/2060/665 1154/2004/665
f 1176/2056/668 1180/2061/668 1179/2059/667 1153/2003/667
f 1175/2054/6 1181/2062/6 1180/2061/668 1176/2056/668
f 1174/2053/669 1182/2063/669 1181/2062/6 1175/2054/6
f 1173/2064/670 1183/2065/670 1182/2063/669 1174/2053/669
f 1172/2066/671 1184/2067/671 1183/2065/670 1173/2064/670
f 1171/2068/672 1185/2069/672 1184/2070/671 1172/2071/671
f 1170/2072/673 1186/2073/673 1185/2069/672 1171/2068/672
f 1169/2074/674 1187/2075/674 1186/2073/673 1170/2072/673
f 1168/2076/675 1188/2077/675 1187/2075/674 1169/2074/674
f 1167/2078/676 1189/2079/676 1188/2077/675 1168/2076/675
f 1166/2080/677 1190/2081/677 1189/2079/676 1167/2078/676
f 1165/2082/678 1191/2083/678 1190/2084/677 1166/2085/677
f 1164/2028/679 1192/2086/679 1191/2083/678 1165/2082/678
f 1163/2026/8 1193/2087/8 1192/2086/679 1164/2028/679
f 1162/2024/680 1194/2088/681 1193/2087/8 1163/2026/8
f 1161/2022/682 1195/2089/682 1194/2088/681 1162/2024/680
f 1160/2021/683 1196/2090/683 1195/2089/682 1161/2022/682
f 1159/2016/684 1197/2091/684 1196/2092/683 1160/2018/683
f 1158/2014/685 1198/2093/685 1197/2091/684 1159/2016/684
f 1157/2012/686 1199/2094/686 1198/2093/685 1158/2014/685
f 1156/2010/687 1200/2095/687 1199/2094/686 1157/2012/686
f 1155/2008/666 1178/2058/666 1200/2095/687 1156/2010/687
s 220
f 1201/2096/688 1202/2097/689 1200/2095/690 1178/2058/688
f 1203/2098/691 1204/2099/692 1177/2060/693 1179/2059/691
f 1204/2100/692 1201/2096/688 1178/2058/688 1177/2057/693
f 1205/2101/579 1203/2098/691 1179/2059/691 1180/2061/579
f 1206/2102/694 1207/2103/695 1181/2104/695 1182/2105/696
f 1207/2106/695 1205/2101/579 1180/2061/579 1181/2062/695
f 1208/2107/697 1206/2102/694 1182/2105/696 1183/2108/698
f 1209/2109/699 1210/2110/700 1184/2111/701 1185/2112/702
f 1210/2110/700 1208/2107/697 1183/2108/698 1184/2111/701
f 1211/2113/703 1209/2109/699 1185/2112/702 1186/2114/704
f 1212/2115/705 1213/2116/706 1187/2117/706 1188/2118/707
f 1213/2116/706 1211/2113/703 1186/2114/704 1187/2117/706
f 1214/2119/708 1212/2115/705 1188/2118/707 1189/2120/708
f 1215/2121/709 1216/2122/710 1190/2123/710 1191/2124/711
f 1216/2122/710 1214/2119/708 1189/2120/708 1190/2123/710
f 1217/2125/597 1215/2121/709 1191/2124/711 1192/2126/712
f 1218/2127/642 1219/2128/713 1193/2087/713 1194/2088/642
f 1219/2129/713 1217/2125/597 1192/2126/712 1193/2130/713
f 1220/2131/714 1218/2127/642 1194/2088/642 1195/2089/714
f 1221/2132/715 1222/2133/716 1196/2092/717 1197/2091/715
f 1222/2134/716 1220/2131/714 1195/2089/714 1196/2090/717
f 1223/2135/718 1221/2132/715 1197/2091/715 1198/2093/719
f 1202/2097/689 1224/2136/720 1199/2094/720 1200/2095/690
f 1224/2136/720 1223/2135/718 1198/2093/719 1199/2094/720
s 221
f 1201/2137/9 1225/2138/10 1202/2139/615
f 1204/2140/721 1225/2138/10 1201/2137/9
f 1204/2140/721 1203/2141/615 1225/2138/10
f 1203/2141/615 1205/2142/722 1225/2138/10
f 1207/2103/723 1225/2138/10 1205/2142/722
f 1207/2103/723 1206/2102/9 1225/2138/10
f 1208/2107/600 1225/2138/10 1206/2102/9
f 1210/2110/600 1225/2138/10 1208/2107/600
f 1210/2110/600 1209/2109/602 1225/2138/10
f 1211/2113/607 1225/2138/10 1209/2109/602
f 1213/2116/607 1225/2138/10 1211/2113/607
f 1213/2116/607 1212/2115/607 1225/2138/10
f 1214/2119/612 1225/2138/10 1212/2115/607
f 1216/2122/624 1225/2138/10 1214/2119/612
f 1216/2122/624 1215/2121/624 1225/2138/10
f 1215/2121/624 1217/2125/605 1225/2138/10
f 1219/2129/723 1225/2138/10 1217/2125/605
f 1219/2129/723 1218/2143/722 1225/2138/10
f 1220/2144/616 1225/2138/10 1218/2143/722
f 1222/2145/721 1225/2138/10 1220/2144/616
f 1222/2145/721 1221/2146/724 1225/2138/10
f 1223/2147/616 1225/2138/10 1221/2146/724
f 1224/2148/725 1225/2138/10 1223/2147/616
f 1224/2148/725 1202/2139/615 1225/2138/10
s 222
f 1226/2149/726 1227/2150/727 1228/2151/728
f 1229/2152/219 1227/2150/727 1226/2149/726 1230/2153/220
f 1230/2154/220 1231/2155/165 1232/2156/165 1233/2157/221
f 1234/2158/222 1235/2159/206 1236/2160/206 1237/2161/223
f 1238/2162/729 1239/2163/730 1240/2164/348 1241/2165/729
f 1242/2166/731 1226/2167/726 1228/2168/728 1243/2169/731
f 1227/2150/727 1244/2170/342 1239/2171/730 1228/2151/728
f 1239/2163/730 1244/2172/342 1240/2164/348
f 1244/2172/342 1245/2173/228 1237/2161/223 1240/2164/348
f 1245/2173/228 1234/2158/222 1237/2161/223
f 1245/2174/228 1229/2152/219 1233/2175/221 1234/2176/222
f 1229/2152/219 1230/2153/220 1233/2175/221
s 223
f 1242/2177/144 1231/2178/144 1230/2179/144 1226/2180/144
s 224
f 1232/2156/213 1235/2181/213 1234/2182/213 1233/2157/213
s 225
f 1236/2160/146 1241/2165/146 1240/2164/146 1237/2161/146
s 226
f 1238/2183/178 1243/2169/178 1228/2168/178 1239/2184/178
s 227
f 1246/2185/9 1247/2186/9 1248/2187/9 1249/2188/9
s 228
f 1250/2189/732 1251/2190/161 1252/2191/733
f 1253/2192/163 1251/2190/161 1250/2189/732 1254/2193/164
f 1254/2194/164 1255/2195/165 1256/2196/165 1257/2197/734
f 1258/2198/167 1259/2199/168 1260/2200/168 1261/2201/169
f 1262/2202/170 1263/2203/171 1264/2204/172 1265/2205/170
f 1266/2206/488 1250/2207/732 1252/2208/733 1267/2209/488
f 1251/2190/161 1268/2210/174 1263/2211/171 1252/2191/733
f 1263/2203/171 1268/2212/174 1264/2204/172
f 1268/2212/174 1269/2213/175 1261/2201/169 1264/2204/172
f 1269/2213/175 1258/2198/167 1261/2201/169
f 1269/2214/175 1253/2192/163 1257/2215/734 1258/2216/167
f 1253/2192/163 1254/2193/164 1257/2215/734
s 229
f 1266/2217/176 1255/2218/176 1254/2219/176 1250/2220/176
s 230
f 1256/2196/177 1259/2221/177 1258/2222/177 1257/2197/177
s 231
f 1260/2200/146 1265/2205/146 1264/2204/146 1261/2201/146
s 232
f 1262/2223/178 1267/2209/178 1252/2208/178 1263/2224/178
s 233
f 1270/2225/9 1271/2226/9 1272/2227/9 1273/2228/9
s 234
f 1274/2229/14 1275/2230/14 1276/2231/14 1277/2232/14
s 235
f 1278/2233/10 1279/2234/735 1280/2235/10
f 1279/2234/735 1281/2236/615 1280/2235/10
f 1281/2236/615 1282/2237/616 1280/2235/10
f 1282/2237/616 1283/2238/736 1280/2235/10
f 1283/2238/736 1284/2239/737 1280/2235/10
f 1284/2239/737 1285/2240/738 1280/2235/10
f 1285/2240/738 1286/2241/614 1280/2235/10
f 1286/2241/614 1287/2242/616 1280/2235/10
f 1287/2242/616 1288/2243/609 1280/2235/10
f 1288/2243/609 1289/2244/615 1280/2235/10
f 1289/2244/615 1290/2245/739 1280/2235/10
f 1291/2246/725 1280/2235/10 1290/2245/739
f 1292/2247/607 1293/2248/9 1280/2235/10 1291/2246/725
f 1292/2247/607 1294/2249/740 1293/2248/9
f 1294/2249/740 1295/2250/599 1293/2248/9
f 1295/2250/599 1296/2251/615 1293/2248/9
f 1296/2251/615 1297/2252/615 1293/2248/9
f 1297/2252/615 1298/2253/604 1293/2248/9
f 1298/2253/604 1299/2254/599 1293/2248/9
f 1299/2254/599 1300/2255/741 1293/2248/9
f 1300/2255/741 1301/2256/602 1293/2248/9
f 1301/2256/602 1302/2257/9 1293/2248/9
f 1302/2257/9 1303/2258/742 1293/2248/9
f 1303/2258/742 1304/2259/743 1293/2248/9
f 1305/2260/9 1293/2248/9 1304/2259/743
f 1306/2261/744 1307/2262/9 1293/2248/9 1305/2260/9
f 1306/2261/744 1308/2263/745 1307/2262/9
f 1309/2264/746 1307/2262/9 1308/2263/745
f 1310/2265/9 1307/2262/9 1309/2264/746
f 1311/2266/612 1307/2262/9 1310/2265/9
f 1312/2267/747 1307/2262/9 1311/2266/612
f 1313/2268/625 1307/2262/9 1312/2267/747
f 1314/2269/609 1307/2262/9 1313/2268/625
f 1315/2270/616 1307/2262/9 1314/2269/609
f 1316/2271/10 1307/2262/9 1315/2270/616
f 1317/2272/748 1307/2262/9 1316/2271/10 1318/2273/614
f 1319/2274/9 1307/2262/9 1317/2272/748
f 1320/2275/725 1321/2276/10 1307/2262/9 1319/2274/9
f 1320/2275/725 1322/2277/739 1321/2276/10
f 1323/2278/625 1321/2276/10 1322/2277/739
f 1324/2279/607 1321/2276/10 1323/2278/625
f 1325/2280/739 1321/2276/10 1324/2279/607
f 1326/2281/622 1321/2276/10 1325/2280/739
f 1327/2282/749 1321/2276/10 1326/2281/622
f 1328/2283/750 1321/2276/10 1327/2282/749
f 1329/2284/751 1321/2276/10 1328/2283/750
f 1330/2285/615 1321/2276/10 1329/2284/751
f 1331/2286/616 1321/2276/10 1330/2285/615
f 1332/2287/752 1321/2276/10 1331/2286/616
f 1333/2288/10 1321/2276/10 1332/2287/752
f 1278/2233/10 1280/2235/10 1321/2276/10 1333/2288/10
f 1307/2262/9 1321/2276/10 1280/2235/10 1293/2248/9
s 236
f 1334/2289/753 1335/2290/735 1336/2291/10
f 1337/2292/616 1336/2291/10 1335/2290/735
f 1338/2293/616 1336/2291/10 1337/2292/616
f 1339/2294/10 1336/2291/10 1338/2293/616
f 1340/2295/754 1336/2291/10 1339/2294/10
f 1341/2296/625 1336/2291/10 1340/2295/754
f 1342/2297/753 1336/2291/10 1341/2296/625
f 1343/2298/10 1336/2291/10 1342/2297/753
f 1344/2299/9 1336/2291/10 1343/2298/10
f 1345/2300/755 1336/2291/10 1344/2299/9
f 1346/2301/725 1336/2291/10 1345/2300/755
f 1347/2302/721 1336/2291/10 1346/2301/725
f 1348/2303/606 1349/2304/9 1336/2291/10 1347/2302/721
f 1348/2303/606 1350/2305/609 1349/2304/9
f 1350/2305/609 1351/2306/756 1349/2304/9
f 1351/2306/756 1352/2307/756 1349/2304/9
f 1352/2307/756 1353/2308/10 1349/2304/9
f 1353/2308/10 1354/2309/604 1349/2304/9
f 1354/2309/604 1355/2310/599 1349/2304/9
f 1355/2310/599 1356/2311/741 1349/2304/9
f 1356/2311/741 1357/2312/735 1349/2304/9
f 1357/2312/735 1358/2313/615 1349/2304/9
f 1359/2314/757 1349/2304/9 1358/2313/615
f 1360/2315/758 1349/2304/9 1359/2314/757
f 1361/2316/607 1349/2304/9 1360/2315/758
f 1362/2317/607 1363/2318/9 1349/2304/9 1361/2316/607
f 1362/2317/607 1364/2319/759 1363/2318/9
f 1364/2319/759 1365/2320/760 1363/2318/9
f 1365/2320/760 1366/2321/616 1363/2318/9
f 1366/2321/616 1367/2322/752 1363/2318/9
f 1367/2322/752 1368/2323/747 1363/2318/9
f 1368/2323/747 1369/2324/625 1363/2318/9
f 1369/2324/625 1370/2325/609 1363/2318/9
f 1370/2325/609 1371/2326/9 1363/2318/9
f 1371/2326/9 1372/2327/724 1363/2318/9
f 1372/2327/724 1373/2328/724 1363/2318/9
f 1373/2328/724 1374/2329/604 1363/2318/9
f 1375/2330/725 1363/2318/9 1374/2329/604
f 1376/2331/721 1377/2332/10 1363/2318/9 1375/2330/725
f 1376/2331/721 1378/2333/739 1377/2332/10
f 1378/2333/739 1379/2334/761 1377/2332/10
f 1379/2334/761 1380/2335/603 1377/2332/10
f 1380/2335/603 1381/2336/10 1377/2332/10
f 1382/2337/622 1377/2332/10 1381/2336/10
f 1383/2338/599 1377/2332/10 1382/2337/622
f 1384/2339/762 1377/2332/10 1383/2338/599
f 1385/2340/10 1377/2332/10 1384/2339/762
f 1386/2341/615 1377/2332/10 1385/2340/10
f 1387/2342/615 1377/2332/10 1386/2341/615
f 1388/2343/752 1377/2332/10 1387/2342/615
f 1389/2344/621 1377/2332/10 1388/2343/752
f 1334/2289/753 1336/2291/10 1377/2332/10 1389/2344/621
f 1377/2332/10 1336/2291/10 1349/2304/9 1363/2318/9
s 237
f 1390/2345/310 1391/2346/311 1392/2347/312
f 1393/2348/313 1391/2346/311 1390/2345/310 1394/2349/314
f 1394/2350/314 1395/2351/763 1396/2352/763 1397/2353/316
f 1398/2354/317 1399/2355/264 1400/2356/264 1401/2357/764
f 1402/2358/266 1403/2359/765 1404/2360/766 1405/2361/266
f 1406/2362/767 1390/2363/310 1392/2364/312 1407/2365/767
f 1391/2346/311 1408/2366/768 1403/2367/765 1392/2347/312
f 1403/2359/765 1408/2368/768 1404/2360/766
f 1408/2368/768 1409/2369/769 1401/2357/764 1404/2360/766
f 1409/2369/769 1398/2354/317 1401/2357/764
f 1409/2370/769 1393/2348/313 1397/2371/316 1398/2372/317
f 1393/2348/313 1394/2349/314 1397/2371/316
s 238
f 1406/2362/176 1395/2351/176 1394/2350/176 1390/2363/176
s 239
f 1396/2373/145 1399/2374/145 1398/2375/145 1397/2376/145
s 240
f 1400/2356/146 1405/2361/146 1404/2360/146 1401/2357/146
s 241
f 1402/2377/147 1407/2378/147 1392/2379/147 1403/2380/147
s 242
f 1410/2381/335 1411/2382/336 1412/2383/337
f 1413/2384/249 1411/2382/336 1410/2381/335 1414/2385/250
f 1414/2386/250 1415/2387/251 1416/2388/251 1417/2389/221
f 1418/2390/222 1419/2391/206 1420/2392/206 1421/2393/223
f 1422/2394/170 1423/2395/339 1424/2396/340 1425/2397/170
f 1426/2398/341 1410/2399/335 1412/2400/337 1427/2401/341
f 1411/2382/336 1428/2402/342 1423/2403/339 1412/2383/337
f 1423/2395/339 1428/2404/342 1424/2396/340
f 1428/2404/342 1429/2405/228 1421/2393/223 1424/2396/340
f 1429/2405/228 1418/2390/222 1421/2393/223
f 1429/2406/228 1413/2384/249 1417/2407/221 1418/2408/222
f 1413/2384/249 1414/2385/250 1417/2407/221
s 243
f 1426/2409/176 1415/2410/176 1414/2411/176 1410/2412/176
s 244
f 1416/2388/213 1419/2413/213 1418/2414/213 1417/2389/213
s 245
f 1420/2392/146 1425/2397/146 1424/2396/146 1421/2393/146
s 246
f 1422/2415/178 1427/2401/178 1412/2400/178 1423/2416/178
s 247
f 1430/2417/9 1431/2418/9 1432/2419/9 1433/2420/9
s 248
f 1434/2421/10 1435/2422/10 1436/2423/10 1437/2424/10
s 249
f 1438/2425/770 1439/2426/292 1440/2427/293
f 1441/2428/294 1439/2426/292 1438/2425/770 1442/2429/771
f 1442/2430/771 1443/2431/296 1444/2432/296 1445/2433/297
f 1446/2434/298 1447/2435/282 1448/2436/282 1449/2437/772
f 1450/2438/284 1451/2439/300 1452/2440/773 1453/2441/284
f 1454/2442/302 1438/2443/770 1440/2444/293 1455/2445/302
f 1439/2426/292 1456/2446/303 1451/2447/300 1440/2427/293
f 1451/2439/300 1456/2448/303 1452/2440/773
f 1456/2448/303 1457/2449/304 1449/2437/772 1452/2440/773
f 1457/2449/304 1446/2434/298 1449/2437/772
f 1457/2450/304 1441/2428/294 1445/2451/297 1446/2452/298
f 1441/2428/294 1442/2429/771 1445/2451/297
s 250
f 1454/2442/176 1443/2431/176 1442/2430/176 1438/2443/176
s 251
f 1444/2453/197 1447/2454/197 1446/2455/197 1445/2456/197
s 252
f 1448/2436/146 1453/2441/146 1452/2440/146 1449/2437/146
s 253
f 1450/2457/198 1455/2458/198 1440/2459/198 1451/2460/198
s 254
f 1458/2461/10 1459/2462/10 1460/2463/10 1461/2464/10
s 255
f 1462/2465/45 1463/2466/45 1464/2467/45 1465/2468/45 1466/2469/45
s 256
f 1467/2470/30 1468/2471/30 1469/2472/30 1470/2473/30 1471/2474/30 1472/2475/30 1473/2476/30 1474/2477/30 1475/2478/30
s 257
f 1476/2479/9 1477/2480/9 1478/2481/9 1479/2482/9
s 258
f 1480/2483/310 1481/2484/311 1482/2485/312
f 1483/2486/313 1481/2484/311 1480/2483/310 1484/2487/774
f 1484/2488/774 1485/2489/763 1486/2490/763 1487/2491/316
f 1488/2492/317 1489/2493/264 1490/2494/264 1491/2495/318
f 1492/2496/266 1493/2497/765 1494/2498/766 1495/2499/266
f 1496/2500/767 1480/2501/310 1482/2502/312 1497/2503/767
f 1481/2484/311 1498/2504/768 1493/2505/765 1482/2485/312
f 1493/2497/765 1498/2506/768 1494/2498/766
f 1498/2506/768 1499/2507/769 1491/2495/318 1494/2498/766
f 1499/2507/769 1488/2492/317 1491/2495/318
f 1499/2508/769 1483/2486/313 1487/2509/316 1488/2510/317
f 1483/2486/313 1484/2487/774 1487/2509/316
s 259
f 1496/2500/176 1485/2489/176 1484/2488/176 1480/2501/176
s 260
f 1486/2511/145 1489/2512/145 1488/2513/145 1487/2514/145
s 261
f 1490/2494/146 1495/2499/146 1494/2498/146 1491/2495/146
s 262
f 1492/2515/147 1497/2516/147 1482/2517/147 1493/2518/147
s 263
f 1500/2519/9 1501/2520/9 1502/2521/9 1503/2522/9
