# Blender v2.78 (sub 0) OBJ File: 'video_store_bargain_table.blend'
# www.blender.org
mtllib video_store_bargain_table.mtl
o Mesh58_Group66_Group61_Group1_Model
v 0.570000 0.577500 -0.280563
v 0.570000 0.582500 -0.280563
v -0.570000 0.582500 -0.280563
v -0.570000 0.577500 -0.280563
v 0.570000 0.585000 -0.284893
v -0.570000 0.585000 -0.284893
v 0.570000 0.582500 -0.289224
v -0.570000 0.582500 -0.289224
v 0.570000 0.577500 -0.289224
v -0.570000 0.577500 -0.289224
v 0.570000 0.575000 -0.284893
v -0.570000 0.575000 -0.284893
v -0.156279 1.021800 0.002366
v -0.156279 1.021800 0.003731
v -0.155512 1.021650 0.003731
v -0.155512 1.021650 0.002366
v -0.157020 1.022050 0.002366
v -0.157020 1.022050 0.003731
v -0.157722 1.022400 0.002366
v -0.157722 1.022400 0.003731
v -0.158373 1.022830 0.002366
v -0.158373 1.022830 0.003731
v -0.158961 1.023350 0.002366
v -0.158961 1.023350 0.003731
v -0.159477 1.023940 0.002366
v -0.159477 1.023940 0.003731
v -0.159912 1.024590 0.002366
v -0.159912 1.024590 0.003731
v -0.160258 1.025290 0.002366
v -0.160258 1.025290 0.003731
v -0.160509 1.026030 0.002366
v -0.160509 1.026030 0.003731
v -0.160662 1.026800 0.002366
v -0.160662 1.026800 0.003731
v -0.160713 1.027580 0.002366
v -0.160713 1.027580 0.003731
v -0.160713 1.207580 0.002366
v -0.160713 1.207580 0.003731
v -0.160662 1.208360 0.002366
v -0.160662 1.208360 0.003731
v -0.160509 1.209130 0.002366
v -0.160509 1.209130 0.003731
v -0.160258 1.209870 0.002366
v -0.160258 1.209870 0.003731
v -0.159912 1.210570 0.002366
v -0.159912 1.210570 0.003731
v -0.159477 1.211220 0.002366
v -0.159477 1.211220 0.003731
v -0.158961 1.211810 0.002366
v -0.158961 1.211810 0.003731
v -0.158373 1.212330 0.002366
v -0.158373 1.212330 0.003731
v -0.157722 1.212760 0.002366
v -0.157722 1.212760 0.003731
v -0.157020 1.213110 0.002366
v -0.157020 1.213110 0.003731
v -0.156279 1.213360 0.002366
v -0.156279 1.213360 0.003731
v -0.155512 1.213510 0.002366
v -0.155512 1.213510 0.003731
v -0.154731 1.213560 0.002366
v -0.154731 1.213560 0.003731
v 0.154731 1.213560 0.002366
v 0.154731 1.213560 0.003731
v 0.155512 1.213510 0.002366
v 0.155512 1.213510 0.003731
v 0.156279 1.213360 0.002366
v 0.156279 1.213360 0.003731
v 0.157020 1.213110 0.002366
v 0.157020 1.213110 0.003731
v 0.157722 1.212760 0.002366
v 0.157722 1.212760 0.003731
v 0.158373 1.212330 0.002366
v 0.158373 1.212330 0.003731
v 0.158961 1.211810 0.002366
v 0.158961 1.211810 0.003731
v 0.159477 1.211220 0.002366
v 0.159477 1.211220 0.003731
v 0.159912 1.210570 0.002366
v 0.159912 1.210570 0.003731
v 0.160258 1.209870 0.002366
v 0.160258 1.209870 0.003731
v 0.160509 1.209130 0.002366
v 0.160509 1.209130 0.003731
v 0.160662 1.208360 0.002366
v 0.160662 1.208360 0.003731
v 0.160713 1.207580 0.002366
v 0.160713 1.207580 0.003731
v 0.160713 1.027580 0.002366
v 0.160713 1.027580 0.003731
v 0.160662 1.026800 0.002366
v 0.160662 1.026800 0.003731
v 0.160509 1.026030 0.002366
v 0.160509 1.026030 0.003731
v 0.160258 1.025290 0.002366
v 0.160258 1.025290 0.003731
v 0.159912 1.024590 0.002366
v 0.159912 1.024590 0.003731
v 0.159477 1.023940 0.002366
v 0.159477 1.023940 0.003731
v 0.158961 1.023350 0.002366
v 0.158961 1.023350 0.003731
v 0.158373 1.022830 0.002366
v 0.158373 1.022830 0.003731
v 0.157722 1.022400 0.002366
v 0.157722 1.022400 0.003731
v 0.157020 1.022050 0.002366
v 0.157020 1.022050 0.003731
v 0.156279 1.021800 0.002366
v 0.156279 1.021800 0.003731
v 0.155512 1.021650 0.002366
v 0.155512 1.021650 0.003731
v 0.154731 1.021600 0.002366
v 0.154731 1.021600 0.003731
v -0.154731 1.021600 0.002366
v -0.154731 1.021600 0.003731
v -0.155642 1.020650 0.004731
v -0.154763 1.020600 0.004731
v -0.155905 1.018660 0.004731
v -0.154698 1.018580 0.004731
v -0.156036 1.017660 0.003731
v -0.154731 1.017580 0.003731
v -0.157060 1.018890 0.004731
v -0.157319 1.017920 0.003731
v -0.156538 1.020830 0.004731
v -0.157404 1.021130 0.004731
v -0.158174 1.019270 0.004731
v -0.158558 1.018340 0.003731
v -0.159230 1.019790 0.004731
v -0.159731 1.018920 0.003731
v -0.158223 1.021530 0.004731
v -0.158983 1.022040 0.004731
v -0.160208 1.020440 0.004731
v -0.160818 1.019650 0.003731
v -0.161093 1.021220 0.004731
v -0.161802 1.020510 0.003731
v -0.159670 1.022640 0.004731
v -0.160272 1.023330 0.004731
v -0.161869 1.022100 0.004731
v -0.162664 1.021490 0.003731
v -0.162523 1.023080 0.004731
v -0.163391 1.022580 0.003731
v -0.160780 1.024090 0.004731
v -0.161184 1.024910 0.004731
v -0.163044 1.024140 0.004731
v -0.163970 1.023750 0.003731
v -0.163422 1.025250 0.004731
v -0.164390 1.024990 0.003731
v -0.161477 1.025770 0.004731
v -0.161656 1.026670 0.004731
v -0.163652 1.026400 0.004731
v -0.164645 1.026270 0.003731
v -0.163731 1.027610 0.004731
v -0.164731 1.027580 0.003731
v -0.161713 1.027550 0.004731
v -0.161713 1.207610 0.004731
v -0.163731 1.207550 0.004731
v -0.164731 1.207580 0.003731
v -0.163652 1.208750 0.004731
v -0.164645 1.208880 0.003731
v -0.161656 1.208490 0.004731
v -0.161477 1.209390 0.004731
v -0.163422 1.209910 0.004731
v -0.161184 1.210250 0.004731
v -0.163044 1.211020 0.004731
v -0.160780 1.211070 0.004731
v -0.162523 1.212080 0.004731
v -0.160272 1.211830 0.004731
v -0.161869 1.213060 0.004731
v -0.159670 1.212520 0.004731
v -0.161093 1.213940 0.004731
v -0.158983 1.213120 0.004731
v -0.160208 1.214720 0.004731
v -0.158223 1.213630 0.004731
v -0.159230 1.215370 0.004731
v -0.157404 1.214030 0.004731
v -0.158174 1.215890 0.004731
v -0.156538 1.214330 0.004731
v -0.157060 1.216270 0.004731
v -0.155642 1.214500 0.004731
v -0.155905 1.216500 0.004731
v -0.154763 1.214560 0.004731
v -0.154698 1.216580 0.004731
v 0.154763 1.214560 0.004731
v 0.154698 1.216580 0.004731
v 0.155642 1.214500 0.004731
v 0.155905 1.216500 0.004731
v 0.156538 1.214330 0.004731
v 0.157060 1.216270 0.004731
v 0.157404 1.214030 0.004731
v 0.158174 1.215890 0.004731
v 0.158223 1.213630 0.004731
v 0.159230 1.215370 0.004731
v 0.158983 1.213120 0.004731
v 0.160208 1.214720 0.004731
v 0.159670 1.212520 0.004731
v 0.161093 1.213940 0.004731
v 0.160272 1.211830 0.004731
v 0.161869 1.213060 0.004731
v 0.160780 1.211070 0.004731
v 0.162523 1.212080 0.004731
v 0.161184 1.210250 0.004731
v 0.163044 1.211020 0.004731
v 0.161477 1.209390 0.004731
v 0.163422 1.209910 0.004731
v 0.161656 1.208490 0.004731
v 0.163652 1.208750 0.004731
v 0.161713 1.207610 0.004731
v 0.163731 1.207550 0.004731
v 0.161713 1.027550 0.004731
v 0.163731 1.027610 0.004731
v 0.163652 1.026400 0.004731
v 0.161656 1.026670 0.004731
v 0.164645 1.026270 0.003731
v 0.164731 1.027580 0.003731
v 0.163422 1.025250 0.004731
v 0.164390 1.024990 0.003731
v 0.161477 1.025770 0.004731
v 0.161184 1.024910 0.004731
v 0.163044 1.024140 0.004731
v 0.163970 1.023750 0.003731
v 0.162523 1.023080 0.004731
v 0.163391 1.022580 0.003731
v 0.160780 1.024090 0.004731
v 0.160272 1.023330 0.004731
v 0.161869 1.022100 0.004731
v 0.162664 1.021490 0.003731
v 0.161093 1.021220 0.004731
v 0.161802 1.020510 0.003731
v 0.159670 1.022640 0.004731
v 0.158983 1.022040 0.004731
v 0.160208 1.020440 0.004731
v 0.160818 1.019650 0.003731
v 0.159230 1.019790 0.004731
v 0.159731 1.018920 0.003731
v 0.158223 1.021530 0.004731
v 0.157404 1.021130 0.004731
v 0.158174 1.019270 0.004731
v 0.158558 1.018340 0.003731
v 0.157060 1.018890 0.004731
v 0.157319 1.017920 0.003731
v 0.156538 1.020830 0.004731
v 0.155642 1.020650 0.004731
v 0.155905 1.018660 0.004731
v 0.156036 1.017660 0.003731
v 0.154698 1.018580 0.004731
v 0.154731 1.017580 0.003731
v 0.154763 1.020600 0.004731
v 0.154731 1.017580 -0.003731
v -0.154731 1.017580 -0.003731
v 0.156036 1.017660 -0.003731
v 0.157319 1.017920 -0.003731
v 0.158558 1.018340 -0.003731
v 0.159731 1.018920 -0.003731
v 0.160818 1.019650 -0.003731
v 0.161802 1.020510 -0.003731
v 0.162664 1.021490 -0.003731
v 0.163391 1.022580 -0.003731
v 0.163970 1.023750 -0.003731
v 0.164390 1.024990 -0.003731
v 0.164645 1.026270 -0.003731
v 0.164731 1.027580 -0.003731
v 0.164731 1.207580 -0.003731
v 0.164731 1.207580 0.003731
v 0.164645 1.208880 -0.003731
v 0.164645 1.208880 0.003731
v 0.164390 1.210170 -0.003731
v 0.164390 1.210170 0.003731
v 0.163970 1.211410 -0.003731
v 0.163970 1.211410 0.003731
v 0.163391 1.212580 -0.003731
v 0.163391 1.212580 0.003731
v 0.162664 1.213670 -0.003731
v 0.162664 1.213670 0.003731
v 0.161802 1.214650 -0.003731
v 0.161802 1.214650 0.003731
v 0.160818 1.215510 -0.003731
v 0.160818 1.215510 0.003731
v 0.159731 1.216240 -0.003731
v 0.159731 1.216240 0.003731
v 0.158558 1.216820 -0.003731
v 0.158558 1.216820 0.003731
v 0.157319 1.217240 -0.003731
v 0.157319 1.217240 0.003731
v 0.156036 1.217490 -0.003731
v 0.156036 1.217490 0.003731
v 0.154731 1.217580 -0.003731
v 0.154731 1.217580 0.003731
v -0.154731 1.217580 -0.003731
v -0.154731 1.217580 0.003731
v -0.156036 1.217490 -0.003731
v -0.156036 1.217490 0.003731
v -0.154698 1.216580 -0.004731
v -0.155905 1.216500 -0.004731
v 0.154698 1.216580 -0.004731
v 0.155905 1.216500 -0.004731
v 0.157060 1.216270 -0.004731
v 0.158174 1.215890 -0.004731
v 0.159230 1.215370 -0.004731
v 0.160208 1.214720 -0.004731
v 0.161093 1.213940 -0.004731
v 0.161869 1.213060 -0.004731
v 0.162523 1.212080 -0.004731
v 0.163044 1.211020 -0.004731
v 0.163422 1.209910 -0.004731
v 0.163652 1.208750 -0.004731
v 0.163731 1.207550 -0.004731
v 0.163731 1.027610 -0.004731
v 0.163652 1.026400 -0.004731
v 0.163422 1.025250 -0.004731
v 0.163044 1.024140 -0.004731
v 0.162523 1.023080 -0.004731
v 0.161869 1.022100 -0.004731
v 0.161093 1.021220 -0.004731
v 0.160208 1.020440 -0.004731
v 0.159230 1.019790 -0.004731
v 0.158174 1.019270 -0.004731
v 0.157060 1.018890 -0.004731
v 0.155905 1.018660 -0.004731
v 0.154698 1.018580 -0.004731
v -0.154698 1.018580 -0.004731
v -0.156036 1.017660 -0.003731
v -0.155905 1.018660 -0.004731
v -0.157319 1.017920 -0.003731
v -0.158558 1.018340 -0.003731
v -0.159731 1.018920 -0.003731
v -0.160818 1.019650 -0.003731
v -0.161802 1.020510 -0.003731
v -0.162664 1.021490 -0.003731
v -0.163391 1.022580 -0.003731
v -0.163970 1.023750 -0.003731
v -0.164390 1.024990 -0.003731
v -0.164645 1.026270 -0.003731
v -0.164731 1.027580 -0.003731
v -0.164731 1.207580 -0.003731
v -0.164645 1.208880 -0.003731
v -0.164390 1.210170 0.003731
v -0.164390 1.210170 -0.003731
v -0.163970 1.211410 0.003731
v -0.163391 1.212580 0.003731
v -0.162664 1.213670 0.003731
v -0.161802 1.214650 0.003731
v -0.160818 1.215510 0.003731
v -0.159731 1.216240 0.003731
v -0.158558 1.216820 0.003731
v -0.157319 1.217240 0.003731
v -0.157319 1.217240 -0.003731
v -0.158558 1.216820 -0.003731
v -0.157060 1.216270 -0.004731
v -0.158174 1.215890 -0.004731
v -0.155642 1.214500 -0.004731
v -0.156538 1.214330 -0.004731
v -0.155512 1.213510 -0.003731
v -0.156279 1.213360 -0.003731
v -0.154763 1.214560 -0.004731
v -0.154731 1.213560 -0.003731
v 0.154763 1.214560 -0.004731
v 0.155642 1.214500 -0.004731
v 0.155512 1.213510 -0.003731
v 0.154731 1.213560 -0.003731
v 0.156538 1.214330 -0.004731
v 0.156279 1.213360 -0.003731
v 0.157404 1.214030 -0.004731
v 0.157020 1.213110 -0.003731
v 0.158223 1.213630 -0.004731
v 0.157722 1.212760 -0.003731
v 0.158983 1.213120 -0.004731
v 0.158373 1.212330 -0.003731
v 0.159670 1.212520 -0.004731
v 0.158961 1.211810 -0.003731
v 0.160272 1.211830 -0.004731
v 0.159477 1.211220 -0.003731
v 0.160780 1.211070 -0.004731
v 0.159912 1.210570 -0.003731
v 0.161184 1.210250 -0.004731
v 0.160258 1.209870 -0.003731
v 0.161477 1.209390 -0.004731
v 0.160509 1.209130 -0.003731
v 0.161656 1.208490 -0.004731
v 0.160662 1.208360 -0.003731
v 0.161713 1.207610 -0.004731
v 0.160713 1.207580 -0.003731
v 0.161713 1.027550 -0.004731
v 0.161656 1.026670 -0.004731
v 0.161477 1.025770 -0.004731
v 0.161184 1.024910 -0.004731
v 0.160780 1.024090 -0.004731
v 0.160272 1.023330 -0.004731
v 0.159670 1.022640 -0.004731
v 0.158983 1.022040 -0.004731
v 0.158223 1.021530 -0.004731
v 0.157404 1.021130 -0.004731
v 0.156538 1.020830 -0.004731
v 0.155642 1.020650 -0.004731
v 0.154763 1.020600 -0.004731
v -0.154763 1.020600 -0.004731
v -0.154731 1.021600 -0.003731
v 0.154731 1.021600 -0.003731
v -0.155642 1.020650 -0.004731
v -0.155512 1.021650 -0.003731
v -0.157060 1.018890 -0.004731
v -0.156538 1.020830 -0.004731
v -0.158174 1.019270 -0.004731
v -0.159230 1.019790 -0.004731
v -0.160208 1.020440 -0.004731
v -0.161093 1.021220 -0.004731
v -0.161869 1.022100 -0.004731
v -0.162523 1.023080 -0.004731
v -0.163044 1.024140 -0.004731
v -0.163422 1.025250 -0.004731
v -0.163652 1.026400 -0.004731
v -0.163731 1.027610 -0.004731
v -0.163731 1.207550 -0.004731
v -0.163652 1.208750 -0.004731
v -0.163422 1.209910 -0.004731
v -0.163970 1.211410 -0.003731
v -0.163044 1.211020 -0.004731
v -0.163391 1.212580 -0.003731
v -0.162664 1.213670 -0.003731
v -0.161802 1.214650 -0.003731
v -0.160818 1.215510 -0.003731
v -0.159731 1.216240 -0.003731
v -0.159230 1.215370 -0.004731
v -0.157404 1.214030 -0.004731
v -0.158223 1.213630 -0.004731
v -0.157020 1.213110 -0.003731
v -0.157722 1.212760 -0.003731
v -0.157020 1.213110 -0.002365
v -0.156279 1.213360 -0.002365
v -0.157722 1.212760 -0.002365
v -0.158373 1.212330 -0.002365
v -0.158373 1.212330 -0.003731
v -0.158961 1.211810 -0.002365
v -0.158961 1.211810 -0.003731
v -0.159477 1.211220 -0.002365
v -0.159477 1.211220 -0.003731
v -0.159912 1.210570 -0.002365
v -0.159912 1.210570 -0.003731
v -0.160258 1.209870 -0.002365
v -0.160258 1.209870 -0.003731
v -0.160509 1.209130 -0.002365
v -0.160509 1.209130 -0.003731
v -0.160662 1.208360 -0.002365
v -0.160662 1.208360 -0.003731
v -0.160713 1.207580 -0.002365
v -0.160713 1.207580 -0.003731
v -0.160713 1.027580 -0.002365
v -0.160713 1.027580 -0.003731
v -0.160662 1.026800 -0.002365
v -0.160662 1.026800 -0.003731
v -0.160509 1.026030 -0.002365
v -0.160509 1.026030 -0.003731
v -0.160258 1.025290 -0.002365
v -0.160258 1.025290 -0.003731
v -0.159912 1.024590 -0.002365
v -0.159912 1.024590 -0.003731
v -0.159477 1.023940 -0.002365
v -0.159477 1.023940 -0.003731
v -0.158961 1.023350 -0.002365
v -0.158961 1.023350 -0.003731
v -0.158373 1.022830 -0.002365
v -0.158373 1.022830 -0.003731
v -0.157722 1.022400 -0.002365
v -0.157722 1.022400 -0.003731
v -0.157020 1.022050 -0.002365
v -0.157020 1.022050 -0.003731
v -0.156279 1.021800 -0.002365
v -0.156279 1.021800 -0.003731
v -0.155512 1.021650 -0.002365
v -0.154731 1.021600 -0.002365
v 0.154731 1.021600 -0.002365
v 0.155512 1.021650 -0.002365
v 0.155512 1.021650 -0.003731
v 0.156279 1.021800 -0.002365
v 0.156279 1.021800 -0.003731
v 0.157020 1.022050 -0.002365
v 0.157020 1.022050 -0.003731
v 0.157722 1.022400 -0.002365
v 0.157722 1.022400 -0.003731
v 0.158373 1.022830 -0.002365
v 0.158373 1.022830 -0.003731
v 0.158961 1.023350 -0.002365
v 0.158961 1.023350 -0.003731
v 0.159477 1.023940 -0.002365
v 0.159477 1.023940 -0.003731
v 0.159912 1.024590 -0.002365
v 0.159912 1.024590 -0.003731
v 0.160258 1.025290 -0.002365
v 0.160258 1.025290 -0.003731
v 0.160509 1.026030 -0.002365
v 0.160509 1.026030 -0.003731
v 0.160662 1.026800 -0.002365
v 0.160662 1.026800 -0.003731
v 0.160713 1.027580 -0.002365
v 0.160713 1.027580 -0.003731
v 0.160713 1.207580 -0.002365
v 0.160662 1.208360 -0.002365
v 0.160509 1.209130 -0.002365
v 0.160258 1.209870 -0.002365
v 0.159912 1.210570 -0.002365
v 0.159477 1.211220 -0.002365
v 0.158961 1.211810 -0.002365
v 0.158373 1.212330 -0.002365
v 0.157722 1.212760 -0.002365
v 0.157020 1.213110 -0.002365
v 0.156279 1.213360 -0.002365
v 0.155512 1.213510 -0.002365
v 0.154731 1.213560 -0.002365
v -0.154731 1.213560 -0.002365
v -0.155512 1.213510 -0.002365
v -0.157404 1.021130 -0.004731
v -0.158223 1.021530 -0.004731
v -0.158983 1.022040 -0.004731
v -0.159670 1.022640 -0.004731
v -0.160272 1.023330 -0.004731
v -0.160780 1.024090 -0.004731
v -0.161184 1.024910 -0.004731
v -0.161477 1.025770 -0.004731
v -0.161656 1.026670 -0.004731
v -0.161713 1.027550 -0.004731
v -0.161713 1.207610 -0.004731
v -0.161656 1.208490 -0.004731
v -0.161477 1.209390 -0.004731
v -0.161184 1.210250 -0.004731
v -0.160780 1.211070 -0.004731
v -0.162523 1.212080 -0.004731
v -0.160272 1.211830 -0.004731
v -0.161869 1.213060 -0.004731
v -0.161093 1.213940 -0.004731
v -0.160208 1.214720 -0.004731
v -0.158983 1.213120 -0.004731
v -0.159670 1.212520 -0.004731
v -0.588700 0.505000 0.002500
v -0.588700 0.505000 -0.002500
v -0.588700 0.471190 -0.002500
v -0.588700 0.471190 0.002500
v 0.588700 0.505000 0.002500
v 0.588700 0.505000 -0.002500
v 0.588700 0.471190 0.002500
v 0.588700 0.471190 -0.002500
v 0.019850 0.790000 -0.285000
v 0.019850 0.790000 -0.286850
v 0.019850 0.510000 -0.286850
v 0.019850 0.510000 -0.285000
v 0.023054 0.790000 -0.288700
v 0.023054 0.510000 -0.288700
v 0.026259 0.790000 -0.286850
v 0.026259 0.510000 -0.286850
v 0.026259 0.790000 -0.283150
v 0.026259 0.510000 -0.283150
v 0.023054 0.790000 -0.281300
v 0.023054 0.510000 -0.281300
v 0.019850 0.790000 -0.283150
v 0.019850 0.510000 -0.283150
v -0.580670 0.717500 -0.270000
v -0.580670 0.722500 -0.270000
v -0.580670 0.722500 0.270000
v -0.580670 0.717500 0.270000
v -0.585000 0.725000 -0.270000
v -0.585000 0.725000 0.270000
v -0.589330 0.722500 -0.270000
v -0.589330 0.722500 0.270000
v -0.589330 0.717500 -0.270000
v -0.589330 0.717500 0.270000
v -0.585000 0.715000 -0.270000
v -0.585000 0.715000 0.270000
v 0.357664 0.790000 0.285000
v 0.357664 0.790000 0.283150
v 0.357664 0.510000 0.283150
v 0.357664 0.510000 0.285000
v 0.360868 0.790000 0.281300
v 0.360868 0.510000 0.281300
v 0.364072 0.790000 0.283150
v 0.364072 0.510000 0.283150
v 0.364072 0.790000 0.286850
v 0.364072 0.510000 0.286850
v 0.360868 0.790000 0.288700
v 0.360868 0.510000 0.288700
v 0.357664 0.790000 0.286850
v 0.357664 0.510000 0.286850
v -0.570000 0.799000 -0.299000
v -0.570000 0.799000 -0.271000
v -0.570000 0.001000 -0.271000
v -0.570000 0.001000 -0.299000
v -0.571000 0.800000 -0.299000
v -0.571000 0.800000 -0.271000
v -0.571000 0.799000 -0.270000
v -0.599000 0.800000 -0.271000
v -0.599000 0.799000 -0.270000
v -0.600000 0.799000 -0.271000
v -0.599000 0.800000 -0.299000
v -0.600000 0.799000 -0.299000
v -0.599000 0.799000 -0.300000
v -0.571000 0.799000 -0.300000
v -0.571000 0.001000 -0.300000
v -0.571000 0.000000 -0.299000
v -0.571000 0.000000 -0.271000
v -0.599000 0.000000 -0.299000
v -0.599000 0.001000 -0.300000
v -0.600000 0.001000 -0.299000
v -0.599000 0.000000 -0.271000
v -0.600000 0.001000 -0.271000
v -0.599000 0.001000 -0.270000
v -0.571000 0.001000 -0.270000
v 0.585000 0.790000 0.196887
v 0.583150 0.790000 0.196887
v 0.583150 0.510000 0.196887
v 0.585000 0.510000 0.196887
v 0.581300 0.790000 0.193683
v 0.581300 0.510000 0.193683
v 0.583150 0.790000 0.190479
v 0.583150 0.510000 0.190479
v 0.586850 0.790000 0.190479
v 0.586850 0.510000 0.190479
v 0.588700 0.790000 0.193683
v 0.588700 0.510000 0.193683
v 0.586850 0.790000 0.196887
v 0.586850 0.510000 0.196887
v 0.589437 0.507500 -0.270000
v 0.589437 0.512500 -0.270000
v 0.589437 0.512500 0.270000
v 0.589437 0.507500 0.270000
v 0.585107 0.515000 -0.270000
v 0.585107 0.515000 0.270000
v 0.580776 0.512500 -0.270000
v 0.580776 0.512500 0.270000
v 0.580776 0.507500 -0.270000
v 0.580776 0.507500 0.270000
v 0.585107 0.505000 -0.270000
v 0.585107 0.505000 0.270000
v -0.204821 0.507480 -0.275639
v -0.201620 0.505630 -0.275639
v -0.201620 0.505630 0.000107
v -0.204821 0.507480 0.000107
v -0.198418 0.507480 -0.275639
v -0.198418 0.507480 0.000107
v -0.198418 0.511180 -0.275639
v -0.198418 0.511180 0.000107
v -0.201620 0.513030 -0.275639
v -0.201620 0.513030 0.000107
v -0.204821 0.511180 -0.275639
v -0.204821 0.511180 0.000107
v -0.204821 0.509330 -0.275639
v -0.204821 0.509330 0.000107
v -0.204821 0.507480 0.275852
v -0.204821 0.509330 0.275852
v -0.201620 0.505630 0.275852
v -0.198418 0.507480 0.275852
v -0.198418 0.511180 0.275852
v -0.201620 0.513030 0.275852
v -0.204821 0.511180 0.275852
v 0.301256 0.790000 0.285000
v 0.301256 0.790000 0.283150
v 0.301256 0.510000 0.283150
v 0.301256 0.510000 0.285000
v 0.304460 0.790000 0.281300
v 0.304460 0.510000 0.281300
v 0.307664 0.790000 0.283150
v 0.307664 0.510000 0.283150
v 0.307664 0.790000 0.286850
v 0.307664 0.510000 0.286850
v 0.304460 0.790000 0.288700
v 0.304460 0.510000 0.288700
v 0.301256 0.790000 0.286850
v 0.301256 0.510000 0.286850
v -0.572000 0.802500 0.272000
v -0.572000 0.802500 0.298000
v -0.571000 0.802000 0.299000
v -0.571000 0.802000 0.271000
v -0.598000 0.802500 0.298000
v -0.598000 0.802500 0.272000
v -0.599000 0.802000 0.271000
v -0.599000 0.802000 0.299000
v -0.599000 0.800000 0.271000
v -0.571000 0.800000 0.271000
v -0.599000 0.800000 0.299000
v -0.571000 0.800000 0.299000
v 0.413981 0.790000 0.285000
v 0.413981 0.790000 0.283150
v 0.413981 0.510000 0.283150
v 0.413981 0.510000 0.285000
v 0.417185 0.790000 0.281300
v 0.417185 0.510000 0.281300
v 0.420389 0.790000 0.283150
v 0.420389 0.510000 0.283150
v 0.420389 0.790000 0.286850
v 0.420389 0.510000 0.286850
v 0.417185 0.790000 0.288700
v 0.417185 0.510000 0.288700
v 0.413981 0.790000 0.286850
v 0.413981 0.510000 0.286850
v -0.085985 0.511180 -0.275639
v -0.089186 0.513030 -0.275639
v -0.089186 0.513030 0.000107
v -0.085985 0.511180 0.000107
v -0.092388 0.511180 -0.275639
v -0.092388 0.511180 0.000107
v -0.092388 0.509330 -0.275639
v -0.092388 0.509330 0.000107
v -0.092388 0.507480 -0.275639
v -0.092388 0.507480 0.000107
v -0.089186 0.505630 -0.275639
v -0.089186 0.505630 0.000107
v -0.085985 0.507480 -0.275639
v -0.085985 0.507480 0.000107
v -0.085985 0.511180 0.275852
v -0.085985 0.507480 0.275852
v -0.089186 0.513030 0.275852
v -0.092388 0.511180 0.275852
v -0.092388 0.509330 0.275852
v -0.092388 0.507480 0.275852
v -0.089186 0.505630 0.275852
v 0.585000 0.790000 0.253204
v 0.583150 0.790000 0.253204
v 0.583150 0.510000 0.253204
v 0.585000 0.510000 0.253204
v 0.581300 0.790000 0.250000
v 0.581300 0.510000 0.250000
v 0.583150 0.790000 0.246796
v 0.583150 0.510000 0.246796
v 0.586850 0.790000 0.246796
v 0.586850 0.510000 0.246796
v 0.588700 0.790000 0.250000
v 0.588700 0.510000 0.250000
v 0.586850 0.790000 0.253204
v 0.586850 0.510000 0.253204
v 0.357820 0.509330 0.000107
v 0.357820 0.507480 0.000107
v 0.357820 0.507480 0.275852
v 0.357820 0.509330 0.275852
v 0.357820 0.509330 -0.275639
v 0.357820 0.507480 -0.275639
v 0.361022 0.505630 -0.275639
v 0.361022 0.505630 0.000107
v 0.364223 0.507480 -0.275639
v 0.364223 0.507480 0.000107
v 0.364223 0.511180 -0.275639
v 0.364223 0.511180 0.000107
v 0.361022 0.513030 -0.275639
v 0.361022 0.513030 0.000107
v 0.357820 0.511180 -0.275639
v 0.357820 0.511180 0.000107
v 0.357820 0.511180 0.275852
v 0.361022 0.513030 0.275852
v 0.364223 0.511180 0.275852
v 0.364223 0.507480 0.275852
v 0.361022 0.505630 0.275852
v -0.426543 0.513030 0.000107
v -0.429745 0.511180 0.000107
v -0.429745 0.511180 0.275852
v -0.426543 0.513030 0.275852
v -0.426543 0.513030 -0.275639
v -0.429745 0.511180 -0.275639
v -0.429745 0.509330 -0.275639
v -0.429745 0.509330 0.000107
v -0.429745 0.507480 -0.275639
v -0.429745 0.507480 0.000107
v -0.426543 0.505630 -0.275639
v -0.426543 0.505630 0.000107
v -0.423341 0.507480 -0.275639
v -0.423341 0.507480 0.000107
v -0.423341 0.511180 -0.275639
v -0.423341 0.511180 0.000107
v -0.423341 0.511180 0.275852
v -0.423341 0.507480 0.275852
v -0.426543 0.505630 0.275852
v -0.429745 0.507480 0.275852
v -0.429745 0.509330 0.275852
v -0.588700 0.505000 -0.137500
v -0.588700 0.505000 -0.142500
v -0.588700 0.471190 -0.142500
v -0.588700 0.471190 -0.137500
v 0.588700 0.505000 -0.137500
v 0.588700 0.505000 -0.142500
v 0.588700 0.471190 -0.137500
v 0.588700 0.471190 -0.142500
v -0.585000 0.790000 -0.197126
v -0.586850 0.790000 -0.197126
v -0.586850 0.510000 -0.197126
v -0.585000 0.510000 -0.197126
v -0.588700 0.790000 -0.200330
v -0.588700 0.510000 -0.200330
v -0.586850 0.790000 -0.203534
v -0.586850 0.510000 -0.203534
v -0.583150 0.790000 -0.203534
v -0.583150 0.510000 -0.203534
v -0.581300 0.790000 -0.200330
v -0.581300 0.510000 -0.200330
v -0.583150 0.790000 -0.197126
v -0.583150 0.510000 -0.197126
v -0.588700 0.505000 -0.207500
v -0.588700 0.505000 -0.212500
v -0.588700 0.471190 -0.212500
v -0.588700 0.471190 -0.207500
v 0.588700 0.505000 -0.207500
v 0.588700 0.505000 -0.212500
v 0.588700 0.471190 -0.207500
v 0.588700 0.471190 -0.212500
v 0.570000 0.577500 0.289437
v 0.570000 0.582500 0.289437
v -0.570000 0.582500 0.289437
v -0.570000 0.577500 0.289437
v 0.570000 0.585000 0.285107
v -0.570000 0.585000 0.285107
v 0.570000 0.582500 0.280776
v -0.570000 0.582500 0.280776
v 0.570000 0.577500 0.280776
v -0.570000 0.577500 0.280776
v 0.570000 0.575000 0.285107
v -0.570000 0.575000 0.285107
v -0.585000 0.790000 -0.084610
v -0.586850 0.790000 -0.084610
v -0.586850 0.510000 -0.084610
v -0.585000 0.510000 -0.084610
v -0.588700 0.790000 -0.087814
v -0.588700 0.510000 -0.087814
v -0.586850 0.790000 -0.091018
v -0.586850 0.510000 -0.091018
v -0.583150 0.790000 -0.091018
v -0.583150 0.510000 -0.091018
v -0.581300 0.790000 -0.087814
v -0.581300 0.510000 -0.087814
v -0.583150 0.790000 -0.084610
v -0.583150 0.510000 -0.084610
v -0.311060 0.507480 0.000107
v -0.311060 0.511180 0.000107
v -0.311060 0.511180 0.275852
v -0.311060 0.507480 0.275852
v -0.311060 0.507480 -0.275639
v -0.311060 0.511180 -0.275639
v -0.314262 0.513030 -0.275639
v -0.314262 0.513030 0.000107
v -0.317463 0.511180 -0.275639
v -0.317463 0.511180 0.000107
v -0.317463 0.509330 -0.275639
v -0.317463 0.509330 0.000107
v -0.317463 0.507480 -0.275639
v -0.317463 0.507480 0.000107
v -0.314262 0.505630 -0.275639
v -0.314262 0.505630 0.000107
v -0.314262 0.505630 0.275852
v -0.317463 0.507480 0.275852
v -0.317463 0.509330 0.275852
v -0.317463 0.511180 0.275852
v -0.314262 0.513030 0.275852
v 0.357664 0.790000 -0.285000
v 0.357664 0.790000 -0.286850
v 0.357664 0.510000 -0.286850
v 0.357664 0.510000 -0.285000
v 0.360868 0.790000 -0.288700
v 0.360868 0.510000 -0.288700
v 0.364072 0.790000 -0.286850
v 0.364072 0.510000 -0.286850
v 0.364072 0.790000 -0.283150
v 0.364072 0.510000 -0.283150
v 0.360868 0.790000 -0.281300
v 0.360868 0.510000 -0.281300
v 0.357664 0.790000 -0.283150
v 0.357664 0.510000 -0.283150
v -0.142142 0.507480 -0.275639
v -0.142142 0.511180 -0.275639
v -0.142142 0.511180 0.000107
v -0.142142 0.507480 0.000107
v -0.145344 0.513030 -0.275639
v -0.145344 0.513030 0.000107
v -0.148546 0.511180 -0.275639
v -0.148546 0.511180 0.000107
v -0.148546 0.509330 -0.275639
v -0.148546 0.509330 0.000107
v -0.148546 0.507480 -0.275639
v -0.148546 0.507480 0.000107
v -0.145344 0.505630 -0.275639
v -0.145344 0.505630 0.000107
v -0.142142 0.507480 0.275852
v -0.145344 0.505630 0.275852
v -0.142142 0.511180 0.275852
v -0.145344 0.513030 0.275852
v -0.148546 0.511180 0.275852
v -0.148546 0.509330 0.275852
v -0.148546 0.507480 0.275852
v -0.585000 0.790000 -0.028202
v -0.586850 0.790000 -0.028202
v -0.586850 0.510000 -0.028202
v -0.585000 0.510000 -0.028202
v -0.588700 0.790000 -0.031406
v -0.588700 0.510000 -0.031406
v -0.586850 0.790000 -0.034610
v -0.586850 0.510000 -0.034610
v -0.583150 0.790000 -0.034610
v -0.583150 0.510000 -0.034610
v -0.581300 0.790000 -0.031406
v -0.581300 0.510000 -0.031406
v -0.583150 0.790000 -0.028202
v -0.583150 0.510000 -0.028202
v 0.154731 1.027580 -0.002365
v 0.160713 1.027580 -0.002365
v 0.160662 1.026800 -0.002365
v 0.154731 1.207580 -0.002365
v 0.160713 1.207580 -0.002365
v 0.160662 1.208360 -0.002365
v 0.160509 1.209130 -0.002365
v 0.160258 1.209870 -0.002365
v 0.159912 1.210570 -0.002365
v 0.159477 1.211220 -0.002365
v 0.158961 1.211810 -0.002365
v 0.158373 1.212330 -0.002365
v 0.157722 1.212760 -0.002365
v 0.157020 1.213110 -0.002365
v 0.156279 1.213360 -0.002365
v 0.155512 1.213510 -0.002365
v 0.154731 1.213560 -0.002365
v -0.154731 1.207580 -0.002365
v -0.154731 1.213560 -0.002365
v -0.155512 1.213510 -0.002365
v -0.156279 1.213360 -0.002365
v -0.157020 1.213110 -0.002365
v -0.157722 1.212760 -0.002365
v -0.158373 1.212330 -0.002365
v -0.158961 1.211810 -0.002365
v -0.159477 1.211220 -0.002365
v -0.159912 1.210570 -0.002365
v -0.160258 1.209870 -0.002365
v -0.160509 1.209130 -0.002365
v -0.160662 1.208360 -0.002365
v -0.160713 1.207580 -0.002365
v -0.154731 1.027580 -0.002365
v -0.160713 1.027580 -0.002365
v -0.160662 1.026800 -0.002365
v -0.160509 1.026030 -0.002365
v -0.160258 1.025290 -0.002365
v -0.159912 1.024590 -0.002365
v -0.159477 1.023940 -0.002365
v -0.158961 1.023350 -0.002365
v -0.158373 1.022830 -0.002365
v -0.157722 1.022400 -0.002365
v -0.157020 1.022050 -0.002365
v -0.156279 1.021800 -0.002365
v -0.155512 1.021650 -0.002365
v -0.154731 1.021600 -0.002365
v 0.154731 1.021600 -0.002365
v 0.155512 1.021650 -0.002365
v 0.156279 1.021800 -0.002365
v 0.157020 1.022050 -0.002365
v 0.157722 1.022400 -0.002365
v 0.158373 1.022830 -0.002365
v 0.158961 1.023350 -0.002365
v 0.159477 1.023940 -0.002365
v 0.159912 1.024590 -0.002365
v 0.160258 1.025290 -0.002365
v 0.160509 1.026030 -0.002365
v 0.589437 0.577500 -0.270000
v 0.589437 0.582500 -0.270000
v 0.589437 0.582500 0.270000
v 0.589437 0.577500 0.270000
v 0.585107 0.585000 -0.270000
v 0.585107 0.585000 0.270000
v 0.580776 0.582500 -0.270000
v 0.580776 0.582500 0.270000
v 0.580776 0.577500 -0.270000
v 0.580776 0.577500 0.270000
v 0.585107 0.575000 -0.270000
v 0.585107 0.575000 0.270000
v -0.588700 0.505000 -0.067500
v -0.588700 0.505000 -0.072500
v -0.588700 0.471190 -0.072500
v -0.588700 0.471190 -0.067500
v 0.588700 0.505000 -0.067500
v 0.588700 0.505000 -0.072500
v 0.588700 0.471190 -0.067500
v 0.588700 0.471190 -0.072500
v -0.205390 0.790000 -0.285000
v -0.205390 0.790000 -0.286850
v -0.205390 0.510000 -0.286850
v -0.205390 0.510000 -0.285000
v -0.202186 0.790000 -0.288700
v -0.202186 0.510000 -0.288700
v -0.198982 0.790000 -0.286850
v -0.198982 0.510000 -0.286850
v -0.198982 0.790000 -0.283150
v -0.198982 0.510000 -0.283150
v -0.202186 0.790000 -0.281300
v -0.202186 0.510000 -0.281300
v -0.205390 0.790000 -0.283150
v -0.205390 0.510000 -0.283150
v 0.589330 0.717500 -0.270000
v 0.589330 0.722500 -0.270000
v 0.589330 0.722500 0.270000
v 0.589330 0.717500 0.270000
v 0.585000 0.725000 -0.270000
v 0.585000 0.725000 0.270000
v 0.580670 0.722500 -0.270000
v 0.580670 0.722500 0.270000
v 0.580670 0.717500 -0.270000
v 0.580670 0.717500 0.270000
v 0.585000 0.715000 -0.270000
v 0.585000 0.715000 0.270000
v -0.036557 0.790000 0.285000
v -0.036557 0.790000 0.283150
v -0.036557 0.510000 0.283150
v -0.036557 0.510000 0.285000
v -0.033354 0.790000 0.281300
v -0.033354 0.510000 0.281300
v -0.030150 0.790000 0.283150
v -0.030150 0.510000 0.283150
v -0.030150 0.790000 0.286850
v -0.030150 0.510000 0.286850
v -0.033354 0.790000 0.288700
v -0.033354 0.510000 0.288700
v -0.036557 0.790000 0.286850
v -0.036557 0.510000 0.286850
v -0.092874 0.790000 -0.285000
v -0.092874 0.790000 -0.286850
v -0.092874 0.510000 -0.286850
v -0.092874 0.510000 -0.285000
v -0.089670 0.790000 -0.288700
v -0.089670 0.510000 -0.288700
v -0.086466 0.790000 -0.286850
v -0.086466 0.510000 -0.286850
v -0.086466 0.790000 -0.283150
v -0.086466 0.510000 -0.283150
v -0.089670 0.790000 -0.281300
v -0.089670 0.510000 -0.281300
v -0.092874 0.790000 -0.283150
v -0.092874 0.510000 -0.283150
v -0.543204 0.790000 -0.285000
v -0.543204 0.790000 -0.286850
v -0.543204 0.510000 -0.286850
v -0.543204 0.510000 -0.285000
v -0.540000 0.790000 -0.288700
v -0.540000 0.510000 -0.288700
v -0.536796 0.790000 -0.286850
v -0.536796 0.510000 -0.286850
v -0.536796 0.790000 -0.283150
v -0.536796 0.510000 -0.283150
v -0.540000 0.790000 -0.281300
v -0.540000 0.510000 -0.281300
v -0.543204 0.790000 -0.283150
v -0.543204 0.510000 -0.283150
v 0.301453 0.509330 0.000107
v 0.301453 0.507480 0.000107
v 0.301453 0.507480 0.275852
v 0.301453 0.509330 0.275852
v 0.301453 0.509330 -0.275639
v 0.301453 0.507480 -0.275639
v 0.304655 0.505630 -0.275639
v 0.304655 0.505630 0.000107
v 0.307857 0.507480 -0.275639
v 0.307857 0.507480 0.000107
v 0.307857 0.511180 -0.275639
v 0.307857 0.511180 0.000107
v 0.304655 0.513030 -0.275639
v 0.304655 0.513030 0.000107
v 0.301453 0.511180 -0.275639
v 0.301453 0.511180 0.000107
v 0.301453 0.511180 0.275852
v 0.304655 0.513030 0.275852
v 0.307857 0.511180 0.275852
v 0.307857 0.507480 0.275852
v 0.304655 0.505630 0.275852
v 0.380000 0.067720 0.269000
v 0.380000 0.067720 -0.269000
v 0.380000 0.093758 -0.269000
v 0.380000 0.093758 0.269000
v 0.379000 0.066720 0.269000
v 0.379000 0.066720 -0.269000
v 0.351000 0.066720 0.269000
v 0.379000 0.067720 0.270000
v 0.351000 0.067720 0.270000
v 0.379000 0.093758 0.270000
v 0.379000 0.094758 0.269000
v 0.379000 0.094758 -0.269000
v 0.351000 0.094758 0.269000
v 0.351000 0.094758 -0.269000
v 0.350000 0.093758 -0.269000
v 0.350000 0.093758 0.269000
v 0.351000 0.093758 -0.270000
v 0.379000 0.093758 -0.270000
v 0.379000 0.067720 -0.270000
v 0.351000 0.066720 -0.269000
v 0.351000 0.067720 -0.270000
v 0.350000 0.067720 -0.269000
v 0.350000 0.067720 0.269000
v 0.351000 0.093758 0.270000
v 0.570000 0.647500 -0.280563
v 0.570000 0.652500 -0.280563
v -0.570000 0.652500 -0.280563
v -0.570000 0.647500 -0.280563
v 0.570000 0.655000 -0.284893
v -0.570000 0.655000 -0.284893
v 0.570000 0.652500 -0.289224
v -0.570000 0.652500 -0.289224
v 0.570000 0.647500 -0.289224
v -0.570000 0.647500 -0.289224
v 0.570000 0.645000 -0.284893
v -0.570000 0.645000 -0.284893
v -0.588700 0.505000 0.142259
v -0.588700 0.505000 0.137259
v -0.588700 0.471190 0.137259
v -0.588700 0.471190 0.142259
v 0.588700 0.505000 0.142259
v 0.588700 0.505000 0.137259
v 0.588700 0.471190 0.142259
v 0.588700 0.471190 0.137259
v -0.580670 0.787500 -0.270000
v -0.580670 0.792500 -0.270000
v -0.580670 0.792500 0.270000
v -0.580670 0.787500 0.270000
v -0.585000 0.795000 -0.270000
v -0.585000 0.795000 0.270000
v -0.589330 0.792500 -0.270000
v -0.589330 0.792500 0.270000
v -0.589330 0.787500 -0.270000
v -0.589330 0.787500 0.270000
v -0.585000 0.785000 -0.270000
v -0.585000 0.785000 0.270000
v 0.570000 0.647500 0.289437
v 0.570000 0.652500 0.289437
v -0.570000 0.652500 0.289437
v -0.570000 0.647500 0.289437
v 0.570000 0.655000 0.285107
v -0.570000 0.655000 0.285107
v 0.570000 0.652500 0.280776
v -0.570000 0.652500 0.280776
v 0.570000 0.647500 0.280776
v -0.570000 0.647500 0.280776
v 0.570000 0.645000 0.285107
v -0.570000 0.645000 0.285107
v -0.588700 0.505000 0.212259
v -0.588700 0.505000 0.207259
v -0.588700 0.471190 0.207259
v -0.588700 0.471190 0.212259
v 0.588700 0.505000 0.212259
v 0.588700 0.505000 0.207259
v 0.588700 0.471190 0.212259
v 0.588700 0.471190 0.207259
v 0.570000 0.787500 -0.280670
v 0.570000 0.792500 -0.280670
v -0.570000 0.792500 -0.280670
v -0.570000 0.787500 -0.280670
v 0.570000 0.795000 -0.285000
v -0.570000 0.795000 -0.285000
v 0.570000 0.792500 -0.289330
v -0.570000 0.792500 -0.289330
v 0.570000 0.787500 -0.289330
v -0.570000 0.787500 -0.289330
v 0.570000 0.785000 -0.285000
v -0.570000 0.785000 -0.285000
v -0.379000 0.064758 -0.269000
v -0.351000 0.064758 -0.269000
v -0.351000 0.064758 0.269000
v -0.379000 0.064758 0.269000
v -0.379000 0.065758 -0.270000
v -0.351000 0.065758 -0.270000
v -0.380000 0.065758 -0.269000
v -0.380000 0.065758 0.269000
v -0.379000 0.065758 0.270000
v -0.351000 0.065758 0.270000
v -0.350000 0.065758 0.269000
v -0.350000 0.065758 -0.269000
v -0.351000 0.093758 -0.270000
v -0.350000 0.093758 -0.269000
v -0.351000 0.094758 -0.269000
v -0.379000 0.094758 -0.269000
v -0.379000 0.093758 -0.270000
v -0.379000 0.094758 0.269000
v -0.380000 0.093758 -0.269000
v -0.380000 0.093758 0.269000
v -0.379000 0.093758 0.270000
v -0.351000 0.094758 0.269000
v -0.351000 0.093758 0.270000
v -0.350000 0.093758 0.269000
v 0.598000 0.802500 0.272000
v 0.598000 0.802500 0.298000
v 0.599000 0.802000 0.299000
v 0.599000 0.802000 0.271000
v 0.572000 0.802500 0.298000
v 0.572000 0.802500 0.272000
v 0.571000 0.802000 0.271000
v 0.571000 0.802000 0.299000
v 0.571000 0.800000 0.271000
v 0.599000 0.800000 0.271000
v 0.571000 0.800000 0.299000
v 0.599000 0.800000 0.299000
v -0.543204 0.790000 0.285000
v -0.543204 0.790000 0.283150
v -0.543204 0.510000 0.283150
v -0.543204 0.510000 0.285000
v -0.540000 0.790000 0.281300
v -0.540000 0.510000 0.281300
v -0.536796 0.790000 0.283150
v -0.536796 0.510000 0.283150
v -0.536796 0.790000 0.286850
v -0.536796 0.510000 0.286850
v -0.540000 0.790000 0.288700
v -0.540000 0.510000 0.288700
v -0.543204 0.790000 0.286850
v -0.543204 0.510000 0.286850
v 0.589330 0.787500 -0.270000
v 0.589330 0.792500 -0.270000
v 0.589330 0.792500 0.270000
v 0.589330 0.787500 0.270000
v 0.585000 0.795000 -0.270000
v 0.585000 0.795000 0.270000
v 0.580670 0.792500 -0.270000
v 0.580670 0.792500 0.270000
v 0.580670 0.787500 -0.270000
v 0.580670 0.787500 0.270000
v 0.585000 0.785000 -0.270000
v 0.585000 0.785000 0.270000
v -0.261798 0.790000 -0.285000
v -0.261798 0.790000 -0.286850
v -0.261798 0.510000 -0.286850
v -0.261798 0.510000 -0.285000
v -0.258594 0.790000 -0.288700
v -0.258594 0.510000 -0.288700
v -0.255390 0.790000 -0.286850
v -0.255390 0.510000 -0.286850
v -0.255390 0.790000 -0.283150
v -0.255390 0.510000 -0.283150
v -0.258594 0.790000 -0.281300
v -0.258594 0.510000 -0.281300
v -0.261798 0.790000 -0.283150
v -0.261798 0.510000 -0.283150
v 0.585000 0.790000 -0.197126
v 0.583150 0.790000 -0.197126
v 0.583150 0.510000 -0.197126
v 0.585000 0.510000 -0.197126
v 0.581300 0.790000 -0.200330
v 0.581300 0.510000 -0.200330
v 0.583150 0.790000 -0.203534
v 0.583150 0.510000 -0.203534
v 0.586850 0.790000 -0.203534
v 0.586850 0.510000 -0.203534
v 0.588700 0.790000 -0.200330
v 0.588700 0.510000 -0.200330
v 0.586850 0.790000 -0.197126
v 0.586850 0.510000 -0.197126
v 0.470389 0.790000 -0.285000
v 0.470389 0.790000 -0.286850
v 0.470389 0.510000 -0.286850
v 0.470389 0.510000 -0.285000
v 0.473593 0.790000 -0.288700
v 0.473593 0.510000 -0.288700
v 0.476797 0.790000 -0.286850
v 0.476797 0.510000 -0.286850
v 0.476797 0.790000 -0.283150
v 0.476797 0.510000 -0.283150
v 0.473593 0.790000 -0.281300
v 0.473593 0.510000 -0.281300
v 0.470389 0.790000 -0.283150
v 0.470389 0.510000 -0.283150
v 0.076167 0.790000 -0.285000
v 0.076167 0.790000 -0.286850
v 0.076167 0.510000 -0.286850
v 0.076167 0.510000 -0.285000
v 0.079371 0.790000 -0.288700
v 0.079371 0.510000 -0.288700
v 0.082575 0.790000 -0.286850
v 0.082575 0.510000 -0.286850
v 0.082575 0.790000 -0.283150
v 0.082575 0.510000 -0.283150
v 0.079371 0.790000 -0.281300
v 0.079371 0.510000 -0.281300
v 0.076167 0.790000 -0.283150
v 0.076167 0.510000 -0.283150
v -0.585000 0.790000 0.084162
v -0.586850 0.790000 0.084162
v -0.586850 0.510000 0.084162
v -0.585000 0.510000 0.084162
v -0.588700 0.790000 0.080958
v -0.588700 0.510000 0.080958
v -0.586850 0.790000 0.077754
v -0.586850 0.510000 0.077754
v -0.583150 0.790000 0.077754
v -0.583150 0.510000 0.077754
v -0.581300 0.790000 0.080958
v -0.581300 0.510000 0.080958
v -0.583150 0.790000 0.084162
v -0.583150 0.510000 0.084162
v 0.589437 0.647500 -0.270000
v 0.589437 0.652500 -0.270000
v 0.589437 0.652500 0.270000
v 0.589437 0.647500 0.270000
v 0.585107 0.655000 -0.270000
v 0.585107 0.655000 0.270000
v 0.580776 0.652500 -0.270000
v 0.580776 0.652500 0.270000
v 0.580776 0.647500 -0.270000
v 0.580776 0.647500 0.270000
v 0.585107 0.645000 -0.270000
v 0.585107 0.645000 0.270000
v -0.569000 0.064758 -0.271000
v -0.569000 0.064758 -0.299000
v 0.569000 0.064758 -0.299000
v 0.569000 0.064758 -0.271000
v -0.570000 0.065758 -0.271000
v -0.570000 0.065758 -0.299000
v -0.569000 0.065758 -0.270000
v 0.569000 0.065758 -0.270000
v 0.570000 0.065758 -0.271000
v 0.570000 0.065758 -0.299000
v 0.569000 0.065758 -0.300000
v -0.569000 0.065758 -0.300000
v -0.570000 0.093758 -0.299000
v -0.569000 0.093758 -0.300000
v -0.569000 0.094758 -0.299000
v -0.569000 0.094758 -0.271000
v -0.570000 0.093758 -0.271000
v 0.569000 0.094758 -0.271000
v -0.569000 0.093758 -0.270000
v 0.569000 0.093758 -0.270000
v 0.570000 0.093758 -0.271000
v 0.569000 0.094758 -0.299000
v 0.570000 0.093758 -0.299000
v 0.569000 0.093758 -0.300000
v -0.539185 0.505630 -0.275639
v -0.535984 0.507480 -0.275639
v -0.535984 0.507480 0.000107
v -0.539185 0.505630 0.000107
v -0.535984 0.511180 -0.275639
v -0.535984 0.511180 0.000107
v -0.539185 0.513030 -0.275639
v -0.539185 0.513030 0.000107
v -0.542387 0.511180 -0.275639
v -0.542387 0.511180 0.000107
v -0.542387 0.509330 -0.275639
v -0.542387 0.509330 0.000107
v -0.542387 0.507480 -0.275639
v -0.542387 0.507480 0.000107
v -0.539185 0.505630 0.275852
v -0.542387 0.507480 0.275852
v -0.535984 0.507480 0.275852
v -0.535984 0.511180 0.275852
v -0.539185 0.513030 0.275852
v -0.542387 0.511180 0.275852
v -0.542387 0.509330 0.275852
v -0.585000 0.790000 -0.253442
v -0.586850 0.790000 -0.253442
v -0.586850 0.510000 -0.253442
v -0.585000 0.510000 -0.253442
v -0.588700 0.790000 -0.256646
v -0.588700 0.510000 -0.256646
v -0.586850 0.790000 -0.259850
v -0.586850 0.510000 -0.259850
v -0.583150 0.790000 -0.259850
v -0.583150 0.510000 -0.259850
v -0.581300 0.790000 -0.256646
v -0.581300 0.510000 -0.256646
v -0.583150 0.790000 -0.253442
v -0.583150 0.510000 -0.253442
v 0.599000 -0.000000 0.271000
v 0.599000 -0.000000 0.299000
v 0.571000 -0.000000 0.299000
v 0.571000 -0.000000 0.271000
v 0.600000 0.001000 0.271000
v 0.600000 0.001000 0.299000
v 0.599000 0.001000 0.270000
v 0.571000 0.001000 0.270000
v 0.570000 0.001000 0.271000
v 0.570000 0.001000 0.299000
v 0.571000 0.001000 0.300000
v 0.599000 0.001000 0.300000
v 0.600000 0.799000 0.299000
v 0.599000 0.799000 0.300000
v 0.600000 0.799000 0.271000
v 0.599000 0.799000 0.270000
v 0.570000 0.799000 0.271000
v 0.571000 0.799000 0.270000
v 0.571000 0.799000 0.300000
v 0.570000 0.799000 0.299000
v 0.599000 0.800000 0.299000
v 0.571000 0.800000 0.299000
v 0.571000 0.800000 0.271000
v 0.599000 0.800000 0.271000
v -0.430479 0.790000 -0.285000
v -0.430479 0.790000 -0.286850
v -0.430479 0.510000 -0.286850
v -0.430479 0.510000 -0.285000
v -0.427275 0.790000 -0.288700
v -0.427275 0.510000 -0.288700
v -0.424071 0.790000 -0.286850
v -0.424071 0.510000 -0.286850
v -0.424071 0.790000 -0.283150
v -0.424071 0.510000 -0.283150
v -0.427275 0.790000 -0.281300
v -0.427275 0.510000 -0.281300
v -0.430479 0.790000 -0.283150
v -0.430479 0.510000 -0.283150
v 0.599000 0.001000 -0.300000
v 0.571000 0.001000 -0.300000
v 0.571000 0.799000 -0.300000
v 0.599000 0.799000 -0.300000
v 0.599000 0.000000 -0.299000
v 0.571000 0.000000 -0.299000
v 0.571000 0.000000 -0.271000
v 0.570000 0.001000 -0.271000
v 0.570000 0.001000 -0.299000
v 0.571000 0.001000 -0.270000
v 0.599000 0.000000 -0.271000
v 0.599000 0.001000 -0.270000
v 0.600000 0.001000 -0.271000
v 0.600000 0.001000 -0.299000
v 0.600000 0.799000 -0.299000
v 0.600000 0.799000 -0.271000
v 0.599000 0.799000 -0.270000
v 0.599000 0.800000 -0.271000
v 0.599000 0.800000 -0.299000
v 0.571000 0.800000 -0.299000
v 0.570000 0.799000 -0.299000
v 0.571000 0.800000 -0.271000
v 0.570000 0.799000 -0.271000
v 0.571000 0.799000 -0.270000
v -0.588700 0.505000 0.072259
v -0.588700 0.505000 0.067259
v -0.588700 0.471190 0.067259
v -0.588700 0.471190 0.072259
v 0.588700 0.505000 0.072259
v 0.588700 0.505000 0.067259
v 0.588700 0.471190 0.072259
v 0.588700 0.471190 0.067259
v 0.585000 0.790000 -0.140927
v 0.583150 0.790000 -0.140927
v 0.583150 0.510000 -0.140927
v 0.585000 0.510000 -0.140927
v 0.581300 0.790000 -0.144131
v 0.581300 0.510000 -0.144131
v 0.583150 0.790000 -0.147335
v 0.583150 0.510000 -0.147335
v 0.586850 0.790000 -0.147335
v 0.586850 0.510000 -0.147335
v 0.588700 0.790000 -0.144131
v 0.588700 0.510000 -0.144131
v 0.586850 0.790000 -0.140927
v 0.586850 0.510000 -0.140927
v -0.486887 0.790000 0.285000
v -0.486887 0.790000 0.283150
v -0.486887 0.510000 0.283150
v -0.486887 0.510000 0.285000
v -0.483683 0.790000 0.281300
v -0.483683 0.510000 0.281300
v -0.480479 0.790000 0.283150
v -0.480479 0.510000 0.283150
v -0.480479 0.790000 0.286850
v -0.480479 0.510000 0.286850
v -0.483683 0.790000 0.288700
v -0.483683 0.510000 0.288700
v -0.486887 0.790000 0.286850
v -0.486887 0.510000 0.286850
v -0.257986 0.513030 0.000107
v -0.261188 0.511180 0.000107
v -0.261188 0.511180 0.275852
v -0.257986 0.513030 0.275852
v -0.257986 0.513030 -0.275639
v -0.261188 0.511180 -0.275639
v -0.261188 0.509330 -0.275639
v -0.261188 0.509330 0.000107
v -0.261188 0.507480 -0.275639
v -0.261188 0.507480 0.000107
v -0.257986 0.505630 -0.275639
v -0.257986 0.505630 0.000107
v -0.254784 0.507480 -0.275639
v -0.254784 0.507480 0.000107
v -0.254784 0.511180 -0.275639
v -0.254784 0.511180 0.000107
v -0.254784 0.511180 0.275852
v -0.254784 0.507480 0.275852
v -0.257986 0.505630 0.275852
v -0.261188 0.507480 0.275852
v -0.261188 0.509330 0.275852
v 0.301256 0.790000 -0.285000
v 0.301256 0.790000 -0.286850
v 0.301256 0.510000 -0.286850
v 0.301256 0.510000 -0.285000
v 0.304460 0.790000 -0.288700
v 0.304460 0.510000 -0.288700
v 0.307664 0.790000 -0.286850
v 0.307664 0.510000 -0.286850
v 0.307664 0.790000 -0.283150
v 0.307664 0.510000 -0.283150
v 0.304460 0.790000 -0.281300
v 0.304460 0.510000 -0.281300
v 0.301256 0.790000 -0.283150
v 0.301256 0.510000 -0.283150
v 0.585000 0.790000 0.084162
v 0.583150 0.790000 0.084162
v 0.583150 0.510000 0.084162
v 0.585000 0.510000 0.084162
v 0.581300 0.790000 0.080958
v 0.581300 0.510000 0.080958
v 0.583150 0.790000 0.077754
v 0.583150 0.510000 0.077754
v 0.586850 0.790000 0.077754
v 0.586850 0.510000 0.077754
v 0.588700 0.790000 0.080958
v 0.588700 0.510000 0.080958
v 0.586850 0.790000 0.084162
v 0.586850 0.510000 0.084162
v 0.526738 0.507480 -0.275639
v 0.529940 0.505630 -0.275639
v 0.529940 0.505630 0.000107
v 0.526738 0.507480 0.000107
v 0.533141 0.507480 -0.275639
v 0.533141 0.507480 0.000107
v 0.533141 0.511180 -0.275639
v 0.533141 0.511180 0.000107
v 0.529940 0.513030 -0.275639
v 0.529940 0.513030 0.000107
v 0.526738 0.511180 -0.275639
v 0.526738 0.511180 0.000107
v 0.526738 0.509330 -0.275639
v 0.526738 0.509330 0.000107
v 0.526738 0.507480 0.275852
v 0.526738 0.509330 0.275852
v 0.529940 0.505630 0.275852
v 0.533141 0.507480 0.275852
v 0.533141 0.511180 0.275852
v 0.529940 0.513030 0.275852
v 0.526738 0.511180 0.275852
v 0.585000 0.790000 -0.253442
v 0.583150 0.790000 -0.253442
v 0.583150 0.510000 -0.253442
v 0.585000 0.510000 -0.253442
v 0.581300 0.790000 -0.256646
v 0.581300 0.510000 -0.256646
v 0.583150 0.790000 -0.259850
v 0.583150 0.510000 -0.259850
v 0.586850 0.790000 -0.259850
v 0.586850 0.510000 -0.259850
v 0.588700 0.790000 -0.256646
v 0.588700 0.510000 -0.256646
v 0.586850 0.790000 -0.253442
v 0.586850 0.510000 -0.253442
v -0.149073 0.790000 -0.285000
v -0.149073 0.790000 -0.286850
v -0.149073 0.510000 -0.286850
v -0.149073 0.510000 -0.285000
v -0.145869 0.790000 -0.288700
v -0.145869 0.510000 -0.288700
v -0.142665 0.790000 -0.286850
v -0.142665 0.510000 -0.286850
v -0.142665 0.790000 -0.283150
v -0.142665 0.510000 -0.283150
v -0.145869 0.790000 -0.281300
v -0.145869 0.510000 -0.281300
v -0.149073 0.790000 -0.283150
v -0.149073 0.510000 -0.283150
v -0.572000 0.802500 -0.298000
v -0.572000 0.802500 -0.272000
v -0.571000 0.802000 -0.271000
v -0.571000 0.802000 -0.299000
v -0.598000 0.802500 -0.272000
v -0.598000 0.802500 -0.298000
v -0.599000 0.802000 -0.299000
v -0.599000 0.802000 -0.271000
v -0.599000 0.800000 -0.299000
v -0.571000 0.800000 -0.299000
v -0.599000 0.800000 -0.271000
v -0.571000 0.800000 -0.271000
v -0.585000 0.790000 0.028115
v -0.586850 0.790000 0.028115
v -0.586850 0.510000 0.028115
v -0.585000 0.510000 0.028115
v -0.588700 0.790000 0.024911
v -0.588700 0.510000 0.024911
v -0.586850 0.790000 0.021707
v -0.586850 0.510000 0.021707
v -0.583150 0.790000 0.021707
v -0.583150 0.510000 0.021707
v -0.581300 0.790000 0.024911
v -0.581300 0.510000 0.024911
v -0.583150 0.790000 0.028115
v -0.583150 0.510000 0.028115
v -0.374162 0.790000 -0.285000
v -0.374162 0.790000 -0.286850
v -0.374162 0.510000 -0.286850
v -0.374162 0.510000 -0.285000
v -0.370958 0.790000 -0.288700
v -0.370958 0.510000 -0.288700
v -0.367754 0.790000 -0.286850
v -0.367754 0.510000 -0.286850
v -0.367754 0.790000 -0.283150
v -0.367754 0.510000 -0.283150
v -0.370958 0.790000 -0.281300
v -0.370958 0.510000 -0.281300
v -0.374162 0.790000 -0.283150
v -0.374162 0.510000 -0.283150
v 0.076167 0.790000 0.285000
v 0.076167 0.790000 0.283150
v 0.076167 0.510000 0.283150
v 0.076167 0.510000 0.285000
v 0.079371 0.790000 0.281300
v 0.079371 0.510000 0.281300
v 0.082575 0.790000 0.283150
v 0.082575 0.510000 0.283150
v 0.082575 0.790000 0.286850
v 0.082575 0.510000 0.286850
v 0.079371 0.790000 0.288700
v 0.079371 0.510000 0.288700
v 0.076167 0.790000 0.286850
v 0.076167 0.510000 0.286850
v 0.188531 0.790000 0.285000
v 0.188531 0.790000 0.283150
v 0.188531 0.510000 0.283150
v 0.188531 0.510000 0.285000
v 0.191735 0.790000 0.281300
v 0.191735 0.510000 0.281300
v 0.194939 0.790000 0.283150
v 0.194939 0.510000 0.283150
v 0.194939 0.790000 0.286850
v 0.194939 0.510000 0.286850
v 0.191735 0.790000 0.288700
v 0.191735 0.510000 0.288700
v 0.188531 0.790000 0.286850
v 0.188531 0.510000 0.286850
v -0.580563 0.577500 -0.270000
v -0.580563 0.582500 -0.270000
v -0.580563 0.582500 0.270000
v -0.580563 0.577500 0.270000
v -0.584893 0.585000 -0.270000
v -0.584893 0.585000 0.270000
v -0.589224 0.582500 -0.270000
v -0.589224 0.582500 0.270000
v -0.589224 0.577500 -0.270000
v -0.589224 0.577500 0.270000
v -0.584893 0.575000 -0.270000
v -0.584893 0.575000 0.270000
v 0.244939 0.790000 -0.285000
v 0.244939 0.790000 -0.286850
v 0.244939 0.510000 -0.286850
v 0.244939 0.510000 -0.285000
v 0.248143 0.790000 -0.288700
v 0.248143 0.510000 -0.288700
v 0.251347 0.790000 -0.286850
v 0.251347 0.510000 -0.286850
v 0.251347 0.790000 -0.283150
v 0.251347 0.510000 -0.283150
v 0.248143 0.790000 -0.281300
v 0.248143 0.510000 -0.281300
v 0.244939 0.790000 -0.283150
v 0.244939 0.510000 -0.283150
v 0.598000 0.802500 -0.298000
v 0.598000 0.802500 -0.272000
v 0.599000 0.802000 -0.271000
v 0.599000 0.802000 -0.299000
v 0.572000 0.802500 -0.272000
v 0.572000 0.802500 -0.298000
v 0.571000 0.802000 -0.299000
v 0.571000 0.802000 -0.271000
v 0.571000 0.800000 -0.299000
v 0.599000 0.800000 -0.299000
v 0.571000 0.800000 -0.271000
v 0.599000 0.800000 -0.271000
v -0.205390 0.790000 0.285000
v -0.205390 0.790000 0.283150
v -0.205390 0.510000 0.283150
v -0.205390 0.510000 0.285000
v -0.202186 0.790000 0.281300
v -0.202186 0.510000 0.281300
v -0.198982 0.790000 0.283150
v -0.198982 0.510000 0.283150
v -0.198982 0.790000 0.286850
v -0.198982 0.510000 0.286850
v -0.202186 0.790000 0.288700
v -0.202186 0.510000 0.288700
v -0.205390 0.790000 0.286850
v -0.205390 0.510000 0.286850
v -0.318115 0.790000 -0.285000
v -0.318115 0.790000 -0.286850
v -0.318115 0.510000 -0.286850
v -0.318115 0.510000 -0.285000
v -0.314911 0.790000 -0.288700
v -0.314911 0.510000 -0.288700
v -0.311707 0.790000 -0.286850
v -0.311707 0.510000 -0.286850
v -0.311707 0.790000 -0.283150
v -0.311707 0.510000 -0.283150
v -0.314911 0.790000 -0.281300
v -0.314911 0.510000 -0.281300
v -0.318115 0.790000 -0.283150
v -0.318115 0.510000 -0.283150
v -0.600000 0.799000 0.299000
v -0.600000 0.799000 0.271000
v -0.600000 0.001000 0.271000
v -0.600000 0.001000 0.299000
v -0.599000 0.800000 0.299000
v -0.599000 0.800000 0.271000
v -0.599000 0.799000 0.270000
v -0.571000 0.800000 0.271000
v -0.571000 0.799000 0.270000
v -0.570000 0.799000 0.271000
v -0.571000 0.800000 0.299000
v -0.570000 0.799000 0.299000
v -0.571000 0.799000 0.300000
v -0.599000 0.799000 0.300000
v -0.599000 0.001000 0.300000
v -0.599000 -0.000000 0.299000
v -0.571000 -0.000000 0.299000
v -0.571000 0.001000 0.300000
v -0.599000 -0.000000 0.271000
v -0.599000 0.001000 0.270000
v -0.570000 0.001000 0.271000
v -0.571000 0.001000 0.270000
v -0.571000 -0.000000 0.271000
v -0.570000 0.001000 0.299000
v 0.476866 0.511180 -0.275639
v 0.473664 0.513030 -0.275639
v 0.473664 0.513030 0.000107
v 0.476866 0.511180 0.000107
v 0.470462 0.511180 -0.275639
v 0.470462 0.511180 0.000107
v 0.470462 0.509330 -0.275639
v 0.470462 0.509330 0.000107
v 0.470462 0.507480 -0.275639
v 0.470462 0.507480 0.000107
v 0.473664 0.505630 -0.275639
v 0.473664 0.505630 0.000107
v 0.476866 0.507480 -0.275639
v 0.476866 0.507480 0.000107
v 0.476866 0.511180 0.275852
v 0.476866 0.507480 0.275852
v 0.473664 0.513030 0.275852
v 0.470462 0.511180 0.275852
v 0.470462 0.509330 0.275852
v 0.470462 0.507480 0.275852
v 0.473664 0.505630 0.275852
v -0.580563 0.647500 -0.270000
v -0.580563 0.652500 -0.270000
v -0.580563 0.652500 0.270000
v -0.580563 0.647500 0.270000
v -0.584893 0.655000 -0.270000
v -0.584893 0.655000 0.270000
v -0.589224 0.652500 -0.270000
v -0.589224 0.652500 0.270000
v -0.589224 0.647500 -0.270000
v -0.589224 0.647500 0.270000
v -0.584893 0.645000 -0.270000
v -0.584893 0.645000 0.270000
v -0.261798 0.790000 0.285000
v -0.261798 0.790000 0.283150
v -0.261798 0.510000 0.283150
v -0.261798 0.510000 0.285000
v -0.258594 0.790000 0.281300
v -0.258594 0.510000 0.281300
v -0.255390 0.790000 0.283150
v -0.255390 0.510000 0.283150
v -0.255390 0.790000 0.286850
v -0.255390 0.510000 0.286850
v -0.258594 0.790000 0.288700
v -0.258594 0.510000 0.288700
v -0.261798 0.790000 0.286850
v -0.261798 0.510000 0.286850
v 0.188531 0.790000 -0.285000
v 0.188531 0.790000 -0.286850
v 0.188531 0.510000 -0.286850
v 0.188531 0.510000 -0.285000
v 0.191735 0.790000 -0.288700
v 0.191735 0.510000 -0.288700
v 0.194939 0.790000 -0.286850
v 0.194939 0.510000 -0.286850
v 0.194939 0.790000 -0.283150
v 0.194939 0.510000 -0.283150
v 0.191735 0.790000 -0.281300
v 0.191735 0.510000 -0.281300
v 0.188531 0.790000 -0.283150
v 0.188531 0.510000 -0.283150
v 0.470389 0.790000 0.285000
v 0.470389 0.790000 0.283150
v 0.470389 0.510000 0.283150
v 0.470389 0.510000 0.285000
v 0.473593 0.790000 0.281300
v 0.473593 0.510000 0.281300
v 0.476797 0.790000 0.283150
v 0.476797 0.510000 0.283150
v 0.476797 0.790000 0.286850
v 0.476797 0.510000 0.286850
v 0.473593 0.790000 0.288700
v 0.473593 0.510000 0.288700
v 0.470389 0.790000 0.286850
v 0.470389 0.510000 0.286850
v -0.036557 0.790000 -0.285000
v -0.036557 0.790000 -0.286850
v -0.036557 0.510000 -0.286850
v -0.036557 0.510000 -0.285000
v -0.033354 0.790000 -0.288700
v -0.033354 0.510000 -0.288700
v -0.030150 0.790000 -0.286850
v -0.030150 0.510000 -0.286850
v -0.030150 0.790000 -0.283150
v -0.030150 0.510000 -0.283150
v -0.033354 0.790000 -0.281300
v -0.033354 0.510000 -0.281300
v -0.036557 0.790000 -0.283150
v -0.036557 0.510000 -0.283150
v 0.075000 0.516579 0.074000
v 0.075000 0.513579 0.074000
v 0.075000 0.513579 -0.074000
v 0.075000 0.516579 -0.074000
v 0.074000 0.516579 0.075000
v 0.074000 0.513579 0.075000
v 0.074000 0.517579 0.074000
v 0.074000 0.517579 -0.074000
v -0.074000 0.517579 0.074000
v -0.074000 0.517579 -0.074000
v -0.075000 0.516579 -0.074000
v -0.075000 0.516579 0.074000
v -0.074000 0.516579 -0.075000
v 0.074000 0.516579 -0.075000
v 0.074000 0.513579 -0.075000
v 0.074000 0.512579 -0.074000
v -0.074000 0.512579 -0.074000
v -0.074000 0.513579 -0.075000
v -0.074000 0.512579 0.074000
v 0.074000 0.512579 0.074000
v -0.074000 0.513579 0.075000
v -0.074000 0.516579 0.075000
v -0.075000 0.513579 0.074000
v -0.075000 0.513579 -0.074000
v 0.006731 0.517579 -0.006731
v 0.006731 0.517579 0.006731
v -0.006731 0.517579 -0.006731
v -0.006731 0.517579 0.006731
v 0.004731 0.518579 0.005731
v -0.004731 0.518579 0.005731
v 0.005731 0.518579 0.004731
v 0.005731 0.518579 -0.004731
v 0.004731 0.518579 -0.005731
v -0.004731 0.518579 -0.005731
v -0.005731 0.518579 -0.004731
v -0.005731 0.518579 0.004731
v -0.005731 1.016580 0.004731
v -0.004731 1.016580 0.005731
v -0.004731 1.017580 0.004731
v -0.004731 1.017580 -0.004731
v -0.005731 1.016580 -0.004731
v 0.004731 1.017580 -0.004731
v 0.004731 1.017580 0.004731
v 0.005731 1.016580 0.004731
v 0.005731 1.016580 -0.004731
v 0.004731 1.016580 0.005731
v 0.004731 1.016580 -0.005731
v -0.004731 1.016580 -0.005731
v 0.079732 0.513030 0.000107
v 0.076530 0.511180 0.000107
v 0.076530 0.511180 0.275852
v 0.079732 0.513030 0.275852
v 0.079732 0.513030 -0.275639
v 0.076530 0.511180 -0.275639
v 0.076530 0.509330 -0.275639
v 0.076530 0.509330 0.000107
v 0.076530 0.507480 -0.275639
v 0.076530 0.507480 0.000107
v 0.079732 0.505630 -0.275639
v 0.079732 0.505630 0.000107
v 0.082933 0.507480 -0.275639
v 0.082933 0.507480 0.000107
v 0.082933 0.511180 -0.275639
v 0.082933 0.511180 0.000107
v 0.082933 0.511180 0.275852
v 0.082933 0.507480 0.275852
v 0.079732 0.505630 0.275852
v 0.076530 0.507480 0.275852
v 0.076530 0.509330 0.275852
v -0.373469 0.507480 -0.275639
v -0.370268 0.505630 -0.275639
v -0.370268 0.505630 0.000107
v -0.373469 0.507480 0.000107
v -0.367066 0.507480 -0.275639
v -0.367066 0.507480 0.000107
v -0.367066 0.511180 -0.275639
v -0.367066 0.511180 0.000107
v -0.370268 0.513030 -0.275639
v -0.370268 0.513030 0.000107
v -0.373469 0.511180 -0.275639
v -0.373469 0.511180 0.000107
v -0.373469 0.509330 -0.275639
v -0.373469 0.509330 0.000107
v -0.373469 0.507480 0.275852
v -0.373469 0.509330 0.275852
v -0.370268 0.505630 0.275852
v -0.367066 0.507480 0.275852
v -0.367066 0.511180 0.275852
v -0.370268 0.513030 0.275852
v -0.373469 0.511180 0.275852
v 0.585000 0.790000 0.028115
v 0.583150 0.790000 0.028115
v 0.583150 0.510000 0.028115
v 0.585000 0.510000 0.028115
v 0.581300 0.790000 0.024911
v 0.581300 0.510000 0.024911
v 0.583150 0.790000 0.021707
v 0.583150 0.510000 0.021707
v 0.586850 0.790000 0.021707
v 0.586850 0.510000 0.021707
v 0.588700 0.790000 0.024911
v 0.588700 0.510000 0.024911
v 0.586850 0.790000 0.028115
v 0.586850 0.510000 0.028115
v 0.585000 0.790000 -0.028202
v 0.583150 0.790000 -0.028202
v 0.583150 0.510000 -0.028202
v 0.585000 0.510000 -0.028202
v 0.581300 0.790000 -0.031406
v 0.581300 0.510000 -0.031406
v 0.583150 0.790000 -0.034610
v 0.583150 0.510000 -0.034610
v 0.586850 0.790000 -0.034610
v 0.586850 0.510000 -0.034610
v 0.588700 0.790000 -0.031406
v 0.588700 0.510000 -0.031406
v 0.586850 0.790000 -0.028202
v 0.586850 0.510000 -0.028202
v 0.570000 0.507500 -0.280563
v 0.570000 0.512500 -0.280563
v -0.570000 0.512500 -0.280563
v -0.570000 0.507500 -0.280563
v 0.570000 0.515000 -0.284893
v -0.570000 0.515000 -0.284893
v 0.570000 0.512500 -0.289224
v -0.570000 0.512500 -0.289224
v 0.570000 0.507500 -0.289224
v -0.570000 0.507500 -0.289224
v 0.570000 0.505000 -0.284893
v -0.570000 0.505000 -0.284893
v 0.244939 0.790000 0.285000
v 0.244939 0.790000 0.283150
v 0.244939 0.510000 0.283150
v 0.244939 0.510000 0.285000
v 0.248143 0.790000 0.281300
v 0.248143 0.510000 0.281300
v 0.251347 0.790000 0.283150
v 0.251347 0.510000 0.283150
v 0.251347 0.790000 0.286850
v 0.251347 0.510000 0.286850
v 0.248143 0.790000 0.288700
v 0.248143 0.510000 0.288700
v 0.244939 0.790000 0.286850
v 0.244939 0.510000 0.286850
v 0.585000 0.790000 0.140479
v 0.583150 0.790000 0.140479
v 0.583150 0.510000 0.140479
v 0.585000 0.510000 0.140479
v 0.581300 0.790000 0.137275
v 0.581300 0.510000 0.137275
v 0.583150 0.790000 0.134071
v 0.583150 0.510000 0.134071
v 0.586850 0.790000 0.134071
v 0.586850 0.510000 0.134071
v 0.588700 0.790000 0.137275
v 0.588700 0.510000 0.137275
v 0.586850 0.790000 0.140479
v 0.586850 0.510000 0.140479
v 0.132214 0.790000 -0.285000
v 0.132214 0.790000 -0.286850
v 0.132214 0.510000 -0.286850
v 0.132214 0.510000 -0.285000
v 0.135418 0.790000 -0.288700
v 0.135418 0.510000 -0.288700
v 0.138622 0.790000 -0.286850
v 0.138622 0.510000 -0.286850
v 0.138622 0.790000 -0.283150
v 0.138622 0.510000 -0.283150
v 0.135418 0.790000 -0.281300
v 0.135418 0.510000 -0.281300
v 0.132214 0.790000 -0.283150
v 0.132214 0.510000 -0.283150
v 0.020254 0.509330 -0.275639
v 0.020254 0.507480 -0.275639
v 0.020254 0.507480 0.000107
v 0.020254 0.509330 0.000107
v 0.023456 0.505630 -0.275639
v 0.023456 0.505630 0.000107
v 0.026658 0.507480 -0.275639
v 0.026658 0.507480 0.000107
v 0.026658 0.511180 -0.275639
v 0.026658 0.511180 0.000107
v 0.023456 0.513030 -0.275639
v 0.023456 0.513030 0.000107
v 0.020254 0.511180 -0.275639
v 0.020254 0.511180 0.000107
v 0.020254 0.509330 0.275852
v 0.020254 0.511180 0.275852
v 0.020254 0.507480 0.275852
v 0.023456 0.505630 0.275852
v 0.026658 0.507480 0.275852
v 0.026658 0.511180 0.275852
v 0.023456 0.513030 0.275852
v 0.132214 0.790000 0.285000
v 0.132214 0.790000 0.283150
v 0.132214 0.510000 0.283150
v 0.132214 0.510000 0.285000
v 0.135418 0.790000 0.281300
v 0.135418 0.510000 0.281300
v 0.138622 0.790000 0.283150
v 0.138622 0.510000 0.283150
v 0.138622 0.790000 0.286850
v 0.138622 0.510000 0.286850
v 0.135418 0.790000 0.288700
v 0.135418 0.510000 0.288700
v 0.132214 0.790000 0.286850
v 0.132214 0.510000 0.286850
v -0.585000 0.790000 0.196887
v -0.586850 0.790000 0.196887
v -0.586850 0.510000 0.196887
v -0.585000 0.510000 0.196887
v -0.588700 0.790000 0.193683
v -0.588700 0.510000 0.193683
v -0.586850 0.790000 0.190479
v -0.586850 0.510000 0.190479
v -0.583150 0.790000 0.190479
v -0.583150 0.510000 0.190479
v -0.581300 0.790000 0.193683
v -0.581300 0.510000 0.193683
v -0.583150 0.790000 0.196887
v -0.583150 0.510000 0.196887
v -0.374162 0.790000 0.285000
v -0.374162 0.790000 0.283150
v -0.374162 0.510000 0.283150
v -0.374162 0.510000 0.285000
v -0.370958 0.790000 0.281300
v -0.370958 0.510000 0.281300
v -0.367754 0.790000 0.283150
v -0.367754 0.510000 0.283150
v -0.367754 0.790000 0.286850
v -0.367754 0.510000 0.286850
v -0.370958 0.790000 0.288700
v -0.370958 0.510000 0.288700
v -0.374162 0.790000 0.286850
v -0.374162 0.510000 0.286850
v -0.092874 0.790000 0.285000
v -0.092874 0.790000 0.283150
v -0.092874 0.510000 0.283150
v -0.092874 0.510000 0.285000
v -0.089670 0.790000 0.281300
v -0.089670 0.510000 0.281300
v -0.086466 0.790000 0.283150
v -0.086466 0.510000 0.283150
v -0.086466 0.790000 0.286850
v -0.086466 0.510000 0.286850
v -0.089670 0.790000 0.288700
v -0.089670 0.510000 0.288700
v -0.092874 0.790000 0.286850
v -0.092874 0.510000 0.286850
v 0.570000 0.507500 0.289437
v 0.570000 0.512500 0.289437
v -0.570000 0.512500 0.289437
v -0.570000 0.507500 0.289437
v 0.570000 0.515000 0.285107
v -0.570000 0.515000 0.285107
v 0.570000 0.512500 0.280776
v -0.570000 0.512500 0.280776
v 0.570000 0.507500 0.280776
v -0.570000 0.507500 0.280776
v 0.570000 0.505000 0.285107
v -0.570000 0.505000 0.285107
v 0.570000 0.717500 0.289330
v 0.570000 0.722500 0.289330
v -0.570000 0.722500 0.289330
v -0.570000 0.717500 0.289330
v 0.570000 0.725000 0.285000
v -0.570000 0.725000 0.285000
v 0.570000 0.722500 0.280670
v -0.570000 0.722500 0.280670
v 0.570000 0.717500 0.280670
v -0.570000 0.717500 0.280670
v 0.570000 0.715000 0.285000
v -0.570000 0.715000 0.285000
v 0.569000 0.065758 0.300000
v 0.569000 0.093758 0.300000
v -0.569000 0.093758 0.300000
v -0.569000 0.065758 0.300000
v 0.570000 0.065758 0.299000
v 0.570000 0.093758 0.299000
v 0.569000 0.094758 0.299000
v 0.569000 0.094758 0.271000
v 0.570000 0.093758 0.271000
v -0.569000 0.094758 0.271000
v 0.569000 0.093758 0.270000
v -0.569000 0.093758 0.270000
v 0.569000 0.065758 0.270000
v 0.570000 0.065758 0.271000
v 0.569000 0.064758 0.271000
v -0.569000 0.064758 0.271000
v -0.569000 0.065758 0.270000
v 0.569000 0.064758 0.299000
v -0.569000 0.064758 0.299000
v -0.570000 0.065758 0.299000
v -0.570000 0.065758 0.271000
v -0.570000 0.093758 0.271000
v -0.569000 0.094758 0.299000
v -0.570000 0.093758 0.299000
v 0.526706 0.790000 0.285000
v 0.526706 0.790000 0.283150
v 0.526706 0.510000 0.283150
v 0.526706 0.510000 0.285000
v 0.529910 0.790000 0.281300
v 0.529910 0.510000 0.281300
v 0.533114 0.790000 0.283150
v 0.533114 0.510000 0.283150
v 0.533114 0.790000 0.286850
v 0.533114 0.510000 0.286850
v 0.529910 0.790000 0.288700
v 0.529910 0.510000 0.288700
v 0.526706 0.790000 0.286850
v 0.526706 0.510000 0.286850
v 0.019850 0.790000 0.285000
v 0.019850 0.790000 0.283150
v 0.019850 0.510000 0.283150
v 0.019850 0.510000 0.285000
v 0.023054 0.790000 0.281300
v 0.023054 0.510000 0.281300
v 0.026259 0.790000 0.283150
v 0.026259 0.510000 0.283150
v 0.026259 0.790000 0.286850
v 0.026259 0.510000 0.286850
v 0.023054 0.790000 0.288700
v 0.023054 0.510000 0.288700
v 0.019850 0.790000 0.286850
v 0.019850 0.510000 0.286850
v -0.479708 0.507480 0.000107
v -0.479708 0.511180 0.000107
v -0.479708 0.511180 0.275852
v -0.479708 0.507480 0.275852
v -0.479708 0.507480 -0.275639
v -0.479708 0.511180 -0.275639
v -0.482910 0.513030 -0.275639
v -0.482910 0.513030 0.000107
v -0.486111 0.511180 -0.275639
v -0.486111 0.511180 0.000107
v -0.486111 0.509330 -0.275639
v -0.486111 0.509330 0.000107
v -0.486111 0.507480 -0.275639
v -0.486111 0.507480 0.000107
v -0.482910 0.505630 -0.275639
v -0.482910 0.505630 0.000107
v -0.482910 0.505630 0.275852
v -0.486111 0.507480 0.275852
v -0.486111 0.509330 0.275852
v -0.486111 0.511180 0.275852
v -0.482910 0.513030 0.275852
v -0.318115 0.790000 0.285000
v -0.318115 0.790000 0.283150
v -0.318115 0.510000 0.283150
v -0.318115 0.510000 0.285000
v -0.314911 0.790000 0.281300
v -0.314911 0.510000 0.281300
v -0.311707 0.790000 0.283150
v -0.311707 0.510000 0.283150
v -0.311707 0.790000 0.286850
v -0.311707 0.510000 0.286850
v -0.314911 0.790000 0.288700
v -0.314911 0.510000 0.288700
v -0.318115 0.790000 0.286850
v -0.318115 0.510000 0.286850
v -0.430479 0.790000 0.285000
v -0.430479 0.790000 0.283150
v -0.430479 0.510000 0.283150
v -0.430479 0.510000 0.285000
v -0.427275 0.790000 0.281300
v -0.427275 0.510000 0.281300
v -0.424071 0.790000 0.283150
v -0.424071 0.510000 0.283150
v -0.424071 0.790000 0.286850
v -0.424071 0.510000 0.286850
v -0.427275 0.790000 0.288700
v -0.427275 0.510000 0.288700
v -0.430479 0.790000 0.286850
v -0.430479 0.510000 0.286850
v 0.414096 0.509330 -0.275639
v 0.414096 0.507480 -0.275639
v 0.414096 0.507480 0.000107
v 0.414096 0.509330 0.000107
v 0.417297 0.505630 -0.275639
v 0.417297 0.505630 0.000107
v 0.420499 0.507480 -0.275639
v 0.420499 0.507480 0.000107
v 0.420499 0.511180 -0.275639
v 0.420499 0.511180 0.000107
v 0.417297 0.513030 -0.275639
v 0.417297 0.513030 0.000107
v 0.414096 0.511180 -0.275639
v 0.414096 0.511180 0.000107
v 0.414096 0.509330 0.275852
v 0.414096 0.511180 0.275852
v 0.414096 0.507480 0.275852
v 0.417297 0.505630 0.275852
v 0.420499 0.507480 0.275852
v 0.420499 0.511180 0.275852
v 0.417297 0.513030 0.275852
v 0.526706 0.790000 -0.285000
v 0.526706 0.790000 -0.286850
v 0.526706 0.510000 -0.286850
v 0.526706 0.510000 -0.285000
v 0.529910 0.790000 -0.288700
v 0.529910 0.510000 -0.288700
v 0.533114 0.790000 -0.286850
v 0.533114 0.510000 -0.286850
v 0.533114 0.790000 -0.283150
v 0.533114 0.510000 -0.283150
v 0.529910 0.790000 -0.281300
v 0.529910 0.510000 -0.281300
v 0.526706 0.790000 -0.283150
v 0.526706 0.510000 -0.283150
v 0.585000 0.790000 -0.084610
v 0.583150 0.790000 -0.084610
v 0.583150 0.510000 -0.084610
v 0.585000 0.510000 -0.084610
v 0.581300 0.790000 -0.087814
v 0.581300 0.510000 -0.087814
v 0.583150 0.790000 -0.091018
v 0.583150 0.510000 -0.091018
v 0.586850 0.790000 -0.091018
v 0.586850 0.510000 -0.091018
v 0.588700 0.790000 -0.087814
v 0.588700 0.510000 -0.087814
v 0.586850 0.790000 -0.084610
v 0.586850 0.510000 -0.084610
v -0.154731 1.213560 0.002366
v -0.155512 1.213510 0.002366
v -0.154731 1.207580 0.002366
v -0.156279 1.213360 0.002366
v -0.157020 1.213110 0.002366
v -0.157722 1.212760 0.002366
v -0.158373 1.212330 0.002366
v -0.158961 1.211810 0.002366
v -0.159477 1.211220 0.002366
v -0.159912 1.210570 0.002366
v -0.160258 1.209870 0.002366
v -0.160509 1.209130 0.002366
v -0.160662 1.208360 0.002366
v -0.160713 1.207580 0.002366
v -0.160713 1.027580 0.002366
v -0.154731 1.027580 0.002366
v -0.160662 1.026800 0.002366
v -0.160509 1.026030 0.002366
v -0.160258 1.025290 0.002366
v -0.159912 1.024590 0.002366
v -0.159477 1.023940 0.002366
v -0.158961 1.023350 0.002366
v -0.158373 1.022830 0.002366
v -0.157722 1.022400 0.002366
v -0.157020 1.022050 0.002366
v -0.156279 1.021800 0.002366
v -0.155512 1.021650 0.002366
v -0.154731 1.021600 0.002366
v 0.154731 1.021600 0.002366
v 0.154731 1.027580 0.002366
v 0.155512 1.021650 0.002366
v 0.156279 1.021800 0.002366
v 0.157020 1.022050 0.002366
v 0.157722 1.022400 0.002366
v 0.158373 1.022830 0.002366
v 0.158961 1.023350 0.002366
v 0.159477 1.023940 0.002366
v 0.159912 1.024590 0.002366
v 0.160258 1.025290 0.002366
v 0.160509 1.026030 0.002366
v 0.160662 1.026800 0.002366
v 0.160713 1.027580 0.002366
v 0.160713 1.207580 0.002366
v 0.154731 1.207580 0.002366
v 0.160662 1.208360 0.002366
v 0.160509 1.209130 0.002366
v 0.160258 1.209870 0.002366
v 0.159912 1.210570 0.002366
v 0.159477 1.211220 0.002366
v 0.158961 1.211810 0.002366
v 0.158373 1.212330 0.002366
v 0.157722 1.212760 0.002366
v 0.157020 1.213110 0.002366
v 0.156279 1.213360 0.002366
v 0.155512 1.213510 0.002366
v 0.154731 1.213560 0.002366
v -0.580563 0.507500 -0.270000
v -0.580563 0.512500 -0.270000
v -0.580563 0.512500 0.270000
v -0.580563 0.507500 0.270000
v -0.584893 0.515000 -0.270000
v -0.584893 0.515000 0.270000
v -0.589224 0.512500 -0.270000
v -0.589224 0.512500 0.270000
v -0.589224 0.507500 -0.270000
v -0.589224 0.507500 0.270000
v -0.584893 0.505000 -0.270000
v -0.584893 0.505000 0.270000
v 0.570000 0.717500 -0.280670
v 0.570000 0.722500 -0.280670
v -0.570000 0.722500 -0.280670
v -0.570000 0.717500 -0.280670
v 0.570000 0.725000 -0.285000
v -0.570000 0.725000 -0.285000
v 0.570000 0.722500 -0.289330
v -0.570000 0.722500 -0.289330
v 0.570000 0.717500 -0.289330
v -0.570000 0.717500 -0.289330
v 0.570000 0.715000 -0.285000
v -0.570000 0.715000 -0.285000
v -0.585000 0.790000 0.253204
v -0.586850 0.790000 0.253204
v -0.586850 0.510000 0.253204
v -0.585000 0.510000 0.253204
v -0.588700 0.790000 0.250000
v -0.588700 0.510000 0.250000
v -0.586850 0.790000 0.246796
v -0.586850 0.510000 0.246796
v -0.583150 0.790000 0.246796
v -0.583150 0.510000 0.246796
v -0.581300 0.790000 0.250000
v -0.581300 0.510000 0.250000
v -0.583150 0.790000 0.253204
v -0.583150 0.510000 0.253204
v -0.486887 0.790000 -0.285000
v -0.486887 0.790000 -0.286850
v -0.486887 0.510000 -0.286850
v -0.486887 0.510000 -0.285000
v -0.483683 0.790000 -0.288700
v -0.483683 0.510000 -0.288700
v -0.480479 0.790000 -0.286850
v -0.480479 0.510000 -0.286850
v -0.480479 0.790000 -0.283150
v -0.480479 0.510000 -0.283150
v -0.483683 0.790000 -0.281300
v -0.483683 0.510000 -0.281300
v -0.486887 0.790000 -0.283150
v -0.486887 0.510000 -0.283150
v 0.570000 0.513767 0.278314
v 0.570000 0.513767 0.273390
v -0.569163 0.513767 0.273390
v -0.569163 0.513767 0.278314
v 0.570000 0.509437 0.270928
v -0.569163 0.509437 0.270928
v 0.570000 0.505107 0.273390
v -0.569163 0.505107 0.273390
v 0.570000 0.505107 0.278314
v -0.569163 0.505107 0.278314
v 0.570000 0.509437 0.280776
v -0.569163 0.509437 0.280776
v 0.413981 0.790000 -0.285000
v 0.413981 0.790000 -0.286850
v 0.413981 0.510000 -0.286850
v 0.413981 0.510000 -0.285000
v 0.417185 0.790000 -0.288700
v 0.417185 0.510000 -0.288700
v 0.420389 0.790000 -0.286850
v 0.420389 0.510000 -0.286850
v 0.420389 0.790000 -0.283150
v 0.420389 0.510000 -0.283150
v 0.417185 0.790000 -0.281300
v 0.417185 0.510000 -0.281300
v 0.413981 0.790000 -0.283150
v 0.413981 0.510000 -0.283150
v -0.029709 0.511180 0.000107
v -0.032911 0.513030 0.000107
v -0.032911 0.513030 0.275852
v -0.029709 0.511180 0.275852
v -0.029709 0.511180 -0.275639
v -0.032911 0.513030 -0.275639
v -0.036112 0.511180 -0.275639
v -0.036112 0.511180 0.000107
v -0.036112 0.509330 -0.275639
v -0.036112 0.509330 0.000107
v -0.036112 0.507480 -0.275639
v -0.036112 0.507480 0.000107
v -0.032911 0.505630 -0.275639
v -0.032911 0.505630 0.000107
v -0.029709 0.507480 -0.275639
v -0.029709 0.507480 0.000107
v -0.029709 0.507480 0.275852
v -0.032911 0.505630 0.275852
v -0.036112 0.507480 0.275852
v -0.036112 0.509330 0.275852
v -0.036112 0.511180 0.275852
v 0.195215 0.507480 0.000107
v 0.195215 0.511180 0.000107
v 0.195215 0.511180 0.275852
v 0.195215 0.507480 0.275852
v 0.195215 0.507480 -0.275639
v 0.195215 0.511180 -0.275639
v 0.192013 0.513030 -0.275639
v 0.192013 0.513030 0.000107
v 0.188811 0.511180 -0.275639
v 0.188811 0.511180 0.000107
v 0.188811 0.509330 -0.275639
v 0.188811 0.509330 0.000107
v 0.188811 0.507480 -0.275639
v 0.188811 0.507480 0.000107
v 0.192013 0.505630 -0.275639
v 0.192013 0.505630 0.000107
v 0.192013 0.505630 0.275852
v 0.188811 0.507480 0.275852
v 0.188811 0.509330 0.275852
v 0.188811 0.511180 0.275852
v 0.192013 0.513030 0.275852
v -0.585000 0.790000 -0.140927
v -0.586850 0.790000 -0.140927
v -0.586850 0.510000 -0.140927
v -0.585000 0.510000 -0.140927
v -0.588700 0.790000 -0.144131
v -0.588700 0.510000 -0.144131
v -0.586850 0.790000 -0.147335
v -0.586850 0.510000 -0.147335
v -0.583150 0.790000 -0.147335
v -0.583150 0.510000 -0.147335
v -0.581300 0.790000 -0.144131
v -0.581300 0.510000 -0.144131
v -0.583150 0.790000 -0.140927
v -0.583150 0.510000 -0.140927
v 0.570000 0.787500 0.289330
v 0.570000 0.792500 0.289330
v -0.570000 0.792500 0.289330
v -0.570000 0.787500 0.289330
v 0.570000 0.795000 0.285000
v -0.570000 0.795000 0.285000
v 0.570000 0.792500 0.280670
v -0.570000 0.792500 0.280670
v 0.570000 0.787500 0.280670
v -0.570000 0.787500 0.280670
v 0.570000 0.785000 0.285000
v -0.570000 0.785000 0.285000
v 0.570000 0.513660 -0.273177
v 0.570000 0.513660 -0.278101
v -0.569163 0.513660 -0.278101
v -0.569163 0.513660 -0.273177
v 0.570000 0.509330 -0.280563
v -0.569163 0.509330 -0.280563
v 0.570000 0.505000 -0.278101
v -0.569163 0.505000 -0.278101
v 0.570000 0.505000 -0.273177
v -0.569163 0.505000 -0.273177
v 0.570000 0.509330 -0.270715
v -0.569163 0.509330 -0.270715
v 0.138939 0.507480 0.000107
v 0.138939 0.511180 0.000107
v 0.138939 0.511180 0.275852
v 0.138939 0.507480 0.275852
v 0.138939 0.507480 -0.275639
v 0.138939 0.511180 -0.275639
v 0.135737 0.513030 -0.275639
v 0.135737 0.513030 0.000107
v 0.132536 0.511180 -0.275639
v 0.132536 0.511180 0.000107
v 0.132536 0.509330 -0.275639
v 0.132536 0.509330 0.000107
v 0.132536 0.507480 -0.275639
v 0.132536 0.507480 0.000107
v 0.135737 0.505630 -0.275639
v 0.135737 0.505630 0.000107
v 0.135737 0.505630 0.275852
v 0.132536 0.507480 0.275852
v 0.132536 0.509330 0.275852
v 0.132536 0.511180 0.275852
v 0.135737 0.513030 0.275852
v -0.585000 0.790000 0.140479
v -0.586850 0.790000 0.140479
v -0.586850 0.510000 0.140479
v -0.585000 0.510000 0.140479
v -0.588700 0.790000 0.137275
v -0.588700 0.510000 0.137275
v -0.586850 0.790000 0.134071
v -0.586850 0.510000 0.134071
v -0.583150 0.790000 0.134071
v -0.583150 0.510000 0.134071
v -0.581300 0.790000 0.137275
v -0.581300 0.510000 0.137275
v -0.583150 0.790000 0.140479
v -0.583150 0.510000 0.140479
v -0.149073 0.790000 0.285000
v -0.149073 0.790000 0.283150
v -0.149073 0.510000 0.283150
v -0.149073 0.510000 0.285000
v -0.145869 0.790000 0.281300
v -0.145869 0.510000 0.281300
v -0.142665 0.790000 0.283150
v -0.142665 0.510000 0.283150
v -0.142665 0.790000 0.286850
v -0.142665 0.510000 0.286850
v -0.145869 0.790000 0.288700
v -0.145869 0.510000 0.288700
v -0.149073 0.790000 0.286850
v -0.149073 0.510000 0.286850
v 0.245178 0.507480 -0.275639
v 0.248380 0.505630 -0.275639
v 0.248380 0.505630 0.000107
v 0.245178 0.507480 0.000107
v 0.251581 0.507480 -0.275639
v 0.251581 0.507480 0.000107
v 0.251581 0.511180 -0.275639
v 0.251581 0.511180 0.000107
v 0.248380 0.513030 -0.275639
v 0.248380 0.513030 0.000107
v 0.245178 0.511180 -0.275639
v 0.245178 0.511180 0.000107
v 0.245178 0.509330 -0.275639
v 0.245178 0.509330 0.000107
v 0.245178 0.507480 0.275852
v 0.245178 0.509330 0.275852
v 0.248380 0.505630 0.275852
v 0.251581 0.507480 0.275852
v 0.251581 0.511180 0.275852
v 0.248380 0.513030 0.275852
v 0.245178 0.511180 0.275852
vt 0.5032 0.0058
vt 0.5032 0.0075
vt 0.1163 0.0075
vt 0.1163 0.0058
vt 0.5395 0.3813
vt 0.5378 0.3813
vt 0.5378 0.7682
vt 0.5395 0.7682
vt 0.1163 0.0135
vt 0.1163 0.0143
vt 0.5032 0.0143
vt 0.5032 0.0135
vt 0.1163 0.0160
vt 0.5032 0.0160
vt 0.5448 0.7682
vt 0.5465 0.7682
vt 0.5465 0.3813
vt 0.5448 0.3813
vt 0.5032 0.0050
vt 0.1163 0.0050
vt 0.9000 0.1990
vt 0.9004 0.1990
vt 0.9004 0.1993
vt 0.9000 0.1993
vt 0.9000 0.1987
vt 0.9004 0.1987
vt 0.9000 0.1985
vt 0.9004 0.1985
vt 0.9000 0.1983
vt 0.9004 0.1983
vt 0.9000 0.1981
vt 0.9004 0.1981
vt 0.5436 0.0261
vt 0.5436 0.0266
vt 0.5434 0.0266
vt 0.5434 0.0261
vt 0.5438 0.0261
vt 0.5438 0.0266
vt 0.5441 0.0261
vt 0.5441 0.0266
vt 0.5443 0.0261
vt 0.5443 0.0266
vt 0.5446 0.0261
vt 0.5446 0.0266
vt 0.5448 0.0261
vt 0.5448 0.0266
vt 0.6059 0.0261
vt 0.6059 0.0266
vt 0.6062 0.0261
vt 0.6062 0.0266
vt 0.6064 0.0261
vt 0.6064 0.0266
vt 0.6067 0.0261
vt 0.6067 0.0266
vt 0.6069 0.0261
vt 0.6069 0.0266
vt 0.6072 0.0261
vt 0.6072 0.0266
vt 0.6074 0.0261
vt 0.6074 0.0266
vt 0.9272 0.2198
vt 0.9268 0.2198
vt 0.9268 0.2200
vt 0.9272 0.2200
vt 0.9272 0.2196
vt 0.9268 0.2196
vt 0.9272 0.2193
vt 0.9268 0.2193
vt 0.9272 0.2191
vt 0.9268 0.2191
vt 0.9272 0.2188
vt 0.9268 0.2188
vt 0.9272 0.2186
vt 0.9268 0.2186
vt 0.9272 0.1136
vt 0.9268 0.1136
vt 0.9272 0.1133
vt 0.9268 0.1133
vt 0.9272 0.1130
vt 0.9268 0.1130
vt 0.9272 0.1128
vt 0.9268 0.1128
vt 0.9272 0.1125
vt 0.9268 0.1125
vt 0.9272 0.1123
vt 0.9268 0.1123
vt 0.9272 0.1121
vt 0.9268 0.1121
vt 0.5563 0.0322
vt 0.5563 0.0318
vt 0.5561 0.0318
vt 0.5561 0.0322
vt 0.5565 0.0322
vt 0.5565 0.0318
vt 0.5567 0.0322
vt 0.5567 0.0318
vt 0.5570 0.0322
vt 0.5570 0.0318
vt 0.5573 0.0322
vt 0.5573 0.0318
vt 0.5575 0.0322
vt 0.5575 0.0318
vt 0.6186 0.0322
vt 0.6186 0.0318
vt 0.6189 0.0322
vt 0.6189 0.0318
vt 0.6191 0.0322
vt 0.6191 0.0318
vt 0.6194 0.0322
vt 0.6194 0.0318
vt 0.6196 0.0322
vt 0.6196 0.0318
vt 0.6198 0.0322
vt 0.6198 0.0318
vt 0.6200 0.0322
vt 0.6200 0.0318
vt 0.9000 0.3058
vt 0.9004 0.3058
vt 0.9004 0.3060
vt 0.9000 0.3060
vt 0.9000 0.3056
vt 0.9004 0.3056
vt 0.9000 0.3053
vt 0.9004 0.3053
vt 0.9000 0.3051
vt 0.9004 0.3051
vt 0.9000 0.3048
vt 0.9004 0.3048
vt 0.9000 0.3045
vt 0.9004 0.3045
vt 0.9000 0.1995
vt 0.9004 0.1995
vt 0.5070 0.8052
vt 0.5073 0.8052
vt 0.5073 0.8055
vt 0.5071 0.8055
vt 0.5069 0.8045
vt 0.5073 0.8045
vt 0.5069 0.8042
vt 0.5073 0.8041
vt 0.5065 0.8046
vt 0.5064 0.8043
vt 0.5067 0.8052
vt 0.5068 0.8056
vt 0.5064 0.8053
vt 0.5065 0.8057
vt 0.5062 0.8047
vt 0.5060 0.8044
vt 0.5058 0.8049
vt 0.5056 0.8046
vt 0.5061 0.8055
vt 0.5063 0.8058
vt 0.5059 0.8057
vt 0.5061 0.8059
vt 0.5055 0.8051
vt 0.5053 0.8048
vt 0.5052 0.8054
vt 0.5049 0.8051
vt 0.5056 0.8059
vt 0.5059 0.8061
vt 0.5054 0.8061
vt 0.5057 0.8063
vt 0.5049 0.8057
vt 0.5046 0.8055
vt 0.5047 0.8060
vt 0.5044 0.8058
vt 0.5053 0.8063
vt 0.5056 0.8065
vt 0.5051 0.8066
vt 0.5055 0.8068
vt 0.5045 0.8064
vt 0.5042 0.8062
vt 0.5044 0.8067
vt 0.5040 0.8067
vt 0.5050 0.8069
vt 0.5054 0.8070
vt 0.5050 0.8072
vt 0.5053 0.8073
vt 0.5043 0.8071
vt 0.5040 0.8071
vt 0.5043 0.8075
vt 0.5039 0.8075
vt 0.5050 0.8075
vt 0.5053 0.8075
vt 0.5050 0.8686
vt 0.5053 0.8686
vt 0.5043 0.8686
vt 0.5039 0.8686
vt 0.5043 0.8690
vt 0.5040 0.8691
vt 0.5050 0.8689
vt 0.5053 0.8689
vt 0.5050 0.8692
vt 0.5054 0.8691
vt 0.5044 0.8694
vt 0.5051 0.8695
vt 0.5045 0.8698
vt 0.5055 0.8694
vt 0.5053 0.8698
vt 0.5056 0.8696
vt 0.5047 0.8701
vt 0.5054 0.8701
vt 0.5049 0.8705
vt 0.5057 0.8699
vt 0.5056 0.8703
vt 0.5059 0.8701
vt 0.5052 0.8708
vt 0.5059 0.8705
vt 0.5055 0.8710
vt 0.5061 0.8702
vt 0.5061 0.8707
vt 0.5063 0.8704
vt 0.5058 0.8713
vt 0.5064 0.8708
vt 0.5062 0.8714
vt 0.5065 0.8705
vt 0.5067 0.8709
vt 0.5068 0.8706
vt 0.5065 0.8716
vt 0.5070 0.8710
vt 0.5069 0.8716
vt 0.5071 0.8706
vt 0.5073 0.8710
vt 0.5073 0.8706
vt 0.5073 0.8717
vt 0.6124 0.8710
vt 0.6123 0.8717
vt 0.6123 0.8706
vt 0.6127 0.8710
vt 0.6126 0.8706
vt 0.6127 0.8716
vt 0.6130 0.8709
vt 0.6131 0.8716
vt 0.6129 0.8706
vt 0.6133 0.8708
vt 0.6131 0.8705
vt 0.6135 0.8714
vt 0.6135 0.8707
vt 0.6139 0.8713
vt 0.6134 0.8704
vt 0.6138 0.8705
vt 0.6136 0.8702
vt 0.6142 0.8710
vt 0.6140 0.8703
vt 0.6145 0.8708
vt 0.6138 0.8701
vt 0.6142 0.8701
vt 0.6140 0.8699
vt 0.6148 0.8705
vt 0.6144 0.8698
vt 0.6150 0.8701
vt 0.6141 0.8696
vt 0.6145 0.8695
vt 0.6142 0.8694
vt 0.6152 0.8698
vt 0.6146 0.8692
vt 0.6153 0.8694
vt 0.6143 0.8691
vt 0.6147 0.8689
vt 0.6144 0.8689
vt 0.6154 0.8690
vt 0.6147 0.8686
vt 0.6154 0.8686
vt 0.6144 0.8686
vt 0.6147 0.8075
vt 0.6144 0.8075
vt 0.6154 0.8075
vt 0.6154 0.8071
vt 0.6147 0.8072
vt 0.6157 0.8071
vt 0.6157 0.8075
vt 0.6153 0.8067
vt 0.6156 0.8067
vt 0.6146 0.8069
vt 0.6144 0.8073
vt 0.6143 0.8070
vt 0.6145 0.8066
vt 0.6142 0.8068
vt 0.6152 0.8064
vt 0.6155 0.8062
vt 0.6150 0.8060
vt 0.6153 0.8058
vt 0.6144 0.8063
vt 0.6141 0.8065
vt 0.6142 0.8061
vt 0.6140 0.8063
vt 0.6148 0.8057
vt 0.6150 0.8055
vt 0.6145 0.8054
vt 0.6147 0.8051
vt 0.6140 0.8059
vt 0.6138 0.8061
vt 0.6138 0.8057
vt 0.6136 0.8059
vt 0.6142 0.8051
vt 0.6144 0.8048
vt 0.6139 0.8049
vt 0.6140 0.8046
vt 0.6135 0.8055
vt 0.6134 0.8058
vt 0.6133 0.8053
vt 0.6131 0.8057
vt 0.6135 0.8047
vt 0.6136 0.8044
vt 0.6131 0.8046
vt 0.6132 0.8043
vt 0.6130 0.8052
vt 0.6129 0.8056
vt 0.6127 0.8052
vt 0.6126 0.8055
vt 0.6127 0.8045
vt 0.6128 0.8042
vt 0.6123 0.8045
vt 0.6123 0.8041
vt 0.6124 0.8052
vt 0.6123 0.8055
vt 0.9293 0.6290
vt 0.9268 0.6290
vt 0.9268 0.7340
vt 0.9293 0.7340
vt 0.9293 0.6285
vt 0.9268 0.6285
vt 0.9293 0.6281
vt 0.9268 0.6281
vt 0.9293 0.6277
vt 0.9268 0.6277
vt 0.9293 0.6273
vt 0.9268 0.6273
vt 0.9293 0.6269
vt 0.9268 0.6269
vt 0.9293 0.6266
vt 0.9268 0.6266
vt 0.3126 0.7027
vt 0.3126 0.7052
vt 0.3123 0.7052
vt 0.3123 0.7027
vt 0.3130 0.7027
vt 0.3130 0.7052
vt 0.3134 0.7027
vt 0.3134 0.7052
vt 0.3138 0.7027
vt 0.3138 0.7052
vt 0.3142 0.7027
vt 0.3142 0.7052
vt 0.3147 0.7027
vt 0.3147 0.7052
vt 0.3757 0.7027
vt 0.3757 0.7052
vt 0.3762 0.7027
vt 0.3762 0.7052
vt 0.3766 0.7027
vt 0.3766 0.7052
vt 0.3770 0.7027
vt 0.3770 0.7052
vt 0.3774 0.7027
vt 0.3774 0.7052
vt 0.3778 0.7027
vt 0.3778 0.7052
vt 0.3781 0.7027
vt 0.3781 0.7052
vt 0.9338 0.3132
vt 0.9363 0.3132
vt 0.9363 0.3135
vt 0.9338 0.3135
vt 0.9338 0.3128
vt 0.9363 0.3128
vt 0.9338 0.3124
vt 0.9363 0.3124
vt 0.9338 0.3120
vt 0.9363 0.3120
vt 0.9338 0.3116
vt 0.9363 0.3116
vt 0.9338 0.3111
vt 0.9363 0.3111
vt 0.9338 0.2061
vt 0.9363 0.2061
vt 0.9338 0.2057
vt 0.9363 0.2057
vt 0.8904 0.8013
vt 0.8900 0.8013
vt 0.8900 0.8017
vt 0.8904 0.8017
vt 0.7850 0.8013
vt 0.7850 0.8017
vt 0.7845 0.8013
vt 0.7846 0.8017
vt 0.7841 0.8014
vt 0.7842 0.8018
vt 0.7837 0.8016
vt 0.7838 0.8019
vt 0.7833 0.8018
vt 0.7835 0.8021
vt 0.7829 0.8020
vt 0.7831 0.8023
vt 0.7826 0.8023
vt 0.7828 0.8026
vt 0.7823 0.8026
vt 0.7826 0.8029
vt 0.7820 0.8030
vt 0.7823 0.8032
vt 0.7818 0.8034
vt 0.7822 0.8035
vt 0.7817 0.8038
vt 0.7820 0.8039
vt 0.7816 0.8043
vt 0.7820 0.8043
vt 0.7816 0.8047
vt 0.7819 0.8047
vt 0.7816 0.8658
vt 0.7819 0.8658
vt 0.7816 0.8662
vt 0.7820 0.8662
vt 0.7817 0.8667
vt 0.7820 0.8666
vt 0.7818 0.8671
vt 0.7822 0.8670
vt 0.7820 0.8675
vt 0.7823 0.8673
vt 0.7823 0.8679
vt 0.7826 0.8677
vt 0.7826 0.8682
vt 0.7828 0.8680
vt 0.7829 0.8685
vt 0.7831 0.8682
vt 0.7833 0.8687
vt 0.7835 0.8684
vt 0.7837 0.8689
vt 0.7838 0.8686
vt 0.7841 0.8691
vt 0.7842 0.8687
vt 0.7845 0.8692
vt 0.7846 0.8688
vt 0.7850 0.8692
vt 0.7850 0.8689
vt 0.8900 0.8692
vt 0.8900 0.8689
vt 0.8904 0.8692
vt 0.8904 0.8688
vt 0.9268 0.7344
vt 0.9293 0.7344
vt 0.9268 0.7348
vt 0.9293 0.7348
vt 0.9268 0.7353
vt 0.9293 0.7353
vt 0.9268 0.7357
vt 0.9293 0.7357
vt 0.9268 0.7360
vt 0.9293 0.7360
vt 0.9268 0.7364
vt 0.9293 0.7364
vt 0.5994 0.1386
vt 0.5994 0.1361
vt 0.5991 0.1361
vt 0.5991 0.1386
vt 0.5987 0.1361
vt 0.5987 0.1386
vt 0.5983 0.1361
vt 0.5983 0.1386
vt 0.5979 0.1361
vt 0.5979 0.1386
vt 0.5975 0.1361
vt 0.5975 0.1386
vt 0.5970 0.1361
vt 0.5970 0.1386
vt 0.5359 0.1361
vt 0.5359 0.1386
vt 0.5355 0.1361
vt 0.5355 0.1386
vt 0.5351 0.1361
vt 0.5351 0.1386
vt 0.5040 0.8695
vt 0.5042 0.8699
vt 0.5044 0.8703
vt 0.5046 0.8707
vt 0.5049 0.8710
vt 0.5053 0.8713
vt 0.5056 0.8716
vt 0.5060 0.8718
vt 0.5064 0.8719
vt 0.5069 0.8720
vt 0.5073 0.8720
vt 0.6123 0.8720
vt 0.6128 0.8720
vt 0.6132 0.8719
vt 0.6136 0.8718
vt 0.6140 0.8716
vt 0.6144 0.8713
vt 0.6147 0.8710
vt 0.6150 0.8707
vt 0.6153 0.8703
vt 0.6155 0.8699
vt 0.6156 0.8695
vt 0.6157 0.8691
vt 0.6157 0.8686
vt 0.9338 0.2052
vt 0.9363 0.2052
vt 0.9338 0.2048
vt 0.9363 0.2048
vt 0.8913 0.8016
vt 0.8909 0.8014
vt 0.8908 0.8018
vt 0.8912 0.8019
vt 0.8903 0.8024
vt 0.8906 0.8024
vt 0.8903 0.8027
vt 0.8905 0.8028
vt 0.8900 0.8023
vt 0.8900 0.8027
vt 0.7850 0.8023
vt 0.7847 0.8024
vt 0.7847 0.8027
vt 0.7850 0.8027
vt 0.7844 0.8024
vt 0.7845 0.8028
vt 0.7841 0.8025
vt 0.7842 0.8028
vt 0.7838 0.8027
vt 0.7840 0.8030
vt 0.7835 0.8028
vt 0.7837 0.8031
vt 0.7833 0.8030
vt 0.7835 0.8033
vt 0.7831 0.8033
vt 0.7834 0.8035
vt 0.7829 0.8035
vt 0.7832 0.8037
vt 0.7828 0.8038
vt 0.7831 0.8039
vt 0.7827 0.8041
vt 0.7830 0.8042
vt 0.7826 0.8044
vt 0.7830 0.8044
vt 0.7826 0.8047
vt 0.7829 0.8047
vt 0.7826 0.8658
vt 0.7826 0.8661
vt 0.7827 0.8664
vt 0.7828 0.8667
vt 0.7829 0.8670
vt 0.7831 0.8672
vt 0.7833 0.8675
vt 0.7835 0.8677
vt 0.7838 0.8679
vt 0.7841 0.8680
vt 0.7844 0.8681
vt 0.7847 0.8681
vt 0.7850 0.8682
vt 0.8900 0.8682
vt 0.8900 0.8678
vt 0.7850 0.8678
vt 0.8903 0.8681
vt 0.8903 0.8678
vt 0.8908 0.8687
vt 0.8906 0.8681
vt 0.8909 0.8691
vt 0.8913 0.8689
vt 0.8912 0.8686
vt 0.8917 0.8687
vt 0.8915 0.8684
vt 0.8921 0.8685
vt 0.8919 0.8682
vt 0.8924 0.8682
vt 0.8922 0.8680
vt 0.8927 0.8679
vt 0.8924 0.8677
vt 0.8929 0.8675
vt 0.8926 0.8673
vt 0.8931 0.8671
vt 0.8928 0.8670
vt 0.8933 0.8667
vt 0.8929 0.8666
vt 0.8934 0.8662
vt 0.8930 0.8662
vt 0.8934 0.8658
vt 0.8931 0.8658
vt 0.8934 0.8047
vt 0.8931 0.8047
vt 0.8934 0.8043
vt 0.8930 0.8043
vt 0.8933 0.8038
vt 0.8929 0.8039
vt 0.8931 0.8034
vt 0.8928 0.8035
vt 0.5346 0.1361
vt 0.5346 0.1386
vt 0.5342 0.1361
vt 0.5342 0.1386
vt 0.5339 0.1361
vt 0.5339 0.1386
vt 0.5335 0.1361
vt 0.5335 0.1386
vt 0.9363 0.2041
vt 0.9338 0.2041
vt 0.9338 0.2037
vt 0.9363 0.2037
vt 0.9363 0.2044
vt 0.9338 0.2044
vt 0.8917 0.8018
vt 0.8915 0.8021
vt 0.8909 0.8025
vt 0.8912 0.8027
vt 0.8908 0.8028
vt 0.8910 0.8030
vt 0.8929 0.4928
vt 0.8934 0.4928
vt 0.8934 0.4925
vt 0.8929 0.4925
vt 0.8929 0.4930
vt 0.8934 0.4930
vt 0.8929 0.4932
vt 0.8934 0.4932
vt 0.8929 0.4934
vt 0.8934 0.4934
vt 0.6043 0.0393
vt 0.6043 0.0388
vt 0.6045 0.0388
vt 0.6045 0.0393
vt 0.6041 0.0393
vt 0.6041 0.0388
vt 0.6039 0.0393
vt 0.6039 0.0388
vt 0.6036 0.0393
vt 0.6036 0.0388
vt 0.6034 0.0393
vt 0.6034 0.0388
vt 0.6031 0.0393
vt 0.6031 0.0388
vt 0.5420 0.0393
vt 0.5420 0.0388
vt 0.5417 0.0393
vt 0.5417 0.0388
vt 0.5415 0.0393
vt 0.5415 0.0388
vt 0.5412 0.0393
vt 0.5412 0.0388
vt 0.5410 0.0393
vt 0.5410 0.0388
vt 0.5408 0.0393
vt 0.5408 0.0388
vt 0.5406 0.0393
vt 0.5406 0.0388
vt 0.8948 0.0052
vt 0.8943 0.0052
vt 0.8943 0.0050
vt 0.8948 0.0050
vt 0.8948 0.0054
vt 0.8943 0.0054
vt 0.8948 0.0057
vt 0.8943 0.0057
vt 0.8948 0.0059
vt 0.8943 0.0059
vt 0.8948 0.0062
vt 0.8943 0.0062
vt 0.8948 0.0064
vt 0.8943 0.0064
vt 0.8948 0.1115
vt 0.8943 0.1115
vt 0.8948 0.1117
vt 0.8943 0.1117
vt 0.8948 0.1120
vt 0.8943 0.1120
vt 0.8948 0.1122
vt 0.8943 0.1122
vt 0.8948 0.1125
vt 0.8943 0.1125
vt 0.8948 0.1127
vt 0.8943 0.1127
vt 0.8948 0.1129
vt 0.8943 0.1129
vt 0.6072 0.0191
vt 0.6072 0.0196
vt 0.6074 0.0196
vt 0.6074 0.0191
vt 0.6069 0.0191
vt 0.6069 0.0196
vt 0.6067 0.0191
vt 0.6067 0.0196
vt 0.6064 0.0191
vt 0.6064 0.0196
vt 0.6062 0.0191
vt 0.6062 0.0196
vt 0.6059 0.0191
vt 0.6059 0.0196
vt 0.5448 0.0191
vt 0.5448 0.0196
vt 0.5446 0.0191
vt 0.5446 0.0196
vt 0.5443 0.0191
vt 0.5443 0.0196
vt 0.5441 0.0191
vt 0.5441 0.0196
vt 0.5438 0.0191
vt 0.5438 0.0196
vt 0.5436 0.0191
vt 0.5436 0.0196
vt 0.5434 0.0191
vt 0.5434 0.0196
vt 0.8929 0.3857
vt 0.8934 0.3857
vt 0.8934 0.3855
vt 0.8929 0.3855
vt 0.8929 0.3860
vt 0.8934 0.3860
vt 0.8929 0.3862
vt 0.8934 0.3862
vt 0.8929 0.3865
vt 0.8934 0.3865
vt 0.8929 0.3867
vt 0.8934 0.3867
vt 0.8929 0.3870
vt 0.8934 0.3870
vt 0.8929 0.4920
vt 0.8934 0.4920
vt 0.8929 0.4923
vt 0.8934 0.4923
vt 0.7829 0.8658
vt 0.7830 0.8661
vt 0.7830 0.8663
vt 0.7831 0.8666
vt 0.7832 0.8668
vt 0.7834 0.8670
vt 0.7835 0.8672
vt 0.7837 0.8674
vt 0.7840 0.8676
vt 0.7842 0.8677
vt 0.7845 0.8678
vt 0.7847 0.8678
vt 0.8905 0.8678
vt 0.8909 0.8680
vt 0.8908 0.8677
vt 0.8912 0.8679
vt 0.8914 0.8677
vt 0.8917 0.8675
vt 0.8919 0.8672
vt 0.8921 0.8670
vt 0.8922 0.8667
vt 0.8923 0.8664
vt 0.8924 0.8661
vt 0.8924 0.8658
vt 0.8924 0.8047
vt 0.8920 0.8047
vt 0.8920 0.8658
vt 0.8924 0.8044
vt 0.8920 0.8044
vt 0.8923 0.8041
vt 0.8920 0.8042
vt 0.8922 0.8038
vt 0.8919 0.8039
vt 0.8921 0.8035
vt 0.8926 0.8032
vt 0.8918 0.8037
vt 0.8919 0.8033
vt 0.8916 0.8035
vt 0.8924 0.8029
vt 0.8929 0.8030
vt 0.8927 0.8026
vt 0.8924 0.8023
vt 0.8922 0.8026
vt 0.8921 0.8020
vt 0.8919 0.8023
vt 0.8914 0.8028
vt 0.8912 0.8031
vt 0.8917 0.8030
vt 0.8914 0.8033
vt 0.8920 0.8661
vt 0.8920 0.8663
vt 0.8919 0.8666
vt 0.8918 0.8668
vt 0.8916 0.8670
vt 0.8914 0.8672
vt 0.8912 0.8674
vt 0.8910 0.8676
vt 0.0515 0.3968
vt 0.0515 0.3985
vt 0.0630 0.3985
vt 0.0630 0.3968
vt 0.2900 0.4624
vt 0.2883 0.4624
vt 0.2883 0.0628
vt 0.2900 0.0628
vt 0.1586 0.4323
vt 0.1586 0.4306
vt 0.1701 0.4306
vt 0.1701 0.4323
vt 0.2970 0.4694
vt 0.2970 0.0698
vt 0.2953 0.0698
vt 0.2953 0.4694
vt 0.3024 0.0769
vt 0.3024 0.4764
vt 0.3139 0.4764
vt 0.3139 0.0769
vt 0.6731 0.3926
vt 0.6731 0.7922
vt 0.6845 0.7922
vt 0.6845 0.3926
vt 0.2812 0.5390
vt 0.2812 0.5396
vt 0.3763 0.5396
vt 0.3763 0.5390
vt 0.3713 0.3813
vt 0.3700 0.3813
vt 0.3700 0.4763
vt 0.3713 0.4763
vt 0.1000 0.4095
vt 0.1000 0.4101
vt 0.0050 0.4101
vt 0.0050 0.4095
vt 0.1000 0.4114
vt 0.0050 0.4114
vt 0.3785 0.4763
vt 0.3798 0.4763
vt 0.3798 0.3813
vt 0.3785 0.3813
vt 0.2812 0.5378
vt 0.2812 0.5384
vt 0.3763 0.5384
vt 0.3763 0.5378
vt 0.3286 0.1798
vt 0.3303 0.1798
vt 0.3303 0.3630
vt 0.3286 0.3630
vt 0.3376 0.3630
vt 0.3393 0.3630
vt 0.3393 0.1798
vt 0.3376 0.1798
vt 0.3475 0.3630
vt 0.3483 0.3630
vt 0.3483 0.1798
vt 0.3475 0.1798
vt 0.3500 0.3630
vt 0.3500 0.1798
vt 0.3591 0.1798
vt 0.3574 0.1798
vt 0.3574 0.3630
vt 0.3591 0.3630
vt 0.3278 0.1798
vt 0.3278 0.3630
vt 0.5110 0.8336
vt 0.5110 0.8342
vt 0.6060 0.8342
vt 0.6060 0.8336
vt 0.6504 0.8041
vt 0.6491 0.8041
vt 0.6491 0.8992
vt 0.6504 0.8992
vt 0.8837 0.8084
vt 0.8837 0.8090
vt 0.7886 0.8090
vt 0.7886 0.8084
vt 0.8837 0.8102
vt 0.7886 0.8102
vt 0.6561 0.8992
vt 0.6574 0.8992
vt 0.6574 0.8041
vt 0.6561 0.8041
vt 0.5110 0.8323
vt 0.5110 0.8330
vt 0.6060 0.8330
vt 0.6060 0.8323
vt 0.2762 0.5395
vt 0.2762 0.5490
vt 0.0053 0.5490
vt 0.0053 0.5395
vt 0.3817 0.5645
vt 0.3912 0.5645
vt 0.3912 0.5649
vt 0.3817 0.5649
vt 0.7608 0.5594
vt 0.7604 0.5598
vt 0.7604 0.5594
vt 0.7509 0.5598
vt 0.7509 0.5594
vt 0.7506 0.5594
vt 0.3912 0.5550
vt 0.3817 0.5550
vt 0.3817 0.5547
vt 0.3912 0.5547
vt 0.3813 0.5550
vt 0.3813 0.5645
vt 0.0053 0.5392
vt 0.2762 0.5392
vt 0.0050 0.5395
vt 0.0050 0.5490
vt 0.6093 0.2925
vt 0.6093 0.3020
vt 0.6096 0.3020
vt 0.6096 0.2925
vt 0.6093 0.3024
vt 0.5998 0.3020
vt 0.5998 0.3024
vt 0.7509 0.2883
vt 0.7509 0.2886
vt 0.7506 0.2886
vt 0.7604 0.2883
vt 0.7604 0.2886
vt 0.7608 0.2886
vt 0.7604 0.8368
vt 0.7604 0.5659
vt 0.7601 0.5659
vt 0.7601 0.8368
vt 0.5998 0.2925
vt 0.2758 0.5642
vt 0.2758 0.5547
vt 0.0050 0.5547
vt 0.0050 0.5642
vt 0.7506 0.8368
vt 0.7506 0.5659
vt 0.1466 0.9823
vt 0.1459 0.9823
vt 0.1459 0.8873
vt 0.1466 0.8873
vt 0.9324 0.9865
vt 0.9337 0.9865
vt 0.9337 0.8915
vt 0.9324 0.8915
vt 0.9413 0.0050
vt 0.9407 0.0050
vt 0.9407 0.1000
vt 0.9413 0.1000
vt 0.9394 0.0050
vt 0.9394 0.1000
vt 0.9407 0.8915
vt 0.9394 0.8915
vt 0.9394 0.9865
vt 0.9407 0.9865
vt 0.1478 0.9823
vt 0.1472 0.9823
vt 0.1472 0.8873
vt 0.1478 0.8873
vt 0.3850 0.1798
vt 0.3867 0.1798
vt 0.3867 0.3630
vt 0.3850 0.3630
vt 0.3940 0.3630
vt 0.3957 0.3630
vt 0.3957 0.1798
vt 0.3940 0.1798
vt 0.6167 0.3193
vt 0.6175 0.3193
vt 0.6175 0.1361
vt 0.6167 0.1361
vt 0.6192 0.3193
vt 0.6192 0.1361
vt 0.6268 0.1431
vt 0.6251 0.1431
vt 0.6251 0.3264
vt 0.6268 0.3264
vt 0.3841 0.1798
vt 0.3841 0.3630
vt 0.1922 0.8134
vt 0.1922 0.8123
vt 0.0986 0.8123
vt 0.0986 0.8134
vt 0.1922 0.8112
vt 0.0986 0.8112
vt 0.8112 0.5237
vt 0.8124 0.5237
vt 0.8124 0.6172
vt 0.8112 0.6172
vt 0.1981 0.8401
vt 0.1981 0.8390
vt 0.2917 0.8390
vt 0.2917 0.8401
vt 0.1981 0.8380
vt 0.2917 0.8380
vt 0.8253 0.7686
vt 0.8259 0.7686
vt 0.8259 0.6750
vt 0.8253 0.6750
vt 0.8265 0.7686
vt 0.8265 0.6750
vt 0.8265 0.5815
vt 0.8259 0.5815
vt 0.0050 0.8123
vt 0.0050 0.8134
vt 0.0050 0.8112
vt 0.8124 0.7108
vt 0.8112 0.7108
vt 0.3852 0.8390
vt 0.3852 0.8401
vt 0.3852 0.8380
vt 0.8253 0.5815
vt 0.3531 0.8956
vt 0.3531 0.8962
vt 0.4481 0.8962
vt 0.4481 0.8956
vt 0.9125 0.8915
vt 0.9113 0.8915
vt 0.9113 0.9865
vt 0.9125 0.9865
vt 0.5482 0.8943
vt 0.5482 0.8950
vt 0.4532 0.8950
vt 0.4532 0.8943
vt 0.5482 0.8962
vt 0.4532 0.8962
vt 0.9183 0.9865
vt 0.9196 0.9865
vt 0.9196 0.8915
vt 0.9183 0.8915
vt 0.3531 0.8943
vt 0.3531 0.8950
vt 0.4481 0.8950
vt 0.4481 0.8943
vt 0.1195 0.4299
vt 0.1283 0.4299
vt 0.1287 0.4303
vt 0.1192 0.4303
vt 0.1283 0.4211
vt 0.1195 0.4211
vt 0.1192 0.4208
vt 0.1287 0.4208
vt 0.1057 0.4250
vt 0.1051 0.4250
vt 0.1051 0.4345
vt 0.1057 0.4345
vt 0.1353 0.4264
vt 0.1347 0.4264
vt 0.1347 0.4359
vt 0.1353 0.4359
vt 0.2227 0.4306
vt 0.2220 0.4306
vt 0.2220 0.4401
vt 0.2227 0.4401
vt 0.1431 0.4264
vt 0.1438 0.4264
vt 0.1438 0.4359
vt 0.1431 0.4359
vt 0.1051 0.7941
vt 0.1051 0.7947
vt 0.2001 0.7947
vt 0.2001 0.7941
vt 0.7913 0.2051
vt 0.7900 0.2051
vt 0.7900 0.3002
vt 0.7913 0.3002
vt 0.6920 0.7971
vt 0.6920 0.7977
vt 0.5970 0.7977
vt 0.5970 0.7971
vt 0.6920 0.7990
vt 0.5970 0.7990
vt 0.7957 0.1000
vt 0.7969 0.1000
vt 0.7969 0.0050
vt 0.7957 0.0050
vt 0.1051 0.7929
vt 0.1051 0.7935
vt 0.2001 0.7935
vt 0.2001 0.7929
vt 0.1981 0.8317
vt 0.1981 0.8306
vt 0.2917 0.8306
vt 0.2917 0.8317
vt 0.1981 0.8295
vt 0.2917 0.8295
vt 0.8196 0.3838
vt 0.8203 0.3838
vt 0.8203 0.2903
vt 0.8196 0.2903
vt 0.8209 0.3838
vt 0.8209 0.2903
vt 0.1922 0.8387
vt 0.1922 0.8376
vt 0.0986 0.8376
vt 0.0986 0.8387
vt 0.1922 0.8366
vt 0.0986 0.8366
vt 0.8253 0.3884
vt 0.8265 0.3884
vt 0.8265 0.4819
vt 0.8253 0.4819
vt 0.8265 0.5755
vt 0.8253 0.5755
vt 0.3852 0.8306
vt 0.3852 0.8317
vt 0.3852 0.8295
vt 0.8203 0.1967
vt 0.8196 0.1967
vt 0.8209 0.1967
vt 0.0050 0.8376
vt 0.0050 0.8387
vt 0.0050 0.8366
vt 0.9062 0.7850
vt 0.9056 0.7850
vt 0.9056 0.6900
vt 0.9062 0.6900
vt 0.9070 0.1000
vt 0.9083 0.1000
vt 0.9083 0.0050
vt 0.9070 0.0050
vt 0.9145 0.1037
vt 0.9139 0.1037
vt 0.9139 0.1987
vt 0.9145 0.1987
vt 0.9127 0.1037
vt 0.9127 0.1987
vt 0.9139 0.6040
vt 0.9127 0.6040
vt 0.9127 0.6990
vt 0.9139 0.6990
vt 0.9075 0.7850
vt 0.9069 0.7850
vt 0.9069 0.6900
vt 0.9075 0.6900
vt 0.8344 0.1986
vt 0.8350 0.1986
vt 0.8350 0.1051
vt 0.8344 0.1051
vt 0.8344 0.2922
vt 0.8350 0.2922
vt 0.1922 0.6710
vt 0.1922 0.6699
vt 0.0986 0.6699
vt 0.0986 0.6710
vt 0.1922 0.6688
vt 0.0986 0.6688
vt 0.8394 0.2967
vt 0.8406 0.2967
vt 0.8406 0.3903
vt 0.8394 0.3903
vt 0.1981 0.6710
vt 0.1981 0.6699
vt 0.2917 0.6699
vt 0.2917 0.6710
vt 0.1981 0.6688
vt 0.2917 0.6688
vt 0.8337 0.2922
vt 0.8337 0.1986
vt 0.8337 0.1051
vt 0.3852 0.6688
vt 0.3852 0.6699
vt 0.3852 0.6710
vt 0.8406 0.4839
vt 0.8394 0.4839
vt 0.0050 0.6688
vt 0.0050 0.6699
vt 0.0050 0.6710
vt 0.1986 0.7855
vt 0.1986 0.7844
vt 0.2922 0.7844
vt 0.2922 0.7855
vt 0.1051 0.7855
vt 0.1051 0.7844
vt 0.5448 0.3669
vt 0.5454 0.3669
vt 0.5454 0.2733
vt 0.5448 0.2733
vt 0.5461 0.3669
vt 0.5461 0.2733
vt 0.3063 0.7612
vt 0.3063 0.7601
vt 0.2127 0.7601
vt 0.2127 0.7612
vt 0.3063 0.7590
vt 0.2127 0.7590
vt 0.5533 0.1798
vt 0.5545 0.1798
vt 0.5545 0.2733
vt 0.5533 0.2733
vt 0.1051 0.7866
vt 0.1986 0.7866
vt 0.2922 0.7866
vt 0.5545 0.3669
vt 0.5533 0.3669
vt 0.1192 0.7590
vt 0.1192 0.7601
vt 0.1192 0.7612
vt 0.5461 0.1798
vt 0.5454 0.1798
vt 0.5448 0.1798
vt 0.2982 0.0628
vt 0.2982 0.0645
vt 0.3096 0.0645
vt 0.3096 0.0628
vt 0.0462 0.4046
vt 0.0445 0.4046
vt 0.0445 0.0050
vt 0.0462 0.0050
vt 0.0050 0.3985
vt 0.0050 0.3968
vt 0.0165 0.3968
vt 0.0165 0.3985
vt 0.1801 0.4384
vt 0.1801 0.0388
vt 0.1784 0.0388
vt 0.1784 0.4384
vt 0.1882 0.0388
vt 0.1882 0.4384
vt 0.1997 0.4384
vt 0.1997 0.0388
vt 0.2051 0.0388
vt 0.2051 0.4384
vt 0.2166 0.4384
vt 0.2166 0.0388
vt 0.6638 0.8992
vt 0.6632 0.8992
vt 0.6632 0.8041
vt 0.6638 0.8041
vt 0.7872 0.1000
vt 0.7885 0.1000
vt 0.7885 0.0050
vt 0.7872 0.0050
vt 0.7905 0.3884
vt 0.7899 0.3884
vt 0.7899 0.4834
vt 0.7905 0.4834
vt 0.7886 0.3884
vt 0.7886 0.4834
vt 0.7899 0.4884
vt 0.7886 0.4884
vt 0.7886 0.5835
vt 0.7899 0.5835
vt 0.6651 0.8992
vt 0.6645 0.8992
vt 0.6645 0.8041
vt 0.6651 0.8041
vt 0.1107 0.4363
vt 0.1107 0.4380
vt 0.1222 0.4380
vt 0.1222 0.4363
vt 0.1533 0.4384
vt 0.1516 0.4384
vt 0.1516 0.0388
vt 0.1533 0.0388
vt 0.2023 0.4450
vt 0.2023 0.4433
vt 0.2138 0.4433
vt 0.2138 0.4450
vt 0.2322 0.4384
vt 0.2322 0.0388
vt 0.2305 0.0388
vt 0.2305 0.4384
vt 0.0825 0.0050
vt 0.0825 0.4046
vt 0.0940 0.4046
vt 0.0940 0.0050
vt 0.0994 0.0050
vt 0.0994 0.4046
vt 0.1109 0.4046
vt 0.1109 0.0050
vt 0.3919 0.6528
vt 0.3919 0.6545
vt 0.0050 0.6545
vt 0.0050 0.6528
vt 0.7058 0.3813
vt 0.7041 0.3813
vt 0.7041 0.7682
vt 0.7058 0.7682
vt 0.0050 0.6604
vt 0.0050 0.6612
vt 0.3919 0.6612
vt 0.3919 0.6604
vt 0.0050 0.6629
vt 0.3919 0.6629
vt 0.7111 0.3919
vt 0.7128 0.3919
vt 0.7128 0.0050
vt 0.7111 0.0050
vt 0.3919 0.6519
vt 0.0050 0.6519
vt 0.9274 0.8371
vt 0.9268 0.8371
vt 0.9268 0.7421
vt 0.9274 0.7421
vt 0.9324 0.1987
vt 0.9337 0.1987
vt 0.9337 0.1037
vt 0.9324 0.1037
vt 0.0069 0.8873
vt 0.0063 0.8873
vt 0.0063 0.9823
vt 0.0069 0.9823
vt 0.0050 0.8873
vt 0.0050 0.9823
vt 0.0133 0.8873
vt 0.0120 0.8873
vt 0.0120 0.9823
vt 0.0133 0.9823
vt 0.9286 0.8371
vt 0.9280 0.8371
vt 0.9280 0.7421
vt 0.9286 0.7421
vt 0.8408 0.5834
vt 0.8420 0.5834
vt 0.8420 0.6770
vt 0.8408 0.6770
vt 0.8408 0.4898
vt 0.8420 0.4898
vt 0.4335 0.1298
vt 0.4335 0.1287
vt 0.5270 0.1287
vt 0.5270 0.1298
vt 0.4335 0.1276
vt 0.5270 0.1276
vt 0.8563 0.1922
vt 0.8569 0.1922
vt 0.8569 0.0986
vt 0.8563 0.0986
vt 0.8575 0.1922
vt 0.8575 0.0986
vt 0.5586 0.8796
vt 0.5586 0.8785
vt 0.4650 0.8785
vt 0.4650 0.8796
vt 0.5586 0.8774
vt 0.4650 0.8774
vt 0.3714 0.8774
vt 0.3714 0.8785
vt 0.3714 0.8796
vt 0.8575 0.0050
vt 0.8569 0.0050
vt 0.8563 0.0050
vt 0.6206 0.1276
vt 0.6206 0.1287
vt 0.6206 0.1298
vt 0.5110 0.8547
vt 0.5110 0.8554
vt 0.6060 0.8554
vt 0.6060 0.8547
vt 0.0204 0.8873
vt 0.0191 0.8873
vt 0.0191 0.9823
vt 0.0204 0.9823
vt 0.4777 0.8577
vt 0.4777 0.8583
vt 0.3827 0.8583
vt 0.3827 0.8577
vt 0.4777 0.8596
vt 0.3827 0.8596
vt 0.0332 0.9823
vt 0.0344 0.9823
vt 0.0344 0.8873
vt 0.0332 0.8873
vt 0.5110 0.8535
vt 0.5110 0.8541
vt 0.6060 0.8541
vt 0.6060 0.8535
vt 0.6872 0.8041
vt 0.6884 0.8041
vt 0.6884 0.8977
vt 0.6872 0.8977
vt 0.7506 0.8852
vt 0.7506 0.8842
vt 0.8442 0.8842
vt 0.8442 0.8852
vt 0.7506 0.8831
vt 0.8442 0.8831
vt 0.8986 0.5713
vt 0.8992 0.5713
vt 0.8992 0.4777
vt 0.8986 0.4777
vt 0.8998 0.5713
vt 0.8998 0.4777
vt 0.3655 0.8881
vt 0.3655 0.8870
vt 0.2719 0.8870
vt 0.2719 0.8881
vt 0.3655 0.8859
vt 0.2719 0.8859
vt 0.1784 0.8859
vt 0.1784 0.8870
vt 0.6884 0.9913
vt 0.6872 0.9913
vt 0.9377 0.8842
vt 0.9377 0.8852
vt 0.9377 0.8831
vt 0.8992 0.3841
vt 0.8986 0.3841
vt 0.8998 0.3841
vt 0.1784 0.8881
vt 0.7047 0.8682
vt 0.7041 0.8682
vt 0.7041 0.7731
vt 0.7047 0.7731
vt 0.8295 0.1000
vt 0.8308 0.1000
vt 0.8308 0.0050
vt 0.8295 0.0050
vt 0.8342 0.3813
vt 0.8336 0.3813
vt 0.8336 0.4763
vt 0.8342 0.4763
vt 0.8323 0.3813
vt 0.8323 0.4763
vt 0.8336 0.4814
vt 0.8323 0.4814
vt 0.8323 0.5764
vt 0.8336 0.5764
vt 0.7060 0.8682
vt 0.7053 0.8682
vt 0.7053 0.7731
vt 0.7060 0.7731
vt 0.0070 0.7658
vt 0.0050 0.7658
vt 0.0050 0.7660
vt 0.0070 0.7047
vt 0.0050 0.7047
vt 0.0050 0.7044
vt 0.0051 0.7042
vt 0.0052 0.7039
vt 0.0053 0.7037
vt 0.0054 0.7035
vt 0.0056 0.7033
vt 0.0058 0.7031
vt 0.0060 0.7029
vt 0.0063 0.7028
vt 0.0065 0.7027
vt 0.0068 0.7027
vt 0.0070 0.7027
vt 0.1120 0.7047
vt 0.1120 0.7027
vt 0.1123 0.7027
vt 0.1126 0.7027
vt 0.1128 0.7028
vt 0.1131 0.7029
vt 0.1133 0.7031
vt 0.1135 0.7033
vt 0.1137 0.7035
vt 0.1138 0.7037
vt 0.1139 0.7039
vt 0.1140 0.7042
vt 0.1141 0.7044
vt 0.1141 0.7047
vt 0.1120 0.7658
vt 0.1141 0.7658
vt 0.1141 0.7660
vt 0.1140 0.7663
vt 0.1139 0.7666
vt 0.1138 0.7668
vt 0.1137 0.7670
vt 0.1135 0.7672
vt 0.1133 0.7674
vt 0.1131 0.7675
vt 0.1128 0.7677
vt 0.1126 0.7677
vt 0.1123 0.7678
vt 0.1120 0.7678
vt 0.0070 0.7678
vt 0.0068 0.7678
vt 0.0065 0.7677
vt 0.0063 0.7677
vt 0.0060 0.7675
vt 0.0058 0.7674
vt 0.0056 0.7672
vt 0.0054 0.7670
vt 0.0053 0.7668
vt 0.0052 0.7666
vt 0.0051 0.7663
vt 0.4865 0.1798
vt 0.4882 0.1798
vt 0.4882 0.3630
vt 0.4865 0.3630
vt 0.5251 0.3630
vt 0.5268 0.3630
vt 0.5268 0.1798
vt 0.5251 0.1798
vt 0.5279 0.5787
vt 0.5287 0.5787
vt 0.5287 0.3954
vt 0.5279 0.3954
vt 0.5304 0.5787
vt 0.5304 0.3954
vt 0.5366 0.1798
vt 0.5349 0.1798
vt 0.5349 0.3630
vt 0.5366 0.3630
vt 0.4856 0.1798
vt 0.4856 0.3630
vt 0.2150 0.4532
vt 0.2150 0.4549
vt 0.2265 0.4549
vt 0.2265 0.4532
vt 0.4056 0.7809
vt 0.4039 0.7809
vt 0.4039 0.3813
vt 0.4056 0.3813
vt 0.2192 0.4478
vt 0.2192 0.4461
vt 0.2307 0.4461
vt 0.2307 0.4478
vt 0.4126 0.7809
vt 0.4126 0.3813
vt 0.4109 0.3813
vt 0.4109 0.7809
vt 0.4180 0.3813
vt 0.4180 0.7809
vt 0.4294 0.7809
vt 0.4294 0.3813
vt 0.1347 0.0219
vt 0.1347 0.4215
vt 0.1461 0.4215
vt 0.1461 0.0219
vt 0.2812 0.5461
vt 0.2812 0.5467
vt 0.3763 0.5467
vt 0.3763 0.5461
vt 0.6630 0.0120
vt 0.6618 0.0120
vt 0.6618 0.1071
vt 0.6630 0.1071
vt 0.3763 0.5519
vt 0.3763 0.5525
vt 0.2812 0.5525
vt 0.2812 0.5519
vt 0.3763 0.5537
vt 0.2812 0.5537
vt 0.1178 0.9823
vt 0.1190 0.9823
vt 0.1190 0.8873
vt 0.1178 0.8873
vt 0.2812 0.5448
vt 0.2812 0.5454
vt 0.3763 0.5454
vt 0.3763 0.5448
vt 0.8416 0.1051
vt 0.8433 0.1051
vt 0.8433 0.2883
vt 0.8416 0.2883
vt 0.8464 0.4772
vt 0.8481 0.4772
vt 0.8481 0.2939
vt 0.8464 0.2939
vt 0.8478 0.6660
vt 0.8487 0.6660
vt 0.8487 0.4828
vt 0.8478 0.4828
vt 0.8504 0.6660
vt 0.8504 0.4828
vt 0.8509 0.0050
vt 0.8492 0.0050
vt 0.8492 0.1883
vt 0.8509 0.1883
vt 0.8408 0.1051
vt 0.8408 0.2883
vt 0.2404 0.0401
vt 0.2404 0.0407
vt 0.3354 0.0407
vt 0.3354 0.0401
vt 0.3375 0.3813
vt 0.3362 0.3813
vt 0.3362 0.4763
vt 0.3375 0.4763
vt 0.5355 0.0388
vt 0.5355 0.0395
vt 0.4405 0.0395
vt 0.4405 0.0388
vt 0.5355 0.0407
vt 0.4405 0.0407
vt 0.3447 0.4763
vt 0.3459 0.4763
vt 0.3459 0.3813
vt 0.3447 0.3813
vt 0.2404 0.0388
vt 0.2404 0.0395
vt 0.3354 0.0395
vt 0.3354 0.0388
vt 0.2531 0.9167
vt 0.2531 0.9174
vt 0.3481 0.9174
vt 0.3481 0.9167
vt 0.8674 0.9000
vt 0.8662 0.9000
vt 0.8662 0.9950
vt 0.8674 0.9950
vt 0.4481 0.9155
vt 0.4481 0.9161
vt 0.3531 0.9161
vt 0.3531 0.9155
vt 0.4481 0.9174
vt 0.3531 0.9174
vt 0.8732 0.9950
vt 0.8745 0.9950
vt 0.8745 0.9000
vt 0.8732 0.9000
vt 0.2531 0.9155
vt 0.2531 0.9161
vt 0.3481 0.9161
vt 0.3481 0.9155
vt 0.7168 0.9012
vt 0.7168 0.9019
vt 0.8118 0.9019
vt 0.8118 0.9012
vt 0.5545 0.8943
vt 0.5533 0.8943
vt 0.5533 0.9894
vt 0.5545 0.9894
vt 0.4481 0.9014
vt 0.4481 0.9020
vt 0.3531 0.9020
vt 0.3531 0.9014
vt 0.4481 0.9033
vt 0.3531 0.9033
vt 0.8168 0.9950
vt 0.8181 0.9950
vt 0.8181 0.9000
vt 0.8168 0.9000
vt 0.7168 0.9000
vt 0.7168 0.9006
vt 0.8118 0.9006
vt 0.8118 0.9000
vt 0.8189 0.5087
vt 0.8195 0.5087
vt 0.8195 0.4151
vt 0.8189 0.4151
vt 0.8189 0.6023
vt 0.8195 0.6023
vt 0.3852 0.8232
vt 0.3852 0.8221
vt 0.2917 0.8221
vt 0.2917 0.8232
vt 0.3852 0.8211
vt 0.2917 0.8211
vt 0.8182 0.6082
vt 0.8195 0.6082
vt 0.8195 0.7018
vt 0.8182 0.7018
vt 0.0050 0.8303
vt 0.0050 0.8292
vt 0.0986 0.8292
vt 0.0986 0.8303
vt 0.0050 0.8281
vt 0.0986 0.8281
vt 0.8182 0.6023
vt 0.8182 0.5087
vt 0.8182 0.4151
vt 0.1922 0.8281
vt 0.1922 0.8292
vt 0.1922 0.8303
vt 0.8195 0.7954
vt 0.8182 0.7954
vt 0.1981 0.8211
vt 0.1981 0.8221
vt 0.1981 0.8232
vt 0.8707 0.5769
vt 0.8707 0.3943
vt 0.8796 0.3943
vt 0.8796 0.5769
vt 0.8704 0.5769
vt 0.8704 0.3943
vt 0.0053 0.8630
vt 0.0053 0.8535
vt 0.0050 0.8535
vt 0.0050 0.8630
vt 0.8707 0.5773
vt 0.8796 0.5773
vt 0.8799 0.5769
vt 0.8799 0.3943
vt 0.3768 0.8552
vt 0.1942 0.8552
vt 0.1942 0.8549
vt 0.3768 0.8549
vt 0.1939 0.8552
vt 0.1942 0.8647
vt 0.1939 0.8647
vt 0.8796 0.3940
vt 0.8707 0.3940
vt 0.1879 0.8535
vt 0.1879 0.8630
vt 0.1883 0.8630
vt 0.1883 0.8535
vt 0.1879 0.8633
vt 0.0053 0.8633
vt 0.8792 0.5829
vt 0.8704 0.5829
vt 0.8704 0.5832
vt 0.8792 0.5832
vt 0.3771 0.8552
vt 0.3768 0.8647
vt 0.3771 0.8647
vt 0.8704 0.7661
vt 0.8792 0.7661
vt 0.8792 0.7658
vt 0.8704 0.7658
vt 0.5385 0.0228
vt 0.5385 0.0245
vt 0.1516 0.0245
vt 0.1516 0.0228
vt 0.4591 0.3813
vt 0.4574 0.3813
vt 0.4574 0.7682
vt 0.4591 0.7682
vt 0.1516 0.0304
vt 0.1516 0.0312
vt 0.5385 0.0312
vt 0.5385 0.0304
vt 0.1516 0.0329
vt 0.5385 0.0329
vt 0.4814 0.7682
vt 0.4831 0.7682
vt 0.4831 0.3813
vt 0.4814 0.3813
vt 0.5385 0.0219
vt 0.1516 0.0219
vt 0.5927 0.3517
vt 0.5927 0.3534
vt 0.6042 0.3534
vt 0.6042 0.3517
vt 0.7128 0.7964
vt 0.7111 0.7964
vt 0.7111 0.3968
vt 0.7128 0.3968
vt 0.5998 0.3252
vt 0.5998 0.3235
vt 0.6112 0.3235
vt 0.6112 0.3252
vt 0.7199 0.4046
vt 0.7199 0.0050
vt 0.7182 0.0050
vt 0.7182 0.4046
vt 0.7182 0.4095
vt 0.7182 0.8091
vt 0.7296 0.8091
vt 0.7296 0.4095
vt 0.7252 0.0050
vt 0.7252 0.4046
vt 0.7367 0.4046
vt 0.7367 0.0050
vt 0.8219 0.0050
vt 0.8236 0.0050
vt 0.8236 0.1883
vt 0.8219 0.1883
vt 0.8267 0.3771
vt 0.8284 0.3771
vt 0.8284 0.1939
vt 0.8267 0.1939
vt 0.8323 0.7647
vt 0.8332 0.7647
vt 0.8332 0.5815
vt 0.8323 0.5815
vt 0.8349 0.7647
vt 0.8349 0.5815
vt 0.6635 0.1121
vt 0.6618 0.1121
vt 0.6618 0.2954
vt 0.6635 0.2954
vt 0.8211 0.0050
vt 0.8211 0.1883
vt 0.3919 0.5076
vt 0.3919 0.5093
vt 0.0050 0.5093
vt 0.0050 0.5076
vt 0.3985 0.3813
vt 0.3968 0.3813
vt 0.3968 0.7682
vt 0.3985 0.7682
vt 0.0050 0.5152
vt 0.0050 0.5161
vt 0.3919 0.5161
vt 0.3919 0.5152
vt 0.0050 0.5178
vt 0.3919 0.5178
vt 0.4504 0.7682
vt 0.4521 0.7682
vt 0.4521 0.3813
vt 0.4504 0.3813
vt 0.3919 0.5068
vt 0.0050 0.5068
vt 0.6040 0.3813
vt 0.6040 0.3830
vt 0.6155 0.3830
vt 0.6155 0.3813
vt 0.6268 0.7809
vt 0.6251 0.7809
vt 0.6251 0.3813
vt 0.6268 0.3813
vt 0.6096 0.0391
vt 0.6096 0.0374
vt 0.6211 0.0374
vt 0.6211 0.0391
vt 0.6339 0.7809
vt 0.6339 0.3813
vt 0.6322 0.3813
vt 0.6322 0.7809
vt 0.6392 0.3813
vt 0.6392 0.7809
vt 0.6507 0.7809
vt 0.6507 0.3813
vt 0.6561 0.3870
vt 0.6561 0.7865
vt 0.6676 0.7865
vt 0.6676 0.3870
vt 0.3919 0.5865
vt 0.3919 0.5882
vt 0.0050 0.5882
vt 0.0050 0.5865
vt 0.5536 0.3813
vt 0.5519 0.3813
vt 0.5519 0.7682
vt 0.5536 0.7682
vt 0.0050 0.5941
vt 0.0050 0.5950
vt 0.3919 0.5950
vt 0.3919 0.5941
vt 0.0050 0.5967
vt 0.3919 0.5967
vt 0.6181 0.7823
vt 0.6198 0.7823
vt 0.6198 0.3954
vt 0.6181 0.3954
vt 0.3919 0.5857
vt 0.0050 0.5857
vt 0.6164 0.0881
vt 0.6164 0.0786
vt 0.4338 0.0786
vt 0.4338 0.0881
vt 0.6167 0.0881
vt 0.6167 0.0786
vt 0.5716 0.3630
vt 0.5719 0.3627
vt 0.5716 0.3627
vt 0.5719 0.1801
vt 0.5716 0.1801
vt 0.5716 0.1798
vt 0.4335 0.0786
vt 0.4335 0.0881
vt 0.4338 0.0783
vt 0.6164 0.0783
vt 0.5772 0.1798
vt 0.5867 0.1798
vt 0.5867 0.1801
vt 0.5772 0.1801
vt 0.0050 0.4528
vt 0.0053 0.4528
vt 0.0053 0.4532
vt 0.0053 0.4433
vt 0.0050 0.4433
vt 0.5617 0.1801
vt 0.5617 0.3627
vt 0.5621 0.3627
vt 0.5621 0.1801
vt 0.5621 0.3630
vt 0.5621 0.1798
vt 0.1879 0.4528
vt 0.1879 0.4433
vt 0.1883 0.4433
vt 0.1883 0.4528
vt 0.1879 0.4532
vt 0.5772 0.3627
vt 0.5867 0.3627
vt 0.5867 0.3630
vt 0.5772 0.3630
vt 0.6114 0.3411
vt 0.6202 0.3411
vt 0.6206 0.3415
vt 0.6110 0.3415
vt 0.6202 0.3323
vt 0.6114 0.3323
vt 0.6110 0.3320
vt 0.6206 0.3320
vt 0.5962 0.1445
vt 0.5955 0.1445
vt 0.5955 0.1540
vt 0.5962 0.1540
vt 0.5962 0.1600
vt 0.5955 0.1600
vt 0.5955 0.1695
vt 0.5962 0.1695
vt 0.6019 0.1445
vt 0.6012 0.1445
vt 0.6012 0.1540
vt 0.6019 0.1540
vt 0.6012 0.1600
vt 0.6019 0.1600
vt 0.6019 0.1695
vt 0.6012 0.1695
vt 0.5082 0.0063
vt 0.5082 0.0069
vt 0.6032 0.0069
vt 0.6032 0.0063
vt 0.7969 0.6942
vt 0.7957 0.6942
vt 0.7957 0.7892
vt 0.7969 0.7892
vt 0.6032 0.0120
vt 0.6032 0.0127
vt 0.5082 0.0127
vt 0.5082 0.0120
vt 0.6032 0.0139
vt 0.5082 0.0139
vt 0.0261 0.9823
vt 0.0274 0.9823
vt 0.0274 0.8873
vt 0.0261 0.8873
vt 0.5082 0.0050
vt 0.5082 0.0056
vt 0.6032 0.0056
vt 0.6032 0.0050
vt 0.8543 0.2939
vt 0.8560 0.2939
vt 0.8560 0.4772
vt 0.8543 0.4772
vt 0.8563 0.6660
vt 0.8580 0.6660
vt 0.8580 0.4828
vt 0.8563 0.4828
vt 0.8633 0.1883
vt 0.8642 0.1883
vt 0.8642 0.0050
vt 0.8633 0.0050
vt 0.8659 0.1883
vt 0.8659 0.0050
vt 0.8650 0.1939
vt 0.8633 0.1939
vt 0.8633 0.3771
vt 0.8650 0.3771
vt 0.8535 0.2939
vt 0.8535 0.4772
vt 0.3404 0.0401
vt 0.3404 0.0407
vt 0.4355 0.0407
vt 0.4355 0.0401
vt 0.5306 0.5843
vt 0.5293 0.5843
vt 0.5293 0.6793
vt 0.5306 0.6793
vt 0.1000 0.4165
vt 0.1000 0.4172
vt 0.0050 0.4172
vt 0.0050 0.4165
vt 0.1000 0.4184
vt 0.0050 0.4184
vt 0.6364 0.1071
vt 0.6377 0.1071
vt 0.6377 0.0120
vt 0.6364 0.0120
vt 0.3404 0.0388
vt 0.3404 0.0395
vt 0.4355 0.0395
vt 0.4355 0.0388
vt 0.7005 0.2931
vt 0.6998 0.2931
vt 0.6998 0.1981
vt 0.7005 0.1981
vt 0.5208 0.7794
vt 0.5221 0.7794
vt 0.5221 0.6843
vt 0.5208 0.6843
vt 0.5312 0.6843
vt 0.5306 0.6843
vt 0.5306 0.7794
vt 0.5312 0.7794
vt 0.5293 0.6843
vt 0.5293 0.7794
vt 0.7434 0.2883
vt 0.7421 0.2883
vt 0.7421 0.3833
vt 0.7434 0.3833
vt 0.7017 0.2931
vt 0.7011 0.2931
vt 0.7011 0.1981
vt 0.7017 0.1981
vt 0.4532 0.9026
vt 0.4532 0.9033
vt 0.5482 0.9033
vt 0.5482 0.9026
vt 0.8251 0.9000
vt 0.8239 0.9000
vt 0.8239 0.9950
vt 0.8251 0.9950
vt 0.5482 0.9084
vt 0.5482 0.9091
vt 0.4532 0.9091
vt 0.4532 0.9084
vt 0.5482 0.9103
vt 0.4532 0.9103
vt 0.8986 0.8653
vt 0.8998 0.8653
vt 0.8998 0.7703
vt 0.8986 0.7703
vt 0.4532 0.9014
vt 0.4532 0.9020
vt 0.5482 0.9020
vt 0.5482 0.9014
vt 0.1530 0.9026
vt 0.1530 0.9033
vt 0.2480 0.9033
vt 0.2480 0.9026
vt 0.9421 0.7182
vt 0.9409 0.7182
vt 0.9409 0.8132
vt 0.9421 0.8132
vt 0.3481 0.9014
vt 0.3481 0.9020
vt 0.2531 0.9020
vt 0.2531 0.9014
vt 0.3481 0.9033
vt 0.2531 0.9033
vt 0.9423 0.2001
vt 0.9435 0.2001
vt 0.9435 0.1051
vt 0.9423 0.1051
vt 0.1530 0.9014
vt 0.1530 0.9020
vt 0.2480 0.9020
vt 0.2480 0.9014
vt 0.1325 0.9823
vt 0.1318 0.9823
vt 0.1318 0.8873
vt 0.1325 0.8873
vt 0.1389 0.9823
vt 0.1402 0.9823
vt 0.1402 0.8873
vt 0.1389 0.8873
vt 0.9427 0.3179
vt 0.9421 0.3179
vt 0.9421 0.4129
vt 0.9427 0.4129
vt 0.9409 0.3179
vt 0.9409 0.4129
vt 0.9421 0.4180
vt 0.9409 0.4180
vt 0.9409 0.5130
vt 0.9421 0.5130
vt 0.1337 0.9823
vt 0.1331 0.9823
vt 0.1331 0.8873
vt 0.1337 0.8873
vt 0.4963 0.1798
vt 0.4980 0.1798
vt 0.4980 0.3630
vt 0.4963 0.3630
vt 0.5053 0.3630
vt 0.5070 0.3630
vt 0.5070 0.1798
vt 0.5053 0.1798
vt 0.5152 0.3630
vt 0.5161 0.3630
vt 0.5161 0.1798
vt 0.5152 0.1798
vt 0.5178 0.3630
vt 0.5178 0.1798
vt 0.5225 0.3884
vt 0.5208 0.3884
vt 0.5208 0.5716
vt 0.5225 0.5716
vt 0.4955 0.1798
vt 0.4955 0.3630
vt 0.4645 0.7675
vt 0.4740 0.7675
vt 0.4740 0.3813
vt 0.4645 0.3813
vt 0.6706 0.3415
vt 0.6706 0.3320
vt 0.6702 0.3320
vt 0.6702 0.3415
vt 0.0050 0.5705
vt 0.0053 0.5702
vt 0.0053 0.5705
vt 0.3915 0.5702
vt 0.3915 0.5705
vt 0.3919 0.5705
vt 0.6266 0.1375
vt 0.6266 0.1280
vt 0.6269 0.1280
vt 0.6269 0.1375
vt 0.6269 0.1276
vt 0.4743 0.7675
vt 0.4743 0.3813
vt 0.6702 0.3418
vt 0.6607 0.3415
vt 0.6607 0.3418
vt 0.6604 0.3415
vt 0.6604 0.3320
vt 0.6607 0.3320
vt 0.3915 0.5804
vt 0.0053 0.5804
vt 0.0053 0.5800
vt 0.3915 0.5800
vt 0.0050 0.5800
vt 0.3919 0.5800
vt 0.6367 0.1280
vt 0.6367 0.1375
vt 0.6364 0.1375
vt 0.6364 0.1280
vt 0.6364 0.1276
vt 0.4888 0.3813
vt 0.4888 0.7675
vt 0.4884 0.7675
vt 0.4884 0.3813
vt 0.4983 0.3813
vt 0.4983 0.7675
vt 0.5053 0.7675
vt 0.5148 0.7675
vt 0.5148 0.3813
vt 0.5053 0.3813
vt 0.3852 0.8137
vt 0.3852 0.8126
vt 0.2917 0.8126
vt 0.2917 0.8137
vt 0.8126 0.2235
vt 0.8138 0.2235
vt 0.8138 0.3170
vt 0.8126 0.3170
vt 0.0050 0.8218
vt 0.0050 0.8207
vt 0.0986 0.8207
vt 0.0986 0.8218
vt 0.0050 0.8196
vt 0.0986 0.8196
vt 0.8140 0.1922
vt 0.8146 0.1922
vt 0.8146 0.0986
vt 0.8140 0.0986
vt 0.8153 0.1922
vt 0.8153 0.0986
vt 0.3852 0.8148
vt 0.2917 0.8148
vt 0.1981 0.8137
vt 0.1981 0.8148
vt 0.1981 0.8126
vt 0.8138 0.4106
vt 0.8126 0.4106
vt 0.1922 0.8207
vt 0.1922 0.8218
vt 0.1922 0.8196
vt 0.8146 0.0050
vt 0.8140 0.0050
vt 0.8153 0.0050
vt 0.6074 0.2875
vt 0.6068 0.2875
vt 0.6068 0.1925
vt 0.6074 0.1925
vt 0.6294 0.1000
vt 0.6306 0.1000
vt 0.6306 0.0050
vt 0.6294 0.0050
vt 0.3888 0.3813
vt 0.3882 0.3813
vt 0.3882 0.4763
vt 0.3888 0.4763
vt 0.3870 0.3813
vt 0.3870 0.4763
vt 0.5940 0.1798
vt 0.5927 0.1798
vt 0.5927 0.2748
vt 0.5940 0.2748
vt 0.6087 0.2875
vt 0.6081 0.2875
vt 0.6081 0.1925
vt 0.6087 0.1925
vt 0.3912 0.5240
vt 0.3817 0.5240
vt 0.3817 0.5335
vt 0.3912 0.5335
vt 0.3912 0.5237
vt 0.3817 0.5237
vt 0.7351 0.8808
vt 0.7354 0.8811
vt 0.7354 0.8808
vt 0.7449 0.8811
vt 0.7449 0.8808
vt 0.7453 0.8808
vt 0.5905 0.1741
vt 0.5905 0.1646
vt 0.5901 0.1646
vt 0.5901 0.1741
vt 0.5901 0.1643
vt 0.3813 0.5240
vt 0.3813 0.5335
vt 0.7520 0.0120
vt 0.7520 0.2829
vt 0.7516 0.2829
vt 0.7516 0.0120
vt 0.7351 0.6100
vt 0.7354 0.6100
vt 0.7453 0.6100
vt 0.7449 0.6100
vt 0.3193 0.1643
vt 0.3193 0.1646
vt 0.3908 0.5490
vt 0.3908 0.5395
vt 0.3912 0.5395
vt 0.3912 0.5490
vt 0.3908 0.5392
vt 0.3813 0.5395
vt 0.3813 0.5392
vt 0.7449 0.6096
vt 0.7354 0.6096
vt 0.3813 0.5490
vt 0.3908 0.5493
vt 0.3813 0.5493
vt 0.0050 0.5332
vt 0.0050 0.5237
vt 0.2758 0.5237
vt 0.2758 0.5332
vt 0.3193 0.1741
vt 0.7421 0.0120
vt 0.7421 0.2829
vt 0.0050 0.7927
vt 0.0050 0.7933
vt 0.1000 0.7933
vt 0.1000 0.7927
vt 0.7913 0.1051
vt 0.7900 0.1051
vt 0.7900 0.2001
vt 0.7913 0.2001
vt 0.4918 0.7915
vt 0.4918 0.7921
vt 0.3968 0.7921
vt 0.3968 0.7915
vt 0.4918 0.7933
vt 0.3968 0.7933
vt 0.5208 0.6793
vt 0.5221 0.6793
vt 0.5221 0.5843
vt 0.5208 0.5843
vt 0.0050 0.7915
vt 0.0050 0.7921
vt 0.1000 0.7921
vt 0.1000 0.7915
vt 0.7580 0.2758
vt 0.7675 0.2758
vt 0.7675 0.0050
vt 0.7580 0.0050
vt 0.6205 0.3478
vt 0.6205 0.3573
vt 0.6209 0.3573
vt 0.6209 0.3478
vt 0.3903 0.7291
vt 0.3903 0.7196
vt 0.3900 0.7196
vt 0.3900 0.7291
vt 0.7664 0.2812
vt 0.7664 0.2816
vt 0.7661 0.2816
vt 0.7759 0.2812
vt 0.7759 0.2816
vt 0.7763 0.2816
vt 0.6110 0.3478
vt 0.6205 0.3475
vt 0.6110 0.3475
vt 0.7576 0.0050
vt 0.7576 0.2758
vt 0.7763 0.5524
vt 0.7759 0.5524
vt 0.7759 0.5527
vt 0.6269 0.1220
vt 0.6364 0.1220
vt 0.6364 0.1223
vt 0.6269 0.1223
vt 0.6266 0.1220
vt 0.6269 0.1125
vt 0.6266 0.1125
vt 0.6269 0.1121
vt 0.6364 0.1125
vt 0.6364 0.1121
vt 0.1192 0.7291
vt 0.1192 0.7294
vt 0.3900 0.7294
vt 0.7664 0.5524
vt 0.7661 0.5524
vt 0.7664 0.5527
vt 0.6110 0.3573
vt 0.3900 0.7446
vt 0.1192 0.7446
vt 0.1192 0.7351
vt 0.3900 0.7351
vt 0.1192 0.7196
vt 0.2136 0.4645
vt 0.2136 0.4662
vt 0.2251 0.4662
vt 0.2251 0.4645
vt 0.2393 0.4624
vt 0.2376 0.4624
vt 0.2376 0.0628
vt 0.2393 0.0628
vt 0.0219 0.3985
vt 0.0219 0.3968
vt 0.0334 0.3968
vt 0.0334 0.3985
vt 0.2477 0.4624
vt 0.2477 0.0628
vt 0.2460 0.0628
vt 0.2460 0.4624
vt 0.2545 0.0628
vt 0.2545 0.4624
vt 0.2659 0.4624
vt 0.2659 0.0628
vt 0.2714 0.0628
vt 0.2714 0.4624
vt 0.2829 0.4624
vt 0.2829 0.0628
vt 0.0761 0.9823
vt 0.0755 0.9823
vt 0.0755 0.8873
vt 0.0761 0.8873
vt 0.0825 0.9823
vt 0.0838 0.9823
vt 0.0838 0.8873
vt 0.0825 0.8873
vt 0.0914 0.8873
vt 0.0908 0.8873
vt 0.0908 0.9823
vt 0.0914 0.9823
vt 0.0896 0.8873
vt 0.0896 0.9823
vt 0.0979 0.8873
vt 0.0966 0.8873
vt 0.0966 0.9823
vt 0.0979 0.9823
vt 0.0774 0.9823
vt 0.0767 0.9823
vt 0.0767 0.8873
vt 0.0774 0.8873
vt 0.4335 0.1373
vt 0.4335 0.1380
vt 0.5285 0.1380
vt 0.5285 0.1373
vt 0.3544 0.3813
vt 0.3531 0.3813
vt 0.3531 0.4763
vt 0.3544 0.4763
vt 0.3763 0.5237
vt 0.3763 0.5243
vt 0.2812 0.5243
vt 0.2812 0.5237
vt 0.3763 0.5255
vt 0.2812 0.5255
vt 0.3616 0.4763
vt 0.3628 0.4763
vt 0.3628 0.3813
vt 0.3616 0.3813
vt 0.4335 0.1361
vt 0.4335 0.1367
vt 0.5285 0.1367
vt 0.5285 0.1361
vt 0.2917 0.7770
vt 0.2917 0.7760
vt 0.3852 0.7760
vt 0.3852 0.7770
vt 0.1981 0.7770
vt 0.1981 0.7760
vt 0.4039 0.3669
vt 0.4045 0.3669
vt 0.4045 0.2733
vt 0.4039 0.2733
vt 0.4051 0.3669
vt 0.4051 0.2733
vt 0.3852 0.6795
vt 0.3852 0.6784
vt 0.2917 0.6784
vt 0.2917 0.6795
vt 0.3852 0.6773
vt 0.2917 0.6773
vt 0.4123 0.1798
vt 0.4136 0.1798
vt 0.4136 0.2733
vt 0.4123 0.2733
vt 0.1981 0.7781
vt 0.2917 0.7781
vt 0.3852 0.7781
vt 0.4136 0.3669
vt 0.4123 0.3669
vt 0.1981 0.6773
vt 0.1981 0.6784
vt 0.1981 0.6795
vt 0.4051 0.1798
vt 0.4045 0.1798
vt 0.4039 0.1798
vt 0.3912 0.8519
vt 0.3912 0.8525
vt 0.4862 0.8525
vt 0.4862 0.8519
vt 0.9280 0.3263
vt 0.9268 0.3263
vt 0.9268 0.4214
vt 0.9280 0.4214
vt 0.8837 0.8506
vt 0.8837 0.8513
vt 0.7886 0.8513
vt 0.7886 0.8506
vt 0.8837 0.8525
vt 0.7886 0.8525
vt 0.9268 0.5214
vt 0.9280 0.5214
vt 0.9280 0.4264
vt 0.9268 0.4264
vt 0.3912 0.8506
vt 0.3912 0.8513
vt 0.4862 0.8513
vt 0.4862 0.8506
vt 0.6469 0.3594
vt 0.6463 0.3594
vt 0.6463 0.2643
vt 0.6469 0.2643
vt 0.7971 0.5059
vt 0.7983 0.5059
vt 0.7983 0.4109
vt 0.7971 0.4109
vt 0.7990 0.5110
vt 0.7983 0.5110
vt 0.7983 0.6060
vt 0.7990 0.6060
vt 0.7971 0.5110
vt 0.7971 0.6060
vt 0.7998 0.1051
vt 0.7985 0.1051
vt 0.7985 0.2001
vt 0.7998 0.2001
vt 0.6482 0.3594
vt 0.6475 0.3594
vt 0.6475 0.2643
vt 0.6482 0.2643
vt 0.5586 0.8881
vt 0.5586 0.8870
vt 0.4650 0.8870
vt 0.4650 0.8881
vt 0.5586 0.8859
vt 0.4650 0.8859
vt 0.8986 0.5772
vt 0.8998 0.5772
vt 0.8998 0.6708
vt 0.8986 0.6708
vt 0.7182 0.8937
vt 0.7182 0.8926
vt 0.8117 0.8926
vt 0.8117 0.8937
vt 0.7182 0.8915
vt 0.8117 0.8915
vt 0.9000 0.1922
vt 0.9006 0.1922
vt 0.9006 0.0986
vt 0.9000 0.0986
vt 0.9012 0.1922
vt 0.9012 0.0986
vt 0.9012 0.0050
vt 0.9006 0.0050
vt 0.3714 0.8870
vt 0.3714 0.8881
vt 0.3714 0.8859
vt 0.8998 0.7644
vt 0.8986 0.7644
vt 0.9053 0.8926
vt 0.9053 0.8937
vt 0.9053 0.8915
vt 0.9000 0.0050
vt 0.7019 0.9682
vt 0.7013 0.9682
vt 0.7013 0.8732
vt 0.7019 0.8732
vt 0.9197 0.8005
vt 0.9210 0.8005
vt 0.9210 0.7055
vt 0.9197 0.7055
vt 0.5664 0.8774
vt 0.5658 0.8774
vt 0.5658 0.9724
vt 0.5664 0.9724
vt 0.5645 0.8774
vt 0.5645 0.9724
vt 0.5728 0.8774
vt 0.5716 0.8774
vt 0.5716 0.9724
vt 0.5728 0.9724
vt 0.7031 0.9682
vt 0.7025 0.9682
vt 0.7025 0.8732
vt 0.7031 0.8732
vt 0.7886 0.8378
vt 0.7886 0.8384
vt 0.8837 0.8384
vt 0.8837 0.8378
vt 0.9139 0.7041
vt 0.9127 0.7041
vt 0.9127 0.7991
vt 0.9139 0.7991
vt 0.4989 0.8084
vt 0.4989 0.8090
vt 0.4039 0.8090
vt 0.4039 0.8084
vt 0.4989 0.8102
vt 0.4039 0.8102
vt 0.6970 0.8682
vt 0.6983 0.8682
vt 0.6983 0.7731
vt 0.6970 0.7731
vt 0.7886 0.8366
vt 0.7886 0.8372
vt 0.8837 0.8372
vt 0.8837 0.8366
vt 0.6001 0.3172
vt 0.6089 0.3172
vt 0.6093 0.3175
vt 0.5998 0.3175
vt 0.6089 0.3084
vt 0.6001 0.3084
vt 0.5998 0.3080
vt 0.6093 0.3080
vt 0.6131 0.0050
vt 0.6125 0.0050
vt 0.6125 0.0145
vt 0.6131 0.0145
vt 0.6145 0.0628
vt 0.6139 0.0628
vt 0.6139 0.0723
vt 0.6145 0.0723
vt 0.6188 0.0050
vt 0.6181 0.0050
vt 0.6181 0.0145
vt 0.6188 0.0145
vt 0.6195 0.0628
vt 0.6202 0.0628
vt 0.6202 0.0723
vt 0.6195 0.0723
vt 0.8414 0.7779
vt 0.8408 0.7779
vt 0.8408 0.6829
vt 0.8414 0.6829
vt 0.7111 0.8963
vt 0.7124 0.8963
vt 0.7124 0.8013
vt 0.7111 0.8013
vt 0.8497 0.6717
vt 0.8491 0.6717
vt 0.8491 0.7667
vt 0.8497 0.7667
vt 0.8478 0.6717
vt 0.8478 0.7667
vt 0.8505 0.1939
vt 0.8492 0.1939
vt 0.8492 0.2889
vt 0.8505 0.2889
vt 0.8427 0.7779
vt 0.8420 0.7779
vt 0.8420 0.6829
vt 0.8427 0.6829
vt 0.3827 0.8660
vt 0.3827 0.8666
vt 0.4777 0.8666
vt 0.4777 0.8660
vt 0.1049 0.8873
vt 0.1037 0.8873
vt 0.1037 0.9823
vt 0.1049 0.9823
vt 0.2748 0.8788
vt 0.2748 0.8795
vt 0.1798 0.8795
vt 0.1798 0.8788
vt 0.2748 0.8807
vt 0.1798 0.8807
vt 0.1107 0.9823
vt 0.1120 0.9823
vt 0.1120 0.8873
vt 0.1107 0.8873
vt 0.3827 0.8647
vt 0.3827 0.8654
vt 0.4777 0.8654
vt 0.4777 0.8647
vt 0.0050 0.4249
vt 0.0050 0.4255
vt 0.1000 0.4255
vt 0.1000 0.4249
vt 0.6010 0.1854
vt 0.5998 0.1854
vt 0.5998 0.2804
vt 0.6010 0.2804
vt 0.3763 0.5307
vt 0.3763 0.5313
vt 0.2812 0.5313
vt 0.2812 0.5307
vt 0.3763 0.5326
vt 0.2812 0.5326
vt 0.3278 0.4763
vt 0.3290 0.4763
vt 0.3290 0.3813
vt 0.3278 0.3813
vt 0.0050 0.4236
vt 0.0050 0.4242
vt 0.1000 0.4242
vt 0.1000 0.4236
vt 0.4039 0.8026
vt 0.4039 0.8032
vt 0.4989 0.8032
vt 0.4989 0.8026
vt 0.7899 0.5885
vt 0.7886 0.5885
vt 0.7886 0.6835
vt 0.7899 0.6835
vt 0.5285 0.7844
vt 0.5285 0.7850
vt 0.4335 0.7850
vt 0.4335 0.7844
vt 0.5285 0.7863
vt 0.4335 0.7863
vt 0.7886 0.7836
vt 0.7899 0.7836
vt 0.7899 0.6886
vt 0.7886 0.6886
vt 0.4039 0.8013
vt 0.4039 0.8019
vt 0.4989 0.8019
vt 0.4989 0.8013
vt 0.8783 0.1868
vt 0.8800 0.1868
vt 0.8800 0.3701
vt 0.8783 0.3701
vt 0.8845 0.7647
vt 0.8862 0.7647
vt 0.8862 0.5815
vt 0.8845 0.5815
vt 0.8859 0.1883
vt 0.8867 0.1883
vt 0.8867 0.0050
vt 0.8859 0.0050
vt 0.8884 0.1883
vt 0.8884 0.0050
vt 0.8876 0.1939
vt 0.8859 0.1939
vt 0.8859 0.3771
vt 0.8876 0.3771
vt 0.8774 0.1868
vt 0.8774 0.3701
vt 0.7886 0.8590
vt 0.7886 0.8596
vt 0.8837 0.8596
vt 0.8837 0.8590
vt 0.0697 0.8873
vt 0.0684 0.8873
vt 0.0684 0.9823
vt 0.0697 0.9823
vt 0.6060 0.8605
vt 0.6060 0.8611
vt 0.5110 0.8611
vt 0.5110 0.8605
vt 0.6060 0.8624
vt 0.5110 0.8624
vt 0.1248 0.9823
vt 0.1261 0.9823
vt 0.1261 0.8873
vt 0.1248 0.8873
vt 0.7886 0.8577
vt 0.7886 0.8583
vt 0.8837 0.8583
vt 0.8837 0.8577
vt 0.1998 0.4595
vt 0.2087 0.4595
vt 0.2090 0.4599
vt 0.1995 0.4599
vt 0.2087 0.4507
vt 0.1998 0.4507
vt 0.1995 0.4504
vt 0.2090 0.4504
vt 0.2312 0.4588
vt 0.2305 0.4588
vt 0.2305 0.4683
vt 0.2312 0.4683
vt 0.1057 0.4095
vt 0.1051 0.4095
vt 0.1051 0.4190
vt 0.1057 0.4190
vt 0.1945 0.4433
vt 0.1939 0.4433
vt 0.1939 0.4528
vt 0.1945 0.4528
vt 0.1135 0.4137
vt 0.1142 0.4137
vt 0.1142 0.4232
vt 0.1135 0.4232
vt 0.7083 0.9083
vt 0.7083 0.9089
vt 0.8033 0.9089
vt 0.8033 0.9083
vt 0.8463 0.9000
vt 0.8450 0.9000
vt 0.8450 0.9950
vt 0.8463 0.9950
vt 0.4481 0.9084
vt 0.4481 0.9091
vt 0.3531 0.9091
vt 0.3531 0.9084
vt 0.4481 0.9103
vt 0.3531 0.9103
vt 0.8521 0.9950
vt 0.8533 0.9950
vt 0.8533 0.9000
vt 0.8521 0.9000
vt 0.7083 0.9070
vt 0.7083 0.9077
vt 0.8033 0.9077
vt 0.8033 0.9070
vt 0.7083 0.9153
vt 0.7083 0.9160
vt 0.8033 0.9160
vt 0.8033 0.9153
vt 0.8604 0.9000
vt 0.8591 0.9000
vt 0.8591 0.9950
vt 0.8604 0.9950
vt 0.2480 0.9155
vt 0.2480 0.9161
vt 0.1530 0.9161
vt 0.1530 0.9155
vt 0.2480 0.9174
vt 0.1530 0.9174
vt 0.9465 0.9118
vt 0.9477 0.9118
vt 0.9477 0.8168
vt 0.9465 0.8168
vt 0.7083 0.9141
vt 0.7083 0.9147
vt 0.8033 0.9147
vt 0.8033 0.9141
vt 0.3193 0.1488
vt 0.3193 0.1583
vt 0.5901 0.1583
vt 0.5901 0.1488
vt 0.6702 0.3013
vt 0.6607 0.3013
vt 0.6607 0.3010
vt 0.6702 0.3010
vt 0.6604 0.3013
vt 0.6607 0.3108
vt 0.6604 0.3108
vt 0.6607 0.3112
vt 0.6702 0.3108
vt 0.6702 0.3112
vt 0.6706 0.3108
vt 0.6706 0.3013
vt 0.6692 0.0191
vt 0.6692 0.2899
vt 0.6688 0.2899
vt 0.6688 0.0191
vt 0.6607 0.3260
vt 0.6607 0.3165
vt 0.6604 0.3165
vt 0.6604 0.3260
vt 0.6702 0.3260
vt 0.6607 0.3263
vt 0.6702 0.3263
vt 0.6938 0.2762
vt 0.6942 0.2758
vt 0.6938 0.2758
vt 0.6942 0.0050
vt 0.6938 0.0050
vt 0.5905 0.0631
vt 0.3196 0.0631
vt 0.3196 0.0628
vt 0.5905 0.0628
vt 0.3193 0.0726
vt 0.3193 0.0631
vt 0.3196 0.0726
vt 0.6843 0.2762
vt 0.6843 0.2758
vt 0.3196 0.0730
vt 0.5905 0.0726
vt 0.5905 0.0730
vt 0.6787 0.0191
vt 0.6787 0.2899
vt 0.6702 0.3165
vt 0.6843 0.0050
vt 0.4335 0.0960
vt 0.4335 0.0949
vt 0.5270 0.0949
vt 0.5270 0.0960
vt 0.4335 0.0938
vt 0.5270 0.0938
vt 0.6547 0.1922
vt 0.6554 0.1922
vt 0.6554 0.0986
vt 0.6547 0.0986
vt 0.6560 0.1922
vt 0.6560 0.0986
vt 0.6206 0.1044
vt 0.6206 0.1033
vt 0.5270 0.1033
vt 0.5270 0.1044
vt 0.6206 0.1023
vt 0.5270 0.1023
vt 0.9056 0.1967
vt 0.9069 0.1967
vt 0.9069 0.2903
vt 0.9056 0.2903
vt 0.9069 0.3838
vt 0.9056 0.3838
vt 0.6206 0.0949
vt 0.6206 0.0960
vt 0.6206 0.0938
vt 0.6554 0.0050
vt 0.6547 0.0050
vt 0.6560 0.0050
vt 0.4335 0.1033
vt 0.4335 0.1044
vt 0.4335 0.1023
vt 0.4470 0.1798
vt 0.4487 0.1798
vt 0.4487 0.3630
vt 0.4470 0.3630
vt 0.4560 0.3630
vt 0.4577 0.3630
vt 0.4577 0.1798
vt 0.4560 0.1798
vt 0.4659 0.3630
vt 0.4667 0.3630
vt 0.4667 0.1798
vt 0.4659 0.1798
vt 0.4684 0.3630
vt 0.4684 0.1798
vt 0.4774 0.1798
vt 0.4757 0.1798
vt 0.4757 0.3630
vt 0.4774 0.3630
vt 0.4461 0.1798
vt 0.4461 0.3630
vt 0.1530 0.8956
vt 0.1530 0.8962
vt 0.2480 0.8962
vt 0.2480 0.8956
vt 0.9351 0.3193
vt 0.9338 0.3193
vt 0.9338 0.4143
vt 0.9351 0.4143
vt 0.3481 0.8943
vt 0.3481 0.8950
vt 0.2531 0.8950
vt 0.2531 0.8943
vt 0.3481 0.8962
vt 0.2531 0.8962
vt 0.9253 0.9865
vt 0.9266 0.9865
vt 0.9266 0.8915
vt 0.9253 0.8915
vt 0.1530 0.8943
vt 0.1530 0.8950
vt 0.2480 0.8950
vt 0.2480 0.8943
vt 0.0050 0.4319
vt 0.0050 0.4325
vt 0.1000 0.4325
vt 0.1000 0.4319
vt 0.6447 0.0191
vt 0.6435 0.0191
vt 0.6435 0.1141
vt 0.6447 0.1141
vt 0.2917 0.4743
vt 0.2917 0.4750
vt 0.1967 0.4750
vt 0.1967 0.4743
vt 0.2917 0.4762
vt 0.1967 0.4762
vt 0.6463 0.2593
vt 0.6475 0.2593
vt 0.6475 0.1643
vt 0.6463 0.1643
vt 0.0050 0.4306
vt 0.0050 0.4313
vt 0.1000 0.4313
vt 0.1000 0.4306
vt 0.7886 0.8167
vt 0.7886 0.8173
vt 0.8837 0.8173
vt 0.8837 0.8167
vt 0.8632 0.3827
vt 0.8619 0.3827
vt 0.8619 0.4777
vt 0.8632 0.4777
vt 0.8837 0.8225
vt 0.8837 0.8231
vt 0.7886 0.8231
vt 0.7886 0.8225
vt 0.8837 0.8243
vt 0.7886 0.8243
vt 0.8619 0.7779
vt 0.8632 0.7779
vt 0.8632 0.6829
vt 0.8619 0.6829
vt 0.7886 0.8154
vt 0.7886 0.8160
vt 0.8837 0.8160
vt 0.8837 0.8154
vt 0.2812 0.5602
vt 0.2812 0.5608
vt 0.3763 0.5608
vt 0.3763 0.5602
vt 0.8040 0.7013
vt 0.8027 0.7013
vt 0.8027 0.7963
vt 0.8040 0.7963
vt 0.1000 0.7844
vt 0.1000 0.7850
vt 0.0050 0.7850
vt 0.0050 0.7844
vt 0.1000 0.7863
vt 0.0050 0.7863
vt 0.8041 0.1000
vt 0.8054 0.1000
vt 0.8054 0.0050
vt 0.8041 0.0050
vt 0.2812 0.5589
vt 0.2812 0.5595
vt 0.3763 0.5595
vt 0.3763 0.5589
vt 0.5937 0.3304
vt 0.5927 0.3304
vt 0.5927 0.2802
vt 0.5937 0.2802
vt 0.2870 0.4673
vt 0.2870 0.4683
vt 0.2867 0.4683
vt 0.2867 0.4673
vt 0.2867 0.4686
vt 0.5941 0.2802
vt 0.5941 0.3304
vt 0.6082 0.1361
vt 0.6082 0.1863
vt 0.6086 0.1863
vt 0.6086 0.1361
vt 0.6430 0.3644
vt 0.6430 0.3647
vt 0.6433 0.3647
vt 0.5927 0.3644
vt 0.5927 0.3647
vt 0.5937 0.2798
vt 0.5927 0.2798
vt 0.2036 0.9229
vt 0.2036 0.9731
vt 0.2039 0.9731
vt 0.2039 0.9229
vt 0.1533 0.9731
vt 0.1533 0.9229
vt 0.1530 0.9229
vt 0.1530 0.9731
vt 0.1533 0.9225
vt 0.2036 0.9225
vt 0.2365 0.4686
vt 0.2365 0.4683
vt 0.2361 0.4683
vt 0.2365 0.4673
vt 0.2361 0.4673
vt 0.6430 0.3658
vt 0.6433 0.3658
vt 0.2036 0.9734
vt 0.1533 0.9734
vt 0.2094 0.9728
vt 0.2322 0.9499
vt 0.2368 0.9499
vt 0.2596 0.9728
vt 0.2094 0.9225
vt 0.2322 0.9454
vt 0.2596 0.9225
vt 0.2368 0.9454
vt 0.5927 0.3658
vt 0.2364 0.9492
vt 0.2364 0.9460
vt 0.2361 0.9496
vt 0.2329 0.9496
vt 0.2325 0.9492
vt 0.2325 0.9460
vt 0.2329 0.9457
vt 0.2361 0.9457
vt 0.8718 0.1811
vt 0.8718 0.0120
vt 0.8721 0.0120
vt 0.8721 0.1811
vt 0.0050 0.8690
vt 0.0050 0.8722
vt 0.0053 0.8722
vt 0.0053 0.8690
vt 0.1743 0.8778
vt 0.1743 0.8810
vt 0.1740 0.8810
vt 0.1740 0.8778
vt 0.8753 0.1814
vt 0.8753 0.1811
vt 0.8757 0.1811
vt 0.8721 0.1814
vt 0.8753 0.0120
vt 0.8757 0.0120
vt 0.0050 0.8778
vt 0.0050 0.8774
vt 0.1740 0.8774
vt 0.6738 0.9735
vt 0.6738 0.8045
vt 0.6735 0.8045
vt 0.6735 0.9735
vt 0.6735 0.8041
vt 0.6702 0.8041
vt 0.6702 0.8045
vt 0.1743 0.8722
vt 0.1743 0.8690
vt 0.0716 0.4000
vt 0.0684 0.4000
vt 0.0684 0.3968
vt 0.0716 0.3968
vt 0.0050 0.8810
vt 0.6702 0.9735
vt 0.6096 0.1863
vt 0.6096 0.1361
vt 0.2127 0.7517
vt 0.2127 0.7506
vt 0.3063 0.7506
vt 0.3063 0.7517
vt 0.1192 0.7517
vt 0.1192 0.7506
vt 0.4377 0.3669
vt 0.4383 0.3669
vt 0.4383 0.2733
vt 0.4377 0.2733
vt 0.4389 0.3669
vt 0.4389 0.2733
vt 0.1922 0.6795
vt 0.1922 0.6784
vt 0.0986 0.6784
vt 0.0986 0.6795
vt 0.1922 0.6773
vt 0.0986 0.6773
vt 0.3193 0.1798
vt 0.3206 0.1798
vt 0.3206 0.2733
vt 0.3193 0.2733
vt 0.1192 0.7528
vt 0.2127 0.7528
vt 0.3063 0.7528
vt 0.3206 0.3669
vt 0.3193 0.3669
vt 0.0050 0.6773
vt 0.0050 0.6784
vt 0.0050 0.6795
vt 0.4389 0.1798
vt 0.4383 0.1798
vt 0.4377 0.1798
vt 0.3063 0.7048
vt 0.3063 0.7037
vt 0.2127 0.7037
vt 0.2127 0.7048
vt 0.3063 0.7027
vt 0.2127 0.7027
vt 0.6998 0.0050
vt 0.7011 0.0050
vt 0.7011 0.0986
vt 0.6998 0.0986
vt 0.1192 0.7133
vt 0.1192 0.7122
vt 0.2127 0.7122
vt 0.2127 0.7133
vt 0.1192 0.7111
vt 0.2127 0.7111
vt 0.7351 0.6037
vt 0.7357 0.6037
vt 0.7357 0.5101
vt 0.7351 0.5101
vt 0.7363 0.6037
vt 0.7363 0.5101
vt 0.7363 0.4165
vt 0.7357 0.4165
vt 0.1192 0.7037
vt 0.1192 0.7048
vt 0.1192 0.7027
vt 0.7011 0.1922
vt 0.6998 0.1922
vt 0.3063 0.7122
vt 0.3063 0.7133
vt 0.3063 0.7111
vt 0.7351 0.4165
vt 0.9415 0.6130
vt 0.9409 0.6130
vt 0.9409 0.5180
vt 0.9415 0.5180
vt 0.9423 0.3002
vt 0.9435 0.3002
vt 0.9435 0.2051
vt 0.9423 0.2051
vt 0.9441 0.6181
vt 0.9435 0.6181
vt 0.9435 0.7131
vt 0.9441 0.7131
vt 0.9423 0.6181
vt 0.9423 0.7131
vt 0.9477 0.0050
vt 0.9465 0.0050
vt 0.9465 0.1000
vt 0.9477 0.1000
vt 0.9427 0.6130
vt 0.9421 0.6130
vt 0.9421 0.5180
vt 0.9427 0.5180
vt 0.9133 0.2987
vt 0.9127 0.2987
vt 0.9127 0.2037
vt 0.9133 0.2037
vt 0.9127 0.3988
vt 0.9139 0.3988
vt 0.9139 0.3038
vt 0.9127 0.3038
vt 0.9145 0.4039
vt 0.9139 0.4039
vt 0.9139 0.4989
vt 0.9145 0.4989
vt 0.9127 0.4039
vt 0.9127 0.4989
vt 0.9139 0.5039
vt 0.9127 0.5039
vt 0.9127 0.5990
vt 0.9139 0.5990
vt 0.9145 0.2987
vt 0.9139 0.2987
vt 0.9139 0.2037
vt 0.9145 0.2037
vt 0.3919 0.6359
vt 0.3919 0.6376
vt 0.0050 0.6376
vt 0.0050 0.6359
vt 0.6917 0.3813
vt 0.6900 0.3813
vt 0.6900 0.7682
vt 0.6917 0.7682
vt 0.0050 0.6435
vt 0.0050 0.6443
vt 0.3919 0.6443
vt 0.3919 0.6435
vt 0.0050 0.6460
vt 0.3919 0.6460
vt 0.6970 0.7682
vt 0.6987 0.7682
vt 0.6987 0.3813
vt 0.6970 0.3813
vt 0.3919 0.6350
vt 0.0050 0.6350
vt 0.3912 0.8167
vt 0.3912 0.8173
vt 0.4862 0.8173
vt 0.4862 0.8167
vt 0.8378 0.0050
vt 0.8366 0.0050
vt 0.8366 0.1000
vt 0.8378 0.1000
vt 0.3918 0.7915
vt 0.3918 0.7921
vt 0.2967 0.7921
vt 0.2967 0.7915
vt 0.3918 0.7933
vt 0.2967 0.7933
vt 0.6533 0.3664
vt 0.6546 0.3664
vt 0.6546 0.2714
vt 0.6533 0.2714
vt 0.3912 0.8154
vt 0.3912 0.8160
vt 0.4862 0.8160
vt 0.4862 0.8154
vt 0.9203 0.1000
vt 0.9197 0.1000
vt 0.9197 0.0050
vt 0.9203 0.0050
vt 0.9197 0.6004
vt 0.9210 0.6004
vt 0.9210 0.5053
vt 0.9197 0.5053
vt 0.9216 0.6054
vt 0.9210 0.6054
vt 0.9210 0.7004
vt 0.9216 0.7004
vt 0.9197 0.6054
vt 0.9197 0.7004
vt 0.6955 0.8732
vt 0.6942 0.8732
vt 0.6942 0.9682
vt 0.6955 0.9682
vt 0.9216 0.1000
vt 0.9210 0.1000
vt 0.9210 0.0050
vt 0.9216 0.0050
vt 0.4532 0.9167
vt 0.4532 0.9174
vt 0.5482 0.9174
vt 0.5482 0.9167
vt 0.8815 0.9000
vt 0.8802 0.9000
vt 0.8802 0.9950
vt 0.8815 0.9950
vt 0.8033 0.9211
vt 0.8033 0.9217
vt 0.7083 0.9217
vt 0.7083 0.9211
vt 0.8033 0.9230
vt 0.7083 0.9230
vt 0.8549 0.7667
vt 0.8561 0.7667
vt 0.8561 0.6717
vt 0.8549 0.6717
vt 0.4532 0.9155
vt 0.4532 0.9161
vt 0.5482 0.9161
vt 0.5482 0.9155
vt 0.7667 0.7461
vt 0.7673 0.7461
vt 0.7673 0.6525
vt 0.7667 0.6525
vt 0.3063 0.7697
vt 0.3063 0.7686
vt 0.2127 0.7686
vt 0.2127 0.7697
vt 0.3063 0.7675
vt 0.2127 0.7675
vt 0.7731 0.0050
vt 0.7744 0.0050
vt 0.7744 0.0986
vt 0.7731 0.0986
vt 0.0050 0.7781
vt 0.0050 0.7770
vt 0.0986 0.7770
vt 0.0986 0.7781
vt 0.0050 0.7760
vt 0.0986 0.7760
vt 0.7661 0.7461
vt 0.7661 0.6525
vt 0.7667 0.5589
vt 0.7661 0.5589
vt 0.7673 0.5589
vt 0.1192 0.7686
vt 0.1192 0.7697
vt 0.1192 0.7675
vt 0.7744 0.1922
vt 0.7731 0.1922
vt 0.1922 0.7770
vt 0.1922 0.7781
vt 0.1922 0.7760
vt 0.1530 0.9097
vt 0.1530 0.9103
vt 0.2480 0.9103
vt 0.2480 0.9097
vt 0.8322 0.9000
vt 0.8309 0.9000
vt 0.8309 0.9950
vt 0.8322 0.9950
vt 0.3481 0.9084
vt 0.3481 0.9091
vt 0.2531 0.9091
vt 0.2531 0.9084
vt 0.3481 0.9103
vt 0.2531 0.9103
vt 0.8380 0.9950
vt 0.8392 0.9950
vt 0.8392 0.9000
vt 0.8380 0.9000
vt 0.1530 0.9084
vt 0.1530 0.9091
vt 0.2480 0.9091
vt 0.2480 0.9084
vt 0.9344 0.5144
vt 0.9338 0.5144
vt 0.9338 0.4194
vt 0.9344 0.4194
vt 0.9338 0.6145
vt 0.9351 0.6145
vt 0.9351 0.5194
vt 0.9338 0.5194
vt 0.9357 0.7407
vt 0.9351 0.7407
vt 0.9351 0.8357
vt 0.9357 0.8357
vt 0.9338 0.7407
vt 0.9338 0.8357
vt 0.9365 0.6195
vt 0.9352 0.6195
vt 0.9352 0.7145
vt 0.9365 0.7145
vt 0.9357 0.5144
vt 0.9351 0.5144
vt 0.9351 0.4194
vt 0.9357 0.4194
vt 0.4969 0.7955
vt 0.4969 0.7962
vt 0.5919 0.7962
vt 0.5919 0.7955
vt 0.8054 0.5180
vt 0.8041 0.5180
vt 0.8041 0.6130
vt 0.8054 0.6130
vt 0.2987 0.7985
vt 0.2987 0.7991
vt 0.2037 0.7991
vt 0.2037 0.7985
vt 0.2987 0.8004
vt 0.2037 0.8004
vt 0.8055 0.3128
vt 0.8068 0.3128
vt 0.8068 0.2178
vt 0.8055 0.2178
vt 0.4969 0.7943
vt 0.4969 0.7949
vt 0.5919 0.7949
vt 0.5919 0.7943
vt 0.5110 0.8195
vt 0.5110 0.8201
vt 0.6060 0.8201
vt 0.6060 0.8195
vt 0.6222 0.8041
vt 0.6209 0.8041
vt 0.6209 0.8992
vt 0.6222 0.8992
vt 0.4862 0.8225
vt 0.4862 0.8231
vt 0.3912 0.8231
vt 0.3912 0.8225
vt 0.4862 0.8243
vt 0.3912 0.8243
vt 0.6280 0.8992
vt 0.6292 0.8992
vt 0.6292 0.8041
vt 0.6280 0.8041
vt 0.5110 0.8182
vt 0.5110 0.8189
vt 0.6060 0.8189
vt 0.6060 0.8182
vt 0.3919 0.4822
vt 0.3919 0.4839
vt 0.0050 0.4839
vt 0.0050 0.4822
vt 0.0264 0.0050
vt 0.0247 0.0050
vt 0.0247 0.3919
vt 0.0264 0.3919
vt 0.0050 0.4983
vt 0.0050 0.4991
vt 0.3919 0.4991
vt 0.3919 0.4983
vt 0.0050 0.5008
vt 0.3919 0.5008
vt 0.0346 0.3919
vt 0.0363 0.3919
vt 0.0363 0.0050
vt 0.0346 0.0050
vt 0.3919 0.4814
vt 0.0050 0.4814
vt 0.3919 0.6034
vt 0.3919 0.6051
vt 0.0050 0.6051
vt 0.0050 0.6034
vt 0.5747 0.3813
vt 0.5730 0.3813
vt 0.5730 0.7682
vt 0.5747 0.7682
vt 0.0050 0.6110
vt 0.0050 0.6119
vt 0.3919 0.6119
vt 0.3919 0.6110
vt 0.0050 0.6136
vt 0.3919 0.6136
vt 0.5800 0.7682
vt 0.5817 0.7682
vt 0.5817 0.3813
vt 0.5800 0.3813
vt 0.3919 0.6026
vt 0.0050 0.6026
vt 0.5966 0.3813
vt 0.5871 0.3813
vt 0.5871 0.7675
vt 0.5966 0.7675
vt 0.5931 0.3457
vt 0.6026 0.3457
vt 0.6026 0.3461
vt 0.5931 0.3461
vt 0.6029 0.3457
vt 0.6029 0.3362
vt 0.6026 0.3362
vt 0.3915 0.6195
vt 0.0053 0.6195
vt 0.0053 0.6198
vt 0.3915 0.6198
vt 0.0050 0.6198
vt 0.0053 0.6293
vt 0.0050 0.6293
vt 0.0053 0.6297
vt 0.3915 0.6297
vt 0.3915 0.6293
vt 0.5927 0.3457
vt 0.5927 0.3362
vt 0.5931 0.3362
vt 0.6029 0.7746
vt 0.6029 0.3884
vt 0.6026 0.3884
vt 0.6026 0.7746
vt 0.6054 0.0631
vt 0.6057 0.0631
vt 0.6054 0.0628
vt 0.6057 0.0726
vt 0.6054 0.0726
vt 0.3919 0.6293
vt 0.3919 0.6198
vt 0.5955 0.0631
vt 0.5955 0.0726
vt 0.5959 0.0726
vt 0.5959 0.0631
vt 0.5959 0.0628
vt 0.4444 0.7675
vt 0.4444 0.3813
vt 0.4447 0.3813
vt 0.4447 0.7675
vt 0.4349 0.7675
vt 0.4349 0.3813
vt 0.6124 0.3884
vt 0.6124 0.7746
vt 0.5110 0.8265
vt 0.5110 0.8272
vt 0.6060 0.8272
vt 0.6060 0.8265
vt 0.6363 0.8041
vt 0.6350 0.8041
vt 0.6350 0.8992
vt 0.6363 0.8992
vt 0.4862 0.8295
vt 0.4862 0.8301
vt 0.3912 0.8301
vt 0.3912 0.8295
vt 0.4862 0.8314
vt 0.3912 0.8314
vt 0.6421 0.8992
vt 0.6433 0.8992
vt 0.6433 0.8041
vt 0.6421 0.8041
vt 0.5110 0.8253
vt 0.5110 0.8259
vt 0.6060 0.8259
vt 0.6060 0.8253
vt 0.7886 0.8308
vt 0.7886 0.8314
vt 0.8837 0.8314
vt 0.8837 0.8308
vt 0.9069 0.4898
vt 0.9056 0.4898
vt 0.9056 0.5849
vt 0.9069 0.5849
vt 0.4862 0.8366
vt 0.4862 0.8372
vt 0.3912 0.8372
vt 0.3912 0.8366
vt 0.4862 0.8384
vt 0.3912 0.8384
vt 0.9056 0.6849
vt 0.9069 0.6849
vt 0.9069 0.5899
vt 0.9056 0.5899
vt 0.7886 0.8295
vt 0.7886 0.8301
vt 0.8837 0.8301
vt 0.8837 0.8295
vt 0.8929 0.2860
vt 0.8942 0.2860
vt 0.8942 0.3796
vt 0.8929 0.3796
vt 0.8929 0.1925
vt 0.8942 0.1925
vt 0.4335 0.1129
vt 0.4335 0.1118
vt 0.5270 0.1118
vt 0.5270 0.1129
vt 0.4335 0.1107
vt 0.5270 0.1107
vt 0.6801 0.9913
vt 0.6807 0.9913
vt 0.6807 0.8977
vt 0.6801 0.8977
vt 0.6814 0.9913
vt 0.6814 0.8977
vt 0.6206 0.1213
vt 0.6206 0.1202
vt 0.5270 0.1202
vt 0.5270 0.1213
vt 0.6206 0.1192
vt 0.5270 0.1192
vt 0.4335 0.1192
vt 0.4335 0.1202
vt 0.4335 0.1213
vt 0.6814 0.8041
vt 0.6807 0.8041
vt 0.6801 0.8041
vt 0.6206 0.1107
vt 0.6206 0.1118
vt 0.6206 0.1129
vt 0.5110 0.8124
vt 0.5110 0.8131
vt 0.6060 0.8131
vt 0.6060 0.8124
vt 0.8068 0.3179
vt 0.8055 0.3179
vt 0.8055 0.4129
vt 0.8068 0.4129
vt 0.1987 0.8041
vt 0.1987 0.8048
vt 0.1037 0.8048
vt 0.1037 0.8041
vt 0.1987 0.8060
vt 0.1037 0.8060
vt 0.7661 0.8470
vt 0.7673 0.8470
vt 0.7673 0.7520
vt 0.7661 0.7520
vt 0.5110 0.8112
vt 0.5110 0.8118
vt 0.6060 0.8118
vt 0.6060 0.8112
vt 0.2037 0.8068
vt 0.2037 0.8074
vt 0.2987 0.8074
vt 0.2987 0.8068
vt 0.8082 0.1051
vt 0.8070 0.1051
vt 0.8070 0.2001
vt 0.8082 0.2001
vt 0.3988 0.8055
vt 0.3988 0.8062
vt 0.3038 0.8062
vt 0.3038 0.8055
vt 0.3988 0.8074
vt 0.3038 0.8074
vt 0.8070 0.5130
vt 0.8082 0.5130
vt 0.8082 0.4180
vt 0.8070 0.4180
vt 0.2037 0.8055
vt 0.2037 0.8062
vt 0.2987 0.8062
vt 0.2987 0.8055
vt 0.8640 0.6770
vt 0.8646 0.6770
vt 0.8646 0.5834
vt 0.8640 0.5834
vt 0.1922 0.8472
vt 0.1922 0.8461
vt 0.0986 0.8461
vt 0.0986 0.8472
vt 0.1922 0.8450
vt 0.0986 0.8450
vt 0.8704 0.2009
vt 0.8716 0.2009
vt 0.8716 0.2945
vt 0.8704 0.2945
vt 0.1981 0.8486
vt 0.1981 0.8475
vt 0.2917 0.8475
vt 0.2917 0.8486
vt 0.1981 0.8464
vt 0.2917 0.8464
vt 0.8633 0.6770
vt 0.8633 0.5834
vt 0.8640 0.4898
vt 0.8633 0.4898
vt 0.8646 0.4898
vt 0.0050 0.8461
vt 0.0050 0.8472
vt 0.0050 0.8450
vt 0.8716 0.3881
vt 0.8704 0.3881
vt 0.3852 0.8475
vt 0.3852 0.8486
vt 0.3852 0.8464
vt 0.5110 0.8406
vt 0.5110 0.8413
vt 0.6060 0.8413
vt 0.6060 0.8406
vt 0.9210 0.3052
vt 0.9197 0.3052
vt 0.9197 0.4002
vt 0.9210 0.4002
vt 0.4862 0.8436
vt 0.4862 0.8442
vt 0.3912 0.8442
vt 0.3912 0.8436
vt 0.4862 0.8455
vt 0.3912 0.8455
vt 0.9197 0.5003
vt 0.9210 0.5003
vt 0.9210 0.4053
vt 0.9197 0.4053
vt 0.5110 0.8394
vt 0.5110 0.8400
vt 0.6060 0.8400
vt 0.6060 0.8394
vt 0.7977 0.3058
vt 0.7971 0.3058
vt 0.7971 0.2108
vt 0.7977 0.2108
vt 0.7971 0.4059
vt 0.7983 0.4059
vt 0.7983 0.3108
vt 0.7971 0.3108
vt 0.9216 0.1051
vt 0.9210 0.1051
vt 0.9210 0.2001
vt 0.9216 0.2001
vt 0.9197 0.1051
vt 0.9197 0.2001
vt 0.9210 0.2051
vt 0.9197 0.2051
vt 0.9197 0.3002
vt 0.9210 0.3002
vt 0.7990 0.3058
vt 0.7983 0.3058
vt 0.7983 0.2108
vt 0.7990 0.2108
vt 0.3213 0.1434
vt 0.3211 0.1434
vt 0.3213 0.1414
vt 0.3208 0.1434
vt 0.3206 0.1433
vt 0.3203 0.1432
vt 0.3201 0.1430
vt 0.3199 0.1428
vt 0.3197 0.1426
vt 0.3196 0.1424
vt 0.3195 0.1422
vt 0.3194 0.1419
vt 0.3193 0.1417
vt 0.3193 0.1414
vt 0.3193 0.0803
vt 0.3213 0.0803
vt 0.3193 0.0801
vt 0.3194 0.0798
vt 0.3195 0.0795
vt 0.3196 0.0793
vt 0.3197 0.0791
vt 0.3199 0.0789
vt 0.3201 0.0787
vt 0.3203 0.0786
vt 0.3206 0.0784
vt 0.3208 0.0784
vt 0.3211 0.0783
vt 0.3213 0.0783
vt 0.4263 0.0783
vt 0.4263 0.0803
vt 0.4266 0.0783
vt 0.4269 0.0784
vt 0.4271 0.0784
vt 0.4274 0.0786
vt 0.4276 0.0787
vt 0.4278 0.0789
vt 0.4280 0.0791
vt 0.4281 0.0793
vt 0.4282 0.0795
vt 0.4283 0.0798
vt 0.4284 0.0801
vt 0.4284 0.0803
vt 0.4284 0.1414
vt 0.4263 0.1414
vt 0.4284 0.1417
vt 0.4283 0.1419
vt 0.4282 0.1422
vt 0.4281 0.1424
vt 0.4280 0.1426
vt 0.4278 0.1428
vt 0.4276 0.1430
vt 0.4274 0.1432
vt 0.4271 0.1433
vt 0.4269 0.1434
vt 0.4266 0.1434
vt 0.4263 0.1434
vt 0.7740 0.6590
vt 0.7757 0.6590
vt 0.7757 0.8422
vt 0.7740 0.8422
vt 0.7802 0.1883
vt 0.7819 0.1883
vt 0.7819 0.0050
vt 0.7802 0.0050
vt 0.7816 0.3771
vt 0.7824 0.3771
vt 0.7824 0.1939
vt 0.7816 0.1939
vt 0.7841 0.3771
vt 0.7841 0.1939
vt 0.7833 0.5659
vt 0.7816 0.5659
vt 0.7816 0.7492
vt 0.7833 0.7492
vt 0.7731 0.6590
vt 0.7731 0.8422
vt 0.3919 0.4907
vt 0.3919 0.4924
vt 0.0050 0.4924
vt 0.0050 0.4907
vt 0.1180 0.0219
vt 0.1163 0.0219
vt 0.1163 0.4088
vt 0.1180 0.4088
vt 0.3193 0.3729
vt 0.3193 0.3737
vt 0.7062 0.3737
vt 0.7062 0.3729
vt 0.3193 0.3754
vt 0.7062 0.3754
vt 0.0149 0.3919
vt 0.0166 0.3919
vt 0.0166 0.0050
vt 0.0149 0.0050
vt 0.3919 0.4898
vt 0.0050 0.4898
vt 0.6032 0.9724
vt 0.6026 0.9724
vt 0.6026 0.8774
vt 0.6032 0.8774
vt 0.6125 0.9724
vt 0.6137 0.9724
vt 0.6137 0.8774
vt 0.6125 0.8774
vt 0.9286 0.0050
vt 0.9280 0.0050
vt 0.9280 0.1000
vt 0.9286 0.1000
vt 0.9268 0.0050
vt 0.9268 0.1000
vt 0.9280 0.2263
vt 0.9268 0.2263
vt 0.9268 0.3213
vt 0.9280 0.3213
vt 0.6045 0.9724
vt 0.6038 0.9724
vt 0.6038 0.8774
vt 0.6045 0.8774
vt 0.3038 0.7998
vt 0.3038 0.8004
vt 0.3988 0.8004
vt 0.3988 0.7998
vt 0.7434 0.3884
vt 0.7421 0.3884
vt 0.7421 0.4834
vt 0.7434 0.4834
vt 0.6286 0.7872
vt 0.6286 0.7879
vt 0.5335 0.7879
vt 0.5335 0.7872
vt 0.6286 0.7891
vt 0.5335 0.7891
vt 0.7421 0.5835
vt 0.7434 0.5835
vt 0.7434 0.4884
vt 0.7421 0.4884
vt 0.3038 0.7985
vt 0.3038 0.7991
vt 0.3988 0.7991
vt 0.3988 0.7985
vt 0.1631 0.4254
vt 0.1614 0.4254
vt 0.1614 0.0388
vt 0.1631 0.0388
vt 0.1699 0.4254
vt 0.1716 0.4254
vt 0.1716 0.0388
vt 0.1699 0.0388
vt 0.2246 0.0388
vt 0.2237 0.0388
vt 0.2237 0.4254
vt 0.2246 0.4254
vt 0.2220 0.0388
vt 0.2220 0.4254
vt 0.0560 0.0050
vt 0.0543 0.0050
vt 0.0543 0.3916
vt 0.0560 0.3916
vt 0.1640 0.4254
vt 0.1640 0.0388
vt 0.7886 0.8449
vt 0.7886 0.8455
vt 0.8837 0.8455
vt 0.8837 0.8449
vt 0.5799 0.8774
vt 0.5786 0.8774
vt 0.5786 0.9724
vt 0.5799 0.9724
vt 0.6060 0.8464
vt 0.6060 0.8470
vt 0.5110 0.8470
vt 0.5110 0.8464
vt 0.6060 0.8483
vt 0.5110 0.8483
vt 0.5857 0.9724
vt 0.5869 0.9724
vt 0.5869 0.8774
vt 0.5857 0.8774
vt 0.7886 0.8436
vt 0.7886 0.8442
vt 0.8837 0.8442
vt 0.8837 0.8436
vt 0.2917 0.6879
vt 0.2917 0.6868
vt 0.3852 0.6868
vt 0.3852 0.6879
vt 0.1981 0.6879
vt 0.1981 0.6868
vt 0.1981 0.6857
vt 0.2917 0.6857
vt 0.3672 0.3669
vt 0.3678 0.3669
vt 0.3678 0.2733
vt 0.3672 0.2733
vt 0.3685 0.3669
vt 0.3685 0.2733
vt 0.1922 0.6879
vt 0.1922 0.6868
vt 0.0986 0.6868
vt 0.0986 0.6879
vt 0.1922 0.6857
vt 0.0986 0.6857
vt 0.3757 0.1798
vt 0.3769 0.1798
vt 0.3769 0.2733
vt 0.3757 0.2733
vt 0.3769 0.3669
vt 0.3757 0.3669
vt 0.0050 0.6857
vt 0.0050 0.6868
vt 0.0050 0.6879
vt 0.3685 0.1798
vt 0.3678 0.1798
vt 0.3672 0.1798
vt 0.3852 0.6857
vt 0.4208 0.2733
vt 0.4220 0.2733
vt 0.4220 0.3669
vt 0.4208 0.3669
vt 0.4208 0.1798
vt 0.4220 0.1798
vt 0.0050 0.6964
vt 0.0050 0.6953
vt 0.0986 0.6953
vt 0.0986 0.6964
vt 0.0050 0.6942
vt 0.0986 0.6942
vt 0.4292 0.3669
vt 0.4299 0.3669
vt 0.4299 0.2733
vt 0.4292 0.2733
vt 0.4305 0.3669
vt 0.4305 0.2733
vt 0.3852 0.6964
vt 0.3852 0.6953
vt 0.2917 0.6953
vt 0.2917 0.6964
vt 0.3852 0.6942
vt 0.2917 0.6942
vt 0.1981 0.6942
vt 0.1981 0.6953
vt 0.1981 0.6964
vt 0.4305 0.1798
vt 0.4299 0.1798
vt 0.4292 0.1798
vt 0.1922 0.6942
vt 0.1922 0.6953
vt 0.1922 0.6964
vt 0.7738 0.6539
vt 0.7731 0.6539
vt 0.7731 0.5589
vt 0.7738 0.5589
vt 0.9056 0.4848
vt 0.9069 0.4848
vt 0.9069 0.3898
vt 0.9056 0.3898
vt 0.5946 0.8774
vt 0.5940 0.8774
vt 0.5940 0.9724
vt 0.5946 0.9724
vt 0.5927 0.8774
vt 0.5927 0.9724
vt 0.9280 0.5265
vt 0.9268 0.5265
vt 0.9268 0.6215
vt 0.9280 0.6215
vt 0.7750 0.6539
vt 0.7744 0.6539
vt 0.7744 0.5589
vt 0.7750 0.5589
vt 0.6244 0.0467
vt 0.6244 0.0484
vt 0.2376 0.0484
vt 0.2376 0.0467
vt 0.5606 0.3813
vt 0.5589 0.3813
vt 0.5589 0.7682
vt 0.5606 0.7682
vt 0.2376 0.0543
vt 0.2376 0.0552
vt 0.6244 0.0552
vt 0.6244 0.0543
vt 0.2376 0.0569
vt 0.6244 0.0569
vt 0.5659 0.7682
vt 0.5676 0.7682
vt 0.5676 0.3813
vt 0.5659 0.3813
vt 0.6244 0.0459
vt 0.2376 0.0459
vt 0.0067 0.3916
vt 0.0050 0.3916
vt 0.0050 0.0050
vt 0.0067 0.0050
vt 0.0628 0.3916
vt 0.0645 0.3916
vt 0.0645 0.0050
vt 0.0628 0.0050
vt 0.1273 0.0219
vt 0.1265 0.0219
vt 0.1265 0.4085
vt 0.1273 0.4085
vt 0.1248 0.0219
vt 0.1248 0.4085
vt 0.0743 0.0050
vt 0.0727 0.0050
vt 0.0727 0.3916
vt 0.0743 0.3916
vt 0.0075 0.3916
vt 0.0075 0.0050
vt 0.6322 0.2437
vt 0.6334 0.2437
vt 0.6334 0.3373
vt 0.6322 0.3373
vt 0.6322 0.1502
vt 0.6334 0.1502
vt 0.0050 0.4610
vt 0.0050 0.4599
vt 0.0986 0.4599
vt 0.0986 0.4610
vt 0.0050 0.4588
vt 0.0986 0.4588
vt 0.6392 0.3444
vt 0.6399 0.3444
vt 0.6399 0.2508
vt 0.6392 0.2508
vt 0.6405 0.3444
vt 0.6405 0.2508
vt 0.1922 0.4695
vt 0.1922 0.4684
vt 0.0986 0.4684
vt 0.0986 0.4695
vt 0.1922 0.4673
vt 0.0986 0.4673
vt 0.0050 0.4673
vt 0.0050 0.4684
vt 0.0050 0.4695
vt 0.6405 0.1572
vt 0.6399 0.1572
vt 0.6392 0.1572
vt 0.1922 0.4588
vt 0.1922 0.4599
vt 0.1922 0.4610
vt 0.0409 0.9823
vt 0.0402 0.9823
vt 0.0402 0.8873
vt 0.0409 0.8873
vt 0.0473 0.9823
vt 0.0485 0.9823
vt 0.0485 0.8873
vt 0.0473 0.8873
vt 0.0562 0.8873
vt 0.0556 0.8873
vt 0.0556 0.9823
vt 0.0562 0.9823
vt 0.0543 0.8873
vt 0.0543 0.9823
vt 0.0626 0.8873
vt 0.0614 0.8873
vt 0.0614 0.9823
vt 0.0626 0.9823
vt 0.0421 0.9823
vt 0.0415 0.9823
vt 0.0415 0.8873
vt 0.0421 0.8873
vt 0.2982 0.7857
vt 0.2982 0.7863
vt 0.3932 0.7863
vt 0.3932 0.7857
vt 0.7828 0.3827
vt 0.7816 0.3827
vt 0.7816 0.4777
vt 0.7828 0.4777
vt 0.1000 0.7985
vt 0.1000 0.7991
vt 0.0050 0.7991
vt 0.0050 0.7985
vt 0.1000 0.8004
vt 0.0050 0.8004
vt 0.3193 0.4763
vt 0.3206 0.4763
vt 0.3206 0.3813
vt 0.3193 0.3813
vt 0.2982 0.7844
vt 0.2982 0.7850
vt 0.3932 0.7850
vt 0.3932 0.7844
vt 0.3669 0.8726
vt 0.3669 0.8715
vt 0.2733 0.8715
vt 0.2733 0.8726
vt 0.3669 0.8704
vt 0.2733 0.8704
vt 0.8859 0.3827
vt 0.8871 0.3827
vt 0.8871 0.4763
vt 0.8859 0.4763
vt 0.7506 0.8768
vt 0.7506 0.8757
vt 0.8442 0.8757
vt 0.8442 0.8768
vt 0.7506 0.8746
vt 0.8442 0.8746
vt 0.8915 0.7616
vt 0.8921 0.7616
vt 0.8921 0.6680
vt 0.8915 0.6680
vt 0.8928 0.7616
vt 0.8928 0.6680
vt 0.8928 0.5744
vt 0.8921 0.5744
vt 0.1798 0.8715
vt 0.1798 0.8726
vt 0.1798 0.8704
vt 0.8871 0.5699
vt 0.8859 0.5699
vt 0.9377 0.8757
vt 0.9377 0.8768
vt 0.9377 0.8746
vt 0.8915 0.5744
vn 0.0000 -0.5000 0.8660
vn 0.0000 0.5000 0.8660
vn 0.0000 1.0000 0.0000
vn 0.0000 0.5000 -0.8660
vn 0.0000 -0.5000 -0.8660
vn 0.0000 -1.0000 0.0000
vn 0.2564 0.9666 0.0000
vn 0.2378 0.8923 0.3836
vn 0.1182 0.9157 0.3842
vn 0.1282 0.9917 0.0000
vn 0.3838 0.9234 0.0000
vn 0.3541 0.8529 0.3835
vn 0.4996 0.8663 0.0000
vn 0.4620 0.7998 0.3833
vn 0.6083 0.7937 0.0000
vn 0.5622 0.7329 0.3831
vn 0.7090 0.7052 0.0000
vn 0.6534 0.6528 0.3833
vn 0.7935 0.6085 0.0000
vn 0.7330 0.5619 0.3834
vn 0.8656 0.5007 0.0000
vn 0.7997 0.4621 0.3834
vn 0.9237 0.3830 0.0000
vn 0.8531 0.3537 0.3835
vn 0.9660 0.2586 0.0000
vn 0.8922 0.2387 0.3834
vn 0.9915 0.1303 0.0000
vn 0.9157 0.1203 0.3834
vn 0.9995 0.0326 0.0000
vn 0.9233 0.0303 0.3828
vn 0.9995 -0.0326 0.0000
vn 0.9233 -0.0302 0.3828
vn 0.9915 -0.1303 0.0000
vn 0.9157 -0.1206 0.3833
vn 0.9660 -0.2586 0.0000
vn 0.8921 -0.2390 0.3834
vn 0.9237 -0.3830 0.0000
vn 0.8531 -0.3537 0.3835
vn 0.8656 -0.5007 0.0000
vn 0.7996 -0.4623 0.3833
vn 0.7935 -0.6085 0.0000
vn 0.7327 -0.5622 0.3834
vn 0.7090 -0.7052 0.0000
vn 0.6534 -0.6528 0.3833
vn 0.6083 -0.7937 0.0000
vn 0.5622 -0.7329 0.3831
vn 0.4996 -0.8663 0.0000
vn 0.4620 -0.7998 0.3833
vn 0.3838 -0.9234 0.0000
vn 0.3546 -0.8530 0.3830
vn 0.2564 -0.9666 0.0000
vn 0.2387 -0.8921 0.3836
vn 0.1282 -0.9917 0.0000
vn 0.1183 -0.9161 0.3831
vn 0.0319 -0.9995 0.0000
vn 0.0299 -0.9234 0.3827
vn -0.0319 -0.9995 0.0000
vn -0.0299 -0.9234 0.3827
vn -0.1282 -0.9917 0.0000
vn -0.1183 -0.9161 0.3831
vn -0.2564 -0.9666 0.0000
vn -0.2387 -0.8921 0.3836
vn -0.3838 -0.9234 0.0000
vn -0.3541 -0.8529 0.3836
vn -0.4996 -0.8663 0.0000
vn -0.4620 -0.7998 0.3833
vn -0.6083 -0.7937 0.0000
vn -0.5620 -0.7331 0.3832
vn -0.7090 -0.7052 0.0000
vn -0.6534 -0.6528 0.3833
vn -0.7935 -0.6085 0.0000
vn -0.7327 -0.5622 0.3835
vn -0.8656 -0.5007 0.0000
vn -0.7997 -0.4621 0.3834
vn -0.9237 -0.3830 0.0000
vn -0.8531 -0.3537 0.3835
vn -0.9660 -0.2586 0.0000
vn -0.8921 -0.2390 0.3834
vn -0.9915 -0.1303 0.0000
vn -0.9157 -0.1203 0.3834
vn -0.9995 -0.0326 0.0000
vn -0.9233 -0.0302 0.3828
vn -0.9995 0.0326 0.0000
vn -0.9233 0.0301 0.3829
vn -0.9915 0.1303 0.0000
vn -0.9157 0.1203 0.3833
vn -0.9660 0.2586 0.0000
vn -0.8922 0.2387 0.3835
vn -0.9237 0.3830 0.0000
vn -0.8531 0.3537 0.3835
vn -0.8656 0.5007 0.0000
vn -0.7996 0.4623 0.3833
vn -0.7935 0.6085 0.0000
vn -0.7330 0.5619 0.3834
vn -0.7090 0.7052 0.0000
vn -0.6534 0.6528 0.3833
vn -0.6083 0.7937 0.0000
vn -0.5622 0.7329 0.3831
vn -0.4996 0.8663 0.0000
vn -0.4614 0.8002 0.3830
vn -0.3838 0.9234 0.0000
vn -0.3541 0.8530 0.3835
vn -0.2564 0.9666 0.0000
vn -0.2378 0.8923 0.3836
vn -0.1282 0.9917 0.0000
vn -0.1193 0.9158 0.3836
vn -0.0319 0.9995 0.0000
vn -0.0302 0.9233 0.3829
vn 0.0319 0.9995 0.0000
vn 0.0302 0.9233 0.3829
vn 0.0493 0.3785 0.9243
vn 0.0122 0.3823 0.9240
vn -0.0493 -0.3786 0.9243
vn -0.0124 -0.3823 0.9240
vn -0.1204 -0.9153 0.3843
vn -0.0287 -0.9232 0.3832
vn -0.0987 -0.3687 0.9243
vn 0.0992 0.3686 0.9243
vn 0.1464 0.3527 0.9242
vn -0.1464 -0.3527 0.9242
vn -0.1910 -0.3309 0.9241
vn 0.1910 0.3309 0.9241
vn 0.2326 0.3033 0.9241
vn -0.2327 -0.3033 0.9240
vn -0.5625 -0.7327 0.3831
vn -0.2702 -0.2701 0.9241
vn 0.2702 0.2701 0.9241
vn 0.3032 0.2323 0.9242
vn -0.3030 -0.2325 0.9242
vn -0.7327 -0.5622 0.3834
vn -0.3308 -0.1910 0.9242
vn 0.3308 0.1910 0.9242
vn 0.3528 0.1462 0.9242
vn -0.3528 -0.1462 0.9242
vn -0.8532 -0.3537 0.3834
vn -0.3689 -0.0990 0.9242
vn 0.3690 0.0990 0.9242
vn 0.3788 0.0498 0.9242
vn -0.3788 -0.0499 0.9242
vn -0.9157 -0.1208 0.3833
vn -0.3823 -0.0125 0.9240
vn 0.3823 0.0124 0.9240
vn 0.3823 -0.0125 0.9239
vn -0.3824 0.0126 0.9239
vn -0.9233 0.0305 0.3828
vn -0.3788 0.0498 0.9242
vn -0.9157 0.1203 0.3834
vn 0.3788 -0.0499 0.9242
vn 0.3689 -0.0990 0.9242
vn -0.3689 0.0987 0.9242
vn 0.3528 -0.1462 0.9242
vn -0.3528 0.1463 0.9242
vn 0.3308 -0.1910 0.9242
vn -0.3308 0.1910 0.9242
vn 0.3032 -0.2323 0.9242
vn -0.3030 0.2325 0.9242
vn 0.2702 -0.2701 0.9241
vn -0.2702 0.2701 0.9241
vn 0.2326 -0.3033 0.9241
vn -0.2328 0.3032 0.9241
vn 0.1909 -0.3309 0.9241
vn -0.1910 0.3309 0.9241
vn 0.1464 -0.3527 0.9242
vn -0.1464 0.3527 0.9242
vn 0.0987 -0.3687 0.9243
vn -0.0988 0.3687 0.9243
vn 0.0493 -0.3786 0.9243
vn -0.0493 0.3785 0.9243
vn 0.0124 -0.3822 0.9240
vn -0.0129 0.3825 0.9239
vn -0.0124 -0.3822 0.9240
vn -0.0493 -0.3785 0.9243
vn 0.0985 0.3688 0.9243
vn -0.1909 -0.3309 0.9241
vn -0.2327 -0.3033 0.9241
vn 0.2328 0.3032 0.9241
vn 0.3028 0.2327 0.9242
vn 0.3689 0.0987 0.9242
vn -0.3823 -0.0125 0.9239
vn 0.3824 0.0126 0.9239
vn -0.3823 0.0124 0.9240
vn 0.3787 -0.0499 0.9242
vn -0.3690 0.0990 0.9242
vn -0.3528 0.1462 0.9242
vn 0.8532 -0.3537 0.3834
vn 0.7998 -0.4618 0.3835
vn 0.3029 -0.2327 0.9242
vn -0.2326 0.3033 0.9240
vn 0.2328 -0.3032 0.9240
vn 0.1910 -0.3309 0.9241
vn 0.3536 -0.8529 0.3841
vn -0.0989 0.3687 0.9243
vn 0.1204 -0.9153 0.3843
vn 0.0287 -0.9232 0.3832
vn -0.0115 0.3820 0.9241
vn 0.0287 -0.9232 -0.3832
vn -0.0287 -0.9232 -0.3832
vn 0.1204 -0.9153 -0.3843
vn 0.2387 -0.8921 -0.3836
vn 0.3541 -0.8529 -0.3836
vn 0.4626 -0.7993 -0.3836
vn 0.5625 -0.7327 -0.3830
vn 0.6534 -0.6528 -0.3833
vn 0.7327 -0.5622 -0.3834
vn 0.7997 -0.4621 -0.3834
vn 0.8532 -0.3537 -0.3834
vn 0.8921 -0.2390 -0.3834
vn 0.9157 -0.1205 -0.3833
vn 0.9233 -0.0302 -0.3828
vn 0.9233 0.0305 -0.3828
vn 0.9158 0.1203 -0.3833
vn 0.9158 0.1203 0.3833
vn 0.8922 0.2387 -0.3835
vn 0.8922 0.2387 0.3835
vn 0.8532 0.3537 -0.3834
vn 0.7997 0.4621 -0.3833
vn 0.7997 0.4621 0.3833
vn 0.7325 0.5626 -0.3834
vn 0.7325 0.5626 0.3834
vn 0.6534 0.6528 -0.3833
vn 0.5625 0.7327 -0.3831
vn 0.4626 0.7993 -0.3836
vn 0.3541 0.8529 -0.3836
vn 0.3541 0.8530 0.3835
vn 0.2378 0.8923 -0.3837
vn 0.2378 0.8923 0.3837
vn 0.1193 0.9158 -0.3836
vn 0.1205 0.9159 0.3830
vn 0.0302 0.9233 -0.3829
vn -0.0302 0.9233 -0.3829
vn -0.1205 0.9159 -0.3830
vn -0.0122 0.3823 -0.9240
vn -0.0493 0.3785 -0.9243
vn 0.0122 0.3823 -0.9240
vn 0.0493 0.3785 -0.9243
vn 0.0988 0.3687 -0.9243
vn 0.1464 0.3527 -0.9242
vn 0.1910 0.3309 -0.9241
vn 0.2328 0.3033 -0.9240
vn 0.2702 0.2701 -0.9241
vn 0.3030 0.2325 -0.9242
vn 0.3308 0.1910 -0.9242
vn 0.3528 0.1462 -0.9242
vn 0.3689 0.0987 -0.9242
vn 0.3788 0.0498 -0.9242
vn 0.3824 0.0126 -0.9239
vn 0.3823 -0.0125 -0.9239
vn 0.3788 -0.0500 -0.9241
vn 0.3689 -0.0990 -0.9242
vn 0.3528 -0.1462 -0.9242
vn 0.3308 -0.1910 -0.9242
vn 0.3030 -0.2325 -0.9242
vn 0.2702 -0.2701 -0.9241
vn 0.2327 -0.3033 -0.9241
vn 0.1910 -0.3309 -0.9241
vn 0.1464 -0.3526 -0.9242
vn 0.0987 -0.3687 -0.9243
vn 0.0493 -0.3786 -0.9243
vn 0.0124 -0.3823 -0.9240
vn -0.0124 -0.3823 -0.9240
vn -0.1204 -0.9153 -0.3843
vn -0.0493 -0.3786 -0.9243
vn -0.2387 -0.8921 -0.3837
vn -0.3541 -0.8529 -0.3836
vn -0.4626 -0.7993 -0.3836
vn -0.5625 -0.7327 -0.3830
vn -0.6534 -0.6528 -0.3833
vn -0.7325 -0.5626 -0.3834
vn -0.7998 -0.4618 -0.3835
vn -0.8532 -0.3537 -0.3834
vn -0.8921 -0.2390 -0.3834
vn -0.9157 -0.1205 -0.3834
vn -0.9233 -0.0302 -0.3828
vn -0.9233 0.0303 -0.3828
vn -0.9158 0.1203 -0.3833
vn -0.8922 0.2387 -0.3835
vn -0.7998 0.4618 0.3835
vn -0.7325 0.5626 0.3834
vn -0.4626 0.7993 0.3836
vn -0.2378 0.8923 0.3837
vn -0.2378 0.8923 -0.3836
vn -0.3541 0.8529 -0.3836
vn -0.0989 0.3687 -0.9243
vn -0.1464 0.3527 -0.9242
vn 0.0493 -0.3785 -0.9243
vn 0.1183 -0.9161 -0.3831
vn 0.0124 -0.3822 -0.9240
vn 0.0299 -0.9234 -0.3827
vn -0.0124 -0.3822 -0.9240
vn -0.1183 -0.9161 -0.3830
vn -0.0299 -0.9234 -0.3827
vn -0.0987 -0.3687 -0.9243
vn -0.2387 -0.8921 -0.3836
vn -0.1464 -0.3527 -0.9242
vn -0.1908 -0.3310 -0.9241
vn -0.4614 -0.8003 -0.3830
vn -0.2326 -0.3033 -0.9241
vn -0.5620 -0.7331 -0.3832
vn -0.2702 -0.2701 -0.9241
vn -0.3032 -0.2323 -0.9242
vn -0.7330 -0.5619 -0.3834
vn -0.3309 -0.1911 -0.9241
vn -0.7996 -0.4623 -0.3833
vn -0.3528 -0.1462 -0.9242
vn -0.8531 -0.3537 -0.3835
vn -0.3690 -0.0990 -0.9242
vn -0.3788 -0.0499 -0.9242
vn -0.9157 -0.1206 -0.3833
vn -0.3824 -0.0124 -0.9239
vn -0.3823 0.0124 -0.9240
vn -0.3788 0.0498 -0.9242
vn -0.3690 0.0990 -0.9242
vn -0.3528 0.1462 -0.9242
vn -0.3309 0.1912 -0.9241
vn -0.3030 0.2325 -0.9242
vn -0.2702 0.2701 -0.9241
vn -0.2326 0.3033 -0.9241
vn -0.1910 0.3309 -0.9241
vn 0.0989 0.3687 -0.9243
vn -0.1464 -0.3526 -0.9242
vn -0.1910 -0.3309 -0.9241
vn -0.2328 -0.3032 -0.9241
vn -0.3029 -0.2327 -0.9242
vn -0.3308 -0.1908 -0.9242
vn -0.3688 -0.0990 -0.9242
vn -0.3787 -0.0499 -0.9242
vn -0.3823 -0.0125 -0.9239
vn -0.3824 0.0126 -0.9239
vn -0.3689 0.0987 -0.9242
vn -0.8532 0.3537 -0.3834
vn -0.3528 0.1463 -0.9242
vn -0.7997 0.4621 -0.3833
vn -0.7325 0.5626 -0.3834
vn -0.6534 0.6528 -0.3833
vn -0.5625 0.7327 -0.3831
vn -0.4620 0.7998 -0.3833
vn 0.1464 -0.3527 -0.9242
vn 0.1909 -0.3309 -0.9241
vn 0.4614 -0.8003 -0.3830
vn 0.5620 -0.7331 -0.3832
vn 0.7327 -0.5622 -0.3835
vn 0.8531 -0.3537 -0.3835
vn 0.9157 -0.1206 -0.3833
vn 0.9233 0.0301 -0.3829
vn 0.9157 0.1203 -0.3834
vn 0.8531 0.3537 -0.3835
vn 0.7997 0.4621 -0.3834
vn 0.7330 0.5619 -0.3834
vn 0.5620 0.7331 -0.3831
vn 0.4614 0.8002 -0.3830
vn 0.3541 0.8530 -0.3835
vn 0.2378 0.8923 -0.3836
vn -0.1182 0.9157 -0.3842
vn -0.3541 0.8529 -0.3835
vn -0.5620 0.7331 -0.3832
vn -0.7330 0.5619 -0.3834
vn -0.7997 0.4621 -0.3834
vn -0.8531 0.3537 -0.3835
vn -0.9157 0.1203 -0.3834
vn 0.2326 0.3033 -0.9240
vn 0.3690 0.0990 -0.9242
vn 0.3823 0.0124 -0.9240
vn 0.3787 -0.0497 -0.9242
vn -0.3308 0.1908 -0.9242
vn -0.2328 0.3033 -0.9240
vn -1.0000 0.0000 0.0000
vn 1.0000 0.0000 0.0000
vn 0.0000 0.0000 -1.0000
vn 0.0000 -0.0000 1.0000
vn -0.8660 0.0000 -0.5000
vn -0.0001 0.0000 -1.0000
vn 0.8660 0.0000 -0.5000
vn 0.8660 -0.0000 0.5000
vn -0.0001 -0.0000 1.0000
vn -0.8660 -0.0000 0.5000
vn 0.8660 -0.5000 -0.0000
vn 0.8660 0.5000 0.0000
vn -0.8660 0.5000 0.0000
vn -0.8660 -0.5000 -0.0000
vn 0.4765 0.7388 -0.4765
vn 0.4765 0.7388 0.4765
vn 0.7388 0.4765 0.4765
vn 0.7388 0.4765 -0.4765
vn 0.4765 0.4765 0.7388
vn -0.4765 0.7388 0.4765
vn -0.4765 0.4765 0.7388
vn -0.7388 0.4765 0.4765
vn -0.4765 0.7388 -0.4765
vn -0.7388 0.4765 -0.4765
vn -0.4765 0.4765 -0.7388
vn 0.4765 0.4765 -0.7388
vn 0.7388 -0.4765 -0.4765
vn 0.4765 -0.4765 -0.7388
vn 0.4765 -0.7388 -0.4765
vn 0.4765 -0.7388 0.4765
vn 0.7388 -0.4765 0.4765
vn -0.4765 -0.7388 -0.4765
vn -0.4765 -0.4765 -0.7388
vn -0.7388 -0.4765 -0.4765
vn -0.4765 -0.7388 0.4765
vn -0.7388 -0.4765 0.4765
vn -0.4765 -0.4765 0.7388
vn 0.4765 -0.4765 0.7388
vn -0.5000 -0.0000 0.8660
vn -0.5000 0.0000 -0.8660
vn 0.5000 0.0000 -0.8660
vn 0.5000 -0.0000 0.8660
vn 0.0001 1.0000 0.0000
vn 0.0001 -1.0000 -0.0000
vn -0.8661 -0.4998 -0.0000
vn -0.0001 -1.0000 -0.0000
vn 0.8661 -0.4999 -0.0000
vn 0.8661 0.4999 0.0000
vn -0.0001 1.0000 0.0000
vn -0.8661 0.4998 0.0000
vn 0.2357 0.9428 -0.2357
vn 0.2357 0.9428 0.2357
vn -0.2357 0.9428 0.2357
vn -0.2357 0.9428 -0.2357
vn 0.8661 0.4998 0.0000
vn -0.8661 0.4999 0.0000
vn -0.8661 -0.4999 -0.0000
vn 0.8661 -0.4998 -0.0000
vn -0.8661 0.0000 -0.4999
vn -0.8661 -0.0000 0.4999
vn 0.4765 0.4765 0.7389
vn -0.4765 0.4765 -0.7389
vn 0.4765 0.4765 -0.7389
vn -0.4765 0.4765 0.7389
vn -0.3706 0.8517 0.3706
vn 0.3706 0.8517 0.3706
vn 0.3938 0.6293 0.6700
vn -0.3938 0.6293 0.6700
vn 0.6700 0.6293 0.3939
vn 0.3706 0.8517 -0.3706
vn 0.6700 0.6293 -0.3939
vn 0.3938 0.6293 -0.6700
vn -0.3706 0.8517 -0.3706
vn -0.3938 0.6293 -0.6700
vn -0.6700 0.6293 -0.3939
vn -0.6700 0.6293 0.3939
vn 0.0000 0.8644 0.5029
vn 0.0000 0.8644 -0.5029
vn 0.0000 -0.8644 -0.5029
vn 0.0000 -0.8644 0.5029
usemtl FrontColor
s 1
f 1/1/1 2/2/2 3/3/2 4/4/1
f 2/5/2 5/6/3 6/7/3 3/8/2
f 5/9/3 7/10/4 8/11/4 6/12/3
f 7/10/4 9/13/5 10/14/5 8/11/4
f 9/15/5 11/16/6 12/17/6 10/18/5
f 11/19/6 1/1/1 4/4/1 12/20/6
s 2
f 13/21/7 14/22/8 15/23/9 16/24/10
f 17/25/11 18/26/12 14/22/8 13/21/7
f 19/27/13 20/28/14 18/26/12 17/25/11
f 21/29/15 22/30/16 20/28/14 19/27/13
f 23/31/17 24/32/18 22/30/16 21/29/15
f 25/33/19 26/34/20 24/35/18 23/36/17
f 27/37/21 28/38/22 26/34/20 25/33/19
f 29/39/23 30/40/24 28/38/22 27/37/21
f 31/41/25 32/42/26 30/40/24 29/39/23
f 33/43/27 34/44/28 32/42/26 31/41/25
f 35/45/29 36/46/30 34/44/28 33/43/27
f 37/47/31 38/48/32 36/46/30 35/45/29
f 39/49/33 40/50/34 38/48/32 37/47/31
f 41/51/35 42/52/36 40/50/34 39/49/33
f 43/53/37 44/54/38 42/52/36 41/51/35
f 45/55/39 46/56/40 44/54/38 43/53/37
f 47/57/41 48/58/42 46/56/40 45/55/39
f 49/59/43 50/60/44 48/58/42 47/57/41
f 51/61/45 52/62/46 50/63/44 49/64/43
f 53/65/47 54/66/48 52/62/46 51/61/45
f 55/67/49 56/68/50 54/66/48 53/65/47
f 57/69/51 58/70/52 56/68/50 55/67/49
f 59/71/53 60/72/54 58/70/52 57/69/51
f 61/73/55 62/74/56 60/72/54 59/71/53
f 63/75/57 64/76/58 62/74/56 61/73/55
f 65/77/59 66/78/60 64/76/58 63/75/57
f 67/79/61 68/80/62 66/78/60 65/77/59
f 69/81/63 70/82/64 68/80/62 67/79/61
f 71/83/65 72/84/66 70/82/64 69/81/63
f 73/85/67 74/86/68 72/84/66 71/83/65
f 75/87/69 76/88/70 74/86/68 73/85/67
f 77/89/71 78/90/72 76/91/70 75/92/69
f 79/93/73 80/94/74 78/90/72 77/89/71
f 81/95/75 82/96/76 80/94/74 79/93/73
f 83/97/77 84/98/78 82/96/76 81/95/75
f 85/99/79 86/100/80 84/98/78 83/97/77
f 87/101/81 88/102/82 86/100/80 85/99/79
f 89/103/83 90/104/84 88/102/82 87/101/81
f 91/105/85 92/106/86 90/104/84 89/103/83
f 93/107/87 94/108/88 92/106/86 91/105/85
f 95/109/89 96/110/90 94/108/88 93/107/87
f 97/111/91 98/112/92 96/110/90 95/109/89
f 99/113/93 100/114/94 98/112/92 97/111/91
f 101/115/95 102/116/96 100/114/94 99/113/93
f 103/117/97 104/118/98 102/119/96 101/120/95
f 105/121/99 106/122/100 104/118/98 103/117/97
f 107/123/101 108/124/102 106/122/100 105/121/99
f 109/125/103 110/126/104 108/124/102 107/123/101
f 111/127/105 112/128/106 110/126/104 109/125/103
f 113/129/107 114/130/108 112/128/106 111/127/105
f 115/131/109 116/132/110 114/130/108 113/129/107
f 16/24/10 15/23/9 116/132/110 115/131/109
f 117/133/111 118/134/112 116/135/110 15/136/9
f 119/137/113 120/138/114 118/134/112 117/133/111
f 120/138/114 119/137/113 121/139/115 122/140/116
f 119/137/113 123/141/117 124/142/62 121/139/115
f 123/141/117 119/137/113 117/133/111 125/143/118
f 125/143/118 117/133/111 15/136/9 14/144/8
f 126/145/119 125/143/118 14/144/8 18/146/12
f 127/147/120 123/141/117 125/143/118 126/145/119
f 123/141/117 127/147/120 128/148/64 124/142/62
f 127/147/120 129/149/121 130/150/66 128/148/64
f 129/149/121 127/147/120 126/145/119 131/151/122
f 131/151/122 126/145/119 18/146/12 20/152/14
f 132/153/123 131/151/122 20/152/14 22/154/16
f 133/155/124 129/149/121 131/151/122 132/153/123
f 129/149/121 133/155/124 134/156/125 130/150/66
f 133/155/124 135/157/126 136/158/70 134/156/125
f 135/157/126 133/155/124 132/153/123 137/159/127
f 137/159/127 132/153/123 22/154/16 24/160/18
f 138/161/128 137/159/127 24/160/18 26/162/20
f 139/163/129 135/157/126 137/159/127 138/161/128
f 135/157/126 139/163/129 140/164/130 136/158/70
f 139/163/129 141/165/131 142/166/74 140/164/130
f 141/165/131 139/163/129 138/161/128 143/167/132
f 143/167/132 138/161/128 26/162/20 28/168/22
f 144/169/133 143/167/132 28/168/22 30/170/24
f 145/171/134 141/165/131 143/167/132 144/169/133
f 141/165/131 145/171/134 146/172/135 142/166/74
f 145/171/134 147/173/136 148/174/78 146/172/135
f 147/173/136 145/171/134 144/169/133 149/175/137
f 149/175/137 144/169/133 30/170/24 32/176/26
f 150/177/138 149/175/137 32/176/26 34/178/28
f 151/179/139 147/173/136 149/175/137 150/177/138
f 147/173/136 151/179/139 152/180/140 148/174/78
f 151/179/139 153/181/141 154/182/82 152/180/140
f 153/181/141 151/179/139 150/177/138 155/183/142
f 155/183/142 150/177/138 34/178/28 36/184/30
f 156/185/143 155/183/142 36/184/30 38/186/32
f 157/187/144 153/181/141 155/183/142 156/185/143
f 153/181/141 157/187/144 158/188/145 154/182/82
f 157/187/144 159/189/146 160/190/147 158/188/145
f 156/185/143 161/191/148 159/189/146 157/187/144
f 161/191/148 156/185/143 38/186/32 40/192/34
f 162/193/149 161/191/148 40/192/34 42/194/36
f 161/191/148 162/193/149 163/195/150 159/189/146
f 162/193/149 164/196/151 165/197/152 163/195/150
f 164/196/151 162/193/149 42/194/36 44/198/38
f 166/199/153 164/196/151 44/198/38 46/200/40
f 164/196/151 166/199/153 167/201/154 165/197/152
f 166/199/153 168/202/155 169/203/156 167/201/154
f 168/202/155 166/199/153 46/200/40 48/204/42
f 170/205/157 168/202/155 48/204/42 50/206/44
f 168/202/155 170/205/157 171/207/158 169/203/156
f 170/205/157 172/208/159 173/209/160 171/207/158
f 172/208/159 170/205/157 50/206/44 52/210/46
f 174/211/161 172/208/159 52/210/46 54/212/48
f 172/208/159 174/211/161 175/213/162 173/209/160
f 174/211/161 176/214/163 177/215/164 175/213/162
f 176/214/163 174/211/161 54/212/48 56/216/50
f 178/217/165 176/214/163 56/216/50 58/218/52
f 176/214/163 178/217/165 179/219/166 177/215/164
f 178/217/165 180/220/167 181/221/168 179/219/166
f 180/220/167 178/217/165 58/218/52 60/222/54
f 182/223/169 180/220/167 60/222/54 62/224/56
f 180/220/167 182/223/169 183/225/170 181/221/168
f 182/223/169 184/226/171 185/227/112 183/225/170
f 184/226/171 182/223/169 62/224/56 64/228/58
f 186/229/172 184/226/171 64/228/58 66/230/60
f 184/226/171 186/229/172 187/231/111 185/227/112
f 186/229/172 188/232/117 189/233/173 187/231/111
f 188/232/117 186/229/172 66/230/60 68/234/62
f 190/235/120 188/232/117 68/234/62 70/236/64
f 188/232/117 190/235/120 191/237/119 189/233/173
f 190/235/120 192/238/174 193/239/122 191/237/119
f 192/238/174 190/235/120 70/236/64 72/240/66
f 194/241/175 192/238/174 72/240/66 74/242/68
f 192/238/174 194/241/175 195/243/176 193/239/122
f 194/241/175 196/244/126 197/245/127 195/243/176
f 196/244/126 194/241/175 74/242/68 76/246/70
f 198/247/129 196/244/126 76/246/70 78/248/72
f 196/244/126 198/247/129 199/249/177 197/245/127
f 198/247/129 200/250/131 201/251/132 199/249/177
f 200/250/131 198/247/129 78/248/72 80/252/74
f 202/253/134 200/250/131 80/252/74 82/254/76
f 200/250/131 202/253/134 203/255/133 201/251/132
f 202/253/134 204/256/136 205/257/178 203/255/133
f 204/256/136 202/253/134 82/254/76 84/258/78
f 206/259/139 204/256/136 84/258/78 86/260/80
f 204/256/136 206/259/139 207/261/138 205/257/178
f 206/259/139 208/262/179 209/263/180 207/261/138
f 208/262/179 206/259/139 86/260/80 88/264/82
f 210/265/181 208/262/179 88/264/82 90/266/84
f 208/262/179 210/265/181 211/267/143 209/263/180
f 212/268/182 211/267/143 210/265/181 213/269/146
f 211/267/143 212/268/182 214/270/34 215/271/32
f 212/268/182 216/272/149 217/273/36 214/270/34
f 216/272/149 212/268/182 213/269/146 218/274/183
f 218/274/183 213/269/146 92/275/86 94/276/88
f 213/269/146 210/265/181 90/266/84 92/275/86
f 219/277/184 218/274/183 94/276/88 96/278/90
f 220/279/151 216/272/149 218/274/183 219/277/184
f 216/272/149 220/279/151 221/280/185 217/273/36
f 220/279/151 222/281/153 223/282/186 221/280/185
f 222/281/153 220/279/151 219/277/184 224/283/154
f 224/283/154 219/277/184 96/278/90 98/284/92
f 225/285/156 224/283/154 98/284/92 100/286/94
f 226/287/187 222/281/153 224/283/154 225/285/156
f 222/281/153 226/287/187 227/288/42 223/282/186
f 226/287/187 228/289/157 229/290/44 227/288/42
f 228/289/157 226/287/187 225/285/156 230/291/158
f 230/291/158 225/285/156 100/286/94 102/292/96
f 231/293/188 230/291/158 102/292/96 104/294/98
f 232/295/189 228/289/157 230/291/158 231/293/188
f 228/289/157 232/295/189 233/296/46 229/290/44
f 232/295/189 234/297/190 235/298/48 233/296/46
f 234/297/190 232/295/189 231/293/188 236/299/162
f 236/299/162 231/293/188 104/294/98 106/300/100
f 237/301/164 236/299/162 106/300/100 108/302/102
f 238/303/163 234/297/190 236/299/162 237/301/164
f 234/297/190 238/303/163 239/304/191 235/298/48
f 238/303/163 240/305/165 241/306/52 239/304/191
f 240/305/165 238/303/163 237/301/164 242/307/192
f 242/307/192 237/301/164 108/302/102 110/308/104
f 243/309/168 242/307/192 110/308/104 112/310/106
f 244/311/167 240/305/165 242/307/192 243/309/168
f 240/305/165 244/311/167 245/312/193 241/306/52
f 244/311/167 246/313/169 247/314/194 245/312/193
f 246/313/169 244/311/167 243/309/168 248/315/195
f 248/315/195 243/309/168 112/310/106 114/316/108
f 118/134/112 248/315/195 114/316/108 116/135/110
f 120/138/114 246/313/169 248/315/195 118/134/112
f 246/313/169 120/138/114 122/140/116 247/314/194
f 249/317/196 247/318/194 122/319/116 250/320/197
f 251/321/198 245/322/193 247/318/194 249/317/196
f 252/323/199 241/324/52 245/322/193 251/321/198
f 253/325/200 239/326/191 241/324/52 252/323/199
f 254/327/201 235/328/48 239/326/191 253/325/200
f 255/329/202 233/330/46 235/328/48 254/327/201
f 256/331/203 229/332/44 233/330/46 255/329/202
f 257/333/204 227/334/42 229/335/44 256/336/203
f 258/337/205 223/338/186 227/334/42 257/333/204
f 259/339/206 221/340/185 223/338/186 258/337/205
f 260/341/207 217/342/36 221/340/185 259/339/206
f 261/343/208 214/344/34 217/342/36 260/341/207
f 262/345/209 215/346/32 214/344/34 261/343/208
f 263/347/210 264/348/30 215/346/32 262/345/209
f 265/349/211 266/350/212 264/348/30 263/347/210
f 267/351/213 268/352/214 266/350/212 265/349/211
f 269/353/215 270/354/24 268/352/214 267/351/213
f 271/355/216 272/356/217 270/354/24 269/353/215
f 273/357/218 274/358/219 272/356/217 271/355/216
f 275/359/220 276/360/18 274/358/219 273/357/218
f 277/361/221 278/362/16 276/363/18 275/364/220
f 279/365/222 280/366/14 278/362/16 277/361/221
f 281/367/223 282/368/224 280/366/14 279/365/222
f 283/369/225 284/370/226 282/368/224 281/367/223
f 285/371/227 286/372/228 284/370/226 283/369/225
f 287/373/229 288/374/110 286/372/228 285/371/227
f 289/375/230 290/376/108 288/374/110 287/373/229
f 290/376/108 289/375/230 291/377/231 292/378/106
f 291/379/231 289/380/230 293/381/232 294/382/233
f 289/380/230 287/383/229 295/384/234 293/381/232
f 287/383/229 285/385/227 296/386/235 295/384/234
f 285/385/227 283/387/225 297/388/236 296/386/235
f 283/387/225 281/389/223 298/390/237 297/388/236
f 281/389/223 279/391/222 299/392/238 298/390/237
f 279/391/222 277/393/221 300/394/239 299/392/238
f 277/393/221 275/395/220 301/396/240 300/394/239
f 275/395/220 273/397/218 302/398/241 301/396/240
f 273/397/218 271/399/216 303/400/242 302/398/241
f 271/399/216 269/401/215 304/402/243 303/400/242
f 269/401/215 267/403/213 305/404/244 304/402/243
f 267/403/213 265/405/211 306/406/245 305/404/244
f 265/405/211 263/407/210 307/408/246 306/406/245
f 263/407/210 262/409/209 308/410/247 307/408/246
f 262/409/209 261/411/208 309/412/248 308/410/247
f 261/411/208 260/413/207 310/414/249 309/412/248
f 260/413/207 259/415/206 311/416/250 310/414/249
f 259/415/206 258/417/205 312/418/251 311/416/250
f 258/417/205 257/419/204 313/420/252 312/418/251
f 257/419/204 256/421/203 314/422/253 313/420/252
f 256/421/203 255/423/202 315/424/254 314/422/253
f 255/423/202 254/425/201 316/426/255 315/424/254
f 254/425/201 253/427/200 317/428/256 316/426/255
f 253/427/200 252/429/199 318/430/257 317/428/256
f 252/429/199 251/431/198 319/432/258 318/430/257
f 251/431/198 249/433/196 320/434/259 319/432/258
f 249/433/196 250/435/197 321/436/260 320/434/259
f 250/435/197 322/437/261 323/438/262 321/436/260
f 250/320/197 122/319/116 121/439/115 322/440/261
f 322/440/261 121/439/115 124/441/62 324/442/263
f 324/442/263 124/441/62 128/443/64 325/444/264
f 325/444/264 128/443/64 130/445/66 326/446/265
f 326/446/265 130/445/66 134/447/125 327/448/266
f 327/448/266 134/447/125 136/449/70 328/450/267
f 328/451/267 136/452/70 140/453/130 329/454/268
f 329/454/268 140/453/130 142/455/74 330/456/269
f 330/456/269 142/455/74 146/457/135 331/458/270
f 331/458/270 146/457/135 148/459/78 332/460/271
f 332/460/271 148/459/78 152/461/140 333/462/272
f 333/462/272 152/461/140 154/463/82 334/464/273
f 334/464/273 154/463/82 158/465/145 335/466/274
f 335/466/274 158/465/145 160/467/147 336/468/275
f 336/468/275 160/467/147 337/469/88 338/470/276
f 159/189/146 163/195/150 337/471/88 160/190/147
f 163/195/150 165/197/152 339/472/90 337/471/88
f 165/197/152 167/201/154 340/473/277 339/472/90
f 167/201/154 169/203/156 341/474/278 340/473/277
f 169/203/156 171/207/158 342/475/96 341/474/278
f 171/207/158 173/209/160 343/476/98 342/475/96
f 173/209/160 175/213/162 344/477/279 343/476/98
f 175/213/162 177/215/164 345/478/102 344/477/279
f 177/215/164 179/219/166 346/479/280 345/478/102
f 179/219/166 181/221/168 292/480/106 346/479/280
f 181/221/168 183/225/170 290/481/108 292/480/106
f 183/225/170 185/227/112 288/482/110 290/481/108
f 185/227/112 187/231/111 286/483/228 288/482/110
f 187/231/111 189/233/173 284/484/226 286/483/228
f 189/233/173 191/237/119 282/485/224 284/484/226
f 191/237/119 193/239/122 280/486/14 282/485/224
f 193/239/122 195/243/176 278/487/16 280/486/14
f 195/243/176 197/245/127 276/488/18 278/487/16
f 197/245/127 199/249/177 274/489/219 276/488/18
f 199/249/177 201/251/132 272/490/217 274/489/219
f 201/251/132 203/255/133 270/491/24 272/490/217
f 203/255/133 205/257/178 268/492/214 270/491/24
f 205/257/178 207/261/138 266/493/212 268/492/214
f 207/261/138 209/263/180 264/494/30 266/493/212
f 209/263/180 211/267/143 215/271/32 264/494/30
f 347/495/281 346/496/280 292/378/106 291/377/231
f 346/496/280 347/495/281 348/497/282 345/498/102
f 348/499/282 347/500/281 349/501/283 350/502/284
f 347/500/281 291/379/231 294/382/233 349/501/283
f 351/503/285 352/504/257 349/501/283 294/382/233
f 352/504/257 351/503/285 353/505/286 354/506/199
f 351/503/285 355/507/287 356/508/288 353/505/286
f 355/507/287 351/503/285 294/382/233 293/381/232
f 293/381/232 295/384/234 357/509/289 355/507/287
f 358/510/262 357/509/289 295/384/234 296/386/235
f 357/509/289 358/510/262 359/511/290 360/512/291
f 358/510/262 361/513/292 362/514/293 359/511/290
f 361/513/292 358/510/262 296/386/235 297/388/236
f 363/515/294 361/513/292 297/388/236 298/390/237
f 361/513/292 363/515/294 364/516/264 362/514/293
f 363/515/294 365/517/295 366/518/296 364/516/264
f 365/517/295 363/515/294 298/390/237 299/392/238
f 367/519/297 365/517/295 299/392/238 300/394/239
f 365/517/295 367/519/297 368/520/298 366/518/296
f 367/519/297 369/521/299 370/522/267 368/520/298
f 369/521/299 367/519/297 300/394/239 301/396/240
f 371/523/300 369/521/299 301/396/240 302/398/241
f 369/521/299 371/523/300 372/524/301 370/522/267
f 371/523/300 373/525/302 374/526/303 372/524/301
f 373/525/302 371/523/300 302/398/241 303/400/242
f 375/527/304 373/525/302 303/400/242 304/402/243
f 373/525/302 375/527/304 376/528/305 374/526/303
f 375/527/304 377/529/306 378/530/271 376/528/305
f 377/529/306 375/527/304 304/402/243 305/404/244
f 379/531/307 377/529/306 305/404/244 306/406/245
f 377/529/306 379/531/307 380/532/308 378/530/271
f 379/531/307 381/533/309 382/534/273 380/532/308
f 381/533/309 379/531/307 306/406/245 307/408/246
f 307/408/246 308/410/247 383/535/310 381/533/309
f 308/410/247 309/412/248 384/536/311 383/535/310
f 309/412/248 310/414/249 385/537/312 384/536/311
f 310/414/249 311/416/250 386/538/313 385/537/312
f 311/416/250 312/418/251 387/539/314 386/538/313
f 312/418/251 313/420/252 388/540/315 387/539/314
f 313/420/252 314/422/253 389/541/316 388/540/315
f 314/422/253 315/424/254 390/542/317 389/541/316
f 315/424/254 316/426/255 391/543/318 390/542/317
f 316/426/255 317/428/256 392/544/284 391/543/318
f 317/428/256 318/430/257 393/545/283 392/544/284
f 318/430/257 319/432/258 394/546/233 393/545/283
f 319/432/258 320/434/259 395/547/232 394/546/233
f 396/548/234 395/547/232 320/434/259 321/436/260
f 395/547/232 396/548/234 397/549/229 398/550/230
f 396/548/234 399/551/235 400/552/227 397/549/229
f 321/436/260 323/438/262 399/551/235 396/548/234
f 323/438/262 401/553/292 402/554/319 399/551/235
f 322/437/261 324/555/263 401/553/292 323/438/262
f 324/555/263 325/556/264 403/557/320 401/553/292
f 325/556/264 326/558/265 404/559/321 403/557/320
f 326/558/265 327/560/266 405/561/322 404/559/321
f 327/560/266 328/562/267 406/563/299 405/561/322
f 328/562/267 329/564/268 407/565/323 406/563/299
f 329/564/268 330/566/269 408/567/324 407/565/323
f 330/566/269 331/568/270 409/569/304 408/567/324
f 331/568/270 332/570/271 410/571/325 409/569/304
f 332/570/271 333/572/272 411/573/326 410/571/325
f 333/572/272 334/574/273 412/575/327 411/573/326
f 334/574/273 335/576/274 413/577/328 412/575/327
f 335/576/274 336/578/275 414/579/311 413/577/328
f 336/578/275 338/580/276 415/581/329 414/579/311
f 338/580/276 416/582/330 417/583/331 415/581/329
f 338/470/276 337/469/88 339/584/90 416/585/330
f 340/586/277 418/587/332 416/585/330 339/584/90
f 418/587/332 340/586/277 341/588/278 419/589/333
f 342/590/96 420/591/334 419/589/333 341/588/278
f 343/592/98 421/593/335 420/594/334 342/595/96
f 344/596/279 422/597/336 421/593/335 343/592/98
f 345/498/102 348/497/282 422/597/336 344/596/279
f 422/598/336 348/499/282 350/502/284 423/599/318
f 424/600/337 425/601/338 423/599/318 350/502/284
f 425/601/338 424/600/337 426/602/200 427/603/339
f 424/600/337 352/504/257 354/506/199 426/602/200
f 352/504/257 424/600/337 350/502/284 349/501/283
f 428/604/49 426/605/200 354/606/199 429/607/51
f 430/608/47 427/609/339 426/605/200 428/604/49
f 431/610/45 432/611/340 427/609/339 430/608/47
f 433/612/43 434/613/203 432/611/340 431/610/45
f 435/614/41 436/615/341 434/616/203 433/617/43
f 437/618/39 438/619/205 436/615/341 435/614/41
f 439/620/37 440/621/342 438/619/205 437/618/39
f 441/622/35 442/623/207 440/621/342 439/620/37
f 443/624/33 444/625/343 442/623/207 441/622/35
f 445/626/31 446/627/209 444/625/343 443/624/33
f 447/628/29 448/629/344 446/627/209 445/626/31
f 449/630/27 450/631/345 448/629/344 447/628/29
f 451/632/25 452/633/213 450/631/345 449/630/27
f 453/634/23 454/635/346 452/633/213 451/632/25
f 455/636/21 456/637/347 454/635/346 453/634/23
f 457/638/19 458/639/348 456/637/347 455/636/21
f 459/640/17 460/641/220 458/639/348 457/638/19
f 461/642/15 462/643/349 460/644/220 459/645/17
f 463/646/13 464/647/350 462/643/349 461/642/15
f 465/648/11 466/649/351 464/647/350 463/646/13
f 467/650/7 468/651/352 466/649/351 465/648/11
f 469/652/10 400/653/227 468/651/352 467/650/7
f 470/654/109 397/655/229 400/653/227 469/652/10
f 471/656/107 398/657/230 397/655/229 470/654/109
f 472/658/105 473/659/353 398/657/230 471/656/107
f 474/660/103 475/661/281 473/659/353 472/658/105
f 476/662/101 477/663/354 475/661/281 474/660/103
f 478/664/99 479/665/336 477/663/354 476/662/101
f 480/666/97 481/667/355 479/665/336 478/664/99
f 482/668/95 483/669/334 481/667/355 480/666/97
f 484/670/93 485/671/356 483/672/334 482/673/95
f 486/674/91 487/675/357 485/671/356 484/670/93
f 488/676/89 489/677/358 487/675/357 486/674/91
f 490/678/87 491/679/276 489/677/358 488/676/89
f 492/680/85 493/681/359 491/679/276 490/678/87
f 494/682/83 495/683/274 493/681/359 492/680/85
f 496/684/81 382/685/273 495/683/274 494/682/83
f 497/686/79 380/687/308 382/685/273 496/684/81
f 498/688/77 378/689/271 380/687/308 497/686/79
f 499/690/75 376/691/305 378/689/271 498/688/77
f 500/692/73 374/693/303 376/691/305 499/690/75
f 501/694/71 372/695/301 374/693/303 500/692/73
f 502/696/69 370/697/267 372/695/301 501/694/71
f 503/698/67 368/699/298 370/700/267 502/701/69
f 504/702/65 366/703/296 368/699/298 503/698/67
f 505/704/63 364/705/264 366/703/296 504/702/65
f 506/706/61 362/707/293 364/705/264 505/704/63
f 507/708/59 359/709/290 362/707/293 506/706/61
f 508/710/57 360/711/291 359/709/290 507/708/59
f 509/712/55 356/713/288 360/711/291 508/710/57
f 510/714/53 353/715/286 356/713/288 509/712/55
f 429/607/51 354/606/199 353/715/286 510/714/53
f 355/507/287 357/509/289 360/512/291 356/508/288
f 381/533/309 383/535/310 495/716/274 382/534/273
f 383/535/310 384/536/311 493/717/359 495/716/274
f 384/536/311 385/537/312 491/718/276 493/717/359
f 385/537/312 386/538/313 489/719/358 491/718/276
f 386/538/313 387/539/314 487/720/357 489/719/358
f 387/539/314 388/540/315 485/721/356 487/720/357
f 388/540/315 389/541/316 483/722/334 485/721/356
f 389/541/316 390/542/317 481/723/355 483/722/334
f 390/542/317 391/543/318 479/724/336 481/723/355
f 391/543/318 392/544/284 477/725/354 479/724/336
f 392/544/284 393/545/283 475/726/281 477/725/354
f 393/545/283 394/546/233 473/727/353 475/726/281
f 394/546/233 395/547/232 398/550/230 473/727/353
f 399/551/235 402/554/319 468/728/352 400/552/227
f 402/554/319 511/729/237 466/730/351 468/728/352
f 401/553/292 403/557/320 511/729/237 402/554/319
f 403/557/320 404/559/321 512/731/238 511/729/237
f 404/559/321 405/561/322 513/732/360 512/731/238
f 405/561/322 406/563/299 514/733/240 513/732/360
f 406/563/299 407/565/323 515/734/241 514/733/240
f 407/565/323 408/567/324 516/735/242 515/734/241
f 408/567/324 409/569/304 517/736/243 516/735/242
f 409/569/304 410/571/325 518/737/361 517/736/243
f 410/571/325 411/573/326 519/738/245 518/737/361
f 411/573/326 412/575/327 520/739/362 519/738/245
f 521/740/247 520/739/362 412/575/327 413/577/328
f 520/739/362 521/740/247 446/741/209 448/742/344
f 521/740/247 522/743/363 444/744/343 446/741/209
f 522/743/363 521/740/247 413/577/328 414/579/311
f 523/745/249 522/743/363 414/579/311 415/581/329
f 522/743/363 523/745/249 442/746/207 444/744/343
f 523/745/249 524/747/250 440/748/342 442/746/207
f 524/747/250 523/745/249 415/581/329 417/583/331
f 525/749/251 524/747/250 417/583/331 526/750/364
f 524/747/250 525/749/251 438/751/205 440/748/342
f 525/749/251 527/752/252 436/753/341 438/751/205
f 527/752/252 525/749/251 526/750/364 528/754/315
f 418/755/332 419/756/333 528/754/315 526/750/364
f 419/756/333 420/757/334 529/758/316 528/754/315
f 420/757/334 421/759/335 530/760/365 529/758/316
f 421/759/335 422/598/336 423/599/318 530/760/365
f 425/601/338 531/761/254 530/760/365 423/599/318
f 531/761/254 425/601/338 427/603/339 432/762/340
f 532/763/253 531/761/254 432/762/340 434/764/203
f 531/761/254 532/763/253 529/758/316 530/760/365
f 532/763/253 527/752/252 528/754/315 529/758/316
f 527/752/252 532/763/253 434/764/203 436/753/341
f 416/582/330 418/755/332 526/750/364 417/583/331
f 519/738/245 520/739/362 448/742/344 450/765/345
f 518/737/361 519/738/245 450/765/345 452/766/213
f 517/736/243 518/737/361 452/766/213 454/767/346
f 516/735/242 517/736/243 454/767/346 456/768/347
f 515/734/241 516/735/242 456/768/347 458/769/348
f 514/733/240 515/734/241 458/769/348 460/770/220
f 513/732/360 514/733/240 460/770/220 462/771/349
f 512/731/238 513/732/360 462/771/349 464/772/350
f 511/729/237 512/731/238 464/772/350 466/730/351
s 3
f 533/773/366 534/774/366 535/775/366 536/776/366
s 4
f 537/777/3 538/778/3 534/779/3 533/780/3
s 5
f 539/781/367 540/782/367 538/783/367 537/784/367
s 6
f 535/785/6 540/786/6 539/787/6 536/788/6
s 7
f 534/789/368 538/790/368 540/791/368 535/792/368
s 8
f 537/793/369 533/794/369 536/795/369 539/796/369
s 9
f 541/797/366 542/798/370 543/799/370 544/800/366
f 542/801/370 545/802/371 546/803/371 543/804/370
f 545/805/371 547/806/372 548/807/372 546/808/371
f 547/806/372 549/809/373 550/810/373 548/807/372
f 549/811/373 551/812/374 552/813/374 550/814/373
f 551/815/374 553/816/375 554/817/375 552/818/374
f 553/816/375 541/797/366 544/800/366 554/817/375
s 10
f 555/819/376 556/820/377 557/821/377 558/822/376
f 556/823/377 559/824/3 560/825/3 557/826/377
f 559/827/3 561/828/378 562/829/378 560/830/3
f 561/828/378 563/831/379 564/832/379 562/829/378
f 563/833/379 565/834/6 566/835/6 564/836/379
f 565/837/6 555/819/376 558/822/376 566/838/6
s 11
f 567/839/366 568/840/370 569/841/370 570/842/366
f 568/843/370 571/844/368 572/845/368 569/846/370
f 571/847/368 573/848/372 574/849/372 572/850/368
f 573/848/372 575/851/373 576/852/373 574/849/372
f 575/853/373 577/854/369 578/855/369 576/856/373
f 577/857/369 579/858/375 580/859/375 578/860/369
f 579/858/375 567/839/366 570/842/366 580/859/375
s 12
f 581/861/367 582/862/367 583/863/367 584/864/367
s 13
f 585/865/380 586/866/381 582/867/382 581/868/383
f 582/869/382 586/870/381 587/871/384
f 586/870/381 588/872/385 589/873/386 587/871/384
f 589/873/386 588/872/385 590/874/387
f 588/875/385 591/876/388 592/877/389 590/878/387
f 592/877/389 591/876/388 593/879/390
f 591/876/388 585/865/380 594/880/391 593/879/390
f 585/865/380 581/868/383 594/880/391
f 581/861/383 584/864/392 595/881/393 594/882/391
f 584/864/392 596/883/394 595/881/393
f 597/884/395 596/883/394 584/864/392 583/863/396
f 596/885/394 598/886/397 599/887/398 595/888/393
f 598/886/397 600/889/399 599/887/398
f 598/886/397 601/890/400 602/891/401 600/889/399
f 601/892/400 603/893/402 602/894/401
f 601/892/400 597/895/395 604/896/403 603/893/402
f 597/895/395 583/897/396 604/896/403
f 583/897/396 582/869/382 587/871/384 604/896/403
f 603/893/402 589/873/386 590/874/387 602/894/401
f 600/898/399 592/899/389 593/900/390 599/901/398
s 14
f 598/886/6 596/885/6 597/902/6 601/890/6
s 15
f 589/873/369 603/893/369 604/896/369 587/871/369
s 16
f 600/903/366 602/904/366 590/905/366 592/906/366
s 17
f 595/907/368 599/901/368 593/900/368 594/908/368
s 18
f 605/909/369 606/910/404 607/911/404 608/912/369
f 606/913/404 609/914/366 610/915/366 607/916/404
f 609/917/366 611/918/405 612/919/405 610/920/366
f 611/918/405 613/921/406 614/922/406 612/919/405
f 613/923/406 615/924/367 616/925/367 614/926/406
f 615/927/367 617/928/407 618/929/407 616/930/367
f 617/928/407 605/909/369 608/912/369 618/929/407
s 19
f 619/931/376 620/932/377 621/933/377 622/934/376
f 620/935/377 623/936/408 624/937/408 621/938/377
f 623/939/408 625/940/378 626/941/378 624/942/408
f 625/940/378 627/943/379 628/944/379 626/941/378
f 627/945/379 629/946/409 630/947/409 628/948/379
f 629/949/409 619/931/376 622/934/376 630/950/409
s 20
f 631/951/410 632/952/411 633/953/411 634/954/410
f 632/952/411 635/955/412 636/956/412 633/953/411
f 635/957/412 637/958/413 638/959/413 636/960/412
f 637/961/413 639/962/414 640/963/414 638/964/413
f 639/962/414 641/965/415 642/966/415 640/963/414
f 641/967/415 643/968/366 644/969/366 642/970/415
f 643/968/366 631/971/410 634/972/410 644/969/366
f 644/969/366 634/972/410 645/973/410 646/974/366
f 634/954/410 633/953/411 647/975/411 645/976/410
f 633/953/411 636/956/412 648/977/412 647/975/411
f 636/960/412 638/959/413 649/978/413 648/979/412
f 638/964/413 640/963/414 650/980/414 649/981/413
f 640/963/414 642/966/415 651/982/415 650/980/414
f 642/970/415 644/969/366 646/974/366 651/983/415
s 21
f 652/984/366 653/985/370 654/986/370 655/987/366
f 653/988/370 656/989/368 657/990/368 654/991/370
f 656/992/368 658/993/372 659/994/372 657/995/368
f 658/993/372 660/996/373 661/997/373 659/994/372
f 660/998/373 662/999/369 663/1000/369 661/1001/373
f 662/1002/369 664/1003/375 665/1004/375 663/1005/369
f 664/1003/375 652/984/366 655/987/366 665/1004/375
s 22
f 666/1006/416 667/1007/417 668/1008/417 669/1009/416
f 670/1010/418 671/1011/419 672/1012/419 673/1013/418
f 671/1011/419 666/1006/416 669/1009/416 672/1012/419
f 667/1007/417 670/1010/418 673/1013/418 668/1008/417
s 23
f 671/1011/3 670/1010/3 667/1007/3 666/1006/3
s 24
f 674/1014/368 672/1015/368 669/1016/368 675/1017/368
s 25
f 676/1018/366 673/1019/366 672/1020/366 674/1021/366
s 26
f 677/1022/369 668/1023/369 673/1024/369 676/1025/369
s 27
f 675/1026/367 669/1027/367 668/1028/367 677/1029/367
s 28
f 678/1030/366 679/1031/370 680/1032/370 681/1033/366
f 679/1034/370 682/1035/368 683/1036/368 680/1037/370
f 682/1038/368 684/1039/372 685/1040/372 683/1041/368
f 684/1039/372 686/1042/373 687/1043/373 685/1040/372
f 686/1044/373 688/1045/369 689/1046/369 687/1047/373
f 688/1048/369 690/1049/375 691/1050/375 689/1051/369
f 690/1049/375 678/1030/366 681/1033/366 691/1050/375
s 29
f 692/1052/420 693/1053/408 694/1054/408 695/1055/420
f 693/1053/408 696/1056/421 697/1057/421 694/1054/408
f 696/1058/421 698/1059/366 699/1060/366 697/1061/421
f 698/1059/366 700/1062/422 701/1063/422 699/1060/366
f 700/1064/422 702/1065/409 703/1066/409 701/1067/422
f 702/1065/409 704/1068/423 705/1069/423 703/1066/409
f 704/1070/423 692/1071/420 695/1072/420 705/1073/423
f 705/1073/423 695/1072/420 706/1074/420 707/1075/423
f 695/1055/420 694/1054/408 708/1076/408 706/1077/420
f 694/1054/408 697/1057/421 709/1078/421 708/1076/408
f 697/1061/421 699/1060/366 710/1079/366 709/1080/421
f 699/1060/366 701/1063/422 711/1081/422 710/1079/366
f 701/1067/422 703/1066/409 712/1082/409 711/1083/422
f 703/1066/409 705/1069/423 707/1084/423 712/1082/409
s 30
f 713/1085/369 714/1086/404 715/1087/404 716/1088/369
f 714/1089/404 717/1090/366 718/1091/366 715/1092/404
f 717/1093/366 719/1094/405 720/1095/405 718/1096/366
f 719/1094/405 721/1097/406 722/1098/406 720/1095/405
f 721/1099/406 723/1100/367 724/1101/367 722/1102/406
f 723/1103/367 725/1104/407 726/1105/407 724/1106/367
f 725/1104/407 713/1085/369 716/1088/369 726/1105/407
s 31
f 727/1107/366 728/1108/422 729/1109/422 730/1110/366
f 731/1111/366 732/1112/422 728/1108/422 727/1107/366
f 732/1113/422 733/1114/409 734/1115/409 728/1116/422
f 733/1114/409 735/1117/423 736/1118/423 734/1115/409
f 735/1119/423 737/1120/420 738/1121/420 736/1122/423
f 737/1123/420 739/1124/408 740/1125/408 738/1126/420
f 739/1124/408 741/1127/421 742/1128/421 740/1125/408
f 741/1129/421 731/1111/366 727/1107/366 742/1130/421
f 742/1130/421 727/1107/366 730/1110/366 743/1131/421
f 740/1125/408 742/1128/421 743/1132/421 744/1133/408
f 738/1126/420 740/1125/408 744/1133/408 745/1134/420
f 736/1122/423 738/1121/420 745/1135/420 746/1136/423
f 734/1115/409 736/1118/423 746/1137/423 747/1138/409
f 728/1116/422 734/1115/409 747/1138/409 729/1139/422
s 32
f 748/1140/3 749/1141/421 750/1142/421 751/1143/3
f 752/1144/3 753/1145/421 749/1141/421 748/1140/3
f 753/1146/421 754/1147/366 755/1148/366 749/1149/421
f 754/1147/366 756/1150/422 757/1151/422 755/1148/366
f 756/1152/422 758/1153/6 759/1154/6 757/1155/422
f 758/1153/6 760/1156/412 761/1157/412 759/1154/6
f 760/1158/412 762/1159/413 763/1160/413 761/1161/412
f 762/1162/413 752/1144/3 748/1140/3 763/1163/413
f 763/1163/413 748/1140/3 751/1143/3 764/1164/413
f 761/1161/412 763/1160/413 764/1165/413 765/1166/412
f 759/1154/6 761/1157/412 765/1167/412 766/1168/6
f 757/1155/422 759/1154/6 766/1168/6 767/1169/422
f 755/1148/366 757/1151/422 767/1170/422 768/1171/366
f 749/1149/421 755/1148/366 768/1171/366 750/1172/421
s 33
f 769/1173/366 770/1174/366 771/1175/366 772/1176/366
s 34
f 773/1177/3 774/1178/3 770/1179/3 769/1180/3
s 35
f 775/1181/367 776/1182/367 774/1183/367 773/1184/367
s 36
f 771/1185/6 776/1186/6 775/1187/6 772/1188/6
s 37
f 770/1189/368 774/1190/368 776/1191/368 771/1192/368
s 38
f 773/1193/369 769/1194/369 772/1195/369 775/1196/369
s 39
f 777/1197/369 778/1198/404 779/1199/404 780/1200/369
f 778/1201/404 781/1202/366 782/1203/366 779/1204/404
f 781/1205/366 783/1206/405 784/1207/405 782/1208/366
f 783/1206/405 785/1209/406 786/1210/406 784/1207/405
f 785/1211/406 787/1212/367 788/1213/367 786/1214/406
f 787/1215/367 789/1216/407 790/1217/407 788/1218/367
f 789/1216/407 777/1197/369 780/1200/369 790/1217/407
s 40
f 791/1219/366 792/1220/366 793/1221/366 794/1222/366
s 41
f 795/1223/3 796/1224/3 792/1225/3 791/1226/3
s 42
f 797/1227/367 798/1228/367 796/1229/367 795/1230/367
s 43
f 793/1231/6 798/1232/6 797/1233/6 794/1234/6
s 44
f 792/1235/368 796/1236/368 798/1237/368 793/1238/368
s 45
f 795/1239/369 791/1240/369 794/1241/369 797/1242/369
s 46
f 799/1243/1 800/1244/2 801/1245/2 802/1246/1
f 800/1247/2 803/1248/3 804/1249/3 801/1250/2
f 803/1251/3 805/1252/4 806/1253/4 804/1254/3
f 805/1252/4 807/1255/5 808/1256/5 806/1253/4
f 807/1257/5 809/1258/6 810/1259/6 808/1260/5
f 809/1261/6 799/1243/1 802/1246/1 810/1262/6
s 47
f 811/1263/369 812/1264/404 813/1265/404 814/1266/369
f 812/1267/404 815/1268/366 816/1269/366 813/1270/404
f 815/1271/366 817/1272/405 818/1273/405 816/1274/366
f 817/1272/405 819/1275/406 820/1276/406 818/1273/405
f 819/1277/406 821/1278/367 822/1279/367 820/1280/406
f 821/1281/367 823/1282/407 824/1283/407 822/1284/367
f 823/1282/407 811/1263/369 814/1266/369 824/1283/407
s 48
f 825/1285/412 826/1286/413 827/1287/413 828/1288/412
f 829/1289/412 830/1290/413 826/1286/413 825/1285/412
f 830/1291/413 831/1292/414 832/1293/414 826/1294/413
f 831/1292/414 833/1295/415 834/1296/415 832/1293/414
f 833/1297/415 835/1298/366 836/1299/366 834/1300/415
f 835/1298/366 837/1301/410 838/1302/410 836/1299/366
f 837/1303/410 839/1304/411 840/1305/411 838/1306/410
f 839/1304/411 829/1307/412 825/1308/412 840/1305/411
f 840/1305/411 825/1308/412 828/1309/412 841/1310/411
f 838/1306/410 840/1305/411 841/1310/411 842/1311/410
f 836/1299/366 838/1302/410 842/1312/410 843/1313/366
f 834/1300/415 836/1299/366 843/1313/366 844/1314/415
f 832/1293/414 834/1296/415 844/1315/415 845/1316/414
f 826/1294/413 832/1293/414 845/1316/414 827/1317/413
s 49
f 846/1318/366 847/1319/370 848/1320/370 849/1321/366
f 847/1322/370 850/1323/368 851/1324/368 848/1325/370
f 850/1326/368 852/1327/372 853/1328/372 851/1329/368
f 852/1327/372 854/1330/373 855/1331/373 853/1328/372
f 854/1332/373 856/1333/369 857/1334/369 855/1335/373
f 856/1336/369 858/1337/375 859/1338/375 857/1339/369
f 858/1337/375 846/1318/366 849/1321/366 859/1338/375
s 50
f 860/1340/412 861/1341/413 862/1342/413 863/1343/412
f 861/1344/413 864/1345/3 865/1346/3 862/1347/413
f 864/1345/3 866/1348/421 867/1349/421 865/1346/3
f 866/1350/421 868/1351/366 869/1352/366 867/1353/421
f 868/1351/366 870/1354/422 871/1355/422 869/1352/366
f 870/1356/422 872/1357/6 873/1358/6 871/1359/422
f 872/1357/6 860/1360/412 863/1361/412 873/1358/6
f 873/1358/6 863/1361/412 874/1362/412 875/1363/6
f 863/1343/412 862/1342/413 876/1364/413 874/1365/412
f 862/1347/413 865/1346/3 877/1366/3 876/1367/413
f 865/1346/3 867/1349/421 878/1368/421 877/1366/3
f 867/1353/421 869/1352/366 879/1369/366 878/1370/421
f 869/1352/366 871/1355/422 880/1371/422 879/1369/366
f 871/1359/422 873/1358/6 875/1363/6 880/1372/422
s 51
f 881/1373/369 882/1374/404 883/1375/404 884/1376/369
f 882/1377/404 885/1378/366 886/1379/366 883/1380/404
f 885/1381/366 887/1382/405 888/1383/405 886/1384/366
f 887/1382/405 889/1385/406 890/1386/406 888/1383/405
f 889/1387/406 891/1388/367 892/1389/367 890/1390/406
f 891/1391/367 893/1392/407 894/1393/407 892/1394/367
f 893/1392/407 881/1373/369 884/1376/369 894/1393/407
s 52
f 895/1395/368 896/1396/368 897/1397/368
f 898/1398/368 899/1399/368 896/1396/368 895/1395/368
f 900/1400/368 899/1399/368 898/1398/368
f 901/1401/368 900/1400/368 898/1398/368
f 902/1402/368 901/1401/368 898/1398/368
f 903/1403/368 902/1402/368 898/1398/368
f 904/1404/368 903/1403/368 898/1398/368
f 898/1398/368 905/1405/368 904/1404/368
f 906/1406/368 905/1405/368 898/1398/368
f 898/1398/368 907/1407/368 906/1406/368
f 898/1398/368 908/1408/368 907/1407/368
f 909/1409/368 908/1408/368 898/1398/368
f 898/1398/368 910/1410/368 909/1409/368
f 898/1398/368 911/1411/368 910/1410/368
f 912/1412/368 913/1413/368 911/1411/368 898/1398/368
f 914/1414/368 913/1413/368 912/1412/368
f 915/1415/368 914/1414/368 912/1412/368
f 916/1416/368 915/1415/368 912/1412/368
f 917/1417/368 916/1416/368 912/1412/368
f 918/1418/368 917/1417/368 912/1412/368
f 919/1419/368 918/1418/368 912/1412/368
f 920/1420/368 919/1419/368 912/1412/368
f 921/1421/368 920/1420/368 912/1412/368
f 922/1422/368 921/1421/368 912/1412/368
f 923/1423/368 922/1422/368 912/1412/368
f 924/1424/368 923/1423/368 912/1412/368
f 912/1412/368 925/1425/368 924/1424/368
f 926/1426/368 927/1427/368 925/1425/368 912/1412/368
f 926/1426/368 928/1428/368 927/1427/368
f 929/1429/368 928/1428/368 926/1426/368
f 926/1426/368 930/1430/368 929/1429/368
f 926/1426/368 931/1431/368 930/1430/368
f 932/1432/368 931/1431/368 926/1426/368
f 926/1426/368 933/1433/368 932/1432/368
f 934/1434/368 933/1433/368 926/1426/368
f 926/1426/368 935/1435/368 934/1434/368
f 936/1436/368 935/1435/368 926/1426/368
f 937/1437/368 936/1436/368 926/1426/368
f 938/1438/368 937/1437/368 926/1426/368
f 926/1426/368 939/1439/368 938/1438/368
f 895/1395/368 940/1440/368 939/1439/368 926/1426/368
f 941/1441/368 940/1440/368 895/1395/368
f 895/1395/368 942/1442/368 941/1441/368
f 895/1395/368 943/1443/368 942/1442/368
f 944/1444/368 943/1443/368 895/1395/368
f 945/1445/368 944/1444/368 895/1395/368
f 895/1395/368 946/1446/368 945/1445/368
f 895/1395/368 947/1447/368 946/1446/368
f 948/1448/368 947/1447/368 895/1395/368
f 949/1449/368 948/1448/368 895/1395/368
f 895/1395/368 950/1450/368 949/1449/368
f 897/1397/368 950/1450/368 895/1395/368
f 895/1395/368 926/1426/368 912/1412/368 898/1398/368
s 53
f 951/1451/376 952/1452/377 953/1453/377 954/1454/376
f 952/1455/377 955/1456/408 956/1457/408 953/1458/377
f 955/1459/408 957/1460/378 958/1461/378 956/1462/408
f 957/1460/378 959/1463/379 960/1464/379 958/1461/378
f 959/1465/379 961/1466/409 962/1467/409 960/1468/379
f 961/1469/409 951/1451/376 954/1454/376 962/1470/409
s 54
f 963/1471/366 964/1472/366 965/1473/366 966/1474/366
s 55
f 967/1475/3 968/1476/3 964/1477/3 963/1478/3
s 56
f 969/1479/367 970/1480/367 968/1481/367 967/1482/367
s 57
f 965/1483/6 970/1484/6 969/1485/6 966/1486/6
s 58
f 964/1487/368 968/1488/368 970/1489/368 965/1490/368
s 59
f 967/1491/369 963/1492/369 966/1493/369 969/1494/369
s 60
f 971/1495/366 972/1496/370 973/1497/370 974/1498/366
f 972/1499/370 975/1500/368 976/1501/368 973/1502/370
f 975/1503/368 977/1504/372 978/1505/372 976/1506/368
f 977/1504/372 979/1507/373 980/1508/373 978/1505/372
f 979/1509/373 981/1510/369 982/1511/369 980/1512/373
f 981/1513/369 983/1514/375 984/1515/375 982/1516/369
f 983/1514/375 971/1495/366 974/1498/366 984/1515/375
s 61
f 985/1517/376 986/1518/377 987/1519/377 988/1520/376
f 986/1521/377 989/1522/3 990/1523/3 987/1524/377
f 989/1525/3 991/1526/378 992/1527/378 990/1528/3
f 991/1526/378 993/1529/379 994/1530/379 992/1527/378
f 993/1531/379 995/1532/6 996/1533/6 994/1534/379
f 995/1535/6 985/1517/376 988/1520/376 996/1536/6
s 62
f 997/1537/366 998/1538/424 999/1539/424 1000/1540/366
f 998/1541/424 1001/1542/371 1002/1543/371 999/1544/424
f 1001/1545/371 1003/1546/372 1004/1547/372 1002/1548/371
f 1003/1546/372 1005/1549/373 1006/1550/373 1004/1547/372
f 1005/1551/373 1007/1552/374 1008/1553/374 1006/1554/373
f 1007/1555/374 1009/1556/425 1010/1557/425 1008/1558/374
f 1009/1556/425 997/1537/366 1000/1540/366 1010/1557/425
s 63
f 1011/1559/366 1012/1560/370 1013/1561/370 1014/1562/366
f 1012/1563/370 1015/1564/368 1016/1565/368 1013/1566/370
f 1015/1567/368 1017/1568/372 1018/1569/372 1016/1570/368
f 1017/1568/372 1019/1571/373 1020/1572/373 1018/1569/372
f 1019/1573/373 1021/1574/369 1022/1575/369 1020/1576/373
f 1021/1577/369 1023/1578/375 1024/1579/375 1022/1580/369
f 1023/1578/375 1011/1559/366 1014/1562/366 1024/1579/375
s 64
f 1025/1581/366 1026/1582/370 1027/1583/370 1028/1584/366
f 1026/1585/370 1029/1586/368 1030/1587/368 1027/1588/370
f 1029/1589/368 1031/1590/372 1032/1591/372 1030/1592/368
f 1031/1590/372 1033/1593/373 1034/1594/373 1032/1591/372
f 1033/1595/373 1035/1596/369 1036/1597/369 1034/1598/373
f 1035/1599/369 1037/1600/375 1038/1601/375 1036/1602/369
f 1037/1600/375 1025/1581/366 1028/1584/366 1038/1601/375
s 65
f 1039/1603/366 1040/1604/422 1041/1605/422 1042/1606/366
f 1043/1607/366 1044/1608/422 1040/1604/422 1039/1603/366
f 1044/1609/422 1045/1610/6 1046/1611/6 1040/1612/422
f 1045/1610/6 1047/1613/412 1048/1614/412 1046/1611/6
f 1047/1615/412 1049/1616/413 1050/1617/413 1048/1618/412
f 1049/1619/413 1051/1620/3 1052/1621/3 1050/1622/413
f 1051/1620/3 1053/1623/421 1054/1624/421 1052/1621/3
f 1053/1625/421 1043/1607/366 1039/1603/366 1054/1626/421
f 1054/1626/421 1039/1603/366 1042/1606/366 1055/1627/421
f 1052/1621/3 1054/1624/421 1055/1628/421 1056/1629/3
f 1050/1622/413 1052/1621/3 1056/1629/3 1057/1630/413
f 1048/1618/412 1050/1617/413 1057/1631/413 1058/1632/412
f 1046/1611/6 1048/1614/412 1058/1633/412 1059/1634/6
f 1040/1612/422 1046/1611/6 1059/1634/6 1041/1635/422
s 66
f 1060/1636/367 1061/1637/367 1062/1638/367 1063/1639/367
s 67
f 1064/1640/395 1065/1641/394 1061/1637/392 1060/1636/396
f 1066/1642/400 1064/1643/395 1067/1644/403 1068/1645/402
f 1064/1640/395 1060/1636/396 1067/1646/403
f 1060/1636/396 1063/1639/382 1069/1647/384 1067/1646/403
f 1063/1639/382 1070/1648/381 1069/1647/384
f 1071/1649/380 1070/1648/381 1063/1639/382 1062/1638/383
f 1072/1650/385 1073/1651/388 1074/1652/389 1075/1653/387
f 1073/1651/388 1076/1654/390 1074/1652/389
f 1073/1651/388 1071/1655/380 1077/1656/391 1076/1654/390
f 1077/1657/391 1071/1649/380 1062/1638/383
f 1078/1658/393 1077/1657/391 1062/1638/383 1061/1637/392
f 1065/1641/394 1078/1658/393 1061/1637/392
f 1065/1659/394 1079/1660/397 1080/1661/398 1078/1662/393
f 1080/1661/398 1079/1660/397 1081/1663/399
f 1079/1660/397 1066/1642/400 1082/1664/401 1081/1663/399
f 1066/1642/400 1068/1645/402 1082/1664/401
f 1068/1665/402 1083/1666/386 1075/1667/387 1082/1668/401
f 1083/1669/386 1072/1650/385 1075/1653/387
f 1070/1670/381 1072/1650/385 1083/1669/386 1069/1671/384
f 1076/1672/390 1080/1673/398 1081/1674/399 1074/1675/389
s 68
f 1065/1659/6 1064/1643/6 1066/1642/6 1079/1660/6
s 69
f 1073/1651/3 1072/1650/3 1070/1670/3 1071/1655/3
s 70
f 1082/1668/366 1075/1667/366 1074/1675/366 1081/1674/366
s 71
f 1084/1676/1 1085/1677/2 1086/1678/2 1087/1679/1
f 1085/1680/2 1088/1681/3 1089/1682/3 1086/1683/2
f 1088/1684/3 1090/1685/4 1091/1686/4 1089/1687/3
f 1090/1685/4 1092/1688/5 1093/1689/5 1091/1686/4
f 1092/1690/5 1094/1691/6 1095/1692/6 1093/1693/5
f 1094/1694/6 1084/1676/1 1087/1679/1 1095/1695/6
s 72
f 1096/1696/366 1097/1697/366 1098/1698/366 1099/1699/366
s 73
f 1100/1700/3 1101/1701/3 1097/1702/3 1096/1703/3
s 74
f 1102/1704/367 1103/1705/367 1101/1706/367 1100/1707/367
s 75
f 1098/1708/6 1103/1709/6 1102/1710/6 1099/1711/6
s 76
f 1097/1712/368 1101/1713/368 1103/1714/368 1098/1715/368
s 77
f 1100/1716/369 1096/1717/369 1099/1718/369 1102/1719/369
s 78
f 1104/1720/376 1105/1721/377 1106/1722/377 1107/1723/376
f 1105/1724/377 1108/1725/3 1109/1726/3 1106/1727/377
f 1108/1728/3 1110/1729/378 1111/1730/378 1109/1731/3
f 1110/1729/378 1112/1732/379 1113/1733/379 1111/1730/378
f 1112/1734/379 1114/1735/6 1115/1736/6 1113/1737/379
f 1114/1738/6 1104/1720/376 1107/1723/376 1115/1739/6
s 79
f 1116/1740/1 1117/1741/2 1118/1742/2 1119/1743/1
f 1117/1744/2 1120/1745/3 1121/1746/3 1118/1747/2
f 1120/1748/3 1122/1749/4 1123/1750/4 1121/1751/3
f 1122/1749/4 1124/1752/5 1125/1753/5 1123/1750/4
f 1124/1754/5 1126/1755/6 1127/1756/6 1125/1757/5
f 1126/1758/6 1116/1740/1 1119/1743/1 1127/1759/6
s 80
f 1128/1760/366 1129/1761/366 1130/1762/366 1131/1763/366
s 81
f 1132/1764/3 1133/1765/3 1129/1766/3 1128/1767/3
s 82
f 1134/1768/367 1135/1769/367 1133/1770/367 1132/1771/367
s 83
f 1130/1772/6 1135/1773/6 1134/1774/6 1131/1775/6
s 84
f 1129/1776/368 1133/1777/368 1135/1778/368 1130/1779/368
s 85
f 1132/1780/369 1128/1781/369 1131/1782/369 1134/1783/369
s 86
f 1136/1784/1 1137/1785/2 1138/1786/2 1139/1787/1
f 1137/1788/2 1140/1789/3 1141/1790/3 1138/1791/2
f 1140/1792/3 1142/1793/4 1143/1794/4 1141/1795/3
f 1142/1793/4 1144/1796/5 1145/1797/5 1143/1794/4
f 1144/1798/5 1146/1799/6 1147/1800/6 1145/1801/5
f 1146/1802/6 1136/1784/1 1139/1787/1 1147/1803/6
s 87
f 1148/1804/6 1149/1805/6 1150/1806/6 1151/1807/6
s 88
f 1149/1805/394 1148/1804/397 1152/1808/398 1153/1809/393
f 1152/1810/398 1148/1811/397 1154/1812/399
f 1148/1811/397 1151/1813/400 1155/1814/401 1154/1812/399
f 1151/1813/400 1156/1815/402 1155/1814/401
f 1151/1807/400 1150/1806/395 1157/1816/403 1156/1817/402
f 1150/1806/395 1158/1818/396 1157/1816/403
f 1150/1806/395 1149/1805/394 1159/1819/392 1158/1818/396
f 1149/1805/394 1153/1809/393 1159/1819/392
f 1153/1820/393 1160/1821/391 1161/1822/383 1159/1823/392
f 1160/1824/391 1162/1825/380 1161/1826/383
f 1163/1827/388 1162/1825/380 1160/1824/391 1164/1828/390
f 1165/1829/385 1163/1830/388 1166/1831/389 1167/1832/387
f 1163/1830/388 1164/1833/390 1166/1831/389
f 1164/1833/390 1152/1810/398 1154/1812/399 1166/1831/389
f 1156/1815/402 1168/1834/386 1167/1832/387 1155/1814/401
f 1168/1834/386 1165/1829/385 1167/1832/387
f 1169/1835/381 1165/1836/385 1168/1837/386 1170/1838/384
f 1171/1839/382 1169/1835/381 1170/1838/384
f 1162/1825/380 1169/1835/381 1171/1839/382 1161/1826/383
f 1158/1840/396 1171/1841/382 1170/1842/384 1157/1843/403
s 89
f 1162/1825/3 1163/1827/3 1165/1836/3 1169/1835/3
s 90
f 1167/1832/366 1166/1831/366 1154/1812/366 1155/1814/366
s 91
f 1161/1822/367 1171/1841/367 1158/1840/367 1159/1823/367
s 92
f 1172/1844/416 1173/1845/417 1174/1846/417 1175/1847/416
f 1176/1848/418 1177/1849/419 1178/1850/419 1179/1851/418
f 1177/1849/419 1172/1844/416 1175/1847/416 1178/1850/419
f 1173/1845/417 1176/1848/418 1179/1851/418 1174/1846/417
s 93
f 1177/1849/3 1176/1848/3 1173/1845/3 1172/1844/3
s 94
f 1180/1852/368 1178/1853/368 1175/1854/368 1181/1855/368
s 95
f 1182/1856/366 1179/1857/366 1178/1858/366 1180/1859/366
s 96
f 1183/1860/369 1174/1861/369 1179/1862/369 1182/1863/369
s 97
f 1181/1864/367 1175/1865/367 1174/1866/367 1183/1867/367
s 98
f 1184/1868/366 1185/1869/370 1186/1870/370 1187/1871/366
f 1185/1872/370 1188/1873/368 1189/1874/368 1186/1875/370
f 1188/1876/368 1190/1877/372 1191/1878/372 1189/1879/368
f 1190/1877/372 1192/1880/373 1193/1881/373 1191/1878/372
f 1192/1882/373 1194/1883/369 1195/1884/369 1193/1885/373
f 1194/1886/369 1196/1887/375 1197/1888/375 1195/1889/369
f 1196/1887/375 1184/1868/366 1187/1871/366 1197/1888/375
s 99
f 1198/1890/376 1199/1891/377 1200/1892/377 1201/1893/376
f 1199/1894/377 1202/1895/3 1203/1896/3 1200/1897/377
f 1202/1898/3 1204/1899/378 1205/1900/378 1203/1901/3
f 1204/1899/378 1206/1902/379 1207/1903/379 1205/1900/378
f 1206/1904/379 1208/1905/6 1209/1906/6 1207/1907/379
f 1208/1908/6 1198/1890/376 1201/1893/376 1209/1909/6
s 100
f 1210/1910/366 1211/1911/370 1212/1912/370 1213/1913/366
f 1211/1914/370 1214/1915/368 1215/1916/368 1212/1917/370
f 1214/1918/368 1216/1919/372 1217/1920/372 1215/1921/368
f 1216/1919/372 1218/1922/373 1219/1923/373 1217/1920/372
f 1218/1924/373 1220/1925/369 1221/1926/369 1219/1927/373
f 1220/1928/369 1222/1929/375 1223/1930/375 1221/1931/369
f 1222/1929/375 1210/1910/366 1213/1913/366 1223/1930/375
s 101
f 1224/1932/369 1225/1933/404 1226/1934/404 1227/1935/369
f 1225/1936/404 1228/1937/366 1229/1938/366 1226/1939/404
f 1228/1940/366 1230/1941/405 1231/1942/405 1229/1943/366
f 1230/1941/405 1232/1944/406 1233/1945/406 1231/1942/405
f 1232/1946/406 1234/1947/367 1235/1948/367 1233/1949/406
f 1234/1950/367 1236/1951/407 1237/1952/407 1235/1953/367
f 1236/1951/407 1224/1932/369 1227/1935/369 1237/1952/407
s 102
f 1238/1954/366 1239/1955/370 1240/1956/370 1241/1957/366
f 1239/1958/370 1242/1959/368 1243/1960/368 1240/1961/370
f 1242/1962/368 1244/1963/372 1245/1964/372 1243/1965/368
f 1244/1963/372 1246/1966/373 1247/1967/373 1245/1964/372
f 1246/1968/373 1248/1969/369 1249/1970/369 1247/1971/373
f 1248/1972/369 1250/1973/375 1251/1974/375 1249/1975/369
f 1250/1973/375 1238/1954/366 1241/1957/366 1251/1974/375
s 103
f 1252/1976/366 1253/1977/370 1254/1978/370 1255/1979/366
f 1253/1980/370 1256/1981/368 1257/1982/368 1254/1983/370
f 1256/1984/368 1258/1985/372 1259/1986/372 1257/1987/368
f 1258/1985/372 1260/1988/373 1261/1989/373 1259/1986/372
f 1260/1990/373 1262/1991/369 1263/1992/369 1261/1993/373
f 1262/1994/369 1264/1995/375 1265/1996/375 1263/1997/369
f 1264/1995/375 1252/1976/366 1255/1979/366 1265/1996/375
s 104
f 1266/1998/369 1267/1999/404 1268/2000/404 1269/2001/369
f 1267/2002/404 1270/2003/366 1271/2004/366 1268/2005/404
f 1270/2006/366 1272/2007/405 1273/2008/405 1271/2009/366
f 1272/2007/405 1274/2010/406 1275/2011/406 1273/2008/405
f 1274/2012/406 1276/2013/367 1277/2014/367 1275/2015/406
f 1276/2016/367 1278/2017/407 1279/2018/407 1277/2019/367
f 1278/2017/407 1266/1998/369 1269/2001/369 1279/2018/407
s 105
f 1280/2020/376 1281/2021/377 1282/2022/377 1283/2023/376
f 1281/2024/377 1284/2025/408 1285/2026/408 1282/2027/377
f 1284/2028/408 1286/2029/378 1287/2030/378 1285/2031/408
f 1286/2029/378 1288/2032/379 1289/2033/379 1287/2030/378
f 1288/2034/379 1290/2035/409 1291/2036/409 1289/2037/379
f 1290/2038/409 1280/2020/376 1283/2023/376 1291/2039/409
s 106
f 1292/2040/6 1293/2041/6 1294/2042/6 1295/2043/6
s 107
f 1293/2044/397 1292/2045/400 1296/2046/401 1297/2047/399
f 1296/2048/401 1292/2049/400 1298/2050/402
f 1292/2049/400 1295/2051/395 1299/2052/403 1298/2050/402
f 1295/2051/395 1300/2053/396 1299/2052/403
f 1295/2054/395 1294/2055/394 1301/2056/392 1300/2057/396
f 1294/2055/394 1302/2058/393 1301/2056/392
f 1294/2042/394 1293/2041/397 1303/2059/398 1302/2060/393
f 1293/2044/397 1297/2047/399 1303/2061/398
f 1297/2047/399 1304/2062/389 1305/2063/390 1303/2061/398
f 1304/2062/389 1306/2064/388 1305/2063/390
f 1307/2065/385 1306/2064/388 1304/2062/389 1308/2066/387
f 1309/2067/381 1307/2068/385 1310/2069/386 1311/2070/384
f 1307/2068/385 1308/2071/387 1310/2069/386
f 1308/2071/387 1296/2048/401 1298/2050/402 1310/2069/386
f 1300/2053/396 1312/2072/382 1311/2070/384 1299/2052/403
f 1312/2072/382 1309/2067/381 1311/2070/384
f 1313/2073/380 1309/2074/381 1312/2075/382 1314/2076/383
f 1315/2077/391 1313/2073/380 1314/2076/383
f 1306/2078/388 1313/2079/380 1315/2080/391 1305/2081/390
f 1302/2058/393 1315/2077/391 1314/2076/383 1301/2056/392
s 108
f 1306/2078/3 1307/2082/3 1309/2083/3 1313/2079/3
s 109
f 1298/2050/369 1299/2052/369 1311/2070/369 1310/2069/369
s 110
f 1315/2084/368 1302/2085/368 1303/2086/368 1305/2087/368
s 111
f 1316/2088/409 1317/2089/423 1318/2090/423 1319/2091/409
f 1317/2092/423 1320/2093/420 1321/2094/420 1318/2095/423
f 1320/2096/420 1322/2097/408 1323/2098/408 1321/2099/420
f 1322/2097/408 1324/2100/421 1325/2101/421 1323/2098/408
f 1324/2102/421 1326/2103/366 1327/2104/366 1325/2105/421
f 1326/2103/366 1328/2106/422 1329/2107/422 1327/2104/366
f 1328/2108/422 1316/2088/409 1319/2091/409 1329/2109/422
f 1329/2109/422 1319/2091/409 1330/2110/409 1331/2111/422
f 1319/2091/409 1318/2090/423 1332/2112/423 1330/2110/409
f 1318/2095/423 1321/2094/420 1333/2113/420 1332/2114/423
f 1321/2099/420 1323/2098/408 1334/2115/408 1333/2116/420
f 1323/2098/408 1325/2101/421 1335/2117/421 1334/2115/408
f 1325/2105/421 1327/2104/366 1336/2118/366 1335/2119/421
f 1327/2104/366 1329/2107/422 1331/2120/422 1336/2118/366
s 112
f 1337/2121/369 1338/2122/404 1339/2123/404 1340/2124/369
f 1338/2125/404 1341/2126/366 1342/2127/366 1339/2128/404
f 1341/2129/366 1343/2130/405 1344/2131/405 1342/2132/366
f 1343/2130/405 1345/2133/406 1346/2134/406 1344/2131/405
f 1345/2135/406 1347/2136/367 1348/2137/367 1346/2138/406
f 1347/2139/367 1349/2140/407 1350/2141/407 1348/2142/367
f 1349/2140/407 1337/2121/369 1340/2124/369 1350/2141/407
s 113
f 1351/2143/6 1352/2144/6 1353/2145/6 1354/2146/6
s 114
f 1352/2144/395 1351/2143/394 1355/2147/392 1356/2148/396
f 1355/2149/392 1351/2150/394 1357/2151/393
f 1351/2150/394 1354/2152/397 1358/2153/398 1357/2151/393
f 1354/2152/397 1359/2154/399 1358/2153/398
f 1354/2155/397 1353/2156/400 1360/2157/401 1359/2158/399
f 1353/2156/400 1361/2159/402 1360/2157/401
f 1353/2145/400 1352/2144/395 1362/2160/403 1361/2161/402
f 1352/2144/395 1356/2148/396 1362/2160/403
f 1356/2162/396 1363/2163/382 1364/2164/384 1362/2165/403
f 1365/2166/383 1355/2149/392 1357/2151/393 1366/2167/391
f 1359/2154/399 1367/2168/389 1368/2169/390 1358/2153/398
f 1361/2159/402 1369/2170/386 1370/2171/387 1360/2157/401
f 1371/2172/381 1372/2173/385 1369/2174/386 1364/2175/384
f 1369/2174/386 1372/2173/385 1370/2176/387
f 1372/2173/385 1373/2177/388 1367/2178/389 1370/2176/387
f 1367/2168/389 1373/2179/388 1368/2169/390
f 1373/2179/388 1374/2180/380 1366/2167/391 1368/2169/390
f 1374/2180/380 1365/2166/383 1366/2167/391
f 1374/2181/380 1371/2172/381 1363/2182/382 1365/2183/383
f 1363/2182/382 1371/2172/381 1364/2175/384
s 115
f 1356/2184/367 1355/2185/367 1365/2186/367 1363/2187/367
s 116
f 1357/2151/368 1358/2153/368 1368/2169/368 1366/2167/368
s 117
f 1359/2158/366 1360/2157/366 1370/2171/366 1367/2188/366
s 118
f 1361/2189/369 1362/2165/369 1364/2164/369 1369/2190/369
s 119
f 1375/2191/366 1376/2192/370 1377/2193/370 1378/2194/366
f 1376/2195/370 1379/2196/368 1380/2197/368 1377/2198/370
f 1379/2199/368 1381/2200/372 1382/2201/372 1380/2202/368
f 1381/2200/372 1383/2203/373 1384/2204/373 1382/2201/372
f 1383/2205/373 1385/2206/369 1386/2207/369 1384/2208/373
f 1385/2209/369 1387/2210/375 1388/2211/375 1386/2212/369
f 1387/2210/375 1375/2191/366 1378/2194/366 1388/2211/375
s 120
f 1389/2213/368 1390/2214/368 1391/2215/368 1392/2216/368
s 121
f 1393/2217/394 1394/2218/397 1390/2219/398 1389/2220/393
f 1394/2221/397 1395/2222/400 1396/2223/401 1397/2224/399
f 1395/2225/400 1398/2226/402 1396/2227/401
f 1395/2225/400 1399/2228/395 1400/2229/403 1398/2226/402
f 1399/2228/395 1401/2230/396 1400/2229/403
f 1399/2231/395 1393/2217/394 1402/2232/392 1401/2233/396
f 1402/2232/392 1393/2217/394 1389/2220/393
f 1403/2234/383 1402/2235/392 1389/2213/393 1392/2216/391
f 1401/2230/396 1404/2236/382 1405/2237/384 1400/2229/403
f 1404/2236/382 1406/2238/381 1405/2237/384
f 1407/2239/380 1406/2240/381 1404/2241/382 1403/2242/383
f 1407/2239/380 1403/2242/383 1392/2243/391
f 1408/2244/388 1407/2239/380 1392/2243/391 1391/2245/390
f 1409/2246/389 1408/2244/388 1391/2245/390
f 1410/2247/385 1408/2244/388 1409/2246/389 1411/2248/387
f 1397/2224/399 1409/2249/389 1391/2250/390 1390/2251/398
f 1394/2221/397 1397/2224/399 1390/2251/398
f 1398/2226/402 1412/2252/386 1411/2253/387 1396/2227/401
f 1406/2238/381 1410/2254/385 1412/2252/386 1405/2237/384
f 1412/2252/386 1410/2254/385 1411/2253/387
s 122
f 1395/2255/6 1394/2218/6 1393/2217/6 1399/2231/6
s 123
f 1404/2256/367 1401/2257/367 1402/2258/367 1403/2259/367
s 124
f 1411/2260/366 1409/2249/366 1397/2224/366 1396/2223/366
s 125
f 1400/2229/369 1405/2237/369 1412/2252/369 1398/2226/369
s 126
f 1413/2261/366 1414/2262/366 1415/2263/366 1416/2264/366
s 127
f 1417/2265/3 1418/2266/3 1414/2267/3 1413/2268/3
s 128
f 1419/2269/367 1420/2270/367 1418/2271/367 1417/2272/367
s 129
f 1415/2273/6 1420/2274/6 1419/2275/6 1416/2276/6
s 130
f 1414/2277/368 1418/2278/368 1420/2279/368 1415/2280/368
s 131
f 1417/2281/369 1413/2282/369 1416/2283/369 1419/2284/369
s 132
f 1421/2285/369 1422/2286/404 1423/2287/404 1424/2288/369
f 1422/2289/404 1425/2290/366 1426/2291/366 1423/2292/404
f 1425/2293/366 1427/2294/405 1428/2295/405 1426/2296/366
f 1427/2294/405 1429/2297/406 1430/2298/406 1428/2295/405
f 1429/2299/406 1431/2300/367 1432/2301/367 1430/2302/406
f 1431/2303/367 1433/2304/407 1434/2305/407 1432/2306/367
f 1433/2304/407 1421/2285/369 1424/2288/369 1434/2305/407
s 133
f 1435/2307/366 1436/2308/370 1437/2309/370 1438/2310/366
f 1436/2311/370 1439/2312/368 1440/2313/368 1437/2314/370
f 1439/2315/368 1441/2316/372 1442/2317/372 1440/2318/368
f 1441/2316/372 1443/2319/373 1444/2320/373 1442/2317/372
f 1443/2321/373 1445/2322/369 1446/2323/369 1444/2324/373
f 1445/2325/369 1447/2326/375 1448/2327/375 1446/2328/369
f 1447/2326/375 1435/2307/366 1438/2310/366 1448/2327/375
s 134
f 1449/2329/3 1450/2330/421 1451/2331/421 1452/2332/3
f 1453/2333/3 1454/2334/421 1450/2330/421 1449/2329/3
f 1454/2335/421 1455/2336/366 1456/2337/366 1450/2338/421
f 1455/2336/366 1457/2339/422 1458/2340/422 1456/2337/366
f 1457/2341/422 1459/2342/6 1460/2343/6 1458/2344/422
f 1459/2342/6 1461/2345/412 1462/2346/412 1460/2343/6
f 1461/2347/412 1463/2348/413 1464/2349/413 1462/2350/412
f 1463/2351/413 1453/2333/3 1449/2329/3 1464/2352/413
f 1464/2352/413 1449/2329/3 1452/2332/3 1465/2353/413
f 1462/2350/412 1464/2349/413 1465/2354/413 1466/2355/412
f 1460/2343/6 1462/2346/412 1466/2356/412 1467/2357/6
f 1458/2344/422 1460/2343/6 1467/2357/6 1468/2358/422
f 1456/2337/366 1458/2340/422 1468/2359/422 1469/2360/366
f 1450/2338/421 1456/2337/366 1469/2360/366 1451/2361/421
s 135
f 1470/2362/366 1471/2363/370 1472/2364/370 1473/2365/366
f 1471/2366/370 1474/2367/368 1475/2368/368 1472/2369/370
f 1474/2370/368 1476/2371/372 1477/2372/372 1475/2373/368
f 1476/2371/372 1478/2374/373 1479/2375/373 1477/2372/372
f 1478/2376/373 1480/2377/369 1481/2378/369 1479/2379/373
f 1480/2380/369 1482/2381/375 1483/2382/375 1481/2383/369
f 1482/2381/375 1470/2362/366 1473/2365/366 1483/2382/375
s 136
f 1484/2384/369 1485/2385/404 1486/2386/404 1487/2387/369
f 1485/2388/404 1488/2389/366 1489/2390/366 1486/2391/404
f 1488/2392/366 1490/2393/405 1491/2394/405 1489/2395/366
f 1490/2393/405 1492/2396/406 1493/2397/406 1491/2394/405
f 1492/2398/406 1494/2399/367 1495/2400/367 1493/2401/406
f 1494/2402/367 1496/2403/407 1497/2404/407 1495/2405/367
f 1496/2403/407 1484/2384/369 1487/2387/369 1497/2404/407
s 137
f 1498/2406/422 1499/2407/409 1500/2408/409 1501/2409/422
f 1499/2407/409 1502/2410/423 1503/2411/423 1500/2408/409
f 1502/2412/423 1504/2413/420 1505/2414/420 1503/2415/423
f 1504/2416/420 1506/2417/408 1507/2418/408 1505/2419/420
f 1506/2417/408 1508/2420/421 1509/2421/421 1507/2418/408
f 1508/2422/421 1510/2423/366 1511/2424/366 1509/2425/421
f 1510/2423/366 1498/2426/422 1501/2427/422 1511/2424/366
f 1511/2424/366 1501/2427/422 1512/2428/422 1513/2429/366
f 1501/2409/422 1500/2408/409 1514/2430/409 1512/2431/422
f 1500/2408/409 1503/2411/423 1515/2432/423 1514/2430/409
f 1503/2415/423 1505/2414/420 1516/2433/420 1515/2434/423
f 1505/2419/420 1507/2418/408 1517/2435/408 1516/2436/420
f 1507/2418/408 1509/2421/421 1518/2437/421 1517/2435/408
f 1509/2425/421 1511/2424/366 1513/2429/366 1518/2438/421
s 138
f 1519/2439/369 1520/2440/404 1521/2441/404 1522/2442/369
f 1520/2443/404 1523/2444/366 1524/2445/366 1521/2446/404
f 1523/2447/366 1525/2448/405 1526/2449/405 1524/2450/366
f 1525/2448/405 1527/2451/406 1528/2452/406 1526/2449/405
f 1527/2453/406 1529/2454/367 1530/2455/367 1528/2456/406
f 1529/2457/367 1531/2458/407 1532/2459/407 1530/2460/367
f 1531/2458/407 1519/2439/369 1522/2442/369 1532/2459/407
s 139
f 1533/2461/366 1534/2462/370 1535/2463/370 1536/2464/366
f 1534/2465/370 1537/2466/368 1538/2467/368 1535/2468/370
f 1537/2469/368 1539/2470/372 1540/2471/372 1538/2472/368
f 1539/2470/372 1541/2473/373 1542/2474/373 1540/2471/372
f 1541/2475/373 1543/2476/369 1544/2477/369 1542/2478/373
f 1543/2479/369 1545/2480/375 1546/2481/375 1544/2482/369
f 1545/2480/375 1533/2461/366 1536/2464/366 1546/2481/375
s 140
f 1547/2483/416 1548/2484/417 1549/2485/417 1550/2486/416
f 1551/2487/418 1552/2488/419 1553/2489/419 1554/2490/418
f 1552/2488/419 1547/2483/416 1550/2486/416 1553/2489/419
f 1548/2484/417 1551/2487/418 1554/2490/418 1549/2485/417
s 141
f 1552/2488/3 1551/2487/3 1548/2484/3 1547/2483/3
s 142
f 1555/2491/368 1553/2492/368 1550/2493/368 1556/2494/368
s 143
f 1557/2495/366 1554/2496/366 1553/2497/366 1555/2498/366
s 144
f 1558/2499/369 1549/2500/369 1554/2501/369 1557/2502/369
s 145
f 1556/2503/367 1550/2504/367 1549/2505/367 1558/2506/367
s 146
f 1559/2507/369 1560/2508/404 1561/2509/404 1562/2510/369
f 1560/2511/404 1563/2512/366 1564/2513/366 1561/2514/404
f 1563/2515/366 1565/2516/405 1566/2517/405 1564/2518/366
f 1565/2516/405 1567/2519/406 1568/2520/406 1566/2517/405
f 1567/2521/406 1569/2522/367 1570/2523/367 1568/2524/406
f 1569/2525/367 1571/2526/407 1572/2527/407 1570/2528/367
f 1571/2526/407 1559/2507/369 1562/2510/369 1572/2527/407
s 147
f 1573/2529/366 1574/2530/370 1575/2531/370 1576/2532/366
f 1574/2533/370 1577/2534/368 1578/2535/368 1575/2536/370
f 1577/2537/368 1579/2538/372 1580/2539/372 1578/2540/368
f 1579/2538/372 1581/2541/373 1582/2542/373 1580/2539/372
f 1581/2543/373 1583/2544/369 1584/2545/369 1582/2546/373
f 1583/2547/369 1585/2548/375 1586/2549/375 1584/2550/369
f 1585/2548/375 1573/2529/366 1576/2532/366 1586/2549/375
s 148
f 1587/2551/366 1588/2552/370 1589/2553/370 1590/2554/366
f 1588/2555/370 1591/2556/368 1592/2557/368 1589/2558/370
f 1591/2559/368 1593/2560/372 1594/2561/372 1592/2562/368
f 1593/2560/372 1595/2563/373 1596/2564/373 1594/2561/372
f 1595/2565/373 1597/2566/369 1598/2567/369 1596/2568/373
f 1597/2569/369 1599/2570/375 1600/2571/375 1598/2572/369
f 1599/2570/375 1587/2551/366 1590/2554/366 1600/2571/375
s 149
f 1601/2573/366 1602/2574/370 1603/2575/370 1604/2576/366
f 1602/2577/370 1605/2578/368 1606/2579/368 1603/2580/370
f 1605/2581/368 1607/2582/372 1608/2583/372 1606/2584/368
f 1607/2582/372 1609/2585/373 1610/2586/373 1608/2583/372
f 1609/2587/373 1611/2588/369 1612/2589/369 1610/2590/373
f 1611/2591/369 1613/2592/375 1614/2593/375 1612/2594/369
f 1613/2592/375 1601/2573/366 1604/2576/366 1614/2593/375
s 150
f 1615/2595/376 1616/2596/377 1617/2597/377 1618/2598/376
f 1616/2599/377 1619/2600/3 1620/2601/3 1617/2602/377
f 1619/2603/3 1621/2604/378 1622/2605/378 1620/2606/3
f 1621/2604/378 1623/2607/379 1624/2608/379 1622/2605/378
f 1623/2609/379 1625/2610/6 1626/2611/6 1624/2612/379
f 1625/2613/6 1615/2595/376 1618/2598/376 1626/2614/6
s 151
f 1627/2615/366 1628/2616/370 1629/2617/370 1630/2618/366
f 1628/2619/370 1631/2620/368 1632/2621/368 1629/2622/370
f 1631/2623/368 1633/2624/372 1634/2625/372 1632/2626/368
f 1633/2624/372 1635/2627/373 1636/2628/373 1634/2625/372
f 1635/2629/373 1637/2630/369 1638/2631/369 1636/2632/373
f 1637/2633/369 1639/2634/375 1640/2635/375 1638/2636/369
f 1639/2634/375 1627/2615/366 1630/2618/366 1640/2635/375
s 152
f 1641/2637/416 1642/2638/417 1643/2639/417 1644/2640/416
f 1645/2641/418 1646/2642/419 1647/2643/419 1648/2644/418
f 1646/2642/419 1641/2637/416 1644/2640/416 1647/2643/419
f 1642/2638/417 1645/2641/418 1648/2644/418 1643/2639/417
s 153
f 1646/2642/3 1645/2641/3 1642/2638/3 1641/2637/3
s 154
f 1649/2645/368 1647/2646/368 1644/2647/368 1650/2648/368
s 155
f 1651/2649/366 1648/2650/366 1647/2651/366 1649/2652/366
s 156
f 1652/2653/369 1643/2654/369 1648/2655/369 1651/2656/369
s 157
f 1650/2657/367 1644/2658/367 1643/2659/367 1652/2660/367
s 158
f 1653/2661/366 1654/2662/370 1655/2663/370 1656/2664/366
f 1654/2665/370 1657/2666/368 1658/2667/368 1655/2668/370
f 1657/2669/368 1659/2670/372 1660/2671/372 1658/2672/368
f 1659/2670/372 1661/2673/373 1662/2674/373 1660/2671/372
f 1661/2675/373 1663/2676/369 1664/2677/369 1662/2678/373
f 1663/2679/369 1665/2680/375 1666/2681/375 1664/2682/369
f 1665/2680/375 1653/2661/366 1656/2664/366 1666/2681/375
s 159
f 1667/2683/366 1668/2684/370 1669/2685/370 1670/2686/366
f 1668/2687/370 1671/2688/368 1672/2689/368 1669/2690/370
f 1671/2691/368 1673/2692/372 1674/2693/372 1672/2694/368
f 1673/2692/372 1675/2695/373 1676/2696/373 1674/2693/372
f 1675/2697/373 1677/2698/369 1678/2699/369 1676/2700/373
f 1677/2701/369 1679/2702/375 1680/2703/375 1678/2704/369
f 1679/2702/375 1667/2683/366 1670/2686/366 1680/2703/375
s 160
f 1681/2705/366 1682/2706/366 1683/2707/366 1684/2708/366
s 161
f 1685/2709/385 1686/2710/388 1682/2711/389 1681/2712/387
f 1682/2711/389 1686/2710/388 1687/2713/390
f 1686/2710/388 1688/2714/380 1689/2715/391 1687/2713/390
f 1688/2714/380 1690/2716/383 1689/2715/391
f 1688/2714/380 1691/2717/381 1692/2718/382 1690/2716/383
f 1692/2718/382 1691/2717/381 1693/2719/384
f 1691/2717/381 1685/2709/385 1694/2720/386 1693/2719/384
f 1694/2720/386 1685/2709/385 1681/2712/387
f 1695/2721/402 1694/2722/386 1681/2723/387 1684/2724/401
f 1696/2725/400 1697/2726/395 1698/2727/403 1695/2728/402
f 1699/2729/397 1696/2725/400 1684/2730/401 1683/2731/399
f 1696/2725/400 1695/2728/402 1684/2730/401
f 1699/2732/397 1683/2733/399 1700/2734/398
f 1683/2733/399 1682/2735/389 1687/2736/390 1700/2734/398
f 1690/2737/383 1701/2738/392 1702/2739/393 1689/2740/391
f 1697/2741/395 1703/2742/394 1701/2738/392 1704/2743/396
f 1701/2738/392 1703/2742/394 1702/2739/393
f 1703/2744/394 1699/2732/397 1700/2734/398 1702/2745/393
f 1697/2741/395 1704/2743/396 1698/2746/403
f 1704/2743/396 1692/2747/382 1693/2748/384 1698/2746/403
s 162
f 1694/2722/369 1695/2721/369 1698/2749/369 1693/2750/369
s 163
f 1696/2725/6 1699/2729/6 1703/2751/6 1697/2726/6
s 164
f 1700/2734/368 1687/2736/368 1689/2752/368 1702/2745/368
s 165
f 1704/2743/367 1701/2738/367 1690/2737/367 1692/2747/367
s 166
f 1705/2753/413 1706/2754/3 1707/2755/3 1708/2756/413
f 1706/2754/3 1709/2757/421 1710/2758/421 1707/2755/3
f 1709/2759/421 1711/2760/366 1712/2761/366 1710/2762/421
f 1711/2760/366 1713/2763/422 1714/2764/422 1712/2761/366
f 1713/2765/422 1715/2766/6 1716/2767/6 1714/2768/422
f 1715/2766/6 1717/2769/412 1718/2770/412 1716/2767/6
f 1717/2771/412 1705/2772/413 1708/2773/413 1718/2774/412
f 1718/2774/412 1708/2773/413 1719/2775/413 1720/2776/412
f 1708/2756/413 1707/2755/3 1721/2777/3 1719/2778/413
f 1707/2755/3 1710/2758/421 1722/2779/421 1721/2777/3
f 1710/2762/421 1712/2761/366 1723/2780/366 1722/2781/421
f 1712/2761/366 1714/2764/422 1724/2782/422 1723/2780/366
f 1714/2768/422 1716/2767/6 1725/2783/6 1724/2784/422
f 1716/2767/6 1718/2770/412 1720/2785/412 1725/2783/6
s 167
f 1726/2786/376 1727/2787/377 1728/2788/377 1729/2789/376
f 1727/2790/377 1730/2791/3 1731/2792/3 1728/2793/377
f 1730/2794/3 1732/2795/378 1733/2796/378 1731/2797/3
f 1732/2795/378 1734/2798/379 1735/2799/379 1733/2796/378
f 1734/2800/379 1736/2801/6 1737/2802/6 1735/2803/379
f 1736/2804/6 1726/2786/376 1729/2789/376 1737/2805/6
s 168
f 1738/2806/366 1739/2807/370 1740/2808/370 1741/2809/366
f 1739/2810/370 1742/2811/368 1743/2812/368 1740/2813/370
f 1742/2814/368 1744/2815/372 1745/2816/372 1743/2817/368
f 1744/2815/372 1746/2818/373 1747/2819/373 1745/2816/372
f 1746/2820/373 1748/2821/369 1749/2822/369 1747/2823/373
f 1748/2824/369 1750/2825/375 1751/2826/375 1749/2827/369
f 1750/2825/375 1738/2806/366 1741/2809/366 1751/2826/375
s 169
f 1752/2828/366 1753/2829/370 1754/2830/370 1755/2831/366
f 1753/2832/370 1756/2833/368 1757/2834/368 1754/2835/370
f 1756/2836/368 1758/2837/372 1759/2838/372 1757/2839/368
f 1758/2837/372 1760/2840/373 1761/2841/373 1759/2838/372
f 1760/2842/373 1762/2843/369 1763/2844/369 1761/2845/373
f 1762/2846/369 1764/2847/375 1765/2848/375 1763/2849/369
f 1764/2847/375 1752/2828/366 1755/2831/366 1765/2848/375
s 170
f 1766/2850/366 1767/2851/370 1768/2852/370 1769/2853/366
f 1767/2854/370 1770/2855/368 1771/2856/368 1768/2857/370
f 1770/2858/368 1772/2859/372 1773/2860/372 1771/2861/368
f 1772/2859/372 1774/2862/373 1775/2863/373 1773/2860/372
f 1774/2864/373 1776/2865/369 1777/2866/369 1775/2867/373
f 1776/2868/369 1778/2869/375 1779/2870/375 1777/2871/369
f 1778/2869/375 1766/2850/366 1769/2853/366 1779/2870/375
s 171
f 1780/2872/366 1781/2873/424 1782/2874/424 1783/2875/366
f 1781/2876/424 1784/2877/371 1785/2878/371 1782/2879/424
f 1784/2880/371 1786/2881/372 1787/2882/372 1785/2883/371
f 1786/2881/372 1788/2884/373 1789/2885/373 1787/2882/372
f 1788/2886/373 1790/2887/374 1791/2888/374 1789/2889/373
f 1790/2890/374 1792/2891/425 1793/2892/425 1791/2893/374
f 1792/2891/425 1780/2872/366 1783/2875/366 1793/2892/425
s 172
f 1794/2894/367 1795/2895/367 1796/2896/367 1797/2897/367
s 173
f 1795/2898/396 1794/2899/382 1798/2900/426 1799/2901/403
f 1794/2899/382 1800/2902/381 1798/2900/426
f 1801/2903/380 1800/2904/381 1794/2894/382 1797/2897/383
f 1802/2905/385 1803/2906/388 1804/2907/389 1805/2908/387
f 1803/2909/388 1806/2910/427 1804/2911/389
f 1803/2909/388 1801/2912/380 1807/2913/428 1806/2910/427
f 1807/2914/428 1801/2903/380 1797/2897/383
f 1808/2915/393 1807/2914/428 1797/2897/383 1796/2896/392
f 1809/2916/394 1810/2917/397 1811/2918/398 1808/2919/393
f 1812/2920/400 1813/2921/395 1799/2922/403 1814/2923/402
f 1813/2921/395 1795/2924/396 1799/2922/403
f 1813/2921/395 1809/2916/394 1796/2925/392 1795/2924/396
f 1809/2916/394 1808/2919/393 1796/2925/392
f 1800/2902/381 1802/2926/385 1815/2927/429 1798/2900/426
f 1815/2927/429 1802/2926/385 1805/2928/387
f 1814/2929/402 1815/2927/429 1805/2928/387 1816/2930/401
f 1806/2910/427 1811/2931/398 1817/2932/399 1804/2911/389
f 1811/2918/398 1810/2917/397 1817/2933/399
f 1810/2917/397 1812/2920/400 1816/2934/401 1817/2933/399
f 1812/2920/400 1814/2923/402 1816/2934/401
s 174
f 1801/2935/3 1818/2936/3 1819/2937/3 1800/2938/3
f 1803/2939/3 1820/2940/3 1818/2936/3 1801/2935/3
f 1820/2940/3 1803/2939/3 1802/2941/3 1821/2942/3
f 1800/2938/3 1819/2937/3 1821/2942/3 1802/2941/3
s 175
f 1807/2913/368 1808/2943/368 1811/2931/368 1806/2910/368
s 176
f 1813/2921/6 1812/2920/6 1810/2917/6 1809/2916/6
s 177
f 1814/2929/369 1799/2901/369 1798/2900/369 1815/2927/369
s 178
f 1821/2942/430 1819/2937/431 1822/2944/432 1823/2945/433
f 1822/2944/432 1819/2937/431 1824/2946/434
f 1819/2937/431 1818/2936/435 1825/2947/436 1824/2946/434
f 1825/2947/436 1818/2936/435 1826/2948/437
f 1818/2936/435 1820/2940/438 1827/2949/439 1826/2948/437
f 1820/2940/438 1828/2950/440 1827/2949/439
f 1820/2940/438 1821/2942/430 1829/2951/441 1828/2950/440
f 1829/2951/441 1821/2942/430 1823/2945/433
f 1830/2952/387 1829/2953/441 1823/2954/433 1831/2955/386
f 1832/2956/385 1833/2957/388 1834/2958/389 1830/2959/387
f 1835/2960/380 1836/2961/381 1837/2962/382 1838/2963/383
f 1836/2964/381 1839/2965/426 1837/2966/382
f 1836/2964/381 1832/2967/385 1831/2955/386 1839/2965/426
f 1832/2967/385 1830/2952/387 1831/2955/386
f 1839/2965/426 1822/2968/432 1824/2969/434 1837/2966/382
f 1838/2963/383 1825/2970/436 1826/2971/437 1840/2972/391
f 1828/2973/440 1834/2974/389 1841/2975/427 1827/2976/439
f 1834/2974/389 1833/2977/388 1841/2975/427
f 1833/2977/388 1835/2978/380 1840/2979/391 1841/2975/427
f 1835/2960/380 1838/2963/383 1840/2972/391
s 179
f 1828/2980/366 1829/2981/366 1830/2959/366 1834/2958/366
s 180
f 1836/2982/3 1835/2983/3 1833/2984/3 1832/2985/3
s 181
f 1839/2965/369 1831/2955/369 1823/2954/369 1822/2968/369
s 182
f 1838/2963/367 1837/2962/367 1824/2986/367 1825/2970/367
s 183
f 1840/2979/368 1826/2987/368 1827/2976/368 1841/2975/368
s 184
f 1804/2907/366 1817/2988/366 1816/2989/366 1805/2908/366
s 185
f 1842/2990/408 1843/2991/421 1844/2992/421 1845/2993/408
f 1846/2994/408 1847/2995/421 1843/2991/421 1842/2990/408
f 1847/2996/421 1848/2997/366 1849/2998/366 1843/2999/421
f 1848/2997/366 1850/3000/422 1851/3001/422 1849/2998/366
f 1850/3002/422 1852/3003/409 1853/3004/409 1851/3005/422
f 1852/3003/409 1854/3006/423 1855/3007/423 1853/3004/409
f 1854/3008/423 1856/3009/420 1857/3010/420 1855/3011/423
f 1856/3012/420 1846/2994/408 1842/2990/408 1857/3013/420
f 1857/3013/420 1842/2990/408 1845/2993/408 1858/3014/420
f 1855/3011/423 1857/3010/420 1858/3015/420 1859/3016/423
f 1853/3004/409 1855/3007/423 1859/3017/423 1860/3018/409
f 1851/3005/422 1853/3004/409 1860/3018/409 1861/3019/422
f 1849/2998/366 1851/3001/422 1861/3020/422 1862/3021/366
f 1843/2999/421 1849/2998/366 1862/3021/366 1844/3022/421
s 186
f 1863/3023/410 1864/3024/411 1865/3025/411 1866/3026/410
f 1864/3024/411 1867/3027/412 1868/3028/412 1865/3025/411
f 1867/3029/412 1869/3030/413 1870/3031/413 1868/3032/412
f 1869/3033/413 1871/3034/414 1872/3035/414 1870/3036/413
f 1871/3034/414 1873/3037/415 1874/3038/415 1872/3035/414
f 1873/3039/415 1875/3040/366 1876/3041/366 1874/3042/415
f 1875/3040/366 1863/3043/410 1866/3044/410 1876/3041/366
f 1876/3041/366 1866/3044/410 1877/3045/410 1878/3046/366
f 1866/3026/410 1865/3025/411 1879/3047/411 1877/3048/410
f 1865/3025/411 1868/3028/412 1880/3049/412 1879/3047/411
f 1868/3032/412 1870/3031/413 1881/3050/413 1880/3051/412
f 1870/3036/413 1872/3035/414 1882/3052/414 1881/3053/413
f 1872/3035/414 1874/3038/415 1883/3054/415 1882/3052/414
f 1874/3042/415 1876/3041/366 1878/3046/366 1883/3055/415
s 187
f 1884/3056/369 1885/3057/404 1886/3058/404 1887/3059/369
f 1885/3060/404 1888/3061/366 1889/3062/366 1886/3063/404
f 1888/3064/366 1890/3065/405 1891/3066/405 1889/3067/366
f 1890/3065/405 1892/3068/406 1893/3069/406 1891/3066/405
f 1892/3070/406 1894/3071/367 1895/3072/367 1893/3073/406
f 1894/3074/367 1896/3075/407 1897/3076/407 1895/3077/367
f 1896/3075/407 1884/3056/369 1887/3059/369 1897/3076/407
s 188
f 1898/3078/369 1899/3079/404 1900/3080/404 1901/3081/369
f 1899/3082/404 1902/3083/366 1903/3084/366 1900/3085/404
f 1902/3086/366 1904/3087/405 1905/3088/405 1903/3089/366
f 1904/3087/405 1906/3090/406 1907/3091/406 1905/3088/405
f 1906/3092/406 1908/3093/367 1909/3094/367 1907/3095/406
f 1908/3096/367 1910/3097/407 1911/3098/407 1909/3099/367
f 1910/3097/407 1898/3078/369 1901/3081/369 1911/3098/407
s 189
f 1912/3100/1 1913/3101/2 1914/3102/2 1915/3103/1
f 1913/3104/2 1916/3105/3 1917/3106/3 1914/3107/2
f 1916/3108/3 1918/3109/4 1919/3110/4 1917/3111/3
f 1918/3109/4 1920/3112/5 1921/3113/5 1919/3110/4
f 1920/3114/5 1922/3115/6 1923/3116/6 1921/3117/5
f 1922/3118/6 1912/3100/1 1915/3103/1 1923/3119/6
s 190
f 1924/3120/366 1925/3121/370 1926/3122/370 1927/3123/366
f 1925/3124/370 1928/3125/368 1929/3126/368 1926/3127/370
f 1928/3128/368 1930/3129/372 1931/3130/372 1929/3131/368
f 1930/3129/372 1932/3132/373 1933/3133/373 1931/3130/372
f 1932/3134/373 1934/3135/369 1935/3136/369 1933/3137/373
f 1934/3138/369 1936/3139/375 1937/3140/375 1935/3141/369
f 1936/3139/375 1924/3120/366 1927/3123/366 1937/3140/375
s 191
f 1938/3142/369 1939/3143/404 1940/3144/404 1941/3145/369
f 1939/3146/404 1942/3147/366 1943/3148/366 1940/3149/404
f 1942/3150/366 1944/3151/405 1945/3152/405 1943/3153/366
f 1944/3151/405 1946/3154/406 1947/3155/406 1945/3152/405
f 1946/3156/406 1948/3157/367 1949/3158/367 1947/3159/406
f 1948/3160/367 1950/3161/407 1951/3162/407 1949/3163/367
f 1950/3161/407 1938/3142/369 1941/3145/369 1951/3162/407
s 192
f 1952/3164/366 1953/3165/370 1954/3166/370 1955/3167/366
f 1953/3168/370 1956/3169/368 1957/3170/368 1954/3171/370
f 1956/3172/368 1958/3173/372 1959/3174/372 1957/3175/368
f 1958/3173/372 1960/3176/373 1961/3177/373 1959/3174/372
f 1960/3178/373 1962/3179/369 1963/3180/369 1961/3181/373
f 1962/3182/369 1964/3183/375 1965/3184/375 1963/3185/369
f 1964/3183/375 1952/3164/366 1955/3167/366 1965/3184/375
s 193
f 1966/3186/366 1967/3187/422 1968/3188/422 1969/3189/366
f 1967/3190/422 1970/3191/6 1971/3192/6 1968/3193/422
f 1970/3191/6 1972/3194/412 1973/3195/412 1971/3192/6
f 1972/3196/412 1974/3197/413 1975/3198/413 1973/3199/412
f 1974/3200/413 1976/3201/3 1977/3202/3 1975/3203/413
f 1976/3201/3 1978/3204/421 1979/3205/421 1977/3202/3
f 1978/3206/421 1966/3186/366 1969/3189/366 1979/3207/421
f 1979/3207/421 1969/3189/366 1980/3208/366 1981/3209/421
f 1969/3189/366 1968/3188/422 1982/3210/422 1980/3208/366
f 1968/3193/422 1971/3192/6 1983/3211/6 1982/3212/422
f 1971/3192/6 1973/3195/412 1984/3213/412 1983/3211/6
f 1973/3199/412 1975/3198/413 1985/3214/413 1984/3215/412
f 1975/3203/413 1977/3202/3 1986/3216/3 1985/3217/413
f 1977/3202/3 1979/3205/421 1981/3218/421 1986/3216/3
s 194
f 1987/3219/366 1988/3220/370 1989/3221/370 1990/3222/366
f 1988/3223/370 1991/3224/368 1992/3225/368 1989/3226/370
f 1991/3227/368 1993/3228/372 1994/3229/372 1992/3230/368
f 1993/3228/372 1995/3231/373 1996/3232/373 1994/3229/372
f 1995/3233/373 1997/3234/369 1998/3235/369 1996/3236/373
f 1997/3237/369 1999/3238/375 2000/3239/375 1998/3240/369
f 1999/3238/375 1987/3219/366 1990/3222/366 2000/3239/375
s 195
f 2001/3241/369 2002/3242/404 2003/3243/404 2004/3244/369
f 2002/3245/404 2005/3246/366 2006/3247/366 2003/3248/404
f 2005/3249/366 2007/3250/405 2008/3251/405 2006/3252/366
f 2007/3250/405 2009/3253/406 2010/3254/406 2008/3251/405
f 2009/3255/406 2011/3256/367 2012/3257/367 2010/3258/406
f 2011/3259/367 2013/3260/407 2014/3261/407 2012/3262/367
f 2013/3260/407 2001/3241/369 2004/3244/369 2014/3261/407
s 196
f 2015/3263/366 2016/3264/370 2017/3265/370 2018/3266/366
f 2016/3267/370 2019/3268/368 2020/3269/368 2017/3270/370
f 2019/3271/368 2021/3272/372 2022/3273/372 2020/3274/368
f 2021/3272/372 2023/3275/373 2024/3276/373 2022/3273/372
f 2023/3277/373 2025/3278/369 2026/3279/369 2024/3280/373
f 2025/3281/369 2027/3282/375 2028/3283/375 2026/3284/369
f 2027/3282/375 2015/3263/366 2018/3266/366 2028/3283/375
s 197
f 2029/3285/366 2030/3286/370 2031/3287/370 2032/3288/366
f 2030/3289/370 2033/3290/368 2034/3291/368 2031/3292/370
f 2033/3293/368 2035/3294/372 2036/3295/372 2034/3296/368
f 2035/3294/372 2037/3297/373 2038/3298/373 2036/3295/372
f 2037/3299/373 2039/3300/369 2040/3301/369 2038/3302/373
f 2039/3303/369 2041/3304/375 2042/3305/375 2040/3306/369
f 2041/3304/375 2029/3285/366 2032/3288/366 2042/3305/375
s 198
f 2043/3307/1 2044/3308/2 2045/3309/2 2046/3310/1
f 2044/3311/2 2047/3312/3 2048/3313/3 2045/3314/2
f 2047/3315/3 2049/3316/4 2050/3317/4 2048/3318/3
f 2049/3316/4 2051/3319/5 2052/3320/5 2050/3317/4
f 2051/3321/5 2053/3322/6 2054/3323/6 2052/3324/5
f 2053/3325/6 2043/3307/1 2046/3310/1 2054/3326/6
s 199
f 2055/3327/1 2056/3328/2 2057/3329/2 2058/3330/1
f 2056/3331/2 2059/3332/3 2060/3333/3 2057/3334/2
f 2059/3335/3 2061/3336/4 2062/3337/4 2060/3338/3
f 2061/3336/4 2063/3339/5 2064/3340/5 2062/3337/4
f 2063/3341/5 2065/3342/6 2066/3343/6 2064/3344/5
f 2065/3345/6 2055/3327/1 2058/3330/1 2066/3346/6
s 200
f 2067/3347/369 2068/3348/369 2069/3349/369 2070/3350/369
s 201
f 2071/3351/396 2072/3352/382 2068/3353/384 2067/3354/403
f 2072/3352/382 2073/3355/381 2068/3353/384
f 2074/3356/380 2073/3355/381 2072/3352/382 2075/3357/383
f 2076/3358/388 2074/3359/380 2077/3360/391 2078/3361/390
f 2077/3360/391 2074/3359/380 2075/3362/383
f 2079/3363/393 2077/3360/391 2075/3362/383 2080/3364/392
f 2081/3365/394 2082/3366/397 2083/3367/398 2079/3363/393
f 2084/3368/395 2081/3369/394 2080/3370/392 2071/3351/396
f 2081/3365/394 2079/3363/393 2080/3364/392
f 2084/3368/395 2071/3351/396 2067/3354/403
f 2085/3371/400 2084/3372/395 2067/3373/403 2070/3374/402
f 2086/3375/401 2085/3376/400 2070/3377/402
f 2082/3378/397 2085/3376/400 2086/3375/401 2087/3379/399
f 2082/3366/397 2087/3380/399 2083/3367/398
f 2087/3380/399 2088/3381/389 2078/3361/390 2083/3367/398
f 2088/3381/389 2076/3358/388 2078/3361/390
f 2089/3382/385 2076/3383/388 2088/3384/389 2090/3385/387
f 2089/3382/385 2090/3385/387 2069/3386/386
f 2090/3385/387 2086/3375/401 2070/3377/402 2069/3386/386
f 2073/3387/381 2089/3388/385 2069/3389/386 2068/3390/384
s 202
f 2074/3391/3 2076/3392/3 2089/3388/3 2073/3387/3
s 203
f 2078/3361/368 2077/3360/368 2079/3363/368 2083/3367/368
s 204
f 2081/3393/6 2084/3372/6 2085/3371/6 2082/3394/6
s 205
f 2091/3395/366 2092/3396/370 2093/3397/370 2094/3398/366
f 2092/3399/370 2095/3400/368 2096/3401/368 2093/3402/370
f 2095/3403/368 2097/3404/372 2098/3405/372 2096/3406/368
f 2097/3404/372 2099/3407/373 2100/3408/373 2098/3405/372
f 2099/3409/373 2101/3410/369 2102/3411/369 2100/3412/373
f 2101/3413/369 2103/3414/375 2104/3415/375 2102/3416/369
f 2103/3414/375 2091/3395/366 2094/3398/366 2104/3415/375
s 206
f 2105/3417/366 2106/3418/370 2107/3419/370 2108/3420/366
f 2106/3421/370 2109/3422/371 2110/3423/371 2107/3424/370
f 2109/3425/371 2111/3426/372 2112/3427/372 2110/3428/371
f 2111/3426/372 2113/3429/373 2114/3430/373 2112/3427/372
f 2113/3431/373 2115/3432/374 2116/3433/374 2114/3434/373
f 2115/3435/374 2117/3436/375 2118/3437/375 2116/3438/374
f 2117/3436/375 2105/3417/366 2108/3420/366 2118/3437/375
s 207
f 2119/3439/412 2120/3440/413 2121/3441/413 2122/3442/412
f 2123/3443/412 2124/3444/413 2120/3440/413 2119/3439/412
f 2124/3445/413 2125/3446/414 2126/3447/414 2120/3448/413
f 2125/3446/414 2127/3449/415 2128/3450/415 2126/3447/414
f 2127/3451/415 2129/3452/366 2130/3453/366 2128/3454/415
f 2129/3452/366 2131/3455/410 2132/3456/410 2130/3453/366
f 2131/3457/410 2133/3458/411 2134/3459/411 2132/3460/410
f 2133/3458/411 2123/3461/412 2119/3462/412 2134/3459/411
f 2134/3459/411 2119/3462/412 2122/3463/412 2135/3464/411
f 2132/3460/410 2134/3459/411 2135/3464/411 2136/3465/410
f 2130/3453/366 2132/3456/410 2136/3466/410 2137/3467/366
f 2128/3454/415 2130/3453/366 2137/3467/366 2138/3468/415
f 2126/3447/414 2128/3450/415 2138/3469/415 2139/3470/414
f 2120/3448/413 2126/3447/414 2139/3470/414 2121/3471/413
s 208
f 2140/3472/366 2141/3473/370 2142/3474/370 2143/3475/366
f 2141/3476/370 2144/3477/368 2145/3478/368 2142/3479/370
f 2144/3480/368 2146/3481/372 2147/3482/372 2145/3483/368
f 2146/3481/372 2148/3484/373 2149/3485/373 2147/3482/372
f 2148/3486/373 2150/3487/369 2151/3488/369 2149/3489/373
f 2150/3490/369 2152/3491/375 2153/3492/375 2151/3493/369
f 2152/3491/375 2140/3472/366 2143/3475/366 2153/3492/375
s 209
f 2154/3494/366 2155/3495/370 2156/3496/370 2157/3497/366
f 2155/3498/370 2158/3499/368 2159/3500/368 2156/3501/370
f 2158/3502/368 2160/3503/372 2161/3504/372 2159/3505/368
f 2160/3503/372 2162/3506/373 2163/3507/373 2161/3504/372
f 2162/3508/373 2164/3509/369 2165/3510/369 2163/3511/373
f 2164/3512/369 2166/3513/375 2167/3514/375 2165/3515/369
f 2166/3513/375 2154/3494/366 2157/3497/366 2167/3514/375
s 210
f 2168/3516/366 2169/3517/410 2170/3518/410 2171/3519/366
f 2169/3520/410 2172/3521/411 2173/3522/411 2170/3523/410
f 2172/3521/411 2174/3524/412 2175/3525/412 2173/3522/411
f 2174/3526/412 2176/3527/413 2177/3528/413 2175/3529/412
f 2176/3530/413 2178/3531/414 2179/3532/414 2177/3533/413
f 2178/3531/414 2180/3534/415 2181/3535/415 2179/3532/414
f 2180/3536/415 2168/3516/366 2171/3519/366 2181/3537/415
f 2181/3537/415 2171/3519/366 2182/3538/366 2183/3539/415
f 2171/3519/366 2170/3518/410 2184/3540/410 2182/3538/366
f 2170/3523/410 2173/3522/411 2185/3541/411 2184/3542/410
f 2173/3522/411 2175/3525/412 2186/3543/412 2185/3541/411
f 2175/3529/412 2177/3528/413 2187/3544/413 2186/3545/412
f 2177/3533/413 2179/3532/414 2188/3546/414 2187/3547/413
f 2179/3532/414 2181/3535/415 2183/3548/415 2188/3546/414
s 211
f 2189/3549/366 2190/3550/370 2191/3551/370 2192/3552/366
f 2190/3553/370 2193/3554/368 2194/3555/368 2191/3556/370
f 2193/3557/368 2195/3558/372 2196/3559/372 2194/3560/368
f 2195/3558/372 2197/3561/373 2198/3562/373 2196/3559/372
f 2197/3563/373 2199/3564/369 2200/3565/369 2198/3566/373
f 2199/3567/369 2201/3568/375 2202/3569/375 2200/3570/369
f 2201/3568/375 2189/3549/366 2192/3552/366 2202/3569/375
s 212
f 2203/3571/369 2204/3572/404 2205/3573/404 2206/3574/369
f 2204/3575/404 2207/3576/366 2208/3577/366 2205/3578/404
f 2207/3579/366 2209/3580/405 2210/3581/405 2208/3582/366
f 2209/3580/405 2211/3583/406 2212/3584/406 2210/3581/405
f 2211/3585/406 2213/3586/367 2214/3587/367 2212/3588/406
f 2213/3589/367 2215/3590/407 2216/3591/407 2214/3592/367
f 2215/3590/407 2203/3571/369 2206/3574/369 2216/3591/407
s 213
f 2217/3593/369 2218/3594/369 2219/3595/369
f 2218/3594/369 2220/3596/369 2219/3595/369
f 2220/3596/369 2221/3597/369 2219/3595/369
f 2221/3597/369 2222/3598/369 2219/3595/369
f 2222/3598/369 2223/3599/369 2219/3595/369
f 2223/3599/369 2224/3600/369 2219/3595/369
f 2224/3600/369 2225/3601/369 2219/3595/369
f 2225/3601/369 2226/3602/369 2219/3595/369
f 2226/3602/369 2227/3603/369 2219/3595/369
f 2227/3603/369 2228/3604/369 2219/3595/369
f 2228/3604/369 2229/3605/369 2219/3595/369
f 2230/3606/369 2219/3595/369 2229/3605/369
f 2231/3607/369 2232/3608/369 2219/3595/369 2230/3606/369
f 2233/3609/369 2232/3608/369 2231/3607/369
f 2233/3609/369 2234/3610/369 2232/3608/369
f 2235/3611/369 2232/3608/369 2234/3610/369
f 2236/3612/369 2232/3608/369 2235/3611/369
f 2236/3612/369 2237/3613/369 2232/3608/369
f 2238/3614/369 2232/3608/369 2237/3613/369
f 2238/3614/369 2239/3615/369 2232/3608/369
f 2240/3616/369 2232/3608/369 2239/3615/369
f 2240/3616/369 2241/3617/369 2232/3608/369
f 2241/3617/369 2242/3618/369 2232/3608/369
f 2242/3618/369 2243/3619/369 2232/3608/369
f 2244/3620/369 2232/3608/369 2243/3619/369
f 2245/3621/369 2246/3622/369 2232/3608/369 2244/3620/369
f 2245/3621/369 2247/3623/369 2246/3622/369
f 2248/3624/369 2246/3622/369 2247/3623/369
f 2249/3625/369 2246/3622/369 2248/3624/369
f 2249/3625/369 2250/3626/369 2246/3622/369
f 2250/3626/369 2251/3627/369 2246/3622/369
f 2252/3628/369 2246/3622/369 2251/3627/369
f 2253/3629/369 2246/3622/369 2252/3628/369
f 2253/3629/369 2254/3630/369 2246/3622/369
f 2254/3630/369 2255/3631/369 2246/3622/369
f 2256/3632/369 2246/3622/369 2255/3631/369
f 2256/3632/369 2257/3633/369 2246/3622/369
f 2258/3634/369 2246/3622/369 2257/3633/369
f 2259/3635/369 2260/3636/369 2246/3622/369 2258/3634/369
f 2259/3635/369 2261/3637/369 2260/3636/369
f 2261/3637/369 2262/3638/369 2260/3636/369
f 2262/3638/369 2263/3639/369 2260/3636/369
f 2263/3639/369 2264/3640/369 2260/3636/369
f 2264/3640/369 2265/3641/369 2260/3636/369
f 2266/3642/369 2260/3636/369 2265/3641/369
f 2266/3642/369 2267/3643/369 2260/3636/369
f 2268/3644/369 2260/3636/369 2267/3643/369
f 2269/3645/369 2260/3636/369 2268/3644/369
f 2269/3645/369 2270/3646/369 2260/3636/369
f 2271/3647/369 2260/3636/369 2270/3646/369
f 2272/3648/369 2260/3636/369 2271/3647/369
f 2217/3593/369 2219/3595/369 2260/3636/369 2272/3648/369
f 2232/3608/369 2246/3622/369 2260/3636/369 2219/3595/369
s 214
f 2273/3649/376 2274/3650/377 2275/3651/377 2276/3652/376
f 2274/3653/377 2277/3654/3 2278/3655/3 2275/3656/377
f 2277/3657/3 2279/3658/378 2280/3659/378 2278/3660/3
f 2279/3658/378 2281/3661/379 2282/3662/379 2280/3659/378
f 2281/3663/379 2283/3664/6 2284/3665/6 2282/3666/379
f 2283/3667/6 2273/3649/376 2276/3652/376 2284/3668/6
s 215
f 2285/3669/1 2286/3670/2 2287/3671/2 2288/3672/1
f 2286/3673/2 2289/3674/3 2290/3675/3 2287/3676/2
f 2289/3677/3 2291/3678/4 2292/3679/4 2290/3680/3
f 2291/3678/4 2293/3681/5 2294/3682/5 2292/3679/4
f 2293/3683/5 2295/3684/6 2296/3685/6 2294/3686/5
f 2295/3687/6 2285/3669/1 2288/3672/1 2296/3688/6
s 216
f 2297/3689/369 2298/3690/404 2299/3691/404 2300/3692/369
f 2298/3693/404 2301/3694/366 2302/3695/366 2299/3696/404
f 2301/3697/366 2303/3698/405 2304/3699/405 2302/3700/366
f 2303/3698/405 2305/3701/406 2306/3702/406 2304/3699/405
f 2305/3703/406 2307/3704/367 2308/3705/367 2306/3706/406
f 2307/3707/367 2309/3708/407 2310/3709/407 2308/3710/367
f 2309/3708/407 2297/3689/369 2300/3692/369 2310/3709/407
s 217
f 2311/3711/366 2312/3712/370 2313/3713/370 2314/3714/366
f 2312/3715/370 2315/3716/368 2316/3717/368 2313/3718/370
f 2315/3719/368 2317/3720/372 2318/3721/372 2316/3722/368
f 2317/3720/372 2319/3723/373 2320/3724/373 2318/3721/372
f 2319/3725/373 2321/3726/369 2322/3727/369 2320/3728/373
f 2321/3729/369 2323/3730/375 2324/3731/375 2322/3732/369
f 2323/3730/375 2311/3711/366 2314/3714/366 2324/3731/375
s 218
f 2325/3733/442 2326/3734/443 2327/3735/443 2328/3736/442
f 2326/3737/443 2329/3738/368 2330/3739/368 2327/3740/443
f 2329/3741/368 2331/3742/444 2332/3743/444 2330/3744/368
f 2331/3742/444 2333/3745/445 2334/3746/445 2332/3743/444
f 2333/3747/445 2335/3748/369 2336/3749/369 2334/3750/445
f 2335/3751/369 2325/3733/442 2328/3736/442 2336/3752/369
s 219
f 2337/3753/366 2338/3754/370 2339/3755/370 2340/3756/366
f 2338/3757/370 2341/3758/368 2342/3759/368 2339/3760/370
f 2341/3761/368 2343/3762/372 2344/3763/372 2342/3764/368
f 2343/3762/372 2345/3765/373 2346/3766/373 2344/3763/372
f 2345/3767/373 2347/3768/369 2348/3769/369 2346/3770/373
f 2347/3771/369 2349/3772/375 2350/3773/375 2348/3774/369
f 2349/3772/375 2337/3753/366 2340/3756/366 2350/3773/375
s 220
f 2351/3775/413 2352/3776/414 2353/3777/414 2354/3778/413
f 2355/3779/413 2356/3780/414 2352/3776/414 2351/3775/413
f 2356/3780/414 2357/3781/415 2358/3782/415 2352/3776/414
f 2357/3783/415 2359/3784/366 2360/3785/366 2358/3786/415
f 2359/3784/366 2361/3787/410 2362/3788/410 2360/3785/366
f 2361/3789/410 2363/3790/411 2364/3791/411 2362/3792/410
f 2363/3790/411 2365/3793/412 2366/3794/412 2364/3791/411
f 2365/3795/412 2355/3796/413 2351/3797/413 2366/3798/412
f 2366/3798/412 2351/3797/413 2354/3799/413 2367/3800/412
f 2364/3791/411 2366/3794/412 2367/3801/412 2368/3802/411
f 2362/3792/410 2364/3791/411 2368/3802/411 2369/3803/410
f 2360/3785/366 2362/3788/410 2369/3804/410 2370/3805/366
f 2358/3786/415 2360/3785/366 2370/3805/366 2371/3806/415
f 2352/3776/414 2358/3782/415 2371/3807/415 2353/3777/414
s 221
f 2372/3808/412 2373/3809/413 2374/3810/413 2375/3811/412
f 2376/3812/412 2377/3813/413 2373/3809/413 2372/3808/412
f 2377/3814/413 2378/3815/3 2379/3816/3 2373/3817/413
f 2378/3815/3 2380/3818/421 2381/3819/421 2379/3816/3
f 2380/3820/421 2382/3821/366 2383/3822/366 2381/3823/421
f 2382/3821/366 2384/3824/422 2385/3825/422 2383/3822/366
f 2384/3826/422 2386/3827/6 2387/3828/6 2385/3829/422
f 2386/3827/6 2376/3830/412 2372/3831/412 2387/3828/6
f 2387/3828/6 2372/3831/412 2375/3832/412 2388/3833/6
f 2385/3829/422 2387/3828/6 2388/3833/6 2389/3834/422
f 2383/3822/366 2385/3825/422 2389/3835/422 2390/3836/366
f 2381/3823/421 2383/3822/366 2390/3836/366 2391/3837/421
f 2379/3816/3 2381/3819/421 2391/3838/421 2392/3839/3
f 2373/3817/413 2379/3816/3 2392/3839/3 2374/3840/413
s 222
f 2393/3841/369 2394/3842/404 2395/3843/404 2396/3844/369
f 2394/3845/404 2397/3846/366 2398/3847/366 2395/3848/404
f 2397/3849/366 2399/3850/405 2400/3851/405 2398/3852/366
f 2399/3850/405 2401/3853/406 2402/3854/406 2400/3851/405
f 2401/3855/406 2403/3856/367 2404/3857/367 2402/3858/406
f 2403/3859/367 2405/3860/407 2406/3861/407 2404/3862/367
f 2405/3860/407 2393/3841/369 2396/3844/369 2406/3861/407
s 223
f 2407/3863/1 2408/3864/2 2409/3865/2 2410/3866/1
f 2408/3867/2 2411/3868/3 2412/3869/3 2409/3870/2
f 2411/3871/3 2413/3872/4 2414/3873/4 2412/3874/3
f 2413/3872/4 2415/3875/5 2416/3876/5 2414/3873/4
f 2415/3877/5 2417/3878/6 2418/3879/6 2416/3880/5
f 2417/3881/6 2407/3863/1 2410/3866/1 2418/3882/6
s 224
f 2419/3883/442 2420/3884/443 2421/3885/443 2422/3886/442
f 2420/3887/443 2423/3888/368 2424/3889/368 2421/3890/443
f 2423/3891/368 2425/3892/444 2426/3893/444 2424/3894/368
f 2425/3892/444 2427/3895/445 2428/3896/445 2426/3893/444
f 2427/3897/445 2429/3898/369 2430/3899/369 2428/3900/445
f 2429/3901/369 2419/3883/442 2422/3886/442 2430/3902/369
s 225
f 2431/3903/412 2432/3904/413 2433/3905/413 2434/3906/412
f 2435/3907/412 2436/3908/413 2432/3904/413 2431/3903/412
f 2436/3909/413 2437/3910/414 2438/3911/414 2432/3912/413
f 2437/3910/414 2439/3913/415 2440/3914/415 2438/3911/414
f 2439/3915/415 2441/3916/366 2442/3917/366 2440/3918/415
f 2441/3916/366 2443/3919/410 2444/3920/410 2442/3917/366
f 2443/3921/410 2445/3922/411 2446/3923/411 2444/3924/410
f 2445/3922/411 2435/3925/412 2431/3926/412 2446/3923/411
f 2446/3923/411 2431/3926/412 2434/3927/412 2447/3928/411
f 2444/3924/410 2446/3923/411 2447/3928/411 2448/3929/410
f 2442/3917/366 2444/3920/410 2448/3930/410 2449/3931/366
f 2440/3918/415 2442/3917/366 2449/3931/366 2450/3932/415
f 2438/3911/414 2440/3914/415 2450/3933/415 2451/3934/414
f 2432/3912/413 2438/3911/414 2451/3934/414 2433/3935/413
s 226
f 2452/3936/369 2453/3937/404 2454/3938/404 2455/3939/369
f 2453/3940/404 2456/3941/366 2457/3942/366 2454/3943/404
f 2456/3944/366 2458/3945/405 2459/3946/405 2457/3947/366
f 2458/3945/405 2460/3948/406 2461/3949/406 2459/3946/405
f 2460/3950/406 2462/3951/367 2463/3952/367 2461/3953/406
f 2462/3954/367 2464/3955/407 2465/3956/407 2463/3957/367
f 2464/3955/407 2452/3936/369 2455/3939/369 2465/3956/407
s 227
f 2466/3958/366 2467/3959/370 2468/3960/370 2469/3961/366
f 2467/3962/370 2470/3963/368 2471/3964/368 2468/3965/370
f 2470/3966/368 2472/3967/372 2473/3968/372 2471/3969/368
f 2472/3967/372 2474/3970/373 2475/3971/373 2473/3968/372
f 2474/3972/373 2476/3973/369 2477/3974/369 2475/3975/373
f 2476/3976/369 2478/3977/375 2479/3978/375 2477/3979/369
f 2478/3977/375 2466/3958/366 2469/3961/366 2479/3978/375
s 228
f 2480/3980/422 2481/3981/409 2482/3982/409 2483/3983/422
f 2481/3981/409 2484/3984/423 2485/3985/423 2482/3982/409
f 2484/3986/423 2486/3987/420 2487/3988/420 2485/3989/423
f 2486/3990/420 2488/3991/408 2489/3992/408 2487/3993/420
f 2488/3991/408 2490/3994/421 2491/3995/421 2489/3992/408
f 2490/3996/421 2492/3997/366 2493/3998/366 2491/3999/421
f 2492/3997/366 2480/4000/422 2483/4001/422 2493/3998/366
f 2493/3998/366 2483/4001/422 2494/4002/422 2495/4003/366
f 2483/3983/422 2482/3982/409 2496/4004/409 2494/4005/422
f 2482/3982/409 2485/3985/423 2497/4006/423 2496/4004/409
f 2485/3989/423 2487/3988/420 2498/4007/420 2497/4008/423
f 2487/3993/420 2489/3992/408 2499/4009/408 2498/4010/420
f 2489/3992/408 2491/3995/421 2500/4011/421 2499/4009/408
f 2491/3999/421 2493/3998/366 2495/4003/366 2500/4012/421
