# Blender v2.78 (sub 0) OBJ File: 'video_store_vhs_02.blend'
# www.blender.org
mtllib video_store_vhs_02.mtl
o Mesh19_Group21_Group2_Group1_Model
v 0.263935 0.190000 0.042459
v 0.263935 0.190000 -0.055541
v 0.245935 0.190000 -0.055541
v 0.245935 0.190000 0.042459
v 0.264935 0.189000 0.042459
v 0.264935 0.189000 -0.055541
v 0.264935 0.001000 -0.055541
v 0.263935 0.001000 -0.056541
v 0.263935 0.189000 -0.056541
v 0.263935 0.000000 -0.055541
v 0.264935 0.001000 0.042459
v 0.263935 -0.000000 0.042459
v 0.263935 0.001000 0.043459
v 0.245935 0.001000 0.043459
v 0.245935 -0.000000 0.042459
v 0.245935 0.189000 0.043459
v 0.263935 0.189000 0.043459
v 0.244935 0.189000 0.042459
v 0.244935 0.001000 0.042459
v 0.244935 0.001000 -0.055541
v 0.244935 0.189000 -0.055541
v 0.245935 0.189000 -0.056541
v 0.245935 0.001000 -0.056541
v 0.245935 0.000000 -0.055541
v 0.434245 0.402000 0.039014
v 0.434245 0.402000 -0.058986
v 0.416245 0.402000 -0.058986
v 0.416245 0.402000 0.039014
v 0.435245 0.401000 0.039014
v 0.435245 0.401000 -0.058986
v 0.434245 0.401000 0.040014
v 0.416245 0.401000 0.040014
v 0.415245 0.401000 0.039014
v 0.415245 0.401000 -0.058986
v 0.416245 0.401000 -0.059986
v 0.434245 0.401000 -0.059986
v 0.434245 0.213000 -0.059986
v 0.435245 0.213000 -0.058986
v 0.434245 0.213000 0.040014
v 0.435245 0.213000 0.039014
v 0.416245 0.212000 0.039014
v 0.434245 0.212000 0.039014
v 0.416245 0.213000 0.040014
v 0.434245 0.212000 -0.058986
v 0.415245 0.213000 0.039014
v 0.416245 0.212000 -0.058986
v 0.415245 0.213000 -0.058986
v 0.416245 0.213000 -0.059986
v -0.265222 0.402000 0.036459
v -0.265222 0.402000 -0.061541
v -0.283222 0.402000 -0.061541
v -0.283222 0.402000 0.036459
v -0.264222 0.401000 0.036459
v -0.264222 0.401000 -0.061541
v -0.265222 0.401000 0.037459
v -0.283222 0.401000 0.037459
v -0.284222 0.401000 0.036459
v -0.284222 0.401000 -0.061541
v -0.283222 0.401000 -0.062541
v -0.265222 0.401000 -0.062541
v -0.265222 0.213000 -0.062541
v -0.264222 0.213000 -0.061541
v -0.265222 0.213000 0.037459
v -0.264222 0.213000 0.036459
v -0.283222 0.212000 0.036459
v -0.265222 0.212000 0.036459
v -0.283222 0.213000 0.037459
v -0.265222 0.212000 -0.061541
v -0.284222 0.213000 0.036459
v -0.283222 0.212000 -0.061541
v -0.284222 0.213000 -0.061541
v -0.283222 0.213000 -0.062541
v -0.014882 0.190000 0.049000
v -0.014882 0.190000 -0.049000
v -0.032882 0.190000 -0.049000
v -0.032882 0.190000 0.049000
v -0.013882 0.189000 0.049000
v -0.013882 0.189000 -0.049000
v -0.013882 0.001000 -0.049000
v -0.014882 0.001000 -0.050000
v -0.014882 0.189000 -0.050000
v -0.014882 0.000000 -0.049000
v -0.013882 0.001000 0.049000
v -0.014882 -0.000000 0.049000
v -0.014882 0.001000 0.050000
v -0.032882 0.001000 0.050000
v -0.032882 -0.000000 0.049000
v -0.032882 0.189000 0.050000
v -0.014882 0.189000 0.050000
v -0.033882 0.189000 0.049000
v -0.033882 0.001000 0.049000
v -0.033882 0.001000 -0.049000
v -0.033882 0.189000 -0.049000
v -0.032882 0.189000 -0.050000
v -0.032882 0.001000 -0.050000
v -0.032882 0.000000 -0.049000
v -0.286857 0.402000 0.042459
v -0.286857 0.402000 -0.055541
v -0.304857 0.402000 -0.055541
v -0.304857 0.402000 0.042459
v -0.285857 0.401000 0.042459
v -0.285857 0.401000 -0.055541
v -0.286857 0.401000 0.043459
v -0.304857 0.401000 0.043459
v -0.305857 0.401000 0.042459
v -0.305857 0.401000 -0.055541
v -0.304857 0.401000 -0.056541
v -0.286857 0.401000 -0.056541
v -0.286857 0.213000 -0.056541
v -0.285857 0.213000 -0.055541
v -0.286857 0.213000 0.043459
v -0.285857 0.213000 0.042459
v -0.304857 0.212000 0.042459
v -0.286857 0.212000 0.042459
v -0.304857 0.213000 0.043459
v -0.286857 0.212000 -0.055541
v -0.305857 0.213000 0.042459
v -0.304857 0.212000 -0.055541
v -0.305857 0.213000 -0.055541
v -0.304857 0.213000 -0.056541
v 0.162883 0.402000 0.043556
v 0.162883 0.402000 -0.054444
v 0.144883 0.402000 -0.054444
v 0.144883 0.402000 0.043556
v 0.163883 0.401000 0.043556
v 0.163883 0.401000 -0.054444
v 0.162883 0.401000 0.044556
v 0.144883 0.401000 0.044556
v 0.143883 0.401000 0.043556
v 0.143883 0.401000 -0.054444
v 0.144883 0.401000 -0.055444
v 0.162883 0.401000 -0.055444
v 0.162883 0.213000 -0.055444
v 0.163883 0.213000 -0.054444
v 0.162883 0.213000 0.044556
v 0.163883 0.213000 0.043556
v 0.144883 0.212000 0.043556
v 0.162883 0.212000 0.043556
v 0.144883 0.213000 0.044556
v 0.162883 0.212000 -0.054444
v 0.143883 0.213000 0.043556
v 0.144883 0.212000 -0.054444
v 0.143883 0.213000 -0.054444
v 0.144883 0.213000 -0.055444
v 0.456078 0.402000 0.042459
v 0.456078 0.402000 -0.055541
v 0.438078 0.402000 -0.055541
v 0.438078 0.402000 0.042459
v 0.457078 0.401000 0.042459
v 0.457078 0.401000 -0.055541
v 0.456078 0.401000 0.043459
v 0.438078 0.401000 0.043459
v 0.437078 0.401000 0.042459
v 0.437078 0.401000 -0.055541
v 0.438078 0.401000 -0.056541
v 0.456078 0.401000 -0.056541
v 0.456078 0.213000 -0.056541
v 0.457078 0.213000 -0.055541
v 0.456078 0.213000 0.043459
v 0.457078 0.213000 0.042459
v 0.438078 0.212000 0.042459
v 0.456078 0.212000 0.042459
v 0.438078 0.213000 0.043459
v 0.456078 0.212000 -0.055541
v 0.437078 0.213000 0.042459
v 0.438078 0.212000 -0.055541
v 0.437078 0.213000 -0.055541
v 0.438078 0.213000 -0.056541
v -0.179327 0.402000 0.042459
v -0.179327 0.402000 -0.055541
v -0.197327 0.402000 -0.055541
v -0.197327 0.402000 0.042459
v -0.178327 0.401000 0.042459
v -0.178327 0.401000 -0.055541
v -0.179327 0.401000 0.043459
v -0.197327 0.401000 0.043459
v -0.198327 0.401000 0.042459
v -0.198327 0.401000 -0.055541
v -0.197327 0.401000 -0.056541
v -0.179327 0.401000 -0.056541
v -0.179327 0.213000 -0.056541
v -0.178327 0.213000 -0.055541
v -0.179327 0.213000 0.043459
v -0.178327 0.213000 0.042459
v -0.197327 0.212000 0.042459
v -0.179327 0.212000 0.042459
v -0.197327 0.213000 0.043459
v -0.179327 0.212000 -0.055541
v -0.198327 0.213000 0.042459
v -0.197327 0.212000 -0.055541
v -0.198327 0.213000 -0.055541
v -0.197327 0.213000 -0.056541
v -0.329636 0.402000 0.041459
v -0.329636 0.402000 -0.056541
v -0.347636 0.402000 -0.056541
v -0.347636 0.402000 0.041459
v -0.328636 0.401000 0.041459
v -0.328636 0.401000 -0.056541
v -0.329636 0.401000 0.042459
v -0.347636 0.401000 0.042459
v -0.348636 0.401000 0.041459
v -0.348636 0.401000 -0.056541
v -0.347636 0.401000 -0.057541
v -0.329636 0.401000 -0.057541
v -0.329636 0.213000 -0.057541
v -0.328636 0.213000 -0.056541
v -0.329636 0.213000 0.042459
v -0.328636 0.213000 0.041459
v -0.347636 0.212000 0.041459
v -0.329636 0.212000 0.041459
v -0.347636 0.213000 0.042459
v -0.329636 0.212000 -0.056541
v -0.348636 0.213000 0.041459
v -0.347636 0.212000 -0.056541
v -0.348636 0.213000 -0.056541
v -0.347636 0.213000 -0.057541
v -0.350470 0.190000 0.043442
v -0.350470 0.190000 -0.054558
v -0.368470 0.190000 -0.054558
v -0.368470 0.190000 0.043442
v -0.349470 0.189000 0.043442
v -0.349470 0.189000 -0.054558
v -0.349470 0.001000 -0.054558
v -0.350470 0.001000 -0.055558
v -0.350470 0.189000 -0.055558
v -0.350470 0.000000 -0.054558
v -0.349470 0.001000 0.043442
v -0.350470 -0.000000 0.043442
v -0.350470 0.001000 0.044442
v -0.368470 0.001000 0.044442
v -0.368470 -0.000000 0.043442
v -0.368470 0.189000 0.044442
v -0.350470 0.189000 0.044442
v -0.369470 0.189000 0.043442
v -0.369470 0.001000 0.043442
v -0.369470 0.001000 -0.054558
v -0.369470 0.189000 -0.054558
v -0.368470 0.189000 -0.055558
v -0.368470 0.001000 -0.055558
v -0.368470 0.000000 -0.054558
v 0.049259 0.190000 0.043556
v 0.049259 0.190000 -0.054444
v 0.031259 0.190000 -0.054444
v 0.031259 0.190000 0.043556
v 0.050259 0.189000 0.043556
v 0.050259 0.189000 -0.054444
v 0.050259 0.001000 -0.054444
v 0.049259 0.001000 -0.055444
v 0.049259 0.189000 -0.055444
v 0.049259 0.000000 -0.054444
v 0.050259 0.001000 0.043556
v 0.049259 -0.000000 0.043556
v 0.049259 0.001000 0.044556
v 0.031259 0.001000 0.044556
v 0.031259 -0.000000 0.043556
v 0.031259 0.189000 0.044556
v 0.049259 0.189000 0.044556
v 0.030259 0.189000 0.043556
v 0.030259 0.001000 0.043556
v 0.030259 0.001000 -0.054444
v 0.030259 0.189000 -0.054444
v 0.031259 0.189000 -0.055444
v 0.031259 0.001000 -0.055444
v 0.031259 0.000000 -0.054444
v -0.204853 0.190000 0.049000
v -0.204853 0.190000 -0.049000
v -0.222853 0.190000 -0.049000
v -0.222853 0.190000 0.049000
v -0.203853 0.189000 0.049000
v -0.203853 0.189000 -0.049000
v -0.203853 0.001000 -0.049000
v -0.204853 0.001000 -0.050000
v -0.204853 0.189000 -0.050000
v -0.204853 0.000000 -0.049000
v -0.203853 0.001000 0.049000
v -0.204853 -0.000000 0.049000
v -0.204853 0.001000 0.050000
v -0.222853 0.001000 0.050000
v -0.222853 -0.000000 0.049000
v -0.222853 0.189000 0.050000
v -0.204853 0.189000 0.050000
v -0.223853 0.189000 0.049000
v -0.223853 0.001000 0.049000
v -0.223853 0.001000 -0.049000
v -0.223853 0.189000 -0.049000
v -0.222853 0.189000 -0.050000
v -0.222853 0.001000 -0.050000
v -0.222853 0.000000 -0.049000
v 0.013293 0.402000 0.049000
v 0.013293 0.402000 -0.049000
v -0.004707 0.402000 -0.049000
v -0.004707 0.402000 0.049000
v 0.014293 0.401000 0.049000
v 0.014293 0.401000 -0.049000
v 0.013293 0.401000 0.050000
v -0.004707 0.401000 0.050000
v -0.005707 0.401000 0.049000
v -0.005707 0.401000 -0.049000
v -0.004707 0.401000 -0.050000
v 0.013293 0.401000 -0.050000
v 0.013293 0.213000 -0.050000
v 0.014293 0.213000 -0.049000
v 0.013293 0.213000 0.050000
v 0.014293 0.213000 0.049000
v -0.004707 0.212000 0.049000
v 0.013293 0.212000 0.049000
v -0.004707 0.213000 0.050000
v 0.013293 0.212000 -0.049000
v -0.005707 0.213000 0.049000
v -0.004707 0.212000 -0.049000
v -0.005707 0.213000 -0.049000
v -0.004707 0.213000 -0.050000
v 0.120862 0.402000 0.043000
v 0.120862 0.402000 -0.055000
v 0.102862 0.402000 -0.055000
v 0.102862 0.402000 0.043000
v 0.121862 0.401000 0.043000
v 0.121862 0.401000 -0.055000
v 0.120862 0.401000 0.044000
v 0.102862 0.401000 0.044000
v 0.101862 0.401000 0.043000
v 0.101862 0.401000 -0.055000
v 0.102862 0.401000 -0.056000
v 0.120862 0.401000 -0.056000
v 0.120862 0.213000 -0.056000
v 0.121862 0.213000 -0.055000
v 0.120862 0.213000 0.044000
v 0.121862 0.213000 0.043000
v 0.102862 0.212000 0.043000
v 0.120862 0.212000 0.043000
v 0.102862 0.213000 0.044000
v 0.120862 0.212000 -0.055000
v 0.101862 0.213000 0.043000
v 0.102862 0.212000 -0.055000
v 0.101862 0.213000 -0.055000
v 0.102862 0.213000 -0.056000
v 0.371203 0.190000 0.042459
v 0.371203 0.190000 -0.055541
v 0.353203 0.190000 -0.055541
v 0.353203 0.190000 0.042459
v 0.372203 0.189000 0.042459
v 0.372203 0.189000 -0.055541
v 0.372203 0.001000 -0.055541
v 0.371203 0.001000 -0.056541
v 0.371203 0.189000 -0.056541
v 0.371203 0.000000 -0.055541
v 0.372203 0.001000 0.042459
v 0.371203 -0.000000 0.042459
v 0.371203 0.001000 0.043459
v 0.353203 0.001000 0.043459
v 0.353203 -0.000000 0.042459
v 0.353203 0.189000 0.043459
v 0.371203 0.189000 0.043459
v 0.352203 0.189000 0.042459
v 0.352203 0.001000 0.042459
v 0.352203 0.001000 -0.055541
v 0.352203 0.189000 -0.055541
v 0.353203 0.189000 -0.056541
v 0.353203 0.001000 -0.056541
v 0.353203 0.000000 -0.055541
v -0.184249 0.190000 0.049000
v -0.184249 0.190000 -0.049000
v -0.202249 0.190000 -0.049000
v -0.202249 0.190000 0.049000
v -0.183249 0.189000 0.049000
v -0.183249 0.189000 -0.049000
v -0.183249 0.001000 -0.049000
v -0.184249 0.001000 -0.050000
v -0.184249 0.189000 -0.050000
v -0.184249 0.000000 -0.049000
v -0.183249 0.001000 0.049000
v -0.184249 -0.000000 0.049000
v -0.184249 0.001000 0.050000
v -0.202249 0.001000 0.050000
v -0.202249 -0.000000 0.049000
v -0.202249 0.189000 0.050000
v -0.184249 0.189000 0.050000
v -0.203249 0.189000 0.049000
v -0.203249 0.001000 0.049000
v -0.203249 0.001000 -0.049000
v -0.203249 0.189000 -0.049000
v -0.202249 0.189000 -0.050000
v -0.202249 0.001000 -0.050000
v -0.202249 0.000000 -0.049000
v 0.266359 0.402000 0.045556
v 0.266359 0.402000 -0.052444
v 0.248359 0.402000 -0.052444
v 0.248359 0.402000 0.045556
v 0.267359 0.401000 0.045556
v 0.267359 0.401000 -0.052444
v 0.266359 0.401000 0.046556
v 0.248359 0.401000 0.046556
v 0.247359 0.401000 0.045556
v 0.247359 0.401000 -0.052444
v 0.248359 0.401000 -0.053444
v 0.266359 0.401000 -0.053444
v 0.266359 0.213000 -0.053444
v 0.267359 0.213000 -0.052444
v 0.266359 0.213000 0.046556
v 0.267359 0.213000 0.045556
v 0.248359 0.212000 0.045556
v 0.266359 0.212000 0.045556
v 0.248359 0.213000 0.046556
v 0.266359 0.212000 -0.052444
v 0.247359 0.213000 0.045556
v 0.248359 0.212000 -0.052444
v 0.247359 0.213000 -0.052444
v 0.248359 0.213000 -0.053444
v 0.099228 0.402000 0.049000
v 0.099228 0.402000 -0.049000
v 0.081228 0.402000 -0.049000
v 0.081228 0.402000 0.049000
v 0.100228 0.401000 0.049000
v 0.100228 0.401000 -0.049000
v 0.099228 0.401000 0.050000
v 0.081228 0.401000 0.050000
v 0.080228 0.401000 0.049000
v 0.080228 0.401000 -0.049000
v 0.081228 0.401000 -0.050000
v 0.099228 0.401000 -0.050000
v 0.099228 0.213000 -0.050000
v 0.100228 0.213000 -0.049000
v 0.099228 0.213000 0.050000
v 0.100228 0.213000 0.049000
v 0.081228 0.212000 0.049000
v 0.099228 0.212000 0.049000
v 0.081228 0.213000 0.050000
v 0.099228 0.212000 -0.049000
v 0.080228 0.213000 0.049000
v 0.081228 0.212000 -0.049000
v 0.080228 0.213000 -0.049000
v 0.081228 0.213000 -0.050000
v 0.392108 0.402000 0.043442
v 0.392108 0.402000 -0.054558
v 0.374108 0.402000 -0.054558
v 0.374108 0.402000 0.043442
v 0.393108 0.401000 0.043442
v 0.393108 0.401000 -0.054558
v 0.392108 0.401000 0.044442
v 0.374108 0.401000 0.044442
v 0.373108 0.401000 0.043442
v 0.373108 0.401000 -0.054558
v 0.374108 0.401000 -0.055558
v 0.392108 0.401000 -0.055558
v 0.392108 0.213000 -0.055558
v 0.393108 0.213000 -0.054558
v 0.392108 0.213000 0.044442
v 0.393108 0.213000 0.043442
v 0.374108 0.212000 0.043442
v 0.392108 0.212000 0.043442
v 0.374108 0.213000 0.044442
v 0.392108 0.212000 -0.054558
v 0.373108 0.213000 0.043442
v 0.374108 0.212000 -0.054558
v 0.373108 0.213000 -0.054558
v 0.374108 0.213000 -0.055558
v -0.051290 0.402000 0.049000
v -0.051290 0.402000 -0.049000
v -0.069290 0.402000 -0.049000
v -0.069290 0.402000 0.049000
v -0.050290 0.401000 0.049000
v -0.050290 0.401000 -0.049000
v -0.051290 0.401000 0.050000
v -0.069290 0.401000 0.050000
v -0.070290 0.401000 0.049000
v -0.070290 0.401000 -0.049000
v -0.069290 0.401000 -0.050000
v -0.051290 0.401000 -0.050000
v -0.051290 0.213000 -0.050000
v -0.050290 0.213000 -0.049000
v -0.051290 0.213000 0.050000
v -0.050290 0.213000 0.049000
v -0.069290 0.212000 0.049000
v -0.051290 0.212000 0.049000
v -0.069290 0.213000 0.050000
v -0.051290 0.212000 -0.049000
v -0.070290 0.213000 0.049000
v -0.069290 0.212000 -0.049000
v -0.070290 0.213000 -0.049000
v -0.069290 0.213000 -0.050000
v -0.115225 0.402000 0.039014
v -0.115225 0.402000 -0.058986
v -0.133225 0.402000 -0.058986
v -0.133225 0.402000 0.039014
v -0.114225 0.401000 0.039014
v -0.114225 0.401000 -0.058986
v -0.115225 0.401000 0.040014
v -0.133225 0.401000 0.040014
v -0.134225 0.401000 0.039014
v -0.134225 0.401000 -0.058986
v -0.133225 0.401000 -0.059986
v -0.115225 0.401000 -0.059986
v -0.115225 0.213000 -0.059986
v -0.114225 0.213000 -0.058986
v -0.115225 0.213000 0.040014
v -0.114225 0.213000 0.039014
v -0.133225 0.212000 0.039014
v -0.115225 0.212000 0.039014
v -0.133225 0.213000 0.040014
v -0.115225 0.212000 -0.058986
v -0.134225 0.213000 0.039014
v -0.133225 0.212000 -0.058986
v -0.134225 0.213000 -0.058986
v -0.133225 0.213000 -0.059986
v 0.348884 0.402000 0.039825
v 0.348884 0.402000 -0.058175
v 0.330884 0.402000 -0.058175
v 0.330884 0.402000 0.039825
v 0.349884 0.401000 0.039825
v 0.349884 0.401000 -0.058175
v 0.348884 0.401000 0.040825
v 0.330884 0.401000 0.040825
v 0.329884 0.401000 0.039825
v 0.329884 0.401000 -0.058175
v 0.330884 0.401000 -0.059175
v 0.348884 0.401000 -0.059175
v 0.348884 0.213000 -0.059175
v 0.349884 0.213000 -0.058175
v 0.348884 0.213000 0.040825
v 0.349884 0.213000 0.039825
v 0.330884 0.212000 0.039825
v 0.348884 0.212000 0.039825
v 0.330884 0.213000 0.040825
v 0.348884 0.212000 -0.058175
v 0.329884 0.213000 0.039825
v 0.330884 0.212000 -0.058175
v 0.329884 0.213000 -0.058175
v 0.330884 0.213000 -0.059175
v 0.307252 0.402000 0.043442
v 0.307252 0.402000 -0.054558
v 0.289252 0.402000 -0.054558
v 0.289252 0.402000 0.043442
v 0.308252 0.401000 0.043442
v 0.308252 0.401000 -0.054558
v 0.307252 0.401000 0.044442
v 0.289252 0.401000 0.044442
v 0.288252 0.401000 0.043442
v 0.288252 0.401000 -0.054558
v 0.289252 0.401000 -0.055558
v 0.307252 0.401000 -0.055558
v 0.307252 0.213000 -0.055558
v 0.308252 0.213000 -0.054558
v 0.307252 0.213000 0.044442
v 0.308252 0.213000 0.043442
v 0.289252 0.212000 0.043442
v 0.307252 0.212000 0.043442
v 0.289252 0.213000 0.044442
v 0.307252 0.212000 -0.054558
v 0.288252 0.213000 0.043442
v 0.289252 0.212000 -0.054558
v 0.288252 0.213000 -0.054558
v 0.289252 0.213000 -0.055558
v 0.327968 0.402000 0.037998
v 0.327968 0.402000 -0.060002
v 0.309968 0.402000 -0.060002
v 0.309968 0.402000 0.037998
v 0.328968 0.401000 0.037998
v 0.328968 0.401000 -0.060002
v 0.327968 0.401000 0.038998
v 0.309968 0.401000 0.038998
v 0.308968 0.401000 0.037998
v 0.308968 0.401000 -0.060002
v 0.309968 0.401000 -0.061002
v 0.327968 0.401000 -0.061002
v 0.327968 0.213000 -0.061002
v 0.328968 0.213000 -0.060002
v 0.327968 0.213000 0.038998
v 0.328968 0.213000 0.037998
v 0.309968 0.212000 0.037998
v 0.327968 0.212000 0.037998
v 0.309968 0.213000 0.038998
v 0.327968 0.212000 -0.060002
v 0.308968 0.213000 0.037998
v 0.309968 0.212000 -0.060002
v 0.308968 0.213000 -0.060002
v 0.309968 0.213000 -0.061002
v -0.136171 0.402000 0.041459
v -0.136171 0.402000 -0.056541
v -0.154171 0.402000 -0.056541
v -0.154171 0.402000 0.041459
v -0.135171 0.401000 0.041459
v -0.135171 0.401000 -0.056541
v -0.136171 0.401000 0.042459
v -0.154171 0.401000 0.042459
v -0.155171 0.401000 0.041459
v -0.155171 0.401000 -0.056541
v -0.154171 0.401000 -0.057541
v -0.136171 0.401000 -0.057541
v -0.136171 0.213000 -0.057541
v -0.135171 0.213000 -0.056541
v -0.136171 0.213000 0.042459
v -0.135171 0.213000 0.041459
v -0.154171 0.212000 0.041459
v -0.136171 0.212000 0.041459
v -0.154171 0.213000 0.042459
v -0.136171 0.212000 -0.056541
v -0.155171 0.213000 0.041459
v -0.154171 0.212000 -0.056541
v -0.155171 0.213000 -0.056541
v -0.154171 0.213000 -0.057541
v 0.135250 0.190000 0.039014
v 0.135250 0.190000 -0.058986
v 0.117250 0.190000 -0.058986
v 0.117250 0.190000 0.039014
v 0.136250 0.189000 0.039014
v 0.136250 0.189000 -0.058986
v 0.136250 0.001000 -0.058986
v 0.135250 0.001000 -0.059986
v 0.135250 0.189000 -0.059986
v 0.135250 0.000000 -0.058986
v 0.136250 0.001000 0.039014
v 0.135250 -0.000000 0.039014
v 0.135250 0.001000 0.040014
v 0.117250 0.001000 0.040014
v 0.117250 -0.000000 0.039014
v 0.117250 0.189000 0.040014
v 0.135250 0.189000 0.040014
v 0.116250 0.189000 0.039014
v 0.116250 0.001000 0.039014
v 0.116250 0.001000 -0.058986
v 0.116250 0.189000 -0.058986
v 0.117250 0.189000 -0.059986
v 0.117250 0.001000 -0.059986
v 0.117250 0.000000 -0.058986
v 0.478712 0.190000 0.036459
v 0.478712 0.190000 -0.061541
v 0.460712 0.190000 -0.061541
v 0.460712 0.190000 0.036459
v 0.479712 0.189000 0.036459
v 0.479712 0.189000 -0.061541
v 0.479712 0.001000 -0.061541
v 0.478712 0.001000 -0.062541
v 0.478712 0.189000 -0.062541
v 0.478712 0.000000 -0.061541
v 0.479712 0.001000 0.036459
v 0.478712 -0.000000 0.036459
v 0.478712 0.001000 0.037459
v 0.460712 0.001000 0.037459
v 0.460712 -0.000000 0.036459
v 0.460712 0.189000 0.037459
v 0.478712 0.189000 0.037459
v 0.459712 0.189000 0.036459
v 0.459712 0.001000 0.036459
v 0.459712 0.001000 -0.061541
v 0.459712 0.189000 -0.061541
v 0.460712 0.189000 -0.062541
v 0.460712 0.001000 -0.062541
v 0.460712 0.000000 -0.061541
v 0.435344 0.190000 0.037014
v 0.435344 0.190000 -0.060986
v 0.417344 0.190000 -0.060986
v 0.417344 0.190000 0.037014
v 0.436344 0.189000 0.037014
v 0.436344 0.189000 -0.060986
v 0.436344 0.001000 -0.060986
v 0.435344 0.001000 -0.061986
v 0.435344 0.189000 -0.061986
v 0.435344 0.000000 -0.060986
v 0.436344 0.001000 0.037014
v 0.435344 -0.000000 0.037014
v 0.435344 0.001000 0.038014
v 0.417344 0.001000 0.038014
v 0.417344 -0.000000 0.037014
v 0.417344 0.189000 0.038014
v 0.435344 0.189000 0.038014
v 0.416344 0.189000 0.037014
v 0.416344 0.001000 0.037014
v 0.416344 0.001000 -0.060986
v 0.416344 0.189000 -0.060986
v 0.417344 0.189000 -0.061986
v 0.417344 0.001000 -0.061986
v 0.417344 0.000000 -0.060986
v 0.177738 0.190000 0.042459
v 0.177738 0.190000 -0.055541
v 0.159738 0.190000 -0.055541
v 0.159738 0.190000 0.042459
v 0.178738 0.189000 0.042459
v 0.178738 0.189000 -0.055541
v 0.178738 0.001000 -0.055541
v 0.177738 0.001000 -0.056541
v 0.177738 0.189000 -0.056541
v 0.177738 0.000000 -0.055541
v 0.178738 0.001000 0.042459
v 0.177738 -0.000000 0.042459
v 0.177738 0.001000 0.043459
v 0.159738 0.001000 0.043459
v 0.159738 -0.000000 0.042459
v 0.159738 0.189000 0.043459
v 0.177738 0.189000 0.043459
v 0.158738 0.189000 0.042459
v 0.158738 0.001000 0.042459
v 0.158738 0.001000 -0.055541
v 0.158738 0.189000 -0.055541
v 0.159738 0.189000 -0.056541
v 0.159738 0.001000 -0.056541
v 0.159738 0.000000 -0.055541
v -0.029234 0.402000 0.043556
v -0.029234 0.402000 -0.054444
v -0.047234 0.402000 -0.054444
v -0.047234 0.402000 0.043556
v -0.028234 0.401000 0.043556
v -0.028234 0.401000 -0.054444
v -0.029234 0.401000 0.044556
v -0.047234 0.401000 0.044556
v -0.048234 0.401000 0.043556
v -0.048234 0.401000 -0.054444
v -0.047234 0.401000 -0.055444
v -0.029234 0.401000 -0.055444
v -0.029234 0.213000 -0.055444
v -0.028234 0.213000 -0.054444
v -0.029234 0.213000 0.044556
v -0.028234 0.213000 0.043556
v -0.047234 0.212000 0.043556
v -0.029234 0.212000 0.043556
v -0.047234 0.213000 0.044556
v -0.029234 0.212000 -0.054444
v -0.048234 0.213000 0.043556
v -0.047234 0.212000 -0.054444
v -0.048234 0.213000 -0.054444
v -0.047234 0.213000 -0.055444
v 0.183800 0.402000 0.045383
v 0.183800 0.402000 -0.052617
v 0.165800 0.402000 -0.052617
v 0.165800 0.402000 0.045383
v 0.184800 0.401000 0.045383
v 0.184800 0.401000 -0.052617
v 0.183800 0.401000 0.046383
v 0.165800 0.401000 0.046383
v 0.164800 0.401000 0.045383
v 0.164800 0.401000 -0.052617
v 0.165800 0.401000 -0.053617
v 0.183800 0.401000 -0.053617
v 0.183800 0.213000 -0.053617
v 0.184800 0.213000 -0.052617
v 0.183800 0.213000 0.046383
v 0.184800 0.213000 0.045383
v 0.165800 0.212000 0.045383
v 0.183800 0.212000 0.045383
v 0.165800 0.213000 0.046383
v 0.183800 0.212000 -0.052617
v 0.164800 0.213000 0.045383
v 0.165800 0.212000 -0.052617
v 0.164800 0.213000 -0.052617
v 0.165800 0.213000 -0.053617
v -0.328859 0.190000 0.039825
v -0.328859 0.190000 -0.058175
v -0.346859 0.190000 -0.058175
v -0.346859 0.190000 0.039825
v -0.327859 0.189000 0.039825
v -0.327859 0.189000 -0.058175
v -0.327859 0.001000 -0.058175
v -0.328859 0.001000 -0.059175
v -0.328859 0.189000 -0.059175
v -0.328859 0.000000 -0.058175
v -0.327859 0.001000 0.039825
v -0.328859 -0.000000 0.039825
v -0.328859 0.001000 0.040825
v -0.346859 0.001000 0.040825
v -0.346859 -0.000000 0.039825
v -0.346859 0.189000 0.040825
v -0.328859 0.189000 0.040825
v -0.347859 0.189000 0.039825
v -0.347859 0.001000 0.039825
v -0.347859 0.001000 -0.058175
v -0.347859 0.189000 -0.058175
v -0.346859 0.189000 -0.059175
v -0.346859 0.001000 -0.059175
v -0.346859 0.000000 -0.058175
v -0.414220 0.190000 0.039014
v -0.414220 0.190000 -0.058986
v -0.432220 0.190000 -0.058986
v -0.432220 0.190000 0.039014
v -0.413220 0.189000 0.039014
v -0.413220 0.189000 -0.058986
v -0.413220 0.001000 -0.058986
v -0.414220 0.001000 -0.059986
v -0.414220 0.189000 -0.059986
v -0.414220 0.000000 -0.058986
v -0.413220 0.001000 0.039014
v -0.414220 -0.000000 0.039014
v -0.414220 0.001000 0.040014
v -0.432220 0.001000 0.040014
v -0.432220 -0.000000 0.039014
v -0.432220 0.189000 0.040014
v -0.414220 0.189000 0.040014
v -0.433220 0.189000 0.039014
v -0.433220 0.001000 0.039014
v -0.433220 0.001000 -0.058986
v -0.433220 0.189000 -0.058986
v -0.432220 0.189000 -0.059986
v -0.432220 0.001000 -0.059986
v -0.432220 0.000000 -0.058986
v -0.163775 0.190000 0.045383
v -0.163775 0.190000 -0.052617
v -0.181775 0.190000 -0.052617
v -0.181775 0.190000 0.045383
v -0.162775 0.189000 0.045383
v -0.162775 0.189000 -0.052617
v -0.162775 0.001000 -0.052617
v -0.163775 0.001000 -0.053617
v -0.163775 0.189000 -0.053617
v -0.163775 0.000000 -0.052617
v -0.162775 0.001000 0.045383
v -0.163775 -0.000000 0.045383
v -0.163775 0.001000 0.046383
v -0.181775 0.001000 0.046383
v -0.181775 -0.000000 0.045383
v -0.181775 0.189000 0.046383
v -0.163775 0.189000 0.046383
v -0.182775 0.189000 0.045383
v -0.182775 0.001000 0.045383
v -0.182775 0.001000 -0.052617
v -0.182775 0.189000 -0.052617
v -0.181775 0.189000 -0.053617
v -0.181775 0.001000 -0.053617
v -0.181775 0.000000 -0.052617
v 0.056449 0.402000 0.048000
v 0.056449 0.402000 -0.050000
v 0.038449 0.402000 -0.050000
v 0.038449 0.402000 0.048000
v 0.057449 0.401000 0.048000
v 0.057449 0.401000 -0.050000
v 0.056449 0.401000 0.049000
v 0.038449 0.401000 0.049000
v 0.037449 0.401000 0.048000
v 0.037449 0.401000 -0.050000
v 0.038449 0.401000 -0.051000
v 0.056449 0.401000 -0.051000
v 0.056449 0.213000 -0.051000
v 0.057449 0.213000 -0.050000
v 0.056449 0.213000 0.049000
v 0.057449 0.213000 0.048000
v 0.038449 0.212000 0.048000
v 0.056449 0.212000 0.048000
v 0.038449 0.213000 0.049000
v 0.056449 0.212000 -0.050000
v 0.037449 0.213000 0.048000
v 0.038449 0.212000 -0.050000
v 0.037449 0.213000 -0.050000
v 0.038449 0.213000 -0.051000
v -0.267227 0.190000 0.049000
v -0.267227 0.190000 -0.049000
v -0.285227 0.190000 -0.049000
v -0.285227 0.190000 0.049000
v -0.266227 0.189000 0.049000
v -0.266227 0.189000 -0.049000
v -0.266227 0.001000 -0.049000
v -0.267227 0.001000 -0.050000
v -0.267227 0.189000 -0.050000
v -0.267227 0.000000 -0.049000
v -0.266227 0.001000 0.049000
v -0.267227 -0.000000 0.049000
v -0.267227 0.001000 0.050000
v -0.285227 0.001000 0.050000
v -0.285227 -0.000000 0.049000
v -0.285227 0.189000 0.050000
v -0.267227 0.189000 0.050000
v -0.286227 0.189000 0.049000
v -0.286227 0.001000 0.049000
v -0.286227 0.001000 -0.049000
v -0.286227 0.189000 -0.049000
v -0.285227 0.189000 -0.050000
v -0.285227 0.001000 -0.050000
v -0.285227 0.000000 -0.049000
v 0.071315 0.190000 0.049000
v 0.071315 0.190000 -0.049000
v 0.053315 0.190000 -0.049000
v 0.053315 0.190000 0.049000
v 0.072315 0.189000 0.049000
v 0.072315 0.189000 -0.049000
v 0.072315 0.001000 -0.049000
v 0.071315 0.001000 -0.050000
v 0.071315 0.189000 -0.050000
v 0.071315 0.000000 -0.049000
v 0.072315 0.001000 0.049000
v 0.071315 -0.000000 0.049000
v 0.071315 0.001000 0.050000
v 0.053315 0.001000 0.050000
v 0.053315 -0.000000 0.049000
v 0.053315 0.189000 0.050000
v 0.071315 0.189000 0.050000
v 0.052315 0.189000 0.049000
v 0.052315 0.001000 0.049000
v 0.052315 0.001000 -0.049000
v 0.052315 0.189000 -0.049000
v 0.053315 0.189000 -0.050000
v 0.053315 0.001000 -0.050000
v 0.053315 0.000000 -0.049000
v 0.306881 0.190000 0.042459
v 0.306881 0.190000 -0.055541
v 0.288881 0.190000 -0.055541
v 0.288881 0.190000 0.042459
v 0.307881 0.189000 0.042459
v 0.307881 0.189000 -0.055541
v 0.307881 0.001000 -0.055541
v 0.306881 0.001000 -0.056541
v 0.306881 0.189000 -0.056541
v 0.306881 0.000000 -0.055541
v 0.307881 0.001000 0.042459
v 0.306881 -0.000000 0.042459
v 0.306881 0.001000 0.043459
v 0.288881 0.001000 0.043459
v 0.288881 -0.000000 0.042459
v 0.288881 0.189000 0.043459
v 0.306881 0.189000 0.043459
v 0.287881 0.189000 0.042459
v 0.287881 0.001000 0.042459
v 0.287881 0.001000 -0.055541
v 0.287881 0.189000 -0.055541
v 0.288881 0.189000 -0.056541
v 0.288881 0.001000 -0.056541
v 0.288881 0.000000 -0.055541
v 0.414427 0.190000 0.038842
v 0.414427 0.190000 -0.059158
v 0.396427 0.190000 -0.059158
v 0.396427 0.190000 0.038842
v 0.415427 0.189000 0.038842
v 0.415427 0.189000 -0.059158
v 0.415427 0.001000 -0.059158
v 0.414427 0.001000 -0.060158
v 0.414427 0.189000 -0.060158
v 0.414427 0.000000 -0.059158
v 0.415427 0.001000 0.038842
v 0.414427 -0.000000 0.038842
v 0.414427 0.001000 0.039842
v 0.396427 0.001000 0.039842
v 0.396427 -0.000000 0.038842
v 0.396427 0.189000 0.039842
v 0.414427 0.189000 0.039842
v 0.395427 0.189000 0.038842
v 0.395427 0.001000 0.038842
v 0.395427 0.001000 -0.059158
v 0.395427 0.189000 -0.059158
v 0.396427 0.189000 -0.060158
v 0.396427 0.001000 -0.060158
v 0.396427 0.000000 -0.059158
v -0.008318 0.402000 0.045383
v -0.008318 0.402000 -0.052617
v -0.026318 0.402000 -0.052617
v -0.026318 0.402000 0.045383
v -0.007318 0.401000 0.045383
v -0.007318 0.401000 -0.052617
v -0.008318 0.401000 0.046383
v -0.026318 0.401000 0.046383
v -0.027318 0.401000 0.045383
v -0.027318 0.401000 -0.052617
v -0.026318 0.401000 -0.053617
v -0.008318 0.401000 -0.053617
v -0.008318 0.213000 -0.053617
v -0.007318 0.213000 -0.052617
v -0.008318 0.213000 0.046383
v -0.007318 0.213000 0.045383
v -0.026318 0.212000 0.045383
v -0.008318 0.212000 0.045383
v -0.026318 0.213000 0.046383
v -0.008318 0.212000 -0.052617
v -0.027318 0.213000 0.045383
v -0.026318 0.212000 -0.052617
v -0.027318 0.213000 -0.052617
v -0.026318 0.213000 -0.053617
v -0.142858 0.190000 0.043556
v -0.142858 0.190000 -0.054444
v -0.160858 0.190000 -0.054444
v -0.160858 0.190000 0.043556
v -0.141858 0.189000 0.043556
v -0.141858 0.189000 -0.054444
v -0.141858 0.001000 -0.054444
v -0.142858 0.001000 -0.055444
v -0.142858 0.189000 -0.055444
v -0.142858 0.000000 -0.054444
v -0.141858 0.001000 0.043556
v -0.142858 -0.000000 0.043556
v -0.142858 0.001000 0.044556
v -0.160858 0.001000 0.044556
v -0.160858 -0.000000 0.043556
v -0.160858 0.189000 0.044556
v -0.142858 0.189000 0.044556
v -0.161858 0.189000 0.043556
v -0.161858 0.001000 0.043556
v -0.161858 0.001000 -0.054444
v -0.161858 0.189000 -0.054444
v -0.160858 0.189000 -0.055444
v -0.160858 0.001000 -0.055444
v -0.160858 0.000000 -0.054444
v -0.072602 0.402000 0.043000
v -0.072602 0.402000 -0.055000
v -0.090602 0.402000 -0.055000
v -0.090602 0.402000 0.043000
v -0.071602 0.401000 0.043000
v -0.071602 0.401000 -0.055000
v -0.072602 0.401000 0.044000
v -0.090602 0.401000 0.044000
v -0.091602 0.401000 0.043000
v -0.091602 0.401000 -0.055000
v -0.090602 0.401000 -0.056000
v -0.072602 0.401000 -0.056000
v -0.072602 0.213000 -0.056000
v -0.071602 0.213000 -0.055000
v -0.072602 0.213000 0.044000
v -0.071602 0.213000 0.043000
v -0.090602 0.212000 0.043000
v -0.072602 0.212000 0.043000
v -0.090602 0.213000 0.044000
v -0.072602 0.212000 -0.055000
v -0.091602 0.213000 0.043000
v -0.090602 0.212000 -0.055000
v -0.091602 0.213000 -0.055000
v -0.090602 0.213000 -0.056000
v 0.245413 0.402000 0.048000
v 0.245413 0.402000 -0.050000
v 0.227413 0.402000 -0.050000
v 0.227413 0.402000 0.048000
v 0.246413 0.401000 0.048000
v 0.246413 0.401000 -0.050000
v 0.245413 0.401000 0.049000
v 0.227413 0.401000 0.049000
v 0.226413 0.401000 0.048000
v 0.226413 0.401000 -0.050000
v 0.227413 0.401000 -0.051000
v 0.245413 0.401000 -0.051000
v 0.245413 0.213000 -0.051000
v 0.246413 0.213000 -0.050000
v 0.245413 0.213000 0.049000
v 0.246413 0.213000 0.048000
v 0.227413 0.212000 0.048000
v 0.245413 0.212000 0.048000
v 0.227413 0.213000 0.049000
v 0.245413 0.212000 -0.050000
v 0.226413 0.213000 0.048000
v 0.227413 0.212000 -0.050000
v 0.226413 0.213000 -0.050000
v 0.227413 0.213000 -0.051000
v 0.113417 0.190000 0.042459
v 0.113417 0.190000 -0.055541
v 0.095417 0.190000 -0.055541
v 0.095417 0.190000 0.042459
v 0.114417 0.189000 0.042459
v 0.114417 0.189000 -0.055541
v 0.114417 0.001000 -0.055541
v 0.113417 0.001000 -0.056541
v 0.113417 0.189000 -0.056541
v 0.113417 0.000000 -0.055541
v 0.114417 0.001000 0.042459
v 0.113417 -0.000000 0.042459
v 0.113417 0.001000 0.043459
v 0.095417 0.001000 0.043459
v 0.095417 -0.000000 0.042459
v 0.095417 0.189000 0.043459
v 0.113417 0.189000 0.043459
v 0.094417 0.189000 0.042459
v 0.094417 0.001000 0.042459
v 0.094417 0.001000 -0.055541
v 0.094417 0.189000 -0.055541
v 0.095417 0.189000 -0.056541
v 0.095417 0.001000 -0.056541
v 0.095417 0.000000 -0.055541
v 0.477712 0.402000 0.036459
v 0.477712 0.402000 -0.061541
v 0.459712 0.402000 -0.061541
v 0.459712 0.402000 0.036459
v 0.478712 0.401000 0.036459
v 0.478712 0.401000 -0.061541
v 0.477712 0.401000 0.037459
v 0.459712 0.401000 0.037459
v 0.458712 0.401000 0.036459
v 0.458712 0.401000 -0.061541
v 0.459712 0.401000 -0.062541
v 0.477712 0.401000 -0.062541
v 0.477712 0.213000 -0.062541
v 0.478712 0.213000 -0.061541
v 0.477712 0.213000 0.037459
v 0.478712 0.213000 0.036459
v 0.459712 0.212000 0.036459
v 0.477712 0.212000 0.036459
v 0.459712 0.213000 0.037459
v 0.477712 0.212000 -0.061541
v 0.458712 0.213000 0.036459
v 0.459712 0.212000 -0.061541
v 0.458712 0.213000 -0.061541
v 0.459712 0.213000 -0.062541
v -0.157713 0.402000 0.042459
v -0.157713 0.402000 -0.055541
v -0.175713 0.402000 -0.055541
v -0.175713 0.402000 0.042459
v -0.156713 0.401000 0.042459
v -0.156713 0.401000 -0.055541
v -0.157713 0.401000 0.043459
v -0.175713 0.401000 0.043459
v -0.176713 0.401000 0.042459
v -0.176713 0.401000 -0.055541
v -0.175713 0.401000 -0.056541
v -0.157713 0.401000 -0.056541
v -0.157713 0.213000 -0.056541
v -0.156713 0.213000 -0.055541
v -0.157713 0.213000 0.043459
v -0.156713 0.213000 0.042459
v -0.175713 0.212000 0.042459
v -0.157713 0.212000 0.042459
v -0.175713 0.213000 0.043459
v -0.157713 0.212000 -0.055541
v -0.176713 0.213000 0.042459
v -0.175713 0.212000 -0.055541
v -0.176713 0.213000 -0.055541
v -0.175713 0.213000 -0.056541
v -0.221854 0.402000 0.037014
v -0.221854 0.402000 -0.060986
v -0.239854 0.402000 -0.060986
v -0.239854 0.402000 0.037014
v -0.220854 0.401000 0.037014
v -0.220854 0.401000 -0.060986
v -0.221854 0.401000 0.038014
v -0.239854 0.401000 0.038014
v -0.240854 0.401000 0.037014
v -0.240854 0.401000 -0.060986
v -0.239854 0.401000 -0.061986
v -0.221854 0.401000 -0.061986
v -0.221854 0.213000 -0.061986
v -0.220854 0.213000 -0.060986
v -0.221854 0.213000 0.038014
v -0.220854 0.213000 0.037014
v -0.239854 0.212000 0.037014
v -0.221854 0.212000 0.037014
v -0.239854 0.213000 0.038014
v -0.221854 0.212000 -0.060986
v -0.240854 0.213000 0.037014
v -0.239854 0.212000 -0.060986
v -0.240854 0.213000 -0.060986
v -0.239854 0.213000 -0.061986
v 0.199352 0.190000 0.042459
v 0.199352 0.190000 -0.055541
v 0.181352 0.190000 -0.055541
v 0.181352 0.190000 0.042459
v 0.200352 0.189000 0.042459
v 0.200352 0.189000 -0.055541
v 0.200352 0.001000 -0.055541
v 0.199352 0.001000 -0.056541
v 0.199352 0.189000 -0.056541
v 0.199352 0.000000 -0.055541
v 0.200352 0.001000 0.042459
v 0.199352 -0.000000 0.042459
v 0.199352 0.001000 0.043459
v 0.181352 0.001000 0.043459
v 0.181352 -0.000000 0.042459
v 0.181352 0.189000 0.043459
v 0.199352 0.189000 0.043459
v 0.180352 0.189000 0.042459
v 0.180352 0.001000 0.042459
v 0.180352 0.001000 -0.055541
v 0.180352 0.189000 -0.055541
v 0.181352 0.189000 -0.056541
v 0.181352 0.001000 -0.056541
v 0.181352 0.000000 -0.055541
v 0.028343 0.190000 0.045383
v 0.028343 0.190000 -0.052617
v 0.010343 0.190000 -0.052617
v 0.010343 0.190000 0.045383
v 0.029343 0.189000 0.045383
v 0.029343 0.189000 -0.052617
v 0.029343 0.001000 -0.052617
v 0.028343 0.001000 -0.053617
v 0.028343 0.189000 -0.053617
v 0.028343 0.000000 -0.052617
v 0.029343 0.001000 0.045383
v 0.028343 -0.000000 0.045383
v 0.028343 0.001000 0.046383
v 0.010343 0.001000 0.046383
v 0.010343 -0.000000 0.045383
v 0.010343 0.189000 0.046383
v 0.028343 0.189000 0.046383
v 0.009343 0.189000 0.045383
v 0.009343 0.001000 0.045383
v 0.009343 0.001000 -0.052617
v 0.009343 0.189000 -0.052617
v 0.010343 0.189000 -0.053617
v 0.010343 0.001000 -0.053617
v 0.010343 0.000000 -0.052617
v 0.328715 0.190000 0.039014
v 0.328715 0.190000 -0.058986
v 0.310715 0.190000 -0.058986
v 0.310715 0.190000 0.039014
v 0.329715 0.189000 0.039014
v 0.329715 0.189000 -0.058986
v 0.329715 0.001000 -0.058986
v 0.328715 0.001000 -0.059986
v 0.328715 0.189000 -0.059986
v 0.328715 0.000000 -0.058986
v 0.329715 0.001000 0.039014
v 0.328715 -0.000000 0.039014
v 0.328715 0.001000 0.040014
v 0.310715 0.001000 0.040014
v 0.310715 -0.000000 0.039014
v 0.310715 0.189000 0.040014
v 0.328715 0.189000 0.040014
v 0.309715 0.189000 0.039014
v 0.309715 0.001000 0.039014
v 0.309715 0.001000 -0.058986
v 0.309715 0.189000 -0.058986
v 0.310715 0.189000 -0.059986
v 0.310715 0.001000 -0.059986
v 0.310715 0.000000 -0.058986
v -0.458687 0.402000 0.036459
v -0.458687 0.402000 -0.061541
v -0.476687 0.402000 -0.061541
v -0.476687 0.402000 0.036459
v -0.457687 0.401000 0.036459
v -0.457687 0.401000 -0.061541
v -0.458687 0.401000 0.037459
v -0.476687 0.401000 0.037459
v -0.477687 0.401000 0.036459
v -0.477687 0.401000 -0.061541
v -0.476687 0.401000 -0.062541
v -0.458687 0.401000 -0.062541
v -0.458687 0.213000 -0.062541
v -0.457687 0.213000 -0.061541
v -0.458687 0.213000 0.037459
v -0.457687 0.213000 0.036459
v -0.476687 0.212000 0.036459
v -0.458687 0.212000 0.036459
v -0.476687 0.213000 0.037459
v -0.458687 0.212000 -0.061541
v -0.477687 0.213000 0.036459
v -0.476687 0.212000 -0.061541
v -0.477687 0.213000 -0.061541
v -0.476687 0.213000 -0.062541
v -0.415319 0.402000 0.037014
v -0.415319 0.402000 -0.060986
v -0.433319 0.402000 -0.060986
v -0.433319 0.402000 0.037014
v -0.414319 0.401000 0.037014
v -0.414319 0.401000 -0.060986
v -0.415319 0.401000 0.038014
v -0.433319 0.401000 0.038014
v -0.434319 0.401000 0.037014
v -0.434319 0.401000 -0.060986
v -0.433319 0.401000 -0.061986
v -0.415319 0.401000 -0.061986
v -0.415319 0.213000 -0.061986
v -0.414319 0.213000 -0.060986
v -0.415319 0.213000 0.038014
v -0.414319 0.213000 0.037014
v -0.433319 0.212000 0.037014
v -0.415319 0.212000 0.037014
v -0.433319 0.213000 0.038014
v -0.415319 0.212000 -0.060986
v -0.434319 0.213000 0.037014
v -0.433319 0.212000 -0.060986
v -0.434319 0.213000 -0.060986
v -0.433319 0.213000 -0.061986
v -0.057370 0.190000 0.045556
v -0.057370 0.190000 -0.052444
v -0.075370 0.190000 -0.052444
v -0.075370 0.190000 0.045556
v -0.056370 0.189000 0.045556
v -0.056370 0.189000 -0.052444
v -0.056370 0.001000 -0.052444
v -0.057370 0.001000 -0.053444
v -0.057370 0.189000 -0.053444
v -0.057370 0.000000 -0.052444
v -0.056370 0.001000 0.045556
v -0.057370 -0.000000 0.045556
v -0.057370 0.001000 0.046556
v -0.075370 0.001000 0.046556
v -0.075370 -0.000000 0.045556
v -0.075370 0.189000 0.046556
v -0.057370 0.189000 0.046556
v -0.076370 0.189000 0.045556
v -0.076370 0.001000 0.045556
v -0.076370 0.001000 -0.052444
v -0.076370 0.189000 -0.052444
v -0.075370 0.189000 -0.053444
v -0.075370 0.001000 -0.053444
v -0.075370 0.000000 -0.052444
v -0.036424 0.190000 0.048000
v -0.036424 0.190000 -0.050000
v -0.054424 0.190000 -0.050000
v -0.054424 0.190000 0.048000
v -0.035424 0.189000 0.048000
v -0.035424 0.189000 -0.050000
v -0.035424 0.001000 -0.050000
v -0.036424 0.001000 -0.051000
v -0.036424 0.189000 -0.051000
v -0.036424 0.000000 -0.050000
v -0.035424 0.001000 0.048000
v -0.036424 -0.000000 0.048000
v -0.036424 0.001000 0.049000
v -0.054424 0.001000 0.049000
v -0.054424 -0.000000 0.048000
v -0.054424 0.189000 0.049000
v -0.036424 0.189000 0.049000
v -0.055424 0.189000 0.048000
v -0.055424 0.001000 0.048000
v -0.055424 0.001000 -0.050000
v -0.055424 0.189000 -0.050000
v -0.054424 0.189000 -0.051000
v -0.054424 0.001000 -0.051000
v -0.054424 0.000000 -0.050000
v 0.457400 0.190000 0.042459
v 0.457400 0.190000 -0.055541
v 0.439400 0.190000 -0.055541
v 0.439400 0.190000 0.042459
v 0.458400 0.189000 0.042459
v 0.458400 0.189000 -0.055541
v 0.458400 0.001000 -0.055541
v 0.457400 0.001000 -0.056541
v 0.457400 0.189000 -0.056541
v 0.457400 0.000000 -0.055541
v 0.458400 0.001000 0.042459
v 0.457400 -0.000000 0.042459
v 0.457400 0.001000 0.043459
v 0.439400 0.001000 0.043459
v 0.439400 -0.000000 0.042459
v 0.439400 0.189000 0.043459
v 0.457400 0.189000 0.043459
v 0.438400 0.189000 0.042459
v 0.438400 0.001000 0.042459
v 0.438400 0.001000 -0.055541
v 0.438400 0.189000 -0.055541
v 0.439400 0.189000 -0.056541
v 0.439400 0.001000 -0.056541
v 0.439400 0.000000 -0.055541
v 0.204274 0.402000 0.049000
v 0.204274 0.402000 -0.049000
v 0.186274 0.402000 -0.049000
v 0.186274 0.402000 0.049000
v 0.205274 0.401000 0.049000
v 0.205274 0.401000 -0.049000
v 0.204274 0.401000 0.050000
v 0.186274 0.401000 0.050000
v 0.185274 0.401000 0.049000
v 0.185274 0.401000 -0.049000
v 0.186274 0.401000 -0.050000
v 0.204274 0.401000 -0.050000
v 0.204274 0.213000 -0.050000
v 0.205274 0.213000 -0.049000
v 0.204274 0.213000 0.050000
v 0.205274 0.213000 0.049000
v 0.186274 0.212000 0.049000
v 0.204274 0.212000 0.049000
v 0.186274 0.213000 0.050000
v 0.204274 0.212000 -0.049000
v 0.185274 0.213000 0.049000
v 0.186274 0.212000 -0.049000
v 0.185274 0.213000 -0.049000
v 0.186274 0.213000 -0.050000
v 0.241879 0.190000 0.037014
v 0.241879 0.190000 -0.060986
v 0.223879 0.190000 -0.060986
v 0.223879 0.190000 0.037014
v 0.242879 0.189000 0.037014
v 0.242879 0.189000 -0.060986
v 0.242879 0.001000 -0.060986
v 0.241879 0.001000 -0.061986
v 0.241879 0.189000 -0.061986
v 0.241879 0.000000 -0.060986
v 0.242879 0.001000 0.037014
v 0.241879 -0.000000 0.037014
v 0.241879 0.001000 0.038014
v 0.223879 0.001000 0.038014
v 0.223879 -0.000000 0.037014
v 0.223879 0.189000 0.038014
v 0.241879 0.189000 0.038014
v 0.222879 0.189000 0.037014
v 0.222879 0.001000 0.037014
v 0.222879 0.001000 -0.060986
v 0.222879 0.189000 -0.060986
v 0.223879 0.189000 -0.061986
v 0.223879 0.001000 -0.061986
v 0.223879 0.000000 -0.060986
v 0.077395 0.402000 0.045556
v 0.077395 0.402000 -0.052444
v 0.059395 0.402000 -0.052444
v 0.059395 0.402000 0.045556
v 0.078395 0.401000 0.045556
v 0.078395 0.401000 -0.052444
v 0.077395 0.401000 0.046556
v 0.059395 0.401000 0.046556
v 0.058395 0.401000 0.045556
v 0.058395 0.401000 -0.052444
v 0.059395 0.401000 -0.053444
v 0.077395 0.401000 -0.053444
v 0.077395 0.213000 -0.053444
v 0.078395 0.213000 -0.052444
v 0.077395 0.213000 0.046556
v 0.078395 0.213000 0.045556
v 0.059395 0.212000 0.045556
v 0.077395 0.212000 0.045556
v 0.059395 0.213000 0.046556
v 0.077395 0.212000 -0.052444
v 0.058395 0.213000 0.045556
v 0.059395 0.212000 -0.052444
v 0.058395 0.213000 -0.052444
v 0.059395 0.213000 -0.053444
v 0.092627 0.190000 0.043000
v 0.092627 0.190000 -0.055000
v 0.074627 0.190000 -0.055000
v 0.074627 0.190000 0.043000
v 0.093627 0.189000 0.043000
v 0.093627 0.189000 -0.055000
v 0.093627 0.001000 -0.055000
v 0.092627 0.001000 -0.056000
v 0.092627 0.189000 -0.056000
v 0.092627 0.000000 -0.055000
v 0.093627 0.001000 0.043000
v 0.092627 -0.000000 0.043000
v 0.092627 0.001000 0.044000
v 0.074627 0.001000 0.044000
v 0.074627 -0.000000 0.043000
v 0.074627 0.189000 0.044000
v 0.092627 0.189000 0.044000
v 0.073627 0.189000 0.043000
v 0.073627 0.001000 0.043000
v 0.073627 0.001000 -0.055000
v 0.073627 0.189000 -0.055000
v 0.074627 0.189000 -0.056000
v 0.074627 0.001000 -0.056000
v 0.074627 0.000000 -0.055000
v 0.413651 0.402000 0.042442
v 0.413651 0.402000 -0.055558
v 0.395651 0.402000 -0.055558
v 0.395651 0.402000 0.042442
v 0.414651 0.401000 0.042442
v 0.414651 0.401000 -0.055558
v 0.413651 0.401000 0.043442
v 0.395651 0.401000 0.043442
v 0.394651 0.401000 0.042442
v 0.394651 0.401000 -0.055558
v 0.395651 0.401000 -0.056558
v 0.413651 0.401000 -0.056558
v 0.413651 0.213000 -0.056558
v 0.414651 0.213000 -0.055558
v 0.413651 0.213000 0.043442
v 0.414651 0.213000 0.042442
v 0.395651 0.212000 0.042442
v 0.413651 0.212000 0.042442
v 0.395651 0.213000 0.043442
v 0.413651 0.212000 -0.055558
v 0.394651 0.213000 0.042442
v 0.395651 0.212000 -0.055558
v 0.394651 0.213000 -0.055558
v 0.395651 0.213000 -0.056558
v -0.287227 0.190000 0.043442
v -0.287227 0.190000 -0.054558
v -0.305227 0.190000 -0.054558
v -0.305227 0.190000 0.043442
v -0.286227 0.189000 0.043442
v -0.286227 0.189000 -0.054558
v -0.286227 0.001000 -0.054558
v -0.287227 0.001000 -0.055558
v -0.287227 0.189000 -0.055558
v -0.287227 0.000000 -0.054558
v -0.286227 0.001000 0.043442
v -0.287227 -0.000000 0.043442
v -0.287227 0.001000 0.044442
v -0.305227 0.001000 0.044442
v -0.305227 -0.000000 0.043442
v -0.305227 0.189000 0.044442
v -0.287227 0.189000 0.044442
v -0.306227 0.189000 0.043442
v -0.306227 0.001000 0.043442
v -0.306227 0.001000 -0.054558
v -0.306227 0.189000 -0.054558
v -0.305227 0.189000 -0.055558
v -0.305227 0.001000 -0.055558
v -0.305227 0.000000 -0.054558
v 0.349661 0.190000 0.041459
v 0.349661 0.190000 -0.056541
v 0.331661 0.190000 -0.056541
v 0.331661 0.190000 0.041459
v 0.350661 0.189000 0.041459
v 0.350661 0.189000 -0.056541
v 0.350661 0.001000 -0.056541
v 0.349661 0.001000 -0.057541
v 0.349661 0.189000 -0.057541
v 0.349661 0.000000 -0.056541
v 0.350661 0.001000 0.041459
v 0.349661 -0.000000 0.041459
v 0.349661 0.001000 0.042459
v 0.331661 0.001000 0.042459
v 0.331661 -0.000000 0.041459
v 0.331661 0.189000 0.042459
v 0.349661 0.189000 0.042459
v 0.330661 0.189000 0.041459
v 0.330661 0.001000 0.041459
v 0.330661 0.001000 -0.056541
v 0.330661 0.189000 -0.056541
v 0.331661 0.189000 -0.057541
v 0.331661 0.001000 -0.057541
v 0.331661 0.000000 -0.056541
v -0.079203 0.190000 0.049000
v -0.079203 0.190000 -0.049000
v -0.097203 0.190000 -0.049000
v -0.097203 0.190000 0.049000
v -0.078203 0.189000 0.049000
v -0.078203 0.189000 -0.049000
v -0.078203 0.001000 -0.049000
v -0.079203 0.001000 -0.050000
v -0.079203 0.189000 -0.050000
v -0.079203 0.000000 -0.049000
v -0.078203 0.001000 0.049000
v -0.079203 -0.000000 0.049000
v -0.079203 0.001000 0.050000
v -0.097203 0.001000 0.050000
v -0.097203 -0.000000 0.049000
v -0.097203 0.189000 0.050000
v -0.079203 0.189000 0.050000
v -0.098203 0.189000 0.049000
v -0.098203 0.001000 0.049000
v -0.098203 0.001000 -0.049000
v -0.098203 0.189000 -0.049000
v -0.097203 0.189000 -0.050000
v -0.097203 0.001000 -0.050000
v -0.097203 0.000000 -0.049000
v 0.006732 0.190000 0.049000
v 0.006732 0.190000 -0.049000
v -0.011268 0.190000 -0.049000
v -0.011268 0.190000 0.049000
v 0.007732 0.189000 0.049000
v 0.007732 0.189000 -0.049000
v 0.007732 0.001000 -0.049000
v 0.006732 0.001000 -0.050000
v 0.006732 0.189000 -0.050000
v 0.006732 0.000000 -0.049000
v 0.007732 0.001000 0.049000
v 0.006732 -0.000000 0.049000
v 0.006732 0.001000 0.050000
v -0.011268 0.001000 0.050000
v -0.011268 -0.000000 0.049000
v -0.011268 0.189000 0.050000
v 0.006732 0.189000 0.050000
v -0.012268 0.189000 0.049000
v -0.012268 0.001000 0.049000
v -0.012268 0.001000 -0.049000
v -0.012268 0.189000 -0.049000
v -0.011268 0.189000 -0.050000
v -0.011268 0.001000 -0.050000
v -0.011268 0.000000 -0.049000
v 0.370495 0.402000 0.043442
v 0.370495 0.402000 -0.054558
v 0.352495 0.402000 -0.054558
v 0.352495 0.402000 0.043442
v 0.371495 0.401000 0.043442
v 0.371495 0.401000 -0.054558
v 0.370495 0.401000 0.044442
v 0.352495 0.401000 0.044442
v 0.351495 0.401000 0.043442
v 0.351495 0.401000 -0.054558
v 0.352495 0.401000 -0.055558
v 0.370495 0.401000 -0.055558
v 0.370495 0.213000 -0.055558
v 0.371495 0.213000 -0.054558
v 0.370495 0.213000 0.044442
v 0.371495 0.213000 0.043442
v 0.352495 0.212000 0.043442
v 0.370495 0.212000 0.043442
v 0.352495 0.213000 0.044442
v 0.370495 0.212000 -0.054558
v 0.351495 0.213000 0.043442
v 0.352495 0.212000 -0.054558
v 0.351495 0.213000 -0.054558
v 0.352495 0.213000 -0.055558
v -0.225388 0.190000 0.048000
v -0.225388 0.190000 -0.050000
v -0.243388 0.190000 -0.050000
v -0.243388 0.190000 0.048000
v -0.224388 0.189000 0.048000
v -0.224388 0.189000 -0.050000
v -0.224388 0.001000 -0.050000
v -0.225388 0.001000 -0.051000
v -0.225388 0.189000 -0.051000
v -0.225388 0.000000 -0.050000
v -0.224388 0.001000 0.048000
v -0.225388 -0.000000 0.048000
v -0.225388 0.001000 0.049000
v -0.243388 0.001000 0.049000
v -0.243388 -0.000000 0.048000
v -0.243388 0.189000 0.049000
v -0.225388 0.189000 0.049000
v -0.244388 0.189000 0.048000
v -0.244388 0.001000 0.048000
v -0.244388 0.001000 -0.050000
v -0.244388 0.189000 -0.050000
v -0.243388 0.189000 -0.051000
v -0.243388 0.001000 -0.051000
v -0.243388 0.000000 -0.050000
v 0.392817 0.190000 0.042459
v 0.392817 0.190000 -0.055541
v 0.374817 0.190000 -0.055541
v 0.374817 0.190000 0.042459
v 0.393817 0.189000 0.042459
v 0.393817 0.189000 -0.055541
v 0.393817 0.001000 -0.055541
v 0.392817 0.001000 -0.056541
v 0.392817 0.189000 -0.056541
v 0.392817 0.000000 -0.055541
v 0.393817 0.001000 0.042459
v 0.392817 -0.000000 0.042459
v 0.392817 0.001000 0.043459
v 0.374817 0.001000 0.043459
v 0.374817 -0.000000 0.042459
v 0.374817 0.189000 0.043459
v 0.392817 0.189000 0.043459
v 0.373817 0.189000 0.042459
v 0.373817 0.001000 0.042459
v 0.373817 0.001000 -0.055541
v 0.373817 0.189000 -0.055541
v 0.374817 0.189000 -0.056541
v 0.374817 0.001000 -0.056541
v 0.374817 0.000000 -0.055541
v -0.351178 0.402000 0.042459
v -0.351178 0.402000 -0.055541
v -0.369178 0.402000 -0.055541
v -0.369178 0.402000 0.042459
v -0.350178 0.401000 0.042459
v -0.350178 0.401000 -0.055541
v -0.351178 0.401000 0.043459
v -0.369178 0.401000 0.043459
v -0.370178 0.401000 0.042459
v -0.370178 0.401000 -0.055541
v -0.369178 0.401000 -0.056541
v -0.351178 0.401000 -0.056541
v -0.351178 0.213000 -0.056541
v -0.350178 0.213000 -0.055541
v -0.351178 0.213000 0.043459
v -0.350178 0.213000 0.042459
v -0.369178 0.212000 0.042459
v -0.351178 0.212000 0.042459
v -0.369178 0.213000 0.043459
v -0.351178 0.212000 -0.055541
v -0.370178 0.213000 0.042459
v -0.369178 0.212000 -0.055541
v -0.370178 0.213000 -0.055541
v -0.369178 0.213000 -0.056541
v 0.156196 0.190000 0.041459
v 0.156196 0.190000 -0.056541
v 0.138196 0.190000 -0.056541
v 0.138196 0.190000 0.041459
v 0.157196 0.189000 0.041459
v 0.157196 0.189000 -0.056541
v 0.157196 0.001000 -0.056541
v 0.156196 0.001000 -0.057541
v 0.156196 0.189000 -0.057541
v 0.156196 0.000000 -0.056541
v 0.157196 0.001000 0.041459
v 0.156196 -0.000000 0.041459
v 0.156196 0.001000 0.042459
v 0.138196 0.001000 0.042459
v 0.138196 -0.000000 0.041459
v 0.138196 0.189000 0.042459
v 0.156196 0.189000 0.042459
v 0.137196 0.189000 0.041459
v 0.137196 0.001000 0.041459
v 0.137196 0.001000 -0.056541
v 0.137196 0.189000 -0.056541
v 0.138196 0.189000 -0.057541
v 0.138196 0.001000 -0.057541
v 0.138196 0.000000 -0.056541
v -0.093392 0.402000 0.042459
v -0.093392 0.402000 -0.055541
v -0.111392 0.402000 -0.055541
v -0.111392 0.402000 0.042459
v -0.092392 0.401000 0.042459
v -0.092392 0.401000 -0.055541
v -0.093392 0.401000 0.043459
v -0.111392 0.401000 0.043459
v -0.112392 0.401000 0.042459
v -0.112392 0.401000 -0.055541
v -0.111392 0.401000 -0.056541
v -0.093392 0.401000 -0.056541
v -0.093392 0.213000 -0.056541
v -0.092392 0.213000 -0.055541
v -0.093392 0.213000 0.043459
v -0.092392 0.213000 0.042459
v -0.111392 0.212000 0.042459
v -0.093392 0.212000 0.042459
v -0.111392 0.213000 0.043459
v -0.093392 0.212000 -0.055541
v -0.112392 0.213000 0.042459
v -0.111392 0.212000 -0.055541
v -0.112392 0.213000 -0.055541
v -0.111392 0.213000 -0.056541
v 0.287252 0.402000 0.049000
v 0.287252 0.402000 -0.049000
v 0.269252 0.402000 -0.049000
v 0.269252 0.402000 0.049000
v 0.288252 0.401000 0.049000
v 0.288252 0.401000 -0.049000
v 0.287252 0.401000 0.050000
v 0.269252 0.401000 0.050000
v 0.268252 0.401000 0.049000
v 0.268252 0.401000 -0.049000
v 0.269252 0.401000 -0.050000
v 0.287252 0.401000 -0.050000
v 0.287252 0.213000 -0.050000
v 0.288252 0.213000 -0.049000
v 0.287252 0.213000 0.050000
v 0.288252 0.213000 0.049000
v 0.269252 0.212000 0.049000
v 0.287252 0.212000 0.049000
v 0.269252 0.213000 0.050000
v 0.287252 0.212000 -0.049000
v 0.268252 0.213000 0.049000
v 0.269252 0.212000 -0.049000
v 0.268252 0.213000 -0.049000
v 0.269252 0.213000 -0.050000
v 0.285247 0.190000 0.036459
v 0.285247 0.190000 -0.061541
v 0.267247 0.190000 -0.061541
v 0.267247 0.190000 0.036459
v 0.286247 0.189000 0.036459
v 0.286247 0.189000 -0.061541
v 0.286247 0.001000 -0.061541
v 0.285247 0.001000 -0.062541
v 0.285247 0.189000 -0.062541
v 0.285247 0.000000 -0.061541
v 0.286247 0.001000 0.036459
v 0.285247 -0.000000 0.036459
v 0.285247 0.001000 0.037459
v 0.267247 0.001000 0.037459
v 0.267247 -0.000000 0.036459
v 0.267247 0.189000 0.037459
v 0.285247 0.189000 0.037459
v 0.266247 0.189000 0.036459
v 0.266247 0.001000 0.036459
v 0.266247 0.001000 -0.061541
v 0.266247 0.189000 -0.061541
v 0.267247 0.189000 -0.062541
v 0.267247 0.001000 -0.062541
v 0.267247 0.000000 -0.061541
v -0.372792 0.402000 0.042459
v -0.372792 0.402000 -0.055541
v -0.390792 0.402000 -0.055541
v -0.390792 0.402000 0.042459
v -0.371792 0.401000 0.042459
v -0.371792 0.401000 -0.055541
v -0.372792 0.401000 0.043459
v -0.390792 0.401000 0.043459
v -0.391792 0.401000 0.042459
v -0.391792 0.401000 -0.055541
v -0.390792 0.401000 -0.056541
v -0.372792 0.401000 -0.056541
v -0.372792 0.213000 -0.056541
v -0.371792 0.213000 -0.055541
v -0.372792 0.213000 0.043459
v -0.371792 0.213000 0.042459
v -0.390792 0.212000 0.042459
v -0.372792 0.212000 0.042459
v -0.390792 0.213000 0.043459
v -0.372792 0.212000 -0.055541
v -0.391792 0.213000 0.042459
v -0.390792 0.212000 -0.055541
v -0.391792 0.213000 -0.055541
v -0.390792 0.213000 -0.056541
v -0.393626 0.190000 0.042442
v -0.393626 0.190000 -0.055558
v -0.411626 0.190000 -0.055558
v -0.411626 0.190000 0.042442
v -0.392626 0.189000 0.042442
v -0.392626 0.189000 -0.055558
v -0.392626 0.001000 -0.055558
v -0.393626 0.001000 -0.056558
v -0.393626 0.189000 -0.056558
v -0.393626 0.000000 -0.055558
v -0.392626 0.001000 0.042442
v -0.393626 -0.000000 0.042442
v -0.393626 0.001000 0.043442
v -0.411626 0.001000 0.043442
v -0.411626 -0.000000 0.042442
v -0.411626 0.189000 0.043442
v -0.393626 0.189000 0.043442
v -0.412626 0.189000 0.042442
v -0.412626 0.001000 0.042442
v -0.412626 0.001000 -0.055558
v -0.412626 0.189000 -0.055558
v -0.411626 0.189000 -0.056558
v -0.411626 0.001000 -0.056558
v -0.411626 0.000000 -0.055558
v -0.308690 0.402000 0.039014
v -0.308690 0.402000 -0.058986
v -0.326690 0.402000 -0.058986
v -0.326690 0.402000 0.039014
v -0.307690 0.401000 0.039014
v -0.307690 0.401000 -0.058986
v -0.308690 0.401000 0.040014
v -0.326690 0.401000 0.040014
v -0.327690 0.401000 0.039014
v -0.327690 0.401000 -0.058986
v -0.326690 0.401000 -0.059986
v -0.308690 0.401000 -0.059986
v -0.308690 0.213000 -0.059986
v -0.307690 0.213000 -0.058986
v -0.308690 0.213000 0.040014
v -0.307690 0.213000 0.039014
v -0.326690 0.212000 0.039014
v -0.308690 0.212000 0.039014
v -0.326690 0.213000 0.040014
v -0.308690 0.212000 -0.058986
v -0.327690 0.213000 0.039014
v -0.326690 0.212000 -0.058986
v -0.327690 0.213000 -0.058986
v -0.326690 0.213000 -0.059986
v -0.394402 0.402000 0.038842
v -0.394402 0.402000 -0.059158
v -0.412402 0.402000 -0.059158
v -0.412402 0.402000 0.038842
v -0.393402 0.401000 0.038842
v -0.393402 0.401000 -0.059158
v -0.394402 0.401000 0.039842
v -0.412402 0.401000 0.039842
v -0.413402 0.401000 0.038842
v -0.413402 0.401000 -0.059158
v -0.412402 0.401000 -0.060158
v -0.394402 0.401000 -0.060158
v -0.394402 0.213000 -0.060158
v -0.393402 0.213000 -0.059158
v -0.394402 0.213000 0.039842
v -0.393402 0.213000 0.038842
v -0.412402 0.212000 0.038842
v -0.394402 0.212000 0.038842
v -0.412402 0.213000 0.039842
v -0.394402 0.212000 -0.059158
v -0.413402 0.213000 0.038842
v -0.412402 0.212000 -0.059158
v -0.413402 0.213000 -0.059158
v -0.412402 0.213000 -0.060158
v -0.100837 0.190000 0.043000
v -0.100837 0.190000 -0.055000
v -0.118837 0.190000 -0.055000
v -0.118837 0.190000 0.043000
v -0.099837 0.189000 0.043000
v -0.099837 0.189000 -0.055000
v -0.099837 0.001000 -0.055000
v -0.100837 0.001000 -0.056000
v -0.100837 0.189000 -0.056000
v -0.100837 0.000000 -0.055000
v -0.099837 0.001000 0.043000
v -0.100837 -0.000000 0.043000
v -0.100837 0.001000 0.044000
v -0.118837 0.001000 0.044000
v -0.118837 -0.000000 0.043000
v -0.118837 0.189000 0.044000
v -0.100837 0.189000 0.044000
v -0.119837 0.189000 0.043000
v -0.119837 0.001000 0.043000
v -0.119837 0.001000 -0.055000
v -0.119837 0.189000 -0.055000
v -0.118837 0.189000 -0.056000
v -0.118837 0.001000 -0.056000
v -0.118837 0.000000 -0.055000
v -0.307943 0.190000 0.037998
v -0.307943 0.190000 -0.060002
v -0.325943 0.190000 -0.060002
v -0.325943 0.190000 0.037998
v -0.306943 0.189000 0.037998
v -0.306943 0.189000 -0.060002
v -0.306943 0.001000 -0.060002
v -0.307943 0.001000 -0.061003
v -0.307943 0.189000 -0.061002
v -0.307943 0.000000 -0.060002
v -0.306943 0.001000 0.037997
v -0.307943 -0.000000 0.037997
v -0.307943 0.001000 0.038998
v -0.325943 0.001000 0.038998
v -0.325943 -0.000000 0.037997
v -0.325943 0.189000 0.038998
v -0.307943 0.189000 0.038998
v -0.326943 0.189000 0.037998
v -0.326943 0.001000 0.037997
v -0.326943 0.001000 -0.060002
v -0.326943 0.189000 -0.060002
v -0.325943 0.189000 -0.061002
v -0.325943 0.001000 -0.061003
v -0.325943 0.000000 -0.060002
v 0.224878 0.402000 0.049000
v 0.224878 0.402000 -0.049000
v 0.206878 0.402000 -0.049000
v 0.206878 0.402000 0.049000
v 0.225878 0.401000 0.049000
v 0.225878 0.401000 -0.049000
v 0.224878 0.401000 0.050000
v 0.206878 0.401000 0.050000
v 0.205878 0.401000 0.049000
v 0.205878 0.401000 -0.049000
v 0.206878 0.401000 -0.050000
v 0.224878 0.401000 -0.050000
v 0.224878 0.213000 -0.050000
v 0.225878 0.213000 -0.049000
v 0.224878 0.213000 0.050000
v 0.225878 0.213000 0.049000
v 0.206878 0.212000 0.049000
v 0.224878 0.212000 0.049000
v 0.206878 0.213000 0.050000
v 0.224878 0.212000 -0.049000
v 0.205878 0.213000 0.049000
v 0.206878 0.212000 -0.049000
v 0.205878 0.213000 -0.049000
v 0.206878 0.213000 -0.050000
v 0.220963 0.190000 0.038842
v 0.220963 0.190000 -0.059158
v 0.202963 0.190000 -0.059158
v 0.202963 0.190000 0.038842
v 0.221963 0.189000 0.038842
v 0.221963 0.189000 -0.059158
v 0.221963 0.001000 -0.059158
v 0.220963 0.001000 -0.060158
v 0.220963 0.189000 -0.060158
v 0.220963 0.000000 -0.059158
v 0.221963 0.001000 0.038842
v 0.220963 -0.000000 0.038842
v 0.220963 0.001000 0.039842
v 0.202963 0.001000 0.039842
v 0.202963 -0.000000 0.038842
v 0.202963 0.189000 0.039842
v 0.220963 0.189000 0.039842
v 0.201963 0.189000 0.038842
v 0.201963 0.001000 0.038842
v 0.201963 0.001000 -0.059158
v 0.201963 0.189000 -0.059158
v 0.202963 0.189000 -0.060158
v 0.202963 0.001000 -0.060158
v 0.202963 0.000000 -0.059158
v -0.457687 0.190000 0.036459
v -0.457687 0.190000 -0.061541
v -0.475687 0.190000 -0.061541
v -0.475687 0.190000 0.036459
v -0.456687 0.189000 0.036459
v -0.456687 0.189000 -0.061541
v -0.456687 0.001000 -0.061541
v -0.457687 0.001000 -0.062541
v -0.457687 0.189000 -0.062541
v -0.457687 0.000000 -0.061541
v -0.456687 0.001000 0.036459
v -0.457687 -0.000000 0.036459
v -0.457687 0.001000 0.037459
v -0.475687 0.001000 0.037459
v -0.475687 -0.000000 0.036459
v -0.475687 0.189000 0.037459
v -0.457687 0.189000 0.037459
v -0.476687 0.189000 0.036459
v -0.476687 0.001000 0.036459
v -0.476687 0.001000 -0.061541
v -0.476687 0.189000 -0.061541
v -0.475687 0.189000 -0.062541
v -0.475687 0.001000 -0.062541
v -0.475687 0.000000 -0.061541
v -0.122150 0.190000 0.049000
v -0.122150 0.190000 -0.049000
v -0.140150 0.190000 -0.049000
v -0.140150 0.190000 0.049000
v -0.121150 0.189000 0.049000
v -0.121150 0.189000 -0.049000
v -0.121150 0.001000 -0.049000
v -0.122150 0.001000 -0.050000
v -0.122150 0.189000 -0.050000
v -0.122150 0.000000 -0.049000
v -0.121150 0.001000 0.049000
v -0.122150 -0.000000 0.049000
v -0.122150 0.001000 0.050000
v -0.140150 0.001000 0.050000
v -0.140150 -0.000000 0.049000
v -0.140150 0.189000 0.050000
v -0.122150 0.189000 0.050000
v -0.141150 0.189000 0.049000
v -0.141150 0.001000 0.049000
v -0.141150 0.001000 -0.049000
v -0.141150 0.189000 -0.049000
v -0.140150 0.189000 -0.050000
v -0.140150 0.001000 -0.050000
v -0.140150 0.000000 -0.049000
v 0.142175 0.402000 0.049000
v 0.142175 0.402000 -0.049000
v 0.124175 0.402000 -0.049000
v 0.124175 0.402000 0.049000
v 0.143175 0.401000 0.049000
v 0.143175 0.401000 -0.049000
v 0.142175 0.401000 0.050000
v 0.124175 0.401000 0.050000
v 0.123175 0.401000 0.049000
v 0.123175 0.401000 -0.049000
v 0.124175 0.401000 -0.050000
v 0.142175 0.401000 -0.050000
v 0.142175 0.213000 -0.050000
v 0.143175 0.213000 -0.049000
v 0.142175 0.213000 0.050000
v 0.143175 0.213000 0.049000
v 0.124175 0.212000 0.049000
v 0.142175 0.212000 0.049000
v 0.124175 0.213000 0.050000
v 0.142175 0.212000 -0.049000
v 0.123175 0.213000 0.049000
v 0.124175 0.212000 -0.049000
v 0.123175 0.213000 -0.049000
v 0.124175 0.213000 -0.050000
v 0.034907 0.402000 0.049000
v 0.034907 0.402000 -0.049000
v 0.016907 0.402000 -0.049000
v 0.016907 0.402000 0.049000
v 0.035907 0.401000 0.049000
v 0.035907 0.401000 -0.049000
v 0.034907 0.401000 0.050000
v 0.016907 0.401000 0.050000
v 0.015907 0.401000 0.049000
v 0.015907 0.401000 -0.049000
v 0.016907 0.401000 -0.050000
v 0.034907 0.401000 -0.050000
v 0.034907 0.213000 -0.050000
v 0.035907 0.213000 -0.049000
v 0.034907 0.213000 0.050000
v 0.035907 0.213000 0.049000
v 0.016907 0.212000 0.049000
v 0.034907 0.212000 0.049000
v 0.016907 0.213000 0.050000
v 0.034907 0.212000 -0.049000
v 0.015907 0.213000 0.049000
v 0.016907 0.212000 -0.049000
v 0.015907 0.213000 -0.049000
v 0.016907 0.213000 -0.050000
v -0.246334 0.190000 0.045556
v -0.246334 0.190000 -0.052444
v -0.264334 0.190000 -0.052444
v -0.264334 0.190000 0.045556
v -0.245334 0.189000 0.045556
v -0.245334 0.189000 -0.052444
v -0.245334 0.001000 -0.052444
v -0.246334 0.001000 -0.053444
v -0.246334 0.189000 -0.053444
v -0.246334 0.000000 -0.052444
v -0.245334 0.001000 0.045556
v -0.246334 -0.000000 0.045556
v -0.246334 0.001000 0.046556
v -0.264334 0.001000 0.046556
v -0.264334 -0.000000 0.045556
v -0.264334 0.189000 0.046556
v -0.246334 0.189000 0.046556
v -0.265334 0.189000 0.045556
v -0.265334 0.001000 0.045556
v -0.265334 0.001000 -0.052444
v -0.265334 0.189000 -0.052444
v -0.264334 0.189000 -0.053444
v -0.264334 0.001000 -0.053444
v -0.264334 0.000000 -0.052444
v -0.372083 0.190000 0.043442
v -0.372083 0.190000 -0.054558
v -0.390083 0.190000 -0.054558
v -0.390083 0.190000 0.043442
v -0.371083 0.189000 0.043442
v -0.371083 0.189000 -0.054558
v -0.371083 0.001000 -0.054558
v -0.372083 0.001000 -0.055558
v -0.372083 0.189000 -0.055558
v -0.372083 0.000000 -0.054558
v -0.371083 0.001000 0.043442
v -0.372083 -0.000000 0.043442
v -0.372083 0.001000 0.044442
v -0.390083 0.001000 0.044442
v -0.390083 -0.000000 0.043442
v -0.390083 0.189000 0.044442
v -0.372083 0.189000 0.044442
v -0.391083 0.189000 0.043442
v -0.391083 0.001000 0.043442
v -0.391083 0.001000 -0.054558
v -0.391083 0.189000 -0.054558
v -0.390083 0.189000 -0.055558
v -0.390083 0.001000 -0.055558
v -0.390083 0.000000 -0.054558
v -0.437375 0.402000 0.042459
v -0.437375 0.402000 -0.055541
v -0.455375 0.402000 -0.055541
v -0.455375 0.402000 0.042459
v -0.436375 0.401000 0.042459
v -0.436375 0.401000 -0.055541
v -0.437375 0.401000 0.043459
v -0.455375 0.401000 0.043459
v -0.456375 0.401000 0.042459
v -0.456375 0.401000 -0.055541
v -0.455375 0.401000 -0.056541
v -0.437375 0.401000 -0.056541
v -0.437375 0.213000 -0.056541
v -0.436375 0.213000 -0.055541
v -0.437375 0.213000 0.043459
v -0.436375 0.213000 0.042459
v -0.455375 0.212000 0.042459
v -0.437375 0.212000 0.042459
v -0.455375 0.213000 0.043459
v -0.437375 0.212000 -0.055541
v -0.456375 0.213000 0.042459
v -0.455375 0.212000 -0.055541
v -0.456375 0.213000 -0.055541
v -0.455375 0.213000 -0.056541
v -0.436053 0.190000 0.042459
v -0.436053 0.190000 -0.055541
v -0.454053 0.190000 -0.055541
v -0.454053 0.190000 0.042459
v -0.435053 0.189000 0.042459
v -0.435053 0.189000 -0.055541
v -0.435053 0.001000 -0.055541
v -0.436053 0.001000 -0.056541
v -0.436053 0.189000 -0.056541
v -0.436053 0.000000 -0.055541
v -0.435053 0.001000 0.042459
v -0.436053 -0.000000 0.042459
v -0.436053 0.001000 0.043459
v -0.454053 0.001000 0.043459
v -0.454053 -0.000000 0.042459
v -0.454053 0.189000 0.043459
v -0.436053 0.189000 0.043459
v -0.455053 0.189000 0.042459
v -0.455053 0.001000 0.042459
v -0.455053 0.001000 -0.055541
v -0.455053 0.189000 -0.055541
v -0.454053 0.189000 -0.056541
v -0.454053 0.001000 -0.056541
v -0.454053 0.000000 -0.055541
v -0.200938 0.402000 0.038842
v -0.200938 0.402000 -0.059158
v -0.218938 0.402000 -0.059158
v -0.218938 0.402000 0.038842
v -0.199938 0.401000 0.038842
v -0.199938 0.401000 -0.059158
v -0.200938 0.401000 0.039842
v -0.218938 0.401000 0.039842
v -0.219938 0.401000 0.038842
v -0.219938 0.401000 -0.059158
v -0.218938 0.401000 -0.060158
v -0.200938 0.401000 -0.060158
v -0.200938 0.213000 -0.060158
v -0.199938 0.213000 -0.059158
v -0.200938 0.213000 0.039842
v -0.199938 0.213000 0.038842
v -0.218938 0.212000 0.038842
v -0.200938 0.212000 0.038842
v -0.218938 0.213000 0.039842
v -0.200938 0.212000 -0.059158
v -0.219938 0.213000 0.038842
v -0.218938 0.212000 -0.059158
v -0.219938 0.213000 -0.059158
v -0.218938 0.213000 -0.060158
v -0.243910 0.402000 0.042459
v -0.243910 0.402000 -0.055541
v -0.261910 0.402000 -0.055541
v -0.261910 0.402000 0.042459
v -0.242910 0.401000 0.042459
v -0.242910 0.401000 -0.055541
v -0.243910 0.401000 0.043459
v -0.261910 0.401000 0.043459
v -0.262910 0.401000 0.042459
v -0.262910 0.401000 -0.055541
v -0.261910 0.401000 -0.056541
v -0.243910 0.401000 -0.056541
v -0.243910 0.213000 -0.056541
v -0.242910 0.213000 -0.055541
v -0.243910 0.213000 0.043459
v -0.242910 0.213000 0.042459
v -0.261910 0.212000 0.042459
v -0.243910 0.212000 0.042459
v -0.261910 0.213000 0.043459
v -0.243910 0.212000 -0.055541
v -0.262910 0.213000 0.042459
v -0.261910 0.212000 -0.055541
v -0.262910 0.213000 -0.055541
v -0.261910 0.213000 -0.056541
vt 0.9521 0.5458
vt 0.9156 0.5458
vt 0.9156 0.5391
vt 0.9521 0.5391
vt 0.7712 0.4782
vt 0.7712 0.4417
vt 0.7716 0.4417
vt 0.7716 0.4782
vt 0.7012 0.4417
vt 0.7012 0.4413
vt 0.7712 0.4413
vt 0.7008 0.4417
vt 0.7012 0.4782
vt 0.7008 0.4782
vt 0.7012 0.4785
vt 0.7094 0.4868
vt 0.7027 0.4868
vt 0.7027 0.4864
vt 0.7094 0.4864
vt 0.7027 0.5568
vt 0.7094 0.5568
vt 0.7094 0.5572
vt 0.7027 0.5572
vt 0.7712 0.4785
vt 0.7012 0.7012
vt 0.7012 0.7008
vt 0.7008 0.7012
vt 0.7712 0.7012
vt 0.7712 0.7008
vt 0.7712 0.7377
vt 0.7012 0.7377
vt 0.7012 0.7381
vt 0.7712 0.7381
vt 0.7008 0.7377
vt 0.9152 0.5458
vt 0.9152 0.5391
vt 0.7716 0.7377
vt 0.7716 0.7012
vt 0.1318 0.5349
vt 0.0953 0.5349
vt 0.0953 0.5282
vt 0.1318 0.5282
vt 0.1318 0.5353
vt 0.0953 0.5353
vt 0.1362 0.4199
vt 0.1362 0.4195
vt 0.1366 0.4195
vt 0.1295 0.4199
vt 0.1295 0.4195
vt 0.1291 0.4195
vt 0.0953 0.5278
vt 0.1318 0.5278
vt 0.2434 0.3492
vt 0.2434 0.3495
vt 0.2438 0.3495
vt 0.2367 0.3492
vt 0.2367 0.3495
vt 0.2363 0.3495
vt 0.2367 0.4195
vt 0.2363 0.4195
vt 0.1362 0.3495
vt 0.1366 0.3495
vt 0.1295 0.3492
vt 0.1362 0.3492
vt 0.1295 0.3495
vt 0.4940 0.5098
vt 0.4940 0.4733
vt 0.4943 0.4733
vt 0.4943 0.5098
vt 0.2367 0.4199
vt 0.1291 0.3495
vt 0.3857 0.5568
vt 0.3857 0.5203
vt 0.3853 0.5203
vt 0.3853 0.5568
vt 0.3153 0.5572
vt 0.3853 0.5572
vt 0.3153 0.5568
vt 0.5643 0.5098
vt 0.5643 0.4733
vt 0.3153 0.5203
vt 0.9536 0.3995
vt 0.9171 0.3995
vt 0.9171 0.3928
vt 0.9536 0.3928
vt 0.9536 0.3999
vt 0.9171 0.3999
vt 0.7888 0.5008
vt 0.7888 0.5004
vt 0.7892 0.5004
vt 0.7821 0.5008
vt 0.7821 0.5004
vt 0.7817 0.5004
vt 0.9171 0.3924
vt 0.9536 0.3924
vt 0.5368 0.2965
vt 0.5368 0.2969
vt 0.5371 0.2969
vt 0.5301 0.2965
vt 0.5301 0.2969
vt 0.5297 0.2969
vt 0.5301 0.3669
vt 0.5297 0.3669
vt 0.7888 0.4304
vt 0.7892 0.4304
vt 0.7821 0.4300
vt 0.7888 0.4300
vt 0.7821 0.4304
vt 0.3760 0.2878
vt 0.3760 0.2514
vt 0.3755 0.2514
vt 0.3755 0.2878
vt 0.5301 0.3672
vt 0.7817 0.4304
vt 0.1186 0.5793
vt 0.1186 0.5429
vt 0.1182 0.5429
vt 0.1182 0.5793
vt 0.0483 0.5797
vt 0.1182 0.5797
vt 0.0483 0.5793
vt 0.6072 0.2615
vt 0.5372 0.2615
vt 0.5372 0.2250
vt 0.6072 0.2250
vt 0.0483 0.5429
vt 0.8336 0.4988
vt 0.7971 0.4988
vt 0.7971 0.4921
vt 0.8336 0.4921
vt 0.0750 0.7697
vt 0.0750 0.7332
vt 0.0754 0.7332
vt 0.0754 0.7697
vt 0.0050 0.7332
vt 0.0050 0.7328
vt 0.0750 0.7328
vt 0.3559 0.8494
vt 0.3559 0.8498
vt 0.3563 0.8498
vt 0.3194 0.8494
vt 0.3194 0.8498
vt 0.3191 0.8498
vt 0.3191 0.8565
vt 0.3194 0.8565
vt 0.7178 0.5564
vt 0.7245 0.5564
vt 0.7245 0.5568
vt 0.7178 0.5568
vt 0.0750 0.7700
vt 0.0050 0.7700
vt 0.0050 0.7697
vt 0.7181 0.6185
vt 0.7181 0.6181
vt 0.7178 0.6185
vt 0.7881 0.6185
vt 0.7881 0.6181
vt 0.7881 0.6549
vt 0.7181 0.6549
vt 0.7181 0.6553
vt 0.7881 0.6553
vt 0.7178 0.6549
vt 0.7968 0.4988
vt 0.7968 0.4921
vt 0.7885 0.6549
vt 0.7885 0.6185
vt 0.7178 0.4864
vt 0.7245 0.4864
vt 0.0415 0.5800
vt 0.0050 0.5800
vt 0.0050 0.5733
vt 0.0415 0.5733
vt 0.0415 0.5804
vt 0.0050 0.5804
vt 0.5857 0.6098
vt 0.5857 0.6095
vt 0.5860 0.6095
vt 0.5790 0.6098
vt 0.5790 0.6095
vt 0.5786 0.6095
vt 0.0050 0.5730
vt 0.0415 0.5730
vt 0.5876 0.4075
vt 0.5876 0.4078
vt 0.5879 0.4078
vt 0.5809 0.4075
vt 0.5809 0.4078
vt 0.5805 0.4078
vt 0.5809 0.4778
vt 0.5805 0.4778
vt 0.5857 0.5395
vt 0.5860 0.5395
vt 0.5790 0.5391
vt 0.5857 0.5391
vt 0.5790 0.5395
vt 0.0050 0.6245
vt 0.0050 0.5880
vt 0.0054 0.5880
vt 0.0054 0.6245
vt 0.5809 0.4782
vt 0.5786 0.5395
vt 0.6490 0.1393
vt 0.6490 0.1028
vt 0.6486 0.1028
vt 0.6486 0.1393
vt 0.5786 0.1396
vt 0.6486 0.1396
vt 0.5786 0.1393
vt 0.0754 0.6245
vt 0.0754 0.5880
vt 0.5786 0.1028
vt 0.4289 0.7602
vt 0.3924 0.7602
vt 0.3924 0.7535
vt 0.4289 0.7535
vt 0.6155 0.6595
vt 0.6155 0.6959
vt 0.6151 0.6959
vt 0.6151 0.6595
vt 0.6797 0.6117
vt 0.6797 0.6113
vt 0.6801 0.6113
vt 0.6730 0.6117
vt 0.6730 0.6113
vt 0.6726 0.6113
vt 0.6237 0.6595
vt 0.6237 0.6959
vt 0.6241 0.6959
vt 0.6241 0.6595
vt 0.6241 0.6963
vt 0.6816 0.2307
vt 0.6749 0.2307
vt 0.6749 0.2311
vt 0.6816 0.2311
vt 0.6745 0.2311
vt 0.6749 0.3010
vt 0.6745 0.3010
vt 0.6797 0.5414
vt 0.6801 0.5414
vt 0.6730 0.5410
vt 0.6797 0.5410
vt 0.6730 0.5414
vt 0.5447 0.6959
vt 0.5447 0.6595
vt 0.5451 0.6595
vt 0.5451 0.6959
vt 0.6749 0.3014
vt 0.6726 0.5414
vt 0.6945 0.6959
vt 0.6945 0.6595
vt 0.6941 0.6595
vt 0.6941 0.6959
vt 0.6941 0.6963
vt 0.6640 0.8147
vt 0.6275 0.8147
vt 0.6275 0.8080
vt 0.6640 0.8080
vt 0.6640 0.8151
vt 0.6275 0.8151
vt 0.9163 0.3390
vt 0.9163 0.3387
vt 0.9167 0.3387
vt 0.9096 0.3390
vt 0.9096 0.3387
vt 0.6331 0.9250
vt 0.6335 0.9250
vt 0.6335 0.9246
vt 0.6331 0.9615
vt 0.6335 0.9615
vt 0.6335 0.9619
vt 0.9185 0.6764
vt 0.9118 0.6764
vt 0.9118 0.6768
vt 0.9185 0.6768
vt 0.9115 0.6768
vt 0.9118 0.7468
vt 0.9115 0.7468
vt 0.9163 0.2687
vt 0.9167 0.2687
vt 0.9096 0.2683
vt 0.9163 0.2683
vt 0.9096 0.2687
vt 0.0840 0.9630
vt 0.0840 0.9265
vt 0.0844 0.9265
vt 0.0844 0.9630
vt 0.9118 0.7471
vt 0.7035 0.9250
vt 0.7039 0.9250
vt 0.7035 0.9246
vt 0.7039 0.9615
vt 0.7035 0.9615
vt 0.7035 0.9619
vt 0.1543 0.9630
vt 0.1543 0.9265
vt 0.5737 0.6248
vt 0.5372 0.6248
vt 0.5372 0.6181
vt 0.5737 0.6181
vt 0.1961 0.5579
vt 0.1961 0.5944
vt 0.1957 0.5944
vt 0.1957 0.5579
vt 0.5631 0.1660
vt 0.5631 0.1656
vt 0.5635 0.1656
vt 0.5564 0.1660
vt 0.5564 0.1656
vt 0.5560 0.1656
vt 0.4846 0.5598
vt 0.4846 0.5963
vt 0.4849 0.5963
vt 0.4849 0.5598
vt 0.4849 0.5966
vt 0.5781 0.0953
vt 0.5714 0.0953
vt 0.5714 0.0956
vt 0.5781 0.0956
vt 0.5711 0.0956
vt 0.5714 0.1656
vt 0.5711 0.1656
vt 0.5631 0.0956
vt 0.5635 0.0956
vt 0.5564 0.0953
vt 0.5631 0.0953
vt 0.5564 0.0956
vt 0.1254 0.5944
vt 0.1254 0.5579
vt 0.1257 0.5579
vt 0.1257 0.5944
vt 0.5714 0.1660
vt 0.5560 0.0956
vt 0.5553 0.5963
vt 0.5553 0.5598
vt 0.5549 0.5598
vt 0.5549 0.5963
vt 0.5549 0.5966
vt 0.4289 0.7452
vt 0.3924 0.7452
vt 0.3924 0.7385
vt 0.4289 0.7385
vt 0.4289 0.7455
vt 0.3924 0.7455
vt 0.8636 0.3484
vt 0.8636 0.3481
vt 0.8640 0.3481
vt 0.8569 0.3484
vt 0.8569 0.3481
vt 0.8607 0.8611
vt 0.8611 0.8611
vt 0.8611 0.8607
vt 0.8607 0.8976
vt 0.8611 0.8976
vt 0.8611 0.8979
vt 0.8734 0.0934
vt 0.8667 0.0934
vt 0.8667 0.0938
vt 0.8734 0.0938
vt 0.8663 0.0938
vt 0.8667 0.1638
vt 0.8663 0.1638
vt 0.8636 0.2781
vt 0.8640 0.2781
vt 0.8569 0.2777
vt 0.8636 0.2777
vt 0.8569 0.2781
vt 0.1014 0.1299
vt 0.1014 0.0934
vt 0.1009 0.0934
vt 0.1009 0.1299
vt 0.8667 0.1641
vt 0.9311 0.8611
vt 0.9314 0.8611
vt 0.9311 0.8607
vt 0.9314 0.8976
vt 0.9311 0.8976
vt 0.9311 0.8979
vt 0.6072 0.3856
vt 0.5372 0.3856
vt 0.5372 0.3492
vt 0.6072 0.3492
vt 0.3894 0.2430
vt 0.3529 0.2430
vt 0.3529 0.2363
vt 0.3894 0.2363
vt 0.3894 0.2434
vt 0.3529 0.2434
vt 0.0200 0.0054
vt 0.0200 0.0754
vt 0.0204 0.0754
vt 0.0204 0.0054
vt 0.2882 0.3492
vt 0.2882 0.3495
vt 0.2886 0.3495
vt 0.2517 0.3492
vt 0.2517 0.3495
vt 0.2514 0.3495
vt 0.2514 0.3562
vt 0.2517 0.3562
vt 0.3898 0.2363
vt 0.3898 0.2430
vt 0.0418 0.0750
vt 0.0418 0.0050
vt 0.0422 0.0050
vt 0.0422 0.0750
vt 0.2367 0.2141
vt 0.2367 0.2138
vt 0.2363 0.2141
vt 0.3067 0.2141
vt 0.3067 0.2138
vt 0.3067 0.2506
vt 0.2367 0.2506
vt 0.2367 0.2510
vt 0.3067 0.2510
vt 0.2363 0.2506
vt 0.0271 0.0054
vt 0.0271 0.0050
vt 0.0204 0.0050
vt 0.3071 0.2506
vt 0.3071 0.2141
vt 0.0050 0.2946
vt 0.0750 0.2946
vt 0.0750 0.3311
vt 0.0050 0.3311
vt 0.0351 0.0750
vt 0.0351 0.0050
vt 0.2051 0.5496
vt 0.1686 0.5496
vt 0.1686 0.5429
vt 0.2051 0.5429
vt 0.4233 0.2280
vt 0.4233 0.1916
vt 0.4237 0.1916
vt 0.4237 0.2280
vt 0.3533 0.1916
vt 0.3533 0.1912
vt 0.4233 0.1912
vt 0.3529 0.1916
vt 0.3533 0.2280
vt 0.3529 0.2280
vt 0.3656 0.0505
vt 0.3656 0.0501
vt 0.3660 0.0505
vt 0.3589 0.0505
vt 0.3589 0.0501
vt 0.3589 0.1205
vt 0.3656 0.1205
vt 0.3656 0.1209
vt 0.3589 0.1209
vt 0.3660 0.1205
vt 0.3586 0.1205
vt 0.3586 0.0505
vt 0.9261 0.7543
vt 0.9261 0.6843
vt 0.9257 0.6843
vt 0.9257 0.7543
vt 0.9257 0.6839
vt 0.6185 0.4439
vt 0.6185 0.4075
vt 0.6181 0.4075
vt 0.6181 0.4439
vt 0.9190 0.6843
vt 0.9190 0.6839
vt 0.9257 0.7546
vt 0.6885 0.4075
vt 0.6885 0.4439
vt 0.6888 0.4439
vt 0.6888 0.4075
vt 0.7264 0.0798
vt 0.6899 0.0798
vt 0.6899 0.0731
vt 0.7264 0.0731
vt 0.7264 0.0801
vt 0.6899 0.0801
vt 0.8197 0.0674
vt 0.7497 0.0674
vt 0.7497 0.0671
vt 0.8197 0.0671
vt 0.7546 0.6632
vt 0.7546 0.6636
vt 0.7550 0.6636
vt 0.7181 0.6632
vt 0.7181 0.6636
vt 0.7178 0.6636
vt 0.7178 0.6703
vt 0.7181 0.6703
vt 0.7268 0.0731
vt 0.7268 0.0798
vt 0.7587 0.5564
vt 0.7587 0.4864
vt 0.7591 0.4864
vt 0.7591 0.5564
vt 0.7264 0.0727
vt 0.7516 0.5564
vt 0.7516 0.4864
vt 0.7520 0.4864
vt 0.7520 0.5564
vt 0.1502 0.8126
vt 0.0802 0.8126
vt 0.0802 0.8129
vt 0.1502 0.8129
vt 0.6899 0.0727
vt 0.6896 0.0731
vt 0.6896 0.0798
vt 0.1506 0.8126
vt 0.1502 0.7761
vt 0.1506 0.7761
vt 0.7181 0.6707
vt 0.8197 0.1039
vt 0.7497 0.1039
vt 0.0802 0.7761
vt 0.0419 0.7997
vt 0.0054 0.7997
vt 0.0054 0.7930
vt 0.0419 0.7930
vt 0.7791 0.1840
vt 0.7791 0.2205
vt 0.7787 0.2205
vt 0.7787 0.1840
vt 0.7787 0.2209
vt 0.7207 0.4086
vt 0.7140 0.4086
vt 0.7140 0.4082
vt 0.7207 0.4082
vt 0.1573 0.7313
vt 0.1577 0.7313
vt 0.1577 0.7309
vt 0.1573 0.7678
vt 0.1577 0.7678
vt 0.1577 0.7682
vt 0.0050 0.7997
vt 0.0050 0.7930
vt 0.7787 0.1837
vt 0.7087 0.1837
vt 0.7087 0.1840
vt 0.7087 0.2209
vt 0.7087 0.2205
vt 0.7140 0.3379
vt 0.7207 0.3379
vt 0.7207 0.3382
vt 0.7140 0.3382
vt 0.7084 0.2205
vt 0.7084 0.1840
vt 0.2277 0.7313
vt 0.2281 0.7313
vt 0.2277 0.7309
vt 0.2281 0.7678
vt 0.2277 0.7678
vt 0.2277 0.7682
vt 0.9747 0.1001
vt 0.9382 0.1001
vt 0.9382 0.0934
vt 0.9747 0.0934
vt 0.2318 0.8366
vt 0.2318 0.8731
vt 0.2315 0.8731
vt 0.2315 0.8366
vt 0.8320 0.7866
vt 0.8320 0.7862
vt 0.8324 0.7862
vt 0.8253 0.7866
vt 0.8253 0.7862
vt 0.8250 0.7862
vt 0.4695 0.8362
vt 0.4695 0.8727
vt 0.4699 0.8727
vt 0.4699 0.8362
vt 0.4699 0.8731
vt 0.9378 0.1001
vt 0.9378 0.0934
vt 0.2315 0.8362
vt 0.1615 0.8362
vt 0.1615 0.8366
vt 0.8320 0.7163
vt 0.8324 0.7163
vt 0.8253 0.7159
vt 0.8320 0.7159
vt 0.8253 0.7163
vt 0.1611 0.8731
vt 0.1611 0.8366
vt 0.1615 0.8731
vt 0.8250 0.7163
vt 0.5403 0.8727
vt 0.5403 0.8362
vt 0.5399 0.8362
vt 0.5399 0.8727
vt 0.5399 0.8731
vt 0.1961 0.6079
vt 0.1596 0.6079
vt 0.1596 0.6012
vt 0.1961 0.6012
vt 0.3838 0.3390
vt 0.3838 0.3025
vt 0.3842 0.3025
vt 0.3842 0.3390
vt 0.3138 0.3025
vt 0.3138 0.3021
vt 0.3838 0.3021
vt 0.3134 0.3025
vt 0.3138 0.3390
vt 0.3134 0.3390
vt 0.3138 0.3394
vt 0.3258 0.0054
vt 0.3191 0.0054
vt 0.3191 0.0050
vt 0.3258 0.0050
vt 0.3191 0.0754
vt 0.3258 0.0754
vt 0.3258 0.0757
vt 0.3191 0.0757
vt 0.3838 0.3394
vt 0.3194 0.1370
vt 0.3194 0.1366
vt 0.3191 0.1370
vt 0.3894 0.1370
vt 0.3894 0.1366
vt 0.3894 0.1735
vt 0.3194 0.1735
vt 0.3194 0.1739
vt 0.3894 0.1739
vt 0.3191 0.1735
vt 0.1592 0.6079
vt 0.1592 0.6012
vt 0.3898 0.1735
vt 0.3898 0.1370
vt 0.1754 0.5345
vt 0.1389 0.5345
vt 0.1389 0.5278
vt 0.1754 0.5278
vt 0.1754 0.5349
vt 0.1389 0.5349
vt 0.5094 0.2292
vt 0.4394 0.2292
vt 0.4394 0.2288
vt 0.5094 0.2288
vt 0.4876 0.4093
vt 0.4876 0.4097
vt 0.4879 0.4097
vt 0.4511 0.4093
vt 0.4511 0.4097
vt 0.4507 0.4097
vt 0.4507 0.4164
vt 0.4511 0.4164
vt 0.1758 0.5278
vt 0.1758 0.5345
vt 0.3220 0.2819
vt 0.3220 0.2119
vt 0.3224 0.2119
vt 0.3224 0.2819
vt 0.4511 0.2743
vt 0.4511 0.2739
vt 0.4507 0.2743
vt 0.5211 0.2743
vt 0.5211 0.2739
vt 0.5211 0.3108
vt 0.4511 0.3108
vt 0.4511 0.3112
vt 0.5211 0.3112
vt 0.4507 0.3108
vt 0.1385 0.5345
vt 0.1385 0.5278
vt 0.5214 0.3108
vt 0.5214 0.2743
vt 0.5094 0.2657
vt 0.4394 0.2657
vt 0.3153 0.2819
vt 0.3153 0.2119
vt 0.3650 0.2938
vt 0.3285 0.2938
vt 0.3285 0.2871
vt 0.3650 0.2871
vt 0.2318 0.1690
vt 0.2318 0.2055
vt 0.2315 0.2055
vt 0.2315 0.1690
vt 0.2315 0.2058
vt 0.0271 0.1528
vt 0.0204 0.1528
vt 0.0204 0.1525
vt 0.0271 0.1525
vt 0.0200 0.1525
vt 0.0821 0.2138
vt 0.0821 0.2502
vt 0.0825 0.2502
vt 0.0825 0.2138
vt 0.0418 0.0821
vt 0.0418 0.0825
vt 0.0422 0.0825
vt 0.0351 0.0821
vt 0.0351 0.0825
vt 0.2315 0.1686
vt 0.1615 0.1686
vt 0.1615 0.1690
vt 0.1615 0.2058
vt 0.1615 0.2055
vt 0.0204 0.0821
vt 0.0271 0.0821
vt 0.0271 0.0825
vt 0.0204 0.0825
vt 0.1611 0.2055
vt 0.1611 0.1690
vt 0.0200 0.0825
vt 0.1731 0.0708
vt 0.1366 0.0708
vt 0.1366 0.0712
vt 0.1731 0.0712
vt 0.0418 0.1525
vt 0.0422 0.1525
vt 0.1735 0.0708
vt 0.1525 0.2138
vt 0.1525 0.2502
vt 0.0870 0.5345
vt 0.0505 0.5345
vt 0.0505 0.5278
vt 0.0870 0.5278
vt 0.4067 0.4755
vt 0.4067 0.5120
vt 0.4064 0.5120
vt 0.4064 0.4755
vt 0.4064 0.5124
vt 0.3976 0.4161
vt 0.3909 0.4161
vt 0.3909 0.4158
vt 0.3976 0.4158
vt 0.3905 0.4158
vt 0.1592 0.4827
vt 0.1592 0.5192
vt 0.1596 0.5192
vt 0.1596 0.4827
vt 0.1596 0.5195
vt 0.0501 0.5345
vt 0.0501 0.5278
vt 0.4064 0.4752
vt 0.3364 0.4752
vt 0.3364 0.4755
vt 0.3364 0.5124
vt 0.3364 0.5120
vt 0.3909 0.3454
vt 0.3976 0.3454
vt 0.3976 0.3458
vt 0.3909 0.3458
vt 0.3360 0.5120
vt 0.3360 0.4755
vt 0.3905 0.3458
vt 0.3668 0.2758
vt 0.3304 0.2758
vt 0.3304 0.2762
vt 0.3668 0.2762
vt 0.2296 0.5195
vt 0.2296 0.5192
vt 0.3672 0.2758
vt 0.2296 0.4827
vt 0.2954 0.3784
vt 0.2589 0.3784
vt 0.2589 0.3717
vt 0.2954 0.3717
vt 0.2954 0.3788
vt 0.2589 0.3788
vt 0.0850 0.1547
vt 0.0850 0.1543
vt 0.0854 0.1543
vt 0.0783 0.1547
vt 0.0783 0.1543
vt 0.2401 0.1671
vt 0.2405 0.1671
vt 0.2405 0.1667
vt 0.2401 0.2036
vt 0.2405 0.2036
vt 0.2405 0.2040
vt 0.1005 0.0840
vt 0.0938 0.0840
vt 0.0938 0.0844
vt 0.1005 0.0844
vt 0.0934 0.0844
vt 0.0938 0.1543
vt 0.0934 0.1543
vt 0.0850 0.0844
vt 0.0854 0.0844
vt 0.0783 0.0840
vt 0.0850 0.0840
vt 0.0783 0.0844
vt 0.1611 0.2954
vt 0.1611 0.2589
vt 0.1615 0.2589
vt 0.1615 0.2954
vt 0.0938 0.1547
vt 0.3104 0.1671
vt 0.3108 0.1671
vt 0.3104 0.1667
vt 0.3108 0.2036
vt 0.3104 0.2036
vt 0.3104 0.2040
vt 0.2315 0.2954
vt 0.2315 0.2589
vt 0.8238 0.2073
vt 0.7874 0.2073
vt 0.7874 0.2006
vt 0.8238 0.2006
vt 0.4631 0.7821
vt 0.4631 0.8186
vt 0.4628 0.8186
vt 0.4628 0.7821
vt 0.7737 0.5572
vt 0.7737 0.5568
vt 0.7741 0.5568
vt 0.7670 0.5572
vt 0.7670 0.5568
vt 0.7667 0.5568
vt 0.7685 0.0050
vt 0.7685 0.0415
vt 0.7689 0.0415
vt 0.7689 0.0050
vt 0.7771 0.2739
vt 0.7771 0.2743
vt 0.7775 0.2743
vt 0.7704 0.2739
vt 0.7704 0.2743
vt 0.4628 0.7817
vt 0.3928 0.7817
vt 0.3928 0.7821
vt 0.7737 0.4868
vt 0.7741 0.4868
vt 0.7670 0.4864
vt 0.7737 0.4864
vt 0.7670 0.4868
vt 0.3924 0.8186
vt 0.3924 0.7821
vt 0.3928 0.8186
vt 0.7667 0.4868
vt 0.7279 0.2288
vt 0.6914 0.2288
vt 0.6914 0.2292
vt 0.7279 0.2292
vt 0.7771 0.3443
vt 0.7775 0.3443
vt 0.7283 0.2288
vt 0.8389 0.0050
vt 0.8389 0.0415
vt 0.9517 0.8354
vt 0.9152 0.8354
vt 0.9152 0.8287
vt 0.9517 0.8287
vt 0.1528 0.8212
vt 0.1528 0.8577
vt 0.1525 0.8577
vt 0.1525 0.8212
vt 0.8170 0.7772
vt 0.8170 0.7768
vt 0.8174 0.7768
vt 0.8103 0.7772
vt 0.8103 0.7768
vt 0.8099 0.7768
vt 0.3905 0.8268
vt 0.3905 0.8633
vt 0.3909 0.8633
vt 0.3909 0.8268
vt 0.3909 0.8637
vt 0.8320 0.2739
vt 0.8253 0.2739
vt 0.8253 0.2743
vt 0.8320 0.2743
vt 0.8250 0.2743
vt 0.8253 0.3443
vt 0.8250 0.3443
vt 0.8170 0.7069
vt 0.8174 0.7069
vt 0.8103 0.7065
vt 0.8170 0.7065
vt 0.8103 0.7069
vt 0.0821 0.8577
vt 0.0821 0.8212
vt 0.0825 0.8212
vt 0.0825 0.8577
vt 0.8253 0.3447
vt 0.8099 0.7069
vt 0.4613 0.8633
vt 0.4613 0.8268
vt 0.4609 0.8268
vt 0.4609 0.8633
vt 0.4609 0.8637
vt 0.1618 0.0553
vt 0.1254 0.0553
vt 0.1254 0.0486
vt 0.1618 0.0486
vt 0.1618 0.0557
vt 0.1254 0.0557
vt 0.1023 0.0757
vt 0.1023 0.0754
vt 0.1027 0.0754
vt 0.0956 0.0757
vt 0.0956 0.0754
vt 0.0953 0.0754
vt 0.1254 0.0483
vt 0.1618 0.0483
vt 0.1174 0.0050
vt 0.1174 0.0054
vt 0.1178 0.0054
vt 0.1107 0.0050
vt 0.1107 0.0054
vt 0.1103 0.0054
vt 0.1107 0.0754
vt 0.1103 0.0754
vt 0.1023 0.0054
vt 0.1027 0.0054
vt 0.0956 0.0050
vt 0.1023 0.0050
vt 0.0956 0.0054
vt 0.0507 0.1205
vt 0.0507 0.0840
vt 0.0501 0.0840
vt 0.0501 0.1205
vt 0.1107 0.0757
vt 0.0953 0.0054
vt 0.1618 0.0633
vt 0.1254 0.0633
vt 0.1254 0.0637
vt 0.1618 0.0637
vt 0.1174 0.0754
vt 0.1178 0.0754
vt 0.1622 0.0633
vt 0.1935 0.1618
vt 0.1235 0.1618
vt 0.1235 0.1254
vt 0.1935 0.1254
vt 0.1954 0.0050
vt 0.1254 0.0050
vt 0.1254 0.0415
vt 0.1954 0.0415
vt 0.2032 0.6308
vt 0.1667 0.6308
vt 0.1667 0.6241
vt 0.2032 0.6241
vt 0.2032 0.6312
vt 0.1667 0.6312
vt 0.6214 0.2882
vt 0.6214 0.2879
vt 0.6218 0.2879
vt 0.6147 0.2882
vt 0.6147 0.2879
vt 0.6143 0.2879
vt 0.1667 0.6237
vt 0.2032 0.6237
vt 0.5368 0.2175
vt 0.5368 0.2179
vt 0.5371 0.2179
vt 0.5301 0.2175
vt 0.5301 0.2179
vt 0.5297 0.2179
vt 0.5301 0.2879
vt 0.5297 0.2879
vt 0.6214 0.2179
vt 0.6218 0.2179
vt 0.6147 0.2175
vt 0.6214 0.2175
vt 0.6147 0.2179
vt 0.2269 0.5775
vt 0.2269 0.5410
vt 0.2273 0.5410
vt 0.2273 0.5775
vt 0.5301 0.2882
vt 0.6143 0.2179
vt 0.3744 0.6471
vt 0.3744 0.6106
vt 0.3740 0.6106
vt 0.3740 0.6471
vt 0.3040 0.6474
vt 0.3740 0.6474
vt 0.3040 0.6471
vt 0.2973 0.5775
vt 0.2973 0.5410
vt 0.3040 0.6106
vt 0.6437 0.3991
vt 0.6072 0.3991
vt 0.6072 0.3924
vt 0.6437 0.3924
vt 0.4519 0.6128
vt 0.4519 0.6493
vt 0.4515 0.6493
vt 0.4515 0.6128
vt 0.4515 0.6497
vt 0.6154 0.5553
vt 0.6087 0.5553
vt 0.6087 0.5549
vt 0.6154 0.5549
vt 0.5936 0.6147
vt 0.5940 0.6147
vt 0.5940 0.6143
vt 0.5936 0.6512
vt 0.5940 0.6512
vt 0.5940 0.6516
vt 0.6068 0.3991
vt 0.6068 0.3924
vt 0.4515 0.6125
vt 0.3815 0.6125
vt 0.3815 0.6128
vt 0.3815 0.6497
vt 0.3815 0.6493
vt 0.6087 0.4846
vt 0.6154 0.4846
vt 0.6154 0.4849
vt 0.6087 0.4849
vt 0.3811 0.6493
vt 0.3811 0.6128
vt 0.6640 0.6147
vt 0.6644 0.6147
vt 0.6640 0.6143
vt 0.6644 0.6512
vt 0.6640 0.6512
vt 0.6640 0.6516
vt 0.3668 0.2675
vt 0.3304 0.2675
vt 0.3304 0.2608
vt 0.3668 0.2608
vt 0.1942 0.0806
vt 0.1942 0.1171
vt 0.1938 0.1171
vt 0.1938 0.0806
vt 0.0572 0.0757
vt 0.0572 0.0754
vt 0.0576 0.0754
vt 0.0505 0.0757
vt 0.0505 0.0754
vt 0.0501 0.0754
vt 0.0050 0.2081
vt 0.0050 0.2446
vt 0.0054 0.2446
vt 0.0054 0.2081
vt 0.0719 0.0050
vt 0.0719 0.0054
vt 0.0723 0.0054
vt 0.0652 0.0050
vt 0.0652 0.0054
vt 0.1938 0.0802
vt 0.1239 0.0802
vt 0.1239 0.0806
vt 0.0572 0.0054
vt 0.0576 0.0054
vt 0.0505 0.0050
vt 0.0572 0.0050
vt 0.0505 0.0054
vt 0.1235 0.1171
vt 0.1235 0.0806
vt 0.1239 0.1171
vt 0.0501 0.0054
vt 0.2390 0.1103
vt 0.2025 0.1103
vt 0.2025 0.1107
vt 0.2390 0.1107
vt 0.0719 0.0754
vt 0.0723 0.0754
vt 0.2393 0.1103
vt 0.0754 0.2081
vt 0.0754 0.2446
vt 0.0415 0.8730
vt 0.0050 0.8730
vt 0.0050 0.8663
vt 0.0415 0.8663
vt 0.0415 0.8734
vt 0.0050 0.8734
vt 0.8558 0.1126
vt 0.7858 0.1126
vt 0.7858 0.1122
vt 0.8558 0.1122
vt 0.7855 0.1126
vt 0.7858 0.1491
vt 0.7855 0.1491
vt 0.7982 0.2743
vt 0.7982 0.2739
vt 0.7986 0.2743
vt 0.7915 0.2743
vt 0.7915 0.2739
vt 0.7915 0.3443
vt 0.7982 0.3443
vt 0.7982 0.3447
vt 0.7915 0.3447
vt 0.7986 0.3443
vt 0.7911 0.3443
vt 0.7911 0.2743
vt 0.7986 0.4233
vt 0.7986 0.3533
vt 0.7982 0.3533
vt 0.7982 0.4233
vt 0.7982 0.3529
vt 0.7877 0.1938
vt 0.7877 0.1573
vt 0.7874 0.1573
vt 0.7874 0.1938
vt 0.7915 0.3533
vt 0.7915 0.3529
vt 0.7911 0.3533
vt 0.7982 0.4237
vt 0.8577 0.1573
vt 0.8577 0.1938
vt 0.8581 0.1938
vt 0.8581 0.1573
vt 0.8558 0.1491
vt 0.5478 0.1791
vt 0.5113 0.1791
vt 0.5113 0.1724
vt 0.5478 0.1724
vt 0.5478 0.1795
vt 0.5113 0.1795
vt 0.5658 0.4097
vt 0.4958 0.4097
vt 0.4958 0.4093
vt 0.5658 0.4093
vt 0.0419 0.5278
vt 0.0419 0.5282
vt 0.0422 0.5282
vt 0.0054 0.5278
vt 0.0054 0.5282
vt 0.0050 0.5282
vt 0.0050 0.5349
vt 0.0054 0.5349
vt 0.5481 0.1724
vt 0.5481 0.1791
vt 0.3107 0.0750
vt 0.3107 0.0050
vt 0.3111 0.0050
vt 0.3111 0.0750
vt 0.4323 0.1840
vt 0.4323 0.1837
vt 0.4319 0.1840
vt 0.5023 0.1840
vt 0.5023 0.1837
vt 0.5023 0.2205
vt 0.4323 0.2205
vt 0.4323 0.2209
vt 0.5023 0.2209
vt 0.4319 0.2205
vt 0.5109 0.1791
vt 0.5109 0.1724
vt 0.5026 0.2205
vt 0.5026 0.1840
vt 0.5658 0.4462
vt 0.4958 0.4462
vt 0.3040 0.0750
vt 0.3040 0.0050
vt 0.7490 0.9317
vt 0.7125 0.9317
vt 0.7125 0.9250
vt 0.7490 0.9250
vt 0.8634 0.8524
vt 0.8634 0.8159
vt 0.8637 0.8159
vt 0.8637 0.8524
vt 0.7934 0.8159
vt 0.7934 0.8156
vt 0.8634 0.8156
vt 0.7930 0.8159
vt 0.7934 0.8524
vt 0.7930 0.8524
vt 0.7934 0.8528
vt 0.0558 0.1254
vt 0.0558 0.1321
vt 0.0561 0.1321
vt 0.0561 0.1254
vt 0.7494 0.9250
vt 0.7494 0.9317
vt 0.8634 0.8528
vt 0.7490 0.9246
vt 0.8080 0.4229
vt 0.8080 0.3529
vt 0.8084 0.3529
vt 0.8084 0.4229
vt 0.0750 0.8577
vt 0.0050 0.8577
vt 0.0050 0.8581
vt 0.0750 0.8581
vt 0.7125 0.9246
vt 0.7121 0.9250
vt 0.7121 0.9317
vt 0.0754 0.8577
vt 0.0750 0.8212
vt 0.0754 0.8212
vt 0.0561 0.1324
vt 0.8151 0.4229
vt 0.8151 0.3529
vt 0.0050 0.8212
vt 0.9085 0.3544
vt 0.8720 0.3544
vt 0.8720 0.3477
vt 0.9085 0.3477
vt 0.9085 0.3547
vt 0.8720 0.3547
vt 0.9517 0.1803
vt 0.8818 0.1803
vt 0.8818 0.1799
vt 0.9517 0.1799
vt 0.8814 0.1803
vt 0.8818 0.2168
vt 0.8814 0.2168
vt 0.8941 0.4530
vt 0.8941 0.4526
vt 0.8945 0.4530
vt 0.8874 0.4530
vt 0.8874 0.4526
vt 0.8874 0.5230
vt 0.8941 0.5230
vt 0.8941 0.5233
vt 0.8874 0.5233
vt 0.8945 0.5230
vt 0.8870 0.5230
vt 0.8870 0.4530
vt 0.8888 0.7468
vt 0.8888 0.6768
vt 0.8885 0.6768
vt 0.8885 0.7468
vt 0.8885 0.6764
vt 0.8720 0.3473
vt 0.9085 0.3473
vt 0.8818 0.6768
vt 0.8818 0.6764
vt 0.8814 0.6768
vt 0.8885 0.7471
vt 0.8479 0.9058
vt 0.8479 0.9423
vt 0.8483 0.9423
vt 0.8483 0.9058
vt 0.9517 0.2168
vt 0.7779 0.9423
vt 0.7779 0.9058
vt 0.2991 0.3634
vt 0.2626 0.3634
vt 0.2626 0.3567
vt 0.2991 0.3567
vt 0.2713 0.1235
vt 0.2713 0.1600
vt 0.2709 0.1600
vt 0.2709 0.1235
vt 0.0704 0.1528
vt 0.0704 0.1525
vt 0.0707 0.1525
vt 0.0637 0.1528
vt 0.0637 0.1525
vt 0.0633 0.1525
vt 0.2025 0.0501
vt 0.2025 0.0866
vt 0.2028 0.0866
vt 0.2028 0.0501
vt 0.2028 0.0870
vt 0.3995 0.2514
vt 0.3928 0.2514
vt 0.3928 0.2517
vt 0.3995 0.2517
vt 0.3924 0.2517
vt 0.3928 0.3217
vt 0.3924 0.3217
vt 0.0704 0.0825
vt 0.0707 0.0825
vt 0.0637 0.0821
vt 0.0704 0.0821
vt 0.0637 0.0825
vt 0.2006 0.1600
vt 0.2006 0.1235
vt 0.2010 0.1235
vt 0.2010 0.1600
vt 0.3928 0.3221
vt 0.0633 0.0825
vt 0.2732 0.0866
vt 0.2732 0.0501
vt 0.2728 0.0501
vt 0.2728 0.0866
vt 0.2728 0.0870
vt 0.8332 0.6492
vt 0.7968 0.6492
vt 0.7968 0.6425
vt 0.8332 0.6425
vt 0.9634 0.1107
vt 0.9634 0.1472
vt 0.9630 0.1472
vt 0.9630 0.1107
vt 0.9016 0.3390
vt 0.9016 0.3387
vt 0.9020 0.3387
vt 0.8949 0.3390
vt 0.8949 0.3387
vt 0.8945 0.3387
vt 0.8964 0.2250
vt 0.8964 0.2615
vt 0.8968 0.2615
vt 0.8968 0.2250
vt 0.9031 0.6858
vt 0.9031 0.6862
vt 0.9035 0.6862
vt 0.8964 0.6858
vt 0.8964 0.6862
vt 0.9630 0.1103
vt 0.8930 0.1103
vt 0.8930 0.1107
vt 0.9016 0.2687
vt 0.9020 0.2687
vt 0.8949 0.2683
vt 0.9016 0.2683
vt 0.8949 0.2687
vt 0.8927 0.1472
vt 0.8927 0.1107
vt 0.8930 0.1472
vt 0.8945 0.2687
vt 0.4289 0.7685
vt 0.3924 0.7685
vt 0.3924 0.7689
vt 0.4289 0.7689
vt 0.9031 0.7562
vt 0.9035 0.7562
vt 0.4293 0.7685
vt 0.9668 0.2250
vt 0.9668 0.2615
vt 0.5572 0.0418
vt 0.5207 0.0418
vt 0.5207 0.0351
vt 0.5572 0.0351
vt 0.0754 0.4293
vt 0.0754 0.3928
vt 0.0757 0.3928
vt 0.0757 0.4293
vt 0.0054 0.3928
vt 0.0054 0.3924
vt 0.0754 0.3924
vt 0.0050 0.3928
vt 0.0054 0.4293
vt 0.0050 0.4293
vt 0.0054 0.4296
vt 0.2505 0.3646
vt 0.2438 0.3646
vt 0.2438 0.3642
vt 0.2505 0.3642
vt 0.5575 0.0351
vt 0.5575 0.0418
vt 0.0754 0.4296
vt 0.1445 0.3928
vt 0.1445 0.3924
vt 0.1442 0.3928
vt 0.2145 0.3928
vt 0.2145 0.3924
vt 0.2145 0.4293
vt 0.1445 0.4293
vt 0.1445 0.4296
vt 0.2145 0.4296
vt 0.1442 0.4293
vt 0.5203 0.0418
vt 0.5203 0.0351
vt 0.2149 0.4293
vt 0.2149 0.3928
vt 0.2505 0.4346
vt 0.2438 0.4346
vt 0.1186 0.7395
vt 0.0821 0.7395
vt 0.0821 0.7328
vt 0.1186 0.7328
vt 0.1186 0.7399
vt 0.0821 0.7399
vt 0.9254 0.9062
vt 0.8554 0.9062
vt 0.8554 0.9058
vt 0.9254 0.9058
vt 0.8551 0.9062
vt 0.8554 0.9427
vt 0.8551 0.9427
vt 0.8994 0.5978
vt 0.8994 0.5974
vt 0.8997 0.5978
vt 0.8927 0.5978
vt 0.8927 0.5974
vt 0.8927 0.6678
vt 0.8994 0.6678
vt 0.8994 0.6681
vt 0.8927 0.6681
vt 0.8997 0.6678
vt 0.0054 0.9100
vt 0.0054 0.9096
vt 0.0050 0.9100
vt 0.0754 0.9100
vt 0.0754 0.9096
vt 0.0754 0.9464
vt 0.0054 0.9464
vt 0.0054 0.9468
vt 0.0754 0.9468
vt 0.0050 0.9464
vt 0.1822 0.0656
vt 0.1889 0.0656
vt 0.1889 0.0652
vt 0.1822 0.0652
vt 0.1818 0.0656
vt 0.0757 0.9464
vt 0.0757 0.9100
vt 0.9254 0.9427
vt 0.5139 0.9035
vt 0.4774 0.9035
vt 0.4774 0.8968
vt 0.5139 0.8968
vt 0.5139 0.9039
vt 0.4774 0.9039
vt 0.5376 0.7369
vt 0.4676 0.7369
vt 0.4676 0.7366
vt 0.5376 0.7366
vt 0.9370 0.7704
vt 0.9370 0.7708
vt 0.9374 0.7708
vt 0.9006 0.7704
vt 0.9006 0.7708
vt 0.9002 0.7708
vt 0.9002 0.7775
vt 0.9006 0.7775
vt 0.5143 0.8968
vt 0.5143 0.9035
vt 0.7361 0.4154
vt 0.7361 0.3454
vt 0.7365 0.3454
vt 0.7365 0.4154
vt 0.5139 0.8964
vt 0.7291 0.4154
vt 0.7291 0.3454
vt 0.7294 0.3454
vt 0.7294 0.4154
vt 0.3063 0.7825
vt 0.2363 0.7825
vt 0.2363 0.7828
vt 0.3063 0.7828
vt 0.4774 0.8964
vt 0.4770 0.8968
vt 0.4770 0.9035
vt 0.3067 0.7825
vt 0.3063 0.7460
vt 0.3067 0.7460
vt 0.9006 0.7779
vt 0.5376 0.7734
vt 0.4676 0.7734
vt 0.2363 0.7460
vt 0.9611 0.3201
vt 0.9246 0.3201
vt 0.9246 0.3134
vt 0.9611 0.3134
vt 0.7697 0.7463
vt 0.7697 0.7828
vt 0.7693 0.7828
vt 0.7693 0.7463
vt 0.7418 0.1284
vt 0.7418 0.1280
vt 0.7421 0.1280
vt 0.7351 0.1284
vt 0.7351 0.1280
vt 0.7347 0.1280
vt 0.5447 0.7479
vt 0.5447 0.7843
vt 0.5451 0.7843
vt 0.5451 0.7479
vt 0.7414 0.4864
vt 0.7414 0.4868
vt 0.7418 0.4868
vt 0.7347 0.4864
vt 0.7347 0.4868
vt 0.7693 0.7460
vt 0.6993 0.7460
vt 0.6993 0.7463
vt 0.7418 0.0580
vt 0.7421 0.0580
vt 0.7351 0.0577
vt 0.7418 0.0577
vt 0.7351 0.0580
vt 0.6990 0.7828
vt 0.6990 0.7463
vt 0.6993 0.7828
vt 0.7347 0.0580
vt 0.1205 0.4281
vt 0.0840 0.4281
vt 0.0840 0.4285
vt 0.1205 0.4285
vt 0.7414 0.5568
vt 0.7418 0.5568
vt 0.1208 0.4281
vt 0.6151 0.7479
vt 0.6151 0.7843
vt 0.6512 0.3841
vt 0.6147 0.3841
vt 0.6147 0.3774
vt 0.6512 0.3774
vt 0.6640 0.6061
vt 0.6640 0.5696
vt 0.6644 0.5696
vt 0.6644 0.6061
vt 0.5940 0.5696
vt 0.5940 0.5692
vt 0.6640 0.5692
vt 0.5936 0.5696
vt 0.5940 0.6061
vt 0.5936 0.6061
vt 0.5940 0.6064
vt 0.6097 0.4078
vt 0.6030 0.4078
vt 0.6030 0.4075
vt 0.6097 0.4075
vt 0.6516 0.3774
vt 0.6516 0.3841
vt 0.6640 0.6064
vt 0.4511 0.3194
vt 0.4511 0.3191
vt 0.4507 0.3194
vt 0.5211 0.3194
vt 0.5211 0.3191
vt 0.5211 0.3559
vt 0.4511 0.3559
vt 0.4511 0.3563
vt 0.5211 0.3563
vt 0.4507 0.3559
vt 0.6143 0.3841
vt 0.6143 0.3774
vt 0.5214 0.3559
vt 0.5214 0.3194
vt 0.6097 0.4778
vt 0.6030 0.4778
vt 0.6531 0.3032
vt 0.6166 0.3032
vt 0.6166 0.2965
vt 0.6531 0.2965
vt 0.6531 0.3036
vt 0.6166 0.3036
vt 0.1521 0.4831
vt 0.0821 0.4831
vt 0.0821 0.4827
vt 0.1521 0.4827
vt 0.4782 0.0501
vt 0.4782 0.0505
vt 0.4785 0.0505
vt 0.4417 0.0501
vt 0.4417 0.0505
vt 0.4413 0.0505
vt 0.4413 0.0572
vt 0.4417 0.0572
vt 0.6534 0.2965
vt 0.6534 0.3032
vt 0.3954 0.1201
vt 0.3954 0.0501
vt 0.3957 0.0501
vt 0.3957 0.1201
vt 0.4417 0.0054
vt 0.4417 0.0050
vt 0.4413 0.0054
vt 0.5117 0.0054
vt 0.5117 0.0050
vt 0.5117 0.0419
vt 0.4417 0.0419
vt 0.4417 0.0422
vt 0.5117 0.0422
vt 0.4413 0.0419
vt 0.6162 0.3032
vt 0.6162 0.2965
vt 0.5120 0.0419
vt 0.5120 0.0054
vt 0.1521 0.5195
vt 0.0821 0.5195
vt 0.3887 0.1201
vt 0.3887 0.0501
vt 0.5135 0.8885
vt 0.4770 0.8885
vt 0.4770 0.8818
vt 0.5135 0.8818
vt 0.6151 0.7396
vt 0.6151 0.7031
vt 0.6155 0.7031
vt 0.6155 0.7396
vt 0.5451 0.7031
vt 0.5451 0.7027
vt 0.6151 0.7027
vt 0.5447 0.7031
vt 0.5451 0.7396
vt 0.5447 0.7396
vt 0.5451 0.7400
vt 0.6947 0.5508
vt 0.6880 0.5508
vt 0.6880 0.5504
vt 0.6947 0.5504
vt 0.6880 0.6207
vt 0.6947 0.6207
vt 0.6947 0.6211
vt 0.6880 0.6211
vt 0.6151 0.7400
vt 0.6877 0.6207
vt 0.6877 0.5508
vt 0.6910 0.3556
vt 0.6910 0.2856
vt 0.6906 0.2856
vt 0.6906 0.3556
vt 0.6906 0.2852
vt 0.4770 0.8814
vt 0.5135 0.8814
vt 0.6839 0.2856
vt 0.6839 0.2852
vt 0.6906 0.3559
vt 0.6937 0.7046
vt 0.6937 0.7411
vt 0.6941 0.7411
vt 0.6941 0.7046
vt 0.6237 0.7411
vt 0.6237 0.7046
vt 0.5572 0.0271
vt 0.5207 0.0271
vt 0.5207 0.0204
vt 0.5572 0.0204
vt 0.2277 0.3841
vt 0.2277 0.3477
vt 0.2281 0.3477
vt 0.2281 0.3841
vt 0.1577 0.3477
vt 0.1577 0.3473
vt 0.2277 0.3473
vt 0.1573 0.3477
vt 0.1577 0.3841
vt 0.1573 0.3841
vt 0.1577 0.3845
vt 0.1009 0.1366
vt 0.1009 0.1433
vt 0.1013 0.1433
vt 0.1013 0.1366
vt 0.5575 0.0204
vt 0.5575 0.0271
vt 0.2277 0.3845
vt 0.5572 0.0200
vt 0.8663 0.2424
vt 0.8663 0.1724
vt 0.8667 0.1724
vt 0.8667 0.2424
vt 0.6147 0.9160
vt 0.5447 0.9160
vt 0.5447 0.9164
vt 0.6147 0.9164
vt 0.5207 0.0200
vt 0.5203 0.0204
vt 0.5203 0.0271
vt 0.6151 0.9160
vt 0.6147 0.8795
vt 0.6151 0.8795
vt 0.1013 0.1437
vt 0.8734 0.2424
vt 0.8734 0.1724
vt 0.5447 0.8795
vt 0.9747 0.1622
vt 0.9382 0.1622
vt 0.9382 0.1555
vt 0.9747 0.1555
vt 0.7829 0.9495
vt 0.7829 0.9859
vt 0.7825 0.9859
vt 0.7825 0.9495
vt 0.7825 0.9863
vt 0.9389 0.9766
vt 0.9322 0.9766
vt 0.9322 0.9762
vt 0.9389 0.9762
vt 0.7911 0.9513
vt 0.7915 0.9513
vt 0.7915 0.9510
vt 0.7911 0.9878
vt 0.7915 0.9878
vt 0.7915 0.9882
vt 0.9378 0.1622
vt 0.9378 0.1555
vt 0.7825 0.9491
vt 0.7125 0.9491
vt 0.7125 0.9495
vt 0.7125 0.9863
vt 0.7125 0.9859
vt 0.9322 0.9058
vt 0.9389 0.9058
vt 0.9389 0.9062
vt 0.9322 0.9062
vt 0.7121 0.9859
vt 0.7121 0.9495
vt 0.8615 0.9513
vt 0.8618 0.9513
vt 0.8615 0.9510
vt 0.8618 0.9878
vt 0.8615 0.9878
vt 0.8615 0.9882
vt 0.5474 0.1945
vt 0.5109 0.1945
vt 0.5109 0.1878
vt 0.5474 0.1878
vt 0.5474 0.1949
vt 0.5109 0.1949
vt 0.5455 0.1276
vt 0.4755 0.1276
vt 0.4755 0.1272
vt 0.5455 0.1272
vt 0.4752 0.1276
vt 0.4755 0.1641
vt 0.4752 0.1641
vt 0.1061 0.3495
vt 0.1061 0.3492
vt 0.1065 0.3495
vt 0.0994 0.3495
vt 0.0994 0.3492
vt 0.0994 0.4195
vt 0.1061 0.4195
vt 0.1061 0.4199
vt 0.0994 0.4199
vt 0.1065 0.4195
vt 0.0990 0.4195
vt 0.0990 0.3495
vt 0.1215 0.4195
vt 0.1215 0.3495
vt 0.1212 0.3495
vt 0.1212 0.4195
vt 0.1212 0.3492
vt 0.5109 0.1874
vt 0.5474 0.1874
vt 0.1145 0.3495
vt 0.1145 0.3492
vt 0.1141 0.3495
vt 0.1212 0.4199
vt 0.5640 0.5165
vt 0.5640 0.5530
vt 0.5643 0.5530
vt 0.5643 0.5165
vt 0.5455 0.1641
vt 0.4940 0.5530
vt 0.4940 0.5165
vt 0.9295 0.1622
vt 0.8930 0.1622
vt 0.8930 0.1555
vt 0.9295 0.1555
vt 0.4631 0.9269
vt 0.4631 0.9634
vt 0.4628 0.9634
vt 0.4628 0.9269
vt 0.9242 0.5233
vt 0.9242 0.5230
vt 0.9246 0.5230
vt 0.9175 0.5233
vt 0.9175 0.5230
vt 0.9171 0.5230
vt 0.7027 0.5654
vt 0.7027 0.6019
vt 0.7031 0.6019
vt 0.7031 0.5654
vt 0.7031 0.6023
vt 0.8927 0.1622
vt 0.8927 0.1555
vt 0.4628 0.9265
vt 0.3928 0.9265
vt 0.3928 0.9269
vt 0.9242 0.4530
vt 0.9246 0.4530
vt 0.9175 0.4526
vt 0.9242 0.4526
vt 0.9175 0.4530
vt 0.3924 0.9634
vt 0.3924 0.9269
vt 0.3928 0.9634
vt 0.9171 0.4530
vt 0.7735 0.6019
vt 0.7735 0.5654
vt 0.7731 0.5654
vt 0.7731 0.6019
vt 0.7731 0.6023
vt 0.0415 0.7132
vt 0.0050 0.7132
vt 0.0050 0.7065
vt 0.0415 0.7065
vt 0.3898 0.8724
vt 0.3898 0.9088
vt 0.3894 0.9088
vt 0.3894 0.8724
vt 0.8621 0.7772
vt 0.8621 0.7768
vt 0.8625 0.7768
vt 0.8554 0.7772
vt 0.8554 0.7768
vt 0.8551 0.7768
vt 0.8457 0.0050
vt 0.8457 0.0415
vt 0.8460 0.0415
vt 0.8460 0.0050
vt 0.8618 0.4770
vt 0.8618 0.4774
vt 0.8621 0.4774
vt 0.8551 0.4770
vt 0.8551 0.4774
vt 0.3894 0.8720
vt 0.3194 0.8720
vt 0.3194 0.8724
vt 0.8621 0.7069
vt 0.8625 0.7069
vt 0.8554 0.7065
vt 0.8621 0.7065
vt 0.8554 0.7069
vt 0.3191 0.9088
vt 0.3191 0.8724
vt 0.3194 0.9088
vt 0.8551 0.7069
vt 0.6602 0.5560
vt 0.6237 0.5560
vt 0.6237 0.5564
vt 0.6602 0.5564
vt 0.8618 0.5474
vt 0.8621 0.5474
vt 0.6606 0.5560
vt 0.9160 0.0050
vt 0.9160 0.0415
vt 0.4778 0.0719
vt 0.4413 0.0719
vt 0.4413 0.0652
vt 0.4778 0.0652
vt 0.4778 0.0723
vt 0.4413 0.0723
vt 0.0754 0.4831
vt 0.0054 0.4831
vt 0.0054 0.4827
vt 0.0754 0.4827
vt 0.0050 0.4831
vt 0.0054 0.5195
vt 0.0050 0.5195
vt 0.3807 0.0505
vt 0.3807 0.0501
vt 0.3811 0.0505
vt 0.3740 0.0505
vt 0.3740 0.0501
vt 0.3740 0.1205
vt 0.3807 0.1205
vt 0.3807 0.1209
vt 0.3740 0.1209
vt 0.3811 0.1205
vt 0.3736 0.1205
vt 0.3736 0.0505
vt 0.0914 0.4195
vt 0.0914 0.3495
vt 0.0911 0.3495
vt 0.0911 0.4195
vt 0.0911 0.3492
vt 0.2367 0.5192
vt 0.2367 0.4827
vt 0.2363 0.4827
vt 0.2363 0.5192
vt 0.0844 0.3495
vt 0.0844 0.3492
vt 0.0840 0.3495
vt 0.0911 0.4199
vt 0.3067 0.4827
vt 0.3067 0.5192
vt 0.3071 0.5192
vt 0.3071 0.4827
vt 0.0754 0.5195
vt 0.3747 0.3991
vt 0.3382 0.3991
vt 0.3382 0.3924
vt 0.3747 0.3924
vt 0.2732 0.0054
vt 0.2732 0.0419
vt 0.2728 0.0419
vt 0.2728 0.0054
vt 0.2728 0.0422
vt 0.0869 0.0757
vt 0.0802 0.0757
vt 0.0802 0.0754
vt 0.0869 0.0754
vt 0.0821 0.2593
vt 0.0825 0.2593
vt 0.0825 0.2589
vt 0.0821 0.2957
vt 0.0825 0.2957
vt 0.0825 0.2961
vt 0.3379 0.3991
vt 0.3379 0.3924
vt 0.2728 0.0050
vt 0.2028 0.0050
vt 0.2028 0.0054
vt 0.2028 0.0422
vt 0.2028 0.0419
vt 0.0802 0.0050
vt 0.0869 0.0050
vt 0.0869 0.0054
vt 0.0802 0.0054
vt 0.2025 0.0419
vt 0.2025 0.0054
vt 0.1525 0.2593
vt 0.1528 0.2593
vt 0.1525 0.2589
vt 0.1528 0.2957
vt 0.1525 0.2957
vt 0.1525 0.2961
vt 0.8332 0.4837
vt 0.7968 0.4837
vt 0.7968 0.4770
vt 0.8332 0.4770
vt 0.1510 0.6896
vt 0.1510 0.7260
vt 0.1506 0.7260
vt 0.1506 0.6896
vt 0.6853 0.2093
vt 0.6853 0.2089
vt 0.6857 0.2089
vt 0.6786 0.2093
vt 0.6786 0.2089
vt 0.6783 0.2089
vt 0.3924 0.6933
vt 0.3924 0.7298
vt 0.3928 0.7298
vt 0.3928 0.6933
vt 0.3928 0.7302
vt 0.6891 0.0050
vt 0.6824 0.0050
vt 0.6824 0.0054
vt 0.6891 0.0054
vt 0.6820 0.0054
vt 0.6824 0.0754
vt 0.6820 0.0754
vt 0.6853 0.1389
vt 0.6857 0.1389
vt 0.6786 0.1385
vt 0.6853 0.1385
vt 0.6786 0.1389
vt 0.0802 0.7260
vt 0.0802 0.6896
vt 0.0806 0.6896
vt 0.0806 0.7260
vt 0.6824 0.0757
vt 0.6783 0.1389
vt 0.4631 0.7298
vt 0.4631 0.6933
vt 0.4628 0.6933
vt 0.4628 0.7298
vt 0.4628 0.7302
vt 0.6640 0.7997
vt 0.6275 0.7997
vt 0.6275 0.7930
vt 0.6640 0.7930
vt 0.7264 0.0938
vt 0.7264 0.1302
vt 0.7261 0.1302
vt 0.7261 0.0938
vt 0.6816 0.3898
vt 0.6816 0.3894
vt 0.6820 0.3894
vt 0.6749 0.3898
vt 0.6749 0.3894
vt 0.6745 0.3894
vt 0.1592 0.6858
vt 0.1592 0.7223
vt 0.1596 0.7223
vt 0.1596 0.6858
vt 0.6624 0.2326
vt 0.6624 0.2329
vt 0.6628 0.2329
vt 0.6557 0.2326
vt 0.6557 0.2329
vt 0.7261 0.0934
vt 0.6561 0.0934
vt 0.6561 0.0938
vt 0.6816 0.3194
vt 0.6820 0.3194
vt 0.6749 0.3191
vt 0.6816 0.3191
vt 0.6749 0.3194
vt 0.6557 0.1302
vt 0.6557 0.0938
vt 0.6561 0.1302
vt 0.6745 0.3194
vt 0.6884 0.3981
vt 0.6519 0.3981
vt 0.6519 0.3984
vt 0.6884 0.3984
vt 0.6624 0.3029
vt 0.6628 0.3029
vt 0.6888 0.3981
vt 0.2296 0.6858
vt 0.2296 0.7223
vt 0.5474 0.2095
vt 0.5109 0.2095
vt 0.5109 0.2028
vt 0.5474 0.2028
vt 0.5474 0.2099
vt 0.5109 0.2099
vt 0.4966 0.0825
vt 0.4266 0.0825
vt 0.4266 0.0821
vt 0.4966 0.0821
vt 0.4263 0.0825
vt 0.4266 0.1190
vt 0.4263 0.1190
vt 0.4183 0.0599
vt 0.4183 0.0595
vt 0.4187 0.0599
vt 0.4116 0.0599
vt 0.4116 0.0595
vt 0.4116 0.1299
vt 0.4183 0.1299
vt 0.4183 0.1303
vt 0.4116 0.1303
vt 0.4187 0.1299
vt 0.4112 0.1299
vt 0.4112 0.0599
vt 0.4168 0.3067
vt 0.4168 0.2367
vt 0.4164 0.2367
vt 0.4164 0.3067
vt 0.4164 0.2363
vt 0.5109 0.2025
vt 0.5474 0.2025
vt 0.4097 0.2367
vt 0.4097 0.2363
vt 0.4093 0.2367
vt 0.4164 0.3071
vt 0.0750 0.2514
vt 0.0750 0.2878
vt 0.0754 0.2878
vt 0.0754 0.2514
vt 0.4966 0.1190
vt 0.0050 0.2878
vt 0.0050 0.2514
vt 0.2901 0.6342
vt 0.2536 0.6342
vt 0.2536 0.6275
vt 0.2901 0.6275
vt 0.3740 0.6023
vt 0.3740 0.5658
vt 0.3744 0.5658
vt 0.3744 0.6023
vt 0.3040 0.5658
vt 0.3040 0.5654
vt 0.3740 0.5654
vt 0.6512 0.3623
vt 0.6512 0.3627
vt 0.6516 0.3627
vt 0.6147 0.3623
vt 0.6147 0.3627
vt 0.6143 0.3627
vt 0.6143 0.3694
vt 0.6147 0.3694
vt 0.2905 0.6275
vt 0.2905 0.6342
vt 0.3740 0.6027
vt 0.3040 0.6027
vt 0.3040 0.6023
vt 0.3815 0.5677
vt 0.3815 0.5673
vt 0.3811 0.5677
vt 0.4515 0.5677
vt 0.4515 0.5673
vt 0.4515 0.6042
vt 0.3815 0.6042
vt 0.3815 0.6045
vt 0.4515 0.6045
vt 0.3811 0.6042
vt 0.2532 0.6342
vt 0.2532 0.6275
vt 0.4519 0.6042
vt 0.4519 0.5677
vt 0.5297 0.3924
vt 0.5297 0.3991
vt 0.5997 0.3991
vt 0.5997 0.3924
vt 0.2766 0.9464
vt 0.2401 0.9464
vt 0.2401 0.9397
vt 0.2766 0.9397
vt 0.2766 0.9468
vt 0.2401 0.9468
vt 0.9875 0.3477
vt 0.9175 0.3477
vt 0.9175 0.3473
vt 0.9875 0.3473
vt 0.9171 0.3477
vt 0.9175 0.3841
vt 0.9171 0.3841
vt 0.9295 0.5978
vt 0.9295 0.5974
vt 0.9298 0.5978
vt 0.9228 0.5978
vt 0.9228 0.5974
vt 0.9228 0.6678
vt 0.9295 0.6678
vt 0.9295 0.6681
vt 0.9228 0.6681
vt 0.9298 0.6678
vt 0.1615 0.9401
vt 0.1615 0.9397
vt 0.1611 0.9401
vt 0.2315 0.9401
vt 0.2315 0.9397
vt 0.2315 0.9765
vt 0.1615 0.9765
vt 0.1615 0.9769
vt 0.2315 0.9769
vt 0.1611 0.9765
vt 0.1840 0.0486
vt 0.1907 0.0486
vt 0.1907 0.0483
vt 0.1840 0.0483
vt 0.1837 0.0486
vt 0.2318 0.9765
vt 0.2318 0.9401
vt 0.9875 0.3841
vt 0.1618 0.5496
vt 0.1254 0.5496
vt 0.1254 0.5429
vt 0.1618 0.5429
vt 0.1618 0.5499
vt 0.1254 0.5499
vt 0.4066 0.3315
vt 0.4066 0.3311
vt 0.4070 0.3311
vt 0.3999 0.3315
vt 0.3999 0.3311
vt 0.2589 0.3928
vt 0.2593 0.3928
vt 0.2593 0.3924
vt 0.2589 0.4293
vt 0.2593 0.4293
vt 0.2593 0.4296
vt 0.4108 0.0501
vt 0.4041 0.0501
vt 0.4041 0.0505
vt 0.4108 0.0505
vt 0.4037 0.0505
vt 0.4041 0.1205
vt 0.4037 0.1205
vt 0.4066 0.2611
vt 0.4070 0.2611
vt 0.3999 0.2608
vt 0.4066 0.2608
vt 0.3999 0.2611
vt 0.1447 0.3856
vt 0.1447 0.3492
vt 0.1442 0.3492
vt 0.1442 0.3856
vt 0.4041 0.1209
vt 0.3292 0.3928
vt 0.3296 0.3928
vt 0.3292 0.3924
vt 0.3296 0.4293
vt 0.3292 0.4293
vt 0.3292 0.4296
vt 0.8517 0.5906
vt 0.7817 0.5906
vt 0.7817 0.5541
vt 0.8517 0.5541
vt 0.5327 0.4612
vt 0.4962 0.4612
vt 0.4962 0.4545
vt 0.5327 0.4545
vt 0.5214 0.3646
vt 0.5214 0.4011
vt 0.5211 0.4011
vt 0.5211 0.3646
vt 0.5211 0.4014
vt 0.3371 0.2525
vt 0.3304 0.2525
vt 0.3304 0.2521
vt 0.3371 0.2521
vt 0.4150 0.4774
vt 0.4154 0.4774
vt 0.4154 0.4770
vt 0.4150 0.5139
vt 0.4154 0.5139
vt 0.4154 0.5143
vt 0.4958 0.4612
vt 0.4958 0.4545
vt 0.5211 0.3642
vt 0.4511 0.3642
vt 0.4511 0.3646
vt 0.4511 0.4014
vt 0.4511 0.4011
vt 0.3304 0.1818
vt 0.3371 0.1818
vt 0.3371 0.1822
vt 0.3304 0.1822
vt 0.4507 0.4011
vt 0.4507 0.3646
vt 0.4853 0.4774
vt 0.4857 0.4774
vt 0.4853 0.4770
vt 0.4857 0.5139
vt 0.4853 0.5139
vt 0.4853 0.5143
vt 0.5816 0.6496
vt 0.5451 0.6496
vt 0.5451 0.6429
vt 0.5816 0.6429
vt 0.3104 0.8863
vt 0.3104 0.8498
vt 0.3108 0.8498
vt 0.3108 0.8863
vt 0.2405 0.8498
vt 0.2405 0.8494
vt 0.3104 0.8494
vt 0.2401 0.8498
vt 0.2405 0.8863
vt 0.2401 0.8863
vt 0.2405 0.8866
vt 0.0276 0.0294
vt 0.0276 0.0362
vt 0.0279 0.0362
vt 0.0279 0.0294
vt 0.5820 0.6429
vt 0.5820 0.6496
vt 0.3104 0.8866
vt 0.5816 0.6425
vt 0.8419 0.3477
vt 0.8419 0.2777
vt 0.8423 0.2777
vt 0.8423 0.3477
vt 0.9100 0.3988
vt 0.8400 0.3988
vt 0.8400 0.3992
vt 0.9100 0.3992
vt 0.5451 0.6425
vt 0.5447 0.6429
vt 0.5447 0.6496
vt 0.9104 0.3988
vt 0.9100 0.3623
vt 0.9104 0.3623
vt 0.0279 0.0365
vt 0.8490 0.3477
vt 0.8490 0.2777
vt 0.8400 0.3623
vt 0.9070 0.9580
vt 0.8705 0.9580
vt 0.8705 0.9513
vt 0.9070 0.9513
vt 0.8521 0.5459
vt 0.8521 0.5094
vt 0.8524 0.5094
vt 0.8524 0.5459
vt 0.7821 0.5094
vt 0.7821 0.5090
vt 0.8521 0.5090
vt 0.7817 0.5094
vt 0.7821 0.5459
vt 0.7817 0.5459
vt 0.7821 0.5462
vt 0.0276 0.0144
vt 0.0276 0.0211
vt 0.0279 0.0211
vt 0.0279 0.0144
vt 0.9073 0.9513
vt 0.9073 0.9580
vt 0.8521 0.5462
vt 0.9070 0.9510
vt 0.5880 0.4850
vt 0.5880 0.4150
vt 0.5884 0.4150
vt 0.5884 0.4850
vt 0.6505 0.0866
vt 0.5805 0.0866
vt 0.5805 0.0870
vt 0.6505 0.0870
vt 0.8705 0.9510
vt 0.8701 0.9513
vt 0.8701 0.9580
vt 0.6508 0.0866
vt 0.6505 0.0501
vt 0.6508 0.0501
vt 0.0279 0.0215
vt 0.5951 0.4850
vt 0.5951 0.4150
vt 0.5805 0.0501
vt 0.2390 0.1020
vt 0.2025 0.1020
vt 0.2025 0.0953
vt 0.2390 0.0953
vt 0.2390 0.1023
vt 0.2025 0.1023
vt 0.0754 0.1633
vt 0.0054 0.1633
vt 0.0054 0.1630
vt 0.0754 0.1630
vt 0.0050 0.1633
vt 0.0054 0.1998
vt 0.0050 0.1998
vt 0.0117 0.0825
vt 0.0117 0.0821
vt 0.0121 0.0825
vt 0.0050 0.0825
vt 0.0050 0.0821
vt 0.0050 0.1525
vt 0.0117 0.1525
vt 0.0117 0.1528
vt 0.0050 0.1528
vt 0.0121 0.1525
vt 0.3119 0.3477
vt 0.3119 0.3473
vt 0.3115 0.3477
vt 0.3819 0.3477
vt 0.3819 0.3473
vt 0.3819 0.3841
vt 0.3119 0.3841
vt 0.3119 0.3845
vt 0.3819 0.3845
vt 0.3115 0.3841
vt 0.1690 0.0486
vt 0.1757 0.0486
vt 0.1757 0.0483
vt 0.1690 0.0483
vt 0.1686 0.0486
vt 0.3823 0.3841
vt 0.3823 0.3477
vt 0.0754 0.1998
vt 0.2465 0.6342
vt 0.2100 0.6342
vt 0.2100 0.6275
vt 0.2465 0.6275
vt 0.6080 0.3044
vt 0.6080 0.3409
vt 0.6076 0.3409
vt 0.6076 0.3044
vt 0.4766 0.5929
vt 0.4766 0.5925
vt 0.4770 0.5925
vt 0.4699 0.5929
vt 0.4699 0.5925
vt 0.4695 0.5925
vt 0.5560 0.1743
vt 0.5560 0.2107
vt 0.5564 0.2107
vt 0.5564 0.1743
vt 0.5721 0.4545
vt 0.5721 0.4548
vt 0.5725 0.4548
vt 0.5654 0.4545
vt 0.5654 0.4548
vt 0.6076 0.3040
vt 0.5376 0.3040
vt 0.5376 0.3044
vt 0.4766 0.5226
vt 0.4770 0.5226
vt 0.4699 0.5222
vt 0.4766 0.5222
vt 0.4699 0.5226
vt 0.5372 0.3409
vt 0.5372 0.3044
vt 0.5376 0.3409
vt 0.4695 0.5226
vt 0.3744 0.4225
vt 0.3379 0.4225
vt 0.3379 0.4229
vt 0.3744 0.4229
vt 0.5721 0.5248
vt 0.5725 0.5248
vt 0.3747 0.4225
vt 0.6264 0.1743
vt 0.6264 0.2107
vt 0.5083 0.7004
vt 0.4718 0.7004
vt 0.4718 0.6937
vt 0.5083 0.6937
vt 0.5083 0.7008
vt 0.4718 0.7008
vt 0.9457 0.4078
vt 0.8757 0.4078
vt 0.8757 0.4075
vt 0.9457 0.4075
vt 0.8054 0.0483
vt 0.8054 0.0486
vt 0.8058 0.0486
vt 0.7689 0.0483
vt 0.7689 0.0486
vt 0.7685 0.0486
vt 0.7685 0.0553
vt 0.7689 0.0553
vt 0.5086 0.6937
vt 0.5086 0.7004
vt 0.8866 0.3289
vt 0.8866 0.2589
vt 0.8869 0.2589
vt 0.8869 0.3289
vt 0.5083 0.6933
vt 0.8795 0.3289
vt 0.8795 0.2589
vt 0.8799 0.2589
vt 0.8799 0.3289
vt 0.3063 0.9310
vt 0.2363 0.9310
vt 0.2363 0.9314
vt 0.3063 0.9314
vt 0.4718 0.6933
vt 0.4714 0.6937
vt 0.4714 0.7004
vt 0.3067 0.9310
vt 0.3063 0.8945
vt 0.3067 0.8945
vt 0.7689 0.0557
vt 0.9457 0.4443
vt 0.8757 0.4443
vt 0.2363 0.8945
vt 0.6230 0.1640
vt 0.5865 0.1640
vt 0.5865 0.1573
vt 0.6230 0.1573
vt 0.2318 0.4379
vt 0.2318 0.4744
vt 0.2315 0.4744
vt 0.2315 0.4379
vt 0.4427 0.3860
vt 0.4427 0.3857
vt 0.4431 0.3857
vt 0.4360 0.3860
vt 0.4360 0.3857
vt 0.4357 0.3857
vt 0.2589 0.4376
vt 0.2589 0.4740
vt 0.2593 0.4740
vt 0.2593 0.4376
vt 0.2593 0.4744
vt 0.5861 0.1640
vt 0.5861 0.1573
vt 0.2315 0.4376
vt 0.1615 0.4376
vt 0.1615 0.4379
vt 0.4427 0.3157
vt 0.4431 0.3157
vt 0.4360 0.3153
vt 0.4427 0.3153
vt 0.4360 0.3157
vt 0.1611 0.4744
vt 0.1611 0.4379
vt 0.1615 0.4744
vt 0.4357 0.3157
vt 0.1186 0.7629
vt 0.0821 0.7629
vt 0.0821 0.7633
vt 0.1186 0.7633
vt 0.3292 0.4744
vt 0.3292 0.4740
vt 0.1190 0.7629
vt 0.3292 0.4376
vt 0.4424 0.4236
vt 0.4060 0.4236
vt 0.4060 0.4169
vt 0.4424 0.4169
vt 0.4424 0.4239
vt 0.4060 0.4239
vt 0.3082 0.2593
vt 0.2382 0.2593
vt 0.2382 0.2589
vt 0.3082 0.2589
vt 0.0415 0.3379
vt 0.0415 0.3382
vt 0.0419 0.3382
vt 0.0050 0.3379
vt 0.0050 0.3382
vt 0.1155 0.0844
vt 0.1155 0.0840
vt 0.1159 0.0844
vt 0.1088 0.0844
vt 0.1088 0.0840
vt 0.1088 0.1543
vt 0.1155 0.1543
vt 0.1155 0.1547
vt 0.1088 0.1547
vt 0.1159 0.1543
vt 0.1084 0.1543
vt 0.1084 0.0844
vt 0.4872 0.4684
vt 0.4172 0.4684
vt 0.4172 0.4688
vt 0.4872 0.4688
vt 0.4169 0.4684
vt 0.4172 0.4319
vt 0.4169 0.4319
vt 0.4056 0.4236
vt 0.4056 0.4169
vt 0.4876 0.4684
vt 0.4872 0.4319
vt 0.4876 0.4319
vt 0.3082 0.2957
vt 0.2382 0.2957
vt 0.9085 0.8358
vt 0.8720 0.8358
vt 0.8720 0.8291
vt 0.9085 0.8291
vt 0.9085 0.8362
vt 0.8720 0.8362
vt 0.7850 0.8148
vt 0.7850 0.8145
vt 0.7854 0.8145
vt 0.7783 0.8148
vt 0.7783 0.8145
vt 0.7779 0.8145
vt 0.8720 0.8287
vt 0.9085 0.8287
vt 0.7869 0.6632
vt 0.7869 0.6636
vt 0.7873 0.6636
vt 0.7802 0.6632
vt 0.7802 0.6636
vt 0.7798 0.6636
vt 0.7802 0.7336
vt 0.7798 0.7336
vt 0.7850 0.7445
vt 0.7854 0.7445
vt 0.7783 0.7441
vt 0.7850 0.7441
vt 0.7783 0.7445
vt 0.3835 0.2954
vt 0.3835 0.2589
vt 0.3830 0.2589
vt 0.3830 0.2954
vt 0.7802 0.7340
vt 0.7779 0.7445
vt 0.5079 0.7234
vt 0.4714 0.7234
vt 0.4714 0.7238
vt 0.5079 0.7238
vt 0.7869 0.7336
vt 0.7873 0.7336
vt 0.5083 0.7234
vt 0.7671 0.8276
vt 0.6971 0.8276
vt 0.6971 0.7911
vt 0.7671 0.7911
vt 0.6204 0.7930
vt 0.5504 0.7930
vt 0.5504 0.8295
vt 0.6204 0.8295
vt 0.9611 0.3352
vt 0.9246 0.3352
vt 0.9246 0.3285
vt 0.9611 0.3285
vt 0.9611 0.3355
vt 0.9246 0.3355
vt 0.5711 0.5320
vt 0.5711 0.6019
vt 0.5714 0.6019
vt 0.5714 0.5320
vt 0.6512 0.3473
vt 0.6512 0.3477
vt 0.6516 0.3477
vt 0.6147 0.3473
vt 0.6147 0.3477
vt 0.6143 0.3477
vt 0.6143 0.3544
vt 0.6147 0.3544
vt 0.9615 0.3285
vt 0.9615 0.3352
vt 0.2186 0.6129
vt 0.2186 0.5429
vt 0.2189 0.5429
vt 0.2189 0.6129
vt 0.5658 0.0054
vt 0.5658 0.0050
vt 0.5654 0.0054
vt 0.6358 0.0054
vt 0.6358 0.0050
vt 0.6358 0.0419
vt 0.5658 0.0419
vt 0.5658 0.0422
vt 0.6358 0.0422
vt 0.5654 0.0419
vt 0.5781 0.5320
vt 0.5781 0.5316
vt 0.5714 0.5316
vt 0.6362 0.0419
vt 0.6362 0.0054
vt 0.2269 0.5842
vt 0.2969 0.5842
vt 0.2969 0.6207
vt 0.2269 0.6207
vt 0.2119 0.6129
vt 0.2119 0.5429
vt 0.5797 0.2882
vt 0.5432 0.2882
vt 0.5432 0.2815
vt 0.5797 0.2815
vt 0.5797 0.2885
vt 0.5432 0.2885
vt 0.0750 0.4379
vt 0.0050 0.4379
vt 0.0050 0.4376
vt 0.0750 0.4376
vt 0.6155 0.1479
vt 0.6155 0.1483
vt 0.6158 0.1483
vt 0.5790 0.1479
vt 0.5790 0.1483
vt 0.5786 0.1483
vt 0.5786 0.1550
vt 0.5790 0.1550
vt 0.5801 0.2815
vt 0.5801 0.2882
vt 0.4330 0.0750
vt 0.4330 0.0050
vt 0.4333 0.0050
vt 0.4333 0.0750
vt 0.0825 0.4379
vt 0.0825 0.4376
vt 0.0821 0.4379
vt 0.1525 0.4379
vt 0.1525 0.4376
vt 0.1525 0.4744
vt 0.0825 0.4744
vt 0.0825 0.4748
vt 0.1525 0.4748
vt 0.0821 0.4744
vt 0.5429 0.2882
vt 0.5429 0.2815
vt 0.1528 0.4744
vt 0.1528 0.4379
vt 0.0750 0.4744
vt 0.0050 0.4744
vt 0.4263 0.0750
vt 0.4263 0.0050
vt 0.3747 0.4145
vt 0.3382 0.4145
vt 0.3382 0.4078
vt 0.3747 0.4078
vt 0.3747 0.4149
vt 0.3382 0.4149
vt 0.4680 0.1389
vt 0.3981 0.1389
vt 0.3981 0.1385
vt 0.4680 0.1385
vt 0.5741 0.2683
vt 0.5741 0.2687
vt 0.5745 0.2687
vt 0.5376 0.2683
vt 0.5376 0.2687
vt 0.5372 0.2687
vt 0.5372 0.2754
vt 0.5376 0.2754
vt 0.3751 0.4078
vt 0.3751 0.4145
vt 0.4277 0.3853
vt 0.4277 0.3153
vt 0.4281 0.3153
vt 0.4281 0.3853
vt 0.3747 0.4075
vt 0.4206 0.3853
vt 0.4206 0.3153
vt 0.4210 0.3153
vt 0.4210 0.3853
vt 0.3063 0.3405
vt 0.2363 0.3405
vt 0.2363 0.3409
vt 0.3063 0.3409
vt 0.3382 0.4075
vt 0.3379 0.4078
vt 0.3379 0.4145
vt 0.3067 0.3405
vt 0.3063 0.3040
vt 0.3067 0.3040
vt 0.5376 0.2757
vt 0.4680 0.1754
vt 0.3981 0.1754
vt 0.2363 0.3040
vt 0.8449 0.8016
vt 0.8084 0.8016
vt 0.8084 0.7949
vt 0.8449 0.7949
vt 0.7520 0.2769
vt 0.7520 0.2405
vt 0.7524 0.2405
vt 0.7524 0.2769
vt 0.6820 0.2405
vt 0.6820 0.2401
vt 0.7520 0.2401
vt 0.3729 0.8569
vt 0.3729 0.8573
vt 0.3732 0.8573
vt 0.3364 0.8569
vt 0.3364 0.8573
vt 0.3360 0.8573
vt 0.3360 0.8640
vt 0.3364 0.8640
vt 0.8453 0.7949
vt 0.8453 0.8016
vt 0.7520 0.2773
vt 0.6820 0.2773
vt 0.6820 0.2769
vt 0.2367 0.7012
vt 0.2367 0.7008
vt 0.2363 0.7012
vt 0.3067 0.7012
vt 0.3067 0.7008
vt 0.3067 0.7377
vt 0.2367 0.7377
vt 0.2367 0.7381
vt 0.3067 0.7381
vt 0.2363 0.7377
vt 0.8080 0.8016
vt 0.8080 0.7949
vt 0.3071 0.7377
vt 0.3071 0.7012
vt 0.3153 0.7008
vt 0.3153 0.7075
vt 0.3853 0.7075
vt 0.3853 0.7008
vt 0.9743 0.6120
vt 0.9378 0.6120
vt 0.9378 0.6053
vt 0.9743 0.6053
vt 0.9743 0.6124
vt 0.9378 0.6124
vt 0.6534 0.2187
vt 0.6534 0.2183
vt 0.6537 0.2183
vt 0.6467 0.2187
vt 0.6467 0.2183
vt 0.6463 0.2183
vt 0.9378 0.6049
vt 0.9743 0.6049
vt 0.6647 0.0050
vt 0.6647 0.0054
vt 0.6650 0.0054
vt 0.6580 0.0050
vt 0.6580 0.0054
vt 0.6576 0.0054
vt 0.6580 0.0754
vt 0.6576 0.0754
vt 0.6534 0.1483
vt 0.6537 0.1483
vt 0.6467 0.1479
vt 0.6534 0.1479
vt 0.6467 0.1483
vt 0.1592 0.6790
vt 0.1592 0.6425
vt 0.1596 0.6425
vt 0.1596 0.6790
vt 0.6580 0.0757
vt 0.6463 0.1483
vt 0.0754 0.6828
vt 0.0754 0.6463
vt 0.0750 0.6463
vt 0.0750 0.6828
vt 0.0050 0.6832
vt 0.0750 0.6832
vt 0.0050 0.6828
vt 0.2296 0.6790
vt 0.2296 0.6425
vt 0.0050 0.6463
vt 0.5402 0.1023
vt 0.5037 0.1023
vt 0.5037 0.0956
vt 0.5402 0.0956
vt 0.5402 0.1027
vt 0.5037 0.1027
vt 0.5734 0.0505
vt 0.5034 0.0505
vt 0.5034 0.0501
vt 0.5734 0.0501
vt 0.5402 0.1103
vt 0.5402 0.1107
vt 0.5406 0.1107
vt 0.5037 0.1103
vt 0.5037 0.1107
vt 0.5034 0.1107
vt 0.5034 0.1174
vt 0.5037 0.1174
vt 0.5406 0.0956
vt 0.5406 0.1023
vt 0.4127 0.4097
vt 0.4127 0.3398
vt 0.4130 0.3398
vt 0.4130 0.4097
vt 0.5402 0.0953
vt 0.4056 0.4097
vt 0.4056 0.3398
vt 0.4060 0.3398
vt 0.4060 0.4097
vt 0.4624 0.5587
vt 0.3924 0.5587
vt 0.3924 0.5590
vt 0.4624 0.5590
vt 0.5037 0.0953
vt 0.5034 0.0956
vt 0.5034 0.1023
vt 0.4628 0.5587
vt 0.4624 0.5222
vt 0.4628 0.5222
vt 0.5037 0.1178
vt 0.5734 0.0870
vt 0.5034 0.0870
vt 0.3924 0.5222
vt 0.9724 0.5612
vt 0.9359 0.5612
vt 0.9359 0.5545
vt 0.9724 0.5545
vt 0.9724 0.5616
vt 0.9359 0.5616
vt 0.9950 0.2687
vt 0.9250 0.2687
vt 0.9250 0.2683
vt 0.9950 0.2683
vt 0.9246 0.2687
vt 0.9250 0.3051
vt 0.9246 0.3051
vt 0.9392 0.4530
vt 0.9392 0.4526
vt 0.9396 0.4530
vt 0.9325 0.4530
vt 0.9325 0.4526
vt 0.9325 0.5230
vt 0.9392 0.5230
vt 0.9392 0.5233
vt 0.9325 0.5233
vt 0.9396 0.5230
vt 0.9322 0.5230
vt 0.9322 0.4530
vt 0.9377 0.7468
vt 0.9377 0.6768
vt 0.9374 0.6768
vt 0.9374 0.7468
vt 0.9374 0.6764
vt 0.9359 0.5541
vt 0.9724 0.5541
vt 0.9307 0.6768
vt 0.9307 0.6764
vt 0.9303 0.6768
vt 0.9374 0.7471
vt 0.9927 0.0050
vt 0.9927 0.0415
vt 0.9931 0.0415
vt 0.9931 0.0050
vt 0.9950 0.3051
vt 0.9228 0.0415
vt 0.9228 0.0050
vt 0.0415 0.7850
vt 0.0050 0.7850
vt 0.0050 0.7783
vt 0.0415 0.7783
vt 0.2281 0.7764
vt 0.2281 0.8129
vt 0.2277 0.8129
vt 0.2277 0.7764
vt 0.2277 0.8133
vt 0.7681 0.3992
vt 0.7614 0.3992
vt 0.7614 0.3988
vt 0.7681 0.3988
vt 0.7610 0.3988
vt 0.0050 0.7779
vt 0.0415 0.7779
vt 0.1772 0.0577
vt 0.1772 0.0580
vt 0.1776 0.0580
vt 0.1705 0.0577
vt 0.1705 0.0580
vt 0.2277 0.7761
vt 0.1577 0.7761
vt 0.1577 0.7764
vt 0.1577 0.8133
vt 0.1577 0.8129
vt 0.7614 0.3285
vt 0.7681 0.3285
vt 0.7681 0.3288
vt 0.7614 0.3288
vt 0.1573 0.8129
vt 0.1573 0.7764
vt 0.7610 0.3288
vt 0.8295 0.2653
vt 0.8295 0.2288
vt 0.8291 0.2288
vt 0.8291 0.2653
vt 0.7591 0.2657
vt 0.8291 0.2657
vt 0.7591 0.2653
vt 0.7591 0.2288
vt 0.0419 0.6383
vt 0.0054 0.6383
vt 0.0054 0.6316
vt 0.0419 0.6316
vt 0.0419 0.6387
vt 0.0054 0.6387
vt 0.1521 0.6015
vt 0.0821 0.6015
vt 0.0821 0.6012
vt 0.1521 0.6012
vt 0.1961 0.6162
vt 0.1961 0.6166
vt 0.1964 0.6166
vt 0.1596 0.6162
vt 0.1596 0.6166
vt 0.1592 0.6166
vt 0.1592 0.6233
vt 0.1596 0.6233
vt 0.0422 0.6316
vt 0.0422 0.6383
vt 0.6007 0.5621
vt 0.6007 0.4921
vt 0.6011 0.4921
vt 0.6011 0.5621
vt 0.0419 0.6313
vt 0.5936 0.5621
vt 0.5936 0.4921
vt 0.5940 0.4921
vt 0.5940 0.5621
vt 0.5301 0.6414
vt 0.4601 0.6414
vt 0.4601 0.6418
vt 0.5301 0.6418
vt 0.0054 0.6313
vt 0.0050 0.6316
vt 0.0050 0.6383
vt 0.5305 0.6414
vt 0.5301 0.6049
vt 0.5305 0.6049
vt 0.1596 0.6237
vt 0.1521 0.6380
vt 0.0821 0.6380
vt 0.4601 0.6049
vt 0.0415 0.5646
vt 0.0050 0.5646
vt 0.0050 0.5579
vt 0.0415 0.5579
vt 0.4086 0.4319
vt 0.4086 0.4684
vt 0.4082 0.4684
vt 0.4082 0.4319
vt 0.4315 0.3071
vt 0.4315 0.3067
vt 0.4318 0.3067
vt 0.4248 0.3071
vt 0.4248 0.3067
vt 0.4244 0.3067
vt 0.2796 0.0915
vt 0.2796 0.1280
vt 0.2799 0.1280
vt 0.2799 0.0915
vt 0.2799 0.1284
vt 0.2885 0.0050
vt 0.2818 0.0050
vt 0.2818 0.0054
vt 0.2885 0.0054
vt 0.2815 0.0054
vt 0.2818 0.0754
vt 0.2815 0.0754
vt 0.4315 0.2367
vt 0.4318 0.2367
vt 0.4248 0.2363
vt 0.4315 0.2363
vt 0.4248 0.2367
vt 0.3379 0.4684
vt 0.3379 0.4319
vt 0.3382 0.4319
vt 0.3382 0.4684
vt 0.2818 0.0757
vt 0.4244 0.2367
vt 0.3503 0.1280
vt 0.3503 0.0915
vt 0.3499 0.0915
vt 0.3499 0.1280
vt 0.3499 0.1284
vt 0.9310 0.1005
vt 0.8945 0.1005
vt 0.8945 0.0938
vt 0.9310 0.0938
vt 0.7603 0.0129
vt 0.7603 0.0494
vt 0.7599 0.0494
vt 0.7599 0.0129
vt 0.7599 0.0498
vt 0.7004 0.2093
vt 0.6937 0.2093
vt 0.6937 0.2089
vt 0.7004 0.2089
vt 0.6933 0.2089
vt 0.8945 0.0934
vt 0.9310 0.0934
vt 0.6981 0.3642
vt 0.6981 0.3646
vt 0.6985 0.3646
vt 0.6914 0.3642
vt 0.6914 0.3646
vt 0.7599 0.0125
vt 0.6899 0.0125
vt 0.6899 0.0129
vt 0.6899 0.0498
vt 0.6899 0.0494
vt 0.6937 0.1385
vt 0.7004 0.1385
vt 0.7004 0.1389
vt 0.6937 0.1389
vt 0.6896 0.0494
vt 0.6896 0.0129
vt 0.6933 0.1389
vt 0.7430 0.4319
vt 0.7065 0.4319
vt 0.7065 0.4323
vt 0.7430 0.4323
vt 0.6981 0.4346
vt 0.6985 0.4346
vt 0.7433 0.4319
vt 0.7689 0.2852
vt 0.6990 0.2852
vt 0.6990 0.3217
vt 0.7689 0.3217
vt 0.9709 0.7621
vt 0.9344 0.7621
vt 0.9344 0.7554
vt 0.9709 0.7554
vt 0.6960 0.8712
vt 0.6960 0.8347
vt 0.6963 0.8347
vt 0.6963 0.8712
vt 0.6260 0.8347
vt 0.6260 0.8344
vt 0.6960 0.8344
vt 0.6256 0.8347
vt 0.6260 0.8712
vt 0.6256 0.8712
vt 0.6260 0.8716
vt 0.8317 0.3533
vt 0.8250 0.3533
vt 0.8250 0.3529
vt 0.8317 0.3529
vt 0.9713 0.7554
vt 0.9713 0.7621
vt 0.6960 0.8716
vt 0.7050 0.8347
vt 0.7050 0.8344
vt 0.7046 0.8347
vt 0.7750 0.8347
vt 0.7750 0.8344
vt 0.7750 0.8712
vt 0.7050 0.8712
vt 0.7050 0.8716
vt 0.7750 0.8716
vt 0.7046 0.8712
vt 0.9340 0.7621
vt 0.9340 0.7554
vt 0.7753 0.8712
vt 0.7753 0.8347
vt 0.8317 0.4233
vt 0.8250 0.4233
vt 0.5079 0.7151
vt 0.4714 0.7151
vt 0.4714 0.7084
vt 0.5079 0.7084
vt 0.5079 0.7154
vt 0.4714 0.7154
vt 0.6718 0.0851
vt 0.6718 0.0848
vt 0.6722 0.0848
vt 0.6651 0.0851
vt 0.6651 0.0848
vt 0.2363 0.6561
vt 0.2367 0.6561
vt 0.2367 0.6557
vt 0.2363 0.6926
vt 0.2367 0.6926
vt 0.2367 0.6929
vt 0.5443 0.6331
vt 0.5376 0.6331
vt 0.5376 0.6335
vt 0.5443 0.6335
vt 0.5372 0.6335
vt 0.5376 0.7035
vt 0.5372 0.7035
vt 0.6718 0.0148
vt 0.6722 0.0148
vt 0.6651 0.0144
vt 0.6718 0.0144
vt 0.6651 0.0148
vt 0.3153 0.6941
vt 0.3153 0.6576
vt 0.3157 0.6576
vt 0.3157 0.6941
vt 0.5376 0.7039
vt 0.3067 0.6561
vt 0.3071 0.6561
vt 0.3067 0.6557
vt 0.3071 0.6926
vt 0.3067 0.6926
vt 0.3067 0.6929
vt 0.3857 0.6941
vt 0.3857 0.6576
vt 0.0419 0.6981
vt 0.0054 0.6981
vt 0.0054 0.6914
vt 0.0419 0.6914
vt 0.0419 0.6985
vt 0.0054 0.6985
vt 0.8536 0.8611
vt 0.7836 0.8611
vt 0.7836 0.8607
vt 0.8536 0.8607
vt 0.7264 0.0577
vt 0.7264 0.0580
vt 0.7268 0.0580
vt 0.6899 0.0577
vt 0.6899 0.0580
vt 0.6896 0.0580
vt 0.6896 0.0647
vt 0.6899 0.0647
vt 0.0422 0.6914
vt 0.0422 0.6981
vt 0.8580 0.2706
vt 0.8580 0.2006
vt 0.8584 0.2006
vt 0.8584 0.2706
vt 0.0806 0.8648
vt 0.0806 0.8645
vt 0.0802 0.8648
vt 0.1506 0.8648
vt 0.1506 0.8645
vt 0.1506 0.9013
vt 0.0806 0.9013
vt 0.0806 0.9017
vt 0.1506 0.9017
vt 0.0802 0.9013
vt 0.0050 0.6981
vt 0.0050 0.6914
vt 0.1510 0.9013
vt 0.1510 0.8648
vt 0.8536 0.8976
vt 0.7836 0.8976
vt 0.8513 0.2706
vt 0.8513 0.2006
vt 0.6527 0.3337
vt 0.6162 0.3337
vt 0.6162 0.3270
vt 0.6527 0.3270
vt 0.6527 0.3340
vt 0.6162 0.3340
vt 0.7098 0.6813
vt 0.7098 0.6809
vt 0.7102 0.6809
vt 0.7031 0.6813
vt 0.7031 0.6809
vt 0.7027 0.6809
vt 0.6162 0.3266
vt 0.6527 0.3266
vt 0.7136 0.3285
vt 0.7136 0.3288
vt 0.7139 0.3288
vt 0.7069 0.3285
vt 0.7069 0.3288
vt 0.7065 0.3288
vt 0.7069 0.3988
vt 0.7065 0.3988
vt 0.7098 0.6109
vt 0.7102 0.6109
vt 0.7031 0.6106
vt 0.7098 0.6106
vt 0.7031 0.6109
vt 0.3153 0.7524
vt 0.3153 0.7159
vt 0.3157 0.7159
vt 0.3157 0.7524
vt 0.7069 0.3992
vt 0.7027 0.6109
vt 0.7787 0.1750
vt 0.7787 0.1385
vt 0.7784 0.1385
vt 0.7784 0.1750
vt 0.7084 0.1754
vt 0.7784 0.1754
vt 0.7084 0.1750
vt 0.3857 0.7524
vt 0.3857 0.7159
vt 0.7084 0.1385
vt 0.9747 0.5909
vt 0.9382 0.5909
vt 0.9382 0.5842
vt 0.9747 0.5842
vt 0.3842 0.9175
vt 0.3842 0.9540
vt 0.3838 0.9540
vt 0.3838 0.9175
vt 0.3838 0.9543
vt 0.9088 0.5327
vt 0.9021 0.5327
vt 0.9021 0.5324
vt 0.9088 0.5324
vt 0.9058 0.0486
vt 0.9062 0.0486
vt 0.9062 0.0483
vt 0.9058 0.0851
vt 0.9062 0.0851
vt 0.9062 0.0855
vt 0.9378 0.5909
vt 0.9378 0.5842
vt 0.3838 0.9171
vt 0.3138 0.9171
vt 0.3138 0.9175
vt 0.3138 0.9543
vt 0.3138 0.9540
vt 0.9021 0.4620
vt 0.9088 0.4620
vt 0.9088 0.4624
vt 0.9021 0.4624
vt 0.3134 0.9540
vt 0.3134 0.9175
vt 0.9762 0.0486
vt 0.9766 0.0486
vt 0.9762 0.0483
vt 0.9766 0.0851
vt 0.9762 0.0851
vt 0.9762 0.0855
vt 0.1980 0.8279
vt 0.1615 0.8279
vt 0.1615 0.8212
vt 0.1980 0.8212
vt 0.1980 0.8283
vt 0.1615 0.8283
vt 0.3063 0.7915
vt 0.2363 0.7915
vt 0.2363 0.7911
vt 0.3063 0.7911
vt 0.0415 0.7215
vt 0.0415 0.7219
vt 0.0419 0.7219
vt 0.0050 0.7215
vt 0.0050 0.7219
vt 0.7831 0.3514
vt 0.7831 0.3510
vt 0.7835 0.3514
vt 0.7764 0.3514
vt 0.7764 0.3510
vt 0.7764 0.4214
vt 0.7831 0.4214
vt 0.7831 0.4218
vt 0.7764 0.4218
vt 0.7835 0.4214
vt 0.7761 0.4214
vt 0.7761 0.3514
vt 0.5418 0.8276
vt 0.4718 0.8276
vt 0.4718 0.8280
vt 0.5418 0.8280
vt 0.4714 0.8276
vt 0.4718 0.7911
vt 0.4714 0.7911
vt 0.1611 0.8279
vt 0.1611 0.8212
vt 0.5421 0.8276
vt 0.5418 0.7911
vt 0.5421 0.7911
vt 0.3063 0.8280
vt 0.2363 0.8280
vt 0.2713 0.5330
vt 0.2348 0.5330
vt 0.2348 0.5263
vt 0.2713 0.5263
vt 0.1525 0.2055
vt 0.1525 0.1690
vt 0.1528 0.1690
vt 0.1528 0.2055
vt 0.0825 0.1690
vt 0.0825 0.1686
vt 0.1525 0.1686
vt 0.0821 0.1690
vt 0.0825 0.2055
vt 0.0821 0.2055
vt 0.0825 0.2058
vt 0.0117 0.0054
vt 0.0050 0.0054
vt 0.0050 0.0050
vt 0.0117 0.0050
vt 0.2717 0.5263
vt 0.2717 0.5330
vt 0.1525 0.2058
vt 0.2713 0.5259
vt 0.1592 0.2141
vt 0.2292 0.2141
vt 0.2292 0.2138
vt 0.1592 0.2138
vt 0.2292 0.2506
vt 0.1592 0.2506
vt 0.1592 0.2510
vt 0.2292 0.2510
vt 0.2348 0.5259
vt 0.2344 0.5263
vt 0.2344 0.5330
vt 0.2296 0.2506
vt 0.2296 0.2141
vt 0.0117 0.0754
vt 0.0050 0.0754
vt 0.1186 0.7546
vt 0.0821 0.7546
vt 0.0821 0.7479
vt 0.1186 0.7479
vt 0.4688 0.8818
vt 0.4688 0.9182
vt 0.4684 0.9182
vt 0.4684 0.8818
vt 0.8828 0.6681
vt 0.8828 0.6678
vt 0.8832 0.6678
vt 0.8761 0.6681
vt 0.8761 0.6678
vt 0.8757 0.6678
vt 0.8720 0.7855
vt 0.8720 0.8220
vt 0.8724 0.8220
vt 0.8724 0.7855
vt 0.8843 0.1009
vt 0.8843 0.1013
vt 0.8847 0.1013
vt 0.8776 0.1009
vt 0.8776 0.1013
vt 0.4684 0.8814
vt 0.3984 0.8814
vt 0.3984 0.8818
vt 0.8828 0.5978
vt 0.8832 0.5978
vt 0.8761 0.5974
vt 0.8828 0.5974
vt 0.8761 0.5978
vt 0.3981 0.9182
vt 0.3981 0.8818
vt 0.3984 0.9182
vt 0.8757 0.5978
vt 0.4627 0.1272
vt 0.4263 0.1272
vt 0.4263 0.1276
vt 0.4627 0.1276
vt 0.8843 0.1713
vt 0.8847 0.1713
vt 0.4631 0.1272
vt 0.9423 0.7855
vt 0.9423 0.8220
vt 0.9088 0.8505
vt 0.8724 0.8505
vt 0.8724 0.8438
vt 0.9088 0.8438
vt 0.9088 0.8508
vt 0.8724 0.8508
vt 0.3834 0.8046
vt 0.3134 0.8046
vt 0.3134 0.8043
vt 0.3834 0.8043
vt 0.9220 0.7629
vt 0.9220 0.7633
vt 0.9224 0.7633
vt 0.8855 0.7629
vt 0.8855 0.7633
vt 0.8851 0.7633
vt 0.8851 0.7700
vt 0.8855 0.7700
vt 0.9092 0.8438
vt 0.9092 0.8505
vt 0.7997 0.8084
vt 0.7997 0.7385
vt 0.8001 0.7385
vt 0.8001 0.8084
vt 0.7952 0.6617
vt 0.7952 0.6613
vt 0.7949 0.6617
vt 0.8652 0.6617
vt 0.8652 0.6613
vt 0.8652 0.6982
vt 0.7952 0.6982
vt 0.7952 0.6986
vt 0.8652 0.6986
vt 0.7949 0.6982
vt 0.8720 0.8505
vt 0.8720 0.8438
vt 0.8656 0.6982
vt 0.8656 0.6617
vt 0.3834 0.8411
vt 0.3134 0.8411
vt 0.7930 0.8084
vt 0.7930 0.7385
vt 0.6606 0.5481
vt 0.6241 0.5481
vt 0.6241 0.5414
vt 0.6606 0.5414
vt 0.3838 0.7960
vt 0.3838 0.7595
vt 0.3842 0.7595
vt 0.3842 0.7960
vt 0.3138 0.7595
vt 0.3138 0.7591
vt 0.3838 0.7591
vt 0.3134 0.7595
vt 0.3138 0.7960
vt 0.3134 0.7960
vt 0.3138 0.7964
vt 0.0276 0.0445
vt 0.0276 0.0512
vt 0.0279 0.0512
vt 0.0279 0.0445
vt 0.6610 0.5414
vt 0.6610 0.5481
vt 0.3838 0.7964
vt 0.6606 0.5410
vt 0.7441 0.4248
vt 0.7441 0.3548
vt 0.7445 0.3548
vt 0.7445 0.4248
vt 0.6918 0.7843
vt 0.6219 0.7843
vt 0.6219 0.7847
vt 0.6918 0.7847
vt 0.6241 0.5410
vt 0.6237 0.5414
vt 0.6237 0.5481
vt 0.6922 0.7843
vt 0.6918 0.7479
vt 0.6922 0.7479
vt 0.0279 0.0516
vt 0.7512 0.4248
vt 0.7512 0.3548
vt 0.6219 0.7479
vt 0.0419 0.8885
vt 0.0054 0.8885
vt 0.0054 0.8818
vt 0.0419 0.8818
vt 0.6922 0.9164
vt 0.6922 0.8799
vt 0.6926 0.8799
vt 0.6926 0.9164
vt 0.6222 0.8799
vt 0.6222 0.8795
vt 0.6922 0.8795
vt 0.6219 0.8799
vt 0.6222 0.9164
vt 0.6219 0.9164
vt 0.6222 0.9167
vt 0.0276 0.0595
vt 0.0276 0.0662
vt 0.0279 0.0662
vt 0.0279 0.0595
vt 0.0422 0.8818
vt 0.0422 0.8885
vt 0.6922 0.9167
vt 0.0419 0.8814
vt 0.8701 0.5470
vt 0.8701 0.4770
vt 0.8705 0.4770
vt 0.8705 0.5470
vt 0.7708 0.9160
vt 0.7008 0.9160
vt 0.7008 0.9164
vt 0.7708 0.9164
vt 0.0054 0.8814
vt 0.0050 0.8818
vt 0.0050 0.8885
vt 0.7712 0.9160
vt 0.7708 0.8795
vt 0.7712 0.8795
vt 0.0279 0.0666
vt 0.8772 0.5470
vt 0.8772 0.4770
vt 0.7008 0.8795
vt 0.7546 0.6850
vt 0.7181 0.6850
vt 0.7181 0.6783
vt 0.7546 0.6783
vt 0.5459 0.9250
vt 0.5459 0.9615
vt 0.5455 0.9615
vt 0.5455 0.9250
vt 0.9144 0.6681
vt 0.9144 0.6678
vt 0.9148 0.6678
vt 0.9077 0.6681
vt 0.9077 0.6678
vt 0.5541 0.9250
vt 0.5545 0.9250
vt 0.5545 0.9246
vt 0.5541 0.9615
vt 0.5545 0.9615
vt 0.5545 0.9619
vt 0.7178 0.6850
vt 0.7178 0.6783
vt 0.5455 0.9246
vt 0.4755 0.9246
vt 0.4755 0.9250
vt 0.9144 0.5978
vt 0.9148 0.5978
vt 0.9077 0.5974
vt 0.9144 0.5974
vt 0.9077 0.5978
vt 0.4752 0.9615
vt 0.4752 0.9250
vt 0.4755 0.9615
vt 0.6245 0.9250
vt 0.6249 0.9250
vt 0.6245 0.9246
vt 0.6249 0.9615
vt 0.6245 0.9615
vt 0.6245 0.9619
vt 0.1208 0.9163
vt 0.0844 0.9163
vt 0.0844 0.9096
vt 0.1208 0.9096
vt 0.8675 0.4323
vt 0.8675 0.4688
vt 0.8671 0.4688
vt 0.8671 0.4323
vt 0.8147 0.3447
vt 0.8147 0.3443
vt 0.8151 0.3443
vt 0.8080 0.3447
vt 0.8080 0.3443
vt 0.7968 0.5978
vt 0.7971 0.5978
vt 0.7971 0.5974
vt 0.7968 0.6343
vt 0.7971 0.6343
vt 0.7971 0.6346
vt 0.0840 0.9163
vt 0.0840 0.9096
vt 0.8671 0.4319
vt 0.7971 0.4319
vt 0.7971 0.4323
vt 0.8147 0.2743
vt 0.8151 0.2743
vt 0.8080 0.2739
vt 0.8147 0.2739
vt 0.8080 0.2743
vt 0.7968 0.4688
vt 0.7968 0.4323
vt 0.7971 0.4688
vt 0.8671 0.5978
vt 0.8675 0.5978
vt 0.8671 0.5974
vt 0.8675 0.6343
vt 0.8671 0.6343
vt 0.8671 0.6346
vt 0.2205 0.5349
vt 0.1840 0.5349
vt 0.1840 0.5282
vt 0.2205 0.5282
vt 0.2205 0.5353
vt 0.1840 0.5353
vt 0.2292 0.3025
vt 0.1592 0.3025
vt 0.1592 0.3021
vt 0.2292 0.3021
vt 0.5572 0.0050
vt 0.5572 0.0054
vt 0.5575 0.0054
vt 0.5207 0.0050
vt 0.5207 0.0054
vt 0.5203 0.0054
vt 0.5203 0.0121
vt 0.5207 0.0121
vt 0.2209 0.5282
vt 0.2209 0.5349
vt 0.2961 0.0844
vt 0.2961 0.0144
vt 0.2964 0.0144
vt 0.2964 0.0844
vt 0.2205 0.5278
vt 0.2890 0.0844
vt 0.2890 0.0144
vt 0.2894 0.0144
vt 0.2894 0.0844
vt 0.1521 0.3405
vt 0.0821 0.3405
vt 0.0821 0.3409
vt 0.1521 0.3409
vt 0.1840 0.5278
vt 0.1837 0.5282
vt 0.1837 0.5349
vt 0.1525 0.3405
vt 0.1521 0.3040
vt 0.1525 0.3040
vt 0.5207 0.0124
vt 0.2292 0.3390
vt 0.1592 0.3390
vt 0.0821 0.3040
vt 0.4289 0.6647
vt 0.3924 0.6647
vt 0.3924 0.6580
vt 0.4289 0.6580
vt 0.4289 0.6650
vt 0.3924 0.6650
vt 0.6595 0.3100
vt 0.6595 0.3800
vt 0.6598 0.3800
vt 0.6598 0.3100
vt 0.4293 0.6726
vt 0.4293 0.6730
vt 0.4296 0.6730
vt 0.3928 0.6726
vt 0.3928 0.6730
vt 0.3924 0.6730
vt 0.3924 0.6797
vt 0.3928 0.6797
vt 0.4293 0.6580
vt 0.4293 0.6647
vt 0.6684 0.2254
vt 0.6684 0.1555
vt 0.6688 0.1555
vt 0.6688 0.2254
vt 0.4289 0.6576
vt 0.6613 0.2254
vt 0.6613 0.1555
vt 0.6617 0.1555
vt 0.6617 0.2254
vt 0.6669 0.3800
vt 0.6669 0.3100
vt 0.6665 0.3100
vt 0.6665 0.3800
vt 0.6665 0.3097
vt 0.3924 0.6576
vt 0.6598 0.3097
vt 0.6665 0.3804
vt 0.3928 0.6801
vt 0.4293 0.6801
vt 0.4293 0.6797
vt 0.0821 0.6463
vt 0.1521 0.6463
vt 0.1521 0.6828
vt 0.0821 0.6828
vt 0.4601 0.6865
vt 0.5301 0.6865
vt 0.5301 0.6501
vt 0.4601 0.6501
vt 0.9536 0.8508
vt 0.9171 0.8508
vt 0.9171 0.8441
vt 0.9536 0.8441
vt 0.9536 0.8512
vt 0.9171 0.8512
vt 0.8772 0.7772
vt 0.8772 0.7768
vt 0.8775 0.7768
vt 0.8705 0.7772
vt 0.8705 0.7768
vt 0.8701 0.7768
vt 0.9171 0.8438
vt 0.9536 0.8438
vt 0.8791 0.2495
vt 0.8791 0.2499
vt 0.8794 0.2499
vt 0.8724 0.2495
vt 0.8724 0.2499
vt 0.8720 0.2499
vt 0.8724 0.3198
vt 0.8720 0.3198
vt 0.8772 0.7069
vt 0.8775 0.7069
vt 0.8705 0.7065
vt 0.8772 0.7065
vt 0.8705 0.7069
vt 0.8588 0.5906
vt 0.8588 0.5541
vt 0.8592 0.5541
vt 0.8592 0.5906
vt 0.8724 0.3202
vt 0.8701 0.7069
vt 0.2296 0.9179
vt 0.2296 0.8814
vt 0.2292 0.8814
vt 0.2292 0.9179
vt 0.1592 0.9182
vt 0.2292 0.9182
vt 0.1592 0.9179
vt 0.9292 0.5906
vt 0.9292 0.5541
vt 0.1592 0.8814
vt 0.9724 0.5759
vt 0.9359 0.5759
vt 0.9359 0.5692
vt 0.9724 0.5692
vt 0.9724 0.5763
vt 0.9359 0.5763
vt 0.6941 0.4511
vt 0.6241 0.4511
vt 0.6241 0.4507
vt 0.6941 0.4507
vt 0.6237 0.4511
vt 0.6241 0.4876
vt 0.6237 0.4876
vt 0.6361 0.2179
vt 0.6361 0.2175
vt 0.6364 0.2179
vt 0.6294 0.2179
vt 0.6294 0.2175
vt 0.6294 0.2879
vt 0.6361 0.2879
vt 0.6361 0.2882
vt 0.6294 0.2882
vt 0.6364 0.2879
vt 0.6241 0.4962
vt 0.6241 0.4958
vt 0.6237 0.4962
vt 0.6941 0.4962
vt 0.6941 0.4958
vt 0.6941 0.5327
vt 0.6241 0.5327
vt 0.6241 0.5331
vt 0.6941 0.5331
vt 0.6237 0.5327
vt 0.2461 0.0956
vt 0.2528 0.0956
vt 0.2528 0.0953
vt 0.2461 0.0953
vt 0.2457 0.0956
vt 0.6945 0.5327
vt 0.6945 0.4962
vt 0.6941 0.4876
vt 0.6527 0.3182
vt 0.6162 0.3182
vt 0.6162 0.3115
vt 0.6527 0.3115
vt 0.8976 0.0486
vt 0.8976 0.0851
vt 0.8972 0.0851
vt 0.8972 0.0486
vt 0.8471 0.7772
vt 0.8471 0.7768
vt 0.8475 0.7768
vt 0.8404 0.7772
vt 0.8404 0.7768
vt 0.8400 0.7768
vt 0.5485 0.8362
vt 0.5485 0.8727
vt 0.5489 0.8727
vt 0.5489 0.8362
vt 0.8429 0.2006
vt 0.8429 0.2010
vt 0.8433 0.2010
vt 0.8362 0.2006
vt 0.8362 0.2010
vt 0.8972 0.0483
vt 0.8272 0.0483
vt 0.8272 0.0486
vt 0.8471 0.7069
vt 0.8475 0.7069
vt 0.8404 0.7065
vt 0.8471 0.7065
vt 0.8404 0.7069
vt 0.8268 0.0851
vt 0.8268 0.0486
vt 0.8272 0.0851
vt 0.8400 0.7069
vt 0.2728 0.6425
vt 0.2363 0.6425
vt 0.2363 0.6429
vt 0.2728 0.6429
vt 0.8429 0.2709
vt 0.8433 0.2709
vt 0.2732 0.6425
vt 0.6189 0.8362
vt 0.6189 0.8727
vt 0.0415 0.5499
vt 0.0050 0.5499
vt 0.0050 0.5432
vt 0.0415 0.5432
vt 0.0757 0.3492
vt 0.0757 0.3856
vt 0.0754 0.3856
vt 0.0754 0.3492
vt 0.3412 0.0757
vt 0.3412 0.0754
vt 0.3416 0.0754
vt 0.3345 0.0757
vt 0.3345 0.0754
vt 0.3341 0.0754
vt 0.0050 0.5429
vt 0.0415 0.5429
vt 0.3525 0.1818
vt 0.3525 0.1822
vt 0.3528 0.1822
vt 0.3458 0.1818
vt 0.3458 0.1822
vt 0.3454 0.1822
vt 0.3458 0.2521
vt 0.3454 0.2521
vt 0.3412 0.0054
vt 0.3416 0.0054
vt 0.3345 0.0050
vt 0.3412 0.0050
vt 0.3345 0.0054
vt 0.0050 0.3856
vt 0.0050 0.3492
vt 0.0054 0.3492
vt 0.0054 0.3856
vt 0.3458 0.2525
vt 0.3341 0.0054
vt 0.4195 0.0415
vt 0.4195 0.0050
vt 0.4191 0.0050
vt 0.4191 0.0415
vt 0.3492 0.0419
vt 0.4191 0.0419
vt 0.3492 0.0415
vt 0.3492 0.0050
vn 0.0000 1.0000 0.0000
vn 0.7388 0.4765 0.4765
vn 0.7388 0.4765 -0.4765
vn 0.4765 0.7388 -0.4765
vn 0.4765 0.7388 0.4765
vn 0.7388 -0.4765 -0.4765
vn 0.6739 -0.3029 -0.6739
vn 0.4765 0.4765 -0.7388
vn 0.6739 -0.6739 -0.3029
vn 0.7388 -0.4765 0.4765
vn 0.4765 -0.7388 0.4765
vn 0.4765 -0.4765 0.7388
vn -0.4765 -0.4765 0.7388
vn -0.4765 -0.7388 0.4765
vn -0.4765 0.4765 0.7388
vn 0.4765 0.4765 0.7388
vn -0.4765 0.7388 0.4765
vn -0.7388 0.4765 0.4765
vn -0.7388 -0.4765 0.4765
vn -0.7388 -0.4765 -0.4765
vn -0.7388 0.4765 -0.4765
vn -0.4765 0.4765 -0.7388
vn -0.6739 -0.3029 -0.6739
vn -0.4765 0.7388 -0.4765
vn -0.6739 -0.6739 -0.3029
vn 1.0000 0.0000 0.0000
vn 0.0000 -0.0000 1.0000
vn -1.0000 0.0000 0.0000
vn 0.7389 0.4765 0.4764
vn 0.7389 0.4765 -0.4764
vn 0.7390 -0.4765 -0.4763
vn 0.6741 -0.3030 -0.6736
vn 0.4766 0.4765 -0.7388
vn 0.6739 -0.6739 -0.3027
vn 0.7390 -0.4765 0.4763
vn 0.4766 -0.7390 0.4762
vn 0.4767 -0.4768 0.7385
vn -0.4767 -0.4768 0.7386
vn -0.4766 -0.7390 0.4762
vn -0.4766 0.4765 0.7388
vn 0.4766 0.4765 0.7388
vn -0.7389 0.4765 0.4764
vn -0.7390 -0.4766 0.4763
vn -0.7390 -0.4766 -0.4763
vn -0.7389 0.4765 -0.4764
vn -0.4766 0.4765 -0.7388
vn -0.6741 -0.3030 -0.6736
vn -0.6739 -0.6739 -0.3027
usemtl FrontColor
s 1
f 1/1/1 2/2/1 3/3/1 4/4/1
s 2
f 5/5/2 6/6/3 2/7/4 1/8/5
f 6/6/3 7/9/6 8/10/7 9/11/8
f 7/9/6 10/12/9 8/10/7
f 7/9/6 11/13/10 12/14/11 10/12/9
f 13/15/12 12/14/11 11/13/10
f 13/16/12 14/17/13 15/18/14 12/19/11
f 16/20/15 17/21/16 1/22/5 4/23/17
f 17/24/16 5/5/2 1/8/5
f 17/24/16 13/15/12 11/13/10 5/5/2
f 18/25/18 16/26/15 4/27/17
f 18/25/18 19/28/19 14/29/13 16/26/15
f 20/30/20 21/31/21 22/32/22 23/33/23
f 21/31/21 3/34/24 22/32/22
f 21/31/21 18/25/18 4/27/17 3/34/24
f 9/35/8 22/36/22 3/3/24 2/2/4
f 6/6/3 9/11/8 2/7/4
f 20/30/20 23/33/23 24/37/25
f 19/28/19 20/30/20 24/37/25 15/38/14
f 19/28/19 15/38/14 14/29/13
s 3
f 7/9/26 6/6/26 5/5/26 11/13/26
s 4
f 17/21/27 16/20/27 14/17/27 13/16/27
s 5
f 21/31/28 20/30/28 19/28/28 18/25/28
s 6
f 25/39/1 26/40/1 27/41/1 28/42/1
s 7
f 26/40/4 25/39/5 29/43/2 30/44/3
f 25/45/5 31/46/16 29/47/2
f 25/45/5 28/48/17 32/49/15 31/46/16
f 28/48/17 33/50/18 32/49/15
f 28/42/17 27/41/24 34/51/21 33/52/18
f 27/53/24 35/54/22 34/55/21
f 27/53/24 26/56/4 36/57/8 35/54/22
f 36/57/8 26/56/4 30/58/3
f 37/59/7 36/57/8 30/58/3 38/60/6
f 31/46/16 39/61/12 40/62/10 29/47/2
f 41/63/14 42/64/11 39/61/12 43/65/13
f 39/61/12 42/64/11 40/62/10
f 42/66/11 44/67/9 38/68/6 40/69/10
f 44/70/9 37/59/7 38/60/6
f 45/71/19 41/63/14 43/65/13
f 46/72/25 41/73/14 45/74/19 47/75/20
f 33/50/18 45/71/19 43/65/13 32/49/15
f 35/76/22 48/77/23 47/75/20 34/78/21
f 48/77/23 46/72/25 47/75/20
s 8
f 29/79/26 40/69/26 38/68/26 30/80/26
s 9
f 43/65/27 39/61/27 31/46/27 32/49/27
s 10
f 45/74/28 33/81/28 34/78/28 47/75/28
s 11
f 49/82/1 50/83/1 51/84/1 52/85/1
s 12
f 50/83/4 49/82/5 53/86/2 54/87/3
f 49/88/5 55/89/16 53/90/2
f 49/88/5 52/91/17 56/92/15 55/89/16
f 52/91/17 57/93/18 56/92/15
f 52/85/17 51/84/24 58/94/21 57/95/18
f 51/96/24 59/97/22 58/98/21
f 51/96/24 50/99/4 60/100/8 59/97/22
f 60/100/8 50/99/4 54/101/3
f 61/102/7 60/100/8 54/101/3 62/103/6
f 55/89/16 63/104/12 64/105/10 53/90/2
f 65/106/14 66/107/11 63/104/12 67/108/13
f 63/104/12 66/107/11 64/105/10
f 66/109/11 68/110/9 62/111/6 64/112/10
f 68/113/9 61/102/7 62/103/6
f 69/114/19 65/106/14 67/108/13
f 70/115/25 65/116/14 69/117/19 71/118/20
f 57/93/18 69/114/19 67/108/13 56/92/15
f 59/119/22 72/120/23 71/118/20 58/121/21
f 72/120/23 70/115/25 71/118/20
s 13
f 53/122/26 64/123/26 62/124/26 54/125/26
s 14
f 67/108/27 63/104/27 55/89/27 56/92/27
s 15
f 69/117/28 57/126/28 58/121/28 71/118/28
s 16
f 73/127/1 74/128/1 75/129/1 76/130/1
s 17
f 77/131/2 78/132/3 74/133/4 73/134/5
f 78/132/3 79/135/6 80/136/7 81/137/8
f 79/138/6 82/139/9 80/140/7
f 79/138/6 83/141/10 84/142/11 82/139/9
f 85/143/12 84/142/11 83/141/10
f 85/143/12 86/144/13 87/145/14 84/142/11
f 88/146/15 89/147/16 73/148/5 76/149/17
f 89/150/16 77/131/2 73/134/5
f 89/150/16 85/151/12 83/152/10 77/131/2
f 90/153/18 88/154/15 76/155/17
f 90/153/18 91/156/19 86/157/13 88/154/15
f 92/158/20 93/159/21 94/160/22 95/161/23
f 93/159/21 75/162/24 94/160/22
f 93/159/21 90/153/18 76/155/17 75/162/24
f 81/163/8 94/164/22 75/129/24 74/128/4
f 78/132/3 81/137/8 74/133/4
f 92/158/20 95/161/23 96/165/25
f 91/156/19 92/158/20 96/165/25 87/166/14
f 91/156/19 87/166/14 86/157/13
s 18
f 79/135/26 78/132/26 77/131/26 83/152/26
s 19
f 89/147/27 88/146/27 86/167/27 85/168/27
s 20
f 93/159/28 92/158/28 91/156/28 90/153/28
s 21
f 97/169/1 98/170/1 99/171/1 100/172/1
s 22
f 98/170/4 97/169/5 101/173/2 102/174/3
f 97/175/5 103/176/16 101/177/2
f 97/175/5 100/178/17 104/179/15 103/176/16
f 100/178/17 105/180/18 104/179/15
f 100/172/17 99/171/24 106/181/21 105/182/18
f 99/183/24 107/184/22 106/185/21
f 99/183/24 98/186/4 108/187/8 107/184/22
f 108/187/8 98/186/4 102/188/3
f 109/189/7 108/187/8 102/188/3 110/190/6
f 103/176/16 111/191/12 112/192/10 101/177/2
f 113/193/14 114/194/11 111/191/12 115/195/13
f 111/191/12 114/194/11 112/192/10
f 114/196/11 116/197/9 110/198/6 112/199/10
f 116/200/9 109/189/7 110/190/6
f 117/201/19 113/193/14 115/195/13
f 118/202/25 113/203/14 117/204/19 119/205/20
f 105/180/18 117/201/19 115/195/13 104/179/15
f 107/206/22 120/207/23 119/205/20 106/208/21
f 120/207/23 118/202/25 119/205/20
s 23
f 101/209/26 112/199/26 110/198/26 102/210/26
s 24
f 115/195/27 111/191/27 103/176/27 104/179/27
s 25
f 117/204/28 105/211/28 106/208/28 119/205/28
s 26
f 121/212/1 122/213/1 123/214/1 124/215/1
s 27
f 122/216/4 121/217/5 125/218/2 126/219/3
f 121/220/5 127/221/16 125/222/2
f 121/220/5 124/223/17 128/224/15 127/221/16
f 124/223/17 129/225/18 128/224/15
f 124/226/17 123/227/24 130/228/21 129/229/18
f 123/227/24 131/230/22 130/228/21
f 123/231/24 122/232/4 132/233/8 131/234/22
f 132/233/8 122/232/4 126/235/3
f 133/236/7 132/233/8 126/235/3 134/237/6
f 127/221/16 135/238/12 136/239/10 125/222/2
f 137/240/14 138/241/11 135/238/12 139/242/13
f 135/238/12 138/241/11 136/239/10
f 138/243/11 140/244/9 134/245/6 136/246/10
f 140/247/9 133/236/7 134/237/6
f 141/248/19 137/240/14 139/242/13
f 142/249/25 137/250/14 141/251/19 143/252/20
f 129/225/18 141/248/19 139/242/13 128/224/15
f 131/230/22 144/253/23 143/252/20 130/228/21
f 144/253/23 142/249/25 143/252/20
s 28
f 125/218/26 136/246/26 134/245/26 126/219/26
s 29
f 139/242/27 135/238/27 127/221/27 128/224/27
s 30
f 141/251/28 129/229/28 130/228/28 143/252/28
s 31
f 145/254/1 146/255/1 147/256/1 148/257/1
s 32
f 146/255/4 145/254/5 149/258/2 150/259/3
f 145/260/5 151/261/16 149/262/2
f 145/260/5 148/263/17 152/264/15 151/261/16
f 148/265/17 153/266/18 152/267/15
f 148/265/17 147/268/24 154/269/21 153/266/18
f 147/268/24 155/270/22 154/269/21
f 147/271/24 146/272/4 156/273/8 155/274/22
f 156/273/8 146/272/4 150/275/3
f 157/276/7 156/273/8 150/275/3 158/277/6
f 151/261/16 159/278/12 160/279/10 149/262/2
f 161/280/14 162/281/11 159/278/12 163/282/13
f 159/278/12 162/281/11 160/279/10
f 162/283/11 164/284/9 158/285/6 160/286/10
f 164/287/9 157/276/7 158/277/6
f 165/288/19 161/289/14 163/290/13
f 166/291/25 161/289/14 165/288/19 167/292/20
f 153/266/18 165/288/19 163/290/13 152/267/15
f 155/270/22 168/293/23 167/292/20 154/269/21
f 168/293/23 166/291/25 167/292/20
s 33
f 149/294/26 160/286/26 158/285/26 150/295/26
s 34
f 163/282/27 159/278/27 151/261/27 152/264/27
s 35
f 165/288/28 153/266/28 154/269/28 167/292/28
s 36
f 169/296/1 170/297/1 171/298/1 172/299/1
s 37
f 170/300/4 169/301/5 173/302/2 174/303/3
f 169/304/5 175/305/16 173/306/2
f 169/304/5 172/307/17 176/308/15 175/305/16
f 172/307/17 177/309/18 176/308/15
f 172/310/17 171/311/24 178/312/21 177/313/18
f 171/311/24 179/314/22 178/312/21
f 171/315/24 170/316/4 180/317/8 179/318/22
f 180/317/8 170/316/4 174/319/3
f 181/320/7 180/317/8 174/319/3 182/321/6
f 175/305/16 183/322/12 184/323/10 173/306/2
f 185/324/14 186/325/11 183/322/12 187/326/13
f 183/322/12 186/325/11 184/323/10
f 186/327/11 188/328/9 182/329/6 184/330/10
f 188/331/9 181/320/7 182/321/6
f 189/332/19 185/324/14 187/326/13
f 190/333/25 185/334/14 189/335/19 191/336/20
f 177/309/18 189/332/19 187/326/13 176/308/15
f 179/314/22 192/337/23 191/336/20 178/312/21
f 192/337/23 190/333/25 191/336/20
s 38
f 173/302/26 184/330/26 182/329/26 174/303/26
s 39
f 187/326/27 183/322/27 175/305/27 176/308/27
s 40
f 189/335/28 177/313/28 178/312/28 191/336/28
s 41
f 193/338/1 194/339/1 195/340/1 196/341/1
s 42
f 194/339/4 193/338/5 197/342/2 198/343/3
f 193/344/5 199/345/16 197/346/2
f 193/344/5 196/347/17 200/348/15 199/345/16
f 196/349/17 201/350/18 200/351/15
f 196/349/17 195/352/24 202/353/21 201/350/18
f 195/352/24 203/354/22 202/353/21
f 195/355/24 194/356/4 204/357/8 203/358/22
f 204/357/8 194/356/4 198/359/3
f 205/360/7 204/357/8 198/359/3 206/361/6
f 199/345/16 207/362/12 208/363/10 197/346/2
f 209/364/14 210/365/11 207/362/12 211/366/13
f 207/362/12 210/365/11 208/363/10
f 210/367/11 212/368/9 206/369/6 208/370/10
f 212/371/9 205/360/7 206/361/6
f 213/372/19 209/373/14 211/374/13
f 214/375/25 209/373/14 213/372/19 215/376/20
f 201/350/18 213/372/19 211/374/13 200/351/15
f 203/354/22 216/377/23 215/376/20 202/353/21
f 216/377/23 214/375/25 215/376/20
s 43
f 197/378/26 208/379/26 206/380/26 198/381/26
s 44
f 211/366/27 207/362/27 199/345/27 200/348/27
s 45
f 213/372/28 201/350/28 202/353/28 215/376/28
s 46
f 217/382/1 218/383/1 219/384/1 220/385/1
s 47
f 221/386/2 222/387/3 218/383/4 217/382/5
f 222/388/3 223/389/6 224/390/7 225/391/8
f 223/392/6 226/393/9 224/394/7
f 223/392/6 227/395/10 228/396/11 226/393/9
f 229/397/12 228/396/11 227/395/10
f 229/397/12 230/398/13 231/399/14 228/396/11
f 232/400/15 233/401/16 217/382/5 220/385/17
f 233/401/16 221/386/2 217/382/5
f 233/402/16 229/403/12 227/404/10 221/405/2
f 234/406/18 232/407/15 220/408/17
f 234/406/18 235/409/19 230/410/13 232/407/15
f 236/411/20 237/412/21 238/413/22 239/414/23
f 237/412/21 219/415/24 238/413/22
f 237/412/21 234/406/18 220/408/17 219/415/24
f 225/391/8 238/416/22 219/417/24 218/418/4
f 222/388/3 225/391/8 218/418/4
f 236/411/20 239/414/23 240/419/25
f 235/409/19 236/411/20 240/419/25 231/420/14
f 235/409/19 231/420/14 230/410/13
s 48
f 223/421/26 222/422/26 221/423/26 227/424/26
s 49
f 233/402/27 232/425/27 230/426/27 229/403/27
s 50
f 237/412/28 236/411/28 235/409/28 234/406/28
s 51
f 241/427/1 242/428/1 243/429/1 244/430/1
s 52
f 245/431/2 246/432/3 242/433/4 241/434/5
f 246/432/3 247/435/6 248/436/7 249/437/8
f 247/435/6 250/438/9 248/436/7
f 247/435/6 251/439/10 252/440/11 250/438/9
f 253/441/12 252/442/11 251/443/10
f 253/441/12 254/444/13 255/445/14 252/442/11
f 256/446/15 257/447/16 241/448/5 244/449/17
f 257/447/16 245/450/2 241/448/5
f 257/447/16 253/441/12 251/443/10 245/450/2
f 258/451/18 256/446/15 244/449/17
f 258/451/18 259/452/19 254/444/13 256/446/15
f 260/453/20 261/454/21 262/455/22 263/456/23
f 261/454/21 243/457/24 262/455/22
f 261/458/21 258/459/18 244/460/17 243/461/24
f 249/462/8 262/455/22 243/457/24 242/463/4
f 246/432/3 249/437/8 242/433/4
f 260/453/20 263/456/23 264/464/25
f 259/465/19 260/466/20 264/467/25 255/468/14
f 259/452/19 255/445/14 254/444/13
s 53
f 247/435/26 246/432/26 245/431/26 251/439/26
s 54
f 257/447/27 256/446/27 254/444/27 253/441/27
s 55
f 261/458/28 260/466/28 259/465/28 258/459/28
s 56
f 265/469/1 266/470/1 267/471/1 268/472/1
s 57
f 269/473/2 270/474/3 266/470/4 265/469/5
f 270/475/3 271/476/6 272/477/7 273/478/8
f 271/479/6 274/480/9 272/481/7
f 271/479/6 275/482/10 276/483/11 274/480/9
f 277/484/12 276/483/11 275/482/10
f 277/484/12 278/485/13 279/486/14 276/483/11
f 280/487/15 281/488/16 265/469/5 268/472/17
f 281/488/16 269/473/2 265/469/5
f 281/489/16 277/490/12 275/491/10 269/492/2
f 282/493/18 280/487/15 268/472/17
f 282/494/18 283/495/19 278/496/13 280/497/15
f 284/498/20 285/499/21 286/500/22 287/501/23
f 285/502/21 267/471/24 286/503/22
f 285/502/21 282/493/18 268/472/17 267/471/24
f 273/504/8 286/503/22 267/471/24 266/470/4
f 270/474/3 273/504/8 266/470/4
f 284/498/20 287/501/23 288/505/25
f 283/506/19 284/498/20 288/505/25 279/507/14
f 283/508/19 279/486/14 278/485/13
s 58
f 271/476/26 270/475/26 269/509/26 275/510/26
s 59
f 281/489/27 280/497/27 278/496/27 277/490/27
s 60
f 285/499/28 284/498/28 283/506/28 282/511/28
s 61
f 289/512/1 290/513/1 291/514/1 292/515/1
s 62
f 290/516/4 289/517/5 293/518/2 294/519/3
f 289/517/5 295/520/16 293/518/2
f 289/521/5 292/522/17 296/523/15 295/524/16
f 292/525/17 297/526/18 296/527/15
f 292/525/17 291/528/24 298/529/21 297/526/18
f 291/528/24 299/530/22 298/529/21
f 291/514/24 290/513/4 300/531/8 299/532/22
f 300/533/8 290/516/4 294/519/3
f 301/534/7 300/533/8 294/519/3 302/535/6
f 295/520/16 303/536/12 304/537/10 293/518/2
f 305/538/14 306/539/11 303/540/12 307/541/13
f 303/536/12 306/542/11 304/537/10
f 306/542/11 308/543/9 302/535/6 304/537/10
f 308/543/9 301/534/7 302/535/6
f 309/544/19 305/545/14 307/546/13
f 310/547/25 305/545/14 309/544/19 311/548/20
f 297/526/18 309/544/19 307/546/13 296/527/15
f 299/530/22 312/549/23 311/548/20 298/529/21
f 312/549/23 310/547/25 311/548/20
s 63
f 293/518/26 304/537/26 302/535/26 294/519/26
s 64
f 307/541/27 303/540/27 295/524/27 296/523/27
s 65
f 309/544/28 297/526/28 298/529/28 311/548/28
s 66
f 313/550/1 314/551/1 315/552/1 316/553/1
s 67
f 314/554/4 313/555/5 317/556/2 318/557/3
f 313/558/5 319/559/16 317/560/2
f 313/558/5 316/561/17 320/562/15 319/559/16
f 316/561/17 321/563/18 320/562/15
f 316/564/17 315/565/24 322/566/21 321/567/18
f 315/565/24 323/568/22 322/566/21
f 315/552/24 314/551/4 324/569/8 323/570/22
f 324/571/8 314/554/4 318/557/3
f 325/572/7 324/571/8 318/557/3 326/573/6
f 319/559/16 327/574/12 328/575/10 317/560/2
f 329/576/14 330/577/11 327/574/12 331/578/13
f 327/574/12 330/577/11 328/575/10
f 330/579/11 332/580/9 326/573/6 328/581/10
f 332/580/9 325/572/7 326/573/6
f 333/582/19 329/576/14 331/578/13
f 334/583/25 329/584/14 333/585/19 335/586/20
f 321/563/18 333/582/19 331/578/13 320/562/15
f 323/568/22 336/587/23 335/586/20 322/566/21
f 336/587/23 334/583/25 335/586/20
s 68
f 317/556/26 328/581/26 326/573/26 318/557/26
s 69
f 331/578/27 327/574/27 319/559/27 320/562/27
s 70
f 333/585/28 321/567/28 322/566/28 335/586/28
s 71
f 337/588/1 338/589/1 339/590/1 340/591/1
s 72
f 341/592/2 342/593/3 338/594/4 337/595/5
f 342/593/3 343/596/6 344/597/7 345/598/8
f 343/596/6 346/599/9 344/597/7
f 343/596/6 347/600/10 348/601/11 346/599/9
f 349/602/12 348/601/11 347/600/10
f 349/603/12 350/604/13 351/605/14 348/606/11
f 352/607/15 353/608/16 337/609/5 340/610/17
f 353/611/16 341/592/2 337/595/5
f 353/611/16 349/602/12 347/600/10 341/592/2
f 354/612/18 352/613/15 340/614/17
f 354/612/18 355/615/19 350/616/13 352/613/15
f 356/617/20 357/618/21 358/619/22 359/620/23
f 357/618/21 339/621/24 358/619/22
f 357/618/21 354/612/18 340/614/17 339/621/24
f 345/622/8 358/623/22 339/590/24 338/589/4
f 342/593/3 345/598/8 338/594/4
f 356/617/20 359/620/23 360/624/25
f 355/615/19 356/617/20 360/624/25 351/625/14
f 355/615/19 351/625/14 350/616/13
s 73
f 343/596/26 342/593/26 341/592/26 347/600/26
s 74
f 353/608/27 352/607/27 350/604/27 349/603/27
s 75
f 357/618/28 356/617/28 355/615/28 354/612/28
s 76
f 361/626/1 362/627/1 363/628/1 364/629/1
s 77
f 365/630/2 366/631/3 362/627/4 361/626/5
f 366/632/3 367/633/6 368/634/7 369/635/8
f 367/636/6 370/637/9 368/638/7
f 367/636/6 371/639/10 372/640/11 370/637/9
f 373/641/12 372/640/11 371/639/10
f 373/641/12 374/642/13 375/643/14 372/640/11
f 376/644/15 377/645/16 361/626/5 364/629/17
f 377/645/16 365/630/2 361/626/5
f 377/646/16 373/647/12 371/648/10 365/649/2
f 378/650/18 376/651/15 364/652/17
f 378/650/18 379/653/19 374/654/13 376/651/15
f 380/655/20 381/656/21 382/657/22 383/658/23
f 381/656/21 363/659/24 382/657/22
f 381/656/21 378/650/18 364/652/17 363/659/24
f 369/660/8 382/661/22 363/628/24 362/627/4
f 366/631/3 369/660/8 362/627/4
f 380/655/20 383/658/23 384/662/25
f 379/653/19 380/655/20 384/662/25 375/663/14
f 379/653/19 375/663/14 374/654/13
s 78
f 367/633/26 366/632/26 365/664/26 371/665/26
s 79
f 377/646/27 376/666/27 374/667/27 373/647/27
s 80
f 381/656/28 380/655/28 379/653/28 378/650/28
s 81
f 385/668/1 386/669/1 387/670/1 388/671/1
s 82
f 386/672/4 385/673/5 389/674/2 390/675/3
f 385/673/5 391/676/16 389/674/2
f 385/677/5 388/678/17 392/679/15 391/680/16
f 388/678/17 393/681/18 392/679/15
f 388/682/17 387/683/24 394/684/21 393/685/18
f 387/686/24 395/687/22 394/688/21
f 387/686/24 386/689/4 396/690/8 395/687/22
f 396/691/8 386/672/4 390/675/3
f 397/692/7 396/691/8 390/675/3 398/693/6
f 391/676/16 399/694/12 400/695/10 389/674/2
f 401/696/14 402/697/11 399/698/12 403/699/13
f 399/694/12 402/700/11 400/695/10
f 402/700/11 404/701/9 398/693/6 400/695/10
f 404/701/9 397/692/7 398/693/6
f 405/702/19 401/696/14 403/699/13
f 406/703/25 401/704/14 405/705/19 407/706/20
f 393/681/18 405/702/19 403/699/13 392/679/15
f 395/687/22 408/707/23 407/708/20 394/688/21
f 408/709/23 406/703/25 407/706/20
s 83
f 389/674/26 400/695/26 398/693/26 390/675/26
s 84
f 403/699/27 399/698/27 391/680/27 392/679/27
s 85
f 405/710/28 393/685/28 394/684/28 407/711/28
s 86
f 409/712/1 410/713/1 411/714/1 412/715/1
s 87
f 410/716/4 409/717/5 413/718/2 414/719/3
f 409/717/5 415/720/16 413/718/2
f 409/721/5 412/722/17 416/723/15 415/724/16
f 412/722/17 417/725/18 416/723/15
f 412/726/17 411/727/24 418/728/21 417/729/18
f 411/727/24 419/730/22 418/728/21
f 411/714/24 410/713/4 420/731/8 419/732/22
f 420/733/8 410/716/4 414/719/3
f 421/734/7 420/733/8 414/719/3 422/735/6
f 415/720/16 423/736/12 424/737/10 413/718/2
f 425/738/14 426/739/11 423/740/12 427/741/13
f 423/736/12 426/742/11 424/737/10
f 426/742/11 428/743/9 422/735/6 424/737/10
f 428/743/9 421/734/7 422/735/6
f 429/744/19 425/738/14 427/741/13
f 430/745/25 425/746/14 429/747/19 431/748/20
f 417/725/18 429/744/19 427/741/13 416/723/15
f 419/730/22 432/749/23 431/750/20 418/728/21
f 432/751/23 430/745/25 431/748/20
s 88
f 413/718/26 424/737/26 422/735/26 414/719/26
s 89
f 427/741/27 423/740/27 415/724/27 416/723/27
s 90
f 429/752/28 417/729/28 418/728/28 431/750/28
s 91
f 433/753/1 434/754/1 435/755/1 436/756/1
s 92
f 434/754/4 433/753/5 437/757/2 438/758/3
f 433/759/5 439/760/16 437/761/2
f 433/759/5 436/762/17 440/763/15 439/760/16
f 436/764/17 441/765/18 440/766/15
f 436/764/17 435/767/24 442/768/21 441/765/18
f 435/767/24 443/769/22 442/768/21
f 435/770/24 434/771/4 444/772/8 443/773/22
f 444/772/8 434/771/4 438/774/3
f 445/775/7 444/772/8 438/774/3 446/776/6
f 439/760/16 447/777/12 448/778/10 437/761/2
f 449/779/14 450/780/11 447/777/12 451/781/13
f 447/777/12 450/780/11 448/778/10
f 450/782/11 452/783/9 446/784/6 448/785/10
f 452/786/9 445/775/7 446/776/6
f 453/787/19 449/788/14 451/789/13
f 454/790/25 449/788/14 453/787/19 455/791/20
f 441/765/18 453/787/19 451/789/13 440/766/15
f 443/769/22 456/792/23 455/791/20 442/768/21
f 456/792/23 454/790/25 455/791/20
s 93
f 437/793/26 448/785/26 446/784/26 438/794/26
s 94
f 451/781/27 447/777/27 439/760/27 440/763/27
s 95
f 453/787/28 441/765/28 442/768/28 455/791/28
s 96
f 457/795/1 458/796/1 459/797/1 460/798/1
s 97
f 458/799/4 457/800/5 461/801/2 462/802/3
f 457/803/5 463/804/16 461/805/2
f 457/803/5 460/806/17 464/807/15 463/804/16
f 460/806/17 465/808/18 464/807/15
f 460/809/17 459/810/24 466/811/21 465/812/18
f 459/813/24 467/814/22 466/815/21
f 459/813/24 458/816/4 468/817/8 467/814/22
f 468/818/8 458/799/4 462/802/3
f 469/819/7 468/818/8 462/802/3 470/820/6
f 463/804/16 471/821/12 472/822/10 461/805/2
f 473/823/14 474/824/11 471/821/12 475/825/13
f 471/821/12 474/824/11 472/822/10
f 474/826/11 476/827/9 470/820/6 472/828/10
f 476/827/9 469/819/7 470/820/6
f 477/829/19 473/823/14 475/825/13
f 478/830/25 473/831/14 477/832/19 479/833/20
f 465/808/18 477/829/19 475/825/13 464/807/15
f 467/814/22 480/834/23 479/835/20 466/815/21
f 480/836/23 478/830/25 479/833/20
s 98
f 461/801/26 472/828/26 470/820/26 462/802/26
s 99
f 475/825/27 471/821/27 463/804/27 464/807/27
s 100
f 477/837/28 465/812/28 466/811/28 479/838/28
s 101
f 481/839/1 482/840/1 483/841/1 484/842/1
s 102
f 482/843/4 481/844/5 485/845/2 486/846/3
f 481/847/5 487/848/16 485/849/2
f 481/847/5 484/850/17 488/851/15 487/848/16
f 484/850/17 489/852/18 488/851/15
f 484/853/17 483/854/24 490/855/21 489/856/18
f 483/854/24 491/857/22 490/855/21
f 483/858/24 482/859/4 492/860/8 491/861/22
f 492/860/8 482/859/4 486/862/3
f 493/863/7 492/860/8 486/862/3 494/864/6
f 487/848/16 495/865/12 496/866/10 485/849/2
f 497/867/14 498/868/11 495/865/12 499/869/13
f 495/865/12 498/868/11 496/866/10
f 498/870/11 500/871/9 494/872/6 496/873/10
f 500/874/9 493/863/7 494/864/6
f 501/875/19 497/867/14 499/869/13
f 502/876/25 497/877/14 501/878/19 503/879/20
f 489/852/18 501/875/19 499/869/13 488/851/15
f 491/857/22 504/880/23 503/879/20 490/855/21
f 504/880/23 502/876/25 503/879/20
s 103
f 485/845/26 496/873/26 494/872/26 486/846/26
s 104
f 499/869/27 495/865/27 487/848/27 488/851/27
s 105
f 501/878/28 489/856/28 490/855/28 503/879/28
s 106
f 505/881/1 506/882/1 507/883/1 508/884/1
s 107
f 506/882/4 505/881/5 509/885/2 510/886/3
f 505/887/5 511/888/16 509/889/2
f 505/887/5 508/890/17 512/891/15 511/888/16
f 508/890/17 513/892/18 512/891/15
f 508/884/17 507/883/24 514/893/21 513/894/18
f 507/895/24 515/896/22 514/897/21
f 507/895/24 506/898/4 516/899/8 515/896/22
f 516/899/8 506/898/4 510/900/3
f 517/901/7 516/899/8 510/900/3 518/902/6
f 511/888/16 519/903/12 520/904/10 509/889/2
f 521/905/14 522/906/11 519/903/12 523/907/13
f 519/903/12 522/906/11 520/904/10
f 522/908/11 524/909/9 518/910/6 520/911/10
f 524/912/9 517/901/7 518/902/6
f 525/913/19 521/905/14 523/907/13
f 526/914/25 521/915/14 525/916/19 527/917/20
f 513/892/18 525/913/19 523/907/13 512/891/15
f 515/896/22 528/918/23 527/919/20 514/897/21
f 528/920/23 526/914/25 527/917/20
s 108
f 509/921/26 520/922/26 518/923/26 510/924/26
s 109
f 523/907/27 519/903/27 511/888/27 512/891/27
s 110
f 525/925/28 513/926/28 514/927/28 527/928/28
s 111
f 529/929/1 530/930/1 531/931/1 532/932/1
s 112
f 530/930/4 529/929/5 533/933/2 534/934/3
f 529/935/5 535/936/16 533/937/2
f 529/935/5 532/938/17 536/939/15 535/936/16
f 532/938/17 537/940/18 536/939/15
f 532/932/17 531/931/24 538/941/21 537/942/18
f 531/943/24 539/944/22 538/945/21
f 531/943/24 530/946/4 540/947/8 539/944/22
f 540/947/8 530/946/4 534/948/3
f 541/949/7 540/947/8 534/948/3 542/950/6
f 535/936/16 543/951/12 544/952/10 533/937/2
f 545/953/14 546/954/11 543/951/12 547/955/13
f 543/951/12 546/954/11 544/952/10
f 546/956/11 548/957/9 542/958/6 544/959/10
f 548/960/9 541/949/7 542/950/6
f 549/961/19 545/953/14 547/955/13
f 550/962/25 545/963/14 549/964/19 551/965/20
f 537/940/18 549/961/19 547/955/13 536/939/15
f 539/966/22 552/967/23 551/965/20 538/968/21
f 552/967/23 550/962/25 551/965/20
s 113
f 533/969/26 544/959/26 542/958/26 534/970/26
s 114
f 547/955/27 543/951/27 535/936/27 536/939/27
s 115
f 549/964/28 537/971/28 538/968/28 551/965/28
s 116
f 553/972/1 554/973/1 555/974/1 556/975/1
s 117
f 554/976/4 553/977/5 557/978/2 558/979/3
f 553/977/5 559/980/16 557/978/2
f 553/981/5 556/982/17 560/983/15 559/984/16
f 556/985/17 561/986/18 560/987/15
f 556/985/17 555/988/24 562/989/21 561/986/18
f 555/988/24 563/990/22 562/989/21
f 555/974/24 554/973/4 564/991/8 563/992/22
f 564/993/8 554/976/4 558/979/3
f 565/994/7 564/993/8 558/979/3 566/995/6
f 559/980/16 567/996/12 568/997/10 557/978/2
f 569/998/14 570/999/11 567/1000/12 571/1001/13
f 567/996/12 570/1002/11 568/997/10
f 570/1002/11 572/1003/9 566/995/6 568/997/10
f 572/1003/9 565/994/7 566/995/6
f 573/1004/19 569/1005/14 571/1006/13
f 574/1007/25 569/1005/14 573/1004/19 575/1008/20
f 561/986/18 573/1004/19 571/1006/13 560/987/15
f 563/990/22 576/1009/23 575/1008/20 562/989/21
f 576/1009/23 574/1007/25 575/1008/20
s 118
f 557/978/26 568/997/26 566/995/26 558/979/26
s 119
f 571/1001/27 567/1000/27 559/984/27 560/983/27
s 120
f 573/1004/28 561/986/28 562/989/28 575/1008/28
s 121
f 577/1010/1 578/1011/1 579/1012/1 580/1013/1
s 122
f 578/1014/4 577/1015/5 581/1016/2 582/1017/3
f 577/1018/5 583/1019/16 581/1020/2
f 577/1018/5 580/1021/17 584/1022/15 583/1019/16
f 580/1021/17 585/1023/18 584/1022/15
f 580/1024/17 579/1025/24 586/1026/21 585/1027/18
f 579/1028/24 587/1029/22 586/1030/21
f 579/1028/24 578/1031/4 588/1032/8 587/1029/22
f 588/1033/8 578/1014/4 582/1017/3
f 589/1034/7 588/1033/8 582/1017/3 590/1035/6
f 583/1019/16 591/1036/12 592/1037/10 581/1020/2
f 593/1038/14 594/1039/11 591/1036/12 595/1040/13
f 591/1036/12 594/1039/11 592/1037/10
f 594/1041/11 596/1042/9 590/1035/6 592/1043/10
f 596/1042/9 589/1034/7 590/1035/6
f 597/1044/19 593/1038/14 595/1040/13
f 598/1045/25 593/1046/14 597/1047/19 599/1048/20
f 585/1023/18 597/1044/19 595/1040/13 584/1022/15
f 587/1029/22 600/1049/23 599/1050/20 586/1030/21
f 600/1051/23 598/1045/25 599/1048/20
s 123
f 581/1016/26 592/1043/26 590/1035/26 582/1017/26
s 124
f 595/1040/27 591/1036/27 583/1019/27 584/1022/27
s 125
f 597/1052/28 585/1027/28 586/1026/28 599/1053/28
s 126
f 601/1054/1 602/1055/1 603/1056/1 604/1057/1
s 127
f 605/1058/2 606/1059/3 602/1055/4 601/1054/5
f 606/1060/3 607/1061/6 608/1062/7 609/1063/8
f 607/1061/6 610/1064/9 608/1062/7
f 607/1061/6 611/1065/10 612/1066/11 610/1064/9
f 613/1067/12 612/1068/11 611/1069/10
f 613/1067/12 614/1070/13 615/1071/14 612/1068/11
f 616/1072/15 617/1073/16 601/1074/5 604/1075/17
f 617/1073/16 605/1076/2 601/1074/5
f 617/1073/16 613/1067/12 611/1069/10 605/1076/2
f 618/1077/18 616/1072/15 604/1075/17
f 618/1077/18 619/1078/19 614/1070/13 616/1072/15
f 620/1079/20 621/1080/21 622/1081/22 623/1082/23
f 621/1080/21 603/1083/24 622/1081/22
f 621/1084/21 618/1085/18 604/1086/17 603/1087/24
f 609/1088/8 622/1081/22 603/1083/24 602/1089/4
f 606/1090/3 609/1088/8 602/1089/4
f 620/1079/20 623/1082/23 624/1091/25
f 619/1092/19 620/1093/20 624/1094/25 615/1095/14
f 619/1078/19 615/1071/14 614/1070/13
s 128
f 607/1061/26 606/1060/26 605/1096/26 611/1065/26
s 129
f 617/1073/27 616/1072/27 614/1070/27 613/1067/27
s 130
f 621/1084/28 620/1093/28 619/1092/28 618/1085/28
s 131
f 625/1097/1 626/1098/1 627/1099/1 628/1100/1
s 132
f 629/1101/2 630/1102/3 626/1098/4 625/1097/5
f 630/1103/3 631/1104/6 632/1105/7 633/1106/8
f 631/1107/6 634/1108/9 632/1109/7
f 631/1107/6 635/1110/10 636/1111/11 634/1108/9
f 637/1112/12 636/1111/11 635/1110/10
f 637/1112/12 638/1113/13 639/1114/14 636/1111/11
f 640/1115/15 641/1116/16 625/1097/5 628/1100/17
f 641/1116/16 629/1101/2 625/1097/5
f 641/1117/16 637/1118/12 635/1119/10 629/1120/2
f 642/1121/18 640/1122/15 628/1123/17
f 642/1121/18 643/1124/19 638/1125/13 640/1122/15
f 644/1126/20 645/1127/21 646/1128/22 647/1129/23
f 645/1127/21 627/1130/24 646/1128/22
f 645/1127/21 642/1121/18 628/1123/17 627/1130/24
f 633/1131/8 646/1132/22 627/1099/24 626/1098/4
f 630/1102/3 633/1131/8 626/1098/4
f 644/1126/20 647/1129/23 648/1133/25
f 643/1124/19 644/1126/20 648/1133/25 639/1134/14
f 643/1124/19 639/1134/14 638/1125/13
s 133
f 631/1104/26 630/1103/26 629/1135/26 635/1136/26
s 134
f 641/1117/27 640/1137/27 638/1138/27 637/1118/27
s 135
f 645/1127/28 644/1126/28 643/1124/28 642/1121/28
s 136
f 649/1139/1 650/1140/1 651/1141/1 652/1142/1
s 137
f 653/1143/2 654/1144/3 650/1145/4 649/1146/5
f 654/1144/3 655/1147/6 656/1148/7 657/1149/8
f 655/1147/6 658/1150/9 656/1148/7
f 655/1147/6 659/1151/10 660/1152/11 658/1150/9
f 661/1153/12 660/1152/11 659/1151/10
f 661/1154/12 662/1155/13 663/1156/14 660/1157/11
f 664/1158/15 665/1159/16 649/1139/5 652/1142/17
f 665/1160/16 653/1143/2 649/1146/5
f 665/1160/16 661/1153/12 659/1151/10 653/1143/2
f 666/1161/18 664/1158/15 652/1142/17
f 666/1162/18 667/1163/19 662/1164/13 664/1165/15
f 668/1166/20 669/1167/21 670/1168/22 671/1169/23
f 669/1170/21 651/1141/24 670/1171/22
f 669/1170/21 666/1161/18 652/1142/17 651/1141/24
f 657/1172/8 670/1171/22 651/1141/24 650/1140/4
f 654/1144/3 657/1149/8 650/1145/4
f 668/1166/20 671/1169/23 672/1173/25
f 667/1174/19 668/1166/20 672/1173/25 663/1175/14
f 667/1176/19 663/1156/14 662/1155/13
s 138
f 655/1147/26 654/1144/26 653/1143/26 659/1151/26
s 139
f 665/1177/27 664/1165/27 662/1164/27 661/1178/27
s 140
f 669/1167/28 668/1166/28 667/1174/28 666/1179/28
s 141
f 673/1180/1 674/1181/1 675/1182/1 676/1183/1
s 142
f 677/1184/2 678/1185/3 674/1181/4 673/1180/5
f 678/1186/3 679/1187/6 680/1188/7 681/1189/8
f 679/1187/6 682/1190/9 680/1188/7
f 679/1187/6 683/1191/10 684/1192/11 682/1190/9
f 685/1193/12 684/1194/11 683/1195/10
f 685/1193/12 686/1196/13 687/1197/14 684/1194/11
f 688/1198/15 689/1199/16 673/1200/5 676/1201/17
f 689/1199/16 677/1202/2 673/1200/5
f 689/1199/16 685/1193/12 683/1195/10 677/1202/2
f 690/1203/18 688/1198/15 676/1201/17
f 690/1203/18 691/1204/19 686/1196/13 688/1198/15
f 692/1205/20 693/1206/21 694/1207/22 695/1208/23
f 693/1206/21 675/1209/24 694/1207/22
f 693/1210/21 690/1211/18 676/1183/17 675/1182/24
f 681/1212/8 694/1207/22 675/1209/24 674/1213/4
f 678/1214/3 681/1212/8 674/1213/4
f 692/1205/20 695/1208/23 696/1215/25
f 691/1216/19 692/1217/20 696/1218/25 687/1219/14
f 691/1204/19 687/1197/14 686/1196/13
s 143
f 679/1187/26 678/1186/26 677/1220/26 683/1191/26
s 144
f 689/1199/27 688/1198/27 686/1196/27 685/1193/27
s 145
f 693/1221/28 692/1217/28 691/1216/28 690/1222/28
s 146
f 697/1223/1 698/1224/1 699/1225/1 700/1226/1
s 147
f 698/1227/4 697/1228/5 701/1229/2 702/1230/3
f 697/1231/5 703/1232/16 701/1233/2
f 697/1231/5 700/1234/17 704/1235/15 703/1232/16
f 700/1234/17 705/1236/18 704/1235/15
f 700/1237/17 699/1238/24 706/1239/21 705/1240/18
f 699/1238/24 707/1241/22 706/1239/21
f 699/1242/24 698/1243/4 708/1244/8 707/1245/22
f 708/1244/8 698/1243/4 702/1246/3
f 709/1247/7 708/1244/8 702/1246/3 710/1248/6
f 703/1232/16 711/1249/12 712/1250/10 701/1233/2
f 713/1251/14 714/1252/11 711/1249/12 715/1253/13
f 711/1249/12 714/1252/11 712/1250/10
f 714/1254/11 716/1255/9 710/1256/6 712/1257/10
f 716/1258/9 709/1247/7 710/1248/6
f 717/1259/19 713/1251/14 715/1253/13
f 718/1260/25 713/1261/14 717/1262/19 719/1263/20
f 705/1236/18 717/1259/19 715/1253/13 704/1235/15
f 707/1241/22 720/1264/23 719/1263/20 706/1239/21
f 720/1264/23 718/1260/25 719/1263/20
s 148
f 701/1229/26 712/1257/26 710/1256/26 702/1230/26
s 149
f 715/1253/27 711/1249/27 703/1232/27 704/1235/27
s 150
f 717/1262/28 705/1240/28 706/1239/28 719/1263/28
s 151
f 721/1265/1 722/1266/1 723/1267/1 724/1268/1
s 152
f 722/1269/4 721/1270/5 725/1271/2 726/1272/3
f 721/1273/5 727/1274/16 725/1275/2
f 721/1273/5 724/1276/17 728/1277/15 727/1274/16
f 724/1276/17 729/1278/18 728/1277/15
f 724/1279/17 723/1280/24 730/1281/21 729/1282/18
f 723/1283/24 731/1284/22 730/1285/21
f 723/1283/24 722/1286/4 732/1287/8 731/1284/22
f 732/1288/8 722/1269/4 726/1272/3
f 733/1289/7 732/1288/8 726/1272/3 734/1290/6
f 727/1274/16 735/1291/12 736/1292/10 725/1275/2
f 737/1293/14 738/1294/11 735/1291/12 739/1295/13
f 735/1291/12 738/1294/11 736/1292/10
f 738/1296/11 740/1297/9 734/1290/6 736/1298/10
f 740/1297/9 733/1289/7 734/1290/6
f 741/1299/19 737/1293/14 739/1295/13
f 742/1300/25 737/1301/14 741/1302/19 743/1303/20
f 729/1278/18 741/1299/19 739/1295/13 728/1277/15
f 731/1284/22 744/1304/23 743/1305/20 730/1285/21
f 744/1306/23 742/1300/25 743/1303/20
s 153
f 725/1271/26 736/1298/26 734/1290/26 726/1272/26
s 154
f 739/1295/27 735/1291/27 727/1274/27 728/1277/27
s 155
f 741/1307/28 729/1282/28 730/1281/28 743/1308/28
s 156
f 745/1309/1 746/1310/1 747/1311/1 748/1312/1
s 157
f 749/1313/2 750/1314/3 746/1315/4 745/1316/5
f 750/1314/3 751/1317/6 752/1318/7 753/1319/8
f 751/1317/6 754/1320/9 752/1318/7
f 751/1317/6 755/1321/10 756/1322/11 754/1320/9
f 757/1323/12 756/1322/11 755/1321/10
f 757/1324/12 758/1325/13 759/1326/14 756/1327/11
f 760/1328/15 761/1329/16 745/1309/5 748/1312/17
f 761/1330/16 749/1313/2 745/1316/5
f 761/1330/16 757/1323/12 755/1321/10 749/1313/2
f 762/1331/18 760/1332/15 748/1333/17
f 762/1331/18 763/1334/19 758/1335/13 760/1332/15
f 764/1336/20 765/1337/21 766/1338/22 767/1339/23
f 765/1337/21 747/1340/24 766/1338/22
f 765/1337/21 762/1331/18 748/1333/17 747/1340/24
f 753/1341/8 766/1342/22 747/1311/24 746/1310/4
f 750/1314/3 753/1319/8 746/1315/4
f 764/1336/20 767/1339/23 768/1343/25
f 763/1334/19 764/1336/20 768/1343/25 759/1344/14
f 763/1334/19 759/1344/14 758/1335/13
s 158
f 751/1317/26 750/1314/26 749/1313/26 755/1321/26
s 159
f 761/1345/27 760/1346/27 758/1325/27 757/1324/27
s 160
f 765/1337/28 764/1336/28 763/1334/28 762/1331/28
s 161
f 769/1347/1 770/1348/1 771/1349/1 772/1350/1
s 162
f 773/1351/2 774/1352/3 770/1348/4 769/1347/5
f 774/1353/3 775/1354/6 776/1355/7 777/1356/8
f 775/1354/6 778/1357/9 776/1355/7
f 775/1354/6 779/1358/10 780/1359/11 778/1357/9
f 781/1360/12 780/1361/11 779/1362/10
f 781/1360/12 782/1363/13 783/1364/14 780/1361/11
f 784/1365/15 785/1366/16 769/1367/5 772/1368/17
f 785/1366/16 773/1369/2 769/1367/5
f 785/1366/16 781/1360/12 779/1362/10 773/1369/2
f 786/1370/18 784/1371/15 772/1372/17
f 786/1370/18 787/1373/19 782/1374/13 784/1371/15
f 788/1375/20 789/1376/21 790/1377/22 791/1378/23
f 789/1376/21 771/1379/24 790/1377/22
f 789/1376/21 786/1370/18 772/1372/17 771/1379/24
f 777/1380/8 790/1381/22 771/1382/24 770/1383/4
f 774/1384/3 777/1380/8 770/1383/4
f 788/1375/20 791/1378/23 792/1385/25
f 787/1373/19 788/1375/20 792/1385/25 783/1386/14
f 787/1373/19 783/1386/14 782/1374/13
s 163
f 775/1354/26 774/1353/26 773/1387/26 779/1358/26
s 164
f 785/1366/27 784/1365/27 782/1363/27 781/1360/27
s 165
f 789/1376/28 788/1375/28 787/1373/28 786/1370/28
s 166
f 793/1388/1 794/1389/1 795/1390/1 796/1391/1
s 167
f 797/1392/2 798/1393/3 794/1389/4 793/1388/5
f 798/1394/3 799/1395/6 800/1396/7 801/1397/8
f 799/1398/6 802/1399/9 800/1400/7
f 799/1398/6 803/1401/10 804/1402/11 802/1399/9
f 805/1403/12 804/1402/11 803/1401/10
f 805/1403/12 806/1404/13 807/1405/14 804/1402/11
f 808/1406/15 809/1407/16 793/1388/5 796/1391/17
f 809/1407/16 797/1392/2 793/1388/5
f 809/1408/16 805/1409/12 803/1410/10 797/1411/2
f 810/1412/18 808/1406/15 796/1391/17
f 810/1413/18 811/1414/19 806/1415/13 808/1416/15
f 812/1417/20 813/1418/21 814/1419/22 815/1420/23
f 813/1421/21 795/1390/24 814/1422/22
f 813/1421/21 810/1412/18 796/1391/17 795/1390/24
f 801/1423/8 814/1422/22 795/1390/24 794/1389/4
f 798/1393/3 801/1423/8 794/1389/4
f 812/1417/20 815/1420/23 816/1424/25
f 811/1425/19 812/1417/20 816/1424/25 807/1426/14
f 811/1427/19 807/1405/14 806/1404/13
s 168
f 799/1395/26 798/1394/26 797/1428/26 803/1429/26
s 169
f 809/1408/27 808/1416/27 806/1415/27 805/1409/27
s 170
f 813/1418/28 812/1417/28 811/1425/28 810/1430/28
s 171
f 817/1431/1 818/1432/1 819/1433/1 820/1434/1
s 172
f 818/1435/4 817/1436/5 821/1437/2 822/1438/3
f 817/1439/5 823/1440/16 821/1441/2
f 817/1439/5 820/1442/17 824/1443/15 823/1440/16
f 820/1442/17 825/1444/18 824/1443/15
f 820/1445/17 819/1446/24 826/1447/21 825/1448/18
f 819/1449/24 827/1450/22 826/1451/21
f 819/1449/24 818/1452/4 828/1453/8 827/1450/22
f 828/1454/8 818/1435/4 822/1438/3
f 829/1455/7 828/1454/8 822/1438/3 830/1456/6
f 823/1440/16 831/1457/12 832/1458/10 821/1441/2
f 833/1459/14 834/1460/11 831/1457/12 835/1461/13
f 831/1457/12 834/1460/11 832/1458/10
f 834/1462/11 836/1463/9 830/1456/6 832/1464/10
f 836/1463/9 829/1455/7 830/1456/6
f 837/1465/19 833/1459/14 835/1461/13
f 838/1466/25 833/1467/14 837/1468/19 839/1469/20
f 825/1444/18 837/1465/19 835/1461/13 824/1443/15
f 827/1450/22 840/1470/23 839/1471/20 826/1451/21
f 840/1472/23 838/1466/25 839/1469/20
s 173
f 821/1437/26 832/1464/26 830/1456/26 822/1438/26
s 174
f 835/1461/27 831/1457/27 823/1440/27 824/1443/27
s 175
f 837/1473/28 825/1448/28 826/1447/28 839/1474/28
s 176
f 841/1475/1 842/1476/1 843/1477/1 844/1478/1
s 177
f 845/1479/2 846/1480/3 842/1481/4 841/1482/5
f 846/1480/3 847/1483/6 848/1484/7 849/1485/8
f 847/1483/6 850/1486/9 848/1484/7
f 847/1483/6 851/1487/10 852/1488/11 850/1486/9
f 853/1489/12 852/1488/11 851/1487/10
f 853/1490/12 854/1491/13 855/1492/14 852/1493/11
f 856/1494/15 857/1495/16 841/1475/5 844/1478/17
f 857/1496/16 845/1479/2 841/1482/5
f 857/1496/16 853/1489/12 851/1487/10 845/1479/2
f 858/1497/18 856/1498/15 844/1499/17
f 858/1497/18 859/1500/19 854/1501/13 856/1498/15
f 860/1502/20 861/1503/21 862/1504/22 863/1505/23
f 861/1503/21 843/1506/24 862/1504/22
f 861/1503/21 858/1497/18 844/1499/17 843/1506/24
f 849/1507/8 862/1508/22 843/1477/24 842/1476/4
f 846/1480/3 849/1485/8 842/1481/4
f 860/1502/20 863/1505/23 864/1509/25
f 859/1500/19 860/1502/20 864/1509/25 855/1510/14
f 859/1500/19 855/1510/14 854/1501/13
s 178
f 847/1483/26 846/1480/26 845/1479/26 851/1487/26
s 179
f 857/1511/27 856/1512/27 854/1491/27 853/1490/27
s 180
f 861/1503/28 860/1502/28 859/1500/28 858/1497/28
s 181
f 865/1513/1 866/1514/1 867/1515/1 868/1516/1
s 182
f 869/1517/2 870/1518/3 866/1514/4 865/1513/5
f 870/1519/3 871/1520/6 872/1521/7 873/1522/8
f 871/1523/6 874/1524/9 872/1525/7
f 871/1523/6 875/1526/10 876/1527/11 874/1524/9
f 877/1528/12 876/1527/11 875/1526/10
f 877/1528/12 878/1529/13 879/1530/14 876/1527/11
f 880/1531/15 881/1532/16 865/1513/5 868/1516/17
f 881/1532/16 869/1517/2 865/1513/5
f 881/1533/16 877/1534/12 875/1535/10 869/1536/2
f 882/1537/18 880/1538/15 868/1539/17
f 882/1537/18 883/1540/19 878/1541/13 880/1538/15
f 884/1542/20 885/1543/21 886/1544/22 887/1545/23
f 885/1543/21 867/1546/24 886/1544/22
f 885/1543/21 882/1537/18 868/1539/17 867/1546/24
f 873/1547/8 886/1548/22 867/1515/24 866/1514/4
f 870/1518/3 873/1547/8 866/1514/4
f 884/1542/20 887/1545/23 888/1549/25
f 883/1540/19 884/1542/20 888/1549/25 879/1550/14
f 883/1540/19 879/1550/14 878/1541/13
s 183
f 871/1520/26 870/1519/26 869/1551/26 875/1552/26
s 184
f 881/1533/27 880/1553/27 878/1554/27 877/1534/27
s 185
f 885/1543/28 884/1542/28 883/1540/28 882/1537/28
s 186
f 889/1555/1 890/1556/1 891/1557/1 892/1558/1
s 187
f 893/1559/2 894/1560/3 890/1561/4 889/1562/5
f 894/1560/3 895/1563/6 896/1564/7 897/1565/8
f 895/1563/6 898/1566/9 896/1564/7
f 895/1563/6 899/1567/10 900/1568/11 898/1566/9
f 901/1569/12 900/1568/11 899/1567/10
f 901/1570/12 902/1571/13 903/1572/14 900/1573/11
f 904/1574/15 905/1575/16 889/1576/5 892/1577/17
f 905/1578/16 893/1559/2 889/1562/5
f 905/1578/16 901/1569/12 899/1567/10 893/1559/2
f 906/1579/18 904/1574/15 892/1577/17
f 906/1579/18 907/1580/19 902/1571/13 904/1574/15
f 908/1581/20 909/1582/21 910/1583/22 911/1584/23
f 909/1582/21 891/1585/24 910/1583/22
f 909/1586/21 906/1587/18 892/1558/17 891/1557/24
f 897/1588/8 910/1583/22 891/1585/24 890/1589/4
f 894/1560/3 897/1565/8 890/1561/4
f 908/1581/20 911/1584/23 912/1590/25
f 907/1591/19 908/1592/20 912/1593/25 903/1594/14
f 907/1580/19 903/1572/14 902/1571/13
s 188
f 895/1563/26 894/1560/26 893/1559/26 899/1567/26
s 189
f 905/1575/27 904/1574/27 902/1571/27 901/1570/27
s 190
f 909/1595/28 908/1592/28 907/1591/28 906/1596/28
s 191
f 913/1597/1 914/1598/1 915/1599/1 916/1600/1
s 192
f 917/1601/2 918/1602/3 914/1603/4 913/1604/5
f 918/1602/3 919/1605/6 920/1606/7 921/1607/8
f 919/1605/6 922/1608/9 920/1606/7
f 919/1605/6 923/1609/10 924/1610/11 922/1608/9
f 925/1611/12 924/1610/11 923/1609/10
f 925/1612/12 926/1613/13 927/1614/14 924/1615/11
f 928/1616/15 929/1617/16 913/1597/5 916/1600/17
f 929/1618/16 917/1601/2 913/1604/5
f 929/1618/16 925/1611/12 923/1609/10 917/1601/2
f 930/1619/18 928/1616/15 916/1600/17
f 930/1620/18 931/1621/19 926/1622/13 928/1623/15
f 932/1624/20 933/1625/21 934/1626/22 935/1627/23
f 933/1628/21 915/1599/24 934/1629/22
f 933/1628/21 930/1619/18 916/1600/17 915/1599/24
f 921/1630/8 934/1629/22 915/1599/24 914/1598/4
f 918/1602/3 921/1607/8 914/1603/4
f 932/1624/20 935/1627/23 936/1631/25
f 931/1632/19 932/1624/20 936/1631/25 927/1633/14
f 931/1634/19 927/1614/14 926/1613/13
s 193
f 919/1605/26 918/1602/26 917/1601/26 923/1609/26
s 194
f 929/1635/27 928/1623/27 926/1622/27 925/1636/27
s 195
f 933/1625/28 932/1624/28 931/1632/28 930/1637/28
s 196
f 937/1638/1 938/1639/1 939/1640/1 940/1641/1
s 197
f 938/1642/4 937/1643/5 941/1644/2 942/1645/3
f 937/1643/5 943/1646/16 941/1644/2
f 937/1647/5 940/1648/17 944/1649/15 943/1650/16
f 940/1651/17 945/1652/18 944/1653/15
f 940/1651/17 939/1654/24 946/1655/21 945/1652/18
f 939/1654/24 947/1656/22 946/1655/21
f 939/1640/24 938/1639/4 948/1657/8 947/1658/22
f 948/1659/8 938/1642/4 942/1645/3
f 949/1660/7 948/1659/8 942/1645/3 950/1661/6
f 943/1646/16 951/1662/12 952/1663/10 941/1644/2
f 953/1664/14 954/1665/11 951/1666/12 955/1667/13
f 951/1662/12 954/1668/11 952/1663/10
f 954/1668/11 956/1669/9 950/1661/6 952/1663/10
f 956/1669/9 949/1660/7 950/1661/6
f 957/1670/19 953/1671/14 955/1672/13
f 958/1673/25 953/1671/14 957/1670/19 959/1674/20
f 945/1652/18 957/1670/19 955/1672/13 944/1653/15
f 947/1656/22 960/1675/23 959/1674/20 946/1655/21
f 960/1675/23 958/1673/25 959/1674/20
s 198
f 941/1644/26 952/1663/26 950/1661/26 942/1645/26
s 199
f 955/1667/27 951/1666/27 943/1650/27 944/1649/27
s 200
f 957/1670/28 945/1652/28 946/1655/28 959/1674/28
s 201
f 961/1676/1 962/1677/1 963/1678/1 964/1679/1
s 202
f 965/1680/2 966/1681/3 962/1677/4 961/1676/5
f 966/1682/3 967/1683/6 968/1684/7 969/1685/8
f 967/1683/6 970/1686/9 968/1684/7
f 967/1683/6 971/1687/10 972/1688/11 970/1686/9
f 973/1689/12 972/1690/11 971/1691/10
f 973/1689/12 974/1692/13 975/1693/14 972/1690/11
f 976/1694/15 977/1695/16 961/1696/5 964/1697/17
f 977/1695/16 965/1698/2 961/1696/5
f 977/1695/16 973/1689/12 971/1691/10 965/1698/2
f 978/1699/18 976/1694/15 964/1697/17
f 978/1699/18 979/1700/19 974/1692/13 976/1694/15
f 980/1701/20 981/1702/21 982/1703/22 983/1704/23
f 981/1702/21 963/1705/24 982/1703/22
f 981/1706/21 978/1707/18 964/1679/17 963/1678/24
f 969/1708/8 982/1703/22 963/1705/24 962/1709/4
f 966/1710/3 969/1708/8 962/1709/4
f 980/1701/20 983/1704/23 984/1711/25
f 979/1712/19 980/1713/20 984/1714/25 975/1715/14
f 979/1700/19 975/1693/14 974/1692/13
s 203
f 967/1683/26 966/1682/26 965/1716/26 971/1687/26
s 204
f 977/1695/27 976/1694/27 974/1692/27 973/1689/27
s 205
f 981/1717/28 980/1713/28 979/1712/28 978/1718/28
s 206
f 985/1719/1 986/1720/1 987/1721/1 988/1722/1
s 207
f 986/1723/4 985/1724/5 989/1725/2 990/1726/3
f 985/1727/5 991/1728/16 989/1729/2
f 985/1727/5 988/1730/17 992/1731/15 991/1728/16
f 988/1730/17 993/1732/18 992/1731/15
f 988/1733/17 987/1734/24 994/1735/21 993/1736/18
f 987/1734/24 995/1737/22 994/1735/21
f 987/1721/24 986/1720/4 996/1738/8 995/1739/22
f 996/1740/8 986/1723/4 990/1726/3
f 997/1741/7 996/1740/8 990/1726/3 998/1742/6
f 991/1728/16 999/1743/12 1000/1744/10 989/1729/2
f 1001/1745/14 1002/1746/11 999/1743/12 1003/1747/13
f 999/1743/12 1002/1746/11 1000/1744/10
f 1002/1748/11 1004/1749/9 998/1742/6 1000/1750/10
f 1004/1749/9 997/1741/7 998/1742/6
f 1005/1751/19 1001/1745/14 1003/1747/13
f 1006/1752/25 1001/1753/14 1005/1754/19 1007/1755/20
f 993/1732/18 1005/1751/19 1003/1747/13 992/1731/15
f 995/1737/22 1008/1756/23 1007/1755/20 994/1735/21
f 1008/1756/23 1006/1752/25 1007/1755/20
s 208
f 989/1725/26 1000/1750/26 998/1742/26 990/1726/26
s 209
f 1003/1747/27 999/1743/27 991/1728/27 992/1731/27
s 210
f 1005/1754/28 993/1736/28 994/1735/28 1007/1755/28
s 211
f 1009/1757/1 1010/1758/1 1011/1759/1 1012/1760/1
s 212
f 1010/1761/4 1009/1762/5 1013/1763/2 1014/1764/3
f 1009/1765/5 1015/1766/16 1013/1767/2
f 1009/1765/5 1012/1768/17 1016/1769/15 1015/1766/16
f 1012/1768/17 1017/1770/18 1016/1769/15
f 1012/1771/17 1011/1772/24 1018/1773/21 1017/1774/18
f 1011/1775/24 1019/1776/22 1018/1777/21
f 1011/1775/24 1010/1778/4 1020/1779/8 1019/1776/22
f 1020/1780/8 1010/1761/4 1014/1764/3
f 1021/1781/7 1020/1780/8 1014/1764/3 1022/1782/6
f 1015/1766/16 1023/1783/12 1024/1784/10 1013/1767/2
f 1025/1785/14 1026/1786/11 1023/1783/12 1027/1787/13
f 1023/1783/12 1026/1786/11 1024/1784/10
f 1026/1788/11 1028/1789/9 1022/1782/6 1024/1790/10
f 1028/1789/9 1021/1781/7 1022/1782/6
f 1029/1791/19 1025/1785/14 1027/1787/13
f 1030/1792/25 1025/1793/14 1029/1794/19 1031/1795/20
f 1017/1770/18 1029/1791/19 1027/1787/13 1016/1769/15
f 1019/1776/22 1032/1796/23 1031/1797/20 1018/1777/21
f 1032/1798/23 1030/1792/25 1031/1795/20
s 213
f 1013/1763/26 1024/1790/26 1022/1782/26 1014/1764/26
s 214
f 1027/1787/27 1023/1783/27 1015/1766/27 1016/1769/27
s 215
f 1029/1799/28 1017/1774/28 1018/1773/28 1031/1800/28
s 216
f 1033/1801/1 1034/1802/1 1035/1803/1 1036/1804/1
s 217
f 1037/1805/2 1038/1806/3 1034/1802/4 1033/1801/5
f 1038/1807/3 1039/1808/6 1040/1809/7 1041/1810/8
f 1039/1808/6 1042/1811/9 1040/1809/7
f 1039/1808/6 1043/1812/10 1044/1813/11 1042/1811/9
f 1045/1814/12 1044/1815/11 1043/1816/10
f 1045/1814/12 1046/1817/13 1047/1818/14 1044/1815/11
f 1048/1819/15 1049/1820/16 1033/1821/5 1036/1822/17
f 1049/1820/16 1037/1823/2 1033/1821/5
f 1049/1820/16 1045/1814/12 1043/1816/10 1037/1823/2
f 1050/1824/18 1048/1819/15 1036/1822/17
f 1050/1824/18 1051/1825/19 1046/1817/13 1048/1819/15
f 1052/1826/20 1053/1827/21 1054/1828/22 1055/1829/23
f 1053/1827/21 1035/1830/24 1054/1828/22
f 1053/1831/21 1050/1832/18 1036/1833/17 1035/1834/24
f 1041/1835/8 1054/1828/22 1035/1830/24 1034/1836/4
f 1038/1837/3 1041/1835/8 1034/1836/4
f 1052/1826/20 1055/1829/23 1056/1838/25
f 1051/1839/19 1052/1840/20 1056/1841/25 1047/1842/14
f 1051/1825/19 1047/1818/14 1046/1817/13
s 218
f 1039/1808/26 1038/1807/26 1037/1843/26 1043/1812/26
s 219
f 1049/1820/27 1048/1819/27 1046/1817/27 1045/1814/27
s 220
f 1053/1831/28 1052/1840/28 1051/1839/28 1050/1832/28
s 221
f 1057/1844/1 1058/1845/1 1059/1846/1 1060/1847/1
s 222
f 1058/1848/4 1057/1849/5 1061/1850/2 1062/1851/3
f 1057/1849/5 1063/1852/16 1061/1850/2
f 1057/1853/5 1060/1854/17 1064/1855/15 1063/1856/16
f 1060/1857/17 1065/1858/18 1064/1859/15
f 1060/1857/17 1059/1860/24 1066/1861/21 1065/1858/18
f 1059/1860/24 1067/1862/22 1066/1861/21
f 1059/1846/24 1058/1845/4 1068/1863/8 1067/1864/22
f 1068/1865/8 1058/1848/4 1062/1851/3
f 1069/1866/7 1068/1865/8 1062/1851/3 1070/1867/6
f 1063/1852/16 1071/1868/12 1072/1869/10 1061/1850/2
f 1073/1870/14 1074/1871/11 1071/1872/12 1075/1873/13
f 1071/1868/12 1074/1874/11 1072/1869/10
f 1074/1874/11 1076/1875/9 1070/1867/6 1072/1869/10
f 1076/1875/9 1069/1866/7 1070/1867/6
f 1077/1876/19 1073/1877/14 1075/1878/13
f 1078/1879/25 1073/1877/14 1077/1876/19 1079/1880/20
f 1065/1858/18 1077/1876/19 1075/1878/13 1064/1859/15
f 1067/1862/22 1080/1881/23 1079/1880/20 1066/1861/21
f 1080/1881/23 1078/1879/25 1079/1880/20
s 223
f 1061/1850/26 1072/1869/26 1070/1867/26 1062/1851/26
s 224
f 1075/1873/27 1071/1872/27 1063/1856/27 1064/1855/27
s 225
f 1077/1876/28 1065/1858/28 1066/1861/28 1079/1880/28
s 226
f 1081/1882/1 1082/1883/1 1083/1884/1 1084/1885/1
s 227
f 1082/1886/4 1081/1887/5 1085/1888/2 1086/1889/3
f 1081/1890/5 1087/1891/16 1085/1892/2
f 1081/1890/5 1084/1893/17 1088/1894/15 1087/1891/16
f 1084/1893/17 1089/1895/18 1088/1894/15
f 1084/1896/17 1083/1897/24 1090/1898/21 1089/1899/18
f 1083/1897/24 1091/1900/22 1090/1898/21
f 1083/1901/24 1082/1902/4 1092/1903/8 1091/1904/22
f 1092/1903/8 1082/1902/4 1086/1905/3
f 1093/1906/7 1092/1903/8 1086/1905/3 1094/1907/6
f 1087/1891/16 1095/1908/12 1096/1909/10 1085/1892/2
f 1097/1910/14 1098/1911/11 1095/1908/12 1099/1912/13
f 1095/1908/12 1098/1911/11 1096/1909/10
f 1098/1913/11 1100/1914/9 1094/1915/6 1096/1916/10
f 1100/1917/9 1093/1906/7 1094/1907/6
f 1101/1918/19 1097/1910/14 1099/1912/13
f 1102/1919/25 1097/1920/14 1101/1921/19 1103/1922/20
f 1089/1895/18 1101/1918/19 1099/1912/13 1088/1894/15
f 1091/1900/22 1104/1923/23 1103/1922/20 1090/1898/21
f 1104/1923/23 1102/1919/25 1103/1922/20
s 228
f 1085/1888/26 1096/1916/26 1094/1915/26 1086/1889/26
s 229
f 1099/1912/27 1095/1908/27 1087/1891/27 1088/1894/27
s 230
f 1101/1921/28 1089/1899/28 1090/1898/28 1103/1922/28
s 231
f 1105/1924/1 1106/1925/1 1107/1926/1 1108/1927/1
s 232
f 1106/1928/4 1105/1929/5 1109/1930/2 1110/1931/3
f 1105/1932/5 1111/1933/16 1109/1934/2
f 1105/1932/5 1108/1935/17 1112/1936/15 1111/1933/16
f 1108/1935/17 1113/1937/18 1112/1936/15
f 1108/1938/17 1107/1939/24 1114/1940/21 1113/1941/18
f 1107/1942/24 1115/1943/22 1114/1944/21
f 1107/1942/24 1106/1945/4 1116/1946/8 1115/1943/22
f 1116/1947/8 1106/1928/4 1110/1931/3
f 1117/1948/7 1116/1947/8 1110/1931/3 1118/1949/6
f 1111/1933/16 1119/1950/12 1120/1951/10 1109/1934/2
f 1121/1952/14 1122/1953/11 1119/1950/12 1123/1954/13
f 1119/1950/12 1122/1953/11 1120/1951/10
f 1122/1955/11 1124/1956/9 1118/1949/6 1120/1957/10
f 1124/1956/9 1117/1948/7 1118/1949/6
f 1125/1958/19 1121/1952/14 1123/1954/13
f 1126/1959/25 1121/1960/14 1125/1961/19 1127/1962/20
f 1113/1937/18 1125/1958/19 1123/1954/13 1112/1936/15
f 1115/1943/22 1128/1963/23 1127/1964/20 1114/1944/21
f 1128/1965/23 1126/1959/25 1127/1962/20
s 233
f 1109/1930/26 1120/1957/26 1118/1949/26 1110/1931/26
s 234
f 1123/1954/27 1119/1950/27 1111/1933/27 1112/1936/27
s 235
f 1125/1966/28 1113/1941/28 1114/1940/28 1127/1967/28
s 236
f 1129/1968/1 1130/1969/1 1131/1970/1 1132/1971/1
s 237
f 1133/1972/2 1134/1973/3 1130/1969/4 1129/1968/5
f 1134/1974/3 1135/1975/6 1136/1976/7 1137/1977/8
f 1135/1975/6 1138/1978/9 1136/1976/7
f 1135/1975/6 1139/1979/10 1140/1980/11 1138/1978/9
f 1141/1981/12 1140/1982/11 1139/1983/10
f 1141/1981/12 1142/1984/13 1143/1985/14 1140/1982/11
f 1144/1986/15 1145/1987/16 1129/1988/5 1132/1989/17
f 1145/1987/16 1133/1990/2 1129/1988/5
f 1145/1987/16 1141/1981/12 1139/1983/10 1133/1990/2
f 1146/1991/18 1144/1986/15 1132/1989/17
f 1146/1991/18 1147/1992/19 1142/1984/13 1144/1986/15
f 1148/1993/20 1149/1994/21 1150/1995/22 1151/1996/23
f 1149/1994/21 1131/1997/24 1150/1995/22
f 1149/1998/21 1146/1999/18 1132/1971/17 1131/1970/24
f 1137/2000/8 1150/1995/22 1131/1997/24 1130/2001/4
f 1134/2002/3 1137/2000/8 1130/2001/4
f 1148/1993/20 1151/1996/23 1152/2003/25
f 1147/2004/19 1148/2005/20 1152/2006/25 1143/2007/14
f 1147/1992/19 1143/1985/14 1142/1984/13
s 238
f 1135/1975/26 1134/1974/26 1133/2008/26 1139/1979/26
s 239
f 1145/1987/27 1144/1986/27 1142/1984/27 1141/1981/27
s 240
f 1149/2009/28 1148/2005/28 1147/2004/28 1146/2010/28
s 241
f 1153/2011/1 1154/2012/1 1155/2013/1 1156/2014/1
s 242
f 1157/2015/2 1158/2016/3 1154/2017/4 1153/2018/5
f 1158/2016/3 1159/2019/6 1160/2020/7 1161/2021/8
f 1159/2022/6 1162/2023/9 1160/2024/7
f 1159/2022/6 1163/2025/10 1164/2026/11 1162/2023/9
f 1165/2027/12 1164/2026/11 1163/2025/10
f 1165/2027/12 1166/2028/13 1167/2029/14 1164/2026/11
f 1168/2030/15 1169/2031/16 1153/2011/5 1156/2014/17
f 1169/2032/16 1157/2015/2 1153/2018/5
f 1169/2032/16 1165/2033/12 1163/2034/10 1157/2015/2
f 1170/2035/18 1168/2036/15 1156/2037/17
f 1170/2035/18 1171/2038/19 1166/2039/13 1168/2036/15
f 1172/2040/20 1173/2041/21 1174/2042/22 1175/2043/23
f 1173/2041/21 1155/2044/24 1174/2042/22
f 1173/2041/21 1170/2035/18 1156/2037/17 1155/2044/24
f 1161/2045/8 1174/2046/22 1155/2013/24 1154/2012/4
f 1158/2016/3 1161/2021/8 1154/2017/4
f 1172/2040/20 1175/2043/23 1176/2047/25
f 1171/2038/19 1172/2040/20 1176/2047/25 1167/2048/14
f 1171/2038/19 1167/2048/14 1166/2039/13
s 243
f 1159/2019/26 1158/2016/26 1157/2015/26 1163/2034/26
s 244
f 1169/2049/27 1168/2050/27 1166/2051/27 1165/2052/27
s 245
f 1173/2041/28 1172/2040/28 1171/2038/28 1170/2035/28
s 246
f 1177/2053/1 1178/2054/1 1179/2055/1 1180/2056/1
s 247
f 1181/2057/2 1182/2058/3 1178/2054/4 1177/2053/5
f 1182/2059/3 1183/2060/6 1184/2061/7 1185/2062/8
f 1183/2060/6 1186/2063/9 1184/2061/7
f 1183/2060/6 1187/2064/10 1188/2065/11 1186/2063/9
f 1189/2066/12 1188/2067/11 1187/2068/10
f 1189/2066/12 1190/2069/13 1191/2070/14 1188/2067/11
f 1192/2071/15 1193/2072/16 1177/2073/5 1180/2074/17
f 1193/2072/16 1181/2075/2 1177/2073/5
f 1193/2072/16 1189/2066/12 1187/2068/10 1181/2075/2
f 1194/2076/18 1192/2077/15 1180/2078/17
f 1194/2076/18 1195/2079/19 1190/2080/13 1192/2077/15
f 1196/2081/20 1197/2082/21 1198/2083/22 1199/2084/23
f 1197/2082/21 1179/2085/24 1198/2083/22
f 1197/2082/21 1194/2076/18 1180/2078/17 1179/2085/24
f 1185/2086/8 1198/2087/22 1179/2088/24 1178/2089/4
f 1182/2090/3 1185/2086/8 1178/2089/4
f 1196/2081/20 1199/2084/23 1200/2091/25
f 1195/2079/19 1196/2081/20 1200/2091/25 1191/2092/14
f 1195/2079/19 1191/2092/14 1190/2080/13
s 248
f 1183/2060/26 1182/2059/26 1181/2093/26 1187/2064/26
s 249
f 1193/2072/27 1192/2071/27 1190/2069/27 1189/2066/27
s 250
f 1197/2082/28 1196/2081/28 1195/2079/28 1194/2076/28
s 251
f 1201/2094/1 1202/2095/1 1203/2096/1 1204/2097/1
s 252
f 1202/2095/4 1201/2094/5 1205/2098/2 1206/2099/3
f 1201/2100/5 1207/2101/16 1205/2102/2
f 1201/2100/5 1204/2103/17 1208/2104/15 1207/2101/16
f 1204/2105/17 1209/2106/18 1208/2107/15
f 1204/2105/17 1203/2108/24 1210/2109/21 1209/2106/18
f 1203/2108/24 1211/2110/22 1210/2109/21
f 1203/2111/24 1202/2112/4 1212/2113/8 1211/2114/22
f 1212/2113/8 1202/2112/4 1206/2115/3
f 1213/2116/7 1212/2113/8 1206/2115/3 1214/2117/6
f 1207/2101/16 1215/2118/12 1216/2119/10 1205/2102/2
f 1217/2120/14 1218/2121/11 1215/2118/12 1219/2122/13
f 1215/2118/12 1218/2121/11 1216/2119/10
f 1218/2123/11 1220/2124/9 1214/2125/6 1216/2126/10
f 1220/2127/9 1213/2116/7 1214/2117/6
f 1221/2128/19 1217/2129/14 1219/2130/13
f 1222/2131/25 1217/2129/14 1221/2128/19 1223/2132/20
f 1209/2106/18 1221/2128/19 1219/2130/13 1208/2107/15
f 1211/2110/22 1224/2133/23 1223/2132/20 1210/2109/21
f 1224/2133/23 1222/2131/25 1223/2132/20
s 253
f 1205/2134/26 1216/2135/26 1214/2136/26 1206/2137/26
s 254
f 1219/2122/27 1215/2118/27 1207/2101/27 1208/2104/27
s 255
f 1221/2128/28 1209/2106/28 1210/2109/28 1223/2132/28
s 256
f 1225/2138/1 1226/2139/1 1227/2140/1 1228/2141/1
s 257
f 1226/2142/4 1225/2143/5 1229/2144/2 1230/2145/3
f 1225/2143/5 1231/2146/16 1229/2144/2
f 1225/2147/5 1228/2148/17 1232/2149/15 1231/2150/16
f 1228/2151/17 1233/2152/18 1232/2153/15
f 1228/2151/17 1227/2154/24 1234/2155/21 1233/2152/18
f 1227/2154/24 1235/2156/22 1234/2155/21
f 1227/2140/24 1226/2139/4 1236/2157/8 1235/2158/22
f 1236/2159/8 1226/2142/4 1230/2145/3
f 1237/2160/7 1236/2159/8 1230/2145/3 1238/2161/6
f 1231/2146/16 1239/2162/12 1240/2163/10 1229/2144/2
f 1241/2164/14 1242/2165/11 1239/2166/12 1243/2167/13
f 1239/2162/12 1242/2168/11 1240/2163/10
f 1242/2168/11 1244/2169/9 1238/2161/6 1240/2163/10
f 1244/2169/9 1237/2160/7 1238/2161/6
f 1245/2170/19 1241/2171/14 1243/2172/13
f 1246/2173/25 1241/2171/14 1245/2170/19 1247/2174/20
f 1233/2152/18 1245/2170/19 1243/2172/13 1232/2153/15
f 1235/2156/22 1248/2175/23 1247/2174/20 1234/2155/21
f 1248/2175/23 1246/2173/25 1247/2174/20
s 258
f 1229/2144/26 1240/2163/26 1238/2161/26 1230/2145/26
s 259
f 1243/2167/27 1239/2166/27 1231/2150/27 1232/2149/27
s 260
f 1245/2170/28 1233/2152/28 1234/2155/28 1247/2174/28
s 261
f 1249/2176/1 1250/2177/1 1251/2178/1 1252/2179/1
s 262
f 1253/2180/2 1254/2181/3 1250/2182/4 1249/2183/5
f 1254/2181/3 1255/2184/6 1256/2185/7 1257/2186/8
f 1255/2184/6 1258/2187/9 1256/2185/7
f 1255/2184/6 1259/2188/10 1260/2189/11 1258/2187/9
f 1261/2190/12 1260/2189/11 1259/2188/10
f 1261/2191/12 1262/2192/13 1263/2193/14 1260/2194/11
f 1264/2195/15 1265/2196/16 1249/2176/5 1252/2179/17
f 1265/2197/16 1253/2180/2 1249/2183/5
f 1265/2197/16 1261/2190/12 1259/2188/10 1253/2180/2
f 1266/2198/18 1264/2195/15 1252/2179/17
f 1266/2199/18 1267/2200/19 1262/2201/13 1264/2202/15
f 1268/2203/20 1269/2204/21 1270/2205/22 1271/2206/23
f 1269/2207/21 1251/2178/24 1270/2208/22
f 1269/2207/21 1266/2198/18 1252/2179/17 1251/2178/24
f 1257/2209/8 1270/2208/22 1251/2178/24 1250/2177/4
f 1254/2181/3 1257/2186/8 1250/2182/4
f 1268/2203/20 1271/2206/23 1272/2210/25
f 1267/2211/19 1268/2203/20 1272/2210/25 1263/2212/14
f 1267/2213/19 1263/2193/14 1262/2192/13
s 263
f 1255/2184/26 1254/2181/26 1253/2180/26 1259/2188/26
s 264
f 1265/2214/27 1264/2202/27 1262/2201/27 1261/2215/27
s 265
f 1269/2204/28 1268/2203/28 1267/2211/28 1266/2216/28
s 266
f 1273/2217/1 1274/2218/1 1275/2219/1 1276/2220/1
s 267
f 1277/2221/2 1278/2222/3 1274/2223/4 1273/2224/5
f 1278/2222/3 1279/2225/6 1280/2226/7 1281/2227/8
f 1279/2225/6 1282/2228/9 1280/2226/7
f 1279/2225/6 1283/2229/10 1284/2230/11 1282/2228/9
f 1285/2231/12 1284/2230/11 1283/2229/10
f 1285/2232/12 1286/2233/13 1287/2234/14 1284/2235/11
f 1288/2236/15 1289/2237/16 1273/2217/5 1276/2220/17
f 1289/2238/16 1277/2221/2 1273/2224/5
f 1289/2238/16 1285/2231/12 1283/2229/10 1277/2221/2
f 1290/2239/18 1288/2236/15 1276/2220/17
f 1290/2240/18 1291/2241/19 1286/2242/13 1288/2243/15
f 1292/2244/20 1293/2245/21 1294/2246/22 1295/2247/23
f 1293/2248/21 1275/2219/24 1294/2249/22
f 1293/2248/21 1290/2239/18 1276/2220/17 1275/2219/24
f 1281/2250/8 1294/2249/22 1275/2219/24 1274/2218/4
f 1278/2222/3 1281/2227/8 1274/2223/4
f 1292/2244/20 1295/2247/23 1296/2251/25
f 1291/2252/19 1292/2244/20 1296/2251/25 1287/2253/14
f 1291/2254/19 1287/2234/14 1286/2233/13
s 268
f 1279/2225/26 1278/2222/26 1277/2221/26 1283/2229/26
s 269
f 1289/2255/27 1288/2243/27 1286/2242/27 1285/2256/27
s 270
f 1293/2245/28 1292/2244/28 1291/2252/28 1290/2257/28
s 271
f 1297/2258/1 1298/2259/1 1299/2260/1 1300/2261/1
s 272
f 1301/2262/2 1302/2263/3 1298/2259/4 1297/2258/5
f 1302/2264/3 1303/2265/6 1304/2266/7 1305/2267/8
f 1303/2265/6 1306/2268/9 1304/2266/7
f 1303/2265/6 1307/2269/10 1308/2270/11 1306/2268/9
f 1309/2271/12 1308/2272/11 1307/2273/10
f 1309/2271/12 1310/2274/13 1311/2275/14 1308/2272/11
f 1312/2276/15 1313/2277/16 1297/2278/5 1300/2279/17
f 1313/2277/16 1301/2280/2 1297/2278/5
f 1313/2277/16 1309/2271/12 1307/2273/10 1301/2280/2
f 1314/2281/18 1312/2282/15 1300/2283/17
f 1314/2281/18 1315/2284/19 1310/2285/13 1312/2282/15
f 1316/2286/20 1317/2287/21 1318/2288/22 1319/2289/23
f 1317/2287/21 1299/2290/24 1318/2288/22
f 1317/2287/21 1314/2281/18 1300/2283/17 1299/2290/24
f 1305/2291/8 1318/2292/22 1299/2293/24 1298/2294/4
f 1302/2295/3 1305/2291/8 1298/2294/4
f 1316/2286/20 1319/2289/23 1320/2296/25
f 1315/2284/19 1316/2286/20 1320/2296/25 1311/2297/14
f 1315/2284/19 1311/2297/14 1310/2285/13
s 273
f 1303/2265/26 1302/2264/26 1301/2298/26 1307/2269/26
s 274
f 1313/2277/27 1312/2276/27 1310/2274/27 1309/2271/27
s 275
f 1317/2287/28 1316/2286/28 1315/2284/28 1314/2281/28
s 276
f 1321/2299/1 1322/2300/1 1323/2301/1 1324/2302/1
s 277
f 1322/2303/4 1321/2304/5 1325/2305/2 1326/2306/3
f 1321/2307/5 1327/2308/16 1325/2309/2
f 1321/2307/5 1324/2310/17 1328/2311/15 1327/2308/16
f 1324/2310/17 1329/2312/18 1328/2311/15
f 1324/2313/17 1323/2314/24 1330/2315/21 1329/2316/18
f 1323/2317/24 1331/2318/22 1330/2319/21
f 1323/2317/24 1322/2320/4 1332/2321/8 1331/2318/22
f 1332/2322/8 1322/2303/4 1326/2306/3
f 1333/2323/7 1332/2322/8 1326/2306/3 1334/2324/6
f 1327/2308/16 1335/2325/12 1336/2326/10 1325/2309/2
f 1337/2327/14 1338/2328/11 1335/2325/12 1339/2329/13
f 1335/2325/12 1338/2328/11 1336/2326/10
f 1338/2330/11 1340/2331/9 1334/2324/6 1336/2332/10
f 1340/2331/9 1333/2323/7 1334/2324/6
f 1341/2333/19 1337/2327/14 1339/2329/13
f 1342/2334/25 1337/2335/14 1341/2336/19 1343/2337/20
f 1329/2312/18 1341/2333/19 1339/2329/13 1328/2311/15
f 1331/2318/22 1344/2338/23 1343/2339/20 1330/2319/21
f 1344/2340/23 1342/2334/25 1343/2337/20
s 278
f 1325/2305/26 1336/2332/26 1334/2324/26 1326/2306/26
s 279
f 1339/2329/27 1335/2325/27 1327/2308/27 1328/2311/27
s 280
f 1341/2341/28 1329/2316/28 1330/2315/28 1343/2342/28
s 281
f 1345/2343/1 1346/2344/1 1347/2345/1 1348/2346/1
s 282
f 1349/2347/2 1350/2348/3 1346/2344/4 1345/2343/5
f 1350/2349/3 1351/2350/6 1352/2351/7 1353/2352/8
f 1351/2353/6 1354/2354/9 1352/2355/7
f 1351/2353/6 1355/2356/10 1356/2357/11 1354/2354/9
f 1357/2358/12 1356/2357/11 1355/2356/10
f 1357/2358/12 1358/2359/13 1359/2360/14 1356/2357/11
f 1360/2361/15 1361/2362/16 1345/2343/5 1348/2346/17
f 1361/2362/16 1349/2347/2 1345/2343/5
f 1361/2363/16 1357/2364/12 1355/2365/10 1349/2366/2
f 1362/2367/18 1360/2361/15 1348/2346/17
f 1362/2368/18 1363/2369/19 1358/2370/13 1360/2371/15
f 1364/2372/20 1365/2373/21 1366/2374/22 1367/2375/23
f 1365/2376/21 1347/2345/24 1366/2377/22
f 1365/2376/21 1362/2367/18 1348/2346/17 1347/2345/24
f 1353/2378/8 1366/2377/22 1347/2345/24 1346/2344/4
f 1350/2348/3 1353/2378/8 1346/2344/4
f 1364/2372/20 1367/2375/23 1368/2379/25
f 1363/2380/19 1364/2372/20 1368/2379/25 1359/2381/14
f 1363/2382/19 1359/2360/14 1358/2359/13
s 283
f 1351/2350/26 1350/2349/26 1349/2383/26 1355/2384/26
s 284
f 1361/2363/27 1360/2371/27 1358/2370/27 1357/2364/27
s 285
f 1365/2373/28 1364/2372/28 1363/2380/28 1362/2385/28
s 286
f 1369/2386/1 1370/2387/1 1371/2388/1 1372/2389/1
s 287
f 1370/2390/4 1369/2391/5 1373/2392/2 1374/2393/3
f 1369/2394/5 1375/2395/16 1373/2396/2
f 1369/2394/5 1372/2397/17 1376/2398/15 1375/2395/16
f 1372/2397/17 1377/2399/18 1376/2398/15
f 1372/2400/17 1371/2401/24 1378/2402/21 1377/2403/18
f 1371/2401/24 1379/2404/22 1378/2402/21
f 1371/2388/24 1370/2387/4 1380/2405/8 1379/2406/22
f 1380/2407/8 1370/2390/4 1374/2393/3
f 1381/2408/7 1380/2407/8 1374/2393/3 1382/2409/6
f 1375/2395/16 1383/2410/12 1384/2411/10 1373/2396/2
f 1385/2412/14 1386/2413/11 1383/2410/12 1387/2414/13
f 1383/2410/12 1386/2413/11 1384/2411/10
f 1386/2415/11 1388/2416/9 1382/2409/6 1384/2417/10
f 1388/2416/9 1381/2408/7 1382/2409/6
f 1389/2418/19 1385/2412/14 1387/2414/13
f 1390/2419/25 1385/2420/14 1389/2421/19 1391/2422/20
f 1377/2399/18 1389/2418/19 1387/2414/13 1376/2398/15
f 1379/2404/22 1392/2423/23 1391/2424/20 1378/2402/21
f 1392/2425/23 1390/2419/25 1391/2422/20
s 288
f 1373/2392/26 1384/2417/26 1382/2409/26 1374/2393/26
s 289
f 1387/2414/27 1383/2410/27 1375/2395/27 1376/2398/27
s 290
f 1389/2426/28 1377/2403/28 1378/2402/28 1391/2424/28
s 291
f 1393/2427/1 1394/2428/1 1395/2429/1 1396/2430/1
s 292
f 1397/2431/2 1398/2432/3 1394/2428/4 1393/2427/5
f 1398/2433/3 1399/2434/6 1400/2435/7 1401/2436/8
f 1399/2437/6 1402/2438/9 1400/2439/7
f 1399/2437/6 1403/2440/10 1404/2441/11 1402/2438/9
f 1405/2442/12 1404/2443/11 1403/2444/10
f 1405/2442/12 1406/2445/13 1407/2446/14 1404/2443/11
f 1408/2447/15 1409/2448/16 1393/2449/5 1396/2450/17
f 1409/2448/16 1397/2451/2 1393/2449/5
f 1409/2448/16 1405/2442/12 1403/2444/10 1397/2451/2
f 1410/2452/18 1408/2447/15 1396/2450/17
f 1410/2452/18 1411/2453/19 1406/2445/13 1408/2447/15
f 1412/2454/20 1413/2455/21 1414/2456/22 1415/2457/23
f 1413/2455/21 1395/2458/24 1414/2456/22
f 1413/2455/21 1410/2459/18 1396/2460/17 1395/2458/24
f 1401/2461/8 1414/2462/22 1395/2429/24 1394/2428/4
f 1398/2432/3 1401/2461/8 1394/2428/4
f 1412/2454/20 1415/2457/23 1416/2463/25
f 1411/2464/19 1412/2454/20 1416/2463/25 1407/2465/14
f 1411/2453/19 1407/2446/14 1406/2445/13
s 293
f 1399/2434/26 1398/2433/26 1397/2466/26 1403/2467/26
s 294
f 1409/2448/27 1408/2447/27 1406/2445/27 1405/2442/27
s 295
f 1413/2455/28 1412/2454/28 1411/2464/28 1410/2459/28
s 296
f 1417/2468/1 1418/2469/1 1419/2470/1 1420/2471/1
s 297
f 1418/2469/4 1417/2468/5 1421/2472/2 1422/2473/3
f 1417/2474/5 1423/2475/16 1421/2476/2
f 1417/2474/5 1420/2477/17 1424/2478/15 1423/2475/16
f 1420/2477/17 1425/2479/18 1424/2478/15
f 1420/2471/17 1419/2470/24 1426/2480/21 1425/2481/18
f 1419/2482/24 1427/2483/22 1426/2484/21
f 1419/2482/24 1418/2485/4 1428/2486/8 1427/2483/22
f 1428/2486/8 1418/2485/4 1422/2487/3
f 1429/2488/7 1428/2486/8 1422/2487/3 1430/2489/6
f 1423/2475/16 1431/2490/12 1432/2491/10 1421/2476/2
f 1433/2492/14 1434/2493/11 1431/2490/12 1435/2494/13
f 1431/2490/12 1434/2493/11 1432/2491/10
f 1434/2495/11 1436/2496/9 1430/2497/6 1432/2498/10
f 1436/2499/9 1429/2488/7 1430/2489/6
f 1437/2500/19 1433/2492/14 1435/2494/13
f 1438/2501/25 1433/2502/14 1437/2503/19 1439/2504/20
f 1425/2479/18 1437/2500/19 1435/2494/13 1424/2478/15
f 1427/2483/22 1440/2505/23 1439/2506/20 1426/2484/21
f 1440/2507/23 1438/2501/25 1439/2504/20
s 298
f 1421/2508/26 1432/2509/26 1430/2510/26 1422/2511/26
s 299
f 1435/2494/27 1431/2490/27 1423/2475/27 1424/2478/27
s 300
f 1437/2512/28 1425/2513/28 1426/2514/28 1439/2515/28
s 301
f 1441/2516/1 1442/2517/1 1443/2518/1 1444/2519/1
s 302
f 1445/2520/2 1446/2521/3 1442/2517/4 1441/2516/5
f 1446/2522/3 1447/2523/6 1448/2524/7 1449/2525/8
f 1447/2526/6 1450/2527/9 1448/2528/7
f 1447/2526/6 1451/2529/10 1452/2530/11 1450/2527/9
f 1453/2531/12 1452/2530/11 1451/2529/10
f 1453/2531/12 1454/2532/13 1455/2533/14 1452/2530/11
f 1456/2534/15 1457/2535/16 1441/2516/5 1444/2519/17
f 1457/2535/16 1445/2520/2 1441/2516/5
f 1457/2536/16 1453/2537/12 1451/2538/10 1445/2539/2
f 1458/2540/18 1456/2541/15 1444/2542/17
f 1458/2540/18 1459/2543/19 1454/2544/13 1456/2541/15
f 1460/2545/20 1461/2546/21 1462/2547/22 1463/2548/23
f 1461/2546/21 1443/2549/24 1462/2547/22
f 1461/2546/21 1458/2540/18 1444/2542/17 1443/2549/24
f 1449/2525/8 1462/2550/22 1443/2551/24 1442/2552/4
f 1446/2522/3 1449/2525/8 1442/2552/4
f 1460/2545/20 1463/2548/23 1464/2553/25
f 1459/2543/19 1460/2545/20 1464/2553/25 1455/2554/14
f 1459/2543/19 1455/2554/14 1454/2544/13
s 303
f 1447/2555/26 1446/2556/26 1445/2557/26 1451/2558/26
s 304
f 1457/2536/27 1456/2559/27 1454/2560/27 1453/2537/27
s 305
f 1461/2546/28 1460/2545/28 1459/2543/28 1458/2540/28
s 306
f 1465/2561/1 1466/2562/1 1467/2563/1 1468/2564/1
s 307
f 1469/2565/2 1470/2566/3 1466/2562/4 1465/2561/5
f 1470/2567/3 1471/2568/6 1472/2569/7 1473/2570/8
f 1471/2571/6 1474/2572/9 1472/2573/7
f 1471/2571/6 1475/2574/10 1476/2575/11 1474/2572/9
f 1477/2576/12 1476/2575/11 1475/2574/10
f 1477/2576/12 1478/2577/13 1479/2578/14 1476/2575/11
f 1480/2579/15 1481/2580/16 1465/2561/5 1468/2564/17
f 1481/2580/16 1469/2565/2 1465/2561/5
f 1481/2581/16 1477/2582/12 1475/2583/10 1469/2584/2
f 1482/2585/18 1480/2586/15 1468/2587/17
f 1482/2585/18 1483/2588/19 1478/2589/13 1480/2586/15
f 1484/2590/20 1485/2591/21 1486/2592/22 1487/2593/23
f 1485/2591/21 1467/2594/24 1486/2592/22
f 1485/2591/21 1482/2585/18 1468/2587/17 1467/2594/24
f 1473/2595/8 1486/2596/22 1467/2563/24 1466/2562/4
f 1470/2566/3 1473/2595/8 1466/2562/4
f 1484/2590/20 1487/2593/23 1488/2597/25
f 1483/2588/19 1484/2590/20 1488/2597/25 1479/2598/14
f 1483/2588/19 1479/2598/14 1478/2589/13
s 308
f 1471/2568/26 1470/2567/26 1469/2599/26 1475/2600/26
s 309
f 1481/2581/27 1480/2601/27 1478/2602/27 1477/2582/27
s 310
f 1485/2591/28 1484/2590/28 1483/2588/28 1482/2585/28
s 311
f 1489/2603/1 1490/2604/1 1491/2605/1 1492/2606/1
s 312
f 1493/2607/2 1494/2608/3 1490/2604/4 1489/2603/5
f 1494/2609/3 1495/2610/6 1496/2611/7 1497/2612/8
f 1495/2613/6 1498/2614/9 1496/2615/7
f 1495/2613/6 1499/2616/10 1500/2617/11 1498/2614/9
f 1501/2618/12 1500/2617/11 1499/2616/10
f 1501/2618/12 1502/2619/13 1503/2620/14 1500/2617/11
f 1504/2621/15 1505/2622/16 1489/2603/5 1492/2606/17
f 1505/2622/16 1493/2607/2 1489/2603/5
f 1505/2623/16 1501/2624/12 1499/2625/10 1493/2626/2
f 1506/2627/18 1504/2621/15 1492/2606/17
f 1506/2628/18 1507/2629/19 1502/2630/13 1504/2631/15
f 1508/2632/20 1509/2633/21 1510/2634/22 1511/2635/23
f 1509/2636/21 1491/2605/24 1510/2637/22
f 1509/2636/21 1506/2627/18 1492/2606/17 1491/2605/24
f 1497/2638/8 1510/2637/22 1491/2605/24 1490/2604/4
f 1494/2608/3 1497/2638/8 1490/2604/4
f 1508/2632/20 1511/2635/23 1512/2639/25
f 1507/2640/19 1508/2632/20 1512/2639/25 1503/2641/14
f 1507/2642/19 1503/2620/14 1502/2619/13
s 313
f 1495/2610/26 1494/2609/26 1493/2643/26 1499/2644/26
s 314
f 1505/2623/27 1504/2631/27 1502/2630/27 1501/2624/27
s 315
f 1509/2633/28 1508/2632/28 1507/2640/28 1506/2645/28
s 316
f 1513/2646/1 1514/2647/1 1515/2648/1 1516/2649/1
s 317
f 1517/2650/2 1518/2651/3 1514/2652/4 1513/2653/5
f 1518/2651/3 1519/2654/6 1520/2655/7 1521/2656/8
f 1519/2657/6 1522/2658/9 1520/2659/7
f 1519/2657/6 1523/2660/10 1524/2661/11 1522/2658/9
f 1525/2662/12 1524/2661/11 1523/2660/10
f 1525/2662/12 1526/2663/13 1527/2664/14 1524/2661/11
f 1528/2665/15 1529/2666/16 1513/2646/5 1516/2649/17
f 1529/2667/16 1517/2650/2 1513/2653/5
f 1529/2667/16 1525/2668/12 1523/2669/10 1517/2650/2
f 1530/2670/18 1528/2671/15 1516/2672/17
f 1530/2670/18 1531/2673/19 1526/2674/13 1528/2671/15
f 1532/2675/20 1533/2676/21 1534/2677/22 1535/2678/23
f 1533/2676/21 1515/2679/24 1534/2677/22
f 1533/2676/21 1530/2670/18 1516/2672/17 1515/2679/24
f 1521/2680/8 1534/2681/22 1515/2648/24 1514/2647/4
f 1518/2651/3 1521/2656/8 1514/2652/4
f 1532/2675/20 1535/2678/23 1536/2682/25
f 1531/2673/19 1532/2675/20 1536/2682/25 1527/2683/14
f 1531/2673/19 1527/2683/14 1526/2674/13
s 318
f 1519/2654/26 1518/2651/26 1517/2650/26 1523/2669/26
s 319
f 1529/2684/27 1528/2685/27 1526/2686/27 1525/2687/27
s 320
f 1533/2676/28 1532/2675/28 1531/2673/28 1530/2670/28
s 321
f 1537/2688/1 1538/2689/1 1539/2690/1 1540/2691/1
s 322
f 1538/2689/4 1537/2688/5 1541/2692/2 1542/2693/3
f 1537/2694/5 1543/2695/16 1541/2696/2
f 1537/2694/5 1540/2697/17 1544/2698/15 1543/2695/16
f 1540/2697/17 1545/2699/18 1544/2698/15
f 1540/2691/17 1539/2690/24 1546/2700/21 1545/2701/18
f 1539/2702/24 1547/2703/22 1546/2704/21
f 1539/2702/24 1538/2705/4 1548/2706/8 1547/2703/22
f 1548/2706/8 1538/2705/4 1542/2707/3
f 1549/2708/7 1548/2706/8 1542/2707/3 1550/2709/6
f 1543/2695/16 1551/2710/12 1552/2711/10 1541/2696/2
f 1553/2712/14 1554/2713/11 1551/2710/12 1555/2714/13
f 1551/2710/12 1554/2713/11 1552/2711/10
f 1554/2715/11 1556/2716/9 1550/2717/6 1552/2718/10
f 1556/2719/9 1549/2708/7 1550/2709/6
f 1557/2720/19 1553/2712/14 1555/2714/13
f 1558/2721/25 1553/2722/14 1557/2723/19 1559/2724/20
f 1545/2699/18 1557/2720/19 1555/2714/13 1544/2698/15
f 1547/2725/22 1560/2726/23 1559/2724/20 1546/2727/21
f 1560/2726/23 1558/2721/25 1559/2724/20
s 323
f 1541/2728/26 1552/2718/26 1550/2717/26 1542/2729/26
s 324
f 1555/2714/27 1551/2710/27 1543/2695/27 1544/2698/27
s 325
f 1557/2723/28 1545/2730/28 1546/2727/28 1559/2724/28
s 326
f 1561/2731/1 1562/2732/1 1563/2733/1 1564/2734/1
s 327
f 1565/2735/2 1566/2736/3 1562/2732/4 1561/2731/5
f 1566/2737/3 1567/2738/6 1568/2739/7 1569/2740/8
f 1567/2741/6 1570/2742/9 1568/2743/7
f 1567/2741/6 1571/2744/10 1572/2745/11 1570/2742/9
f 1573/2746/12 1572/2745/11 1571/2744/10
f 1573/2746/12 1574/2747/13 1575/2748/14 1572/2745/11
f 1576/2749/15 1577/2750/16 1561/2731/5 1564/2734/17
f 1577/2750/16 1565/2735/2 1561/2731/5
f 1577/2751/16 1573/2752/12 1571/2753/10 1565/2754/2
f 1578/2755/18 1576/2749/15 1564/2734/17
f 1578/2756/18 1579/2757/19 1574/2758/13 1576/2759/15
f 1580/2760/20 1581/2761/21 1582/2762/22 1583/2763/23
f 1581/2764/21 1563/2733/24 1582/2765/22
f 1581/2764/21 1578/2755/18 1564/2734/17 1563/2733/24
f 1569/2766/8 1582/2765/22 1563/2733/24 1562/2732/4
f 1566/2736/3 1569/2766/8 1562/2732/4
f 1580/2760/20 1583/2763/23 1584/2767/25
f 1579/2768/19 1580/2760/20 1584/2767/25 1575/2769/14
f 1579/2770/19 1575/2748/14 1574/2747/13
s 328
f 1567/2738/26 1566/2737/26 1565/2771/26 1571/2772/26
s 329
f 1577/2751/27 1576/2759/27 1574/2758/27 1573/2752/27
s 330
f 1581/2761/28 1580/2760/28 1579/2768/28 1578/2773/28
s 331
f 1585/2774/1 1586/2775/1 1587/2776/1 1588/2777/1
s 332
f 1589/2778/2 1590/2779/3 1586/2775/4 1585/2774/5
f 1590/2780/3 1591/2781/6 1592/2782/7 1593/2783/8
f 1591/2781/6 1594/2784/9 1592/2782/7
f 1591/2781/6 1595/2785/10 1596/2786/11 1594/2784/9
f 1597/2787/12 1596/2788/11 1595/2789/10
f 1597/2787/12 1598/2790/13 1599/2791/14 1596/2788/11
f 1600/2792/15 1601/2793/16 1585/2794/5 1588/2795/17
f 1601/2793/16 1589/2796/2 1585/2794/5
f 1601/2793/16 1597/2787/12 1595/2789/10 1589/2796/2
f 1602/2797/18 1600/2792/15 1588/2795/17
f 1602/2797/18 1603/2798/19 1598/2790/13 1600/2792/15
f 1604/2799/20 1605/2800/21 1606/2801/22 1607/2802/23
f 1605/2800/21 1587/2803/24 1606/2801/22
f 1605/2804/21 1602/2805/18 1588/2777/17 1587/2776/24
f 1593/2806/8 1606/2801/22 1587/2803/24 1586/2807/4
f 1590/2808/3 1593/2806/8 1586/2807/4
f 1604/2799/20 1607/2802/23 1608/2809/25
f 1603/2810/19 1604/2811/20 1608/2812/25 1599/2813/14
f 1603/2798/19 1599/2791/14 1598/2790/13
s 333
f 1591/2781/26 1590/2780/26 1589/2814/26 1595/2785/26
s 334
f 1601/2793/27 1600/2792/27 1598/2790/27 1597/2787/27
s 335
f 1605/2815/28 1604/2811/28 1603/2810/28 1602/2816/28
s 336
f 1609/2817/1 1610/2818/1 1611/2819/1 1612/2820/1
s 337
f 1610/2821/4 1609/2822/5 1613/2823/2 1614/2824/3
f 1609/2822/5 1615/2825/16 1613/2823/2
f 1609/2826/5 1612/2827/17 1616/2828/15 1615/2829/16
f 1612/2827/17 1617/2830/18 1616/2828/15
f 1612/2820/17 1611/2819/24 1618/2831/21 1617/2832/18
f 1611/2833/24 1619/2834/22 1618/2835/21
f 1611/2833/24 1610/2836/4 1620/2837/8 1619/2834/22
f 1620/2838/8 1610/2821/4 1614/2824/3
f 1621/2839/7 1620/2838/8 1614/2824/3 1622/2840/6
f 1615/2825/16 1623/2841/12 1624/2842/10 1613/2823/2
f 1625/2843/14 1626/2844/11 1623/2845/12 1627/2846/13
f 1623/2841/12 1626/2847/11 1624/2842/10
f 1626/2847/11 1628/2848/9 1622/2840/6 1624/2842/10
f 1628/2848/9 1621/2839/7 1622/2840/6
f 1629/2849/19 1625/2843/14 1627/2846/13
f 1630/2850/25 1625/2851/14 1629/2852/19 1631/2853/20
f 1617/2830/18 1629/2849/19 1627/2846/13 1616/2828/15
f 1619/2854/22 1632/2855/23 1631/2853/20 1618/2856/21
f 1632/2855/23 1630/2850/25 1631/2853/20
s 338
f 1613/2823/26 1624/2842/26 1622/2840/26 1614/2824/26
s 339
f 1627/2846/27 1623/2845/27 1615/2829/27 1616/2828/27
s 340
f 1629/2852/28 1617/2857/28 1618/2856/28 1631/2853/28
s 341
f 1633/2858/1 1634/2859/1 1635/2860/1 1636/2861/1
s 342
f 1637/2862/2 1638/2863/3 1634/2859/4 1633/2858/5
f 1638/2864/3 1639/2865/6 1640/2866/7 1641/2867/8
f 1639/2868/6 1642/2869/9 1640/2870/7
f 1639/2868/6 1643/2871/10 1644/2872/11 1642/2869/9
f 1645/2873/12 1644/2872/11 1643/2871/10
f 1645/2873/12 1646/2874/13 1647/2875/14 1644/2872/11
f 1648/2876/15 1649/2877/16 1633/2858/5 1636/2861/17
f 1649/2877/16 1637/2862/2 1633/2858/5
f 1649/2878/16 1645/2879/12 1643/2880/10 1637/2881/2
f 1650/2882/18 1648/2876/15 1636/2861/17
f 1650/2883/18 1651/2884/19 1646/2885/13 1648/2886/15
f 1652/2887/20 1653/2888/21 1654/2889/22 1655/2890/23
f 1653/2891/21 1635/2860/24 1654/2892/22
f 1653/2891/21 1650/2882/18 1636/2861/17 1635/2860/24
f 1641/2893/8 1654/2892/22 1635/2860/24 1634/2859/4
f 1638/2863/3 1641/2893/8 1634/2859/4
f 1652/2887/20 1655/2890/23 1656/2894/25
f 1651/2895/19 1652/2887/20 1656/2894/25 1647/2896/14
f 1651/2897/19 1647/2875/14 1646/2874/13
s 343
f 1639/2865/26 1638/2864/26 1637/2898/26 1643/2899/26
s 344
f 1649/2878/27 1648/2886/27 1646/2885/27 1645/2879/27
s 345
f 1653/2888/28 1652/2887/28 1651/2895/28 1650/2900/28
s 346
f 1657/2901/1 1658/2902/1 1659/2903/1 1660/2904/1
s 347
f 1658/2905/4 1657/2906/5 1661/2907/2 1662/2908/3
f 1657/2909/5 1663/2910/16 1661/2911/2
f 1657/2909/5 1660/2912/17 1664/2913/15 1663/2910/16
f 1660/2912/17 1665/2914/18 1664/2913/15
f 1660/2915/17 1659/2916/24 1666/2917/21 1665/2918/18
f 1659/2916/24 1667/2919/22 1666/2917/21
f 1659/2920/24 1658/2921/4 1668/2922/8 1667/2923/22
f 1668/2922/8 1658/2921/4 1662/2924/3
f 1669/2925/7 1668/2922/8 1662/2924/3 1670/2926/6
f 1663/2910/16 1671/2927/12 1672/2928/10 1661/2911/2
f 1673/2929/14 1674/2930/11 1671/2927/12 1675/2931/13
f 1671/2927/12 1674/2930/11 1672/2928/10
f 1674/2932/11 1676/2933/9 1670/2934/6 1672/2935/10
f 1676/2936/9 1669/2925/7 1670/2926/6
f 1677/2937/19 1673/2929/14 1675/2931/13
f 1678/2938/25 1673/2939/14 1677/2940/19 1679/2941/20
f 1665/2914/18 1677/2937/19 1675/2931/13 1664/2913/15
f 1667/2919/22 1680/2942/23 1679/2941/20 1666/2917/21
f 1680/2942/23 1678/2938/25 1679/2941/20
s 348
f 1661/2907/26 1672/2935/26 1670/2934/26 1662/2908/26
s 349
f 1675/2931/27 1671/2927/27 1663/2910/27 1664/2913/27
s 350
f 1677/2940/28 1665/2918/28 1666/2917/28 1679/2941/28
s 351
f 1681/2943/1 1682/2944/1 1683/2945/1 1684/2946/1
s 352
f 1682/2947/4 1681/2948/5 1685/2949/2 1686/2950/3
f 1681/2948/5 1687/2951/16 1685/2949/2
f 1681/2952/5 1684/2953/17 1688/2954/15 1687/2955/16
f 1684/2953/17 1689/2956/18 1688/2954/15
f 1684/2946/17 1683/2945/24 1690/2957/21 1689/2958/18
f 1683/2959/24 1691/2960/22 1690/2961/21
f 1683/2959/24 1682/2962/4 1692/2963/8 1691/2960/22
f 1692/2964/8 1682/2947/4 1686/2950/3
f 1693/2965/7 1692/2964/8 1686/2950/3 1694/2966/6
f 1687/2951/16 1695/2967/12 1696/2968/10 1685/2949/2
f 1697/2969/14 1698/2970/11 1695/2971/12 1699/2972/13
f 1695/2967/12 1698/2973/11 1696/2968/10
f 1698/2973/11 1700/2974/9 1694/2966/6 1696/2968/10
f 1700/2974/9 1693/2965/7 1694/2966/6
f 1701/2975/19 1697/2969/14 1699/2972/13
f 1702/2976/25 1697/2977/14 1701/2978/19 1703/2979/20
f 1689/2956/18 1701/2975/19 1699/2972/13 1688/2954/15
f 1691/2960/22 1704/2980/23 1703/2981/20 1690/2961/21
f 1704/2982/23 1702/2976/25 1703/2979/20
s 353
f 1685/2949/26 1696/2968/26 1694/2966/26 1686/2950/26
s 354
f 1699/2972/27 1695/2971/27 1687/2955/27 1688/2954/27
s 355
f 1701/2983/28 1689/2984/28 1690/2985/28 1703/2986/28
s 356
f 1705/2987/1 1706/2988/1 1707/2989/1 1708/2990/1
s 357
f 1709/2991/2 1710/2992/3 1706/2993/4 1705/2994/5
f 1710/2992/3 1711/2995/6 1712/2996/7 1713/2997/8
f 1711/2995/6 1714/2998/9 1712/2996/7
f 1711/2995/6 1715/2999/10 1716/3000/11 1714/2998/9
f 1717/3001/12 1716/3000/11 1715/2999/10
f 1717/3002/12 1718/3003/13 1719/3004/14 1716/3005/11
f 1720/3006/15 1721/3007/16 1705/2987/5 1708/2990/17
f 1721/3008/16 1709/2991/2 1705/2994/5
f 1721/3008/16 1717/3001/12 1715/2999/10 1709/2991/2
f 1722/3009/18 1720/3010/15 1708/3011/17
f 1722/3009/18 1723/3012/19 1718/3013/13 1720/3010/15
f 1724/3014/20 1725/3015/21 1726/3016/22 1727/3017/23
f 1725/3015/21 1707/3018/24 1726/3016/22
f 1725/3015/21 1722/3009/18 1708/3011/17 1707/3018/24
f 1713/3019/8 1726/3020/22 1707/2989/24 1706/2988/4
f 1710/2992/3 1713/2997/8 1706/2993/4
f 1724/3014/20 1727/3017/23 1728/3021/25
f 1723/3012/19 1724/3014/20 1728/3021/25 1719/3022/14
f 1723/3012/19 1719/3022/14 1718/3013/13
s 358
f 1711/2995/26 1710/2992/26 1709/2991/26 1715/2999/26
s 359
f 1721/3023/27 1720/3024/27 1718/3003/27 1717/3002/27
s 360
f 1725/3015/28 1724/3014/28 1723/3012/28 1722/3009/28
s 361
f 1729/3025/1 1730/3026/1 1731/3027/1 1732/3028/1
s 362
f 1730/3026/4 1729/3025/5 1733/3029/2 1734/3030/3
f 1729/3031/5 1735/3032/16 1733/3033/2
f 1729/3031/5 1732/3034/17 1736/3035/15 1735/3032/16
f 1732/3036/17 1737/3037/18 1736/3038/15
f 1732/3036/17 1731/3039/24 1738/3040/21 1737/3037/18
f 1731/3039/24 1739/3041/22 1738/3040/21
f 1731/3042/24 1730/3043/4 1740/3044/8 1739/3045/22
f 1740/3044/8 1730/3043/4 1734/3046/3
f 1741/3047/7 1740/3044/8 1734/3046/3 1742/3048/6
f 1735/3032/16 1743/3049/12 1744/3050/10 1733/3033/2
f 1745/3051/14 1746/3052/11 1743/3049/12 1747/3053/13
f 1743/3049/12 1746/3052/11 1744/3050/10
f 1746/3054/11 1748/3055/9 1742/3056/6 1744/3057/10
f 1748/3058/9 1741/3047/7 1742/3048/6
f 1749/3059/19 1745/3060/14 1747/3061/13
f 1750/3062/25 1745/3060/14 1749/3059/19 1751/3063/20
f 1737/3037/18 1749/3059/19 1747/3061/13 1736/3038/15
f 1739/3041/22 1752/3064/23 1751/3063/20 1738/3040/21
f 1752/3064/23 1750/3062/25 1751/3063/20
s 363
f 1733/3065/26 1744/3057/26 1742/3056/26 1734/3066/26
s 364
f 1747/3053/27 1743/3049/27 1735/3032/27 1736/3035/27
s 365
f 1749/3059/28 1737/3037/28 1738/3040/28 1751/3063/28
s 366
f 1753/3067/1 1754/3068/1 1755/3069/1 1756/3070/1
s 367
f 1757/3071/2 1758/3072/3 1754/3068/4 1753/3067/5
f 1758/3073/3 1759/3074/6 1760/3075/7 1761/3076/8
f 1759/3077/6 1762/3078/9 1760/3079/7
f 1759/3077/6 1763/3080/10 1764/3081/11 1762/3078/9
f 1765/3082/12 1764/3081/11 1763/3080/10
f 1765/3082/12 1766/3083/13 1767/3084/14 1764/3081/11
f 1768/3085/15 1769/3086/16 1753/3067/5 1756/3070/17
f 1769/3086/16 1757/3071/2 1753/3067/5
f 1769/3087/16 1765/3088/12 1763/3089/10 1757/3090/2
f 1770/3091/18 1768/3092/15 1756/3093/17
f 1770/3091/18 1771/3094/19 1766/3095/13 1768/3092/15
f 1772/3096/20 1773/3097/21 1774/3098/22 1775/3099/23
f 1773/3097/21 1755/3100/24 1774/3098/22
f 1773/3097/21 1770/3091/18 1756/3093/17 1755/3100/24
f 1761/3101/8 1774/3102/22 1755/3069/24 1754/3068/4
f 1758/3072/3 1761/3101/8 1754/3068/4
f 1772/3096/20 1775/3099/23 1776/3103/25
f 1771/3094/19 1772/3096/20 1776/3103/25 1767/3104/14
f 1771/3094/19 1767/3104/14 1766/3095/13
s 368
f 1759/3074/26 1758/3073/26 1757/3105/26 1763/3106/26
s 369
f 1769/3087/27 1768/3107/27 1766/3108/27 1765/3088/27
s 370
f 1773/3097/28 1772/3096/28 1771/3094/28 1770/3091/28
s 371
f 1777/3109/1 1778/3110/1 1779/3111/1 1780/3112/1
s 372
f 1778/3110/4 1777/3109/5 1781/3113/2 1782/3114/3
f 1777/3115/5 1783/3116/16 1781/3117/2
f 1777/3115/5 1780/3118/17 1784/3119/15 1783/3116/16
f 1780/3118/17 1785/3120/18 1784/3119/15
f 1780/3112/17 1779/3111/24 1786/3121/21 1785/3122/18
f 1779/3123/24 1787/3124/22 1786/3125/21
f 1779/3123/24 1778/3126/4 1788/3127/8 1787/3124/22
f 1788/3127/8 1778/3126/4 1782/3128/3
f 1789/3129/7 1788/3127/8 1782/3128/3 1790/3130/6
f 1783/3116/16 1791/3131/12 1792/3132/10 1781/3117/2
f 1793/3133/14 1794/3134/11 1791/3131/12 1795/3135/13
f 1791/3131/12 1794/3134/11 1792/3132/10
f 1794/3136/11 1796/3137/9 1790/3138/6 1792/3139/10
f 1796/3140/9 1789/3129/7 1790/3130/6
f 1797/3141/19 1793/3133/14 1795/3135/13
f 1798/3142/25 1793/3143/14 1797/3144/19 1799/3145/20
f 1785/3120/18 1797/3141/19 1795/3135/13 1784/3119/15
f 1787/3146/22 1800/3147/23 1799/3145/20 1786/3148/21
f 1800/3147/23 1798/3142/25 1799/3145/20
s 373
f 1781/3149/26 1792/3139/26 1790/3138/26 1782/3150/26
s 374
f 1795/3135/27 1791/3131/27 1783/3116/27 1784/3119/27
s 375
f 1797/3144/28 1785/3151/28 1786/3148/28 1799/3145/28
s 376
f 1801/3152/1 1802/3153/1 1803/3154/1 1804/3155/1
s 377
f 1802/3156/4 1801/3157/5 1805/3158/2 1806/3159/3
f 1801/3157/5 1807/3160/16 1805/3158/2
f 1801/3161/5 1804/3162/17 1808/3163/15 1807/3164/16
f 1804/3165/17 1809/3166/18 1808/3167/15
f 1804/3165/17 1803/3168/24 1810/3169/21 1809/3166/18
f 1803/3168/24 1811/3170/22 1810/3169/21
f 1803/3154/24 1802/3153/4 1812/3171/8 1811/3172/22
f 1812/3173/8 1802/3156/4 1806/3159/3
f 1813/3174/7 1812/3173/8 1806/3159/3 1814/3175/6
f 1807/3160/16 1815/3176/12 1816/3177/10 1805/3158/2
f 1817/3178/14 1818/3179/11 1815/3180/12 1819/3181/13
f 1815/3176/12 1818/3182/11 1816/3177/10
f 1818/3182/11 1820/3183/9 1814/3175/6 1816/3177/10
f 1820/3183/9 1813/3174/7 1814/3175/6
f 1821/3184/19 1817/3185/14 1819/3186/13
f 1822/3187/25 1817/3185/14 1821/3184/19 1823/3188/20
f 1809/3166/18 1821/3184/19 1819/3186/13 1808/3167/15
f 1811/3170/22 1824/3189/23 1823/3188/20 1810/3169/21
f 1824/3189/23 1822/3187/25 1823/3188/20
s 378
f 1805/3158/26 1816/3177/26 1814/3175/26 1806/3159/26
s 379
f 1819/3181/27 1815/3180/27 1807/3164/27 1808/3163/27
s 380
f 1821/3184/28 1809/3166/28 1810/3169/28 1823/3188/28
s 381
f 1825/3190/1 1826/3191/1 1827/3192/1 1828/3193/1
s 382
f 1829/3194/2 1830/3195/3 1826/3191/4 1825/3190/5
f 1830/3196/3 1831/3197/6 1832/3198/7 1833/3199/8
f 1831/3200/6 1834/3201/9 1832/3202/7
f 1831/3200/6 1835/3203/10 1836/3204/11 1834/3201/9
f 1837/3205/12 1836/3206/11 1835/3207/10
f 1837/3205/12 1838/3208/13 1839/3209/14 1836/3206/11
f 1840/3210/15 1841/3211/16 1825/3212/5 1828/3213/17
f 1841/3211/16 1829/3214/2 1825/3212/5
f 1841/3211/16 1837/3205/12 1835/3207/10 1829/3214/2
f 1842/3215/18 1840/3210/15 1828/3213/17
f 1842/3215/18 1843/3216/19 1838/3208/13 1840/3210/15
f 1844/3217/20 1845/3218/21 1846/3219/22 1847/3220/23
f 1845/3218/21 1827/3221/24 1846/3219/22
f 1845/3218/21 1842/3222/18 1828/3223/17 1827/3221/24
f 1833/3224/8 1846/3225/22 1827/3192/24 1826/3191/4
f 1830/3195/3 1833/3224/8 1826/3191/4
f 1844/3217/20 1847/3220/23 1848/3226/25
f 1843/3227/19 1844/3217/20 1848/3226/25 1839/3228/14
f 1843/3216/19 1839/3209/14 1838/3208/13
s 383
f 1831/3197/26 1830/3196/26 1829/3229/26 1835/3230/26
s 384
f 1841/3211/27 1840/3210/27 1838/3208/27 1837/3205/27
s 385
f 1845/3218/28 1844/3217/28 1843/3227/28 1842/3222/28
s 386
f 1849/3231/1 1850/3232/1 1851/3233/1 1852/3234/1
s 387
f 1853/3235/29 1854/3236/30 1850/3237/4 1849/3238/5
f 1854/3236/30 1855/3239/31 1856/3240/32 1857/3241/33
f 1855/3239/31 1858/3242/34 1856/3240/32
f 1855/3239/31 1859/3243/35 1860/3244/36 1858/3242/34
f 1861/3245/37 1860/3244/36 1859/3243/35
f 1861/3246/37 1862/3247/38 1863/3248/39 1860/3249/36
f 1864/3250/40 1865/3251/41 1849/3231/5 1852/3234/17
f 1865/3252/41 1853/3235/29 1849/3238/5
f 1865/3252/41 1861/3245/37 1859/3243/35 1853/3235/29
f 1866/3253/42 1864/3250/40 1852/3234/17
f 1866/3254/42 1867/3255/43 1862/3256/38 1864/3257/40
f 1868/3258/44 1869/3259/45 1870/3260/46 1871/3261/47
f 1869/3262/45 1851/3233/24 1870/3263/46
f 1869/3262/45 1866/3253/42 1852/3234/17 1851/3233/24
f 1857/3264/33 1870/3263/46 1851/3233/24 1850/3232/4
f 1854/3236/30 1857/3241/33 1850/3237/4
f 1868/3258/44 1871/3261/47 1872/3265/48
f 1867/3255/43 1868/3258/44 1872/3265/48 1863/3266/39
f 1867/3255/43 1863/3266/39 1862/3256/38
s 388
f 1855/3239/26 1854/3236/26 1853/3235/26 1859/3243/26
s 389
f 1865/3267/27 1864/3268/27 1862/3247/27 1861/3246/27
s 390
f 1869/3259/28 1868/3258/28 1867/3255/28 1866/3254/28
s 391
f 1873/3269/1 1874/3270/1 1875/3271/1 1876/3272/1
s 392
f 1874/3273/4 1873/3274/5 1877/3275/2 1878/3276/3
f 1873/3277/5 1879/3278/16 1877/3279/2
f 1873/3277/5 1876/3280/17 1880/3281/15 1879/3278/16
f 1876/3280/17 1881/3282/18 1880/3281/15
f 1876/3283/17 1875/3284/24 1882/3285/21 1881/3286/18
f 1875/3287/24 1883/3288/22 1882/3289/21
f 1875/3287/24 1874/3290/4 1884/3291/8 1883/3288/22
f 1884/3292/8 1874/3273/4 1878/3276/3
f 1885/3293/7 1884/3292/8 1878/3276/3 1886/3294/6
f 1879/3278/16 1887/3295/12 1888/3296/10 1877/3279/2
f 1889/3297/14 1890/3298/11 1887/3295/12 1891/3299/13
f 1887/3295/12 1890/3298/11 1888/3296/10
f 1890/3300/11 1892/3301/9 1886/3294/6 1888/3302/10
f 1892/3301/9 1885/3293/7 1886/3294/6
f 1893/3303/19 1889/3297/14 1891/3299/13
f 1894/3304/25 1889/3305/14 1893/3306/19 1895/3307/20
f 1881/3282/18 1893/3303/19 1891/3299/13 1880/3281/15
f 1883/3288/22 1896/3308/23 1895/3309/20 1882/3289/21
f 1896/3310/23 1894/3304/25 1895/3307/20
s 393
f 1877/3275/26 1888/3302/26 1886/3294/26 1878/3276/26
s 394
f 1891/3299/27 1887/3295/27 1879/3278/27 1880/3281/27
s 395
f 1893/3311/28 1881/3286/28 1882/3285/28 1895/3312/28
s 396
f 1897/3313/1 1898/3314/1 1899/3315/1 1900/3316/1
s 397
f 1901/3317/2 1902/3318/3 1898/3314/4 1897/3313/5
f 1902/3319/3 1903/3320/6 1904/3321/7 1905/3322/8
f 1903/3323/6 1906/3324/9 1904/3325/7
f 1903/3323/6 1907/3326/10 1908/3327/11 1906/3324/9
f 1909/3328/12 1908/3327/11 1907/3326/10
f 1909/3328/12 1910/3329/13 1911/3330/14 1908/3327/11
f 1912/3331/15 1913/3332/16 1897/3313/5 1900/3316/17
f 1913/3332/16 1901/3317/2 1897/3313/5
f 1913/3333/16 1909/3334/12 1907/3335/10 1901/3336/2
f 1914/3337/18 1912/3338/15 1900/3339/17
f 1914/3337/18 1915/3340/19 1910/3341/13 1912/3338/15
f 1916/3342/20 1917/3343/21 1918/3344/22 1919/3345/23
f 1917/3343/21 1899/3346/24 1918/3344/22
f 1917/3343/21 1914/3337/18 1900/3339/17 1899/3346/24
f 1905/3347/8 1918/3348/22 1899/3315/24 1898/3314/4
f 1902/3318/3 1905/3347/8 1898/3314/4
f 1916/3342/20 1919/3345/23 1920/3349/25
f 1915/3340/19 1916/3342/20 1920/3349/25 1911/3350/14
f 1915/3340/19 1911/3350/14 1910/3341/13
s 398
f 1903/3320/26 1902/3319/26 1901/3351/26 1907/3352/26
s 399
f 1913/3333/27 1912/3353/27 1910/3354/27 1909/3334/27
s 400
f 1917/3343/28 1916/3342/28 1915/3340/28 1914/3337/28
s 401
f 1921/3355/1 1922/3356/1 1923/3357/1 1924/3358/1
s 402
f 1925/3359/2 1926/3360/3 1922/3361/4 1921/3362/5
f 1926/3360/3 1927/3363/6 1928/3364/7 1929/3365/8
f 1927/3363/6 1930/3366/9 1928/3364/7
f 1927/3363/6 1931/3367/10 1932/3368/11 1930/3366/9
f 1933/3369/12 1932/3368/11 1931/3367/10
f 1933/3370/12 1934/3371/13 1935/3372/14 1932/3373/11
f 1936/3374/15 1937/3375/16 1921/3355/5 1924/3358/17
f 1937/3376/16 1925/3359/2 1921/3362/5
f 1937/3376/16 1933/3369/12 1931/3367/10 1925/3359/2
f 1938/3377/18 1936/3374/15 1924/3358/17
f 1938/3378/18 1939/3379/19 1934/3380/13 1936/3381/15
f 1940/3382/20 1941/3383/21 1942/3384/22 1943/3385/23
f 1941/3386/21 1923/3357/24 1942/3387/22
f 1941/3386/21 1938/3377/18 1924/3358/17 1923/3357/24
f 1929/3388/8 1942/3387/22 1923/3357/24 1922/3356/4
f 1926/3360/3 1929/3365/8 1922/3361/4
f 1940/3382/20 1943/3385/23 1944/3389/25
f 1939/3390/19 1940/3382/20 1944/3389/25 1935/3391/14
f 1939/3392/19 1935/3372/14 1934/3371/13
s 403
f 1927/3363/26 1926/3360/26 1925/3359/26 1931/3367/26
s 404
f 1937/3393/27 1936/3381/27 1934/3380/27 1933/3394/27
s 405
f 1941/3383/28 1940/3382/28 1939/3390/28 1938/3395/28
s 406
f 1945/3396/1 1946/3397/1 1947/3398/1 1948/3399/1
s 407
f 1949/3400/2 1950/3401/3 1946/3402/4 1945/3403/5
f 1950/3401/3 1951/3404/6 1952/3405/7 1953/3406/8
f 1951/3404/6 1954/3407/9 1952/3405/7
f 1951/3404/6 1955/3408/10 1956/3409/11 1954/3407/9
f 1957/3410/12 1956/3409/11 1955/3408/10
f 1957/3411/12 1958/3412/13 1959/3413/14 1956/3414/11
f 1960/3415/15 1961/3416/16 1945/3396/5 1948/3399/17
f 1961/3417/16 1949/3400/2 1945/3403/5
f 1961/3417/16 1957/3410/12 1955/3408/10 1949/3400/2
f 1962/3418/18 1960/3415/15 1948/3399/17
f 1962/3419/18 1963/3420/19 1958/3421/13 1960/3422/15
f 1964/3423/20 1965/3424/21 1966/3425/22 1967/3426/23
f 1965/3427/21 1947/3398/24 1966/3428/22
f 1965/3427/21 1962/3418/18 1948/3399/17 1947/3398/24
f 1953/3429/8 1966/3428/22 1947/3398/24 1946/3397/4
f 1950/3401/3 1953/3406/8 1946/3402/4
f 1964/3423/20 1967/3426/23 1968/3430/25
f 1963/3431/19 1964/3423/20 1968/3430/25 1959/3432/14
f 1963/3433/19 1959/3413/14 1958/3412/13
s 408
f 1951/3404/26 1950/3401/26 1949/3400/26 1955/3408/26
s 409
f 1961/3434/27 1960/3422/27 1958/3421/27 1957/3435/27
s 410
f 1965/3424/28 1964/3423/28 1963/3431/28 1962/3436/28
s 411
f 1969/3437/1 1970/3438/1 1971/3439/1 1972/3440/1
s 412
f 1970/3441/4 1969/3442/5 1973/3443/2 1974/3444/3
f 1969/3445/5 1975/3446/16 1973/3447/2
f 1969/3445/5 1972/3448/17 1976/3449/15 1975/3446/16
f 1972/3450/17 1977/3451/18 1976/3452/15
f 1972/3450/17 1971/3453/24 1978/3454/21 1977/3451/18
f 1971/3453/24 1979/3455/22 1978/3454/21
f 1971/3439/24 1970/3438/4 1980/3456/8 1979/3457/22
f 1980/3458/8 1970/3441/4 1974/3444/3
f 1981/3459/7 1980/3458/8 1974/3444/3 1982/3460/6
f 1975/3446/16 1983/3461/12 1984/3462/10 1973/3447/2
f 1985/3463/14 1986/3464/11 1983/3461/12 1987/3465/13
f 1983/3461/12 1986/3464/11 1984/3462/10
f 1986/3466/11 1988/3467/9 1982/3460/6 1984/3468/10
f 1988/3467/9 1981/3459/7 1982/3460/6
f 1989/3469/19 1985/3470/14 1987/3471/13
f 1990/3472/25 1985/3470/14 1989/3469/19 1991/3473/20
f 1977/3451/18 1989/3469/19 1987/3471/13 1976/3452/15
f 1979/3455/22 1992/3474/23 1991/3473/20 1978/3454/21
f 1992/3474/23 1990/3472/25 1991/3473/20
s 413
f 1973/3443/26 1984/3468/26 1982/3460/26 1974/3444/26
s 414
f 1987/3465/27 1983/3461/27 1975/3446/27 1976/3449/27
s 415
f 1989/3469/28 1977/3451/28 1978/3454/28 1991/3473/28
s 416
f 1993/3475/1 1994/3476/1 1995/3477/1 1996/3478/1
s 417
f 1994/3479/4 1993/3480/5 1997/3481/2 1998/3482/3
f 1993/3483/5 1999/3484/16 1997/3485/2
f 1993/3483/5 1996/3486/17 2000/3487/15 1999/3484/16
f 1996/3488/17 2001/3489/18 2000/3490/15
f 1996/3488/17 1995/3491/24 2002/3492/21 2001/3489/18
f 1995/3491/24 2003/3493/22 2002/3492/21
f 1995/3477/24 1994/3476/4 2004/3494/8 2003/3495/22
f 2004/3496/8 1994/3479/4 1998/3482/3
f 2005/3497/7 2004/3496/8 1998/3482/3 2006/3498/6
f 1999/3484/16 2007/3499/12 2008/3500/10 1997/3485/2
f 2009/3501/14 2010/3502/11 2007/3499/12 2011/3503/13
f 2007/3499/12 2010/3502/11 2008/3500/10
f 2010/3504/11 2012/3505/9 2006/3498/6 2008/3506/10
f 2012/3505/9 2005/3497/7 2006/3498/6
f 2013/3507/19 2009/3508/14 2011/3509/13
f 2014/3510/25 2009/3508/14 2013/3507/19 2015/3511/20
f 2001/3489/18 2013/3507/19 2011/3509/13 2000/3490/15
f 2003/3493/22 2016/3512/23 2015/3511/20 2002/3492/21
f 2016/3512/23 2014/3510/25 2015/3511/20
s 418
f 1997/3481/26 2008/3506/26 2006/3498/26 1998/3482/26
s 419
f 2011/3503/27 2007/3499/27 1999/3484/27 2000/3487/27
s 420
f 2013/3507/28 2001/3489/28 2002/3492/28 2015/3511/28
s 421
f 2017/3513/1 2018/3514/1 2019/3515/1 2020/3516/1
s 422
f 2021/3517/2 2022/3518/3 2018/3514/4 2017/3513/5
f 2022/3519/3 2023/3520/6 2024/3521/7 2025/3522/8
f 2023/3523/6 2026/3524/9 2024/3525/7
f 2023/3523/6 2027/3526/10 2028/3527/11 2026/3524/9
f 2029/3528/12 2028/3527/11 2027/3526/10
f 2029/3528/12 2030/3529/13 2031/3530/14 2028/3527/11
f 2032/3531/15 2033/3532/16 2017/3513/5 2020/3516/17
f 2033/3532/16 2021/3517/2 2017/3513/5
f 2033/3533/16 2029/3534/12 2027/3535/10 2021/3536/2
f 2034/3537/18 2032/3531/15 2020/3516/17
f 2034/3538/18 2035/3539/19 2030/3540/13 2032/3541/15
f 2036/3542/20 2037/3543/21 2038/3544/22 2039/3545/23
f 2037/3546/21 2019/3515/24 2038/3547/22
f 2037/3546/21 2034/3537/18 2020/3516/17 2019/3515/24
f 2025/3548/8 2038/3547/22 2019/3515/24 2018/3514/4
f 2022/3518/3 2025/3548/8 2018/3514/4
f 2036/3542/20 2039/3545/23 2040/3549/25
f 2035/3550/19 2036/3542/20 2040/3549/25 2031/3551/14
f 2035/3552/19 2031/3530/14 2030/3529/13
s 423
f 2023/3520/26 2022/3519/26 2021/3553/26 2027/3554/26
s 424
f 2033/3533/27 2032/3541/27 2030/3540/27 2029/3534/27
s 425
f 2037/3543/28 2036/3542/28 2035/3550/28 2034/3555/28
s 426
f 2041/3556/1 2042/3557/1 2043/3558/1 2044/3559/1
s 427
f 2045/3560/2 2046/3561/3 2042/3557/4 2041/3556/5
f 2046/3562/3 2047/3563/6 2048/3564/7 2049/3565/8
f 2047/3566/6 2050/3567/9 2048/3568/7
f 2047/3566/6 2051/3569/10 2052/3570/11 2050/3567/9
f 2053/3571/12 2052/3570/11 2051/3569/10
f 2053/3571/12 2054/3572/13 2055/3573/14 2052/3570/11
f 2056/3574/15 2057/3575/16 2041/3556/5 2044/3559/17
f 2057/3575/16 2045/3560/2 2041/3556/5
f 2057/3576/16 2053/3577/12 2051/3578/10 2045/3579/2
f 2058/3580/18 2056/3574/15 2044/3559/17
f 2058/3581/18 2059/3582/19 2054/3583/13 2056/3584/15
f 2060/3585/20 2061/3586/21 2062/3587/22 2063/3588/23
f 2061/3586/21 2043/3589/24 2062/3587/22
f 2061/3590/21 2058/3580/18 2044/3559/17 2043/3558/24
f 2049/3565/8 2062/3587/22 2043/3589/24 2042/3591/4
f 2046/3562/3 2049/3565/8 2042/3591/4
f 2060/3585/20 2063/3588/23 2064/3592/25
f 2059/3593/19 2060/3594/20 2064/3595/25 2055/3573/14
f 2059/3593/19 2055/3573/14 2054/3572/13
s 428
f 2047/3596/26 2046/3597/26 2045/3598/26 2051/3599/26
s 429
f 2057/3576/27 2056/3584/27 2054/3583/27 2053/3577/27
s 430
f 2061/3600/28 2060/3601/28 2059/3602/28 2058/3603/28
s 431
f 2065/3604/1 2066/3605/1 2067/3606/1 2068/3607/1
s 432
f 2066/3605/4 2065/3604/5 2069/3608/2 2070/3609/3
f 2065/3610/5 2071/3611/16 2069/3612/2
f 2065/3610/5 2068/3613/17 2072/3614/15 2071/3611/16
f 2068/3613/17 2073/3615/18 2072/3614/15
f 2068/3607/17 2067/3606/24 2074/3616/21 2073/3617/18
f 2067/3618/24 2075/3619/22 2074/3620/21
f 2067/3618/24 2066/3621/4 2076/3622/8 2075/3619/22
f 2076/3622/8 2066/3621/4 2070/3623/3
f 2077/3624/7 2076/3622/8 2070/3623/3 2078/3625/6
f 2071/3611/16 2079/3626/12 2080/3627/10 2069/3612/2
f 2081/3628/14 2082/3629/11 2079/3626/12 2083/3630/13
f 2079/3626/12 2082/3629/11 2080/3627/10
f 2082/3631/11 2084/3632/9 2078/3633/6 2080/3634/10
f 2084/3635/9 2077/3624/7 2078/3625/6
f 2085/3636/19 2081/3628/14 2083/3630/13
f 2086/3637/25 2081/3638/14 2085/3639/19 2087/3640/20
f 2073/3615/18 2085/3636/19 2083/3630/13 2072/3614/15
f 2075/3641/22 2088/3642/23 2087/3640/20 2074/3643/21
f 2088/3642/23 2086/3637/25 2087/3640/20
s 433
f 2069/3644/26 2080/3634/26 2078/3633/26 2070/3645/26
s 434
f 2083/3630/27 2079/3626/27 2071/3611/27 2072/3614/27
s 435
f 2085/3639/28 2073/3646/28 2074/3643/28 2087/3640/28
s 436
f 2089/3647/1 2090/3648/1 2091/3649/1 2092/3650/1
s 437
f 2093/3651/2 2094/3652/3 2090/3648/4 2089/3647/5
f 2094/3653/3 2095/3654/6 2096/3655/7 2097/3656/8
f 2095/3654/6 2098/3657/9 2096/3655/7
f 2095/3654/6 2099/3658/10 2100/3659/11 2098/3657/9
f 2101/3660/12 2100/3661/11 2099/3662/10
f 2101/3660/12 2102/3663/13 2103/3664/14 2100/3661/11
f 2104/3665/15 2105/3666/16 2089/3667/5 2092/3668/17
f 2105/3666/16 2093/3669/2 2089/3667/5
f 2105/3666/16 2101/3660/12 2099/3662/10 2093/3669/2
f 2106/3670/18 2104/3671/15 2092/3672/17
f 2106/3670/18 2107/3673/19 2102/3674/13 2104/3671/15
f 2108/3675/20 2109/3676/21 2110/3677/22 2111/3678/23
f 2109/3676/21 2091/3679/24 2110/3677/22
f 2109/3676/21 2106/3670/18 2092/3672/17 2091/3679/24
f 2097/3680/8 2110/3681/22 2091/3682/24 2090/3683/4
f 2094/3684/3 2097/3680/8 2090/3683/4
f 2108/3675/20 2111/3678/23 2112/3685/25
f 2107/3673/19 2108/3675/20 2112/3685/25 2103/3686/14
f 2107/3673/19 2103/3686/14 2102/3674/13
s 438
f 2095/3654/26 2094/3653/26 2093/3687/26 2099/3658/26
s 439
f 2105/3666/27 2104/3665/27 2102/3663/27 2101/3660/27
s 440
f 2109/3676/28 2108/3675/28 2107/3673/28 2106/3670/28
s 441
f 2113/3688/1 2114/3689/1 2115/3690/1 2116/3691/1
s 442
f 2114/3692/4 2113/3693/5 2117/3694/2 2118/3695/3
f 2113/3696/5 2119/3697/16 2117/3698/2
f 2113/3696/5 2116/3699/17 2120/3700/15 2119/3697/16
f 2116/3699/17 2121/3701/18 2120/3700/15
f 2116/3702/17 2115/3703/24 2122/3704/21 2121/3705/18
f 2115/3706/24 2123/3707/22 2122/3708/21
f 2115/3706/24 2114/3709/4 2124/3710/8 2123/3707/22
f 2124/3711/8 2114/3692/4 2118/3695/3
f 2125/3712/7 2124/3711/8 2118/3695/3 2126/3713/6
f 2119/3697/16 2127/3714/12 2128/3715/10 2117/3698/2
f 2129/3716/14 2130/3717/11 2127/3714/12 2131/3718/13
f 2127/3714/12 2130/3717/11 2128/3715/10
f 2130/3719/11 2132/3720/9 2126/3713/6 2128/3721/10
f 2132/3720/9 2125/3712/7 2126/3713/6
f 2133/3722/19 2129/3716/14 2131/3718/13
f 2134/3723/25 2129/3724/14 2133/3725/19 2135/3726/20
f 2121/3701/18 2133/3722/19 2131/3718/13 2120/3700/15
f 2123/3707/22 2136/3727/23 2135/3728/20 2122/3708/21
f 2136/3729/23 2134/3723/25 2135/3726/20
s 443
f 2117/3694/26 2128/3721/26 2126/3713/26 2118/3695/26
s 444
f 2131/3718/27 2127/3714/27 2119/3697/27 2120/3700/27
s 445
f 2133/3730/28 2121/3705/28 2122/3704/28 2135/3731/28
s 446
f 2137/3732/1 2138/3733/1 2139/3734/1 2140/3735/1
s 447
f 2138/3736/4 2137/3737/5 2141/3738/2 2142/3739/3
f 2137/3740/5 2143/3741/16 2141/3742/2
f 2137/3740/5 2140/3743/17 2144/3744/15 2143/3741/16
f 2140/3743/17 2145/3745/18 2144/3744/15
f 2140/3735/17 2139/3734/24 2146/3746/21 2145/3747/18
f 2139/3748/24 2147/3749/22 2146/3750/21
f 2139/3748/24 2138/3751/4 2148/3752/8 2147/3749/22
f 2148/3752/8 2138/3751/4 2142/3753/3
f 2149/3754/7 2148/3752/8 2142/3753/3 2150/3755/6
f 2143/3741/16 2151/3756/12 2152/3757/10 2141/3742/2
f 2153/3758/14 2154/3759/11 2151/3756/12 2155/3760/13
f 2151/3756/12 2154/3759/11 2152/3757/10
f 2154/3761/11 2156/3762/9 2150/3763/6 2152/3764/10
f 2156/3765/9 2149/3754/7 2150/3755/6
f 2157/3766/19 2153/3758/14 2155/3760/13
f 2158/3767/25 2153/3768/14 2157/3769/19 2159/3770/20
f 2145/3745/18 2157/3766/19 2155/3760/13 2144/3744/15
f 2147/3771/22 2160/3772/23 2159/3770/20 2146/3773/21
f 2160/3772/23 2158/3767/25 2159/3770/20
s 448
f 2141/3738/26 2152/3764/26 2150/3763/26 2142/3739/26
s 449
f 2155/3760/27 2151/3756/27 2143/3741/27 2144/3744/27
s 450
f 2157/3769/28 2145/3774/28 2146/3773/28 2159/3770/28
