# Blender v2.78 (sub 0) OBJ File: 'video_store_gum_ball_machine.blend'
# www.blender.org
mtllib video_store_gum_ball_machine.mtl
o Mesh20_geodesic_sphere_foot14_Group1_Model
v 0.040296 0.220000 0.069795
v 0.040296 0.235000 0.069795
v 0.020859 0.235000 0.077846
v 0.020859 0.220000 0.077846
v 0.056987 0.220000 0.056987
v 0.056987 0.235000 0.056987
v 0.069795 0.220000 0.040296
v 0.069795 0.235000 0.040296
v 0.077846 0.220000 0.020859
v 0.077846 0.235000 0.020859
v 0.080592 0.220000 0.000000
v 0.080592 0.235000 0.000000
v 0.077846 0.220000 -0.020859
v 0.077846 0.235000 -0.020859
v 0.069795 0.220000 -0.040296
v 0.069795 0.235000 -0.040296
v 0.056987 0.220000 -0.056987
v 0.056987 0.235000 -0.056987
v 0.040296 0.220000 -0.069795
v 0.040296 0.235000 -0.069795
v 0.020859 0.220000 -0.077846
v 0.020859 0.235000 -0.077846
v 0.000000 0.220000 -0.080592
v 0.000000 0.235000 -0.080592
v -0.020859 0.220000 -0.077846
v -0.020859 0.235000 -0.077846
v -0.040296 0.220000 -0.069795
v -0.040296 0.235000 -0.069795
v -0.056987 0.220000 -0.056987
v -0.056987 0.235000 -0.056987
v -0.069795 0.220000 -0.040296
v -0.069795 0.235000 -0.040296
v -0.077846 0.220000 -0.020859
v -0.077846 0.235000 -0.020859
v -0.080592 0.220000 0.000000
v -0.080592 0.235000 0.000000
v -0.077846 0.220000 0.020859
v -0.077846 0.235000 0.020859
v -0.069795 0.220000 0.040296
v -0.069795 0.235000 0.040296
v -0.056987 0.220000 0.056987
v -0.056987 0.235000 0.056987
v -0.040296 0.220000 0.069795
v -0.040296 0.235000 0.069795
v -0.020859 0.220000 0.077846
v -0.020859 0.235000 0.077846
v 0.000000 0.220000 0.080592
v 0.000000 0.235000 0.080592
v 0.021034 0.237500 0.078499
v 0.000000 0.237500 0.081268
v 0.040634 0.237500 0.070380
v 0.057465 0.237500 0.057465
v 0.070380 0.237500 0.040634
v 0.078498 0.237500 0.021034
v 0.081268 0.237500 0.000000
v 0.078498 0.237500 -0.021034
v 0.070380 0.237500 -0.040634
v 0.057465 0.237500 -0.057465
v 0.040634 0.237500 -0.070380
v 0.021034 0.237500 -0.078498
v 0.000000 0.237500 -0.081268
v -0.021034 0.237500 -0.078498
v -0.040634 0.237500 -0.070380
v -0.057465 0.237500 -0.057465
v -0.070380 0.237500 -0.040634
v -0.078498 0.237500 -0.021034
v -0.081268 0.237500 0.000000
v -0.078498 0.237500 0.021034
v -0.070380 0.237500 0.040634
v -0.057465 0.237500 0.057465
v -0.040634 0.237500 0.070380
v -0.021034 0.237500 0.078499
v 0.000000 0.239330 0.083114
v -0.021511 0.239330 0.080282
v 0.021511 0.239330 0.080282
v 0.041557 0.239330 0.071979
v 0.058770 0.239330 0.058770
v 0.071979 0.239330 0.041557
v 0.080282 0.239330 0.021511
v 0.083114 0.239330 0.000000
v 0.080282 0.239330 -0.021511
v 0.071979 0.239330 -0.041557
v 0.058770 0.239330 -0.058770
v 0.041557 0.239330 -0.071978
v 0.021511 0.239330 -0.080281
v 0.000000 0.239330 -0.083114
v -0.021511 0.239330 -0.080281
v -0.041557 0.239330 -0.071978
v -0.058770 0.239330 -0.058770
v -0.071979 0.239330 -0.041557
v -0.080282 0.239330 -0.021511
v -0.083114 0.239330 0.000000
v -0.080282 0.239330 0.021511
v -0.071979 0.239330 0.041557
v -0.058770 0.239330 0.058770
v -0.041557 0.239330 0.071979
v -0.022164 0.240000 0.082717
v -0.042818 0.240000 0.074162
v 0.000000 0.240000 0.085635
v 0.022164 0.240000 0.082717
v 0.042818 0.240000 0.074162
v 0.060553 0.240000 0.060553
v 0.074162 0.240000 0.042818
v 0.082717 0.240000 0.022164
v 0.085635 0.240000 0.000000
v 0.082717 0.240000 -0.022164
v 0.074162 0.240000 -0.042818
v 0.060553 0.240000 -0.060553
v 0.042818 0.240000 -0.074162
v 0.022164 0.240000 -0.082717
v 0.000000 0.240000 -0.085635
v -0.022164 0.240000 -0.082717
v -0.042818 0.240000 -0.074162
v -0.060553 0.240000 -0.060553
v -0.074162 0.240000 -0.042818
v -0.082717 0.240000 -0.022164
v -0.085635 0.240000 0.000000
v -0.082717 0.240000 0.022164
v -0.074162 0.240000 0.042818
v -0.060553 0.240000 0.060553
v -0.043443 0.240000 0.075245
v -0.061437 0.240000 0.061437
v -0.075245 0.240000 0.043443
v -0.083925 0.240000 0.022488
v -0.086886 0.240000 0.000000
v -0.086285 0.240670 0.023120
v -0.089329 0.240670 0.000000
v -0.077361 0.240670 0.044665
v -0.063165 0.240670 0.063165
v -0.044665 0.240670 0.077361
v -0.022488 0.240000 0.083925
v -0.023120 0.240670 0.086285
v 0.000000 0.240000 0.086886
v 0.022488 0.240000 0.083925
v 0.043443 0.240000 0.075245
v 0.061437 0.240000 0.061437
v 0.075245 0.240000 0.043443
v 0.083925 0.240000 0.022488
v 0.086886 0.240000 0.000000
v 0.083925 0.240000 -0.022488
v 0.075245 0.240000 -0.043443
v 0.061437 0.240000 -0.061437
v 0.043443 0.240000 -0.075245
v 0.022488 0.240000 -0.083925
v 0.000000 0.240000 -0.086886
v -0.022488 0.240000 -0.083925
v -0.043443 0.240000 -0.075245
v -0.061437 0.240000 -0.061437
v -0.075245 0.240000 -0.043443
v -0.083925 0.240000 -0.022488
v -0.086285 0.240670 -0.023120
v -0.090892 0.242500 0.000000
v -0.087795 0.242500 -0.023525
v -0.087795 0.242500 0.023525
v -0.078715 0.242500 0.045446
v -0.064270 0.242500 0.064270
v -0.045446 0.242500 0.078715
v -0.023525 0.242500 0.087795
v 0.000000 0.240670 0.089329
v 0.000000 0.242500 0.090892
v 0.023120 0.240670 0.086285
v 0.044665 0.240670 0.077361
v 0.063165 0.240670 0.063165
v 0.077361 0.240670 0.044665
v 0.086285 0.240670 0.023120
v 0.089329 0.240670 0.000000
v 0.086285 0.240670 -0.023120
v 0.077361 0.240670 -0.044665
v 0.063165 0.240670 -0.063165
v 0.044665 0.240670 -0.077361
v 0.023120 0.240670 -0.086285
v 0.000000 0.240670 -0.089329
v -0.023120 0.240670 -0.086285
v -0.044665 0.240670 -0.077361
v -0.063165 0.240670 -0.063165
v -0.077361 0.240670 -0.044665
v -0.078715 0.242500 -0.045446
v -0.088050 0.245000 -0.023593
v -0.078943 0.245000 -0.045578
v -0.091155 0.245000 0.000000
v -0.088050 0.245000 0.023593
v -0.078943 0.245000 0.045578
v -0.064457 0.245000 0.064457
v -0.045578 0.245000 0.078943
v -0.023593 0.245000 0.088050
v 0.000000 0.245000 0.091156
v 0.023525 0.242500 0.087795
v 0.023593 0.245000 0.088050
v 0.045446 0.242500 0.078715
v 0.064270 0.242500 0.064270
v 0.078715 0.242500 0.045446
v 0.087795 0.242500 0.023525
v 0.090892 0.242500 0.000000
v 0.087795 0.242500 -0.023525
v 0.078715 0.242500 -0.045446
v 0.064270 0.242500 -0.064270
v 0.045446 0.242500 -0.078715
v 0.023525 0.242500 -0.087795
v 0.000000 0.242500 -0.090892
v -0.023525 0.242500 -0.087795
v -0.045446 0.242500 -0.078715
v -0.064270 0.242500 -0.064270
v -0.064457 0.245000 -0.064457
v -0.071217 0.258698 -0.071216
v -0.087222 0.258698 -0.050358
v -0.050358 0.258698 -0.087222
v -0.045578 0.245000 -0.078943
v -0.026067 0.258698 -0.097283
v -0.023593 0.245000 -0.088049
v 0.000000 0.258698 -0.100715
v 0.000000 0.245000 -0.091155
v 0.026067 0.258698 -0.097283
v 0.023593 0.245000 -0.088049
v 0.050358 0.258698 -0.087222
v 0.045578 0.245000 -0.078943
v 0.071217 0.258698 -0.071216
v 0.064457 0.245000 -0.064457
v 0.087222 0.258698 -0.050358
v 0.078943 0.245000 -0.045578
v 0.097283 0.258698 -0.026067
v 0.088050 0.245000 -0.023593
v 0.100715 0.258698 0.000000
v 0.091155 0.245000 0.000000
v 0.097283 0.258698 0.026067
v 0.088050 0.245000 0.023593
v 0.087222 0.258698 0.050358
v 0.078943 0.245000 0.045578
v 0.071217 0.258698 0.071217
v 0.064457 0.245000 0.064457
v 0.050358 0.258698 0.087222
v 0.045578 0.245000 0.078943
v 0.026067 0.258698 0.097284
v 0.000000 0.258698 0.100715
v -0.026067 0.258698 0.097284
v -0.050358 0.258698 0.087222
v -0.071217 0.258698 0.071217
v -0.087222 0.258698 0.050358
v -0.097283 0.258698 0.026067
v -0.100715 0.258698 0.000000
v -0.097283 0.258698 -0.026067
v -0.093750 0.273604 -0.054126
v -0.104564 0.273604 -0.028018
v -0.076546 0.273604 -0.076546
v -0.054126 0.273604 -0.093750
v -0.028018 0.273604 -0.104564
v 0.000000 0.273604 -0.108253
v 0.028018 0.273604 -0.104564
v 0.054126 0.273604 -0.093750
v 0.076546 0.273604 -0.076546
v 0.093750 0.273604 -0.054126
v 0.104564 0.273604 -0.028018
v 0.108253 0.273604 0.000000
v 0.104564 0.273604 0.028018
v 0.093750 0.273604 0.054126
v 0.076546 0.273604 0.076546
v 0.054126 0.273604 0.093750
v 0.028018 0.273604 0.104564
v 0.000000 0.273604 0.108253
v -0.028018 0.273604 0.104564
v -0.054126 0.273604 0.093750
v -0.076546 0.273604 0.076546
v -0.093750 0.273604 0.054126
v -0.104564 0.273604 0.028018
v -0.108253 0.273604 0.000000
v -0.109747 0.289423 -0.029406
v -0.113618 0.289423 0.000000
v -0.098396 0.289423 -0.056809
v -0.080340 0.289423 -0.080340
v -0.056809 0.289423 -0.098396
v -0.029406 0.289423 -0.109747
v 0.000000 0.289423 -0.113618
v 0.029406 0.289423 -0.109747
v 0.056809 0.289423 -0.098396
v 0.080340 0.289423 -0.080340
v 0.098396 0.289423 -0.056809
v 0.109747 0.289423 -0.029406
v 0.113618 0.289423 0.000000
v 0.109747 0.289423 0.029407
v 0.098396 0.289423 0.056809
v 0.080340 0.289423 0.080340
v 0.056809 0.289423 0.098396
v 0.029406 0.289423 0.109747
v 0.000000 0.289423 0.113618
v -0.029406 0.289423 0.109747
v -0.056809 0.289423 0.098396
v -0.080340 0.289423 0.080340
v -0.098396 0.289423 0.056809
v -0.109747 0.289423 0.029407
v -0.116704 0.305839 0.000000
v -0.112728 0.305839 0.030205
v -0.112728 0.305839 -0.030205
v -0.101069 0.305839 -0.058352
v -0.082522 0.305839 -0.082522
v -0.058352 0.305839 -0.101069
v -0.030205 0.305839 -0.112728
v 0.000000 0.305839 -0.116704
v 0.030205 0.305839 -0.112728
v 0.058352 0.305839 -0.101069
v 0.082522 0.305839 -0.082522
v 0.101069 0.305839 -0.058352
v 0.112728 0.305839 -0.030205
v 0.116704 0.305839 0.000000
v 0.112728 0.305839 0.030205
v 0.101069 0.305839 0.058352
v 0.082522 0.305839 0.082522
v 0.058352 0.305839 0.101069
v 0.030205 0.305839 0.112728
v 0.000000 0.305839 0.116704
v -0.030205 0.305839 0.112728
v -0.058352 0.305839 0.101069
v -0.082522 0.305839 0.082522
v -0.101069 0.305839 0.058352
v -0.113448 0.322527 0.030398
v -0.101715 0.322527 0.058725
v -0.117450 0.322527 0.000000
v -0.113448 0.322527 -0.030398
v -0.101715 0.322527 -0.058725
v -0.083050 0.322527 -0.083050
v -0.058725 0.322527 -0.101715
v -0.030398 0.322527 -0.113448
v 0.000000 0.322527 -0.117450
v 0.030398 0.322527 -0.113448
v 0.058725 0.322527 -0.101715
v 0.083050 0.322527 -0.083050
v 0.101715 0.322527 -0.058725
v 0.113448 0.322527 -0.030398
v 0.117450 0.322527 0.000000
v 0.113448 0.322527 0.030398
v 0.101715 0.322527 0.058725
v 0.083050 0.322527 0.083050
v 0.058725 0.322527 0.101715
v 0.030398 0.322527 0.113448
v 0.000000 0.322527 0.117450
v -0.030398 0.322527 0.113448
v -0.058725 0.322527 0.101715
v -0.083050 0.322527 0.083050
v -0.100321 0.339153 0.057920
v -0.081911 0.339153 0.081911
v -0.111893 0.339153 0.029982
v -0.115840 0.339153 0.000000
v -0.111893 0.339153 -0.029982
v -0.100321 0.339153 -0.057920
v -0.081911 0.339153 -0.081911
v -0.057920 0.339153 -0.100321
v -0.029982 0.339153 -0.111893
v 0.000000 0.339153 -0.115840
v 0.029982 0.339153 -0.111893
v 0.057920 0.339153 -0.100321
v 0.081911 0.339153 -0.081911
v 0.100321 0.339153 -0.057920
v 0.111893 0.339153 -0.029982
v 0.115840 0.339153 0.000000
v 0.111893 0.339153 0.029982
v 0.100321 0.339153 0.057920
v 0.081911 0.339153 0.081911
v 0.057920 0.339153 0.100321
v 0.029982 0.339153 0.111893
v 0.000000 0.339153 0.115840
v -0.029982 0.339153 0.111893
v -0.057920 0.339153 0.100321
v -0.079131 0.355387 0.079131
v -0.055954 0.355387 0.096915
v -0.096915 0.355387 0.055954
v -0.108094 0.355387 0.028964
v -0.111907 0.355387 0.000000
v -0.108094 0.355387 -0.028964
v -0.096915 0.355387 -0.055954
v -0.079131 0.355387 -0.079130
v -0.055954 0.355387 -0.096915
v -0.028964 0.355387 -0.108094
v 0.000000 0.355387 -0.111907
v 0.028964 0.355387 -0.108094
v 0.055954 0.355387 -0.096915
v 0.079131 0.355387 -0.079130
v 0.096915 0.355387 -0.055954
v 0.108094 0.355387 -0.028964
v 0.111907 0.355387 0.000000
v 0.108094 0.355387 0.028964
v 0.096915 0.355387 0.055954
v 0.079131 0.355387 0.079131
v 0.055954 0.355387 0.096915
v 0.028964 0.355387 0.108094
v 0.000000 0.355387 0.111907
v -0.028964 0.355387 0.108094
v -0.052865 0.370906 0.091565
v -0.027365 0.370906 0.102127
v -0.074762 0.370906 0.074762
v -0.091564 0.370906 0.052865
v -0.102127 0.370906 0.027365
v -0.105730 0.370906 0.000000
v -0.102127 0.370906 -0.027365
v -0.091564 0.370906 -0.052865
v -0.074762 0.370906 -0.074762
v -0.052865 0.370906 -0.091564
v -0.027365 0.370906 -0.102127
v 0.000000 0.370906 -0.105730
v 0.027365 0.370906 -0.102127
v 0.052865 0.370906 -0.091564
v 0.074762 0.370906 -0.074762
v 0.091564 0.370906 -0.052865
v 0.102127 0.370906 -0.027365
v 0.105730 0.370906 0.000000
v 0.102127 0.370906 0.027365
v 0.091564 0.370906 0.052865
v 0.074762 0.370906 0.074762
v 0.052865 0.370906 0.091565
v 0.027365 0.370906 0.102127
v 0.000000 0.370906 0.105730
v -0.025217 0.385402 0.094110
v 0.000000 0.385402 0.097430
v -0.048715 0.385402 0.084377
v -0.068893 0.385402 0.068893
v -0.084377 0.385402 0.048715
v -0.094110 0.385402 0.025217
v -0.097430 0.385402 0.000000
v -0.094110 0.385402 -0.025217
v -0.084377 0.385402 -0.048715
v -0.068893 0.385402 -0.068893
v -0.048715 0.385402 -0.084377
v -0.025217 0.385402 -0.094110
v 0.000000 0.385402 -0.097430
v 0.025217 0.385402 -0.094110
v 0.048715 0.385402 -0.084377
v 0.068893 0.385402 -0.068893
v 0.084377 0.385402 -0.048715
v 0.094110 0.385402 -0.025217
v 0.097430 0.385402 0.000000
v 0.094110 0.385402 0.025217
v 0.084377 0.385402 0.048715
v 0.068893 0.385402 0.068893
v 0.048715 0.385402 0.084377
v 0.025217 0.385402 0.094110
v 0.000000 0.398586 0.087173
v 0.022562 0.398586 0.084203
v -0.022562 0.398586 0.084203
v -0.043586 0.398586 0.075494
v -0.061641 0.398586 0.061641
v -0.075494 0.398586 0.043586
v -0.084202 0.398586 0.022562
v -0.087173 0.398586 0.000000
v -0.084202 0.398586 -0.022562
v -0.075494 0.398586 -0.043586
v -0.061641 0.398586 -0.061640
v -0.043586 0.398586 -0.075494
v -0.022562 0.398586 -0.084202
v 0.000000 0.398586 -0.087173
v 0.022562 0.398586 -0.084202
v 0.043586 0.398586 -0.075494
v 0.061641 0.398586 -0.061640
v 0.075494 0.398586 -0.043586
v 0.084202 0.398586 -0.022562
v 0.087173 0.398586 0.000000
v 0.084202 0.398586 0.022562
v 0.075494 0.398586 0.043586
v 0.061641 0.398586 0.061641
v 0.043586 0.398586 0.075494
v 0.019454 0.410196 0.072602
v 0.037581 0.410196 0.065093
v 0.000000 0.410196 0.075163
v -0.019454 0.410196 0.072602
v -0.037581 0.410196 0.065093
v -0.053148 0.410196 0.053148
v -0.065093 0.410196 0.037582
v -0.072602 0.410196 0.019454
v -0.075163 0.410196 0.000000
v -0.072602 0.410196 -0.019454
v -0.065093 0.410196 -0.037581
v -0.053148 0.410196 -0.053148
v -0.037581 0.410196 -0.065093
v -0.019454 0.410196 -0.072602
v 0.000000 0.410196 -0.075163
v 0.019454 0.410196 -0.072602
v 0.037581 0.410196 -0.065093
v 0.053148 0.410196 -0.053148
v 0.065093 0.410196 -0.037581
v 0.072602 0.410196 -0.019454
v 0.075163 0.410196 0.000000
v 0.072602 0.410196 0.019454
v 0.065093 0.410196 0.037582
v 0.053148 0.410196 0.053148
v 0.030820 0.420000 0.053381
v 0.043586 0.420000 0.043586
v 0.015953 0.420000 0.059539
v 0.000000 0.420000 0.061639
v -0.015953 0.420000 0.059539
v -0.030820 0.420000 0.053381
v -0.043586 0.420000 0.043586
v -0.053381 0.420000 0.030820
v -0.059539 0.420000 0.015953
v -0.061639 0.420000 0.000000
v -0.059539 0.420000 -0.015953
v -0.053381 0.420000 -0.030820
v -0.043586 0.420000 -0.043585
v -0.030820 0.420000 -0.053381
v -0.015953 0.420000 -0.059539
v 0.000000 0.420000 -0.061639
v 0.015953 0.420000 -0.059539
v 0.030820 0.420000 -0.053381
v 0.043586 0.420000 -0.043585
v 0.053381 0.420000 -0.030820
v 0.059539 0.420000 -0.015953
v 0.061639 0.420000 0.000000
v 0.059539 0.420000 0.015953
v 0.053381 0.420000 0.030820
v -0.016307 0.269724 -0.026611
v -0.013073 0.274957 -0.026611
v -0.019795 0.275190 -0.027379
v -0.009585 0.269492 -0.027379
v -0.013283 0.263677 -0.028808
v -0.019323 0.264844 -0.028830
v -0.023068 0.269724 -0.028808
v -0.025684 0.274957 -0.030709
v -0.021947 0.281005 -0.030709
v -0.016096 0.281005 -0.028808
v -0.010056 0.279838 -0.028830
v -0.006312 0.274957 -0.028808
v -0.003695 0.269724 -0.030709
v -0.007433 0.263677 -0.030709
v -0.011619 0.258839 -0.033641
v -0.005564 0.259940 -0.036460
v -0.002559 0.264844 -0.034277
v -0.000672 0.263677 -0.040015
v -0.004754 0.258839 -0.043091
v -0.000672 0.263677 -0.046167
v -0.005564 0.259940 -0.049721
v -0.002559 0.264844 -0.051904
v -0.007433 0.263677 -0.055472
v -0.011619 0.258839 -0.052541
v -0.013283 0.263677 -0.057373
v -0.018175 0.259940 -0.053819
v -0.019323 0.264844 -0.057351
v -0.024223 0.263677 -0.053819
v -0.022728 0.258839 -0.048931
v -0.027839 0.263677 -0.048842
v -0.025970 0.259940 -0.043091
v -0.029684 0.264844 -0.043091
v -0.027839 0.263677 -0.037340
v -0.022728 0.258839 -0.037251
v -0.024223 0.263677 -0.032363
v -0.018175 0.259940 -0.032363
v -0.016559 0.256706 -0.037340
v -0.009797 0.256706 -0.039536
v -0.009797 0.256706 -0.046645
v -0.016559 0.256706 -0.048842
v -0.020737 0.256706 -0.043091
v -0.014690 0.255577 -0.043091
v -0.028055 0.269492 -0.033380
v -0.030862 0.269724 -0.039536
v -0.030862 0.269724 -0.046645
v -0.031210 0.275190 -0.043091
v -0.029863 0.274957 -0.036460
v -0.026820 0.279838 -0.034277
v -0.028708 0.281005 -0.040015
v -0.023816 0.284742 -0.036460
v -0.024626 0.285843 -0.043091
v -0.028708 0.281005 -0.046167
v -0.023816 0.284742 -0.049721
v -0.026820 0.279838 -0.051904
v -0.021947 0.281005 -0.055472
v -0.017760 0.285843 -0.052541
v -0.016096 0.281005 -0.057373
v -0.011204 0.284742 -0.053819
v -0.010056 0.279838 -0.057351
v -0.005157 0.281005 -0.053819
v -0.006651 0.285843 -0.048931
v -0.001541 0.281005 -0.048842
v -0.003410 0.284742 -0.043091
v 0.000304 0.279838 -0.043091
v -0.001541 0.281005 -0.037340
v -0.006651 0.285843 -0.037251
v -0.005157 0.281005 -0.032363
v -0.011204 0.284742 -0.032363
v -0.017760 0.285843 -0.033641
v -0.019582 0.287976 -0.039536
v -0.019582 0.287976 -0.046645
v -0.012821 0.287976 -0.048842
v -0.008643 0.287976 -0.043091
v -0.012821 0.287976 -0.037340
v -0.014690 0.289105 -0.043091
v -0.001325 0.275190 -0.033380
v 0.001483 0.274957 -0.039536
v 0.001483 0.274957 -0.046645
v 0.001830 0.269492 -0.043091
v 0.000483 0.269724 -0.036460
v 0.000483 0.269724 -0.049721
v -0.003695 0.269724 -0.055472
v -0.009585 0.269492 -0.058802
v -0.016307 0.269724 -0.059570
v -0.023068 0.269724 -0.057373
v -0.028055 0.269492 -0.052801
v -0.029863 0.274957 -0.049721
v -0.025684 0.274957 -0.055472
v -0.019795 0.275190 -0.058802
v -0.013073 0.274957 -0.059570
v -0.006312 0.274957 -0.057373
v -0.001325 0.275190 -0.052801
v -0.060749 0.234148 0.013534
v -0.057515 0.239380 0.013534
v -0.064237 0.239613 0.012767
v -0.054027 0.233915 0.012767
v -0.057725 0.228100 0.011338
v -0.063765 0.229267 0.011315
v -0.067510 0.234148 0.011338
v -0.070126 0.239380 0.009437
v -0.066389 0.245428 0.009437
v -0.060538 0.245428 0.011338
v -0.054498 0.244261 0.011315
v -0.050754 0.239380 0.011338
v -0.048137 0.234148 0.009437
v -0.051875 0.228100 0.009437
v -0.056061 0.223262 0.006505
v -0.050006 0.224363 0.003685
v -0.047001 0.229267 0.005868
v -0.045114 0.228100 0.000131
v -0.049196 0.223262 -0.002945
v -0.045114 0.228100 -0.006021
v -0.050006 0.224363 -0.009575
v -0.047001 0.229267 -0.011758
v -0.051875 0.228100 -0.015327
v -0.056061 0.223262 -0.012395
v -0.057725 0.228100 -0.017228
v -0.062618 0.224363 -0.013673
v -0.063765 0.229267 -0.017205
v -0.068665 0.228100 -0.013673
v -0.067170 0.223262 -0.008785
v -0.072281 0.228100 -0.008696
v -0.070412 0.224363 -0.002945
v -0.074126 0.229267 -0.002945
v -0.072281 0.228100 0.002806
v -0.067170 0.223262 0.002895
v -0.068665 0.228100 0.007783
v -0.062618 0.224363 0.007783
v -0.061001 0.221129 0.002806
v -0.054240 0.221129 0.000609
v -0.054240 0.221129 -0.006500
v -0.061001 0.221129 -0.008696
v -0.065179 0.221129 -0.002945
v -0.059132 0.220000 -0.002945
v -0.072497 0.233915 0.006765
v -0.075304 0.234148 0.000609
v -0.075304 0.234148 -0.006500
v -0.075652 0.239613 -0.002945
v -0.074305 0.239380 0.003685
v -0.071262 0.244261 0.005868
v -0.073150 0.245428 0.000131
v -0.068258 0.249165 0.003685
v -0.069068 0.250266 -0.002945
v -0.073150 0.245428 -0.006021
v -0.068258 0.249165 -0.009575
v -0.071262 0.244261 -0.011758
v -0.066389 0.245428 -0.015327
v -0.062202 0.250266 -0.012395
v -0.060538 0.245428 -0.017228
v -0.055646 0.249165 -0.013673
v -0.054498 0.244261 -0.017205
v -0.049599 0.245428 -0.013673
v -0.051093 0.250266 -0.008785
v -0.045983 0.245428 -0.008696
v -0.047852 0.249165 -0.002945
v -0.044138 0.244261 -0.002945
v -0.045983 0.245428 0.002806
v -0.051093 0.250266 0.002895
v -0.049599 0.245428 0.007783
v -0.055646 0.249165 0.007783
v -0.062202 0.250266 0.006505
v -0.064024 0.252399 0.000609
v -0.064024 0.252399 -0.006500
v -0.057263 0.252399 -0.008696
v -0.053085 0.252399 -0.002945
v -0.057263 0.252399 0.002806
v -0.059132 0.253528 -0.002945
v -0.045767 0.239613 0.006765
v -0.042959 0.239380 0.000609
v -0.042959 0.239380 -0.006500
v -0.042612 0.233915 -0.002945
v -0.043959 0.234148 0.003685
v -0.043959 0.234148 -0.009575
v -0.048137 0.234148 -0.015327
v -0.054027 0.233915 -0.018657
v -0.060749 0.234148 -0.019424
v -0.067510 0.234148 -0.017228
v -0.072497 0.233915 -0.012655
v -0.074305 0.239380 -0.009575
v -0.070127 0.239380 -0.015327
v -0.064237 0.239613 -0.018657
v -0.057515 0.239380 -0.019424
v -0.050754 0.239380 -0.017228
v -0.045767 0.239613 -0.012655
v 0.031519 0.292250 -0.021787
v 0.034753 0.297483 -0.021787
v 0.028031 0.297715 -0.022555
v 0.038241 0.292018 -0.022555
v 0.034542 0.286203 -0.023984
v 0.028502 0.287370 -0.024006
v 0.024758 0.292250 -0.023984
v 0.022141 0.297483 -0.025885
v 0.025879 0.303530 -0.025885
v 0.031729 0.303530 -0.023984
v 0.037769 0.302364 -0.024006
v 0.041514 0.297483 -0.023984
v 0.044130 0.292250 -0.025885
v 0.040393 0.286203 -0.025885
v 0.036206 0.281365 -0.028816
v 0.042262 0.282466 -0.031636
v 0.045266 0.287370 -0.029453
v 0.047154 0.286203 -0.035190
v 0.043072 0.281365 -0.038266
v 0.047154 0.286203 -0.041342
v 0.042262 0.282466 -0.044897
v 0.045266 0.287370 -0.047080
v 0.040393 0.286203 -0.050648
v 0.036206 0.281365 -0.047716
v 0.034542 0.286203 -0.052549
v 0.029650 0.282466 -0.048994
v 0.028502 0.287370 -0.052526
v 0.023603 0.286203 -0.048994
v 0.025097 0.281365 -0.044106
v 0.019987 0.286203 -0.044017
v 0.021855 0.282466 -0.038266
v 0.018142 0.287370 -0.038266
v 0.019987 0.286203 -0.032515
v 0.025097 0.281365 -0.032426
v 0.023603 0.286203 -0.027538
v 0.029650 0.282466 -0.027538
v 0.031267 0.279231 -0.032515
v 0.038028 0.279231 -0.034712
v 0.038028 0.279231 -0.041821
v 0.031267 0.279231 -0.044017
v 0.027088 0.279231 -0.038266
v 0.033136 0.278103 -0.038266
v 0.019771 0.292018 -0.028556
v 0.016963 0.292250 -0.034712
v 0.016963 0.292250 -0.041821
v 0.016616 0.297715 -0.038266
v 0.017963 0.297483 -0.031636
v 0.021005 0.302364 -0.029453
v 0.019118 0.303530 -0.035190
v 0.024010 0.307268 -0.031636
v 0.023200 0.308369 -0.038266
v 0.019118 0.303530 -0.041342
v 0.024010 0.307268 -0.044897
v 0.021005 0.302364 -0.047080
v 0.025879 0.303530 -0.050648
v 0.030065 0.308369 -0.047716
v 0.031729 0.303530 -0.052549
v 0.036621 0.307268 -0.048994
v 0.037769 0.302364 -0.052526
v 0.042669 0.303530 -0.048994
v 0.041174 0.308369 -0.044106
v 0.046285 0.303530 -0.044017
v 0.044416 0.307268 -0.038266
v 0.048130 0.302364 -0.038266
v 0.046285 0.303530 -0.032515
v 0.041174 0.308369 -0.032426
v 0.042669 0.303530 -0.027538
v 0.036621 0.307268 -0.027538
v 0.030065 0.308369 -0.028816
v 0.028243 0.310502 -0.034712
v 0.028243 0.310502 -0.041821
v 0.035004 0.310502 -0.044017
v 0.039183 0.310502 -0.038266
v 0.035004 0.310502 -0.032515
v 0.033136 0.311631 -0.038266
v 0.046501 0.297715 -0.028556
v 0.049308 0.297483 -0.034712
v 0.049308 0.297483 -0.041821
v 0.049656 0.292018 -0.038266
v 0.048309 0.292250 -0.031636
v 0.048309 0.292250 -0.044897
v 0.044130 0.292250 -0.050648
v 0.038241 0.292018 -0.053978
v 0.031519 0.292250 -0.054746
v 0.024758 0.292250 -0.052549
v 0.019771 0.292018 -0.047976
v 0.017963 0.297483 -0.044897
v 0.022141 0.297483 -0.050648
v 0.028031 0.297715 -0.053978
v 0.034753 0.297483 -0.054746
v 0.041514 0.297483 -0.052549
v 0.046501 0.297715 -0.047976
v 0.028187 0.257166 -0.031580
v 0.031421 0.262399 -0.031580
v 0.024699 0.262632 -0.032347
v 0.034909 0.256934 -0.032347
v 0.031211 0.251119 -0.033776
v 0.025171 0.252286 -0.033799
v 0.021426 0.257166 -0.033776
v 0.018809 0.262399 -0.035677
v 0.022547 0.268446 -0.035677
v 0.028398 0.268446 -0.033776
v 0.034437 0.267280 -0.033799
v 0.038182 0.262399 -0.033776
v 0.040799 0.257166 -0.035677
v 0.037061 0.251119 -0.035677
v 0.032874 0.246281 -0.038609
v 0.038930 0.247382 -0.041429
v 0.041935 0.252286 -0.039246
v 0.043822 0.251119 -0.044983
v 0.039740 0.246281 -0.048059
v 0.043822 0.251119 -0.051135
v 0.038930 0.247382 -0.054689
v 0.041935 0.252286 -0.056872
v 0.037061 0.251119 -0.060441
v 0.032874 0.246281 -0.057509
v 0.031211 0.251119 -0.062342
v 0.026318 0.247382 -0.058787
v 0.025171 0.252286 -0.062319
v 0.020271 0.251119 -0.058787
v 0.021766 0.246281 -0.053899
v 0.016655 0.251119 -0.053810
v 0.018524 0.247382 -0.048059
v 0.014810 0.252286 -0.048059
v 0.016655 0.251119 -0.042308
v 0.021766 0.246281 -0.042219
v 0.020271 0.251119 -0.037331
v 0.026318 0.247382 -0.037331
v 0.027935 0.244147 -0.042308
v 0.034696 0.244147 -0.044504
v 0.034696 0.244147 -0.051613
v 0.027935 0.244147 -0.053810
v 0.023757 0.244147 -0.048059
v 0.029804 0.243019 -0.048059
v 0.016439 0.256934 -0.038349
v 0.013632 0.257166 -0.044504
v 0.013632 0.257166 -0.051613
v 0.013284 0.262632 -0.048059
v 0.014631 0.262399 -0.041429
v 0.017673 0.267280 -0.039246
v 0.015786 0.268446 -0.044983
v 0.020678 0.272184 -0.041429
v 0.019868 0.273285 -0.048059
v 0.015786 0.268446 -0.051135
v 0.020678 0.272184 -0.054689
v 0.017673 0.267280 -0.056872
v 0.022547 0.268446 -0.060441
v 0.026734 0.273285 -0.057509
v 0.028398 0.268446 -0.062342
v 0.033290 0.272184 -0.058787
v 0.034437 0.267280 -0.062319
v 0.039337 0.268446 -0.058787
v 0.037843 0.273285 -0.053899
v 0.042953 0.268446 -0.053810
v 0.041084 0.272184 -0.048059
v 0.044798 0.267280 -0.048059
v 0.042953 0.268446 -0.042308
v 0.037843 0.273285 -0.042219
v 0.039337 0.268446 -0.037331
v 0.033290 0.272184 -0.037331
v 0.026734 0.273285 -0.038609
v 0.024912 0.275418 -0.044504
v 0.024912 0.275418 -0.051613
v 0.031673 0.275418 -0.053810
v 0.035851 0.275418 -0.048059
v 0.031673 0.275418 -0.042308
v 0.029804 0.276547 -0.048059
v 0.043169 0.262632 -0.038349
v 0.045977 0.262399 -0.044504
v 0.045977 0.262399 -0.051613
v 0.046324 0.256934 -0.048059
v 0.044977 0.257166 -0.041429
v 0.044977 0.257166 -0.054689
v 0.040799 0.257166 -0.060441
v 0.034909 0.256934 -0.063771
v 0.028187 0.257166 -0.064538
v 0.021426 0.257166 -0.062342
v 0.016439 0.256934 -0.057769
v 0.014631 0.262399 -0.054689
v 0.018809 0.262399 -0.060441
v 0.024699 0.262632 -0.063771
v 0.031421 0.262399 -0.064538
v 0.038182 0.262399 -0.062342
v 0.043169 0.262632 -0.057769
v 0.026031 0.254575 0.017425
v 0.029265 0.259808 0.017425
v 0.022543 0.260040 0.016658
v 0.032753 0.254343 0.016658
v 0.029055 0.248528 0.015229
v 0.023015 0.249694 0.015206
v 0.019270 0.254575 0.015229
v 0.016654 0.259808 0.013328
v 0.020391 0.265855 0.013328
v 0.026242 0.265855 0.015229
v 0.032282 0.264689 0.015206
v 0.036026 0.259808 0.015229
v 0.038643 0.254575 0.013328
v 0.034905 0.248528 0.013328
v 0.030718 0.243689 0.010396
v 0.036774 0.244790 0.007576
v 0.039779 0.249694 0.009759
v 0.041666 0.248528 0.004022
v 0.037584 0.243689 0.000946
v 0.041666 0.248528 -0.002130
v 0.036774 0.244790 -0.005684
v 0.039779 0.249694 -0.007867
v 0.034905 0.248528 -0.011436
v 0.030718 0.243689 -0.008504
v 0.029055 0.248528 -0.013337
v 0.024162 0.244790 -0.009782
v 0.023015 0.249694 -0.013314
v 0.018115 0.248528 -0.009782
v 0.019610 0.243689 -0.004894
v 0.014499 0.248528 -0.004805
v 0.016368 0.244790 0.000946
v 0.012654 0.249694 0.000946
v 0.014499 0.248528 0.006697
v 0.019610 0.243689 0.006786
v 0.018115 0.248528 0.011674
v 0.024162 0.244790 0.011674
v 0.025779 0.241556 0.006697
v 0.032541 0.241556 0.004500
v 0.032541 0.241556 -0.002609
v 0.025779 0.241556 -0.004805
v 0.021601 0.241556 0.000946
v 0.027648 0.240427 0.000946
v 0.014283 0.254343 0.010656
v 0.011476 0.254575 0.004500
v 0.011476 0.254575 -0.002609
v 0.011128 0.260040 0.000946
v 0.012475 0.259808 0.007576
v 0.015518 0.264689 0.009759
v 0.013630 0.265855 0.004022
v 0.018522 0.269593 0.007576
v 0.017712 0.270694 0.000946
v 0.013630 0.265855 -0.002130
v 0.018522 0.269593 -0.005684
v 0.015518 0.264689 -0.007867
v 0.020391 0.265855 -0.011436
v 0.024578 0.270694 -0.008504
v 0.026242 0.265855 -0.013337
v 0.031134 0.269593 -0.009782
v 0.032282 0.264689 -0.013314
v 0.037181 0.265855 -0.009782
v 0.035687 0.270694 -0.004894
v 0.040797 0.265855 -0.004805
v 0.038928 0.269593 0.000946
v 0.042642 0.264689 0.000946
v 0.040797 0.265855 0.006697
v 0.035687 0.270694 0.006786
v 0.037181 0.265855 0.011674
v 0.031134 0.269593 0.011674
v 0.024578 0.270694 0.010396
v 0.022756 0.272827 0.004500
v 0.022756 0.272827 -0.002609
v 0.029517 0.272827 -0.004805
v 0.033695 0.272827 0.000946
v 0.029517 0.272827 0.006697
v 0.027648 0.273955 0.000946
v 0.041013 0.260040 0.010656
v 0.043821 0.259808 0.004500
v 0.043821 0.259808 -0.002609
v 0.044168 0.254343 0.000946
v 0.042821 0.254575 0.007576
v 0.042821 0.254575 -0.005684
v 0.038643 0.254575 -0.011436
v 0.032753 0.254343 -0.014766
v 0.026031 0.254575 -0.015533
v 0.019270 0.254575 -0.013337
v 0.014283 0.254343 -0.008764
v 0.012475 0.259808 -0.005684
v 0.016654 0.259808 -0.011436
v 0.022543 0.260040 -0.014766
v 0.029265 0.259808 -0.015533
v 0.036026 0.259808 -0.013337
v 0.041013 0.260040 -0.008764
v 0.004742 0.282098 -0.005160
v 0.007976 0.287331 -0.005160
v 0.001254 0.287563 -0.005928
v 0.011464 0.281865 -0.005928
v 0.007766 0.276050 -0.007357
v 0.001726 0.277217 -0.007379
v -0.002019 0.282098 -0.007357
v -0.004635 0.287331 -0.009258
v -0.000898 0.293378 -0.009258
v 0.004953 0.293378 -0.007357
v 0.010993 0.292211 -0.007379
v 0.014737 0.287331 -0.007357
v 0.017354 0.282098 -0.009258
v 0.013616 0.276050 -0.009258
v 0.009430 0.271212 -0.012190
v 0.015485 0.272313 -0.015009
v 0.018490 0.277217 -0.012826
v 0.020377 0.276050 -0.018564
v 0.016295 0.271212 -0.021640
v 0.020377 0.276050 -0.024715
v 0.015485 0.272313 -0.028270
v 0.018490 0.277217 -0.030453
v 0.013616 0.276050 -0.034021
v 0.009430 0.271212 -0.031089
v 0.007766 0.276050 -0.035922
v 0.002873 0.272313 -0.032368
v 0.001726 0.277217 -0.035900
v -0.003174 0.276050 -0.032368
v -0.001679 0.271212 -0.027480
v -0.006790 0.276050 -0.027391
v -0.004921 0.272313 -0.021640
v -0.008635 0.277217 -0.021640
v -0.006790 0.276050 -0.015888
v -0.001679 0.271212 -0.015799
v -0.003174 0.276050 -0.010911
v 0.002873 0.272313 -0.010911
v 0.004490 0.269079 -0.015888
v 0.011251 0.269079 -0.018085
v 0.011251 0.269079 -0.025194
v 0.004490 0.269079 -0.027391
v 0.000312 0.269079 -0.021640
v 0.006359 0.267950 -0.021640
v -0.007006 0.281865 -0.011929
v -0.009813 0.282098 -0.018085
v -0.009813 0.282098 -0.025194
v -0.010161 0.287563 -0.021640
v -0.008814 0.287331 -0.015009
v -0.005771 0.292211 -0.012826
v -0.007659 0.293378 -0.018564
v -0.002767 0.297115 -0.015009
v -0.003577 0.298216 -0.021640
v -0.007659 0.293378 -0.024715
v -0.002767 0.297115 -0.028270
v -0.005771 0.292211 -0.030453
v -0.000898 0.293378 -0.034021
v 0.003289 0.298216 -0.031089
v 0.004953 0.293378 -0.035922
v 0.009845 0.297115 -0.032368
v 0.010993 0.292211 -0.035900
v 0.015892 0.293378 -0.032368
v 0.014398 0.298216 -0.027480
v 0.019508 0.293378 -0.027391
v 0.017639 0.297115 -0.021640
v 0.021353 0.292211 -0.021640
v 0.019508 0.293378 -0.015888
v 0.014398 0.298216 -0.015799
v 0.015892 0.293378 -0.010911
v 0.009845 0.297115 -0.010911
v 0.003289 0.298216 -0.012190
v 0.001467 0.300349 -0.018085
v 0.001467 0.300349 -0.025194
v 0.008228 0.300349 -0.027391
v 0.012407 0.300349 -0.021640
v 0.008228 0.300349 -0.015888
v 0.006359 0.301478 -0.021640
v 0.019724 0.287563 -0.011929
v 0.022532 0.287331 -0.018085
v 0.022532 0.287331 -0.025194
v 0.022879 0.281865 -0.021640
v 0.021532 0.282098 -0.015009
v 0.021532 0.282098 -0.028270
v 0.017354 0.282098 -0.034021
v 0.011464 0.281865 -0.037351
v 0.004742 0.282098 -0.038119
v -0.002019 0.282098 -0.035922
v -0.007006 0.281865 -0.031350
v -0.008814 0.287331 -0.028270
v -0.004635 0.287331 -0.034021
v 0.001254 0.287563 -0.037351
v 0.007976 0.287331 -0.038119
v 0.014737 0.287331 -0.035922
v 0.019724 0.287563 -0.031350
v -0.010359 0.260156 0.014111
v -0.007124 0.265389 0.014111
v -0.013846 0.265621 0.013343
v -0.003636 0.259924 0.013343
v -0.007335 0.254109 0.011914
v -0.013375 0.255275 0.011892
v -0.017120 0.260156 0.011914
v -0.019736 0.265389 0.010013
v -0.015999 0.271436 0.010013
v -0.010148 0.271436 0.011914
v -0.004108 0.270269 0.011892
v -0.000363 0.265389 0.011914
v 0.002253 0.260156 0.010013
v -0.001484 0.254109 0.010013
v -0.005671 0.249270 0.007081
v 0.000384 0.250371 0.004262
v 0.003389 0.255275 0.006445
v 0.005277 0.254109 0.000707
v 0.001195 0.249270 -0.002368
v 0.005277 0.254109 -0.005444
v 0.000384 0.250371 -0.008999
v 0.003389 0.255275 -0.011182
v -0.001484 0.254109 -0.014750
v -0.005671 0.249270 -0.011818
v -0.007335 0.254109 -0.016651
v -0.012227 0.250371 -0.013097
v -0.013375 0.255275 -0.016629
v -0.018274 0.254109 -0.013097
v -0.016780 0.249270 -0.008209
v -0.021890 0.254109 -0.008120
v -0.020022 0.250371 -0.002368
v -0.023736 0.255275 -0.002368
v -0.021890 0.254109 0.003383
v -0.016780 0.249270 0.003472
v -0.018274 0.254109 0.008360
v -0.012227 0.250371 0.008360
v -0.010610 0.247137 0.003383
v -0.003849 0.247137 0.001186
v -0.003849 0.247137 -0.005923
v -0.010610 0.247137 -0.008120
v -0.014789 0.247137 -0.002368
v -0.008741 0.246008 -0.002368
v -0.022107 0.259924 0.007342
v -0.024914 0.260156 0.001186
v -0.024914 0.260156 -0.005923
v -0.025262 0.265621 -0.002368
v -0.023915 0.265389 0.004262
v -0.020872 0.270269 0.006445
v -0.022760 0.271436 0.000707
v -0.017867 0.275174 0.004262
v -0.018678 0.276274 -0.002368
v -0.022760 0.271436 -0.005444
v -0.017867 0.275174 -0.008999
v -0.020872 0.270269 -0.011182
v -0.015999 0.271436 -0.014750
v -0.011812 0.276274 -0.011818
v -0.010148 0.271436 -0.016651
v -0.005256 0.275174 -0.013097
v -0.004108 0.270269 -0.016629
v 0.000792 0.271436 -0.013097
v -0.000703 0.276274 -0.008209
v 0.004407 0.271436 -0.008120
v 0.002539 0.275174 -0.002368
v 0.006253 0.270269 -0.002368
v 0.004407 0.271436 0.003383
v -0.000703 0.276274 0.003472
v 0.000792 0.271436 0.008360
v -0.005256 0.275174 0.008360
v -0.011812 0.276274 0.007081
v -0.013634 0.278408 0.001186
v -0.013634 0.278408 -0.005923
v -0.006873 0.278408 -0.008120
v -0.002694 0.278408 -0.002368
v -0.006873 0.278408 0.003383
v -0.008741 0.279536 -0.002368
v 0.004624 0.265621 0.007342
v 0.007431 0.265389 0.001186
v 0.007431 0.265389 -0.005923
v 0.007779 0.259924 -0.002368
v 0.006432 0.260156 0.004262
v 0.006432 0.260156 -0.008999
v 0.002253 0.260156 -0.014750
v -0.003636 0.259924 -0.018080
v -0.010359 0.260156 -0.018848
v -0.017120 0.260156 -0.016651
v -0.022107 0.259924 -0.012079
v -0.023915 0.265389 -0.008999
v -0.019736 0.265389 -0.014750
v -0.013846 0.265621 -0.018080
v -0.007124 0.265389 -0.018848
v -0.000363 0.265389 -0.016651
v 0.004624 0.265621 -0.012079
v 0.068256 0.249269 0.003388
v 0.071490 0.254502 0.003388
v 0.064768 0.254734 0.002621
v 0.074978 0.249037 0.002621
v 0.071279 0.243222 0.001192
v 0.065239 0.244388 0.001169
v 0.061494 0.249269 0.001192
v 0.058878 0.254502 -0.000709
v 0.062615 0.260549 -0.000709
v 0.068466 0.260549 0.001192
v 0.074506 0.259382 0.001169
v 0.078251 0.254502 0.001192
v 0.080867 0.249269 -0.000709
v 0.077130 0.243222 -0.000709
v 0.072943 0.238383 -0.003641
v 0.078998 0.239484 -0.006461
v 0.082003 0.244388 -0.004278
v 0.083891 0.243222 -0.010015
v 0.079809 0.238383 -0.013091
v 0.083891 0.243222 -0.016167
v 0.078998 0.239484 -0.019721
v 0.082003 0.244388 -0.021904
v 0.077130 0.243222 -0.025473
v 0.072943 0.238383 -0.022541
v 0.071279 0.243222 -0.027374
v 0.066387 0.239484 -0.023819
v 0.065239 0.244388 -0.027351
v 0.060340 0.243222 -0.023819
v 0.061834 0.238383 -0.018931
v 0.056724 0.243222 -0.018842
v 0.058592 0.239484 -0.013091
v 0.054878 0.244388 -0.013091
v 0.056724 0.243222 -0.007340
v 0.061834 0.238383 -0.007251
v 0.060340 0.243222 -0.002363
v 0.066387 0.239484 -0.002363
v 0.068004 0.236250 -0.007340
v 0.074765 0.236250 -0.009537
v 0.074765 0.236250 -0.016646
v 0.068004 0.236250 -0.018842
v 0.063825 0.236250 -0.013091
v 0.069873 0.235121 -0.013091
v 0.056508 0.249037 -0.003381
v 0.053700 0.249269 -0.009537
v 0.053700 0.249269 -0.016646
v 0.053353 0.254734 -0.013091
v 0.054699 0.254502 -0.006461
v 0.057742 0.259382 -0.004278
v 0.055854 0.260549 -0.010015
v 0.060747 0.264286 -0.006461
v 0.059937 0.265387 -0.013091
v 0.055854 0.260549 -0.016167
v 0.060747 0.264286 -0.019721
v 0.057742 0.259382 -0.021904
v 0.062615 0.260549 -0.025473
v 0.066802 0.265387 -0.022541
v 0.068466 0.260549 -0.027374
v 0.073358 0.264286 -0.023819
v 0.074506 0.259382 -0.027351
v 0.079406 0.260549 -0.023819
v 0.077911 0.265387 -0.018931
v 0.083022 0.260549 -0.018842
v 0.081153 0.264286 -0.013091
v 0.084867 0.259382 -0.013091
v 0.083022 0.260549 -0.007340
v 0.077911 0.265387 -0.007251
v 0.079406 0.260549 -0.002363
v 0.073358 0.264286 -0.002363
v 0.066802 0.265387 -0.003641
v 0.064980 0.267521 -0.009537
v 0.064980 0.267521 -0.016646
v 0.071741 0.267521 -0.018842
v 0.075920 0.267521 -0.013091
v 0.071741 0.267521 -0.007340
v 0.069873 0.268649 -0.013091
v 0.083238 0.254734 -0.003381
v 0.086045 0.254502 -0.009537
v 0.086045 0.254502 -0.016646
v 0.086393 0.249037 -0.013091
v 0.085046 0.249269 -0.006461
v 0.085046 0.249269 -0.019721
v 0.080867 0.249269 -0.025473
v 0.074978 0.249037 -0.028803
v 0.068256 0.249269 -0.029570
v 0.061494 0.249269 -0.027374
v 0.056508 0.249037 -0.022801
v 0.054699 0.254502 -0.019721
v 0.058878 0.254502 -0.025473
v 0.064768 0.254734 -0.028803
v 0.071490 0.254502 -0.029570
v 0.078251 0.254502 -0.027374
v 0.083238 0.254734 -0.022801
v 0.008601 0.234148 -0.035267
v 0.011835 0.239380 -0.035267
v 0.005113 0.239613 -0.036034
v 0.015323 0.233915 -0.036034
v 0.011625 0.228100 -0.037463
v 0.005585 0.229267 -0.037486
v 0.001840 0.234148 -0.037463
v -0.000776 0.239380 -0.039364
v 0.002961 0.245428 -0.039364
v 0.008812 0.245428 -0.037463
v 0.014852 0.244261 -0.037486
v 0.018597 0.239380 -0.037463
v 0.021213 0.234148 -0.039364
v 0.017476 0.228100 -0.039364
v 0.013289 0.223262 -0.042296
v 0.019344 0.224363 -0.045116
v 0.022349 0.229267 -0.042933
v 0.024237 0.228100 -0.048670
v 0.020154 0.223262 -0.051746
v 0.024237 0.228100 -0.054822
v 0.019344 0.224363 -0.058376
v 0.022349 0.229267 -0.060559
v 0.017476 0.228100 -0.064128
v 0.013289 0.223262 -0.061196
v 0.011625 0.228100 -0.066029
v 0.006733 0.224363 -0.062474
v 0.005585 0.229267 -0.066006
v 0.000685 0.228100 -0.062474
v 0.002180 0.223262 -0.057586
v -0.002931 0.228100 -0.057497
v -0.001062 0.224363 -0.051746
v -0.004776 0.229267 -0.051746
v -0.002931 0.228100 -0.045995
v 0.002180 0.223262 -0.045906
v 0.000685 0.228100 -0.041018
v 0.006733 0.224363 -0.041018
v 0.008350 0.221129 -0.045995
v 0.015111 0.221129 -0.048191
v 0.015111 0.221129 -0.055300
v 0.008350 0.221129 -0.057497
v 0.004171 0.221129 -0.051746
v 0.010218 0.220000 -0.051746
v -0.003147 0.233915 -0.042036
v -0.005954 0.234148 -0.048191
v -0.005954 0.234148 -0.055300
v -0.006302 0.239613 -0.051746
v -0.004955 0.239380 -0.045116
v -0.001912 0.244261 -0.042933
v -0.003800 0.245428 -0.048670
v 0.001092 0.249165 -0.045116
v 0.000282 0.250266 -0.051746
v -0.003800 0.245428 -0.054822
v 0.001092 0.249165 -0.058376
v -0.001912 0.244261 -0.060559
v 0.002961 0.245428 -0.064128
v 0.007148 0.250266 -0.061196
v 0.008812 0.245428 -0.066029
v 0.013704 0.249165 -0.062474
v 0.014852 0.244261 -0.066006
v 0.019751 0.245428 -0.062474
v 0.018257 0.250266 -0.057586
v 0.023367 0.245428 -0.057497
v 0.021499 0.249165 -0.051746
v 0.025213 0.244261 -0.051746
v 0.023367 0.245428 -0.045995
v 0.018257 0.250266 -0.045906
v 0.019751 0.245428 -0.041018
v 0.013704 0.249165 -0.041018
v 0.007148 0.250266 -0.042296
v 0.005326 0.252399 -0.048191
v 0.005326 0.252399 -0.055300
v 0.012087 0.252399 -0.057497
v 0.016266 0.252399 -0.051746
v 0.012087 0.252399 -0.045995
v 0.010218 0.253528 -0.051746
v 0.023583 0.239613 -0.042036
v 0.026391 0.239380 -0.048191
v 0.026391 0.239380 -0.055300
v 0.026739 0.233915 -0.051746
v 0.025392 0.234148 -0.045116
v 0.025392 0.234148 -0.058376
v 0.021213 0.234148 -0.064128
v 0.015323 0.233915 -0.067458
v 0.008601 0.234148 -0.068225
v 0.001840 0.234148 -0.066029
v -0.003147 0.233915 -0.061456
v -0.004955 0.239380 -0.058376
v -0.000776 0.239380 -0.064128
v 0.005113 0.239613 -0.067458
v 0.011835 0.239380 -0.068225
v 0.018597 0.239380 -0.066029
v 0.023583 0.239613 -0.061456
v -0.033511 0.234148 0.061742
v -0.030277 0.239380 0.061742
v -0.036999 0.239613 0.060974
v -0.026789 0.233915 0.060974
v -0.030488 0.228100 0.059545
v -0.036527 0.229267 0.059523
v -0.040272 0.234148 0.059545
v -0.042889 0.239380 0.057644
v -0.039151 0.245428 0.057644
v -0.033301 0.245428 0.059545
v -0.027261 0.244261 0.059523
v -0.023516 0.239380 0.059545
v -0.020900 0.234148 0.057644
v -0.024637 0.228100 0.057644
v -0.028824 0.223262 0.054712
v -0.022768 0.224363 0.051893
v -0.019763 0.229267 0.054076
v -0.017876 0.228100 0.048338
v -0.021958 0.223262 0.045263
v -0.017876 0.228100 0.042187
v -0.022768 0.224363 0.038632
v -0.019763 0.229267 0.036449
v -0.024637 0.228100 0.032881
v -0.028824 0.223262 0.035813
v -0.030488 0.228100 0.030980
v -0.035380 0.224363 0.034534
v -0.036527 0.229267 0.031002
v -0.041427 0.228100 0.034534
v -0.039933 0.223262 0.039422
v -0.045043 0.228100 0.039511
v -0.043174 0.224363 0.045263
v -0.046888 0.229267 0.045263
v -0.045043 0.228100 0.051014
v -0.039933 0.223262 0.051103
v -0.041427 0.228100 0.055991
v -0.035380 0.224363 0.055991
v -0.033763 0.221129 0.051014
v -0.027002 0.221129 0.048817
v -0.027002 0.221129 0.041708
v -0.033763 0.221129 0.039511
v -0.037941 0.221129 0.045263
v -0.031894 0.220000 0.045263
v -0.045259 0.233915 0.054973
v -0.048067 0.234148 0.048817
v -0.048067 0.234148 0.041708
v -0.048414 0.239613 0.045263
v -0.047067 0.239380 0.051893
v -0.044025 0.244261 0.054076
v -0.045912 0.245428 0.048338
v -0.041020 0.249165 0.051893
v -0.041830 0.250266 0.045263
v -0.045912 0.245428 0.042187
v -0.041020 0.249165 0.038632
v -0.044025 0.244261 0.036449
v -0.039151 0.245428 0.032881
v -0.034965 0.250266 0.035813
v -0.033301 0.245428 0.030980
v -0.028408 0.249165 0.034534
v -0.027261 0.244261 0.031002
v -0.022361 0.245428 0.034534
v -0.023856 0.250266 0.039422
v -0.018745 0.245428 0.039511
v -0.020614 0.249165 0.045263
v -0.016900 0.244261 0.045263
v -0.018745 0.245428 0.051014
v -0.023856 0.250266 0.051103
v -0.022361 0.245428 0.055991
v -0.028408 0.249165 0.055991
v -0.034965 0.250266 0.054712
v -0.036786 0.252399 0.048817
v -0.036786 0.252399 0.041708
v -0.030025 0.252399 0.039511
v -0.025847 0.252399 0.045263
v -0.030025 0.252399 0.051014
v -0.031894 0.253528 0.045263
v -0.018529 0.239613 0.054973
v -0.015721 0.239380 0.048817
v -0.015721 0.239380 0.041708
v -0.015374 0.233915 0.045263
v -0.016721 0.234148 0.051893
v -0.016721 0.234148 0.038632
v -0.020900 0.234148 0.032881
v -0.026789 0.233915 0.029551
v -0.033511 0.234148 0.028783
v -0.040272 0.234148 0.030980
v -0.045259 0.233915 0.035552
v -0.047067 0.239380 0.038632
v -0.042889 0.239380 0.032881
v -0.036999 0.239613 0.029551
v -0.030277 0.239380 0.028783
v -0.023516 0.239380 0.030980
v -0.018529 0.239613 0.035552
v 0.121546 0.109332 0.006358
v 0.121546 0.110000 0.006446
v 0.121546 0.110000 0.025226
v 0.121546 0.109332 0.025226
v 0.121546 0.110668 0.025226
v 0.121546 0.110668 0.006358
v 0.120546 0.110668 0.026226
v 0.120546 0.110000 0.026226
v 0.119546 0.110668 0.026226
v 0.119546 0.110000 0.026226
v 0.112546 0.110668 0.026226
v 0.112546 0.110000 0.026226
v 0.111546 0.110668 0.026226
v 0.111546 0.110000 0.026226
v 0.110546 0.110668 0.026226
v 0.110546 0.110000 0.026226
v 0.110546 0.108332 0.009780
v 0.111546 0.108332 0.008772
v 0.111546 0.108332 0.025226
v 0.110546 0.108332 0.025226
v 0.112546 0.108332 0.008243
v 0.112546 0.108332 0.025226
v 0.119546 0.108332 0.025226
v 0.119546 0.108332 0.008243
v 0.119546 0.109332 0.026226
v 0.112546 0.109332 0.026226
v 0.120546 0.109332 0.026226
v 0.120546 0.108332 0.025226
v 0.120546 0.108332 0.007235
v 0.111546 0.109332 0.026226
v 0.110546 0.109332 0.026226
v 0.111546 0.111668 0.025226
v 0.110546 0.111668 0.025226
v 0.112546 0.111668 0.025226
v 0.112546 0.111668 0.008243
v 0.111546 0.111668 0.008772
v 0.110546 0.111668 0.009780
v 0.119546 0.111668 0.008243
v 0.119546 0.111668 0.025226
v 0.120546 0.111668 0.025226
v 0.120546 0.111668 0.007235
v 0.110546 0.110668 0.009912
v 0.110546 0.110000 0.010000
v 0.110546 0.109332 0.009912
v 0.049994 0.234148 0.022788
v 0.053228 0.239380 0.022788
v 0.046506 0.239613 0.022020
v 0.056716 0.233915 0.022020
v 0.053017 0.228100 0.020591
v 0.046977 0.229267 0.020569
v 0.043233 0.234148 0.020591
v 0.040616 0.239380 0.018690
v 0.044354 0.245428 0.018690
v 0.050204 0.245428 0.020591
v 0.056244 0.244261 0.020569
v 0.059989 0.239380 0.020591
v 0.062605 0.234148 0.018690
v 0.058868 0.228100 0.018690
v 0.054681 0.223262 0.015758
v 0.060736 0.224363 0.012939
v 0.063741 0.229267 0.015122
v 0.065629 0.228100 0.009384
v 0.061547 0.223262 0.006308
v 0.065629 0.228100 0.003233
v 0.060736 0.224363 -0.000322
v 0.063741 0.229267 -0.002505
v 0.058868 0.228100 -0.006073
v 0.054681 0.223262 -0.003141
v 0.053017 0.228100 -0.007974
v 0.048125 0.224363 -0.004420
v 0.046977 0.229267 -0.007952
v 0.042078 0.228100 -0.004420
v 0.043572 0.223262 0.000468
v 0.038462 0.228100 0.000557
v 0.040330 0.224363 0.006308
v 0.036617 0.229267 0.006308
v 0.038462 0.228100 0.012060
v 0.043572 0.223262 0.012149
v 0.042078 0.228100 0.017037
v 0.048125 0.224363 0.017037
v 0.049742 0.221129 0.012060
v 0.056503 0.221129 0.009863
v 0.056503 0.221129 0.002754
v 0.049742 0.221129 0.000557
v 0.045563 0.221129 0.006308
v 0.051611 0.220000 0.006308
v 0.038245 0.233915 0.016019
v 0.035438 0.234148 0.009863
v 0.035438 0.234148 0.002754
v 0.035090 0.239613 0.006308
v 0.036438 0.239380 0.012939
v 0.039480 0.244261 0.015122
v 0.037592 0.245428 0.009384
v 0.042485 0.249165 0.012939
v 0.041675 0.250266 0.006308
v 0.037592 0.245428 0.003233
v 0.042485 0.249165 -0.000322
v 0.039480 0.244261 -0.002505
v 0.044354 0.245428 -0.006073
v 0.048540 0.250266 -0.003141
v 0.050204 0.245428 -0.007974
v 0.055096 0.249165 -0.004420
v 0.056244 0.244261 -0.007952
v 0.061144 0.245428 -0.004420
v 0.059649 0.250266 0.000468
v 0.064760 0.245428 0.000557
v 0.062891 0.249165 0.006308
v 0.066605 0.244261 0.006308
v 0.064760 0.245428 0.012060
v 0.059649 0.250266 0.012149
v 0.061144 0.245428 0.017037
v 0.055096 0.249165 0.017037
v 0.048540 0.250266 0.015758
v 0.046718 0.252399 0.009863
v 0.046718 0.252399 0.002754
v 0.053479 0.252399 0.000557
v 0.057658 0.252399 0.006308
v 0.053479 0.252399 0.012060
v 0.051611 0.253528 0.006308
v 0.064976 0.239613 0.016019
v 0.067783 0.239380 0.009863
v 0.067783 0.239380 0.002754
v 0.068131 0.233915 0.006308
v 0.066784 0.234148 0.012939
v 0.066784 0.234148 -0.000322
v 0.062605 0.234148 -0.006073
v 0.056716 0.233915 -0.009403
v 0.049994 0.234148 -0.010171
v 0.043233 0.234148 -0.007974
v 0.038245 0.233915 -0.003402
v 0.036438 0.239380 -0.000322
v 0.040616 0.239380 -0.006073
v 0.046506 0.239613 -0.009403
v 0.053228 0.239380 -0.010171
v 0.059989 0.239380 -0.007974
v 0.064976 0.239613 -0.003402
v -0.020092 0.252586 -0.055322
v -0.016858 0.257819 -0.055322
v -0.023580 0.258051 -0.056089
v -0.013370 0.252354 -0.056089
v -0.017068 0.246539 -0.057518
v -0.023108 0.247705 -0.057541
v -0.026853 0.252586 -0.057518
v -0.029469 0.257819 -0.059419
v -0.025732 0.263866 -0.059419
v -0.019881 0.263866 -0.057518
v -0.013841 0.262699 -0.057541
v -0.010097 0.257819 -0.057518
v -0.007480 0.252586 -0.059419
v -0.011218 0.246539 -0.059419
v -0.015405 0.241700 -0.062351
v -0.009349 0.242801 -0.065171
v -0.006344 0.247705 -0.062988
v -0.004457 0.246539 -0.068725
v -0.008539 0.241700 -0.071801
v -0.004457 0.246539 -0.074877
v -0.009349 0.242801 -0.078431
v -0.006344 0.247705 -0.080614
v -0.011218 0.246539 -0.084183
v -0.015405 0.241700 -0.081251
v -0.017068 0.246539 -0.086084
v -0.021961 0.242801 -0.082529
v -0.023108 0.247705 -0.086061
v -0.028008 0.246539 -0.082529
v -0.026513 0.241700 -0.077641
v -0.031624 0.246539 -0.077552
v -0.029755 0.242801 -0.071801
v -0.033469 0.247705 -0.071801
v -0.031624 0.246539 -0.066050
v -0.026513 0.241700 -0.065961
v -0.028008 0.246539 -0.061073
v -0.021961 0.242801 -0.061073
v -0.020344 0.239567 -0.066050
v -0.013582 0.239567 -0.068247
v -0.013582 0.239567 -0.075356
v -0.020344 0.239567 -0.077552
v -0.024522 0.239567 -0.071801
v -0.018475 0.238438 -0.071801
v -0.031840 0.252354 -0.062091
v -0.034647 0.252586 -0.068247
v -0.034647 0.252586 -0.075356
v -0.034995 0.258051 -0.071801
v -0.033648 0.257819 -0.065171
v -0.030605 0.262699 -0.062988
v -0.032493 0.263866 -0.068725
v -0.027601 0.267603 -0.065171
v -0.028411 0.268704 -0.071801
v -0.032493 0.263866 -0.074877
v -0.027601 0.267603 -0.078431
v -0.030605 0.262699 -0.080614
v -0.025732 0.263866 -0.084183
v -0.021545 0.268704 -0.081251
v -0.019881 0.263866 -0.086084
v -0.014989 0.267603 -0.082529
v -0.013841 0.262699 -0.086061
v -0.008942 0.263866 -0.082529
v -0.010436 0.268704 -0.077641
v -0.005326 0.263866 -0.077552
v -0.007195 0.267603 -0.071801
v -0.003481 0.262699 -0.071801
v -0.005326 0.263866 -0.066050
v -0.010436 0.268704 -0.065961
v -0.008942 0.263866 -0.061073
v -0.014989 0.267603 -0.061073
v -0.021545 0.268704 -0.062351
v -0.023367 0.270838 -0.068247
v -0.023367 0.270838 -0.075356
v -0.016606 0.270838 -0.077552
v -0.012428 0.270838 -0.071801
v -0.016606 0.270838 -0.066050
v -0.018475 0.271966 -0.071801
v -0.005110 0.258051 -0.062091
v -0.002302 0.257819 -0.068247
v -0.002302 0.257819 -0.075356
v -0.001955 0.252354 -0.071801
v -0.003302 0.252586 -0.065171
v -0.003302 0.252586 -0.078431
v -0.007480 0.252586 -0.084183
v -0.013370 0.252354 -0.087513
v -0.020092 0.252586 -0.088280
v -0.026853 0.252586 -0.086084
v -0.031840 0.252354 -0.081511
v -0.033648 0.257819 -0.078431
v -0.029469 0.257819 -0.084183
v -0.023580 0.258051 -0.087513
v -0.016858 0.257819 -0.088280
v -0.010097 0.257819 -0.086084
v -0.005110 0.258051 -0.081511
v -0.031978 0.261933 0.077614
v -0.028744 0.267166 0.077614
v -0.035466 0.267398 0.076846
v -0.025256 0.261701 0.076846
v -0.028955 0.255886 0.075417
v -0.034995 0.257053 0.075395
v -0.038739 0.261933 0.075417
v -0.041356 0.267166 0.073516
v -0.037618 0.273213 0.073516
v -0.031768 0.273213 0.075417
v -0.025728 0.272047 0.075395
v -0.021983 0.267166 0.075417
v -0.019367 0.261933 0.073516
v -0.023104 0.255886 0.073516
v -0.027291 0.251048 0.070584
v -0.021235 0.252149 0.067765
v -0.018231 0.257053 0.069948
v -0.016343 0.255886 0.064210
v -0.020425 0.251048 0.061134
v -0.016343 0.255886 0.058058
v -0.021235 0.252149 0.054504
v -0.018231 0.257053 0.052321
v -0.023104 0.255886 0.048753
v -0.027291 0.251048 0.051685
v -0.028955 0.255886 0.046852
v -0.033847 0.252149 0.050406
v -0.034995 0.257053 0.046874
v -0.039894 0.255886 0.050406
v -0.038399 0.251048 0.055294
v -0.043510 0.255886 0.055383
v -0.041641 0.252149 0.061134
v -0.045355 0.257053 0.061134
v -0.043510 0.255886 0.066886
v -0.038399 0.251048 0.066975
v -0.039894 0.255886 0.071862
v -0.033847 0.252149 0.071862
v -0.032230 0.248914 0.066886
v -0.025469 0.248914 0.064689
v -0.025469 0.248914 0.057580
v -0.032230 0.248914 0.055383
v -0.036408 0.248914 0.061134
v -0.030361 0.247786 0.061134
v -0.043726 0.261701 0.070845
v -0.046534 0.261933 0.064689
v -0.046534 0.261933 0.057580
v -0.046881 0.267398 0.061134
v -0.045534 0.267166 0.067765
v -0.042492 0.272047 0.069948
v -0.044379 0.273213 0.064210
v -0.039487 0.276951 0.067765
v -0.040297 0.278052 0.061134
v -0.044379 0.273213 0.058058
v -0.039487 0.276951 0.054504
v -0.042492 0.272047 0.052321
v -0.037618 0.273213 0.048753
v -0.033432 0.278052 0.051685
v -0.031768 0.273213 0.046852
v -0.026875 0.276951 0.050406
v -0.025728 0.272047 0.046874
v -0.020828 0.273213 0.050406
v -0.022323 0.278052 0.055294
v -0.017212 0.273213 0.055383
v -0.019081 0.276951 0.061134
v -0.015367 0.272047 0.061134
v -0.017212 0.273213 0.066886
v -0.022323 0.278052 0.066975
v -0.020828 0.273213 0.071862
v -0.026875 0.276951 0.071862
v -0.033432 0.278052 0.070584
v -0.035253 0.280185 0.064689
v -0.035253 0.280185 0.057580
v -0.028492 0.280185 0.055383
v -0.024314 0.280185 0.061134
v -0.028492 0.280185 0.066886
v -0.030361 0.281314 0.061134
v -0.016996 0.267398 0.070845
v -0.014189 0.267166 0.064689
v -0.014189 0.267166 0.057580
v -0.013841 0.261701 0.061134
v -0.015188 0.261933 0.067765
v -0.015188 0.261933 0.054504
v -0.019367 0.261933 0.048753
v -0.025256 0.261701 0.045423
v -0.031978 0.261933 0.044655
v -0.038739 0.261933 0.046852
v -0.043726 0.261701 0.051424
v -0.045534 0.267166 0.054504
v -0.041356 0.267166 0.048753
v -0.035466 0.267398 0.045423
v -0.028744 0.267166 0.044655
v -0.021983 0.267166 0.046852
v -0.016996 0.267398 0.051424
v -0.000086 0.234148 -0.001793
v 0.003148 0.239380 -0.001793
v -0.003574 0.239613 -0.002561
v 0.006636 0.233915 -0.002561
v 0.002938 0.228100 -0.003990
v -0.003102 0.229267 -0.004012
v -0.006847 0.234148 -0.003990
v -0.009463 0.239380 -0.005891
v -0.005726 0.245428 -0.005891
v 0.000125 0.245428 -0.003990
v 0.006165 0.244261 -0.004012
v 0.009909 0.239380 -0.003990
v 0.012526 0.234148 -0.005891
v 0.008788 0.228100 -0.005891
v 0.004602 0.223262 -0.008823
v 0.010657 0.224363 -0.011642
v 0.013662 0.229267 -0.009459
v 0.015549 0.228100 -0.015197
v 0.011467 0.223262 -0.018272
v 0.015549 0.228100 -0.021348
v 0.010657 0.224363 -0.024903
v 0.013662 0.229267 -0.027086
v 0.008788 0.228100 -0.030654
v 0.004602 0.223262 -0.027722
v 0.002938 0.228100 -0.032555
v -0.001954 0.224363 -0.029001
v -0.003102 0.229267 -0.032533
v -0.008002 0.228100 -0.029001
v -0.006507 0.223262 -0.024113
v -0.011618 0.228100 -0.024024
v -0.009749 0.224363 -0.018272
v -0.013463 0.229267 -0.018272
v -0.011618 0.228100 -0.012521
v -0.006507 0.223262 -0.012432
v -0.008002 0.228100 -0.007544
v -0.001954 0.224363 -0.007544
v -0.000337 0.221129 -0.012521
v 0.006424 0.221129 -0.014718
v 0.006424 0.221129 -0.021827
v -0.000337 0.221129 -0.024024
v -0.004516 0.221129 -0.018272
v 0.001531 0.220000 -0.018272
v -0.011834 0.233915 -0.008562
v -0.014641 0.234148 -0.014718
v -0.014641 0.234148 -0.021827
v -0.014989 0.239613 -0.018272
v -0.013642 0.239380 -0.011642
v -0.010599 0.244261 -0.009459
v -0.012487 0.245428 -0.015197
v -0.007595 0.249165 -0.011642
v -0.008405 0.250266 -0.018272
v -0.012487 0.245428 -0.021348
v -0.007595 0.249165 -0.024903
v -0.010599 0.244261 -0.027086
v -0.005726 0.245428 -0.030654
v -0.001539 0.250266 -0.027722
v 0.000125 0.245428 -0.032555
v 0.005017 0.249165 -0.029001
v 0.006165 0.244261 -0.032533
v 0.011064 0.245428 -0.029001
v 0.009570 0.250266 -0.024113
v 0.014680 0.245428 -0.024024
v 0.012811 0.249165 -0.018272
v 0.016525 0.244261 -0.018272
v 0.014680 0.245428 -0.012521
v 0.009570 0.250266 -0.012432
v 0.011064 0.245428 -0.007544
v 0.005017 0.249165 -0.007544
v -0.001539 0.250266 -0.008823
v -0.003361 0.252399 -0.014718
v -0.003361 0.252399 -0.021827
v 0.003400 0.252399 -0.024024
v 0.007579 0.252399 -0.018272
v 0.003400 0.252399 -0.012521
v 0.001531 0.253528 -0.018272
v 0.014896 0.239613 -0.008562
v 0.017704 0.239380 -0.014718
v 0.017704 0.239380 -0.021827
v 0.018051 0.233915 -0.018272
v 0.016704 0.234148 -0.011642
v 0.016704 0.234148 -0.024903
v 0.012526 0.234148 -0.030654
v 0.006636 0.233915 -0.033984
v -0.000086 0.234148 -0.034752
v -0.006847 0.234148 -0.032555
v -0.011834 0.233915 -0.027983
v -0.013642 0.239380 -0.024903
v -0.009463 0.239380 -0.030654
v -0.003574 0.239613 -0.033984
v 0.003148 0.239380 -0.034752
v 0.009909 0.239380 -0.032555
v 0.014896 0.239613 -0.027983
v 0.098125 0.049940 0.026293
v 0.099893 0.021000 0.026766
v 0.068125 0.021000 0.026766
v 0.068125 0.049940 0.026293
v 0.068125 0.049940 -0.026293
v 0.068125 0.021000 -0.026766
v 0.099893 0.021000 -0.026766
v 0.098125 0.049940 -0.026293
v 0.061320 0.049940 -0.025397
v 0.061198 0.021000 -0.025854
v 0.054979 0.049940 -0.022770
v 0.054742 0.021000 -0.023180
v 0.049534 0.049940 -0.018592
v 0.049199 0.021000 -0.018927
v 0.045355 0.049940 -0.013146
v 0.044945 0.021000 -0.013383
v 0.042729 0.049940 -0.006805
v 0.042271 0.021000 -0.006928
v 0.041833 0.049940 0.000000
v 0.041359 0.021000 0.000000
v 0.042729 0.049940 0.006805
v 0.042271 0.021000 0.006928
v 0.045355 0.049940 0.013146
v 0.044945 0.021000 0.013383
v 0.049534 0.049940 0.018592
v 0.049199 0.021000 0.018927
v 0.054979 0.049940 0.022770
v 0.054742 0.021000 0.023180
v 0.061320 0.049940 0.025397
v 0.061198 0.021000 0.025854
v 0.061193 0.020000 0.025870
v 0.068125 0.020000 0.026783
v 0.054734 0.020000 0.023194
v 0.049187 0.020000 0.018938
v 0.044931 0.020000 0.013391
v 0.042255 0.020000 0.006932
v 0.041343 0.020000 0.000000
v 0.042255 0.020000 -0.006932
v 0.044931 0.020000 -0.013391
v 0.049187 0.020000 -0.018938
v 0.054734 0.020000 -0.023194
v 0.061193 0.020000 -0.025870
v 0.068125 0.020000 -0.026783
v 0.099954 0.020000 -0.026783
v 0.100930 0.020000 -0.027044
v 0.100930 0.020000 0.027044
v 0.099954 0.020000 0.026783
v 0.106373 0.020000 -0.026624
v 0.101769 0.020000 -0.025390
v 0.101769 0.010000 -0.025390
v 0.106373 0.010000 -0.026624
v 0.068125 0.010000 -0.026783
v 0.101769 0.020000 0.025390
v 0.101769 0.010000 0.025390
v 0.068125 0.010000 0.026783
v 0.106373 0.020000 0.026624
v 0.106373 0.010000 0.026624
v 0.113147 0.020000 0.025732
v 0.113147 0.010000 0.025732
v 0.106497 0.010000 0.026608
v 0.119572 0.020000 0.023071
v 0.119572 0.010000 0.023071
v 0.125089 0.020000 0.018837
v 0.125089 0.010000 0.018837
v 0.129323 0.020000 0.013320
v 0.129323 0.010000 0.013320
v 0.131984 0.020000 0.006895
v 0.131984 0.010000 0.006895
v 0.132892 0.020000 0.000000
v 0.132892 0.010000 0.000000
v 0.131984 0.020000 -0.006895
v 0.131984 0.010000 -0.006895
v 0.129323 0.020000 -0.013320
v 0.129323 0.010000 -0.013320
v 0.125089 0.020000 -0.018837
v 0.125089 0.010000 -0.018837
v 0.119572 0.020000 -0.023071
v 0.119572 0.010000 -0.023071
v 0.113147 0.020000 -0.025732
v 0.113147 0.010000 -0.025732
v 0.106497 0.010000 -0.026608
v 0.061193 0.010000 0.025870
v 0.061193 0.010000 -0.025870
v 0.054734 0.010000 -0.023194
v 0.049187 0.010000 -0.018938
v 0.044931 0.010000 -0.013391
v 0.042255 0.010000 -0.006932
v 0.041343 0.010000 0.000000
v 0.042255 0.010000 0.006932
v 0.044931 0.010000 0.013391
v 0.049187 0.010000 0.018938
v 0.054734 0.010000 0.023194
v 0.079759 0.200000 0.046049
v 0.089562 0.021000 0.051708
v 0.088959 0.200000 0.023837
v 0.065123 0.200000 0.065123
v 0.073127 0.021000 0.073127
v 0.046049 0.200000 0.079759
v 0.051708 0.021000 0.089562
v 0.023836 0.200000 0.088959
v 0.026766 0.021000 0.099893
v 0.000000 0.200000 0.092097
v 0.000000 0.021000 0.103417
v -0.023836 0.200000 0.088959
v -0.026766 0.021000 0.099893
v -0.046049 0.200000 0.079759
v -0.051708 0.021000 0.089562
v -0.065123 0.200000 0.065123
v -0.073127 0.021000 0.073127
v -0.079759 0.200000 0.046049
v -0.089562 0.021000 0.051708
v -0.088959 0.200000 0.023837
v -0.099893 0.021000 0.026766
v -0.092097 0.200000 0.000000
v -0.103417 0.021000 0.000000
v -0.088959 0.200000 -0.023836
v -0.099893 0.021000 -0.026766
v -0.079759 0.200000 -0.046049
v -0.089562 0.021000 -0.051708
v -0.065123 0.200000 -0.065123
v -0.073127 0.021000 -0.073127
v -0.046049 0.200000 -0.079759
v -0.051708 0.021000 -0.089562
v -0.023836 0.200000 -0.088959
v -0.026766 0.021000 -0.099893
v 0.000000 0.200000 -0.092097
v 0.000000 0.021000 -0.103417
v 0.023836 0.200000 -0.088959
v 0.026766 0.021000 -0.099893
v 0.046049 0.200000 -0.079759
v 0.051708 0.021000 -0.089562
v 0.065123 0.200000 -0.065123
v 0.073127 0.021000 -0.073127
v 0.079759 0.200000 -0.046049
v 0.089562 0.021000 -0.051708
v 0.088959 0.200000 -0.023836
v 0.090492 0.020000 -0.052245
v 0.102609 0.020000 -0.027494
v 0.091996 0.020000 -0.053114
v 0.103583 0.019000 -0.027755
v 0.092870 0.019000 -0.053618
v 0.102609 0.020000 0.027494
v 0.091996 0.020000 0.053114
v 0.092870 0.019000 0.053619
v 0.103583 0.019000 0.027755
v 0.090492 0.020000 0.052245
v 0.101544 0.020000 0.025563
v 0.106252 0.020000 0.028470
v 0.113620 0.020000 0.027500
v 0.120487 0.020000 0.024656
v 0.126383 0.020000 0.020131
v 0.130908 0.020000 0.014235
v 0.133752 0.020000 0.007369
v 0.134722 0.020000 0.000000
v 0.133752 0.020000 -0.007369
v 0.130908 0.020000 -0.014235
v 0.126383 0.020000 -0.020131
v 0.120487 0.020000 -0.024656
v 0.113620 0.020000 -0.027500
v 0.106252 0.020000 -0.028470
v 0.101544 0.020000 -0.025563
v 0.073886 0.020000 0.073886
v 0.075115 0.020000 0.075115
v 0.075828 0.019000 0.075828
v 0.053114 0.020000 0.091996
v 0.053618 0.019000 0.092870
v 0.052245 0.020000 0.090492
v 0.027044 0.020000 0.100930
v 0.027494 0.020000 0.102609
v 0.027755 0.019000 0.103583
v 0.000000 0.020000 0.106228
v 0.000000 0.019000 0.107237
v 0.000000 0.020000 0.104491
v -0.027044 0.020000 0.100930
v -0.027494 0.020000 0.102609
v -0.027755 0.019000 0.103583
v -0.053114 0.020000 0.091996
v -0.053618 0.019000 0.092870
v -0.052245 0.020000 0.090492
v -0.073886 0.020000 0.073886
v -0.075115 0.020000 0.075115
v -0.075828 0.019000 0.075828
v -0.091996 0.020000 0.053114
v -0.092870 0.019000 0.053619
v -0.090492 0.020000 0.052245
v -0.100930 0.020000 0.027044
v -0.102609 0.020000 0.027494
v -0.103583 0.019000 0.027755
v -0.106228 0.020000 0.000000
v -0.107237 0.019000 0.000000
v -0.104491 0.020000 0.000000
v -0.100930 0.020000 -0.027044
v -0.102609 0.020000 -0.027494
v -0.103583 0.019000 -0.027755
v -0.091996 0.020000 -0.053114
v -0.092870 0.019000 -0.053618
v -0.090492 0.020000 -0.052245
v -0.073886 0.020000 -0.073886
v -0.075115 0.020000 -0.075115
v -0.075828 0.019000 -0.075828
v -0.053114 0.020000 -0.091996
v -0.053618 0.019000 -0.092870
v -0.052245 0.020000 -0.090492
v -0.027044 0.020000 -0.100930
v -0.027494 0.020000 -0.102609
v -0.027755 0.019000 -0.103583
v 0.000000 0.020000 -0.106228
v 0.000000 0.019000 -0.107237
v 0.000000 0.020000 -0.104491
v 0.027044 0.020000 -0.100930
v 0.027494 0.020000 -0.102609
v 0.027755 0.019000 -0.103583
v 0.053114 0.020000 -0.091996
v 0.053618 0.019000 -0.092870
v 0.052245 0.020000 -0.090492
v 0.073886 0.020000 -0.073886
v 0.075115 0.020000 -0.075115
v 0.075828 0.019000 -0.075828
v 0.075828 0.011000 -0.075828
v 0.092870 0.011000 -0.053618
v 0.053618 0.011000 -0.092870
v 0.027755 0.011000 -0.103583
v 0.000000 0.011000 -0.107237
v -0.027755 0.011000 -0.103583
v -0.053618 0.011000 -0.092870
v -0.075828 0.011000 -0.075828
v -0.092870 0.011000 -0.053618
v -0.103583 0.011000 -0.027755
v -0.107237 0.011000 0.000000
v -0.103583 0.011000 0.027755
v -0.092870 0.011000 0.053618
v -0.075828 0.011000 0.075828
v -0.053618 0.011000 0.092870
v -0.027755 0.011000 0.103583
v 0.000000 0.011000 0.107237
v 0.027755 0.011000 0.103583
v 0.053618 0.011000 0.092870
v 0.075828 0.011000 0.075828
v 0.092870 0.011000 0.053618
v 0.103583 0.011000 0.027755
v 0.104557 0.010000 0.028016
v 0.093744 0.010000 0.054123
v 0.094389 0.010000 0.054496
v 0.105278 0.010000 0.028209
v 0.076541 0.010000 0.076541
v 0.077069 0.010000 0.077069
v 0.077782 0.009000 0.077782
v 0.095263 0.009000 0.055000
v 0.054496 0.010000 0.094389
v 0.055000 0.009000 0.095263
v 0.054123 0.010000 0.093744
v 0.028016 0.010000 0.104557
v 0.028209 0.010000 0.105278
v 0.028470 0.009000 0.106252
v 0.000000 0.010000 0.108991
v 0.000000 0.009000 0.110000
v 0.000000 0.010000 0.108246
v -0.028016 0.010000 0.104557
v -0.028209 0.010000 0.105278
v -0.028470 0.009000 0.106252
v -0.054496 0.010000 0.094389
v -0.055000 0.009000 0.095263
v -0.054123 0.010000 0.093744
v -0.076541 0.010000 0.076541
v -0.077069 0.010000 0.077069
v -0.077782 0.009000 0.077782
v -0.094389 0.010000 0.054496
v -0.095263 0.009000 0.055000
v -0.093744 0.010000 0.054123
v -0.104557 0.010000 0.028016
v -0.105278 0.010000 0.028209
v -0.106252 0.009000 0.028470
v -0.108991 0.010000 0.000000
v -0.110000 0.009000 0.000000
v -0.108246 0.010000 0.000000
v -0.104557 0.010000 -0.028016
v -0.105278 0.010000 -0.028209
v -0.106252 0.009000 -0.028470
v -0.094389 0.010000 -0.054496
v -0.095263 0.009000 -0.055000
v -0.093744 0.010000 -0.054123
v -0.076541 0.010000 -0.076541
v -0.077069 0.010000 -0.077069
v -0.077782 0.009000 -0.077782
v -0.054496 0.010000 -0.094389
v -0.055000 0.009000 -0.095263
v -0.054123 0.010000 -0.093744
v -0.028016 0.010000 -0.104557
v -0.028209 0.010000 -0.105278
v -0.028470 0.009000 -0.106252
v 0.000000 0.010000 -0.108991
v 0.000000 0.009000 -0.110000
v 0.000000 0.010000 -0.108246
v 0.028016 0.010000 -0.104557
v 0.028209 0.010000 -0.105278
v 0.028470 0.009000 -0.106252
v 0.054496 0.010000 -0.094389
v 0.055000 0.009000 -0.095263
v 0.054123 0.010000 -0.093744
v 0.076541 0.010000 -0.076541
v 0.077069 0.010000 -0.077069
v 0.077782 0.009000 -0.077782
v 0.094389 0.010000 -0.054496
v 0.095263 0.009000 -0.055000
v 0.093744 0.010000 -0.054123
v 0.104557 0.010000 -0.028016
v 0.103583 0.011000 -0.027755
v 0.105278 0.010000 -0.028209
v 0.106252 0.009000 -0.028470
v 0.106252 0.009000 0.028470
v 0.106252 -0.000000 0.028470
v 0.095263 -0.000000 0.055000
v 0.095263 0.000000 -0.055000
v 0.106252 0.000000 -0.028470
v 0.077782 0.000000 -0.077782
v 0.055000 0.000000 -0.095263
v 0.028470 0.000000 -0.106252
v 0.000000 0.000000 -0.110000
v -0.028470 0.000000 -0.106252
v -0.055000 0.000000 -0.095263
v -0.077782 0.000000 -0.077782
v -0.095263 0.000000 -0.055000
v -0.106252 0.000000 -0.028470
v -0.110000 0.000000 0.000000
v -0.106252 -0.000000 0.028470
v -0.095263 -0.000000 0.055000
v -0.077782 -0.000000 0.077782
v -0.055000 -0.000000 0.095263
v -0.028470 -0.000000 0.106252
v 0.000000 -0.000000 0.110000
v 0.028470 -0.000000 0.106252
v 0.055000 -0.000000 0.095263
v 0.077782 -0.000000 0.077782
v 0.092097 0.200000 0.000000
v 0.101546 0.050579 0.000000
v 0.087246 0.210000 0.000000
v 0.084274 0.210000 0.022581
v 0.084274 0.210000 -0.022581
v 0.075558 0.210000 -0.043623
v 0.061692 0.210000 -0.061692
v 0.043623 0.210000 -0.075558
v 0.022581 0.210000 -0.084273
v 0.000000 0.210000 -0.087246
v -0.022581 0.210000 -0.084273
v -0.043623 0.210000 -0.075558
v -0.061692 0.210000 -0.061692
v -0.075558 0.210000 -0.043623
v -0.084274 0.210000 -0.022581
v -0.087246 0.210000 0.000000
v -0.084274 0.210000 0.022581
v -0.075558 0.210000 0.043623
v -0.061692 0.210000 0.061693
v -0.043623 0.210000 0.075558
v -0.022581 0.210000 0.084274
v 0.000000 0.210000 0.087246
v 0.022581 0.210000 0.084274
v 0.043623 0.210000 0.075558
v 0.061692 0.210000 0.061693
v 0.075558 0.210000 0.043623
v 0.106252 0.019000 -0.028470
v 0.113620 0.019000 -0.027500
v 0.120487 0.019000 -0.024656
v 0.126383 0.019000 -0.020131
v 0.130908 0.019000 -0.014235
v 0.133752 0.019000 -0.007369
v 0.134722 0.019000 0.000000
v 0.133752 0.019000 0.007369
v 0.130908 0.019000 0.014235
v 0.126383 0.019000 0.020131
v 0.120487 0.019000 0.024656
v 0.113620 0.019000 0.027500
v 0.106252 0.019000 0.028470
v 0.106252 0.011000 0.028470
v 0.106252 0.011000 -0.028470
v 0.113620 0.011000 -0.027500
v 0.120487 0.011000 -0.024656
v 0.126383 0.011000 -0.020131
v 0.130908 0.011000 -0.014235
v 0.133752 0.011000 -0.007369
v 0.134722 0.011000 0.000000
v 0.133752 0.011000 0.007369
v 0.130908 0.011000 0.014235
v 0.126383 0.011000 0.020131
v 0.120487 0.011000 0.024656
v 0.113620 0.011000 0.027500
v 0.113620 0.009000 0.027500
v 0.113620 -0.000000 0.027500
v 0.120487 -0.000000 0.024656
v 0.120487 0.009000 0.024656
v 0.126383 -0.000000 0.020131
v 0.126383 0.009000 0.020131
v 0.130908 -0.000000 0.014235
v 0.130908 0.009000 0.014235
v 0.133752 -0.000000 0.007369
v 0.133752 0.009000 0.007369
v 0.134722 0.000000 0.000000
v 0.134722 0.009000 0.000000
v 0.133752 0.000000 -0.007369
v 0.133752 0.009000 -0.007369
v 0.130908 0.000000 -0.014235
v 0.130908 0.009000 -0.014235
v 0.126383 0.000000 -0.020131
v 0.126383 0.009000 -0.020131
v 0.120487 0.000000 -0.024656
v 0.120487 0.009000 -0.024656
v 0.113620 0.000000 -0.027500
v 0.113620 0.009000 -0.027500
v 0.000000 0.000000 0.000000
v 0.080853 0.210000 0.021665
v 0.072491 0.210000 0.041853
v 0.083705 0.210000 0.000000
v 0.080853 0.210000 -0.021664
v 0.072491 0.210000 -0.041853
v 0.059189 0.210000 -0.059189
v 0.041853 0.210000 -0.072491
v 0.021665 0.210000 -0.080853
v 0.000000 0.210000 -0.083705
v -0.021665 0.210000 -0.080853
v -0.041853 0.210000 -0.072491
v -0.059189 0.210000 -0.059189
v -0.072491 0.210000 -0.041853
v -0.080853 0.210000 -0.021664
v -0.083705 0.210000 0.000000
v -0.080853 0.210000 0.021665
v -0.072491 0.210000 0.041853
v -0.059189 0.210000 0.059189
v -0.041853 0.210000 0.072491
v -0.021665 0.210000 0.080853
v 0.000000 0.210000 0.083705
v 0.021665 0.210000 0.080853
v 0.041853 0.210000 0.072491
v 0.059189 0.210000 0.059189
v -0.013033 0.262298 0.048138
v -0.009799 0.267531 0.048138
v -0.016521 0.267763 0.047370
v -0.006311 0.262065 0.047370
v -0.010009 0.256250 0.045941
v -0.016049 0.257417 0.045919
v -0.019794 0.262298 0.045941
v -0.022411 0.267531 0.044040
v -0.018673 0.273578 0.044040
v -0.012823 0.273578 0.045941
v -0.006782 0.272411 0.045919
v -0.003038 0.267531 0.045941
v -0.000421 0.262298 0.044040
v -0.004159 0.256250 0.044040
v -0.008346 0.251412 0.041109
v -0.002290 0.252513 0.038289
v 0.000715 0.257417 0.040472
v 0.002602 0.256250 0.034735
v -0.001480 0.251412 0.031659
v 0.002602 0.256250 0.028583
v -0.002290 0.252513 0.025028
v 0.000715 0.257417 0.022845
v -0.004159 0.256250 0.019277
v -0.008346 0.251412 0.022209
v -0.010009 0.256250 0.017376
v -0.014902 0.252513 0.020931
v -0.016049 0.257417 0.017398
v -0.020949 0.256250 0.020931
v -0.019454 0.251412 0.025818
v -0.024565 0.256250 0.025907
v -0.022696 0.252513 0.031659
v -0.026410 0.257417 0.031659
v -0.024565 0.256250 0.037410
v -0.019454 0.251412 0.037499
v -0.020949 0.256250 0.042387
v -0.014902 0.252513 0.042387
v -0.013285 0.249279 0.037410
v -0.006524 0.249279 0.035213
v -0.006524 0.249279 0.028104
v -0.013285 0.249279 0.025907
v -0.017463 0.249279 0.031659
v -0.011416 0.248150 0.031659
v -0.024781 0.262065 0.041369
v -0.027588 0.262298 0.035213
v -0.027588 0.262298 0.028104
v -0.027936 0.267763 0.031659
v -0.026589 0.267531 0.038289
v -0.023547 0.272411 0.040472
v -0.025434 0.273578 0.034735
v -0.020542 0.277315 0.038289
v -0.021352 0.278416 0.031659
v -0.025434 0.273578 0.028583
v -0.020542 0.277315 0.025028
v -0.023547 0.272411 0.022845
v -0.018673 0.273578 0.019277
v -0.014486 0.278416 0.022209
v -0.012823 0.273578 0.017376
v -0.007930 0.277315 0.020931
v -0.006782 0.272411 0.017398
v -0.001883 0.273578 0.020931
v -0.003377 0.278416 0.025818
v 0.001733 0.273578 0.025907
v -0.000136 0.277315 0.031659
v 0.003578 0.272411 0.031659
v 0.001733 0.273578 0.037410
v -0.003377 0.278416 0.037499
v -0.001883 0.273578 0.042387
v -0.007930 0.277315 0.042387
v -0.014486 0.278416 0.041109
v -0.016308 0.280549 0.035213
v -0.016308 0.280549 0.028104
v -0.009547 0.280549 0.025907
v -0.005369 0.280549 0.031659
v -0.009547 0.280549 0.037410
v -0.011416 0.281678 0.031659
v 0.001949 0.267763 0.041369
v 0.004757 0.267531 0.035213
v 0.004757 0.267531 0.028104
v 0.005104 0.262065 0.031659
v 0.003757 0.262298 0.038289
v 0.003757 0.262298 0.025028
v -0.000421 0.262298 0.019277
v -0.006311 0.262065 0.015947
v -0.013033 0.262298 0.015179
v -0.019794 0.262298 0.017376
v -0.024781 0.262065 0.021948
v -0.026589 0.267531 0.025028
v -0.022411 0.267531 0.019277
v -0.016521 0.267763 0.015947
v -0.009799 0.267531 0.015179
v -0.003038 0.267531 0.017376
v 0.001949 0.267763 0.021948
v 0.049011 0.276693 -0.047485
v 0.052245 0.281926 -0.047485
v 0.045523 0.282158 -0.048253
v 0.055733 0.276461 -0.048253
v 0.052034 0.270646 -0.049682
v 0.045994 0.271812 -0.049704
v 0.042250 0.276693 -0.049682
v 0.039633 0.281926 -0.051583
v 0.043371 0.287973 -0.051583
v 0.049221 0.287973 -0.049682
v 0.055261 0.286806 -0.049704
v 0.059006 0.281926 -0.049682
v 0.061622 0.276693 -0.051583
v 0.057885 0.270646 -0.051583
v 0.053698 0.265807 -0.054515
v 0.059753 0.266908 -0.057334
v 0.062758 0.271812 -0.055151
v 0.064646 0.270646 -0.060889
v 0.060564 0.265807 -0.063965
v 0.064646 0.270646 -0.067041
v 0.059753 0.266908 -0.070595
v 0.062758 0.271812 -0.072778
v 0.057885 0.270646 -0.076346
v 0.053698 0.265807 -0.073414
v 0.052034 0.270646 -0.078247
v 0.047142 0.266908 -0.074693
v 0.045994 0.271812 -0.078225
v 0.041095 0.270646 -0.074693
v 0.042589 0.265807 -0.069805
v 0.037479 0.270646 -0.069716
v 0.039347 0.266908 -0.063965
v 0.035634 0.271812 -0.063965
v 0.037479 0.270646 -0.058213
v 0.042589 0.265807 -0.058124
v 0.041095 0.270646 -0.053237
v 0.047142 0.266908 -0.053237
v 0.048759 0.263674 -0.058213
v 0.055520 0.263674 -0.060410
v 0.055520 0.263674 -0.067519
v 0.048759 0.263674 -0.069716
v 0.044580 0.263674 -0.063965
v 0.050628 0.262545 -0.063965
v 0.037262 0.276461 -0.054254
v 0.034455 0.276693 -0.060410
v 0.034455 0.276693 -0.067519
v 0.034107 0.282158 -0.063965
v 0.035455 0.281926 -0.057334
v 0.038497 0.286806 -0.055151
v 0.036609 0.287973 -0.060889
v 0.041502 0.291711 -0.057334
v 0.040692 0.292811 -0.063965
v 0.036609 0.287973 -0.067041
v 0.041502 0.291711 -0.070595
v 0.038497 0.286806 -0.072778
v 0.043371 0.287973 -0.076346
v 0.047557 0.292811 -0.073414
v 0.049221 0.287973 -0.078247
v 0.054113 0.291711 -0.074693
v 0.055261 0.286806 -0.078225
v 0.060161 0.287973 -0.074693
v 0.058666 0.292811 -0.069805
v 0.063777 0.287973 -0.069716
v 0.061908 0.291711 -0.063965
v 0.065622 0.286806 -0.063965
v 0.063777 0.287973 -0.058213
v 0.058666 0.292811 -0.058124
v 0.060161 0.287973 -0.053237
v 0.054113 0.291711 -0.053237
v 0.047557 0.292811 -0.054515
v 0.045735 0.294945 -0.060410
v 0.045735 0.294945 -0.067519
v 0.052496 0.294945 -0.069716
v 0.056675 0.294945 -0.063965
v 0.052496 0.294945 -0.058213
v 0.050628 0.296073 -0.063965
v 0.063993 0.282158 -0.054254
v 0.066800 0.281926 -0.060410
v 0.066800 0.281926 -0.067519
v 0.067148 0.276461 -0.063965
v 0.065801 0.276693 -0.057334
v 0.065801 0.276693 -0.070595
v 0.061622 0.276693 -0.076346
v 0.055733 0.276461 -0.079676
v 0.049011 0.276693 -0.080444
v 0.042250 0.276693 -0.078247
v 0.037262 0.276461 -0.073675
v 0.035455 0.281926 -0.070595
v 0.039633 0.281926 -0.076346
v 0.045523 0.282158 -0.079676
v 0.052245 0.281926 -0.080444
v 0.059006 0.281926 -0.078247
v 0.063993 0.282158 -0.073675
v -0.055197 0.234148 -0.017679
v -0.051963 0.239380 -0.017679
v -0.058685 0.239613 -0.018447
v -0.048475 0.233915 -0.018447
v -0.052173 0.228100 -0.019876
v -0.058213 0.229267 -0.019898
v -0.061958 0.234148 -0.019876
v -0.064575 0.239380 -0.021777
v -0.060837 0.245428 -0.021777
v -0.054987 0.245428 -0.019876
v -0.048947 0.244261 -0.019898
v -0.045202 0.239380 -0.019876
v -0.042585 0.234148 -0.021777
v -0.046323 0.228100 -0.021777
v -0.050510 0.223262 -0.024709
v -0.044454 0.224363 -0.027528
v -0.041449 0.229267 -0.025345
v -0.039562 0.228100 -0.031083
v -0.043644 0.223262 -0.034159
v -0.039562 0.228100 -0.037234
v -0.044454 0.224363 -0.040789
v -0.041449 0.229267 -0.042972
v -0.046323 0.228100 -0.046540
v -0.050510 0.223262 -0.043608
v -0.052173 0.228100 -0.048441
v -0.057066 0.224363 -0.044887
v -0.058213 0.229267 -0.048419
v -0.063113 0.228100 -0.044887
v -0.061618 0.223262 -0.039999
v -0.066729 0.228100 -0.039910
v -0.064860 0.224363 -0.034159
v -0.068574 0.229267 -0.034159
v -0.066729 0.228100 -0.028407
v -0.061618 0.223262 -0.028318
v -0.063113 0.228100 -0.023430
v -0.057066 0.224363 -0.023430
v -0.055449 0.221129 -0.028407
v -0.048688 0.221129 -0.030604
v -0.048688 0.221129 -0.037713
v -0.055449 0.221129 -0.039910
v -0.059627 0.221129 -0.034159
v -0.053580 0.220000 -0.034159
v -0.066945 0.233915 -0.024448
v -0.069753 0.234148 -0.030604
v -0.069753 0.234148 -0.037713
v -0.070100 0.239613 -0.034159
v -0.068753 0.239380 -0.027528
v -0.065711 0.244261 -0.025345
v -0.067598 0.245428 -0.031083
v -0.062706 0.249165 -0.027528
v -0.063516 0.250266 -0.034159
v -0.067598 0.245428 -0.037234
v -0.062706 0.249165 -0.040789
v -0.065711 0.244261 -0.042972
v -0.060837 0.245428 -0.046540
v -0.056651 0.250266 -0.043608
v -0.054987 0.245428 -0.048441
v -0.050094 0.249165 -0.044887
v -0.048947 0.244261 -0.048419
v -0.044047 0.245428 -0.044887
v -0.045542 0.250266 -0.039999
v -0.040431 0.245428 -0.039910
v -0.042300 0.249165 -0.034159
v -0.038586 0.244261 -0.034159
v -0.040431 0.245428 -0.028407
v -0.045542 0.250266 -0.028318
v -0.044047 0.245428 -0.023430
v -0.050094 0.249165 -0.023430
v -0.056650 0.250266 -0.024709
v -0.058472 0.252399 -0.030604
v -0.058472 0.252399 -0.037713
v -0.051711 0.252399 -0.039910
v -0.047533 0.252399 -0.034159
v -0.051711 0.252399 -0.028407
v -0.053580 0.253528 -0.034159
v -0.040215 0.239613 -0.024448
v -0.037407 0.239380 -0.030604
v -0.037407 0.239380 -0.037713
v -0.037060 0.233915 -0.034159
v -0.038407 0.234148 -0.027528
v -0.038407 0.234148 -0.040789
v -0.042585 0.234148 -0.046540
v -0.048475 0.233915 -0.049870
v -0.055197 0.234148 -0.050638
v -0.061958 0.234148 -0.048441
v -0.066945 0.233915 -0.043869
v -0.068753 0.239380 -0.040789
v -0.064575 0.239380 -0.046540
v -0.058685 0.239613 -0.049870
v -0.051963 0.239380 -0.050638
v -0.045202 0.239380 -0.048441
v -0.040215 0.239613 -0.043869
v -0.025981 0.234148 -0.022483
v -0.022746 0.239380 -0.022483
v -0.029468 0.239613 -0.023251
v -0.019258 0.233915 -0.023251
v -0.022957 0.228100 -0.024680
v -0.028997 0.229267 -0.024702
v -0.032741 0.234148 -0.024680
v -0.035358 0.239380 -0.026581
v -0.031621 0.245428 -0.026581
v -0.025770 0.245428 -0.024680
v -0.019730 0.244261 -0.024702
v -0.015985 0.239380 -0.024680
v -0.013369 0.234148 -0.026581
v -0.017106 0.228100 -0.026581
v -0.021293 0.223262 -0.029513
v -0.015237 0.224363 -0.032332
v -0.012233 0.229267 -0.030149
v -0.010345 0.228100 -0.035887
v -0.014427 0.223262 -0.038963
v -0.010345 0.228100 -0.042038
v -0.015237 0.224363 -0.045593
v -0.012233 0.229267 -0.047776
v -0.017106 0.228100 -0.051344
v -0.021293 0.223262 -0.048412
v -0.022957 0.228100 -0.053245
v -0.027849 0.224363 -0.049691
v -0.028997 0.229267 -0.053223
v -0.033896 0.228100 -0.049691
v -0.032402 0.223262 -0.044803
v -0.037512 0.228100 -0.044714
v -0.035644 0.224363 -0.038963
v -0.039358 0.229267 -0.038963
v -0.037512 0.228100 -0.033211
v -0.032402 0.223262 -0.033122
v -0.033896 0.228100 -0.028235
v -0.027849 0.224363 -0.028235
v -0.026232 0.221129 -0.033211
v -0.019471 0.221129 -0.035408
v -0.019471 0.221129 -0.042517
v -0.026232 0.221129 -0.044714
v -0.030411 0.221129 -0.038963
v -0.024363 0.220000 -0.038963
v -0.037728 0.233915 -0.029252
v -0.040536 0.234148 -0.035408
v -0.040536 0.234148 -0.042517
v -0.040884 0.239613 -0.038963
v -0.039536 0.239380 -0.032332
v -0.036494 0.244261 -0.030149
v -0.038382 0.245428 -0.035887
v -0.033489 0.249165 -0.032332
v -0.034299 0.250266 -0.038963
v -0.038382 0.245428 -0.042038
v -0.033489 0.249165 -0.045593
v -0.036494 0.244261 -0.047776
v -0.031621 0.245428 -0.051344
v -0.027434 0.250266 -0.048412
v -0.025770 0.245428 -0.053245
v -0.020878 0.249165 -0.049691
v -0.019730 0.244261 -0.053223
v -0.014830 0.245428 -0.049691
v -0.016325 0.250266 -0.044803
v -0.011215 0.245428 -0.044714
v -0.013083 0.249165 -0.038963
v -0.009369 0.244261 -0.038963
v -0.011215 0.245428 -0.033211
v -0.016325 0.250266 -0.033122
v -0.014830 0.245428 -0.028235
v -0.020878 0.249165 -0.028235
v -0.027434 0.250266 -0.029513
v -0.029256 0.252399 -0.035408
v -0.029256 0.252399 -0.042517
v -0.022495 0.252399 -0.044714
v -0.018316 0.252399 -0.038963
v -0.022495 0.252399 -0.033211
v -0.024363 0.253528 -0.038963
v -0.010998 0.239613 -0.029252
v -0.008191 0.239380 -0.035408
v -0.008191 0.239380 -0.042517
v -0.007843 0.233915 -0.038963
v -0.009190 0.234148 -0.032332
v -0.009190 0.234148 -0.045593
v -0.013369 0.234148 -0.051344
v -0.019258 0.233915 -0.054674
v -0.025981 0.234148 -0.055442
v -0.032741 0.234148 -0.053245
v -0.037728 0.233915 -0.048673
v -0.039536 0.239380 -0.045593
v -0.035358 0.239380 -0.051344
v -0.029468 0.239613 -0.054674
v -0.022746 0.239380 -0.055442
v -0.015985 0.239380 -0.053245
v -0.010998 0.239613 -0.048673
v 0.020859 0.220000 0.077846
v 0.021134 0.220000 0.078875
v 0.040829 0.220000 0.070718
v 0.040296 0.220000 0.069795
v 0.000000 0.220000 0.080592
v 0.000000 0.220000 0.081658
v -0.020859 0.220000 0.077846
v -0.021134 0.220000 0.078875
v -0.040296 0.220000 0.069795
v -0.040829 0.220000 0.070718
v -0.056987 0.220000 0.056987
v -0.057741 0.220000 0.057741
v -0.069795 0.220000 0.040296
v -0.070717 0.220000 0.040829
v -0.077846 0.220000 0.020859
v -0.078875 0.220000 0.021135
v -0.080592 0.220000 0.000000
v -0.081657 0.220000 0.000000
v -0.077846 0.220000 -0.020859
v -0.078875 0.220000 -0.021134
v -0.069795 0.220000 -0.040296
v -0.070717 0.220000 -0.040829
v -0.056987 0.220000 -0.056987
v -0.057741 0.220000 -0.057741
v -0.040296 0.220000 -0.069795
v -0.040829 0.220000 -0.070717
v -0.020859 0.220000 -0.077846
v -0.021134 0.220000 -0.078875
v 0.000000 0.220000 -0.080592
v 0.000000 0.220000 -0.081657
v 0.020859 0.220000 -0.077846
v 0.021134 0.220000 -0.078875
v 0.040296 0.220000 -0.069795
v 0.040829 0.220000 -0.070717
v 0.056987 0.220000 -0.056987
v 0.057741 0.220000 -0.057741
v 0.069795 0.220000 -0.040296
v 0.070717 0.220000 -0.040829
v 0.077846 0.220000 -0.020859
v 0.078875 0.220000 -0.021134
v 0.080592 0.220000 0.000000
v 0.081657 0.220000 0.000000
v 0.077846 0.220000 0.020859
v 0.078875 0.220000 0.021135
v 0.069795 0.220000 0.040296
v 0.070717 0.220000 0.040829
v 0.056987 0.220000 0.056987
v 0.057741 0.220000 0.057741
v 0.041837 0.218000 0.072465
v 0.059167 0.218000 0.059167
v 0.059167 0.210000 0.059167
v 0.041837 0.210000 0.072465
v 0.072465 0.210000 0.041837
v 0.072465 0.218000 0.041837
v 0.080824 0.210000 0.021657
v 0.080824 0.218000 0.021657
v 0.083675 0.210000 0.000000
v 0.083675 0.218000 0.000000
v 0.080824 0.210000 -0.021657
v 0.080824 0.218000 -0.021657
v 0.072465 0.210000 -0.041837
v 0.072465 0.218000 -0.041837
v 0.059167 0.210000 -0.059167
v 0.059167 0.218000 -0.059167
v 0.041837 0.210000 -0.072464
v 0.041837 0.218000 -0.072464
v 0.021657 0.210000 -0.080824
v 0.021657 0.218000 -0.080824
v 0.000000 0.210000 -0.083675
v 0.000000 0.218000 -0.083675
v -0.021657 0.210000 -0.080824
v -0.021657 0.218000 -0.080824
v -0.041837 0.210000 -0.072464
v -0.041837 0.218000 -0.072464
v -0.059167 0.210000 -0.059167
v -0.059167 0.218000 -0.059167
v -0.072465 0.210000 -0.041837
v -0.072465 0.218000 -0.041837
v -0.080824 0.210000 -0.021657
v -0.080824 0.218000 -0.021657
v -0.083675 0.210000 0.000000
v -0.083675 0.218000 0.000000
v -0.080824 0.210000 0.021657
v -0.080824 0.218000 0.021657
v -0.072465 0.210000 0.041837
v -0.072465 0.218000 0.041837
v -0.059167 0.210000 0.059167
v -0.059167 0.218000 0.059167
v -0.041837 0.210000 0.072465
v -0.041837 0.218000 0.072465
v -0.021657 0.210000 0.080824
v -0.021657 0.218000 0.080824
v 0.000000 0.210000 0.083675
v 0.000000 0.218000 0.083675
v 0.021657 0.210000 0.080824
v 0.021657 0.218000 0.080824
v 0.000000 0.220000 0.000000
v 0.006460 0.234148 0.031512
v 0.009694 0.239380 0.031512
v 0.002972 0.239613 0.030744
v 0.013182 0.233915 0.030744
v 0.009483 0.228100 0.029315
v 0.003443 0.229267 0.029293
v -0.000301 0.234148 0.029315
v -0.002918 0.239380 0.027414
v 0.000820 0.245428 0.027414
v 0.006670 0.245428 0.029315
v 0.012710 0.244261 0.029293
v 0.016455 0.239380 0.029315
v 0.019071 0.234148 0.027414
v 0.015334 0.228100 0.027414
v 0.011147 0.223262 0.024482
v 0.017203 0.224363 0.021663
v 0.020207 0.229267 0.023846
v 0.022095 0.228100 0.018108
v 0.018013 0.223262 0.015032
v 0.022095 0.228100 0.011956
v 0.017203 0.224363 0.008402
v 0.020207 0.229267 0.006219
v 0.015334 0.228100 0.002651
v 0.011147 0.223262 0.005582
v 0.009483 0.228100 0.000750
v 0.004591 0.224363 0.004304
v 0.003443 0.229267 0.000772
v -0.001456 0.228100 0.004304
v 0.000038 0.223262 0.009192
v -0.005072 0.228100 0.009281
v -0.003204 0.224363 0.015032
v -0.006917 0.229267 0.015032
v -0.005072 0.228100 0.020783
v 0.000038 0.223262 0.020872
v -0.001456 0.228100 0.025760
v 0.004591 0.224363 0.025760
v 0.006208 0.221129 0.020783
v 0.012969 0.221129 0.018587
v 0.012969 0.221129 0.011478
v 0.006208 0.221129 0.009281
v 0.002029 0.221129 0.015032
v 0.008077 0.220000 0.015032
v -0.005288 0.233915 0.024743
v -0.008096 0.234148 0.018587
v -0.008096 0.234148 0.011478
v -0.008443 0.239613 0.015032
v -0.007096 0.239380 0.021663
v -0.004054 0.244261 0.023846
v -0.005942 0.245428 0.018108
v -0.001049 0.249165 0.021663
v -0.001859 0.250266 0.015032
v -0.005942 0.245428 0.011956
v -0.001049 0.249165 0.008402
v -0.004054 0.244261 0.006219
v 0.000820 0.245428 0.002651
v 0.005006 0.250266 0.005582
v 0.006670 0.245428 0.000750
v 0.011563 0.249165 0.004304
v 0.012710 0.244261 0.000772
v 0.017610 0.245428 0.004304
v 0.016115 0.250266 0.009192
v 0.021226 0.245428 0.009281
v 0.019357 0.249165 0.015032
v 0.023071 0.244261 0.015032
v 0.021226 0.245428 0.020783
v 0.016115 0.250266 0.020872
v 0.017610 0.245428 0.025760
v 0.011563 0.249165 0.025760
v 0.005006 0.250266 0.024482
v 0.003184 0.252399 0.018587
v 0.003184 0.252399 0.011478
v 0.009945 0.252399 0.009281
v 0.014124 0.252399 0.015032
v 0.009945 0.252399 0.020783
v 0.008077 0.253528 0.015032
v 0.021442 0.239613 0.024743
v 0.024249 0.239380 0.018587
v 0.024249 0.239380 0.011478
v 0.024597 0.233915 0.015032
v 0.023250 0.234148 0.021663
v 0.023250 0.234148 0.008402
v 0.019071 0.234148 0.002651
v 0.013182 0.233915 -0.000679
v 0.006460 0.234148 -0.001447
v -0.000301 0.234148 0.000750
v -0.005288 0.233915 0.005322
v -0.007096 0.239380 0.008402
v -0.002918 0.239380 0.002651
v 0.002972 0.239613 -0.000679
v 0.009694 0.239380 -0.001447
v 0.016455 0.239380 0.000750
v 0.021442 0.239613 0.005322
v -0.046900 0.260747 -0.034372
v -0.043666 0.265980 -0.034372
v -0.050388 0.266212 -0.035140
v -0.040178 0.260514 -0.035140
v -0.043876 0.254699 -0.036569
v -0.049916 0.255866 -0.036591
v -0.053661 0.260747 -0.036569
v -0.056278 0.265980 -0.038470
v -0.052540 0.272027 -0.038470
v -0.046690 0.272027 -0.036569
v -0.040650 0.270860 -0.036591
v -0.036905 0.265980 -0.036569
v -0.034288 0.260747 -0.038470
v -0.038026 0.254699 -0.038470
v -0.042213 0.249861 -0.041402
v -0.036157 0.250962 -0.044221
v -0.033152 0.255866 -0.042038
v -0.031265 0.254699 -0.047776
v -0.035347 0.249861 -0.050852
v -0.031265 0.254699 -0.053928
v -0.036157 0.250962 -0.057482
v -0.033152 0.255866 -0.059665
v -0.038026 0.254699 -0.063233
v -0.042213 0.249861 -0.060301
v -0.043876 0.254699 -0.065134
v -0.048769 0.250962 -0.061580
v -0.049916 0.255866 -0.065112
v -0.054816 0.254699 -0.061580
v -0.053321 0.249861 -0.056692
v -0.058432 0.254699 -0.056603
v -0.056563 0.250962 -0.050852
v -0.060277 0.255866 -0.050852
v -0.058432 0.254699 -0.045100
v -0.053321 0.249861 -0.045011
v -0.054816 0.254699 -0.040124
v -0.048769 0.250962 -0.040124
v -0.047152 0.247728 -0.045100
v -0.040391 0.247728 -0.047297
v -0.040391 0.247728 -0.054406
v -0.047152 0.247728 -0.056603
v -0.051330 0.247728 -0.050852
v -0.045283 0.246599 -0.050852
v -0.058648 0.260514 -0.041141
v -0.061456 0.260747 -0.047297
v -0.061456 0.260747 -0.054406
v -0.061803 0.266212 -0.050852
v -0.060456 0.265980 -0.044221
v -0.057414 0.270860 -0.042038
v -0.059301 0.272027 -0.047776
v -0.054409 0.275764 -0.044221
v -0.055219 0.276865 -0.050852
v -0.059301 0.272027 -0.053928
v -0.054409 0.275764 -0.057482
v -0.057414 0.270860 -0.059665
v -0.052540 0.272027 -0.063233
v -0.048354 0.276865 -0.060301
v -0.046690 0.272027 -0.065134
v -0.041797 0.275764 -0.061580
v -0.040650 0.270860 -0.065112
v -0.035750 0.272027 -0.061580
v -0.037245 0.276865 -0.056692
v -0.032134 0.272027 -0.056603
v -0.034003 0.275764 -0.050852
v -0.030289 0.270860 -0.050852
v -0.032134 0.272027 -0.045100
v -0.037245 0.276865 -0.045011
v -0.035750 0.272027 -0.040124
v -0.041797 0.275764 -0.040124
v -0.048354 0.276865 -0.041402
v -0.050175 0.278998 -0.047297
v -0.050175 0.278998 -0.054406
v -0.043414 0.278998 -0.056603
v -0.039236 0.278998 -0.050852
v -0.043414 0.278998 -0.045100
v -0.045283 0.280127 -0.050852
v -0.031918 0.266212 -0.041141
v -0.029111 0.265980 -0.047297
v -0.029111 0.265980 -0.054406
v -0.028763 0.260514 -0.050852
v -0.030110 0.260747 -0.044221
v -0.030110 0.260747 -0.057482
v -0.034288 0.260747 -0.063233
v -0.040178 0.260514 -0.066563
v -0.046900 0.260747 -0.067331
v -0.053661 0.260747 -0.065134
v -0.058648 0.260514 -0.060562
v -0.060456 0.265980 -0.057482
v -0.056278 0.265980 -0.063233
v -0.050388 0.266212 -0.066563
v -0.043666 0.265980 -0.067331
v -0.036905 0.265980 -0.065134
v -0.031918 0.266212 -0.060562
v 0.036068 0.233583 -0.008468
v 0.039302 0.238816 -0.008468
v 0.032580 0.239048 -0.009236
v 0.042790 0.233351 -0.009236
v 0.039092 0.227536 -0.010665
v 0.033052 0.228703 -0.010687
v 0.029307 0.233583 -0.010665
v 0.026691 0.238816 -0.012566
v 0.030428 0.244863 -0.012566
v 0.036279 0.244863 -0.010665
v 0.042319 0.243697 -0.010687
v 0.046064 0.238816 -0.010665
v 0.048680 0.233583 -0.012566
v 0.044942 0.227536 -0.012566
v 0.040756 0.222698 -0.015497
v 0.046811 0.223798 -0.018317
v 0.049816 0.228703 -0.016134
v 0.051704 0.227536 -0.021871
v 0.047621 0.222698 -0.024947
v 0.051704 0.227536 -0.028023
v 0.046811 0.223798 -0.031577
v 0.049816 0.228703 -0.033760
v 0.044942 0.227536 -0.037329
v 0.040756 0.222698 -0.034397
v 0.039092 0.227536 -0.039230
v 0.034200 0.223798 -0.035675
v 0.033052 0.228703 -0.039207
v 0.028152 0.227536 -0.035675
v 0.029647 0.222698 -0.030787
v 0.024536 0.227536 -0.030698
v 0.026405 0.223798 -0.024947
v 0.022691 0.228703 -0.024947
v 0.024536 0.227536 -0.019196
v 0.029647 0.222698 -0.019107
v 0.028152 0.227536 -0.014219
v 0.034200 0.223798 -0.014219
v 0.035817 0.220564 -0.019196
v 0.042578 0.220564 -0.021393
v 0.042578 0.220564 -0.028502
v 0.035817 0.220564 -0.030698
v 0.031638 0.220564 -0.024947
v 0.037685 0.219436 -0.024947
v 0.024320 0.233351 -0.015237
v 0.021513 0.233583 -0.021393
v 0.021513 0.233583 -0.028502
v 0.021165 0.239048 -0.024947
v 0.022512 0.238816 -0.018317
v 0.025555 0.243697 -0.016134
v 0.023667 0.244863 -0.021871
v 0.028560 0.248601 -0.018317
v 0.027749 0.249702 -0.024947
v 0.023667 0.244863 -0.028023
v 0.028560 0.248601 -0.031577
v 0.025555 0.243697 -0.033760
v 0.030428 0.244863 -0.037329
v 0.034615 0.249702 -0.034397
v 0.036279 0.244863 -0.039230
v 0.041171 0.248601 -0.035675
v 0.042319 0.243697 -0.039207
v 0.047218 0.244863 -0.035675
v 0.045724 0.249702 -0.030787
v 0.050834 0.244863 -0.030698
v 0.048966 0.248601 -0.024947
v 0.052680 0.243697 -0.024947
v 0.050834 0.244863 -0.019196
v 0.045724 0.249702 -0.019107
v 0.047218 0.244863 -0.014219
v 0.041171 0.248601 -0.014219
v 0.034615 0.249702 -0.015497
v 0.032793 0.251835 -0.021393
v 0.032793 0.251835 -0.028502
v 0.039554 0.251835 -0.030698
v 0.043733 0.251835 -0.024947
v 0.039554 0.251835 -0.019196
v 0.037685 0.252964 -0.024947
v 0.051050 0.239048 -0.015237
v 0.053858 0.238816 -0.021393
v 0.053858 0.238816 -0.028502
v 0.054205 0.233351 -0.024947
v 0.052859 0.233583 -0.018317
v 0.052859 0.233583 -0.031577
v 0.048680 0.233583 -0.037329
v 0.042790 0.233351 -0.040659
v 0.036068 0.233583 -0.041427
v 0.029307 0.233583 -0.039230
v 0.024320 0.233351 -0.034657
v 0.022512 0.238816 -0.031577
v 0.026691 0.238816 -0.037329
v 0.032580 0.239048 -0.040659
v 0.039302 0.238816 -0.041427
v 0.046064 0.238816 -0.039230
v 0.051050 0.239048 -0.034657
v -0.059463 0.238344 0.044975
v -0.056229 0.243577 0.044975
v -0.062951 0.243809 0.044207
v -0.052741 0.238111 0.044207
v -0.056440 0.232296 0.042778
v -0.062480 0.233463 0.042756
v -0.066224 0.238344 0.042778
v -0.068841 0.243577 0.040877
v -0.065103 0.249624 0.040877
v -0.059253 0.249624 0.042778
v -0.053213 0.248457 0.042756
v -0.049468 0.243577 0.042778
v -0.046852 0.238344 0.040877
v -0.050589 0.232296 0.040877
v -0.054776 0.227458 0.037945
v -0.048720 0.228559 0.035126
v -0.045716 0.233463 0.037309
v -0.043828 0.232296 0.031571
v -0.047910 0.227458 0.028496
v -0.043828 0.232296 0.025420
v -0.048720 0.228559 0.021865
v -0.045716 0.233463 0.019682
v -0.050589 0.232296 0.016114
v -0.054776 0.227458 0.019046
v -0.056440 0.232296 0.014213
v -0.061332 0.228559 0.017767
v -0.062480 0.233463 0.014235
v -0.067379 0.232296 0.017767
v -0.065885 0.227458 0.022655
v -0.070995 0.232296 0.022744
v -0.069126 0.228559 0.028496
v -0.072840 0.233463 0.028496
v -0.070995 0.232296 0.034247
v -0.065885 0.227458 0.034336
v -0.067379 0.232296 0.039224
v -0.061332 0.228559 0.039224
v -0.059715 0.225325 0.034247
v -0.052954 0.225325 0.032050
v -0.052954 0.225325 0.024941
v -0.059715 0.225325 0.022744
v -0.063893 0.225325 0.028496
v -0.057846 0.224196 0.028496
v -0.071211 0.238111 0.038206
v -0.074019 0.238344 0.032050
v -0.074019 0.238344 0.024941
v -0.074366 0.243809 0.028496
v -0.073019 0.243577 0.035126
v -0.069977 0.248457 0.037309
v -0.071864 0.249624 0.031571
v -0.066972 0.253361 0.035126
v -0.067782 0.254462 0.028496
v -0.071864 0.249624 0.025420
v -0.066972 0.253361 0.021865
v -0.069977 0.248457 0.019682
v -0.065103 0.249624 0.016114
v -0.060916 0.254462 0.019046
v -0.059253 0.249624 0.014213
v -0.054360 0.253361 0.017767
v -0.053213 0.248457 0.014235
v -0.048313 0.249624 0.017767
v -0.049808 0.254462 0.022655
v -0.044697 0.249624 0.022744
v -0.046566 0.253361 0.028496
v -0.042852 0.248457 0.028496
v -0.044697 0.249624 0.034247
v -0.049808 0.254462 0.034336
v -0.048313 0.249624 0.039224
v -0.054360 0.253361 0.039224
v -0.060916 0.254462 0.037945
v -0.062739 0.256595 0.032050
v -0.062739 0.256595 0.024941
v -0.055977 0.256595 0.022744
v -0.051799 0.256595 0.028496
v -0.055977 0.256595 0.034247
v -0.057846 0.257724 0.028496
v -0.044481 0.243809 0.038206
v -0.041674 0.243577 0.032050
v -0.041674 0.243577 0.024941
v -0.041326 0.238111 0.028496
v -0.042673 0.238344 0.035126
v -0.042673 0.238344 0.021865
v -0.046852 0.238344 0.016114
v -0.052741 0.238111 0.012784
v -0.059463 0.238344 0.012016
v -0.066224 0.238344 0.014213
v -0.071211 0.238111 0.018785
v -0.073019 0.243577 0.021865
v -0.068841 0.243577 0.016114
v -0.062951 0.243809 0.012784
v -0.056229 0.243577 0.012016
v -0.049468 0.243577 0.014213
v -0.044481 0.243809 0.018785
v 0.002629 0.264387 0.080089
v 0.005863 0.269620 0.080089
v -0.000859 0.269852 0.079321
v 0.009351 0.264154 0.079321
v 0.005653 0.258340 0.077892
v -0.000387 0.259506 0.077870
v -0.004132 0.264387 0.077892
v -0.006748 0.269620 0.075991
v -0.003011 0.275667 0.075991
v 0.002840 0.275667 0.077892
v 0.008880 0.274500 0.077870
v 0.012624 0.269620 0.077892
v 0.015241 0.264387 0.075991
v 0.011503 0.258340 0.075991
v 0.007317 0.253501 0.073059
v 0.013372 0.254602 0.070240
v 0.016377 0.259506 0.072423
v 0.018264 0.258340 0.066685
v 0.014182 0.253501 0.063609
v 0.018264 0.258340 0.060533
v 0.013372 0.254602 0.056979
v 0.016377 0.259506 0.054796
v 0.011503 0.258340 0.051228
v 0.007317 0.253501 0.054160
v 0.005653 0.258340 0.049327
v 0.000760 0.254602 0.052881
v -0.000387 0.259506 0.049349
v -0.005287 0.258340 0.052881
v -0.003792 0.253501 0.057769
v -0.008903 0.258340 0.057858
v -0.007034 0.254602 0.063609
v -0.010748 0.259506 0.063609
v -0.008903 0.258340 0.069361
v -0.003792 0.253501 0.069450
v -0.005287 0.258340 0.074337
v 0.000760 0.254602 0.074337
v 0.002378 0.251368 0.069361
v 0.009139 0.251368 0.067164
v 0.009139 0.251368 0.060055
v 0.002378 0.251368 0.057858
v -0.001801 0.251368 0.063609
v 0.004246 0.250239 0.063609
v -0.009119 0.264154 0.073320
v -0.011926 0.264387 0.067164
v -0.011926 0.264387 0.060055
v -0.012274 0.269852 0.063609
v -0.010927 0.269620 0.070240
v -0.007884 0.274500 0.072423
v -0.009772 0.275667 0.066685
v -0.004880 0.279404 0.070240
v -0.005690 0.280505 0.063609
v -0.009772 0.275667 0.060533
v -0.004880 0.279404 0.056979
v -0.007884 0.274500 0.054796
v -0.003011 0.275667 0.051228
v 0.001176 0.280505 0.054160
v 0.002840 0.275667 0.049327
v 0.007732 0.279404 0.052881
v 0.008880 0.274500 0.049349
v 0.013779 0.275667 0.052881
v 0.012285 0.280505 0.057769
v 0.017395 0.275667 0.057858
v 0.015526 0.279404 0.063609
v 0.019240 0.274500 0.063609
v 0.017395 0.275667 0.069361
v 0.012285 0.280505 0.069450
v 0.013779 0.275667 0.074337
v 0.007732 0.279404 0.074337
v 0.001176 0.280505 0.073059
v -0.000646 0.282639 0.067164
v -0.000646 0.282639 0.060055
v 0.006115 0.282639 0.057858
v 0.010293 0.282639 0.063609
v 0.006115 0.282639 0.069361
v 0.004246 0.283767 0.063609
v 0.017611 0.269852 0.073320
v 0.020419 0.269620 0.067164
v 0.020419 0.269620 0.060055
v 0.020766 0.264154 0.063609
v 0.019419 0.264387 0.070240
v 0.019419 0.264387 0.056979
v 0.015241 0.264387 0.051228
v 0.009351 0.264154 0.047898
v 0.002629 0.264387 0.047130
v -0.004132 0.264387 0.049327
v -0.009119 0.264154 0.053899
v -0.010927 0.269620 0.056979
v -0.006748 0.269620 0.051228
v -0.000859 0.269852 0.047898
v 0.005863 0.269620 0.047130
v 0.012624 0.269620 0.049327
v 0.017611 0.269852 0.053899
v 0.035937 0.256416 0.078499
v 0.039171 0.261649 0.078499
v 0.032449 0.261881 0.077731
v 0.042659 0.256183 0.077731
v 0.038960 0.250368 0.076302
v 0.032920 0.251535 0.076279
v 0.029176 0.256416 0.076302
v 0.026559 0.261649 0.074401
v 0.030297 0.267696 0.074401
v 0.036147 0.267696 0.076302
v 0.042187 0.266529 0.076279
v 0.045932 0.261649 0.076302
v 0.048548 0.256416 0.074401
v 0.044811 0.250368 0.074401
v 0.040624 0.245530 0.071469
v 0.046680 0.246631 0.068649
v 0.049684 0.251535 0.070833
v 0.051572 0.250368 0.065095
v 0.047490 0.245530 0.062019
v 0.051572 0.250368 0.058943
v 0.046680 0.246631 0.055389
v 0.049684 0.251535 0.053206
v 0.044811 0.250368 0.049638
v 0.040624 0.245530 0.052569
v 0.038960 0.250368 0.047737
v 0.034068 0.246631 0.051291
v 0.032920 0.251535 0.047759
v 0.028021 0.250368 0.051291
v 0.029515 0.245530 0.056179
v 0.024405 0.250368 0.056268
v 0.026274 0.246631 0.062019
v 0.022560 0.251535 0.062019
v 0.024405 0.250368 0.067770
v 0.029515 0.245530 0.067859
v 0.028021 0.250368 0.072747
v 0.034068 0.246631 0.072747
v 0.035685 0.243397 0.067770
v 0.042446 0.243397 0.065574
v 0.042446 0.243397 0.058465
v 0.035685 0.243397 0.056268
v 0.031507 0.243397 0.062019
v 0.037554 0.242268 0.062019
v 0.024189 0.256183 0.071729
v 0.021381 0.256416 0.065574
v 0.021381 0.256416 0.058465
v 0.021034 0.261881 0.062019
v 0.022381 0.261649 0.068650
v 0.025423 0.266529 0.070833
v 0.023536 0.267696 0.065095
v 0.028428 0.271433 0.068650
v 0.027618 0.272534 0.062019
v 0.023536 0.267696 0.058943
v 0.028428 0.271433 0.055389
v 0.025423 0.266529 0.053206
v 0.030297 0.267696 0.049638
v 0.034483 0.272534 0.052569
v 0.036147 0.267696 0.047737
v 0.041040 0.271433 0.051291
v 0.042187 0.266529 0.047759
v 0.047087 0.267696 0.051291
v 0.045592 0.272534 0.056179
v 0.050703 0.267696 0.056268
v 0.048834 0.271433 0.062019
v 0.052548 0.266529 0.062019
v 0.050703 0.267696 0.067770
v 0.045592 0.272534 0.067859
v 0.047087 0.267696 0.072747
v 0.041040 0.271433 0.072747
v 0.034483 0.272534 0.071469
v 0.032662 0.274667 0.065574
v 0.032662 0.274667 0.058465
v 0.039423 0.274667 0.056268
v 0.043601 0.274667 0.062019
v 0.039423 0.274667 0.067770
v 0.037554 0.275796 0.062019
v 0.050919 0.261881 0.071729
v 0.053726 0.261649 0.065574
v 0.053726 0.261649 0.058465
v 0.054074 0.256183 0.062019
v 0.052727 0.256416 0.068649
v 0.052727 0.256416 0.055389
v 0.048548 0.256416 0.049638
v 0.042659 0.256183 0.046308
v 0.035937 0.256416 0.045540
v 0.029176 0.256416 0.047737
v 0.024189 0.256183 0.052309
v 0.022381 0.261649 0.055389
v 0.026559 0.261649 0.049638
v 0.032449 0.261881 0.046308
v 0.039171 0.261649 0.045540
v 0.045932 0.261649 0.047737
v 0.050919 0.261881 0.052309
v 0.032747 0.234148 0.053699
v 0.035981 0.239380 0.053699
v 0.029259 0.239613 0.052931
v 0.039469 0.233915 0.052931
v 0.035771 0.228100 0.051502
v 0.029731 0.229267 0.051480
v 0.025986 0.234148 0.051502
v 0.023370 0.239380 0.049601
v 0.027107 0.245428 0.049601
v 0.032958 0.245428 0.051502
v 0.038998 0.244261 0.051480
v 0.042742 0.239380 0.051502
v 0.045359 0.234148 0.049601
v 0.041621 0.228100 0.049601
v 0.037434 0.223262 0.046669
v 0.043490 0.224363 0.043850
v 0.046495 0.229267 0.046033
v 0.048382 0.228100 0.040295
v 0.044300 0.223262 0.037220
v 0.048382 0.228100 0.034144
v 0.043490 0.224363 0.030589
v 0.046495 0.229267 0.028406
v 0.041621 0.228100 0.024838
v 0.037434 0.223262 0.027770
v 0.035771 0.228100 0.022937
v 0.030878 0.224363 0.026491
v 0.029731 0.229267 0.022959
v 0.024831 0.228100 0.026491
v 0.026326 0.223262 0.031379
v 0.021215 0.228100 0.031468
v 0.023084 0.224363 0.037220
v 0.019370 0.229267 0.037220
v 0.021215 0.228100 0.042971
v 0.026326 0.223262 0.043060
v 0.024831 0.228100 0.047948
v 0.030878 0.224363 0.047948
v 0.032495 0.221129 0.042971
v 0.039256 0.221129 0.040774
v 0.039256 0.221129 0.033665
v 0.032495 0.221129 0.031468
v 0.028317 0.221129 0.037220
v 0.034364 0.220000 0.037220
v 0.020999 0.233915 0.046930
v 0.018192 0.234148 0.040774
v 0.018192 0.234148 0.033665
v 0.017844 0.239613 0.037220
v 0.019191 0.239380 0.043850
v 0.022234 0.244261 0.046033
v 0.020346 0.245428 0.040295
v 0.025238 0.249165 0.043850
v 0.024428 0.250266 0.037220
v 0.020346 0.245428 0.034144
v 0.025238 0.249165 0.030589
v 0.022234 0.244261 0.028406
v 0.027107 0.245428 0.024838
v 0.031294 0.250266 0.027770
v 0.032958 0.245428 0.022937
v 0.037850 0.249165 0.026491
v 0.038998 0.244261 0.022959
v 0.043897 0.245428 0.026491
v 0.042402 0.250266 0.031379
v 0.047513 0.245428 0.031468
v 0.045644 0.249165 0.037220
v 0.049358 0.244261 0.037220
v 0.047513 0.245428 0.042971
v 0.042403 0.250266 0.043060
v 0.043897 0.245428 0.047948
v 0.037850 0.249165 0.047948
v 0.031294 0.250266 0.046669
v 0.029472 0.252399 0.040774
v 0.029472 0.252399 0.033665
v 0.036233 0.252399 0.031468
v 0.040411 0.252399 0.037220
v 0.036233 0.252399 0.042971
v 0.034364 0.253528 0.037220
v 0.047729 0.239613 0.046930
v 0.050537 0.239380 0.040774
v 0.050537 0.239380 0.033665
v 0.050884 0.233915 0.037220
v 0.049537 0.234148 0.043850
v 0.049537 0.234148 0.030589
v 0.045359 0.234148 0.024838
v 0.039469 0.233915 0.021508
v 0.032747 0.234148 0.020740
v 0.025986 0.234148 0.022937
v 0.020999 0.233915 0.027509
v 0.019191 0.239380 0.030589
v 0.023370 0.239380 0.024838
v 0.029259 0.239613 0.021508
v 0.035981 0.239380 0.020740
v 0.042742 0.239380 0.022937
v 0.047729 0.239613 0.027509
v 0.000883 0.234148 0.067414
v 0.004117 0.239380 0.067414
v -0.002605 0.239613 0.066646
v 0.007605 0.233915 0.066646
v 0.003906 0.228100 0.065217
v -0.002134 0.229267 0.065195
v -0.005878 0.234148 0.065217
v -0.008495 0.239380 0.063316
v -0.004757 0.245428 0.063316
v 0.001093 0.245428 0.065217
v 0.007133 0.244261 0.065195
v 0.010878 0.239380 0.065217
v 0.013494 0.234148 0.063316
v 0.009757 0.228100 0.063316
v 0.005570 0.223262 0.060384
v 0.011626 0.224363 0.057565
v 0.014631 0.229267 0.059748
v 0.016518 0.228100 0.054010
v 0.012436 0.223262 0.050934
v 0.016518 0.228100 0.047859
v 0.011626 0.224363 0.044304
v 0.014631 0.229267 0.042121
v 0.009757 0.228100 0.038553
v 0.005570 0.223262 0.041485
v 0.003906 0.228100 0.036652
v -0.000986 0.224363 0.040206
v -0.002134 0.229267 0.036674
v -0.007033 0.228100 0.040206
v -0.005539 0.223262 0.045094
v -0.010649 0.228100 0.045183
v -0.008780 0.224363 0.050934
v -0.012494 0.229267 0.050934
v -0.010649 0.228100 0.056686
v -0.005539 0.223262 0.056775
v -0.007033 0.228100 0.061663
v -0.000986 0.224363 0.061663
v 0.000631 0.221129 0.056686
v 0.007392 0.221129 0.054489
v 0.007392 0.221129 0.047380
v 0.000631 0.221129 0.045183
v -0.003547 0.221129 0.050934
v 0.002500 0.220000 0.050934
v -0.010865 0.233915 0.060645
v -0.013673 0.234148 0.054489
v -0.013673 0.234148 0.047380
v -0.014020 0.239613 0.050934
v -0.012673 0.239380 0.057565
v -0.009631 0.244261 0.059748
v -0.011518 0.245428 0.054010
v -0.006626 0.249165 0.057565
v -0.007436 0.250266 0.050934
v -0.011518 0.245428 0.047859
v -0.006626 0.249165 0.044304
v -0.009631 0.244261 0.042121
v -0.004757 0.245428 0.038553
v -0.000570 0.250266 0.041485
v 0.001093 0.245428 0.036652
v 0.005986 0.249165 0.040206
v 0.007133 0.244261 0.036674
v 0.012033 0.245428 0.040206
v 0.010538 0.250266 0.045094
v 0.015649 0.245428 0.045183
v 0.013780 0.249165 0.050934
v 0.017494 0.244261 0.050934
v 0.015649 0.245428 0.056686
v 0.010538 0.250266 0.056775
v 0.012033 0.245428 0.061663
v 0.005986 0.249165 0.061663
v -0.000570 0.250266 0.060384
v -0.002392 0.252399 0.054489
v -0.002392 0.252399 0.047380
v 0.004369 0.252399 0.045183
v 0.008547 0.252399 0.050934
v 0.004369 0.252399 0.056686
v 0.002500 0.253528 0.050934
v 0.015865 0.239613 0.060645
v 0.018672 0.239380 0.054489
v 0.018672 0.239380 0.047380
v 0.019020 0.233915 0.050934
v 0.017673 0.234148 0.057565
v 0.017673 0.234148 0.044304
v 0.013494 0.234148 0.038553
v 0.007605 0.233915 0.035223
v 0.000883 0.234148 0.034455
v -0.005878 0.234148 0.036652
v -0.010865 0.233915 0.041224
v -0.012673 0.239380 0.044304
v -0.008495 0.239380 0.038553
v -0.002605 0.239613 0.035223
v 0.004117 0.239380 0.034455
v 0.010878 0.239380 0.036652
v 0.015865 0.239613 0.041224
v -0.042243 0.262690 0.032903
v -0.039009 0.267923 0.032903
v -0.045731 0.268155 0.032135
v -0.035521 0.262458 0.032135
v -0.039220 0.256643 0.030706
v -0.045260 0.257809 0.030684
v -0.049004 0.262690 0.030706
v -0.051621 0.267923 0.028805
v -0.047883 0.273970 0.028805
v -0.042033 0.273970 0.030706
v -0.035993 0.272804 0.030684
v -0.032248 0.267923 0.030706
v -0.029632 0.262690 0.028805
v -0.033369 0.256643 0.028805
v -0.037556 0.251804 0.025873
v -0.031500 0.252905 0.023054
v -0.028496 0.257809 0.025237
v -0.026608 0.256643 0.019499
v -0.030690 0.251804 0.016423
v -0.026608 0.256643 0.013347
v -0.031500 0.252905 0.009793
v -0.028496 0.257809 0.007610
v -0.033369 0.256643 0.004042
v -0.037556 0.251804 0.006974
v -0.039220 0.256643 0.002141
v -0.044112 0.252905 0.005695
v -0.045260 0.257809 0.002163
v -0.050159 0.256643 0.005695
v -0.048665 0.251804 0.010583
v -0.053775 0.256643 0.010672
v -0.051907 0.252905 0.016423
v -0.055620 0.257809 0.016423
v -0.053775 0.256643 0.022175
v -0.048665 0.251804 0.022264
v -0.050159 0.256643 0.027151
v -0.044112 0.252905 0.027151
v -0.042495 0.249671 0.022175
v -0.035734 0.249671 0.019978
v -0.035734 0.249671 0.012869
v -0.042495 0.249671 0.010672
v -0.046674 0.249671 0.016423
v -0.040626 0.248542 0.016423
v -0.053991 0.262458 0.026134
v -0.056799 0.262690 0.019978
v -0.056799 0.262690 0.012869
v -0.057147 0.268155 0.016423
v -0.055799 0.267923 0.023054
v -0.052757 0.272804 0.025237
v -0.054645 0.273970 0.019499
v -0.049752 0.277708 0.023054
v -0.050562 0.278809 0.016423
v -0.054645 0.273970 0.013347
v -0.049752 0.277708 0.009793
v -0.052757 0.272804 0.007610
v -0.047883 0.273970 0.004042
v -0.043697 0.278809 0.006974
v -0.042033 0.273970 0.002141
v -0.037141 0.277708 0.005695
v -0.035993 0.272804 0.002163
v -0.031093 0.273970 0.005695
v -0.032588 0.278809 0.010583
v -0.027477 0.273970 0.010672
v -0.029346 0.277708 0.016423
v -0.025632 0.272804 0.016423
v -0.027477 0.273970 0.022175
v -0.032588 0.278809 0.022264
v -0.031093 0.273970 0.027151
v -0.037141 0.277708 0.027151
v -0.043697 0.278809 0.025873
v -0.045519 0.280942 0.019978
v -0.045519 0.280942 0.012869
v -0.038758 0.280942 0.010672
v -0.034579 0.280942 0.016423
v -0.038758 0.280942 0.022175
v -0.040626 0.282070 0.016423
v -0.027261 0.268155 0.026134
v -0.024454 0.267923 0.019978
v -0.024454 0.267923 0.012869
v -0.024106 0.262458 0.016423
v -0.025453 0.262690 0.023054
v -0.025453 0.262690 0.009793
v -0.029632 0.262690 0.004042
v -0.035521 0.262458 0.000712
v -0.042243 0.262690 -0.000056
v -0.049004 0.262690 0.002141
v -0.053991 0.262458 0.006713
v -0.055799 0.267923 0.009793
v -0.051621 0.267923 0.004042
v -0.045731 0.268155 0.000712
v -0.039009 0.267923 -0.000056
v -0.032248 0.267923 0.002141
v -0.027261 0.268155 0.006713
v 0.121546 0.110000 -0.025226
v 0.121546 0.110668 -0.025226
v 0.121546 0.110668 -0.006358
v 0.121546 0.110000 -0.006446
v 0.120546 0.110000 -0.026226
v 0.120546 0.110668 -0.026226
v 0.119546 0.110000 -0.026226
v 0.119546 0.110668 -0.026226
v 0.112546 0.110000 -0.026226
v 0.112546 0.110668 -0.026226
v 0.111546 0.110000 -0.026226
v 0.111546 0.110668 -0.026226
v 0.110546 0.110000 -0.026226
v 0.110546 0.110668 -0.026226
v 0.111546 0.109332 -0.026226
v 0.110546 0.109332 -0.026226
v 0.112546 0.109332 -0.026226
v 0.119546 0.109332 -0.026226
v 0.120546 0.109332 -0.026226
v 0.121546 0.109332 -0.025226
v 0.121546 0.109332 -0.006358
v 0.120546 0.108332 -0.007235
v 0.120546 0.108332 -0.025226
v 0.119546 0.108332 -0.008243
v 0.119546 0.108332 -0.025226
v 0.112546 0.108332 -0.008243
v 0.112546 0.108332 -0.025226
v 0.111546 0.108332 -0.025226
v 0.111546 0.108332 -0.008772
v 0.110546 0.108332 -0.025226
v 0.110546 0.108332 -0.010000
v 0.110546 0.108332 -0.009780
v 0.110546 0.111668 -0.009780
v 0.111546 0.111668 -0.008772
v 0.111546 0.111668 -0.025226
v 0.110546 0.111668 -0.025226
v 0.112546 0.111668 -0.025226
v 0.112546 0.111668 -0.008243
v 0.119546 0.111668 -0.025226
v 0.119546 0.111668 -0.008243
v 0.120546 0.111668 -0.025226
v 0.120546 0.111668 -0.007235
v 0.110546 0.110000 -0.010000
v 0.110546 0.110668 -0.009912
v 0.110546 0.109332 -0.010000
v 0.018903 0.262425 0.050934
v 0.022137 0.267658 0.050934
v 0.015415 0.267891 0.050167
v 0.025625 0.262193 0.050167
v 0.021927 0.256378 0.048738
v 0.015887 0.257545 0.048715
v 0.012142 0.262425 0.048738
v 0.009526 0.267658 0.046837
v 0.013263 0.273705 0.046837
v 0.019114 0.273705 0.048738
v 0.025154 0.272539 0.048715
v 0.028898 0.267658 0.048738
v 0.031515 0.262425 0.046837
v 0.027777 0.256378 0.046837
v 0.023591 0.251540 0.043905
v 0.029646 0.252641 0.041085
v 0.032651 0.257545 0.043268
v 0.034538 0.256378 0.037531
v 0.030456 0.251540 0.034455
v 0.034538 0.256378 0.031379
v 0.029646 0.252641 0.027825
v 0.032651 0.257545 0.025642
v 0.027777 0.256378 0.022073
v 0.023591 0.251540 0.025005
v 0.021927 0.256378 0.020172
v 0.017034 0.252641 0.023727
v 0.015887 0.257545 0.020195
v 0.010987 0.256378 0.023727
v 0.012482 0.251540 0.028615
v 0.007371 0.256378 0.028704
v 0.009240 0.252641 0.034455
v 0.005526 0.257545 0.034455
v 0.007371 0.256378 0.040206
v 0.012482 0.251540 0.040295
v 0.010987 0.256378 0.045183
v 0.017034 0.252641 0.045183
v 0.018652 0.249406 0.040206
v 0.025412 0.249406 0.038009
v 0.025412 0.249406 0.030900
v 0.018652 0.249406 0.028704
v 0.014473 0.249406 0.034455
v 0.020520 0.248278 0.034455
v 0.007155 0.262193 0.044165
v 0.004348 0.262425 0.038009
v 0.004348 0.262425 0.030900
v 0.004000 0.267891 0.034455
v 0.005347 0.267658 0.041085
v 0.008390 0.272539 0.043268
v 0.006502 0.273705 0.037531
v 0.011394 0.277443 0.041085
v 0.010584 0.278544 0.034455
v 0.006502 0.273705 0.031379
v 0.011394 0.277443 0.027825
v 0.008390 0.272539 0.025642
v 0.013263 0.273705 0.022073
v 0.017450 0.278544 0.025005
v 0.019114 0.273705 0.020172
v 0.024006 0.277443 0.023727
v 0.025154 0.272539 0.020195
v 0.030053 0.273705 0.023727
v 0.028559 0.278544 0.028615
v 0.033669 0.273705 0.028704
v 0.031800 0.277443 0.034455
v 0.035514 0.272539 0.034455
v 0.033669 0.273705 0.040206
v 0.028559 0.278544 0.040295
v 0.030053 0.273705 0.045183
v 0.024006 0.277443 0.045183
v 0.017450 0.278544 0.043905
v 0.015628 0.280677 0.038009
v 0.015628 0.280677 0.030900
v 0.022389 0.280677 0.028704
v 0.026568 0.280677 0.034455
v 0.022389 0.280677 0.040206
v 0.020520 0.281806 0.034455
v 0.033885 0.267891 0.044165
v 0.036693 0.267658 0.038009
v 0.036693 0.267658 0.030900
v 0.037040 0.262193 0.034455
v 0.035693 0.262425 0.041085
v 0.035693 0.262425 0.027825
v 0.031515 0.262425 0.022073
v 0.025625 0.262193 0.018743
v 0.018903 0.262425 0.017976
v 0.012142 0.262425 0.020172
v 0.007155 0.262193 0.024745
v 0.005347 0.267658 0.027825
v 0.009526 0.267658 0.022073
v 0.015415 0.267891 0.018743
v 0.022137 0.267658 0.017976
v 0.028898 0.267658 0.020172
v 0.033885 0.267891 0.024745
v 0.049395 0.266547 0.042405
v 0.052629 0.271780 0.042405
v 0.045907 0.272012 0.041637
v 0.056117 0.266315 0.041637
v 0.052419 0.260500 0.040208
v 0.046379 0.261666 0.040186
v 0.042634 0.266547 0.040208
v 0.040017 0.271780 0.038307
v 0.043755 0.277827 0.038307
v 0.049605 0.277827 0.040208
v 0.055645 0.276660 0.040186
v 0.059390 0.271780 0.040208
v 0.062007 0.266547 0.038307
v 0.058269 0.260500 0.038307
v 0.054082 0.255661 0.035376
v 0.060138 0.256762 0.032556
v 0.063143 0.261666 0.034739
v 0.065030 0.260500 0.029002
v 0.060948 0.255661 0.025926
v 0.065030 0.260500 0.022850
v 0.060138 0.256762 0.019295
v 0.063143 0.261666 0.017112
v 0.058269 0.260500 0.013544
v 0.054082 0.255661 0.016476
v 0.052419 0.260500 0.011643
v 0.047526 0.256762 0.015198
v 0.046379 0.261666 0.011665
v 0.041479 0.260500 0.015198
v 0.042974 0.255661 0.020086
v 0.037863 0.260500 0.020174
v 0.039732 0.256762 0.025926
v 0.036018 0.261666 0.025926
v 0.037863 0.260500 0.031677
v 0.042974 0.255661 0.031766
v 0.041479 0.260500 0.036654
v 0.047526 0.256762 0.036654
v 0.049143 0.253528 0.031677
v 0.055904 0.253528 0.029480
v 0.055904 0.253528 0.022371
v 0.049143 0.253528 0.020174
v 0.044965 0.253528 0.025926
v 0.051012 0.252399 0.025926
v 0.037647 0.266315 0.035636
v 0.034839 0.266547 0.029480
v 0.034839 0.266547 0.022371
v 0.034492 0.272012 0.025926
v 0.035839 0.271780 0.032556
v 0.038881 0.276660 0.034739
v 0.036994 0.277827 0.029002
v 0.041886 0.281564 0.032556
v 0.041076 0.282665 0.025926
v 0.036994 0.277827 0.022850
v 0.041886 0.281564 0.019295
v 0.038881 0.276660 0.017112
v 0.043755 0.277827 0.013544
v 0.047942 0.282665 0.016476
v 0.049605 0.277827 0.011643
v 0.054498 0.281564 0.015198
v 0.055645 0.276660 0.011665
v 0.060545 0.277827 0.015198
v 0.059051 0.282665 0.020086
v 0.064161 0.277827 0.020174
v 0.062292 0.281564 0.025926
v 0.066006 0.276660 0.025926
v 0.064161 0.277827 0.031677
v 0.059051 0.282665 0.031766
v 0.060545 0.277827 0.036654
v 0.054498 0.281564 0.036654
v 0.047942 0.282665 0.035376
v 0.046120 0.284799 0.029480
v 0.046120 0.284799 0.022371
v 0.052881 0.284799 0.020174
v 0.057059 0.284799 0.025926
v 0.052881 0.284799 0.031677
v 0.051012 0.285927 0.025926
v 0.064377 0.272012 0.035636
v 0.067185 0.271780 0.029480
v 0.067185 0.271780 0.022371
v 0.067532 0.266315 0.025926
v 0.066185 0.266547 0.032556
v 0.066185 0.266547 0.019295
v 0.062007 0.266547 0.013544
v 0.056117 0.266315 0.010214
v 0.049395 0.266547 0.009446
v 0.042634 0.266547 0.011643
v 0.037647 0.266315 0.016215
v 0.035839 0.271780 0.019295
v 0.040017 0.271780 0.013544
v 0.045907 0.272012 0.010214
v 0.052629 0.271780 0.009446
v 0.059390 0.271780 0.011643
v 0.064377 0.272012 0.016215
v -0.042360 0.257652 0.002806
v -0.039126 0.262885 0.002806
v -0.045848 0.263117 0.002038
v -0.035638 0.257419 0.002038
v -0.039336 0.251604 0.000609
v -0.045376 0.252771 0.000587
v -0.049121 0.257652 0.000609
v -0.051738 0.262885 -0.001292
v -0.048000 0.268932 -0.001292
v -0.042149 0.268932 0.000609
v -0.036109 0.267765 0.000587
v -0.032365 0.262885 0.000609
v -0.029748 0.257652 -0.001292
v -0.033486 0.251604 -0.001292
v -0.037673 0.246766 -0.004223
v -0.031617 0.247867 -0.007043
v -0.028612 0.252771 -0.004860
v -0.026725 0.251604 -0.010597
v -0.030807 0.246766 -0.013673
v -0.026725 0.251604 -0.016749
v -0.031617 0.247867 -0.020303
v -0.028612 0.252771 -0.022486
v -0.033486 0.251604 -0.026055
v -0.037673 0.246766 -0.023123
v -0.039336 0.251604 -0.027956
v -0.044229 0.247867 -0.024401
v -0.045376 0.252771 -0.027933
v -0.050276 0.251604 -0.024401
v -0.048781 0.246766 -0.019513
v -0.053892 0.251604 -0.019424
v -0.052023 0.247867 -0.013673
v -0.055737 0.252771 -0.013673
v -0.053892 0.251604 -0.007922
v -0.048781 0.246766 -0.007833
v -0.050276 0.251604 -0.002945
v -0.044229 0.247867 -0.002945
v -0.042612 0.244633 -0.007922
v -0.035851 0.244633 -0.010119
v -0.035851 0.244633 -0.017228
v -0.042612 0.244633 -0.019424
v -0.046790 0.244633 -0.013673
v -0.040743 0.243504 -0.013673
v -0.054108 0.257419 -0.003963
v -0.056915 0.257652 -0.010119
v -0.056915 0.257652 -0.017228
v -0.057263 0.263117 -0.013673
v -0.055916 0.262885 -0.007043
v -0.052873 0.267765 -0.004860
v -0.054761 0.268932 -0.010597
v -0.049869 0.272669 -0.007043
v -0.050679 0.273770 -0.013673
v -0.054761 0.268932 -0.016749
v -0.049869 0.272669 -0.020303
v -0.052873 0.267765 -0.022486
v -0.048000 0.268932 -0.026055
v -0.043813 0.273770 -0.023123
v -0.042149 0.268932 -0.027956
v -0.037257 0.272669 -0.024401
v -0.036109 0.267765 -0.027933
v -0.031210 0.268932 -0.024401
v -0.032704 0.273770 -0.019513
v -0.027594 0.268932 -0.019424
v -0.029463 0.272669 -0.013673
v -0.025749 0.267765 -0.013673
v -0.027594 0.268932 -0.007922
v -0.032704 0.273770 -0.007833
v -0.031210 0.268932 -0.002945
v -0.037257 0.272669 -0.002945
v -0.043813 0.273770 -0.004223
v -0.045635 0.275903 -0.010119
v -0.045635 0.275903 -0.017228
v -0.038874 0.275903 -0.019424
v -0.034696 0.275903 -0.013673
v -0.038874 0.275903 -0.007922
v -0.040743 0.277032 -0.013673
v -0.027378 0.263117 -0.003963
v -0.024570 0.262885 -0.010119
v -0.024570 0.262885 -0.017228
v -0.024223 0.257419 -0.013673
v -0.025570 0.257652 -0.007043
v -0.025570 0.257652 -0.020303
v -0.029748 0.257652 -0.026055
v -0.035638 0.257419 -0.029385
v -0.042360 0.257652 -0.030153
v -0.049121 0.257652 -0.027956
v -0.054108 0.257419 -0.023383
v -0.055916 0.262885 -0.020303
v -0.051738 0.262885 -0.026055
v -0.045848 0.263117 -0.029385
v -0.039126 0.262885 -0.030153
v -0.032365 0.262885 -0.027956
v -0.027378 0.263117 -0.023383
v 0.009206 0.467761 0.009206
v 0.006510 0.467761 0.011275
v 0.004183 0.468997 0.007246
v 0.005916 0.468997 0.005916
v 0.011546 0.464481 0.011546
v 0.008164 0.464481 0.014140
v 0.012594 0.458997 0.012594
v 0.008905 0.458997 0.015424
v 0.015404 0.458997 0.015404
v 0.010892 0.458997 0.018866
v 0.015424 0.458997 0.008905
v 0.018866 0.458997 0.010892
v 0.017203 0.458997 0.004610
v 0.021042 0.458997 0.005638
v 0.017810 0.458997 0.000000
v 0.021784 0.458997 0.000000
v 0.017203 0.458997 -0.004609
v 0.021042 0.458997 -0.005638
v 0.015424 0.458997 -0.008905
v 0.018866 0.458997 -0.010892
v 0.012594 0.458997 -0.012593
v 0.015404 0.458997 -0.015404
v 0.008905 0.458997 -0.015424
v 0.010892 0.458997 -0.018866
v 0.004610 0.458997 -0.017203
v 0.005638 0.458997 -0.021042
v 0.000000 0.458997 -0.017810
v 0.000000 0.458997 -0.021784
v -0.004610 0.458997 -0.017203
v -0.005638 0.458997 -0.021042
v -0.008905 0.458997 -0.015424
v -0.010892 0.458997 -0.018866
v -0.012594 0.458997 -0.012593
v -0.015404 0.458997 -0.015404
v -0.015424 0.458997 -0.008905
v -0.018866 0.458997 -0.010892
v -0.017203 0.458997 -0.004609
v -0.021042 0.458997 -0.005638
v -0.017810 0.458997 0.000000
v -0.021784 0.458997 0.000000
v -0.017203 0.458997 0.004610
v -0.021042 0.458997 0.005638
v -0.015424 0.458997 0.008905
v -0.018866 0.458997 0.010892
v -0.012594 0.458997 0.012594
v -0.015404 0.458997 0.015404
v -0.008905 0.458997 0.015424
v -0.010892 0.458997 0.018866
v -0.004610 0.458997 0.017203
v -0.005638 0.458997 0.021042
v 0.000000 0.458997 0.017810
v 0.000000 0.458997 0.021785
v 0.004610 0.458997 0.017203
v 0.005638 0.458997 0.021042
v 0.006466 0.458997 0.024132
v 0.012492 0.458997 0.021636
v 0.000000 0.458997 0.024983
v -0.006466 0.458997 0.024132
v -0.012492 0.458997 0.021636
v -0.017666 0.458997 0.017666
v -0.021636 0.458997 0.012492
v -0.024132 0.458997 0.006466
v -0.024983 0.458997 0.000000
v -0.024132 0.458997 -0.006466
v -0.021636 0.458997 -0.012492
v -0.017666 0.458997 -0.017666
v -0.012492 0.458997 -0.021636
v -0.006466 0.458997 -0.024132
v 0.000000 0.458997 -0.024983
v 0.006466 0.458997 -0.024132
v 0.012492 0.458997 -0.021636
v 0.017666 0.458997 -0.017666
v 0.021636 0.458997 -0.012492
v 0.024132 0.458997 -0.006466
v 0.024983 0.458997 0.000000
v 0.024132 0.458997 0.006466
v 0.021636 0.458997 0.012492
v 0.017666 0.458997 0.017666
v 0.015650 0.458997 0.027107
v 0.022133 0.458997 0.022133
v 0.008101 0.458997 0.030234
v 0.000000 0.458997 0.031301
v -0.008101 0.458997 0.030234
v -0.015650 0.458997 0.027107
v -0.022133 0.458997 0.022133
v -0.027107 0.458997 0.015650
v -0.030234 0.458997 0.008101
v -0.031301 0.458997 0.000000
v -0.030234 0.458997 -0.008101
v -0.027107 0.458997 -0.015650
v -0.022133 0.458997 -0.022133
v -0.015650 0.458997 -0.027107
v -0.008101 0.458997 -0.030234
v 0.000000 0.458997 -0.031301
v 0.008101 0.458997 -0.030234
v 0.015650 0.458997 -0.027107
v 0.022133 0.458997 -0.022133
v 0.027107 0.458997 -0.015650
v 0.030234 0.458997 -0.008101
v 0.031301 0.458997 0.000000
v 0.030234 0.458997 0.008101
v 0.027107 0.458997 0.015650
v 0.035000 0.457566 0.020207
v 0.028577 0.457566 0.028577
v 0.042058 0.453449 0.024282
v 0.034340 0.453449 0.034340
v 0.047659 0.447037 0.027516
v 0.038913 0.447037 0.038914
v 0.051255 0.438957 0.029592
v 0.041850 0.438957 0.041850
v 0.052505 0.429921 0.030314
v 0.042870 0.429921 0.042871
v 0.042870 0.420000 0.042871
v 0.052505 0.420000 0.030314
v 0.030314 0.420000 0.052505
v 0.030314 0.429921 0.052505
v 0.015692 0.420000 0.058562
v 0.015692 0.429921 0.058562
v 0.000000 0.420000 0.060628
v 0.000000 0.429921 0.060628
v -0.015692 0.420000 0.058562
v -0.015692 0.429921 0.058562
v -0.030314 0.420000 0.052505
v -0.030314 0.429921 0.052505
v -0.042870 0.420000 0.042871
v -0.042870 0.429921 0.042871
v -0.052505 0.420000 0.030314
v -0.052505 0.429921 0.030314
v -0.058562 0.420000 0.015692
v -0.058562 0.429921 0.015692
v -0.060628 0.420000 0.000000
v -0.060628 0.429921 0.000000
v -0.058562 0.420000 -0.015692
v -0.058562 0.429921 -0.015692
v -0.052505 0.420000 -0.030314
v -0.052505 0.429921 -0.030314
v -0.042870 0.420000 -0.042870
v -0.042870 0.429921 -0.042870
v -0.030314 0.420000 -0.052505
v -0.030314 0.429921 -0.052505
v -0.015692 0.420000 -0.058562
v -0.015692 0.429921 -0.058562
v 0.000000 0.420000 -0.060628
v 0.000000 0.429921 -0.060628
v 0.015692 0.420000 -0.058562
v 0.015692 0.429921 -0.058562
v 0.030314 0.420000 -0.052505
v 0.030314 0.429921 -0.052505
v 0.042870 0.420000 -0.042870
v 0.042870 0.429921 -0.042870
v 0.052505 0.420000 -0.030314
v 0.052505 0.429921 -0.030314
v 0.058562 0.420000 -0.015692
v 0.058562 0.429921 -0.015692
v 0.060628 0.420000 0.000000
v 0.060628 0.429921 0.000000
v 0.058562 0.420000 0.015692
v 0.058562 0.429921 0.015692
v 0.057168 0.438957 0.015318
v 0.053157 0.447037 0.014243
v 0.046909 0.453449 0.012569
v 0.039037 0.457566 0.010460
v 0.040415 0.457566 0.000000
v 0.048564 0.453449 0.000000
v 0.055032 0.447037 0.000000
v 0.059185 0.438957 0.000000
v 0.057168 0.438957 -0.015318
v 0.053157 0.447037 -0.014243
v 0.046909 0.453449 -0.012569
v 0.039037 0.457566 -0.010460
v 0.035000 0.457566 -0.020207
v 0.042058 0.453449 -0.024282
v 0.047659 0.447037 -0.027516
v 0.051255 0.438957 -0.029592
v 0.041850 0.438957 -0.041850
v 0.038913 0.447037 -0.038913
v 0.034340 0.453449 -0.034340
v 0.028577 0.457566 -0.028577
v 0.020207 0.457566 -0.035000
v 0.024282 0.453449 -0.042058
v 0.027516 0.447037 -0.047659
v 0.029592 0.438957 -0.051255
v 0.015318 0.438957 -0.057168
v 0.014243 0.447037 -0.053157
v 0.012569 0.453449 -0.046909
v 0.010460 0.457566 -0.039037
v 0.000000 0.457566 -0.040414
v 0.000000 0.453449 -0.048564
v 0.000000 0.447037 -0.055032
v 0.000000 0.438957 -0.059185
v -0.015318 0.438957 -0.057168
v -0.014243 0.447037 -0.053157
v -0.012569 0.453449 -0.046909
v -0.010460 0.457566 -0.039037
v -0.020207 0.457566 -0.035000
v -0.024282 0.453449 -0.042058
v -0.027516 0.447037 -0.047659
v -0.029592 0.438957 -0.051255
v -0.041850 0.438957 -0.041850
v -0.038913 0.447037 -0.038913
v -0.034340 0.453449 -0.034340
v -0.028577 0.457566 -0.028577
v -0.035000 0.457566 -0.020207
v -0.042058 0.453449 -0.024282
v -0.047659 0.447037 -0.027516
v -0.051255 0.438957 -0.029592
v -0.057168 0.438957 -0.015318
v -0.053157 0.447037 -0.014243
v -0.046909 0.453449 -0.012569
v -0.039037 0.457566 -0.010460
v -0.040415 0.457566 0.000000
v -0.048564 0.453449 0.000000
v -0.055032 0.447037 0.000000
v -0.059185 0.438957 0.000000
v -0.057168 0.438957 0.015318
v -0.053157 0.447037 0.014243
v -0.046909 0.453449 0.012569
v -0.039037 0.457566 0.010460
v -0.035000 0.457566 0.020207
v -0.042058 0.453449 0.024282
v -0.047659 0.447037 0.027516
v -0.051255 0.438957 0.029592
v -0.041850 0.438957 0.041850
v -0.038913 0.447037 0.038914
v -0.034340 0.453449 0.034340
v -0.028577 0.457566 0.028577
v -0.020207 0.457566 0.035000
v -0.024282 0.453449 0.042058
v -0.027516 0.447037 0.047659
v -0.029592 0.438957 0.051255
v -0.015318 0.438957 0.057168
v -0.014243 0.447037 0.053157
v -0.012569 0.453449 0.046910
v -0.010460 0.457566 0.039037
v 0.000000 0.457566 0.040415
v 0.000000 0.453449 0.048564
v 0.000000 0.447037 0.055032
v 0.000000 0.438957 0.059185
v 0.015318 0.438957 0.057168
v 0.014243 0.447037 0.053157
v 0.012569 0.453449 0.046910
v 0.010460 0.457566 0.039037
v 0.020207 0.457566 0.035000
v 0.024282 0.453449 0.042058
v 0.027516 0.447037 0.047659
v 0.029592 0.438957 0.051255
v 0.004226 0.464481 0.015772
v 0.000000 0.464481 0.016328
v -0.004226 0.464481 0.015772
v -0.008164 0.464481 0.014140
v -0.011546 0.464481 0.011546
v -0.014140 0.464481 0.008164
v -0.015772 0.464481 0.004226
v -0.016328 0.464481 0.000000
v -0.015772 0.464481 -0.004226
v -0.014140 0.464481 -0.008164
v -0.011546 0.464481 -0.011546
v -0.008164 0.464481 -0.014140
v -0.004226 0.464481 -0.015772
v 0.000000 0.464481 -0.016328
v 0.004226 0.464481 -0.015772
v 0.008164 0.464481 -0.014140
v 0.011546 0.464481 -0.011546
v 0.014140 0.464481 -0.008164
v 0.015772 0.464481 -0.004226
v 0.016328 0.464481 0.000000
v 0.015772 0.464481 0.004226
v 0.014140 0.464481 0.008164
v 0.011275 0.467761 0.006510
v 0.007246 0.468997 0.004183
v 0.000000 0.468997 0.000000
v 0.008081 0.468997 0.002165
v 0.008366 0.468997 0.000000
v 0.008081 0.468997 -0.002165
v 0.007246 0.468997 -0.004183
v 0.005916 0.468997 -0.005916
v 0.004183 0.468997 -0.007245
v 0.002165 0.468997 -0.008081
v 0.000000 0.468997 -0.008366
v -0.002165 0.468997 -0.008081
v -0.004183 0.468997 -0.007245
v -0.005916 0.468997 -0.005916
v -0.007246 0.468997 -0.004183
v -0.008081 0.468997 -0.002165
v -0.008366 0.468997 0.000000
v -0.008081 0.468997 0.002165
v -0.007246 0.468997 0.004183
v -0.005916 0.468997 0.005916
v -0.004183 0.468997 0.007246
v -0.002165 0.468997 0.008081
v 0.000000 0.468997 0.008367
v 0.002165 0.468997 0.008081
v 0.003370 0.467761 0.012576
v 0.000000 0.467761 0.013019
v -0.003370 0.467761 0.012576
v -0.006510 0.467761 0.011275
v -0.009206 0.467761 0.009206
v -0.011275 0.467761 0.006510
v -0.012576 0.467761 0.003370
v -0.013019 0.467761 0.000000
v -0.012576 0.467761 -0.003370
v -0.011275 0.467761 -0.006510
v -0.009206 0.467761 -0.009206
v -0.006510 0.467761 -0.011275
v -0.003370 0.467761 -0.012576
v 0.000000 0.467761 -0.013019
v 0.003370 0.467761 -0.012576
v 0.006510 0.467761 -0.011275
v 0.009206 0.467761 -0.009206
v 0.011275 0.467761 -0.006510
v 0.012576 0.467761 -0.003370
v 0.013019 0.467761 0.000000
v 0.012576 0.467761 0.003370
v 0.059539 0.420000 0.015953
v 0.053381 0.420000 0.030820
v 0.043586 0.420000 0.043586
v 0.030820 0.420000 0.053381
v 0.015953 0.420000 0.059539
v 0.000000 0.420000 0.061639
v -0.015953 0.420000 0.059539
v -0.030820 0.420000 0.053381
v -0.043586 0.420000 0.043586
v -0.053381 0.420000 0.030820
v -0.059539 0.420000 0.015953
v -0.061639 0.420000 0.000000
v -0.059539 0.420000 -0.015953
v -0.053381 0.420000 -0.030820
v -0.043586 0.420000 -0.043585
v -0.030820 0.420000 -0.053381
v -0.015953 0.420000 -0.059539
v 0.000000 0.420000 -0.061639
v 0.015953 0.420000 -0.059539
v 0.030820 0.420000 -0.053381
v 0.043586 0.420000 -0.043585
v 0.053381 0.420000 -0.030820
v 0.059539 0.420000 -0.015953
v 0.061639 0.420000 0.000000
v 0.059539 0.430000 0.015953
v 0.053381 0.430000 0.030820
v 0.061639 0.430000 0.000000
v 0.059539 0.430000 -0.015953
v 0.053381 0.430000 -0.030820
v 0.043586 0.430000 -0.043585
v 0.030820 0.430000 -0.053381
v 0.015953 0.430000 -0.059539
v 0.000000 0.430000 -0.061639
v -0.015953 0.430000 -0.059539
v -0.030820 0.430000 -0.053381
v -0.043586 0.430000 -0.043585
v -0.053381 0.430000 -0.030820
v -0.059539 0.430000 -0.015953
v -0.061639 0.430000 0.000000
v -0.059539 0.430000 0.015953
v -0.053381 0.430000 0.030820
v -0.043586 0.430000 0.043586
v -0.030820 0.430000 0.053381
v -0.015953 0.430000 0.059539
v 0.000000 0.430000 0.061639
v 0.015953 0.430000 0.059539
v 0.030820 0.430000 0.053381
v 0.043586 0.430000 0.043586
v 0.052099 0.439271 0.030079
v 0.042538 0.439271 0.042538
v 0.048376 0.447634 0.027930
v 0.039499 0.447634 0.039499
v 0.042579 0.454271 0.024583
v 0.034766 0.454271 0.034766
v 0.035274 0.458532 0.020365
v 0.028801 0.458532 0.028801
v 0.027176 0.460000 0.015690
v 0.022189 0.460000 0.022189
v 0.021636 0.460000 0.012492
v 0.017666 0.460000 0.017666
v 0.030311 0.460000 0.008122
v 0.024132 0.460000 0.006466
v 0.031380 0.460000 0.000000
v 0.024983 0.460000 0.000000
v 0.030311 0.460000 -0.008122
v 0.024132 0.460000 -0.006466
v 0.027176 0.460000 -0.015690
v 0.021636 0.460000 -0.012492
v 0.022189 0.460000 -0.022189
v 0.017666 0.460000 -0.017666
v 0.015690 0.460000 -0.027176
v 0.012492 0.460000 -0.021636
v 0.008122 0.460000 -0.030311
v 0.006466 0.460000 -0.024132
v 0.000000 0.460000 -0.031380
v 0.000000 0.460000 -0.024983
v -0.008122 0.460000 -0.030311
v -0.006466 0.460000 -0.024132
v -0.015690 0.460000 -0.027176
v -0.012492 0.460000 -0.021636
v -0.022189 0.460000 -0.022189
v -0.017666 0.460000 -0.017666
v -0.027176 0.460000 -0.015690
v -0.021636 0.460000 -0.012492
v -0.030311 0.460000 -0.008122
v -0.024132 0.460000 -0.006466
v -0.031380 0.460000 0.000000
v -0.024983 0.460000 0.000000
v -0.030311 0.460000 0.008122
v -0.024132 0.460000 0.006466
v -0.027176 0.460000 0.015690
v -0.021636 0.460000 0.012492
v -0.022189 0.460000 0.022189
v -0.017666 0.460000 0.017666
v -0.015690 0.460000 0.027176
v -0.012492 0.460000 0.021636
v -0.008122 0.460000 0.030311
v -0.006466 0.460000 0.024132
v 0.000000 0.460000 0.031380
v 0.000000 0.460000 0.024983
v 0.008122 0.460000 0.030311
v 0.006466 0.460000 0.024132
v 0.015690 0.460000 0.027176
v 0.012492 0.460000 0.021636
v 0.015404 0.460000 0.015404
v 0.010892 0.460000 0.018866
v 0.018866 0.460000 0.010892
v 0.021042 0.460000 0.005638
v 0.021784 0.460000 0.000000
v 0.021042 0.460000 -0.005638
v 0.018866 0.460000 -0.010892
v 0.015404 0.460000 -0.015404
v 0.010892 0.460000 -0.018866
v 0.005638 0.460000 -0.021042
v 0.000000 0.460000 -0.021784
v -0.005638 0.460000 -0.021042
v -0.010892 0.460000 -0.018866
v -0.015404 0.460000 -0.015404
v -0.018866 0.460000 -0.010892
v -0.021042 0.460000 -0.005638
v -0.021784 0.460000 0.000000
v -0.021042 0.460000 0.005638
v -0.018866 0.460000 0.010892
v -0.015404 0.460000 0.015404
v -0.010892 0.460000 0.018866
v -0.005638 0.460000 0.021042
v 0.000000 0.460000 0.021785
v 0.005638 0.460000 0.021042
v 0.004810 0.460000 0.017953
v 0.009293 0.460000 0.016096
v 0.000000 0.460000 0.018586
v -0.004810 0.460000 0.017953
v -0.009293 0.460000 0.016096
v -0.013142 0.460000 0.013142
v -0.016096 0.460000 0.009293
v -0.017953 0.460000 0.004810
v -0.018586 0.460000 0.000000
v -0.017953 0.460000 -0.004810
v -0.016096 0.460000 -0.009293
v -0.013142 0.460000 -0.013142
v -0.009293 0.460000 -0.016096
v -0.004810 0.460000 -0.017953
v 0.000000 0.460000 -0.018586
v 0.004810 0.460000 -0.017953
v 0.009293 0.460000 -0.016096
v 0.013142 0.460000 -0.013142
v 0.016096 0.460000 -0.009293
v 0.017953 0.460000 -0.004810
v 0.018586 0.460000 0.000000
v 0.017953 0.460000 0.004810
v 0.016096 0.460000 0.009293
v 0.013142 0.460000 0.013142
v 0.012187 0.465000 0.012187
v 0.008617 0.465000 0.014926
v 0.009576 0.468660 0.009576
v 0.006771 0.468660 0.011728
v 0.006010 0.470000 0.006010
v 0.004250 0.470000 0.007361
v 0.000000 0.470000 0.000000
v 0.007361 0.470000 0.004250
v 0.011728 0.468660 0.006771
v 0.014926 0.465000 0.008617
v 0.016647 0.465000 0.004461
v 0.013081 0.468660 0.003505
v 0.008210 0.470000 0.002200
v 0.008500 0.470000 0.000000
v 0.008210 0.470000 -0.002200
v 0.013543 0.468660 0.000000
v 0.013081 0.468660 -0.003505
v 0.017235 0.465000 0.000000
v 0.016647 0.465000 -0.004461
v 0.011728 0.468660 -0.006771
v 0.014926 0.465000 -0.008617
v 0.007361 0.470000 -0.004250
v 0.006010 0.470000 -0.006010
v 0.004250 0.470000 -0.007361
v 0.009576 0.468660 -0.009576
v 0.006771 0.468660 -0.011728
v 0.012187 0.465000 -0.012187
v 0.008617 0.465000 -0.014926
v 0.003505 0.468660 -0.013081
v 0.004461 0.465000 -0.016647
v 0.002200 0.470000 -0.008210
v 0.000000 0.470000 -0.008499
v -0.002200 0.470000 -0.008210
v 0.000000 0.468660 -0.013543
v -0.003505 0.468660 -0.013081
v 0.000000 0.465000 -0.017234
v -0.004461 0.465000 -0.016647
v -0.006771 0.468660 -0.011728
v -0.008617 0.465000 -0.014926
v -0.004250 0.470000 -0.007361
v -0.006010 0.470000 -0.006010
v -0.007361 0.470000 -0.004250
v -0.009576 0.468660 -0.009576
v -0.011728 0.468660 -0.006771
v -0.012187 0.465000 -0.012187
v -0.014926 0.465000 -0.008617
v -0.013081 0.468660 -0.003505
v -0.016647 0.465000 -0.004461
v -0.008210 0.470000 -0.002200
v -0.008500 0.470000 0.000000
v -0.008210 0.470000 0.002200
v -0.013543 0.468660 0.000000
v -0.013081 0.468660 0.003505
v -0.017235 0.465000 0.000000
v -0.016647 0.465000 0.004461
v -0.011728 0.468660 0.006771
v -0.014926 0.465000 0.008617
v -0.007361 0.470000 0.004250
v -0.006010 0.470000 0.006010
v -0.004250 0.470000 0.007361
v -0.009576 0.468660 0.009576
v -0.006771 0.468660 0.011728
v -0.012187 0.465000 0.012187
v -0.008617 0.465000 0.014926
v -0.003505 0.468660 0.013081
v -0.004461 0.465000 0.016647
v -0.002200 0.470000 0.008210
v 0.000000 0.470000 0.008500
v 0.002200 0.470000 0.008210
v 0.000000 0.468660 0.013543
v 0.003505 0.468660 0.013081
v 0.000000 0.465000 0.017235
v 0.004461 0.465000 0.016647
v 0.020365 0.458532 0.035274
v 0.010542 0.458532 0.039343
v 0.000000 0.458532 0.040731
v -0.010542 0.458532 0.039343
v -0.020365 0.458532 0.035274
v -0.028801 0.458532 0.028801
v -0.035274 0.458532 0.020365
v -0.039343 0.458532 0.010542
v -0.040731 0.458532 0.000000
v -0.039343 0.458532 -0.010542
v -0.035274 0.458532 -0.020365
v -0.028801 0.458532 -0.028801
v -0.020365 0.458532 -0.035274
v -0.010542 0.458532 -0.039343
v 0.000000 0.458532 -0.040731
v 0.010542 0.458532 -0.039343
v 0.020365 0.458532 -0.035274
v 0.028801 0.458532 -0.028801
v 0.035274 0.458532 -0.020365
v 0.039343 0.458532 -0.010542
v 0.040731 0.458532 0.000000
v 0.039343 0.458532 0.010542
v 0.047491 0.454271 0.012725
v 0.053957 0.447634 0.014458
v 0.058108 0.439271 0.015570
v 0.060158 0.439271 0.000000
v 0.055860 0.447634 0.000000
v 0.049166 0.454271 0.000000
v 0.047491 0.454271 -0.012725
v 0.053957 0.447634 -0.014458
v 0.058108 0.439271 -0.015570
v 0.052099 0.439271 -0.030079
v 0.048376 0.447634 -0.027930
v 0.042579 0.454271 -0.024583
v 0.034766 0.454271 -0.034766
v 0.039499 0.447634 -0.039499
v 0.042538 0.439271 -0.042538
v 0.030079 0.439271 -0.052099
v 0.027930 0.447634 -0.048376
v 0.024583 0.454271 -0.042579
v 0.012725 0.454271 -0.047491
v 0.014458 0.447634 -0.053957
v 0.015570 0.439271 -0.058108
v 0.000000 0.439271 -0.060158
v 0.000000 0.447634 -0.055860
v 0.000000 0.454271 -0.049166
v -0.012725 0.454271 -0.047491
v -0.014458 0.447634 -0.053957
v -0.015570 0.439271 -0.058108
v -0.030079 0.439271 -0.052099
v -0.027930 0.447634 -0.048376
v -0.024583 0.454271 -0.042579
v -0.034766 0.454271 -0.034766
v -0.039499 0.447634 -0.039499
v -0.042538 0.439271 -0.042538
v -0.052099 0.439271 -0.030079
v -0.048376 0.447634 -0.027930
v -0.042579 0.454271 -0.024583
v -0.047491 0.454271 -0.012725
v -0.053957 0.447634 -0.014458
v -0.058108 0.439271 -0.015570
v -0.060158 0.439271 0.000000
v -0.055860 0.447634 0.000000
v -0.049166 0.454271 0.000000
v -0.047491 0.454271 0.012725
v -0.053957 0.447634 0.014458
v -0.058108 0.439271 0.015570
v -0.052099 0.439271 0.030079
v -0.048376 0.447634 0.027930
v -0.042579 0.454271 0.024583
v -0.034766 0.454271 0.034766
v -0.039499 0.447634 0.039499
v -0.042538 0.439271 0.042538
v -0.030079 0.439271 0.052099
v -0.027930 0.447634 0.048376
v -0.024583 0.454271 0.042579
v -0.012725 0.454271 0.047491
v -0.014458 0.447634 0.053957
v -0.015570 0.439271 0.058108
v 0.000000 0.439271 0.060158
v 0.000000 0.447634 0.055860
v 0.000000 0.454271 0.049166
v 0.012725 0.454271 0.047491
v 0.014458 0.447634 0.053957
v 0.015570 0.439271 0.058108
v 0.030079 0.439271 0.052099
v 0.027930 0.447634 0.048376
v 0.024583 0.454271 0.042579
v 0.059231 0.252608 -0.028823
v 0.062465 0.257841 -0.028823
v 0.055743 0.258073 -0.029590
v 0.065953 0.252376 -0.029590
v 0.062255 0.246561 -0.031019
v 0.056215 0.247728 -0.031042
v 0.052470 0.252608 -0.031019
v 0.049854 0.257841 -0.032920
v 0.053591 0.263888 -0.032920
v 0.059442 0.263888 -0.031019
v 0.065482 0.262722 -0.031042
v 0.069226 0.257841 -0.031019
v 0.071843 0.252608 -0.032920
v 0.068105 0.246561 -0.032920
v 0.063919 0.241723 -0.035852
v 0.069974 0.242823 -0.038672
v 0.072979 0.247728 -0.036489
v 0.074866 0.246561 -0.042226
v 0.070784 0.241723 -0.045302
v 0.074866 0.246561 -0.048378
v 0.069974 0.242823 -0.051932
v 0.072979 0.247728 -0.054115
v 0.068105 0.246561 -0.057684
v 0.063919 0.241723 -0.054752
v 0.062255 0.246561 -0.059585
v 0.057362 0.242823 -0.056030
v 0.056215 0.247728 -0.059562
v 0.051315 0.246561 -0.056030
v 0.052810 0.241723 -0.051142
v 0.047699 0.246561 -0.051053
v 0.049568 0.242823 -0.045302
v 0.045854 0.247728 -0.045302
v 0.047699 0.246561 -0.039551
v 0.052810 0.241723 -0.039462
v 0.051315 0.246561 -0.034574
v 0.057362 0.242823 -0.034574
v 0.058980 0.239589 -0.039551
v 0.065741 0.239589 -0.041747
v 0.065741 0.239589 -0.048856
v 0.058980 0.239589 -0.051053
v 0.054801 0.239589 -0.045302
v 0.060848 0.238461 -0.045302
v 0.047483 0.252376 -0.035592
v 0.044676 0.252608 -0.041747
v 0.044676 0.252608 -0.048856
v 0.044328 0.258073 -0.045302
v 0.045675 0.257841 -0.038672
v 0.048718 0.262722 -0.036489
v 0.046830 0.263888 -0.042226
v 0.051722 0.267626 -0.038672
v 0.050912 0.268727 -0.045302
v 0.046830 0.263888 -0.048378
v 0.051722 0.267626 -0.051932
v 0.048718 0.262722 -0.054115
v 0.053591 0.263888 -0.057684
v 0.057778 0.268727 -0.054752
v 0.059442 0.263888 -0.059585
v 0.064334 0.267626 -0.056030
v 0.065482 0.262722 -0.059562
v 0.070381 0.263888 -0.056030
v 0.068887 0.268727 -0.051142
v 0.073997 0.263888 -0.051053
v 0.072128 0.267626 -0.045302
v 0.075842 0.262722 -0.045302
v 0.073997 0.263888 -0.039551
v 0.068887 0.268727 -0.039462
v 0.070381 0.263888 -0.034574
v 0.064334 0.267626 -0.034574
v 0.057778 0.268727 -0.035852
v 0.055956 0.270860 -0.041747
v 0.055956 0.270860 -0.048856
v 0.062717 0.270860 -0.051053
v 0.066895 0.270860 -0.045302
v 0.062717 0.270860 -0.039551
v 0.060848 0.271989 -0.045302
v 0.074213 0.258073 -0.035592
v 0.077021 0.257841 -0.041747
v 0.077021 0.257841 -0.048856
v 0.077368 0.252376 -0.045302
v 0.076021 0.252608 -0.038672
v 0.076021 0.252608 -0.051932
v 0.071843 0.252608 -0.057684
v 0.065953 0.252376 -0.061014
v 0.059231 0.252608 -0.061781
v 0.052470 0.252608 -0.059585
v 0.047483 0.252376 -0.055012
v 0.045675 0.257841 -0.051932
v 0.049854 0.257841 -0.057684
v 0.055743 0.258073 -0.061014
v 0.062465 0.257841 -0.061781
v 0.069226 0.257841 -0.059585
v 0.074213 0.258073 -0.055012
v 0.011819 0.256154 -0.059889
v 0.015053 0.261387 -0.059889
v 0.008331 0.261619 -0.060657
v 0.018541 0.255922 -0.060657
v 0.014842 0.250107 -0.062086
v 0.008802 0.251274 -0.062108
v 0.005058 0.256154 -0.062086
v 0.002441 0.261387 -0.063987
v 0.006179 0.267434 -0.063987
v 0.012029 0.267434 -0.062086
v 0.018069 0.266268 -0.062108
v 0.021814 0.261387 -0.062086
v 0.024430 0.256154 -0.063987
v 0.020693 0.250107 -0.063987
v 0.016506 0.245269 -0.066919
v 0.022562 0.246370 -0.069738
v 0.025566 0.251274 -0.067555
v 0.027454 0.250107 -0.073293
v 0.023372 0.245269 -0.076368
v 0.027454 0.250107 -0.079444
v 0.022562 0.246370 -0.082999
v 0.025566 0.251274 -0.085182
v 0.020693 0.250107 -0.088750
v 0.016506 0.245269 -0.085818
v 0.014842 0.250107 -0.090651
v 0.009950 0.246370 -0.087097
v 0.008802 0.251274 -0.090629
v 0.003903 0.250107 -0.087097
v 0.005397 0.245269 -0.082209
v 0.000287 0.250107 -0.082120
v 0.002156 0.246370 -0.076368
v -0.001558 0.251274 -0.076368
v 0.000287 0.250107 -0.070617
v 0.005397 0.245269 -0.070528
v 0.003903 0.250107 -0.065640
v 0.009950 0.246370 -0.065640
v 0.011567 0.243135 -0.070617
v 0.018328 0.243135 -0.072814
v 0.018328 0.243135 -0.079923
v 0.011567 0.243135 -0.082120
v 0.007388 0.243135 -0.076368
v 0.013436 0.242007 -0.076368
v 0.000071 0.255922 -0.066658
v -0.002737 0.256154 -0.072814
v -0.002737 0.256154 -0.079923
v -0.003084 0.261619 -0.076368
v -0.001737 0.261387 -0.069738
v 0.001305 0.266268 -0.067555
v -0.000582 0.267434 -0.073293
v 0.004310 0.271172 -0.069738
v 0.003500 0.272273 -0.076368
v -0.000582 0.267434 -0.079444
v 0.004310 0.271172 -0.082999
v 0.001305 0.266268 -0.085182
v 0.006179 0.267434 -0.088750
v 0.010365 0.272273 -0.085818
v 0.012029 0.267434 -0.090651
v 0.016921 0.271172 -0.087097
v 0.018069 0.266268 -0.090629
v 0.022969 0.267434 -0.087097
v 0.021474 0.272273 -0.082209
v 0.026585 0.267434 -0.082120
v 0.024716 0.271172 -0.076368
v 0.028430 0.266268 -0.076368
v 0.026585 0.267434 -0.070617
v 0.021474 0.272273 -0.070528
v 0.022969 0.267434 -0.065640
v 0.016921 0.271172 -0.065640
v 0.010365 0.272273 -0.066919
v 0.008543 0.274406 -0.072814
v 0.008543 0.274406 -0.079923
v 0.015305 0.274406 -0.082120
v 0.019483 0.274406 -0.076368
v 0.015305 0.274406 -0.070617
v 0.013436 0.275535 -0.076368
v 0.026801 0.261619 -0.066658
v 0.029608 0.261387 -0.072814
v 0.029608 0.261387 -0.079923
v 0.029956 0.255922 -0.076368
v 0.028609 0.256154 -0.069738
v 0.028609 0.256154 -0.082999
v 0.024430 0.256154 -0.088750
v 0.018541 0.255922 -0.092080
v 0.011819 0.256154 -0.092848
v 0.005058 0.256154 -0.090651
v 0.000071 0.255922 -0.086079
v -0.001737 0.261387 -0.082999
v 0.002441 0.261387 -0.088750
v 0.008331 0.261619 -0.092080
v 0.015053 0.261387 -0.092848
v 0.021814 0.261387 -0.090651
v 0.026801 0.261619 -0.086079
v 0.106546 0.100341 -0.002588
v 0.110546 0.100341 -0.002588
v 0.110546 0.100000 0.000000
v 0.106546 0.100000 0.000000
v 0.106546 0.101340 -0.005000
v 0.110546 0.101340 -0.005000
v 0.106546 0.102929 -0.007071
v 0.110546 0.102929 -0.007071
v 0.106546 0.105000 -0.008660
v 0.110546 0.105000 -0.008660
v 0.106546 0.107412 -0.009659
v 0.110546 0.107412 -0.009659
v 0.106546 0.110000 -0.010000
v 0.110546 0.110000 -0.010000
v 0.106546 0.112588 -0.009659
v 0.110546 0.112588 -0.009659
v 0.106546 0.115000 -0.008660
v 0.110546 0.115000 -0.008660
v 0.106546 0.117071 -0.007071
v 0.110546 0.117071 -0.007071
v 0.106546 0.118660 -0.005000
v 0.110546 0.118660 -0.005000
v 0.106546 0.119659 -0.002588
v 0.110546 0.119659 -0.002588
v 0.106546 0.120000 0.000000
v 0.110546 0.120000 0.000000
v 0.106546 0.119659 0.002588
v 0.110546 0.119659 0.002588
v 0.106546 0.118660 0.005000
v 0.110546 0.118660 0.005000
v 0.106546 0.117071 0.007071
v 0.110546 0.117071 0.007071
v 0.106546 0.115000 0.008660
v 0.110546 0.115000 0.008660
v 0.106546 0.112588 0.009659
v 0.110546 0.112588 0.009659
v 0.106546 0.110000 0.010000
v 0.110546 0.110000 0.010000
v 0.106546 0.107412 0.009659
v 0.110546 0.107412 0.009659
v 0.106546 0.105000 0.008660
v 0.110546 0.105000 0.008660
v 0.106546 0.102929 0.007071
v 0.110546 0.102929 0.007071
v 0.106546 0.101340 0.005000
v 0.110546 0.101340 0.005000
v 0.106546 0.100341 0.002588
v 0.110546 0.100341 0.002588
v 0.111546 0.101009 0.000000
v 0.111546 0.101315 0.002327
v 0.112546 0.101825 0.002190
v 0.112546 0.101537 0.000000
v 0.112546 0.102671 0.004232
v 0.111546 0.102213 0.004496
v 0.112546 0.104016 0.005984
v 0.111546 0.103642 0.006358
v 0.112546 0.105768 0.007329
v 0.111546 0.105504 0.007787
v 0.112546 0.107810 0.008175
v 0.111546 0.107673 0.008685
v 0.112546 0.110000 0.008463
v 0.111546 0.110000 0.008991
v 0.112546 0.112190 0.008175
v 0.111546 0.112327 0.008685
v 0.112546 0.114232 0.007329
v 0.111546 0.114496 0.007787
v 0.119546 0.112190 0.008175
v 0.119546 0.114232 0.007329
v 0.119546 0.110000 0.008463
v 0.119546 0.107810 0.008175
v 0.119546 0.105768 0.007329
v 0.119546 0.104016 0.005984
v 0.119546 0.102671 0.004232
v 0.119546 0.101825 0.002190
v 0.119546 0.101537 0.000000
v 0.112546 0.101825 -0.002190
v 0.119546 0.101825 -0.002190
v 0.112546 0.102671 -0.004232
v 0.119546 0.102671 -0.004232
v 0.112546 0.104016 -0.005984
v 0.119546 0.104016 -0.005984
v 0.112546 0.105768 -0.007329
v 0.119546 0.105768 -0.007329
v 0.112546 0.107810 -0.008175
v 0.119546 0.107810 -0.008175
v 0.112546 0.110000 -0.008463
v 0.119546 0.110000 -0.008463
v 0.112546 0.112190 -0.008175
v 0.119546 0.112190 -0.008175
v 0.112546 0.114232 -0.007329
v 0.119546 0.114232 -0.007329
v 0.112546 0.115984 -0.005984
v 0.119546 0.115984 -0.005984
v 0.112546 0.117329 -0.004232
v 0.119546 0.117329 -0.004232
v 0.112546 0.118175 -0.002190
v 0.119546 0.118175 -0.002190
v 0.112546 0.118463 0.000000
v 0.119546 0.118463 0.000000
v 0.112546 0.118175 0.002190
v 0.119546 0.118175 0.002190
v 0.112546 0.117329 0.004232
v 0.119546 0.117329 0.004232
v 0.112546 0.115984 0.005984
v 0.119546 0.115984 0.005984
v 0.111546 0.116358 0.006358
v 0.111546 0.117787 0.004496
v 0.111546 0.118685 0.002327
v 0.111546 0.118991 0.000000
v 0.111546 0.118685 -0.002327
v 0.111546 0.117787 -0.004496
v 0.111546 0.116358 -0.006358
v 0.111546 0.114496 -0.007787
v 0.111546 0.112327 -0.008685
v 0.111546 0.110000 -0.008991
v 0.111546 0.107673 -0.008685
v 0.111546 0.105504 -0.007787
v 0.111546 0.103642 -0.006358
v 0.111546 0.102213 -0.004496
v 0.111546 0.101315 -0.002327
v 0.121546 0.113223 0.005582
v 0.121546 0.114558 0.004558
v 0.121546 0.111668 0.006226
v 0.121546 0.110000 0.006446
v 0.121546 0.108332 0.006226
v 0.121546 0.106777 0.005582
v 0.121546 0.104418 0.003223
v 0.121546 0.105442 0.004558
v 0.121546 0.103774 0.001668
v 0.121546 0.103774 -0.001668
v 0.121546 0.103554 0.000000
v 0.121546 0.104418 -0.003223
v 0.121546 0.106777 -0.005582
v 0.121546 0.105442 -0.004558
v 0.121546 0.108332 -0.006226
v 0.121546 0.111668 -0.006226
v 0.121546 0.110000 -0.006446
v 0.121546 0.113223 -0.005582
v 0.121546 0.115582 -0.003223
v 0.121546 0.114558 -0.004558
v 0.121546 0.116226 -0.001668
v 0.121546 0.116226 0.001668
v 0.121546 0.116446 0.000000
v 0.121546 0.115582 0.003223
v 0.121546 0.110000 0.000000
v 0.106546 0.062816 0.038000
v 0.106546 0.170000 0.022017
v 0.106546 0.164302 0.021267
v 0.106546 0.198000 0.038000
v 0.106546 0.198000 0.020000
v 0.106546 0.196000 0.020000
v 0.106546 0.185569 0.015569
v 0.106546 0.181009 0.019068
v 0.106546 0.189068 0.011009
v 0.106546 0.195000 0.018669
v 0.106546 0.175698 0.021267
v 0.106546 0.158991 0.019068
v 0.106546 0.154431 0.015569
v 0.106546 0.150932 0.011009
v 0.106546 0.148733 0.005699
v 0.106546 0.147983 0.000000
v 0.106546 0.148733 -0.005698
v 0.106546 0.150932 -0.011009
v 0.106546 0.154431 -0.015569
v 0.106546 0.158991 -0.019067
v 0.106546 0.164302 -0.021267
v 0.106546 0.062816 -0.038000
v 0.106546 0.170000 -0.022017
v 0.108546 0.059579 0.036000
v 0.108546 0.059580 -0.036000
v 0.114546 0.056579 0.024000
v 0.114546 0.056580 -0.024000
v 0.106546 0.195000 0.000000
v 0.106546 0.191267 0.005699
v 0.106546 0.192017 0.000000
v 0.106546 0.175698 -0.021267
v 0.106546 0.198000 -0.038000
v 0.106546 0.181009 -0.019067
v 0.106546 0.185569 -0.015569
v 0.106546 0.196000 -0.020000
v 0.106546 0.198000 -0.020000
v 0.106546 0.195000 -0.018669
v 0.106546 0.189068 -0.011009
v 0.106546 0.191267 -0.005698
v 0.104546 0.198000 0.040000
v 0.104546 0.059165 0.040000
v 0.104546 0.200000 0.038000
v 0.104546 0.200000 0.020000
v 0.105546 0.199000 0.020000
v 0.104370 0.200000 0.038000
v 0.083092 0.200000 0.038000
v 0.082400 0.198000 0.040000
v 0.106546 0.050579 0.040000
v 0.114546 0.050579 0.024000
v 0.092097 0.200000 0.000000
v 0.088959 0.200000 0.023837
v 0.088959 0.200000 -0.023836
v 0.104546 0.200000 -0.020000
v 0.104546 0.200000 -0.038000
v 0.104370 0.200000 -0.038000
v 0.106169 0.200000 -0.019000
v 0.106546 0.200000 0.000000
v 0.108728 0.200000 -0.016752
v 0.106169 0.200000 0.019000
v 0.108728 0.200000 0.016752
v 0.111102 0.200000 -0.013908
v 0.113010 0.200000 -0.010732
v 0.114406 0.200000 -0.007300
v 0.115257 0.200000 -0.003694
v 0.115543 0.200000 0.000000
v 0.115257 0.200000 0.003694
v 0.114406 0.200000 0.007300
v 0.113010 0.200000 0.010732
v 0.111102 0.200000 0.013908
v 0.083092 0.200000 -0.038000
v 0.101546 0.057044 0.040000
v 0.092404 0.050579 0.040000
v 0.101546 0.050579 0.040000
v 0.101546 0.050579 0.000000
v 0.114546 0.050579 0.017333
v 0.114546 0.050580 -0.017333
v 0.106546 0.050580 -0.040000
v 0.114546 0.050580 -0.024000
v 0.098125 0.049940 -0.026293
v 0.092404 0.050580 -0.040000
v 0.098125 0.049940 0.026293
v 0.104546 0.059165 -0.040000
v 0.104546 0.198000 -0.040000
v 0.082400 0.198000 -0.040000
v 0.105546 0.199000 -0.020000
v 0.106546 0.199000 0.020000
v 0.109446 0.199000 0.017453
v 0.106546 0.199000 -0.020000
v 0.109446 0.199000 -0.017453
v 0.111919 0.199000 -0.014489
v 0.116248 0.199000 0.003848
v 0.116546 0.199000 0.000000
v 0.115361 0.199000 0.007605
v 0.113907 0.199000 0.011180
v 0.111919 0.199000 0.014489
v 0.115361 0.199000 -0.007605
v 0.113907 0.199000 -0.011180
v 0.116248 0.199000 -0.003848
v 0.109446 0.196000 0.017453
v 0.111919 0.196000 0.014489
v 0.113907 0.196000 0.011180
v 0.115361 0.196000 0.007605
v 0.116248 0.196000 0.003848
v 0.116546 0.196000 0.000000
v 0.116248 0.196000 -0.003848
v 0.115361 0.196000 -0.007605
v 0.109446 0.196000 -0.017453
v 0.111919 0.196000 -0.014489
v 0.113907 0.196000 -0.011180
v 0.104546 0.184142 0.014142
v 0.104546 0.187321 0.010000
v 0.104546 0.180000 0.017321
v 0.104546 0.175176 0.019319
v 0.104546 0.170000 0.020000
v 0.104546 0.164824 0.019319
v 0.104546 0.160000 0.017321
v 0.104546 0.155858 0.014142
v 0.104546 0.152679 0.010000
v 0.104546 0.150681 0.005176
v 0.104546 0.150000 0.000000
v 0.104546 0.189319 0.005176
v 0.104546 0.150681 -0.005176
v 0.104546 0.152679 -0.010000
v 0.104546 0.155858 -0.014142
v 0.104546 0.160000 -0.017320
v 0.104546 0.164824 -0.019318
v 0.104546 0.170000 -0.020000
v 0.104546 0.175176 -0.019318
v 0.104546 0.180000 -0.017320
v 0.104546 0.184142 -0.014142
v 0.104546 0.189319 -0.005176
v 0.104546 0.187321 -0.010000
v 0.104546 0.190000 0.000000
v 0.116546 0.053343 0.015528
v 0.116546 0.053343 -0.015528
v 0.116546 0.052579 0.015528
v 0.116546 0.052580 -0.015528
v 0.115257 0.195000 -0.003694
v 0.114406 0.195000 -0.007300
v 0.115543 0.195000 0.000000
v 0.115257 0.195000 0.003694
v 0.114406 0.195000 0.007300
v 0.113010 0.195000 0.010732
v 0.111102 0.195000 0.013908
v 0.108728 0.195000 0.016752
v 0.113010 0.195000 -0.010732
v 0.108728 0.195000 -0.016752
v 0.111102 0.195000 -0.013908
v 0.096546 0.189319 0.005176
v 0.096546 0.187321 0.010000
v 0.096546 0.190000 0.000000
v 0.096546 0.189319 -0.005176
v 0.096546 0.187321 -0.010000
v 0.096546 0.184142 -0.014142
v 0.096546 0.180000 -0.017320
v 0.096546 0.175176 -0.019318
v 0.096546 0.170000 -0.020000
v 0.101546 0.170000 -0.020000
v 0.096546 0.184142 0.014142
v 0.096546 0.180000 0.017321
v 0.096546 0.175176 0.019319
v 0.101546 0.170000 0.020000
v 0.096546 0.170000 0.020000
v 0.101546 0.164824 0.019319
v 0.101546 0.160000 0.017321
v 0.101546 0.155858 0.014142
v 0.101546 0.152679 0.010000
v 0.101546 0.150681 0.005176
v 0.101546 0.150000 0.000000
v 0.101546 0.150681 -0.005176
v 0.101546 0.164824 -0.019318
v 0.101546 0.160000 -0.017320
v 0.101546 0.155858 -0.014142
v 0.101546 0.152679 -0.010000
v 0.096546 0.170000 0.000000
v 0.101546 0.170000 0.000000
v 0.048464 0.273308 -0.001101
v 0.051698 0.278541 -0.001101
v 0.044976 0.278774 -0.001869
v 0.055186 0.273076 -0.001869
v 0.051488 0.267261 -0.003298
v 0.045448 0.268428 -0.003320
v 0.041703 0.273308 -0.003298
v 0.039086 0.278541 -0.005199
v 0.042824 0.284589 -0.005199
v 0.048675 0.284589 -0.003298
v 0.054715 0.283422 -0.003320
v 0.058459 0.278541 -0.003298
v 0.061076 0.273308 -0.005199
v 0.057338 0.267261 -0.005199
v 0.053151 0.262423 -0.008131
v 0.059207 0.263524 -0.010950
v 0.062212 0.268428 -0.008767
v 0.064099 0.267261 -0.014504
v 0.060017 0.262423 -0.017580
v 0.064099 0.267261 -0.020656
v 0.059207 0.263524 -0.024211
v 0.062212 0.268428 -0.026394
v 0.057338 0.267261 -0.029962
v 0.053151 0.262423 -0.027030
v 0.051488 0.267261 -0.031863
v 0.046595 0.263524 -0.028308
v 0.045448 0.268428 -0.031841
v 0.040548 0.267261 -0.028308
v 0.042043 0.262423 -0.023421
v 0.036932 0.267261 -0.023332
v 0.038801 0.263524 -0.017580
v 0.035087 0.268428 -0.017580
v 0.036932 0.267261 -0.011829
v 0.042043 0.262423 -0.011740
v 0.040548 0.267261 -0.006852
v 0.046595 0.263524 -0.006852
v 0.048212 0.260290 -0.011829
v 0.054973 0.260290 -0.014026
v 0.054973 0.260290 -0.021135
v 0.048212 0.260290 -0.023332
v 0.044034 0.260290 -0.017580
v 0.050081 0.259161 -0.017580
v 0.036716 0.273076 -0.007870
v 0.033909 0.273308 -0.014026
v 0.033909 0.273308 -0.021135
v 0.033561 0.278774 -0.017580
v 0.034908 0.278541 -0.010950
v 0.037951 0.283422 -0.008767
v 0.036063 0.284589 -0.014504
v 0.040955 0.288326 -0.010950
v 0.040145 0.289427 -0.017580
v 0.036063 0.284589 -0.020656
v 0.040955 0.288326 -0.024211
v 0.037951 0.283422 -0.026394
v 0.042824 0.284589 -0.029962
v 0.047011 0.289427 -0.027030
v 0.048675 0.284589 -0.031863
v 0.053567 0.288326 -0.028308
v 0.054715 0.283422 -0.031841
v 0.059614 0.284589 -0.028308
v 0.058119 0.289427 -0.023421
v 0.063230 0.284589 -0.023332
v 0.061361 0.288326 -0.017580
v 0.065075 0.283422 -0.017580
v 0.063230 0.284589 -0.011829
v 0.058119 0.289427 -0.011740
v 0.059614 0.284589 -0.006852
v 0.053567 0.288326 -0.006852
v 0.047011 0.289427 -0.008131
v 0.045189 0.291560 -0.014026
v 0.045189 0.291560 -0.021135
v 0.051950 0.291560 -0.023332
v 0.056128 0.291560 -0.017580
v 0.051950 0.291560 -0.011829
v 0.050081 0.292689 -0.017580
v 0.063446 0.278774 -0.007870
v 0.066254 0.278541 -0.014026
v 0.066254 0.278541 -0.021135
v 0.066601 0.273076 -0.017580
v 0.065254 0.273308 -0.010950
v 0.065254 0.273308 -0.024211
v 0.061076 0.273308 -0.029962
v 0.055186 0.273076 -0.033292
v 0.048464 0.273308 -0.034060
v 0.041703 0.273308 -0.031863
v 0.036716 0.273076 -0.027291
v 0.034908 0.278541 -0.024211
v 0.039086 0.278541 -0.029962
v 0.044976 0.278774 -0.033292
v 0.051698 0.278541 -0.034060
v 0.058459 0.278541 -0.031863
v 0.063446 0.278774 -0.027291
v -0.027813 0.234148 0.027715
v -0.024579 0.239380 0.027715
v -0.031301 0.239613 0.026947
v -0.021091 0.233915 0.026947
v -0.024789 0.228100 0.025518
v -0.030830 0.229267 0.025496
v -0.034574 0.234148 0.025518
v -0.037191 0.239380 0.023617
v -0.033453 0.245428 0.023617
v -0.027603 0.245428 0.025518
v -0.021563 0.244261 0.025496
v -0.017818 0.239380 0.025518
v -0.015201 0.234148 0.023617
v -0.018939 0.228100 0.023617
v -0.023126 0.223262 0.020685
v -0.017070 0.224363 0.017866
v -0.014066 0.229267 0.020049
v -0.012178 0.228100 0.014311
v -0.016260 0.223262 0.011235
v -0.012178 0.228100 0.008159
v -0.017070 0.224363 0.004605
v -0.014066 0.229267 0.002422
v -0.018939 0.228100 -0.001146
v -0.023126 0.223262 0.001786
v -0.024789 0.228100 -0.003047
v -0.029682 0.224363 0.000507
v -0.030830 0.229267 -0.003025
v -0.035729 0.228100 0.000507
v -0.034235 0.223262 0.005395
v -0.039345 0.228100 0.005484
v -0.037476 0.224363 0.011235
v -0.041190 0.229267 0.011235
v -0.039345 0.228100 0.016987
v -0.034235 0.223262 0.017076
v -0.035729 0.228100 0.021963
v -0.029682 0.224363 0.021963
v -0.028065 0.221129 0.016987
v -0.021304 0.221129 0.014790
v -0.021304 0.221129 0.007681
v -0.028065 0.221129 0.005484
v -0.032243 0.221129 0.011235
v -0.026196 0.220000 0.011235
v -0.039561 0.233915 0.020946
v -0.042369 0.234148 0.014790
v -0.042369 0.234148 0.007681
v -0.042716 0.239613 0.011235
v -0.041369 0.239380 0.017866
v -0.038327 0.244261 0.020049
v -0.040214 0.245428 0.014311
v -0.035322 0.249165 0.017866
v -0.036132 0.250266 0.011235
v -0.040214 0.245428 0.008159
v -0.035322 0.249165 0.004605
v -0.038327 0.244261 0.002422
v -0.033453 0.245428 -0.001146
v -0.029266 0.250266 0.001786
v -0.027603 0.245428 -0.003047
v -0.022710 0.249165 0.000507
v -0.021563 0.244261 -0.003025
v -0.016663 0.245428 0.000507
v -0.018158 0.250266 0.005395
v -0.013047 0.245428 0.005484
v -0.014916 0.249165 0.011235
v -0.011202 0.244261 0.011235
v -0.013047 0.245428 0.016987
v -0.018158 0.250266 0.017076
v -0.016663 0.245428 0.021963
v -0.022710 0.249165 0.021963
v -0.029266 0.250266 0.020685
v -0.031088 0.252399 0.014790
v -0.031088 0.252399 0.007681
v -0.024327 0.252399 0.005484
v -0.020149 0.252399 0.011235
v -0.024327 0.252399 0.016987
v -0.026196 0.253528 0.011235
v -0.012831 0.239613 0.020946
v -0.010023 0.239380 0.014790
v -0.010023 0.239380 0.007681
v -0.009676 0.233915 0.011235
v -0.011023 0.234148 0.017866
v -0.011023 0.234148 0.004605
v -0.015201 0.234148 -0.001146
v -0.021091 0.233915 -0.004476
v -0.027813 0.234148 -0.005244
v -0.034574 0.234148 -0.003047
v -0.039561 0.233915 0.001525
v -0.041369 0.239380 0.004605
v -0.037191 0.239380 -0.001146
v -0.031301 0.239613 -0.004476
v -0.024579 0.239380 -0.005244
v -0.017818 0.239380 -0.003047
v -0.012831 0.239613 0.001525
v 0.037093 0.282337 0.031108
v 0.040327 0.287570 0.031108
v 0.033605 0.287802 0.030340
v 0.043815 0.282105 0.030340
v 0.040117 0.276290 0.028911
v 0.034077 0.277456 0.028888
v 0.030332 0.282337 0.028911
v 0.027715 0.287570 0.027010
v 0.031453 0.293617 0.027010
v 0.037303 0.293617 0.028911
v 0.043343 0.292450 0.028888
v 0.047088 0.287570 0.028911
v 0.049705 0.282337 0.027010
v 0.045967 0.276290 0.027010
v 0.041780 0.271451 0.024078
v 0.047836 0.272552 0.021258
v 0.050841 0.277456 0.023442
v 0.052728 0.276290 0.017704
v 0.048646 0.271451 0.014628
v 0.052728 0.276290 0.011552
v 0.047836 0.272552 0.007998
v 0.050841 0.277456 0.005815
v 0.045967 0.276290 0.002247
v 0.041780 0.271451 0.005178
v 0.040117 0.276290 0.000346
v 0.035224 0.272552 0.003900
v 0.034077 0.277456 0.000368
v 0.029177 0.276290 0.003900
v 0.030672 0.271451 0.008788
v 0.025561 0.276290 0.008877
v 0.027430 0.272552 0.014628
v 0.023716 0.277456 0.014628
v 0.025561 0.276290 0.020379
v 0.030672 0.271451 0.020468
v 0.029177 0.276290 0.025356
v 0.035224 0.272552 0.025356
v 0.036841 0.269318 0.020379
v 0.043602 0.269318 0.018183
v 0.043602 0.269318 0.011074
v 0.036841 0.269318 0.008877
v 0.032663 0.269318 0.014628
v 0.038710 0.268189 0.014628
v 0.025345 0.282105 0.024338
v 0.022537 0.282337 0.018183
v 0.022537 0.282337 0.011074
v 0.022190 0.287802 0.014628
v 0.023537 0.287570 0.021258
v 0.026579 0.292450 0.023442
v 0.024692 0.293617 0.017704
v 0.029584 0.297355 0.021258
v 0.028774 0.298455 0.014628
v 0.024692 0.293617 0.011552
v 0.029584 0.297355 0.007998
v 0.026579 0.292450 0.005815
v 0.031453 0.293617 0.002247
v 0.035640 0.298455 0.005178
v 0.037303 0.293617 0.000346
v 0.042196 0.297355 0.003900
v 0.043343 0.292450 0.000368
v 0.048243 0.293617 0.003900
v 0.046749 0.298455 0.008788
v 0.051859 0.293617 0.008877
v 0.049990 0.297355 0.014628
v 0.053704 0.292450 0.014628
v 0.051859 0.293617 0.020379
v 0.046749 0.298455 0.020468
v 0.048243 0.293617 0.025356
v 0.042196 0.297355 0.025356
v 0.035640 0.298455 0.024078
v 0.033818 0.300589 0.018183
v 0.033818 0.300589 0.011074
v 0.040579 0.300589 0.008877
v 0.044757 0.300589 0.014628
v 0.040579 0.300589 0.020379
v 0.038710 0.301717 0.014628
v 0.052075 0.287802 0.024338
v 0.054883 0.287570 0.018183
v 0.054883 0.287570 0.011074
v 0.055230 0.282105 0.014628
v 0.053883 0.282337 0.021258
v 0.053883 0.282337 0.007998
v 0.049705 0.282337 0.002247
v 0.043815 0.282105 -0.001083
v 0.037093 0.282337 -0.001851
v 0.030332 0.282337 0.000346
v 0.025345 0.282105 0.004918
v 0.023537 0.287570 0.007998
v 0.027715 0.287570 0.002247
v 0.033605 0.287802 -0.001083
v 0.040327 0.287570 -0.001851
v 0.047088 0.287570 0.000346
v 0.052075 0.287802 0.004918
vt 0.2939 0.5100
vt 0.2979 0.5165
vt 0.2896 0.5168
vt 0.3023 0.5097
vt 0.2977 0.5025
vt 0.2902 0.5039
vt 0.2855 0.5100
vt 0.2822 0.5165
vt 0.2869 0.5240
vt 0.2942 0.5240
vt 0.3017 0.5226
vt 0.3063 0.5165
vt 0.3096 0.5100
vt 0.3049 0.5025
vt 0.2997 0.4964
vt 0.3855 0.5216
vt 0.3783 0.5239
vt 0.3820 0.5291
vt 0.3828 0.5178
vt 0.3899 0.5155
vt 0.3937 0.5206
vt 0.3976 0.5155
vt 0.4020 0.5216
vt 0.4047 0.5178
vt 0.4091 0.5239
vt 0.4055 0.5291
vt 0.2064 0.5548
vt 0.2085 0.5488
vt 0.2012 0.5488
vt 0.2145 0.5534
vt 0.2160 0.5473
vt 0.2221 0.5488
vt 0.4010 0.5429
vt 0.4071 0.5448
vt 0.4071 0.5373
vt 0.4009 0.5493
vt 0.3937 0.5470
vt 0.2503 0.1137
vt 0.2442 0.1137
vt 0.2456 0.1209
vt 0.2456 0.1066
vt 0.3865 0.5429
vt 0.3866 0.5493
vt 0.3804 0.5448
vt 0.3804 0.5373
vt 0.2916 0.4978
vt 0.2841 0.5025
vt 0.3866 0.5352
vt 0.3893 0.5268
vt 0.3982 0.5268
vt 0.4009 0.5352
vt 0.3937 0.5404
vt 0.3937 0.5329
vt 0.2793 0.5097
vt 0.2384 0.1017
vt 0.2456 0.1004
vt 0.2381 0.1093
vt 0.2381 0.1182
vt 0.2313 0.1137
vt 0.2316 0.1055
vt 0.2316 0.0983
vt 0.2255 0.1028
vt 0.2241 0.1099
vt 0.0287 0.2359
vt 0.0242 0.2298
vt 0.0314 0.2321
vt 0.0204 0.2348
vt 0.0166 0.2298
vt 0.0122 0.2359
vt 0.0094 0.2321
vt 0.0050 0.2382
vt 0.0086 0.2434
vt 0.2140 0.5212
vt 0.2119 0.5272
vt 0.2192 0.5272
vt 0.2059 0.5226
vt 0.2044 0.5287
vt 0.1983 0.5272
vt 0.0131 0.2572
vt 0.0071 0.2591
vt 0.0071 0.2515
vt 0.0132 0.2636
vt 0.0204 0.2612
vt 0.2522 0.1518
vt 0.2461 0.1518
vt 0.2475 0.1447
vt 0.2475 0.1590
vt 0.0277 0.2572
vt 0.0276 0.2636
vt 0.0337 0.2591
vt 0.0337 0.2515
vt 0.3003 0.5287
vt 0.3078 0.5240
vt 0.2921 0.5300
vt 0.0358 0.2382
vt 0.0322 0.2434
vt 0.2808 0.5226
vt 0.0248 0.2411
vt 0.0160 0.2411
vt 0.0132 0.2495
vt 0.0204 0.2547
vt 0.0276 0.2495
vt 0.0204 0.2472
vt 0.3125 0.5168
vt 0.2403 0.1639
vt 0.2475 0.1652
vt 0.2400 0.1563
vt 0.2400 0.1474
vt 0.2332 0.1518
vt 0.2335 0.1601
vt 0.2335 0.1672
vt 0.2274 0.1628
vt 0.2260 0.1557
vt 0.2260 0.1480
vt 0.2335 0.1436
vt 0.2274 0.1409
vt 0.2335 0.1364
vt 0.1965 0.5412
vt 0.1951 0.5473
vt 0.2039 0.5415
vt 0.2122 0.5412
vt 0.2206 0.5412
vt 0.2268 0.5415
vt 0.2384 0.1258
vt 0.2456 0.1271
vt 0.2316 0.1220
vt 0.2316 0.1291
vt 0.2239 0.5347
vt 0.2166 0.5344
vt 0.2253 0.5287
vt 0.2255 0.1247
vt 0.2241 0.1176
vt 0.2082 0.5347
vt 0.1998 0.5347
vt 0.1936 0.5344
vt 0.2403 0.1398
vt 0.2475 0.1385
vt 0.3110 0.5039
vt 0.9149 0.0185
vt 0.9189 0.0251
vt 0.9105 0.0253
vt 0.9232 0.0183
vt 0.9186 0.0110
vt 0.9111 0.0125
vt 0.9065 0.0185
vt 0.9032 0.0251
vt 0.9078 0.0326
vt 0.9151 0.0326
vt 0.9226 0.0311
vt 0.9273 0.0251
vt 0.9306 0.0185
vt 0.9259 0.0110
vt 0.9207 0.0050
vt 0.6103 0.9063
vt 0.6031 0.9087
vt 0.6067 0.9139
vt 0.6075 0.9026
vt 0.6147 0.9002
vt 0.6185 0.9053
vt 0.6223 0.9002
vt 0.6268 0.9063
vt 0.6295 0.9026
vt 0.6339 0.9087
vt 0.6303 0.9139
vt 0.9131 0.1110
vt 0.9151 0.1050
vt 0.9078 0.1050
vt 0.9212 0.1096
vt 0.9226 0.1035
vt 0.9287 0.1050
vt 0.6258 0.9277
vt 0.6319 0.9295
vt 0.6319 0.9220
vt 0.6257 0.9340
vt 0.6185 0.9317
vt 0.7036 0.9137
vt 0.6975 0.9137
vt 0.6989 0.9209
vt 0.6989 0.9066
vt 0.6112 0.9277
vt 0.6114 0.9340
vt 0.6052 0.9295
vt 0.6052 0.9220
vt 0.9125 0.0064
vt 0.9050 0.0110
vt 0.6114 0.9200
vt 0.6141 0.9116
vt 0.6229 0.9116
vt 0.6257 0.9200
vt 0.6185 0.9252
vt 0.6185 0.9177
vt 0.9002 0.0183
vt 0.6917 0.9017
vt 0.6989 0.9004
vt 0.6914 0.9093
vt 0.6914 0.9182
vt 0.6846 0.9137
vt 0.6849 0.9055
vt 0.6849 0.8983
vt 0.6788 0.9028
vt 0.6774 0.9099
vt 0.2096 0.9082
vt 0.2052 0.9022
vt 0.2123 0.9045
vt 0.2014 0.9072
vt 0.1975 0.9022
vt 0.1931 0.9082
vt 0.1904 0.9045
vt 0.1860 0.9106
vt 0.1896 0.9158
vt 0.9207 0.0774
vt 0.9186 0.0834
vt 0.9259 0.0834
vt 0.9125 0.0788
vt 0.9111 0.0849
vt 0.9050 0.0834
vt 0.1941 0.9296
vt 0.1880 0.9315
vt 0.1880 0.9239
vt 0.1942 0.9359
vt 0.2014 0.9336
vt 0.9284 0.2661
vt 0.9223 0.2661
vt 0.9237 0.2590
vt 0.9237 0.2733
vt 0.2086 0.9296
vt 0.2085 0.9359
vt 0.2147 0.9315
vt 0.2147 0.9239
vt 0.9212 0.0372
vt 0.9287 0.0326
vt 0.9131 0.0386
vt 0.2168 0.9106
vt 0.2131 0.9158
vt 0.9018 0.0311
vt 0.2058 0.9135
vt 0.1969 0.9135
vt 0.1942 0.9219
vt 0.2014 0.9271
vt 0.2085 0.9219
vt 0.2014 0.9196
vt 0.9335 0.0253
vt 0.9165 0.2782
vt 0.9237 0.2795
vt 0.9162 0.2705
vt 0.9162 0.2617
vt 0.9094 0.2661
vt 0.9097 0.2744
vt 0.9097 0.2815
vt 0.9036 0.2771
vt 0.9022 0.2699
vt 0.9022 0.2623
vt 0.9097 0.2579
vt 0.9036 0.2552
vt 0.9097 0.2507
vt 0.9032 0.0974
vt 0.9018 0.1035
vt 0.9105 0.0977
vt 0.9189 0.0974
vt 0.9273 0.0974
vt 0.9335 0.0977
vt 0.6917 0.9258
vt 0.6989 0.9271
vt 0.6849 0.9220
vt 0.6849 0.9292
vt 0.9306 0.0909
vt 0.9232 0.0906
vt 0.9320 0.0849
vt 0.6788 0.9247
vt 0.6774 0.9176
vt 0.9149 0.0909
vt 0.9065 0.0909
vt 0.9002 0.0906
vt 0.9165 0.2540
vt 0.9237 0.2528
vt 0.9320 0.0125
vt 0.8768 0.5862
vt 0.8808 0.5927
vt 0.8724 0.5930
vt 0.8851 0.5859
vt 0.8805 0.5786
vt 0.8730 0.5801
vt 0.8684 0.5862
vt 0.8651 0.5927
vt 0.8698 0.6002
vt 0.8770 0.6002
vt 0.8845 0.5987
vt 0.8892 0.5927
vt 0.8925 0.5862
vt 0.8878 0.5786
vt 0.8826 0.5726
vt 0.8693 0.6206
vt 0.8622 0.6229
vt 0.8658 0.6282
vt 0.8666 0.6169
vt 0.8737 0.6145
vt 0.8776 0.6196
vt 0.8814 0.6145
vt 0.8858 0.6206
vt 0.8885 0.6169
vt 0.8930 0.6229
vt 0.8893 0.6282
vt 0.8178 0.8957
vt 0.8199 0.8897
vt 0.8126 0.8897
vt 0.8260 0.8944
vt 0.8274 0.8883
vt 0.8335 0.8897
vt 0.8848 0.6420
vt 0.8909 0.6438
vt 0.8909 0.6363
vt 0.8847 0.6483
vt 0.8776 0.6460
vt 0.8922 0.6718
vt 0.8861 0.6718
vt 0.8875 0.6790
vt 0.8875 0.6647
vt 0.8703 0.6420
vt 0.8704 0.6483
vt 0.8642 0.6438
vt 0.8642 0.6363
vt 0.8744 0.5740
vt 0.8669 0.5786
vt 0.8704 0.6343
vt 0.8731 0.6259
vt 0.8820 0.6259
vt 0.8847 0.6343
vt 0.8776 0.6395
vt 0.8776 0.6320
vt 0.8622 0.5859
vt 0.8803 0.6598
vt 0.8875 0.6585
vt 0.8800 0.6674
vt 0.8800 0.6763
vt 0.8732 0.6718
vt 0.8735 0.6636
vt 0.8735 0.6564
vt 0.8674 0.6609
vt 0.8660 0.6680
vt 0.8877 0.8701
vt 0.8833 0.8641
vt 0.8904 0.8664
vt 0.8795 0.8691
vt 0.8756 0.8641
vt 0.8712 0.8701
vt 0.8685 0.8664
vt 0.8641 0.8725
vt 0.8677 0.8777
vt 0.8255 0.8622
vt 0.8234 0.8682
vt 0.8307 0.8682
vt 0.8173 0.8635
vt 0.8159 0.8696
vt 0.8098 0.8682
vt 0.8722 0.8915
vt 0.8661 0.8934
vt 0.8661 0.8858
vt 0.8723 0.8979
vt 0.8795 0.8955
vt 0.8922 0.7099
vt 0.8861 0.7099
vt 0.8875 0.7028
vt 0.8875 0.7171
vt 0.8867 0.8915
vt 0.8866 0.8979
vt 0.8928 0.8934
vt 0.8928 0.8858
vt 0.8831 0.6048
vt 0.8906 0.6002
vt 0.8750 0.6062
vt 0.8949 0.8725
vt 0.8912 0.8777
vt 0.8637 0.5987
vt 0.8839 0.8754
vt 0.8750 0.8754
vt 0.8723 0.8838
vt 0.8795 0.8890
vt 0.8866 0.8838
vt 0.8795 0.8815
vt 0.8954 0.5930
vt 0.8803 0.7220
vt 0.8875 0.7233
vt 0.8800 0.7144
vt 0.8800 0.7055
vt 0.8732 0.7099
vt 0.8735 0.7182
vt 0.8735 0.7253
vt 0.8674 0.7209
vt 0.8660 0.7138
vt 0.8660 0.7061
vt 0.8735 0.7017
vt 0.8674 0.6990
vt 0.8735 0.6945
vt 0.8080 0.8822
vt 0.8065 0.8883
vt 0.8153 0.8825
vt 0.8236 0.8822
vt 0.8321 0.8822
vt 0.8383 0.8825
vt 0.8803 0.6839
vt 0.8875 0.6852
vt 0.8735 0.6801
vt 0.8735 0.6872
vt 0.8353 0.8757
vt 0.8280 0.8754
vt 0.8367 0.8696
vt 0.8674 0.6828
vt 0.8660 0.6757
vt 0.8196 0.8757
vt 0.8112 0.8757
vt 0.8050 0.8754
vt 0.8803 0.6979
vt 0.8875 0.6966
vt 0.8939 0.5801
vt 0.2996 0.9043
vt 0.3036 0.9108
vt 0.2953 0.9111
vt 0.3080 0.9040
vt 0.3034 0.8967
vt 0.2959 0.8982
vt 0.2912 0.9043
vt 0.2880 0.9108
vt 0.2926 0.9183
vt 0.2999 0.9183
vt 0.3074 0.9168
vt 0.3121 0.9108
vt 0.3153 0.9043
vt 0.3107 0.8967
vt 0.3054 0.8907
vt 0.7607 0.3082
vt 0.7536 0.3106
vt 0.7572 0.3158
vt 0.7580 0.3045
vt 0.7652 0.3021
vt 0.7690 0.3072
vt 0.7728 0.3021
vt 0.7772 0.3082
vt 0.7799 0.3045
vt 0.7844 0.3106
vt 0.7807 0.3158
vt 0.0788 0.8024
vt 0.0808 0.7964
vt 0.0736 0.7964
vt 0.0869 0.8010
vt 0.0883 0.7949
vt 0.0944 0.7964
vt 0.7762 0.3296
vt 0.7823 0.3314
vt 0.7823 0.3239
vt 0.7761 0.3359
vt 0.7690 0.3336
vt 0.8007 0.5766
vt 0.7946 0.5766
vt 0.7961 0.5838
vt 0.7961 0.5694
vt 0.7617 0.3296
vt 0.7618 0.3359
vt 0.7556 0.3314
vt 0.7556 0.3239
vt 0.2973 0.8921
vt 0.2898 0.8967
vt 0.7618 0.3219
vt 0.7646 0.3135
vt 0.7734 0.3135
vt 0.7761 0.3219
vt 0.7690 0.3271
vt 0.7690 0.3196
vt 0.2850 0.9040
vt 0.7889 0.5645
vt 0.7961 0.5633
vt 0.7886 0.5722
vt 0.7886 0.5810
vt 0.7818 0.5766
vt 0.7821 0.5684
vt 0.7821 0.5612
vt 0.7760 0.5656
vt 0.7745 0.5728
vt 0.6877 0.7806
vt 0.6833 0.7745
vt 0.6904 0.7769
vt 0.6795 0.7796
vt 0.6756 0.7745
vt 0.6712 0.7806
vt 0.6685 0.7769
vt 0.6641 0.7829
vt 0.6677 0.7882
vt 0.0864 0.7688
vt 0.0843 0.7748
vt 0.0916 0.7748
vt 0.0782 0.7702
vt 0.0768 0.7763
vt 0.0707 0.7748
vt 0.6722 0.8020
vt 0.6661 0.8038
vt 0.6661 0.7963
vt 0.6723 0.8083
vt 0.6795 0.8060
vt 0.7265 0.6223
vt 0.7204 0.6223
vt 0.7218 0.6152
vt 0.7218 0.6295
vt 0.6867 0.8020
vt 0.6866 0.8083
vt 0.6928 0.8038
vt 0.6928 0.7963
vt 0.3060 0.9229
vt 0.3135 0.9183
vt 0.2978 0.9243
vt 0.6949 0.7829
vt 0.6912 0.7882
vt 0.2865 0.9168
vt 0.6839 0.7859
vt 0.6750 0.7859
vt 0.6723 0.7943
vt 0.6795 0.7995
vt 0.6866 0.7943
vt 0.6795 0.7920
vt 0.3183 0.9111
vt 0.7146 0.6344
vt 0.7218 0.6357
vt 0.7143 0.6267
vt 0.7143 0.6179
vt 0.7075 0.6223
vt 0.7078 0.6306
vt 0.7078 0.6377
vt 0.7017 0.6333
vt 0.7002 0.6261
vt 0.7002 0.6185
vt 0.7078 0.6141
vt 0.7017 0.6114
vt 0.7078 0.6069
vt 0.0689 0.7889
vt 0.0675 0.7949
vt 0.0762 0.7892
vt 0.0846 0.7889
vt 0.0930 0.7889
vt 0.0992 0.7892
vt 0.7889 0.5887
vt 0.7961 0.5899
vt 0.7821 0.5848
vt 0.7821 0.5920
vt 0.0963 0.7824
vt 0.0889 0.7821
vt 0.0977 0.7763
vt 0.7760 0.5876
vt 0.7745 0.5804
vt 0.0806 0.7824
vt 0.0722 0.7824
vt 0.0660 0.7821
vt 0.7146 0.6102
vt 0.7218 0.6090
vt 0.3167 0.8982
vt 0.3968 0.3995
vt 0.4008 0.4060
vt 0.3924 0.4063
vt 0.4051 0.3992
vt 0.4005 0.3920
vt 0.3930 0.3934
vt 0.3884 0.3995
vt 0.3851 0.4060
vt 0.3897 0.4135
vt 0.3970 0.4135
vt 0.4045 0.4121
vt 0.4092 0.4060
vt 0.4125 0.3995
vt 0.4078 0.3920
vt 0.4026 0.3860
vt 0.4141 0.0320
vt 0.4069 0.0344
vt 0.4106 0.0396
vt 0.4113 0.0283
vt 0.4185 0.0260
vt 0.4223 0.0310
vt 0.4261 0.0260
vt 0.4306 0.0320
vt 0.4333 0.0283
vt 0.4377 0.0344
vt 0.4341 0.0396
vt 0.2483 0.5605
vt 0.2504 0.5545
vt 0.2431 0.5545
vt 0.2564 0.5591
vt 0.2579 0.5530
vt 0.2640 0.5545
vt 0.4296 0.0534
vt 0.4357 0.0553
vt 0.4357 0.0477
vt 0.4295 0.0597
vt 0.4223 0.0574
vt 0.0788 0.5709
vt 0.0727 0.5709
vt 0.0742 0.5780
vt 0.0742 0.5637
vt 0.4150 0.0534
vt 0.4152 0.0597
vt 0.4090 0.0553
vt 0.4090 0.0477
vt 0.3944 0.3873
vt 0.3869 0.3920
vt 0.4152 0.0457
vt 0.4179 0.0373
vt 0.4267 0.0373
vt 0.4295 0.0457
vt 0.4223 0.0509
vt 0.4223 0.0434
vt 0.3821 0.3992
vt 0.0669 0.5588
vt 0.0742 0.5575
vt 0.0667 0.5665
vt 0.0667 0.5753
vt 0.0599 0.5709
vt 0.0601 0.5626
vt 0.0601 0.5555
vt 0.0541 0.5599
vt 0.0526 0.5671
vt 0.1106 0.5616
vt 0.1061 0.5555
vt 0.1133 0.5578
vt 0.1023 0.5606
vt 0.0985 0.5555
vt 0.0941 0.5616
vt 0.0913 0.5578
vt 0.0869 0.5639
vt 0.0906 0.5691
vt 0.2559 0.5269
vt 0.2539 0.5329
vt 0.2611 0.5329
vt 0.2478 0.5283
vt 0.2463 0.5344
vt 0.2402 0.5329
vt 0.0950 0.5829
vt 0.0890 0.5848
vt 0.0890 0.5773
vt 0.0952 0.5893
vt 0.1023 0.5870
vt 0.1512 0.5709
vt 0.1451 0.5709
vt 0.1466 0.5637
vt 0.1466 0.5780
vt 0.1096 0.5829
vt 0.1095 0.5893
vt 0.1157 0.5848
vt 0.1157 0.5773
vt 0.4031 0.4182
vt 0.4106 0.4135
vt 0.3950 0.4196
vt 0.1177 0.5639
vt 0.1141 0.5691
vt 0.3837 0.4121
vt 0.1067 0.5668
vt 0.0979 0.5668
vt 0.0952 0.5752
vt 0.1023 0.5804
vt 0.1095 0.5752
vt 0.1023 0.5729
vt 0.4154 0.4063
vt 0.1393 0.5830
vt 0.1466 0.5842
vt 0.1390 0.5753
vt 0.1390 0.5665
vt 0.1322 0.5709
vt 0.1325 0.5791
vt 0.1325 0.5863
vt 0.1265 0.5818
vt 0.1250 0.5747
vt 0.1250 0.5671
vt 0.1325 0.5626
vt 0.1265 0.5599
vt 0.1325 0.5555
vt 0.2384 0.5470
vt 0.2370 0.5530
vt 0.2458 0.5473
vt 0.2541 0.5470
vt 0.2625 0.5470
vt 0.2687 0.5473
vt 0.0669 0.5830
vt 0.0742 0.5842
vt 0.0601 0.5791
vt 0.0601 0.5863
vt 0.2658 0.5405
vt 0.2585 0.5402
vt 0.2672 0.5344
vt 0.0541 0.5818
vt 0.0526 0.5747
vt 0.2501 0.5405
vt 0.2417 0.5405
vt 0.2355 0.5402
vt 0.1393 0.5588
vt 0.1466 0.5575
vt 0.4139 0.3934
vt 0.7282 0.6566
vt 0.7322 0.6632
vt 0.7239 0.6634
vt 0.7366 0.6564
vt 0.7320 0.6491
vt 0.7244 0.6506
vt 0.7198 0.6566
vt 0.7165 0.6632
vt 0.7212 0.6707
vt 0.7285 0.6707
vt 0.7360 0.6692
vt 0.7406 0.6632
vt 0.7439 0.6566
vt 0.7392 0.6491
vt 0.7340 0.6431
vt 0.7264 0.2359
vt 0.7193 0.2382
vt 0.7229 0.2434
vt 0.7237 0.2321
vt 0.7309 0.2298
vt 0.7347 0.2348
vt 0.7385 0.2298
vt 0.7429 0.2359
vt 0.7457 0.2321
vt 0.7501 0.2382
vt 0.7465 0.2434
vt 0.7321 0.3053
vt 0.7342 0.2992
vt 0.7269 0.2992
vt 0.7403 0.3039
vt 0.7417 0.2978
vt 0.7478 0.2992
vt 0.7420 0.2572
vt 0.7480 0.2591
vt 0.7480 0.2515
vt 0.7419 0.2636
vt 0.7347 0.2612
vt 0.7455 0.3290
vt 0.7394 0.3290
vt 0.7409 0.3361
vt 0.7409 0.3218
vt 0.7274 0.2572
vt 0.7275 0.2636
vt 0.7214 0.2591
vt 0.7214 0.2515
vt 0.7259 0.6445
vt 0.7183 0.6491
vt 0.7275 0.2495
vt 0.7303 0.2411
vt 0.7391 0.2411
vt 0.7419 0.2495
vt 0.7347 0.2547
vt 0.7347 0.2472
vt 0.7136 0.6564
vt 0.7336 0.3169
vt 0.7409 0.3156
vt 0.7333 0.3246
vt 0.7333 0.3334
vt 0.7265 0.3290
vt 0.7268 0.3207
vt 0.7268 0.3136
vt 0.7207 0.3180
vt 0.7193 0.3252
vt 0.7429 0.3578
vt 0.7385 0.3517
vt 0.7457 0.3540
vt 0.7347 0.3567
vt 0.7309 0.3517
vt 0.7264 0.3578
vt 0.7237 0.3540
vt 0.7193 0.3601
vt 0.7229 0.3653
vt 0.7397 0.2717
vt 0.7377 0.2777
vt 0.7449 0.2777
vt 0.7316 0.2730
vt 0.7302 0.2791
vt 0.7241 0.2777
vt 0.7274 0.3791
vt 0.7214 0.3810
vt 0.7214 0.3734
vt 0.7275 0.3855
vt 0.7347 0.3831
vt 0.4331 0.0833
vt 0.4270 0.0833
vt 0.4285 0.0761
vt 0.4285 0.0904
vt 0.7420 0.3791
vt 0.7419 0.3855
vt 0.7480 0.3810
vt 0.7480 0.3734
vt 0.7345 0.6753
vt 0.7421 0.6707
vt 0.7264 0.6767
vt 0.7501 0.3601
vt 0.7465 0.3653
vt 0.7151 0.6692
vt 0.7391 0.3630
vt 0.7303 0.3630
vt 0.7275 0.3714
vt 0.7347 0.3766
vt 0.7419 0.3714
vt 0.7347 0.3691
vt 0.7468 0.6634
vt 0.4212 0.0953
vt 0.4285 0.0966
vt 0.4209 0.0877
vt 0.4209 0.0788
vt 0.4141 0.0833
vt 0.4144 0.0915
vt 0.4144 0.0987
vt 0.4084 0.0942
vt 0.4069 0.0871
vt 0.4069 0.0794
vt 0.4144 0.0750
vt 0.4084 0.0723
vt 0.4144 0.0679
vt 0.7222 0.2917
vt 0.7208 0.2978
vt 0.7296 0.2920
vt 0.7379 0.2917
vt 0.7463 0.2917
vt 0.7525 0.2920
vt 0.7336 0.3411
vt 0.7409 0.3423
vt 0.7268 0.3372
vt 0.7268 0.3444
vt 0.7496 0.2852
vt 0.7423 0.2849
vt 0.7510 0.2791
vt 0.7207 0.3399
vt 0.7193 0.3328
vt 0.7339 0.2852
vt 0.7255 0.2852
vt 0.7193 0.2849
vt 0.4212 0.0712
vt 0.4285 0.0699
vt 0.7453 0.6506
vt 0.4139 0.9633
vt 0.4179 0.9698
vt 0.4096 0.9701
vt 0.4223 0.9630
vt 0.4177 0.9558
vt 0.4102 0.9572
vt 0.4055 0.9633
vt 0.4022 0.9698
vt 0.4069 0.9773
vt 0.4142 0.9773
vt 0.4217 0.9759
vt 0.4263 0.9698
vt 0.4296 0.9633
vt 0.4249 0.9558
vt 0.4197 0.9498
vt 0.9569 0.4720
vt 0.9498 0.4744
vt 0.9534 0.4796
vt 0.9542 0.4683
vt 0.9614 0.4660
vt 0.9652 0.4710
vt 0.9690 0.4660
vt 0.9734 0.4720
vt 0.9761 0.4683
vt 0.9806 0.4744
vt 0.9769 0.4796
vt 0.7988 0.9834
vt 0.8008 0.9773
vt 0.7936 0.9773
vt 0.8069 0.9820
vt 0.8084 0.9759
vt 0.8144 0.9773
vt 0.9724 0.4934
vt 0.9785 0.4953
vt 0.9785 0.4877
vt 0.9723 0.4998
vt 0.9652 0.4974
vt 0.3055 0.9652
vt 0.2994 0.9652
vt 0.3008 0.9723
vt 0.3008 0.9580
vt 0.9579 0.4934
vt 0.9580 0.4998
vt 0.9518 0.4953
vt 0.9518 0.4877
vt 0.4116 0.9511
vt 0.4041 0.9558
vt 0.9580 0.4857
vt 0.9608 0.4773
vt 0.9696 0.4773
vt 0.9723 0.4857
vt 0.9652 0.4909
vt 0.9652 0.4834
vt 0.3993 0.9630
vt 0.2936 0.9531
vt 0.3008 0.9518
vt 0.2933 0.9608
vt 0.2933 0.9696
vt 0.2865 0.9652
vt 0.2868 0.9569
vt 0.2868 0.9498
vt 0.2807 0.9542
vt 0.2793 0.9614
vt 0.9772 0.1444
vt 0.9728 0.1383
vt 0.9799 0.1407
vt 0.9690 0.1434
vt 0.9652 0.1383
vt 0.9607 0.1444
vt 0.9580 0.1407
vt 0.9536 0.1467
vt 0.9572 0.1520
vt 0.8064 0.9498
vt 0.8043 0.9558
vt 0.8116 0.9558
vt 0.7983 0.9511
vt 0.7968 0.9572
vt 0.7907 0.9558
vt 0.9617 0.1658
vt 0.9556 0.1676
vt 0.9556 0.1601
vt 0.9618 0.1721
vt 0.9690 0.1698
vt 0.7569 0.9690
vt 0.7508 0.9690
vt 0.7523 0.9618
vt 0.7523 0.9761
vt 0.9763 0.1658
vt 0.9761 0.1721
vt 0.9823 0.1676
vt 0.9823 0.1601
vt 0.4203 0.9820
vt 0.4278 0.9773
vt 0.4121 0.9834
vt 0.9844 0.1467
vt 0.9807 0.1520
vt 0.4008 0.9759
vt 0.9734 0.1497
vt 0.9646 0.1497
vt 0.9618 0.1581
vt 0.9690 0.1633
vt 0.9761 0.1581
vt 0.9690 0.1558
vt 0.4325 0.9701
vt 0.7450 0.9811
vt 0.7523 0.9823
vt 0.7448 0.9734
vt 0.7448 0.9646
vt 0.7380 0.9690
vt 0.7382 0.9772
vt 0.7382 0.9844
vt 0.7322 0.9800
vt 0.7307 0.9728
vt 0.7307 0.9652
vt 0.7382 0.9607
vt 0.7322 0.9580
vt 0.7382 0.9536
vt 0.7889 0.9698
vt 0.7875 0.9759
vt 0.7962 0.9701
vt 0.8046 0.9698
vt 0.8130 0.9698
vt 0.8192 0.9701
vt 0.2936 0.9773
vt 0.3008 0.9785
vt 0.2868 0.9734
vt 0.2868 0.9806
vt 0.8163 0.9633
vt 0.8089 0.9630
vt 0.8177 0.9572
vt 0.2807 0.9761
vt 0.2793 0.9690
vt 0.8006 0.9633
vt 0.7922 0.9633
vt 0.7860 0.9630
vt 0.7450 0.9569
vt 0.7523 0.9556
vt 0.4310 0.9572
vt 0.9663 0.9633
vt 0.9703 0.9698
vt 0.9620 0.9701
vt 0.9747 0.9630
vt 0.9701 0.9558
vt 0.9625 0.9572
vt 0.9579 0.9633
vt 0.9546 0.9698
vt 0.9593 0.9773
vt 0.9666 0.9773
vt 0.9741 0.9759
vt 0.9787 0.9698
vt 0.9820 0.9633
vt 0.9773 0.9558
vt 0.9721 0.9498
vt 0.9645 0.6492
vt 0.9574 0.6515
vt 0.9610 0.6567
vt 0.9618 0.6455
vt 0.9690 0.6431
vt 0.9728 0.6482
vt 0.9766 0.6431
vt 0.9810 0.6492
vt 0.9838 0.6455
vt 0.9882 0.6515
vt 0.9845 0.6567
vt 0.0445 0.9910
vt 0.0465 0.9850
vt 0.0393 0.9850
vt 0.0526 0.9896
vt 0.0541 0.9835
vt 0.0602 0.9850
vt 0.9801 0.6705
vt 0.9861 0.6724
vt 0.9861 0.6649
vt 0.9800 0.6769
vt 0.9728 0.6746
vt 0.4655 0.9709
vt 0.4594 0.9709
vt 0.4608 0.9780
vt 0.4608 0.9637
vt 0.9655 0.6705
vt 0.9656 0.6769
vt 0.9594 0.6724
vt 0.9594 0.6649
vt 0.9640 0.9511
vt 0.9564 0.9558
vt 0.9656 0.6629
vt 0.9684 0.6545
vt 0.9772 0.6545
vt 0.9800 0.6629
vt 0.9728 0.6681
vt 0.9728 0.6605
vt 0.9517 0.9630
vt 0.4536 0.9588
vt 0.4608 0.9575
vt 0.4533 0.9665
vt 0.4533 0.9753
vt 0.4465 0.9709
vt 0.4468 0.9626
vt 0.4468 0.9555
vt 0.4407 0.9599
vt 0.4393 0.9671
vt 0.2572 0.9673
vt 0.2528 0.9612
vt 0.2599 0.9635
vt 0.2490 0.9663
vt 0.2452 0.9612
vt 0.2407 0.9673
vt 0.2380 0.9635
vt 0.2336 0.9696
vt 0.2372 0.9748
vt 0.0521 0.9574
vt 0.0500 0.9634
vt 0.0573 0.9634
vt 0.0440 0.9588
vt 0.0425 0.9649
vt 0.0364 0.9634
vt 0.2417 0.9886
vt 0.2356 0.9905
vt 0.2356 0.9830
vt 0.2418 0.9950
vt 0.2490 0.9927
vt 0.9874 0.0604
vt 0.9813 0.0604
vt 0.9828 0.0532
vt 0.9828 0.0676
vt 0.2562 0.9886
vt 0.2561 0.9950
vt 0.2623 0.9905
vt 0.2623 0.9830
vt 0.9726 0.9820
vt 0.9802 0.9773
vt 0.9645 0.9834
vt 0.2644 0.9696
vt 0.2607 0.9748
vt 0.9532 0.9759
vt 0.2534 0.9726
vt 0.2446 0.9726
vt 0.2418 0.9810
vt 0.2490 0.9862
vt 0.2561 0.9810
vt 0.2490 0.9786
vt 0.9849 0.9701
vt 0.9755 0.0725
vt 0.9828 0.0738
vt 0.9752 0.0648
vt 0.9752 0.0560
vt 0.9684 0.0604
vt 0.9687 0.0687
vt 0.9687 0.0758
vt 0.9627 0.0714
vt 0.9612 0.0642
vt 0.9612 0.0566
vt 0.9687 0.0522
vt 0.9627 0.0494
vt 0.9687 0.0450
vt 0.0346 0.9774
vt 0.0332 0.9835
vt 0.0419 0.9777
vt 0.0503 0.9774
vt 0.0587 0.9774
vt 0.0649 0.9777
vt 0.4536 0.9830
vt 0.4608 0.9842
vt 0.4468 0.9791
vt 0.4468 0.9863
vt 0.0620 0.9709
vt 0.0546 0.9706
vt 0.0634 0.9649
vt 0.4407 0.9819
vt 0.4393 0.9747
vt 0.0463 0.9709
vt 0.0379 0.9709
vt 0.0317 0.9706
vt 0.9755 0.0483
vt 0.9828 0.0471
vt 0.9834 0.9572
vt 0.7796 0.8909
vt 0.7836 0.8974
vt 0.7753 0.8977
vt 0.7880 0.8906
vt 0.7834 0.8834
vt 0.7759 0.8849
vt 0.7712 0.8909
vt 0.7680 0.8974
vt 0.7726 0.9050
vt 0.7799 0.9050
vt 0.7874 0.9035
vt 0.7921 0.8974
vt 0.7953 0.8909
vt 0.7907 0.8834
vt 0.7855 0.8774
vt 0.2312 0.8892
vt 0.2241 0.8915
vt 0.2277 0.8967
vt 0.2285 0.8855
vt 0.2356 0.8831
vt 0.2395 0.8882
vt 0.2433 0.8831
vt 0.2477 0.8892
vt 0.2504 0.8855
vt 0.2549 0.8915
vt 0.2512 0.8967
vt 0.3454 0.9167
vt 0.3475 0.9107
vt 0.3402 0.9107
vt 0.3536 0.9153
vt 0.3550 0.9092
vt 0.3611 0.9107
vt 0.2467 0.9105
vt 0.2528 0.9124
vt 0.2528 0.9049
vt 0.2466 0.9169
vt 0.2395 0.9146
vt 0.0312 0.9023
vt 0.0251 0.9023
vt 0.0266 0.9095
vt 0.0266 0.8952
vt 0.2322 0.9105
vt 0.2323 0.9169
vt 0.2261 0.9124
vt 0.2261 0.9049
vt 0.7773 0.8788
vt 0.7698 0.8834
vt 0.2323 0.9029
vt 0.2350 0.8945
vt 0.2439 0.8945
vt 0.2466 0.9029
vt 0.2395 0.9081
vt 0.2395 0.9005
vt 0.7650 0.8906
vt 0.0193 0.8902
vt 0.0266 0.8890
vt 0.0190 0.8979
vt 0.0190 0.9067
vt 0.0122 0.9023
vt 0.0125 0.8941
vt 0.0125 0.8869
vt 0.0065 0.8914
vt 0.0050 0.8985
vt 0.0629 0.8930
vt 0.0585 0.8869
vt 0.0657 0.8893
vt 0.0547 0.8920
vt 0.0509 0.8869
vt 0.0464 0.8930
vt 0.0437 0.8893
vt 0.0393 0.8953
vt 0.0429 0.9005
vt 0.3531 0.8831
vt 0.3510 0.8891
vt 0.3583 0.8891
vt 0.3449 0.8845
vt 0.3435 0.8906
vt 0.3374 0.8891
vt 0.0474 0.9144
vt 0.0413 0.9162
vt 0.0413 0.9087
vt 0.0475 0.9207
vt 0.0547 0.9184
vt 0.7303 0.7633
vt 0.7242 0.7633
vt 0.7256 0.7561
vt 0.7256 0.7704
vt 0.0620 0.9144
vt 0.0618 0.9207
vt 0.0680 0.9162
vt 0.0680 0.9087
vt 0.7860 0.9096
vt 0.7935 0.9050
vt 0.7778 0.9110
vt 0.0701 0.8953
vt 0.0664 0.9005
vt 0.7665 0.9035
vt 0.0591 0.8983
vt 0.0503 0.8983
vt 0.0475 0.9067
vt 0.0547 0.9119
vt 0.0618 0.9067
vt 0.0547 0.9044
vt 0.7983 0.8977
vt 0.7184 0.7753
vt 0.7256 0.7766
vt 0.7181 0.7677
vt 0.7181 0.7588
vt 0.7113 0.7633
vt 0.7116 0.7715
vt 0.7116 0.7787
vt 0.7055 0.7742
vt 0.7041 0.7671
vt 0.7041 0.7594
vt 0.7116 0.7550
vt 0.7055 0.7523
vt 0.7116 0.7479
vt 0.3356 0.9032
vt 0.3342 0.9092
vt 0.3429 0.9034
vt 0.3513 0.9032
vt 0.3597 0.9032
vt 0.3659 0.9034
vt 0.0193 0.9144
vt 0.0266 0.9157
vt 0.0125 0.9106
vt 0.0125 0.9177
vt 0.3629 0.8966
vt 0.3556 0.8964
vt 0.3643 0.8906
vt 0.0065 0.9133
vt 0.0050 0.9061
vt 0.3472 0.8966
vt 0.3388 0.8966
vt 0.3326 0.8964
vt 0.7184 0.7512
vt 0.7256 0.7499
vt 0.7967 0.8849
vt 0.9225 0.3595
vt 0.9265 0.3660
vt 0.9181 0.3663
vt 0.9308 0.3592
vt 0.9262 0.3520
vt 0.9187 0.3534
vt 0.9141 0.3595
vt 0.9108 0.3660
vt 0.9155 0.3735
vt 0.9227 0.3735
vt 0.9303 0.3721
vt 0.9349 0.3660
vt 0.9382 0.3595
vt 0.9335 0.3520
vt 0.9283 0.3460
vt 0.9188 0.2949
vt 0.9117 0.2972
vt 0.9153 0.3024
vt 0.9161 0.2912
vt 0.9233 0.2888
vt 0.9271 0.2939
vt 0.9309 0.2888
vt 0.9353 0.2949
vt 0.9380 0.2912
vt 0.9425 0.2972
vt 0.9388 0.3024
vt 0.4045 0.9434
vt 0.4065 0.9373
vt 0.3993 0.9373
vt 0.4126 0.9420
vt 0.4141 0.9359
vt 0.4202 0.9373
vt 0.9343 0.3163
vt 0.9404 0.3181
vt 0.9404 0.3106
vt 0.9342 0.3226
vt 0.9271 0.3203
vt 0.8884 0.9252
vt 0.8823 0.9252
vt 0.8837 0.9323
vt 0.8837 0.9180
vt 0.9198 0.3163
vt 0.9199 0.3226
vt 0.9137 0.3181
vt 0.9137 0.3106
vt 0.9202 0.3473
vt 0.9126 0.3520
vt 0.9199 0.3086
vt 0.9227 0.3002
vt 0.9315 0.3002
vt 0.9342 0.3086
vt 0.9271 0.3138
vt 0.9271 0.3063
vt 0.9079 0.3592
vt 0.8765 0.9131
vt 0.8837 0.9118
vt 0.8762 0.9208
vt 0.8762 0.9296
vt 0.8694 0.9252
vt 0.8697 0.9169
vt 0.8697 0.9098
vt 0.8636 0.9142
vt 0.8622 0.9213
vt 0.4553 0.9197
vt 0.4509 0.9136
vt 0.4580 0.9159
vt 0.4471 0.9187
vt 0.4432 0.9136
vt 0.4388 0.9197
vt 0.4361 0.9159
vt 0.4317 0.9220
vt 0.4353 0.9272
vt 0.4121 0.9098
vt 0.4100 0.9158
vt 0.4173 0.9158
vt 0.4040 0.9111
vt 0.4025 0.9172
vt 0.3964 0.9158
vt 0.4398 0.9410
vt 0.4337 0.9429
vt 0.4337 0.9354
vt 0.4399 0.9474
vt 0.4471 0.9451
vt 0.9417 0.4909
vt 0.9356 0.4909
vt 0.9370 0.4837
vt 0.9370 0.4980
vt 0.4543 0.9410
vt 0.4542 0.9474
vt 0.4604 0.9429
vt 0.4604 0.9354
vt 0.9288 0.3782
vt 0.9364 0.3735
vt 0.9207 0.3796
vt 0.4625 0.9220
vt 0.4588 0.9272
vt 0.9094 0.3721
vt 0.4515 0.9249
vt 0.4427 0.9249
vt 0.4399 0.9333
vt 0.4471 0.9385
vt 0.4542 0.9333
vt 0.4471 0.9310
vt 0.9411 0.3663
vt 0.9298 0.5030
vt 0.9370 0.5042
vt 0.9295 0.4953
vt 0.9295 0.4865
vt 0.9227 0.4909
vt 0.9230 0.4991
vt 0.9230 0.5063
vt 0.9169 0.5018
vt 0.9155 0.4947
vt 0.9155 0.4871
vt 0.9230 0.4826
vt 0.9169 0.4799
vt 0.9230 0.4755
vt 0.3946 0.9298
vt 0.3932 0.9359
vt 0.4019 0.9301
vt 0.4103 0.9298
vt 0.4187 0.9298
vt 0.4249 0.9301
vt 0.8765 0.9373
vt 0.8837 0.9385
vt 0.8697 0.9334
vt 0.8697 0.9406
vt 0.4220 0.9233
vt 0.4146 0.9230
vt 0.4234 0.9172
vt 0.8636 0.9361
vt 0.8622 0.9290
vt 0.4063 0.9233
vt 0.3979 0.9233
vt 0.3917 0.9230
vt 0.9298 0.4788
vt 0.9370 0.4775
vt 0.9396 0.3534
vt 0.1491 0.2126
vt 0.1499 0.2127
vt 0.1499 0.2361
vt 0.1491 0.2361
vt 0.1508 0.2361
vt 0.1508 0.2126
vt 0.1317 0.0631
vt 0.1317 0.0623
vt 0.1330 0.0623
vt 0.1330 0.0631
vt 0.1305 0.0631
vt 0.1305 0.0623
vt 0.1218 0.0631
vt 0.1218 0.0623
vt 0.1205 0.0631
vt 0.1205 0.0623
vt 0.1193 0.0631
vt 0.1193 0.0623
vt 0.0928 0.2993
vt 0.0940 0.2981
vt 0.0736 0.2981
vt 0.0736 0.2993
vt 0.0947 0.2969
vt 0.0736 0.2969
vt 0.0736 0.2882
vt 0.0947 0.2882
vt 0.1305 0.0615
vt 0.1218 0.0615
vt 0.1218 0.0602
vt 0.1305 0.0602
vt 0.1317 0.0615
vt 0.1330 0.0615
vt 0.1317 0.0602
vt 0.1479 0.2361
vt 0.1479 0.2137
vt 0.0736 0.2869
vt 0.0960 0.2869
vt 0.1205 0.0615
vt 0.1193 0.0615
vt 0.1193 0.0602
vt 0.1205 0.0602
vt 0.3631 0.2926
vt 0.3631 0.2939
vt 0.3618 0.2939
vt 0.3618 0.2926
vt 0.3618 0.2951
vt 0.3631 0.2951
vt 0.3407 0.2951
vt 0.3413 0.2939
vt 0.3426 0.2926
vt 0.3407 0.3038
vt 0.3618 0.3038
vt 0.3631 0.3038
vt 0.3618 0.3051
vt 0.3631 0.3051
vt 0.3394 0.3051
vt 0.3618 0.3063
vt 0.3383 0.3063
vt 0.0939 0.2386
vt 0.0947 0.2385
vt 0.0947 0.2183
vt 0.0939 0.2183
vt 0.0955 0.2386
vt 0.0955 0.2183
vt 0.0968 0.2388
vt 0.0968 0.2196
vt 0.0926 0.2388
vt 0.0926 0.2196
vt 0.8863 0.3119
vt 0.8903 0.3184
vt 0.8820 0.3187
vt 0.8947 0.3116
vt 0.8901 0.3044
vt 0.8825 0.3058
vt 0.8779 0.3119
vt 0.8746 0.3184
vt 0.8793 0.3259
vt 0.8866 0.3259
vt 0.8941 0.3245
vt 0.8987 0.3184
vt 0.9020 0.3119
vt 0.8973 0.3044
vt 0.8921 0.2983
vt 0.8788 0.3463
vt 0.8717 0.3487
vt 0.8753 0.3539
vt 0.8761 0.3426
vt 0.8833 0.3402
vt 0.8871 0.3453
vt 0.8909 0.3402
vt 0.8953 0.3463
vt 0.8980 0.3426
vt 0.9025 0.3487
vt 0.8988 0.3539
vt 0.3892 0.9053
vt 0.3913 0.8993
vt 0.3840 0.8993
vt 0.3974 0.9039
vt 0.3988 0.8978
vt 0.4049 0.8993
vt 0.8943 0.3677
vt 0.9004 0.3695
vt 0.9004 0.3620
vt 0.8942 0.3740
vt 0.8871 0.3717
vt 0.8979 0.3976
vt 0.8918 0.3976
vt 0.8932 0.4047
vt 0.8932 0.3904
vt 0.8798 0.3677
vt 0.8799 0.3740
vt 0.8737 0.3695
vt 0.8737 0.3620
vt 0.8840 0.2997
vt 0.8764 0.3044
vt 0.8799 0.3600
vt 0.8827 0.3516
vt 0.8915 0.3516
vt 0.8942 0.3600
vt 0.8871 0.3652
vt 0.8871 0.3577
vt 0.8717 0.3116
vt 0.8860 0.3855
vt 0.8932 0.3842
vt 0.8857 0.3931
vt 0.8857 0.4020
vt 0.8789 0.3976
vt 0.8792 0.3893
vt 0.8792 0.3821
vt 0.8731 0.3866
vt 0.8717 0.3937
vt 0.4401 0.8778
vt 0.4357 0.8717
vt 0.4428 0.8740
vt 0.4318 0.8768
vt 0.4280 0.8717
vt 0.4236 0.8778
vt 0.4209 0.8740
vt 0.4164 0.8801
vt 0.4201 0.8853
vt 0.3969 0.8717
vt 0.3948 0.8777
vt 0.4021 0.8777
vt 0.3887 0.8730
vt 0.3873 0.8791
vt 0.3812 0.8777
vt 0.4246 0.8991
vt 0.4185 0.9010
vt 0.4185 0.8935
vt 0.4247 0.9055
vt 0.4318 0.9032
vt 0.8979 0.4356
vt 0.8918 0.4356
vt 0.8932 0.4285
vt 0.8932 0.4428
vt 0.4391 0.8991
vt 0.4390 0.9055
vt 0.4452 0.9010
vt 0.4452 0.8935
vt 0.8926 0.3306
vt 0.9002 0.3259
vt 0.8845 0.3319
vt 0.4472 0.8801
vt 0.4436 0.8853
vt 0.8732 0.3245
vt 0.4363 0.8830
vt 0.4274 0.8830
vt 0.4247 0.8914
vt 0.4318 0.8966
vt 0.4390 0.8914
vt 0.4318 0.8891
vt 0.9049 0.3187
vt 0.8860 0.4477
vt 0.8932 0.4490
vt 0.8857 0.4401
vt 0.8857 0.4312
vt 0.8789 0.4356
vt 0.8792 0.4439
vt 0.8792 0.4511
vt 0.8731 0.4466
vt 0.8717 0.4395
vt 0.8717 0.4318
vt 0.8792 0.4274
vt 0.8731 0.4247
vt 0.8792 0.4202
vt 0.3794 0.8917
vt 0.3780 0.8978
vt 0.3867 0.8920
vt 0.3951 0.8917
vt 0.4035 0.8917
vt 0.4097 0.8920
vt 0.8860 0.4096
vt 0.8932 0.4109
vt 0.8792 0.4058
vt 0.8792 0.4130
vt 0.4067 0.8852
vt 0.3994 0.8849
vt 0.4082 0.8791
vt 0.8731 0.4085
vt 0.8717 0.4014
vt 0.3910 0.8852
vt 0.3826 0.8852
vt 0.3764 0.8849
vt 0.8860 0.4236
vt 0.8932 0.4223
vt 0.9034 0.3058
vt 0.8806 0.7462
vt 0.8846 0.7527
vt 0.8762 0.7530
vt 0.8889 0.7459
vt 0.8843 0.7386
vt 0.8768 0.7401
vt 0.8722 0.7462
vt 0.8689 0.7527
vt 0.8736 0.7602
vt 0.8808 0.7602
vt 0.8884 0.7588
vt 0.8930 0.7527
vt 0.8963 0.7462
vt 0.8916 0.7386
vt 0.8864 0.7326
vt 0.8731 0.7806
vt 0.8660 0.7829
vt 0.8696 0.7882
vt 0.8704 0.7769
vt 0.8775 0.7745
vt 0.8814 0.7796
vt 0.8852 0.7745
vt 0.8896 0.7806
vt 0.8923 0.7769
vt 0.8968 0.7829
vt 0.8931 0.7882
vt 0.8788 0.8500
vt 0.8808 0.8440
vt 0.8736 0.8440
vt 0.8869 0.8487
vt 0.8884 0.8426
vt 0.8944 0.8440
vt 0.8886 0.8020
vt 0.8947 0.8038
vt 0.8947 0.7963
vt 0.8885 0.8083
vt 0.8814 0.8060
vt 0.8941 0.1975
vt 0.8880 0.1975
vt 0.8894 0.2047
vt 0.8894 0.1904
vt 0.8741 0.8020
vt 0.8742 0.8083
vt 0.8680 0.8038
vt 0.8680 0.7963
vt 0.8783 0.7340
vt 0.8707 0.7386
vt 0.8742 0.7943
vt 0.8769 0.7859
vt 0.8858 0.7859
vt 0.8885 0.7943
vt 0.8814 0.7995
vt 0.8814 0.7920
vt 0.8660 0.7459
vt 0.8822 0.1855
vt 0.8894 0.1842
vt 0.8819 0.1931
vt 0.8819 0.2020
vt 0.8751 0.1975
vt 0.8754 0.1893
vt 0.8754 0.1821
vt 0.8693 0.1866
vt 0.8679 0.1937
vt 0.8915 0.2263
vt 0.8871 0.2202
vt 0.8942 0.2226
vt 0.8833 0.2253
vt 0.8794 0.2202
vt 0.8750 0.2263
vt 0.8723 0.2226
vt 0.8679 0.2287
vt 0.8715 0.2339
vt 0.8864 0.8164
vt 0.8843 0.8225
vt 0.8916 0.8225
vt 0.8783 0.8178
vt 0.8768 0.8239
vt 0.8707 0.8225
vt 0.8760 0.2477
vt 0.8699 0.2495
vt 0.8699 0.2420
vt 0.8761 0.2540
vt 0.8833 0.2517
vt 0.8941 0.2776
vt 0.8880 0.2776
vt 0.8894 0.2704
vt 0.8894 0.2847
vt 0.8905 0.2477
vt 0.8904 0.2540
vt 0.8966 0.2495
vt 0.8966 0.2420
vt 0.8869 0.7649
vt 0.8944 0.7602
vt 0.8788 0.7662
vt 0.8987 0.2287
vt 0.8950 0.2339
vt 0.8675 0.7588
vt 0.8877 0.2316
vt 0.8788 0.2316
vt 0.8761 0.2400
vt 0.8833 0.2452
vt 0.8904 0.2400
vt 0.8833 0.2377
vt 0.8992 0.7530
vt 0.8822 0.2896
vt 0.8894 0.2909
vt 0.8819 0.2820
vt 0.8819 0.2731
vt 0.8751 0.2776
vt 0.8754 0.2858
vt 0.8754 0.2930
vt 0.8693 0.2885
vt 0.8679 0.2814
vt 0.8679 0.2737
vt 0.8754 0.2693
vt 0.8693 0.2666
vt 0.8754 0.2621
vt 0.8689 0.8365
vt 0.8675 0.8426
vt 0.8762 0.8368
vt 0.8846 0.8365
vt 0.8930 0.8365
vt 0.8992 0.8368
vt 0.8822 0.2096
vt 0.8894 0.2109
vt 0.8754 0.2058
vt 0.8754 0.2130
vt 0.8963 0.8300
vt 0.8889 0.8297
vt 0.8977 0.8239
vt 0.8693 0.2085
vt 0.8679 0.2014
vt 0.8806 0.8300
vt 0.8722 0.8300
vt 0.8660 0.8297
vt 0.8822 0.2655
vt 0.8894 0.2642
vt 0.8977 0.7401
vt 0.9301 0.1290
vt 0.9341 0.1355
vt 0.9258 0.1358
vt 0.9385 0.1287
vt 0.9339 0.1215
vt 0.9263 0.1229
vt 0.9217 0.1290
vt 0.9184 0.1355
vt 0.9231 0.1431
vt 0.9304 0.1431
vt 0.9379 0.1416
vt 0.9425 0.1355
vt 0.9458 0.1290
vt 0.9411 0.1215
vt 0.9359 0.1155
vt 0.9264 0.6644
vt 0.9193 0.6668
vt 0.9229 0.6720
vt 0.9237 0.6607
vt 0.9309 0.6583
vt 0.9347 0.6634
vt 0.9385 0.6583
vt 0.9429 0.6644
vt 0.9457 0.6607
vt 0.9501 0.6668
vt 0.9465 0.6720
vt 0.9283 0.2443
vt 0.9304 0.2383
vt 0.9231 0.2383
vt 0.9365 0.2429
vt 0.9379 0.2368
vt 0.9440 0.2383
vt 0.9420 0.6858
vt 0.9480 0.6876
vt 0.9480 0.6801
vt 0.9419 0.6921
vt 0.9347 0.6898
vt 0.2826 0.9309
vt 0.2765 0.9309
vt 0.2780 0.9380
vt 0.2780 0.9237
vt 0.9274 0.6858
vt 0.9275 0.6921
vt 0.9214 0.6876
vt 0.9214 0.6801
vt 0.9278 0.1168
vt 0.9203 0.1215
vt 0.9275 0.6781
vt 0.9303 0.6697
vt 0.9391 0.6697
vt 0.9419 0.6781
vt 0.9347 0.6833
vt 0.9347 0.6758
vt 0.9155 0.1287
vt 0.2708 0.9188
vt 0.2780 0.9175
vt 0.2705 0.9265
vt 0.2705 0.9353
vt 0.2637 0.9309
vt 0.2640 0.9226
vt 0.2640 0.9155
vt 0.2579 0.9199
vt 0.2564 0.9271
vt 0.7810 0.9254
vt 0.7766 0.9193
vt 0.7838 0.9216
vt 0.7728 0.9244
vt 0.7690 0.9193
vt 0.7645 0.9254
vt 0.7618 0.9216
vt 0.7574 0.9277
vt 0.7610 0.9329
vt 0.9359 0.2107
vt 0.9339 0.2167
vt 0.9411 0.2167
vt 0.9278 0.2121
vt 0.9263 0.2182
vt 0.9203 0.2167
vt 0.7655 0.9467
vt 0.7594 0.9486
vt 0.7594 0.9411
vt 0.7656 0.9531
vt 0.7728 0.9508
vt 0.9474 0.1728
vt 0.9413 0.1728
vt 0.9428 0.1656
vt 0.9428 0.1799
vt 0.7801 0.9467
vt 0.7799 0.9531
vt 0.7861 0.9486
vt 0.7861 0.9411
vt 0.9365 0.1477
vt 0.9440 0.1431
vt 0.9283 0.1491
vt 0.7882 0.9277
vt 0.7845 0.9329
vt 0.9170 0.1416
vt 0.7772 0.9306
vt 0.7684 0.9306
vt 0.7656 0.9391
vt 0.7728 0.9443
vt 0.7799 0.9391
vt 0.7728 0.9367
vt 0.9487 0.1358
vt 0.9355 0.1849
vt 0.9428 0.1861
vt 0.9352 0.1772
vt 0.9352 0.1684
vt 0.9284 0.1728
vt 0.9287 0.1810
vt 0.9287 0.1882
vt 0.9227 0.1838
vt 0.9212 0.1766
vt 0.9212 0.1690
vt 0.9287 0.1645
vt 0.9227 0.1618
vt 0.9287 0.1574
vt 0.9184 0.2308
vt 0.9170 0.2368
vt 0.9258 0.2311
vt 0.9341 0.2308
vt 0.9425 0.2308
vt 0.9487 0.2311
vt 0.2708 0.9430
vt 0.2780 0.9442
vt 0.2640 0.9391
vt 0.2640 0.9463
vt 0.9458 0.2243
vt 0.9385 0.2240
vt 0.9472 0.2182
vt 0.2579 0.9419
vt 0.2564 0.9347
vt 0.9301 0.2243
vt 0.9217 0.2243
vt 0.9155 0.2240
vt 0.9355 0.1607
vt 0.9428 0.1594
vt 0.9472 0.1229
vt 0.7682 0.6547
vt 0.7722 0.6612
vt 0.7639 0.6615
vt 0.7766 0.6545
vt 0.7720 0.6472
vt 0.7644 0.6487
vt 0.7598 0.6547
vt 0.7565 0.6612
vt 0.7612 0.6688
vt 0.7685 0.6688
vt 0.7760 0.6673
vt 0.7806 0.6612
vt 0.7839 0.6547
vt 0.7792 0.6472
vt 0.7740 0.6412
vt 0.7626 0.0358
vt 0.7555 0.0382
vt 0.7591 0.0434
vt 0.7599 0.0321
vt 0.7671 0.0298
vt 0.7709 0.0348
vt 0.7747 0.0298
vt 0.7791 0.0358
vt 0.7819 0.0321
vt 0.7863 0.0382
vt 0.7826 0.0434
vt 0.7683 0.2767
vt 0.7704 0.2707
vt 0.7631 0.2707
vt 0.7764 0.2753
vt 0.7779 0.2692
vt 0.7840 0.2707
vt 0.7782 0.0572
vt 0.7842 0.0591
vt 0.7842 0.0515
vt 0.7780 0.0636
vt 0.7709 0.0612
vt 0.7836 0.3595
vt 0.7775 0.3595
vt 0.7789 0.3666
vt 0.7789 0.3523
vt 0.7636 0.0572
vt 0.7637 0.0636
vt 0.7575 0.0591
vt 0.7575 0.0515
vt 0.7659 0.6426
vt 0.7583 0.6472
vt 0.7637 0.0495
vt 0.7665 0.0411
vt 0.7753 0.0411
vt 0.7780 0.0495
vt 0.7709 0.0547
vt 0.7709 0.0472
vt 0.7536 0.6545
vt 0.7717 0.3474
vt 0.7789 0.3461
vt 0.7714 0.3550
vt 0.7714 0.3639
vt 0.7646 0.3595
vt 0.7649 0.3512
vt 0.7649 0.3441
vt 0.7588 0.3485
vt 0.7574 0.3556
vt 0.1506 0.7730
vt 0.1461 0.7669
vt 0.1533 0.7693
vt 0.1423 0.7720
vt 0.1385 0.7669
vt 0.1341 0.7730
vt 0.1313 0.7693
vt 0.1269 0.7753
vt 0.1306 0.7805
vt 0.7759 0.2431
vt 0.7739 0.2491
vt 0.7811 0.2491
vt 0.7678 0.2445
vt 0.7663 0.2506
vt 0.7603 0.2491
vt 0.1350 0.7944
vt 0.1290 0.7962
vt 0.1290 0.7887
vt 0.1352 0.8007
vt 0.1423 0.7984
vt 0.7855 0.6985
vt 0.7794 0.6985
vt 0.7809 0.6914
vt 0.7809 0.7057
vt 0.1496 0.7944
vt 0.1495 0.8007
vt 0.1557 0.7962
vt 0.1557 0.7887
vt 0.7745 0.6734
vt 0.7821 0.6688
vt 0.7664 0.6748
vt 0.1577 0.7753
vt 0.1541 0.7805
vt 0.7551 0.6673
vt 0.1467 0.7783
vt 0.1379 0.7783
vt 0.1352 0.7867
vt 0.1423 0.7919
vt 0.1495 0.7867
vt 0.1423 0.7844
vt 0.7868 0.6615
vt 0.7736 0.7106
vt 0.7809 0.7119
vt 0.7733 0.7029
vt 0.7733 0.6941
vt 0.7665 0.6985
vt 0.7668 0.7068
vt 0.7668 0.7139
vt 0.7607 0.7095
vt 0.7593 0.7023
vt 0.7593 0.6947
vt 0.7668 0.6903
vt 0.7607 0.6875
vt 0.7668 0.6831
vt 0.7584 0.2632
vt 0.7570 0.2692
vt 0.7658 0.2634
vt 0.7741 0.2632
vt 0.7825 0.2632
vt 0.7887 0.2634
vt 0.7717 0.3715
vt 0.7789 0.3728
vt 0.7649 0.3677
vt 0.7649 0.3749
vt 0.7858 0.2566
vt 0.7785 0.2564
vt 0.7872 0.2506
vt 0.7588 0.3704
vt 0.7574 0.3633
vt 0.7701 0.2566
vt 0.7617 0.2566
vt 0.7555 0.2564
vt 0.7736 0.6864
vt 0.7809 0.6852
vt 0.7853 0.6487
vt 0.2690 0.2564
vt 0.2668 0.2924
vt 0.3063 0.2924
vt 0.3063 0.2564
vt 0.2762 0.0547
vt 0.2762 0.0187
vt 0.3157 0.0187
vt 0.3135 0.0547
vt 0.2677 0.0547
vt 0.2676 0.0187
vt 0.2598 0.0547
vt 0.2595 0.0187
vt 0.2531 0.0547
vt 0.2526 0.0187
vt 0.1652 0.6027
vt 0.1292 0.6024
vt 0.1292 0.5955
vt 0.1652 0.5959
vt 0.1652 0.6106
vt 0.1292 0.6104
vt 0.1652 0.6190
vt 0.1292 0.6190
vt 0.1652 0.6275
vt 0.1292 0.6277
vt 0.1652 0.6354
vt 0.1292 0.6357
vt 0.1652 0.6422
vt 0.1292 0.6426
vt 0.3227 0.2564
vt 0.3230 0.2924
vt 0.3299 0.2924
vt 0.3295 0.2564
vt 0.3148 0.2564
vt 0.3150 0.2924
vt 0.3150 0.2937
vt 0.3063 0.2937
vt 0.3230 0.2937
vt 0.3299 0.2937
vt 0.1279 0.6357
vt 0.1279 0.6426
vt 0.1279 0.6277
vt 0.1279 0.6190
vt 0.1279 0.6104
vt 0.1279 0.6024
vt 0.1279 0.5955
vt 0.2595 0.0174
vt 0.2526 0.0174
vt 0.2676 0.0174
vt 0.2762 0.0174
vt 0.3158 0.0174
vt 0.3170 0.0174
vt 0.2655 0.2937
vt 0.2667 0.2937
vt 0.3238 0.0174
vt 0.3180 0.0174
vt 0.3180 0.0050
vt 0.3238 0.0050
vt 0.2762 0.0050
vt 0.2645 0.2937
vt 0.2645 0.3061
vt 0.3063 0.3061
vt 0.2588 0.2937
vt 0.2588 0.3061
vt 0.2503 0.2937
vt 0.2503 0.3061
vt 0.2586 0.3061
vt 0.2423 0.2937
vt 0.2423 0.3061
vt 0.2355 0.2937
vt 0.2355 0.3061
vt 0.3479 0.1040
vt 0.3479 0.1109
vt 0.3603 0.1109
vt 0.3603 0.1040
vt 0.3479 0.1189
vt 0.3603 0.1189
vt 0.3479 0.1275
vt 0.3603 0.1275
vt 0.3479 0.1361
vt 0.3603 0.1361
vt 0.3479 0.1441
vt 0.3603 0.1441
vt 0.3479 0.1509
vt 0.3603 0.1509
vt 0.3470 0.0174
vt 0.3402 0.0174
vt 0.3402 0.0050
vt 0.3470 0.0050
vt 0.3322 0.0174
vt 0.3322 0.0050
vt 0.3239 0.0050
vt 0.3150 0.3061
vt 0.2676 0.0050
vt 0.2595 0.0050
vt 0.2526 0.0050
vt 0.1155 0.6024
vt 0.1155 0.5955
vt 0.1155 0.6104
vt 0.1155 0.6190
vt 0.1155 0.6277
vt 0.1155 0.6357
vt 0.1155 0.6426
vt 0.3230 0.3061
vt 0.3299 0.3061
vt 0.7001 0.3952
vt 0.4774 0.4022
vt 0.4774 0.3712
vt 0.5134 0.3706
vt 0.7001 0.3675
vt 0.7001 0.4189
vt 0.4774 0.4289
vt 0.1533 0.5363
vt 0.1603 0.3136
vt 0.1869 0.3136
vt 0.1770 0.5363
vt 0.1256 0.5363
vt 0.1293 0.3136
vt 0.0960 0.5363
vt 0.0960 0.3136
vt 0.0663 0.5363
vt 0.0627 0.3136
vt 0.0387 0.5363
vt 0.0316 0.3136
vt 0.0150 0.5363
vt 0.0050 0.3136
vt 0.4346 0.4806
vt 0.6573 0.4736
vt 0.6573 0.4469
vt 0.4346 0.4569
vt 0.4346 0.5082
vt 0.6573 0.5046
vt 0.4346 0.5379
vt 0.6573 0.5379
vt 0.4346 0.5675
vt 0.6573 0.5712
vt 0.4346 0.5952
vt 0.6573 0.6022
vt 0.4346 0.6189
vt 0.6573 0.6289
vt 0.5914 0.0174
vt 0.5984 0.2401
vt 0.6251 0.2401
vt 0.6151 0.0174
vt 0.5637 0.0174
vt 0.5674 0.2401
vt 0.5341 0.0174
vt 0.5341 0.2401
vt 0.5044 0.0174
vt 0.5008 0.2401
vt 0.4768 0.0174
vt 0.4697 0.2401
vt 0.4531 0.0174
vt 0.4431 0.2401
vt 0.7001 0.2806
vt 0.4774 0.2736
vt 0.4774 0.2469
vt 0.7001 0.2569
vt 0.5134 0.3052
vt 0.4774 0.3046
vt 0.7001 0.3082
vt 0.0741 0.2498
vt 0.1051 0.2627
vt 0.1048 0.2640
vt 0.0734 0.2510
vt 0.1042 0.2661
vt 0.0723 0.2529
vt 0.1039 0.2673
vt 0.0717 0.2539
vt 0.1726 0.2661
vt 0.2045 0.2529
vt 0.2051 0.2539
vt 0.1729 0.2673
vt 0.1721 0.2640
vt 0.2034 0.2510
vt 0.1717 0.2627
vt 0.2027 0.2498
vt 0.1717 0.2628
vt 0.1702 0.2647
vt 0.1700 0.2650
vt 0.1738 0.2706
vt 0.1715 0.2707
vt 0.1726 0.2798
vt 0.1704 0.2792
vt 0.1691 0.2883
vt 0.1671 0.2872
vt 0.1635 0.2956
vt 0.1618 0.2940
vt 0.1561 0.3013
vt 0.1550 0.2993
vt 0.1476 0.3048
vt 0.1470 0.3026
vt 0.1384 0.3060
vt 0.1384 0.3037
vt 0.1292 0.3048
vt 0.1298 0.3026
vt 0.1207 0.3013
vt 0.1218 0.2993
vt 0.1134 0.2956
vt 0.1150 0.2940
vt 0.1077 0.2883
vt 0.1097 0.2872
vt 0.1042 0.2798
vt 0.1064 0.2792
vt 0.1030 0.2706
vt 0.1053 0.2707
vt 0.1068 0.2650
vt 0.1717 0.2232
vt 0.1051 0.2232
vt 0.1066 0.2647
vt 0.1051 0.2628
vt 0.2303 0.2303
vt 0.2294 0.2294
vt 0.2319 0.2319
vt 0.2327 0.2327
vt 0.2529 0.2045
vt 0.2539 0.2051
vt 0.2510 0.2034
vt 0.2498 0.2027
vt 0.2640 0.1721
vt 0.2627 0.1717
vt 0.2661 0.1726
vt 0.2673 0.1729
vt 0.2706 0.1384
vt 0.2718 0.1384
vt 0.2684 0.1384
vt 0.2671 0.1384
vt 0.2640 0.1048
vt 0.2627 0.1051
vt 0.2661 0.1042
vt 0.2673 0.1039
vt 0.2529 0.0723
vt 0.2539 0.0717
vt 0.2510 0.0734
vt 0.2498 0.0741
vt 0.2303 0.0465
vt 0.2294 0.0474
vt 0.2319 0.0450
vt 0.2327 0.0441
vt 0.2045 0.0240
vt 0.2051 0.0229
vt 0.2034 0.0258
vt 0.2027 0.0270
vt 0.1721 0.0128
vt 0.1717 0.0141
vt 0.1726 0.0108
vt 0.1729 0.0095
vt 0.1384 0.0063
vt 0.1384 0.0050
vt 0.1384 0.0084
vt 0.1384 0.0098
vt 0.1048 0.0128
vt 0.1051 0.0141
vt 0.1042 0.0108
vt 0.1039 0.0095
vt 0.0723 0.0240
vt 0.0717 0.0229
vt 0.0734 0.0258
vt 0.0741 0.0270
vt 0.0465 0.0465
vt 0.0474 0.0474
vt 0.0450 0.0450
vt 0.0441 0.0441
vt 0.0240 0.0723
vt 0.0229 0.0717
vt 0.0258 0.0734
vt 0.0270 0.0741
vt 0.0128 0.1048
vt 0.0141 0.1051
vt 0.0108 0.1042
vt 0.0095 0.1039
vt 0.0063 0.1384
vt 0.0050 0.1384
vt 0.0084 0.1384
vt 0.0098 0.1384
vt 0.0128 0.1721
vt 0.0141 0.1717
vt 0.0108 0.1726
vt 0.0095 0.1729
vt 0.0240 0.2045
vt 0.0229 0.2051
vt 0.0258 0.2034
vt 0.0270 0.2027
vt 0.0465 0.2303
vt 0.0474 0.2294
vt 0.0450 0.2319
vt 0.0441 0.2327
vt 0.0679 0.5917
vt 0.0778 0.5917
vt 0.0778 0.6193
vt 0.0679 0.6193
vt 0.2422 0.3235
vt 0.2422 0.3136
vt 0.2145 0.3136
vt 0.2145 0.3235
vt 0.2743 0.3235
vt 0.2743 0.3136
vt 0.3089 0.3235
vt 0.3089 0.3136
vt 0.3434 0.3235
vt 0.3434 0.3136
vt 0.3756 0.3235
vt 0.3756 0.3136
vt 0.4032 0.3235
vt 0.4032 0.3136
vt 0.8588 0.8365
vt 0.8488 0.8365
vt 0.8488 0.8642
vt 0.8588 0.8642
vt 0.8588 0.8043
vt 0.8488 0.8043
vt 0.8588 0.7698
vt 0.8488 0.7698
vt 0.8588 0.7353
vt 0.8488 0.7353
vt 0.8588 0.7031
vt 0.8488 0.7031
vt 0.8588 0.6755
vt 0.8488 0.6755
vt 0.2403 0.3307
vt 0.2403 0.3407
vt 0.2126 0.3407
vt 0.2126 0.3307
vt 0.2724 0.3307
vt 0.2724 0.3407
vt 0.3070 0.3307
vt 0.3070 0.3407
vt 0.3415 0.3307
vt 0.3415 0.3407
vt 0.3737 0.3307
vt 0.3737 0.3407
vt 0.4013 0.3307
vt 0.4013 0.3407
vt 0.8450 0.9039
vt 0.8550 0.9039
vt 0.8550 0.9315
vt 0.8450 0.9315
vt 0.8450 0.8717
vt 0.8550 0.8717
vt 0.3710 0.4681
vt 0.4035 0.4547
vt 0.4039 0.4555
vt 0.3712 0.4690
vt 0.3707 0.4669
vt 0.4028 0.4536
vt 0.4314 0.4333
vt 0.4305 0.4324
vt 0.4320 0.4339
vt 0.4329 0.4348
vt 0.4046 0.4566
vt 0.4536 0.4058
vt 0.4546 0.4065
vt 0.4528 0.4054
vt 0.4517 0.4047
vt 0.4662 0.3729
vt 0.4650 0.3726
vt 0.4671 0.3731
vt 0.4683 0.3735
vt 0.4717 0.3380
vt 0.4730 0.3380
vt 0.4708 0.3380
vt 0.4695 0.3380
vt 0.4662 0.3032
vt 0.4650 0.3035
vt 0.4671 0.3029
vt 0.4683 0.3026
vt 0.4536 0.2702
vt 0.4546 0.2696
vt 0.4528 0.2707
vt 0.4517 0.2713
vt 0.4314 0.2428
vt 0.4305 0.2437
vt 0.4320 0.2422
vt 0.4329 0.2413
vt 0.4039 0.2206
vt 0.4046 0.2195
vt 0.4035 0.2214
vt 0.4028 0.2225
vt 0.3710 0.2080
vt 0.3707 0.2092
vt 0.3712 0.2071
vt 0.3716 0.2059
vt 0.3361 0.2024
vt 0.3361 0.2012
vt 0.3361 0.2034
vt 0.3361 0.2046
vt 0.3013 0.2080
vt 0.3016 0.2092
vt 0.3010 0.2071
vt 0.3007 0.2059
vt 0.2683 0.2206
vt 0.2677 0.2195
vt 0.2688 0.2214
vt 0.2694 0.2225
vt 0.2409 0.2428
vt 0.2418 0.2437
vt 0.2403 0.2422
vt 0.2394 0.2413
vt 0.2187 0.2702
vt 0.2176 0.2696
vt 0.2195 0.2707
vt 0.2206 0.2713
vt 0.2061 0.3032
vt 0.2073 0.3035
vt 0.2052 0.3029
vt 0.2040 0.3026
vt 0.2005 0.3380
vt 0.1993 0.3380
vt 0.2015 0.3380
vt 0.2027 0.3380
vt 0.2061 0.3729
vt 0.2073 0.3726
vt 0.2052 0.3731
vt 0.2040 0.3735
vt 0.2187 0.4058
vt 0.2176 0.4065
vt 0.2195 0.4054
vt 0.2206 0.4047
vt 0.2409 0.4333
vt 0.2418 0.4324
vt 0.2403 0.4339
vt 0.2394 0.4348
vt 0.2683 0.4555
vt 0.2677 0.4566
vt 0.2688 0.4547
vt 0.2694 0.4536
vt 0.3013 0.4681
vt 0.3016 0.4669
vt 0.3010 0.4690
vt 0.3007 0.4702
vt 0.3716 0.4702
vt 0.9002 0.6583
vt 0.9114 0.6583
vt 0.9114 0.6913
vt 0.9002 0.6913
vt 0.9022 0.1781
vt 0.9133 0.1781
vt 0.9133 0.2111
vt 0.9022 0.2111
vt 0.9022 0.1498
vt 0.9133 0.1498
vt 0.2429 0.3591
vt 0.2429 0.3479
vt 0.2145 0.3479
vt 0.2145 0.3591
vt 0.2759 0.3591
vt 0.2759 0.3479
vt 0.3113 0.3591
vt 0.3113 0.3479
vt 0.3467 0.3591
vt 0.3467 0.3479
vt 0.3797 0.3591
vt 0.3797 0.3479
vt 0.4081 0.3591
vt 0.4081 0.3479
vt 0.8219 0.5245
vt 0.8107 0.5245
vt 0.8107 0.5528
vt 0.8219 0.5528
vt 0.8219 0.4915
vt 0.8107 0.4915
vt 0.8219 0.4561
vt 0.8107 0.4561
vt 0.8219 0.4206
vt 0.8107 0.4206
vt 0.8219 0.3876
vt 0.8107 0.3876
vt 0.8219 0.3593
vt 0.8107 0.3593
vt 0.2486 0.3669
vt 0.2486 0.3781
vt 0.2202 0.3781
vt 0.2202 0.3669
vt 0.2816 0.3669
vt 0.2816 0.3781
vt 0.3170 0.3669
vt 0.3170 0.3781
vt 0.3524 0.3669
vt 0.3524 0.3781
vt 0.3854 0.3669
vt 0.3854 0.3781
vt 0.4138 0.3669
vt 0.4138 0.3781
vt 0.9114 0.7197
vt 0.9002 0.7197
vt 0.0778 0.6515
vt 0.0679 0.6515
vt 0.7001 0.3379
vt 0.5142 0.3379
vt 0.7125 0.3379
vt 0.7125 0.3660
vt 0.7125 0.3098
vt 0.7125 0.2836
vt 0.7125 0.2611
vt 0.4798 0.0050
vt 0.4573 0.0050
vt 0.5060 0.0050
vt 0.5341 0.0050
vt 0.5622 0.0050
vt 0.5883 0.0050
vt 0.6108 0.0050
vt 0.4221 0.5922
vt 0.4221 0.6146
vt 0.4221 0.5660
vt 0.4221 0.5379
vt 0.4221 0.5098
vt 0.4221 0.4836
vt 0.4221 0.4611
vt 0.0417 0.5487
vt 0.0192 0.5487
vt 0.0679 0.5487
vt 0.0960 0.5487
vt 0.1241 0.5487
vt 0.1502 0.5487
vt 0.1727 0.5487
vt 0.7125 0.3922
vt 0.7125 0.4146
vt 0.5158 0.8907
vt 0.5158 0.8920
vt 0.5191 0.8920
vt 0.5203 0.8907
vt 0.5066 0.8907
vt 0.5066 0.8920
vt 0.4981 0.8907
vt 0.4981 0.8920
vt 0.4907 0.8907
vt 0.4907 0.8920
vt 0.9251 0.6085
vt 0.9239 0.6085
vt 0.9239 0.6012
vt 0.9251 0.6012
vt 0.9251 0.6171
vt 0.9239 0.6171
vt 0.9251 0.6262
vt 0.9239 0.6262
vt 0.9251 0.6354
vt 0.9239 0.6354
vt 0.9251 0.6440
vt 0.9239 0.6440
vt 0.9251 0.6513
vt 0.9239 0.6513
vt 0.3149 0.4527
vt 0.3149 0.4515
vt 0.3222 0.4515
vt 0.3222 0.4527
vt 0.3063 0.4527
vt 0.3063 0.4515
vt 0.2972 0.4527
vt 0.2972 0.4515
vt 0.2926 0.4527
vt 0.2938 0.4515
vt 0.2938 0.4415
vt 0.2972 0.4415
vt 0.2950 0.4403
vt 0.2959 0.4403
vt 0.5158 0.9044
vt 0.5170 0.9032
vt 0.5158 0.9019
vt 0.5191 0.9019
vt 0.5179 0.9032
vt 0.5066 0.9019
vt 0.4981 0.9019
vt 0.4907 0.9019
vt 0.9139 0.6085
vt 0.9139 0.6012
vt 0.9139 0.6171
vt 0.9139 0.6262
vt 0.9139 0.6354
vt 0.9139 0.6440
vt 0.9139 0.6513
vt 0.3149 0.4415
vt 0.3222 0.4415
vt 0.3063 0.4415
vt 0.2972 0.4391
vt 0.3063 0.4391
vt 0.3063 0.4279
vt 0.2972 0.4279
vt 0.3149 0.4279
vt 0.3149 0.4391
vt 0.3222 0.4279
vt 0.3222 0.4391
vt 0.9002 0.6440
vt 0.9114 0.6440
vt 0.9114 0.6513
vt 0.9002 0.6513
vt 0.9002 0.6354
vt 0.9114 0.6354
vt 0.9002 0.6262
vt 0.9114 0.6262
vt 0.9002 0.6171
vt 0.9114 0.6171
vt 0.9002 0.6085
vt 0.9114 0.6085
vt 0.9002 0.6012
vt 0.9114 0.6012
vt 0.4981 0.9156
vt 0.4981 0.9044
vt 0.4907 0.9044
vt 0.4907 0.9156
vt 0.5066 0.9156
vt 0.5066 0.9044
vt 0.5158 0.9156
vt 0.8412 0.7755
vt 0.8394 0.8173
vt 0.7763 0.8173
vt 0.7745 0.7755
vt 0.8410 0.8232
vt 0.8399 0.8315
vt 0.7758 0.8315
vt 0.7748 0.8232
vt 0.7747 0.8231
vt 0.8410 0.8231
vt 0.8366 0.8395
vt 0.7792 0.8395
vt 0.8313 0.8463
vt 0.7844 0.8463
vt 0.8244 0.8516
vt 0.7913 0.8516
vt 0.8164 0.8549
vt 0.7993 0.8549
vt 0.8079 0.8560
vt 0.7757 0.7668
vt 0.8400 0.7668
vt 0.8367 0.7588
vt 0.7790 0.7588
vt 0.8314 0.7519
vt 0.7843 0.7519
vt 0.8245 0.7466
vt 0.7912 0.7466
vt 0.8165 0.7433
vt 0.7992 0.7433
vt 0.8079 0.7422
vt 0.2146 0.6111
vt 0.3114 0.7078
vt 0.2429 0.5893
vt 0.1929 0.6394
vt 0.1792 0.6724
vt 0.1745 0.7078
vt 0.1792 0.7433
vt 0.1929 0.7763
vt 0.2146 0.8046
vt 0.2429 0.8264
vt 0.2760 0.8400
vt 0.3114 0.8447
vt 0.3468 0.8400
vt 0.3798 0.8264
vt 0.4081 0.8046
vt 0.4299 0.7763
vt 0.4436 0.7433
vt 0.4482 0.7078
vt 0.4436 0.6724
vt 0.4299 0.6394
vt 0.4081 0.6111
vt 0.3798 0.5893
vt 0.3468 0.5757
vt 0.2760 0.5757
vt 0.3456 0.5665
vt 0.2772 0.5665
vt 0.3420 0.5580
vt 0.2807 0.5580
vt 0.3364 0.5506
vt 0.2863 0.5506
vt 0.3291 0.5450
vt 0.2937 0.5450
vt 0.3205 0.5415
vt 0.3022 0.5415
vt 0.3114 0.5402
vt 0.1593 0.8618
vt 0.1604 0.8703
vt 0.2236 0.8703
vt 0.2247 0.8618
vt 0.1637 0.8782
vt 0.2203 0.8782
vt 0.1689 0.8850
vt 0.2151 0.8850
vt 0.1756 0.8902
vt 0.2084 0.8902
vt 0.1835 0.8934
vt 0.2005 0.8934
vt 0.1920 0.8945
vt 0.1920 0.8202
vt 0.2247 0.8245
vt 0.1593 0.8245
vt 0.7907 0.2075
vt 0.7645 0.2184
vt 0.7634 0.2141
vt 0.7885 0.2037
vt 0.7364 0.2221
vt 0.7364 0.2177
vt 0.7083 0.2184
vt 0.7095 0.2141
vt 0.6821 0.2075
vt 0.6843 0.2037
vt 0.6597 0.1903
vt 0.6628 0.1872
vt 0.6424 0.1678
vt 0.6462 0.1656
vt 0.6316 0.1416
vt 0.6358 0.1405
vt 0.6279 0.1135
vt 0.6323 0.1135
vt 0.6316 0.0854
vt 0.6358 0.0866
vt 0.6424 0.0593
vt 0.6462 0.0615
vt 0.6597 0.0368
vt 0.6628 0.0399
vt 0.6821 0.0195
vt 0.6843 0.0234
vt 0.7083 0.0087
vt 0.7095 0.0130
vt 0.7364 0.0050
vt 0.7364 0.0094
vt 0.7645 0.0087
vt 0.7634 0.0130
vt 0.7907 0.0195
vt 0.7885 0.0234
vt 0.8132 0.0368
vt 0.8100 0.0399
vt 0.8304 0.0593
vt 0.8266 0.0615
vt 0.8412 0.0854
vt 0.8370 0.0866
vt 0.8449 0.1135
vt 0.8405 0.1135
vt 0.8412 0.1416
vt 0.8370 0.1405
vt 0.8304 0.1678
vt 0.8266 0.1656
vt 0.8100 0.1872
vt 0.8132 0.1903
vt 0.0882 0.1919
vt 0.0922 0.1984
vt 0.0838 0.1987
vt 0.0966 0.1916
vt 0.0919 0.1844
vt 0.0844 0.1858
vt 0.0798 0.1919
vt 0.0765 0.1984
vt 0.0812 0.2059
vt 0.0884 0.2059
vt 0.0960 0.2045
vt 0.1006 0.1984
vt 0.1039 0.1919
vt 0.0992 0.1844
vt 0.0940 0.1783
vt 0.1207 0.1844
vt 0.1136 0.1867
vt 0.1172 0.1920
vt 0.1180 0.1807
vt 0.1251 0.1783
vt 0.1290 0.1834
vt 0.1328 0.1783
vt 0.1372 0.1844
vt 0.1399 0.1807
vt 0.1444 0.1867
vt 0.1407 0.1920
vt 0.1645 0.2119
vt 0.1665 0.2059
vt 0.1593 0.2059
vt 0.1726 0.2106
vt 0.1741 0.2045
vt 0.1802 0.2059
vt 0.1362 0.2058
vt 0.1423 0.2076
vt 0.1423 0.2001
vt 0.1361 0.2121
vt 0.1290 0.2098
vt 0.1398 0.2356
vt 0.1337 0.2356
vt 0.1351 0.2428
vt 0.1351 0.2285
vt 0.1217 0.2058
vt 0.1218 0.2121
vt 0.1156 0.2076
vt 0.1156 0.2001
vt 0.0859 0.1797
vt 0.0783 0.1844
vt 0.1218 0.1981
vt 0.1246 0.1897
vt 0.1334 0.1897
vt 0.1361 0.1981
vt 0.1290 0.2033
vt 0.1290 0.1958
vt 0.0736 0.1916
vt 0.1279 0.2236
vt 0.1351 0.2223
vt 0.1276 0.2312
vt 0.1276 0.2401
vt 0.1208 0.2356
vt 0.1211 0.2274
vt 0.1211 0.2202
vt 0.1150 0.2247
vt 0.1136 0.2318
vt 0.1487 0.2625
vt 0.1442 0.2564
vt 0.1514 0.2588
vt 0.1404 0.2615
vt 0.1366 0.2564
vt 0.1322 0.2625
vt 0.1294 0.2588
vt 0.1250 0.2648
vt 0.1286 0.2701
vt 0.1721 0.1783
vt 0.1700 0.1844
vt 0.1773 0.1844
vt 0.1640 0.1797
vt 0.1625 0.1858
vt 0.1564 0.1844
vt 0.1331 0.2839
vt 0.1271 0.2857
vt 0.1271 0.2782
vt 0.1332 0.2902
vt 0.1404 0.2879
vt 0.0312 0.0299
vt 0.0251 0.0299
vt 0.0266 0.0228
vt 0.0266 0.0371
vt 0.1477 0.2839
vt 0.1476 0.2902
vt 0.1538 0.2857
vt 0.1538 0.2782
vt 0.0945 0.2106
vt 0.1021 0.2059
vt 0.0864 0.2119
vt 0.1558 0.2648
vt 0.1522 0.2701
vt 0.0751 0.2045
vt 0.1448 0.2678
vt 0.1360 0.2678
vt 0.1332 0.2762
vt 0.1404 0.2814
vt 0.1476 0.2762
vt 0.1404 0.2739
vt 0.1068 0.1987
vt 0.0193 0.0420
vt 0.0266 0.0433
vt 0.0190 0.0343
vt 0.0190 0.0255
vt 0.0122 0.0299
vt 0.0125 0.0382
vt 0.0125 0.0453
vt 0.0065 0.0409
vt 0.0050 0.0338
vt 0.0050 0.0261
vt 0.0125 0.0217
vt 0.0065 0.0190
vt 0.0125 0.0145
vt 0.1546 0.1984
vt 0.1532 0.2045
vt 0.1619 0.1987
vt 0.1703 0.1984
vt 0.1787 0.1984
vt 0.1849 0.1987
vt 0.1279 0.2477
vt 0.1351 0.2490
vt 0.1211 0.2439
vt 0.1211 0.2510
vt 0.1820 0.1919
vt 0.1746 0.1916
vt 0.1834 0.1858
vt 0.1150 0.2466
vt 0.1136 0.2395
vt 0.1663 0.1919
vt 0.1579 0.1919
vt 0.1517 0.1916
vt 0.0193 0.0178
vt 0.0266 0.0166
vt 0.1053 0.1858
vt 0.9377 0.9347
vt 0.9417 0.9413
vt 0.9334 0.9415
vt 0.9461 0.9345
vt 0.9415 0.9272
vt 0.9340 0.9287
vt 0.9293 0.9347
vt 0.9261 0.9413
vt 0.9307 0.9488
vt 0.9380 0.9488
vt 0.9455 0.9473
vt 0.9502 0.9413
vt 0.9534 0.9347
vt 0.9488 0.9272
vt 0.9436 0.9212
vt 0.9341 0.5178
vt 0.9269 0.5201
vt 0.9306 0.5253
vt 0.9314 0.5140
vt 0.9385 0.5117
vt 0.9423 0.5168
vt 0.9461 0.5117
vt 0.9506 0.5178
vt 0.9533 0.5140
vt 0.9577 0.5201
vt 0.9541 0.5253
vt 0.3207 0.9586
vt 0.3227 0.9526
vt 0.3155 0.9526
vt 0.3288 0.9572
vt 0.3303 0.9511
vt 0.3363 0.9526
vt 0.9496 0.5391
vt 0.9557 0.5410
vt 0.9557 0.5334
vt 0.9495 0.5455
vt 0.9423 0.5431
vt 0.5322 0.9404
vt 0.5261 0.9404
vt 0.5275 0.9476
vt 0.5275 0.9333
vt 0.9351 0.5391
vt 0.9352 0.5455
vt 0.9290 0.5410
vt 0.9290 0.5334
vt 0.9354 0.9226
vt 0.9279 0.9272
vt 0.9352 0.5314
vt 0.9379 0.5230
vt 0.9467 0.5230
vt 0.9495 0.5314
vt 0.9423 0.5366
vt 0.9423 0.5291
vt 0.9231 0.9345
vt 0.5203 0.9283
vt 0.5275 0.9271
vt 0.5200 0.9360
vt 0.5200 0.9448
vt 0.5132 0.9404
vt 0.5135 0.9322
vt 0.5135 0.9250
vt 0.5074 0.9294
vt 0.5060 0.9366
vt 0.1277 0.9349
vt 0.1233 0.9288
vt 0.1304 0.9312
vt 0.1195 0.9339
vt 0.1156 0.9288
vt 0.1112 0.9349
vt 0.1085 0.9312
vt 0.1040 0.9372
vt 0.1077 0.9424
vt 0.3283 0.9250
vt 0.3262 0.9310
vt 0.3335 0.9310
vt 0.3202 0.9264
vt 0.3187 0.9325
vt 0.3126 0.9310
vt 0.1122 0.9563
vt 0.1061 0.9581
vt 0.1061 0.9506
vt 0.1123 0.9626
vt 0.1195 0.9603
vt 0.5684 0.9461
vt 0.5623 0.9461
vt 0.5637 0.9390
vt 0.5637 0.9533
vt 0.1267 0.9563
vt 0.1266 0.9626
vt 0.1328 0.9581
vt 0.1328 0.9506
vt 0.9441 0.9534
vt 0.9516 0.9488
vt 0.9359 0.9548
vt 0.1349 0.9372
vt 0.1312 0.9424
vt 0.9246 0.9473
vt 0.1239 0.9402
vt 0.1150 0.9402
vt 0.1123 0.9486
vt 0.1195 0.9538
vt 0.1266 0.9486
vt 0.1195 0.9463
vt 0.9564 0.9415
vt 0.5565 0.9582
vt 0.5637 0.9595
vt 0.5562 0.9506
vt 0.5562 0.9417
vt 0.5494 0.9461
vt 0.5497 0.9544
vt 0.5497 0.9615
vt 0.5436 0.9571
vt 0.5421 0.9500
vt 0.5421 0.9423
vt 0.5497 0.9379
vt 0.5436 0.9352
vt 0.5497 0.9307
vt 0.3108 0.9451
vt 0.3094 0.9511
vt 0.3181 0.9454
vt 0.3265 0.9451
vt 0.3349 0.9451
vt 0.3411 0.9454
vt 0.5203 0.9525
vt 0.5275 0.9538
vt 0.5135 0.9487
vt 0.5135 0.9558
vt 0.3382 0.9386
vt 0.3308 0.9383
vt 0.3396 0.9325
vt 0.5074 0.9514
vt 0.5060 0.9442
vt 0.3225 0.9386
vt 0.3141 0.9386
vt 0.3079 0.9383
vt 0.5565 0.9340
vt 0.5637 0.9328
vt 0.9548 0.9287
vt 0.9149 0.8528
vt 0.9189 0.8593
vt 0.9105 0.8596
vt 0.9232 0.8525
vt 0.9186 0.8453
vt 0.9111 0.8468
vt 0.9065 0.8528
vt 0.9032 0.8593
vt 0.9078 0.8669
vt 0.9151 0.8669
vt 0.9226 0.8654
vt 0.9273 0.8593
vt 0.9306 0.8528
vt 0.9259 0.8453
vt 0.9207 0.8393
vt 0.9093 0.7901
vt 0.9022 0.7925
vt 0.9058 0.7977
vt 0.9066 0.7864
vt 0.9137 0.7841
vt 0.9176 0.7891
vt 0.9214 0.7841
vt 0.9258 0.7901
vt 0.9285 0.7864
vt 0.9330 0.7925
vt 0.9293 0.7977
vt 0.9150 0.4310
vt 0.9170 0.4250
vt 0.9098 0.4250
vt 0.9231 0.4296
vt 0.9245 0.4235
vt 0.9306 0.4250
vt 0.9248 0.8115
vt 0.9309 0.8134
vt 0.9309 0.8058
vt 0.9247 0.8179
vt 0.9176 0.8155
vt 0.9303 0.4547
vt 0.9242 0.4547
vt 0.9256 0.4618
vt 0.9256 0.4475
vt 0.9103 0.8115
vt 0.9104 0.8179
vt 0.9042 0.8134
vt 0.9042 0.8058
vt 0.9125 0.8407
vt 0.9050 0.8453
vt 0.9104 0.8038
vt 0.9131 0.7954
vt 0.9220 0.7954
vt 0.9247 0.8038
vt 0.9176 0.8090
vt 0.9176 0.8015
vt 0.9002 0.8525
vt 0.9184 0.4426
vt 0.9256 0.4413
vt 0.9181 0.4503
vt 0.9181 0.4591
vt 0.9113 0.4547
vt 0.9116 0.4464
vt 0.9116 0.4393
vt 0.9055 0.4437
vt 0.9041 0.4509
vt 0.8249 0.9101
vt 0.8204 0.9041
vt 0.8276 0.9064
vt 0.8166 0.9091
vt 0.8128 0.9041
vt 0.8084 0.9101
vt 0.8056 0.9064
vt 0.8012 0.9125
vt 0.8048 0.9177
vt 0.9226 0.3974
vt 0.9205 0.4034
vt 0.9278 0.4034
vt 0.9144 0.3988
vt 0.9130 0.4049
vt 0.9069 0.4034
vt 0.8093 0.9315
vt 0.8033 0.9334
vt 0.8033 0.9258
vt 0.8094 0.9379
vt 0.8166 0.9355
vt 0.9322 0.7423
vt 0.9261 0.7423
vt 0.9275 0.7352
vt 0.9275 0.7495
vt 0.8239 0.9315
vt 0.8238 0.9379
vt 0.8299 0.9334
vt 0.8299 0.9258
vt 0.9212 0.8715
vt 0.9287 0.8669
vt 0.9131 0.8729
vt 0.8320 0.9125
vt 0.8284 0.9177
vt 0.9018 0.8654
vt 0.8210 0.9154
vt 0.8122 0.9154
vt 0.8094 0.9238
vt 0.8166 0.9290
vt 0.8238 0.9238
vt 0.8166 0.9215
vt 0.9335 0.8596
vt 0.9203 0.7544
vt 0.9275 0.7557
vt 0.9200 0.7467
vt 0.9200 0.7379
vt 0.9132 0.7423
vt 0.9135 0.7506
vt 0.9135 0.7577
vt 0.9074 0.7533
vt 0.9060 0.7461
vt 0.9060 0.7385
vt 0.9135 0.7341
vt 0.9074 0.7314
vt 0.9135 0.7269
vt 0.9051 0.4174
vt 0.9037 0.4235
vt 0.9124 0.4177
vt 0.9208 0.4174
vt 0.9292 0.4174
vt 0.9354 0.4177
vt 0.9184 0.4668
vt 0.9256 0.4680
vt 0.9116 0.4629
vt 0.9116 0.4701
vt 0.9325 0.4109
vt 0.9251 0.4106
vt 0.9339 0.4049
vt 0.9055 0.4657
vt 0.9041 0.4585
vt 0.9168 0.4109
vt 0.9084 0.4109
vt 0.9022 0.4106
vt 0.9203 0.7302
vt 0.9275 0.7290
vt 0.9320 0.8468
vt 0.3206 0.8662
vt 0.3246 0.8727
vt 0.3162 0.8730
vt 0.3289 0.8659
vt 0.3243 0.8586
vt 0.3168 0.8601
vt 0.3122 0.8662
vt 0.3089 0.8727
vt 0.3136 0.8802
vt 0.3208 0.8802
vt 0.3283 0.8788
vt 0.3330 0.8727
vt 0.3363 0.8662
vt 0.3316 0.8586
vt 0.3264 0.8526
vt 0.6255 0.8644
vt 0.6183 0.8668
vt 0.6220 0.8720
vt 0.6228 0.8607
vt 0.6299 0.8583
vt 0.6337 0.8634
vt 0.6376 0.8583
vt 0.6420 0.8644
vt 0.6447 0.8607
vt 0.6491 0.8668
vt 0.6455 0.8720
vt 0.6692 0.8919
vt 0.6713 0.8859
vt 0.6640 0.8859
vt 0.6774 0.8906
vt 0.6788 0.8845
vt 0.6849 0.8859
vt 0.6410 0.8858
vt 0.6471 0.8876
vt 0.6471 0.8801
vt 0.6409 0.8921
vt 0.6337 0.8898
vt 0.8865 0.0204
vt 0.8804 0.0204
vt 0.8818 0.0276
vt 0.8818 0.0132
vt 0.6265 0.8858
vt 0.6266 0.8921
vt 0.6204 0.8876
vt 0.6204 0.8801
vt 0.3182 0.8540
vt 0.3107 0.8586
vt 0.6266 0.8781
vt 0.6293 0.8697
vt 0.6382 0.8697
vt 0.6409 0.8781
vt 0.6337 0.8833
vt 0.6337 0.8758
vt 0.3060 0.8659
vt 0.8746 0.0083
vt 0.8818 0.0071
vt 0.8743 0.0160
vt 0.8743 0.0248
vt 0.8675 0.0204
vt 0.8678 0.0122
vt 0.8678 0.0050
vt 0.8617 0.0094
vt 0.8602 0.0166
vt 0.7201 0.8644
vt 0.7157 0.8583
vt 0.7228 0.8607
vt 0.7118 0.8634
vt 0.7080 0.8583
vt 0.7036 0.8644
vt 0.7009 0.8607
vt 0.6964 0.8668
vt 0.7001 0.8720
vt 0.6769 0.8583
vt 0.6748 0.8644
vt 0.6821 0.8644
vt 0.6687 0.8597
vt 0.6673 0.8658
vt 0.6612 0.8644
vt 0.7046 0.8858
vt 0.6985 0.8876
vt 0.6985 0.8801
vt 0.7047 0.8921
vt 0.7118 0.8898
vt 0.8884 0.5499
vt 0.8823 0.5499
vt 0.8837 0.5428
vt 0.8837 0.5571
vt 0.7191 0.8858
vt 0.7190 0.8921
vt 0.7252 0.8876
vt 0.7252 0.8801
vt 0.3269 0.8849
vt 0.3344 0.8802
vt 0.3188 0.8862
vt 0.7272 0.8668
vt 0.7236 0.8720
vt 0.3075 0.8788
vt 0.7163 0.8697
vt 0.7074 0.8697
vt 0.7047 0.8781
vt 0.7118 0.8833
vt 0.7190 0.8781
vt 0.7118 0.8758
vt 0.3392 0.8730
vt 0.8765 0.5620
vt 0.8837 0.5633
vt 0.8762 0.5544
vt 0.8762 0.5455
vt 0.8694 0.5499
vt 0.8697 0.5582
vt 0.8697 0.5653
vt 0.8636 0.5609
vt 0.8622 0.5538
vt 0.8622 0.5461
vt 0.8697 0.5417
vt 0.8636 0.5390
vt 0.8697 0.5345
vt 0.6594 0.8784
vt 0.6580 0.8845
vt 0.6667 0.8787
vt 0.6751 0.8784
vt 0.6835 0.8784
vt 0.6897 0.8787
vt 0.8746 0.0325
vt 0.8818 0.0338
vt 0.8678 0.0287
vt 0.8678 0.0358
vt 0.6867 0.8719
vt 0.6794 0.8716
vt 0.6882 0.8658
vt 0.8617 0.0314
vt 0.8602 0.0242
vt 0.6711 0.8719
vt 0.6626 0.8719
vt 0.6564 0.8716
vt 0.8765 0.5379
vt 0.8837 0.5366
vt 0.3377 0.8601
vt 0.6555 0.7636
vt 0.6568 0.7640
vt 0.6466 0.7885
vt 0.6455 0.7878
vt 0.6589 0.7377
vt 0.6602 0.7377
vt 0.6555 0.7117
vt 0.6568 0.7114
vt 0.6455 0.6875
vt 0.6466 0.6869
vt 0.6295 0.6668
vt 0.6305 0.6658
vt 0.6088 0.6508
vt 0.6094 0.6497
vt 0.5846 0.6408
vt 0.5849 0.6395
vt 0.5586 0.6374
vt 0.5586 0.6361
vt 0.5327 0.6408
vt 0.5323 0.6395
vt 0.5085 0.6508
vt 0.5078 0.6497
vt 0.4877 0.6668
vt 0.4868 0.6658
vt 0.4718 0.6875
vt 0.4706 0.6869
vt 0.4618 0.7117
vt 0.4605 0.7114
vt 0.4584 0.7377
vt 0.4570 0.7377
vt 0.4618 0.7636
vt 0.4605 0.7640
vt 0.4718 0.7878
vt 0.4706 0.7885
vt 0.4877 0.8086
vt 0.4868 0.8095
vt 0.5085 0.8245
vt 0.5078 0.8257
vt 0.5327 0.8345
vt 0.5323 0.8358
vt 0.5586 0.8379
vt 0.5586 0.8393
vt 0.5846 0.8345
vt 0.5849 0.8358
vt 0.6088 0.8245
vt 0.6094 0.8257
vt 0.6295 0.8086
vt 0.6305 0.8095
vt 0.6488 0.7897
vt 0.6322 0.8113
vt 0.1522 0.8107
vt 0.1522 0.8207
vt 0.1307 0.8207
vt 0.1307 0.8107
vt 0.7917 0.3992
vt 0.8016 0.3992
vt 0.8016 0.4208
vt 0.7917 0.4208
vt 0.7917 0.3741
vt 0.8016 0.3741
vt 0.7917 0.3472
vt 0.8016 0.3472
vt 0.7917 0.3202
vt 0.8016 0.3202
vt 0.7917 0.2951
vt 0.8016 0.2951
vt 0.7917 0.2736
vt 0.8016 0.2736
vt 0.0266 0.8378
vt 0.0266 0.8279
vt 0.0050 0.8279
vt 0.0050 0.8378
vt 0.0517 0.8378
vt 0.0517 0.8279
vt 0.0786 0.8378
vt 0.0786 0.8279
vt 0.1055 0.8378
vt 0.1055 0.8279
vt 0.1307 0.8378
vt 0.1307 0.8279
vt 0.1522 0.8378
vt 0.1522 0.8279
vt 0.8188 0.3307
vt 0.8088 0.3307
vt 0.8088 0.3522
vt 0.8188 0.3522
vt 0.8188 0.3056
vt 0.8088 0.3056
vt 0.8188 0.2786
vt 0.8088 0.2786
vt 0.8188 0.2517
vt 0.8088 0.2517
vt 0.8188 0.2266
vt 0.8088 0.2266
vt 0.8188 0.2050
vt 0.8088 0.2050
vt 0.0266 0.8107
vt 0.0266 0.8207
vt 0.0050 0.8207
vt 0.0050 0.8107
vt 0.0517 0.8107
vt 0.0517 0.8207
vt 0.0786 0.8107
vt 0.0786 0.8207
vt 0.1055 0.8107
vt 0.1055 0.8207
vt 0.6592 0.7646
vt 0.6627 0.7377
vt 0.6592 0.7107
vt 0.6488 0.6856
vt 0.6322 0.6641
vt 0.6107 0.6475
vt 0.5856 0.6371
vt 0.5586 0.6336
vt 0.5317 0.6371
vt 0.5066 0.6475
vt 0.4850 0.6641
vt 0.4685 0.6856
vt 0.4581 0.7107
vt 0.4545 0.7377
vt 0.4581 0.7646
vt 0.4685 0.7897
vt 0.4850 0.8113
vt 0.5066 0.8278
vt 0.5317 0.8382
vt 0.5586 0.8418
vt 0.5856 0.8382
vt 0.6107 0.8278
vt 0.5586 0.7377
vt 0.1739 0.5690
vt 0.1779 0.5755
vt 0.1696 0.5758
vt 0.1823 0.5687
vt 0.1777 0.5615
vt 0.1701 0.5630
vt 0.1655 0.5690
vt 0.1622 0.5755
vt 0.1669 0.5831
vt 0.1742 0.5831
vt 0.1817 0.5816
vt 0.1863 0.5755
vt 0.1896 0.5690
vt 0.1849 0.5615
vt 0.1797 0.5555
vt 0.2788 0.3920
vt 0.2717 0.3944
vt 0.2753 0.3996
vt 0.2761 0.3883
vt 0.2832 0.3860
vt 0.2871 0.3910
vt 0.2909 0.3860
vt 0.2953 0.3920
vt 0.2980 0.3883
vt 0.3025 0.3944
vt 0.2988 0.3996
vt 0.0959 0.0634
vt 0.0980 0.0573
vt 0.0907 0.0573
vt 0.1041 0.0620
vt 0.1055 0.0559
vt 0.1116 0.0573
vt 0.2943 0.4134
vt 0.3004 0.4153
vt 0.3004 0.4077
vt 0.2942 0.4198
vt 0.2871 0.4174
vt 0.1493 0.0356
vt 0.1432 0.0356
vt 0.1447 0.0428
vt 0.1447 0.0285
vt 0.2798 0.4134
vt 0.2799 0.4198
vt 0.2737 0.4153
vt 0.2737 0.4077
vt 0.1716 0.5569
vt 0.1641 0.5615
vt 0.2799 0.4057
vt 0.2827 0.3973
vt 0.2915 0.3973
vt 0.2942 0.4057
vt 0.2871 0.4109
vt 0.2871 0.4034
vt 0.1593 0.5687
vt 0.1374 0.0236
vt 0.1447 0.0223
vt 0.1371 0.0312
vt 0.1371 0.0401
vt 0.1303 0.0356
vt 0.1306 0.0274
vt 0.1306 0.0202
vt 0.1245 0.0247
vt 0.1231 0.0318
vt 0.1810 0.0339
vt 0.1766 0.0279
vt 0.1838 0.0302
vt 0.1728 0.0329
vt 0.1690 0.0279
vt 0.1645 0.0339
vt 0.1618 0.0302
vt 0.1574 0.0363
vt 0.1610 0.0415
vt 0.1035 0.0298
vt 0.1015 0.0358
vt 0.1088 0.0358
vt 0.0954 0.0311
vt 0.0940 0.0372
vt 0.0879 0.0358
vt 0.1655 0.0553
vt 0.1594 0.0572
vt 0.1594 0.0496
vt 0.1656 0.0617
vt 0.1728 0.0593
vt 0.0655 0.1937
vt 0.0594 0.1937
vt 0.0608 0.1866
vt 0.0608 0.2009
vt 0.1801 0.0553
vt 0.1799 0.0617
vt 0.1861 0.0572
vt 0.1861 0.0496
vt 0.1803 0.5877
vt 0.1878 0.5831
vt 0.1721 0.5891
vt 0.1882 0.0363
vt 0.1845 0.0415
vt 0.1608 0.5816
vt 0.1772 0.0392
vt 0.1684 0.0392
vt 0.1656 0.0476
vt 0.1728 0.0528
vt 0.1799 0.0476
vt 0.1728 0.0453
vt 0.1925 0.5758
vt 0.0536 0.2058
vt 0.0608 0.2071
vt 0.0533 0.1982
vt 0.0533 0.1893
vt 0.0465 0.1937
vt 0.0468 0.2020
vt 0.0468 0.2091
vt 0.0407 0.2047
vt 0.0393 0.1976
vt 0.0393 0.1899
vt 0.0468 0.1855
vt 0.0407 0.1828
vt 0.0468 0.1783
vt 0.0860 0.0498
vt 0.0846 0.0559
vt 0.0934 0.0501
vt 0.1017 0.0498
vt 0.1101 0.0498
vt 0.1164 0.0501
vt 0.1374 0.0477
vt 0.1447 0.0490
vt 0.1306 0.0439
vt 0.1306 0.0510
vt 0.1134 0.0433
vt 0.1061 0.0430
vt 0.1148 0.0372
vt 0.1245 0.0466
vt 0.1231 0.0395
vt 0.0977 0.0433
vt 0.0893 0.0433
vt 0.0831 0.0430
vt 0.0536 0.1817
vt 0.0608 0.1804
vt 0.1910 0.5630
vt 0.0558 0.7443
vt 0.0598 0.7508
vt 0.0515 0.7511
vt 0.0642 0.7440
vt 0.0596 0.7367
vt 0.0521 0.7382
vt 0.0474 0.7443
vt 0.0441 0.7508
vt 0.0488 0.7583
vt 0.0561 0.7583
vt 0.0636 0.7568
vt 0.0682 0.7508
vt 0.0715 0.7443
vt 0.0668 0.7367
vt 0.0616 0.7307
vt 0.1017 0.7387
vt 0.0945 0.7410
vt 0.0982 0.7462
vt 0.0990 0.7350
vt 0.1061 0.7326
vt 0.1099 0.7377
vt 0.1138 0.7326
vt 0.1182 0.7387
vt 0.1209 0.7350
vt 0.1253 0.7410
vt 0.1217 0.7462
vt 0.7473 0.6348
vt 0.7494 0.6288
vt 0.7421 0.6288
vt 0.7555 0.6334
vt 0.7569 0.6273
vt 0.7630 0.6288
vt 0.1172 0.7601
vt 0.1233 0.7619
vt 0.1233 0.7544
vt 0.1171 0.7664
vt 0.1099 0.7641
vt 0.6960 0.7518
vt 0.6899 0.7518
vt 0.6913 0.7590
vt 0.6913 0.7447
vt 0.1027 0.7601
vt 0.1028 0.7664
vt 0.0966 0.7619
vt 0.0966 0.7544
vt 0.0535 0.7321
vt 0.0460 0.7367
vt 0.1028 0.7524
vt 0.1055 0.7440
vt 0.1143 0.7440
vt 0.1171 0.7524
vt 0.1099 0.7576
vt 0.1099 0.7501
vt 0.0412 0.7440
vt 0.6841 0.7398
vt 0.6913 0.7385
vt 0.6838 0.7474
vt 0.6838 0.7563
vt 0.6770 0.7518
vt 0.6773 0.7436
vt 0.6773 0.7364
vt 0.6712 0.7409
vt 0.6698 0.7480
vt 0.7620 0.7540
vt 0.7576 0.7479
vt 0.7647 0.7502
vt 0.7537 0.7529
vt 0.7499 0.7479
vt 0.7455 0.7540
vt 0.7428 0.7502
vt 0.7383 0.7563
vt 0.7420 0.7615
vt 0.7550 0.6012
vt 0.7529 0.6072
vt 0.7602 0.6072
vt 0.7468 0.6026
vt 0.7454 0.6087
vt 0.7393 0.6072
vt 0.7465 0.7753
vt 0.7404 0.7772
vt 0.7404 0.7696
vt 0.7466 0.7817
vt 0.7537 0.7793
vt 0.0312 0.7614
vt 0.0251 0.7614
vt 0.0266 0.7542
vt 0.0266 0.7685
vt 0.7610 0.7753
vt 0.7609 0.7817
vt 0.7671 0.7772
vt 0.7671 0.7696
vt 0.0622 0.7629
vt 0.0697 0.7583
vt 0.0540 0.7643
vt 0.7691 0.7563
vt 0.7655 0.7615
vt 0.0427 0.7568
vt 0.7582 0.7592
vt 0.7493 0.7592
vt 0.7466 0.7676
vt 0.7537 0.7728
vt 0.7609 0.7676
vt 0.7537 0.7653
vt 0.0744 0.7511
vt 0.0193 0.7734
vt 0.0266 0.7747
vt 0.0190 0.7658
vt 0.0190 0.7569
vt 0.0122 0.7614
vt 0.0125 0.7696
vt 0.0125 0.7768
vt 0.0065 0.7723
vt 0.0050 0.7652
vt 0.0050 0.7575
vt 0.0125 0.7531
vt 0.0065 0.7504
vt 0.0125 0.7460
vt 0.7375 0.6212
vt 0.7361 0.6273
vt 0.7448 0.6215
vt 0.7532 0.6212
vt 0.7616 0.6212
vt 0.7678 0.6215
vt 0.6841 0.7639
vt 0.6913 0.7652
vt 0.6773 0.7601
vt 0.6773 0.7672
vt 0.7648 0.6147
vt 0.7575 0.6144
vt 0.7663 0.6087
vt 0.6712 0.7628
vt 0.6698 0.7557
vt 0.7491 0.6147
vt 0.7407 0.6147
vt 0.7345 0.6144
vt 0.0193 0.7493
vt 0.0266 0.7480
vt 0.0729 0.7382
vt 0.5415 0.9043
vt 0.5455 0.9108
vt 0.5372 0.9111
vt 0.5499 0.9040
vt 0.5453 0.8967
vt 0.5378 0.8982
vt 0.5331 0.9043
vt 0.5299 0.9108
vt 0.5345 0.9183
vt 0.5418 0.9183
vt 0.5493 0.9168
vt 0.5540 0.9108
vt 0.5572 0.9043
vt 0.5526 0.8967
vt 0.5474 0.8907
vt 0.5741 0.8968
vt 0.5669 0.8991
vt 0.5706 0.9043
vt 0.5713 0.8931
vt 0.5785 0.8907
vt 0.5823 0.8958
vt 0.5861 0.8907
vt 0.5906 0.8968
vt 0.5933 0.8931
vt 0.5977 0.8991
vt 0.5941 0.9043
vt 0.9073 0.9262
vt 0.9094 0.9202
vt 0.9021 0.9202
vt 0.9155 0.9249
vt 0.9169 0.9188
vt 0.9230 0.9202
vt 0.5896 0.9182
vt 0.5957 0.9200
vt 0.5957 0.9125
vt 0.5895 0.9245
vt 0.5823 0.9222
vt 0.9226 0.5499
vt 0.9165 0.5499
vt 0.9180 0.5571
vt 0.9180 0.5428
vt 0.5750 0.9182
vt 0.5752 0.9245
vt 0.5690 0.9200
vt 0.5690 0.9125
vt 0.5392 0.8921
vt 0.5317 0.8967
vt 0.5752 0.9105
vt 0.5779 0.9021
vt 0.5867 0.9021
vt 0.5895 0.9105
vt 0.5823 0.9157
vt 0.5823 0.9082
vt 0.5269 0.9040
vt 0.9108 0.5379
vt 0.9180 0.5366
vt 0.9105 0.5455
vt 0.9105 0.5544
vt 0.9037 0.5499
vt 0.9040 0.5417
vt 0.9040 0.5345
vt 0.8979 0.5390
vt 0.8964 0.5461
vt 0.1715 0.9044
vt 0.1671 0.8983
vt 0.1742 0.9007
vt 0.1633 0.9034
vt 0.1594 0.8983
vt 0.1550 0.9044
vt 0.1523 0.9007
vt 0.1479 0.9068
vt 0.1515 0.9120
vt 0.9150 0.8926
vt 0.9129 0.8986
vt 0.9202 0.8986
vt 0.9068 0.8940
vt 0.9054 0.9001
vt 0.8993 0.8986
vt 0.1560 0.9258
vt 0.1499 0.9276
vt 0.1499 0.9201
vt 0.1561 0.9321
vt 0.1633 0.9298
vt 0.6693 0.9137
vt 0.6632 0.9137
vt 0.6647 0.9066
vt 0.6647 0.9209
vt 0.1705 0.9258
vt 0.1704 0.9321
vt 0.1766 0.9276
vt 0.1766 0.9201
vt 0.5479 0.9229
vt 0.5554 0.9183
vt 0.5397 0.9243
vt 0.1787 0.9068
vt 0.1750 0.9120
vt 0.5284 0.9168
vt 0.1677 0.9097
vt 0.1588 0.9097
vt 0.1561 0.9181
vt 0.1633 0.9233
vt 0.1704 0.9181
vt 0.1633 0.9158
vt 0.5602 0.9111
vt 0.6574 0.9258
vt 0.6647 0.9271
vt 0.6571 0.9182
vt 0.6571 0.9093
vt 0.6503 0.9137
vt 0.6506 0.9220
vt 0.6506 0.9291
vt 0.6446 0.9247
vt 0.6431 0.9176
vt 0.6431 0.9099
vt 0.6506 0.9055
vt 0.6446 0.9028
vt 0.6506 0.8983
vt 0.8975 0.9127
vt 0.8961 0.9188
vt 0.9048 0.9130
vt 0.9132 0.9127
vt 0.9216 0.9127
vt 0.9278 0.9130
vt 0.9108 0.5620
vt 0.9180 0.5633
vt 0.9040 0.5582
vt 0.9040 0.5653
vt 0.9248 0.9062
vt 0.9175 0.9059
vt 0.9263 0.9001
vt 0.8979 0.5609
vt 0.8964 0.5538
vt 0.9091 0.9062
vt 0.9007 0.9062
vt 0.8945 0.9059
vt 0.6574 0.9017
vt 0.6647 0.9004
vt 0.5586 0.8982
vt 0.4406 0.7995
vt 0.4446 0.8060
vt 0.4362 0.8063
vt 0.4489 0.7992
vt 0.4443 0.7920
vt 0.4368 0.7934
vt 0.4322 0.7995
vt 0.4289 0.8060
vt 0.4336 0.8135
vt 0.4408 0.8135
vt 0.4483 0.8121
vt 0.4530 0.8060
vt 0.4563 0.7995
vt 0.4516 0.7920
vt 0.4464 0.7860
vt 0.7969 0.1349
vt 0.7898 0.1372
vt 0.7934 0.1424
vt 0.7942 0.1312
vt 0.8013 0.1288
vt 0.8052 0.1339
vt 0.8090 0.1288
vt 0.8134 0.1349
vt 0.8161 0.1312
vt 0.8206 0.1372
vt 0.8169 0.1424
vt 0.8331 0.0386
vt 0.8351 0.0326
vt 0.8278 0.0326
vt 0.8412 0.0372
vt 0.8426 0.0311
vt 0.8487 0.0326
vt 0.8124 0.1563
vt 0.8185 0.1581
vt 0.8185 0.1506
vt 0.8123 0.1626
vt 0.8052 0.1603
vt 0.1893 0.7937
vt 0.1832 0.7937
vt 0.1847 0.8009
vt 0.1847 0.7866
vt 0.7979 0.1563
vt 0.7980 0.1626
vt 0.7918 0.1581
vt 0.7918 0.1506
vt 0.4382 0.7873
vt 0.4307 0.7920
vt 0.7980 0.1486
vt 0.8008 0.1402
vt 0.8096 0.1402
vt 0.8123 0.1486
vt 0.8052 0.1538
vt 0.8052 0.1462
vt 0.4260 0.7992
vt 0.1774 0.7817
vt 0.1847 0.7804
vt 0.1771 0.7893
vt 0.1771 0.7982
vt 0.1703 0.7937
vt 0.1706 0.7855
vt 0.1706 0.7783
vt 0.1645 0.7828
vt 0.1631 0.7899
vt 0.2553 0.8473
vt 0.2509 0.8412
vt 0.2580 0.8435
vt 0.2471 0.8463
vt 0.2432 0.8412
vt 0.2388 0.8473
vt 0.2361 0.8435
vt 0.2317 0.8496
vt 0.2353 0.8548
vt 0.8407 0.0050
vt 0.8386 0.0110
vt 0.8459 0.0110
vt 0.8325 0.0064
vt 0.8311 0.0125
vt 0.8250 0.0110
vt 0.2398 0.8686
vt 0.2337 0.8705
vt 0.2337 0.8630
vt 0.2399 0.8750
vt 0.2471 0.8727
vt 0.8693 0.0585
vt 0.8632 0.0585
vt 0.8647 0.0513
vt 0.8647 0.0657
vt 0.2543 0.8686
vt 0.2542 0.8750
vt 0.2604 0.8705
vt 0.2604 0.8630
vt 0.4469 0.8182
vt 0.4544 0.8135
vt 0.4388 0.8196
vt 0.2625 0.8496
vt 0.2588 0.8548
vt 0.4275 0.8121
vt 0.2515 0.8526
vt 0.2427 0.8526
vt 0.2399 0.8610
vt 0.2471 0.8662
vt 0.2542 0.8610
vt 0.2471 0.8586
vt 0.4592 0.8063
vt 0.8574 0.0706
vt 0.8647 0.0718
vt 0.8571 0.0629
vt 0.8571 0.0541
vt 0.8503 0.0585
vt 0.8506 0.0667
vt 0.8506 0.0739
vt 0.8446 0.0695
vt 0.8431 0.0623
vt 0.8431 0.0547
vt 0.8506 0.0503
vt 0.8446 0.0475
vt 0.8506 0.0431
vt 0.8232 0.0251
vt 0.8218 0.0311
vt 0.8305 0.0253
vt 0.8389 0.0251
vt 0.8473 0.0251
vt 0.8535 0.0253
vt 0.1774 0.8058
vt 0.1847 0.8071
vt 0.1706 0.8020
vt 0.1706 0.8091
vt 0.8506 0.0185
vt 0.8432 0.0183
vt 0.8520 0.0125
vt 0.1645 0.8047
vt 0.1631 0.7976
vt 0.8349 0.0185
vt 0.8265 0.0185
vt 0.8202 0.0183
vt 0.8574 0.0464
vt 0.8647 0.0452
vt 0.4577 0.7934
vt 0.9549 0.0185
vt 0.9589 0.0251
vt 0.9505 0.0253
vt 0.9632 0.0183
vt 0.9586 0.0110
vt 0.9511 0.0125
vt 0.9465 0.0185
vt 0.9432 0.0251
vt 0.9478 0.0326
vt 0.9551 0.0326
vt 0.9626 0.0311
vt 0.9673 0.0251
vt 0.9706 0.0185
vt 0.9659 0.0110
vt 0.9607 0.0050
vt 0.9493 0.3806
vt 0.9422 0.3829
vt 0.9458 0.3881
vt 0.9466 0.3769
vt 0.9537 0.3745
vt 0.9576 0.3796
vt 0.9614 0.3745
vt 0.9658 0.3806
vt 0.9685 0.3769
vt 0.9730 0.3829
vt 0.9693 0.3881
vt 0.8959 0.9738
vt 0.8980 0.9678
vt 0.8907 0.9678
vt 0.9041 0.9725
vt 0.9055 0.9664
vt 0.9116 0.9678
vt 0.9648 0.4020
vt 0.9709 0.4038
vt 0.9709 0.3963
vt 0.9647 0.4083
vt 0.9576 0.4060
vt 0.6369 0.9576
vt 0.6308 0.9576
vt 0.6323 0.9647
vt 0.6323 0.9504
vt 0.9503 0.4020
vt 0.9504 0.4083
vt 0.9442 0.4038
vt 0.9442 0.3963
vt 0.9525 0.0064
vt 0.9450 0.0110
vt 0.9504 0.3943
vt 0.9531 0.3859
vt 0.9620 0.3859
vt 0.9647 0.3943
vt 0.9576 0.3995
vt 0.9576 0.3920
vt 0.9402 0.0183
vt 0.6250 0.9455
vt 0.6323 0.9442
vt 0.6248 0.9531
vt 0.6248 0.9620
vt 0.6180 0.9576
vt 0.6182 0.9493
vt 0.6182 0.9422
vt 0.6122 0.9466
vt 0.6107 0.9537
vt 0.9734 0.1863
vt 0.9690 0.1802
vt 0.9761 0.1826
vt 0.9652 0.1853
vt 0.9614 0.1802
vt 0.9569 0.1863
vt 0.9542 0.1826
vt 0.9498 0.1887
vt 0.9534 0.1939
vt 0.9036 0.9402
vt 0.9015 0.9463
vt 0.9088 0.9463
vt 0.8954 0.9416
vt 0.8940 0.9477
vt 0.8879 0.9463
vt 0.9579 0.2077
vt 0.9518 0.2095
vt 0.9518 0.2020
vt 0.9580 0.2140
vt 0.9652 0.2117
vt 0.2179 0.9595
vt 0.2118 0.9595
vt 0.2132 0.9523
vt 0.2132 0.9666
vt 0.9724 0.2077
vt 0.9723 0.2140
vt 0.9785 0.2095
vt 0.9785 0.2020
vt 0.9612 0.0372
vt 0.9687 0.0326
vt 0.9531 0.0386
vt 0.9806 0.1887
vt 0.9769 0.1939
vt 0.9418 0.0311
vt 0.9696 0.1916
vt 0.9608 0.1916
vt 0.9580 0.2000
vt 0.9652 0.2052
vt 0.9723 0.2000
vt 0.9652 0.1977
vt 0.9735 0.0253
vt 0.2060 0.9715
vt 0.2132 0.9728
vt 0.2057 0.9639
vt 0.2057 0.9550
vt 0.1989 0.9595
vt 0.1992 0.9677
vt 0.1992 0.9749
vt 0.1931 0.9704
vt 0.1917 0.9633
vt 0.1917 0.9556
vt 0.1992 0.9512
vt 0.1931 0.9485
vt 0.1992 0.9441
vt 0.8861 0.9603
vt 0.8846 0.9664
vt 0.8934 0.9606
vt 0.9017 0.9603
vt 0.9102 0.9603
vt 0.9164 0.9606
vt 0.6250 0.9696
vt 0.6323 0.9709
vt 0.6182 0.9658
vt 0.6182 0.9730
vt 0.9134 0.9538
vt 0.9061 0.9535
vt 0.9148 0.9477
vt 0.6122 0.9685
vt 0.6107 0.9614
vt 0.8977 0.9538
vt 0.8893 0.9538
vt 0.8831 0.9535
vt 0.2060 0.9474
vt 0.2132 0.9461
vt 0.9720 0.0125
vt 0.4215 0.1195
vt 0.4255 0.1260
vt 0.4172 0.1263
vt 0.4299 0.1192
vt 0.4253 0.1120
vt 0.4178 0.1134
vt 0.4131 0.1195
vt 0.4099 0.1260
vt 0.4145 0.1335
vt 0.4218 0.1335
vt 0.4293 0.1321
vt 0.4340 0.1260
vt 0.4372 0.1195
vt 0.4326 0.1120
vt 0.4274 0.1060
vt 0.4141 0.1539
vt 0.4069 0.1563
vt 0.4106 0.1615
vt 0.4113 0.1502
vt 0.4185 0.1479
vt 0.4223 0.1529
vt 0.4261 0.1479
vt 0.4306 0.1539
vt 0.4333 0.1502
vt 0.4377 0.1563
vt 0.4341 0.1615
vt 0.4235 0.3148
vt 0.4256 0.3088
vt 0.4183 0.3088
vt 0.4317 0.3134
vt 0.4331 0.3073
vt 0.4392 0.3088
vt 0.4296 0.1753
vt 0.4357 0.1772
vt 0.4357 0.1696
vt 0.4295 0.1817
vt 0.4223 0.1793
vt 0.2160 0.4261
vt 0.2099 0.4261
vt 0.2113 0.4333
vt 0.2113 0.4190
vt 0.4150 0.1753
vt 0.4152 0.1817
vt 0.4090 0.1772
vt 0.4090 0.1696
vt 0.4192 0.1073
vt 0.4117 0.1120
vt 0.4152 0.1676
vt 0.4179 0.1592
vt 0.4267 0.1592
vt 0.4295 0.1676
vt 0.4223 0.1728
vt 0.4223 0.1653
vt 0.4069 0.1192
vt 0.2041 0.4140
vt 0.2113 0.4128
vt 0.2038 0.4217
vt 0.2038 0.4305
vt 0.1970 0.4261
vt 0.1973 0.4179
vt 0.1973 0.4107
vt 0.1912 0.4152
vt 0.1898 0.4223
vt 0.3658 0.5006
vt 0.3614 0.4945
vt 0.3685 0.4969
vt 0.3575 0.4996
vt 0.3537 0.4945
vt 0.3493 0.5006
vt 0.3466 0.4969
vt 0.3421 0.5029
vt 0.3458 0.5081
vt 0.4312 0.2812
vt 0.4291 0.2872
vt 0.4364 0.2872
vt 0.4230 0.2826
vt 0.4216 0.2887
vt 0.4155 0.2872
vt 0.3503 0.5220
vt 0.3442 0.5238
vt 0.3442 0.5163
vt 0.3504 0.5283
vt 0.3575 0.5260
vt 0.2503 0.5061
vt 0.2442 0.5061
vt 0.2456 0.4990
vt 0.2456 0.5133
vt 0.3648 0.5220
vt 0.3647 0.5283
vt 0.3709 0.5238
vt 0.3709 0.5163
vt 0.4279 0.1382
vt 0.4354 0.1335
vt 0.4197 0.1395
vt 0.3730 0.5029
vt 0.3693 0.5081
vt 0.4084 0.1321
vt 0.3620 0.5059
vt 0.3531 0.5059
vt 0.3504 0.5143
vt 0.3575 0.5195
vt 0.3647 0.5143
vt 0.3575 0.5120
vt 0.4402 0.1263
vt 0.2384 0.5182
vt 0.2456 0.5195
vt 0.2381 0.5105
vt 0.2381 0.5017
vt 0.2313 0.5061
vt 0.2316 0.5144
vt 0.2316 0.5215
vt 0.2255 0.5171
vt 0.2241 0.5099
vt 0.2241 0.5023
vt 0.2316 0.4979
vt 0.2255 0.4952
vt 0.2316 0.4907
vt 0.4137 0.3012
vt 0.4123 0.3073
vt 0.4210 0.3015
vt 0.4294 0.3012
vt 0.4378 0.3012
vt 0.4440 0.3015
vt 0.2041 0.4382
vt 0.2113 0.4395
vt 0.1973 0.4344
vt 0.1973 0.4415
vt 0.4410 0.2947
vt 0.4337 0.2944
vt 0.4424 0.2887
vt 0.1912 0.4371
vt 0.1898 0.4299
vt 0.4253 0.2947
vt 0.4169 0.2947
vt 0.4107 0.2944
vt 0.2384 0.4940
vt 0.2456 0.4928
vt 0.4386 0.1134
vt 0.3625 0.8566
vt 0.3665 0.8632
vt 0.3581 0.8634
vt 0.3708 0.8564
vt 0.3662 0.8491
vt 0.3587 0.8506
vt 0.3541 0.8566
vt 0.3508 0.8632
vt 0.3555 0.8707
vt 0.3627 0.8707
vt 0.3703 0.8692
vt 0.3749 0.8632
vt 0.3782 0.8566
vt 0.3735 0.8491
vt 0.3683 0.8431
vt 0.1283 0.8511
vt 0.1212 0.8534
vt 0.1248 0.8586
vt 0.1256 0.8474
vt 0.1328 0.8450
vt 0.1366 0.8501
vt 0.1404 0.8450
vt 0.1448 0.8511
vt 0.1476 0.8474
vt 0.1520 0.8534
vt 0.1484 0.8586
vt 0.8578 0.1776
vt 0.8599 0.1716
vt 0.8526 0.1716
vt 0.8660 0.1763
vt 0.8674 0.1702
vt 0.8735 0.1716
vt 0.1439 0.8724
vt 0.1499 0.8743
vt 0.1499 0.8668
vt 0.1438 0.8788
vt 0.1366 0.8765
vt 0.7760 0.8585
vt 0.7699 0.8585
vt 0.7713 0.8657
vt 0.7713 0.8514
vt 0.1293 0.8724
vt 0.1294 0.8788
vt 0.1232 0.8743
vt 0.1232 0.8668
vt 0.3602 0.8445
vt 0.3526 0.8491
vt 0.1294 0.8648
vt 0.1322 0.8564
vt 0.1410 0.8564
vt 0.1438 0.8648
vt 0.1366 0.8700
vt 0.1366 0.8624
vt 0.3479 0.8564
vt 0.7641 0.8464
vt 0.7713 0.8452
vt 0.7638 0.8541
vt 0.7638 0.8629
vt 0.7570 0.8585
vt 0.7573 0.8503
vt 0.7573 0.8431
vt 0.7512 0.8475
vt 0.7498 0.8547
vt 0.2915 0.8568
vt 0.2871 0.8507
vt 0.2942 0.8531
vt 0.2833 0.8558
vt 0.2794 0.8507
vt 0.2750 0.8568
vt 0.2723 0.8531
vt 0.2679 0.8591
vt 0.2715 0.8643
vt 0.8655 0.1440
vt 0.8634 0.1501
vt 0.8707 0.1501
vt 0.8573 0.1454
vt 0.8559 0.1515
vt 0.8498 0.1501
vt 0.2760 0.8782
vt 0.2699 0.8800
vt 0.2699 0.8725
vt 0.2761 0.8845
vt 0.2833 0.8822
vt 0.8788 0.0966
vt 0.8727 0.0966
vt 0.8742 0.0894
vt 0.8742 0.1037
vt 0.2905 0.8782
vt 0.2904 0.8845
vt 0.2966 0.8800
vt 0.2966 0.8725
vt 0.3688 0.8753
vt 0.3763 0.8707
vt 0.3607 0.8767
vt 0.2987 0.8591
vt 0.2950 0.8643
vt 0.3494 0.8692
vt 0.2877 0.8621
vt 0.2788 0.8621
vt 0.2761 0.8705
vt 0.2833 0.8757
vt 0.2904 0.8705
vt 0.2833 0.8682
vt 0.3811 0.8634
vt 0.8670 0.1087
vt 0.8742 0.1099
vt 0.8667 0.1010
vt 0.8667 0.0922
vt 0.8599 0.0966
vt 0.8602 0.1048
vt 0.8602 0.1120
vt 0.8541 0.1076
vt 0.8526 0.1004
vt 0.8526 0.0928
vt 0.8602 0.0883
vt 0.8541 0.0856
vt 0.8602 0.0812
vt 0.8480 0.1641
vt 0.8465 0.1702
vt 0.8553 0.1644
vt 0.8636 0.1641
vt 0.8721 0.1641
vt 0.8783 0.1644
vt 0.7641 0.8706
vt 0.7713 0.8719
vt 0.7573 0.8668
vt 0.7573 0.8739
vt 0.8753 0.1576
vt 0.8680 0.1573
vt 0.8767 0.1515
vt 0.7512 0.8695
vt 0.7498 0.8623
vt 0.8596 0.1576
vt 0.8512 0.1576
vt 0.8450 0.1573
vt 0.8670 0.0845
vt 0.8742 0.0832
vt 0.3796 0.8506
vt 0.6463 0.2128
vt 0.6503 0.2193
vt 0.6420 0.2196
vt 0.6547 0.2125
vt 0.6500 0.2053
vt 0.6425 0.2068
vt 0.6379 0.2128
vt 0.6346 0.2193
vt 0.6393 0.2269
vt 0.6465 0.2269
vt 0.6541 0.2254
vt 0.6587 0.2193
vt 0.6620 0.2128
vt 0.6573 0.2053
vt 0.6521 0.1993
vt 0.0903 0.6568
vt 0.0831 0.6591
vt 0.0867 0.6643
vt 0.0875 0.6531
vt 0.0947 0.6507
vt 0.0985 0.6558
vt 0.1023 0.6507
vt 0.1067 0.6568
vt 0.1095 0.6531
vt 0.1139 0.6591
vt 0.1103 0.6643
vt 0.1340 0.6843
vt 0.1361 0.6783
vt 0.1288 0.6783
vt 0.1422 0.6829
vt 0.1436 0.6768
vt 0.1497 0.6783
vt 0.1058 0.6782
vt 0.1118 0.6800
vt 0.1118 0.6725
vt 0.1057 0.6845
vt 0.0985 0.6822
vt 0.4141 0.5728
vt 0.4080 0.5728
vt 0.4094 0.5799
vt 0.4094 0.5656
vt 0.0912 0.6782
vt 0.0913 0.6845
vt 0.0852 0.6800
vt 0.0852 0.6725
vt 0.6440 0.2007
vt 0.6364 0.2053
vt 0.0913 0.6705
vt 0.0941 0.6621
vt 0.1029 0.6621
vt 0.1057 0.6705
vt 0.0985 0.6757
vt 0.0985 0.6682
vt 0.6317 0.2125
vt 0.4022 0.5607
vt 0.4094 0.5594
vt 0.4019 0.5684
vt 0.4019 0.5772
vt 0.3951 0.5728
vt 0.3954 0.5645
vt 0.3954 0.5574
vt 0.3893 0.5618
vt 0.3879 0.5690
vt 0.0687 0.6644
vt 0.0642 0.6583
vt 0.0714 0.6607
vt 0.0604 0.6634
vt 0.0566 0.6583
vt 0.0522 0.6644
vt 0.0494 0.6607
vt 0.0450 0.6668
vt 0.0486 0.6720
vt 0.1416 0.6507
vt 0.1396 0.6567
vt 0.1468 0.6567
vt 0.1335 0.6521
vt 0.1321 0.6582
vt 0.1260 0.6567
vt 0.0531 0.6858
vt 0.0471 0.6876
vt 0.0471 0.6801
vt 0.0532 0.6921
vt 0.0604 0.6898
vt 0.2255 0.5785
vt 0.2194 0.5785
vt 0.2208 0.5713
vt 0.2208 0.5857
vt 0.0677 0.6858
vt 0.0676 0.6921
vt 0.0738 0.6876
vt 0.0738 0.6801
vt 0.6526 0.2315
vt 0.6602 0.2269
vt 0.6445 0.2329
vt 0.0758 0.6668
vt 0.0722 0.6720
vt 0.6332 0.2254
vt 0.0648 0.6697
vt 0.0560 0.6697
vt 0.0532 0.6781
vt 0.0604 0.6833
vt 0.0676 0.6781
vt 0.0604 0.6758
vt 0.6649 0.2196
vt 0.2136 0.5906
vt 0.2208 0.5919
vt 0.2133 0.5829
vt 0.2133 0.5741
vt 0.2065 0.5785
vt 0.2068 0.5868
vt 0.2068 0.5939
vt 0.2007 0.5895
vt 0.1993 0.5823
vt 0.1993 0.5747
vt 0.2068 0.5703
vt 0.2007 0.5675
vt 0.2068 0.5631
vt 0.1241 0.6708
vt 0.1227 0.6768
vt 0.1315 0.6711
vt 0.1398 0.6708
vt 0.1482 0.6708
vt 0.1544 0.6711
vt 0.4022 0.5849
vt 0.4094 0.5861
vt 0.3954 0.5810
vt 0.3954 0.5882
vt 0.1515 0.6643
vt 0.1442 0.6640
vt 0.1529 0.6582
vt 0.3893 0.5838
vt 0.3879 0.5766
vt 0.1358 0.6643
vt 0.1274 0.6643
vt 0.1212 0.6640
vt 0.2136 0.5664
vt 0.2208 0.5652
vt 0.6634 0.2068
vt 0.3225 0.1385
vt 0.3265 0.1451
vt 0.3181 0.1453
vt 0.3308 0.1383
vt 0.3262 0.1310
vt 0.3187 0.1325
vt 0.3141 0.1385
vt 0.3108 0.1451
vt 0.3155 0.1526
vt 0.3227 0.1526
vt 0.3303 0.1511
vt 0.3349 0.1451
vt 0.3382 0.1385
vt 0.3335 0.1310
vt 0.3283 0.1250
vt 0.3303 0.0320
vt 0.3231 0.0344
vt 0.3267 0.0396
vt 0.3275 0.0283
vt 0.3347 0.0260
vt 0.3385 0.0310
vt 0.3423 0.0260
vt 0.3468 0.0320
vt 0.3495 0.0283
vt 0.3539 0.0344
vt 0.3503 0.0396
vt 0.3492 0.2843
vt 0.3513 0.2783
vt 0.3440 0.2783
vt 0.3574 0.2829
vt 0.3588 0.2768
vt 0.3649 0.2783
vt 0.3458 0.0534
vt 0.3518 0.0553
vt 0.3518 0.0477
vt 0.3457 0.0597
vt 0.3385 0.0574
vt 0.3569 0.1785
vt 0.3508 0.1785
vt 0.3523 0.1857
vt 0.3523 0.1713
vt 0.3312 0.0534
vt 0.3313 0.0597
vt 0.3252 0.0553
vt 0.3252 0.0477
vt 0.3202 0.1264
vt 0.3126 0.1310
vt 0.3313 0.0457
vt 0.3341 0.0373
vt 0.3429 0.0373
vt 0.3457 0.0457
vt 0.3385 0.0509
vt 0.3385 0.0434
vt 0.3079 0.1383
vt 0.3450 0.1664
vt 0.3523 0.1652
vt 0.3448 0.1741
vt 0.3448 0.1829
vt 0.3380 0.1785
vt 0.3382 0.1703
vt 0.3382 0.1631
vt 0.3322 0.1675
vt 0.3307 0.1747
vt 0.4001 0.2625
vt 0.3957 0.2564
vt 0.4028 0.2588
vt 0.3918 0.2615
vt 0.3880 0.2564
vt 0.3836 0.2625
vt 0.3809 0.2588
vt 0.3764 0.2648
vt 0.3801 0.2701
vt 0.3569 0.2507
vt 0.3548 0.2567
vt 0.3621 0.2567
vt 0.3487 0.2521
vt 0.3473 0.2582
vt 0.3412 0.2567
vt 0.3846 0.2839
vt 0.3785 0.2857
vt 0.3785 0.2782
vt 0.3847 0.2902
vt 0.3918 0.2879
vt 0.2636 0.4014
vt 0.2575 0.4014
vt 0.2589 0.3942
vt 0.2589 0.4085
vt 0.3991 0.2839
vt 0.3990 0.2902
vt 0.4052 0.2857
vt 0.4052 0.2782
vt 0.3288 0.1572
vt 0.3363 0.1526
vt 0.3207 0.1586
vt 0.4072 0.2648
vt 0.4036 0.2701
vt 0.3094 0.1511
vt 0.3963 0.2678
vt 0.3874 0.2678
vt 0.3847 0.2762
vt 0.3918 0.2814
vt 0.3990 0.2762
vt 0.3918 0.2739
vt 0.3411 0.1453
vt 0.2517 0.4134
vt 0.2589 0.4147
vt 0.2514 0.4058
vt 0.2514 0.3969
vt 0.2446 0.4014
vt 0.2449 0.4096
vt 0.2449 0.4168
vt 0.2388 0.4123
vt 0.2374 0.4052
vt 0.2374 0.3975
vt 0.2449 0.3931
vt 0.2388 0.3904
vt 0.2449 0.3860
vt 0.3394 0.2708
vt 0.3380 0.2768
vt 0.3467 0.2711
vt 0.3551 0.2708
vt 0.3635 0.2708
vt 0.3697 0.2711
vt 0.3450 0.1906
vt 0.3523 0.1918
vt 0.3382 0.1867
vt 0.3382 0.1939
vt 0.3667 0.2643
vt 0.3594 0.2640
vt 0.3682 0.2582
vt 0.3322 0.1895
vt 0.3307 0.1823
vt 0.3510 0.2643
vt 0.3426 0.2643
vt 0.3364 0.2640
vt 0.2517 0.3893
vt 0.2589 0.3880
vt 0.3396 0.1325
vt 0.0071 0.1974
vt 0.0079 0.1974
vt 0.0079 0.2209
vt 0.0071 0.2207
vt 0.0596 0.0058
vt 0.0596 0.0050
vt 0.0583 0.0050
vt 0.0583 0.0058
vt 0.0608 0.0058
vt 0.0608 0.0050
vt 0.0695 0.0058
vt 0.0695 0.0050
vt 0.0708 0.0058
vt 0.0708 0.0050
vt 0.0720 0.0058
vt 0.0720 0.0050
vt 0.0708 0.0067
vt 0.0720 0.0067
vt 0.0695 0.0067
vt 0.0608 0.0067
vt 0.0596 0.0067
vt 0.0583 0.0067
vt 0.0062 0.2209
vt 0.0062 0.1974
vt 0.0050 0.2198
vt 0.0050 0.1974
vt 0.2355 0.2660
vt 0.2367 0.2672
vt 0.2579 0.2672
vt 0.2579 0.2660
vt 0.2367 0.2759
vt 0.2579 0.2759
vt 0.2579 0.2772
vt 0.2374 0.2772
vt 0.0695 0.0079
vt 0.0708 0.0079
vt 0.0720 0.0079
vt 0.2389 0.2784
vt 0.2579 0.2784
vt 0.2386 0.2784
vt 0.0608 0.0079
vt 0.0596 0.0079
vt 0.2064 0.2107
vt 0.2077 0.2120
vt 0.1872 0.2120
vt 0.1872 0.2107
vt 0.1872 0.2132
vt 0.2083 0.2132
vt 0.1860 0.2132
vt 0.1860 0.2120
vt 0.1860 0.2107
vt 0.1860 0.2219
vt 0.1872 0.2219
vt 0.2083 0.2219
vt 0.1872 0.2232
vt 0.2096 0.2232
vt 0.1860 0.2232
vt 0.1872 0.2244
vt 0.2107 0.2244
vt 0.0272 0.1797
vt 0.0280 0.1797
vt 0.0280 0.1596
vt 0.0272 0.1595
vt 0.0289 0.1596
vt 0.0289 0.1797
vt 0.0301 0.1785
vt 0.0301 0.1596
vt 0.0260 0.1593
vt 0.0260 0.1785
vt 0.3949 0.4871
vt 0.3989 0.4936
vt 0.3905 0.4939
vt 0.4032 0.4868
vt 0.3986 0.4796
vt 0.3911 0.4810
vt 0.3864 0.4871
vt 0.3832 0.4936
vt 0.3878 0.5012
vt 0.3951 0.5012
vt 0.4026 0.4997
vt 0.4073 0.4936
vt 0.4105 0.4871
vt 0.4059 0.4796
vt 0.4007 0.4736
vt 0.1950 0.4854
vt 0.1879 0.4877
vt 0.1915 0.4929
vt 0.1923 0.4816
vt 0.1994 0.4793
vt 0.2033 0.4844
vt 0.2071 0.4793
vt 0.2115 0.4854
vt 0.2142 0.4816
vt 0.2187 0.4877
vt 0.2150 0.4929
vt 0.0502 0.2900
vt 0.0523 0.2840
vt 0.0450 0.2840
vt 0.0583 0.2887
vt 0.0598 0.2826
vt 0.0659 0.2840
vt 0.2105 0.5067
vt 0.2166 0.5086
vt 0.2166 0.5011
vt 0.2104 0.5131
vt 0.2033 0.5108
vt 0.0312 0.2890
vt 0.0251 0.2890
vt 0.0266 0.2961
vt 0.0266 0.2818
vt 0.1960 0.5067
vt 0.1961 0.5131
vt 0.1899 0.5086
vt 0.1899 0.5011
vt 0.3925 0.4749
vt 0.3850 0.4796
vt 0.1961 0.4991
vt 0.1988 0.4906
vt 0.2077 0.4906
vt 0.2104 0.4991
vt 0.2033 0.5043
vt 0.2033 0.4967
vt 0.3802 0.4868
vt 0.0193 0.2769
vt 0.0266 0.2756
vt 0.0190 0.2846
vt 0.0190 0.2934
vt 0.0122 0.2890
vt 0.0125 0.2807
vt 0.0125 0.2736
vt 0.0065 0.2780
vt 0.0050 0.2852
vt 0.2991 0.1673
vt 0.2947 0.1612
vt 0.3018 0.1635
vt 0.2909 0.1663
vt 0.2871 0.1612
vt 0.2826 0.1673
vt 0.2799 0.1635
vt 0.2755 0.1696
vt 0.2791 0.1748
vt 0.0578 0.2564
vt 0.0558 0.2625
vt 0.0630 0.2625
vt 0.0497 0.2578
vt 0.0482 0.2639
vt 0.0421 0.2625
vt 0.2836 0.1886
vt 0.2775 0.1905
vt 0.2775 0.1830
vt 0.2837 0.1950
vt 0.2909 0.1927
vt 0.3055 0.1214
vt 0.2994 0.1214
vt 0.3008 0.1142
vt 0.3008 0.1285
vt 0.2981 0.1886
vt 0.2980 0.1950
vt 0.3042 0.1905
vt 0.3042 0.1830
vt 0.4012 0.5058
vt 0.4087 0.5012
vt 0.3930 0.5072
vt 0.3063 0.1696
vt 0.3026 0.1748
vt 0.3818 0.4997
vt 0.2953 0.1725
vt 0.2865 0.1725
vt 0.2837 0.1810
vt 0.2909 0.1862
vt 0.2980 0.1810
vt 0.2909 0.1786
vt 0.4135 0.4939
vt 0.2936 0.1334
vt 0.3008 0.1347
vt 0.2933 0.1258
vt 0.2933 0.1169
vt 0.2865 0.1214
vt 0.2868 0.1296
vt 0.2868 0.1368
vt 0.2807 0.1323
vt 0.2793 0.1252
vt 0.2793 0.1175
vt 0.2868 0.1131
vt 0.2807 0.1104
vt 0.2868 0.1060
vt 0.0403 0.2765
vt 0.0389 0.2826
vt 0.0477 0.2768
vt 0.0560 0.2765
vt 0.0644 0.2765
vt 0.0706 0.2768
vt 0.0193 0.3011
vt 0.0266 0.3023
vt 0.0125 0.2972
vt 0.0125 0.3044
vt 0.0677 0.2700
vt 0.0604 0.2697
vt 0.0691 0.2639
vt 0.0065 0.2999
vt 0.0050 0.2928
vt 0.0520 0.2700
vt 0.0436 0.2700
vt 0.0374 0.2697
vt 0.2936 0.1093
vt 0.3008 0.1080
vt 0.4120 0.4810
vt 0.7625 0.4033
vt 0.7665 0.4098
vt 0.7581 0.4101
vt 0.7708 0.4030
vt 0.7662 0.3958
vt 0.7587 0.3972
vt 0.7541 0.4033
vt 0.7508 0.4098
vt 0.7555 0.4173
vt 0.7627 0.4173
vt 0.7703 0.4159
vt 0.7749 0.4098
vt 0.7782 0.4033
vt 0.7735 0.3958
vt 0.7683 0.3898
vt 0.7284 0.6968
vt 0.7212 0.6991
vt 0.7248 0.7043
vt 0.7256 0.6931
vt 0.7328 0.6907
vt 0.7366 0.6958
vt 0.7404 0.6907
vt 0.7449 0.6968
vt 0.7476 0.6931
vt 0.7520 0.6991
vt 0.7484 0.7043
vt 0.1473 0.7586
vt 0.1494 0.7526
vt 0.1421 0.7526
vt 0.1555 0.7572
vt 0.1569 0.7511
vt 0.1630 0.7526
vt 0.7439 0.7182
vt 0.7499 0.7200
vt 0.7499 0.7125
vt 0.7438 0.7245
vt 0.7366 0.7222
vt 0.7474 0.0337
vt 0.7413 0.0337
vt 0.7428 0.0409
vt 0.7428 0.0266
vt 0.7293 0.7182
vt 0.7294 0.7245
vt 0.7233 0.7200
vt 0.7233 0.7125
vt 0.7602 0.3911
vt 0.7526 0.3958
vt 0.7294 0.7105
vt 0.7322 0.7021
vt 0.7410 0.7021
vt 0.7438 0.7105
vt 0.7366 0.7157
vt 0.7366 0.7082
vt 0.7479 0.4030
vt 0.7355 0.0217
vt 0.7428 0.0204
vt 0.7352 0.0293
vt 0.7352 0.0382
vt 0.7284 0.0337
vt 0.7287 0.0255
vt 0.7287 0.0183
vt 0.7226 0.0228
vt 0.7212 0.0299
vt 0.3334 0.3920
vt 0.3290 0.3860
vt 0.3361 0.3883
vt 0.3252 0.3910
vt 0.3213 0.3860
vt 0.3169 0.3920
vt 0.3142 0.3883
vt 0.3098 0.3944
vt 0.3134 0.3996
vt 0.1550 0.7250
vt 0.1529 0.7310
vt 0.1602 0.7310
vt 0.1468 0.7264
vt 0.1454 0.7325
vt 0.1393 0.7310
vt 0.3179 0.4134
vt 0.3118 0.4153
vt 0.3118 0.4077
vt 0.3180 0.4198
vt 0.3252 0.4174
vt 0.3741 0.4014
vt 0.3680 0.4014
vt 0.3694 0.3942
vt 0.3694 0.4085
vt 0.3324 0.4134
vt 0.3323 0.4198
vt 0.3385 0.4153
vt 0.3385 0.4077
vt 0.7688 0.4220
vt 0.7764 0.4173
vt 0.7607 0.4234
vt 0.3406 0.3944
vt 0.3369 0.3996
vt 0.7494 0.4159
vt 0.3296 0.3973
vt 0.3207 0.3973
vt 0.3180 0.4057
vt 0.3252 0.4109
vt 0.3323 0.4057
vt 0.3252 0.4034
vt 0.7811 0.4101
vt 0.3622 0.4134
vt 0.3694 0.4147
vt 0.3619 0.4058
vt 0.3619 0.3969
vt 0.3551 0.4014
vt 0.3554 0.4096
vt 0.3554 0.4168
vt 0.3493 0.4123
vt 0.3479 0.4052
vt 0.3479 0.3975
vt 0.3554 0.3931
vt 0.3493 0.3904
vt 0.3554 0.3860
vt 0.1375 0.7451
vt 0.1361 0.7511
vt 0.1448 0.7453
vt 0.1532 0.7451
vt 0.1616 0.7451
vt 0.1678 0.7453
vt 0.7355 0.0458
vt 0.7428 0.0471
vt 0.7287 0.0420
vt 0.7287 0.0491
vt 0.1648 0.7386
vt 0.1575 0.7383
vt 0.1662 0.7325
vt 0.7226 0.0447
vt 0.7212 0.0376
vt 0.1491 0.7386
vt 0.1407 0.7386
vt 0.1345 0.7383
vt 0.3622 0.3893
vt 0.3694 0.3880
vt 0.7796 0.3972
vt 0.8882 0.1252
vt 0.8922 0.1317
vt 0.8839 0.1320
vt 0.8966 0.1249
vt 0.8920 0.1177
vt 0.8844 0.1191
vt 0.8798 0.1252
vt 0.8765 0.1317
vt 0.8812 0.1392
vt 0.8885 0.1392
vt 0.8960 0.1378
vt 0.9006 0.1317
vt 0.9039 0.1252
vt 0.8992 0.1177
vt 0.8940 0.1117
vt 0.8845 0.0473
vt 0.8774 0.0496
vt 0.8810 0.0548
vt 0.8818 0.0435
vt 0.8890 0.0412
vt 0.8928 0.0463
vt 0.8966 0.0412
vt 0.9010 0.0473
vt 0.9038 0.0435
vt 0.9082 0.0496
vt 0.9045 0.0548
vt 0.8883 0.5281
vt 0.8904 0.5221
vt 0.8831 0.5221
vt 0.8964 0.5268
vt 0.8979 0.5207
vt 0.9040 0.5221
vt 0.9001 0.0686
vt 0.9061 0.0705
vt 0.9061 0.0630
vt 0.8999 0.0750
vt 0.8928 0.0727
vt 0.1036 0.9023
vt 0.0975 0.9023
vt 0.0989 0.9095
vt 0.0989 0.8952
vt 0.8855 0.0686
vt 0.8856 0.0750
vt 0.8794 0.0705
vt 0.8794 0.0630
vt 0.8859 0.1130
vt 0.8783 0.1177
vt 0.8856 0.0610
vt 0.8884 0.0525
vt 0.8972 0.0525
vt 0.8999 0.0610
vt 0.8928 0.0662
vt 0.8928 0.0586
vt 0.8736 0.1249
vt 0.0917 0.8902
vt 0.0989 0.8890
vt 0.0914 0.8979
vt 0.0914 0.9067
vt 0.0846 0.9023
vt 0.0849 0.8941
vt 0.0849 0.8869
vt 0.0788 0.8914
vt 0.0774 0.8985
vt 0.1353 0.8930
vt 0.1309 0.8869
vt 0.1380 0.8893
vt 0.1271 0.8920
vt 0.1232 0.8869
vt 0.1188 0.8930
vt 0.1161 0.8893
vt 0.1117 0.8953
vt 0.1153 0.9005
vt 0.8959 0.4945
vt 0.8939 0.5005
vt 0.9011 0.5005
vt 0.8878 0.4959
vt 0.8863 0.5020
vt 0.8803 0.5005
vt 0.1198 0.9144
vt 0.1137 0.9162
vt 0.1137 0.9087
vt 0.1199 0.9207
vt 0.1271 0.9184
vt 0.7569 0.9042
vt 0.7508 0.9042
vt 0.7523 0.8971
vt 0.7523 0.9114
vt 0.1343 0.9144
vt 0.1342 0.9207
vt 0.1404 0.9162
vt 0.1404 0.9087
vt 0.8945 0.1439
vt 0.9021 0.1392
vt 0.8864 0.1453
vt 0.1425 0.8953
vt 0.1388 0.9005
vt 0.8751 0.1378
vt 0.1315 0.8983
vt 0.1226 0.8983
vt 0.1199 0.9067
vt 0.1271 0.9119
vt 0.1342 0.9067
vt 0.1271 0.9044
vt 0.9068 0.1320
vt 0.7450 0.9163
vt 0.7523 0.9176
vt 0.7448 0.9086
vt 0.7448 0.8998
vt 0.7380 0.9042
vt 0.7382 0.9125
vt 0.7382 0.9196
vt 0.7322 0.9152
vt 0.7307 0.9081
vt 0.7307 0.9004
vt 0.7382 0.8960
vt 0.7322 0.8933
vt 0.7382 0.8888
vt 0.8784 0.5146
vt 0.8770 0.5207
vt 0.8858 0.5149
vt 0.8941 0.5146
vt 0.9025 0.5146
vt 0.9087 0.5149
vt 0.0917 0.9144
vt 0.0989 0.9157
vt 0.0849 0.9106
vt 0.0849 0.9177
vt 0.9058 0.5081
vt 0.8985 0.5078
vt 0.9072 0.5020
vt 0.0788 0.9133
vt 0.0774 0.9061
vt 0.8901 0.5081
vt 0.8817 0.5081
vt 0.8755 0.5078
vt 0.7450 0.8921
vt 0.7523 0.8909
vt 0.9053 0.1191
vt 0.6577 0.9434
vt 0.6551 0.9467
vt 0.6601 0.9496
vt 0.6618 0.9475
vt 0.6548 0.9405
vt 0.6515 0.9447
vt 0.0355 0.3052
vt 0.0401 0.3052
vt 0.0410 0.2983
vt 0.0368 0.2983
vt 0.6997 0.1092
vt 0.6962 0.1057
vt 0.6919 0.1113
vt 0.6962 0.1138
vt 0.7043 0.1057
vt 0.7018 0.1014
vt 0.7096 0.1035
vt 0.7084 0.0987
vt 0.7154 0.1027
vt 0.7154 0.0978
vt 0.7211 0.1035
vt 0.7224 0.0987
vt 0.7265 0.1057
vt 0.7289 0.1014
vt 0.7310 0.1092
vt 0.7345 0.1057
vt 0.7346 0.1138
vt 0.7388 0.1113
vt 0.7368 0.1192
vt 0.7416 0.1179
vt 0.7375 0.1249
vt 0.7425 0.1249
vt 0.7368 0.1306
vt 0.7416 0.1319
vt 0.7346 0.1360
vt 0.7388 0.1384
vt 0.7310 0.1406
vt 0.7345 0.1441
vt 0.7265 0.1441
vt 0.7289 0.1484
vt 0.7211 0.1463
vt 0.7224 0.1511
vt 0.7154 0.1470
vt 0.7154 0.1520
vt 0.7096 0.1463
vt 0.7084 0.1511
vt 0.7043 0.1441
vt 0.7018 0.1484
vt 0.6997 0.1406
vt 0.6962 0.1441
vt 0.6962 0.1360
vt 0.6919 0.1384
vt 0.6940 0.1306
vt 0.6892 0.1319
vt 0.6932 0.1249
vt 0.6883 0.1249
vt 0.6940 0.1192
vt 0.6892 0.1179
vt 0.6854 0.1168
vt 0.6885 0.1094
vt 0.6843 0.1249
vt 0.6854 0.1329
vt 0.6885 0.1404
vt 0.6934 0.1469
vt 0.6998 0.1518
vt 0.7073 0.1549
vt 0.7154 0.1560
vt 0.7234 0.1549
vt 0.7309 0.1518
vt 0.7374 0.1469
vt 0.7423 0.1404
vt 0.7454 0.1329
vt 0.7465 0.1249
vt 0.7454 0.1168
vt 0.7423 0.1094
vt 0.7374 0.1029
vt 0.7309 0.0980
vt 0.7234 0.0949
vt 0.7154 0.0938
vt 0.7073 0.0949
vt 0.6998 0.0980
vt 0.6934 0.1029
vt 0.6817 0.1054
vt 0.6878 0.0974
vt 0.6778 0.1148
vt 0.6764 0.1249
vt 0.6778 0.1350
vt 0.6817 0.1444
vt 0.6878 0.1524
vt 0.6959 0.1586
vt 0.7053 0.1625
vt 0.7154 0.1638
vt 0.7255 0.1625
vt 0.7348 0.1586
vt 0.7429 0.1524
vt 0.7491 0.1444
vt 0.7530 0.1350
vt 0.7543 0.1249
vt 0.7530 0.1148
vt 0.7491 0.1054
vt 0.7429 0.0974
vt 0.7348 0.0912
vt 0.7255 0.0873
vt 0.7154 0.0860
vt 0.7053 0.0873
vt 0.6959 0.0912
vt 0.6902 0.0813
vt 0.6798 0.0893
vt 0.6852 0.0726
vt 0.6727 0.0822
vt 0.6811 0.0656
vt 0.6670 0.0765
vt 0.8303 0.5777
vt 0.8303 0.5625
vt 0.8202 0.5661
vt 0.8202 0.5803
vt 0.8415 0.5768
vt 0.8415 0.5612
vt 0.8539 0.5612
vt 0.8539 0.5768
vt 0.6511 0.8501
vt 0.6511 0.8377
vt 0.6355 0.8377
vt 0.6355 0.8501
vt 0.6693 0.8501
vt 0.6693 0.8377
vt 0.6888 0.8501
vt 0.6888 0.8377
vt 0.7083 0.8501
vt 0.7083 0.8377
vt 0.7265 0.8501
vt 0.7265 0.8377
vt 0.7422 0.8501
vt 0.7422 0.8377
vt 0.8260 0.2789
vt 0.8383 0.2789
vt 0.8383 0.2945
vt 0.8260 0.2945
vt 0.8260 0.2607
vt 0.8383 0.2607
vt 0.8260 0.2412
vt 0.8383 0.2412
vt 0.8260 0.2217
vt 0.8383 0.2217
vt 0.8260 0.2035
vt 0.8383 0.2035
vt 0.8260 0.1879
vt 0.8383 0.1879
vt 0.4035 0.8298
vt 0.4035 0.8421
vt 0.3879 0.8421
vt 0.3879 0.8298
vt 0.4217 0.8298
vt 0.4217 0.8421
vt 0.4412 0.8298
vt 0.4412 0.8421
vt 0.4607 0.8298
vt 0.4607 0.8421
vt 0.4789 0.8298
vt 0.4789 0.8421
vt 0.4945 0.8298
vt 0.4945 0.8421
vt 0.8539 0.6522
vt 0.8415 0.6522
vt 0.8415 0.6679
vt 0.8539 0.6679
vt 0.8539 0.6341
vt 0.8415 0.6341
vt 0.8539 0.6145
vt 0.8415 0.6145
vt 0.8539 0.5950
vt 0.8415 0.5950
vt 0.8303 0.5955
vt 0.8202 0.5968
vt 0.6977 0.0588
vt 0.6997 0.0665
vt 0.7024 0.0763
vt 0.7154 0.0746
vt 0.7154 0.0645
vt 0.7154 0.0564
vt 0.8303 0.6145
vt 0.8202 0.6145
vt 0.8303 0.6336
vt 0.8202 0.6323
vt 0.7331 0.0588
vt 0.7310 0.0665
vt 0.7284 0.0763
vt 0.7405 0.0813
vt 0.7456 0.0726
vt 0.7496 0.0656
vt 0.8303 0.6513
vt 0.8202 0.6488
vt 0.8303 0.6666
vt 0.8202 0.6629
vt 0.7638 0.0765
vt 0.7581 0.0822
vt 0.7509 0.0893
vt 0.7589 0.0998
vt 0.7677 0.0947
vt 0.7747 0.0907
vt 0.4780 0.8534
vt 0.4933 0.8534
vt 0.4896 0.8634
vt 0.4754 0.8634
vt 0.4603 0.8534
vt 0.4589 0.8634
vt 0.7815 0.1072
vt 0.7737 0.1093
vt 0.7639 0.1119
vt 0.7657 0.1249
vt 0.7758 0.1249
vt 0.7838 0.1249
vt 0.4412 0.8534
vt 0.4412 0.8634
vt 0.4221 0.8534
vt 0.4235 0.8634
vt 0.7815 0.1426
vt 0.7737 0.1405
vt 0.7639 0.1379
vt 0.7589 0.1500
vt 0.7677 0.1551
vt 0.7747 0.1591
vt 0.4044 0.8534
vt 0.4070 0.8634
vt 0.3891 0.8534
vt 0.3928 0.8634
vt 0.7638 0.1733
vt 0.7581 0.1676
vt 0.7509 0.1604
vt 0.7405 0.1684
vt 0.7456 0.1772
vt 0.7496 0.1842
vt 0.8495 0.2044
vt 0.8495 0.1891
vt 0.8596 0.1928
vt 0.8596 0.2070
vt 0.8495 0.2221
vt 0.8596 0.2235
vt 0.7331 0.1910
vt 0.7310 0.1833
vt 0.7284 0.1735
vt 0.7154 0.1752
vt 0.7154 0.1853
vt 0.7154 0.1934
vt 0.8495 0.2412
vt 0.8596 0.2412
vt 0.8495 0.2602
vt 0.8596 0.2589
vt 0.6977 0.1910
vt 0.6997 0.1833
vt 0.7024 0.1735
vt 0.6902 0.1684
vt 0.6852 0.1772
vt 0.6811 0.1842
vt 0.8495 0.2780
vt 0.8596 0.2754
vt 0.8495 0.2933
vt 0.8596 0.2896
vt 0.6670 0.1733
vt 0.6727 0.1676
vt 0.6798 0.1604
vt 0.6718 0.1500
vt 0.6631 0.1551
vt 0.6561 0.1591
vt 0.7256 0.8265
vt 0.7409 0.8265
vt 0.7372 0.8164
vt 0.7230 0.8164
vt 0.7079 0.8265
vt 0.7065 0.8164
vt 0.6492 0.1426
vt 0.6570 0.1405
vt 0.6668 0.1379
vt 0.6651 0.1249
vt 0.6550 0.1249
vt 0.6469 0.1249
vt 0.6888 0.8265
vt 0.6888 0.8164
vt 0.6698 0.8265
vt 0.6711 0.8164
vt 0.6492 0.1072
vt 0.6570 0.1093
vt 0.6668 0.1119
vt 0.6718 0.0998
vt 0.6631 0.0947
vt 0.6561 0.0907
vt 0.6520 0.8265
vt 0.6546 0.8164
vt 0.6368 0.8265
vt 0.6404 0.8164
vt 0.0454 0.3052
vt 0.0459 0.2983
vt 0.0511 0.3052
vt 0.0511 0.2983
vt 0.0569 0.3052
vt 0.0564 0.2983
vt 0.0622 0.3052
vt 0.0613 0.2983
vt 0.0668 0.3052
vt 0.0655 0.2983
vt 0.1840 0.3030
vt 0.1840 0.2984
vt 0.1909 0.2975
vt 0.1909 0.3017
vt 0.1840 0.2931
vt 0.1909 0.2926
vt 0.1840 0.2873
vt 0.1909 0.2873
vt 0.1840 0.2816
vt 0.1909 0.2821
vt 0.1840 0.2763
vt 0.1909 0.2772
vt 0.1840 0.2717
vt 0.1909 0.2730
vt 0.3707 0.2983
vt 0.3753 0.2983
vt 0.3762 0.3052
vt 0.3720 0.3052
vt 0.3807 0.2983
vt 0.3811 0.3052
vt 0.3864 0.2983
vt 0.3864 0.3052
vt 0.3921 0.2983
vt 0.3916 0.3052
vt 0.3975 0.2983
vt 0.3965 0.3052
vt 0.4021 0.2983
vt 0.4008 0.3052
vt 0.3680 0.0363
vt 0.3680 0.0317
vt 0.3612 0.0308
vt 0.3612 0.0350
vt 0.3680 0.0264
vt 0.3612 0.0259
vt 0.3680 0.0207
vt 0.3612 0.0207
vt 0.3680 0.0149
vt 0.3612 0.0154
vt 0.3680 0.0096
vt 0.3612 0.0105
vt 0.3680 0.0050
vt 0.3612 0.0063
vt 0.6590 0.9373
vt 0.6610 0.9408
vt 0.6639 0.9458
vt 0.6691 0.9548
vt 0.6664 0.9448
vt 0.6691 0.9444
vt 0.6718 0.9448
vt 0.6743 0.9458
vt 0.6765 0.9475
vt 0.6781 0.9496
vt 0.6792 0.9522
vt 0.6795 0.9548
vt 0.6792 0.9575
vt 0.6781 0.9601
vt 0.6765 0.9622
vt 0.6743 0.9639
vt 0.6718 0.9649
vt 0.6691 0.9653
vt 0.6664 0.9649
vt 0.6639 0.9639
vt 0.6618 0.9622
vt 0.6601 0.9601
vt 0.6591 0.9575
vt 0.6587 0.9548
vt 0.6591 0.9522
vt 0.6535 0.9507
vt 0.6495 0.9496
vt 0.6488 0.9548
vt 0.6529 0.9548
vt 0.6495 0.9601
vt 0.6535 0.9590
vt 0.6515 0.9650
vt 0.6551 0.9629
vt 0.6548 0.9692
vt 0.6577 0.9663
vt 0.6590 0.9724
vt 0.6610 0.9689
vt 0.6639 0.9745
vt 0.6649 0.9705
vt 0.6691 0.9752
vt 0.6691 0.9710
vt 0.6744 0.9745
vt 0.6733 0.9705
vt 0.6793 0.9724
vt 0.6772 0.9689
vt 0.6835 0.9692
vt 0.6806 0.9663
vt 0.6867 0.9650
vt 0.6832 0.9629
vt 0.6888 0.9601
vt 0.6848 0.9590
vt 0.6894 0.9548
vt 0.6853 0.9548
vt 0.6888 0.9496
vt 0.6848 0.9507
vt 0.6867 0.9447
vt 0.6832 0.9467
vt 0.6835 0.9405
vt 0.6806 0.9434
vt 0.6793 0.9373
vt 0.6772 0.9408
vt 0.6744 0.9352
vt 0.6733 0.9392
vt 0.6691 0.9345
vt 0.6691 0.9387
vt 0.6639 0.9352
vt 0.6649 0.9392
vt 0.7152 0.5905
vt 0.6967 0.5981
vt 0.6973 0.5992
vt 0.7155 0.5917
vt 0.6808 0.6103
vt 0.6817 0.6112
vt 0.6686 0.6262
vt 0.6697 0.6268
vt 0.6610 0.6447
vt 0.6622 0.6450
vt 0.6583 0.6645
vt 0.6596 0.6645
vt 0.6610 0.6844
vt 0.6622 0.6841
vt 0.6686 0.7029
vt 0.6697 0.7023
vt 0.6808 0.7188
vt 0.6817 0.7179
vt 0.6967 0.7310
vt 0.6973 0.7299
vt 0.7152 0.7386
vt 0.7155 0.7374
vt 0.7350 0.7412
vt 0.7350 0.7400
vt 0.7549 0.7386
vt 0.7545 0.7374
vt 0.7734 0.7310
vt 0.7727 0.7299
vt 0.7892 0.7188
vt 0.7884 0.7179
vt 0.8014 0.7029
vt 0.8003 0.7023
vt 0.8091 0.6844
vt 0.8079 0.6841
vt 0.8117 0.6645
vt 0.8105 0.6645
vt 0.8091 0.6447
vt 0.8079 0.6450
vt 0.8014 0.6262
vt 0.8003 0.6268
vt 0.7892 0.6103
vt 0.7884 0.6112
vt 0.7734 0.5981
vt 0.7727 0.5992
vt 0.7549 0.5905
vt 0.7545 0.5917
vt 0.7350 0.5879
vt 0.7350 0.5891
vt 0.8298 0.3762
vt 0.8422 0.3762
vt 0.8422 0.3947
vt 0.8298 0.3947
vt 0.8298 0.3564
vt 0.8422 0.3564
vt 0.8298 0.3365
vt 0.8422 0.3365
vt 0.8298 0.3180
vt 0.8422 0.3180
vt 0.8298 0.3021
vt 0.8422 0.3021
vt 0.0209 0.8794
vt 0.0209 0.8669
vt 0.0050 0.8669
vt 0.0050 0.8794
vt 0.0394 0.8794
vt 0.0394 0.8669
vt 0.0592 0.8794
vt 0.0592 0.8669
vt 0.0791 0.8794
vt 0.0791 0.8669
vt 0.0976 0.8794
vt 0.0976 0.8669
vt 0.1134 0.8794
vt 0.1134 0.8669
vt 0.8641 0.5109
vt 0.8517 0.5109
vt 0.8517 0.5268
vt 0.8641 0.5268
vt 0.8641 0.4924
vt 0.8517 0.4924
vt 0.8641 0.4726
vt 0.8517 0.4726
vt 0.8641 0.4527
vt 0.8517 0.4527
vt 0.8641 0.4342
vt 0.8517 0.4342
vt 0.8641 0.4183
vt 0.8517 0.4183
vt 0.5180 0.8488
vt 0.5180 0.8613
vt 0.5021 0.8613
vt 0.5021 0.8488
vt 0.5365 0.8488
vt 0.5365 0.8613
vt 0.5564 0.8488
vt 0.5564 0.8613
vt 0.5762 0.8488
vt 0.5762 0.8613
vt 0.5947 0.8488
vt 0.5947 0.8613
vt 0.6106 0.8488
vt 0.6106 0.8613
vt 0.8422 0.4106
vt 0.8298 0.4106
vt 0.8537 0.3938
vt 0.8537 0.4093
vt 0.8641 0.3911
vt 0.8641 0.4055
vt 0.7641 0.5503
vt 0.7768 0.5406
vt 0.7827 0.5465
vt 0.7683 0.5575
vt 0.7589 0.5412
vt 0.7694 0.5332
vt 0.7531 0.5312
vt 0.7612 0.5250
vt 0.7491 0.5243
vt 0.7555 0.5193
vt 0.7437 0.5351
vt 0.7416 0.5274
vt 0.7335 0.5364
vt 0.7335 0.5284
vt 0.7234 0.5351
vt 0.7255 0.5274
vt 0.7140 0.5312
vt 0.7180 0.5243
vt 0.7059 0.5250
vt 0.7116 0.5193
vt 0.6997 0.5169
vt 0.7066 0.5129
vt 0.6958 0.5075
vt 0.7035 0.5054
vt 0.6945 0.4974
vt 0.7025 0.4974
vt 0.6958 0.4873
vt 0.7035 0.4893
vt 0.6997 0.4778
vt 0.7066 0.4818
vt 0.7059 0.4698
vt 0.7116 0.4754
vt 0.7140 0.4635
vt 0.7180 0.4704
vt 0.7234 0.4596
vt 0.7255 0.4673
vt 0.7335 0.4583
vt 0.7335 0.4663
vt 0.7437 0.4596
vt 0.7416 0.4673
vt 0.7531 0.4635
vt 0.7491 0.4704
vt 0.7612 0.4698
vt 0.7555 0.4754
vt 0.7674 0.4778
vt 0.7605 0.4818
vt 0.7713 0.4873
vt 0.7636 0.4893
vt 0.7726 0.4974
vt 0.7646 0.4974
vt 0.7713 0.5075
vt 0.7636 0.5054
vt 0.7674 0.5169
vt 0.7605 0.5129
vt 0.7527 0.5165
vt 0.7570 0.5109
vt 0.7471 0.5208
vt 0.7406 0.5235
vt 0.7335 0.5245
vt 0.7265 0.5235
vt 0.7200 0.5208
vt 0.7144 0.5165
vt 0.7101 0.5109
vt 0.7074 0.5044
vt 0.7064 0.4974
vt 0.7074 0.4903
vt 0.7101 0.4838
vt 0.7144 0.4782
vt 0.7200 0.4739
vt 0.7265 0.4712
vt 0.7335 0.4703
vt 0.7406 0.4712
vt 0.7471 0.4739
vt 0.7527 0.4782
vt 0.7570 0.4838
vt 0.7597 0.4903
vt 0.7607 0.4974
vt 0.7597 0.5044
vt 0.7559 0.5033
vt 0.7536 0.5089
vt 0.7567 0.4974
vt 0.7559 0.4914
vt 0.7536 0.4858
vt 0.7499 0.4810
vt 0.7451 0.4773
vt 0.7395 0.4750
vt 0.7335 0.4742
vt 0.7276 0.4750
vt 0.7220 0.4773
vt 0.7172 0.4810
vt 0.7135 0.4858
vt 0.7112 0.4914
vt 0.7104 0.4974
vt 0.7112 0.5033
vt 0.7135 0.5089
vt 0.7172 0.5137
vt 0.7220 0.5174
vt 0.7276 0.5197
vt 0.7335 0.5205
vt 0.7395 0.5197
vt 0.7451 0.5174
vt 0.7499 0.5137
vt 0.5699 0.4398
vt 0.5654 0.4398
vt 0.5662 0.4336
vt 0.5710 0.4336
vt 0.1736 0.9736
vt 0.1763 0.9701
vt 0.1802 0.9724
vt 0.1768 0.9769
vt 0.1692 0.9692
vt 0.1708 0.9670
vt 0.1617 0.9617
vt 0.1670 0.9708
vt 0.1701 0.9763
vt 0.1724 0.9803
vt 0.2455 0.0321
vt 0.2455 0.0365
vt 0.2393 0.0377
vt 0.2393 0.0329
vt 0.2455 0.0269
vt 0.2393 0.0273
vt 0.1660 0.9780
vt 0.1672 0.9824
vt 0.1644 0.9719
vt 0.1617 0.9723
vt 0.1589 0.9719
vt 0.1617 0.9785
vt 0.1573 0.9780
vt 0.1617 0.9831
vt 0.2455 0.0214
vt 0.2393 0.0214
vt 0.2455 0.0158
vt 0.2393 0.0154
vt 0.1561 0.9824
vt 0.1533 0.9763
vt 0.1510 0.9803
vt 0.1564 0.9708
vt 0.1542 0.9692
vt 0.1525 0.9670
vt 0.1498 0.9736
vt 0.1471 0.9701
vt 0.1465 0.9769
vt 0.2455 0.0062
vt 0.2455 0.0106
vt 0.2393 0.0098
vt 0.2393 0.0050
vt 0.5840 0.4317
vt 0.5795 0.4317
vt 0.5783 0.4379
vt 0.5831 0.4379
vt 0.1431 0.9724
vt 0.1454 0.9661
vt 0.1410 0.9672
vt 0.1515 0.9644
vt 0.1511 0.9617
vt 0.1515 0.9590
vt 0.1448 0.9617
vt 0.1454 0.9573
vt 0.1402 0.9617
vt 0.5947 0.4317
vt 0.5891 0.4317
vt 0.5887 0.4379
vt 0.5947 0.4379
vt 0.6002 0.4317
vt 0.6007 0.4379
vt 0.1410 0.9561
vt 0.1471 0.9533
vt 0.1431 0.9510
vt 0.1525 0.9564
vt 0.1542 0.9542
vt 0.1564 0.9525
vt 0.1498 0.9498
vt 0.1533 0.9471
vt 0.1465 0.9465
vt 0.6099 0.4317
vt 0.6054 0.4317
vt 0.6062 0.4379
vt 0.6110 0.4379
vt 0.4983 0.3406
vt 0.4983 0.3451
vt 0.5046 0.3463
vt 0.5046 0.3415
vt 0.1510 0.9431
vt 0.1573 0.9454
vt 0.1561 0.9410
vt 0.1589 0.9515
vt 0.1617 0.9511
vt 0.1644 0.9515
vt 0.1617 0.9448
vt 0.1660 0.9454
vt 0.1617 0.9402
vt 0.4983 0.3299
vt 0.4983 0.3355
vt 0.5046 0.3359
vt 0.5046 0.3299
vt 0.4983 0.3244
vt 0.5046 0.3239
vt 0.1672 0.9410
vt 0.1701 0.9471
vt 0.1724 0.9431
vt 0.1670 0.9525
vt 0.1692 0.9542
vt 0.1708 0.9564
vt 0.1736 0.9498
vt 0.1763 0.9533
vt 0.1768 0.9465
vt 0.4983 0.3148
vt 0.4983 0.3192
vt 0.5046 0.3184
vt 0.5046 0.3136
vt 0.5440 0.4398
vt 0.5395 0.4398
vt 0.5383 0.4336
vt 0.5431 0.4336
vt 0.1802 0.9510
vt 0.1780 0.9573
vt 0.1824 0.9561
vt 0.1719 0.9590
vt 0.1723 0.9617
vt 0.1719 0.9644
vt 0.1785 0.9617
vt 0.1780 0.9661
vt 0.1831 0.9617
vt 0.5547 0.4398
vt 0.5491 0.4398
vt 0.5487 0.4336
vt 0.5547 0.4336
vt 0.5602 0.4398
vt 0.5607 0.4336
vt 0.1824 0.9672
vt 0.7774 0.5227
vt 0.7825 0.5105
vt 0.7842 0.4974
vt 0.7825 0.4842
vt 0.7774 0.4720
vt 0.7694 0.4615
vt 0.7589 0.4535
vt 0.7467 0.4484
vt 0.7335 0.4467
vt 0.7204 0.4484
vt 0.7082 0.4535
vt 0.6977 0.4615
vt 0.6897 0.4720
vt 0.6846 0.4842
vt 0.6829 0.4974
vt 0.6846 0.5105
vt 0.6897 0.5227
vt 0.6977 0.5332
vt 0.7082 0.5412
vt 0.7204 0.5463
vt 0.7335 0.5480
vt 0.7467 0.5463
vt 0.7494 0.5564
vt 0.7515 0.5645
vt 0.8641 0.3744
vt 0.8537 0.3757
vt 0.8537 0.3564
vt 0.8641 0.3564
vt 0.7335 0.5585
vt 0.7335 0.5668
vt 0.7177 0.5564
vt 0.7156 0.5645
vt 0.8641 0.3384
vt 0.8537 0.3370
vt 0.8537 0.3189
vt 0.8641 0.3216
vt 0.7030 0.5503
vt 0.6988 0.5575
vt 0.6903 0.5406
vt 0.6844 0.5465
vt 0.8641 0.3072
vt 0.8537 0.3034
vt 0.0218 0.8554
vt 0.0063 0.8554
vt 0.0245 0.8450
vt 0.0101 0.8450
vt 0.6806 0.5279
vt 0.6734 0.5321
vt 0.6745 0.5132
vt 0.6664 0.5153
vt 0.0412 0.8450
vt 0.0399 0.8554
vt 0.0592 0.8554
vt 0.0592 0.8450
vt 0.6724 0.4974
vt 0.6641 0.4974
vt 0.6745 0.4815
vt 0.6664 0.4794
vt 0.0772 0.8450
vt 0.0786 0.8554
vt 0.0966 0.8554
vt 0.0940 0.8450
vt 0.6806 0.4668
vt 0.6734 0.4626
vt 0.6903 0.4541
vt 0.6844 0.4482
vt 0.1084 0.8450
vt 0.1121 0.8554
vt 0.8402 0.5100
vt 0.8402 0.5255
vt 0.8298 0.5073
vt 0.8298 0.5217
vt 0.7030 0.4444
vt 0.6988 0.4372
vt 0.7177 0.4383
vt 0.7156 0.4302
vt 0.8298 0.4905
vt 0.8402 0.4919
vt 0.8402 0.4726
vt 0.8298 0.4726
vt 0.7335 0.4362
vt 0.7335 0.4279
vt 0.7494 0.4383
vt 0.7515 0.4302
vt 0.8298 0.4546
vt 0.8402 0.4532
vt 0.8402 0.4351
vt 0.8298 0.4378
vt 0.7641 0.4444
vt 0.7683 0.4372
vt 0.7768 0.4541
vt 0.7827 0.4482
vt 0.8298 0.4234
vt 0.8402 0.4196
vt 0.5190 0.8728
vt 0.5035 0.8728
vt 0.5216 0.8832
vt 0.5072 0.8832
vt 0.7865 0.4668
vt 0.7937 0.4626
vt 0.7926 0.4815
vt 0.8007 0.4794
vt 0.5384 0.8832
vt 0.5370 0.8728
vt 0.5564 0.8728
vt 0.5564 0.8832
vt 0.7947 0.4974
vt 0.8030 0.4974
vt 0.7926 0.5132
vt 0.8007 0.5153
vt 0.5744 0.8832
vt 0.5757 0.8728
vt 0.5938 0.8728
vt 0.5911 0.8832
vt 0.7865 0.5279
vt 0.7937 0.5321
vt 0.6055 0.8832
vt 0.6093 0.8728
vt 0.9491 0.8243
vt 0.9532 0.8308
vt 0.9448 0.8311
vt 0.9575 0.8240
vt 0.9529 0.8167
vt 0.9454 0.8182
vt 0.9407 0.8243
vt 0.9375 0.8308
vt 0.9421 0.8383
vt 0.9494 0.8383
vt 0.9569 0.8368
vt 0.9616 0.8308
vt 0.9648 0.8243
vt 0.9602 0.8167
vt 0.9550 0.8107
vt 0.9455 0.4301
vt 0.9383 0.4325
vt 0.9420 0.4377
vt 0.9428 0.4264
vt 0.9499 0.4241
vt 0.9537 0.4291
vt 0.9576 0.4241
vt 0.9620 0.4301
vt 0.9647 0.4264
vt 0.9692 0.4325
vt 0.9655 0.4377
vt 0.8388 0.9719
vt 0.8408 0.9659
vt 0.8336 0.9659
vt 0.8469 0.9706
vt 0.8484 0.9645
vt 0.8544 0.9659
vt 0.9610 0.4515
vt 0.9671 0.4534
vt 0.9671 0.4458
vt 0.9609 0.4579
vt 0.9537 0.4555
vt 0.9665 0.0966
vt 0.9604 0.0966
vt 0.9618 0.1037
vt 0.9618 0.0894
vt 0.9465 0.4515
vt 0.9466 0.4579
vt 0.9404 0.4534
vt 0.9404 0.4458
vt 0.9468 0.8121
vt 0.9393 0.8167
vt 0.9466 0.4438
vt 0.9493 0.4354
vt 0.9582 0.4354
vt 0.9609 0.4438
vt 0.9537 0.4490
vt 0.9537 0.4415
vt 0.9345 0.8240
vt 0.9546 0.0845
vt 0.9618 0.0832
vt 0.9543 0.0922
vt 0.9543 0.1010
vt 0.9475 0.0966
vt 0.9478 0.0883
vt 0.9478 0.0812
vt 0.9417 0.0856
vt 0.9402 0.0928
vt 0.4782 0.8778
vt 0.4738 0.8717
vt 0.4809 0.8740
vt 0.4699 0.8768
vt 0.4661 0.8717
vt 0.4617 0.8778
vt 0.4590 0.8740
vt 0.4545 0.8801
vt 0.4582 0.8853
vt 0.8464 0.9383
vt 0.8443 0.9444
vt 0.8516 0.9444
vt 0.8383 0.9397
vt 0.8368 0.9458
vt 0.8307 0.9444
vt 0.4627 0.8991
vt 0.4566 0.9010
vt 0.4566 0.8935
vt 0.4628 0.9055
vt 0.4699 0.9031
vt 0.8979 0.4737
vt 0.8918 0.4737
vt 0.8932 0.4666
vt 0.8932 0.4809
vt 0.4772 0.8991
vt 0.4771 0.9055
vt 0.4833 0.9010
vt 0.4833 0.8935
vt 0.9555 0.8429
vt 0.9630 0.8383
vt 0.9473 0.8443
vt 0.4853 0.8801
vt 0.4817 0.8853
vt 0.9361 0.8368
vt 0.4744 0.8830
vt 0.4655 0.8830
vt 0.4628 0.8914
vt 0.4699 0.8966
vt 0.4771 0.8914
vt 0.4699 0.8891
vt 0.9678 0.8311
vt 0.8860 0.4858
vt 0.8932 0.4871
vt 0.8857 0.4782
vt 0.8857 0.4693
vt 0.8789 0.4737
vt 0.8792 0.4820
vt 0.8792 0.4891
vt 0.8731 0.4847
vt 0.8717 0.4776
vt 0.8717 0.4699
vt 0.8792 0.4655
vt 0.8731 0.4628
vt 0.8792 0.4583
vt 0.8289 0.9584
vt 0.8275 0.9645
vt 0.8362 0.9587
vt 0.8446 0.9584
vt 0.8530 0.9584
vt 0.8592 0.9587
vt 0.9546 0.1087
vt 0.9618 0.1099
vt 0.9478 0.1048
vt 0.9478 0.1120
vt 0.8563 0.9519
vt 0.8489 0.9516
vt 0.8577 0.9458
vt 0.9417 0.1076
vt 0.9402 0.1004
vt 0.8406 0.9519
vt 0.8322 0.9519
vt 0.8260 0.9516
vt 0.8860 0.4617
vt 0.8932 0.4604
vt 0.9663 0.8182
vt 0.9453 0.8795
vt 0.9494 0.8860
vt 0.9410 0.8863
vt 0.9537 0.8792
vt 0.9491 0.8720
vt 0.9416 0.8734
vt 0.9369 0.8795
vt 0.9337 0.8860
vt 0.9383 0.8935
vt 0.9456 0.8935
vt 0.9531 0.8921
vt 0.9578 0.8860
vt 0.9610 0.8795
vt 0.9564 0.8720
vt 0.9512 0.8660
vt 0.9398 0.6092
vt 0.9326 0.6115
vt 0.9363 0.6167
vt 0.9371 0.6055
vt 0.9442 0.6031
vt 0.9480 0.6082
vt 0.9519 0.6031
vt 0.9563 0.6092
vt 0.9590 0.6055
vt 0.9634 0.6115
vt 0.9598 0.6167
vt 0.9454 0.7853
vt 0.9475 0.7793
vt 0.9402 0.7793
vt 0.9536 0.7839
vt 0.9550 0.7778
vt 0.9611 0.7793
vt 0.9553 0.6305
vt 0.9614 0.6324
vt 0.9614 0.6249
vt 0.9552 0.6369
vt 0.9480 0.6346
vt 0.6026 0.9480
vt 0.5965 0.9480
vt 0.5980 0.9552
vt 0.5980 0.9409
vt 0.9408 0.6305
vt 0.9409 0.6369
vt 0.9347 0.6324
vt 0.9347 0.6249
vt 0.9430 0.8673
vt 0.9355 0.8720
vt 0.9409 0.6229
vt 0.9436 0.6145
vt 0.9525 0.6145
vt 0.9552 0.6229
vt 0.9480 0.6281
vt 0.9480 0.6205
vt 0.9307 0.8792
vt 0.5908 0.9360
vt 0.5980 0.9347
vt 0.5905 0.9436
vt 0.5905 0.9525
vt 0.5837 0.9480
vt 0.5840 0.9398
vt 0.5840 0.9326
vt 0.5779 0.9371
vt 0.5764 0.9442
vt 0.9582 0.7063
vt 0.9538 0.7002
vt 0.9609 0.7026
vt 0.9499 0.7053
vt 0.9461 0.7002
vt 0.9417 0.7063
vt 0.9390 0.7026
vt 0.9345 0.7087
vt 0.9382 0.7139
vt 0.9531 0.7517
vt 0.9510 0.7577
vt 0.9583 0.7577
vt 0.9449 0.7530
vt 0.9435 0.7591
vt 0.9374 0.7577
vt 0.9427 0.7277
vt 0.9366 0.7295
vt 0.9366 0.7220
vt 0.9428 0.7340
vt 0.9499 0.7317
vt 0.9626 0.2661
vt 0.9565 0.2661
vt 0.9580 0.2590
vt 0.9580 0.2733
vt 0.9572 0.7277
vt 0.9571 0.7340
vt 0.9633 0.7295
vt 0.9633 0.7220
vt 0.9517 0.8982
vt 0.9592 0.8935
vt 0.9435 0.8996
vt 0.9653 0.7087
vt 0.9617 0.7139
vt 0.9323 0.8921
vt 0.9544 0.7116
vt 0.9455 0.7116
vt 0.9428 0.7200
vt 0.9499 0.7252
vt 0.9571 0.7200
vt 0.9499 0.7177
vt 0.9640 0.8863
vt 0.9508 0.2782
vt 0.9580 0.2795
vt 0.9505 0.2705
vt 0.9505 0.2617
vt 0.9437 0.2661
vt 0.9440 0.2744
vt 0.9440 0.2815
vt 0.9379 0.2771
vt 0.9364 0.2699
vt 0.9364 0.2623
vt 0.9440 0.2579
vt 0.9379 0.2552
vt 0.9440 0.2507
vt 0.9356 0.7717
vt 0.9342 0.7778
vt 0.9429 0.7720
vt 0.9513 0.7717
vt 0.9597 0.7717
vt 0.9659 0.7720
vt 0.5908 0.9601
vt 0.5980 0.9614
vt 0.5840 0.9563
vt 0.5840 0.9634
vt 0.9629 0.7652
vt 0.9556 0.7649
vt 0.9643 0.7591
vt 0.5779 0.9590
vt 0.5764 0.9519
vt 0.9472 0.7652
vt 0.9388 0.7652
vt 0.9326 0.7649
vt 0.9508 0.2540
vt 0.9580 0.2528
vt 0.9624 0.8734
vt 0.0456 0.0100
vt 0.0456 0.0050
vt 0.0424 0.0050
vt 0.0424 0.0100
vt 0.0486 0.0100
vt 0.0486 0.0050
vt 0.0512 0.0100
vt 0.0512 0.0050
vt 0.0100 0.0676
vt 0.0050 0.0676
vt 0.0050 0.0702
vt 0.0100 0.0702
vt 0.0100 0.0646
vt 0.0050 0.0646
vt 0.0100 0.0614
vt 0.0050 0.0614
vt 0.0100 0.0582
vt 0.0050 0.0582
vt 0.0100 0.0552
vt 0.0050 0.0552
vt 0.0100 0.0526
vt 0.0050 0.0526
vt 0.0533 0.0564
vt 0.0533 0.0614
vt 0.0507 0.0614
vt 0.0507 0.0564
vt 0.0563 0.0564
vt 0.0563 0.0614
vt 0.0595 0.0564
vt 0.0595 0.0614
vt 0.0627 0.0564
vt 0.0627 0.0614
vt 0.0657 0.0564
vt 0.0657 0.0614
vt 0.0683 0.0564
vt 0.0683 0.0614
vt 0.0183 0.1438
vt 0.0233 0.1438
vt 0.0233 0.1464
vt 0.0183 0.1464
vt 0.0183 0.1408
vt 0.0233 0.1408
vt 0.0183 0.1376
vt 0.0233 0.1376
vt 0.0183 0.1344
vt 0.0233 0.1344
vt 0.0183 0.1314
vt 0.0233 0.1314
vt 0.0183 0.1288
vt 0.0233 0.1288
vt 0.0361 0.0100
vt 0.0361 0.0050
vt 0.0336 0.0050
vt 0.0336 0.0100
vt 0.0391 0.0100
vt 0.0391 0.0050
vt 0.1663 0.1222
vt 0.1666 0.1251
vt 0.1654 0.1254
vt 0.1650 0.1222
vt 0.1969 0.1870
vt 0.1967 0.1883
vt 0.1996 0.1883
vt 0.1996 0.1870
vt 0.1943 0.1870
vt 0.1940 0.1883
vt 0.1921 0.1870
vt 0.1917 0.1883
vt 0.1948 0.0457
vt 0.1936 0.0454
vt 0.1936 0.0431
vt 0.1948 0.0436
vt 0.1948 0.0483
vt 0.1936 0.0481
vt 0.1948 0.0510
vt 0.1936 0.0510
vt 0.1948 0.0537
vt 0.1936 0.0539
vt 0.1948 0.0563
vt 0.1936 0.0566
vt 0.2035 0.0537
vt 0.2035 0.0563
vt 0.2035 0.0510
vt 0.2035 0.0483
vt 0.2035 0.0457
vt 0.2035 0.0436
vt 0.1943 0.1783
vt 0.1921 0.1783
vt 0.1969 0.1783
vt 0.1996 0.1783
vt 0.2023 0.1870
vt 0.2023 0.1783
vt 0.2048 0.1870
vt 0.2048 0.1783
vt 0.2070 0.1870
vt 0.2070 0.1783
vt 0.0728 0.2277
vt 0.0640 0.2277
vt 0.0640 0.2299
vt 0.0728 0.2299
vt 0.0728 0.2252
vt 0.0640 0.2252
vt 0.0728 0.2224
vt 0.0640 0.2224
vt 0.0728 0.2197
vt 0.0640 0.2197
vt 0.0728 0.2172
vt 0.0640 0.2172
vt 0.0728 0.2150
vt 0.0640 0.2150
vt 0.2134 0.0062
vt 0.2134 0.0150
vt 0.2112 0.0150
vt 0.2112 0.0062
vt 0.2159 0.0062
vt 0.2159 0.0150
vt 0.2186 0.0062
vt 0.2186 0.0150
vt 0.2213 0.0062
vt 0.2213 0.0150
vt 0.2239 0.0062
vt 0.2239 0.0150
vt 0.2261 0.0062
vt 0.2261 0.0150
vt 0.2035 0.0584
vt 0.1948 0.0584
vt 0.1936 0.0589
vt 0.2265 0.0050
vt 0.2242 0.0050
vt 0.2215 0.0050
vt 0.2186 0.0050
vt 0.2157 0.0050
vt 0.2130 0.0050
vt 0.2107 0.0050
vt 0.0740 0.2168
vt 0.0740 0.2145
vt 0.0740 0.2195
vt 0.0740 0.2224
vt 0.0740 0.2253
vt 0.0740 0.2280
vt 0.0740 0.2303
vt 0.2052 0.1883
vt 0.2075 0.1883
vt 0.2025 0.1883
vt 0.1666 0.1193
vt 0.1654 0.1190
vt 0.1678 0.1166
vt 0.1667 0.1160
vt 0.1695 0.1143
vt 0.1686 0.1134
vt 0.1718 0.1125
vt 0.1712 0.1114
vt 0.1745 0.1114
vt 0.1742 0.1102
vt 0.1774 0.1110
vt 0.1774 0.1098
vt 0.1803 0.1114
vt 0.1807 0.1102
vt 0.1830 0.1125
vt 0.1837 0.1114
vt 0.1854 0.1143
vt 0.1862 0.1134
vt 0.1871 0.1166
vt 0.1882 0.1160
vt 0.1882 0.1193
vt 0.1895 0.1190
vt 0.1886 0.1222
vt 0.1899 0.1222
vt 0.1882 0.1251
vt 0.1895 0.1254
vt 0.1871 0.1278
vt 0.1882 0.1284
vt 0.1854 0.1301
vt 0.1862 0.1310
vt 0.1830 0.1319
vt 0.1837 0.1330
vt 0.1803 0.1330
vt 0.1807 0.1342
vt 0.1774 0.1334
vt 0.1774 0.1346
vt 0.1745 0.1330
vt 0.1742 0.1342
vt 0.1718 0.1319
vt 0.1712 0.1330
vt 0.1695 0.1301
vt 0.1686 0.1310
vt 0.1678 0.1278
vt 0.1667 0.1284
vt 0.2291 0.1958
vt 0.2307 0.1945
vt 0.2325 0.1963
vt 0.2303 0.1980
vt 0.2271 0.1966
vt 0.2278 0.1990
vt 0.2251 0.1969
vt 0.2251 0.1994
vt 0.2230 0.1966
vt 0.2223 0.1990
vt 0.2210 0.1958
vt 0.2198 0.1980
vt 0.2181 0.1929
vt 0.2194 0.1945
vt 0.2176 0.1963
vt 0.2159 0.1941
vt 0.2173 0.1909
vt 0.2149 0.1916
vt 0.2173 0.1868
vt 0.2170 0.1889
vt 0.2145 0.1889
vt 0.2149 0.1861
vt 0.2181 0.1849
vt 0.2159 0.1836
vt 0.2210 0.1819
vt 0.2194 0.1832
vt 0.2176 0.1814
vt 0.2198 0.1797
vt 0.2230 0.1811
vt 0.2223 0.1787
vt 0.2271 0.1811
vt 0.2251 0.1808
vt 0.2251 0.1783
vt 0.2278 0.1787
vt 0.2291 0.1819
vt 0.2303 0.1797
vt 0.2320 0.1849
vt 0.2307 0.1832
vt 0.2325 0.1814
vt 0.2342 0.1836
vt 0.2328 0.1868
vt 0.2352 0.1861
vt 0.2328 0.1909
vt 0.2331 0.1889
vt 0.2356 0.1889
vt 0.2352 0.1916
vt 0.2320 0.1929
vt 0.2342 0.1941
vt 0.2251 0.1889
vt 0.0936 0.1247
vt 0.0469 0.1687
vt 0.0931 0.1214
vt 0.0948 0.1276
vt 0.0968 0.1302
vt 0.0994 0.1322
vt 0.1024 0.1334
vt 0.1056 0.1339
vt 0.1802 0.1488
vt 0.1088 0.1334
vt 0.1731 0.1479
vt 0.2151 0.1687
vt 0.2151 0.1463
vt 0.2126 0.1463
vt 0.1996 0.1408
vt 0.1939 0.1452
vt 0.2040 0.1351
vt 0.2113 0.1447
vt 0.1873 0.1479
vt 0.1665 0.1452
vt 0.1118 0.1322
vt 0.1609 0.1408
vt 0.1144 0.1302
vt 0.1565 0.1351
vt 0.1164 0.1276
vt 0.1538 0.1285
vt 0.1176 0.1247
vt 0.1528 0.1214
vt 0.1180 0.1214
vt 0.1176 0.1182
vt 0.1538 0.1143
vt 0.1164 0.1152
vt 0.1565 0.1077
vt 0.1144 0.1126
vt 0.1609 0.1021
vt 0.1118 0.1107
vt 0.1665 0.0977
vt 0.1088 0.1094
vt 0.1731 0.0950
vt 0.1056 0.1090
vt 0.0469 0.0742
vt 0.1802 0.0940
vt 0.1024 0.1094
vt 0.0994 0.1107
vt 0.0968 0.1126
vt 0.0948 0.1152
vt 0.0936 0.1182
vt 0.0429 0.1662
vt 0.0429 0.0766
vt 0.0391 0.1513
vt 0.0391 0.0916
vt 0.2113 0.1214
vt 0.2067 0.1285
vt 0.2076 0.1214
vt 0.1873 0.0950
vt 0.2151 0.0742
vt 0.1939 0.0977
vt 0.1996 0.1021
vt 0.2126 0.0965
vt 0.2151 0.0965
vt 0.2113 0.0982
vt 0.2040 0.1077
vt 0.2067 0.1143
vt 0.2151 0.1712
vt 0.0423 0.1712
vt 0.2176 0.1687
vt 0.2176 0.1463
vt 0.2163 0.1463
vt 0.3687 0.0897
vt 0.3687 0.0895
vt 0.3687 0.0630
vt 0.3712 0.0621
vt 0.3712 0.0897
vt 0.4027 0.0088
vt 0.4051 0.0200
vt 0.4002 0.0195
vt 0.4126 0.0088
vt 0.4126 0.0163
vt 0.3463 0.0897
vt 0.3214 0.0742
vt 0.3511 0.0703
vt 0.2918 0.0703
vt 0.2966 0.0897
vt 0.2742 0.0897
vt 0.2742 0.0895
vt 0.2978 0.0917
vt 0.3214 0.0922
vt 0.3006 0.0949
vt 0.3451 0.0917
vt 0.3423 0.0949
vt 0.3041 0.0979
vt 0.3081 0.1002
vt 0.3124 0.1020
vt 0.3168 0.1030
vt 0.3214 0.1034
vt 0.3260 0.1030
vt 0.3305 0.1020
vt 0.3348 0.1002
vt 0.3387 0.0979
vt 0.2742 0.0630
vt 0.3964 0.0169
vt 0.4002 0.1922
vt 0.3726 0.1922
vt 0.3851 0.0088
vt 0.3964 0.0088
vt 0.3329 0.2383
vt 0.3113 0.2221
vt 0.3030 0.2221
vt 0.2831 0.2321
vt 0.3544 0.2221
vt 0.3826 0.2321
vt 0.3627 0.2221
vt 0.3656 0.2426
vt 0.3826 0.2497
vt 0.3002 0.2426
vt 0.2831 0.2383
vt 0.2831 0.2497
vt 0.0150 0.7389
vt 0.0125 0.7277
vt 0.0050 0.7314
vt 0.0050 0.7389
vt 0.0174 0.7282
vt 0.2717 0.0897
vt 0.2717 0.0621
vt 0.0423 0.0717
vt 0.2151 0.0717
vt 0.2176 0.0742
vt 0.2176 0.0965
vt 0.2163 0.0965
vt 0.0325 0.7389
vt 0.0450 0.5555
vt 0.0174 0.5555
vt 0.3463 0.0922
vt 0.3431 0.0958
vt 0.2966 0.0922
vt 0.2997 0.0958
vt 0.3034 0.0989
vt 0.3262 0.1043
vt 0.3214 0.1046
vt 0.3309 0.1031
vt 0.3353 0.1013
vt 0.3395 0.0989
vt 0.3120 0.1031
vt 0.3075 0.1013
vt 0.3166 0.1043
vt 0.0227 0.0062
vt 0.0202 0.0075
vt 0.0215 0.0062
vt 0.0227 0.0050
vt 0.2126 0.1431
vt 0.2163 0.1431
vt 0.2163 0.1463
vt 0.0380 0.0183
vt 0.0355 0.0196
vt 0.0367 0.0196
vt 0.2126 0.1395
vt 0.2163 0.1395
vt 0.2126 0.1353
vt 0.2163 0.1353
vt 0.2126 0.1309
vt 0.2163 0.1309
vt 0.2126 0.1262
vt 0.2163 0.1262
vt 0.2126 0.1214
vt 0.2163 0.1214
vt 0.2126 0.1166
vt 0.2163 0.1166
vt 0.2126 0.1120
vt 0.2163 0.1120
vt 0.2163 0.0965
vt 0.2163 0.0997
vt 0.2126 0.0997
vt 0.0355 0.0208
vt 0.2163 0.1034
vt 0.2126 0.1034
vt 0.2163 0.1075
vt 0.2126 0.1075
vt 0.1978 0.1390
vt 0.2018 0.1339
vt 0.1927 0.1430
vt 0.1867 0.1455
vt 0.1802 0.1463
vt 0.1738 0.1455
vt 0.1678 0.1430
vt 0.1626 0.1390
vt 0.1587 0.1339
vt 0.1562 0.1279
vt 0.1554 0.1214
vt 0.2043 0.1279
vt 0.1562 0.1150
vt 0.1587 0.1090
vt 0.1626 0.1038
vt 0.1678 0.0999
vt 0.1738 0.0974
vt 0.1802 0.0965
vt 0.1867 0.0974
vt 0.1927 0.0999
vt 0.1978 0.1038
vt 0.2043 0.1150
vt 0.2018 0.1090
vt 0.2051 0.1214
vt 0.0351 0.1407
vt 0.0351 0.1021
vt 0.0317 0.1513
vt 0.0342 0.1407
vt 0.0342 0.1021
vt 0.0317 0.0916
vt 0.9553 0.3041
vt 0.9553 0.3638
vt 0.9479 0.3638
vt 0.9479 0.3555
vt 0.9479 0.3123
vt 0.9479 0.3041
vt 0.6908 0.2331
vt 0.6861 0.2320
vt 0.6859 0.2333
vt 0.6904 0.2343
vt 0.6813 0.2317
vt 0.6813 0.2329
vt 0.6765 0.2320
vt 0.6767 0.2333
vt 0.6719 0.2331
vt 0.6722 0.2343
vt 0.6674 0.2350
vt 0.6680 0.2361
vt 0.6633 0.2374
vt 0.6640 0.2384
vt 0.6596 0.2405
vt 0.6605 0.2414
vt 0.6564 0.2441
vt 0.6581 0.2441
vt 0.6952 0.2350
vt 0.6947 0.2361
vt 0.7062 0.2441
vt 0.7030 0.2405
vt 0.7022 0.2414
vt 0.7045 0.2441
vt 0.6993 0.2374
vt 0.6986 0.2384
vt 0.6813 0.2441
vt 0.3857 0.4378
vt 0.3857 0.4279
vt 0.3797 0.4279
vt 0.3797 0.4378
vt 0.3921 0.4378
vt 0.3921 0.4279
vt 0.3986 0.4378
vt 0.3986 0.4279
vt 0.4046 0.4378
vt 0.4046 0.4279
vt 0.4097 0.4378
vt 0.4097 0.4279
vt 0.4260 0.2198
vt 0.4359 0.2198
vt 0.4359 0.2250
vt 0.4260 0.2250
vt 0.4260 0.2138
vt 0.4359 0.2138
vt 0.4260 0.2074
vt 0.4322 0.2074
vt 0.3745 0.4279
vt 0.3745 0.4378
vt 0.4911 0.3117
vt 0.4812 0.3117
vt 0.4812 0.3168
vt 0.4911 0.3168
vt 0.4812 0.3228
vt 0.4911 0.3228
vt 0.4849 0.3293
vt 0.4911 0.3293
vt 0.4812 0.3293
vt 0.4812 0.3357
vt 0.4849 0.3357
vt 0.4812 0.3417
vt 0.4849 0.3417
vt 0.4812 0.3469
vt 0.4849 0.3469
vt 0.4745 0.4412
vt 0.4745 0.4449
vt 0.4693 0.4449
vt 0.4693 0.4412
vt 0.4633 0.4449
vt 0.4633 0.4412
vt 0.4569 0.4449
vt 0.4569 0.4412
vt 0.4504 0.4449
vt 0.4504 0.4412
vt 0.4359 0.2074
vt 0.4322 0.2009
vt 0.4359 0.2009
vt 0.4322 0.1949
vt 0.4359 0.1949
vt 0.4322 0.1898
vt 0.4359 0.1898
vt 0.4444 0.4412
vt 0.4444 0.4449
vt 0.4393 0.4449
vt 0.4393 0.4412
vt 0.4812 0.4374
vt 0.5061 0.4374
vt 0.5061 0.4436
vt 0.4812 0.4436
vt 0.5310 0.4436
vt 0.5310 0.4374
vt 0.7898 0.0640
vt 0.7962 0.0649
vt 0.7898 0.0889
vt 0.8022 0.0674
vt 0.8074 0.0713
vt 0.8113 0.0765
vt 0.8138 0.0825
vt 0.8147 0.0889
vt 0.8138 0.0954
vt 0.8113 0.1014
vt 0.8074 0.1065
vt 0.7898 0.1138
vt 0.7962 0.1130
vt 0.8022 0.1105
vt 0.8116 0.7054
vt 0.8141 0.6994
vt 0.8356 0.7118
vt 0.8180 0.6942
vt 0.8232 0.6902
vt 0.8292 0.6878
vt 0.8356 0.6869
vt 0.8107 0.7118
vt 0.8116 0.7182
vt 0.8141 0.7242
vt 0.8180 0.7294
vt 0.8232 0.7333
vt 0.8292 0.7358
vt 0.8356 0.7367
vt 0.4310 0.3366
vt 0.4351 0.3432
vt 0.4267 0.3434
vt 0.4394 0.3364
vt 0.4348 0.3291
vt 0.4273 0.3306
vt 0.4226 0.3366
vt 0.4194 0.3432
vt 0.4240 0.3507
vt 0.4313 0.3507
vt 0.4388 0.3492
vt 0.4435 0.3432
vt 0.4467 0.3366
vt 0.4421 0.3291
vt 0.4369 0.3231
vt 0.3436 0.4301
vt 0.3364 0.4325
vt 0.3401 0.4377
vt 0.3409 0.4264
vt 0.3480 0.4241
vt 0.3518 0.4291
vt 0.3557 0.4241
vt 0.3601 0.4301
vt 0.3628 0.4264
vt 0.3672 0.4325
vt 0.3636 0.4377
vt 0.2254 0.4786
vt 0.2275 0.4726
vt 0.2202 0.4726
vt 0.2336 0.4772
vt 0.2350 0.4711
vt 0.2411 0.4726
vt 0.3591 0.4515
vt 0.3652 0.4534
vt 0.3652 0.4458
vt 0.3590 0.4579
vt 0.3518 0.4555
vt 0.4484 0.3804
vt 0.4423 0.3804
vt 0.4437 0.3876
vt 0.4437 0.3733
vt 0.3446 0.4515
vt 0.3447 0.4579
vt 0.3385 0.4534
vt 0.3385 0.4458
vt 0.4287 0.3245
vt 0.4212 0.3291
vt 0.3447 0.4438
vt 0.3474 0.4354
vt 0.3563 0.4354
vt 0.3590 0.4438
vt 0.3518 0.4490
vt 0.3518 0.4415
vt 0.4164 0.3364
vt 0.4365 0.3683
vt 0.4437 0.3671
vt 0.4362 0.3760
vt 0.4362 0.3848
vt 0.4294 0.3804
vt 0.4297 0.3722
vt 0.4297 0.3650
vt 0.4236 0.3694
vt 0.4221 0.3766
vt 0.3334 0.4682
vt 0.3290 0.4621
vt 0.3361 0.4645
vt 0.3252 0.4672
vt 0.3213 0.4621
vt 0.3169 0.4682
vt 0.3142 0.4645
vt 0.3098 0.4706
vt 0.3134 0.4758
vt 0.2331 0.4450
vt 0.2310 0.4510
vt 0.2383 0.4510
vt 0.2249 0.4464
vt 0.2235 0.4525
vt 0.2174 0.4510
vt 0.3179 0.4896
vt 0.3118 0.4914
vt 0.3118 0.4839
vt 0.3180 0.4959
vt 0.3252 0.4936
vt 0.2788 0.4833
vt 0.2727 0.4833
vt 0.2742 0.4761
vt 0.2742 0.4904
vt 0.3324 0.4896
vt 0.3323 0.4959
vt 0.3385 0.4914
vt 0.3385 0.4839
vt 0.4374 0.3553
vt 0.4449 0.3507
vt 0.4292 0.3567
vt 0.3406 0.4706
vt 0.3369 0.4758
vt 0.4180 0.3492
vt 0.3296 0.4735
vt 0.3207 0.4735
vt 0.3180 0.4819
vt 0.3252 0.4871
vt 0.3323 0.4819
vt 0.3252 0.4796
vt 0.4497 0.3434
vt 0.2669 0.4953
vt 0.2742 0.4966
vt 0.2667 0.4877
vt 0.2667 0.4788
vt 0.2599 0.4833
vt 0.2601 0.4915
vt 0.2601 0.4987
vt 0.2541 0.4942
vt 0.2526 0.4871
vt 0.2526 0.4794
vt 0.2601 0.4750
vt 0.2541 0.4723
vt 0.2601 0.4679
vt 0.2156 0.4651
vt 0.2142 0.4711
vt 0.2229 0.4653
vt 0.2313 0.4651
vt 0.2397 0.4651
vt 0.2459 0.4653
vt 0.4365 0.3925
vt 0.4437 0.3938
vt 0.4297 0.3887
vt 0.4297 0.3958
vt 0.2429 0.4585
vt 0.2356 0.4583
vt 0.2443 0.4525
vt 0.4236 0.3914
vt 0.4221 0.3842
vt 0.2272 0.4585
vt 0.2188 0.4585
vt 0.2126 0.4583
vt 0.2669 0.4712
vt 0.2742 0.4699
vt 0.4482 0.3306
vt 0.9358 0.0547
vt 0.9398 0.0612
vt 0.9315 0.0615
vt 0.9442 0.0544
vt 0.9396 0.0472
vt 0.9321 0.0487
vt 0.9274 0.0547
vt 0.9241 0.0612
vt 0.9288 0.0688
vt 0.9361 0.0688
vt 0.9436 0.0673
vt 0.9482 0.0612
vt 0.9515 0.0547
vt 0.9469 0.0472
vt 0.9416 0.0412
vt 0.4750 0.9292
vt 0.4679 0.9315
vt 0.4715 0.9367
vt 0.4723 0.9255
vt 0.4794 0.9231
vt 0.4833 0.9282
vt 0.4871 0.9231
vt 0.4915 0.9292
vt 0.4942 0.9255
vt 0.4987 0.9315
vt 0.4950 0.9367
vt 0.9340 0.5948
vt 0.9361 0.5888
vt 0.9288 0.5888
vt 0.9422 0.5934
vt 0.9436 0.5873
vt 0.9497 0.5888
vt 0.4905 0.9505
vt 0.4966 0.9524
vt 0.4966 0.9449
vt 0.4904 0.9569
vt 0.4833 0.9546
vt 0.0426 0.9385
vt 0.0365 0.9385
vt 0.0380 0.9457
vt 0.0380 0.9314
vt 0.4760 0.9505
vt 0.4761 0.9569
vt 0.4699 0.9524
vt 0.4699 0.9449
vt 0.9335 0.0426
vt 0.9260 0.0472
vt 0.4761 0.9429
vt 0.4788 0.9345
vt 0.4877 0.9345
vt 0.4904 0.9429
vt 0.4833 0.9481
vt 0.4833 0.9405
vt 0.9212 0.0544
vt 0.0308 0.9264
vt 0.0380 0.9252
vt 0.0305 0.9341
vt 0.0305 0.9429
vt 0.0237 0.9385
vt 0.0240 0.9303
vt 0.0240 0.9231
vt 0.0179 0.9275
vt 0.0164 0.9347
vt 0.0896 0.9311
vt 0.0852 0.9250
vt 0.0923 0.9274
vt 0.0814 0.9301
vt 0.0775 0.9250
vt 0.0731 0.9311
vt 0.0704 0.9274
vt 0.0660 0.9334
vt 0.0696 0.9386
vt 0.9416 0.5612
vt 0.9396 0.5672
vt 0.9469 0.5672
vt 0.9335 0.5626
vt 0.9321 0.5687
vt 0.9260 0.5672
vt 0.0741 0.9524
vt 0.0680 0.9543
vt 0.0680 0.9468
vt 0.0742 0.9588
vt 0.0814 0.9565
vt 0.2484 0.9404
vt 0.2423 0.9404
vt 0.2437 0.9333
vt 0.2437 0.9476
vt 0.0886 0.9524
vt 0.0885 0.9588
vt 0.0947 0.9543
vt 0.0947 0.9468
vt 0.9422 0.0734
vt 0.9497 0.0688
vt 0.9340 0.0748
vt 0.0968 0.9334
vt 0.0931 0.9386
vt 0.9227 0.0673
vt 0.0858 0.9364
vt 0.0769 0.9364
vt 0.0742 0.9448
vt 0.0814 0.9500
vt 0.0885 0.9448
vt 0.0814 0.9424
vt 0.9545 0.0615
vt 0.2365 0.9525
vt 0.2437 0.9538
vt 0.2362 0.9448
vt 0.2362 0.9360
vt 0.2294 0.9404
vt 0.2297 0.9487
vt 0.2297 0.9558
vt 0.2236 0.9514
vt 0.2221 0.9442
vt 0.2221 0.9366
vt 0.2297 0.9322
vt 0.2236 0.9294
vt 0.2297 0.9250
vt 0.9241 0.5812
vt 0.9227 0.5873
vt 0.9315 0.5815
vt 0.9398 0.5812
vt 0.9482 0.5812
vt 0.9545 0.5815
vt 0.0308 0.9506
vt 0.0380 0.9519
vt 0.0240 0.9468
vt 0.0240 0.9539
vt 0.9515 0.5747
vt 0.9442 0.5745
vt 0.9529 0.5687
vt 0.0179 0.9495
vt 0.0164 0.9423
vt 0.9358 0.5747
vt 0.9274 0.5747
vt 0.9212 0.5745
vt 0.2365 0.9283
vt 0.2437 0.9271
vt 0.9529 0.0487
vt 0.6844 0.6509
vt 0.6884 0.6574
vt 0.6800 0.6577
vt 0.6927 0.6506
vt 0.6881 0.6434
vt 0.6806 0.6449
vt 0.6760 0.6509
vt 0.6727 0.6574
vt 0.6774 0.6650
vt 0.6846 0.6650
vt 0.6922 0.6635
vt 0.6968 0.6574
vt 0.7001 0.6509
vt 0.6954 0.6434
vt 0.6902 0.6374
vt 0.6922 0.6835
vt 0.6850 0.6858
vt 0.6887 0.6910
vt 0.6894 0.6797
vt 0.6966 0.6774
vt 0.7004 0.6825
vt 0.7042 0.6774
vt 0.7087 0.6835
vt 0.7114 0.6797
vt 0.7158 0.6858
vt 0.7122 0.6910
vt 0.1169 0.7243
vt 0.1189 0.7183
vt 0.1116 0.7183
vt 0.1250 0.7229
vt 0.1264 0.7168
vt 0.1325 0.7183
vt 0.7077 0.7048
vt 0.7138 0.7067
vt 0.7138 0.6992
vt 0.7076 0.7112
vt 0.7004 0.7089
vt 0.0960 0.7137
vt 0.0899 0.7137
vt 0.0913 0.7209
vt 0.0913 0.7066
vt 0.6931 0.7048
vt 0.6933 0.7112
vt 0.6871 0.7067
vt 0.6871 0.6992
vt 0.6821 0.6388
vt 0.6745 0.6434
vt 0.6933 0.6972
vt 0.6960 0.6887
vt 0.7048 0.6887
vt 0.7076 0.6972
vt 0.7004 0.7024
vt 0.7004 0.6948
vt 0.6698 0.6506
vt 0.0841 0.7017
vt 0.0913 0.7004
vt 0.0838 0.7093
vt 0.0838 0.7182
vt 0.0770 0.7137
vt 0.0773 0.7055
vt 0.0773 0.6983
vt 0.0712 0.7028
vt 0.0698 0.7099
vt 0.3715 0.9292
vt 0.3671 0.9231
vt 0.3742 0.9255
vt 0.3633 0.9282
vt 0.3594 0.9231
vt 0.3550 0.9292
vt 0.3523 0.9255
vt 0.3479 0.9315
vt 0.3515 0.9367
vt 0.1245 0.6907
vt 0.1224 0.6967
vt 0.1297 0.6967
vt 0.1163 0.6921
vt 0.1149 0.6982
vt 0.1088 0.6967
vt 0.3560 0.9505
vt 0.3499 0.9524
vt 0.3499 0.9449
vt 0.3561 0.9569
vt 0.3633 0.9546
vt 0.7322 0.9366
vt 0.7261 0.9366
vt 0.7275 0.9294
vt 0.7275 0.9438
vt 0.3705 0.9505
vt 0.3704 0.9569
vt 0.3766 0.9524
vt 0.3766 0.9449
vt 0.6907 0.6696
vt 0.6983 0.6650
vt 0.6826 0.6710
vt 0.3787 0.9315
vt 0.3750 0.9367
vt 0.6713 0.6635
vt 0.3677 0.9345
vt 0.3588 0.9345
vt 0.3561 0.9429
vt 0.3633 0.9481
vt 0.3704 0.9429
vt 0.3633 0.9405
vt 0.7030 0.6577
vt 0.7203 0.9487
vt 0.7275 0.9499
vt 0.7200 0.9410
vt 0.7200 0.9322
vt 0.7132 0.9366
vt 0.7135 0.9449
vt 0.7135 0.9520
vt 0.7074 0.9476
vt 0.7060 0.9404
vt 0.7060 0.9328
vt 0.7135 0.9284
vt 0.7074 0.9256
vt 0.7135 0.9212
vt 0.1070 0.7108
vt 0.1056 0.7168
vt 0.1143 0.7111
vt 0.1227 0.7108
vt 0.1311 0.7108
vt 0.1373 0.7111
vt 0.0841 0.7258
vt 0.0913 0.7271
vt 0.0773 0.7220
vt 0.0773 0.7291
vt 0.1344 0.7043
vt 0.1270 0.7040
vt 0.1358 0.6982
vt 0.0712 0.7247
vt 0.0698 0.7176
vt 0.1187 0.7043
vt 0.1103 0.7043
vt 0.1040 0.7040
vt 0.7203 0.9245
vt 0.7275 0.9233
vt 0.7015 0.6449
vt 0.2209 0.0760
vt 0.2209 0.1014
vt 0.1879 0.1014
vt 0.1879 0.0760
vt 0.2492 0.0760
vt 0.2492 0.1014
vt 0.3508 0.1710
vt 0.3763 0.1710
vt 0.3763 0.1994
vt 0.3508 0.1994
vt 0.3508 0.1380
vt 0.3763 0.1380
vt 0.3508 0.1026
vt 0.3763 0.1026
vt 0.3508 0.0672
vt 0.3763 0.0672
vt 0.3508 0.0342
vt 0.3763 0.0342
vt 0.3508 0.0058
vt 0.3763 0.0058
vt 0.0629 0.1419
vt 0.0629 0.1165
vt 0.0345 0.1165
vt 0.0345 0.1419
vt 0.0959 0.1419
vt 0.0959 0.1165
vt 0.1313 0.1419
vt 0.1313 0.1165
vt 0.1667 0.1419
vt 0.1667 0.1165
vt 0.1997 0.1419
vt 0.1997 0.1165
vt 0.2281 0.1419
vt 0.2281 0.1165
vt 0.3443 0.1710
vt 0.3188 0.1710
vt 0.3188 0.1994
vt 0.3443 0.1994
vt 0.3443 0.1380
vt 0.3188 0.1380
vt 0.3443 0.1026
vt 0.3188 0.1026
vt 0.3443 0.0672
vt 0.3188 0.0672
vt 0.3443 0.0342
vt 0.3188 0.0342
vt 0.3443 0.0058
vt 0.3188 0.0058
vt 0.0840 0.0760
vt 0.0840 0.1014
vt 0.0556 0.1014
vt 0.0556 0.0760
vt 0.1170 0.0760
vt 0.1170 0.1014
vt 0.1524 0.0760
vt 0.1524 0.1014
vt 0.1882 0.1057
vt 0.1524 0.1057
vt 0.2215 0.1057
vt 0.2500 0.1057
vt 0.3805 0.1716
vt 0.3805 0.2002
vt 0.3805 0.1383
vt 0.3805 0.1026
vt 0.3805 0.0669
vt 0.3805 0.0336
vt 0.3805 0.0050
vt 0.0623 0.1122
vt 0.0337 0.1122
vt 0.0956 0.1122
vt 0.1313 0.1122
vt 0.1670 0.1122
vt 0.2003 0.1122
vt 0.2289 0.1122
vt 0.3145 0.1716
vt 0.3145 0.2002
vt 0.3145 0.1383
vt 0.3145 0.1026
vt 0.3145 0.0669
vt 0.3145 0.0336
vt 0.3145 0.0050
vt 0.0834 0.1057
vt 0.0548 0.1057
vt 0.1167 0.1057
vt 0.0234 0.1925
vt 0.0187 0.1567
vt 0.0156 0.1567
vt 0.0204 0.1933
vt 0.0234 0.1210
vt 0.0204 0.1202
vt 0.0372 0.0877
vt 0.0345 0.0861
vt 0.0591 0.0591
vt 0.0569 0.0569
vt 0.0877 0.0372
vt 0.0861 0.0345
vt 0.1210 0.0234
vt 0.1202 0.0204
vt 0.1567 0.0187
vt 0.1567 0.0156
vt 0.1925 0.0234
vt 0.1933 0.0204
vt 0.2257 0.0372
vt 0.2273 0.0345
vt 0.2543 0.0591
vt 0.2566 0.0569
vt 0.2763 0.0877
vt 0.2790 0.0861
vt 0.2901 0.1210
vt 0.2931 0.1202
vt 0.2948 0.1567
vt 0.2979 0.1567
vt 0.2901 0.1925
vt 0.2931 0.1933
vt 0.2763 0.2257
vt 0.2790 0.2273
vt 0.2543 0.2543
vt 0.2566 0.2566
vt 0.2257 0.2763
vt 0.2273 0.2790
vt 0.1925 0.2901
vt 0.1933 0.2931
vt 0.1567 0.2948
vt 0.1567 0.2979
vt 0.1210 0.2901
vt 0.1202 0.2931
vt 0.0877 0.2763
vt 0.0861 0.2790
vt 0.0591 0.2543
vt 0.0569 0.2566
vt 0.0372 0.2257
vt 0.0345 0.2273
vt 0.0162 0.1944
vt 0.0308 0.2295
vt 0.0113 0.1567
vt 0.0162 0.1191
vt 0.0308 0.0840
vt 0.0539 0.0539
vt 0.0840 0.0308
vt 0.1191 0.0162
vt 0.1567 0.0113
vt 0.1944 0.0162
vt 0.2295 0.0308
vt 0.2596 0.0539
vt 0.2827 0.0840
vt 0.2972 0.1191
vt 0.3022 0.1567
vt 0.2972 0.1944
vt 0.2827 0.2295
vt 0.2596 0.2596
vt 0.2295 0.2827
vt 0.1944 0.2972
vt 0.1567 0.3022
vt 0.1191 0.2972
vt 0.0840 0.2827
vt 0.0539 0.2596
vt 0.0289 0.2305
vt 0.0524 0.2611
vt 0.0829 0.2845
vt 0.1185 0.2993
vt 0.1567 0.3043
vt 0.1175 0.3033
vt 0.1567 0.3085
vt 0.0809 0.2881
vt 0.0494 0.2640
vt 0.0253 0.2326
vt 0.0142 0.1949
vt 0.0102 0.1960
vt 0.0091 0.1567
vt 0.0142 0.1185
vt 0.0289 0.0829
vt 0.0524 0.0524
vt 0.0829 0.0289
vt 0.1185 0.0142
vt 0.1567 0.0092
vt 0.1949 0.0142
vt 0.2305 0.0289
vt 0.2611 0.0524
vt 0.2845 0.0829
vt 0.2993 0.1185
vt 0.3043 0.1567
vt 0.2993 0.1949
vt 0.2845 0.2305
vt 0.2611 0.2611
vt 0.2305 0.2845
vt 0.1949 0.2993
vt 0.1960 0.3033
vt 0.9950 0.4133
vt 0.9950 0.3741
vt 0.9919 0.3741
vt 0.9919 0.4140
vt 0.9950 0.3348
vt 0.9919 0.3341
vt 0.9950 0.2982
vt 0.9919 0.2969
vt 0.0476 0.2659
vt 0.0795 0.2904
vt 0.0230 0.2339
vt 0.5202 0.0050
vt 0.5568 0.0050
vt 0.5561 0.0081
vt 0.5188 0.0081
vt 0.5960 0.0050
vt 0.5960 0.0081
vt 0.0050 0.1567
vt 0.0102 0.1175
vt 0.0253 0.0809
vt 0.0494 0.0494
vt 0.0809 0.0253
vt 0.1175 0.0102
vt 0.1567 0.0050
vt 0.1960 0.0102
vt 0.2326 0.0253
vt 0.2640 0.0494
vt 0.2881 0.0809
vt 0.3033 0.1175
vt 0.3085 0.1567
vt 0.3033 0.1960
vt 0.2881 0.2326
vt 0.2640 0.2640
vt 0.2326 0.2881
vt 0.9950 0.4499
vt 0.9919 0.4513
vt 0.9876 0.4141
vt 0.9876 0.4515
vt 0.9876 0.3741
vt 0.9876 0.3340
vt 0.9876 0.2967
vt 0.9919 0.2649
vt 0.9876 0.2646
vt 0.4869 0.0081
vt 0.5186 0.0124
vt 0.4866 0.0124
vt 0.5560 0.0124
vt 0.5960 0.0124
vt 0.6360 0.0081
vt 0.6361 0.0124
vt 0.6353 0.0050
vt 0.6719 0.0050
vt 0.6732 0.0081
vt 0.0476 0.0476
vt 0.0230 0.0795
vt 0.0795 0.0230
vt 0.0050 0.6749
vt 0.0050 0.6383
vt 0.0081 0.6390
vt 0.0081 0.6763
vt 0.0050 0.5991
vt 0.0081 0.5991
vt 0.0050 0.5598
vt 0.0081 0.5591
vt 0.0050 0.5232
vt 0.0081 0.5219
vt 0.2659 0.0476
vt 0.2339 0.0230
vt 0.2904 0.0795
vt 0.5443 0.7564
vt 0.5809 0.7564
vt 0.5802 0.7533
vt 0.5430 0.7533
vt 0.6202 0.7564
vt 0.6202 0.7533
vt 0.6595 0.7564
vt 0.6602 0.7533
vt 0.6961 0.7564
vt 0.6974 0.7533
vt 0.2659 0.2659
vt 0.2904 0.2339
vt 0.2339 0.2904
vt 0.9919 0.4832
vt 0.9876 0.4836
vt 0.9644 0.4950
vt 0.9644 0.4596
vt 0.7057 0.7258
vt 0.6976 0.7491
vt 0.7297 0.7491
vt 0.7412 0.7258
vt 0.6645 0.7258
vt 0.6603 0.7491
vt 0.6202 0.7258
vt 0.6202 0.7491
vt 0.5759 0.7258
vt 0.5801 0.7491
vt 0.5347 0.7258
vt 0.5428 0.7491
vt 0.4992 0.7258
vt 0.5107 0.7491
vt 0.0356 0.5135
vt 0.0124 0.5216
vt 0.0124 0.4896
vt 0.0356 0.4781
vt 0.0356 0.5548
vt 0.0124 0.5590
vt 0.0356 0.5991
vt 0.0124 0.5991
vt 0.0356 0.6433
vt 0.0124 0.6391
vt 0.0356 0.6846
vt 0.0124 0.6765
vt 0.0356 0.7200
vt 0.0124 0.7085
vt 0.6816 0.0356
vt 0.6735 0.0124
vt 0.7055 0.0124
vt 0.7170 0.0356
vt 0.6403 0.0356
vt 0.5960 0.0356
vt 0.5518 0.0356
vt 0.5105 0.0356
vt 0.4751 0.0356
vt 0.9644 0.2885
vt 0.9644 0.2531
vt 0.9644 0.3298
vt 0.9644 0.3741
vt 0.9644 0.4183
vt 0.9391 0.4660
vt 0.9391 0.4217
vt 0.9391 0.5041
vt 0.7121 0.7005
vt 0.7502 0.7005
vt 0.6678 0.7005
vt 0.6202 0.7005
vt 0.5726 0.7005
vt 0.5283 0.7005
vt 0.4902 0.7005
vt 0.0609 0.5071
vt 0.0609 0.4690
vt 0.0609 0.5515
vt 0.0609 0.5991
vt 0.0609 0.6466
vt 0.0609 0.6910
vt 0.0609 0.7291
vt 0.6880 0.0609
vt 0.7261 0.0609
vt 0.6436 0.0609
vt 0.5960 0.0609
vt 0.5484 0.0609
vt 0.5041 0.0609
vt 0.4660 0.0609
vt 0.9391 0.2821
vt 0.9391 0.2441
vt 0.9391 0.3265
vt 0.9391 0.3741
vt 0.9122 0.4240
vt 0.9122 0.3741
vt 0.9122 0.4706
vt 0.9122 0.5105
vt 0.7167 0.6736
vt 0.7567 0.6736
vt 0.6701 0.6736
vt 0.6202 0.6736
vt 0.5703 0.6736
vt 0.5237 0.6736
vt 0.4837 0.6736
vt 0.0878 0.5026
vt 0.0878 0.4626
vt 0.0878 0.5491
vt 0.0878 0.5991
vt 0.0878 0.6490
vt 0.0878 0.6956
vt 0.0878 0.7355
vt 0.6925 0.0878
vt 0.7325 0.0878
vt 0.6460 0.0878
vt 0.5960 0.0878
vt 0.5461 0.0878
vt 0.4995 0.0878
vt 0.4596 0.0878
vt 0.9122 0.2776
vt 0.9122 0.2376
vt 0.9122 0.3241
vt 0.8843 0.3741
vt 0.8843 0.3228
vt 0.8843 0.4254
vt 0.8843 0.4732
vt 0.8843 0.5142
vt 0.7193 0.6457
vt 0.7604 0.6457
vt 0.6715 0.6457
vt 0.6202 0.6457
vt 0.5689 0.6457
vt 0.5211 0.6457
vt 0.4800 0.6457
vt 0.1157 0.4999
vt 0.1157 0.4589
vt 0.1157 0.5478
vt 0.1157 0.5991
vt 0.1157 0.6504
vt 0.1157 0.6982
vt 0.1157 0.7392
vt 0.6952 0.1157
vt 0.7362 0.1157
vt 0.6473 0.1157
vt 0.5960 0.1157
vt 0.5447 0.1157
vt 0.4969 0.1157
vt 0.4559 0.1157
vt 0.8843 0.2750
vt 0.8843 0.2339
vt 0.8560 0.3224
vt 0.8560 0.2743
vt 0.8560 0.3741
vt 0.8560 0.4257
vt 0.8560 0.4738
vt 0.8560 0.5151
vt 0.7199 0.6174
vt 0.7613 0.6174
vt 0.6718 0.6174
vt 0.6202 0.6174
vt 0.5686 0.6174
vt 0.5205 0.6174
vt 0.4791 0.6174
vt 0.1440 0.4993
vt 0.1440 0.4580
vt 0.1440 0.5474
vt 0.1440 0.5991
vt 0.1440 0.6507
vt 0.1440 0.6988
vt 0.1440 0.7401
vt 0.6958 0.1440
vt 0.7371 0.1440
vt 0.6477 0.1440
vt 0.5960 0.1440
vt 0.5444 0.1440
vt 0.4963 0.1440
vt 0.4550 0.1440
vt 0.8560 0.2330
vt 0.8277 0.2757
vt 0.8277 0.2349
vt 0.8277 0.3231
vt 0.8277 0.3741
vt 0.8277 0.4250
vt 0.8277 0.4724
vt 0.8277 0.5132
vt 0.7186 0.5891
vt 0.7593 0.5891
vt 0.6711 0.5891
vt 0.6202 0.5891
vt 0.5693 0.5891
vt 0.5218 0.5891
vt 0.4811 0.5891
vt 0.1723 0.5007
vt 0.1723 0.4599
vt 0.1723 0.5481
vt 0.1723 0.5991
vt 0.1723 0.6500
vt 0.1723 0.6974
vt 0.1723 0.7382
vt 0.6944 0.1723
vt 0.7352 0.1723
vt 0.6470 0.1723
vt 0.5960 0.1723
vt 0.5451 0.1723
vt 0.4977 0.1723
vt 0.4569 0.1723
vt 0.4616 0.1999
vt 0.5010 0.1999
vt 0.8001 0.2790
vt 0.8001 0.2397
vt 0.8001 0.3249
vt 0.8001 0.3741
vt 0.8001 0.4233
vt 0.8001 0.4691
vt 0.8001 0.5085
vt 0.7152 0.5616
vt 0.7546 0.5616
vt 0.6694 0.5616
vt 0.6202 0.5616
vt 0.5710 0.5616
vt 0.5252 0.5616
vt 0.4858 0.5616
vt 0.1998 0.5040
vt 0.1998 0.4647
vt 0.1998 0.5499
vt 0.1998 0.5991
vt 0.1998 0.6483
vt 0.1998 0.6941
vt 0.1998 0.7335
vt 0.6911 0.1999
vt 0.7304 0.1999
vt 0.6452 0.1999
vt 0.5960 0.1999
vt 0.5468 0.1999
vt 0.5062 0.2262
vt 0.5496 0.2262
vt 0.4691 0.2262
vt 0.7738 0.2843
vt 0.7738 0.2471
vt 0.7738 0.3276
vt 0.7738 0.3741
vt 0.7738 0.4206
vt 0.7738 0.4639
vt 0.7738 0.5011
vt 0.7100 0.5352
vt 0.7472 0.5352
vt 0.6667 0.5352
vt 0.6202 0.5352
vt 0.5737 0.5352
vt 0.5304 0.5352
vt 0.4932 0.5352
vt 0.2262 0.5093
vt 0.2262 0.4721
vt 0.2262 0.5526
vt 0.2262 0.5991
vt 0.2262 0.6455
vt 0.2262 0.6889
vt 0.2262 0.7260
vt 0.6858 0.2262
vt 0.7230 0.2262
vt 0.6425 0.2262
vt 0.5960 0.2262
vt 0.5532 0.2508
vt 0.5960 0.2508
vt 0.5133 0.2508
vt 0.4790 0.2508
vt 0.7492 0.2913
vt 0.7492 0.2571
vt 0.7492 0.3312
vt 0.7492 0.3741
vt 0.7492 0.4169
vt 0.7492 0.4568
vt 0.7492 0.4911
vt 0.7029 0.5106
vt 0.7372 0.5106
vt 0.6630 0.5106
vt 0.6202 0.5106
vt 0.5774 0.5106
vt 0.5375 0.5106
vt 0.5032 0.5106
vt 0.2508 0.5163
vt 0.2508 0.4820
vt 0.2508 0.5562
vt 0.2508 0.5991
vt 0.2508 0.6419
vt 0.2508 0.6818
vt 0.2508 0.7161
vt 0.6788 0.2508
vt 0.7131 0.2508
vt 0.6389 0.2508
vt 0.5960 0.2732
vt 0.6344 0.2732
vt 0.5577 0.2732
vt 0.5220 0.2732
vt 0.4913 0.2732
vt 0.7268 0.3000
vt 0.7268 0.2694
vt 0.7268 0.3357
vt 0.7268 0.3741
vt 0.7268 0.4124
vt 0.7268 0.4481
vt 0.7268 0.4788
vt 0.6942 0.4882
vt 0.7249 0.4882
vt 0.6585 0.4882
vt 0.6202 0.4882
vt 0.5819 0.4882
vt 0.5462 0.4882
vt 0.5155 0.4882
vt 0.2732 0.5250
vt 0.2732 0.4944
vt 0.2732 0.5607
vt 0.2732 0.5991
vt 0.2732 0.6374
vt 0.2732 0.6731
vt 0.2732 0.7038
vt 0.6701 0.2732
vt 0.7007 0.2732
vt 0.4984 0.4096
vt 0.5181 0.4149
vt 0.5033 0.4506
vt 0.4856 0.4404
vt 0.5027 0.3765
vt 0.5231 0.3765
vt 0.4984 0.3435
vt 0.5181 0.3382
vt 0.4856 0.3127
vt 0.5033 0.3025
vt 0.4653 0.2863
vt 0.4797 0.2718
vt 0.4389 0.2660
vt 0.4491 0.2483
vt 0.4081 0.2532
vt 0.4134 0.2335
vt 0.3750 0.2489
vt 0.3750 0.2285
vt 0.3420 0.2532
vt 0.3367 0.2335
vt 0.3112 0.2660
vt 0.3010 0.2483
vt 0.2848 0.2863
vt 0.2703 0.2718
vt 0.2645 0.3127
vt 0.2468 0.3025
vt 0.2517 0.3435
vt 0.2320 0.3382
vt 0.2474 0.3765
vt 0.2270 0.3765
vt 0.2517 0.4096
vt 0.2320 0.4149
vt 0.2645 0.4404
vt 0.2468 0.4506
vt 0.2848 0.4668
vt 0.2703 0.4812
vt 0.3112 0.4871
vt 0.3010 0.5048
vt 0.3420 0.4999
vt 0.3367 0.5196
vt 0.3750 0.5042
vt 0.3750 0.5246
vt 0.4081 0.4999
vt 0.4134 0.5196
vt 0.4389 0.4871
vt 0.4491 0.5048
vt 0.4653 0.4668
vt 0.4797 0.4812
vt 0.4657 0.4289
vt 0.4491 0.4506
vt 0.4762 0.4036
vt 0.4797 0.3765
vt 0.4762 0.3494
vt 0.4657 0.3242
vt 0.4491 0.3025
vt 0.4274 0.2859
vt 0.4021 0.2754
vt 0.3750 0.2718
vt 0.3479 0.2754
vt 0.3227 0.2859
vt 0.3010 0.3025
vt 0.2844 0.3242
vt 0.2739 0.3494
vt 0.2703 0.3765
vt 0.2739 0.4036
vt 0.2844 0.4289
vt 0.3010 0.4506
vt 0.3227 0.4672
vt 0.3479 0.4777
vt 0.3750 0.4812
vt 0.4021 0.4777
vt 0.4274 0.4672
vt 0.7052 0.0081
vt 0.0081 0.7082
vt 0.0081 0.4899
vt 0.5110 0.7533
vt 0.7294 0.7533
vn -0.1003 -0.1657 0.9811
vn 0.1003 0.1657 0.9811
vn -0.3039 0.1818 0.9352
vn 0.3039 -0.1817 0.9352
vn 0.0763 -0.5161 0.8531
vn -0.2764 -0.4473 0.8506
vn -0.4955 -0.1656 0.8527
vn -0.6578 0.1657 0.7347
vn -0.4398 0.5160 0.7350
vn -0.0762 0.5161 0.8531
vn 0.2764 0.4472 0.8506
vn 0.4955 0.1656 0.8527
vn 0.6578 -0.1656 0.7348
vn 0.4398 -0.5161 0.7350
vn 0.1861 -0.7983 0.5728
vn 0.5489 -0.7346 0.3988
vn 0.7236 -0.4472 0.5257
vn 0.8350 -0.5161 0.1911
vn 0.6023 -0.7983 -0.0000
vn 0.8350 -0.5160 -0.1911
vn 0.5489 -0.7346 -0.3988
vn 0.7236 -0.4472 -0.5257
vn 0.4398 -0.5160 -0.7351
vn 0.1861 -0.7983 -0.5728
vn 0.0762 -0.5160 -0.8532
vn -0.2097 -0.7346 -0.6453
vn -0.2764 -0.4472 -0.8507
vn -0.5631 -0.5161 -0.6454
vn -0.4873 -0.7983 -0.3540
vn -0.7878 -0.5160 -0.3361
vn -0.6785 -0.7346 0.0000
vn -0.8944 -0.4472 -0.0000
vn -0.7878 -0.5161 0.3361
vn -0.4873 -0.7983 0.3540
vn -0.5631 -0.5161 0.6454
vn -0.2097 -0.7347 0.6452
vn -0.1077 -0.9373 0.3314
vn 0.2820 -0.9373 0.2049
vn 0.2820 -0.9373 -0.2048
vn -0.1077 -0.9373 -0.3314
vn -0.3485 -0.9373 -0.0000
vn -0.0000 -1.0000 -0.0000
vn -0.7955 -0.1817 0.5780
vn -0.9641 -0.1657 0.2077
vn -0.9641 -0.1657 -0.2077
vn -0.9834 0.1817 -0.0000
vn -0.9020 0.1657 0.3986
vn -0.7236 0.4472 0.5258
vn -0.8350 0.5160 0.1911
vn -0.5489 0.7346 0.3988
vn -0.6023 0.7983 -0.0000
vn -0.8350 0.5160 -0.1912
vn -0.5489 0.7346 -0.3988
vn -0.7236 0.4472 -0.5258
vn -0.4398 0.5160 -0.7350
vn -0.1861 0.7983 -0.5728
vn -0.0762 0.5160 -0.8532
vn 0.2097 0.7346 -0.6453
vn 0.2764 0.4472 -0.8507
vn 0.5632 0.5160 -0.6454
vn 0.4873 0.7983 -0.3540
vn 0.7879 0.5160 -0.3361
vn 0.6785 0.7346 -0.0000
vn 0.8944 0.4472 -0.0000
vn 0.7878 0.5161 0.3361
vn 0.4873 0.7983 0.3540
vn 0.5632 0.5161 0.6454
vn 0.2097 0.7346 0.6453
vn -0.1861 0.7983 0.5728
vn -0.2819 0.9373 0.2048
vn -0.2819 0.9373 -0.2048
vn 0.1077 0.9373 -0.3314
vn 0.3485 0.9373 -0.0000
vn 0.1077 0.9373 0.3314
vn -0.0000 1.0000 -0.0000
vn 0.7955 0.1818 0.5780
vn 0.9641 0.1657 0.2077
vn 0.9641 0.1657 -0.2078
vn 0.9833 -0.1818 -0.0000
vn 0.9021 -0.1657 0.3985
vn 0.9020 -0.1657 -0.3986
vn 0.6578 -0.1656 -0.7348
vn 0.3039 -0.1817 -0.9352
vn -0.1003 -0.1657 -0.9811
vn -0.4955 -0.1656 -0.8527
vn -0.7955 -0.1817 -0.5780
vn -0.9020 0.1657 -0.3986
vn -0.6578 0.1657 -0.7347
vn -0.3039 0.1818 -0.9352
vn 0.1003 0.1657 -0.9811
vn 0.4955 0.1656 -0.8527
vn 0.7955 0.1817 -0.5780
vn -0.3038 0.1817 0.9352
vn 0.3038 -0.1817 0.9352
vn 0.0761 -0.5160 0.8532
vn -0.2764 -0.4472 0.8507
vn -0.4955 -0.1657 0.8527
vn -0.6579 0.1657 0.7347
vn -0.4399 0.5160 0.7350
vn -0.0762 0.5160 0.8532
vn 0.2764 0.4472 0.8507
vn 0.4955 0.1657 0.8527
vn 0.6578 -0.1656 0.7347
vn 0.4399 -0.5161 0.7350
vn 0.8350 -0.5160 0.1911
vn 0.4399 -0.5161 -0.7350
vn 0.0761 -0.5160 -0.8532
vn -0.7879 -0.5160 -0.3361
vn -0.8945 -0.4472 0.0000
vn -0.7879 -0.5160 0.3361
vn -0.2097 -0.7346 0.6453
vn 0.2819 -0.9373 0.2048
vn 0.2819 -0.9373 -0.2048
vn -0.7956 -0.1817 0.5780
vn -0.7236 0.4472 0.5257
vn -0.8350 0.5160 0.1912
vn -0.5490 0.7346 -0.3988
vn -0.7236 0.4472 -0.5257
vn -0.4399 0.5161 -0.7350
vn 0.7878 0.5161 -0.3361
vn 0.7879 0.5160 0.3361
vn 0.5632 0.5160 0.6454
vn -0.2819 0.9373 -0.2049
vn 0.7956 0.1818 0.5780
vn 0.9641 0.1657 0.2078
vn 0.9640 0.1656 -0.2078
vn 0.9021 -0.1657 0.3986
vn 0.9021 -0.1656 -0.3985
vn 0.6579 -0.1656 -0.7347
vn 0.3038 -0.1817 -0.9352
vn -0.4954 -0.1657 -0.8527
vn -0.7956 -0.1818 -0.5780
vn -0.9021 0.1657 -0.3986
vn -0.6579 0.1657 -0.7347
vn -0.3038 0.1817 -0.9352
vn 0.4955 0.1657 -0.8527
vn 0.7955 0.1818 -0.5780
vn 0.1003 0.1656 0.9811
vn -0.3039 0.1817 0.9352
vn 0.3039 -0.1818 0.9352
vn 0.0762 -0.5160 0.8532
vn -0.6578 0.1656 0.7348
vn -0.4398 0.5160 0.7351
vn -0.0763 0.5160 0.8532
vn 0.6578 -0.1657 0.7348
vn 0.4398 -0.5160 0.7350
vn 0.1861 -0.7982 0.5729
vn 0.5490 -0.7345 0.3989
vn 0.7236 -0.4472 0.5258
vn 0.8350 -0.5160 0.1912
vn 0.6024 -0.7982 0.0000
vn 0.5490 -0.7345 -0.3989
vn 0.7236 -0.4472 -0.5258
vn 0.4398 -0.5161 -0.7350
vn 0.1861 -0.7982 -0.5729
vn 0.0762 -0.5161 -0.8531
vn -0.2764 -0.4473 -0.8506
vn -0.5632 -0.5161 -0.6454
vn -0.4873 -0.7982 -0.3541
vn -0.7878 -0.5160 -0.3362
vn -0.6786 -0.7345 -0.0000
vn -0.7878 -0.5160 0.3362
vn -0.4873 -0.7982 0.3541
vn -0.5632 -0.5160 0.6454
vn -0.2097 -0.7345 0.6453
vn -0.1077 -0.9373 0.3315
vn 0.2820 -0.9373 -0.2049
vn -0.1077 -0.9373 -0.3315
vn -0.9640 -0.1657 0.2078
vn -0.9640 -0.1657 -0.2078
vn -0.9833 0.1818 0.0000
vn -0.5490 0.7346 0.3988
vn -0.6024 0.7982 0.0000
vn -0.8350 0.5160 -0.1911
vn -0.4397 0.5160 -0.7351
vn -0.1861 0.7982 -0.5729
vn 0.2764 0.4473 -0.8506
vn 0.7878 0.5160 -0.3362
vn 0.7879 0.5160 0.3362
vn -0.1862 0.7982 0.5729
vn -0.2820 0.9373 0.2048
vn -0.2820 0.9373 -0.2049
vn 0.1077 0.9373 -0.3315
vn 0.1077 0.9373 0.3315
vn 0.7955 0.1817 0.5780
vn 0.9641 0.1656 0.2078
vn 0.9640 0.1657 -0.2077
vn 0.9020 -0.1657 0.3986
vn 0.9021 -0.1656 -0.3986
vn 0.6578 -0.1657 -0.7347
vn 0.3039 -0.1818 -0.9352
vn -0.1004 -0.1657 -0.9811
vn -0.4955 -0.1657 -0.8526
vn -0.7955 -0.1818 -0.5780
vn -0.9021 0.1656 -0.3985
vn -0.6578 0.1656 -0.7348
vn 0.4955 0.1657 -0.8526
vn 0.7956 0.1818 -0.5780
vn -0.2764 -0.4472 0.8506
vn -0.4954 -0.1658 0.8527
vn -0.6578 0.1656 0.7347
vn -0.4398 0.5161 0.7350
vn 0.6579 -0.1657 0.7347
vn 0.5490 -0.7346 0.3988
vn 0.8350 -0.5161 -0.1911
vn -0.2764 -0.4472 -0.8506
vn -0.4873 -0.7982 -0.3540
vn -0.4873 -0.7982 0.3540
vn -0.5632 -0.5161 0.6454
vn -0.3486 -0.9373 0.0000
vn -0.7956 -0.1818 0.5780
vn -0.9641 -0.1656 0.2078
vn -0.9833 0.1817 0.0000
vn -0.9021 0.1656 0.3985
vn -0.6023 0.7982 -0.0000
vn -0.4398 0.5161 -0.7350
vn 0.2764 0.4472 -0.8506
vn 0.4873 0.7982 -0.3540
vn 0.8944 0.4473 -0.0000
vn 0.7878 0.5160 0.3362
vn 0.4873 0.7982 0.3540
vn -0.1861 0.7982 0.5729
vn -0.2819 0.9373 0.2049
vn 0.9640 0.1657 0.2078
vn 0.9640 0.1657 -0.2078
vn 0.9833 -0.1819 -0.0000
vn 0.9021 -0.1657 -0.3985
vn 0.6579 -0.1657 -0.7347
vn -0.4955 -0.1658 -0.8527
vn -0.7956 -0.1818 -0.5779
vn -0.6578 0.1656 -0.7347
vn -0.3038 0.1818 -0.9352
vn -0.1003 -0.1656 0.9811
vn 0.5490 -0.7346 -0.3988
vn 0.4398 -0.5160 -0.7350
vn -0.5632 -0.5160 -0.6454
vn -0.7879 -0.5160 0.3362
vn -0.9641 -0.1656 -0.2078
vn 0.1077 0.9373 -0.3313
vn 0.1077 0.9373 0.3313
vn 0.9021 -0.1656 0.3985
vn 0.9021 -0.1657 -0.3986
vn -0.1003 -0.1656 -0.9811
vn -0.4955 -0.1657 -0.8527
vn -0.7956 -0.1817 -0.5780
vn 0.0763 -0.5160 0.8532
vn -0.6578 0.1657 0.7348
vn -0.0763 0.5161 0.8532
vn 0.0763 -0.5160 -0.8532
vn -0.5631 -0.5160 -0.6455
vn -0.5631 -0.5160 0.6455
vn -0.9641 -0.1656 -0.2077
vn -0.0763 0.5161 -0.8532
vn 0.2096 0.7346 -0.6453
vn 0.7879 0.5161 0.3361
vn 0.2096 0.7346 0.6453
vn 0.9640 0.1657 0.2077
vn -0.6578 0.1657 -0.7348
vn 0.4398 -0.5160 0.7351
vn 0.1862 -0.7982 0.5729
vn 0.5489 -0.7346 0.3989
vn 0.6023 -0.7982 0.0000
vn 0.1862 -0.7982 -0.5729
vn -0.7955 -0.1818 0.5780
vn -0.9021 0.1657 0.3986
vn -0.8350 0.5161 -0.1912
vn -0.4398 0.5160 -0.7351
vn -0.1862 0.7982 -0.5729
vn -0.0763 0.5160 -0.8532
vn 0.4873 0.7982 0.3541
vn 0.7956 0.1817 0.5780
vn 0.9834 -0.1817 0.0000
vn 0.6578 -0.1657 -0.7348
vn 0.7956 0.1817 -0.5780
vn 0.7236 -0.4473 0.5257
vn 0.7236 -0.4473 -0.5257
vn 0.2820 -0.9373 0.2048
vn -0.9640 -0.1656 0.2078
vn -0.9640 -0.1656 -0.2078
vn -0.9021 0.1656 0.3986
vn -0.7236 0.4473 0.5257
vn -0.8350 0.5161 0.1911
vn -0.8350 0.5161 -0.1911
vn -0.7236 0.4473 -0.5257
vn 0.5631 0.5161 -0.6454
vn 0.4873 0.7982 -0.3541
vn 0.7878 0.5160 0.3361
vn 0.5631 0.5161 0.6454
vn 0.9641 0.1656 0.2077
vn 0.9641 0.1657 -0.2077
vn 0.8349 -0.5161 0.1912
vn 0.8349 -0.5161 -0.1912
vn -0.4872 -0.7983 -0.3540
vn -0.7878 -0.5160 0.3361
vn -0.4872 -0.7983 0.3540
vn 0.5632 0.5161 -0.6454
vn 0.9020 -0.1656 0.3986
vn 0.9020 -0.1656 -0.3986
vn 0.6578 -0.1657 0.7347
vn -0.2096 -0.7346 -0.6453
vn -0.5631 -0.5160 -0.6454
vn -0.2096 -0.7346 0.6453
vn 0.2819 -0.9373 0.2049
vn -0.9641 -0.1657 0.2078
vn 0.5631 0.5160 -0.6455
vn 0.7879 0.5161 -0.3361
vn 0.5631 0.5160 0.6454
vn 0.9239 -0.3827 -0.0000
vn 1.0000 0.0000 0.0000
vn 0.9239 0.0000 0.3827
vn 0.8548 -0.3670 0.3670
vn 0.8548 0.3670 0.3670
vn 0.9239 0.3827 -0.0000
vn 0.3670 0.3670 0.8548
vn 0.3827 0.0000 0.9239
vn 0.0000 0.3827 0.9239
vn 0.0000 0.0000 1.0000
vn -0.0000 -0.9239 0.3827
vn 0.0000 -0.3827 0.9239
vn 0.3670 -0.3670 0.8548
vn 0.3670 -0.8548 0.3670
vn 0.3827 -0.9239 -0.0000
vn 0.0000 0.9239 0.3827
vn 0.3670 0.8548 0.3670
vn 0.3827 0.9239 0.0000
vn -1.0000 0.0000 0.0000
vn -0.5631 -0.5160 0.6454
vn -0.9640 -0.1657 -0.2077
vn -0.8349 0.5161 0.1912
vn -0.8349 0.5161 -0.1912
vn 0.5631 0.5160 -0.6454
vn 0.4872 0.7983 -0.3540
vn 0.8945 0.4472 -0.0000
vn 0.4872 0.7983 0.3540
vn 0.9641 0.1656 -0.2077
vn -0.9020 0.1656 -0.3986
vn -0.4399 0.5161 0.7350
vn -0.5490 0.7345 -0.3988
vn 0.6786 0.7346 -0.0000
vn -0.2820 0.9373 0.2049
vn 0.9640 0.1656 0.2078
vn 0.1003 0.1656 -0.9811
vn 0.0762 -0.5161 0.8531
vn -0.4397 0.5160 0.7351
vn 0.2764 0.4473 0.8506
vn 0.8350 -0.5160 -0.1912
vn 0.5489 -0.7345 -0.3989
vn 0.0763 -0.5161 -0.8532
vn -0.7878 -0.5161 -0.3361
vn -0.8944 -0.4473 -0.0000
vn -0.7878 -0.5161 0.3362
vn -0.9640 -0.1657 0.2077
vn -0.9021 0.1657 0.3985
vn 0.7879 0.5160 -0.3362
vn 0.9641 0.1656 -0.2078
vn -0.9641 -0.1656 0.2077
vn 0.0000 -0.0163 -0.9999
vn 0.0867 -0.0114 -0.9962
vn 0.0654 -0.0166 -0.9977
vn 0.0654 -0.0163 -0.9977
vn 0.0654 -0.0163 0.9977
vn 0.0654 -0.0166 0.9977
vn 0.0868 -0.0114 0.9962
vn 0.0000 -0.0163 0.9999
vn 0.2588 -0.0163 0.9658
vn 0.2588 -0.0165 0.9658
vn 0.4999 -0.0164 0.8659
vn 0.4999 -0.0163 0.8659
vn 0.7070 -0.0164 0.7070
vn 0.7070 -0.0163 0.7070
vn 0.8659 -0.0164 0.4999
vn 0.8659 -0.0163 0.4999
vn 0.9658 -0.0164 0.2588
vn 0.9658 -0.0163 0.2588
vn 0.9999 -0.0164 -0.0000
vn 0.9999 -0.0163 0.0000
vn 0.9658 -0.0164 -0.2588
vn 0.9658 -0.0163 -0.2588
vn 0.8659 -0.0164 -0.4999
vn 0.8659 -0.0163 -0.4999
vn 0.7070 -0.0164 -0.7070
vn 0.7070 -0.0163 -0.7070
vn 0.4999 -0.0164 -0.8659
vn 0.4999 -0.0163 -0.8659
vn 0.2588 -0.0163 -0.9658
vn 0.2588 -0.0165 -0.9658
vn 0.2589 -0.0083 -0.9659
vn 0.0551 -0.0084 -0.9984
vn 0.5000 -0.0082 -0.8660
vn 0.7071 -0.0081 -0.7071
vn 0.8660 -0.0081 -0.5000
vn 0.9659 -0.0081 -0.2588
vn 1.0000 -0.0081 0.0000
vn 0.9659 -0.0081 0.2588
vn 0.8660 -0.0081 0.5000
vn 0.7071 -0.0081 0.7071
vn 0.5000 -0.0082 0.8660
vn 0.2589 -0.0083 0.9659
vn 0.0551 -0.0084 0.9984
vn 0.1303 -0.0089 0.9914
vn 0.2583 -0.0007 0.9661
vn 0.2583 -0.0007 -0.9661
vn 0.1303 -0.0089 -0.9914
vn 0.0654 -0.0000 0.9979
vn 0.1100 -0.0000 0.9939
vn 0.0448 -0.0000 0.9990
vn 0.1100 0.0000 -0.9939
vn 0.0448 0.0000 -0.9990
vn 0.0654 -0.0000 -0.9979
vn -0.2588 -0.0000 -0.9659
vn -0.1306 -0.0000 -0.9914
vn -0.5000 0.0000 -0.8660
vn -0.7071 0.0000 -0.7071
vn -0.8660 0.0000 -0.5000
vn -0.9659 0.0000 -0.2588
vn -0.9659 0.0000 0.2588
vn -0.8660 0.0000 0.5000
vn -0.7071 0.0000 0.7071
vn -0.5000 -0.0000 0.8660
vn -0.2588 -0.0000 0.9659
vn -0.1306 -0.0000 0.9914
vn 0.2589 0.0000 -0.9659
vn 0.2589 -0.0000 0.9659
vn 0.5000 -0.0000 0.8660
vn 0.7071 -0.0000 0.7071
vn 0.8660 0.0000 0.5000
vn 0.9659 0.0000 0.2588
vn 0.9659 -0.0000 -0.2588
vn 0.8660 -0.0000 -0.5000
vn 0.7071 0.0000 -0.7071
vn 0.5000 0.0000 -0.8660
vn 0.8375 0.2547 0.4835
vn 0.7824 0.4286 0.4517
vn 0.8360 0.4256 0.3463
vn 0.9640 0.0631 0.2583
vn 0.9341 0.2547 0.2503
vn 0.6838 0.2548 0.6838
vn 0.6389 0.4286 0.6389
vn 0.4835 0.2547 0.8375
vn 0.4517 0.4286 0.7825
vn 0.2503 0.2547 0.9341
vn 0.2338 0.4286 0.8727
vn -0.0000 0.2547 0.9670
vn -0.0000 0.4286 0.9035
vn -0.2503 0.2547 0.9341
vn -0.2338 0.4286 0.8727
vn -0.4835 0.2547 0.8375
vn -0.4517 0.4286 0.7824
vn -0.6838 0.2548 0.6838
vn -0.6389 0.4286 0.6389
vn -0.8375 0.2547 0.4835
vn -0.7824 0.4286 0.4517
vn -0.9341 0.2547 0.2503
vn -0.8727 0.4286 0.2338
vn -0.9670 0.2547 0.0000
vn -0.9035 0.4286 -0.0000
vn -0.9341 0.2547 -0.2503
vn -0.8727 0.4286 -0.2338
vn -0.8375 0.2547 -0.4835
vn -0.7825 0.4286 -0.4517
vn -0.6838 0.2547 -0.6838
vn -0.6389 0.4286 -0.6389
vn -0.4835 0.2547 -0.8375
vn -0.4517 0.4286 -0.7825
vn -0.2503 0.2547 -0.9341
vn -0.2338 0.4286 -0.8727
vn 0.0000 0.2547 -0.9670
vn 0.0000 0.4286 -0.9035
vn 0.2503 0.2547 -0.9341
vn 0.2338 0.4286 -0.8727
vn 0.4835 0.2548 -0.8375
vn 0.4517 0.4286 -0.7824
vn 0.6838 0.2547 -0.6838
vn 0.6389 0.4286 -0.6389
vn 0.8375 0.2548 -0.4835
vn 0.7824 0.4286 -0.4517
vn 0.9640 0.0631 -0.2583
vn 0.8360 0.4256 -0.3463
vn 0.9341 0.2547 -0.2503
vn 0.1668 0.9836 -0.0691
vn 0.3165 0.9308 -0.1827
vn 0.1731 0.9823 -0.0717
vn 0.3290 0.9250 -0.1899
vn 0.8536 0.3827 -0.3536
vn 0.7991 0.3855 -0.4613
vn 0.1731 0.9823 0.0717
vn 0.3290 0.9251 0.1899
vn 0.7991 0.3855 0.4613
vn 0.8535 0.3827 0.3536
vn 0.1668 0.9836 0.0691
vn 0.3165 0.9308 0.1827
vn 0.2584 0.9308 0.2584
vn 0.2686 0.9250 0.2686
vn 0.6525 0.3855 0.6525
vn 0.1900 0.9250 0.3290
vn 0.4613 0.3855 0.7991
vn 0.1827 0.9308 0.3165
vn 0.0946 0.9308 0.3530
vn 0.0983 0.9250 0.3669
vn 0.2388 0.3855 0.8913
vn -0.0000 0.9250 0.3799
vn 0.0000 0.3855 0.9227
vn 0.0000 0.9308 0.3655
vn -0.0946 0.9308 0.3530
vn -0.0983 0.9250 0.3669
vn -0.2388 0.3855 0.8913
vn -0.1900 0.9250 0.3290
vn -0.4613 0.3855 0.7991
vn -0.1827 0.9308 0.3165
vn -0.2584 0.9308 0.2584
vn -0.2686 0.9250 0.2686
vn -0.6525 0.3855 0.6525
vn -0.3290 0.9251 0.1899
vn -0.7991 0.3855 0.4614
vn -0.3165 0.9308 0.1827
vn -0.3530 0.9308 0.0946
vn -0.3669 0.9250 0.0983
vn -0.8913 0.3855 0.2388
vn -0.3799 0.9250 -0.0000
vn -0.9227 0.3855 0.0000
vn -0.3655 0.9308 0.0000
vn -0.3530 0.9308 -0.0946
vn -0.3670 0.9250 -0.0983
vn -0.8913 0.3855 -0.2388
vn -0.3290 0.9250 -0.1899
vn -0.7991 0.3855 -0.4613
vn -0.3165 0.9308 -0.1827
vn -0.2584 0.9308 -0.2584
vn -0.2686 0.9250 -0.2686
vn -0.6524 0.3855 -0.6524
vn -0.1900 0.9250 -0.3290
vn -0.4613 0.3855 -0.7991
vn -0.1827 0.9308 -0.3165
vn -0.0946 0.9308 -0.3530
vn -0.0983 0.9250 -0.3669
vn -0.2388 0.3855 -0.8913
vn 0.0000 0.9250 -0.3799
vn -0.0000 0.3855 -0.9227
vn 0.0000 0.9308 -0.3655
vn 0.0946 0.9308 -0.3530
vn 0.0983 0.9251 -0.3669
vn 0.2388 0.3855 -0.8912
vn 0.1900 0.9250 -0.3290
vn 0.4613 0.3855 -0.7991
vn 0.1827 0.9308 -0.3165
vn 0.2584 0.9308 -0.2584
vn 0.2686 0.9250 -0.2686
vn 0.6525 0.3855 -0.6525
vn 0.6524 0.3856 -0.6524
vn 0.2388 0.3855 -0.8913
vn -0.6525 0.3855 -0.6525
vn -0.7991 0.3855 0.4613
vn -0.6524 0.3856 0.6524
vn 0.6524 0.3855 0.6524
vn 0.8535 0.3827 0.3535
vn 0.3535 0.9239 0.1464
vn 0.3289 0.9250 0.1899
vn 0.3290 0.9250 0.1899
vn 0.1899 0.9250 0.3290
vn 0.1899 0.9250 0.3289
vn -0.1899 0.9250 0.3290
vn -0.4614 0.3855 0.7991
vn -0.1899 0.9250 0.3289
vn -0.3290 0.9250 0.1899
vn -0.3289 0.9250 0.1899
vn -0.3669 0.9251 0.0983
vn -0.3669 0.9251 -0.0983
vn -0.3669 0.9250 -0.0983
vn -0.7991 0.3855 -0.4614
vn -0.3289 0.9250 -0.1899
vn -0.1899 0.9250 -0.3290
vn -0.1899 0.9250 -0.3289
vn -0.0983 0.9251 -0.3669
vn 0.1899 0.9250 -0.3290
vn 0.4614 0.3855 -0.7991
vn 0.1899 0.9250 -0.3289
vn 0.3289 0.9250 -0.1899
vn 0.3535 0.9239 -0.1464
vn 0.8535 0.3828 -0.3535
vn 0.9239 -0.0000 -0.3827
vn 0.2588 0.0000 -0.9659
vn 0.0000 0.0000 -1.0000
vn 0.2588 0.0000 0.9659
vn 0.9670 0.2547 -0.0000
vn 0.9980 0.0631 -0.0000
vn 0.8997 0.4364 -0.0000
vn 0.8691 0.4364 0.2329
vn 0.8691 0.4364 -0.2329
vn 0.7792 0.4365 -0.4499
vn 0.6362 0.4365 -0.6362
vn 0.4498 0.4365 -0.7792
vn 0.2329 0.4365 -0.8691
vn 0.0000 0.4365 -0.8997
vn -0.2329 0.4365 -0.8691
vn -0.4498 0.4365 -0.7792
vn -0.6362 0.4365 -0.6362
vn -0.7792 0.4365 -0.4499
vn -0.8691 0.4364 -0.2329
vn -0.8997 0.4364 -0.0000
vn -0.8691 0.4364 0.2329
vn -0.7792 0.4365 0.4499
vn -0.6362 0.4365 0.6362
vn -0.4499 0.4365 0.7792
vn -0.2329 0.4364 0.8691
vn 0.0000 0.4364 0.8997
vn 0.2329 0.4364 0.8691
vn 0.4499 0.4365 0.7792
vn 0.6362 0.4365 0.6362
vn 0.7792 0.4365 0.4499
vn -0.0654 0.0000 -0.9979
vn -0.0654 0.0000 0.9979
vn -0.1050 -0.0000 0.9945
vn -0.2587 0.0000 0.9660
vn 0.0008 -0.0000 -1.0000
vn -0.1050 0.0000 -0.9945
vn -0.2587 -0.0000 -0.9660
vn 0.0008 -0.0000 1.0000
vn 0.1305 -0.0000 0.9914
vn 0.1305 0.0000 -0.9914
vn 0.0064 -0.9999 -0.0081
vn 0.0064 -0.9999 0.0081
vn 0.0064 -1.0000 -0.0000
vn 0.0000 -0.9997 0.0243
vn 0.0000 -0.9997 -0.0243
vn 0.0762 -0.5161 -0.8532
vn -0.0762 0.5161 -0.8531
vn 0.7878 0.5161 -0.3362
vn 0.5631 0.5160 0.6455
vn 0.9021 -0.1656 0.3986
vn -0.3039 0.1817 -0.9352
vn -0.0763 0.5161 0.8531
vn 0.5489 -0.7346 -0.3989
vn 0.8945 0.4471 -0.0000
vn 0.2819 -0.9373 -0.2049
vn -0.9641 -0.1657 -0.2078
vn -0.4955 -0.1656 0.8526
vn -0.0762 0.5161 0.8532
vn -0.9020 0.1656 0.3986
vn -0.8349 0.5160 -0.1912
vn 0.7878 0.5161 0.3362
vn -0.3798 0.9251 -0.0000
vn 0.0000 0.9251 -0.3798
vn 0.0983 0.9250 -0.3669
vn 0.3669 0.9251 -0.0983
vn 0.3798 0.9251 0.0000
vn 0.3669 0.9251 0.0983
vn 0.2687 0.9250 0.2687
vn 0.4614 0.3855 0.7991
vn 0.6525 0.3854 0.6525
vn 0.7991 0.3855 0.4614
vn 0.8913 0.3855 0.2388
vn 0.9227 0.3855 0.0000
vn 0.8912 0.3856 -0.2388
vn 0.7991 0.3855 -0.4614
vn 0.6525 0.3854 -0.6525
vn 0.0000 0.3856 -0.9227
vn -0.4614 0.3855 -0.7991
vn -0.6525 0.3854 -0.6525
vn -0.8912 0.3856 -0.2388
vn -0.6525 0.3854 0.6525
vn -0.7879 -0.5160 -0.3362
vn -0.1861 0.7982 -0.5728
vn 0.2097 0.7347 0.6452
vn -0.9021 0.1656 -0.3986
vn -0.7879 -0.5161 -0.3361
vn -0.9833 0.1819 -0.0000
vn 0.7878 0.5160 -0.3361
vn 0.4955 0.1656 0.8526
vn 0.9833 -0.1817 -0.0000
vn -0.0763 0.5161 -0.8531
vn -0.9021 0.1657 -0.3985
vn -0.5489 0.7346 -0.3989
vn -0.1004 -0.1657 0.9811
vn 0.0762 -0.5161 0.8532
vn -0.2765 -0.4472 0.8506
vn 0.4955 0.1657 0.8526
vn 0.4399 -0.5160 0.7350
vn -0.4955 -0.1657 0.8526
vn 0.8548 0.3670 -0.3670
vn 0.3827 0.0000 -0.9239
vn 0.3670 0.3670 -0.8548
vn 0.0000 0.3827 -0.9239
vn 0.0000 -0.3827 -0.9239
vn 0.3670 -0.3670 -0.8548
vn 0.8548 -0.3670 -0.3670
vn 0.3670 -0.8548 -0.3670
vn 0.0000 -0.9239 -0.3827
vn -0.0000 0.9239 -0.3827
vn 0.3670 0.8548 -0.3670
vn -0.3038 0.1818 0.9352
vn 0.6786 0.7345 -0.0000
vn 0.4397 -0.5160 -0.7351
vn -0.7878 -0.5161 -0.3362
vn 0.2097 0.7345 0.6454
vn -0.0761 0.5161 -0.8532
vn 0.6578 -0.1656 -0.7347
vn 0.1004 0.1657 -0.9811
vn -0.3513 -0.8679 -0.3513
vn -0.2484 -0.8679 -0.4302
vn -0.0647 -0.9916 -0.1121
vn -0.0915 -0.9916 -0.0915
vn -0.6110 -0.5033 -0.6110
vn -0.4321 -0.5032 -0.7484
vn -0.4281 -0.7959 -0.4281
vn -0.3027 -0.7959 -0.5244
vn -0.5244 -0.7959 -0.3027
vn -0.5848 -0.7959 -0.1567
vn -0.6055 -0.7958 0.0000
vn -0.5849 -0.7959 0.1567
vn -0.5244 -0.7959 0.3027
vn -0.4281 -0.7959 0.4281
vn -0.3027 -0.7958 0.5244
vn -0.1567 -0.7959 0.5848
vn -0.0000 -0.7958 0.6055
vn 0.1567 -0.7959 0.5848
vn 0.3027 -0.7958 0.5244
vn 0.4281 -0.7959 0.4281
vn 0.5244 -0.7959 0.3027
vn 0.5849 -0.7959 0.1567
vn 0.6055 -0.7958 0.0000
vn 0.5848 -0.7959 -0.1567
vn 0.5244 -0.7959 -0.3027
vn 0.4281 -0.7959 -0.4281
vn 0.3027 -0.7959 -0.5244
vn 0.1567 -0.7959 -0.5848
vn 0.0000 -0.7958 -0.6055
vn -0.1567 -0.7959 -0.5848
vn -0.0389 -0.9970 -0.0674
vn -0.0550 -0.9970 -0.0550
vn -0.0201 -0.9970 -0.0751
vn 0.0000 -0.9970 -0.0778
vn 0.0201 -0.9970 -0.0751
vn 0.0389 -0.9970 -0.0674
vn 0.0550 -0.9970 -0.0550
vn 0.0674 -0.9970 -0.0389
vn 0.0752 -0.9970 -0.0201
vn 0.0778 -0.9970 -0.0000
vn 0.0752 -0.9970 0.0201
vn 0.0674 -0.9970 0.0389
vn 0.0550 -0.9970 0.0550
vn 0.0389 -0.9970 0.0674
vn 0.0201 -0.9970 0.0751
vn 0.0000 -0.9970 0.0778
vn -0.0201 -0.9970 0.0751
vn -0.0389 -0.9970 0.0674
vn -0.0550 -0.9970 0.0550
vn -0.0674 -0.9970 0.0389
vn -0.0752 -0.9970 0.0201
vn -0.0778 -0.9970 0.0000
vn -0.0752 -0.9970 -0.0201
vn -0.0674 -0.9970 -0.0389
vn -0.2656 -0.9518 -0.1533
vn -0.2168 -0.9518 -0.2168
vn -0.5062 -0.8114 -0.2922
vn -0.4133 -0.8114 -0.4133
vn -0.6985 -0.5911 -0.4033
vn -0.5703 -0.5911 -0.5703
vn -0.8230 -0.3114 -0.4751
vn -0.6719 -0.3114 -0.6719
vn -0.8633 -0.0790 -0.4984
vn -0.7049 -0.0791 -0.7049
vn -0.4984 -0.0791 -0.8633
vn -0.2580 -0.0790 -0.9629
vn 0.0000 -0.0786 -0.9969
vn 0.2580 -0.0790 -0.9629
vn 0.4984 -0.0791 -0.8633
vn 0.7049 -0.0790 -0.7049
vn 0.8633 -0.0791 -0.4984
vn 0.9629 -0.0790 -0.2580
vn 0.9969 -0.0791 -0.0000
vn 0.9629 -0.0790 0.2580
vn 0.8633 -0.0792 0.4984
vn 0.7049 -0.0793 0.7049
vn 0.4985 -0.0786 0.8633
vn 0.2580 -0.0790 0.9629
vn 0.0000 -0.0786 0.9969
vn -0.2580 -0.0790 0.9629
vn -0.4985 -0.0790 0.8633
vn -0.7049 -0.0791 0.7049
vn -0.8633 -0.0791 0.4984
vn -0.9629 -0.0790 0.2580
vn -0.9969 -0.0791 0.0000
vn -0.9629 -0.0790 -0.2580
vn -0.9179 -0.3114 -0.2460
vn -0.7791 -0.5911 -0.2088
vn -0.5646 -0.8114 -0.1513
vn -0.2962 -0.9518 -0.0794
vn -0.3066 -0.9518 -0.0000
vn -0.5845 -0.8114 -0.0000
vn -0.8066 -0.5911 0.0000
vn -0.9503 -0.3114 0.0000
vn -0.9179 -0.3114 0.2460
vn -0.7791 -0.5911 0.2088
vn -0.5646 -0.8114 0.1513
vn -0.2962 -0.9518 0.0794
vn -0.2656 -0.9518 0.1533
vn -0.5062 -0.8114 0.2922
vn -0.6985 -0.5911 0.4033
vn -0.8230 -0.3114 0.4751
vn -0.6720 -0.3114 0.6720
vn -0.5704 -0.5911 0.5704
vn -0.4133 -0.8114 0.4133
vn -0.2168 -0.9518 0.2168
vn -0.1533 -0.9518 0.2656
vn -0.2922 -0.8114 0.5062
vn -0.4033 -0.5911 0.6985
vn -0.4751 -0.3114 0.8230
vn -0.2460 -0.3114 0.9179
vn -0.2088 -0.5911 0.7791
vn -0.1513 -0.8114 0.5646
vn -0.0794 -0.9518 0.2962
vn 0.0000 -0.9518 0.3066
vn -0.0000 -0.8114 0.5845
vn 0.0000 -0.5911 0.8066
vn -0.0000 -0.3114 0.9503
vn 0.2460 -0.3114 0.9179
vn 0.2088 -0.5911 0.7791
vn 0.1513 -0.8114 0.5646
vn 0.0794 -0.9518 0.2962
vn 0.1533 -0.9518 0.2656
vn 0.2922 -0.8114 0.5062
vn 0.4033 -0.5911 0.6985
vn 0.4751 -0.3114 0.8230
vn 0.6720 -0.3114 0.6720
vn 0.5704 -0.5911 0.5704
vn 0.4133 -0.8114 0.4133
vn 0.2168 -0.9518 0.2168
vn 0.2656 -0.9518 0.1533
vn 0.5062 -0.8114 0.2922
vn 0.6985 -0.5911 0.4033
vn 0.8230 -0.3114 0.4751
vn 0.9179 -0.3114 0.2460
vn 0.7791 -0.5911 0.2088
vn 0.5646 -0.8114 0.1513
vn 0.2962 -0.9518 0.0794
vn 0.3066 -0.9518 0.0000
vn 0.5845 -0.8114 0.0000
vn 0.8066 -0.5911 -0.0000
vn 0.9503 -0.3114 -0.0000
vn 0.9179 -0.3114 -0.2460
vn 0.7791 -0.5911 -0.2088
vn 0.5646 -0.8114 -0.1513
vn 0.2962 -0.9518 -0.0794
vn 0.2656 -0.9518 -0.1533
vn 0.5061 -0.8114 -0.2922
vn 0.6985 -0.5911 -0.4033
vn 0.8230 -0.3114 -0.4751
vn 0.6720 -0.3114 -0.6719
vn 0.5704 -0.5911 -0.5704
vn 0.4133 -0.8114 -0.4133
vn 0.2168 -0.9518 -0.2168
vn 0.1533 -0.9518 -0.2655
vn 0.2922 -0.8114 -0.5062
vn 0.4033 -0.5911 -0.6985
vn 0.4751 -0.3114 -0.8230
vn 0.2460 -0.3114 -0.9179
vn 0.2088 -0.5911 -0.7791
vn 0.1513 -0.8114 -0.5646
vn 0.0794 -0.9518 -0.2962
vn 0.0000 -0.9518 -0.3066
vn -0.0000 -0.8114 -0.5845
vn -0.0000 -0.5911 -0.8066
vn 0.0000 -0.3114 -0.9503
vn -0.2460 -0.3114 -0.9179
vn -0.2088 -0.5911 -0.7791
vn -0.1513 -0.8114 -0.5646
vn -0.0794 -0.9518 -0.2962
vn -0.1533 -0.9518 -0.2655
vn -0.2922 -0.8114 -0.5062
vn -0.4033 -0.5911 -0.6985
vn -0.4751 -0.3114 -0.8230
vn -0.2237 -0.5032 -0.8347
vn -0.0000 -0.5032 -0.8642
vn 0.2237 -0.5032 -0.8347
vn 0.4321 -0.5032 -0.7484
vn 0.6110 -0.5033 -0.6110
vn 0.7484 -0.5032 -0.4321
vn 0.8347 -0.5032 -0.2237
vn 0.8642 -0.5032 0.0000
vn 0.8347 -0.5032 0.2237
vn 0.7484 -0.5032 0.4321
vn 0.6110 -0.5032 0.6110
vn 0.4321 -0.5032 0.7484
vn 0.2237 -0.5032 0.8347
vn 0.0000 -0.5032 0.8642
vn -0.2237 -0.5032 0.8347
vn -0.4321 -0.5032 0.7484
vn -0.6110 -0.5032 0.6110
vn -0.7484 -0.5032 0.4321
vn -0.8347 -0.5032 0.2237
vn -0.8642 -0.5032 0.0000
vn -0.8347 -0.5032 -0.2237
vn -0.7484 -0.5032 -0.4321
vn -0.4302 -0.8679 -0.2484
vn -0.1121 -0.9916 -0.0647
vn -0.1250 -0.9916 -0.0335
vn -0.1294 -0.9916 0.0000
vn -0.1250 -0.9916 0.0335
vn -0.1121 -0.9916 0.0647
vn -0.0915 -0.9916 0.0915
vn -0.0647 -0.9916 0.1121
vn -0.0335 -0.9916 0.1250
vn -0.0000 -0.9916 0.1294
vn 0.0335 -0.9916 0.1250
vn 0.0647 -0.9916 0.1121
vn 0.0915 -0.9916 0.0915
vn 0.1121 -0.9916 0.0647
vn 0.1250 -0.9916 0.0335
vn 0.1294 -0.9916 -0.0000
vn 0.1250 -0.9916 -0.0335
vn 0.1121 -0.9916 -0.0647
vn 0.0915 -0.9916 -0.0915
vn 0.0647 -0.9916 -0.1121
vn 0.0335 -0.9916 -0.1250
vn -0.0000 -0.9916 -0.1294
vn -0.0335 -0.9916 -0.1250
vn -0.1286 -0.8679 -0.4798
vn -0.0000 -0.8679 -0.4967
vn 0.1286 -0.8679 -0.4798
vn 0.2484 -0.8679 -0.4302
vn 0.3513 -0.8679 -0.3513
vn 0.4302 -0.8679 -0.2484
vn 0.4798 -0.8679 -0.1286
vn 0.4967 -0.8679 -0.0000
vn 0.4798 -0.8679 0.1286
vn 0.4302 -0.8679 0.2484
vn 0.3512 -0.8679 0.3513
vn 0.2484 -0.8679 0.4302
vn 0.1286 -0.8679 0.4798
vn 0.0000 -0.8679 0.4967
vn -0.1286 -0.8679 0.4798
vn -0.2484 -0.8679 0.4302
vn -0.3512 -0.8679 0.3513
vn -0.4302 -0.8679 0.2484
vn -0.4798 -0.8679 0.1286
vn -0.4967 -0.8679 0.0000
vn -0.4798 -0.8679 -0.1286
vn 0.9629 0.0790 0.2580
vn 0.8633 0.0791 0.4984
vn 0.9969 0.0790 0.0000
vn 0.9629 0.0786 -0.2580
vn 0.8633 0.0790 -0.4984
vn 0.7049 0.0792 -0.7049
vn 0.4984 0.0790 -0.8633
vn 0.2580 0.0791 -0.9629
vn 0.0000 0.0786 -0.9969
vn -0.2580 0.0791 -0.9629
vn -0.4985 0.0786 -0.8633
vn -0.7049 0.0792 -0.7049
vn -0.8633 0.0790 -0.4984
vn -0.9629 0.0790 -0.2580
vn -0.9969 0.0786 -0.0000
vn -0.9629 0.0786 0.2580
vn -0.8633 0.0791 0.4984
vn -0.7049 0.0786 0.7049
vn -0.4984 0.0790 0.8633
vn -0.2580 0.0791 0.9629
vn 0.0000 0.0786 0.9969
vn 0.2580 0.0791 0.9629
vn 0.4984 0.0790 0.8633
vn 0.7049 0.0786 0.7049
vn 0.8230 0.3114 0.4751
vn 0.6719 0.3115 0.6719
vn 0.6985 0.5911 0.4033
vn 0.5704 0.5911 0.5704
vn 0.5062 0.8114 0.2922
vn 0.4133 0.8114 0.4133
vn 0.2655 0.9518 0.1533
vn 0.2168 0.9518 0.2168
vn 0.0674 0.9970 0.0389
vn 0.0550 0.9970 0.0550
vn 0.0751 0.9970 0.0201
vn 0.0778 0.9970 0.0000
vn 0.0751 0.9970 -0.0201
vn 0.0674 0.9970 -0.0389
vn 0.0550 0.9970 -0.0550
vn 0.0389 0.9970 -0.0674
vn 0.0201 0.9970 -0.0751
vn 0.0000 0.9970 -0.0778
vn -0.0201 0.9970 -0.0751
vn -0.0389 0.9970 -0.0674
vn -0.0550 0.9970 -0.0550
vn -0.0674 0.9970 -0.0389
vn -0.0751 0.9970 -0.0201
vn -0.0778 0.9970 -0.0000
vn -0.0751 0.9970 0.0201
vn -0.0674 0.9970 0.0389
vn -0.0550 0.9970 0.0550
vn -0.0389 0.9970 0.0674
vn -0.0201 0.9970 0.0751
vn 0.0000 0.9970 0.0778
vn 0.0201 0.9970 0.0751
vn 0.0389 0.9970 0.0674
vn 0.1567 0.7959 0.5848
vn 0.3027 0.7959 0.5243
vn 0.0000 0.7959 0.6055
vn -0.1567 0.7959 0.5848
vn -0.3027 0.7959 0.5244
vn -0.4282 0.7958 0.4282
vn -0.5243 0.7959 0.3027
vn -0.5848 0.7959 0.1567
vn -0.6055 0.7959 -0.0000
vn -0.5848 0.7959 -0.1567
vn -0.5244 0.7959 -0.3027
vn -0.4282 0.7958 -0.4282
vn -0.3027 0.7959 -0.5243
vn -0.1567 0.7959 -0.5848
vn 0.0000 0.7959 -0.6054
vn 0.1567 0.7959 -0.5848
vn 0.3027 0.7959 -0.5244
vn 0.4282 0.7958 -0.4282
vn 0.5243 0.7959 -0.3027
vn 0.5848 0.7959 -0.1567
vn 0.6055 0.7959 0.0000
vn 0.5848 0.7959 0.1567
vn 0.5244 0.7959 0.3027
vn 0.4282 0.7958 0.4282
vn 0.6110 0.5033 0.6110
vn 0.4320 0.5033 0.7484
vn 0.3512 0.8679 0.3513
vn 0.2484 0.8679 0.4302
vn 0.0915 0.9916 0.0915
vn 0.0647 0.9916 0.1121
vn 0.1121 0.9916 0.0647
vn 0.4302 0.8679 0.2484
vn 0.7484 0.5032 0.4320
vn 0.8347 0.5033 0.2237
vn 0.4799 0.8679 0.1286
vn 0.1251 0.9916 0.0335
vn 0.1295 0.9916 0.0000
vn 0.1251 0.9916 -0.0335
vn 0.4968 0.8679 -0.0000
vn 0.4799 0.8679 -0.1286
vn 0.8641 0.5032 0.0000
vn 0.8347 0.5033 -0.2237
vn 0.4302 0.8679 -0.2484
vn 0.7484 0.5033 -0.4320
vn 0.1121 0.9916 -0.0647
vn 0.0915 0.9916 -0.0915
vn 0.0647 0.9916 -0.1121
vn 0.3512 0.8679 -0.3512
vn 0.2484 0.8679 -0.4302
vn 0.6110 0.5032 -0.6110
vn 0.4321 0.5032 -0.7484
vn 0.1286 0.8679 -0.4798
vn 0.2236 0.5033 -0.8347
vn 0.0335 0.9916 -0.1250
vn 0.0000 0.9916 -0.1294
vn -0.0335 0.9916 -0.1250
vn -0.0000 0.8679 -0.4968
vn -0.1286 0.8679 -0.4798
vn 0.0000 0.5033 -0.8641
vn -0.2236 0.5033 -0.8347
vn -0.2484 0.8679 -0.4302
vn -0.4320 0.5033 -0.7484
vn -0.0647 0.9916 -0.1121
vn -0.0915 0.9916 -0.0915
vn -0.1121 0.9916 -0.0647
vn -0.3512 0.8679 -0.3513
vn -0.4302 0.8679 -0.2484
vn -0.6110 0.5033 -0.6110
vn -0.7484 0.5032 -0.4321
vn -0.4799 0.8679 -0.1286
vn -0.8347 0.5033 -0.2237
vn -0.1251 0.9916 -0.0335
vn -0.1295 0.9916 0.0000
vn -0.1251 0.9916 0.0335
vn -0.4968 0.8679 0.0000
vn -0.4799 0.8679 0.1286
vn -0.8641 0.5032 -0.0000
vn -0.8347 0.5033 0.2237
vn -0.4302 0.8679 0.2484
vn -0.7484 0.5033 0.4320
vn -0.1121 0.9916 0.0647
vn -0.0915 0.9916 0.0915
vn -0.0647 0.9916 0.1121
vn -0.3512 0.8679 0.3512
vn -0.2484 0.8679 0.4302
vn -0.6110 0.5032 0.6110
vn -0.4321 0.5032 0.7484
vn -0.1286 0.8679 0.4799
vn -0.2237 0.5033 0.8347
vn -0.0335 0.9916 0.1251
vn 0.0000 0.9916 0.1295
vn 0.0335 0.9916 0.1251
vn 0.0000 0.8679 0.4968
vn 0.1286 0.8679 0.4799
vn -0.0000 0.5032 0.8641
vn 0.2237 0.5033 0.8347
vn 0.1533 0.9518 0.2655
vn 0.0794 0.9518 0.2961
vn 0.0000 0.9518 0.3066
vn -0.0794 0.9518 0.2961
vn -0.1533 0.9518 0.2655
vn -0.2168 0.9518 0.2168
vn -0.2655 0.9518 0.1533
vn -0.2961 0.9518 0.0794
vn -0.3066 0.9518 0.0000
vn -0.2961 0.9518 -0.0794
vn -0.2655 0.9518 -0.1533
vn -0.2168 0.9518 -0.2168
vn -0.1533 0.9518 -0.2655
vn -0.0794 0.9518 -0.2961
vn -0.0000 0.9518 -0.3066
vn 0.0794 0.9518 -0.2961
vn 0.1533 0.9518 -0.2655
vn 0.2168 0.9518 -0.2168
vn 0.2655 0.9518 -0.1533
vn 0.2961 0.9518 -0.0794
vn 0.3066 0.9518 -0.0000
vn 0.2961 0.9518 0.0794
vn 0.5646 0.8114 0.1513
vn 0.7791 0.5911 0.2088
vn 0.9179 0.3114 0.2459
vn 0.9503 0.3114 -0.0000
vn 0.8066 0.5911 0.0000
vn 0.5845 0.8114 -0.0000
vn 0.5646 0.8114 -0.1513
vn 0.7791 0.5911 -0.2088
vn 0.9179 0.3114 -0.2459
vn 0.8230 0.3114 -0.4751
vn 0.6985 0.5911 -0.4033
vn 0.5062 0.8114 -0.2922
vn 0.4133 0.8114 -0.4133
vn 0.5704 0.5911 -0.5704
vn 0.6719 0.3114 -0.6719
vn 0.4751 0.3114 -0.8230
vn 0.4033 0.5911 -0.6985
vn 0.2922 0.8114 -0.5062
vn 0.1513 0.8114 -0.5646
vn 0.2088 0.5911 -0.7791
vn 0.2459 0.3114 -0.9179
vn -0.0000 0.3114 -0.9503
vn 0.0000 0.5911 -0.8066
vn 0.0000 0.8114 -0.5845
vn -0.1513 0.8114 -0.5646
vn -0.2088 0.5911 -0.7791
vn -0.2459 0.3114 -0.9179
vn -0.4751 0.3114 -0.8230
vn -0.4033 0.5911 -0.6985
vn -0.2922 0.8114 -0.5062
vn -0.4133 0.8114 -0.4133
vn -0.5704 0.5911 -0.5704
vn -0.6719 0.3114 -0.6719
vn -0.8230 0.3114 -0.4751
vn -0.6985 0.5911 -0.4033
vn -0.5062 0.8114 -0.2922
vn -0.5646 0.8114 -0.1513
vn -0.7791 0.5911 -0.2088
vn -0.9179 0.3114 -0.2459
vn -0.9503 0.3114 0.0000
vn -0.8066 0.5911 0.0000
vn -0.5845 0.8114 0.0000
vn -0.5646 0.8114 0.1513
vn -0.7791 0.5911 0.2088
vn -0.9179 0.3114 0.2459
vn -0.8230 0.3114 0.4751
vn -0.6985 0.5911 0.4033
vn -0.5062 0.8114 0.2922
vn -0.4133 0.8114 0.4133
vn -0.5704 0.5911 0.5704
vn -0.6719 0.3115 0.6719
vn -0.4751 0.3114 0.8230
vn -0.4033 0.5911 0.6985
vn -0.2922 0.8114 0.5062
vn -0.1513 0.8114 0.5646
vn -0.2088 0.5911 0.7791
vn -0.2459 0.3114 0.9179
vn 0.0000 0.3114 0.9503
vn -0.0000 0.5911 0.8066
vn -0.0000 0.8114 0.5845
vn 0.1513 0.8114 0.5646
vn 0.2088 0.5911 0.7791
vn 0.2459 0.3114 0.9179
vn 0.4751 0.3114 0.8230
vn 0.4033 0.5911 0.6985
vn 0.2922 0.8114 0.5062
vn 0.7237 -0.4472 -0.5257
vn 0.0763 -0.5161 0.8532
vn 0.0763 -0.5161 -0.8531
vn -0.4874 -0.7982 0.3541
vn 0.0000 -0.9659 -0.2589
vn 0.0000 -0.8660 -0.5000
vn 0.0000 -0.7071 -0.7071
vn 0.0000 -0.5000 -0.8660
vn 0.0000 -0.2589 -0.9659
vn 0.0000 0.2589 -0.9659
vn 0.0000 0.5000 -0.8660
vn 0.0000 0.7071 -0.7071
vn 0.0000 0.8660 -0.5000
vn 0.0000 0.9659 -0.2589
vn 0.0000 0.9659 0.2589
vn 0.0000 0.8660 0.5000
vn 0.0000 0.7071 0.7071
vn 0.0000 0.5000 0.8660
vn 0.0000 0.2589 0.9659
vn 0.0000 -0.2589 0.9659
vn 0.0000 -0.5000 0.8660
vn 0.0000 -0.7071 0.7071
vn 0.0000 -0.8660 0.5000
vn 0.0000 -0.9659 0.2589
vn 0.5955 -0.8033 0.0000
vn 0.5956 -0.7759 0.2079
vn 0.7101 -0.6801 0.1822
vn 0.7102 -0.7040 0.0000
vn 0.2408 -0.9375 0.2511
vn 0.2407 -0.9706 -0.0000
vn 0.2410 -0.8404 0.4854
vn 0.5956 -0.6956 0.4016
vn 0.2410 -0.6863 0.6863
vn 0.5957 -0.5680 0.5679
vn 0.2409 -0.4854 0.8405
vn 0.5956 -0.4016 0.6956
vn 0.2408 -0.2511 0.9375
vn 0.5956 -0.2078 0.7759
vn 0.2407 -0.0000 0.9706
vn 0.5955 0.0000 0.8033
vn 0.2408 0.2511 0.9375
vn 0.5956 0.2078 0.7759
vn 0.2409 0.4854 0.8405
vn 0.5956 0.4016 0.6956
vn 0.0000 0.2588 0.9659
vn 0.0000 0.5001 0.8659
vn 0.0000 -0.2588 0.9659
vn 0.0000 -0.5001 0.8659
vn 0.0000 -0.8659 0.5001
vn 0.0000 -0.9659 0.2588
vn 0.2408 -0.9375 -0.2511
vn 0.0000 -0.9659 -0.2588
vn 0.2409 -0.8405 -0.4854
vn 0.0000 -0.8659 -0.5001
vn 0.2410 -0.6863 -0.6863
vn 0.2410 -0.4853 -0.8405
vn 0.0000 -0.5001 -0.8659
vn 0.2408 -0.2511 -0.9375
vn 0.0000 -0.2588 -0.9659
vn 0.2407 0.0000 -0.9706
vn 0.2408 0.2511 -0.9375
vn 0.0000 0.2588 -0.9659
vn 0.2410 0.4854 -0.8405
vn 0.0000 0.5001 -0.8659
vn 0.2410 0.6863 -0.6863
vn 0.2410 0.8405 -0.4853
vn 0.0000 0.8659 -0.5001
vn 0.2408 0.9375 -0.2511
vn 0.0000 0.9659 -0.2588
vn 0.2407 0.9706 0.0000
vn 0.2408 0.9375 0.2511
vn 0.0000 0.9659 0.2588
vn 0.2410 0.8405 0.4853
vn 0.0000 0.8659 0.5001
vn 0.2411 0.6863 0.6863
vn 0.5957 0.5679 0.5679
vn 0.5956 0.6956 0.4016
vn 0.5956 0.7759 0.2079
vn 0.5955 0.8033 0.0000
vn 0.5956 0.7760 -0.2078
vn 0.5956 0.6956 -0.4016
vn 0.5957 0.5680 -0.5680
vn 0.5956 0.4016 -0.6956
vn 0.5956 0.2079 -0.7759
vn 0.5956 0.0000 -0.8033
vn 0.5956 -0.2079 -0.7759
vn 0.5956 -0.4016 -0.6956
vn 0.5957 -0.5679 -0.5679
vn 0.5956 -0.6956 -0.4016
vn 0.5956 -0.7759 -0.2078
vn 0.7101 -0.6801 -0.1822
vn 0.7100 -0.6099 -0.3521
vn 0.7100 -0.4980 -0.4980
vn 0.7100 -0.3521 -0.6099
vn 0.7101 -0.1822 -0.6801
vn 0.7102 0.0000 -0.7040
vn 0.7101 0.1822 -0.6801
vn 0.7100 0.3521 -0.6099
vn 0.7100 0.4980 -0.4980
vn 0.7100 0.6099 -0.3521
vn 0.7101 0.6801 -0.1822
vn 0.7102 0.7040 0.0000
vn 0.7101 0.6801 0.1822
vn 0.7100 0.6099 0.3521
vn 0.7100 0.4980 0.4980
vn 0.7100 0.3521 0.6099
vn 0.7101 0.1822 0.6801
vn 0.7102 -0.0000 0.7040
vn 0.7101 -0.1822 0.6801
vn 0.7100 -0.3521 0.6099
vn 0.7100 -0.4980 0.4980
vn 0.7100 -0.6099 0.3521
vn 0.7101 0.3520 0.6097
vn 0.7101 0.4979 0.4979
vn 0.7101 0.3521 0.6097
vn 0.7102 0.1822 0.6800
vn 0.7102 -0.1822 0.6800
vn 0.7101 -0.3520 0.6097
vn 0.7101 -0.3521 0.6097
vn 0.7101 -0.6097 0.3520
vn 0.7101 -0.4979 0.4979
vn 0.7101 -0.6097 0.3521
vn 0.7102 -0.6800 0.1822
vn 0.7102 -0.6800 -0.1822
vn 0.7101 -0.6097 -0.3520
vn 0.7101 -0.6097 -0.3521
vn 0.7101 -0.3520 -0.6097
vn 0.7101 -0.4979 -0.4979
vn 0.7101 -0.3521 -0.6097
vn 0.7102 -0.1822 -0.6800
vn 0.7102 0.1822 -0.6800
vn 0.7101 0.3520 -0.6097
vn 0.7101 0.3521 -0.6097
vn 0.7101 0.6097 -0.3520
vn 0.7101 0.4979 -0.4979
vn 0.7101 0.6097 -0.3521
vn 0.7102 0.6800 -0.1822
vn 0.7102 0.6800 0.1822
vn 0.7101 0.6097 0.3520
vn 0.7101 0.6097 0.3521
vn 0.9986 0.0533 -0.0000
vn 0.6746 0.7382 0.0000
vn 0.4472 0.8944 0.0000
vn 0.7388 0.4765 0.4765
vn 0.4765 0.4765 0.7388
vn 0.7033 0.0537 0.7089
vn 0.4765 0.7388 0.4765
vn 0.7071 0.7071 -0.0000
vn 0.8057 0.0817 0.5867
vn 0.7751 0.0543 0.6295
vn 0.8944 0.0000 0.4472
vn 0.0380 -0.9993 -0.0000
vn 0.0316 -0.9994 0.0116
vn 0.0317 -0.9994 -0.0116
vn 0.0475 -0.9987 -0.0174
vn 0.0000 -0.9989 -0.0466
vn 0.0475 -0.9987 0.0174
vn 0.0000 -0.9989 0.0466
vn 0.8057 0.0817 -0.5867
vn 0.7751 0.0543 -0.6295
vn 0.8944 0.0000 -0.4472
vn 0.7033 0.0537 -0.7089
vn 0.4765 0.7388 -0.4765
vn 0.4765 0.4765 -0.7388
vn 0.7388 0.4765 -0.4765
vn 0.5055 0.7082 0.4928
vn 0.4150 0.7168 0.5603
vn 0.5055 0.7082 0.4929
vn 0.3619 0.7239 0.5874
vn 0.4150 0.7168 -0.5603
vn 0.3619 0.7239 -0.5874
vn 0.5055 0.7082 -0.4929
vn 0.5754 0.7081 -0.4093
vn 0.7061 0.7081 0.0000
vn 0.6977 0.7081 0.1087
vn 0.6727 0.7080 0.2148
vn 0.6316 0.7080 0.3158
vn 0.5754 0.7081 0.4093
vn 0.6316 0.7080 -0.3158
vn 0.6727 0.7080 -0.2148
vn 0.6977 0.7081 -0.1087
vn 0.2332 0.0000 0.9724
vn 0.3526 0.0000 0.9358
vn 0.6599 0.0000 0.7514
vn 0.7160 0.0000 0.6981
vn 0.2332 0.0000 -0.9724
vn 0.8149 -0.0000 0.5795
vn 0.9526 -0.0000 0.3042
vn 0.9881 -0.0000 0.1540
vn 0.9881 0.0000 -0.1540
vn 0.9526 -0.0000 -0.3042
vn 0.3526 0.0000 -0.9358
vn 0.7160 0.0000 -0.6981
vn 0.6599 0.0000 -0.7514
vn 0.8149 0.0000 -0.5795
vn 0.7102 -0.6097 -0.3520
vn 0.7102 -0.4978 -0.4978
vn 0.7102 -0.3520 -0.6097
vn 0.7101 0.0000 -0.7041
vn 0.7102 0.3520 -0.6097
vn 0.7102 0.4978 -0.4978
vn 0.7102 0.6097 -0.3520
vn 0.7101 0.7041 0.0000
vn 0.7102 0.6097 0.3520
vn 0.7102 0.4977 0.4978
vn 0.7102 0.3520 0.6097
vn 0.7102 -0.3520 0.6097
vn 0.7102 -0.4977 0.4978
vn 0.7102 -0.6097 0.3520
vn 0.7101 -0.7041 0.0000
vn 0.9539 0.2749 -0.1202
vn 0.9539 0.2749 0.1202
vn 0.9800 0.1825 0.0797
vn 0.9800 0.1824 -0.0797
vn 0.9732 0.0000 0.2298
vn 0.9933 0.0000 0.1157
vn 0.9933 -0.0000 -0.1157
vn 0.9732 -0.0000 -0.2298
vn 0.6727 -0.7080 -0.2148
vn 0.6977 -0.7081 -0.1087
vn 0.7061 -0.7081 0.0000
vn 0.6977 -0.7081 0.1087
vn 0.6727 -0.7080 0.2148
vn 0.6316 -0.7080 0.3158
vn 0.5754 -0.7081 0.4093
vn 0.5055 -0.7082 0.4929
vn 0.4666 -0.7072 0.5312
vn 0.6316 -0.7080 -0.3158
vn 0.4666 -0.7072 -0.5312
vn 0.5055 -0.7082 -0.4929
vn 0.5754 -0.7081 -0.4093
vn 0.0000 -0.7071 0.7072
vn 0.0000 -0.2163 0.9763
vn 0.0000 -0.1306 0.9914
vn 0.0000 -0.0439 0.9990
vn 0.0000 -0.2162 -0.9764
vn 0.0000 -0.0438 -0.9990
vn 0.0000 -0.1304 -0.9915
vn 0.0000 0.7071 0.7072
vn 0.1004 0.1657 0.9811
vn 0.4957 -0.1317 0.8585
vn 0.2566 -0.1317 0.9575
vn 0.7010 -0.1316 0.7010
vn 0.8585 -0.1316 0.4957
vn 0.9575 -0.1316 0.2566
vn 0.9913 -0.1316 0.0000
vn 0.9575 -0.1316 -0.2566
vn 0.8585 -0.1316 -0.4957
vn 0.7010 -0.1316 -0.7010
vn 0.4957 -0.1316 -0.8585
vn 0.2566 -0.1317 -0.9575
vn 0.0000 -0.1317 -0.9913
vn -0.2566 -0.1317 -0.9575
vn -0.4957 -0.1316 -0.8585
vn -0.7010 -0.1316 -0.7010
vn -0.8585 -0.1316 -0.4957
vn -0.9575 -0.1316 -0.2566
vn -0.9913 -0.1316 -0.0000
vn -0.9575 -0.1316 0.2566
vn -0.8585 -0.1316 0.4957
vn -0.7010 -0.1316 0.7010
vn -0.4957 -0.1317 0.8585
vn -0.2566 -0.1317 0.9575
vn -0.0000 -0.1317 0.9913
vn 0.2237 -0.5033 0.8347
vn -0.0000 -0.5033 0.8641
vn 0.4321 -0.5033 0.7484
vn 0.6110 -0.5033 0.6110
vn 0.7484 -0.5033 0.4321
vn 0.8347 -0.5033 0.2237
vn 0.8641 -0.5033 0.0000
vn 0.8347 -0.5033 -0.2237
vn 0.7484 -0.5033 -0.4321
vn 0.6110 -0.5032 -0.6111
vn -0.6110 -0.5032 -0.6111
vn -0.7484 -0.5033 -0.4321
vn -0.8347 -0.5033 -0.2237
vn -0.8641 -0.5033 -0.0000
vn -0.8347 -0.5033 0.2237
vn -0.7484 -0.5033 0.4321
vn -0.6110 -0.5033 0.6110
vn -0.4321 -0.5033 0.7484
vn -0.2237 -0.5033 0.8347
vn -0.0000 -0.8679 0.4968
vn -0.1286 -0.8679 0.4799
vn 0.1286 -0.8679 0.4799
vn 0.3513 -0.8679 0.3513
vn 0.4968 -0.8679 0.0000
vn 0.2484 -0.8679 -0.4303
vn 0.1286 -0.8679 -0.4799
vn 0.0000 -0.8679 -0.4968
vn -0.1286 -0.8679 -0.4799
vn -0.2484 -0.8679 -0.4303
vn -0.4968 -0.8679 -0.0000
vn -0.3513 -0.8679 0.3513
vn -0.0268 -0.9946 0.1000
vn -0.0518 -0.9946 0.0897
vn 0.0000 -0.9916 0.1295
vn 0.0268 -0.9946 0.1000
vn 0.0518 -0.9946 0.0897
vn 0.0732 -0.9946 0.0732
vn 0.0897 -0.9946 0.0518
vn 0.1000 -0.9946 0.0268
vn 0.0862 -0.9963 0.0000
vn 0.1000 -0.9946 -0.0268
vn 0.0897 -0.9946 -0.0518
vn 0.0732 -0.9946 -0.0732
vn 0.0518 -0.9946 -0.0896
vn -0.0000 -0.9946 -0.1035
vn -0.0268 -0.9946 -0.1000
vn -0.0518 -0.9946 -0.0896
vn -0.0732 -0.9946 -0.0732
vn -0.0897 -0.9946 -0.0518
vn -0.1000 -0.9946 -0.0268
vn -0.0862 -0.9963 0.0000
vn -0.1000 -0.9946 0.0268
vn -0.0897 -0.9946 0.0518
vn -0.0732 -0.9946 0.0732
vn -0.0533 -0.9943 0.0923
vn -0.0754 -0.9943 0.0754
vn -0.0923 -0.9943 0.0533
vn -0.1030 -0.9943 0.0276
vn -0.1334 -0.9911 -0.0000
vn -0.5173 -0.8445 0.1386
vn -0.5355 -0.8445 -0.0000
vn -0.4637 -0.8446 0.2677
vn -0.3787 -0.8445 0.3787
vn -0.2677 -0.8446 0.4637
vn -0.0276 -0.9943 0.1030
vn -0.1386 -0.8445 0.5173
vn -0.0000 -0.9960 0.0888
vn 0.0276 -0.9943 0.1031
vn 0.0533 -0.9943 0.0924
vn 0.0754 -0.9943 0.0754
vn 0.0923 -0.9943 0.0533
vn 0.1030 -0.9943 0.0276
vn 0.1334 -0.9911 0.0000
vn 0.1030 -0.9943 -0.0276
vn 0.0923 -0.9943 -0.0533
vn 0.0754 -0.9943 -0.0754
vn 0.0533 -0.9943 -0.0923
vn 0.0230 -0.9960 -0.0858
vn 0.0000 -0.9943 -0.1067
vn -0.0276 -0.9943 -0.1030
vn -0.0533 -0.9943 -0.0924
vn -0.0754 -0.9943 -0.0754
vn -0.0923 -0.9943 -0.0533
vn -0.1030 -0.9943 -0.0276
vn -0.5173 -0.8445 -0.1386
vn -0.9185 -0.3954 0.0000
vn -0.8872 -0.3954 -0.2377
vn -0.8872 -0.3954 0.2377
vn -0.7954 -0.3954 0.4593
vn -0.6495 -0.3954 0.6495
vn -0.4593 -0.3954 0.7954
vn -0.2377 -0.3955 0.8872
vn -0.0000 -0.8445 0.5355
vn 0.0000 -0.3955 0.9185
vn 0.1386 -0.8445 0.5173
vn 0.2678 -0.8445 0.4638
vn 0.3787 -0.8445 0.3787
vn 0.4637 -0.8446 0.2677
vn 0.5173 -0.8445 0.1386
vn 0.5355 -0.8445 0.0000
vn 0.5173 -0.8445 -0.1386
vn 0.4637 -0.8446 -0.2677
vn 0.3787 -0.8445 -0.3787
vn 0.2677 -0.8446 -0.4637
vn 0.1386 -0.8445 -0.5173
vn -0.0000 -0.8445 -0.5355
vn -0.1386 -0.8445 -0.5173
vn -0.2678 -0.8445 -0.4638
vn -0.3787 -0.8445 -0.3787
vn -0.4637 -0.8446 -0.2677
vn -0.7954 -0.3954 -0.4592
vn -0.9049 -0.3499 -0.2424
vn -0.8113 -0.3500 -0.4684
vn -0.9368 -0.3499 -0.0000
vn -0.9049 -0.3499 0.2424
vn -0.8113 -0.3500 0.4684
vn -0.6624 -0.3500 0.6624
vn -0.4684 -0.3500 0.8113
vn -0.2424 -0.3500 0.9048
vn -0.0000 -0.3500 0.9367
vn 0.2377 -0.3955 0.8872
vn 0.2425 -0.3500 0.9048
vn 0.4593 -0.3954 0.7954
vn 0.6495 -0.3954 0.6495
vn 0.7954 -0.3954 0.4593
vn 0.8872 -0.3954 0.2377
vn 0.9185 -0.3954 -0.0000
vn 0.8872 -0.3954 -0.2377
vn 0.7954 -0.3954 -0.4593
vn 0.6495 -0.3954 -0.6495
vn 0.4593 -0.3954 -0.7955
vn 0.2377 -0.3953 -0.8872
vn -0.0000 -0.3953 -0.9186
vn -0.2377 -0.3953 -0.8872
vn -0.4593 -0.3954 -0.7955
vn -0.6495 -0.3954 -0.6495
vn -0.6624 -0.3500 -0.6624
vn -0.6070 -0.5131 -0.6069
vn -0.7433 -0.5131 -0.4292
vn -0.4292 -0.5131 -0.7433
vn -0.4684 -0.3499 -0.8113
vn -0.2222 -0.5131 -0.8291
vn -0.2425 -0.3499 -0.9049
vn -0.0000 -0.5131 -0.8583
vn -0.0000 -0.3498 -0.9368
vn 0.2222 -0.5131 -0.8291
vn 0.2425 -0.3499 -0.9049
vn 0.4292 -0.5131 -0.7433
vn 0.4684 -0.3499 -0.8113
vn 0.6070 -0.5131 -0.6069
vn 0.6624 -0.3500 -0.6624
vn 0.7433 -0.5131 -0.4292
vn 0.8113 -0.3500 -0.4684
vn 0.8291 -0.5131 -0.2221
vn 0.9049 -0.3499 -0.2424
vn 0.8583 -0.5131 0.0000
vn 0.9368 -0.3499 -0.0000
vn 0.8291 -0.5131 0.2221
vn 0.9049 -0.3499 0.2424
vn 0.7433 -0.5131 0.4292
vn 0.8113 -0.3500 0.4684
vn 0.6070 -0.5131 0.6070
vn 0.6624 -0.3500 0.6624
vn 0.4292 -0.5131 0.7433
vn 0.4684 -0.3500 0.8113
vn 0.2222 -0.5131 0.8291
vn 0.0000 -0.5131 0.8584
vn -0.2222 -0.5131 0.8291
vn -0.4292 -0.5131 0.7433
vn -0.6070 -0.5131 0.6070
vn -0.7433 -0.5131 0.4292
vn -0.8291 -0.5131 0.2221
vn -0.8583 -0.5131 0.0000
vn -0.8291 -0.5131 -0.2221
vn -0.7985 -0.3872 -0.4610
vn -0.8906 -0.3872 -0.2386
vn -0.6520 -0.3872 -0.6520
vn -0.4610 -0.3872 -0.7985
vn -0.2386 -0.3872 -0.8906
vn 0.0000 -0.3873 -0.9220
vn 0.2386 -0.3872 -0.8906
vn 0.4610 -0.3872 -0.7985
vn 0.6519 -0.3872 -0.6519
vn 0.7985 -0.3872 -0.4610
vn 0.8906 -0.3872 -0.2386
vn 0.9220 -0.3872 -0.0000
vn 0.8906 -0.3872 0.2386
vn 0.7985 -0.3872 0.4610
vn 0.6519 -0.3872 0.6519
vn 0.4610 -0.3873 0.7985
vn 0.2386 -0.3872 0.8906
vn -0.0000 -0.3872 0.9220
vn -0.2386 -0.3872 0.8906
vn -0.4610 -0.3873 0.7985
vn -0.6520 -0.3872 0.6520
vn -0.7985 -0.3872 0.4610
vn -0.8906 -0.3872 0.2386
vn -0.9220 -0.3871 -0.0000
vn -0.9343 -0.2536 -0.2504
vn -0.9673 -0.2535 -0.0000
vn -0.8377 -0.2536 -0.4837
vn -0.6840 -0.2537 -0.6840
vn -0.4837 -0.2536 -0.8377
vn -0.2504 -0.2536 -0.9344
vn 0.0000 -0.2536 -0.9673
vn 0.2504 -0.2536 -0.9343
vn 0.4837 -0.2537 -0.8377
vn 0.6840 -0.2537 -0.6840
vn 0.8377 -0.2536 -0.4837
vn 0.9344 -0.2536 -0.2504
vn 0.9673 -0.2535 -0.0000
vn 0.9343 -0.2537 0.2504
vn 0.8377 -0.2537 0.4837
vn 0.6840 -0.2537 0.6840
vn 0.4837 -0.2536 0.8377
vn 0.2504 -0.2536 0.9344
vn -0.0000 -0.2536 0.9673
vn -0.2504 -0.2536 0.9343
vn -0.4837 -0.2537 0.8377
vn -0.6840 -0.2537 0.6840
vn -0.8377 -0.2536 0.4837
vn -0.9343 -0.2537 0.2504
vn -0.9934 -0.1147 -0.0000
vn -0.9595 -0.1151 0.2571
vn -0.9595 -0.1149 -0.2571
vn -0.8603 -0.1149 -0.4967
vn -0.7024 -0.1150 -0.7024
vn -0.4967 -0.1148 -0.8603
vn -0.2571 -0.1151 -0.9595
vn 0.0000 -0.1149 -0.9934
vn 0.2571 -0.1150 -0.9595
vn 0.4967 -0.1148 -0.8603
vn 0.7024 -0.1150 -0.7024
vn 0.8603 -0.1150 -0.4967
vn 0.9595 -0.1150 -0.2571
vn 0.9934 -0.1147 -0.0000
vn 0.9595 -0.1152 0.2571
vn 0.8603 -0.1148 0.4967
vn 0.7024 -0.1150 0.7024
vn 0.4967 -0.1148 0.8603
vn 0.2571 -0.1151 0.9595
vn -0.0000 -0.1149 0.9934
vn -0.2571 -0.1150 0.9595
vn -0.4967 -0.1148 0.8603
vn -0.7024 -0.1150 0.7024
vn -0.8603 -0.1150 0.4967
vn -0.9656 0.0258 0.2587
vn -0.8657 0.0258 0.4998
vn -0.9997 0.0258 -0.0000
vn -0.9656 0.0258 -0.2587
vn -0.8657 0.0263 -0.4998
vn -0.7069 0.0258 -0.7069
vn -0.4998 0.0258 -0.8657
vn -0.2587 0.0261 -0.9656
vn 0.0000 0.0258 -0.9997
vn 0.2587 0.0261 -0.9656
vn 0.4998 0.0258 -0.8657
vn 0.7069 0.0263 -0.7069
vn 0.8657 0.0258 -0.4998
vn 0.9656 0.0258 -0.2587
vn 0.9997 0.0258 0.0000
vn 0.9656 0.0258 0.2587
vn 0.8657 0.0263 0.4998
vn 0.7069 0.0258 0.7069
vn 0.4998 0.0258 0.8657
vn 0.2587 0.0261 0.9656
vn -0.0000 0.0258 0.9997
vn -0.2587 0.0261 0.9656
vn -0.4998 0.0258 0.8657
vn -0.7069 0.0263 0.7069
vn -0.8540 0.1663 0.4930
vn -0.6973 0.1663 0.6973
vn -0.9525 0.1661 0.2552
vn -0.9861 0.1663 -0.0000
vn -0.9525 0.1661 -0.2552
vn -0.8540 0.1663 -0.4930
vn -0.6972 0.1664 -0.6972
vn -0.4930 0.1663 -0.8540
vn -0.2552 0.1663 -0.9525
vn 0.0000 0.1663 -0.9861
vn 0.2552 0.1663 -0.9525
vn 0.4930 0.1662 -0.8540
vn 0.6973 0.1663 -0.6973
vn 0.8540 0.1663 -0.4930
vn 0.9525 0.1661 -0.2552
vn 0.9861 0.1663 0.0000
vn 0.9525 0.1661 0.2552
vn 0.8540 0.1663 0.4930
vn 0.6973 0.1663 0.6973
vn 0.4930 0.1663 0.8540
vn 0.2552 0.1663 0.9525
vn -0.0000 0.1663 0.9861
vn -0.2552 0.1663 0.9525
vn -0.4930 0.1663 0.8540
vn -0.6738 0.3034 0.6738
vn -0.4764 0.3034 0.8252
vn -0.8252 0.3034 0.4764
vn -0.9204 0.3034 0.2466
vn -0.9529 0.3034 0.0000
vn -0.9204 0.3034 -0.2466
vn -0.8252 0.3034 -0.4764
vn -0.6738 0.3034 -0.6738
vn -0.4764 0.3034 -0.8252
vn -0.2466 0.3035 -0.9204
vn 0.0000 0.3034 -0.9529
vn 0.2466 0.3035 -0.9204
vn 0.4764 0.3034 -0.8252
vn 0.6738 0.3035 -0.6738
vn 0.8252 0.3033 -0.4764
vn 0.9204 0.3034 -0.2466
vn 0.9529 0.3034 -0.0000
vn 0.9204 0.3034 0.2466
vn 0.8252 0.3034 0.4764
vn 0.6738 0.3034 0.6738
vn 0.4764 0.3034 0.8252
vn 0.2466 0.3035 0.9204
vn -0.0000 0.3034 0.9529
vn -0.2466 0.3034 0.9204
vn -0.4503 0.4345 0.7800
vn -0.2331 0.4345 0.8700
vn -0.6369 0.4345 0.6369
vn -0.7800 0.4345 0.4503
vn -0.8700 0.4344 0.2331
vn -0.9007 0.4345 -0.0000
vn -0.8700 0.4344 -0.2331
vn -0.7800 0.4345 -0.4503
vn -0.6369 0.4345 -0.6369
vn -0.4503 0.4345 -0.7800
vn -0.2331 0.4345 -0.8700
vn 0.0000 0.4344 -0.9007
vn 0.2331 0.4345 -0.8700
vn 0.4503 0.4345 -0.7800
vn 0.6369 0.4345 -0.6369
vn 0.7800 0.4345 -0.4503
vn 0.8700 0.4344 -0.2331
vn 0.9007 0.4345 0.0000
vn 0.8700 0.4344 0.2331
vn 0.7800 0.4344 0.4504
vn 0.6369 0.4345 0.6369
vn 0.4503 0.4345 0.7800
vn 0.2331 0.4345 0.8700
vn -0.0000 0.4344 0.9007
vn -0.2150 0.5569 0.8023
vn 0.0000 0.5568 0.8306
vn -0.4153 0.5569 0.7193
vn -0.5873 0.5569 0.5873
vn -0.7193 0.5568 0.4153
vn -0.8023 0.5569 0.2150
vn -0.8306 0.5569 -0.0000
vn -0.8023 0.5569 -0.2150
vn -0.7193 0.5569 -0.4153
vn -0.5873 0.5569 -0.5873
vn -0.4153 0.5569 -0.7193
vn -0.2150 0.5569 -0.8023
vn 0.0000 0.5569 -0.8306
vn 0.2150 0.5569 -0.8023
vn 0.4153 0.5569 -0.7193
vn 0.5873 0.5569 -0.5873
vn 0.7193 0.5569 -0.4153
vn 0.8023 0.5569 -0.2150
vn 0.8306 0.5569 0.0000
vn 0.8023 0.5569 0.2150
vn 0.7193 0.5569 0.4153
vn 0.5873 0.5569 0.5873
vn 0.4153 0.5568 0.7193
vn 0.2150 0.5569 0.8023
vn -0.0000 0.6682 0.7440
vn 0.1926 0.6682 0.7186
vn -0.1925 0.6682 0.7186
vn -0.3720 0.6682 0.6443
vn -0.5261 0.6682 0.5261
vn -0.6443 0.6682 0.3720
vn -0.7186 0.6682 0.1926
vn -0.7440 0.6682 -0.0000
vn -0.7187 0.6682 -0.1926
vn -0.6443 0.6682 -0.3720
vn -0.5261 0.6682 -0.5261
vn -0.3720 0.6682 -0.6443
vn -0.1926 0.6682 -0.7186
vn 0.0000 0.6682 -0.7440
vn 0.1926 0.6682 -0.7186
vn 0.3720 0.6682 -0.6443
vn 0.5261 0.6682 -0.5261
vn 0.6443 0.6682 -0.3720
vn 0.7186 0.6682 -0.1926
vn 0.7440 0.6682 0.0000
vn 0.7186 0.6682 0.1926
vn 0.6443 0.6682 0.3720
vn 0.5261 0.6682 0.5261
vn 0.3720 0.6682 0.6443
vn 0.1663 0.7663 0.6206
vn 0.3213 0.7662 0.5565
vn -0.0000 0.7662 0.6426
vn -0.1663 0.7662 0.6207
vn -0.3213 0.7662 0.5565
vn -0.4544 0.7662 0.4544
vn -0.5565 0.7662 0.3213
vn -0.6207 0.7662 0.1663
vn -0.6426 0.7662 -0.0000
vn -0.6207 0.7662 -0.1663
vn -0.5565 0.7662 -0.3213
vn -0.4544 0.7662 -0.4543
vn -0.3213 0.7662 -0.5565
vn -0.1663 0.7662 -0.6207
vn 0.0000 0.7662 -0.6426
vn 0.1663 0.7662 -0.6207
vn 0.3213 0.7662 -0.5565
vn 0.4544 0.7662 -0.4543
vn 0.5565 0.7662 -0.3213
vn 0.6207 0.7662 -0.1663
vn 0.6426 0.7662 0.0000
vn 0.6207 0.7662 0.1663
vn 0.5565 0.7662 0.3213
vn 0.4544 0.7662 0.4544
vn 0.2935 0.8096 0.5083
vn 0.4150 0.8096 0.4150
vn 0.1519 0.8096 0.5669
vn 0.0000 0.8096 0.5869
vn -0.1519 0.8096 0.5669
vn -0.2935 0.8096 0.5083
vn -0.4150 0.8096 0.4150
vn -0.5083 0.8096 0.2935
vn -0.5669 0.8096 0.1519
vn -0.5869 0.8096 0.0000
vn -0.5669 0.8096 -0.1519
vn -0.5083 0.8096 -0.2935
vn -0.4150 0.8096 -0.4150
vn -0.2935 0.8096 -0.5083
vn -0.1519 0.8096 -0.5669
vn -0.0000 0.8096 -0.5869
vn 0.1519 0.8096 -0.5669
vn 0.2935 0.8096 -0.5083
vn 0.4150 0.8096 -0.4150
vn 0.5083 0.8096 -0.2935
vn 0.5669 0.8096 -0.1519
vn 0.5869 0.8096 0.0000
vn 0.5669 0.8096 0.1519
vn 0.5083 0.8096 0.2935
usemtl FrontColor
s 2
f 505/1/1 506/2/2 507/3/3
f 506/2/2 505/1/1 508/4/4
f 505/1/1 509/5/5 508/4/4
f 505/1/1 510/6/6 509/5/5
f 510/6/6 505/1/1 511/7/7
f 505/1/1 507/3/3 511/7/7
f 511/7/7 507/3/3 512/8/8
f 507/3/3 513/9/9 512/8/8
f 507/3/3 514/10/10 513/9/9
f 506/2/2 514/10/10 507/3/3
f 506/2/2 515/11/11 514/10/10
f 515/11/11 506/2/2 516/12/12
f 506/2/2 508/4/4 516/12/12
f 516/12/12 508/4/4 517/13/13
f 508/4/4 518/14/14 517/13/13
f 508/4/4 509/5/5 518/14/14
f 519/15/15 518/14/14 509/5/5
f 520/16/16 518/17/14 519/18/15
f 520/16/16 521/19/17 518/17/14
f 520/16/16 522/20/18 521/19/17
f 523/21/19 522/20/18 520/16/16
f 523/21/19 524/22/20 522/20/18
f 525/23/21 524/22/20 523/21/19
f 525/23/21 526/24/22 524/22/20
f 525/23/21 527/25/23 526/24/22
f 528/26/24 527/25/23 525/23/21
f 528/27/24 529/28/25 527/29/23
f 530/30/26 529/28/25 528/27/24
f 530/30/26 531/31/27 529/28/25
f 530/30/26 532/32/28 531/31/27
f 533/33/29 532/34/28 530/35/26
f 533/33/29 534/36/30 532/34/28
f 535/37/31 534/36/30 533/33/29
f 535/38/31 536/39/32 534/40/30
f 535/38/31 537/41/33 536/39/32
f 538/42/34 537/43/33 535/37/31
f 538/42/34 539/44/35 537/43/33
f 540/45/36 539/44/35 538/42/34
f 540/46/36 510/6/6 539/47/35
f 540/46/36 509/5/5 510/6/6
f 519/15/15 509/5/5 540/46/36
f 541/48/37 519/18/15 540/45/36
f 542/49/38 519/18/15 541/48/37
f 542/49/38 520/16/16 519/18/15
f 542/49/38 523/21/19 520/16/16
f 543/50/39 523/21/19 542/49/38
f 543/50/39 525/23/21 523/21/19
f 543/50/39 528/26/24 525/23/21
f 544/51/40 528/26/24 543/50/39
f 544/51/40 530/35/26 528/26/24
f 544/51/40 533/33/29 530/35/26
f 545/52/41 533/33/29 544/51/40
f 545/52/41 535/37/31 533/33/29
f 545/52/41 538/42/34 535/37/31
f 541/48/37 538/42/34 545/52/41
f 541/48/37 540/45/36 538/42/34
f 546/53/42 541/48/37 545/52/41
f 546/53/42 542/49/38 541/48/37
f 546/53/42 543/50/39 542/49/38
f 546/53/42 544/51/40 543/50/39
f 546/53/42 545/52/41 544/51/40
f 511/7/7 539/47/35 510/6/6
f 547/54/43 539/47/35 511/7/7
f 547/55/43 537/41/33 539/56/35
f 548/57/44 537/41/33 547/55/43
f 548/57/44 536/39/32 537/41/33
f 536/39/32 548/57/44 549/58/45
f 548/57/44 550/59/46 549/58/45
f 548/57/44 551/60/47 550/59/46
f 551/60/47 548/57/44 547/55/43
f 551/60/47 547/55/43 512/61/8
f 512/8/8 547/54/43 511/7/7
f 552/62/48 551/60/47 512/61/8
f 551/60/47 552/62/48 553/63/49
f 554/64/50 553/65/49 552/66/48
f 555/67/51 553/65/49 554/64/50
f 555/67/51 556/68/52 553/65/49
f 557/69/53 556/68/52 555/67/51
f 557/69/53 558/70/54 556/68/52
f 557/69/53 559/71/55 558/70/54
f 560/72/56 559/71/55 557/69/53
f 560/73/56 561/74/57 559/75/55
f 562/76/58 561/74/57 560/73/56
f 562/76/58 563/77/59 561/74/57
f 562/76/58 564/78/60 563/77/59
f 565/79/61 564/80/60 562/81/58
f 565/79/61 566/82/62 564/80/60
f 567/83/63 566/82/62 565/79/61
f 567/84/63 568/85/64 566/86/62
f 567/84/63 569/87/65 568/85/64
f 570/88/66 569/89/65 567/83/63
f 570/88/66 571/90/67 569/89/65
f 572/91/68 571/90/67 570/88/66
f 572/92/68 515/11/11 571/93/67
f 572/92/68 514/10/10 515/11/11
f 573/94/69 514/10/10 572/92/68
f 573/94/69 513/9/9 514/10/10
f 554/64/50 513/95/9 573/96/69
f 554/64/50 552/66/48 513/95/9
f 512/8/8 513/9/9 552/97/48
f 574/98/70 554/64/50 573/96/69
f 574/98/70 555/67/51 554/64/50
f 575/99/71 555/67/51 574/98/70
f 575/99/71 557/69/53 555/67/51
f 575/99/71 560/72/56 557/69/53
f 576/100/72 560/72/56 575/99/71
f 576/100/72 562/81/58 560/72/56
f 576/100/72 565/79/61 562/81/58
f 577/101/73 565/79/61 576/100/72
f 577/101/73 567/83/63 565/79/61
f 577/101/73 570/88/66 567/83/63
f 578/102/74 570/88/66 577/101/73
f 578/102/74 572/91/68 570/88/66
f 578/102/74 573/96/69 572/91/68
f 574/98/70 573/96/69 578/102/74
f 579/103/75 574/98/70 578/102/74
f 579/103/75 575/99/71 574/98/70
f 579/103/75 576/100/72 575/99/71
f 579/103/75 577/101/73 576/100/72
f 579/103/75 578/102/74 577/101/73
f 516/12/12 571/93/67 515/11/11
f 580/104/76 571/93/67 516/12/12
f 580/105/76 569/87/65 571/106/67
f 581/107/77 569/87/65 580/105/76
f 581/107/77 568/85/64 569/87/65
f 568/85/64 581/107/77 582/108/78
f 581/107/77 583/109/79 582/108/78
f 581/107/77 584/110/80 583/109/79
f 584/110/80 581/107/77 580/105/76
f 584/110/80 580/105/76 517/111/13
f 517/13/13 580/104/76 516/12/12
f 521/112/17 584/110/80 517/111/13
f 584/110/80 521/112/17 522/113/18
f 584/110/80 522/113/18 583/109/79
f 583/109/79 522/113/18 524/114/20
f 583/109/79 524/114/20 585/115/81
f 585/115/81 524/114/20 526/116/22
f 526/116/22 586/117/82 585/115/81
f 586/118/82 526/119/22 527/29/23
f 586/118/82 527/29/23 587/120/83
f 587/120/83 527/29/23 529/28/25
f 587/120/83 529/28/25 588/121/84
f 588/121/84 529/28/25 531/31/27
f 531/31/27 589/122/85 588/121/84
f 589/122/85 531/31/27 532/32/28
f 589/122/85 532/32/28 590/123/86
f 590/124/86 532/125/28 534/40/30
f 590/124/86 534/40/30 549/58/45
f 549/58/45 534/40/30 536/39/32
f 591/126/87 590/124/86 549/58/45
f 592/127/88 590/124/86 591/126/87
f 592/128/88 589/122/85 590/123/86
f 589/122/85 592/128/88 593/129/89
f 592/128/88 559/75/55 593/129/89
f 592/128/88 558/130/54 559/75/55
f 558/131/54 592/127/88 591/126/87
f 591/126/87 556/132/52 558/131/54
f 550/59/46 556/132/52 591/126/87
f 550/59/46 553/63/49 556/132/52
f 551/60/47 553/63/49 550/59/46
f 549/58/45 550/59/46 591/126/87
f 593/129/89 559/75/55 561/74/57
f 593/129/89 561/74/57 594/133/90
f 594/133/90 561/74/57 563/77/59
f 563/77/59 595/134/91 594/133/90
f 595/134/91 563/77/59 564/78/60
f 595/134/91 564/78/60 596/135/92
f 596/136/92 564/137/60 566/86/62
f 596/136/92 566/86/62 582/108/78
f 582/108/78 566/86/62 568/85/64
f 585/115/81 596/136/92 582/108/78
f 586/117/82 596/136/92 585/115/81
f 586/118/82 595/134/91 596/135/92
f 595/134/91 586/118/82 587/120/83
f 595/134/91 587/120/83 594/133/90
f 594/133/90 587/120/83 588/121/84
f 588/121/84 593/129/89 594/133/90
f 589/122/85 593/129/89 588/121/84
f 582/108/78 583/109/79 585/115/81
f 517/13/13 518/14/14 521/138/17
s 3
f 597/139/1 598/140/2 599/141/93
f 598/140/2 597/139/1 600/142/94
f 597/139/1 601/143/95 600/142/94
f 597/139/1 602/144/96 601/143/95
f 602/144/96 597/139/1 603/145/97
f 597/139/1 599/141/93 603/145/97
f 603/145/97 599/141/93 604/146/98
f 599/141/93 605/147/99 604/146/98
f 599/141/93 606/148/100 605/147/99
f 598/140/2 606/148/100 599/141/93
f 598/140/2 607/149/101 606/148/100
f 607/149/101 598/140/2 608/150/102
f 598/140/2 600/142/94 608/150/102
f 608/150/102 600/142/94 609/151/103
f 600/142/94 610/152/104 609/151/103
f 600/142/94 601/143/95 610/152/104
f 611/153/15 610/152/104 601/143/95
f 612/154/16 610/155/104 611/156/15
f 612/154/16 613/157/17 610/155/104
f 612/154/16 614/158/105 613/157/17
f 615/159/19 614/158/105 612/154/16
f 615/159/19 616/160/20 614/158/105
f 617/161/21 616/160/20 615/159/19
f 617/161/21 618/162/22 616/160/20
f 617/161/21 619/163/106 618/162/22
f 620/164/24 619/163/106 617/161/21
f 620/165/24 621/166/107 619/167/106
f 622/168/26 621/166/107 620/165/24
f 622/168/26 623/169/27 621/166/107
f 622/168/26 624/170/28 623/169/27
f 625/171/29 624/172/28 622/173/26
f 625/171/29 626/174/108 624/172/28
f 627/175/31 626/174/108 625/171/29
f 627/176/31 628/177/109 626/178/108
f 627/176/31 629/179/110 628/177/109
f 630/180/34 629/181/110 627/175/31
f 630/180/34 631/182/35 629/181/110
f 632/183/111 631/182/35 630/180/34
f 632/184/111 602/144/96 631/185/35
f 632/184/111 601/143/95 602/144/96
f 611/153/15 601/143/95 632/184/111
f 633/186/37 611/156/15 632/183/111
f 634/187/112 611/156/15 633/186/37
f 634/187/112 612/154/16 611/156/15
f 634/187/112 615/159/19 612/154/16
f 635/188/113 615/159/19 634/187/112
f 635/188/113 617/161/21 615/159/19
f 635/188/113 620/164/24 617/161/21
f 636/189/40 620/164/24 635/188/113
f 636/189/40 622/173/26 620/164/24
f 636/189/40 625/171/29 622/173/26
f 637/190/41 625/171/29 636/189/40
f 637/190/41 627/175/31 625/171/29
f 637/190/41 630/180/34 627/175/31
f 633/186/37 630/180/34 637/190/41
f 633/186/37 632/183/111 630/180/34
f 638/191/42 633/186/37 637/190/41
f 638/191/42 634/187/112 633/186/37
f 638/191/42 635/188/113 634/187/112
f 638/191/42 636/189/40 635/188/113
f 638/191/42 637/190/41 636/189/40
f 603/145/97 631/185/35 602/144/96
f 639/192/114 631/185/35 603/145/97
f 639/193/114 629/179/110 631/194/35
f 640/195/44 629/179/110 639/193/114
f 640/195/44 628/177/109 629/179/110
f 628/177/109 640/195/44 641/196/45
f 640/195/44 642/197/46 641/196/45
f 640/195/44 643/198/47 642/197/46
f 643/198/47 640/195/44 639/193/114
f 643/198/47 639/193/114 604/199/98
f 604/146/98 639/192/114 603/145/97
f 644/200/115 643/198/47 604/199/98
f 643/198/47 644/200/115 645/201/116
f 646/202/50 645/203/116 644/204/115
f 647/205/51 645/203/116 646/202/50
f 647/205/51 648/206/52 645/203/116
f 649/207/117 648/206/52 647/205/51
f 649/207/117 650/208/118 648/206/52
f 649/207/117 651/209/119 650/208/118
f 652/210/56 651/209/119 649/207/117
f 652/211/56 653/212/57 651/213/119
f 654/214/58 653/212/57 652/211/56
f 654/214/58 655/215/59 653/212/57
f 654/214/58 656/216/60 655/215/59
f 657/217/61 656/218/60 654/219/58
f 657/217/61 658/220/120 656/218/60
f 659/221/63 658/220/120 657/217/61
f 659/222/63 660/223/64 658/224/120
f 659/222/63 661/225/121 660/223/64
f 662/226/66 661/227/121 659/221/63
f 662/226/66 663/228/122 661/227/121
f 664/229/68 663/228/122 662/226/66
f 664/230/68 607/149/101 663/231/122
f 664/230/68 606/148/100 607/149/101
f 665/232/69 606/148/100 664/230/68
f 665/232/69 605/147/99 606/148/100
f 646/202/50 605/233/99 665/234/69
f 646/202/50 644/204/115 605/233/99
f 604/146/98 605/147/99 644/235/115
f 666/236/70 646/202/50 665/234/69
f 666/236/70 647/205/51 646/202/50
f 667/237/123 647/205/51 666/236/70
f 667/237/123 649/207/117 647/205/51
f 667/237/123 652/210/56 649/207/117
f 668/238/72 652/210/56 667/237/123
f 668/238/72 654/219/58 652/210/56
f 668/238/72 657/217/61 654/219/58
f 669/239/73 657/217/61 668/238/72
f 669/239/73 659/221/63 657/217/61
f 669/239/73 662/226/66 659/221/63
f 670/240/74 662/226/66 669/239/73
f 670/240/74 664/229/68 662/226/66
f 670/240/74 665/234/69 664/229/68
f 666/236/70 665/234/69 670/240/74
f 671/241/75 666/236/70 670/240/74
f 671/241/75 667/237/123 666/236/70
f 671/241/75 668/238/72 667/237/123
f 671/241/75 669/239/73 668/238/72
f 671/241/75 670/240/74 669/239/73
f 608/150/102 663/231/122 607/149/101
f 672/242/124 663/231/122 608/150/102
f 672/243/124 661/225/121 663/244/122
f 673/245/125 661/225/121 672/243/124
f 673/245/125 660/223/64 661/225/121
f 660/223/64 673/245/125 674/246/126
f 673/245/125 675/247/79 674/246/126
f 673/245/125 676/248/127 675/247/79
f 676/248/127 673/245/125 672/243/124
f 676/248/127 672/243/124 609/249/103
f 609/151/103 672/242/124 608/150/102
f 613/250/17 676/248/127 609/249/103
f 676/248/127 613/250/17 614/251/105
f 676/248/127 614/251/105 675/247/79
f 675/247/79 614/251/105 616/252/20
f 675/247/79 616/252/20 677/253/128
f 677/253/128 616/252/20 618/254/22
f 618/254/22 678/255/129 677/253/128
f 678/256/129 618/257/22 619/167/106
f 678/256/129 619/167/106 679/258/130
f 679/258/130 619/167/106 621/166/107
f 679/258/130 621/166/107 680/259/84
f 680/259/84 621/166/107 623/169/27
f 623/169/27 681/260/131 680/259/84
f 681/260/131 623/169/27 624/170/28
f 681/260/131 624/170/28 682/261/132
f 682/262/132 624/263/28 626/178/108
f 682/262/132 626/178/108 641/196/45
f 641/196/45 626/178/108 628/177/109
f 683/264/133 682/262/132 641/196/45
f 684/265/134 682/262/132 683/264/133
f 684/266/134 681/260/131 682/261/132
f 681/260/131 684/266/134 685/267/135
f 684/266/134 651/213/119 685/267/135
f 684/266/134 650/268/118 651/213/119
f 650/269/118 684/265/134 683/264/133
f 683/264/133 648/270/52 650/269/118
f 642/197/46 648/270/52 683/264/133
f 642/197/46 645/201/116 648/270/52
f 643/198/47 645/201/116 642/197/46
f 641/196/45 642/197/46 683/264/133
f 685/267/135 651/213/119 653/212/57
f 685/267/135 653/212/57 686/271/90
f 686/271/90 653/212/57 655/215/59
f 655/215/59 687/272/136 686/271/90
f 687/272/136 655/215/59 656/216/60
f 687/272/136 656/216/60 688/273/137
f 688/274/137 656/275/60 658/224/120
f 688/274/137 658/224/120 674/246/126
f 674/246/126 658/224/120 660/223/64
f 677/253/128 688/274/137 674/246/126
f 678/255/129 688/274/137 677/253/128
f 678/256/129 687/272/136 688/273/137
f 687/272/136 678/256/129 679/258/130
f 687/272/136 679/258/130 686/271/90
f 686/271/90 679/258/130 680/259/84
f 680/259/84 685/267/135 686/271/90
f 681/260/131 685/267/135 680/259/84
f 674/246/126 675/247/79 677/253/128
f 609/151/103 610/152/104 613/276/17
s 4
f 689/277/1 690/278/138 691/279/139
f 690/278/138 689/277/1 692/280/140
f 689/277/1 693/281/141 692/280/140
f 689/277/1 694/282/96 693/281/141
f 694/282/96 689/277/1 695/283/7
f 689/277/1 691/279/139 695/283/7
f 695/283/7 691/279/139 696/284/142
f 691/279/139 697/285/143 696/284/142
f 691/279/139 698/286/144 697/285/143
f 690/278/138 698/286/144 691/279/139
f 690/278/138 699/287/101 698/286/144
f 699/287/101 690/278/138 700/288/12
f 690/278/138 692/280/140 700/288/12
f 700/288/12 692/280/140 701/289/145
f 692/280/140 702/290/146 701/289/145
f 692/280/140 693/281/141 702/290/146
f 703/291/147 702/290/146 693/281/141
f 704/292/148 702/293/146 703/294/147
f 704/292/148 705/295/149 702/293/146
f 704/292/148 706/296/150 705/295/149
f 707/297/151 706/296/150 704/292/148
f 707/297/151 708/298/20 706/296/150
f 709/299/152 708/298/20 707/297/151
f 709/299/152 710/300/153 708/298/20
f 709/299/152 711/301/154 710/300/153
f 712/302/155 711/301/154 709/299/152
f 712/303/155 713/304/156 711/305/154
f 714/306/26 713/304/156 712/303/155
f 714/306/26 715/307/157 713/304/156
f 714/306/26 716/308/158 715/307/157
f 717/309/159 716/310/158 714/311/26
f 717/309/159 718/312/160 716/310/158
f 719/313/161 718/312/160 717/309/159
f 719/314/161 720/315/32 718/316/160
f 719/314/161 721/317/162 720/315/32
f 722/318/163 721/319/162 719/313/161
f 722/318/163 723/320/164 721/319/162
f 724/321/165 723/320/164 722/318/163
f 724/322/165 694/282/96 723/323/164
f 724/322/165 693/281/141 694/282/96
f 703/291/147 693/281/141 724/322/165
f 725/324/166 703/294/147 724/321/165
f 726/325/38 703/294/147 725/324/166
f 726/325/38 704/292/148 703/294/147
f 726/325/38 707/297/151 704/292/148
f 727/326/167 707/297/151 726/325/38
f 727/326/167 709/299/152 707/297/151
f 727/326/167 712/302/155 709/299/152
f 728/327/168 712/302/155 727/326/167
f 728/327/168 714/311/26 712/302/155
f 728/327/168 717/309/159 714/311/26
f 729/328/41 717/309/159 728/327/168
f 729/328/41 719/313/161 717/309/159
f 729/328/41 722/318/163 719/313/161
f 725/324/166 722/318/163 729/328/41
f 725/324/166 724/321/165 722/318/163
f 730/329/42 725/324/166 729/328/41
f 730/329/42 726/325/38 725/324/166
f 730/329/42 727/326/167 726/325/38
f 730/329/42 728/327/168 727/326/167
f 730/329/42 729/328/41 728/327/168
f 695/283/7 723/323/164 694/282/96
f 731/330/43 723/323/164 695/283/7
f 731/331/43 721/317/162 723/332/164
f 732/333/169 721/317/162 731/331/43
f 732/333/169 720/315/32 721/317/162
f 720/315/32 732/333/169 733/334/170
f 732/333/169 734/335/171 733/334/170
f 732/333/169 735/336/47 734/335/171
f 735/336/47 732/333/169 731/331/43
f 735/336/47 731/331/43 696/337/142
f 696/284/142 731/330/43 695/283/7
f 736/338/115 735/336/47 696/337/142
f 735/336/47 736/338/115 737/339/49
f 738/340/172 737/341/49 736/342/115
f 739/343/173 737/341/49 738/340/172
f 739/343/173 740/344/174 737/341/49
f 741/345/117 740/344/174 739/343/173
f 741/345/117 742/346/118 740/344/174
f 741/345/117 743/347/175 742/346/118
f 744/348/176 743/347/175 741/345/117
f 744/349/176 745/350/57 743/351/175
f 746/352/58 745/350/57 744/349/176
f 746/352/58 747/353/177 745/350/57
f 746/352/58 748/354/60 747/353/177
f 749/355/61 748/356/60 746/357/58
f 749/355/61 750/358/178 748/356/60
f 751/359/63 750/358/178 749/355/61
f 751/360/63 752/361/64 750/362/178
f 751/360/63 753/363/179 752/361/64
f 754/364/66 753/365/179 751/359/63
f 754/364/66 755/366/122 753/365/179
f 756/367/68 755/366/122 754/364/66
f 756/368/68 699/287/101 755/369/122
f 756/368/68 698/286/144 699/287/101
f 757/370/180 698/286/144 756/368/68
f 757/370/180 697/285/143 698/286/144
f 738/340/172 697/371/143 757/372/180
f 738/340/172 736/342/115 697/371/143
f 696/284/142 697/285/143 736/373/115
f 758/374/181 738/340/172 757/372/180
f 758/374/181 739/343/173 738/340/172
f 759/375/182 739/343/173 758/374/181
f 759/375/182 741/345/117 739/343/173
f 759/375/182 744/348/176 741/345/117
f 760/376/183 744/348/176 759/375/182
f 760/376/183 746/357/58 744/348/176
f 760/376/183 749/355/61 746/357/58
f 761/377/73 749/355/61 760/376/183
f 761/377/73 751/359/63 749/355/61
f 761/377/73 754/364/66 751/359/63
f 762/378/184 754/364/66 761/377/73
f 762/378/184 756/367/68 754/364/66
f 762/378/184 757/372/180 756/367/68
f 758/374/181 757/372/180 762/378/184
f 763/379/75 758/374/181 762/378/184
f 763/379/75 759/375/182 758/374/181
f 763/379/75 760/376/183 759/375/182
f 763/379/75 761/377/73 760/376/183
f 763/379/75 762/378/184 761/377/73
f 700/288/12 755/369/122 699/287/101
f 764/380/185 755/369/122 700/288/12
f 764/381/185 753/363/179 755/382/122
f 765/383/186 753/363/179 764/381/185
f 765/383/186 752/361/64 753/363/179
f 752/361/64 765/383/186 766/384/187
f 765/383/186 767/385/79 766/384/187
f 765/383/186 768/386/188 767/385/79
f 768/386/188 765/383/186 764/381/185
f 768/386/188 764/381/185 701/387/145
f 701/289/145 764/380/185 700/288/12
f 705/388/149 768/386/188 701/387/145
f 768/386/188 705/388/149 706/389/150
f 768/386/188 706/389/150 767/385/79
f 767/385/79 706/389/150 708/390/20
f 767/385/79 708/390/20 769/391/189
f 769/391/189 708/390/20 710/392/153
f 710/392/153 770/393/190 769/391/189
f 770/394/190 710/395/153 711/305/154
f 770/394/190 711/305/154 771/396/191
f 771/396/191 711/305/154 713/304/156
f 771/396/191 713/304/156 772/397/192
f 772/397/192 713/304/156 715/307/157
f 715/307/157 773/398/193 772/397/192
f 773/398/193 715/307/157 716/308/158
f 773/398/193 716/308/158 774/399/194
f 774/400/194 716/401/158 718/316/160
f 774/400/194 718/316/160 733/334/170
f 733/334/170 718/316/160 720/315/32
f 775/402/195 774/400/194 733/334/170
f 776/403/196 774/400/194 775/402/195
f 776/404/196 773/398/193 774/399/194
f 773/398/193 776/404/196 777/405/89
f 776/404/196 743/351/175 777/405/89
f 776/404/196 742/406/118 743/351/175
f 742/407/118 776/403/196 775/402/195
f 775/402/195 740/408/174 742/407/118
f 734/335/171 740/408/174 775/402/195
f 734/335/171 737/339/49 740/408/174
f 735/336/47 737/339/49 734/335/171
f 733/334/170 734/335/171 775/402/195
f 777/405/89 743/351/175 745/350/57
f 777/405/89 745/350/57 778/409/90
f 778/409/90 745/350/57 747/353/177
f 747/353/177 779/410/197 778/409/90
f 779/410/197 747/353/177 748/354/60
f 779/410/197 748/354/60 780/411/198
f 780/412/198 748/413/60 750/362/178
f 780/412/198 750/362/178 766/384/187
f 766/384/187 750/362/178 752/361/64
f 769/391/189 780/412/198 766/384/187
f 770/393/190 780/412/198 769/391/189
f 770/394/190 779/410/197 780/411/198
f 779/410/197 770/394/190 771/396/191
f 779/410/197 771/396/191 778/409/90
f 778/409/90 771/396/191 772/397/192
f 772/397/192 777/405/89 778/409/90
f 773/398/193 777/405/89 772/397/192
f 766/384/187 767/385/79 769/391/189
f 701/289/145 702/290/146 705/414/149
s 5
f 781/415/1 782/416/2 783/417/93
f 782/416/2 781/415/1 784/418/94
f 781/415/1 785/419/141 784/418/94
f 781/415/1 786/420/199 785/419/141
f 786/420/199 781/415/1 787/421/200
f 781/415/1 783/417/93 787/421/200
f 787/421/200 783/417/93 788/422/201
f 783/417/93 789/423/202 788/422/201
f 783/417/93 790/424/100 789/423/202
f 782/416/2 790/424/100 783/417/93
f 782/416/2 791/425/101 790/424/100
f 791/425/101 782/416/2 792/426/102
f 782/416/2 784/418/94 792/426/102
f 792/426/102 784/418/94 793/427/203
f 784/418/94 794/428/14 793/427/203
f 784/418/94 785/419/141 794/428/14
f 795/429/147 794/428/14 785/419/141
f 796/430/204 794/431/14 795/432/147
f 796/430/204 797/433/17 794/431/14
f 796/430/204 798/434/18 797/433/17
f 799/435/151 798/434/18 796/430/204
f 799/435/151 800/436/205 798/434/18
f 801/437/21 800/436/205 799/435/151
f 801/437/21 802/438/22 800/436/205
f 801/437/21 803/439/154 802/438/22
f 804/440/155 803/439/154 801/437/21
f 804/441/155 805/442/25 803/443/154
f 806/444/26 805/442/25 804/441/155
f 806/444/26 807/445/206 805/442/25
f 806/444/26 808/446/158 807/445/206
f 809/447/207 808/448/158 806/449/26
f 809/447/207 810/450/30 808/448/158
f 811/451/31 810/450/30 809/447/207
f 811/452/31 812/453/32 810/454/30
f 811/452/31 813/455/33 812/453/32
f 814/456/208 813/457/33 811/451/31
f 814/456/208 815/458/209 813/457/33
f 816/459/111 815/458/209 814/456/208
f 816/460/111 786/420/199 815/461/209
f 816/460/111 785/419/141 786/420/199
f 795/429/147 785/419/141 816/460/111
f 817/462/37 795/432/147 816/459/111
f 818/463/112 795/432/147 817/462/37
f 818/463/112 796/430/204 795/432/147
f 818/463/112 799/435/151 796/430/204
f 819/464/167 799/435/151 818/463/112
f 819/464/167 801/437/21 799/435/151
f 819/464/167 804/440/155 801/437/21
f 820/465/40 804/440/155 819/464/167
f 820/465/40 806/449/26 804/440/155
f 820/465/40 809/447/207 806/449/26
f 821/466/210 809/447/207 820/465/40
f 821/466/210 811/451/31 809/447/207
f 821/466/210 814/456/208 811/451/31
f 817/462/37 814/456/208 821/466/210
f 817/462/37 816/459/111 814/456/208
f 822/467/42 817/462/37 821/466/210
f 822/467/42 818/463/112 817/462/37
f 822/467/42 819/464/167 818/463/112
f 822/467/42 820/465/40 819/464/167
f 822/467/42 821/466/210 820/465/40
f 787/421/200 815/461/209 786/420/199
f 823/468/211 815/461/209 787/421/200
f 823/469/211 813/455/33 815/470/209
f 824/471/212 813/455/33 823/469/211
f 824/471/212 812/453/32 813/455/33
f 812/453/32 824/471/212 825/472/45
f 824/471/212 826/473/213 825/472/45
f 824/471/212 827/474/214 826/473/213
f 827/474/214 824/471/212 823/469/211
f 827/474/214 823/469/211 788/475/201
f 788/422/201 823/468/211 787/421/200
f 828/476/115 827/474/214 788/475/201
f 827/474/214 828/476/115 829/477/49
f 830/478/172 829/479/49 828/480/115
f 831/481/215 829/479/49 830/478/172
f 831/481/215 832/482/174 829/479/49
f 833/483/53 832/482/174 831/481/215
f 833/483/53 834/484/118 832/482/174
f 833/483/53 835/485/216 834/484/118
f 836/486/56 835/485/216 833/483/53
f 836/487/56 837/488/57 835/489/216
f 838/490/58 837/488/57 836/487/56
f 838/490/58 839/491/217 837/488/57
f 838/490/58 840/492/60 839/491/217
f 841/493/218 840/494/60 838/495/58
f 841/493/218 842/496/62 840/494/60
f 843/497/63 842/496/62 841/493/218
f 843/498/63 844/499/219 842/500/62
f 843/498/63 845/501/220 844/499/219
f 846/502/221 845/503/220 843/497/63
f 846/502/221 847/504/122 845/503/220
f 848/505/68 847/504/122 846/502/221
f 848/506/68 791/425/101 847/507/122
f 848/506/68 790/424/100 791/425/101
f 849/508/222 790/424/100 848/506/68
f 849/508/222 789/423/202 790/424/100
f 830/478/172 789/509/202 849/510/222
f 830/478/172 828/480/115 789/509/202
f 788/422/201 789/423/202 828/511/115
f 850/512/223 830/478/172 849/510/222
f 850/512/223 831/481/215 830/478/172
f 851/513/71 831/481/215 850/512/223
f 851/513/71 833/483/53 831/481/215
f 851/513/71 836/486/56 833/483/53
f 852/514/72 836/486/56 851/513/71
f 852/514/72 838/495/58 836/486/56
f 852/514/72 841/493/218 838/495/58
f 853/515/73 841/493/218 852/514/72
f 853/515/73 843/497/63 841/493/218
f 853/515/73 846/502/221 843/497/63
f 854/516/74 846/502/221 853/515/73
f 854/516/74 848/505/68 846/502/221
f 854/516/74 849/510/222 848/505/68
f 850/512/223 849/510/222 854/516/74
f 855/517/75 850/512/223 854/516/74
f 855/517/75 851/513/71 850/512/223
f 855/517/75 852/514/72 851/513/71
f 855/517/75 853/515/73 852/514/72
f 855/517/75 854/516/74 853/515/73
f 792/426/102 847/507/122 791/425/101
f 856/518/185 847/507/122 792/426/102
f 856/519/185 845/501/220 847/520/122
f 857/521/224 845/501/220 856/519/185
f 857/521/224 844/499/219 845/501/220
f 844/499/219 857/521/224 858/522/225
f 857/521/224 859/523/226 858/522/225
f 857/521/224 860/524/80 859/523/226
f 860/524/80 857/521/224 856/519/185
f 860/524/80 856/519/185 793/525/203
f 793/427/203 856/518/185 792/426/102
f 797/526/17 860/524/80 793/525/203
f 860/524/80 797/526/17 798/527/18
f 860/524/80 798/527/18 859/523/226
f 859/523/226 798/527/18 800/528/205
f 859/523/226 800/528/205 861/529/227
f 861/529/227 800/528/205 802/530/22
f 802/530/22 862/531/228 861/529/227
f 862/532/228 802/533/22 803/443/154
f 862/532/228 803/443/154 863/534/130
f 863/534/130 803/443/154 805/442/25
f 863/534/130 805/442/25 864/535/84
f 864/535/84 805/442/25 807/445/206
f 807/445/206 865/536/229 864/535/84
f 865/536/229 807/445/206 808/446/158
f 865/536/229 808/446/158 866/537/230
f 866/538/230 808/539/158 810/454/30
f 866/538/230 810/454/30 825/472/45
f 825/472/45 810/454/30 812/453/32
f 867/540/195 866/538/230 825/472/45
f 868/541/231 866/538/230 867/540/195
f 868/542/231 865/536/229 866/537/230
f 865/536/229 868/542/231 869/543/232
f 868/542/231 835/489/216 869/543/232
f 868/542/231 834/544/118 835/489/216
f 834/545/118 868/541/231 867/540/195
f 867/540/195 832/546/174 834/545/118
f 826/473/213 832/546/174 867/540/195
f 826/473/213 829/477/49 832/546/174
f 827/474/214 829/477/49 826/473/213
f 825/472/45 826/473/213 867/540/195
f 869/543/232 835/489/216 837/488/57
f 869/543/232 837/488/57 870/547/90
f 870/547/90 837/488/57 839/491/217
f 839/491/217 871/548/136 870/547/90
f 871/548/136 839/491/217 840/492/60
f 871/548/136 840/492/60 872/549/198
f 872/550/198 840/551/60 842/500/62
f 872/550/198 842/500/62 858/522/225
f 858/522/225 842/500/62 844/499/219
f 861/529/227 872/550/198 858/522/225
f 862/531/228 872/550/198 861/529/227
f 862/532/228 871/548/136 872/549/198
f 871/548/136 862/532/228 863/534/130
f 871/548/136 863/534/130 870/547/90
f 870/547/90 863/534/130 864/535/84
f 864/535/84 869/543/232 870/547/90
f 865/536/229 869/543/232 864/535/84
f 858/522/225 859/523/226 861/529/227
f 793/427/203 794/428/14 797/552/17
s 6
f 873/553/233 874/554/138 875/555/93
f 874/554/138 873/553/233 876/556/94
f 873/553/233 877/557/141 876/556/94
f 873/553/233 878/558/96 877/557/141
f 878/558/96 873/553/233 879/559/97
f 873/553/233 875/555/93 879/559/97
f 879/559/97 875/555/93 880/560/98
f 875/555/93 881/561/9 880/560/98
f 875/555/93 882/562/100 881/561/9
f 874/554/138 882/562/100 875/555/93
f 874/554/138 883/563/11 882/562/100
f 883/563/11 874/554/138 884/564/102
f 874/554/138 876/556/94 884/564/102
f 884/564/102 876/556/94 885/565/203
f 876/556/94 886/566/146 885/565/203
f 876/556/94 877/557/141 886/566/146
f 887/567/15 886/566/146 877/557/141
f 888/568/204 886/569/146 887/570/15
f 888/568/204 889/571/17 886/569/146
f 888/568/204 890/572/105 889/571/17
f 891/573/151 890/572/105 888/568/204
f 891/573/151 892/574/20 890/572/105
f 893/575/234 892/574/20 891/573/151
f 893/575/234 894/576/22 892/574/20
f 893/575/234 895/577/235 894/576/22
f 896/578/155 895/577/235 893/575/234
f 896/579/155 897/580/25 895/581/235
f 898/582/26 897/580/25 896/579/155
f 898/582/26 899/583/27 897/580/25
f 898/582/26 900/584/236 899/583/27
f 901/585/207 900/586/236 898/587/26
f 901/585/207 902/588/108 900/586/236
f 903/589/31 902/588/108 901/585/207
f 903/590/31 904/591/32 902/592/108
f 903/590/31 905/593/237 904/591/32
f 906/594/208 905/595/237 903/589/31
f 906/594/208 907/596/164 905/595/237
f 908/597/111 907/596/164 906/594/208
f 908/598/111 878/558/96 907/599/164
f 908/598/111 877/557/141 878/558/96
f 887/567/15 877/557/141 908/598/111
f 909/600/37 887/570/15 908/597/111
f 910/601/38 887/570/15 909/600/37
f 910/601/38 888/568/204 887/570/15
f 910/601/38 891/573/151 888/568/204
f 911/602/113 891/573/151 910/601/38
f 911/602/113 893/575/234 891/573/151
f 911/602/113 896/578/155 893/575/234
f 912/603/40 896/578/155 911/602/113
f 912/603/40 898/587/26 896/578/155
f 912/603/40 901/585/207 898/587/26
f 913/604/41 901/585/207 912/603/40
f 913/604/41 903/589/31 901/585/207
f 913/604/41 906/594/208 903/589/31
f 909/600/37 906/594/208 913/604/41
f 909/600/37 908/597/111 906/594/208
f 914/605/42 909/600/37 913/604/41
f 914/605/42 910/601/38 909/600/37
f 914/605/42 911/602/113 910/601/38
f 914/605/42 912/603/40 911/602/113
f 914/605/42 913/604/41 912/603/40
f 879/559/97 907/599/164 878/558/96
f 915/606/114 907/599/164 879/559/97
f 915/607/114 905/593/237 907/608/164
f 916/609/44 905/593/237 915/607/114
f 916/609/44 904/591/32 905/593/237
f 904/591/32 916/609/44 917/610/238
f 916/609/44 918/611/46 917/610/238
f 916/609/44 919/612/214 918/611/46
f 919/612/214 916/609/44 915/607/114
f 919/612/214 915/607/114 880/613/98
f 880/560/98 915/606/114 879/559/97
f 920/614/115 919/612/214 880/613/98
f 919/612/214 920/614/115 921/615/49
f 922/616/172 921/617/49 920/618/115
f 923/619/215 921/617/49 922/616/172
f 923/619/215 924/620/174 921/617/49
f 925/621/117 924/620/174 923/619/215
f 925/621/117 926/622/118 924/620/174
f 925/621/117 927/623/55 926/622/118
f 928/624/176 927/623/55 925/621/117
f 928/625/176 929/626/57 927/627/55
f 930/628/58 929/626/57 928/625/176
f 930/628/58 931/629/217 929/626/57
f 930/628/58 932/630/60 931/629/217
f 933/631/218 932/632/60 930/633/58
f 933/631/218 934/634/178 932/632/60
f 935/635/63 934/634/178 933/631/218
f 935/636/63 936/637/219 934/638/178
f 935/636/63 937/639/179 936/637/219
f 938/640/221 937/641/179 935/635/63
f 938/640/221 939/642/122 937/641/179
f 940/643/68 939/642/122 938/640/221
f 940/644/68 883/563/11 939/645/122
f 940/644/68 882/562/100 883/563/11
f 941/646/69 882/562/100 940/644/68
f 941/646/69 881/561/9 882/562/100
f 922/616/172 881/647/9 941/648/69
f 922/616/172 920/618/115 881/647/9
f 880/560/98 881/561/9 920/649/115
f 942/650/70 922/616/172 941/648/69
f 942/650/70 923/619/215 922/616/172
f 943/651/71 923/619/215 942/650/70
f 943/651/71 925/621/117 923/619/215
f 943/651/71 928/624/176 925/621/117
f 944/652/239 928/624/176 943/651/71
f 944/652/239 930/633/58 928/624/176
f 944/652/239 933/631/218 930/633/58
f 945/653/73 933/631/218 944/652/239
f 945/653/73 935/635/63 933/631/218
f 945/653/73 938/640/221 935/635/63
f 946/654/240 938/640/221 945/653/73
f 946/654/240 940/643/68 938/640/221
f 946/654/240 941/648/69 940/643/68
f 942/650/70 941/648/69 946/654/240
f 947/655/75 942/650/70 946/654/240
f 947/655/75 943/651/71 942/650/70
f 947/655/75 944/652/239 943/651/71
f 947/655/75 945/653/73 944/652/239
f 947/655/75 946/654/240 945/653/73
f 884/564/102 939/645/122 883/563/11
f 948/656/124 939/645/122 884/564/102
f 948/657/124 937/639/179 939/658/122
f 949/659/224 937/639/179 948/657/124
f 949/659/224 936/637/219 937/639/179
f 936/637/219 949/659/224 950/660/225
f 949/659/224 951/661/79 950/660/225
f 949/659/224 952/662/241 951/661/79
f 952/662/241 949/659/224 948/657/124
f 952/662/241 948/657/124 885/663/203
f 885/565/203 948/656/124 884/564/102
f 889/664/17 952/662/241 885/663/203
f 952/662/241 889/664/17 890/665/105
f 952/662/241 890/665/105 951/661/79
f 951/661/79 890/665/105 892/666/20
f 951/661/79 892/666/20 953/667/242
f 953/667/242 892/666/20 894/668/22
f 894/668/22 954/669/228 953/667/242
f 954/670/228 894/671/22 895/581/235
f 954/670/228 895/581/235 955/672/130
f 955/672/130 895/581/235 897/580/25
f 955/672/130 897/580/25 956/673/243
f 956/673/243 897/580/25 899/583/27
f 899/583/27 957/674/244 956/673/243
f 957/674/244 899/583/27 900/584/236
f 957/674/244 900/584/236 958/675/245
f 958/676/245 900/677/236 902/592/108
f 958/676/245 902/592/108 917/610/238
f 917/610/238 902/592/108 904/591/32
f 959/678/87 958/676/245 917/610/238
f 960/679/134 958/676/245 959/678/87
f 960/680/134 957/674/244 958/675/245
f 957/674/244 960/680/134 961/681/135
f 960/680/134 927/627/55 961/681/135
f 960/680/134 926/682/118 927/627/55
f 926/683/118 960/679/134 959/678/87
f 959/678/87 924/684/174 926/683/118
f 918/611/46 924/684/174 959/678/87
f 918/611/46 921/615/49 924/684/174
f 919/612/214 921/615/49 918/611/46
f 917/610/238 918/611/46 959/678/87
f 961/681/135 927/627/55 929/626/57
f 961/681/135 929/626/57 962/685/90
f 962/685/90 929/626/57 931/629/217
f 931/629/217 963/686/136 962/685/90
f 963/686/136 931/629/217 932/630/60
f 963/686/136 932/630/60 964/687/137
f 964/688/137 932/689/60 934/638/178
f 964/688/137 934/638/178 950/660/225
f 950/660/225 934/638/178 936/637/219
f 953/667/242 964/688/137 950/660/225
f 954/669/228 964/688/137 953/667/242
f 954/670/228 963/686/136 964/687/137
f 963/686/136 954/670/228 955/672/130
f 963/686/136 955/672/130 962/685/90
f 962/685/90 955/672/130 956/673/243
f 956/673/243 961/681/135 962/685/90
f 957/674/244 961/681/135 956/673/243
f 950/660/225 951/661/79 953/667/242
f 885/565/203 886/566/146 889/690/17
s 7
f 965/691/1 966/692/138 967/693/3
f 966/692/138 965/691/1 968/694/140
f 965/691/1 969/695/246 968/694/140
f 965/691/1 970/696/96 969/695/246
f 970/696/96 965/691/1 971/697/7
f 965/691/1 967/693/3 971/697/7
f 971/697/7 967/693/3 972/698/247
f 967/693/3 973/699/9 972/698/247
f 967/693/3 974/700/248 973/699/9
f 966/692/138 974/700/248 967/693/3
f 966/692/138 975/701/101 974/700/248
f 975/701/101 966/692/138 976/702/12
f 966/692/138 968/694/140 976/702/12
f 976/702/12 968/694/140 977/703/13
f 968/694/140 978/704/146 977/703/13
f 968/694/140 969/695/246 978/704/146
f 979/705/15 978/704/146 969/695/246
f 980/706/16 978/707/146 979/708/15
f 980/706/16 981/709/17 978/707/146
f 980/706/16 982/710/105 981/709/17
f 983/711/19 982/710/105 980/706/16
f 983/711/19 984/712/20 982/710/105
f 985/713/21 984/712/20 983/711/19
f 985/713/21 986/714/22 984/712/20
f 985/713/21 987/715/235 986/714/22
f 988/716/24 987/715/235 985/713/21
f 988/717/24 989/718/249 987/719/235
f 990/720/26 989/718/249 988/717/24
f 990/720/26 991/721/27 989/718/249
f 990/720/26 992/722/250 991/721/27
f 993/723/29 992/724/250 990/725/26
f 993/723/29 994/726/108 992/724/250
f 995/727/31 994/726/108 993/723/29
f 995/728/31 996/729/109 994/730/108
f 995/728/31 997/731/110 996/729/109
f 998/732/34 997/733/110 995/727/31
f 998/732/34 999/734/251 997/733/110
f 1000/735/111 999/734/251 998/732/34
f 1000/736/111 970/696/96 999/737/251
f 1000/736/111 969/695/246 970/696/96
f 979/705/15 969/695/246 1000/736/111
f 1001/738/37 979/708/15 1000/735/111
f 1002/739/112 979/708/15 1001/738/37
f 1002/739/112 980/706/16 979/708/15
f 1002/739/112 983/711/19 980/706/16
f 1003/740/113 983/711/19 1002/739/112
f 1003/740/113 985/713/21 983/711/19
f 1003/740/113 988/716/24 985/713/21
f 1004/741/40 988/716/24 1003/740/113
f 1004/741/40 990/725/26 988/716/24
f 1004/741/40 993/723/29 990/725/26
f 1005/742/41 993/723/29 1004/741/40
f 1005/742/41 995/727/31 993/723/29
f 1005/742/41 998/732/34 995/727/31
f 1001/738/37 998/732/34 1005/742/41
f 1001/738/37 1000/735/111 998/732/34
f 1006/743/42 1001/738/37 1005/742/41
f 1006/743/42 1002/739/112 1001/738/37
f 1006/743/42 1003/740/113 1002/739/112
f 1006/743/42 1004/741/40 1003/740/113
f 1006/743/42 1005/742/41 1004/741/40
f 971/697/7 999/737/251 970/696/96
f 1007/744/43 999/737/251 971/697/7
f 1007/745/43 997/731/110 999/746/251
f 1008/747/44 997/731/110 1007/745/43
f 1008/747/44 996/729/109 997/731/110
f 996/729/109 1008/747/44 1009/748/252
f 1008/747/44 1010/749/46 1009/748/252
f 1008/747/44 1011/750/47 1010/749/46
f 1011/750/47 1008/747/44 1007/745/43
f 1011/750/47 1007/745/43 972/751/247
f 972/698/247 1007/744/43 971/697/7
f 1012/752/48 1011/750/47 972/751/247
f 1011/750/47 1012/752/48 1013/753/116
f 1014/754/50 1013/755/116 1012/756/48
f 1015/757/51 1013/755/116 1014/754/50
f 1015/757/51 1016/758/52 1013/755/116
f 1017/759/53 1016/758/52 1015/757/51
f 1017/759/53 1018/760/54 1016/758/52
f 1017/759/53 1019/761/216 1018/760/54
f 1020/762/56 1019/761/216 1017/759/53
f 1020/763/56 1021/764/253 1019/765/216
f 1022/766/254 1021/764/253 1020/763/56
f 1022/766/254 1023/767/59 1021/764/253
f 1022/766/254 1024/768/60 1023/767/59
f 1025/769/61 1024/770/60 1022/771/254
f 1025/769/61 1026/772/62 1024/770/60
f 1027/773/63 1026/772/62 1025/769/61
f 1027/774/63 1028/775/219 1026/776/62
f 1027/774/63 1029/777/255 1028/775/219
f 1030/778/66 1029/779/255 1027/773/63
f 1030/778/66 1031/780/122 1029/779/255
f 1032/781/256 1031/780/122 1030/778/66
f 1032/782/256 975/701/101 1031/783/122
f 1032/782/256 974/700/248 975/701/101
f 1033/784/69 974/700/248 1032/782/256
f 1033/784/69 973/699/9 974/700/248
f 1014/754/50 973/785/9 1033/786/69
f 1014/754/50 1012/756/48 973/785/9
f 972/698/247 973/699/9 1012/787/48
f 1034/788/70 1014/754/50 1033/786/69
f 1034/788/70 1015/757/51 1014/754/50
f 1035/789/123 1015/757/51 1034/788/70
f 1035/789/123 1017/759/53 1015/757/51
f 1035/789/123 1020/762/56 1017/759/53
f 1036/790/183 1020/762/56 1035/789/123
f 1036/790/183 1022/771/254 1020/762/56
f 1036/790/183 1025/769/61 1022/771/254
f 1037/791/73 1025/769/61 1036/790/183
f 1037/791/73 1027/773/63 1025/769/61
f 1037/791/73 1030/778/66 1027/773/63
f 1038/792/74 1030/778/66 1037/791/73
f 1038/792/74 1032/781/256 1030/778/66
f 1038/792/74 1033/786/69 1032/781/256
f 1034/788/70 1033/786/69 1038/792/74
f 1039/793/75 1034/788/70 1038/792/74
f 1039/793/75 1035/789/123 1034/788/70
f 1039/793/75 1036/790/183 1035/789/123
f 1039/793/75 1037/791/73 1036/790/183
f 1039/793/75 1038/792/74 1037/791/73
f 976/702/12 1031/783/122 975/701/101
f 1040/794/185 1031/783/122 976/702/12
f 1040/795/185 1029/777/255 1031/796/122
f 1041/797/257 1029/777/255 1040/795/185
f 1041/797/257 1028/775/219 1029/777/255
f 1028/775/219 1041/797/257 1042/798/225
f 1041/797/257 1043/799/79 1042/798/225
f 1041/797/257 1044/800/188 1043/799/79
f 1044/800/188 1041/797/257 1040/795/185
f 1044/800/188 1040/795/185 977/801/13
f 977/703/13 1040/794/185 976/702/12
f 981/802/17 1044/800/188 977/801/13
f 1044/800/188 981/802/17 982/803/105
f 1044/800/188 982/803/105 1043/799/79
f 1043/799/79 982/803/105 984/804/20
f 1043/799/79 984/804/20 1045/805/189
f 1045/805/189 984/804/20 986/806/22
f 986/806/22 1046/807/190 1045/805/189
f 1046/808/190 986/809/22 987/719/235
f 1046/808/190 987/719/235 1047/810/191
f 1047/810/191 987/719/235 989/718/249
f 1047/810/191 989/718/249 1048/811/84
f 1048/811/84 989/718/249 991/721/27
f 991/721/27 1049/812/85 1048/811/84
f 1049/812/85 991/721/27 992/722/250
f 1049/812/85 992/722/250 1050/813/86
f 1050/814/86 992/815/250 994/730/108
f 1050/814/86 994/730/108 1009/748/252
f 1009/748/252 994/730/108 996/729/109
f 1051/816/133 1050/814/86 1009/748/252
f 1052/817/258 1050/814/86 1051/816/133
f 1052/818/258 1049/812/85 1050/813/86
f 1049/812/85 1052/818/258 1053/819/89
f 1052/818/258 1019/765/216 1053/819/89
f 1052/818/258 1018/820/54 1019/765/216
f 1018/821/54 1052/817/258 1051/816/133
f 1051/816/133 1016/822/52 1018/821/54
f 1010/749/46 1016/822/52 1051/816/133
f 1010/749/46 1013/753/116 1016/822/52
f 1011/750/47 1013/753/116 1010/749/46
f 1009/748/252 1010/749/46 1051/816/133
f 1053/819/89 1019/765/216 1021/764/253
f 1053/819/89 1021/764/253 1054/823/90
f 1054/823/90 1021/764/253 1023/767/59
f 1023/767/59 1055/824/91 1054/823/90
f 1055/824/91 1023/767/59 1024/768/60
f 1055/824/91 1024/768/60 1056/825/92
f 1056/826/92 1024/827/60 1026/776/62
f 1056/826/92 1026/776/62 1042/798/225
f 1042/798/225 1026/776/62 1028/775/219
f 1045/805/189 1056/826/92 1042/798/225
f 1046/807/190 1056/826/92 1045/805/189
f 1046/808/190 1055/824/91 1056/825/92
f 1055/824/91 1046/808/190 1047/810/191
f 1055/824/91 1047/810/191 1054/823/90
f 1054/823/90 1047/810/191 1048/811/84
f 1048/811/84 1053/819/89 1054/823/90
f 1049/812/85 1053/819/89 1048/811/84
f 1042/798/225 1043/799/79 1045/805/189
f 977/703/13 978/704/146 981/828/17
s 8
f 1057/829/1 1058/830/2 1059/831/3
f 1058/830/2 1057/829/1 1060/832/140
f 1057/829/1 1061/833/246 1060/832/140
f 1057/829/1 1062/834/96 1061/833/246
f 1062/834/96 1057/829/1 1063/835/7
f 1057/829/1 1059/831/3 1063/835/7
f 1063/835/7 1059/831/3 1064/836/247
f 1059/831/3 1065/837/143 1064/836/247
f 1059/831/3 1066/838/144 1065/837/143
f 1058/830/2 1066/838/144 1059/831/3
f 1058/830/2 1067/839/101 1066/838/144
f 1067/839/101 1058/830/2 1068/840/102
f 1058/830/2 1060/832/140 1068/840/102
f 1068/840/102 1060/832/140 1069/841/145
f 1060/832/140 1070/842/259 1069/841/145
f 1060/832/140 1061/833/246 1070/842/259
f 1071/843/260 1070/842/259 1061/833/246
f 1072/844/261 1070/845/259 1071/846/260
f 1072/844/261 1073/847/17 1070/845/259
f 1072/844/261 1074/848/150 1073/847/17
f 1075/849/262 1074/848/150 1072/844/261
f 1075/849/262 1076/850/20 1074/848/150
f 1077/851/21 1076/850/20 1075/849/262
f 1077/851/21 1078/852/22 1076/850/20
f 1077/851/21 1079/853/23 1078/852/22
f 1080/854/263 1079/853/23 1077/851/21
f 1080/855/263 1081/856/249 1079/857/23
f 1082/858/26 1081/856/249 1080/855/263
f 1082/858/26 1083/859/27 1081/856/249
f 1082/858/26 1084/860/236 1083/859/27
f 1085/861/159 1084/862/236 1082/863/26
f 1085/861/159 1086/864/160 1084/862/236
f 1087/865/31 1086/864/160 1085/861/159
f 1087/866/31 1088/867/32 1086/868/160
f 1087/866/31 1089/869/237 1088/867/32
f 1090/870/163 1089/871/237 1087/865/31
f 1090/870/163 1091/872/164 1089/871/237
f 1092/873/111 1091/872/164 1090/870/163
f 1092/874/111 1062/834/96 1091/875/164
f 1092/874/111 1061/833/246 1062/834/96
f 1071/843/260 1061/833/246 1092/874/111
f 1093/876/166 1071/846/260 1092/873/111
f 1094/877/38 1071/846/260 1093/876/166
f 1094/877/38 1072/844/261 1071/846/260
f 1094/877/38 1075/849/262 1072/844/261
f 1095/878/167 1075/849/262 1094/877/38
f 1095/878/167 1077/851/21 1075/849/262
f 1095/878/167 1080/854/263 1077/851/21
f 1096/879/168 1080/854/263 1095/878/167
f 1096/879/168 1082/863/26 1080/854/263
f 1096/879/168 1085/861/159 1082/863/26
f 1097/880/41 1085/861/159 1096/879/168
f 1097/880/41 1087/865/31 1085/861/159
f 1097/880/41 1090/870/163 1087/865/31
f 1093/876/166 1090/870/163 1097/880/41
f 1093/876/166 1092/873/111 1090/870/163
f 1098/881/42 1093/876/166 1097/880/41
f 1098/881/42 1094/877/38 1093/876/166
f 1098/881/42 1095/878/167 1094/877/38
f 1098/881/42 1096/879/168 1095/878/167
f 1098/881/42 1097/880/41 1096/879/168
f 1063/835/7 1091/875/164 1062/834/96
f 1099/882/264 1091/875/164 1063/835/7
f 1099/883/264 1089/869/237 1091/884/164
f 1100/885/169 1089/869/237 1099/883/264
f 1100/885/169 1088/867/32 1089/869/237
f 1088/867/32 1100/885/169 1101/886/170
f 1100/885/169 1102/887/46 1101/886/170
f 1100/885/169 1103/888/265 1102/887/46
f 1103/888/265 1100/885/169 1099/883/264
f 1103/888/265 1099/883/264 1064/889/247
f 1064/836/247 1099/882/264 1063/835/7
f 1104/890/48 1103/888/265 1064/889/247
f 1103/888/265 1104/890/48 1105/891/116
f 1106/892/50 1105/893/116 1104/894/48
f 1107/895/173 1105/893/116 1106/892/50
f 1107/895/173 1108/896/266 1105/893/116
f 1109/897/53 1108/896/266 1107/895/173
f 1109/897/53 1110/898/54 1108/896/266
f 1109/897/53 1111/899/267 1110/898/54
f 1112/900/268 1111/899/267 1109/897/53
f 1112/901/268 1113/902/269 1111/903/267
f 1114/904/254 1113/902/269 1112/901/268
f 1114/904/254 1115/905/59 1113/902/269
f 1114/904/254 1116/906/60 1115/905/59
f 1117/907/218 1116/908/60 1114/909/254
f 1117/907/218 1118/910/178 1116/908/60
f 1119/911/63 1118/910/178 1117/907/218
f 1119/912/63 1120/913/64 1118/914/178
f 1119/912/63 1121/915/220 1120/913/64
f 1122/916/270 1121/917/220 1119/911/63
f 1122/916/270 1123/918/122 1121/917/220
f 1124/919/256 1123/918/122 1122/916/270
f 1124/920/256 1067/839/101 1123/921/122
f 1124/920/256 1066/838/144 1067/839/101
f 1125/922/180 1066/838/144 1124/920/256
f 1125/922/180 1065/837/143 1066/838/144
f 1106/892/50 1065/923/143 1125/924/180
f 1106/892/50 1104/894/48 1065/923/143
f 1064/836/247 1065/837/143 1104/925/48
f 1126/926/223 1106/892/50 1125/924/180
f 1126/926/223 1107/895/173 1106/892/50
f 1127/927/123 1107/895/173 1126/926/223
f 1127/927/123 1109/897/53 1107/895/173
f 1127/927/123 1112/900/268 1109/897/53
f 1128/928/72 1112/900/268 1127/927/123
f 1128/928/72 1114/909/254 1112/900/268
f 1128/928/72 1117/907/218 1114/909/254
f 1129/929/73 1117/907/218 1128/928/72
f 1129/929/73 1119/911/63 1117/907/218
f 1129/929/73 1122/916/270 1119/911/63
f 1130/930/184 1122/916/270 1129/929/73
f 1130/930/184 1124/919/256 1122/916/270
f 1130/930/184 1125/924/180 1124/919/256
f 1126/926/223 1125/924/180 1130/930/184
f 1131/931/75 1126/926/223 1130/930/184
f 1131/931/75 1127/927/123 1126/926/223
f 1131/931/75 1128/928/72 1127/927/123
f 1131/931/75 1129/929/73 1128/928/72
f 1131/931/75 1130/930/184 1129/929/73
f 1068/840/102 1123/921/122 1067/839/101
f 1132/932/271 1123/921/122 1068/840/102
f 1132/933/271 1121/915/220 1123/934/122
f 1133/935/224 1121/915/220 1132/933/271
f 1133/935/224 1120/913/64 1121/915/220
f 1120/913/64 1133/935/224 1134/936/225
f 1133/935/224 1135/937/272 1134/936/225
f 1133/935/224 1136/938/188 1135/937/272
f 1136/938/188 1133/935/224 1132/933/271
f 1136/938/188 1132/933/271 1069/939/145
f 1069/841/145 1132/932/271 1068/840/102
f 1073/940/17 1136/938/188 1069/939/145
f 1136/938/188 1073/940/17 1074/941/150
f 1136/938/188 1074/941/150 1135/937/272
f 1135/937/272 1074/941/150 1076/942/20
f 1135/937/272 1076/942/20 1137/943/189
f 1137/943/189 1076/942/20 1078/944/22
f 1078/944/22 1138/945/273 1137/943/189
f 1138/946/273 1078/947/22 1079/857/23
f 1138/946/273 1079/857/23 1139/948/191
f 1139/948/191 1079/857/23 1081/856/249
f 1139/948/191 1081/856/249 1140/949/84
f 1140/949/84 1081/856/249 1083/859/27
f 1083/859/27 1141/950/85 1140/949/84
f 1141/950/85 1083/859/27 1084/860/236
f 1141/950/85 1084/860/236 1142/951/194
f 1142/952/194 1084/953/236 1086/868/160
f 1142/952/194 1086/868/160 1101/886/170
f 1101/886/170 1086/868/160 1088/867/32
f 1143/954/87 1142/952/194 1101/886/170
f 1144/955/258 1142/952/194 1143/954/87
f 1144/956/258 1141/950/85 1142/951/194
f 1141/950/85 1144/956/258 1145/957/89
f 1144/956/258 1111/903/267 1145/957/89
f 1144/956/258 1110/958/54 1111/903/267
f 1110/959/54 1144/955/258 1143/954/87
f 1143/954/87 1108/960/266 1110/959/54
f 1102/887/46 1108/960/266 1143/954/87
f 1102/887/46 1105/891/116 1108/960/266
f 1103/888/265 1105/891/116 1102/887/46
f 1101/886/170 1102/887/46 1143/954/87
f 1145/957/89 1111/903/267 1113/902/269
f 1145/957/89 1113/902/269 1146/961/90
f 1146/961/90 1113/902/269 1115/905/59
f 1115/905/59 1147/962/91 1146/961/90
f 1147/962/91 1115/905/59 1116/906/60
f 1147/962/91 1116/906/60 1148/963/274
f 1148/964/274 1116/965/60 1118/914/178
f 1148/964/274 1118/914/178 1134/936/225
f 1134/936/225 1118/914/178 1120/913/64
f 1137/943/189 1148/964/274 1134/936/225
f 1138/945/273 1148/964/274 1137/943/189
f 1138/946/273 1147/962/91 1148/963/274
f 1147/962/91 1138/946/273 1139/948/191
f 1147/962/91 1139/948/191 1146/961/90
f 1146/961/90 1139/948/191 1140/949/84
f 1140/949/84 1145/957/89 1146/961/90
f 1141/950/85 1145/957/89 1140/949/84
f 1134/936/225 1135/937/272 1137/943/189
f 1069/841/145 1070/842/259 1073/966/17
s 9
f 1149/967/1 1150/968/2 1151/969/93
f 1150/968/2 1149/967/1 1152/970/94
f 1149/967/1 1153/971/141 1152/970/94
f 1149/967/1 1154/972/199 1153/971/141
f 1154/972/199 1149/967/1 1155/973/97
f 1149/967/1 1151/969/93 1155/973/97
f 1155/973/97 1151/969/93 1156/974/201
f 1151/969/93 1157/975/202 1156/974/201
f 1151/969/93 1158/976/100 1157/975/202
f 1150/968/2 1158/976/100 1151/969/93
f 1150/968/2 1159/977/11 1158/976/100
f 1159/977/11 1150/968/2 1160/978/102
f 1150/968/2 1152/970/94 1160/978/102
f 1160/978/102 1152/970/94 1161/979/203
f 1152/970/94 1162/980/146 1161/979/203
f 1152/970/94 1153/971/141 1162/980/146
f 1163/981/15 1162/980/146 1153/971/141
f 1164/982/16 1162/983/146 1163/984/15
f 1164/982/16 1165/985/275 1162/983/146
f 1164/982/16 1166/986/105 1165/985/275
f 1167/987/262 1166/986/105 1164/982/16
f 1167/987/262 1168/988/20 1166/986/105
f 1169/989/234 1168/988/20 1167/987/262
f 1169/989/234 1170/990/276 1168/988/20
f 1169/989/234 1171/991/235 1170/990/276
f 1172/992/155 1171/991/235 1169/989/234
f 1172/993/155 1173/994/25 1171/995/235
f 1174/996/26 1173/994/25 1172/993/155
f 1174/996/26 1175/997/206 1173/994/25
f 1174/996/26 1176/998/236 1175/997/206
f 1177/999/159 1176/1000/236 1174/1001/26
f 1177/999/159 1178/1002/160 1176/1000/236
f 1179/1003/31 1178/1002/160 1177/999/159
f 1179/1004/31 1180/1005/32 1178/1006/160
f 1179/1004/31 1181/1007/162 1180/1005/32
f 1182/1008/163 1181/1009/162 1179/1003/31
f 1182/1008/163 1183/1010/164 1181/1009/162
f 1184/1011/111 1183/1010/164 1182/1008/163
f 1184/1012/111 1154/972/199 1183/1013/164
f 1184/1012/111 1153/971/141 1154/972/199
f 1163/981/15 1153/971/141 1184/1012/111
f 1185/1014/37 1163/984/15 1184/1011/111
f 1186/1015/277 1163/984/15 1185/1014/37
f 1186/1015/277 1164/982/16 1163/984/15
f 1186/1015/277 1167/987/262 1164/982/16
f 1187/1016/113 1167/987/262 1186/1015/277
f 1187/1016/113 1169/989/234 1167/987/262
f 1187/1016/113 1172/992/155 1169/989/234
f 1188/1017/40 1172/992/155 1187/1016/113
f 1188/1017/40 1174/1001/26 1172/992/155
f 1188/1017/40 1177/999/159 1174/1001/26
f 1189/1018/41 1177/999/159 1188/1017/40
f 1189/1018/41 1179/1003/31 1177/999/159
f 1189/1018/41 1182/1008/163 1179/1003/31
f 1185/1014/37 1182/1008/163 1189/1018/41
f 1185/1014/37 1184/1011/111 1182/1008/163
f 1190/1019/42 1185/1014/37 1189/1018/41
f 1190/1019/42 1186/1015/277 1185/1014/37
f 1190/1019/42 1187/1016/113 1186/1015/277
f 1190/1019/42 1188/1017/40 1187/1016/113
f 1190/1019/42 1189/1018/41 1188/1017/40
f 1155/973/97 1183/1013/164 1154/972/199
f 1191/1020/211 1183/1013/164 1155/973/97
f 1191/1021/211 1181/1007/162 1183/1022/164
f 1192/1023/278 1181/1007/162 1191/1021/211
f 1192/1023/278 1180/1005/32 1181/1007/162
f 1180/1005/32 1192/1023/278 1193/1024/279
f 1192/1023/278 1194/1025/213 1193/1024/279
f 1192/1023/278 1195/1026/280 1194/1025/213
f 1195/1026/280 1192/1023/278 1191/1021/211
f 1195/1026/280 1191/1021/211 1156/1027/201
f 1156/974/201 1191/1020/211 1155/973/97
f 1196/1028/281 1195/1026/280 1156/1027/201
f 1195/1026/280 1196/1028/281 1197/1029/282
f 1198/1030/172 1197/1031/282 1196/1032/281
f 1199/1033/215 1197/1031/282 1198/1030/172
f 1199/1033/215 1200/1034/283 1197/1031/282
f 1201/1035/117 1200/1034/283 1199/1033/215
f 1201/1035/117 1202/1036/284 1200/1034/283
f 1201/1035/117 1203/1037/216 1202/1036/284
f 1204/1038/176 1203/1037/216 1201/1035/117
f 1204/1039/176 1205/1040/57 1203/1041/216
f 1206/1042/58 1205/1040/57 1204/1039/176
f 1206/1042/58 1207/1043/217 1205/1040/57
f 1206/1042/58 1208/1044/285 1207/1043/217
f 1209/1045/286 1208/1046/285 1206/1047/58
f 1209/1045/286 1210/1048/120 1208/1046/285
f 1211/1049/63 1210/1048/120 1209/1045/286
f 1211/1050/63 1212/1051/64 1210/1052/120
f 1211/1050/63 1213/1053/287 1212/1051/64
f 1214/1054/270 1213/1055/287 1211/1049/63
f 1214/1054/270 1215/1056/288 1213/1055/287
f 1216/1057/68 1215/1056/288 1214/1054/270
f 1216/1058/68 1159/977/11 1215/1059/288
f 1216/1058/68 1158/976/100 1159/977/11
f 1217/1060/222 1158/976/100 1216/1058/68
f 1217/1060/222 1157/975/202 1158/976/100
f 1198/1030/172 1157/1061/202 1217/1062/222
f 1198/1030/172 1196/1032/281 1157/1061/202
f 1156/974/201 1157/975/202 1196/1063/281
f 1218/1064/181 1198/1030/172 1217/1062/222
f 1218/1064/181 1199/1033/215 1198/1030/172
f 1219/1065/182 1199/1033/215 1218/1064/181
f 1219/1065/182 1201/1035/117 1199/1033/215
f 1219/1065/182 1204/1038/176 1201/1035/117
f 1220/1066/183 1204/1038/176 1219/1065/182
f 1220/1066/183 1206/1047/58 1204/1038/176
f 1220/1066/183 1209/1045/286 1206/1047/58
f 1221/1067/73 1209/1045/286 1220/1066/183
f 1221/1067/73 1211/1049/63 1209/1045/286
f 1221/1067/73 1214/1054/270 1211/1049/63
f 1222/1068/184 1214/1054/270 1221/1067/73
f 1222/1068/184 1216/1057/68 1214/1054/270
f 1222/1068/184 1217/1062/222 1216/1057/68
f 1218/1064/181 1217/1062/222 1222/1068/184
f 1223/1069/75 1218/1064/181 1222/1068/184
f 1223/1069/75 1219/1065/182 1218/1064/181
f 1223/1069/75 1220/1066/183 1219/1065/182
f 1223/1069/75 1221/1067/73 1220/1066/183
f 1223/1069/75 1222/1068/184 1221/1067/73
f 1160/978/102 1215/1059/288 1159/977/11
f 1224/1070/271 1215/1059/288 1160/978/102
f 1224/1071/271 1213/1053/287 1215/1072/288
f 1225/1073/289 1213/1053/287 1224/1071/271
f 1225/1073/289 1212/1051/64 1213/1053/287
f 1212/1051/64 1225/1073/289 1226/1074/290
f 1225/1073/289 1227/1075/272 1226/1074/290
f 1225/1073/289 1228/1076/241 1227/1075/272
f 1228/1076/241 1225/1073/289 1224/1071/271
f 1228/1076/241 1224/1071/271 1161/1077/203
f 1161/979/203 1224/1070/271 1160/978/102
f 1165/1078/275 1228/1076/241 1161/1077/203
f 1228/1076/241 1165/1078/275 1166/1079/105
f 1228/1076/241 1166/1079/105 1227/1075/272
f 1227/1075/272 1166/1079/105 1168/1080/20
f 1227/1075/272 1168/1080/20 1229/1081/189
f 1229/1081/189 1168/1080/20 1170/1082/276
f 1170/1082/276 1230/1083/190 1229/1081/189
f 1230/1084/190 1170/1085/276 1171/995/235
f 1230/1084/190 1171/995/235 1231/1086/130
f 1231/1086/130 1171/995/235 1173/994/25
f 1231/1086/130 1173/994/25 1232/1087/84
f 1232/1087/84 1173/994/25 1175/997/206
f 1175/997/206 1233/1088/244 1232/1087/84
f 1233/1088/244 1175/997/206 1176/998/236
f 1233/1088/244 1176/998/236 1234/1089/194
f 1234/1090/194 1176/1091/236 1178/1006/160
f 1234/1090/194 1178/1006/160 1193/1024/279
f 1193/1024/279 1178/1006/160 1180/1005/32
f 1235/1092/133 1234/1090/194 1193/1024/279
f 1236/1093/231 1234/1090/194 1235/1092/133
f 1236/1094/231 1233/1088/244 1234/1089/194
f 1233/1088/244 1236/1094/231 1237/1095/135
f 1236/1094/231 1203/1041/216 1237/1095/135
f 1236/1094/231 1202/1096/284 1203/1041/216
f 1202/1097/284 1236/1093/231 1235/1092/133
f 1235/1092/133 1200/1098/283 1202/1097/284
f 1194/1025/213 1200/1098/283 1235/1092/133
f 1194/1025/213 1197/1029/282 1200/1098/283
f 1195/1026/280 1197/1029/282 1194/1025/213
f 1193/1024/279 1194/1025/213 1235/1092/133
f 1237/1095/135 1203/1041/216 1205/1040/57
f 1237/1095/135 1205/1040/57 1238/1099/90
f 1238/1099/90 1205/1040/57 1207/1043/217
f 1207/1043/217 1239/1100/136 1238/1099/90
f 1239/1100/136 1207/1043/217 1208/1044/285
f 1239/1100/136 1208/1044/285 1240/1101/274
f 1240/1102/274 1208/1103/285 1210/1052/120
f 1240/1102/274 1210/1052/120 1226/1074/290
f 1226/1074/290 1210/1052/120 1212/1051/64
f 1229/1081/189 1240/1102/274 1226/1074/290
f 1230/1083/190 1240/1102/274 1229/1081/189
f 1230/1084/190 1239/1100/136 1240/1101/274
f 1239/1100/136 1230/1084/190 1231/1086/130
f 1239/1100/136 1231/1086/130 1238/1099/90
f 1238/1099/90 1231/1086/130 1232/1087/84
f 1232/1087/84 1237/1095/135 1238/1099/90
f 1233/1088/244 1237/1095/135 1232/1087/84
f 1226/1074/290 1227/1075/272 1229/1081/189
f 1161/979/203 1162/980/146 1165/1104/275
s 10
f 1241/1105/1 1242/1106/2 1243/1107/93
f 1242/1106/2 1241/1105/1 1244/1108/94
f 1241/1105/1 1245/1109/141 1244/1108/94
f 1241/1105/1 1246/1110/96 1245/1109/141
f 1246/1110/96 1241/1105/1 1247/1111/97
f 1241/1105/1 1243/1107/93 1247/1111/97
f 1247/1111/97 1243/1107/93 1248/1112/98
f 1243/1107/93 1249/1113/99 1248/1112/98
f 1243/1107/93 1250/1114/100 1249/1113/99
f 1242/1106/2 1250/1114/100 1243/1107/93
f 1242/1106/2 1251/1115/11 1250/1114/100
f 1251/1115/11 1242/1106/2 1252/1116/102
f 1242/1106/2 1244/1108/94 1252/1116/102
f 1252/1116/102 1244/1108/94 1253/1117/203
f 1244/1108/94 1254/1118/14 1253/1117/203
f 1244/1108/94 1245/1109/141 1254/1118/14
f 1255/1119/15 1254/1118/14 1245/1109/141
f 1256/1120/16 1254/1121/14 1255/1122/15
f 1256/1120/16 1257/1123/17 1254/1121/14
f 1256/1120/16 1258/1124/291 1257/1123/17
f 1259/1125/19 1258/1124/291 1256/1120/16
f 1259/1125/19 1260/1126/292 1258/1124/291
f 1261/1127/21 1260/1126/292 1259/1125/19
f 1261/1127/21 1262/1128/22 1260/1126/292
f 1261/1127/21 1263/1129/154 1262/1128/22
f 1264/1130/24 1263/1129/154 1261/1127/21
f 1264/1131/24 1265/1132/107 1263/1133/154
f 1266/1134/26 1265/1132/107 1264/1131/24
f 1266/1134/26 1267/1135/27 1265/1132/107
f 1266/1134/26 1268/1136/28 1267/1135/27
f 1269/1137/293 1268/1138/28 1266/1139/26
f 1269/1137/293 1270/1140/108 1268/1138/28
f 1271/1141/31 1270/1140/108 1269/1137/293
f 1271/1142/31 1272/1143/109 1270/1144/108
f 1271/1142/31 1273/1145/294 1272/1143/109
f 1274/1146/295 1273/1147/294 1271/1141/31
f 1274/1146/295 1275/1148/35 1273/1147/294
f 1276/1149/111 1275/1148/35 1274/1146/295
f 1276/1150/111 1246/1110/96 1275/1151/35
f 1276/1150/111 1245/1109/141 1246/1110/96
f 1255/1119/15 1245/1109/141 1276/1150/111
f 1277/1152/37 1255/1122/15 1276/1149/111
f 1278/1153/38 1255/1122/15 1277/1152/37
f 1278/1153/38 1256/1120/16 1255/1122/15
f 1278/1153/38 1259/1125/19 1256/1120/16
f 1279/1154/113 1259/1125/19 1278/1153/38
f 1279/1154/113 1261/1127/21 1259/1125/19
f 1279/1154/113 1264/1130/24 1261/1127/21
f 1280/1155/40 1264/1130/24 1279/1154/113
f 1280/1155/40 1266/1139/26 1264/1130/24
f 1280/1155/40 1269/1137/293 1266/1139/26
f 1281/1156/41 1269/1137/293 1280/1155/40
f 1281/1156/41 1271/1141/31 1269/1137/293
f 1281/1156/41 1274/1146/295 1271/1141/31
f 1277/1152/37 1274/1146/295 1281/1156/41
f 1277/1152/37 1276/1149/111 1274/1146/295
f 1282/1157/42 1277/1152/37 1281/1156/41
f 1282/1157/42 1278/1153/38 1277/1152/37
f 1282/1157/42 1279/1154/113 1278/1153/38
f 1282/1157/42 1280/1155/40 1279/1154/113
f 1282/1157/42 1281/1156/41 1280/1155/40
f 1247/1111/97 1275/1151/35 1246/1110/96
f 1283/1158/114 1275/1151/35 1247/1111/97
f 1283/1159/114 1273/1145/294 1275/1160/35
f 1284/1161/44 1273/1145/294 1283/1159/114
f 1284/1161/44 1272/1143/109 1273/1145/294
f 1272/1143/109 1284/1161/44 1285/1162/45
f 1284/1161/44 1286/1163/46 1285/1162/45
f 1284/1161/44 1287/1164/47 1286/1163/46
f 1287/1164/47 1284/1161/44 1283/1159/114
f 1287/1164/47 1283/1159/114 1248/1165/98
f 1248/1112/98 1283/1158/114 1247/1111/97
f 1288/1166/115 1287/1164/47 1248/1165/98
f 1287/1164/47 1288/1166/115 1289/1167/116
f 1290/1168/172 1289/1169/116 1288/1170/115
f 1291/1171/51 1289/1169/116 1290/1168/172
f 1291/1171/51 1292/1172/52 1289/1169/116
f 1293/1173/53 1292/1172/52 1291/1171/51
f 1293/1173/53 1294/1174/118 1292/1172/52
f 1293/1173/53 1295/1175/216 1294/1174/118
f 1296/1176/56 1295/1175/216 1293/1173/53
f 1296/1177/56 1297/1178/57 1295/1179/216
f 1298/1180/58 1297/1178/57 1296/1177/56
f 1298/1180/58 1299/1181/217 1297/1178/57
f 1298/1180/58 1300/1182/296 1299/1181/217
f 1301/1183/61 1300/1184/296 1298/1185/58
f 1301/1183/61 1302/1186/178 1300/1184/296
f 1303/1187/63 1302/1186/178 1301/1183/61
f 1303/1188/63 1304/1189/64 1302/1190/178
f 1303/1188/63 1305/1191/220 1304/1189/64
f 1306/1192/66 1305/1193/220 1303/1187/63
f 1306/1192/66 1307/1194/67 1305/1193/220
f 1308/1195/68 1307/1194/67 1306/1192/66
f 1308/1196/68 1251/1115/11 1307/1197/67
f 1308/1196/68 1250/1114/100 1251/1115/11
f 1309/1198/69 1250/1114/100 1308/1196/68
f 1309/1198/69 1249/1113/99 1250/1114/100
f 1290/1168/172 1249/1199/99 1309/1200/69
f 1290/1168/172 1288/1170/115 1249/1199/99
f 1248/1112/98 1249/1113/99 1288/1201/115
f 1310/1202/223 1290/1168/172 1309/1200/69
f 1310/1202/223 1291/1171/51 1290/1168/172
f 1311/1203/71 1291/1171/51 1310/1202/223
f 1311/1203/71 1293/1173/53 1291/1171/51
f 1311/1203/71 1296/1176/56 1293/1173/53
f 1312/1204/72 1296/1176/56 1311/1203/71
f 1312/1204/72 1298/1185/58 1296/1176/56
f 1312/1204/72 1301/1183/61 1298/1185/58
f 1313/1205/73 1301/1183/61 1312/1204/72
f 1313/1205/73 1303/1187/63 1301/1183/61
f 1313/1205/73 1306/1192/66 1303/1187/63
f 1314/1206/74 1306/1192/66 1313/1205/73
f 1314/1206/74 1308/1195/68 1306/1192/66
f 1314/1206/74 1309/1200/69 1308/1195/68
f 1310/1202/223 1309/1200/69 1314/1206/74
f 1315/1207/75 1310/1202/223 1314/1206/74
f 1315/1207/75 1311/1203/71 1310/1202/223
f 1315/1207/75 1312/1204/72 1311/1203/71
f 1315/1207/75 1313/1205/73 1312/1204/72
f 1315/1207/75 1314/1206/74 1313/1205/73
f 1252/1116/102 1307/1197/67 1251/1115/11
f 1316/1208/76 1307/1197/67 1252/1116/102
f 1316/1209/76 1305/1191/220 1307/1210/67
f 1317/1211/224 1305/1191/220 1316/1209/76
f 1317/1211/224 1304/1189/64 1305/1191/220
f 1304/1189/64 1317/1211/224 1318/1212/225
f 1317/1211/224 1319/1213/272 1318/1212/225
f 1317/1211/224 1320/1214/297 1319/1213/272
f 1320/1214/297 1317/1211/224 1316/1209/76
f 1320/1214/297 1316/1209/76 1253/1215/203
f 1253/1117/203 1316/1208/76 1252/1116/102
f 1257/1216/17 1320/1214/297 1253/1215/203
f 1320/1214/297 1257/1216/17 1258/1217/291
f 1320/1214/297 1258/1217/291 1319/1213/272
f 1319/1213/272 1258/1217/291 1260/1218/292
f 1319/1213/272 1260/1218/292 1321/1219/298
f 1321/1219/298 1260/1218/292 1262/1220/22
f 1262/1220/22 1322/1221/228 1321/1219/298
f 1322/1222/228 1262/1223/22 1263/1133/154
f 1322/1222/228 1263/1133/154 1323/1224/130
f 1323/1224/130 1263/1133/154 1265/1132/107
f 1323/1224/130 1265/1132/107 1324/1225/243
f 1324/1225/243 1265/1132/107 1267/1135/27
f 1267/1135/27 1325/1226/244 1324/1225/243
f 1325/1226/244 1267/1135/27 1268/1136/28
f 1325/1226/244 1268/1136/28 1326/1227/245
f 1326/1228/245 1268/1229/28 1270/1144/108
f 1326/1228/245 1270/1144/108 1285/1162/45
f 1285/1162/45 1270/1144/108 1272/1143/109
f 1327/1230/87 1326/1228/245 1285/1162/45
f 1328/1231/134 1326/1228/245 1327/1230/87
f 1328/1232/134 1325/1226/244 1326/1227/245
f 1325/1226/244 1328/1232/134 1329/1233/135
f 1328/1232/134 1295/1179/216 1329/1233/135
f 1328/1232/134 1294/1234/118 1295/1179/216
f 1294/1235/118 1328/1231/134 1327/1230/87
f 1327/1230/87 1292/1236/52 1294/1235/118
f 1286/1163/46 1292/1236/52 1327/1230/87
f 1286/1163/46 1289/1167/116 1292/1236/52
f 1287/1164/47 1289/1167/116 1286/1163/46
f 1285/1162/45 1286/1163/46 1327/1230/87
f 1329/1233/135 1295/1179/216 1297/1178/57
f 1329/1233/135 1297/1178/57 1330/1237/90
f 1330/1237/90 1297/1178/57 1299/1181/217
f 1299/1181/217 1331/1238/136 1330/1237/90
f 1331/1238/136 1299/1181/217 1300/1182/296
f 1331/1238/136 1300/1182/296 1332/1239/198
f 1332/1240/198 1300/1241/296 1302/1190/178
f 1332/1240/198 1302/1190/178 1318/1212/225
f 1318/1212/225 1302/1190/178 1304/1189/64
f 1321/1219/298 1332/1240/198 1318/1212/225
f 1322/1221/228 1332/1240/198 1321/1219/298
f 1322/1222/228 1331/1238/136 1332/1239/198
f 1331/1238/136 1322/1222/228 1323/1224/130
f 1331/1238/136 1323/1224/130 1330/1237/90
f 1330/1237/90 1323/1224/130 1324/1225/243
f 1324/1225/243 1329/1233/135 1330/1237/90
f 1325/1226/244 1329/1233/135 1324/1225/243
f 1318/1212/225 1319/1213/272 1321/1219/298
f 1253/1117/203 1254/1118/14 1257/1242/17
s 11
f 1333/1243/1 1334/1244/2 1335/1245/3
f 1334/1244/2 1333/1243/1 1336/1246/140
f 1333/1243/1 1337/1247/246 1336/1246/140
f 1333/1243/1 1338/1248/96 1337/1247/246
f 1338/1248/96 1333/1243/1 1339/1249/7
f 1333/1243/1 1335/1245/3 1339/1249/7
f 1339/1249/7 1335/1245/3 1340/1250/142
f 1335/1245/3 1341/1251/9 1340/1250/142
f 1335/1245/3 1342/1252/144 1341/1251/9
f 1334/1244/2 1342/1252/144 1335/1245/3
f 1334/1244/2 1343/1253/101 1342/1252/144
f 1343/1253/101 1334/1244/2 1344/1254/12
f 1334/1244/2 1336/1246/140 1344/1254/12
f 1344/1254/12 1336/1246/140 1345/1255/299
f 1336/1246/140 1346/1256/259 1345/1255/299
f 1336/1246/140 1337/1247/246 1346/1256/259
f 1347/1257/15 1346/1256/259 1337/1247/246
f 1348/1258/16 1346/1259/259 1347/1260/15
f 1348/1258/16 1349/1261/17 1346/1259/259
f 1348/1258/16 1350/1262/105 1349/1261/17
f 1351/1263/19 1350/1262/105 1348/1258/16
f 1351/1263/19 1352/1264/20 1350/1262/105
f 1353/1265/21 1352/1264/20 1351/1263/19
f 1353/1265/21 1354/1266/22 1352/1264/20
f 1353/1265/21 1355/1267/23 1354/1266/22
f 1356/1268/24 1355/1267/23 1353/1265/21
f 1356/1269/24 1357/1270/249 1355/1271/23
f 1358/1272/300 1357/1270/249 1356/1269/24
f 1358/1272/300 1359/1273/27 1357/1270/249
f 1358/1272/300 1360/1274/301 1359/1273/27
f 1361/1275/29 1360/1276/301 1358/1277/300
f 1361/1275/29 1362/1278/108 1360/1276/301
f 1363/1279/31 1362/1278/108 1361/1275/29
f 1363/1280/31 1364/1281/32 1362/1282/108
f 1363/1280/31 1365/1283/110 1364/1281/32
f 1366/1284/34 1365/1285/110 1363/1279/31
f 1366/1284/34 1367/1286/164 1365/1285/110
f 1368/1287/302 1367/1286/164 1366/1284/34
f 1368/1288/302 1338/1248/96 1367/1289/164
f 1368/1288/302 1337/1247/246 1338/1248/96
f 1347/1257/15 1337/1247/246 1368/1288/302
f 1369/1290/37 1347/1260/15 1368/1287/302
f 1370/1291/303 1347/1260/15 1369/1290/37
f 1370/1291/303 1348/1258/16 1347/1260/15
f 1370/1291/303 1351/1263/19 1348/1258/16
f 1371/1292/113 1351/1263/19 1370/1291/303
f 1371/1292/113 1353/1265/21 1351/1263/19
f 1371/1292/113 1356/1268/24 1353/1265/21
f 1372/1293/40 1356/1268/24 1371/1292/113
f 1372/1293/40 1358/1277/300 1356/1268/24
f 1372/1293/40 1361/1275/29 1358/1277/300
f 1373/1294/41 1361/1275/29 1372/1293/40
f 1373/1294/41 1363/1279/31 1361/1275/29
f 1373/1294/41 1366/1284/34 1363/1279/31
f 1369/1290/37 1366/1284/34 1373/1294/41
f 1369/1290/37 1368/1287/302 1366/1284/34
f 1374/1295/42 1369/1290/37 1373/1294/41
f 1374/1295/42 1370/1291/303 1369/1290/37
f 1374/1295/42 1371/1292/113 1370/1291/303
f 1374/1295/42 1372/1293/40 1371/1292/113
f 1374/1295/42 1373/1294/41 1372/1293/40
f 1339/1249/7 1367/1289/164 1338/1248/96
f 1375/1296/43 1367/1289/164 1339/1249/7
f 1375/1297/43 1365/1283/110 1367/1298/164
f 1376/1299/304 1365/1283/110 1375/1297/43
f 1376/1299/304 1364/1281/32 1365/1283/110
f 1364/1281/32 1376/1299/304 1377/1300/45
f 1376/1299/304 1378/1301/171 1377/1300/45
f 1376/1299/304 1379/1302/214 1378/1301/171
f 1379/1302/214 1376/1299/304 1375/1297/43
f 1379/1302/214 1375/1297/43 1340/1303/142
f 1340/1250/142 1375/1296/43 1339/1249/7
f 1380/1304/115 1379/1302/214 1340/1303/142
f 1379/1302/214 1380/1304/115 1381/1305/49
f 1382/1306/50 1381/1307/49 1380/1308/115
f 1383/1309/51 1381/1307/49 1382/1306/50
f 1383/1309/51 1384/1310/174 1381/1307/49
f 1385/1311/53 1384/1310/174 1383/1309/51
f 1385/1311/53 1386/1312/118 1384/1310/174
f 1385/1311/53 1387/1313/55 1386/1312/118
f 1388/1314/268 1387/1313/55 1385/1311/53
f 1388/1315/268 1389/1316/269 1387/1317/55
f 1390/1318/58 1389/1316/269 1388/1315/268
f 1390/1318/58 1391/1319/59 1389/1316/269
f 1390/1318/58 1392/1320/305 1391/1319/59
f 1393/1321/61 1392/1322/305 1390/1323/58
f 1393/1321/61 1394/1324/306 1392/1322/305
f 1395/1325/63 1394/1324/306 1393/1321/61
f 1395/1326/63 1396/1327/64 1394/1328/306
f 1395/1326/63 1397/1329/65 1396/1327/64
f 1398/1330/66 1397/1331/65 1395/1325/63
f 1398/1330/66 1399/1332/307 1397/1331/65
f 1400/1333/68 1399/1332/307 1398/1330/66
f 1400/1334/68 1343/1253/101 1399/1335/307
f 1400/1334/68 1342/1252/144 1343/1253/101
f 1401/1336/69 1342/1252/144 1400/1334/68
f 1401/1336/69 1341/1251/9 1342/1252/144
f 1382/1306/50 1341/1337/9 1401/1338/69
f 1382/1306/50 1380/1308/115 1341/1337/9
f 1340/1250/142 1341/1251/9 1380/1339/115
f 1402/1340/70 1382/1306/50 1401/1338/69
f 1402/1340/70 1383/1309/51 1382/1306/50
f 1403/1341/71 1383/1309/51 1402/1340/70
f 1403/1341/71 1385/1311/53 1383/1309/51
f 1403/1341/71 1388/1314/268 1385/1311/53
f 1404/1342/72 1388/1314/268 1403/1341/71
f 1404/1342/72 1390/1323/58 1388/1314/268
f 1404/1342/72 1393/1321/61 1390/1323/58
f 1405/1343/73 1393/1321/61 1404/1342/72
f 1405/1343/73 1395/1325/63 1393/1321/61
f 1405/1343/73 1398/1330/66 1395/1325/63
f 1406/1344/184 1398/1330/66 1405/1343/73
f 1406/1344/184 1400/1333/68 1398/1330/66
f 1406/1344/184 1401/1338/69 1400/1333/68
f 1402/1340/70 1401/1338/69 1406/1344/184
f 1407/1345/75 1402/1340/70 1406/1344/184
f 1407/1345/75 1403/1341/71 1402/1340/70
f 1407/1345/75 1404/1342/72 1403/1341/71
f 1407/1345/75 1405/1343/73 1404/1342/72
f 1407/1345/75 1406/1344/184 1405/1343/73
f 1344/1254/12 1399/1335/307 1343/1253/101
f 1408/1346/185 1399/1335/307 1344/1254/12
f 1408/1347/185 1397/1329/65 1399/1348/307
f 1409/1349/125 1397/1329/65 1408/1347/185
f 1409/1349/125 1396/1327/64 1397/1329/65
f 1396/1327/64 1409/1349/125 1410/1350/290
f 1409/1349/125 1411/1351/79 1410/1350/290
f 1409/1349/125 1412/1352/188 1411/1351/79
f 1412/1352/188 1409/1349/125 1408/1347/185
f 1412/1352/188 1408/1347/185 1345/1353/299
f 1345/1255/299 1408/1346/185 1344/1254/12
f 1349/1354/17 1412/1352/188 1345/1353/299
f 1412/1352/188 1349/1354/17 1350/1355/105
f 1412/1352/188 1350/1355/105 1411/1351/79
f 1411/1351/79 1350/1355/105 1352/1356/20
f 1411/1351/79 1352/1356/20 1413/1357/81
f 1413/1357/81 1352/1356/20 1354/1358/22
f 1354/1358/22 1414/1359/82 1413/1357/81
f 1414/1360/82 1354/1361/22 1355/1271/23
f 1414/1360/82 1355/1271/23 1415/1362/191
f 1415/1362/191 1355/1271/23 1357/1270/249
f 1415/1362/191 1357/1270/249 1416/1363/84
f 1416/1363/84 1357/1270/249 1359/1273/27
f 1359/1273/27 1417/1364/85 1416/1363/84
f 1417/1364/85 1359/1273/27 1360/1274/301
f 1417/1364/85 1360/1274/301 1418/1365/86
f 1418/1366/86 1360/1367/301 1362/1282/108
f 1418/1366/86 1362/1282/108 1377/1300/45
f 1377/1300/45 1362/1282/108 1364/1281/32
f 1419/1368/195 1418/1366/86 1377/1300/45
f 1420/1369/196 1418/1366/86 1419/1368/195
f 1420/1370/196 1417/1364/85 1418/1365/86
f 1417/1364/85 1420/1370/196 1421/1371/89
f 1420/1370/196 1387/1317/55 1421/1371/89
f 1420/1370/196 1386/1372/118 1387/1317/55
f 1386/1373/118 1420/1369/196 1419/1368/195
f 1419/1368/195 1384/1374/174 1386/1373/118
f 1378/1301/171 1384/1374/174 1419/1368/195
f 1378/1301/171 1381/1305/49 1384/1374/174
f 1379/1302/214 1381/1305/49 1378/1301/171
f 1377/1300/45 1378/1301/171 1419/1368/195
f 1421/1371/89 1387/1317/55 1389/1316/269
f 1421/1371/89 1389/1316/269 1422/1375/90
f 1422/1375/90 1389/1316/269 1391/1319/59
f 1391/1319/59 1423/1376/91 1422/1375/90
f 1423/1376/91 1391/1319/59 1392/1320/305
f 1423/1376/91 1392/1320/305 1424/1377/92
f 1424/1378/92 1392/1379/305 1394/1328/306
f 1424/1378/92 1394/1328/306 1410/1350/290
f 1410/1350/290 1394/1328/306 1396/1327/64
f 1413/1357/81 1424/1378/92 1410/1350/290
f 1414/1359/82 1424/1378/92 1413/1357/81
f 1414/1360/82 1423/1376/91 1424/1377/92
f 1423/1376/91 1414/1360/82 1415/1362/191
f 1423/1376/91 1415/1362/191 1422/1375/90
f 1422/1375/90 1415/1362/191 1416/1363/84
f 1416/1363/84 1421/1371/89 1422/1375/90
f 1417/1364/85 1421/1371/89 1416/1363/84
f 1410/1350/290 1411/1351/79 1413/1357/81
f 1345/1255/299 1346/1256/259 1349/1380/17
s 12
f 1425/1381/308 1426/1382/309 1427/1383/310 1428/1384/311
f 1429/1385/312 1427/1383/310 1426/1382/309 1430/1386/313
f 1431/1387/314 1432/1388/315 1427/1389/310 1429/1390/312
f 1433/1391/316 1434/1392/317 1432/1388/315 1431/1387/314
f 1435/1393/316 1436/1394/317 1434/1392/317 1433/1391/316
f 1437/1395/316 1438/1396/317 1436/1394/317 1435/1393/316
f 1439/1397/316 1440/1398/317 1438/1396/317 1437/1395/316
f 1441/1399/42 1442/1400/42 1443/1401/318 1444/1402/318
f 1442/1400/42 1445/1403/42 1446/1404/318 1443/1401/318
f 1447/1405/318 1446/1404/318 1445/1403/42 1448/1406/42
f 1449/1407/319 1450/1408/319 1446/1409/318 1447/1410/318
f 1449/1407/319 1434/1392/317 1436/1394/317 1450/1408/319
f 1451/1411/320 1432/1388/315 1434/1392/317 1449/1407/319
f 1428/1412/311 1427/1389/310 1432/1388/315 1451/1411/320
f 1452/1413/321 1428/1412/311 1451/1411/320
f 1452/1414/321 1453/1415/322 1425/1381/308 1428/1384/311
f 1452/1416/321 1447/1405/318 1448/1406/42 1453/1417/322
f 1451/1411/320 1449/1407/319 1447/1410/318 1452/1413/321
f 1450/1408/319 1436/1394/317 1438/1396/317 1454/1418/319
f 1454/1418/319 1438/1396/317 1440/1398/317 1455/1419/319
f 1444/1420/318 1443/1421/318 1454/1418/319 1455/1419/319
f 1450/1408/319 1454/1418/319 1443/1421/318 1446/1409/318
f 1439/1422/316 1437/1423/316 1456/1424/323 1457/1425/323
f 1458/1426/323 1456/1424/323 1437/1423/316 1435/1427/316
f 1459/1428/75 1460/1429/75 1456/1424/323 1458/1426/323
f 1457/1425/323 1456/1424/323 1460/1429/75 1461/1430/75
f 1462/1431/75 1459/1428/75 1458/1426/323 1463/1432/323
f 1463/1432/323 1458/1426/323 1435/1427/316 1433/1433/316
f 1464/1434/324 1463/1432/323 1433/1433/316 1431/1435/314
f 1465/1436/325 1462/1431/75 1463/1432/323 1464/1434/324
f 1465/1436/325 1464/1434/324 1429/1437/312 1430/1438/313
f 1429/1437/312 1464/1434/324 1431/1435/314
s 13
f 1466/1439/326 1467/1440/326 1440/1441/326 1439/1442/326
f 1467/1440/326 1468/1443/326 1455/1444/326 1440/1441/326
f 1468/1443/326 1441/1445/326 1444/1446/326 1455/1444/326
f 1461/1447/326 1466/1439/326 1439/1442/326 1457/1448/326
s 14
f 1469/1449/1 1470/1450/2 1471/1451/3
f 1470/1450/2 1469/1449/1 1472/1452/140
f 1469/1449/1 1473/1453/246 1472/1452/140
f 1469/1449/1 1474/1454/96 1473/1453/246
f 1474/1454/96 1469/1449/1 1475/1455/7
f 1469/1449/1 1471/1451/3 1475/1455/7
f 1475/1455/7 1471/1451/3 1476/1456/8
f 1471/1451/3 1477/1457/9 1476/1456/8
f 1471/1451/3 1478/1458/144 1477/1457/9
f 1470/1450/2 1478/1458/144 1471/1451/3
f 1470/1450/2 1479/1459/101 1478/1458/144
f 1479/1459/101 1470/1450/2 1480/1460/12
f 1470/1450/2 1472/1452/140 1480/1460/12
f 1480/1460/12 1472/1452/140 1481/1461/299
f 1472/1452/140 1482/1462/14 1481/1461/299
f 1472/1452/140 1473/1453/246 1482/1462/14
f 1483/1463/15 1482/1462/14 1473/1453/246
f 1484/1464/16 1482/1465/14 1483/1466/15
f 1484/1464/16 1485/1467/17 1482/1465/14
f 1484/1464/16 1486/1468/18 1485/1467/17
f 1487/1469/19 1486/1468/18 1484/1464/16
f 1487/1469/19 1488/1470/292 1486/1468/18
f 1489/1471/21 1488/1470/292 1487/1469/19
f 1489/1471/21 1490/1472/22 1488/1470/292
f 1489/1471/21 1491/1473/154 1490/1472/22
f 1492/1474/24 1491/1473/154 1489/1471/21
f 1492/1475/24 1493/1476/249 1491/1477/154
f 1494/1478/300 1493/1476/249 1492/1475/24
f 1494/1478/300 1495/1479/27 1493/1476/249
f 1494/1478/300 1496/1480/301 1495/1479/27
f 1497/1481/29 1496/1482/301 1494/1483/300
f 1497/1481/29 1498/1484/108 1496/1482/301
f 1499/1485/161 1498/1484/108 1497/1481/29
f 1499/1486/161 1500/1487/32 1498/1488/108
f 1499/1486/161 1501/1489/110 1500/1487/32
f 1502/1490/34 1501/1491/110 1499/1485/161
f 1502/1490/34 1503/1492/327 1501/1491/110
f 1504/1493/302 1503/1492/327 1502/1490/34
f 1504/1494/302 1474/1454/96 1503/1495/327
f 1504/1494/302 1473/1453/246 1474/1454/96
f 1483/1463/15 1473/1453/246 1504/1494/302
f 1505/1496/37 1483/1466/15 1504/1493/302
f 1506/1497/112 1483/1466/15 1505/1496/37
f 1506/1497/112 1484/1464/16 1483/1466/15
f 1506/1497/112 1487/1469/19 1484/1464/16
f 1507/1498/167 1487/1469/19 1506/1497/112
f 1507/1498/167 1489/1471/21 1487/1469/19
f 1507/1498/167 1492/1474/24 1489/1471/21
f 1508/1499/168 1492/1474/24 1507/1498/167
f 1508/1499/168 1494/1483/300 1492/1474/24
f 1508/1499/168 1497/1481/29 1494/1483/300
f 1509/1500/41 1497/1481/29 1508/1499/168
f 1509/1500/41 1499/1485/161 1497/1481/29
f 1509/1500/41 1502/1490/34 1499/1485/161
f 1505/1496/37 1502/1490/34 1509/1500/41
f 1505/1496/37 1504/1493/302 1502/1490/34
f 1510/1501/42 1505/1496/37 1509/1500/41
f 1510/1501/42 1506/1497/112 1505/1496/37
f 1510/1501/42 1507/1498/167 1506/1497/112
f 1510/1501/42 1508/1499/168 1507/1498/167
f 1510/1501/42 1509/1500/41 1508/1499/168
f 1475/1455/7 1503/1495/327 1474/1454/96
f 1511/1502/43 1503/1495/327 1475/1455/7
f 1511/1503/43 1501/1489/110 1503/1504/327
f 1512/1505/44 1501/1489/110 1511/1503/43
f 1512/1505/44 1500/1487/32 1501/1489/110
f 1500/1487/32 1512/1505/44 1513/1506/328
f 1512/1505/44 1514/1507/213 1513/1506/328
f 1512/1505/44 1515/1508/280 1514/1507/213
f 1515/1508/280 1512/1505/44 1511/1503/43
f 1515/1508/280 1511/1503/43 1476/1509/8
f 1476/1456/8 1511/1502/43 1475/1455/7
f 1516/1510/48 1515/1508/280 1476/1509/8
f 1515/1508/280 1516/1510/48 1517/1511/329
f 1518/1512/50 1517/1513/329 1516/1514/48
f 1519/1515/51 1517/1513/329 1518/1512/50
f 1519/1515/51 1520/1516/330 1517/1513/329
f 1521/1517/53 1520/1516/330 1519/1515/51
f 1521/1517/53 1522/1518/54 1520/1516/330
f 1521/1517/53 1523/1519/55 1522/1518/54
f 1524/1520/56 1523/1519/55 1521/1517/53
f 1524/1521/56 1525/1522/269 1523/1523/55
f 1526/1524/254 1525/1522/269 1524/1521/56
f 1526/1524/254 1527/1525/59 1525/1522/269
f 1526/1524/254 1528/1526/331 1527/1525/59
f 1529/1527/332 1528/1528/331 1526/1529/254
f 1529/1527/332 1530/1530/62 1528/1528/331
f 1531/1531/63 1530/1530/62 1529/1527/332
f 1531/1532/63 1532/1533/333 1530/1534/62
f 1531/1532/63 1533/1535/121 1532/1533/333
f 1534/1536/334 1533/1537/121 1531/1531/63
f 1534/1536/334 1535/1538/307 1533/1537/121
f 1536/1539/256 1535/1538/307 1534/1536/334
f 1536/1540/256 1479/1459/101 1535/1541/307
f 1536/1540/256 1478/1458/144 1479/1459/101
f 1537/1542/69 1478/1458/144 1536/1540/256
f 1537/1542/69 1477/1457/9 1478/1458/144
f 1518/1512/50 1477/1543/9 1537/1544/69
f 1518/1512/50 1516/1514/48 1477/1543/9
f 1476/1456/8 1477/1457/9 1516/1545/48
f 1538/1546/70 1518/1512/50 1537/1544/69
f 1538/1546/70 1519/1515/51 1518/1512/50
f 1539/1547/182 1519/1515/51 1538/1546/70
f 1539/1547/182 1521/1517/53 1519/1515/51
f 1539/1547/182 1524/1520/56 1521/1517/53
f 1540/1548/183 1524/1520/56 1539/1547/182
f 1540/1548/183 1526/1529/254 1524/1520/56
f 1540/1548/183 1529/1527/332 1526/1529/254
f 1541/1549/73 1529/1527/332 1540/1548/183
f 1541/1549/73 1531/1531/63 1529/1527/332
f 1541/1549/73 1534/1536/334 1531/1531/63
f 1542/1550/184 1534/1536/334 1541/1549/73
f 1542/1550/184 1536/1539/256 1534/1536/334
f 1542/1550/184 1537/1544/69 1536/1539/256
f 1538/1546/70 1537/1544/69 1542/1550/184
f 1543/1551/75 1538/1546/70 1542/1550/184
f 1543/1551/75 1539/1547/182 1538/1546/70
f 1543/1551/75 1540/1548/183 1539/1547/182
f 1543/1551/75 1541/1549/73 1540/1548/183
f 1543/1551/75 1542/1550/184 1541/1549/73
f 1480/1460/12 1535/1541/307 1479/1459/101
f 1544/1552/185 1535/1541/307 1480/1460/12
f 1544/1553/185 1533/1535/121 1535/1554/307
f 1545/1555/77 1533/1535/121 1544/1553/185
f 1545/1555/77 1532/1533/333 1533/1535/121
f 1532/1533/333 1545/1555/77 1546/1556/335
f 1545/1555/77 1547/1557/272 1546/1556/335
f 1545/1555/77 1548/1558/188 1547/1557/272
f 1548/1558/188 1545/1555/77 1544/1553/185
f 1548/1558/188 1544/1553/185 1481/1559/299
f 1481/1461/299 1544/1552/185 1480/1460/12
f 1485/1560/17 1548/1558/188 1481/1559/299
f 1548/1558/188 1485/1560/17 1486/1561/18
f 1548/1558/188 1486/1561/18 1547/1557/272
f 1547/1557/272 1486/1561/18 1488/1562/292
f 1547/1557/272 1488/1562/292 1549/1563/81
f 1549/1563/81 1488/1562/292 1490/1564/22
f 1490/1564/22 1550/1565/190 1549/1563/81
f 1550/1566/190 1490/1567/22 1491/1477/154
f 1550/1566/190 1491/1477/154 1551/1568/191
f 1551/1568/191 1491/1477/154 1493/1476/249
f 1551/1568/191 1493/1476/249 1552/1569/84
f 1552/1569/84 1493/1476/249 1495/1479/27
f 1495/1479/27 1553/1570/85 1552/1569/84
f 1553/1570/85 1495/1479/27 1496/1480/301
f 1553/1570/85 1496/1480/301 1554/1571/86
f 1554/1572/86 1496/1573/301 1498/1488/108
f 1554/1572/86 1498/1488/108 1513/1506/328
f 1513/1506/328 1498/1488/108 1500/1487/32
f 1555/1574/336 1554/1572/86 1513/1506/328
f 1556/1575/88 1554/1572/86 1555/1574/336
f 1556/1576/88 1553/1570/85 1554/1571/86
f 1553/1570/85 1556/1576/88 1557/1577/89
f 1556/1576/88 1523/1523/55 1557/1577/89
f 1556/1576/88 1522/1578/54 1523/1523/55
f 1522/1579/54 1556/1575/88 1555/1574/336
f 1555/1574/336 1520/1580/330 1522/1579/54
f 1514/1507/213 1520/1580/330 1555/1574/336
f 1514/1507/213 1517/1511/329 1520/1580/330
f 1515/1508/280 1517/1511/329 1514/1507/213
f 1513/1506/328 1514/1507/213 1555/1574/336
f 1557/1577/89 1523/1523/55 1525/1522/269
f 1557/1577/89 1525/1522/269 1558/1581/90
f 1558/1581/90 1525/1522/269 1527/1525/59
f 1527/1525/59 1559/1582/91 1558/1581/90
f 1559/1582/91 1527/1525/59 1528/1526/331
f 1559/1582/91 1528/1526/331 1560/1583/92
f 1560/1584/92 1528/1585/331 1530/1534/62
f 1560/1584/92 1530/1534/62 1546/1556/335
f 1546/1556/335 1530/1534/62 1532/1533/333
f 1549/1563/81 1560/1584/92 1546/1556/335
f 1550/1565/190 1560/1584/92 1549/1563/81
f 1550/1566/190 1559/1582/91 1560/1583/92
f 1559/1582/91 1550/1566/190 1551/1568/191
f 1559/1582/91 1551/1568/191 1558/1581/90
f 1558/1581/90 1551/1568/191 1552/1569/84
f 1552/1569/84 1557/1577/89 1558/1581/90
f 1553/1570/85 1557/1577/89 1552/1569/84
f 1546/1556/335 1547/1557/272 1549/1563/81
f 1481/1461/299 1482/1462/14 1485/1586/17
s 15
f 1561/1587/233 1562/1588/138 1563/1589/93
f 1562/1588/138 1561/1587/233 1564/1590/94
f 1561/1587/233 1565/1591/141 1564/1590/94
f 1561/1587/233 1566/1592/96 1565/1591/141
f 1566/1592/96 1561/1587/233 1567/1593/97
f 1561/1587/233 1563/1589/93 1567/1593/97
f 1567/1593/97 1563/1589/93 1568/1594/98
f 1563/1589/93 1569/1595/337 1568/1594/98
f 1563/1589/93 1570/1596/100 1569/1595/337
f 1562/1588/138 1570/1596/100 1563/1589/93
f 1562/1588/138 1571/1597/11 1570/1596/100
f 1571/1597/11 1562/1588/138 1572/1598/102
f 1562/1588/138 1564/1590/94 1572/1598/102
f 1572/1598/102 1564/1590/94 1573/1599/203
f 1564/1590/94 1574/1600/146 1573/1599/203
f 1564/1590/94 1565/1591/141 1574/1600/146
f 1575/1601/15 1574/1600/146 1565/1591/141
f 1576/1602/204 1574/1603/146 1575/1604/15
f 1576/1602/204 1577/1605/17 1574/1603/146
f 1576/1602/204 1578/1606/105 1577/1605/17
f 1579/1607/151 1578/1606/105 1576/1602/204
f 1579/1607/151 1580/1608/20 1578/1606/105
f 1581/1609/234 1580/1608/20 1579/1607/151
f 1581/1609/234 1582/1610/22 1580/1608/20
f 1581/1609/234 1583/1611/235 1582/1610/22
f 1584/1612/155 1583/1611/235 1581/1609/234
f 1584/1613/155 1585/1614/25 1583/1615/235
f 1586/1616/26 1585/1614/25 1584/1613/155
f 1586/1616/26 1587/1617/27 1585/1614/25
f 1586/1616/26 1588/1618/236 1587/1617/27
f 1589/1619/159 1588/1620/236 1586/1621/26
f 1589/1619/159 1590/1622/108 1588/1620/236
f 1591/1623/31 1590/1622/108 1589/1619/159
f 1591/1624/31 1592/1625/32 1590/1626/108
f 1591/1624/31 1593/1627/237 1592/1625/32
f 1594/1628/208 1593/1629/237 1591/1623/31
f 1594/1628/208 1595/1630/164 1593/1629/237
f 1596/1631/111 1595/1630/164 1594/1628/208
f 1596/1632/111 1566/1592/96 1595/1633/164
f 1596/1632/111 1565/1591/141 1566/1592/96
f 1575/1601/15 1565/1591/141 1596/1632/111
f 1597/1634/37 1575/1604/15 1596/1631/111
f 1598/1635/112 1575/1604/15 1597/1634/37
f 1598/1635/112 1576/1602/204 1575/1604/15
f 1598/1635/112 1579/1607/151 1576/1602/204
f 1599/1636/113 1579/1607/151 1598/1635/112
f 1599/1636/113 1581/1609/234 1579/1607/151
f 1599/1636/113 1584/1612/155 1581/1609/234
f 1600/1637/40 1584/1612/155 1599/1636/113
f 1600/1637/40 1586/1621/26 1584/1612/155
f 1600/1637/40 1589/1619/159 1586/1621/26
f 1601/1638/41 1589/1619/159 1600/1637/40
f 1601/1638/41 1591/1623/31 1589/1619/159
f 1601/1638/41 1594/1628/208 1591/1623/31
f 1597/1634/37 1594/1628/208 1601/1638/41
f 1597/1634/37 1596/1631/111 1594/1628/208
f 1602/1639/42 1597/1634/37 1601/1638/41
f 1602/1639/42 1598/1635/112 1597/1634/37
f 1602/1639/42 1599/1636/113 1598/1635/112
f 1602/1639/42 1600/1637/40 1599/1636/113
f 1602/1639/42 1601/1638/41 1600/1637/40
f 1567/1593/97 1595/1633/164 1566/1592/96
f 1603/1640/114 1595/1633/164 1567/1593/97
f 1603/1641/114 1593/1627/237 1595/1642/164
f 1604/1643/212 1593/1627/237 1603/1641/114
f 1604/1643/212 1592/1625/32 1593/1627/237
f 1592/1625/32 1604/1643/212 1605/1644/238
f 1604/1643/212 1606/1645/46 1605/1644/238
f 1604/1643/212 1607/1646/47 1606/1645/46
f 1607/1646/47 1604/1643/212 1603/1641/114
f 1607/1646/47 1603/1641/114 1568/1647/98
f 1568/1594/98 1603/1640/114 1567/1593/97
f 1608/1648/115 1607/1646/47 1568/1647/98
f 1607/1646/47 1608/1648/115 1609/1649/116
f 1610/1650/172 1609/1651/116 1608/1652/115
f 1611/1653/173 1609/1651/116 1610/1650/172
f 1611/1653/173 1612/1654/52 1609/1651/116
f 1613/1655/338 1612/1654/52 1611/1653/173
f 1613/1655/338 1614/1656/118 1612/1654/52
f 1613/1655/338 1615/1657/216 1614/1656/118
f 1616/1658/176 1615/1657/216 1613/1655/338
f 1616/1659/176 1617/1660/57 1615/1661/216
f 1618/1662/58 1617/1660/57 1616/1659/176
f 1618/1662/58 1619/1663/217 1617/1660/57
f 1618/1662/58 1620/1664/296 1619/1663/217
f 1621/1665/218 1620/1666/296 1618/1667/58
f 1621/1665/218 1622/1668/120 1620/1666/296
f 1623/1669/339 1622/1668/120 1621/1665/218
f 1623/1670/339 1624/1671/219 1622/1672/120
f 1623/1670/339 1625/1673/121 1624/1671/219
f 1626/1674/221 1625/1675/121 1623/1669/339
f 1626/1674/221 1627/1676/67 1625/1675/121
f 1628/1677/68 1627/1676/67 1626/1674/221
f 1628/1678/68 1571/1597/11 1627/1679/67
f 1628/1678/68 1570/1596/100 1571/1597/11
f 1629/1680/222 1570/1596/100 1628/1678/68
f 1629/1680/222 1569/1595/337 1570/1596/100
f 1610/1650/172 1569/1681/337 1629/1682/222
f 1610/1650/172 1608/1652/115 1569/1681/337
f 1568/1594/98 1569/1595/337 1608/1683/115
f 1630/1684/340 1610/1650/172 1629/1682/222
f 1630/1684/340 1611/1653/173 1610/1650/172
f 1631/1685/123 1611/1653/173 1630/1684/340
f 1631/1685/123 1613/1655/338 1611/1653/173
f 1631/1685/123 1616/1658/176 1613/1655/338
f 1632/1686/183 1616/1658/176 1631/1685/123
f 1632/1686/183 1618/1667/58 1616/1658/176
f 1632/1686/183 1621/1665/218 1618/1667/58
f 1633/1687/73 1621/1665/218 1632/1686/183
f 1633/1687/73 1623/1669/339 1621/1665/218
f 1633/1687/73 1626/1674/221 1623/1669/339
f 1634/1688/74 1626/1674/221 1633/1687/73
f 1634/1688/74 1628/1677/68 1626/1674/221
f 1634/1688/74 1629/1682/222 1628/1677/68
f 1630/1684/340 1629/1682/222 1634/1688/74
f 1635/1689/75 1630/1684/340 1634/1688/74
f 1635/1689/75 1631/1685/123 1630/1684/340
f 1635/1689/75 1632/1686/183 1631/1685/123
f 1635/1689/75 1633/1687/73 1632/1686/183
f 1635/1689/75 1634/1688/74 1633/1687/73
f 1572/1598/102 1627/1679/67 1571/1597/11
f 1636/1690/124 1627/1679/67 1572/1598/102
f 1636/1691/124 1625/1673/121 1627/1692/67
f 1637/1693/341 1625/1673/121 1636/1691/124
f 1637/1693/341 1624/1671/219 1625/1673/121
f 1624/1671/219 1637/1693/341 1638/1694/225
f 1637/1693/341 1639/1695/79 1638/1694/225
f 1637/1693/341 1640/1696/241 1639/1695/79
f 1640/1696/241 1637/1693/341 1636/1691/124
f 1640/1696/241 1636/1691/124 1573/1697/203
f 1573/1599/203 1636/1690/124 1572/1598/102
f 1577/1698/17 1640/1696/241 1573/1697/203
f 1640/1696/241 1577/1698/17 1578/1699/105
f 1640/1696/241 1578/1699/105 1639/1695/79
f 1639/1695/79 1578/1699/105 1580/1700/20
f 1639/1695/79 1580/1700/20 1641/1701/227
f 1641/1701/227 1580/1700/20 1582/1702/22
f 1582/1702/22 1642/1703/228 1641/1701/227
f 1642/1704/228 1582/1705/22 1583/1615/235
f 1642/1704/228 1583/1615/235 1643/1706/130
f 1643/1706/130 1583/1615/235 1585/1614/25
f 1643/1706/130 1585/1614/25 1644/1707/243
f 1644/1707/243 1585/1614/25 1587/1617/27
f 1587/1617/27 1645/1708/244 1644/1707/243
f 1645/1708/244 1587/1617/27 1588/1618/236
f 1645/1708/244 1588/1618/236 1646/1709/245
f 1646/1710/245 1588/1711/236 1590/1626/108
f 1646/1710/245 1590/1626/108 1605/1644/238
f 1605/1644/238 1590/1626/108 1592/1625/32
f 1647/1712/133 1646/1710/245 1605/1644/238
f 1648/1713/134 1646/1710/245 1647/1712/133
f 1648/1714/134 1645/1708/244 1646/1709/245
f 1645/1708/244 1648/1714/134 1649/1715/135
f 1648/1714/134 1615/1661/216 1649/1715/135
f 1648/1714/134 1614/1716/118 1615/1661/216
f 1614/1717/118 1648/1713/134 1647/1712/133
f 1647/1712/133 1612/1718/52 1614/1717/118
f 1606/1645/46 1612/1718/52 1647/1712/133
f 1606/1645/46 1609/1649/116 1612/1718/52
f 1607/1646/47 1609/1649/116 1606/1645/46
f 1605/1644/238 1606/1645/46 1647/1712/133
f 1649/1715/135 1615/1661/216 1617/1660/57
f 1649/1715/135 1617/1660/57 1650/1719/342
f 1650/1719/342 1617/1660/57 1619/1663/217
f 1619/1663/217 1651/1720/136 1650/1719/342
f 1651/1720/136 1619/1663/217 1620/1664/296
f 1651/1720/136 1620/1664/296 1652/1721/137
f 1652/1722/137 1620/1723/296 1622/1672/120
f 1652/1722/137 1622/1672/120 1638/1694/225
f 1638/1694/225 1622/1672/120 1624/1671/219
f 1641/1701/227 1652/1722/137 1638/1694/225
f 1642/1703/228 1652/1722/137 1641/1701/227
f 1642/1704/228 1651/1720/136 1652/1721/137
f 1651/1720/136 1642/1704/228 1643/1706/130
f 1651/1720/136 1643/1706/130 1650/1719/342
f 1650/1719/342 1643/1706/130 1644/1707/243
f 1644/1707/243 1649/1715/135 1650/1719/342
f 1645/1708/244 1649/1715/135 1644/1707/243
f 1638/1694/225 1639/1695/79 1641/1701/227
f 1573/1599/203 1574/1600/146 1577/1724/17
s 16
f 1653/1725/1 1654/1726/138 1655/1727/3
f 1654/1726/138 1653/1725/1 1656/1728/140
f 1653/1725/1 1657/1729/343 1656/1728/140
f 1653/1725/1 1658/1730/199 1657/1729/343
f 1658/1730/199 1653/1725/1 1659/1731/97
f 1653/1725/1 1655/1727/3 1659/1731/97
f 1659/1731/97 1655/1727/3 1660/1732/142
f 1655/1727/3 1661/1733/344 1660/1732/142
f 1655/1727/3 1662/1734/144 1661/1733/344
f 1654/1726/138 1662/1734/144 1655/1727/3
f 1654/1726/138 1663/1735/345 1662/1734/144
f 1663/1735/345 1654/1726/138 1664/1736/102
f 1654/1726/138 1656/1728/140 1664/1736/102
f 1664/1736/102 1656/1728/140 1665/1737/145
f 1656/1728/140 1666/1738/146 1665/1737/145
f 1656/1728/140 1657/1729/343 1666/1738/146
f 1667/1739/147 1666/1738/146 1657/1729/343
f 1668/1740/148 1666/1741/146 1667/1742/147
f 1668/1740/148 1669/1743/149 1666/1741/146
f 1668/1740/148 1670/1744/18 1669/1743/149
f 1671/1745/151 1670/1744/18 1668/1740/148
f 1671/1745/151 1672/1746/346 1670/1744/18
f 1673/1747/347 1672/1746/346 1671/1745/151
f 1673/1747/347 1674/1748/153 1672/1746/346
f 1673/1747/347 1675/1749/154 1674/1748/153
f 1676/1750/155 1675/1749/154 1673/1747/347
f 1676/1751/155 1677/1752/348 1675/1753/154
f 1678/1754/26 1677/1752/348 1676/1751/155
f 1678/1754/26 1679/1755/27 1677/1752/348
f 1678/1754/26 1680/1756/301 1679/1755/27
f 1681/1757/207 1680/1758/301 1678/1759/26
f 1681/1757/207 1682/1760/349 1680/1758/301
f 1683/1761/31 1682/1760/349 1681/1757/207
f 1683/1762/31 1684/1763/350 1682/1764/349
f 1683/1762/31 1685/1765/351 1684/1763/350
f 1686/1766/163 1685/1767/351 1683/1761/31
f 1686/1766/163 1687/1768/209 1685/1767/351
f 1688/1769/111 1687/1768/209 1686/1766/163
f 1688/1770/111 1658/1730/199 1687/1771/209
f 1688/1770/111 1657/1729/343 1658/1730/199
f 1667/1739/147 1657/1729/343 1688/1770/111
f 1689/1772/166 1667/1742/147 1688/1769/111
f 1690/1773/112 1667/1742/147 1689/1772/166
f 1690/1773/112 1668/1740/148 1667/1742/147
f 1690/1773/112 1671/1745/151 1668/1740/148
f 1691/1774/167 1671/1745/151 1690/1773/112
f 1691/1774/167 1673/1747/347 1671/1745/151
f 1691/1774/167 1676/1750/155 1673/1747/347
f 1692/1775/168 1676/1750/155 1691/1774/167
f 1692/1775/168 1678/1759/26 1676/1750/155
f 1692/1775/168 1681/1757/207 1678/1759/26
f 1693/1776/41 1681/1757/207 1692/1775/168
f 1693/1776/41 1683/1761/31 1681/1757/207
f 1693/1776/41 1686/1766/163 1683/1761/31
f 1689/1772/166 1686/1766/163 1693/1776/41
f 1689/1772/166 1688/1769/111 1686/1766/163
f 1694/1777/42 1689/1772/166 1693/1776/41
f 1694/1777/42 1690/1773/112 1689/1772/166
f 1694/1777/42 1691/1774/167 1690/1773/112
f 1694/1777/42 1692/1775/168 1691/1774/167
f 1694/1777/42 1693/1776/41 1692/1775/168
f 1659/1731/97 1687/1771/209 1658/1730/199
f 1695/1778/264 1687/1771/209 1659/1731/97
f 1695/1779/264 1685/1765/351 1687/1780/209
f 1696/1781/352 1685/1765/351 1695/1779/264
f 1696/1781/352 1684/1763/350 1685/1765/351
f 1684/1763/350 1696/1781/352 1697/1782/279
f 1696/1781/352 1698/1783/171 1697/1782/279
f 1696/1781/352 1699/1784/353 1698/1783/171
f 1699/1784/353 1696/1781/352 1695/1779/264
f 1699/1784/353 1695/1779/264 1660/1785/142
f 1660/1732/142 1695/1778/264 1659/1731/97
f 1700/1786/115 1699/1784/353 1660/1785/142
f 1699/1784/353 1700/1786/115 1701/1787/49
f 1702/1788/50 1701/1789/49 1700/1790/115
f 1703/1791/215 1701/1789/49 1702/1788/50
f 1703/1791/215 1704/1792/174 1701/1789/49
f 1705/1793/53 1704/1792/174 1703/1791/215
f 1705/1793/53 1706/1794/118 1704/1792/174
f 1705/1793/53 1707/1795/267 1706/1794/118
f 1708/1796/268 1707/1795/267 1705/1793/53
f 1708/1797/268 1709/1798/269 1707/1799/267
f 1710/1800/58 1709/1798/269 1708/1797/268
f 1710/1800/58 1711/1801/59 1709/1798/269
f 1710/1800/58 1712/1802/60 1711/1801/59
f 1713/1803/218 1712/1804/60 1710/1805/58
f 1713/1803/218 1714/1806/354 1712/1804/60
f 1715/1807/63 1714/1806/354 1713/1803/218
f 1715/1808/63 1716/1809/64 1714/1810/354
f 1715/1808/63 1717/1811/179 1716/1809/64
f 1718/1812/270 1717/1813/179 1715/1807/63
f 1718/1812/270 1719/1814/307 1717/1813/179
f 1720/1815/68 1719/1814/307 1718/1812/270
f 1720/1816/68 1663/1735/345 1719/1817/307
f 1720/1816/68 1662/1734/144 1663/1735/345
f 1721/1818/222 1662/1734/144 1720/1816/68
f 1721/1818/222 1661/1733/344 1662/1734/144
f 1702/1788/50 1661/1819/344 1721/1820/222
f 1702/1788/50 1700/1790/115 1661/1819/344
f 1660/1732/142 1661/1733/344 1700/1821/115
f 1722/1822/70 1702/1788/50 1721/1820/222
f 1722/1822/70 1703/1791/215 1702/1788/50
f 1723/1823/71 1703/1791/215 1722/1822/70
f 1723/1823/71 1705/1793/53 1703/1791/215
f 1723/1823/71 1708/1796/268 1705/1793/53
f 1724/1824/72 1708/1796/268 1723/1823/71
f 1724/1824/72 1710/1805/58 1708/1796/268
f 1724/1824/72 1713/1803/218 1710/1805/58
f 1725/1825/73 1713/1803/218 1724/1824/72
f 1725/1825/73 1715/1807/63 1713/1803/218
f 1725/1825/73 1718/1812/270 1715/1807/63
f 1726/1826/74 1718/1812/270 1725/1825/73
f 1726/1826/74 1720/1815/68 1718/1812/270
f 1726/1826/74 1721/1820/222 1720/1815/68
f 1722/1822/70 1721/1820/222 1726/1826/74
f 1727/1827/75 1722/1822/70 1726/1826/74
f 1727/1827/75 1723/1823/71 1722/1822/70
f 1727/1827/75 1724/1824/72 1723/1823/71
f 1727/1827/75 1725/1825/73 1724/1824/72
f 1727/1827/75 1726/1826/74 1725/1825/73
f 1664/1736/102 1719/1817/307 1663/1735/345
f 1728/1828/185 1719/1817/307 1664/1736/102
f 1728/1829/185 1717/1811/179 1719/1830/307
f 1729/1831/186 1717/1811/179 1728/1829/185
f 1729/1831/186 1716/1809/64 1717/1811/179
f 1716/1809/64 1729/1831/186 1730/1832/355
f 1729/1831/186 1731/1833/272 1730/1832/355
f 1729/1831/186 1732/1834/188 1731/1833/272
f 1732/1834/188 1729/1831/186 1728/1829/185
f 1732/1834/188 1728/1829/185 1665/1835/145
f 1665/1737/145 1728/1828/185 1664/1736/102
f 1669/1836/149 1732/1834/188 1665/1835/145
f 1732/1834/188 1669/1836/149 1670/1837/18
f 1732/1834/188 1670/1837/18 1731/1833/272
f 1731/1833/272 1670/1837/18 1672/1838/346
f 1731/1833/272 1672/1838/346 1733/1839/81
f 1733/1839/81 1672/1838/346 1674/1840/153
f 1674/1840/153 1734/1841/273 1733/1839/81
f 1734/1842/273 1674/1843/153 1675/1753/154
f 1734/1842/273 1675/1753/154 1735/1844/191
f 1735/1844/191 1675/1753/154 1677/1752/348
f 1735/1844/191 1677/1752/348 1736/1845/84
f 1736/1845/84 1677/1752/348 1679/1755/27
f 1679/1755/27 1737/1846/85 1736/1845/84
f 1737/1846/85 1679/1755/27 1680/1756/301
f 1737/1846/85 1680/1756/301 1738/1847/86
f 1738/1848/86 1680/1849/301 1682/1764/349
f 1738/1848/86 1682/1764/349 1697/1782/279
f 1697/1782/279 1682/1764/349 1684/1763/350
f 1739/1850/87 1738/1848/86 1697/1782/279
f 1740/1851/196 1738/1848/86 1739/1850/87
f 1740/1852/196 1737/1846/85 1738/1847/86
f 1737/1846/85 1740/1852/196 1741/1853/89
f 1740/1852/196 1707/1799/267 1741/1853/89
f 1740/1852/196 1706/1854/118 1707/1799/267
f 1706/1855/118 1740/1851/196 1739/1850/87
f 1739/1850/87 1704/1856/174 1706/1855/118
f 1698/1783/171 1704/1856/174 1739/1850/87
f 1698/1783/171 1701/1787/49 1704/1856/174
f 1699/1784/353 1701/1787/49 1698/1783/171
f 1697/1782/279 1698/1783/171 1739/1850/87
f 1741/1853/89 1707/1799/267 1709/1798/269
f 1741/1853/89 1709/1798/269 1742/1857/342
f 1742/1857/342 1709/1798/269 1711/1801/59
f 1711/1801/59 1743/1858/91 1742/1857/342
f 1743/1858/91 1711/1801/59 1712/1802/60
f 1743/1858/91 1712/1802/60 1744/1859/92
f 1744/1860/92 1712/1861/60 1714/1810/354
f 1744/1860/92 1714/1810/354 1730/1832/355
f 1730/1832/355 1714/1810/354 1716/1809/64
f 1733/1839/81 1744/1860/92 1730/1832/355
f 1734/1841/273 1744/1860/92 1733/1839/81
f 1734/1842/273 1743/1858/91 1744/1859/92
f 1743/1858/91 1734/1842/273 1735/1844/191
f 1743/1858/91 1735/1844/191 1742/1857/342
f 1742/1857/342 1735/1844/191 1736/1845/84
f 1736/1845/84 1741/1853/89 1742/1857/342
f 1737/1846/85 1741/1853/89 1736/1845/84
f 1730/1832/355 1731/1833/272 1733/1839/81
f 1665/1737/145 1666/1738/146 1669/1862/149
s 17
f 1745/1863/1 1746/1864/138 1747/1865/3
f 1746/1864/138 1745/1863/1 1748/1866/140
f 1745/1863/1 1749/1867/246 1748/1866/140
f 1745/1863/1 1750/1868/96 1749/1867/246
f 1750/1868/96 1745/1863/1 1751/1869/7
f 1745/1863/1 1747/1865/3 1751/1869/7
f 1751/1869/7 1747/1865/3 1752/1870/142
f 1747/1865/3 1753/1871/9 1752/1870/142
f 1747/1865/3 1754/1872/144 1753/1871/9
f 1746/1864/138 1754/1872/144 1747/1865/3
f 1746/1864/138 1755/1873/101 1754/1872/144
f 1755/1873/101 1746/1864/138 1756/1874/12
f 1746/1864/138 1748/1866/140 1756/1874/12
f 1756/1874/12 1748/1866/140 1757/1875/13
f 1748/1866/140 1758/1876/146 1757/1875/13
f 1748/1866/140 1749/1867/246 1758/1876/146
f 1759/1877/15 1758/1876/146 1749/1867/246
f 1760/1878/16 1758/1879/146 1759/1880/15
f 1760/1878/16 1761/1881/17 1758/1879/146
f 1760/1878/16 1762/1882/105 1761/1881/17
f 1763/1883/262 1762/1882/105 1760/1878/16
f 1763/1883/262 1764/1884/20 1762/1882/105
f 1765/1885/21 1764/1884/20 1763/1883/262
f 1765/1885/21 1766/1886/22 1764/1884/20
f 1765/1885/21 1767/1887/235 1766/1886/22
f 1768/1888/24 1767/1887/235 1765/1885/21
f 1768/1889/24 1769/1890/249 1767/1891/235
f 1770/1892/300 1769/1890/249 1768/1889/24
f 1770/1892/300 1771/1893/27 1769/1890/249
f 1770/1892/300 1772/1894/301 1771/1893/27
f 1773/1895/293 1772/1896/301 1770/1897/300
f 1773/1895/293 1774/1898/108 1772/1896/301
f 1775/1899/31 1774/1898/108 1773/1895/293
f 1775/1900/31 1776/1901/109 1774/1902/108
f 1775/1900/31 1777/1903/110 1776/1901/109
f 1778/1904/295 1777/1905/110 1775/1899/31
f 1778/1904/295 1779/1906/251 1777/1905/110
f 1780/1907/302 1779/1906/251 1778/1904/295
f 1780/1908/302 1750/1868/96 1779/1909/251
f 1780/1908/302 1749/1867/246 1750/1868/96
f 1759/1877/15 1749/1867/246 1780/1908/302
f 1781/1910/166 1759/1880/15 1780/1907/302
f 1782/1911/38 1759/1880/15 1781/1910/166
f 1782/1911/38 1760/1878/16 1759/1880/15
f 1782/1911/38 1763/1883/262 1760/1878/16
f 1783/1912/39 1763/1883/262 1782/1911/38
f 1783/1912/39 1765/1885/21 1763/1883/262
f 1783/1912/39 1768/1888/24 1765/1885/21
f 1784/1913/40 1768/1888/24 1783/1912/39
f 1784/1913/40 1770/1897/300 1768/1888/24
f 1784/1913/40 1773/1895/293 1770/1897/300
f 1785/1914/41 1773/1895/293 1784/1913/40
f 1785/1914/41 1775/1899/31 1773/1895/293
f 1785/1914/41 1778/1904/295 1775/1899/31
f 1781/1910/166 1778/1904/295 1785/1914/41
f 1781/1910/166 1780/1907/302 1778/1904/295
f 1786/1915/42 1781/1910/166 1785/1914/41
f 1786/1915/42 1782/1911/38 1781/1910/166
f 1786/1915/42 1783/1912/39 1782/1911/38
f 1786/1915/42 1784/1913/40 1783/1912/39
f 1786/1915/42 1785/1914/41 1784/1913/40
f 1751/1869/7 1779/1909/251 1750/1868/96
f 1787/1916/43 1779/1909/251 1751/1869/7
f 1787/1917/43 1777/1903/110 1779/1918/251
f 1788/1919/356 1777/1903/110 1787/1917/43
f 1788/1919/356 1776/1901/109 1777/1903/110
f 1776/1901/109 1788/1919/356 1789/1920/45
f 1788/1919/356 1790/1921/46 1789/1920/45
f 1788/1919/356 1791/1922/47 1790/1921/46
f 1791/1922/47 1788/1919/356 1787/1917/43
f 1791/1922/47 1787/1917/43 1752/1923/142
f 1752/1870/142 1787/1916/43 1751/1869/7
f 1792/1924/48 1791/1922/47 1752/1923/142
f 1791/1922/47 1792/1924/48 1793/1925/116
f 1794/1926/50 1793/1927/116 1792/1928/48
f 1795/1929/51 1793/1927/116 1794/1926/50
f 1795/1929/51 1796/1930/52 1793/1927/116
f 1797/1931/53 1796/1930/52 1795/1929/51
f 1797/1931/53 1798/1932/54 1796/1930/52
f 1797/1931/53 1799/1933/55 1798/1932/54
f 1800/1934/56 1799/1933/55 1797/1931/53
f 1800/1935/56 1801/1936/269 1799/1937/55
f 1802/1938/254 1801/1936/269 1800/1935/56
f 1802/1938/254 1803/1939/59 1801/1936/269
f 1802/1938/254 1804/1940/60 1803/1939/59
f 1805/1941/61 1804/1942/60 1802/1943/254
f 1805/1941/61 1806/1944/306 1804/1942/60
f 1807/1945/63 1806/1944/306 1805/1941/61
f 1807/1946/63 1808/1947/64 1806/1948/306
f 1807/1946/63 1809/1949/121 1808/1947/64
f 1810/1950/66 1809/1951/121 1807/1945/63
f 1810/1950/66 1811/1952/122 1809/1951/121
f 1812/1953/256 1811/1952/122 1810/1950/66
f 1812/1954/256 1755/1873/101 1811/1955/122
f 1812/1954/256 1754/1872/144 1755/1873/101
f 1813/1956/69 1754/1872/144 1812/1954/256
f 1813/1956/69 1753/1871/9 1754/1872/144
f 1794/1926/50 1753/1957/9 1813/1958/69
f 1794/1926/50 1792/1928/48 1753/1957/9
f 1752/1870/142 1753/1871/9 1792/1959/48
f 1814/1960/70 1794/1926/50 1813/1958/69
f 1814/1960/70 1795/1929/51 1794/1926/50
f 1815/1961/71 1795/1929/51 1814/1960/70
f 1815/1961/71 1797/1931/53 1795/1929/51
f 1815/1961/71 1800/1934/56 1797/1931/53
f 1816/1962/183 1800/1934/56 1815/1961/71
f 1816/1962/183 1802/1943/254 1800/1934/56
f 1816/1962/183 1805/1941/61 1802/1943/254
f 1817/1963/73 1805/1941/61 1816/1962/183
f 1817/1963/73 1807/1945/63 1805/1941/61
f 1817/1963/73 1810/1950/66 1807/1945/63
f 1818/1964/184 1810/1950/66 1817/1963/73
f 1818/1964/184 1812/1953/256 1810/1950/66
f 1818/1964/184 1813/1958/69 1812/1953/256
f 1814/1960/70 1813/1958/69 1818/1964/184
f 1819/1965/75 1814/1960/70 1818/1964/184
f 1819/1965/75 1815/1961/71 1814/1960/70
f 1819/1965/75 1816/1962/183 1815/1961/71
f 1819/1965/75 1817/1963/73 1816/1962/183
f 1819/1965/75 1818/1964/184 1817/1963/73
f 1756/1874/12 1811/1955/122 1755/1873/101
f 1820/1966/185 1811/1955/122 1756/1874/12
f 1820/1967/185 1809/1949/121 1811/1968/122
f 1821/1969/125 1809/1949/121 1820/1967/185
f 1821/1969/125 1808/1947/64 1809/1949/121
f 1808/1947/64 1821/1969/125 1822/1970/290
f 1821/1969/125 1823/1971/79 1822/1970/290
f 1821/1969/125 1824/1972/188 1823/1971/79
f 1824/1972/188 1821/1969/125 1820/1967/185
f 1824/1972/188 1820/1967/185 1757/1973/13
f 1757/1875/13 1820/1966/185 1756/1874/12
f 1761/1974/17 1824/1972/188 1757/1973/13
f 1824/1972/188 1761/1974/17 1762/1975/105
f 1824/1972/188 1762/1975/105 1823/1971/79
f 1823/1971/79 1762/1975/105 1764/1976/20
f 1823/1971/79 1764/1976/20 1825/1977/81
f 1825/1977/81 1764/1976/20 1766/1978/22
f 1766/1978/22 1826/1979/82 1825/1977/81
f 1826/1980/82 1766/1981/22 1767/1891/235
f 1826/1980/82 1767/1891/235 1827/1982/191
f 1827/1982/191 1767/1891/235 1769/1890/249
f 1827/1982/191 1769/1890/249 1828/1983/243
f 1828/1983/243 1769/1890/249 1771/1893/27
f 1771/1893/27 1829/1984/85 1828/1983/243
f 1829/1984/85 1771/1893/27 1772/1894/301
f 1829/1984/85 1772/1894/301 1830/1985/86
f 1830/1986/86 1772/1987/301 1774/1902/108
f 1830/1986/86 1774/1902/108 1789/1920/45
f 1789/1920/45 1774/1902/108 1776/1901/109
f 1831/1988/87 1830/1986/86 1789/1920/45
f 1832/1989/196 1830/1986/86 1831/1988/87
f 1832/1990/196 1829/1984/85 1830/1985/86
f 1829/1984/85 1832/1990/196 1833/1991/89
f 1832/1990/196 1799/1937/55 1833/1991/89
f 1832/1990/196 1798/1992/54 1799/1937/55
f 1798/1993/54 1832/1989/196 1831/1988/87
f 1831/1988/87 1796/1994/52 1798/1993/54
f 1790/1921/46 1796/1994/52 1831/1988/87
f 1790/1921/46 1793/1925/116 1796/1994/52
f 1791/1922/47 1793/1925/116 1790/1921/46
f 1789/1920/45 1790/1921/46 1831/1988/87
f 1833/1991/89 1799/1937/55 1801/1936/269
f 1833/1991/89 1801/1936/269 1834/1995/90
f 1834/1995/90 1801/1936/269 1803/1939/59
f 1803/1939/59 1835/1996/91 1834/1995/90
f 1835/1996/91 1803/1939/59 1804/1940/60
f 1835/1996/91 1804/1940/60 1836/1997/92
f 1836/1998/92 1804/1999/60 1806/1948/306
f 1836/1998/92 1806/1948/306 1822/1970/290
f 1822/1970/290 1806/1948/306 1808/1947/64
f 1825/1977/81 1836/1998/92 1822/1970/290
f 1826/1979/82 1836/1998/92 1825/1977/81
f 1826/1980/82 1835/1996/91 1836/1997/92
f 1835/1996/91 1826/1980/82 1827/1982/191
f 1835/1996/91 1827/1982/191 1834/1995/90
f 1834/1995/90 1827/1982/191 1828/1983/243
f 1828/1983/243 1833/1991/89 1834/1995/90
f 1829/1984/85 1833/1991/89 1828/1983/243
f 1822/1970/290 1823/1971/79 1825/1977/81
f 1757/1875/13 1758/1876/146 1761/2000/17
s 18
f 1837/2001/357 1838/2002/358 1839/2003/359 1840/2004/360
f 1841/2005/361 1842/2006/362 1843/2007/363 1844/2008/364
f 1845/2009/365 1846/2010/366 1842/2006/362 1841/2005/361
f 1847/2011/367 1848/2012/368 1846/2010/366 1845/2009/365
f 1849/2013/369 1850/2014/370 1848/2012/368 1847/2011/367
f 1851/2015/371 1852/2016/372 1850/2017/370 1849/2018/369
f 1853/2019/373 1854/2020/374 1852/2016/372 1851/2015/371
f 1855/2021/375 1856/2022/376 1854/2020/374 1853/2019/373
f 1857/2023/377 1858/2024/378 1856/2022/376 1855/2021/375
f 1859/2025/379 1860/2026/380 1858/2024/378 1857/2023/377
f 1861/2027/381 1862/2028/382 1860/2026/380 1859/2025/379
f 1863/2029/383 1864/2030/384 1862/2031/382 1861/2032/381
f 1865/2033/385 1866/2034/386 1864/2030/384 1863/2029/383
f 1840/2004/360 1839/2003/359 1866/2034/386 1865/2033/385
f 1867/2035/387 1866/2034/386 1839/2003/359 1868/2036/388
f 1869/2037/389 1864/2030/384 1866/2034/386 1867/2035/387
f 1870/2038/390 1862/2031/382 1864/2030/384 1869/2037/389
f 1871/2039/391 1860/2026/380 1862/2028/382 1870/2040/390
f 1872/2041/392 1858/2024/378 1860/2026/380 1871/2039/391
f 1873/2042/393 1856/2022/376 1858/2024/378 1872/2041/392
f 1874/2043/394 1854/2020/374 1856/2022/376 1873/2042/393
f 1875/2044/395 1852/2016/372 1854/2020/374 1874/2043/394
f 1876/2045/396 1850/2017/370 1852/2016/372 1875/2044/395
f 1877/2046/397 1848/2012/368 1850/2014/370 1876/2047/396
f 1878/2048/398 1846/2010/366 1848/2012/368 1877/2046/397
f 1879/2049/399 1842/2006/362 1846/2010/366 1878/2048/398
f 1880/2050/400 1843/2007/363 1842/2006/362 1879/2049/399
f 1881/2051/401 1843/2007/363 1880/2050/400
f 1838/2002/358 1882/2052/402 1883/2053/403
f 1884/2054/404 1885/2055/405 1886/2056/405 1887/2057/404
f 1888/2058/406 1886/2056/405 1885/2055/405 1879/2049/399
f 1889/2059/407 1890/2060/407 1891/2061/408 1868/2036/388
f 1889/2059/407 1892/2062/409 1893/2063/409 1890/2060/407
f 1892/2062/409 1894/2064/410 1895/2065/410 1896/2066/411 1893/2063/409
f 1894/2064/410 1897/2067/412 1898/2068/412 1895/2065/410
f 1897/2067/412 1899/2069/413 1900/2070/413 1898/2068/412
f 1899/2071/413 1901/2072/414 1902/2073/414 1900/2074/413
f 1901/2072/414 1903/2075/415 1904/2076/415 1902/2073/414
f 1903/2075/415 1905/2077/326 1906/2078/326 1904/2076/415
f 1905/2077/326 1907/2079/416 1908/2080/416 1906/2078/326
f 1907/2079/416 1909/2081/417 1910/2082/417 1908/2080/416
f 1909/2081/417 1911/2083/418 1912/2084/418 1910/2082/417
f 1911/2085/418 1913/2086/419 1914/2087/419 1912/2088/418
f 1913/2086/419 1915/2089/420 1916/2090/420 1914/2087/419
f 1915/2089/420 1884/2054/404 1887/2057/404 1917/2091/421 1916/2090/420
f 1867/2035/387 1868/2036/388 1891/2061/408 1918/2092/422
f 1879/2049/399 1878/2048/398 1919/2093/423 1888/2058/406
f 1878/2048/398 1877/2046/397 1920/2094/424 1919/2093/423
f 1877/2046/397 1876/2047/396 1921/2095/425 1920/2094/424
f 1876/2045/396 1875/2044/395 1922/2096/426 1921/2097/425
f 1875/2044/395 1874/2043/394 1923/2098/427 1922/2096/426
f 1874/2043/394 1873/2042/393 1924/2099/309 1923/2098/427
f 1873/2042/393 1872/2041/392 1925/2100/428 1924/2099/309
f 1872/2041/392 1871/2039/391 1926/2101/429 1925/2100/428
f 1871/2039/391 1870/2040/390 1927/2102/430 1926/2101/429
f 1870/2038/390 1869/2037/389 1928/2103/431 1927/2104/430
f 1869/2037/389 1867/2035/387 1918/2092/422 1928/2103/431
f 1868/2036/388 1839/2003/359 1838/2002/358 1883/2053/403
s 19
f 1929/2105/432 1930/2106/433 1838/2107/434 1837/2108/435 1931/2109/436
f 1932/2110/437 1933/2111/438 1930/2106/433 1929/2105/432
f 1934/2112/439 1935/2113/440 1933/2114/438 1932/2115/437
f 1936/2116/441 1937/2117/442 1935/2113/440 1934/2112/439
f 1938/2118/443 1939/2119/444 1937/2117/442 1936/2116/441
f 1940/2120/445 1941/2121/446 1939/2119/444 1938/2118/443
f 1942/2122/447 1943/2123/448 1941/2121/446 1940/2120/445
f 1944/2124/449 1945/2125/450 1943/2123/448 1942/2122/447
f 1946/2126/451 1947/2127/452 1945/2128/450 1944/2129/449
f 1948/2130/453 1949/2131/454 1947/2127/452 1946/2126/451
f 1950/2132/455 1951/2133/456 1949/2131/454 1948/2130/453
f 1952/2134/457 1953/2135/458 1951/2133/456 1950/2132/455
f 1954/2136/459 1955/2137/460 1953/2135/458 1952/2134/457
f 1956/2138/461 1957/2139/462 1955/2137/460 1954/2136/459
f 1958/2140/463 1959/2141/464 1957/2142/462 1956/2143/461
f 1960/2144/465 1961/2145/466 1959/2141/464 1958/2140/463
f 1962/2146/467 1963/2147/468 1961/2145/466 1960/2144/465
f 1964/2148/469 1965/2149/470 1963/2147/468 1962/2146/467
f 1966/2150/471 1967/2151/472 1965/2149/470 1964/2148/469
f 1968/2152/473 1969/2153/474 1967/2151/472 1966/2150/471
f 1970/2154/475 1971/2155/476 1969/2156/474 1968/2157/473
f 1844/2158/477 1843/2159/478 1971/2155/476 1970/2154/475 1972/2160/479
f 1971/2161/476 1843/2162/478 1881/2163/480 1973/2164/481
f 1974/2165/482 1975/2166/483 1973/2164/481 1881/2163/480
f 1975/2166/483 1974/2165/482 1976/2167/484 1977/2168/485
f 1978/2169/486 1979/2170/487 1980/2171/488 1981/2172/489
f 1882/2173/490 1982/2174/491 1979/2170/487 1978/2169/486
f 1982/2174/491 1882/2173/490 1838/2175/434 1930/2176/433
f 1883/2177/75 1882/2173/490 1983/2178/75
f 1882/2173/490 1978/2169/486 1889/2179/75 1983/2178/75
f 1978/2169/486 1984/2180/75 1892/2181/75 1889/2179/75
f 1984/2180/75 1985/2182/75 1894/2183/75 1892/2181/75
f 1985/2182/75 1986/2184/75 1897/2185/75 1894/2183/75
f 1986/2184/75 1987/2186/75 1899/2187/75 1897/2185/75
f 1987/2186/75 1988/2188/75 1901/2189/75 1899/2187/75
f 1988/2188/75 1989/2190/75 1903/2191/75 1901/2189/75
f 1989/2190/75 1990/2192/75 1905/2193/75 1903/2191/75
f 1990/2192/75 1991/2194/75 1907/2195/75 1905/2193/75
f 1991/2194/75 1992/2196/75 1909/2197/75 1907/2195/75
f 1992/2196/75 1993/2198/75 1911/2199/75 1909/2197/75
f 1993/2198/75 1994/2200/75 1913/2201/75 1911/2199/75
f 1994/2200/75 1995/2202/75 1915/2203/75 1913/2201/75
f 1995/2202/75 1996/2204/75 1884/2205/75 1915/2203/75
f 1885/2206/75 1884/2205/75 1996/2204/75 1974/2165/482
f 1889/2179/75 1868/2207/75 1883/2177/75 1983/2178/75
f 1879/2208/75 1885/2206/75 1997/2209/75 1880/2210/75
f 1997/2209/75 1885/2206/75 1974/2165/482 1881/2163/480
f 1880/2210/75 1997/2209/75 1881/2163/480
f 1998/2211/492 1982/2174/491 1930/2176/433 1933/2212/438
f 1999/2213/493 1979/2170/487 1982/2174/491 1998/2211/492
f 1979/2170/487 1999/2213/493 2000/2214/494 1980/2171/488
f 1999/2213/493 2001/2215/495 2002/2216/496 2000/2214/494
f 2001/2215/495 1999/2213/493 1998/2211/492 2003/2217/497
f 2003/2217/497 1998/2211/492 1933/2212/438 1935/2218/440
f 2004/2219/498 2003/2217/497 1935/2218/440 1937/2220/442
f 2005/2221/499 2001/2215/495 2003/2217/497 2004/2219/498
f 2001/2215/495 2005/2221/499 2006/2222/500 2002/2216/496
f 2005/2221/499 2007/2223/501 2008/2224/502 2006/2222/500
f 2007/2223/501 2005/2221/499 2004/2219/498 2009/2225/503
f 2009/2225/503 2004/2219/498 1937/2220/442 1939/2226/444
f 2010/2227/504 2009/2225/503 1939/2226/444 1941/2228/446
f 2011/2229/505 2007/2223/501 2009/2225/503 2010/2227/504
f 2007/2223/501 2011/2229/505 2012/2230/506 2008/2224/502
f 2011/2229/505 2013/2231/507 2014/2232/508 2012/2230/506
f 2013/2231/507 2011/2229/505 2010/2227/504 2015/2233/509
f 2015/2233/509 2010/2227/504 1941/2228/446 1943/2234/448
f 2016/2235/510 2015/2233/509 1943/2234/448 1945/2236/450
f 2017/2237/511 2013/2231/507 2015/2233/509 2016/2235/510
f 2013/2231/507 2017/2237/511 2018/2238/512 2014/2232/508
f 2017/2237/511 2019/2239/513 2020/2240/514 2018/2238/512
f 2019/2239/513 2017/2237/511 2016/2235/510 2021/2241/515
f 2021/2241/515 2016/2235/510 1945/2236/450 1947/2242/452
f 2022/2243/516 2021/2241/515 1947/2242/452 1949/2244/454
f 2023/2245/517 2019/2239/513 2021/2241/515 2022/2243/516
f 2019/2239/513 2023/2245/517 2024/2246/518 2020/2240/514
f 2023/2245/517 2025/2247/519 2026/2248/520 2024/2246/518
f 2025/2247/519 2023/2245/517 2022/2243/516 2027/2249/521
f 2027/2249/521 2022/2243/516 1949/2244/454 1951/2250/456
f 2028/2251/522 2027/2249/521 1951/2250/456 1953/2252/458
f 2029/2253/523 2025/2247/519 2027/2249/521 2028/2251/522
f 2025/2247/519 2029/2253/523 2030/2254/524 2026/2248/520
f 2029/2253/523 2031/2255/525 2032/2256/526 2030/2254/524
f 2031/2255/525 2029/2253/523 2028/2251/522 2033/2257/527
f 2033/2257/527 2028/2251/522 1953/2252/458 1955/2258/460
f 2034/2259/528 2033/2257/527 1955/2258/460 1957/2260/462
f 2035/2261/529 2031/2255/525 2033/2257/527 2034/2259/528
f 2031/2255/525 2035/2261/529 2036/2262/530 2032/2256/526
f 2035/2261/529 2037/2263/531 2038/2264/532 2036/2262/530
f 2037/2263/531 2035/2261/529 2034/2259/528 2039/2265/533
f 2039/2265/533 2034/2259/528 1957/2260/462 1959/2266/464
f 2040/2267/534 2039/2265/533 1959/2266/464 1961/2268/466
f 2041/2269/535 2037/2263/531 2039/2265/533 2040/2267/534
f 2037/2263/531 2041/2269/535 2042/2270/536 2038/2264/532
f 2041/2269/535 2043/2271/537 2044/2272/538 2042/2270/536
f 2043/2271/537 2041/2269/535 2040/2267/534 2045/2273/539
f 2045/2273/539 2040/2267/534 1961/2268/466 1963/2274/468
f 2046/2275/540 2045/2273/539 1963/2274/468 1965/2276/470
f 2047/2277/541 2043/2271/537 2045/2273/539 2046/2275/540
f 2043/2271/537 2047/2277/541 2048/2278/542 2044/2272/538
f 2047/2277/541 2049/2279/543 2050/2280/544 2048/2278/542
f 2049/2279/543 2047/2277/541 2046/2275/540 2051/2281/545
f 2051/2281/545 2046/2275/540 1965/2276/470 1967/2282/472
f 2052/2283/546 2051/2281/545 1967/2282/472 1969/2284/474
f 2053/2285/547 2049/2279/543 2051/2281/545 2052/2283/546
f 2049/2279/543 2053/2285/547 2054/2286/548 2050/2280/544
f 2053/2285/547 1975/2166/483 1977/2168/485 2054/2286/548
f 1975/2166/483 2053/2285/547 2052/2283/546 1973/2164/481
f 1973/2164/481 2052/2283/546 1969/2284/474 1971/2161/476
f 2055/2287/549 2054/2288/548 1977/2289/485 2056/2290/485
f 2057/2291/544 2050/2292/544 2054/2293/548 2055/2294/549
f 2058/2295/550 2048/2296/542 2050/2292/544 2057/2291/544
f 2059/2297/538 2044/2298/538 2048/2296/542 2058/2295/550
f 2060/2299/536 2042/2300/536 2044/2298/538 2059/2297/538
f 2061/2301/532 2038/2302/532 2042/2300/536 2060/2299/536
f 2062/2303/551 2036/2304/530 2038/2302/532 2061/2301/532
f 2063/2305/526 2032/2306/526 2036/2307/530 2062/2308/551
f 2064/2309/524 2030/2310/524 2032/2306/526 2063/2305/526
f 2065/2311/520 2026/2312/520 2030/2310/524 2064/2309/524
f 2066/2313/518 2024/2314/518 2026/2312/520 2065/2311/520
f 2067/2315/552 2020/2316/514 2024/2314/518 2066/2313/518
f 2068/2317/553 2018/2318/512 2020/2316/514 2067/2315/552
f 2069/2319/508 2014/2320/508 2018/2321/512 2068/2322/553
f 2070/2323/506 2012/2324/506 2014/2320/508 2069/2319/508
f 2071/2325/502 2008/2326/502 2012/2324/506 2070/2323/506
f 2072/2327/500 2006/2328/500 2008/2326/502 2071/2325/502
f 2073/2329/496 2002/2330/496 2006/2328/500 2072/2327/500
f 2074/2331/554 2000/2332/494 2002/2330/496 2073/2329/496
f 2075/2333/488 1980/2334/488 2000/2335/494 2074/2336/554
f 2076/2337/555 1981/2338/489 1980/2334/488 2075/2333/488
f 2077/2339/556 2078/2340/557 2079/2341/558 2080/2342/556
f 2078/2340/557 2077/2339/556 2076/2343/555 2075/2344/488
f 2081/2345/493 2078/2340/557 2075/2344/488 2074/2346/554
f 2082/2347/493 2079/2341/558 2078/2340/557 2081/2345/493
f 2079/2341/558 2082/2347/493 2083/2348/554 2084/2349/488
f 2082/2347/493 2085/2350/559 2086/2351/496 2083/2348/554
f 2085/2350/559 2082/2347/493 2081/2345/493 2087/2352/560
f 2087/2352/560 2081/2345/493 2074/2346/554 2073/2353/496
f 2088/2354/499 2087/2352/560 2073/2353/496 2072/2355/500
f 2089/2356/499 2085/2350/559 2087/2352/560 2088/2354/499
f 2085/2350/559 2089/2356/499 2090/2357/500 2086/2351/496
f 2089/2356/499 2091/2358/501 2092/2359/502 2090/2357/500
f 2091/2358/501 2089/2356/499 2088/2354/499 2093/2360/501
f 2093/2360/501 2088/2354/499 2072/2355/500 2071/2361/502
f 2094/2362/505 2093/2360/501 2071/2361/502 2070/2363/506
f 2095/2364/505 2091/2358/501 2093/2360/501 2094/2362/505
f 2091/2358/501 2095/2364/505 2096/2365/506 2092/2359/502
f 2095/2364/505 2097/2366/561 2098/2367/562 2096/2365/506
f 2097/2366/561 2095/2364/505 2094/2362/505 2099/2368/563
f 2099/2368/563 2094/2362/505 2070/2363/506 2069/2369/508
f 2100/2370/511 2099/2368/563 2069/2369/508 2068/2371/553
f 2101/2372/511 2097/2366/561 2099/2368/563 2100/2370/511
f 2097/2366/561 2101/2372/511 2102/2373/512 2098/2367/562
f 2101/2372/511 2103/2374/564 2104/2375/552 2102/2373/512
f 2103/2374/564 2101/2372/511 2100/2370/511 2105/2376/565
f 2105/2376/565 2100/2370/511 2068/2371/553 2067/2377/552
f 2106/2378/566 2105/2376/565 2067/2377/552 2066/2379/518
f 2107/2380/517 2103/2374/564 2105/2376/565 2106/2378/566
f 2103/2374/564 2107/2380/517 2108/2381/518 2104/2375/552
f 2107/2380/517 2109/2382/519 2110/2383/520 2108/2381/518
f 2109/2382/519 2107/2380/517 2106/2378/566 2111/2384/519
f 2111/2384/519 2106/2378/566 2066/2379/518 2065/2385/520
f 2112/2386/567 2111/2384/519 2065/2385/520 2064/2387/524
f 2113/2388/568 2109/2382/519 2111/2384/519 2112/2386/567
f 2109/2382/519 2113/2388/568 2114/2389/524 2110/2383/520
f 2113/2388/568 2115/2390/525 2116/2391/569 2114/2389/524
f 2115/2390/525 2113/2388/568 2112/2386/567 2117/2392/570
f 2117/2392/570 2112/2386/567 2064/2387/524 2063/2393/526
f 2118/2394/529 2117/2392/570 2063/2393/526 2062/2395/551
f 2119/2396/529 2115/2390/525 2117/2392/570 2118/2394/529
f 2115/2390/525 2119/2396/529 2120/2397/530 2116/2391/569
f 2119/2396/529 2121/2398/571 2122/2399/532 2120/2397/530
f 2121/2398/571 2119/2396/529 2118/2394/529 2123/2400/572
f 2123/2400/572 2118/2394/529 2062/2395/551 2061/2401/532
f 2124/2402/535 2123/2400/572 2061/2401/532 2060/2403/536
f 2125/2404/573 2121/2398/571 2123/2400/572 2124/2402/535
f 2121/2398/571 2125/2404/573 2126/2405/536 2122/2399/532
f 2125/2404/573 2127/2406/537 2128/2407/538 2126/2405/536
f 2127/2406/537 2125/2404/573 2124/2402/535 2129/2408/537
f 2129/2408/537 2124/2402/535 2060/2403/536 2059/2409/538
f 2130/2410/541 2129/2408/537 2059/2409/538 2058/2411/550
f 2131/2412/541 2127/2406/537 2129/2408/537 2130/2410/541
f 2127/2406/537 2131/2412/541 2132/2413/550 2128/2407/538
f 2131/2412/541 2133/2414/574 2134/2415/575 2132/2413/550
f 2133/2414/574 2131/2412/541 2130/2410/541 2135/2416/576
f 2135/2416/576 2130/2410/541 2058/2411/550 2057/2417/544
f 2136/2418/547 2135/2416/576 2057/2417/544 2055/2419/549
f 2137/2420/547 2133/2414/574 2135/2416/576 2136/2418/547
f 2133/2414/574 2137/2420/547 2138/2421/548 2134/2415/575
f 2137/2420/547 2139/2422/483 2140/2423/485 2138/2421/548
f 2139/2422/483 2137/2420/547 2136/2418/547 2141/2424/577
f 2141/2424/577 2136/2418/547 2055/2419/549 2056/2425/485
f 2142/2426/578 2141/2424/577 2056/2425/485 2143/2427/579
f 2144/2428/578 2139/2422/483 2141/2424/577 2142/2426/578
f 2139/2422/483 2144/2428/578 2145/2429/484 2140/2423/485
f 2080/2342/556 2079/2341/558 2084/2349/488 2146/2430/555
f 2147/2431/310 2146/2432/555 2084/2433/488 2148/2434/426
f 2149/2435/429 2140/2436/485 2145/2437/484 2150/2438/580
f 2151/2439/430 2138/2440/548 2140/2436/485 2149/2435/429
f 2152/2441/431 2134/2442/575 2138/2443/548 2151/2444/430
f 2153/2445/581 2132/2446/550 2134/2442/575 2152/2441/431
f 2154/2447/582 2128/2448/538 2132/2446/550 2153/2445/581
f 2155/2449/410 2126/2450/536 2128/2448/538 2154/2447/582
f 2156/2451/412 2122/2452/532 2126/2450/536 2155/2449/410
f 2157/2453/413 2120/2454/530 2122/2452/532 2156/2451/412
f 2158/2455/414 2116/2456/569 2120/2457/530 2157/2458/413
f 2159/2459/415 2114/2460/524 2116/2456/569 2158/2455/414
f 2160/2461/326 2110/2462/520 2114/2460/524 2159/2459/415
f 2161/2463/416 2108/2464/518 2110/2462/520 2160/2461/326
f 2162/2465/417 2104/2466/552 2108/2464/518 2161/2463/416
f 2163/2467/418 2102/2468/512 2104/2466/552 2162/2465/417
f 2164/2469/419 2098/2470/562 2102/2471/512 2163/2472/418
f 2165/2473/420 2096/2474/506 2098/2470/562 2164/2469/419
f 2166/2475/317 2092/2476/502 2096/2474/506 2165/2473/420
f 2167/2477/583 2090/2478/500 2092/2476/502 2166/2475/317
f 2168/2479/424 2086/2480/496 2090/2478/500 2167/2477/583
f 2169/2481/425 2083/2482/554 2086/2480/496 2168/2479/424
f 2148/2434/426 2084/2433/488 2083/2483/554 2169/2484/425
f 2056/2290/485 1977/2289/485 1976/2485/484 2143/2486/579
f 2170/2487/584 2171/2488/585 1844/2158/477 1972/2160/479
f 1931/2109/436 1837/2108/435 2171/2488/585 2170/2487/584
f 1931/2109/436 2170/2487/584 2172/2489/586 2173/2490/587
f 2170/2487/584 1972/2160/479 2174/2491/588 2172/2489/586
f 1972/2160/479 1970/2154/475 2175/2492/589 2174/2491/588
f 1970/2154/475 1968/2157/473 2176/2493/590 2175/2492/589
f 1968/2152/473 1966/2150/471 2177/2494/591 2176/2495/590
f 1966/2150/471 1964/2148/469 2178/2496/592 2177/2494/591
f 1964/2148/469 1962/2146/467 2179/2497/593 2178/2496/592
f 1962/2146/467 1960/2144/465 2180/2498/594 2179/2497/593
f 1960/2144/465 1958/2140/463 2181/2499/595 2180/2498/594
f 1958/2140/463 1956/2143/461 2182/2500/596 2181/2499/595
f 1956/2138/461 1954/2136/459 2183/2501/597 2182/2502/596
f 1954/2136/459 1952/2134/457 2184/2503/598 2183/2501/597
f 1952/2134/457 1950/2132/455 2185/2504/599 2184/2503/598
f 1950/2132/455 1948/2130/453 2186/2505/600 2185/2504/599
f 1948/2130/453 1946/2126/451 2187/2506/601 2186/2505/600
f 1946/2126/451 1944/2129/449 2188/2507/602 2187/2506/601
f 1944/2124/449 1942/2122/447 2189/2508/603 2188/2509/602
f 1942/2122/447 1940/2120/445 2190/2510/604 2189/2508/603
f 1940/2120/445 1938/2118/443 2191/2511/605 2190/2510/604
f 1938/2118/443 1936/2116/441 2192/2512/606 2191/2511/605
f 1936/2116/441 1934/2112/439 2193/2513/607 2192/2512/606
f 1934/2112/439 1932/2115/437 2194/2514/608 2193/2513/607
f 1932/2110/437 1929/2105/432 2195/2515/609 2194/2516/608
f 1929/2105/432 1931/2109/436 2173/2490/587 2195/2515/609
s 20
f 1996/2517/610 2196/2518/610 1976/2519/410 1974/2520/410
f 1995/2521/581 2197/2522/581 2196/2518/610 1996/2517/610
f 1994/2523/431 2198/2524/431 2197/2522/581 1995/2521/581
f 1993/2525/430 2199/2526/430 2198/2524/431 1994/2523/431
f 1992/2527/429 2200/2528/429 2199/2529/430 1993/2530/430
f 1991/2531/428 2201/2532/428 2200/2528/429 1992/2527/429
f 1990/2533/309 2202/2534/309 2201/2532/428 1991/2531/428
f 1989/2535/427 2203/2536/427 2202/2534/309 1990/2533/309
f 1988/2537/426 2204/2538/426 2203/2536/427 1989/2535/427
f 1987/2539/425 2205/2540/425 2204/2538/426 1988/2537/426
f 1986/2541/424 2206/2542/424 2205/2543/425 1987/2544/425
f 1985/2545/583 2207/2546/583 2206/2542/424 1986/2541/424
f 1984/2547/611 2208/2548/611 2207/2546/583 1985/2545/583
f 1978/2549/420 1981/2550/420 2208/2548/611 1984/2547/611
f 1981/2550/420 2076/2551/420 2209/2552/612 2208/2548/611
f 2077/2553/613 2080/2554/420 2209/2552/612 2076/2551/420
f 2145/2555/614 2144/2556/410 2210/2557/615
f 2143/2558/410 2210/2557/615 2144/2556/410 2142/2559/616
f 2196/2518/610 2210/2557/615 2143/2558/410 1976/2519/410
f 2197/2522/581 2211/2560/581 2210/2557/615 2196/2518/610
f 2198/2524/431 2212/2561/431 2211/2560/581 2197/2522/581
f 2199/2526/430 2213/2562/430 2212/2561/431 2198/2524/431
f 2200/2528/429 2214/2563/429 2213/2564/430 2199/2529/430
f 2201/2532/428 2215/2565/428 2214/2563/429 2200/2528/429
f 2202/2534/309 2216/2566/309 2215/2565/428 2201/2532/428
f 2203/2536/427 2217/2567/427 2216/2566/309 2202/2534/309
f 2204/2538/426 2218/2568/426 2217/2567/427 2203/2536/427
f 2205/2540/425 2219/2569/425 2218/2568/426 2204/2538/426
f 2206/2542/424 2220/2570/424 2219/2571/425 2205/2543/425
f 2207/2546/583 2221/2572/583 2220/2570/424 2206/2542/424
f 2208/2548/611 2209/2552/612 2221/2572/583 2207/2546/583
f 2209/2552/612 2146/2573/617 2222/2574/583 2221/2572/583
f 2146/2573/617 2209/2552/612 2080/2554/420
f 2223/2575/583 2222/2574/583 2146/2573/617 2147/2576/618
f 2224/2577/424 2225/2578/424 2222/2574/583 2223/2575/583
f 2226/2579/425 2227/2580/425 2225/2578/424 2224/2577/424
f 2228/2581/426 2229/2582/426 2227/2583/425 2226/2584/425
f 2230/2585/427 2231/2586/427 2229/2582/426 2228/2581/426
f 2232/2587/309 2233/2588/309 2231/2586/427 2230/2585/427
f 2234/2589/428 2235/2590/428 2233/2588/309 2232/2587/309
f 2236/2591/429 2237/2592/429 2235/2590/428 2234/2589/428
f 2238/2593/430 2239/2594/430 2237/2592/429 2236/2591/429
f 2240/2595/431 2241/2596/431 2239/2597/430 2238/2598/430
f 2242/2599/581 2243/2600/581 2241/2596/431 2240/2595/431
f 2150/2601/619 2145/2555/614 2243/2600/581 2242/2599/581
f 2211/2560/581 2243/2600/581 2145/2555/614 2210/2557/615
f 2212/2561/431 2241/2596/431 2243/2600/581 2211/2560/581
f 2213/2562/430 2239/2597/430 2241/2596/431 2212/2561/431
f 2214/2563/429 2237/2592/429 2239/2594/430 2213/2564/430
f 2215/2565/428 2235/2590/428 2237/2592/429 2214/2563/429
f 2216/2566/309 2233/2588/309 2235/2590/428 2215/2565/428
f 2217/2567/427 2231/2586/427 2233/2588/309 2216/2566/309
f 2218/2568/426 2229/2582/426 2231/2586/427 2217/2567/427
f 2219/2569/425 2227/2583/425 2229/2582/426 2218/2568/426
f 2220/2570/424 2225/2578/424 2227/2580/425 2219/2571/425
f 2221/2572/583 2222/2574/583 2225/2578/424 2220/2570/424
s 21
f 1891/2602/75 1890/2603/75 1886/2604/75 1888/2605/75
f 1896/2606/75 1895/2607/75 1916/2608/75 1917/2609/75 1887/2610/75 1893/2611/75
f 1895/2607/75 1898/2612/75 1914/2613/75 1916/2608/75
f 1898/2612/75 1900/2614/75 1912/2615/75 1914/2613/75
f 1900/2614/75 1902/2616/75 1910/2617/75 1912/2615/75
f 1902/2616/75 1904/2618/75 1908/2619/75 1910/2617/75
f 1906/2620/75 1908/2619/75 1904/2618/75
f 1890/2603/75 1893/2611/75 1887/2610/75 1886/2604/75
f 1888/2605/75 1919/2621/75 1918/2622/75 1891/2602/75
f 1928/2623/75 1918/2622/75 1919/2621/75 1920/2624/75
f 1927/2625/75 1928/2623/75 1920/2624/75 1921/2626/75
f 1926/2627/75 1927/2625/75 1921/2626/75 1922/2628/75
f 1925/2629/75 1926/2627/75 1922/2628/75 1923/2630/75
f 1924/2631/75 1925/2629/75 1923/2630/75
s 22
f 2169/2632/42 2244/2633/42 2148/2634/42
f 2168/2635/42 2244/2633/42 2169/2632/42
f 2167/2636/42 2244/2633/42 2168/2635/42
f 2166/2637/42 2244/2633/42 2167/2636/42
f 2166/2637/42 2165/2638/42 2244/2633/42
f 2164/2639/42 2244/2633/42 2165/2638/42
f 2163/2640/42 2244/2633/42 2164/2639/42
f 2162/2641/42 2244/2633/42 2163/2640/42
f 2161/2642/42 2244/2633/42 2162/2641/42
f 2160/2643/42 2244/2633/42 2161/2642/42
f 2160/2643/42 2159/2644/42 2244/2633/42
f 2159/2644/42 2158/2645/42 2244/2633/42
f 2158/2645/42 2157/2646/42 2244/2633/42
f 2157/2646/42 2156/2647/42 2244/2633/42
f 2156/2647/42 2155/2648/42 2244/2633/42
f 2154/2649/42 2244/2633/42 2155/2648/42
f 2154/2649/42 2153/2650/42 2244/2633/42
f 2153/2650/42 2152/2651/42 2244/2633/42
f 2151/2652/42 2244/2633/42 2152/2651/42
f 2149/2653/42 2244/2633/42 2151/2652/42
f 2150/2654/42 2244/2633/42 2149/2653/42
f 2147/2655/42 2244/2633/42 2150/2654/42
f 2148/2634/42 2244/2633/42 2147/2655/42
f 2150/2654/42 2242/2656/42 2223/2657/42 2147/2655/42
f 2242/2656/42 2240/2658/42 2224/2659/42 2223/2657/42
f 2240/2658/42 2238/2660/42 2226/2661/42 2224/2659/42
f 2238/2660/42 2236/2662/42 2228/2663/42 2226/2661/42
f 2236/2662/42 2234/2664/42 2230/2665/42 2228/2663/42
f 2232/2666/42 2230/2665/42 2234/2664/42
s 23
f 1840/2667/620 1865/2668/42 1845/2669/42 1841/2670/621
f 1865/2668/42 1863/2671/42 1847/2672/42 1845/2669/42
f 1863/2671/42 1861/2673/42 1849/2674/42 1847/2672/42
f 1861/2673/42 1859/2675/42 1851/2676/42 1849/2674/42
f 1859/2675/42 1857/2677/42 1853/2678/42 1851/2676/42
f 1855/2679/42 1853/2678/42 1857/2677/42
f 1841/2670/621 2171/2680/622 1840/2667/620
f 2171/2680/622 1841/2670/621 1844/2681/623
f 1840/2667/620 2171/2680/622 1837/2682/624
s 24
f 2195/2683/75 2173/2684/75 2245/2685/75 2246/2686/75
f 2173/2684/75 2172/2687/75 2247/2688/75 2245/2685/75
f 2172/2687/75 2174/2689/75 2248/2690/75 2247/2688/75
f 2174/2689/75 2175/2691/75 2249/2692/75 2248/2690/75
f 2175/2691/75 2176/2693/75 2250/2694/75 2249/2692/75
f 2176/2693/75 2177/2695/75 2251/2696/75 2250/2694/75
f 2177/2695/75 2178/2697/75 2252/2698/75 2251/2696/75
f 2178/2697/75 2179/2699/75 2253/2700/75 2252/2698/75
f 2179/2699/75 2180/2701/75 2254/2702/75 2253/2700/75
f 2180/2701/75 2181/2703/75 2255/2704/75 2254/2702/75
f 2181/2703/75 2182/2705/75 2256/2706/75 2255/2704/75
f 2182/2705/75 2183/2707/75 2257/2708/75 2256/2706/75
f 2183/2707/75 2184/2709/75 2258/2710/75 2257/2708/75
f 2184/2709/75 2185/2711/75 2259/2712/75 2258/2710/75
f 2185/2711/75 2186/2713/75 2260/2714/75 2259/2712/75
f 2186/2713/75 2187/2715/75 2261/2716/75 2260/2714/75
f 2187/2715/75 2188/2717/75 2262/2718/75 2261/2716/75
f 2188/2717/75 2189/2719/75 2263/2720/75 2262/2718/75
f 2189/2719/75 2190/2721/75 2264/2722/75 2263/2720/75
f 2190/2721/75 2191/2723/75 2265/2724/75 2264/2722/75
f 2191/2723/75 2192/2725/75 2266/2726/75 2265/2724/75
f 2192/2725/75 2193/2727/75 2267/2728/75 2266/2726/75
f 2268/2729/75 2267/2728/75 2193/2727/75 2194/2730/75
f 2194/2730/75 2195/2683/75 2246/2686/75 2268/2729/75
s 25
f 2269/2731/1 2270/2732/138 2271/2733/139
f 2270/2732/138 2269/2731/1 2272/2734/140
f 2269/2731/1 2273/2735/141 2272/2734/140
f 2269/2731/1 2274/2736/96 2273/2735/141
f 2274/2736/96 2269/2731/1 2275/2737/7
f 2269/2731/1 2271/2733/139 2275/2737/7
f 2275/2737/7 2271/2733/139 2276/2738/142
f 2271/2733/139 2277/2739/9 2276/2738/142
f 2271/2733/139 2278/2740/144 2277/2739/9
f 2270/2732/138 2278/2740/144 2271/2733/139
f 2270/2732/138 2279/2741/101 2278/2740/144
f 2279/2741/101 2270/2732/138 2280/2742/12
f 2270/2732/138 2272/2734/140 2280/2742/12
f 2280/2742/12 2272/2734/140 2281/2743/13
f 2272/2734/140 2282/2744/259 2281/2743/13
f 2272/2734/140 2273/2735/141 2282/2744/259
f 2283/2745/15 2282/2744/259 2273/2735/141
f 2284/2746/16 2282/2747/259 2283/2748/15
f 2284/2746/16 2285/2749/17 2282/2747/259
f 2284/2746/16 2286/2750/105 2285/2749/17
f 2287/2751/19 2286/2750/105 2284/2746/16
f 2287/2751/19 2288/2752/20 2286/2750/105
f 2289/2753/21 2288/2752/20 2287/2751/19
f 2289/2753/21 2290/2754/22 2288/2752/20
f 2289/2753/21 2291/2755/154 2290/2754/22
f 2292/2756/24 2291/2755/154 2289/2753/21
f 2292/2757/24 2293/2758/625 2291/2759/154
f 2294/2760/26 2293/2758/625 2292/2757/24
f 2294/2760/26 2295/2761/206 2293/2758/625
f 2294/2760/26 2296/2762/28 2295/2761/206
f 2297/2763/29 2296/2764/28 2294/2765/26
f 2297/2763/29 2298/2766/108 2296/2764/28
f 2299/2767/31 2298/2766/108 2297/2763/29
f 2299/2768/31 2300/2769/109 2298/2770/108
f 2299/2768/31 2301/2771/110 2300/2769/109
f 2302/2772/34 2301/2773/110 2299/2767/31
f 2302/2772/34 2303/2774/164 2301/2773/110
f 2304/2775/111 2303/2774/164 2302/2772/34
f 2304/2776/111 2274/2736/96 2303/2777/164
f 2304/2776/111 2273/2735/141 2274/2736/96
f 2283/2745/15 2273/2735/141 2304/2776/111
f 2305/2778/37 2283/2748/15 2304/2775/111
f 2306/2779/112 2283/2748/15 2305/2778/37
f 2306/2779/112 2284/2746/16 2283/2748/15
f 2306/2779/112 2287/2751/19 2284/2746/16
f 2307/2780/113 2287/2751/19 2306/2779/112
f 2307/2780/113 2289/2753/21 2287/2751/19
f 2307/2780/113 2292/2756/24 2289/2753/21
f 2308/2781/40 2292/2756/24 2307/2780/113
f 2308/2781/40 2294/2765/26 2292/2756/24
f 2308/2781/40 2297/2763/29 2294/2765/26
f 2309/2782/41 2297/2763/29 2308/2781/40
f 2309/2782/41 2299/2767/31 2297/2763/29
f 2309/2782/41 2302/2772/34 2299/2767/31
f 2305/2778/37 2302/2772/34 2309/2782/41
f 2305/2778/37 2304/2775/111 2302/2772/34
f 2310/2783/42 2305/2778/37 2309/2782/41
f 2310/2783/42 2306/2779/112 2305/2778/37
f 2310/2783/42 2307/2780/113 2306/2779/112
f 2310/2783/42 2308/2781/40 2307/2780/113
f 2310/2783/42 2309/2782/41 2308/2781/40
f 2275/2737/7 2303/2777/164 2274/2736/96
f 2311/2784/114 2303/2777/164 2275/2737/7
f 2311/2785/114 2301/2771/110 2303/2786/164
f 2312/2787/44 2301/2771/110 2311/2785/114
f 2312/2787/44 2300/2769/109 2301/2771/110
f 2300/2769/109 2312/2787/44 2313/2788/45
f 2312/2787/44 2314/2789/46 2313/2788/45
f 2312/2787/44 2315/2790/214 2314/2789/46
f 2315/2790/214 2312/2787/44 2311/2785/114
f 2315/2790/214 2311/2785/114 2276/2791/142
f 2276/2738/142 2311/2784/114 2275/2737/7
f 2316/2792/115 2315/2790/214 2276/2791/142
f 2315/2790/214 2316/2792/115 2317/2793/49
f 2318/2794/50 2317/2795/49 2316/2796/115
f 2319/2797/51 2317/2795/49 2318/2794/50
f 2319/2797/51 2320/2798/283 2317/2795/49
f 2321/2799/53 2320/2798/283 2319/2797/51
f 2321/2799/53 2322/2800/118 2320/2798/283
f 2321/2799/53 2323/2801/216 2322/2800/118
f 2324/2802/56 2323/2801/216 2321/2799/53
f 2324/2803/56 2325/2804/626 2323/2805/216
f 2326/2806/58 2325/2804/626 2324/2803/56
f 2326/2806/58 2327/2807/177 2325/2804/626
f 2326/2806/58 2328/2808/296 2327/2807/177
f 2329/2809/61 2328/2810/296 2326/2811/58
f 2329/2809/61 2330/2812/627 2328/2810/296
f 2331/2813/63 2330/2812/627 2329/2809/61
f 2331/2814/63 2332/2815/219 2330/2816/627
f 2331/2814/63 2333/2817/121 2332/2815/219
f 2334/2818/66 2333/2819/121 2331/2813/63
f 2334/2818/66 2335/2820/628 2333/2819/121
f 2336/2821/68 2335/2820/628 2334/2818/66
f 2336/2822/68 2279/2741/101 2335/2823/628
f 2336/2822/68 2278/2740/144 2279/2741/101
f 2337/2824/222 2278/2740/144 2336/2822/68
f 2337/2824/222 2277/2739/9 2278/2740/144
f 2318/2794/50 2277/2825/9 2337/2826/222
f 2318/2794/50 2316/2796/115 2277/2825/9
f 2276/2738/142 2277/2739/9 2316/2827/115
f 2338/2828/70 2318/2794/50 2337/2826/222
f 2338/2828/70 2319/2797/51 2318/2794/50
f 2339/2829/71 2319/2797/51 2338/2828/70
f 2339/2829/71 2321/2799/53 2319/2797/51
f 2339/2829/71 2324/2802/56 2321/2799/53
f 2340/2830/183 2324/2802/56 2339/2829/71
f 2340/2830/183 2326/2811/58 2324/2802/56
f 2340/2830/183 2329/2809/61 2326/2811/58
f 2341/2831/73 2329/2809/61 2340/2830/183
f 2341/2831/73 2331/2813/63 2329/2809/61
f 2341/2831/73 2334/2818/66 2331/2813/63
f 2342/2832/74 2334/2818/66 2341/2831/73
f 2342/2832/74 2336/2821/68 2334/2818/66
f 2342/2832/74 2337/2826/222 2336/2821/68
f 2338/2828/70 2337/2826/222 2342/2832/74
f 2343/2833/75 2338/2828/70 2342/2832/74
f 2343/2833/75 2339/2829/71 2338/2828/70
f 2343/2833/75 2340/2830/183 2339/2829/71
f 2343/2833/75 2341/2831/73 2340/2830/183
f 2343/2833/75 2342/2832/74 2341/2831/73
f 2280/2742/12 2335/2823/628 2279/2741/101
f 2344/2834/185 2335/2823/628 2280/2742/12
f 2344/2835/185 2333/2817/121 2335/2836/628
f 2345/2837/341 2333/2817/121 2344/2835/185
f 2345/2837/341 2332/2815/219 2333/2817/121
f 2332/2815/219 2345/2837/341 2346/2838/187
f 2345/2837/341 2347/2839/79 2346/2838/187
f 2345/2837/341 2348/2840/629 2347/2839/79
f 2348/2840/629 2345/2837/341 2344/2835/185
f 2348/2840/629 2344/2835/185 2281/2841/13
f 2281/2743/13 2344/2834/185 2280/2742/12
f 2285/2842/17 2348/2840/629 2281/2841/13
f 2348/2840/629 2285/2842/17 2286/2843/105
f 2348/2840/629 2286/2843/105 2347/2839/79
f 2347/2839/79 2286/2843/105 2288/2844/20
f 2347/2839/79 2288/2844/20 2349/2845/81
f 2349/2845/81 2288/2844/20 2290/2846/22
f 2290/2846/22 2350/2847/190 2349/2845/81
f 2350/2848/190 2290/2849/22 2291/2759/154
f 2350/2848/190 2291/2759/154 2351/2850/191
f 2351/2850/191 2291/2759/154 2293/2758/625
f 2351/2850/191 2293/2758/625 2352/2851/84
f 2352/2851/84 2293/2758/625 2295/2761/206
f 2295/2761/206 2353/2852/244 2352/2851/84
f 2353/2852/244 2295/2761/206 2296/2762/28
f 2353/2852/244 2296/2762/28 2354/2853/194
f 2354/2854/194 2296/2855/28 2298/2770/108
f 2354/2854/194 2298/2770/108 2313/2788/45
f 2313/2788/45 2298/2770/108 2300/2769/109
f 2355/2856/195 2354/2854/194 2313/2788/45
f 2356/2857/196 2354/2854/194 2355/2856/195
f 2356/2858/196 2353/2852/244 2354/2853/194
f 2353/2852/244 2356/2858/196 2357/2859/630
f 2356/2858/196 2323/2805/216 2357/2859/630
f 2356/2858/196 2322/2860/118 2323/2805/216
f 2322/2861/118 2356/2857/196 2355/2856/195
f 2355/2856/195 2320/2862/283 2322/2861/118
f 2314/2789/46 2320/2862/283 2355/2856/195
f 2314/2789/46 2317/2793/49 2320/2862/283
f 2315/2790/214 2317/2793/49 2314/2789/46
f 2313/2788/45 2314/2789/46 2355/2856/195
f 2357/2859/630 2323/2805/216 2325/2804/626
f 2357/2859/630 2325/2804/626 2358/2863/342
f 2358/2863/342 2325/2804/626 2327/2807/177
f 2327/2807/177 2359/2864/136 2358/2863/342
f 2359/2864/136 2327/2807/177 2328/2808/296
f 2359/2864/136 2328/2808/296 2360/2865/137
f 2360/2866/137 2328/2867/296 2330/2816/627
f 2360/2866/137 2330/2816/627 2346/2838/187
f 2346/2838/187 2330/2816/627 2332/2815/219
f 2349/2845/81 2360/2866/137 2346/2838/187
f 2350/2847/190 2360/2866/137 2349/2845/81
f 2350/2848/190 2359/2864/136 2360/2865/137
f 2359/2864/136 2350/2848/190 2351/2850/191
f 2359/2864/136 2351/2850/191 2358/2863/342
f 2358/2863/342 2351/2850/191 2352/2851/84
f 2352/2851/84 2357/2859/630 2358/2863/342
f 2353/2852/244 2357/2859/630 2352/2851/84
f 2346/2838/187 2347/2839/79 2349/2845/81
f 2281/2743/13 2282/2744/259 2285/2868/17
s 26
f 2361/2869/1 2362/2870/2 2363/2871/139
f 2362/2870/2 2361/2869/1 2364/2872/140
f 2361/2869/1 2365/2873/246 2364/2872/140
f 2361/2869/1 2366/2874/199 2365/2873/246
f 2366/2874/199 2361/2869/1 2367/2875/7
f 2361/2869/1 2363/2871/139 2367/2875/7
f 2367/2875/7 2363/2871/139 2368/2876/8
f 2363/2871/139 2369/2877/143 2368/2876/8
f 2363/2871/139 2370/2878/631 2369/2877/143
f 2362/2870/2 2370/2878/631 2363/2871/139
f 2362/2870/2 2371/2879/11 2370/2878/631
f 2371/2879/11 2362/2870/2 2372/2880/12
f 2362/2870/2 2364/2872/140 2372/2880/12
f 2372/2880/12 2364/2872/140 2373/2881/145
f 2364/2872/140 2374/2882/146 2373/2881/145
f 2364/2872/140 2365/2873/246 2374/2882/146
f 2375/2883/147 2374/2882/146 2365/2873/246
f 2376/2884/16 2374/2885/146 2375/2886/147
f 2376/2884/16 2377/2887/17 2374/2885/146
f 2376/2884/16 2378/2888/105 2377/2887/17
f 2379/2889/262 2378/2888/105 2376/2884/16
f 2379/2889/262 2380/2890/20 2378/2888/105
f 2381/2891/632 2380/2890/20 2379/2889/262
f 2381/2891/632 2382/2892/153 2380/2890/20
f 2381/2891/632 2383/2893/23 2382/2892/153
f 2384/2894/263 2383/2893/23 2381/2891/632
f 2384/2895/263 2385/2896/249 2383/2897/23
f 2386/2898/300 2385/2896/249 2384/2895/263
f 2386/2898/300 2387/2899/27 2385/2896/249
f 2386/2898/300 2388/2900/236 2387/2899/27
f 2389/2901/159 2388/2902/236 2386/2903/300
f 2389/2901/159 2390/2904/108 2388/2902/236
f 2391/2905/161 2390/2904/108 2389/2901/159
f 2391/2906/161 2392/2907/32 2390/2908/108
f 2391/2906/161 2393/2909/110 2392/2907/32
f 2394/2910/163 2393/2911/110 2391/2905/161
f 2394/2910/163 2395/2912/164 2393/2911/110
f 2396/2913/111 2395/2912/164 2394/2910/163
f 2396/2914/111 2366/2874/199 2395/2915/164
f 2396/2914/111 2365/2873/246 2366/2874/199
f 2375/2883/147 2365/2873/246 2396/2914/111
f 2397/2916/166 2375/2886/147 2396/2913/111
f 2398/2917/38 2375/2886/147 2397/2916/166
f 2398/2917/38 2376/2884/16 2375/2886/147
f 2398/2917/38 2379/2889/262 2376/2884/16
f 2399/2918/167 2379/2889/262 2398/2917/38
f 2399/2918/167 2381/2891/632 2379/2889/262
f 2399/2918/167 2384/2894/263 2381/2891/632
f 2400/2919/168 2384/2894/263 2399/2918/167
f 2400/2919/168 2386/2903/300 2384/2894/263
f 2400/2919/168 2389/2901/159 2386/2903/300
f 2401/2920/41 2389/2901/159 2400/2919/168
f 2401/2920/41 2391/2905/161 2389/2901/159
f 2401/2920/41 2394/2910/163 2391/2905/161
f 2397/2916/166 2394/2910/163 2401/2920/41
f 2397/2916/166 2396/2913/111 2394/2910/163
f 2402/2921/42 2397/2916/166 2401/2920/41
f 2402/2921/42 2398/2917/38 2397/2916/166
f 2402/2921/42 2399/2918/167 2398/2917/38
f 2402/2921/42 2400/2919/168 2399/2918/167
f 2402/2921/42 2401/2920/41 2400/2919/168
f 2367/2875/7 2395/2915/164 2366/2874/199
f 2403/2922/264 2395/2915/164 2367/2875/7
f 2403/2923/264 2393/2909/110 2395/2924/164
f 2404/2925/352 2393/2909/110 2403/2923/264
f 2404/2925/352 2392/2907/32 2393/2909/110
f 2392/2907/32 2404/2925/352 2405/2926/328
f 2404/2925/352 2406/2927/171 2405/2926/328
f 2404/2925/352 2407/2928/47 2406/2927/171
f 2407/2928/47 2404/2925/352 2403/2923/264
f 2407/2928/47 2403/2923/264 2368/2929/8
f 2368/2876/8 2403/2922/264 2367/2875/7
f 2408/2930/48 2407/2928/47 2368/2929/8
f 2407/2928/47 2408/2930/48 2409/2931/116
f 2410/2932/50 2409/2933/116 2408/2934/48
f 2411/2935/215 2409/2933/116 2410/2932/50
f 2411/2935/215 2412/2936/52 2409/2933/116
f 2413/2937/53 2412/2936/52 2411/2935/215
f 2413/2937/53 2414/2938/54 2412/2936/52
f 2413/2937/53 2415/2939/55 2414/2938/54
f 2416/2940/268 2415/2939/55 2413/2937/53
f 2416/2941/268 2417/2942/269 2415/2943/55
f 2418/2944/254 2417/2942/269 2416/2941/268
f 2418/2944/254 2419/2945/59 2417/2942/269
f 2418/2944/254 2420/2946/60 2419/2945/59
f 2421/2947/286 2420/2948/60 2418/2949/254
f 2421/2947/286 2422/2950/354 2420/2948/60
f 2423/2951/63 2422/2950/354 2421/2947/286
f 2423/2952/63 2424/2953/633 2422/2954/354
f 2423/2952/63 2425/2955/121 2424/2953/633
f 2426/2956/270 2425/2957/121 2423/2951/63
f 2426/2956/270 2427/2958/288 2425/2957/121
f 2428/2959/68 2427/2958/288 2426/2956/270
f 2428/2960/68 2371/2879/11 2427/2961/288
f 2428/2960/68 2370/2878/631 2371/2879/11
f 2429/2962/222 2370/2878/631 2428/2960/68
f 2429/2962/222 2369/2877/143 2370/2878/631
f 2410/2932/50 2369/2963/143 2429/2964/222
f 2410/2932/50 2408/2934/48 2369/2963/143
f 2368/2876/8 2369/2877/143 2408/2965/48
f 2430/2966/70 2410/2932/50 2429/2964/222
f 2430/2966/70 2411/2935/215 2410/2932/50
f 2431/2967/71 2411/2935/215 2430/2966/70
f 2431/2967/71 2413/2937/53 2411/2935/215
f 2431/2967/71 2416/2940/268 2413/2937/53
f 2432/2968/183 2416/2940/268 2431/2967/71
f 2432/2968/183 2418/2949/254 2416/2940/268
f 2432/2968/183 2421/2947/286 2418/2949/254
f 2433/2969/73 2421/2947/286 2432/2968/183
f 2433/2969/73 2423/2951/63 2421/2947/286
f 2433/2969/73 2426/2956/270 2423/2951/63
f 2434/2970/184 2426/2956/270 2433/2969/73
f 2434/2970/184 2428/2959/68 2426/2956/270
f 2434/2970/184 2429/2964/222 2428/2959/68
f 2430/2966/70 2429/2964/222 2434/2970/184
f 2435/2971/75 2430/2966/70 2434/2970/184
f 2435/2971/75 2431/2967/71 2430/2966/70
f 2435/2971/75 2432/2968/183 2431/2967/71
f 2435/2971/75 2433/2969/73 2432/2968/183
f 2435/2971/75 2434/2970/184 2433/2969/73
f 2372/2880/12 2427/2961/288 2371/2879/11
f 2436/2972/185 2427/2961/288 2372/2880/12
f 2436/2973/185 2425/2955/121 2427/2974/288
f 2437/2975/289 2425/2955/121 2436/2973/185
f 2437/2975/289 2424/2953/633 2425/2955/121
f 2424/2953/633 2437/2975/289 2438/2976/290
f 2437/2975/289 2439/2977/272 2438/2976/290
f 2437/2975/289 2440/2978/629 2439/2977/272
f 2440/2978/629 2437/2975/289 2436/2973/185
f 2440/2978/629 2436/2973/185 2373/2979/145
f 2373/2881/145 2436/2972/185 2372/2880/12
f 2377/2980/17 2440/2978/629 2373/2979/145
f 2440/2978/629 2377/2980/17 2378/2981/105
f 2440/2978/629 2378/2981/105 2439/2977/272
f 2439/2977/272 2378/2981/105 2380/2982/20
f 2439/2977/272 2380/2982/20 2441/2983/81
f 2441/2983/81 2380/2982/20 2382/2984/153
f 2382/2984/153 2442/2985/273 2441/2983/81
f 2442/2986/273 2382/2987/153 2383/2897/23
f 2442/2986/273 2383/2897/23 2443/2988/191
f 2443/2988/191 2383/2897/23 2385/2896/249
f 2443/2988/191 2385/2896/249 2444/2989/84
f 2444/2989/84 2385/2896/249 2387/2899/27
f 2387/2899/27 2445/2990/244 2444/2989/84
f 2445/2990/244 2387/2899/27 2388/2900/236
f 2445/2990/244 2388/2900/236 2446/2991/86
f 2446/2992/86 2388/2993/236 2390/2908/108
f 2446/2992/86 2390/2908/108 2405/2926/328
f 2405/2926/328 2390/2908/108 2392/2907/32
f 2447/2994/87 2446/2992/86 2405/2926/328
f 2448/2995/88 2446/2992/86 2447/2994/87
f 2448/2996/88 2445/2990/244 2446/2991/86
f 2445/2990/244 2448/2996/88 2449/2997/630
f 2448/2996/88 2415/2943/55 2449/2997/630
f 2448/2996/88 2414/2998/54 2415/2943/55
f 2414/2999/54 2448/2995/88 2447/2994/87
f 2447/2994/87 2412/3000/52 2414/2999/54
f 2406/2927/171 2412/3000/52 2447/2994/87
f 2406/2927/171 2409/2931/116 2412/3000/52
f 2407/2928/47 2409/2931/116 2406/2927/171
f 2405/2926/328 2406/2927/171 2447/2994/87
f 2449/2997/630 2415/2943/55 2417/2942/269
f 2449/2997/630 2417/2942/269 2450/3001/90
f 2450/3001/90 2417/2942/269 2419/2945/59
f 2419/2945/59 2451/3002/136 2450/3001/90
f 2451/3002/136 2419/2945/59 2420/2946/60
f 2451/3002/136 2420/2946/60 2452/3003/92
f 2452/3004/92 2420/3005/60 2422/2954/354
f 2452/3004/92 2422/2954/354 2438/2976/290
f 2438/2976/290 2422/2954/354 2424/2953/633
f 2441/2983/81 2452/3004/92 2438/2976/290
f 2442/2985/273 2452/3004/92 2441/2983/81
f 2442/2986/273 2451/3002/136 2452/3003/92
f 2451/3002/136 2442/2986/273 2443/2988/191
f 2451/3002/136 2443/2988/191 2450/3001/90
f 2450/3001/90 2443/2988/191 2444/2989/84
f 2444/2989/84 2449/2997/630 2450/3001/90
f 2445/2990/244 2449/2997/630 2444/2989/84
f 2438/2976/290 2439/2977/272 2441/2983/81
f 2373/2881/145 2374/2882/146 2377/3006/17
s 27
f 2453/3007/1 2454/3008/2 2455/3009/3
f 2454/3008/2 2453/3007/1 2456/3010/140
f 2453/3007/1 2457/3011/246 2456/3010/140
f 2453/3007/1 2458/3012/96 2457/3011/246
f 2458/3012/96 2453/3007/1 2459/3013/97
f 2453/3007/1 2455/3009/3 2459/3013/97
f 2459/3013/97 2455/3009/3 2460/3014/142
f 2455/3009/3 2461/3015/202 2460/3014/142
f 2455/3009/3 2462/3016/144 2461/3015/202
f 2454/3008/2 2462/3016/144 2455/3009/3
f 2454/3008/2 2463/3017/101 2462/3016/144
f 2463/3017/101 2454/3008/2 2464/3018/12
f 2454/3008/2 2456/3010/140 2464/3018/12
f 2464/3018/12 2456/3010/140 2465/3019/13
f 2456/3010/140 2466/3020/14 2465/3019/13
f 2456/3010/140 2457/3011/246 2466/3020/14
f 2467/3021/147 2466/3020/14 2457/3011/246
f 2468/3022/16 2466/3023/14 2467/3024/147
f 2468/3022/16 2469/3025/17 2466/3023/14
f 2468/3022/16 2470/3026/105 2469/3025/17
f 2471/3027/19 2470/3026/105 2468/3022/16
f 2471/3027/19 2472/3028/20 2470/3026/105
f 2473/3029/21 2472/3028/20 2471/3027/19
f 2473/3029/21 2474/3030/22 2472/3028/20
f 2473/3029/21 2475/3031/154 2474/3030/22
f 2476/3032/155 2475/3031/154 2473/3029/21
f 2476/3033/155 2477/3034/249 2475/3035/154
f 2478/3036/26 2477/3034/249 2476/3033/155
f 2478/3036/26 2479/3037/27 2477/3034/249
f 2478/3036/26 2480/3038/301 2479/3037/27
f 2481/3039/29 2480/3040/301 2478/3041/26
f 2481/3039/29 2482/3042/349 2480/3040/301
f 2483/3043/31 2482/3042/349 2481/3039/29
f 2483/3044/31 2484/3045/32 2482/3046/349
f 2483/3044/31 2485/3047/33 2484/3045/32
f 2486/3048/34 2485/3049/33 2483/3043/31
f 2486/3048/34 2487/3050/164 2485/3049/33
f 2488/3051/111 2487/3050/164 2486/3048/34
f 2488/3052/111 2458/3012/96 2487/3053/164
f 2488/3052/111 2457/3011/246 2458/3012/96
f 2467/3021/147 2457/3011/246 2488/3052/111
f 2489/3054/37 2467/3024/147 2488/3051/111
f 2490/3055/112 2467/3024/147 2489/3054/37
f 2490/3055/112 2468/3022/16 2467/3024/147
f 2490/3055/112 2471/3027/19 2468/3022/16
f 2491/3056/634 2471/3027/19 2490/3055/112
f 2491/3056/634 2473/3029/21 2471/3027/19
f 2491/3056/634 2476/3032/155 2473/3029/21
f 2492/3057/40 2476/3032/155 2491/3056/634
f 2492/3057/40 2478/3041/26 2476/3032/155
f 2492/3057/40 2481/3039/29 2478/3041/26
f 2493/3058/41 2481/3039/29 2492/3057/40
f 2493/3058/41 2483/3043/31 2481/3039/29
f 2493/3058/41 2486/3048/34 2483/3043/31
f 2489/3054/37 2486/3048/34 2493/3058/41
f 2489/3054/37 2488/3051/111 2486/3048/34
f 2494/3059/42 2489/3054/37 2493/3058/41
f 2494/3059/42 2490/3055/112 2489/3054/37
f 2494/3059/42 2491/3056/634 2490/3055/112
f 2494/3059/42 2492/3057/40 2491/3056/634
f 2494/3059/42 2493/3058/41 2492/3057/40
f 2459/3013/97 2487/3053/164 2458/3012/96
f 2495/3060/43 2487/3053/164 2459/3013/97
f 2495/3061/43 2485/3047/33 2487/3062/164
f 2496/3063/44 2485/3047/33 2495/3061/43
f 2496/3063/44 2484/3045/32 2485/3047/33
f 2484/3045/32 2496/3063/44 2497/3064/635
f 2496/3063/44 2498/3065/171 2497/3064/635
f 2496/3063/44 2499/3066/214 2498/3065/171
f 2499/3066/214 2496/3063/44 2495/3061/43
f 2499/3066/214 2495/3061/43 2460/3067/142
f 2460/3014/142 2495/3060/43 2459/3013/97
f 2500/3068/115 2499/3066/214 2460/3067/142
f 2499/3066/214 2500/3068/115 2501/3069/49
f 2502/3070/50 2501/3071/49 2500/3072/115
f 2503/3073/51 2501/3071/49 2502/3070/50
f 2503/3073/51 2504/3074/174 2501/3071/49
f 2505/3075/53 2504/3074/174 2503/3073/51
f 2505/3075/53 2506/3076/118 2504/3074/174
f 2505/3075/53 2507/3077/55 2506/3076/118
f 2508/3078/56 2507/3077/55 2505/3075/53
f 2508/3079/56 2509/3080/269 2507/3081/55
f 2510/3082/58 2509/3080/269 2508/3079/56
f 2510/3082/58 2511/3083/59 2509/3080/269
f 2510/3082/58 2512/3084/331 2511/3083/59
f 2513/3085/61 2512/3086/331 2510/3087/58
f 2513/3085/61 2514/3088/120 2512/3086/331
f 2515/3089/63 2514/3088/120 2513/3085/61
f 2515/3090/63 2516/3091/64 2514/3092/120
f 2515/3090/63 2517/3093/255 2516/3091/64
f 2518/3094/66 2517/3095/255 2515/3089/63
f 2518/3094/66 2519/3096/307 2517/3095/255
f 2520/3097/68 2519/3096/307 2518/3094/66
f 2520/3098/68 2463/3017/101 2519/3099/307
f 2520/3098/68 2462/3016/144 2463/3017/101
f 2521/3100/222 2462/3016/144 2520/3098/68
f 2521/3100/222 2461/3015/202 2462/3016/144
f 2502/3070/50 2461/3101/202 2521/3102/222
f 2502/3070/50 2500/3072/115 2461/3101/202
f 2460/3014/142 2461/3015/202 2500/3103/115
f 2522/3104/70 2502/3070/50 2521/3102/222
f 2522/3104/70 2503/3073/51 2502/3070/50
f 2523/3105/71 2503/3073/51 2522/3104/70
f 2523/3105/71 2505/3075/53 2503/3073/51
f 2523/3105/71 2508/3078/56 2505/3075/53
f 2524/3106/183 2508/3078/56 2523/3105/71
f 2524/3106/183 2510/3087/58 2508/3078/56
f 2524/3106/183 2513/3085/61 2510/3087/58
f 2525/3107/73 2513/3085/61 2524/3106/183
f 2525/3107/73 2515/3089/63 2513/3085/61
f 2525/3107/73 2518/3094/66 2515/3089/63
f 2526/3108/74 2518/3094/66 2525/3107/73
f 2526/3108/74 2520/3097/68 2518/3094/66
f 2526/3108/74 2521/3102/222 2520/3097/68
f 2522/3104/70 2521/3102/222 2526/3108/74
f 2527/3109/75 2522/3104/70 2526/3108/74
f 2527/3109/75 2523/3105/71 2522/3104/70
f 2527/3109/75 2524/3106/183 2523/3105/71
f 2527/3109/75 2525/3107/73 2524/3106/183
f 2527/3109/75 2526/3108/74 2525/3107/73
f 2464/3018/12 2519/3099/307 2463/3017/101
f 2528/3110/185 2519/3099/307 2464/3018/12
f 2528/3111/185 2517/3093/255 2519/3112/307
f 2529/3113/77 2517/3093/255 2528/3111/185
f 2529/3113/77 2516/3091/64 2517/3093/255
f 2516/3091/64 2529/3113/77 2530/3114/78
f 2529/3113/77 2531/3115/79 2530/3114/78
f 2529/3113/77 2532/3116/188 2531/3115/79
f 2532/3116/188 2529/3113/77 2528/3111/185
f 2532/3116/188 2528/3111/185 2465/3117/13
f 2465/3019/13 2528/3110/185 2464/3018/12
f 2469/3118/17 2532/3116/188 2465/3117/13
f 2532/3116/188 2469/3118/17 2470/3119/105
f 2532/3116/188 2470/3119/105 2531/3115/79
f 2531/3115/79 2470/3119/105 2472/3120/20
f 2531/3115/79 2472/3120/20 2533/3121/128
f 2533/3121/128 2472/3120/20 2474/3122/22
f 2474/3122/22 2534/3123/82 2533/3121/128
f 2534/3124/82 2474/3125/22 2475/3035/154
f 2534/3124/82 2475/3035/154 2535/3126/191
f 2535/3126/191 2475/3035/154 2477/3034/249
f 2535/3126/191 2477/3034/249 2536/3127/84
f 2536/3127/84 2477/3034/249 2479/3037/27
f 2479/3037/27 2537/3128/85 2536/3127/84
f 2537/3128/85 2479/3037/27 2480/3038/301
f 2537/3128/85 2480/3038/301 2538/3129/86
f 2538/3130/86 2480/3131/301 2482/3046/349
f 2538/3130/86 2482/3046/349 2497/3064/635
f 2497/3064/635 2482/3046/349 2484/3045/32
f 2539/3132/87 2538/3130/86 2497/3064/635
f 2540/3133/196 2538/3130/86 2539/3132/87
f 2540/3134/196 2537/3128/85 2538/3129/86
f 2537/3128/85 2540/3134/196 2541/3135/89
f 2540/3134/196 2507/3081/55 2541/3135/89
f 2540/3134/196 2506/3136/118 2507/3081/55
f 2506/3137/118 2540/3133/196 2539/3132/87
f 2539/3132/87 2504/3138/174 2506/3137/118
f 2498/3065/171 2504/3138/174 2539/3132/87
f 2498/3065/171 2501/3069/49 2504/3138/174
f 2499/3066/214 2501/3069/49 2498/3065/171
f 2497/3064/635 2498/3065/171 2539/3132/87
f 2541/3135/89 2507/3081/55 2509/3080/269
f 2541/3135/89 2509/3080/269 2542/3139/90
f 2542/3139/90 2509/3080/269 2511/3083/59
f 2511/3083/59 2543/3140/91 2542/3139/90
f 2543/3140/91 2511/3083/59 2512/3084/331
f 2543/3140/91 2512/3084/331 2544/3141/92
f 2544/3142/92 2512/3143/331 2514/3092/120
f 2544/3142/92 2514/3092/120 2530/3114/78
f 2530/3114/78 2514/3092/120 2516/3091/64
f 2533/3121/128 2544/3142/92 2530/3114/78
f 2534/3123/82 2544/3142/92 2533/3121/128
f 2534/3124/82 2543/3140/91 2544/3141/92
f 2543/3140/91 2534/3124/82 2535/3126/191
f 2543/3140/91 2535/3126/191 2542/3139/90
f 2542/3139/90 2535/3126/191 2536/3127/84
f 2536/3127/84 2541/3135/89 2542/3139/90
f 2537/3128/85 2541/3135/89 2536/3127/84
f 2530/3114/78 2531/3115/79 2533/3121/128
f 2465/3019/13 2466/3020/14 2469/3144/17
s 28
f 2545/3145/233 2546/3146/2 2547/3147/3
f 2546/3146/2 2545/3145/233 2548/3148/140
f 2545/3145/233 2549/3149/343 2548/3148/140
f 2545/3145/233 2550/3150/199 2549/3149/343
f 2550/3150/199 2545/3145/233 2551/3151/636
f 2545/3145/233 2547/3147/3 2551/3151/636
f 2551/3151/636 2547/3147/3 2552/3152/201
f 2547/3147/3 2553/3153/9 2552/3152/201
f 2547/3147/3 2554/3154/637 2553/3153/9
f 2546/3146/2 2554/3154/637 2547/3147/3
f 2546/3146/2 2555/3155/11 2554/3154/637
f 2555/3155/11 2546/3146/2 2556/3156/12
f 2546/3146/2 2548/3148/140 2556/3156/12
f 2556/3156/12 2548/3148/140 2557/3157/299
f 2548/3148/140 2558/3158/146 2557/3157/299
f 2548/3148/140 2549/3149/343 2558/3158/146
f 2559/3159/15 2558/3158/146 2549/3149/343
f 2560/3160/16 2558/3161/146 2559/3162/15
f 2560/3160/16 2561/3163/149 2558/3161/146
f 2560/3160/16 2562/3164/105 2561/3163/149
f 2563/3165/19 2562/3164/105 2560/3160/16
f 2563/3165/19 2564/3166/346 2562/3164/105
f 2565/3167/21 2564/3166/346 2563/3165/19
f 2565/3167/21 2566/3168/153 2564/3166/346
f 2565/3167/21 2567/3169/235 2566/3168/153
f 2568/3170/24 2567/3169/235 2565/3167/21
f 2568/3171/24 2569/3172/348 2567/3173/235
f 2570/3174/300 2569/3172/348 2568/3171/24
f 2570/3174/300 2571/3175/27 2569/3172/348
f 2570/3174/300 2572/3176/236 2571/3175/27
f 2573/3177/29 2572/3178/236 2570/3179/300
f 2573/3177/29 2574/3180/160 2572/3178/236
f 2575/3181/31 2574/3180/160 2573/3177/29
f 2575/3182/31 2576/3183/32 2574/3184/160
f 2575/3182/31 2577/3185/162 2576/3183/32
f 2578/3186/163 2577/3187/162 2575/3181/31
f 2578/3186/163 2579/3188/164 2577/3187/162
f 2580/3189/111 2579/3188/164 2578/3186/163
f 2580/3190/111 2550/3150/199 2579/3191/164
f 2580/3190/111 2549/3149/343 2550/3150/199
f 2559/3159/15 2549/3149/343 2580/3190/111
f 2581/3192/166 2559/3162/15 2580/3189/111
f 2582/3193/112 2559/3162/15 2581/3192/166
f 2582/3193/112 2560/3160/16 2559/3162/15
f 2582/3193/112 2563/3165/19 2560/3160/16
f 2583/3194/634 2563/3165/19 2582/3193/112
f 2583/3194/634 2565/3167/21 2563/3165/19
f 2583/3194/634 2568/3170/24 2565/3167/21
f 2584/3195/168 2568/3170/24 2583/3194/634
f 2584/3195/168 2570/3179/300 2568/3170/24
f 2584/3195/168 2573/3177/29 2570/3179/300
f 2585/3196/41 2573/3177/29 2584/3195/168
f 2585/3196/41 2575/3181/31 2573/3177/29
f 2585/3196/41 2578/3186/163 2575/3181/31
f 2581/3192/166 2578/3186/163 2585/3196/41
f 2581/3192/166 2580/3189/111 2578/3186/163
f 2586/3197/42 2581/3192/166 2585/3196/41
f 2586/3197/42 2582/3193/112 2581/3192/166
f 2586/3197/42 2583/3194/634 2582/3193/112
f 2586/3197/42 2584/3195/168 2583/3194/634
f 2586/3197/42 2585/3196/41 2584/3195/168
f 2551/3151/636 2579/3191/164 2550/3150/199
f 2587/3198/264 2579/3191/164 2551/3151/636
f 2587/3199/264 2577/3185/162 2579/3200/164
f 2588/3201/169 2577/3185/162 2587/3199/264
f 2588/3201/169 2576/3183/32 2577/3185/162
f 2576/3183/32 2588/3201/169 2589/3202/279
f 2588/3201/169 2590/3203/213 2589/3202/279
f 2588/3201/169 2591/3204/638 2590/3203/213
f 2591/3204/638 2588/3201/169 2587/3199/264
f 2591/3204/638 2587/3199/264 2552/3205/201
f 2552/3152/201 2587/3198/264 2551/3151/636
f 2592/3206/115 2591/3204/638 2552/3205/201
f 2591/3204/638 2592/3206/115 2593/3207/282
f 2594/3208/50 2593/3209/282 2592/3210/115
f 2595/3211/51 2593/3209/282 2594/3208/50
f 2595/3211/51 2596/3212/639 2593/3209/282
f 2597/3213/53 2596/3212/639 2595/3211/51
f 2597/3213/53 2598/3214/118 2596/3212/639
f 2597/3213/53 2599/3215/55 2598/3214/118
f 2600/3216/56 2599/3215/55 2597/3213/53
f 2600/3217/56 2601/3218/269 2599/3219/55
f 2602/3220/254 2601/3218/269 2600/3217/56
f 2602/3220/254 2603/3221/59 2601/3218/269
f 2602/3220/254 2604/3222/296 2603/3221/59
f 2605/3223/61 2604/3224/296 2602/3225/254
f 2605/3223/61 2606/3226/62 2604/3224/296
f 2607/3227/63 2606/3226/62 2605/3223/61
f 2607/3228/63 2608/3229/64 2606/3230/62
f 2607/3228/63 2609/3231/640 2608/3229/64
f 2610/3232/66 2609/3233/640 2607/3227/63
f 2610/3232/66 2611/3234/67 2609/3233/640
f 2612/3235/68 2611/3234/67 2610/3232/66
f 2612/3236/68 2555/3155/11 2611/3237/67
f 2612/3236/68 2554/3154/637 2555/3155/11
f 2613/3238/69 2554/3154/637 2612/3236/68
f 2613/3238/69 2553/3153/9 2554/3154/637
f 2594/3208/50 2553/3239/9 2613/3240/69
f 2594/3208/50 2592/3210/115 2553/3239/9
f 2552/3152/201 2553/3153/9 2592/3241/115
f 2614/3242/70 2594/3208/50 2613/3240/69
f 2614/3242/70 2595/3211/51 2594/3208/50
f 2615/3243/182 2595/3211/51 2614/3242/70
f 2615/3243/182 2597/3213/53 2595/3211/51
f 2615/3243/182 2600/3216/56 2597/3213/53
f 2616/3244/183 2600/3216/56 2615/3243/182
f 2616/3244/183 2602/3225/254 2600/3216/56
f 2616/3244/183 2605/3223/61 2602/3225/254
f 2617/3245/73 2605/3223/61 2616/3244/183
f 2617/3245/73 2607/3227/63 2605/3223/61
f 2617/3245/73 2610/3232/66 2607/3227/63
f 2618/3246/184 2610/3232/66 2617/3245/73
f 2618/3246/184 2612/3235/68 2610/3232/66
f 2618/3246/184 2613/3240/69 2612/3235/68
f 2614/3242/70 2613/3240/69 2618/3246/184
f 2619/3247/75 2614/3242/70 2618/3246/184
f 2619/3247/75 2615/3243/182 2614/3242/70
f 2619/3247/75 2616/3244/183 2615/3243/182
f 2619/3247/75 2617/3245/73 2616/3244/183
f 2619/3247/75 2618/3246/184 2617/3245/73
f 2556/3156/12 2611/3237/67 2555/3155/11
f 2620/3248/76 2611/3237/67 2556/3156/12
f 2620/3249/76 2609/3231/640 2611/3250/67
f 2621/3251/77 2609/3231/640 2620/3249/76
f 2621/3251/77 2608/3229/64 2609/3231/640
f 2608/3229/64 2621/3251/77 2622/3252/187
f 2621/3251/77 2623/3253/272 2622/3252/187
f 2621/3251/77 2624/3254/629 2623/3253/272
f 2624/3254/629 2621/3251/77 2620/3249/76
f 2624/3254/629 2620/3249/76 2557/3255/299
f 2557/3157/299 2620/3248/76 2556/3156/12
f 2561/3256/149 2624/3254/629 2557/3255/299
f 2624/3254/629 2561/3256/149 2562/3257/105
f 2624/3254/629 2562/3257/105 2623/3253/272
f 2623/3253/272 2562/3257/105 2564/3258/346
f 2623/3253/272 2564/3258/346 2625/3259/189
f 2625/3259/189 2564/3258/346 2566/3260/153
f 2566/3260/153 2626/3261/190 2625/3259/189
f 2626/3262/190 2566/3263/153 2567/3173/235
f 2626/3262/190 2567/3173/235 2627/3264/191
f 2627/3264/191 2567/3173/235 2569/3172/348
f 2627/3264/191 2569/3172/348 2628/3265/243
f 2628/3265/243 2569/3172/348 2571/3175/27
f 2571/3175/27 2629/3266/85 2628/3265/243
f 2629/3266/85 2571/3175/27 2572/3176/236
f 2629/3266/85 2572/3176/236 2630/3267/86
f 2630/3268/86 2572/3269/236 2574/3184/160
f 2630/3268/86 2574/3184/160 2589/3202/279
f 2589/3202/279 2574/3184/160 2576/3183/32
f 2631/3270/336 2630/3268/86 2589/3202/279
f 2632/3271/231 2630/3268/86 2631/3270/336
f 2632/3272/231 2629/3266/85 2630/3267/86
f 2629/3266/85 2632/3272/231 2633/3273/89
f 2632/3272/231 2599/3219/55 2633/3273/89
f 2632/3272/231 2598/3274/118 2599/3219/55
f 2598/3275/118 2632/3271/231 2631/3270/336
f 2631/3270/336 2596/3276/639 2598/3275/118
f 2590/3203/213 2596/3276/639 2631/3270/336
f 2590/3203/213 2593/3207/282 2596/3276/639
f 2591/3204/638 2593/3207/282 2590/3203/213
f 2589/3202/279 2590/3203/213 2631/3270/336
f 2633/3273/89 2599/3219/55 2601/3218/269
f 2633/3273/89 2601/3218/269 2634/3277/90
f 2634/3277/90 2601/3218/269 2603/3221/59
f 2603/3221/59 2635/3278/91 2634/3277/90
f 2635/3278/91 2603/3221/59 2604/3222/296
f 2635/3278/91 2604/3222/296 2636/3279/274
f 2636/3280/274 2604/3281/296 2606/3230/62
f 2636/3280/274 2606/3230/62 2622/3252/187
f 2622/3252/187 2606/3230/62 2608/3229/64
f 2625/3259/189 2636/3280/274 2622/3252/187
f 2626/3261/190 2636/3280/274 2625/3259/189
f 2626/3262/190 2635/3278/91 2636/3279/274
f 2635/3278/91 2626/3262/190 2627/3264/191
f 2635/3278/91 2627/3264/191 2634/3277/90
f 2634/3277/90 2627/3264/191 2628/3265/243
f 2628/3265/243 2633/3273/89 2634/3277/90
f 2629/3266/85 2633/3273/89 2628/3265/243
f 2622/3252/187 2623/3253/272 2625/3259/189
f 2557/3157/299 2558/3158/146 2561/3282/149
s 29
f 2637/3283/75 2638/3284/499 2639/3285/495 2640/3286/75
f 2641/3287/75 2642/3288/501 2638/3284/499 2637/3283/75
f 2643/3289/75 2644/3290/505 2642/3288/501 2641/3287/75
f 2645/3291/75 2646/3292/507 2644/3290/505 2643/3289/75
f 2647/3293/75 2648/3294/511 2646/3292/507 2645/3291/75
f 2649/3295/75 2650/3296/564 2648/3294/511 2647/3293/75
f 2651/3297/75 2652/3298/566 2650/3296/564 2649/3295/75
f 2653/3299/75 2654/3300/641 2652/3298/566 2651/3297/75
f 2655/3301/75 2656/3302/567 2654/3300/641 2653/3299/75
f 2657/3303/75 2658/3304/525 2656/3302/567 2655/3301/75
f 2659/3305/75 2660/3306/529 2658/3304/525 2657/3303/75
f 2661/3307/75 2662/3308/531 2660/3306/529 2659/3305/75
f 2663/3309/75 2664/3310/535 2662/3308/531 2661/3307/75
f 2665/3311/75 2666/3312/642 2664/3310/535 2663/3309/75
f 2667/3313/75 2668/3314/643 2666/3312/642 2665/3311/75
f 2669/3315/75 2670/3316/543 2668/3314/643 2667/3313/75
f 2671/3317/75 2672/3318/547 2670/3316/543 2669/3315/75
f 2673/3319/75 2674/3320/483 2672/3318/547 2671/3317/75
f 2675/3321/75 2676/3322/644 2674/3320/483 2673/3319/75
f 2677/3323/75 2678/3324/645 2676/3322/644 2675/3321/75
f 2679/3325/75 2680/3326/646 2678/3324/645 2677/3323/75
f 2681/3327/75 2682/3328/558 2680/3326/646 2679/3325/75
f 2683/3329/75 2684/3330/647 2682/3328/558 2681/3327/75
f 2640/3286/75 2639/3285/495 2684/3330/647 2683/3329/75
f 2685/3331/648 2686/3332/649 2684/3330/647 2639/3285/495
f 2687/3333/425 2686/3334/649 2685/3335/648 2688/3336/424
f 2689/3337/426 2690/3338/650 2686/3339/649 2687/3340/425
f 2691/3341/427 2692/3342/651 2690/3338/650 2689/3337/426
f 2693/3343/309 2694/3344/652 2692/3342/651 2691/3341/427
f 2695/3345/428 2696/3346/653 2694/3344/652 2693/3343/309
f 2697/3347/429 2698/3348/654 2696/3346/653 2695/3345/428
f 2699/3349/430 2700/3350/655 2698/3348/654 2697/3347/429
f 2701/3351/431 2702/3352/575 2700/3353/655 2699/3354/430
f 2703/3355/581 2704/3356/550 2702/3352/575 2701/3351/431
f 2705/3357/582 2706/3358/656 2704/3356/550 2703/3355/581
f 2707/3359/410 2708/3360/536 2706/3358/656 2705/3357/582
f 2709/3361/412 2710/3362/657 2708/3360/536 2707/3359/410
f 2711/3363/413 2712/3364/658 2710/3362/657 2709/3361/412
f 2713/3365/414 2714/3366/569 2712/3367/658 2711/3368/413
f 2715/3369/415 2716/3370/659 2714/3366/569 2713/3365/414
f 2717/3371/326 2718/3372/520 2716/3370/659 2715/3369/415
f 2719/3373/416 2720/3374/518 2718/3372/520 2717/3371/326
f 2721/3375/417 2722/3376/514 2720/3374/518 2719/3373/416
f 2723/3377/418 2724/3378/660 2722/3376/514 2721/3375/417
f 2725/3379/419 2726/3380/562 2724/3381/660 2723/3382/418
f 2727/3383/420 2728/3384/506 2726/3380/562 2725/3379/419
f 2729/3385/317 2730/3386/502 2728/3384/506 2727/3383/420
f 2731/3387/583 2732/3388/500 2730/3386/502 2729/3385/317
f 2688/3336/424 2685/3335/648 2732/3388/500 2731/3387/583
f 2732/3389/500 2685/3331/648 2639/3285/495 2638/3284/499
f 2730/3390/502 2732/3389/500 2638/3284/499 2642/3288/501
f 2728/3391/506 2730/3390/502 2642/3288/501 2644/3290/505
f 2726/3392/562 2728/3391/506 2644/3290/505 2646/3292/507
f 2724/3393/660 2726/3392/562 2646/3292/507 2648/3294/511
f 2722/3394/514 2724/3393/660 2648/3294/511 2650/3296/564
f 2720/3395/518 2722/3394/514 2650/3296/564 2652/3298/566
f 2718/3396/520 2720/3395/518 2652/3298/566 2654/3300/641
f 2716/3397/659 2718/3396/520 2654/3300/641 2656/3302/567
f 2714/3398/569 2716/3397/659 2656/3302/567 2658/3304/525
f 2712/3399/658 2714/3398/569 2658/3304/525 2660/3306/529
f 2710/3400/657 2712/3399/658 2660/3306/529 2662/3308/531
f 2708/3401/536 2710/3400/657 2662/3308/531 2664/3310/535
f 2706/3402/656 2708/3401/536 2664/3310/535 2666/3312/642
f 2704/3403/550 2706/3402/656 2666/3312/642 2668/3314/643
f 2702/3404/575 2704/3403/550 2668/3314/643 2670/3316/543
f 2700/3405/655 2702/3404/575 2670/3316/543 2672/3318/547
f 2698/3406/654 2700/3405/655 2672/3318/547 2674/3320/483
f 2696/3407/653 2698/3406/654 2674/3320/483 2676/3322/644
f 2694/3408/652 2696/3407/653 2676/3322/644 2678/3324/645
f 2692/3409/651 2694/3408/652 2678/3324/645 2680/3326/646
f 2690/3410/650 2692/3409/651 2680/3326/646 2682/3328/558
f 2686/3332/649 2690/3410/650 2682/3328/558 2684/3330/647
f 2683/3329/75 2733/3411/75 2640/3286/75
f 2683/3329/75 2681/3327/75 2733/3411/75
f 2681/3327/75 2679/3325/75 2733/3411/75
f 2677/3323/75 2733/3411/75 2679/3325/75
f 2677/3323/75 2675/3321/75 2733/3411/75
f 2673/3319/75 2733/3411/75 2675/3321/75
f 2671/3317/75 2733/3411/75 2673/3319/75
f 2671/3317/75 2669/3315/75 2733/3411/75
f 2667/3313/75 2733/3411/75 2669/3315/75
f 2665/3311/75 2733/3411/75 2667/3313/75
f 2665/3311/75 2663/3309/75 2733/3411/75
f 2661/3307/75 2733/3411/75 2663/3309/75
f 2659/3305/75 2733/3411/75 2661/3307/75
f 2659/3305/75 2657/3303/75 2733/3411/75
f 2657/3303/75 2655/3301/75 2733/3411/75
f 2653/3299/75 2733/3411/75 2655/3301/75
f 2653/3299/75 2651/3297/75 2733/3411/75
f 2649/3295/75 2733/3411/75 2651/3297/75
f 2647/3293/75 2733/3411/75 2649/3295/75
f 2647/3293/75 2645/3291/75 2733/3411/75
f 2643/3289/75 2733/3411/75 2645/3291/75
f 2641/3287/75 2733/3411/75 2643/3289/75
f 2641/3287/75 2637/3283/75 2733/3411/75
f 2640/3286/75 2733/3411/75 2637/3283/75
s 30
f 2734/3412/1 2735/3413/2 2736/3414/3
f 2735/3413/2 2734/3412/1 2737/3415/140
f 2734/3412/1 2738/3416/343 2737/3415/140
f 2734/3412/1 2739/3417/199 2738/3416/343
f 2739/3417/199 2734/3412/1 2740/3418/97
f 2734/3412/1 2736/3414/3 2740/3418/97
f 2740/3418/97 2736/3414/3 2741/3419/142
f 2736/3414/3 2742/3420/9 2741/3419/142
f 2736/3414/3 2743/3421/637 2742/3420/9
f 2735/3413/2 2743/3421/637 2736/3414/3
f 2735/3413/2 2744/3422/11 2743/3421/637
f 2744/3422/11 2735/3413/2 2745/3423/12
f 2735/3413/2 2737/3415/140 2745/3423/12
f 2745/3423/12 2737/3415/140 2746/3424/299
f 2737/3415/140 2747/3425/146 2746/3424/299
f 2737/3415/140 2738/3416/343 2747/3425/146
f 2748/3426/15 2747/3425/146 2738/3416/343
f 2749/3427/16 2747/3428/146 2748/3429/15
f 2749/3427/16 2750/3430/149 2747/3428/146
f 2749/3427/16 2751/3431/105 2750/3430/149
f 2752/3432/19 2751/3431/105 2749/3427/16
f 2752/3432/19 2753/3433/346 2751/3431/105
f 2754/3434/21 2753/3433/346 2752/3432/19
f 2754/3434/21 2755/3435/153 2753/3433/346
f 2754/3434/21 2756/3436/235 2755/3435/153
f 2757/3437/24 2756/3436/235 2754/3434/21
f 2757/3438/24 2758/3439/25 2756/3440/235
f 2759/3441/26 2758/3439/25 2757/3438/24
f 2759/3441/26 2760/3442/27 2758/3439/25
f 2759/3441/26 2761/3443/236 2760/3442/27
f 2762/3444/29 2761/3445/236 2759/3446/26
f 2762/3444/29 2763/3447/661 2761/3445/236
f 2764/3448/161 2763/3447/661 2762/3444/29
f 2764/3449/161 2765/3450/32 2763/3451/661
f 2764/3449/161 2766/3452/294 2765/3450/32
f 2767/3453/34 2766/3454/294 2764/3448/161
f 2767/3453/34 2768/3455/209 2766/3454/294
f 2769/3456/111 2768/3455/209 2767/3453/34
f 2769/3457/111 2739/3417/199 2768/3458/209
f 2769/3457/111 2738/3416/343 2739/3417/199
f 2748/3426/15 2738/3416/343 2769/3457/111
f 2770/3459/37 2748/3429/15 2769/3456/111
f 2771/3460/112 2748/3429/15 2770/3459/37
f 2771/3460/112 2749/3427/16 2748/3429/15
f 2771/3460/112 2752/3432/19 2749/3427/16
f 2772/3461/113 2752/3432/19 2771/3460/112
f 2772/3461/113 2754/3434/21 2752/3432/19
f 2772/3461/113 2757/3437/24 2754/3434/21
f 2773/3462/40 2757/3437/24 2772/3461/113
f 2773/3462/40 2759/3446/26 2757/3437/24
f 2773/3462/40 2762/3444/29 2759/3446/26
f 2774/3463/41 2762/3444/29 2773/3462/40
f 2774/3463/41 2764/3448/161 2762/3444/29
f 2774/3463/41 2767/3453/34 2764/3448/161
f 2770/3459/37 2767/3453/34 2774/3463/41
f 2770/3459/37 2769/3456/111 2767/3453/34
f 2775/3464/42 2770/3459/37 2774/3463/41
f 2775/3464/42 2771/3460/112 2770/3459/37
f 2775/3464/42 2772/3461/113 2771/3460/112
f 2775/3464/42 2773/3462/40 2772/3461/113
f 2775/3464/42 2774/3463/41 2773/3462/40
f 2740/3418/97 2768/3458/209 2739/3417/199
f 2776/3465/264 2768/3458/209 2740/3418/97
f 2776/3466/264 2766/3452/294 2768/3467/209
f 2777/3468/304 2766/3452/294 2776/3466/264
f 2777/3468/304 2765/3450/32 2766/3452/294
f 2765/3450/32 2777/3468/304 2778/3469/635
f 2777/3468/304 2779/3470/213 2778/3469/635
f 2777/3468/304 2780/3471/638 2779/3470/213
f 2780/3471/638 2777/3468/304 2776/3466/264
f 2780/3471/638 2776/3466/264 2741/3472/142
f 2741/3419/142 2776/3465/264 2740/3418/97
f 2781/3473/48 2780/3471/638 2741/3472/142
f 2780/3471/638 2781/3473/48 2782/3474/49
f 2783/3475/50 2782/3476/49 2781/3477/48
f 2784/3478/51 2782/3476/49 2783/3475/50
f 2784/3478/51 2785/3479/52 2782/3476/49
f 2786/3480/53 2785/3479/52 2784/3478/51
f 2786/3480/53 2787/3481/54 2785/3479/52
f 2786/3480/53 2788/3482/55 2787/3481/54
f 2789/3483/662 2788/3482/55 2786/3480/53
f 2789/3484/662 2790/3485/269 2788/3486/55
f 2791/3487/58 2790/3485/269 2789/3484/662
f 2791/3487/58 2792/3488/59 2790/3485/269
f 2791/3487/58 2793/3489/331 2792/3488/59
f 2794/3490/61 2793/3491/331 2791/3492/58
f 2794/3490/61 2795/3493/62 2793/3491/331
f 2796/3494/63 2795/3493/62 2794/3490/61
f 2796/3495/63 2797/3496/333 2795/3497/62
f 2796/3495/63 2798/3498/65 2797/3496/333
f 2799/3499/66 2798/3500/65 2796/3494/63
f 2799/3499/66 2800/3501/67 2798/3500/65
f 2801/3502/663 2800/3501/67 2799/3499/66
f 2801/3503/663 2744/3422/11 2800/3504/67
f 2801/3503/663 2743/3421/637 2744/3422/11
f 2802/3505/69 2743/3421/637 2801/3503/663
f 2802/3505/69 2742/3420/9 2743/3421/637
f 2783/3475/50 2742/3506/9 2802/3507/69
f 2783/3475/50 2781/3477/48 2742/3506/9
f 2741/3419/142 2742/3420/9 2781/3508/48
f 2803/3509/70 2783/3475/50 2802/3507/69
f 2803/3509/70 2784/3478/51 2783/3475/50
f 2804/3510/71 2784/3478/51 2803/3509/70
f 2804/3510/71 2786/3480/53 2784/3478/51
f 2804/3510/71 2789/3483/662 2786/3480/53
f 2805/3511/72 2789/3483/662 2804/3510/71
f 2805/3511/72 2791/3492/58 2789/3483/662
f 2805/3511/72 2794/3490/61 2791/3492/58
f 2806/3512/73 2794/3490/61 2805/3511/72
f 2806/3512/73 2796/3494/63 2794/3490/61
f 2806/3512/73 2799/3499/66 2796/3494/63
f 2807/3513/74 2799/3499/66 2806/3512/73
f 2807/3513/74 2801/3502/663 2799/3499/66
f 2807/3513/74 2802/3507/69 2801/3502/663
f 2803/3509/70 2802/3507/69 2807/3513/74
f 2808/3514/75 2803/3509/70 2807/3513/74
f 2808/3514/75 2804/3510/71 2803/3509/70
f 2808/3514/75 2805/3511/72 2804/3510/71
f 2808/3514/75 2806/3512/73 2805/3511/72
f 2808/3514/75 2807/3513/74 2806/3512/73
f 2745/3423/12 2800/3504/67 2744/3422/11
f 2809/3515/76 2800/3504/67 2745/3423/12
f 2809/3516/76 2798/3498/65 2800/3517/67
f 2810/3518/77 2798/3498/65 2809/3516/76
f 2810/3518/77 2797/3496/333 2798/3498/65
f 2797/3496/333 2810/3518/77 2811/3519/335
f 2810/3518/77 2812/3520/272 2811/3519/335
f 2810/3518/77 2813/3521/188 2812/3520/272
f 2813/3521/188 2810/3518/77 2809/3516/76
f 2813/3521/188 2809/3516/76 2746/3522/299
f 2746/3424/299 2809/3515/76 2745/3423/12
f 2750/3523/149 2813/3521/188 2746/3522/299
f 2813/3521/188 2750/3523/149 2751/3524/105
f 2813/3521/188 2751/3524/105 2812/3520/272
f 2812/3520/272 2751/3524/105 2753/3525/346
f 2812/3520/272 2753/3525/346 2814/3526/81
f 2814/3526/81 2753/3525/346 2755/3527/153
f 2755/3527/153 2815/3528/190 2814/3526/81
f 2815/3529/190 2755/3530/153 2756/3440/235
f 2815/3529/190 2756/3440/235 2816/3531/191
f 2816/3531/191 2756/3440/235 2758/3439/25
f 2816/3531/191 2758/3439/25 2817/3532/84
f 2817/3532/84 2758/3439/25 2760/3442/27
f 2760/3442/27 2818/3533/85 2817/3532/84
f 2818/3533/85 2760/3442/27 2761/3443/236
f 2818/3533/85 2761/3443/236 2819/3534/86
f 2819/3535/86 2761/3536/236 2763/3451/661
f 2819/3535/86 2763/3451/661 2778/3469/635
f 2778/3469/635 2763/3451/661 2765/3450/32
f 2820/3537/664 2819/3535/86 2778/3469/635
f 2821/3538/196 2819/3535/86 2820/3537/664
f 2821/3539/196 2818/3533/85 2819/3534/86
f 2818/3533/85 2821/3539/196 2822/3540/89
f 2821/3539/196 2788/3486/55 2822/3540/89
f 2821/3539/196 2787/3541/54 2788/3486/55
f 2787/3542/54 2821/3538/196 2820/3537/664
f 2820/3537/664 2785/3543/52 2787/3542/54
f 2779/3470/213 2785/3543/52 2820/3537/664
f 2779/3470/213 2782/3474/49 2785/3543/52
f 2780/3471/638 2782/3474/49 2779/3470/213
f 2778/3469/635 2779/3470/213 2820/3537/664
f 2822/3540/89 2788/3486/55 2790/3485/269
f 2822/3540/89 2790/3485/269 2823/3544/90
f 2823/3544/90 2790/3485/269 2792/3488/59
f 2792/3488/59 2824/3545/91 2823/3544/90
f 2824/3545/91 2792/3488/59 2793/3489/331
f 2824/3545/91 2793/3489/331 2825/3546/92
f 2825/3547/92 2793/3548/331 2795/3497/62
f 2825/3547/92 2795/3497/62 2811/3519/335
f 2811/3519/335 2795/3497/62 2797/3496/333
f 2814/3526/81 2825/3547/92 2811/3519/335
f 2815/3528/190 2825/3547/92 2814/3526/81
f 2815/3529/190 2824/3545/91 2825/3546/92
f 2824/3545/91 2815/3529/190 2816/3531/191
f 2824/3545/91 2816/3531/191 2823/3544/90
f 2823/3544/90 2816/3531/191 2817/3532/84
f 2817/3532/84 2822/3540/89 2823/3544/90
f 2818/3533/85 2822/3540/89 2817/3532/84
f 2811/3519/335 2812/3520/272 2814/3526/81
f 2746/3424/299 2747/3425/146 2750/3549/149
s 31
f 2826/3550/1 2827/3551/2 2828/3552/139
f 2827/3551/2 2826/3550/1 2829/3553/140
f 2826/3550/1 2830/3554/5 2829/3553/140
f 2826/3550/1 2831/3555/199 2830/3554/5
f 2831/3555/199 2826/3550/1 2832/3556/97
f 2826/3550/1 2828/3552/139 2832/3556/97
f 2832/3556/97 2828/3552/139 2833/3557/142
f 2828/3552/139 2834/3558/202 2833/3557/142
f 2828/3552/139 2835/3559/10 2834/3558/202
f 2827/3551/2 2835/3559/10 2828/3552/139
f 2827/3551/2 2836/3560/345 2835/3559/10
f 2836/3560/345 2827/3551/2 2837/3561/102
f 2827/3551/2 2829/3553/140 2837/3561/102
f 2837/3561/102 2829/3553/140 2838/3562/13
f 2829/3553/140 2839/3563/14 2838/3562/13
f 2829/3553/140 2830/3554/5 2839/3563/14
f 2840/3564/15 2839/3563/14 2830/3554/5
f 2841/3565/16 2839/3566/14 2840/3567/15
f 2841/3565/16 2842/3568/17 2839/3566/14
f 2841/3565/16 2843/3569/105 2842/3568/17
f 2844/3570/19 2843/3569/105 2841/3565/16
f 2844/3570/19 2845/3571/346 2843/3569/105
f 2846/3572/21 2845/3571/346 2844/3570/19
f 2846/3572/21 2847/3573/22 2845/3571/346
f 2846/3572/21 2848/3574/154 2847/3573/22
f 2849/3575/24 2848/3574/154 2846/3572/21
f 2849/3576/24 2850/3577/25 2848/3578/154
f 2851/3579/300 2850/3577/25 2849/3576/24
f 2851/3579/300 2852/3580/27 2850/3577/25
f 2851/3579/300 2853/3581/301 2852/3580/27
f 2854/3582/29 2853/3583/301 2851/3584/300
f 2854/3582/29 2855/3585/665 2853/3583/301
f 2856/3586/31 2855/3585/665 2854/3582/29
f 2856/3587/31 2857/3588/32 2855/3589/665
f 2856/3587/31 2858/3590/33 2857/3588/32
f 2859/3591/34 2858/3592/33 2856/3586/31
f 2859/3591/34 2860/3593/35 2858/3592/33
f 2861/3594/111 2860/3593/35 2859/3591/34
f 2861/3595/111 2831/3555/199 2860/3596/35
f 2861/3595/111 2830/3554/5 2831/3555/199
f 2840/3564/15 2830/3554/5 2861/3595/111
f 2862/3597/37 2840/3567/15 2861/3594/111
f 2863/3598/112 2840/3567/15 2862/3597/37
f 2863/3598/112 2841/3565/16 2840/3567/15
f 2863/3598/112 2844/3570/19 2841/3565/16
f 2864/3599/634 2844/3570/19 2863/3598/112
f 2864/3599/634 2846/3572/21 2844/3570/19
f 2864/3599/634 2849/3575/24 2846/3572/21
f 2865/3600/168 2849/3575/24 2864/3599/634
f 2865/3600/168 2851/3584/300 2849/3575/24
f 2865/3600/168 2854/3582/29 2851/3584/300
f 2866/3601/41 2854/3582/29 2865/3600/168
f 2866/3601/41 2856/3586/31 2854/3582/29
f 2866/3601/41 2859/3591/34 2856/3586/31
f 2862/3597/37 2859/3591/34 2866/3601/41
f 2862/3597/37 2861/3594/111 2859/3591/34
f 2867/3602/42 2862/3597/37 2866/3601/41
f 2867/3602/42 2863/3598/112 2862/3597/37
f 2867/3602/42 2864/3599/634 2863/3598/112
f 2867/3602/42 2865/3600/168 2864/3599/634
f 2867/3602/42 2866/3601/41 2865/3600/168
f 2832/3556/97 2860/3596/35 2831/3555/199
f 2868/3603/264 2860/3596/35 2832/3556/97
f 2868/3604/264 2858/3590/33 2860/3605/35
f 2869/3606/44 2858/3590/33 2868/3604/264
f 2869/3606/44 2857/3588/32 2858/3590/33
f 2857/3588/32 2869/3606/44 2870/3607/635
f 2869/3606/44 2871/3608/666 2870/3607/635
f 2869/3606/44 2872/3609/353 2871/3608/666
f 2872/3609/353 2869/3606/44 2868/3604/264
f 2872/3609/353 2868/3604/264 2833/3610/142
f 2833/3557/142 2868/3603/264 2832/3556/97
f 2873/3611/115 2872/3609/353 2833/3610/142
f 2872/3609/353 2873/3611/115 2874/3612/282
f 2875/3613/50 2874/3614/282 2873/3615/115
f 2876/3616/51 2874/3614/282 2875/3613/50
f 2876/3616/51 2877/3617/174 2874/3614/282
f 2878/3618/53 2877/3617/174 2876/3616/51
f 2878/3618/53 2879/3619/118 2877/3617/174
f 2878/3618/53 2880/3620/216 2879/3619/118
f 2881/3621/56 2880/3620/216 2878/3618/53
f 2881/3622/56 2882/3623/253 2880/3624/216
f 2883/3625/58 2882/3623/253 2881/3622/56
f 2883/3625/58 2884/3626/59 2882/3623/253
f 2883/3625/58 2885/3627/305 2884/3626/59
f 2886/3628/61 2885/3629/305 2883/3630/58
f 2886/3628/61 2887/3631/667 2885/3629/305
f 2888/3632/63 2887/3631/667 2886/3628/61
f 2888/3633/63 2889/3634/64 2887/3635/667
f 2888/3633/63 2890/3636/65 2889/3634/64
f 2891/3637/66 2890/3638/65 2888/3632/63
f 2891/3637/66 2892/3639/288 2890/3638/65
f 2893/3640/68 2892/3639/288 2891/3637/66
f 2893/3641/68 2836/3560/345 2892/3642/288
f 2893/3641/68 2835/3559/10 2836/3560/345
f 2894/3643/69 2835/3559/10 2893/3641/68
f 2894/3643/69 2834/3558/202 2835/3559/10
f 2875/3613/50 2834/3644/202 2894/3645/69
f 2875/3613/50 2873/3615/115 2834/3644/202
f 2833/3557/142 2834/3558/202 2873/3646/115
f 2895/3647/70 2875/3613/50 2894/3645/69
f 2895/3647/70 2876/3616/51 2875/3613/50
f 2896/3648/71 2876/3616/51 2895/3647/70
f 2896/3648/71 2878/3618/53 2876/3616/51
f 2896/3648/71 2881/3621/56 2878/3618/53
f 2897/3649/72 2881/3621/56 2896/3648/71
f 2897/3649/72 2883/3630/58 2881/3621/56
f 2897/3649/72 2886/3628/61 2883/3630/58
f 2898/3650/73 2886/3628/61 2897/3649/72
f 2898/3650/73 2888/3632/63 2886/3628/61
f 2898/3650/73 2891/3637/66 2888/3632/63
f 2899/3651/184 2891/3637/66 2898/3650/73
f 2899/3651/184 2893/3640/68 2891/3637/66
f 2899/3651/184 2894/3645/69 2893/3640/68
f 2895/3647/70 2894/3645/69 2899/3651/184
f 2900/3652/75 2895/3647/70 2899/3651/184
f 2900/3652/75 2896/3648/71 2895/3647/70
f 2900/3652/75 2897/3649/72 2896/3648/71
f 2900/3652/75 2898/3650/73 2897/3649/72
f 2900/3652/75 2899/3651/184 2898/3650/73
f 2837/3561/102 2892/3642/288 2836/3560/345
f 2901/3653/76 2892/3642/288 2837/3561/102
f 2901/3654/76 2890/3636/65 2892/3655/288
f 2902/3656/289 2890/3636/65 2901/3654/76
f 2902/3656/289 2889/3634/64 2890/3636/65
f 2889/3634/64 2902/3656/289 2903/3657/290
f 2902/3656/289 2904/3658/272 2903/3657/290
f 2902/3656/289 2905/3659/241 2904/3658/272
f 2905/3659/241 2902/3656/289 2901/3654/76
f 2905/3659/241 2901/3654/76 2838/3660/13
f 2838/3562/13 2901/3653/76 2837/3561/102
f 2842/3661/17 2905/3659/241 2838/3660/13
f 2905/3659/241 2842/3661/17 2843/3662/105
f 2905/3659/241 2843/3662/105 2904/3658/272
f 2904/3658/272 2843/3662/105 2845/3663/346
f 2904/3658/272 2845/3663/346 2906/3664/128
f 2906/3664/128 2845/3663/346 2847/3665/22
f 2847/3665/22 2907/3666/190 2906/3664/128
f 2907/3667/190 2847/3668/22 2848/3578/154
f 2907/3667/190 2848/3578/154 2908/3669/191
f 2908/3669/191 2848/3578/154 2850/3577/25
f 2908/3669/191 2850/3577/25 2909/3670/243
f 2909/3670/243 2850/3577/25 2852/3580/27
f 2852/3580/27 2910/3671/244 2909/3670/243
f 2910/3671/244 2852/3580/27 2853/3581/301
f 2910/3671/244 2853/3581/301 2911/3672/86
f 2911/3673/86 2853/3674/301 2855/3589/665
f 2911/3673/86 2855/3589/665 2870/3607/635
f 2870/3607/635 2855/3589/665 2857/3588/32
f 2912/3675/133 2911/3673/86 2870/3607/635
f 2913/3676/196 2911/3673/86 2912/3675/133
f 2913/3677/196 2910/3671/244 2911/3672/86
f 2910/3671/244 2913/3677/196 2914/3678/89
f 2913/3677/196 2880/3624/216 2914/3678/89
f 2913/3677/196 2879/3679/118 2880/3624/216
f 2879/3680/118 2913/3676/196 2912/3675/133
f 2912/3675/133 2877/3681/174 2879/3680/118
f 2871/3608/666 2877/3681/174 2912/3675/133
f 2871/3608/666 2874/3612/282 2877/3681/174
f 2872/3609/353 2874/3612/282 2871/3608/666
f 2870/3607/635 2871/3608/666 2912/3675/133
f 2914/3678/89 2880/3624/216 2882/3623/253
f 2914/3678/89 2882/3623/253 2915/3682/90
f 2915/3682/90 2882/3623/253 2884/3626/59
f 2884/3626/59 2916/3683/136 2915/3682/90
f 2916/3683/136 2884/3626/59 2885/3627/305
f 2916/3683/136 2885/3627/305 2917/3684/274
f 2917/3685/274 2885/3686/305 2887/3635/667
f 2917/3685/274 2887/3635/667 2903/3657/290
f 2903/3657/290 2887/3635/667 2889/3634/64
f 2906/3664/128 2917/3685/274 2903/3657/290
f 2907/3666/190 2917/3685/274 2906/3664/128
f 2907/3667/190 2916/3683/136 2917/3684/274
f 2916/3683/136 2907/3667/190 2908/3669/191
f 2916/3683/136 2908/3669/191 2915/3682/90
f 2915/3682/90 2908/3669/191 2909/3670/243
f 2909/3670/243 2914/3678/89 2915/3682/90
f 2910/3671/244 2914/3678/89 2909/3670/243
f 2903/3657/290 2904/3658/272 2906/3664/128
f 2838/3562/13 2839/3563/14 2842/3687/17
s 32
f 2918/3688/1 2919/3689/138 2920/3690/3
f 2919/3689/138 2918/3688/1 2921/3691/140
f 2918/3688/1 2922/3692/246 2921/3691/140
f 2918/3688/1 2923/3693/96 2922/3692/246
f 2923/3693/96 2918/3688/1 2924/3694/97
f 2918/3688/1 2920/3690/3 2924/3694/97
f 2924/3694/97 2920/3690/3 2925/3695/8
f 2920/3690/3 2926/3696/143 2925/3695/8
f 2920/3690/3 2927/3697/144 2926/3696/143
f 2919/3689/138 2927/3697/144 2920/3690/3
f 2919/3689/138 2928/3698/101 2927/3697/144
f 2928/3698/101 2919/3689/138 2929/3699/668
f 2919/3689/138 2921/3691/140 2929/3699/668
f 2929/3699/668 2921/3691/140 2930/3700/145
f 2921/3691/140 2931/3701/259 2930/3700/145
f 2921/3691/140 2922/3692/246 2931/3701/259
f 2932/3702/260 2931/3701/259 2922/3692/246
f 2933/3703/16 2931/3704/259 2932/3705/260
f 2933/3703/16 2934/3706/149 2931/3704/259
f 2933/3703/16 2935/3707/105 2934/3706/149
f 2936/3708/262 2935/3707/105 2933/3703/16
f 2936/3708/262 2937/3709/20 2935/3707/105
f 2938/3710/21 2937/3709/20 2936/3708/262
f 2938/3710/21 2939/3711/22 2937/3709/20
f 2938/3710/21 2940/3712/235 2939/3711/22
f 2941/3713/263 2940/3712/235 2938/3710/21
f 2941/3714/263 2942/3715/625 2940/3716/235
f 2943/3717/26 2942/3715/625 2941/3714/263
f 2943/3717/26 2944/3718/206 2942/3715/625
f 2943/3717/26 2945/3719/158 2944/3718/206
f 2946/3720/159 2945/3721/158 2943/3722/26
f 2946/3720/159 2947/3723/160 2945/3721/158
f 2948/3724/31 2947/3723/160 2946/3720/159
f 2948/3725/31 2949/3726/109 2947/3727/160
f 2948/3725/31 2950/3728/110 2949/3726/109
f 2951/3729/163 2950/3730/110 2948/3724/31
f 2951/3729/163 2952/3731/164 2950/3730/110
f 2953/3732/111 2952/3731/164 2951/3729/163
f 2953/3733/111 2923/3693/96 2952/3734/164
f 2953/3733/111 2922/3692/246 2923/3693/96
f 2932/3702/260 2922/3692/246 2953/3733/111
f 2954/3735/37 2932/3705/260 2953/3732/111
f 2955/3736/277 2932/3705/260 2954/3735/37
f 2955/3736/277 2933/3703/16 2932/3705/260
f 2955/3736/277 2936/3708/262 2933/3703/16
f 2956/3737/167 2936/3708/262 2955/3736/277
f 2956/3737/167 2938/3710/21 2936/3708/262
f 2956/3737/167 2941/3713/263 2938/3710/21
f 2957/3738/40 2941/3713/263 2956/3737/167
f 2957/3738/40 2943/3722/26 2941/3713/263
f 2957/3738/40 2946/3720/159 2943/3722/26
f 2958/3739/41 2946/3720/159 2957/3738/40
f 2958/3739/41 2948/3724/31 2946/3720/159
f 2958/3739/41 2951/3729/163 2948/3724/31
f 2954/3735/37 2951/3729/163 2958/3739/41
f 2954/3735/37 2953/3732/111 2951/3729/163
f 2959/3740/42 2954/3735/37 2958/3739/41
f 2959/3740/42 2955/3736/277 2954/3735/37
f 2959/3740/42 2956/3737/167 2955/3736/277
f 2959/3740/42 2957/3738/40 2956/3737/167
f 2959/3740/42 2958/3739/41 2957/3738/40
f 2924/3694/97 2952/3734/164 2923/3693/96
f 2960/3741/43 2952/3734/164 2924/3694/97
f 2960/3742/43 2950/3728/110 2952/3743/164
f 2961/3744/44 2950/3728/110 2960/3742/43
f 2961/3744/44 2949/3726/109 2950/3728/110
f 2949/3726/109 2961/3744/44 2962/3745/238
f 2961/3744/44 2963/3746/46 2962/3745/238
f 2961/3744/44 2964/3747/47 2963/3746/46
f 2964/3747/47 2961/3744/44 2960/3742/43
f 2964/3747/47 2960/3742/43 2925/3748/8
f 2925/3695/8 2960/3741/43 2924/3694/97
f 2965/3749/48 2964/3747/47 2925/3748/8
f 2964/3747/47 2965/3749/48 2966/3750/49
f 2967/3751/50 2966/3752/49 2965/3753/48
f 2968/3754/215 2966/3752/49 2967/3751/50
f 2968/3754/215 2969/3755/174 2966/3752/49
f 2970/3756/117 2969/3755/174 2968/3754/215
f 2970/3756/117 2971/3757/118 2969/3755/174
f 2970/3756/117 2972/3758/55 2971/3757/118
f 2973/3759/662 2972/3758/55 2970/3756/117
f 2973/3760/662 2974/3761/57 2972/3762/55
f 2975/3763/58 2974/3761/57 2973/3760/662
f 2975/3763/58 2976/3764/177 2974/3761/57
f 2975/3763/58 2977/3765/60 2976/3764/177
f 2978/3766/286 2977/3767/60 2975/3768/58
f 2978/3766/286 2979/3769/178 2977/3767/60
f 2980/3770/63 2979/3769/178 2978/3766/286
f 2980/3771/63 2981/3772/64 2979/3773/178
f 2980/3771/63 2982/3774/220 2981/3772/64
f 2983/3775/270 2982/3776/220 2980/3770/63
f 2983/3775/270 2984/3777/122 2982/3776/220
f 2985/3778/68 2984/3777/122 2983/3775/270
f 2985/3779/68 2928/3698/101 2984/3780/122
f 2985/3779/68 2927/3697/144 2928/3698/101
f 2986/3781/180 2927/3697/144 2985/3779/68
f 2986/3781/180 2926/3696/143 2927/3697/144
f 2967/3751/50 2926/3782/143 2986/3783/180
f 2967/3751/50 2965/3753/48 2926/3782/143
f 2925/3695/8 2926/3696/143 2965/3784/48
f 2987/3785/181 2967/3751/50 2986/3783/180
f 2987/3785/181 2968/3754/215 2967/3751/50
f 2988/3786/71 2968/3754/215 2987/3785/181
f 2988/3786/71 2970/3756/117 2968/3754/215
f 2988/3786/71 2973/3759/662 2970/3756/117
f 2989/3787/72 2973/3759/662 2988/3786/71
f 2989/3787/72 2975/3768/58 2973/3759/662
f 2989/3787/72 2978/3766/286 2975/3768/58
f 2990/3788/73 2978/3766/286 2989/3787/72
f 2990/3788/73 2980/3770/63 2978/3766/286
f 2990/3788/73 2983/3775/270 2980/3770/63
f 2991/3789/74 2983/3775/270 2990/3788/73
f 2991/3789/74 2985/3778/68 2983/3775/270
f 2991/3789/74 2986/3783/180 2985/3778/68
f 2987/3785/181 2986/3783/180 2991/3789/74
f 2992/3790/75 2987/3785/181 2991/3789/74
f 2992/3790/75 2988/3786/71 2987/3785/181
f 2992/3790/75 2989/3787/72 2988/3786/71
f 2992/3790/75 2990/3788/73 2989/3787/72
f 2992/3790/75 2991/3789/74 2990/3788/73
f 2929/3699/668 2984/3780/122 2928/3698/101
f 2993/3791/76 2984/3780/122 2929/3699/668
f 2993/3792/76 2982/3774/220 2984/3793/122
f 2994/3794/341 2982/3774/220 2993/3792/76
f 2994/3794/341 2981/3772/64 2982/3774/220
f 2981/3772/64 2994/3794/341 2995/3795/225
f 2994/3794/341 2996/3796/669 2995/3795/225
f 2994/3794/341 2997/3797/297 2996/3796/669
f 2997/3797/297 2994/3794/341 2993/3792/76
f 2997/3797/297 2993/3792/76 2930/3798/145
f 2930/3700/145 2993/3791/76 2929/3699/668
f 2934/3799/149 2997/3797/297 2930/3798/145
f 2997/3797/297 2934/3799/149 2935/3800/105
f 2997/3797/297 2935/3800/105 2996/3796/669
f 2996/3796/669 2935/3800/105 2937/3801/20
f 2996/3796/669 2937/3801/20 2998/3802/242
f 2998/3802/242 2937/3801/20 2939/3803/22
f 2939/3803/22 2999/3804/190 2998/3802/242
f 2999/3805/190 2939/3806/22 2940/3716/235
f 2999/3805/190 2940/3716/235 3000/3807/191
f 3000/3807/191 2940/3716/235 2942/3715/625
f 3000/3807/191 2942/3715/625 3001/3808/84
f 3001/3808/84 2942/3715/625 2944/3718/206
f 2944/3718/206 3002/3809/193 3001/3808/84
f 3002/3809/193 2944/3718/206 2945/3719/158
f 3002/3809/193 2945/3719/158 3003/3810/245
f 3003/3811/245 2945/3812/158 2947/3727/160
f 3003/3811/245 2947/3727/160 2962/3745/238
f 2962/3745/238 2947/3727/160 2949/3726/109
f 3004/3813/87 3003/3811/245 2962/3745/238
f 3005/3814/134 3003/3811/245 3004/3813/87
f 3005/3815/134 3002/3809/193 3003/3810/245
f 3002/3809/193 3005/3815/134 3006/3816/89
f 3005/3815/134 2972/3762/55 3006/3816/89
f 3005/3815/134 2971/3817/118 2972/3762/55
f 2971/3818/118 3005/3814/134 3004/3813/87
f 3004/3813/87 2969/3819/174 2971/3818/118
f 2963/3746/46 2969/3819/174 3004/3813/87
f 2963/3746/46 2966/3750/49 2969/3819/174
f 2964/3747/47 2966/3750/49 2963/3746/46
f 2962/3745/238 2963/3746/46 3004/3813/87
f 3006/3816/89 2972/3762/55 2974/3761/57
f 3006/3816/89 2974/3761/57 3007/3820/90
f 3007/3820/90 2974/3761/57 2976/3764/177
f 2976/3764/177 3008/3821/197 3007/3820/90
f 3008/3821/197 2976/3764/177 2977/3765/60
f 3008/3821/197 2977/3765/60 3009/3822/137
f 3009/3823/137 2977/3824/60 2979/3773/178
f 3009/3823/137 2979/3773/178 2995/3795/225
f 2995/3795/225 2979/3773/178 2981/3772/64
f 2998/3802/242 3009/3823/137 2995/3795/225
f 2999/3804/190 3009/3823/137 2998/3802/242
f 2999/3805/190 3008/3821/197 3009/3822/137
f 3008/3821/197 2999/3805/190 3000/3807/191
f 3008/3821/197 3000/3807/191 3007/3820/90
f 3007/3820/90 3000/3807/191 3001/3808/84
f 3001/3808/84 3006/3816/89 3007/3820/90
f 3002/3809/193 3006/3816/89 3001/3808/84
f 2995/3795/225 2996/3796/669 2998/3802/242
f 2930/3700/145 2931/3701/259 2934/3825/149
s 33
f 3010/3826/1 3011/3827/2 3012/3828/139
f 3011/3827/2 3010/3826/1 3013/3829/140
f 3010/3826/1 3014/3830/246 3013/3829/140
f 3010/3826/1 3015/3831/96 3014/3830/246
f 3015/3831/96 3010/3826/1 3016/3832/7
f 3010/3826/1 3012/3828/139 3016/3832/7
f 3016/3832/7 3012/3828/139 3017/3833/142
f 3012/3828/139 3018/3834/202 3017/3833/142
f 3012/3828/139 3019/3835/631 3018/3834/202
f 3011/3827/2 3019/3835/631 3012/3828/139
f 3011/3827/2 3020/3836/101 3019/3835/631
f 3020/3836/101 3011/3827/2 3021/3837/12
f 3011/3827/2 3013/3829/140 3021/3837/12
f 3021/3837/12 3013/3829/140 3022/3838/13
f 3013/3829/140 3023/3839/146 3022/3838/13
f 3013/3829/140 3014/3830/246 3023/3839/146
f 3024/3840/15 3023/3839/146 3014/3830/246
f 3025/3841/16 3023/3842/146 3024/3843/15
f 3025/3841/16 3026/3844/149 3023/3842/146
f 3025/3841/16 3027/3845/105 3026/3844/149
f 3028/3846/19 3027/3845/105 3025/3841/16
f 3028/3846/19 3029/3847/20 3027/3845/105
f 3030/3848/21 3029/3847/20 3028/3846/19
f 3030/3848/21 3031/3849/153 3029/3847/20
f 3030/3848/21 3032/3850/235 3031/3849/153
f 3033/3851/24 3032/3850/235 3030/3848/21
f 3033/3852/24 3034/3853/249 3032/3854/235
f 3035/3855/300 3034/3853/249 3033/3852/24
f 3035/3855/300 3036/3856/27 3034/3853/249
f 3035/3855/300 3037/3857/236 3036/3856/27
f 3038/3858/29 3037/3859/236 3035/3860/300
f 3038/3858/29 3039/3861/108 3037/3859/236
f 3040/3862/31 3039/3861/108 3038/3858/29
f 3040/3863/31 3041/3864/32 3039/3865/108
f 3040/3863/31 3042/3866/110 3041/3864/32
f 3043/3867/34 3042/3868/110 3040/3862/31
f 3043/3867/34 3044/3869/164 3042/3868/110
f 3045/3870/302 3044/3869/164 3043/3867/34
f 3045/3871/302 3015/3831/96 3044/3872/164
f 3045/3871/302 3014/3830/246 3015/3831/96
f 3024/3840/15 3014/3830/246 3045/3871/302
f 3046/3873/37 3024/3843/15 3045/3870/302
f 3047/3874/303 3024/3843/15 3046/3873/37
f 3047/3874/303 3025/3841/16 3024/3843/15
f 3047/3874/303 3028/3846/19 3025/3841/16
f 3048/3875/113 3028/3846/19 3047/3874/303
f 3048/3875/113 3030/3848/21 3028/3846/19
f 3048/3875/113 3033/3851/24 3030/3848/21
f 3049/3876/40 3033/3851/24 3048/3875/113
f 3049/3876/40 3035/3860/300 3033/3851/24
f 3049/3876/40 3038/3858/29 3035/3860/300
f 3050/3877/41 3038/3858/29 3049/3876/40
f 3050/3877/41 3040/3862/31 3038/3858/29
f 3050/3877/41 3043/3867/34 3040/3862/31
f 3046/3873/37 3043/3867/34 3050/3877/41
f 3046/3873/37 3045/3870/302 3043/3867/34
f 3051/3878/42 3046/3873/37 3050/3877/41
f 3051/3878/42 3047/3874/303 3046/3873/37
f 3051/3878/42 3048/3875/113 3047/3874/303
f 3051/3878/42 3049/3876/40 3048/3875/113
f 3051/3878/42 3050/3877/41 3049/3876/40
f 3016/3832/7 3044/3872/164 3015/3831/96
f 3052/3879/43 3044/3872/164 3016/3832/7
f 3052/3880/43 3042/3866/110 3044/3881/164
f 3053/3882/304 3042/3866/110 3052/3880/43
f 3053/3882/304 3041/3864/32 3042/3866/110
f 3041/3864/32 3053/3882/304 3054/3883/45
f 3053/3882/304 3055/3884/666 3054/3883/45
f 3053/3882/304 3056/3885/353 3055/3884/666
f 3056/3885/353 3053/3882/304 3052/3880/43
f 3056/3885/353 3052/3880/43 3017/3886/142
f 3017/3833/142 3052/3879/43 3016/3832/7
f 3057/3887/115 3056/3885/353 3017/3886/142
f 3056/3885/353 3057/3887/115 3058/3888/49
f 3059/3889/50 3058/3890/49 3057/3891/115
f 3060/3892/215 3058/3890/49 3059/3889/50
f 3060/3892/215 3061/3893/283 3058/3890/49
f 3062/3894/53 3061/3893/283 3060/3892/215
f 3062/3894/53 3063/3895/118 3061/3893/283
f 3062/3894/53 3064/3896/216 3063/3895/118
f 3065/3897/56 3064/3896/216 3062/3894/53
f 3065/3898/56 3066/3899/670 3064/3900/216
f 3067/3901/254 3066/3899/670 3065/3898/56
f 3067/3901/254 3068/3902/59 3066/3899/670
f 3067/3901/254 3069/3903/331 3068/3902/59
f 3070/3904/61 3069/3905/331 3067/3906/254
f 3070/3904/61 3071/3907/62 3069/3905/331
f 3072/3908/63 3071/3907/62 3070/3904/61
f 3072/3909/63 3073/3910/64 3071/3911/62
f 3072/3909/63 3074/3912/287 3073/3910/64
f 3075/3913/66 3074/3914/287 3072/3908/63
f 3075/3913/66 3076/3915/307 3074/3914/287
f 3077/3916/68 3076/3915/307 3075/3913/66
f 3077/3917/68 3020/3836/101 3076/3918/307
f 3077/3917/68 3019/3835/631 3020/3836/101
f 3078/3919/69 3019/3835/631 3077/3917/68
f 3078/3919/69 3018/3834/202 3019/3835/631
f 3059/3889/50 3018/3920/202 3078/3921/69
f 3059/3889/50 3057/3891/115 3018/3920/202
f 3017/3833/142 3018/3834/202 3057/3922/115
f 3079/3923/70 3059/3889/50 3078/3921/69
f 3079/3923/70 3060/3892/215 3059/3889/50
f 3080/3924/71 3060/3892/215 3079/3923/70
f 3080/3924/71 3062/3894/53 3060/3892/215
f 3080/3924/71 3065/3897/56 3062/3894/53
f 3081/3925/72 3065/3897/56 3080/3924/71
f 3081/3925/72 3067/3906/254 3065/3897/56
f 3081/3925/72 3070/3904/61 3067/3906/254
f 3082/3926/73 3070/3904/61 3081/3925/72
f 3082/3926/73 3072/3908/63 3070/3904/61
f 3082/3926/73 3075/3913/66 3072/3908/63
f 3083/3927/184 3075/3913/66 3082/3926/73
f 3083/3927/184 3077/3916/68 3075/3913/66
f 3083/3927/184 3078/3921/69 3077/3916/68
f 3079/3923/70 3078/3921/69 3083/3927/184
f 3084/3928/75 3079/3923/70 3083/3927/184
f 3084/3928/75 3080/3924/71 3079/3923/70
f 3084/3928/75 3081/3925/72 3080/3924/71
f 3084/3928/75 3082/3926/73 3081/3925/72
f 3084/3928/75 3083/3927/184 3082/3926/73
f 3021/3837/12 3076/3918/307 3020/3836/101
f 3085/3929/185 3076/3918/307 3021/3837/12
f 3085/3930/185 3074/3912/287 3076/3931/307
f 3086/3932/77 3074/3912/287 3085/3930/185
f 3086/3932/77 3073/3910/64 3074/3912/287
f 3073/3910/64 3086/3932/77 3087/3933/290
f 3086/3932/77 3088/3934/669 3087/3933/290
f 3086/3932/77 3089/3935/188 3088/3934/669
f 3089/3935/188 3086/3932/77 3085/3930/185
f 3089/3935/188 3085/3930/185 3022/3936/13
f 3022/3838/13 3085/3929/185 3021/3837/12
f 3026/3937/149 3089/3935/188 3022/3936/13
f 3089/3935/188 3026/3937/149 3027/3938/105
f 3089/3935/188 3027/3938/105 3088/3934/669
f 3088/3934/669 3027/3938/105 3029/3939/20
f 3088/3934/669 3029/3939/20 3090/3940/81
f 3090/3940/81 3029/3939/20 3031/3941/153
f 3031/3941/153 3091/3942/190 3090/3940/81
f 3091/3943/190 3031/3944/153 3032/3854/235
f 3091/3943/190 3032/3854/235 3092/3945/191
f 3092/3945/191 3032/3854/235 3034/3853/249
f 3092/3945/191 3034/3853/249 3093/3946/84
f 3093/3946/84 3034/3853/249 3036/3856/27
f 3036/3856/27 3094/3947/85 3093/3946/84
f 3094/3947/85 3036/3856/27 3037/3857/236
f 3094/3947/85 3037/3857/236 3095/3948/86
f 3095/3949/86 3037/3950/236 3039/3865/108
f 3095/3949/86 3039/3865/108 3054/3883/45
f 3054/3883/45 3039/3865/108 3041/3864/32
f 3096/3951/671 3095/3949/86 3054/3883/45
f 3097/3952/196 3095/3949/86 3096/3951/671
f 3097/3953/196 3094/3947/85 3095/3948/86
f 3094/3947/85 3097/3953/196 3098/3954/630
f 3097/3953/196 3064/3900/216 3098/3954/630
f 3097/3953/196 3063/3955/118 3064/3900/216
f 3063/3956/118 3097/3952/196 3096/3951/671
f 3096/3951/671 3061/3957/283 3063/3956/118
f 3055/3884/666 3061/3957/283 3096/3951/671
f 3055/3884/666 3058/3888/49 3061/3957/283
f 3056/3885/353 3058/3888/49 3055/3884/666
f 3054/3883/45 3055/3884/666 3096/3951/671
f 3098/3954/630 3064/3900/216 3066/3899/670
f 3098/3954/630 3066/3899/670 3099/3958/90
f 3099/3958/90 3066/3899/670 3068/3902/59
f 3068/3902/59 3100/3959/91 3099/3958/90
f 3100/3959/91 3068/3902/59 3069/3903/331
f 3100/3959/91 3069/3903/331 3101/3960/137
f 3101/3961/137 3069/3962/331 3071/3911/62
f 3101/3961/137 3071/3911/62 3087/3933/290
f 3087/3933/290 3071/3911/62 3073/3910/64
f 3090/3940/81 3101/3961/137 3087/3933/290
f 3091/3942/190 3101/3961/137 3090/3940/81
f 3091/3943/190 3100/3959/91 3101/3960/137
f 3100/3959/91 3091/3943/190 3092/3945/191
f 3100/3959/91 3092/3945/191 3099/3958/90
f 3099/3958/90 3092/3945/191 3093/3946/84
f 3093/3946/84 3098/3954/630 3099/3958/90
f 3094/3947/85 3098/3954/630 3093/3946/84
f 3087/3933/290 3088/3934/669 3090/3940/81
f 3022/3838/13 3023/3839/146 3026/3963/149
s 34
f 3102/3964/1 3103/3965/2 3104/3966/3
f 3103/3965/2 3102/3964/1 3105/3967/140
f 3102/3964/1 3106/3968/141 3105/3967/140
f 3102/3964/1 3107/3969/199 3106/3968/141
f 3107/3969/199 3102/3964/1 3108/3970/7
f 3102/3964/1 3104/3966/3 3108/3970/7
f 3108/3970/7 3104/3966/3 3109/3971/8
f 3104/3966/3 3110/3972/9 3109/3971/8
f 3104/3966/3 3111/3973/10 3110/3972/9
f 3103/3965/2 3111/3973/10 3104/3966/3
f 3103/3965/2 3112/3974/11 3111/3973/10
f 3112/3974/11 3103/3965/2 3113/3975/102
f 3103/3965/2 3105/3967/140 3113/3975/102
f 3113/3975/102 3105/3967/140 3114/3976/13
f 3105/3967/140 3115/3977/259 3114/3976/13
f 3105/3967/140 3106/3968/141 3115/3977/259
f 3116/3978/147 3115/3977/259 3106/3968/141
f 3117/3979/204 3115/3980/259 3116/3981/147
f 3117/3979/204 3118/3982/17 3115/3980/259
f 3117/3979/204 3119/3983/105 3118/3982/17
f 3120/3984/151 3119/3983/105 3117/3979/204
f 3120/3984/151 3121/3985/20 3119/3983/105
f 3122/3986/21 3121/3985/20 3120/3984/151
f 3122/3986/21 3123/3987/22 3121/3985/20
f 3122/3986/21 3124/3988/23 3123/3987/22
f 3125/3989/263 3124/3988/23 3122/3986/21
f 3125/3990/263 3126/3991/249 3124/3992/23
f 3127/3993/26 3126/3991/249 3125/3990/263
f 3127/3993/26 3128/3994/27 3126/3991/249
f 3127/3993/26 3129/3995/236 3128/3994/27
f 3130/3996/29 3129/3997/236 3127/3998/26
f 3130/3996/29 3131/3999/661 3129/3997/236
f 3132/4000/31 3131/3999/661 3130/3996/29
f 3132/4001/31 3133/4002/32 3131/4003/661
f 3132/4001/31 3134/4004/162 3133/4002/32
f 3135/4005/163 3134/4006/162 3132/4000/31
f 3135/4005/163 3136/4007/164 3134/4006/162
f 3137/4008/111 3136/4007/164 3135/4005/163
f 3137/4009/111 3107/3969/199 3136/4010/164
f 3137/4009/111 3106/3968/141 3107/3969/199
f 3116/3978/147 3106/3968/141 3137/4009/111
f 3138/4011/37 3116/3981/147 3137/4008/111
f 3139/4012/112 3116/3981/147 3138/4011/37
f 3139/4012/112 3117/3979/204 3116/3981/147
f 3139/4012/112 3120/3984/151 3117/3979/204
f 3140/4013/167 3120/3984/151 3139/4012/112
f 3140/4013/167 3122/3986/21 3120/3984/151
f 3140/4013/167 3125/3989/263 3122/3986/21
f 3141/4014/168 3125/3989/263 3140/4013/167
f 3141/4014/168 3127/3998/26 3125/3989/263
f 3141/4014/168 3130/3996/29 3127/3998/26
f 3142/4015/41 3130/3996/29 3141/4014/168
f 3142/4015/41 3132/4000/31 3130/3996/29
f 3142/4015/41 3135/4005/163 3132/4000/31
f 3138/4011/37 3135/4005/163 3142/4015/41
f 3138/4011/37 3137/4008/111 3135/4005/163
f 3143/4016/42 3138/4011/37 3142/4015/41
f 3143/4016/42 3139/4012/112 3138/4011/37
f 3143/4016/42 3140/4013/167 3139/4012/112
f 3143/4016/42 3141/4014/168 3140/4013/167
f 3143/4016/42 3142/4015/41 3141/4014/168
f 3108/3970/7 3136/4010/164 3107/3969/199
f 3144/4017/264 3136/4010/164 3108/3970/7
f 3144/4018/264 3134/4004/162 3136/4019/164
f 3145/4020/44 3134/4004/162 3144/4018/264
f 3145/4020/44 3133/4002/32 3134/4004/162
f 3133/4002/32 3145/4020/44 3146/4021/45
f 3145/4020/44 3147/4022/171 3146/4021/45
f 3145/4020/44 3148/4023/47 3147/4022/171
f 3148/4023/47 3145/4020/44 3144/4018/264
f 3148/4023/47 3144/4018/264 3109/4024/8
f 3109/3971/8 3144/4017/264 3108/3970/7
f 3149/4025/48 3148/4023/47 3109/4024/8
f 3148/4023/47 3149/4025/48 3150/4026/116
f 3151/4027/50 3150/4028/116 3149/4029/48
f 3152/4030/173 3150/4028/116 3151/4027/50
f 3152/4030/173 3153/4031/52 3150/4028/116
f 3154/4032/672 3153/4031/52 3152/4030/173
f 3154/4032/672 3155/4033/54 3153/4031/52
f 3154/4032/672 3156/4034/216 3155/4033/54
f 3157/4035/176 3156/4034/216 3154/4032/672
f 3157/4036/176 3158/4037/253 3156/4038/216
f 3159/4039/254 3158/4037/253 3157/4036/176
f 3159/4039/254 3160/4040/59 3158/4037/253
f 3159/4039/254 3161/4041/60 3160/4040/59
f 3162/4042/218 3161/4043/60 3159/4044/254
f 3162/4042/218 3163/4045/62 3161/4043/60
f 3164/4046/339 3163/4045/62 3162/4042/218
f 3164/4047/339 3165/4048/219 3163/4049/62
f 3164/4047/339 3166/4050/255 3165/4048/219
f 3167/4051/221 3166/4052/255 3164/4046/339
f 3167/4051/221 3168/4053/67 3166/4052/255
f 3169/4054/68 3168/4053/67 3167/4051/221
f 3169/4055/68 3112/3974/11 3168/4056/67
f 3169/4055/68 3111/3973/10 3112/3974/11
f 3170/4057/222 3111/3973/10 3169/4055/68
f 3170/4057/222 3110/3972/9 3111/3973/10
f 3151/4027/50 3110/4058/9 3170/4059/222
f 3151/4027/50 3149/4029/48 3110/4058/9
f 3109/3971/8 3110/3972/9 3149/4060/48
f 3171/4061/70 3151/4027/50 3170/4059/222
f 3171/4061/70 3152/4030/173 3151/4027/50
f 3172/4062/182 3152/4030/173 3171/4061/70
f 3172/4062/182 3154/4032/672 3152/4030/173
f 3172/4062/182 3157/4035/176 3154/4032/672
f 3173/4063/183 3157/4035/176 3172/4062/182
f 3173/4063/183 3159/4044/254 3157/4035/176
f 3173/4063/183 3162/4042/218 3159/4044/254
f 3174/4064/73 3162/4042/218 3173/4063/183
f 3174/4064/73 3164/4046/339 3162/4042/218
f 3174/4064/73 3167/4051/221 3164/4046/339
f 3175/4065/184 3167/4051/221 3174/4064/73
f 3175/4065/184 3169/4054/68 3167/4051/221
f 3175/4065/184 3170/4059/222 3169/4054/68
f 3171/4061/70 3170/4059/222 3175/4065/184
f 3176/4066/75 3171/4061/70 3175/4065/184
f 3176/4066/75 3172/4062/182 3171/4061/70
f 3176/4066/75 3173/4063/183 3172/4062/182
f 3176/4066/75 3174/4064/73 3173/4063/183
f 3176/4066/75 3175/4065/184 3174/4064/73
f 3113/3975/102 3168/4056/67 3112/3974/11
f 3177/4067/76 3168/4056/67 3113/3975/102
f 3177/4068/76 3166/4050/255 3168/4069/67
f 3178/4070/257 3166/4050/255 3177/4068/76
f 3178/4070/257 3165/4048/219 3166/4050/255
f 3165/4048/219 3178/4070/257 3179/4071/126
f 3178/4070/257 3180/4072/79 3179/4071/126
f 3178/4070/257 3181/4073/188 3180/4072/79
f 3181/4073/188 3178/4070/257 3177/4068/76
f 3181/4073/188 3177/4068/76 3114/4074/13
f 3114/3976/13 3177/4067/76 3113/3975/102
f 3118/4075/17 3181/4073/188 3114/4074/13
f 3181/4073/188 3118/4075/17 3119/4076/105
f 3181/4073/188 3119/4076/105 3180/4072/79
f 3180/4072/79 3119/4076/105 3121/4077/20
f 3180/4072/79 3121/4077/20 3182/4078/81
f 3182/4078/81 3121/4077/20 3123/4079/22
f 3123/4079/22 3183/4080/82 3182/4078/81
f 3183/4081/82 3123/4082/22 3124/3992/23
f 3183/4081/82 3124/3992/23 3184/4083/83
f 3184/4083/83 3124/3992/23 3126/3991/249
f 3184/4083/83 3126/3991/249 3185/4084/84
f 3185/4084/84 3126/3991/249 3128/3994/27
f 3128/3994/27 3186/4085/85 3185/4084/84
f 3186/4085/85 3128/3994/27 3129/3995/236
f 3186/4085/85 3129/3995/236 3187/4086/86
f 3187/4087/86 3129/4088/236 3131/4003/661
f 3187/4087/86 3131/4003/661 3146/4021/45
f 3146/4021/45 3131/4003/661 3133/4002/32
f 3188/4089/87 3187/4087/86 3146/4021/45
f 3189/4090/88 3187/4087/86 3188/4089/87
f 3189/4091/88 3186/4085/85 3187/4086/86
f 3186/4085/85 3189/4091/88 3190/4092/89
f 3189/4091/88 3156/4038/216 3190/4092/89
f 3189/4091/88 3155/4093/54 3156/4038/216
f 3155/4094/54 3189/4090/88 3188/4089/87
f 3188/4089/87 3153/4095/52 3155/4094/54
f 3147/4022/171 3153/4095/52 3188/4089/87
f 3147/4022/171 3150/4026/116 3153/4095/52
f 3148/4023/47 3150/4026/116 3147/4022/171
f 3146/4021/45 3147/4022/171 3188/4089/87
f 3190/4092/89 3156/4038/216 3158/4037/253
f 3190/4092/89 3158/4037/253 3191/4096/90
f 3191/4096/90 3158/4037/253 3160/4040/59
f 3160/4040/59 3192/4097/91 3191/4096/90
f 3192/4097/91 3160/4040/59 3161/4041/60
f 3192/4097/91 3161/4041/60 3193/4098/92
f 3193/4099/92 3161/4100/60 3163/4049/62
f 3193/4099/92 3163/4049/62 3179/4071/126
f 3179/4071/126 3163/4049/62 3165/4048/219
f 3182/4078/81 3193/4099/92 3179/4071/126
f 3183/4080/82 3193/4099/92 3182/4078/81
f 3183/4081/82 3192/4097/91 3193/4098/92
f 3192/4097/91 3183/4081/82 3184/4083/83
f 3192/4097/91 3184/4083/83 3191/4096/90
f 3191/4096/90 3184/4083/83 3185/4084/84
f 3185/4084/84 3190/4092/89 3191/4096/90
f 3186/4085/85 3190/4092/89 3185/4084/84
f 3179/4071/126 3180/4072/79 3182/4078/81
f 3114/3976/13 3115/3977/259 3118/4101/17
s 35
f 3194/4102/673 3195/4103/2 3196/4104/139
f 3195/4103/2 3194/4102/673 3197/4105/140
f 3194/4102/673 3198/4106/674 3197/4105/140
f 3194/4102/673 3199/4107/675 3198/4106/674
f 3199/4107/675 3194/4102/673 3200/4108/97
f 3194/4102/673 3196/4104/139 3200/4108/97
f 3200/4108/97 3196/4104/139 3201/4109/8
f 3196/4104/139 3202/4110/202 3201/4109/8
f 3196/4104/139 3203/4111/637 3202/4110/202
f 3195/4103/2 3203/4111/637 3196/4104/139
f 3195/4103/2 3204/4112/345 3203/4111/637
f 3204/4112/345 3195/4103/2 3205/4113/676
f 3195/4103/2 3197/4105/140 3205/4113/676
f 3205/4113/676 3197/4105/140 3206/4114/203
f 3197/4105/140 3207/4115/677 3206/4114/203
f 3197/4105/140 3198/4106/674 3207/4115/677
f 3208/4116/15 3207/4115/677 3198/4106/674
f 3209/4117/16 3207/4118/677 3208/4119/15
f 3209/4117/16 3210/4120/149 3207/4118/677
f 3209/4117/16 3211/4121/105 3210/4120/149
f 3212/4122/19 3211/4121/105 3209/4117/16
f 3212/4122/19 3213/4123/346 3211/4121/105
f 3214/4124/21 3213/4123/346 3212/4122/19
f 3214/4124/21 3215/4125/153 3213/4123/346
f 3214/4124/21 3216/4126/235 3215/4125/153
f 3217/4127/24 3216/4126/235 3214/4124/21
f 3217/4128/24 3218/4129/25 3216/4130/235
f 3219/4131/26 3218/4129/25 3217/4128/24
f 3219/4131/26 3220/4132/27 3218/4129/25
f 3219/4131/26 3221/4133/236 3220/4132/27
f 3222/4134/29 3221/4135/236 3219/4136/26
f 3222/4134/29 3223/4137/108 3221/4135/236
f 3224/4138/31 3223/4137/108 3222/4134/29
f 3224/4139/31 3225/4140/32 3223/4141/108
f 3224/4139/31 3226/4142/33 3225/4140/32
f 3227/4143/34 3226/4144/33 3224/4138/31
f 3227/4143/34 3228/4145/164 3226/4144/33
f 3229/4146/111 3228/4145/164 3227/4143/34
f 3229/4147/111 3199/4107/675 3228/4148/164
f 3229/4147/111 3198/4106/674 3199/4107/675
f 3208/4116/15 3198/4106/674 3229/4147/111
f 3230/4149/37 3208/4119/15 3229/4146/111
f 3231/4150/303 3208/4119/15 3230/4149/37
f 3231/4150/303 3209/4117/16 3208/4119/15
f 3231/4150/303 3212/4122/19 3209/4117/16
f 3232/4151/113 3212/4122/19 3231/4150/303
f 3232/4151/113 3214/4124/21 3212/4122/19
f 3232/4151/113 3217/4127/24 3214/4124/21
f 3233/4152/40 3217/4127/24 3232/4151/113
f 3233/4152/40 3219/4136/26 3217/4127/24
f 3233/4152/40 3222/4134/29 3219/4136/26
f 3234/4153/41 3222/4134/29 3233/4152/40
f 3234/4153/41 3224/4138/31 3222/4134/29
f 3234/4153/41 3227/4143/34 3224/4138/31
f 3230/4149/37 3227/4143/34 3234/4153/41
f 3230/4149/37 3229/4146/111 3227/4143/34
f 3235/4154/42 3230/4149/37 3234/4153/41
f 3235/4154/42 3231/4150/303 3230/4149/37
f 3235/4154/42 3232/4151/113 3231/4150/303
f 3235/4154/42 3233/4152/40 3232/4151/113
f 3235/4154/42 3234/4153/41 3233/4152/40
f 3200/4108/97 3228/4148/164 3199/4107/675
f 3236/4155/264 3228/4148/164 3200/4108/97
f 3236/4156/264 3226/4142/33 3228/4157/164
f 3237/4158/169 3226/4142/33 3236/4156/264
f 3237/4158/169 3225/4140/32 3226/4142/33
f 3225/4140/32 3237/4158/169 3238/4159/635
f 3237/4158/169 3239/4160/171 3238/4159/635
f 3237/4158/169 3240/4161/265 3239/4160/171
f 3240/4161/265 3237/4158/169 3236/4156/264
f 3240/4161/265 3236/4156/264 3201/4162/8
f 3201/4109/8 3236/4155/264 3200/4108/97
f 3241/4163/115 3240/4161/265 3201/4162/8
f 3240/4161/265 3241/4163/115 3242/4164/282
f 3243/4165/50 3242/4166/282 3241/4167/115
f 3244/4168/51 3242/4166/282 3243/4165/50
f 3244/4168/51 3245/4169/174 3242/4166/282
f 3246/4170/53 3245/4169/174 3244/4168/51
f 3246/4170/53 3247/4171/118 3245/4169/174
f 3246/4170/53 3248/4172/267 3247/4171/118
f 3249/4173/56 3248/4172/267 3246/4170/53
f 3249/4174/56 3250/4175/57 3248/4176/267
f 3251/4177/58 3250/4175/57 3249/4174/56
f 3251/4177/58 3252/4178/59 3250/4175/57
f 3251/4177/58 3253/4179/331 3252/4178/59
f 3254/4180/61 3253/4181/331 3251/4182/58
f 3254/4180/61 3255/4183/667 3253/4181/331
f 3256/4184/63 3255/4183/667 3254/4180/61
f 3256/4185/63 3257/4186/64 3255/4187/667
f 3256/4185/63 3258/4188/65 3257/4186/64
f 3259/4189/66 3258/4190/65 3256/4184/63
f 3259/4189/66 3260/4191/288 3258/4190/65
f 3261/4192/68 3260/4191/288 3259/4189/66
f 3261/4193/68 3204/4112/345 3260/4194/288
f 3261/4193/68 3203/4111/637 3204/4112/345
f 3262/4195/69 3203/4111/637 3261/4193/68
f 3262/4195/69 3202/4110/202 3203/4111/637
f 3243/4165/50 3202/4196/202 3262/4197/69
f 3243/4165/50 3241/4167/115 3202/4196/202
f 3201/4109/8 3202/4110/202 3241/4198/115
f 3263/4199/70 3243/4165/50 3262/4197/69
f 3263/4199/70 3244/4168/51 3243/4165/50
f 3264/4200/71 3244/4168/51 3263/4199/70
f 3264/4200/71 3246/4170/53 3244/4168/51
f 3264/4200/71 3249/4173/56 3246/4170/53
f 3265/4201/72 3249/4173/56 3264/4200/71
f 3265/4201/72 3251/4182/58 3249/4173/56
f 3265/4201/72 3254/4180/61 3251/4182/58
f 3266/4202/73 3254/4180/61 3265/4201/72
f 3266/4202/73 3256/4184/63 3254/4180/61
f 3266/4202/73 3259/4189/66 3256/4184/63
f 3267/4203/74 3259/4189/66 3266/4202/73
f 3267/4203/74 3261/4192/68 3259/4189/66
f 3267/4203/74 3262/4197/69 3261/4192/68
f 3263/4199/70 3262/4197/69 3267/4203/74
f 3268/4204/75 3263/4199/70 3267/4203/74
f 3268/4204/75 3264/4200/71 3263/4199/70
f 3268/4204/75 3265/4201/72 3264/4200/71
f 3268/4204/75 3266/4202/73 3265/4201/72
f 3268/4204/75 3267/4203/74 3266/4202/73
f 3205/4113/676 3260/4194/288 3204/4112/345
f 3269/4205/271 3260/4194/288 3205/4113/676
f 3269/4206/271 3258/4188/65 3260/4207/288
f 3270/4208/77 3258/4188/65 3269/4206/271
f 3270/4208/77 3257/4186/64 3258/4188/65
f 3257/4186/64 3270/4208/77 3271/4209/290
f 3270/4208/77 3272/4210/272 3271/4209/290
f 3270/4208/77 3273/4211/297 3272/4210/272
f 3273/4211/297 3270/4208/77 3269/4206/271
f 3273/4211/297 3269/4206/271 3206/4212/203
f 3206/4114/203 3269/4205/271 3205/4113/676
f 3210/4213/149 3273/4211/297 3206/4212/203
f 3273/4211/297 3210/4213/149 3211/4214/105
f 3273/4211/297 3211/4214/105 3272/4210/272
f 3272/4210/272 3211/4214/105 3213/4215/346
f 3272/4210/272 3213/4215/346 3274/4216/81
f 3274/4216/81 3213/4215/346 3215/4217/153
f 3215/4217/153 3275/4218/82 3274/4216/81
f 3275/4219/82 3215/4220/153 3216/4130/235
f 3275/4219/82 3216/4130/235 3276/4221/191
f 3276/4221/191 3216/4130/235 3218/4129/25
f 3276/4221/191 3218/4129/25 3277/4222/84
f 3277/4222/84 3218/4129/25 3220/4132/27
f 3220/4132/27 3278/4223/85 3277/4222/84
f 3278/4223/85 3220/4132/27 3221/4133/236
f 3278/4223/85 3221/4133/236 3279/4224/86
f 3279/4225/86 3221/4226/236 3223/4141/108
f 3279/4225/86 3223/4141/108 3238/4159/635
f 3238/4159/635 3223/4141/108 3225/4140/32
f 3280/4227/133 3279/4225/86 3238/4159/635
f 3281/4228/196 3279/4225/86 3280/4227/133
f 3281/4229/196 3278/4223/85 3279/4224/86
f 3278/4223/85 3281/4229/196 3282/4230/630
f 3281/4229/196 3248/4176/267 3282/4230/630
f 3281/4229/196 3247/4231/118 3248/4176/267
f 3247/4232/118 3281/4228/196 3280/4227/133
f 3280/4227/133 3245/4233/174 3247/4232/118
f 3239/4160/171 3245/4233/174 3280/4227/133
f 3239/4160/171 3242/4164/282 3245/4233/174
f 3240/4161/265 3242/4164/282 3239/4160/171
f 3238/4159/635 3239/4160/171 3280/4227/133
f 3282/4230/630 3248/4176/267 3250/4175/57
f 3282/4230/630 3250/4175/57 3283/4234/90
f 3283/4234/90 3250/4175/57 3252/4178/59
f 3252/4178/59 3284/4235/91 3283/4234/90
f 3284/4235/91 3252/4178/59 3253/4179/331
f 3284/4235/91 3253/4179/331 3285/4236/92
f 3285/4237/92 3253/4238/331 3255/4187/667
f 3285/4237/92 3255/4187/667 3271/4209/290
f 3271/4209/290 3255/4187/667 3257/4186/64
f 3274/4216/81 3285/4237/92 3271/4209/290
f 3275/4218/82 3285/4237/92 3274/4216/81
f 3275/4219/82 3284/4235/91 3285/4236/92
f 3284/4235/91 3275/4219/82 3276/4221/191
f 3284/4235/91 3276/4221/191 3283/4234/90
f 3283/4234/90 3276/4221/191 3277/4222/84
f 3277/4222/84 3282/4230/630 3283/4234/90
f 3278/4223/85 3282/4230/630 3277/4222/84
f 3271/4209/290 3272/4210/272 3274/4216/81
f 3206/4114/203 3207/4115/677 3210/4239/149
s 36
f 3286/4240/1 3287/4241/2 3288/4242/3
f 3287/4241/2 3286/4240/1 3289/4243/140
f 3286/4240/1 3290/4244/246 3289/4243/140
f 3286/4240/1 3291/4245/96 3290/4244/246
f 3291/4245/96 3286/4240/1 3292/4246/7
f 3286/4240/1 3288/4242/3 3292/4246/7
f 3292/4246/7 3288/4242/3 3293/4247/8
f 3288/4242/3 3294/4248/9 3293/4247/8
f 3288/4242/3 3295/4249/144 3294/4248/9
f 3287/4241/2 3295/4249/144 3288/4242/3
f 3287/4241/2 3296/4250/101 3295/4249/144
f 3296/4250/101 3287/4241/2 3297/4251/12
f 3287/4241/2 3289/4243/140 3297/4251/12
f 3297/4251/12 3289/4243/140 3298/4252/13
f 3289/4243/140 3299/4253/14 3298/4252/13
f 3289/4243/140 3290/4244/246 3299/4253/14
f 3300/4254/147 3299/4253/14 3290/4244/246
f 3301/4255/16 3299/4256/14 3300/4257/147
f 3301/4255/16 3302/4258/17 3299/4256/14
f 3301/4255/16 3303/4259/105 3302/4258/17
f 3304/4260/19 3303/4259/105 3301/4255/16
f 3304/4260/19 3305/4261/20 3303/4259/105
f 3306/4262/21 3305/4261/20 3304/4260/19
f 3306/4262/21 3307/4263/22 3305/4261/20
f 3306/4262/21 3308/4264/154 3307/4263/22
f 3309/4265/24 3308/4264/154 3306/4262/21
f 3309/4266/24 3310/4267/25 3308/4268/154
f 3311/4269/26 3310/4267/25 3309/4266/24
f 3311/4269/26 3312/4270/27 3310/4267/25
f 3311/4269/26 3313/4271/301 3312/4270/27
f 3314/4272/29 3313/4273/301 3311/4274/26
f 3314/4272/29 3315/4275/108 3313/4273/301
f 3316/4276/31 3315/4275/108 3314/4272/29
f 3316/4277/31 3317/4278/109 3315/4279/108
f 3316/4277/31 3318/4280/110 3317/4278/109
f 3319/4281/34 3318/4282/110 3316/4276/31
f 3319/4281/34 3320/4283/327 3318/4282/110
f 3321/4284/111 3320/4283/327 3319/4281/34
f 3321/4285/111 3291/4245/96 3320/4286/327
f 3321/4285/111 3290/4244/246 3291/4245/96
f 3300/4254/147 3290/4244/246 3321/4285/111
f 3322/4287/37 3300/4257/147 3321/4284/111
f 3323/4288/112 3300/4257/147 3322/4287/37
f 3323/4288/112 3301/4255/16 3300/4257/147
f 3323/4288/112 3304/4260/19 3301/4255/16
f 3324/4289/113 3304/4260/19 3323/4288/112
f 3324/4289/113 3306/4262/21 3304/4260/19
f 3324/4289/113 3309/4265/24 3306/4262/21
f 3325/4290/40 3309/4265/24 3324/4289/113
f 3325/4290/40 3311/4274/26 3309/4265/24
f 3325/4290/40 3314/4272/29 3311/4274/26
f 3326/4291/41 3314/4272/29 3325/4290/40
f 3326/4291/41 3316/4276/31 3314/4272/29
f 3326/4291/41 3319/4281/34 3316/4276/31
f 3322/4287/37 3319/4281/34 3326/4291/41
f 3322/4287/37 3321/4284/111 3319/4281/34
f 3327/4292/42 3322/4287/37 3326/4291/41
f 3327/4292/42 3323/4288/112 3322/4287/37
f 3327/4292/42 3324/4289/113 3323/4288/112
f 3327/4292/42 3325/4290/40 3324/4289/113
f 3327/4292/42 3326/4291/41 3325/4290/40
f 3292/4246/7 3320/4286/327 3291/4245/96
f 3328/4293/43 3320/4286/327 3292/4246/7
f 3328/4294/43 3318/4280/110 3320/4295/327
f 3329/4296/356 3318/4280/110 3328/4294/43
f 3329/4296/356 3317/4278/109 3318/4280/110
f 3317/4278/109 3329/4296/356 3330/4297/45
f 3329/4296/356 3331/4298/46 3330/4297/45
f 3329/4296/356 3332/4299/47 3331/4298/46
f 3332/4299/47 3329/4296/356 3328/4294/43
f 3332/4299/47 3328/4294/43 3293/4300/8
f 3293/4247/8 3328/4293/43 3292/4246/7
f 3333/4301/48 3332/4299/47 3293/4300/8
f 3332/4299/47 3333/4301/48 3334/4302/49
f 3335/4303/50 3334/4304/49 3333/4305/48
f 3336/4306/51 3334/4304/49 3335/4303/50
f 3336/4306/51 3337/4307/174 3334/4304/49
f 3338/4308/53 3337/4307/174 3336/4306/51
f 3338/4308/53 3339/4309/54 3337/4307/174
f 3338/4308/53 3340/4310/55 3339/4309/54
f 3341/4311/56 3340/4310/55 3338/4308/53
f 3341/4312/56 3342/4313/269 3340/4314/55
f 3343/4315/58 3342/4313/269 3341/4312/56
f 3343/4315/58 3344/4316/59 3342/4313/269
f 3343/4315/58 3345/4317/60 3344/4316/59
f 3346/4318/61 3345/4319/60 3343/4320/58
f 3346/4318/61 3347/4321/306 3345/4319/60
f 3348/4322/63 3347/4321/306 3346/4318/61
f 3348/4323/63 3349/4324/64 3347/4325/306
f 3348/4323/63 3350/4326/121 3349/4324/64
f 3351/4327/66 3350/4328/121 3348/4322/63
f 3351/4327/66 3352/4329/122 3350/4328/121
f 3353/4330/256 3352/4329/122 3351/4327/66
f 3353/4331/256 3296/4250/101 3352/4332/122
f 3353/4331/256 3295/4249/144 3296/4250/101
f 3354/4333/69 3295/4249/144 3353/4331/256
f 3354/4333/69 3294/4248/9 3295/4249/144
f 3335/4303/50 3294/4334/9 3354/4335/69
f 3335/4303/50 3333/4305/48 3294/4334/9
f 3293/4247/8 3294/4248/9 3333/4336/48
f 3355/4337/223 3335/4303/50 3354/4335/69
f 3355/4337/223 3336/4306/51 3335/4303/50
f 3356/4338/71 3336/4306/51 3355/4337/223
f 3356/4338/71 3338/4308/53 3336/4306/51
f 3356/4338/71 3341/4311/56 3338/4308/53
f 3357/4339/72 3341/4311/56 3356/4338/71
f 3357/4339/72 3343/4320/58 3341/4311/56
f 3357/4339/72 3346/4318/61 3343/4320/58
f 3358/4340/73 3346/4318/61 3357/4339/72
f 3358/4340/73 3348/4322/63 3346/4318/61
f 3358/4340/73 3351/4327/66 3348/4322/63
f 3359/4341/184 3351/4327/66 3358/4340/73
f 3359/4341/184 3353/4330/256 3351/4327/66
f 3359/4341/184 3354/4335/69 3353/4330/256
f 3355/4337/223 3354/4335/69 3359/4341/184
f 3360/4342/75 3355/4337/223 3359/4341/184
f 3360/4342/75 3356/4338/71 3355/4337/223
f 3360/4342/75 3357/4339/72 3356/4338/71
f 3360/4342/75 3358/4340/73 3357/4339/72
f 3360/4342/75 3359/4341/184 3358/4340/73
f 3297/4251/12 3352/4332/122 3296/4250/101
f 3361/4343/185 3352/4332/122 3297/4251/12
f 3361/4344/185 3350/4326/121 3352/4345/122
f 3362/4346/125 3350/4326/121 3361/4344/185
f 3362/4346/125 3349/4324/64 3350/4326/121
f 3349/4324/64 3362/4346/125 3363/4347/290
f 3362/4346/125 3364/4348/79 3363/4347/290
f 3362/4346/125 3365/4349/241 3364/4348/79
f 3365/4349/241 3362/4346/125 3361/4344/185
f 3365/4349/241 3361/4344/185 3298/4350/13
f 3298/4252/13 3361/4343/185 3297/4251/12
f 3302/4351/17 3365/4349/241 3298/4350/13
f 3365/4349/241 3302/4351/17 3303/4352/105
f 3365/4349/241 3303/4352/105 3364/4348/79
f 3364/4348/79 3303/4352/105 3305/4353/20
f 3364/4348/79 3305/4353/20 3366/4354/81
f 3366/4354/81 3305/4353/20 3307/4355/22
f 3307/4355/22 3367/4356/82 3366/4354/81
f 3367/4357/82 3307/4358/22 3308/4268/154
f 3367/4357/82 3308/4268/154 3368/4359/191
f 3368/4359/191 3308/4268/154 3310/4267/25
f 3368/4359/191 3310/4267/25 3369/4360/84
f 3369/4360/84 3310/4267/25 3312/4270/27
f 3312/4270/27 3370/4361/85 3369/4360/84
f 3370/4361/85 3312/4270/27 3313/4271/301
f 3370/4361/85 3313/4271/301 3371/4362/86
f 3371/4363/86 3313/4364/301 3315/4279/108
f 3371/4363/86 3315/4279/108 3330/4297/45
f 3330/4297/45 3315/4279/108 3317/4278/109
f 3372/4365/664 3371/4363/86 3330/4297/45
f 3373/4366/88 3371/4363/86 3372/4365/664
f 3373/4367/88 3370/4361/85 3371/4362/86
f 3370/4361/85 3373/4367/88 3374/4368/89
f 3373/4367/88 3340/4314/55 3374/4368/89
f 3373/4367/88 3339/4369/54 3340/4314/55
f 3339/4370/54 3373/4366/88 3372/4365/664
f 3372/4365/664 3337/4371/174 3339/4370/54
f 3331/4298/46 3337/4371/174 3372/4365/664
f 3331/4298/46 3334/4302/49 3337/4371/174
f 3332/4299/47 3334/4302/49 3331/4298/46
f 3330/4297/45 3331/4298/46 3372/4365/664
f 3374/4368/89 3340/4314/55 3342/4313/269
f 3374/4368/89 3342/4313/269 3375/4372/90
f 3375/4372/90 3342/4313/269 3344/4316/59
f 3344/4316/59 3376/4373/91 3375/4372/90
f 3376/4373/91 3344/4316/59 3345/4317/60
f 3376/4373/91 3345/4317/60 3377/4374/92
f 3377/4375/92 3345/4376/60 3347/4325/306
f 3377/4375/92 3347/4325/306 3363/4347/290
f 3363/4347/290 3347/4325/306 3349/4324/64
f 3366/4354/81 3377/4375/92 3363/4347/290
f 3367/4356/82 3377/4375/92 3366/4354/81
f 3367/4357/82 3376/4373/91 3377/4374/92
f 3376/4373/91 3367/4357/82 3368/4359/191
f 3376/4373/91 3368/4359/191 3375/4372/90
f 3375/4372/90 3368/4359/191 3369/4360/84
f 3369/4360/84 3374/4368/89 3375/4372/90
f 3370/4361/85 3374/4368/89 3369/4360/84
f 3363/4347/290 3364/4348/79 3366/4354/81
f 3298/4252/13 3299/4253/14 3302/4377/17
s 37
f 3378/4378/1 3379/4379/2 3380/4380/3
f 3379/4379/2 3378/4378/1 3381/4381/140
f 3378/4378/1 3382/4382/246 3381/4381/140
f 3378/4378/1 3383/4383/96 3382/4382/246
f 3383/4383/96 3378/4378/1 3384/4384/7
f 3378/4378/1 3380/4380/3 3384/4384/7
f 3384/4384/7 3380/4380/3 3385/4385/142
f 3380/4380/3 3386/4386/202 3385/4385/142
f 3380/4380/3 3387/4387/248 3386/4386/202
f 3379/4379/2 3387/4387/248 3380/4380/3
f 3379/4379/2 3388/4388/101 3387/4387/248
f 3388/4388/101 3379/4379/2 3389/4389/12
f 3379/4379/2 3381/4381/140 3389/4389/12
f 3389/4389/12 3381/4381/140 3390/4390/299
f 3381/4381/140 3391/4391/259 3390/4390/299
f 3381/4381/140 3382/4382/246 3391/4391/259
f 3392/4392/15 3391/4391/259 3382/4382/246
f 3393/4393/16 3391/4394/259 3392/4395/15
f 3393/4393/16 3394/4396/17 3391/4394/259
f 3393/4393/16 3395/4397/105 3394/4396/17
f 3396/4398/19 3395/4397/105 3393/4393/16
f 3396/4398/19 3397/4399/20 3395/4397/105
f 3398/4400/21 3397/4399/20 3396/4398/19
f 3398/4400/21 3399/4401/22 3397/4399/20
f 3398/4400/21 3400/4402/23 3399/4401/22
f 3401/4403/24 3400/4402/23 3398/4400/21
f 3401/4404/24 3402/4405/249 3400/4406/23
f 3403/4407/300 3402/4405/249 3401/4404/24
f 3403/4407/300 3404/4408/27 3402/4405/249
f 3403/4407/300 3405/4409/236 3404/4408/27
f 3406/4410/29 3405/4411/236 3403/4412/300
f 3406/4410/29 3407/4413/108 3405/4411/236
f 3408/4414/31 3407/4413/108 3406/4410/29
f 3408/4415/31 3409/4416/32 3407/4417/108
f 3408/4415/31 3410/4418/110 3409/4416/32
f 3411/4419/34 3410/4420/110 3408/4414/31
f 3411/4419/34 3412/4421/164 3410/4420/110
f 3413/4422/302 3412/4421/164 3411/4419/34
f 3413/4423/302 3383/4383/96 3412/4424/164
f 3413/4423/302 3382/4382/246 3383/4383/96
f 3392/4392/15 3382/4382/246 3413/4423/302
f 3414/4425/37 3392/4395/15 3413/4422/302
f 3415/4426/112 3392/4395/15 3414/4425/37
f 3415/4426/112 3393/4393/16 3392/4395/15
f 3415/4426/112 3396/4398/19 3393/4393/16
f 3416/4427/113 3396/4398/19 3415/4426/112
f 3416/4427/113 3398/4400/21 3396/4398/19
f 3416/4427/113 3401/4403/24 3398/4400/21
f 3417/4428/40 3401/4403/24 3416/4427/113
f 3417/4428/40 3403/4412/300 3401/4403/24
f 3417/4428/40 3406/4410/29 3403/4412/300
f 3418/4429/41 3406/4410/29 3417/4428/40
f 3418/4429/41 3408/4414/31 3406/4410/29
f 3418/4429/41 3411/4419/34 3408/4414/31
f 3414/4425/37 3411/4419/34 3418/4429/41
f 3414/4425/37 3413/4422/302 3411/4419/34
f 3419/4430/42 3414/4425/37 3418/4429/41
f 3419/4430/42 3415/4426/112 3414/4425/37
f 3419/4430/42 3416/4427/113 3415/4426/112
f 3419/4430/42 3417/4428/40 3416/4427/113
f 3419/4430/42 3418/4429/41 3417/4428/40
f 3384/4384/7 3412/4424/164 3383/4383/96
f 3420/4431/43 3412/4424/164 3384/4384/7
f 3420/4432/43 3410/4418/110 3412/4433/164
f 3421/4434/44 3410/4418/110 3420/4432/43
f 3421/4434/44 3409/4416/32 3410/4418/110
f 3409/4416/32 3421/4434/44 3422/4435/635
f 3421/4434/44 3423/4436/171 3422/4435/635
f 3421/4434/44 3424/4437/214 3423/4436/171
f 3424/4437/214 3421/4434/44 3420/4432/43
f 3424/4437/214 3420/4432/43 3385/4438/142
f 3385/4385/142 3420/4431/43 3384/4384/7
f 3425/4439/115 3424/4437/214 3385/4438/142
f 3424/4437/214 3425/4439/115 3426/4440/49
f 3427/4441/50 3426/4442/49 3425/4443/115
f 3428/4444/51 3426/4442/49 3427/4441/50
f 3428/4444/51 3429/4445/174 3426/4442/49
f 3430/4446/53 3429/4445/174 3428/4444/51
f 3430/4446/53 3431/4447/118 3429/4445/174
f 3430/4446/53 3432/4448/216 3431/4447/118
f 3433/4449/56 3432/4448/216 3430/4446/53
f 3433/4450/56 3434/4451/269 3432/4452/216
f 3435/4453/58 3434/4451/269 3433/4450/56
f 3435/4453/58 3436/4454/59 3434/4451/269
f 3435/4453/58 3437/4455/331 3436/4454/59
f 3438/4456/61 3437/4457/331 3435/4458/58
f 3438/4456/61 3439/4459/62 3437/4457/331
f 3440/4460/63 3439/4459/62 3438/4456/61
f 3440/4461/63 3441/4462/333 3439/4463/62
f 3440/4461/63 3442/4464/121 3441/4462/333
f 3443/4465/66 3442/4466/121 3440/4460/63
f 3443/4465/66 3444/4467/628 3442/4466/121
f 3445/4468/68 3444/4467/628 3443/4465/66
f 3445/4469/68 3388/4388/101 3444/4470/628
f 3445/4469/68 3387/4387/248 3388/4388/101
f 3446/4471/69 3387/4387/248 3445/4469/68
f 3446/4471/69 3386/4386/202 3387/4387/248
f 3427/4441/50 3386/4472/202 3446/4473/69
f 3427/4441/50 3425/4443/115 3386/4472/202
f 3385/4385/142 3386/4386/202 3425/4474/115
f 3447/4475/70 3427/4441/50 3446/4473/69
f 3447/4475/70 3428/4444/51 3427/4441/50
f 3448/4476/71 3428/4444/51 3447/4475/70
f 3448/4476/71 3430/4446/53 3428/4444/51
f 3448/4476/71 3433/4449/56 3430/4446/53
f 3449/4477/72 3433/4449/56 3448/4476/71
f 3449/4477/72 3435/4458/58 3433/4449/56
f 3449/4477/72 3438/4456/61 3435/4458/58
f 3450/4478/73 3438/4456/61 3449/4477/72
f 3450/4478/73 3440/4460/63 3438/4456/61
f 3450/4478/73 3443/4465/66 3440/4460/63
f 3451/4479/74 3443/4465/66 3450/4478/73
f 3451/4479/74 3445/4468/68 3443/4465/66
f 3451/4479/74 3446/4473/69 3445/4468/68
f 3447/4475/70 3446/4473/69 3451/4479/74
f 3452/4480/75 3447/4475/70 3451/4479/74
f 3452/4480/75 3448/4476/71 3447/4475/70
f 3452/4480/75 3449/4477/72 3448/4476/71
f 3452/4480/75 3450/4478/73 3449/4477/72
f 3452/4480/75 3451/4479/74 3450/4478/73
f 3389/4389/12 3444/4470/628 3388/4388/101
f 3453/4481/185 3444/4470/628 3389/4389/12
f 3453/4482/185 3442/4464/121 3444/4483/628
f 3454/4484/77 3442/4464/121 3453/4482/185
f 3454/4484/77 3441/4462/333 3442/4464/121
f 3441/4462/333 3454/4484/77 3455/4485/335
f 3454/4484/77 3456/4486/272 3455/4485/335
f 3454/4484/77 3457/4487/629 3456/4486/272
f 3457/4487/629 3454/4484/77 3453/4482/185
f 3457/4487/629 3453/4482/185 3390/4488/299
f 3390/4390/299 3453/4481/185 3389/4389/12
f 3394/4489/17 3457/4487/629 3390/4488/299
f 3457/4487/629 3394/4489/17 3395/4490/105
f 3457/4487/629 3395/4490/105 3456/4486/272
f 3456/4486/272 3395/4490/105 3397/4491/20
f 3456/4486/272 3397/4491/20 3458/4492/298
f 3458/4492/298 3397/4491/20 3399/4493/22
f 3399/4493/22 3459/4494/82 3458/4492/298
f 3459/4495/82 3399/4496/22 3400/4406/23
f 3459/4495/82 3400/4406/23 3460/4497/191
f 3460/4497/191 3400/4406/23 3402/4405/249
f 3460/4497/191 3402/4405/249 3461/4498/84
f 3461/4498/84 3402/4405/249 3404/4408/27
f 3404/4408/27 3462/4499/85 3461/4498/84
f 3462/4499/85 3404/4408/27 3405/4409/236
f 3462/4499/85 3405/4409/236 3463/4500/86
f 3463/4501/86 3405/4502/236 3407/4417/108
f 3463/4501/86 3407/4417/108 3422/4435/635
f 3422/4435/635 3407/4417/108 3409/4416/32
f 3464/4503/87 3463/4501/86 3422/4435/635
f 3465/4504/196 3463/4501/86 3464/4503/87
f 3465/4505/196 3462/4499/85 3463/4500/86
f 3462/4499/85 3465/4505/196 3466/4506/89
f 3465/4505/196 3432/4452/216 3466/4506/89
f 3465/4505/196 3431/4507/118 3432/4452/216
f 3431/4508/118 3465/4504/196 3464/4503/87
f 3464/4503/87 3429/4509/174 3431/4508/118
f 3423/4436/171 3429/4509/174 3464/4503/87
f 3423/4436/171 3426/4440/49 3429/4509/174
f 3424/4437/214 3426/4440/49 3423/4436/171
f 3422/4435/635 3423/4436/171 3464/4503/87
f 3466/4506/89 3432/4452/216 3434/4451/269
f 3466/4506/89 3434/4451/269 3467/4510/90
f 3467/4510/90 3434/4451/269 3436/4454/59
f 3436/4454/59 3468/4511/91 3467/4510/90
f 3468/4511/91 3436/4454/59 3437/4455/331
f 3468/4511/91 3437/4455/331 3469/4512/92
f 3469/4513/92 3437/4514/331 3439/4463/62
f 3469/4513/92 3439/4463/62 3455/4485/335
f 3455/4485/335 3439/4463/62 3441/4462/333
f 3458/4492/298 3469/4513/92 3455/4485/335
f 3459/4494/82 3469/4513/92 3458/4492/298
f 3459/4495/82 3468/4511/91 3469/4512/92
f 3468/4511/91 3459/4495/82 3460/4497/191
f 3468/4511/91 3460/4497/191 3467/4510/90
f 3467/4510/90 3460/4497/191 3461/4498/84
f 3461/4498/84 3466/4506/89 3467/4510/90
f 3462/4499/85 3466/4506/89 3461/4498/84
f 3455/4485/335 3456/4486/272 3458/4492/298
f 3390/4390/299 3391/4391/259 3394/4515/17
s 38
f 3470/4516/233 3471/4517/138 3472/4518/139
f 3471/4517/138 3470/4516/233 3473/4519/140
f 3470/4516/233 3474/4520/246 3473/4519/140
f 3470/4516/233 3475/4521/199 3474/4520/246
f 3475/4521/199 3470/4516/233 3476/4522/678
f 3470/4516/233 3472/4518/139 3476/4522/678
f 3476/4522/678 3472/4518/139 3477/4523/142
f 3472/4518/139 3478/4524/143 3477/4523/142
f 3472/4518/139 3479/4525/100 3478/4524/143
f 3471/4517/138 3479/4525/100 3472/4518/139
f 3471/4517/138 3480/4526/345 3479/4525/100
f 3480/4526/345 3471/4517/138 3481/4527/668
f 3471/4517/138 3473/4519/140 3481/4527/668
f 3481/4527/668 3473/4519/140 3482/4528/145
f 3473/4519/140 3483/4529/259 3482/4528/145
f 3473/4519/140 3474/4520/246 3483/4529/259
f 3484/4530/147 3483/4529/259 3474/4520/246
f 3485/4531/204 3483/4532/259 3484/4533/147
f 3485/4531/204 3486/4534/149 3483/4532/259
f 3485/4531/204 3487/4535/105 3486/4534/149
f 3488/4536/262 3487/4535/105 3485/4531/204
f 3488/4536/262 3489/4537/20 3487/4535/105
f 3490/4538/632 3489/4537/20 3488/4536/262
f 3490/4538/632 3491/4539/153 3489/4537/20
f 3490/4538/632 3492/4540/23 3491/4539/153
f 3493/4541/155 3492/4540/23 3490/4538/632
f 3493/4542/155 3494/4543/249 3492/4544/23
f 3495/4545/26 3494/4543/249 3493/4542/155
f 3495/4545/26 3496/4546/27 3494/4543/249
f 3495/4545/26 3497/4547/236 3496/4546/27
f 3498/4548/159 3497/4549/236 3495/4550/26
f 3498/4548/159 3499/4551/661 3497/4549/236
f 3500/4552/161 3499/4551/661 3498/4548/159
f 3500/4553/161 3501/4554/32 3499/4555/661
f 3500/4553/161 3502/4556/237 3501/4554/32
f 3503/4557/163 3502/4558/237 3500/4552/161
f 3503/4557/163 3504/4559/164 3502/4558/237
f 3505/4560/111 3504/4559/164 3503/4557/163
f 3505/4561/111 3475/4521/199 3504/4562/164
f 3505/4561/111 3474/4520/246 3475/4521/199
f 3484/4530/147 3474/4520/246 3505/4561/111
f 3506/4563/166 3484/4533/147 3505/4560/111
f 3507/4564/112 3484/4533/147 3506/4563/166
f 3507/4564/112 3485/4531/204 3484/4533/147
f 3507/4564/112 3488/4536/262 3485/4531/204
f 3508/4565/634 3488/4536/262 3507/4564/112
f 3508/4565/634 3490/4538/632 3488/4536/262
f 3508/4565/634 3493/4541/155 3490/4538/632
f 3509/4566/168 3493/4541/155 3508/4565/634
f 3509/4566/168 3495/4550/26 3493/4541/155
f 3509/4566/168 3498/4548/159 3495/4550/26
f 3510/4567/41 3498/4548/159 3509/4566/168
f 3510/4567/41 3500/4552/161 3498/4548/159
f 3510/4567/41 3503/4557/163 3500/4552/161
f 3506/4563/166 3503/4557/163 3510/4567/41
f 3506/4563/166 3505/4560/111 3503/4557/163
f 3511/4568/42 3506/4563/166 3510/4567/41
f 3511/4568/42 3507/4564/112 3506/4563/166
f 3511/4568/42 3508/4565/634 3507/4564/112
f 3511/4568/42 3509/4566/168 3508/4565/634
f 3511/4568/42 3510/4567/41 3509/4566/168
f 3476/4522/678 3504/4562/164 3475/4521/199
f 3512/4569/264 3504/4562/164 3476/4522/678
f 3512/4570/264 3502/4556/237 3504/4571/164
f 3513/4572/169 3502/4556/237 3512/4570/264
f 3513/4572/169 3501/4554/32 3502/4556/237
f 3501/4554/32 3513/4572/169 3514/4573/170
f 3513/4572/169 3515/4574/46 3514/4573/170
f 3513/4572/169 3516/4575/280 3515/4574/46
f 3516/4575/280 3513/4572/169 3512/4570/264
f 3516/4575/280 3512/4570/264 3477/4576/142
f 3477/4523/142 3512/4569/264 3476/4522/678
f 3517/4577/48 3516/4575/280 3477/4576/142
f 3516/4575/280 3517/4577/48 3518/4578/116
f 3519/4579/50 3518/4580/116 3517/4581/48
f 3520/4582/51 3518/4580/116 3519/4579/50
f 3520/4582/51 3521/4583/52 3518/4580/116
f 3522/4584/672 3521/4583/52 3520/4582/51
f 3522/4584/672 3523/4585/54 3521/4583/52
f 3522/4584/672 3524/4586/267 3523/4585/54
f 3525/4587/268 3524/4586/267 3522/4584/672
f 3525/4588/268 3526/4589/269 3524/4590/267
f 3527/4591/254 3526/4589/269 3525/4588/268
f 3527/4591/254 3528/4592/59 3526/4589/269
f 3527/4591/254 3529/4593/60 3528/4592/59
f 3530/4594/61 3529/4595/60 3527/4596/254
f 3530/4594/61 3531/4597/354 3529/4595/60
f 3532/4598/63 3531/4597/354 3530/4594/61
f 3532/4599/63 3533/4600/64 3531/4601/354
f 3532/4599/63 3534/4602/179 3533/4600/64
f 3535/4603/270 3534/4604/179 3532/4598/63
f 3535/4603/270 3536/4605/307 3534/4604/179
f 3537/4606/68 3536/4605/307 3535/4603/270
f 3537/4607/68 3480/4526/345 3536/4608/307
f 3537/4607/68 3479/4525/100 3480/4526/345
f 3538/4609/222 3479/4525/100 3537/4607/68
f 3538/4609/222 3478/4524/143 3479/4525/100
f 3519/4579/50 3478/4610/143 3538/4611/222
f 3519/4579/50 3517/4581/48 3478/4610/143
f 3477/4523/142 3478/4524/143 3517/4612/48
f 3539/4613/70 3519/4579/50 3538/4611/222
f 3539/4613/70 3520/4582/51 3519/4579/50
f 3540/4614/71 3520/4582/51 3539/4613/70
f 3540/4614/71 3522/4584/672 3520/4582/51
f 3540/4614/71 3525/4587/268 3522/4584/672
f 3541/4615/72 3525/4587/268 3540/4614/71
f 3541/4615/72 3527/4596/254 3525/4587/268
f 3541/4615/72 3530/4594/61 3527/4596/254
f 3542/4616/73 3530/4594/61 3541/4615/72
f 3542/4616/73 3532/4598/63 3530/4594/61
f 3542/4616/73 3535/4603/270 3532/4598/63
f 3543/4617/74 3535/4603/270 3542/4616/73
f 3543/4617/74 3537/4606/68 3535/4603/270
f 3543/4617/74 3538/4611/222 3537/4606/68
f 3539/4613/70 3538/4611/222 3543/4617/74
f 3544/4618/75 3539/4613/70 3543/4617/74
f 3544/4618/75 3540/4614/71 3539/4613/70
f 3544/4618/75 3541/4615/72 3540/4614/71
f 3544/4618/75 3542/4616/73 3541/4615/72
f 3544/4618/75 3543/4617/74 3542/4616/73
f 3481/4527/668 3536/4608/307 3480/4526/345
f 3545/4619/185 3536/4608/307 3481/4527/668
f 3545/4620/185 3534/4602/179 3536/4621/307
f 3546/4622/289 3534/4602/179 3545/4620/185
f 3546/4622/289 3533/4600/64 3534/4602/179
f 3533/4600/64 3546/4622/289 3547/4623/355
f 3546/4622/289 3548/4624/272 3547/4623/355
f 3546/4622/289 3549/4625/188 3548/4624/272
f 3549/4625/188 3546/4622/289 3545/4620/185
f 3549/4625/188 3545/4620/185 3482/4626/145
f 3482/4528/145 3545/4619/185 3481/4527/668
f 3486/4627/149 3549/4625/188 3482/4626/145
f 3549/4625/188 3486/4627/149 3487/4628/105
f 3549/4625/188 3487/4628/105 3548/4624/272
f 3548/4624/272 3487/4628/105 3489/4629/20
f 3548/4624/272 3489/4629/20 3550/4630/81
f 3550/4630/81 3489/4629/20 3491/4631/153
f 3491/4631/153 3551/4632/273 3550/4630/81
f 3551/4633/273 3491/4634/153 3492/4544/23
f 3551/4633/273 3492/4544/23 3552/4635/191
f 3552/4635/191 3492/4544/23 3494/4543/249
f 3552/4635/191 3494/4543/249 3553/4636/84
f 3553/4636/84 3494/4543/249 3496/4546/27
f 3496/4546/27 3554/4637/85 3553/4636/84
f 3554/4637/85 3496/4546/27 3497/4547/236
f 3554/4637/85 3497/4547/236 3555/4638/86
f 3555/4639/86 3497/4640/236 3499/4555/661
f 3555/4639/86 3499/4555/661 3514/4573/170
f 3514/4573/170 3499/4555/661 3501/4554/32
f 3556/4641/336 3555/4639/86 3514/4573/170
f 3557/4642/88 3555/4639/86 3556/4641/336
f 3557/4643/88 3554/4637/85 3555/4638/86
f 3554/4637/85 3557/4643/88 3558/4644/630
f 3557/4643/88 3524/4590/267 3558/4644/630
f 3557/4643/88 3523/4645/54 3524/4590/267
f 3523/4646/54 3557/4642/88 3556/4641/336
f 3556/4641/336 3521/4647/52 3523/4646/54
f 3515/4574/46 3521/4647/52 3556/4641/336
f 3515/4574/46 3518/4578/116 3521/4647/52
f 3516/4575/280 3518/4578/116 3515/4574/46
f 3514/4573/170 3515/4574/46 3556/4641/336
f 3558/4644/630 3524/4590/267 3526/4589/269
f 3558/4644/630 3526/4589/269 3559/4648/342
f 3559/4648/342 3526/4589/269 3528/4592/59
f 3528/4592/59 3560/4649/91 3559/4648/342
f 3560/4649/91 3528/4592/59 3529/4593/60
f 3560/4649/91 3529/4593/60 3561/4650/92
f 3561/4651/92 3529/4652/60 3531/4601/354
f 3561/4651/92 3531/4601/354 3547/4623/355
f 3547/4623/355 3531/4601/354 3533/4600/64
f 3550/4630/81 3561/4651/92 3547/4623/355
f 3551/4632/273 3561/4651/92 3550/4630/81
f 3551/4633/273 3560/4649/91 3561/4650/92
f 3560/4649/91 3551/4633/273 3552/4635/191
f 3560/4649/91 3552/4635/191 3559/4648/342
f 3559/4648/342 3552/4635/191 3553/4636/84
f 3553/4636/84 3558/4644/630 3559/4648/342
f 3554/4637/85 3558/4644/630 3553/4636/84
f 3547/4623/355 3548/4624/272 3550/4630/81
f 3482/4528/145 3483/4529/259 3486/4653/149
s 39
f 3562/4654/580 3563/4655/679 3564/4656/313 3565/4657/309
f 3566/4658/680 3567/4659/681 3563/4660/679 3562/4661/580
f 3568/4662/582 3569/4663/682 3567/4659/681 3566/4658/680
f 3570/4664/582 3571/4665/682 3569/4663/682 3568/4662/582
f 3572/4666/582 3573/4667/682 3571/4665/682 3570/4664/582
f 3574/4668/582 3575/4669/682 3573/4667/682 3572/4666/582
f 3572/4666/582 3576/4670/683 3577/4671/683 3574/4668/582
f 3570/4664/582 3578/4672/683 3576/4670/683 3572/4666/582
f 3568/4662/582 3579/4673/683 3578/4672/683 3570/4664/582
f 3566/4658/680 3580/4674/684 3579/4673/683 3568/4662/582
f 3562/4661/580 3581/4675/685 3580/4674/684 3566/4658/680
f 3565/4657/309 3582/4676/308 3581/4677/685 3562/4654/580
f 3581/4677/685 3582/4676/308 3583/4678/322 3584/4679/686
f 3583/4680/322 3585/4681/42 3586/4682/687 3584/4683/686
f 3585/4681/42 3587/4684/42 3588/4685/687 3586/4682/687
f 3589/4686/687 3588/4685/687 3587/4684/42 3590/4687/42
f 3588/4688/687 3589/4689/687 3576/4670/683 3578/4672/683
f 3577/4671/683 3576/4670/683 3589/4689/687 3591/4690/687
f 3592/4691/42 3591/4692/687 3589/4686/687 3590/4687/42 3593/4693/42
f 3586/4694/687 3588/4688/687 3578/4672/683 3579/4673/683
f 3584/4695/686 3586/4694/687 3579/4673/683 3580/4674/684
f 3580/4674/684 3581/4675/685 3584/4695/686
f 3594/4696/75 3595/4697/75 3596/4698/688 3597/4699/688
f 3598/4700/688 3596/4698/688 3595/4697/75 3599/4701/75
f 3571/4702/682 3573/4703/682 3596/4698/688 3598/4700/688
f 3597/4699/688 3596/4698/688 3573/4703/682 3575/4704/682
f 3569/4705/682 3571/4702/682 3598/4700/688 3600/4706/688
f 3600/4706/688 3598/4700/688 3599/4701/75 3601/4707/75
f 3602/4708/689 3600/4706/688 3601/4707/75 3603/4709/325
f 3567/4710/681 3569/4705/682 3600/4706/688 3602/4708/689
f 3567/4710/681 3602/4708/689 3563/4711/679
f 3564/4712/313 3563/4711/679 3602/4708/689 3603/4709/325
s 40
f 3575/4713/326 3574/4714/326 3604/4715/326 3605/4716/326
f 3606/4717/326 3604/4715/326 3574/4714/326 3577/4718/326
f 3577/4718/326 3591/4719/326 3592/4720/326 3606/4717/326
f 3605/4716/326 3594/4721/326 3597/4722/326 3575/4713/326
s 41
f 3607/4723/1 3608/4724/2 3609/4725/690
f 3608/4724/2 3607/4723/1 3610/4726/94
f 3607/4723/1 3611/4727/141 3610/4726/94
f 3607/4723/1 3612/4728/199 3611/4727/141
f 3612/4728/199 3607/4723/1 3613/4729/97
f 3607/4723/1 3609/4725/690 3613/4729/97
f 3613/4729/97 3609/4725/690 3614/4730/98
f 3609/4725/690 3615/4731/9 3614/4730/98
f 3609/4725/690 3616/4732/100 3615/4731/9
f 3608/4724/2 3616/4732/100 3609/4725/690
f 3608/4724/2 3617/4733/11 3616/4732/100
f 3617/4733/11 3608/4724/2 3618/4734/102
f 3608/4724/2 3610/4726/94 3618/4734/102
f 3618/4734/102 3610/4726/94 3619/4735/203
f 3610/4726/94 3620/4736/14 3619/4735/203
f 3610/4726/94 3611/4727/141 3620/4736/14
f 3621/4737/260 3620/4736/14 3611/4727/141
f 3622/4738/204 3620/4739/14 3621/4740/260
f 3622/4738/204 3623/4741/17 3620/4739/14
f 3622/4738/204 3624/4742/18 3623/4741/17
f 3625/4743/151 3624/4742/18 3622/4738/204
f 3625/4743/151 3626/4744/205 3624/4742/18
f 3627/4745/234 3626/4744/205 3625/4743/151
f 3627/4745/234 3628/4746/22 3626/4744/205
f 3627/4745/234 3629/4747/154 3628/4746/22
f 3630/4748/263 3629/4747/154 3627/4745/234
f 3630/4749/263 3631/4750/25 3629/4751/154
f 3632/4752/26 3631/4750/25 3630/4749/263
f 3632/4752/26 3633/4753/206 3631/4750/25
f 3632/4752/26 3634/4754/158 3633/4753/206
f 3635/4755/207 3634/4756/158 3632/4757/26
f 3635/4755/207 3636/4758/349 3634/4756/158
f 3637/4759/31 3636/4758/349 3635/4755/207
f 3637/4760/31 3638/4761/32 3636/4762/349
f 3637/4760/31 3639/4763/294 3638/4761/32
f 3640/4764/208 3639/4765/294 3637/4759/31
f 3640/4764/208 3641/4766/35 3639/4765/294
f 3642/4767/111 3641/4766/35 3640/4764/208
f 3642/4768/111 3612/4728/199 3641/4769/35
f 3642/4768/111 3611/4727/141 3612/4728/199
f 3621/4737/260 3611/4727/141 3642/4768/111
f 3643/4770/166 3621/4740/260 3642/4767/111
f 3644/4771/277 3621/4740/260 3643/4770/166
f 3644/4771/277 3622/4738/204 3621/4740/260
f 3644/4771/277 3625/4743/151 3622/4738/204
f 3645/4772/167 3625/4743/151 3644/4771/277
f 3645/4772/167 3627/4745/234 3625/4743/151
f 3645/4772/167 3630/4748/263 3627/4745/234
f 3646/4773/168 3630/4748/263 3645/4772/167
f 3646/4773/168 3632/4757/26 3630/4748/263
f 3646/4773/168 3635/4755/207 3632/4757/26
f 3647/4774/41 3635/4755/207 3646/4773/168
f 3647/4774/41 3637/4759/31 3635/4755/207
f 3647/4774/41 3640/4764/208 3637/4759/31
f 3643/4770/166 3640/4764/208 3647/4774/41
f 3643/4770/166 3642/4767/111 3640/4764/208
f 3648/4775/42 3643/4770/166 3647/4774/41
f 3648/4775/42 3644/4771/277 3643/4770/166
f 3648/4775/42 3645/4772/167 3644/4771/277
f 3648/4775/42 3646/4773/168 3645/4772/167
f 3648/4775/42 3647/4774/41 3646/4773/168
f 3613/4729/97 3641/4769/35 3612/4728/199
f 3649/4776/114 3641/4769/35 3613/4729/97
f 3649/4777/114 3639/4763/294 3641/4778/35
f 3650/4779/44 3639/4763/294 3649/4777/114
f 3650/4779/44 3638/4761/32 3639/4763/294
f 3638/4761/32 3650/4779/44 3651/4780/238
f 3650/4779/44 3652/4781/213 3651/4780/238
f 3650/4779/44 3653/4782/47 3652/4781/213
f 3653/4782/47 3650/4779/44 3649/4777/114
f 3653/4782/47 3649/4777/114 3614/4783/98
f 3614/4730/98 3649/4776/114 3613/4729/97
f 3654/4784/115 3653/4782/47 3614/4783/98
f 3653/4782/47 3654/4784/115 3655/4785/49
f 3656/4786/172 3655/4787/49 3654/4788/115
f 3657/4789/215 3655/4787/49 3656/4786/172
f 3657/4789/215 3658/4790/174 3655/4787/49
f 3659/4791/117 3658/4790/174 3657/4789/215
f 3659/4791/117 3660/4792/118 3658/4790/174
f 3659/4791/117 3661/4793/55 3660/4792/118
f 3662/4794/176 3661/4793/55 3659/4791/117
f 3662/4795/176 3663/4796/57 3661/4797/55
f 3664/4798/58 3663/4796/57 3662/4795/176
f 3664/4798/58 3665/4799/217 3663/4796/57
f 3664/4798/58 3666/4800/60 3665/4799/217
f 3667/4801/218 3666/4802/60 3664/4803/58
f 3667/4801/218 3668/4804/178 3666/4802/60
f 3669/4805/691 3668/4804/178 3667/4801/218
f 3669/4806/691 3670/4807/219 3668/4808/178
f 3669/4806/691 3671/4809/179 3670/4807/219
f 3672/4810/221 3671/4811/179 3669/4805/691
f 3672/4810/221 3673/4812/122 3671/4811/179
f 3674/4813/68 3673/4812/122 3672/4810/221
f 3674/4814/68 3617/4733/11 3673/4815/122
f 3674/4814/68 3616/4732/100 3617/4733/11
f 3675/4816/69 3616/4732/100 3674/4814/68
f 3675/4816/69 3615/4731/9 3616/4732/100
f 3656/4786/172 3615/4817/9 3675/4818/69
f 3656/4786/172 3654/4788/115 3615/4817/9
f 3614/4730/98 3615/4731/9 3654/4819/115
f 3676/4820/70 3656/4786/172 3675/4818/69
f 3676/4820/70 3657/4789/215 3656/4786/172
f 3677/4821/71 3657/4789/215 3676/4820/70
f 3677/4821/71 3659/4791/117 3657/4789/215
f 3677/4821/71 3662/4794/176 3659/4791/117
f 3678/4822/72 3662/4794/176 3677/4821/71
f 3678/4822/72 3664/4803/58 3662/4794/176
f 3678/4822/72 3667/4801/218 3664/4803/58
f 3679/4823/73 3667/4801/218 3678/4822/72
f 3679/4823/73 3669/4805/691 3667/4801/218
f 3679/4823/73 3672/4810/221 3669/4805/691
f 3680/4824/74 3672/4810/221 3679/4823/73
f 3680/4824/74 3674/4813/68 3672/4810/221
f 3680/4824/74 3675/4818/69 3674/4813/68
f 3676/4820/70 3675/4818/69 3680/4824/74
f 3681/4825/75 3676/4820/70 3680/4824/74
f 3681/4825/75 3677/4821/71 3676/4820/70
f 3681/4825/75 3678/4822/72 3677/4821/71
f 3681/4825/75 3679/4823/73 3678/4822/72
f 3681/4825/75 3680/4824/74 3679/4823/73
f 3618/4734/102 3673/4815/122 3617/4733/11
f 3682/4826/76 3673/4815/122 3618/4734/102
f 3682/4827/76 3671/4809/179 3673/4828/122
f 3683/4829/341 3671/4809/179 3682/4827/76
f 3683/4829/341 3670/4807/219 3671/4809/179
f 3670/4807/219 3683/4829/341 3684/4830/225
f 3683/4829/341 3685/4831/226 3684/4830/225
f 3683/4829/341 3686/4832/80 3685/4831/226
f 3686/4832/80 3683/4829/341 3682/4827/76
f 3686/4832/80 3682/4827/76 3619/4833/203
f 3619/4735/203 3682/4826/76 3618/4734/102
f 3623/4834/17 3686/4832/80 3619/4833/203
f 3686/4832/80 3623/4834/17 3624/4835/18
f 3686/4832/80 3624/4835/18 3685/4831/226
f 3685/4831/226 3624/4835/18 3626/4836/205
f 3685/4831/226 3626/4836/205 3687/4837/227
f 3687/4837/227 3626/4836/205 3628/4838/22
f 3628/4838/22 3688/4839/228 3687/4837/227
f 3688/4840/228 3628/4841/22 3629/4751/154
f 3688/4840/228 3629/4751/154 3689/4842/130
f 3689/4842/130 3629/4751/154 3631/4750/25
f 3689/4842/130 3631/4750/25 3690/4843/84
f 3690/4843/84 3631/4750/25 3633/4753/206
f 3633/4753/206 3691/4844/244 3690/4843/84
f 3691/4844/244 3633/4753/206 3634/4754/158
f 3691/4844/244 3634/4754/158 3692/4845/245
f 3692/4846/245 3634/4847/158 3636/4762/349
f 3692/4846/245 3636/4762/349 3651/4780/238
f 3651/4780/238 3636/4762/349 3638/4761/32
f 3693/4848/87 3692/4846/245 3651/4780/238
f 3694/4849/88 3692/4846/245 3693/4848/87
f 3694/4850/88 3691/4844/244 3692/4845/245
f 3691/4844/244 3694/4850/88 3695/4851/232
f 3694/4850/88 3661/4797/55 3695/4851/232
f 3694/4850/88 3660/4852/118 3661/4797/55
f 3660/4853/118 3694/4849/88 3693/4848/87
f 3693/4848/87 3658/4854/174 3660/4853/118
f 3652/4781/213 3658/4854/174 3693/4848/87
f 3652/4781/213 3655/4785/49 3658/4854/174
f 3653/4782/47 3655/4785/49 3652/4781/213
f 3651/4780/238 3652/4781/213 3693/4848/87
f 3695/4851/232 3661/4797/55 3663/4796/57
f 3695/4851/232 3663/4796/57 3696/4855/90
f 3696/4855/90 3663/4796/57 3665/4799/217
f 3665/4799/217 3697/4856/136 3696/4855/90
f 3697/4856/136 3665/4799/217 3666/4800/60
f 3697/4856/136 3666/4800/60 3698/4857/137
f 3698/4858/137 3666/4859/60 3668/4808/178
f 3698/4858/137 3668/4808/178 3684/4830/225
f 3684/4830/225 3668/4808/178 3670/4807/219
f 3687/4837/227 3698/4858/137 3684/4830/225
f 3688/4839/228 3698/4858/137 3687/4837/227
f 3688/4840/228 3697/4856/136 3698/4857/137
f 3697/4856/136 3688/4840/228 3689/4842/130
f 3697/4856/136 3689/4842/130 3696/4855/90
f 3696/4855/90 3689/4842/130 3690/4843/84
f 3690/4843/84 3695/4851/232 3696/4855/90
f 3691/4844/244 3695/4851/232 3690/4843/84
f 3684/4830/225 3685/4831/226 3687/4837/227
f 3619/4735/203 3620/4736/14 3623/4860/17
s 42
f 3699/4861/233 3700/4862/2 3701/4863/139
f 3700/4862/2 3699/4861/233 3702/4864/140
f 3699/4861/233 3703/4865/246 3702/4864/140
f 3699/4861/233 3704/4866/96 3703/4865/246
f 3704/4866/96 3699/4861/233 3705/4867/7
f 3699/4861/233 3701/4863/139 3705/4867/7
f 3705/4867/7 3701/4863/139 3706/4868/8
f 3701/4863/139 3707/4869/9 3706/4868/8
f 3701/4863/139 3708/4870/144 3707/4869/9
f 3700/4862/2 3708/4870/144 3701/4863/139
f 3700/4862/2 3709/4871/101 3708/4870/144
f 3709/4871/101 3700/4862/2 3710/4872/12
f 3700/4862/2 3702/4864/140 3710/4872/12
f 3710/4872/12 3702/4864/140 3711/4873/13
f 3702/4864/140 3712/4874/259 3711/4873/13
f 3702/4864/140 3703/4865/246 3712/4874/259
f 3713/4875/147 3712/4874/259 3703/4865/246
f 3714/4876/16 3712/4877/259 3713/4878/147
f 3714/4876/16 3715/4879/17 3712/4877/259
f 3714/4876/16 3716/4880/105 3715/4879/17
f 3717/4881/262 3716/4880/105 3714/4876/16
f 3717/4881/262 3718/4882/20 3716/4880/105
f 3719/4883/21 3718/4882/20 3717/4881/262
f 3719/4883/21 3720/4884/22 3718/4882/20
f 3719/4883/21 3721/4885/692 3720/4884/22
f 3722/4886/155 3721/4885/692 3719/4883/21
f 3722/4887/155 3723/4888/25 3721/4889/692
f 3724/4890/26 3723/4888/25 3722/4887/155
f 3724/4890/26 3725/4891/206 3723/4888/25
f 3724/4890/26 3726/4892/158 3725/4891/206
f 3727/4893/207 3726/4894/158 3724/4895/26
f 3727/4893/207 3728/4896/693 3726/4894/158
f 3729/4897/31 3728/4896/693 3727/4893/207
f 3729/4898/31 3730/4899/350 3728/4900/693
f 3729/4898/31 3731/4901/162 3730/4899/350
f 3732/4902/208 3731/4903/162 3729/4897/31
f 3732/4902/208 3733/4904/164 3731/4903/162
f 3734/4905/111 3733/4904/164 3732/4902/208
f 3734/4906/111 3704/4866/96 3733/4907/164
f 3734/4906/111 3703/4865/246 3704/4866/96
f 3713/4875/147 3703/4865/246 3734/4906/111
f 3735/4908/37 3713/4878/147 3734/4905/111
f 3736/4909/112 3713/4878/147 3735/4908/37
f 3736/4909/112 3714/4876/16 3713/4878/147
f 3736/4909/112 3717/4881/262 3714/4876/16
f 3737/4910/113 3717/4881/262 3736/4909/112
f 3737/4910/113 3719/4883/21 3717/4881/262
f 3737/4910/113 3722/4886/155 3719/4883/21
f 3738/4911/40 3722/4886/155 3737/4910/113
f 3738/4911/40 3724/4895/26 3722/4886/155
f 3738/4911/40 3727/4893/207 3724/4895/26
f 3739/4912/41 3727/4893/207 3738/4911/40
f 3739/4912/41 3729/4897/31 3727/4893/207
f 3739/4912/41 3732/4902/208 3729/4897/31
f 3735/4908/37 3732/4902/208 3739/4912/41
f 3735/4908/37 3734/4905/111 3732/4902/208
f 3740/4913/42 3735/4908/37 3739/4912/41
f 3740/4913/42 3736/4909/112 3735/4908/37
f 3740/4913/42 3737/4910/113 3736/4909/112
f 3740/4913/42 3738/4911/40 3737/4910/113
f 3740/4913/42 3739/4912/41 3738/4911/40
f 3705/4867/7 3733/4907/164 3704/4866/96
f 3741/4914/43 3733/4907/164 3705/4867/7
f 3741/4915/43 3731/4901/162 3733/4916/164
f 3742/4917/278 3731/4901/162 3741/4915/43
f 3742/4917/278 3730/4899/350 3731/4901/162
f 3730/4899/350 3742/4917/278 3743/4918/170
f 3742/4917/278 3744/4919/171 3743/4918/170
f 3742/4917/278 3745/4920/265 3744/4919/171
f 3745/4920/265 3742/4917/278 3741/4915/43
f 3745/4920/265 3741/4915/43 3706/4921/8
f 3706/4868/8 3741/4914/43 3705/4867/7
f 3746/4922/115 3745/4920/265 3706/4921/8
f 3745/4920/265 3746/4922/115 3747/4923/49
f 3748/4924/50 3747/4925/49 3746/4926/115
f 3749/4927/173 3747/4925/49 3748/4924/50
f 3749/4927/173 3750/4928/283 3747/4925/49
f 3751/4929/53 3750/4928/283 3749/4927/173
f 3751/4929/53 3752/4930/118 3750/4928/283
f 3751/4929/53 3753/4931/216 3752/4930/118
f 3754/4932/176 3753/4931/216 3751/4929/53
f 3754/4933/176 3755/4934/626 3753/4935/216
f 3756/4936/58 3755/4934/626 3754/4933/176
f 3756/4936/58 3757/4937/177 3755/4934/626
f 3756/4936/58 3758/4938/285 3757/4937/177
f 3759/4939/286 3758/4940/285 3756/4941/58
f 3759/4939/286 3760/4942/627 3758/4940/285
f 3761/4943/63 3760/4942/627 3759/4939/286
f 3761/4944/63 3762/4945/219 3760/4946/627
f 3761/4944/63 3763/4947/65 3762/4945/219
f 3764/4948/221 3763/4949/65 3761/4943/63
f 3764/4948/221 3765/4950/307 3763/4949/65
f 3766/4951/694 3765/4950/307 3764/4948/221
f 3766/4952/694 3709/4871/101 3765/4953/307
f 3766/4952/694 3708/4870/144 3709/4871/101
f 3767/4954/222 3708/4870/144 3766/4952/694
f 3767/4954/222 3707/4869/9 3708/4870/144
f 3748/4924/50 3707/4955/9 3767/4956/222
f 3748/4924/50 3746/4926/115 3707/4955/9
f 3706/4868/8 3707/4869/9 3746/4957/115
f 3768/4958/340 3748/4924/50 3767/4956/222
f 3768/4958/340 3749/4927/173 3748/4924/50
f 3769/4959/71 3749/4927/173 3768/4958/340
f 3769/4959/71 3751/4929/53 3749/4927/173
f 3769/4959/71 3754/4932/176 3751/4929/53
f 3770/4960/183 3754/4932/176 3769/4959/71
f 3770/4960/183 3756/4941/58 3754/4932/176
f 3770/4960/183 3759/4939/286 3756/4941/58
f 3771/4961/73 3759/4939/286 3770/4960/183
f 3771/4961/73 3761/4943/63 3759/4939/286
f 3771/4961/73 3764/4948/221 3761/4943/63
f 3772/4962/74 3764/4948/221 3771/4961/73
f 3772/4962/74 3766/4951/694 3764/4948/221
f 3772/4962/74 3767/4956/222 3766/4951/694
f 3768/4958/340 3767/4956/222 3772/4962/74
f 3773/4963/75 3768/4958/340 3772/4962/74
f 3773/4963/75 3769/4959/71 3768/4958/340
f 3773/4963/75 3770/4960/183 3769/4959/71
f 3773/4963/75 3771/4961/73 3770/4960/183
f 3773/4963/75 3772/4962/74 3771/4961/73
f 3710/4872/12 3765/4953/307 3709/4871/101
f 3774/4964/185 3765/4953/307 3710/4872/12
f 3774/4965/185 3763/4947/65 3765/4966/307
f 3775/4967/224 3763/4947/65 3774/4965/185
f 3775/4967/224 3762/4945/219 3763/4947/65
f 3762/4945/219 3775/4967/224 3776/4968/126
f 3775/4967/224 3777/4969/79 3776/4968/126
f 3775/4967/224 3778/4970/188 3777/4969/79
f 3778/4970/188 3775/4967/224 3774/4965/185
f 3778/4970/188 3774/4965/185 3711/4971/13
f 3711/4873/13 3774/4964/185 3710/4872/12
f 3715/4972/17 3778/4970/188 3711/4971/13
f 3778/4970/188 3715/4972/17 3716/4973/105
f 3778/4970/188 3716/4973/105 3777/4969/79
f 3777/4969/79 3716/4973/105 3718/4974/20
f 3777/4969/79 3718/4974/20 3779/4975/227
f 3779/4975/227 3718/4974/20 3720/4976/22
f 3720/4976/22 3780/4977/82 3779/4975/227
f 3780/4978/82 3720/4979/22 3721/4889/692
f 3780/4978/82 3721/4889/692 3781/4980/83
f 3781/4980/83 3721/4889/692 3723/4888/25
f 3781/4980/83 3723/4888/25 3782/4981/243
f 3782/4981/243 3723/4888/25 3725/4891/206
f 3725/4891/206 3783/4982/244 3782/4981/243
f 3783/4982/244 3725/4891/206 3726/4892/158
f 3783/4982/244 3726/4892/158 3784/4983/194
f 3784/4984/194 3726/4985/158 3728/4900/693
f 3784/4984/194 3728/4900/693 3743/4918/170
f 3743/4918/170 3728/4900/693 3730/4899/350
f 3785/4986/671 3784/4984/194 3743/4918/170
f 3786/4987/88 3784/4984/194 3785/4986/671
f 3786/4988/88 3783/4982/244 3784/4983/194
f 3783/4982/244 3786/4988/88 3787/4989/630
f 3786/4988/88 3753/4935/216 3787/4989/630
f 3786/4988/88 3752/4990/118 3753/4935/216
f 3752/4991/118 3786/4987/88 3785/4986/671
f 3785/4986/671 3750/4992/283 3752/4991/118
f 3744/4919/171 3750/4992/283 3785/4986/671
f 3744/4919/171 3747/4923/49 3750/4992/283
f 3745/4920/265 3747/4923/49 3744/4919/171
f 3743/4918/170 3744/4919/171 3785/4986/671
f 3787/4989/630 3753/4935/216 3755/4934/626
f 3787/4989/630 3755/4934/626 3788/4993/90
f 3788/4993/90 3755/4934/626 3757/4937/177
f 3757/4937/177 3789/4994/136 3788/4993/90
f 3789/4994/136 3757/4937/177 3758/4938/285
f 3789/4994/136 3758/4938/285 3790/4995/137
f 3790/4996/137 3758/4997/285 3760/4946/627
f 3790/4996/137 3760/4946/627 3776/4968/126
f 3776/4968/126 3760/4946/627 3762/4945/219
f 3779/4975/227 3790/4996/137 3776/4968/126
f 3780/4977/82 3790/4996/137 3779/4975/227
f 3780/4978/82 3789/4994/136 3790/4995/137
f 3789/4994/136 3780/4978/82 3781/4980/83
f 3789/4994/136 3781/4980/83 3788/4993/90
f 3788/4993/90 3781/4980/83 3782/4981/243
f 3782/4981/243 3787/4989/630 3788/4993/90
f 3783/4982/244 3787/4989/630 3782/4981/243
f 3776/4968/126 3777/4969/79 3779/4975/227
f 3711/4873/13 3712/4874/259 3715/4998/17
s 43
f 3791/4999/1 3792/5000/2 3793/5001/3
f 3792/5000/2 3791/4999/1 3794/5002/140
f 3791/4999/1 3795/5003/246 3794/5002/140
f 3791/4999/1 3796/5004/96 3795/5003/246
f 3796/5004/96 3791/4999/1 3797/5005/7
f 3791/4999/1 3793/5001/3 3797/5005/7
f 3797/5005/7 3793/5001/3 3798/5006/8
f 3793/5001/3 3799/5007/9 3798/5006/8
f 3793/5001/3 3800/5008/144 3799/5007/9
f 3792/5000/2 3800/5008/144 3793/5001/3
f 3792/5000/2 3801/5009/101 3800/5008/144
f 3801/5009/101 3792/5000/2 3802/5010/12
f 3792/5000/2 3794/5002/140 3802/5010/12
f 3802/5010/12 3794/5002/140 3803/5011/13
f 3794/5002/140 3804/5012/259 3803/5011/13
f 3794/5002/140 3795/5003/246 3804/5012/259
f 3805/5013/15 3804/5012/259 3795/5003/246
f 3806/5014/16 3804/5015/259 3805/5016/15
f 3806/5014/16 3807/5017/17 3804/5015/259
f 3806/5014/16 3808/5018/105 3807/5017/17
f 3809/5019/19 3808/5018/105 3806/5014/16
f 3809/5019/19 3810/5020/20 3808/5018/105
f 3811/5021/21 3810/5020/20 3809/5019/19
f 3811/5021/21 3812/5022/22 3810/5020/20
f 3811/5021/21 3813/5023/154 3812/5022/22
f 3814/5024/24 3813/5023/154 3811/5021/21
f 3814/5025/24 3815/5026/625 3813/5027/154
f 3816/5028/26 3815/5026/625 3814/5025/24
f 3816/5028/26 3817/5029/206 3815/5026/625
f 3816/5028/26 3818/5030/28 3817/5029/206
f 3819/5031/29 3818/5032/28 3816/5033/26
f 3819/5031/29 3820/5034/108 3818/5032/28
f 3821/5035/31 3820/5034/108 3819/5031/29
f 3821/5036/31 3822/5037/109 3820/5038/108
f 3821/5036/31 3823/5039/110 3822/5037/109
f 3824/5040/34 3823/5041/110 3821/5035/31
f 3824/5040/34 3825/5042/327 3823/5041/110
f 3826/5043/111 3825/5042/327 3824/5040/34
f 3826/5044/111 3796/5004/96 3825/5045/327
f 3826/5044/111 3795/5003/246 3796/5004/96
f 3805/5013/15 3795/5003/246 3826/5044/111
f 3827/5046/37 3805/5016/15 3826/5043/111
f 3828/5047/112 3805/5016/15 3827/5046/37
f 3828/5047/112 3806/5014/16 3805/5016/15
f 3828/5047/112 3809/5019/19 3806/5014/16
f 3829/5048/113 3809/5019/19 3828/5047/112
f 3829/5048/113 3811/5021/21 3809/5019/19
f 3829/5048/113 3814/5024/24 3811/5021/21
f 3830/5049/40 3814/5024/24 3829/5048/113
f 3830/5049/40 3816/5033/26 3814/5024/24
f 3830/5049/40 3819/5031/29 3816/5033/26
f 3831/5050/41 3819/5031/29 3830/5049/40
f 3831/5050/41 3821/5035/31 3819/5031/29
f 3831/5050/41 3824/5040/34 3821/5035/31
f 3827/5046/37 3824/5040/34 3831/5050/41
f 3827/5046/37 3826/5043/111 3824/5040/34
f 3832/5051/42 3827/5046/37 3831/5050/41
f 3832/5051/42 3828/5047/112 3827/5046/37
f 3832/5051/42 3829/5048/113 3828/5047/112
f 3832/5051/42 3830/5049/40 3829/5048/113
f 3832/5051/42 3831/5050/41 3830/5049/40
f 3797/5005/7 3825/5045/327 3796/5004/96
f 3833/5052/114 3825/5045/327 3797/5005/7
f 3833/5053/114 3823/5039/110 3825/5054/327
f 3834/5055/44 3823/5039/110 3833/5053/114
f 3834/5055/44 3822/5037/109 3823/5039/110
f 3822/5037/109 3834/5055/44 3835/5056/45
f 3834/5055/44 3836/5057/46 3835/5056/45
f 3834/5055/44 3837/5058/214 3836/5057/46
f 3837/5058/214 3834/5055/44 3833/5053/114
f 3837/5058/214 3833/5053/114 3798/5059/8
f 3798/5006/8 3833/5052/114 3797/5005/7
f 3838/5060/115 3837/5058/214 3798/5059/8
f 3837/5058/214 3838/5060/115 3839/5061/116
f 3840/5062/50 3839/5063/116 3838/5064/115
f 3841/5065/51 3839/5063/116 3840/5062/50
f 3841/5065/51 3842/5066/639 3839/5063/116
f 3843/5067/117 3842/5066/639 3841/5065/51
f 3843/5067/117 3844/5068/284 3842/5066/639
f 3843/5067/117 3845/5069/216 3844/5068/284
f 3846/5070/56 3845/5069/216 3843/5067/117
f 3846/5071/56 3847/5072/695 3845/5073/216
f 3848/5074/58 3847/5072/695 3846/5071/56
f 3848/5074/58 3849/5075/177 3847/5072/695
f 3848/5074/58 3850/5076/296 3849/5075/177
f 3851/5077/61 3850/5078/296 3848/5079/58
f 3851/5077/61 3852/5080/120 3850/5078/296
f 3853/5081/63 3852/5080/120 3851/5077/61
f 3853/5082/63 3854/5083/219 3852/5084/120
f 3853/5082/63 3855/5085/65 3854/5083/219
f 3856/5086/66 3855/5087/65 3853/5081/63
f 3856/5086/66 3857/5088/122 3855/5087/65
f 3858/5089/68 3857/5088/122 3856/5086/66
f 3858/5090/68 3801/5009/101 3857/5091/122
f 3858/5090/68 3800/5008/144 3801/5009/101
f 3859/5092/69 3800/5008/144 3858/5090/68
f 3859/5092/69 3799/5007/9 3800/5008/144
f 3840/5062/50 3799/5093/9 3859/5094/69
f 3840/5062/50 3838/5064/115 3799/5093/9
f 3798/5006/8 3799/5007/9 3838/5095/115
f 3860/5096/70 3840/5062/50 3859/5094/69
f 3860/5096/70 3841/5065/51 3840/5062/50
f 3861/5097/123 3841/5065/51 3860/5096/70
f 3861/5097/123 3843/5067/117 3841/5065/51
f 3861/5097/123 3846/5070/56 3843/5067/117
f 3862/5098/72 3846/5070/56 3861/5097/123
f 3862/5098/72 3848/5079/58 3846/5070/56
f 3862/5098/72 3851/5077/61 3848/5079/58
f 3863/5099/73 3851/5077/61 3862/5098/72
f 3863/5099/73 3853/5081/63 3851/5077/61
f 3863/5099/73 3856/5086/66 3853/5081/63
f 3864/5100/74 3856/5086/66 3863/5099/73
f 3864/5100/74 3858/5089/68 3856/5086/66
f 3864/5100/74 3859/5094/69 3858/5089/68
f 3860/5096/70 3859/5094/69 3864/5100/74
f 3865/5101/75 3860/5096/70 3864/5100/74
f 3865/5101/75 3861/5097/123 3860/5096/70
f 3865/5101/75 3862/5098/72 3861/5097/123
f 3865/5101/75 3863/5099/73 3862/5098/72
f 3865/5101/75 3864/5100/74 3863/5099/73
f 3802/5010/12 3857/5091/122 3801/5009/101
f 3866/5102/185 3857/5091/122 3802/5010/12
f 3866/5103/185 3855/5085/65 3857/5104/122
f 3867/5105/224 3855/5085/65 3866/5103/185
f 3867/5105/224 3854/5083/219 3855/5085/65
f 3854/5083/219 3867/5105/224 3868/5106/225
f 3867/5105/224 3869/5107/79 3868/5106/225
f 3867/5105/224 3870/5108/629 3869/5107/79
f 3870/5108/629 3867/5105/224 3866/5103/185
f 3870/5108/629 3866/5103/185 3803/5109/13
f 3803/5011/13 3866/5102/185 3802/5010/12
f 3807/5110/17 3870/5108/629 3803/5109/13
f 3870/5108/629 3807/5110/17 3808/5111/105
f 3870/5108/629 3808/5111/105 3869/5107/79
f 3869/5107/79 3808/5111/105 3810/5112/20
f 3869/5107/79 3810/5112/20 3871/5113/81
f 3871/5113/81 3810/5112/20 3812/5114/22
f 3812/5114/22 3872/5115/696 3871/5113/81
f 3872/5116/696 3812/5117/22 3813/5027/154
f 3872/5116/696 3813/5027/154 3873/5118/191
f 3873/5118/191 3813/5027/154 3815/5026/625
f 3873/5118/191 3815/5026/625 3874/5119/192
f 3874/5119/192 3815/5026/625 3817/5029/206
f 3817/5029/206 3875/5120/244 3874/5119/192
f 3875/5120/244 3817/5029/206 3818/5030/28
f 3875/5120/244 3818/5030/28 3876/5121/132
f 3876/5122/132 3818/5123/28 3820/5038/108
f 3876/5122/132 3820/5038/108 3835/5056/45
f 3835/5056/45 3820/5038/108 3822/5037/109
f 3877/5124/671 3876/5122/132 3835/5056/45
f 3878/5125/134 3876/5122/132 3877/5124/671
f 3878/5126/134 3875/5120/244 3876/5121/132
f 3875/5120/244 3878/5126/134 3879/5127/89
f 3878/5126/134 3845/5073/216 3879/5127/89
f 3878/5126/134 3844/5128/284 3845/5073/216
f 3844/5129/284 3878/5125/134 3877/5124/671
f 3877/5124/671 3842/5130/639 3844/5129/284
f 3836/5057/46 3842/5130/639 3877/5124/671
f 3836/5057/46 3839/5061/116 3842/5130/639
f 3837/5058/214 3839/5061/116 3836/5057/46
f 3835/5056/45 3836/5057/46 3877/5124/671
f 3879/5127/89 3845/5073/216 3847/5072/695
f 3879/5127/89 3847/5072/695 3880/5131/697
f 3880/5131/697 3847/5072/695 3849/5075/177
f 3849/5075/177 3881/5132/197 3880/5131/697
f 3881/5132/197 3849/5075/177 3850/5076/296
f 3881/5132/197 3850/5076/296 3882/5133/137
f 3882/5134/137 3850/5135/296 3852/5084/120
f 3882/5134/137 3852/5084/120 3868/5106/225
f 3868/5106/225 3852/5084/120 3854/5083/219
f 3871/5113/81 3882/5134/137 3868/5106/225
f 3872/5115/696 3882/5134/137 3871/5113/81
f 3872/5116/696 3881/5132/197 3882/5133/137
f 3881/5132/197 3872/5116/696 3873/5118/191
f 3881/5132/197 3873/5118/191 3880/5131/697
f 3880/5131/697 3873/5118/191 3874/5119/192
f 3874/5119/192 3879/5127/89 3880/5131/697
f 3875/5120/244 3879/5127/89 3874/5119/192
f 3868/5106/225 3869/5107/79 3871/5113/81
f 3803/5011/13 3804/5012/259 3807/5136/17
s 44
f 3883/5137/698 3884/5138/699 3885/5139/700 3886/5140/701
f 3887/5141/702 3888/5142/703 3884/5138/699 3883/5137/698
f 3889/5143/704 3890/5144/705 3888/5145/703 3887/5146/702
f 3889/5147/704 3891/5148/42 3892/5149/42 3890/5150/705
f 3893/5151/706 3894/5152/42 3891/5148/42 3889/5147/704
f 3895/5153/707 3896/5154/42 3894/5152/42 3893/5151/706
f 3897/5155/708 3898/5156/42 3896/5154/42 3895/5153/707
f 3899/5157/709 3900/5158/42 3898/5156/42 3897/5155/708
f 3901/5159/710 3902/5160/42 3900/5158/42 3899/5157/709
f 3903/5161/711 3904/5162/42 3902/5160/42 3901/5159/710
f 3905/5163/712 3906/5164/42 3904/5162/42 3903/5161/711
f 3907/5165/713 3908/5166/42 3906/5164/42 3905/5163/712
f 3909/5167/714 3910/5168/42 3908/5166/42 3907/5165/713
f 3911/5169/715 3912/5170/42 3910/5168/42 3909/5167/714
f 3913/5171/716 3914/5172/42 3912/5170/42 3911/5169/715
f 3915/5173/717 3916/5174/42 3914/5172/42 3913/5171/716
f 3917/5175/718 3918/5176/42 3916/5174/42 3915/5173/717
f 3919/5177/719 3920/5178/42 3918/5176/42 3917/5175/718
f 3921/5179/720 3922/5180/42 3920/5178/42 3919/5177/719
f 3923/5181/721 3924/5182/42 3922/5180/42 3921/5179/720
f 3925/5183/722 3926/5184/42 3924/5182/42 3923/5181/721
f 3927/5185/723 3928/5186/42 3926/5184/42 3925/5183/722
f 3929/5187/724 3930/5188/42 3928/5186/42 3927/5185/723
f 3931/5189/725 3932/5190/42 3930/5188/42 3929/5187/724
f 3933/5191/726 3934/5192/42 3932/5190/42 3931/5189/725
f 3935/5193/727 3936/5194/42 3934/5192/42 3933/5191/726
f 3890/5150/705 3892/5149/42 3936/5194/42 3935/5193/727
f 3937/5195/42 3936/5194/42 3892/5149/42 3938/5196/42
f 3939/5197/42 3934/5192/42 3936/5194/42 3937/5195/42
f 3940/5198/42 3932/5190/42 3934/5192/42 3939/5197/42
f 3941/5199/42 3930/5188/42 3932/5190/42 3940/5198/42
f 3942/5200/42 3928/5186/42 3930/5188/42 3941/5199/42
f 3943/5201/42 3926/5184/42 3928/5186/42 3942/5200/42
f 3944/5202/42 3924/5182/42 3926/5184/42 3943/5201/42
f 3945/5203/42 3922/5180/42 3924/5182/42 3944/5202/42
f 3946/5204/42 3920/5178/42 3922/5180/42 3945/5203/42
f 3947/5205/42 3918/5176/42 3920/5178/42 3946/5204/42
f 3948/5206/42 3916/5174/42 3918/5176/42 3947/5205/42
f 3949/5207/42 3914/5172/42 3916/5174/42 3948/5206/42
f 3950/5208/42 3912/5170/42 3914/5172/42 3949/5207/42
f 3951/5209/42 3910/5168/42 3912/5170/42 3950/5208/42
f 3952/5210/42 3908/5166/42 3910/5168/42 3951/5209/42
f 3953/5211/42 3906/5164/42 3908/5166/42 3952/5210/42
f 3954/5212/42 3904/5162/42 3906/5164/42 3953/5211/42
f 3955/5213/42 3902/5160/42 3904/5162/42 3954/5212/42
f 3956/5214/42 3900/5158/42 3902/5160/42 3955/5213/42
f 3957/5215/42 3898/5156/42 3900/5158/42 3956/5214/42
f 3958/5216/42 3896/5154/42 3898/5156/42 3957/5215/42
f 3959/5217/42 3894/5152/42 3896/5154/42 3958/5216/42
f 3960/5218/42 3891/5148/42 3894/5152/42 3959/5217/42
f 3938/5196/42 3892/5149/42 3891/5148/42 3960/5218/42
f 3961/5219/728 3938/5196/42 3960/5218/42 3962/5220/729
f 3963/5221/730 3937/5195/42 3938/5196/42 3961/5219/728
f 3964/5222/731 3939/5197/42 3937/5195/42 3963/5221/730
f 3965/5223/732 3940/5198/42 3939/5197/42 3964/5222/731
f 3966/5224/733 3941/5199/42 3940/5198/42 3965/5223/732
f 3967/5225/734 3942/5200/42 3941/5199/42 3966/5224/733
f 3968/5226/735 3943/5201/42 3942/5200/42 3967/5225/734
f 3969/5227/736 3944/5202/42 3943/5201/42 3968/5226/735
f 3970/5228/737 3945/5203/42 3944/5202/42 3969/5227/736
f 3971/5229/738 3946/5204/42 3945/5203/42 3970/5228/737
f 3972/5230/739 3947/5205/42 3946/5204/42 3971/5229/738
f 3973/5231/740 3948/5206/42 3947/5205/42 3972/5230/739
f 3974/5232/741 3949/5207/42 3948/5206/42 3973/5231/740
f 3975/5233/742 3950/5208/42 3949/5207/42 3974/5232/741
f 3976/5234/743 3951/5209/42 3950/5208/42 3975/5233/742
f 3977/5235/744 3952/5210/42 3951/5209/42 3976/5234/743
f 3978/5236/745 3953/5211/42 3952/5210/42 3977/5235/744
f 3979/5237/746 3954/5212/42 3953/5211/42 3978/5236/745
f 3980/5238/747 3955/5213/42 3954/5212/42 3979/5237/746
f 3981/5239/748 3956/5214/42 3955/5213/42 3980/5238/747
f 3982/5240/749 3957/5215/42 3956/5214/42 3981/5239/748
f 3983/5241/750 3958/5216/42 3957/5215/42 3982/5240/749
f 3984/5242/751 3959/5217/42 3958/5216/42 3983/5241/750
f 3962/5220/729 3960/5218/42 3959/5217/42 3984/5242/751
f 3985/5243/752 3986/5244/753 3962/5220/729 3984/5242/751
f 3987/5245/754 3988/5246/755 3986/5244/753 3985/5243/752
f 3989/5247/756 3990/5248/757 3988/5246/755 3987/5245/754
f 3991/5249/758 3992/5250/759 3990/5251/757 3989/5252/756
f 3993/5253/760 3994/5254/761 3992/5250/759 3991/5249/758
f 3995/5255/413 3994/5254/761 3993/5253/760 3996/5256/414
f 3997/5257/412 3998/5258/762 3994/5259/761 3995/5260/413
f 3999/5261/410 4000/5262/763 3998/5258/762 3997/5257/412
f 4001/5263/582 4002/5264/764 4000/5262/763 3999/5261/410
f 4003/5265/581 4004/5266/765 4002/5264/764 4001/5263/582
f 4005/5267/431 4006/5268/766 4004/5266/765 4003/5265/581
f 4007/5269/430 4008/5270/767 4006/5268/766 4005/5267/431
f 4009/5271/429 4010/5272/768 4008/5273/767 4007/5274/430
f 4011/5275/428 4012/5276/769 4010/5272/768 4009/5271/429
f 4013/5277/309 4014/5278/770 4012/5276/769 4011/5275/428
f 4015/5279/427 4016/5280/771 4014/5278/770 4013/5277/309
f 4017/5281/426 4018/5282/772 4016/5280/771 4015/5279/427
f 4019/5283/425 4020/5284/773 4018/5282/772 4017/5281/426
f 4021/5285/424 4022/5286/774 4020/5287/773 4019/5288/425
f 4023/5289/583 4024/5290/775 4022/5286/774 4021/5285/424
f 4025/5291/317 4026/5292/776 4024/5290/775 4023/5289/583
f 4027/5293/420 4028/5294/777 4026/5292/776 4025/5291/317
f 4029/5295/419 4030/5296/778 4028/5294/777 4027/5293/420
f 4031/5297/418 4032/5298/779 4030/5296/778 4029/5295/419
f 4033/5299/417 4034/5300/780 4032/5301/779 4031/5302/418
f 4035/5303/416 4036/5304/781 4034/5300/780 4033/5299/417
f 4037/5305/326 4038/5306/782 4036/5304/781 4035/5303/416
f 4039/5307/415 4040/5308/783 4038/5306/782 4037/5305/326
f 3996/5256/414 3993/5253/760 4040/5308/783 4039/5307/415
f 4040/5308/783 3993/5253/760 3991/5249/758 4041/5309/784
f 4041/5309/784 3991/5249/758 3989/5252/756 4042/5310/785
f 4042/5311/785 3989/5247/756 3987/5245/754 4043/5312/786
f 4043/5312/786 3987/5245/754 3985/5243/752 4044/5313/787
f 4044/5313/787 3985/5243/752 3984/5242/751 3983/5241/750
f 4045/5314/788 4044/5313/787 3983/5241/750 3982/5240/749
f 4046/5315/789 4043/5312/786 4044/5313/787 4045/5314/788
f 4047/5316/790 4042/5311/785 4043/5312/786 4046/5315/789
f 4048/5317/791 4041/5309/784 4042/5310/785 4047/5318/790
f 4038/5306/782 4040/5308/783 4041/5309/784 4048/5317/791
f 4036/5304/781 4038/5306/782 4048/5317/791 4049/5319/792
f 4049/5319/792 4048/5317/791 4047/5318/790 4050/5320/793
f 4050/5321/793 4047/5316/790 4046/5315/789 4051/5322/794
f 4051/5322/794 4046/5315/789 4045/5314/788 4052/5323/795
f 4052/5323/795 4045/5314/788 3982/5240/749 3981/5239/748
f 4053/5324/796 4052/5323/795 3981/5239/748 3980/5238/747
f 4054/5325/797 4051/5322/794 4052/5323/795 4053/5324/796
f 4055/5326/798 4050/5321/793 4051/5322/794 4054/5325/797
f 4056/5327/799 4049/5319/792 4050/5320/793 4055/5328/798
f 4034/5300/780 4036/5304/781 4049/5319/792 4056/5327/799
f 4032/5301/779 4034/5300/780 4056/5327/799 4057/5329/800
f 4057/5329/800 4056/5327/799 4055/5328/798 4058/5330/801
f 4058/5331/801 4055/5326/798 4054/5325/797 4059/5332/802
f 4059/5332/802 4054/5325/797 4053/5324/796 4060/5333/803
f 4060/5333/803 4053/5324/796 3980/5238/747 3979/5237/746
f 4061/5334/804 4060/5333/803 3979/5237/746 3978/5236/745
f 4062/5335/805 4059/5332/802 4060/5333/803 4061/5334/804
f 4063/5336/806 4058/5331/801 4059/5332/802 4062/5335/805
f 4064/5337/807 4057/5338/800 4058/5339/801 4063/5340/806
f 4030/5296/778 4032/5298/779 4057/5338/800 4064/5337/807
f 4028/5294/777 4030/5296/778 4064/5337/807 4065/5341/808
f 4065/5341/808 4064/5337/807 4063/5340/806 4066/5342/809
f 4066/5343/809 4063/5336/806 4062/5335/805 4067/5344/810
f 4067/5344/810 4062/5335/805 4061/5334/804 4068/5345/811
f 4068/5345/811 4061/5334/804 3978/5236/745 3977/5235/744
f 4069/5346/812 4068/5345/811 3977/5235/744 3976/5234/743
f 4070/5347/813 4067/5344/810 4068/5345/811 4069/5346/812
f 4071/5348/814 4066/5343/809 4067/5344/810 4070/5347/813
f 4072/5349/815 4065/5341/808 4066/5342/809 4071/5350/814
f 4026/5292/776 4028/5294/777 4065/5341/808 4072/5349/815
f 4024/5290/775 4026/5292/776 4072/5349/815 4073/5351/816
f 4073/5351/816 4072/5349/815 4071/5350/814 4074/5352/817
f 4074/5353/817 4071/5348/814 4070/5347/813 4075/5354/818
f 4075/5354/818 4070/5347/813 4069/5346/812 4076/5355/819
f 4076/5355/819 4069/5346/812 3976/5234/743 3975/5233/742
f 4077/5356/820 4076/5355/819 3975/5233/742 3974/5232/741
f 4078/5357/821 4075/5354/818 4076/5355/819 4077/5356/820
f 4079/5358/822 4074/5353/817 4075/5354/818 4078/5357/821
f 4080/5359/823 4073/5351/816 4074/5352/817 4079/5360/822
f 4022/5286/774 4024/5290/775 4073/5351/816 4080/5359/823
f 4020/5287/773 4022/5286/774 4080/5359/823 4081/5361/824
f 4081/5361/824 4080/5359/823 4079/5360/822 4082/5362/825
f 4082/5363/825 4079/5358/822 4078/5357/821 4083/5364/826
f 4083/5364/826 4078/5357/821 4077/5356/820 4084/5365/827
f 4084/5365/827 4077/5356/820 3974/5232/741 3973/5231/740
f 4085/5366/828 4084/5365/827 3973/5231/740 3972/5230/739
f 4086/5367/829 4083/5364/826 4084/5365/827 4085/5366/828
f 4087/5368/830 4082/5363/825 4083/5364/826 4086/5367/829
f 4088/5369/831 4081/5370/824 4082/5371/825 4087/5372/830
f 4018/5282/772 4020/5284/773 4081/5370/824 4088/5369/831
f 4016/5280/771 4018/5282/772 4088/5369/831 4089/5373/832
f 4089/5373/832 4088/5369/831 4087/5372/830 4090/5374/833
f 4090/5375/833 4087/5368/830 4086/5367/829 4091/5376/834
f 4091/5376/834 4086/5367/829 4085/5366/828 4092/5377/835
f 4092/5377/835 4085/5366/828 3972/5230/739 3971/5229/738
f 4093/5378/836 4092/5377/835 3971/5229/738 3970/5228/737
f 4094/5379/837 4091/5376/834 4092/5377/835 4093/5378/836
f 4095/5380/838 4090/5375/833 4091/5376/834 4094/5379/837
f 4096/5381/839 4089/5373/832 4090/5374/833 4095/5382/838
f 4014/5278/770 4016/5280/771 4089/5373/832 4096/5381/839
f 4012/5276/769 4014/5278/770 4096/5381/839 4097/5383/840
f 4097/5383/840 4096/5381/839 4095/5382/838 4098/5384/841
f 4098/5385/841 4095/5380/838 4094/5379/837 4099/5386/842
f 4099/5386/842 4094/5379/837 4093/5378/836 4100/5387/843
f 4100/5387/843 4093/5378/836 3970/5228/737 3969/5227/736
f 4101/5388/844 4100/5387/843 3969/5227/736 3968/5226/735
f 4102/5389/845 4099/5386/842 4100/5387/843 4101/5388/844
f 4103/5390/846 4098/5385/841 4099/5386/842 4102/5389/845
f 4104/5391/847 4097/5383/840 4098/5384/841 4103/5392/846
f 4010/5272/768 4012/5276/769 4097/5383/840 4104/5391/847
f 4008/5273/767 4010/5272/768 4104/5391/847 4105/5393/848
f 4105/5393/848 4104/5391/847 4103/5392/846 4106/5394/849
f 4106/5395/849 4103/5390/846 4102/5389/845 4107/5396/850
f 4107/5396/850 4102/5389/845 4101/5388/844 4108/5397/851
f 4108/5397/851 4101/5388/844 3968/5226/735 3967/5225/734
f 4109/5398/852 4108/5397/851 3967/5225/734 3966/5224/733
f 4110/5399/853 4107/5396/850 4108/5397/851 4109/5398/852
f 4111/5400/854 4106/5395/849 4107/5396/850 4110/5399/853
f 4112/5401/855 4105/5402/848 4106/5403/849 4111/5404/854
f 4006/5268/766 4008/5270/767 4105/5402/848 4112/5401/855
f 4004/5266/765 4006/5268/766 4112/5401/855 4113/5405/856
f 4113/5405/856 4112/5401/855 4111/5404/854 4114/5406/857
f 4114/5407/857 4111/5400/854 4110/5399/853 4115/5408/858
f 4115/5408/858 4110/5399/853 4109/5398/852 4116/5409/859
f 4116/5409/859 4109/5398/852 3966/5224/733 3965/5223/732
f 4117/5410/860 4116/5409/859 3965/5223/732 3964/5222/731
f 4118/5411/861 4115/5408/858 4116/5409/859 4117/5410/860
f 4119/5412/862 4114/5407/857 4115/5408/858 4118/5411/861
f 4120/5413/863 4113/5405/856 4114/5406/857 4119/5414/862
f 4002/5264/764 4004/5266/765 4113/5405/856 4120/5413/863
f 4000/5262/763 4002/5264/764 4120/5413/863 4121/5415/864
f 4121/5415/864 4120/5413/863 4119/5414/862 4122/5416/865
f 4122/5417/865 4119/5412/862 4118/5411/861 4123/5418/866
f 4123/5418/866 4118/5411/861 4117/5410/860 4124/5419/867
f 4124/5419/867 4117/5410/860 3964/5222/731 3963/5221/730
f 4125/5420/868 4124/5419/867 3963/5221/730 3961/5219/728
f 4126/5421/869 4123/5418/866 4124/5419/867 4125/5420/868
f 4127/5422/870 4122/5417/865 4123/5418/866 4126/5421/869
f 4128/5423/871 4121/5415/864 4122/5416/865 4127/5424/870
f 3998/5258/762 4000/5262/763 4121/5415/864 4128/5423/871
f 3994/5259/761 3998/5258/762 4128/5423/871 3992/5425/759
f 3992/5425/759 4128/5423/871 4127/5424/870 3990/5426/757
f 3990/5248/757 4127/5422/870 4126/5421/869 3988/5246/755
f 3988/5246/755 4126/5421/869 4125/5420/868 3986/5244/753
f 3986/5244/753 4125/5420/868 3961/5219/728 3962/5220/729
f 3890/5144/705 3935/5427/727 4129/5428/872 3888/5145/703
f 3935/5427/727 3933/5429/726 4130/5430/873 4129/5428/872
f 3933/5429/726 3931/5431/725 4131/5432/874 4130/5430/873
f 3931/5431/725 3929/5433/724 4132/5434/875 4131/5432/874
f 3929/5433/724 3927/5435/723 4133/5436/876 4132/5434/875
f 3927/5437/723 3925/5438/722 4134/5439/877 4133/5440/876
f 3925/5438/722 3923/5441/721 4135/5442/878 4134/5439/877
f 3923/5441/721 3921/5443/720 4136/5444/879 4135/5442/878
f 3921/5443/720 3919/5445/719 4137/5446/880 4136/5444/879
f 3919/5445/719 3917/5447/718 4138/5448/881 4137/5446/880
f 3917/5447/718 3915/5449/717 4139/5450/882 4138/5448/881
f 3915/5451/717 3913/5452/716 4140/5453/883 4139/5454/882
f 3913/5452/716 3911/5455/715 4141/5456/884 4140/5453/883
f 3911/5455/715 3909/5457/714 4142/5458/885 4141/5456/884
f 3909/5457/714 3907/5459/713 4143/5460/886 4142/5458/885
f 3907/5459/713 3905/5461/712 4144/5462/887 4143/5460/886
f 3905/5461/712 3903/5463/711 4145/5464/888 4144/5462/887
f 3903/5465/711 3901/5466/710 4146/5467/889 4145/5468/888
f 3901/5466/710 3899/5469/709 4147/5470/890 4146/5467/889
f 3899/5469/709 3897/5471/708 4148/5472/891 4147/5470/890
f 3897/5471/708 3895/5473/707 4149/5474/892 4148/5472/891
f 3895/5473/707 3893/5475/706 4150/5476/893 4149/5474/892
f 3893/5475/706 3889/5477/704 3887/5478/702 4150/5476/893
f 4150/5479/893 3887/5141/702 3883/5137/698 4151/5480/894
f 4151/5480/894 3883/5137/698 3886/5140/701 4152/5481/895
f 4153/5482/42 4152/5481/895 3886/5140/701
f 4153/5482/42 4154/5483/896 4152/5481/895
f 4154/5483/896 4153/5482/42 4155/5484/897
f 4153/5482/42 4156/5485/898 4155/5484/897
f 4153/5482/42 4157/5486/899 4156/5485/898
f 4157/5486/899 4153/5482/42 4158/5487/900
f 4153/5482/42 4159/5488/901 4158/5487/900
f 4153/5482/42 4160/5489/902 4159/5488/901
f 4160/5489/902 4153/5482/42 4161/5490/903
f 4153/5482/42 4162/5491/904 4161/5490/903
f 4153/5482/42 4163/5492/905 4162/5491/904
f 4163/5492/905 4153/5482/42 4164/5493/906
f 4153/5482/42 4165/5494/907 4164/5493/906
f 4153/5482/42 4166/5495/908 4165/5494/907
f 4166/5495/908 4153/5482/42 4167/5496/909
f 4153/5482/42 4168/5497/910 4167/5496/909
f 4153/5482/42 4169/5498/911 4168/5497/910
f 4169/5498/911 4153/5482/42 4170/5499/912
f 4153/5482/42 4171/5500/913 4170/5499/912
f 4153/5482/42 4172/5501/914 4171/5500/913
f 4172/5501/914 4153/5482/42 4173/5502/915
f 4153/5482/42 4174/5503/916 4173/5502/915
f 4153/5482/42 3885/5139/700 4174/5503/916
f 3885/5139/700 4153/5482/42 3886/5140/701
f 3884/5138/699 4175/5504/917 4174/5503/916 3885/5139/700
f 3888/5142/703 4129/5505/872 4175/5504/917 3884/5138/699
f 4129/5505/872 4130/5506/873 4176/5507/918 4175/5504/917
f 4130/5506/873 4131/5508/874 4177/5509/919 4176/5507/918
f 4131/5508/874 4132/5510/875 4178/5511/920 4177/5509/919
f 4132/5510/875 4133/5512/876 4179/5513/921 4178/5511/920
f 4133/5512/876 4134/5514/877 4180/5515/922 4179/5513/921
f 4134/5514/877 4135/5516/878 4181/5517/923 4180/5515/922
f 4135/5516/878 4136/5518/879 4182/5519/924 4181/5517/923
f 4136/5518/879 4137/5520/880 4183/5521/925 4182/5519/924
f 4137/5520/880 4138/5522/881 4184/5523/926 4183/5521/925
f 4138/5522/881 4139/5524/882 4185/5525/927 4184/5523/926
f 4139/5524/882 4140/5526/883 4186/5527/928 4185/5525/927
f 4140/5526/883 4141/5528/884 4187/5529/929 4186/5527/928
f 4141/5528/884 4142/5530/885 4188/5531/930 4187/5529/929
f 4142/5530/885 4143/5532/886 4189/5533/931 4188/5531/930
f 4143/5532/886 4144/5534/887 4190/5535/932 4189/5533/931
f 4144/5534/887 4145/5536/888 4191/5537/933 4190/5535/932
f 4145/5536/888 4146/5538/889 4192/5539/934 4191/5537/933
f 4146/5538/889 4147/5540/890 4193/5541/935 4192/5539/934
f 4147/5540/890 4148/5542/891 4194/5543/936 4193/5541/935
f 4148/5542/891 4149/5544/892 4195/5545/937 4194/5543/936
f 4149/5544/892 4150/5479/893 4151/5480/894 4195/5545/937
f 4195/5545/937 4151/5480/894 4152/5481/895 4154/5483/896
f 4194/5543/936 4195/5545/937 4154/5483/896 4155/5484/897
f 4193/5541/935 4194/5543/936 4155/5484/897 4156/5485/898
f 4192/5539/934 4193/5541/935 4156/5485/898 4157/5486/899
f 4191/5537/933 4192/5539/934 4157/5486/899 4158/5487/900
f 4190/5535/932 4191/5537/933 4158/5487/900 4159/5488/901
f 4189/5533/931 4190/5535/932 4159/5488/901 4160/5489/902
f 4188/5531/930 4189/5533/931 4160/5489/902 4161/5490/903
f 4187/5529/929 4188/5531/930 4161/5490/903 4162/5491/904
f 4186/5527/928 4187/5529/929 4162/5491/904 4163/5492/905
f 4185/5525/927 4186/5527/928 4163/5492/905 4164/5493/906
f 4184/5523/926 4185/5525/927 4164/5493/906 4165/5494/907
f 4183/5521/925 4184/5523/926 4165/5494/907 4166/5495/908
f 4182/5519/924 4183/5521/925 4166/5495/908 4167/5496/909
f 4181/5517/923 4182/5519/924 4167/5496/909 4168/5497/910
f 4180/5515/922 4181/5517/923 4168/5497/910 4169/5498/911
f 4179/5513/921 4180/5515/922 4169/5498/911 4170/5499/912
f 4178/5511/920 4179/5513/921 4170/5499/912 4171/5500/913
f 4177/5509/919 4178/5511/920 4171/5500/913 4172/5501/914
f 4176/5507/918 4177/5509/919 4172/5501/914 4173/5502/915
f 4175/5504/917 4176/5507/918 4173/5502/915 4174/5503/916
s 45
f 4196/5546/42 4197/5547/42 3996/5548/42 4039/5549/42
f 4197/5547/42 4198/5550/42 3995/5551/42 3996/5548/42
f 4198/5550/42 4199/5552/42 3997/5553/42 3995/5551/42
f 4199/5552/42 4200/5554/42 3999/5555/42 3997/5553/42
f 4200/5554/42 4201/5556/42 4001/5557/42 3999/5555/42
f 4201/5556/42 4202/5558/42 4003/5559/42 4001/5557/42
f 4202/5558/42 4203/5560/42 4005/5561/42 4003/5559/42
f 4203/5560/42 4204/5562/42 4007/5563/42 4005/5561/42
f 4204/5562/42 4205/5564/42 4009/5565/42 4007/5563/42
f 4205/5564/42 4206/5566/42 4011/5567/42 4009/5565/42
f 4206/5566/42 4207/5568/42 4013/5569/42 4011/5567/42
f 4207/5568/42 4208/5570/42 4015/5571/42 4013/5569/42
f 4208/5570/42 4209/5572/42 4017/5573/42 4015/5571/42
f 4209/5572/42 4210/5574/42 4019/5575/42 4017/5573/42
f 4210/5574/42 4211/5576/42 4021/5577/42 4019/5575/42
f 4211/5576/42 4212/5578/42 4023/5579/42 4021/5577/42
f 4212/5578/42 4213/5580/42 4025/5581/42 4023/5579/42
f 4213/5580/42 4214/5582/42 4027/5583/42 4025/5581/42
f 4214/5582/42 4215/5584/42 4029/5585/42 4027/5583/42
f 4215/5584/42 4216/5586/42 4031/5587/42 4029/5585/42
f 4216/5586/42 4217/5588/42 4033/5589/42 4031/5587/42
f 4217/5588/42 4218/5590/42 4035/5591/42 4033/5589/42
f 4218/5590/42 4219/5592/42 4037/5593/42 4035/5591/42
f 4219/5592/42 4196/5546/42 4039/5549/42 4037/5593/42
s 46
f 4196/5594/427 4220/5595/938 4221/5596/939 4197/5597/426
f 4219/5598/309 4222/5599/940 4220/5595/938 4196/5594/427
f 4218/5600/428 4223/5601/941 4222/5599/940 4219/5598/309
f 4217/5602/429 4224/5603/942 4223/5601/941 4218/5600/428
f 4216/5604/430 4225/5605/943 4224/5603/942 4217/5602/429
f 4215/5606/431 4226/5607/944 4225/5608/943 4216/5609/430
f 4214/5610/581 4227/5611/945 4226/5607/944 4215/5606/431
f 4213/5612/582 4228/5613/946 4227/5611/945 4214/5610/581
f 4212/5614/410 4229/5615/947 4228/5613/946 4213/5612/582
f 4211/5616/412 4230/5617/948 4229/5615/947 4212/5614/410
f 4210/5618/413 4231/5619/949 4230/5617/948 4211/5616/412
f 4209/5620/414 4232/5621/950 4231/5622/949 4210/5623/413
f 4208/5624/415 4233/5625/951 4232/5621/950 4209/5620/414
f 4207/5626/326 4234/5627/952 4233/5625/951 4208/5624/415
f 4206/5628/416 4235/5629/953 4234/5627/952 4207/5626/326
f 4205/5630/417 4236/5631/954 4235/5629/953 4206/5628/416
f 4204/5632/418 4237/5633/955 4236/5631/954 4205/5630/417
f 4203/5634/419 4238/5635/956 4237/5636/955 4204/5637/418
f 4202/5638/420 4239/5639/957 4238/5635/956 4203/5634/419
f 4201/5640/317 4240/5641/958 4239/5639/957 4202/5638/420
f 4200/5642/583 4241/5643/959 4240/5641/958 4201/5640/317
f 4199/5644/424 4242/5645/960 4241/5643/959 4200/5642/583
f 4198/5646/425 4243/5647/961 4242/5645/960 4199/5644/424
f 4197/5597/426 4221/5596/939 4243/5648/961 4198/5649/425
f 4244/5650/962 4245/5651/963 4243/5648/961 4221/5596/939
f 4246/5652/964 4247/5653/965 4245/5651/963 4244/5650/962
f 4248/5654/966 4249/5655/967 4247/5656/965 4246/5657/964
f 4250/5658/968 4251/5659/969 4249/5655/967 4248/5654/966
f 4252/5660/970 4253/5661/971 4251/5659/969 4250/5658/968
f 4252/5660/970 4254/5662/75 4255/5663/75 4253/5661/971
f 4256/5664/972 4257/5665/75 4254/5662/75 4252/5660/970
f 4258/5666/973 4259/5667/75 4257/5665/75 4256/5664/972
f 4260/5668/974 4261/5669/75 4259/5667/75 4258/5666/973
f 4262/5670/975 4263/5671/75 4261/5669/75 4260/5668/974
f 4264/5672/976 4265/5673/75 4263/5671/75 4262/5670/975
f 4266/5674/977 4267/5675/75 4265/5673/75 4264/5672/976
f 4268/5676/978 4269/5677/75 4267/5675/75 4266/5674/977
f 4270/5678/979 4271/5679/75 4269/5677/75 4268/5676/978
f 4272/5680/980 4273/5681/75 4271/5679/75 4270/5678/979
f 4274/5682/981 4275/5683/75 4273/5681/75 4272/5680/980
f 4276/5684/982 4277/5685/75 4275/5683/75 4274/5682/981
f 4278/5686/983 4279/5687/75 4277/5685/75 4276/5684/982
f 4280/5688/984 4281/5689/75 4279/5687/75 4278/5686/983
f 4282/5690/985 4283/5691/75 4281/5689/75 4280/5688/984
f 4284/5692/986 4285/5693/75 4283/5691/75 4282/5690/985
f 4286/5694/987 4287/5695/75 4285/5693/75 4284/5692/986
f 4288/5696/988 4289/5697/75 4287/5695/75 4286/5694/987
f 4290/5698/989 4291/5699/75 4289/5697/75 4288/5696/988
f 4292/5700/990 4293/5701/75 4291/5699/75 4290/5698/989
f 4294/5702/991 4295/5703/75 4293/5701/75 4292/5700/990
f 4296/5704/992 4297/5705/75 4295/5703/75 4294/5702/991
f 4298/5706/993 4299/5707/75 4297/5705/75 4296/5704/992
f 4253/5661/971 4255/5663/75 4299/5707/75 4298/5706/993
f 4255/5663/75 4300/5708/75 4301/5709/75 4299/5707/75
f 4254/5662/75 4302/5710/75 4300/5708/75 4255/5663/75
f 4257/5665/75 4303/5711/75 4302/5710/75 4254/5662/75
f 4259/5667/75 4304/5712/75 4303/5711/75 4257/5665/75
f 4261/5669/75 4305/5713/75 4304/5712/75 4259/5667/75
f 4263/5671/75 4306/5714/75 4305/5713/75 4261/5669/75
f 4265/5673/75 4307/5715/75 4306/5714/75 4263/5671/75
f 4267/5675/75 4308/5716/75 4307/5715/75 4265/5673/75
f 4269/5677/75 4309/5717/75 4308/5716/75 4267/5675/75
f 4271/5679/75 4310/5718/75 4309/5717/75 4269/5677/75
f 4273/5681/75 4311/5719/75 4310/5718/75 4271/5679/75
f 4275/5683/75 4312/5720/75 4311/5719/75 4273/5681/75
f 4277/5685/75 4313/5721/75 4312/5720/75 4275/5683/75
f 4279/5687/75 4314/5722/75 4313/5721/75 4277/5685/75
f 4281/5689/75 4315/5723/75 4314/5722/75 4279/5687/75
f 4283/5691/75 4316/5724/75 4315/5723/75 4281/5689/75
f 4285/5693/75 4317/5725/75 4316/5724/75 4283/5691/75
f 4287/5695/75 4318/5726/75 4317/5725/75 4285/5693/75
f 4289/5697/75 4319/5727/75 4318/5726/75 4287/5695/75
f 4291/5699/75 4320/5728/75 4319/5727/75 4289/5697/75
f 4293/5701/75 4321/5729/75 4320/5728/75 4291/5699/75
f 4295/5703/75 4322/5730/75 4321/5729/75 4293/5701/75
f 4297/5705/75 4323/5731/75 4322/5730/75 4295/5703/75
f 4299/5707/75 4301/5709/75 4323/5731/75 4297/5705/75
f 4324/5732/994 4323/5731/75 4301/5709/75 4325/5733/995
f 4326/5734/996 4322/5730/75 4323/5731/75 4324/5732/994
f 4327/5735/997 4321/5729/75 4322/5730/75 4326/5734/996
f 4328/5736/998 4320/5728/75 4321/5729/75 4327/5735/997
f 4329/5737/999 4319/5727/75 4320/5728/75 4328/5736/998
f 4330/5738/1000 4318/5726/75 4319/5727/75 4329/5737/999
f 4331/5739/1001 4317/5725/75 4318/5726/75 4330/5738/1000
f 4332/5740/1002 4316/5724/75 4317/5725/75 4331/5739/1001
f 4333/5741/1003 4315/5723/75 4316/5724/75 4332/5740/1002
f 4334/5742/1004 4314/5722/75 4315/5723/75 4333/5741/1003
f 4335/5743/1005 4313/5721/75 4314/5722/75 4334/5742/1004
f 4336/5744/1006 4312/5720/75 4313/5721/75 4335/5743/1005
f 4337/5745/1007 4311/5719/75 4312/5720/75 4336/5744/1006
f 4338/5746/1008 4310/5718/75 4311/5719/75 4337/5745/1007
f 4339/5747/1009 4309/5717/75 4310/5718/75 4338/5746/1008
f 4340/5748/1010 4308/5716/75 4309/5717/75 4339/5747/1009
f 4341/5749/1011 4307/5715/75 4308/5716/75 4340/5748/1010
f 4342/5750/1012 4306/5714/75 4307/5715/75 4341/5749/1011
f 4343/5751/1013 4305/5713/75 4306/5714/75 4342/5750/1012
f 4344/5752/1014 4304/5712/75 4305/5713/75 4343/5751/1013
f 4345/5753/1015 4303/5711/75 4304/5712/75 4344/5752/1014
f 4346/5754/1016 4302/5710/75 4303/5711/75 4345/5753/1015
f 4347/5755/1017 4300/5708/75 4302/5710/75 4346/5754/1016
f 4325/5733/995 4301/5709/75 4300/5708/75 4347/5755/1017
f 4348/5756/1018 4349/5757/1019 4325/5758/995 4347/5759/1017
f 4350/5760/1020 4351/5761/1021 4349/5762/1019 4348/5763/1018
f 4352/5764/1022 4353/5765/1023 4351/5761/1021 4350/5760/1020
f 4352/5764/1022 4354/5766/75 4353/5765/1023
f 4352/5764/1022 4355/5767/1024 4354/5766/75
f 4355/5767/1024 4352/5764/1022 4350/5760/1020 4356/5768/1025
f 4356/5768/1025 4350/5760/1020 4348/5763/1018 4357/5769/1026
f 4357/5770/1026 4348/5771/1018 4347/5772/1017 4346/5773/1016
f 4358/5774/1027 4357/5770/1026 4346/5773/1016 4345/5775/1015
f 4359/5776/1028 4356/5768/1025 4357/5769/1026 4358/5777/1027
f 4360/5778/1029 4355/5767/1024 4356/5768/1025 4359/5776/1028
f 4355/5767/1024 4360/5778/1029 4354/5766/75
f 4361/5779/1030 4354/5766/75 4360/5778/1029
f 4361/5779/1030 4362/5780/1031 4354/5766/75
f 4362/5780/1031 4361/5779/1030 4363/5781/1032 4364/5782/1033
f 4361/5779/1030 4360/5778/1029 4359/5776/1028 4363/5781/1032
f 4363/5781/1032 4359/5776/1028 4358/5777/1027 4365/5783/1034
f 4365/5784/1034 4358/5774/1027 4345/5775/1015 4344/5785/1014
f 4366/5786/1035 4365/5784/1034 4344/5785/1014 4343/5787/1013
f 4364/5782/1033 4363/5781/1032 4365/5783/1034 4366/5788/1035
f 4367/5789/1036 4364/5782/1033 4366/5788/1035 4368/5790/1037
f 4369/5791/1038 4362/5780/1031 4364/5782/1033 4367/5789/1036
f 4362/5780/1031 4369/5791/1038 4354/5766/75
f 4370/5792/1039 4354/5766/75 4369/5791/1038
f 4370/5792/1039 4371/5793/1040 4354/5766/75
f 4371/5793/1040 4370/5792/1039 4372/5794/1041 4373/5795/1042
f 4370/5792/1039 4369/5791/1038 4367/5789/1036 4372/5794/1041
f 4372/5794/1041 4367/5789/1036 4368/5790/1037 4374/5796/1043
f 4374/5797/1043 4368/5798/1037 4342/5799/1012 4341/5800/1011
f 4368/5798/1037 4366/5786/1035 4343/5787/1013 4342/5799/1012
f 4375/5801/1044 4374/5802/1043 4341/5803/1011 4340/5804/1010
f 4373/5795/1042 4372/5794/1041 4374/5796/1043 4375/5805/1044
f 4376/5806/1045 4373/5795/1042 4375/5805/1044 4377/5807/1046
f 4378/5808/1047 4371/5793/1040 4373/5795/1042 4376/5806/1045
f 4371/5793/1040 4378/5808/1047 4354/5766/75
f 4379/5809/1048 4354/5766/75 4378/5808/1047
f 4379/5809/1048 4380/5810/1049 4354/5766/75
f 4380/5810/1049 4379/5809/1048 4381/5811/1050 4382/5812/1051
f 4379/5809/1048 4378/5808/1047 4376/5806/1045 4381/5811/1050
f 4381/5811/1050 4376/5806/1045 4377/5807/1046 4383/5813/1052
f 4383/5814/1052 4377/5815/1046 4339/5816/1009 4338/5817/1008
f 4377/5815/1046 4375/5801/1044 4340/5804/1010 4339/5816/1009
f 4384/5818/1053 4383/5814/1052 4338/5817/1008 4337/5819/1007
f 4382/5812/1051 4381/5811/1050 4383/5813/1052 4384/5820/1053
f 4385/5821/1054 4382/5812/1051 4384/5820/1053 4386/5822/1055
f 4387/5823/1056 4380/5810/1049 4382/5812/1051 4385/5821/1054
f 4380/5810/1049 4387/5823/1056 4354/5766/75
f 4388/5824/1057 4354/5766/75 4387/5823/1056
f 4388/5824/1057 4389/5825/1058 4354/5766/75
f 4389/5825/1058 4388/5824/1057 4390/5826/1059 4391/5827/1060
f 4388/5824/1057 4387/5823/1056 4385/5821/1054 4390/5826/1059
f 4390/5826/1059 4385/5821/1054 4386/5822/1055 4392/5828/1061
f 4392/5829/1061 4386/5830/1055 4336/5831/1006 4335/5832/1005
f 4386/5830/1055 4384/5818/1053 4337/5819/1007 4336/5831/1006
f 4393/5833/1062 4392/5834/1061 4335/5835/1005 4334/5836/1004
f 4391/5827/1060 4390/5826/1059 4392/5828/1061 4393/5837/1062
f 4394/5838/1063 4391/5827/1060 4393/5837/1062 4395/5839/1064
f 4396/5840/1065 4389/5825/1058 4391/5827/1060 4394/5838/1063
f 4389/5825/1058 4396/5840/1065 4354/5766/75
f 4397/5841/1066 4354/5766/75 4396/5840/1065
f 4397/5841/1066 4398/5842/1067 4354/5766/75
f 4398/5842/1067 4397/5841/1066 4399/5843/1068 4400/5844/1069
f 4397/5841/1066 4396/5840/1065 4394/5838/1063 4399/5843/1068
f 4399/5843/1068 4394/5838/1063 4395/5839/1064 4401/5845/1070
f 4401/5846/1070 4395/5847/1064 4333/5848/1003 4332/5849/1002
f 4395/5847/1064 4393/5833/1062 4334/5836/1004 4333/5848/1003
f 4402/5850/1071 4401/5846/1070 4332/5849/1002 4331/5851/1001
f 4400/5844/1069 4399/5843/1068 4401/5845/1070 4402/5852/1071
f 4403/5853/1072 4400/5844/1069 4402/5852/1071 4404/5854/1073
f 4405/5855/1074 4398/5842/1067 4400/5844/1069 4403/5853/1072
f 4398/5842/1067 4405/5855/1074 4354/5766/75
f 4406/5856/1075 4354/5766/75 4405/5855/1074
f 4406/5856/1075 4407/5857/1076 4354/5766/75
f 4407/5857/1076 4406/5856/1075 4408/5858/1077 4409/5859/1078
f 4406/5856/1075 4405/5855/1074 4403/5853/1072 4408/5858/1077
f 4408/5858/1077 4403/5853/1072 4404/5854/1073 4410/5860/1079
f 4410/5861/1079 4404/5862/1073 4330/5863/1000 4329/5864/999
f 4404/5862/1073 4402/5850/1071 4331/5851/1001 4330/5863/1000
f 4411/5865/1080 4410/5866/1079 4329/5867/999 4328/5868/998
f 4409/5859/1078 4408/5858/1077 4410/5860/1079 4411/5869/1080
f 4412/5870/1081 4409/5859/1078 4411/5869/1080 4413/5871/1082
f 4414/5872/1083 4407/5857/1076 4409/5859/1078 4412/5870/1081
f 4407/5857/1076 4414/5872/1083 4354/5766/75
f 4415/5873/1084 4354/5766/75 4414/5872/1083
f 4415/5873/1084 4416/5874/1085 4354/5766/75
f 4416/5874/1085 4415/5873/1084 4417/5875/1086 4418/5876/1087
f 4415/5873/1084 4414/5872/1083 4412/5870/1081 4417/5875/1086
f 4417/5875/1086 4412/5870/1081 4413/5871/1082 4419/5877/1088
f 4419/5878/1088 4413/5879/1082 4327/5880/997 4326/5881/996
f 4413/5879/1082 4411/5865/1080 4328/5868/998 4327/5880/997
f 4420/5882/1089 4419/5878/1088 4326/5881/996 4324/5883/994
f 4418/5876/1087 4417/5875/1086 4419/5877/1088 4420/5884/1089
f 4351/5761/1021 4418/5876/1087 4420/5884/1089 4349/5762/1019
f 4353/5765/1023 4416/5874/1085 4418/5876/1087 4351/5761/1021
f 4416/5874/1085 4353/5765/1023 4354/5766/75
f 4349/5757/1019 4420/5882/1089 4324/5883/994 4325/5758/995
f 4253/5661/971 4298/5706/993 4421/5885/1090 4251/5659/969
f 4298/5706/993 4296/5704/992 4422/5886/1091 4421/5885/1090
f 4296/5704/992 4294/5702/991 4423/5887/1092 4422/5886/1091
f 4294/5702/991 4292/5700/990 4424/5888/1093 4423/5887/1092
f 4292/5700/990 4290/5698/989 4425/5889/1094 4424/5888/1093
f 4290/5698/989 4288/5696/988 4426/5890/1095 4425/5889/1094
f 4288/5696/988 4286/5694/987 4427/5891/1096 4426/5890/1095
f 4286/5694/987 4284/5692/986 4428/5892/1097 4427/5891/1096
f 4284/5692/986 4282/5690/985 4429/5893/1098 4428/5892/1097
f 4282/5690/985 4280/5688/984 4430/5894/1099 4429/5893/1098
f 4280/5688/984 4278/5686/983 4431/5895/1100 4430/5894/1099
f 4278/5686/983 4276/5684/982 4432/5896/1101 4431/5895/1100
f 4276/5684/982 4274/5682/981 4433/5897/1102 4432/5896/1101
f 4274/5682/981 4272/5680/980 4434/5898/1103 4433/5897/1102
f 4272/5680/980 4270/5678/979 4435/5899/1104 4434/5898/1103
f 4270/5678/979 4268/5676/978 4436/5900/1105 4435/5899/1104
f 4268/5676/978 4266/5674/977 4437/5901/1106 4436/5900/1105
f 4266/5674/977 4264/5672/976 4438/5902/1107 4437/5901/1106
f 4264/5672/976 4262/5670/975 4439/5903/1108 4438/5902/1107
f 4262/5670/975 4260/5668/974 4440/5904/1109 4439/5903/1108
f 4260/5668/974 4258/5666/973 4441/5905/1110 4440/5904/1109
f 4258/5666/973 4256/5664/972 4442/5906/1111 4441/5905/1110
f 4256/5664/972 4252/5660/970 4250/5658/968 4442/5906/1111
f 4442/5906/1111 4250/5658/968 4248/5654/966 4443/5907/1112
f 4443/5907/1112 4248/5654/966 4246/5657/964 4444/5908/1113
f 4444/5909/1113 4246/5652/964 4244/5650/962 4445/5910/1114
f 4445/5910/1114 4244/5650/962 4221/5596/939 4220/5595/938
f 4446/5911/1115 4445/5910/1114 4220/5595/938 4222/5599/940
f 4447/5912/1116 4444/5909/1113 4445/5910/1114 4446/5911/1115
f 4448/5913/1117 4443/5907/1112 4444/5908/1113 4447/5914/1116
f 4441/5905/1110 4442/5906/1111 4443/5907/1112 4448/5913/1117
f 4440/5904/1109 4441/5905/1110 4448/5913/1117 4449/5915/1118
f 4449/5915/1118 4448/5913/1117 4447/5914/1116 4450/5916/1119
f 4450/5917/1119 4447/5912/1116 4446/5911/1115 4451/5918/1120
f 4451/5918/1120 4446/5911/1115 4222/5599/940 4223/5601/941
f 4452/5919/1121 4451/5918/1120 4223/5601/941 4224/5603/942
f 4453/5920/1122 4450/5917/1119 4451/5918/1120 4452/5919/1121
f 4454/5921/1123 4449/5915/1118 4450/5916/1119 4453/5922/1122
f 4439/5903/1108 4440/5904/1109 4449/5915/1118 4454/5921/1123
f 4438/5902/1107 4439/5903/1108 4454/5921/1123 4455/5923/1124
f 4455/5923/1124 4454/5921/1123 4453/5922/1122 4456/5924/1125
f 4456/5925/1125 4453/5920/1122 4452/5919/1121 4457/5926/1126
f 4457/5926/1126 4452/5919/1121 4224/5603/942 4225/5605/943
f 4458/5927/1127 4457/5928/1126 4225/5608/943 4226/5607/944
f 4459/5929/1128 4456/5930/1125 4457/5928/1126 4458/5927/1127
f 4460/5931/1129 4455/5923/1124 4456/5924/1125 4459/5932/1128
f 4437/5901/1106 4438/5902/1107 4455/5923/1124 4460/5931/1129
f 4436/5900/1105 4437/5901/1106 4460/5931/1129 4461/5933/1130
f 4461/5933/1130 4460/5931/1129 4459/5932/1128 4462/5934/1131
f 4462/5935/1131 4459/5929/1128 4458/5927/1127 4463/5936/1132
f 4463/5936/1132 4458/5927/1127 4226/5607/944 4227/5611/945
f 4464/5937/1133 4463/5936/1132 4227/5611/945 4228/5613/946
f 4465/5938/1134 4462/5935/1131 4463/5936/1132 4464/5937/1133
f 4466/5939/1135 4461/5933/1130 4462/5934/1131 4465/5940/1134
f 4435/5899/1104 4436/5900/1105 4461/5933/1130 4466/5939/1135
f 4434/5898/1103 4435/5899/1104 4466/5939/1135 4467/5941/1136
f 4467/5941/1136 4466/5939/1135 4465/5940/1134 4468/5942/1137
f 4468/5943/1137 4465/5938/1134 4464/5937/1133 4469/5944/1138
f 4469/5944/1138 4464/5937/1133 4228/5613/946 4229/5615/947
f 4470/5945/1139 4469/5944/1138 4229/5615/947 4230/5617/948
f 4471/5946/1140 4468/5943/1137 4469/5944/1138 4470/5945/1139
f 4472/5947/1141 4467/5941/1136 4468/5942/1137 4471/5948/1140
f 4433/5897/1102 4434/5898/1103 4467/5941/1136 4472/5947/1141
f 4432/5896/1101 4433/5897/1102 4472/5947/1141 4473/5949/1142
f 4473/5949/1142 4472/5947/1141 4471/5948/1140 4474/5950/1143
f 4474/5951/1143 4471/5946/1140 4470/5945/1139 4475/5952/1144
f 4475/5952/1144 4470/5945/1139 4230/5617/948 4231/5619/949
f 4476/5953/1145 4475/5954/1144 4231/5622/949 4232/5621/950
f 4477/5955/1146 4474/5956/1143 4475/5954/1144 4476/5953/1145
f 4478/5957/1147 4473/5949/1142 4474/5950/1143 4477/5958/1146
f 4431/5895/1100 4432/5896/1101 4473/5949/1142 4478/5957/1147
f 4430/5894/1099 4431/5895/1100 4478/5957/1147 4479/5959/1148
f 4479/5959/1148 4478/5957/1147 4477/5958/1146 4480/5960/1149
f 4480/5961/1149 4477/5955/1146 4476/5953/1145 4481/5962/1150
f 4481/5962/1150 4476/5953/1145 4232/5621/950 4233/5625/951
f 4482/5963/1151 4481/5962/1150 4233/5625/951 4234/5627/952
f 4483/5964/1152 4480/5961/1149 4481/5962/1150 4482/5963/1151
f 4484/5965/1153 4479/5959/1148 4480/5960/1149 4483/5966/1152
f 4429/5893/1098 4430/5894/1099 4479/5959/1148 4484/5965/1153
f 4428/5892/1097 4429/5893/1098 4484/5965/1153 4485/5967/1154
f 4485/5967/1154 4484/5965/1153 4483/5966/1152 4486/5968/1155
f 4486/5969/1155 4483/5964/1152 4482/5963/1151 4487/5970/1156
f 4487/5970/1156 4482/5963/1151 4234/5627/952 4235/5629/953
f 4488/5971/1157 4487/5970/1156 4235/5629/953 4236/5631/954
f 4489/5972/1158 4486/5969/1155 4487/5970/1156 4488/5971/1157
f 4490/5973/1159 4485/5967/1154 4486/5968/1155 4489/5974/1158
f 4427/5891/1096 4428/5892/1097 4485/5967/1154 4490/5973/1159
f 4426/5890/1095 4427/5891/1096 4490/5973/1159 4491/5975/1160
f 4491/5975/1160 4490/5973/1159 4489/5974/1158 4492/5976/1161
f 4492/5977/1161 4489/5972/1158 4488/5971/1157 4493/5978/1162
f 4493/5978/1162 4488/5971/1157 4236/5631/954 4237/5633/955
f 4494/5979/1163 4493/5980/1162 4237/5636/955 4238/5635/956
f 4495/5981/1164 4492/5982/1161 4493/5980/1162 4494/5979/1163
f 4496/5983/1165 4491/5975/1160 4492/5976/1161 4495/5984/1164
f 4425/5889/1094 4426/5890/1095 4491/5975/1160 4496/5983/1165
f 4424/5888/1093 4425/5889/1094 4496/5983/1165 4497/5985/1166
f 4497/5985/1166 4496/5983/1165 4495/5984/1164 4498/5986/1167
f 4498/5987/1167 4495/5981/1164 4494/5979/1163 4499/5988/1168
f 4499/5988/1168 4494/5979/1163 4238/5635/956 4239/5639/957
f 4500/5989/1169 4499/5988/1168 4239/5639/957 4240/5641/958
f 4501/5990/1170 4498/5987/1167 4499/5988/1168 4500/5989/1169
f 4502/5991/1171 4497/5985/1166 4498/5986/1167 4501/5992/1170
f 4423/5887/1092 4424/5888/1093 4497/5985/1166 4502/5991/1171
f 4422/5886/1091 4423/5887/1092 4502/5991/1171 4503/5993/1172
f 4503/5993/1172 4502/5991/1171 4501/5992/1170 4504/5994/1173
f 4504/5995/1173 4501/5990/1170 4500/5989/1169 4505/5996/1174
f 4505/5996/1174 4500/5989/1169 4240/5641/958 4241/5643/959
f 4506/5997/1175 4505/5996/1174 4241/5643/959 4242/5645/960
f 4507/5998/1176 4504/5995/1173 4505/5996/1174 4506/5997/1175
f 4508/5999/1177 4503/5993/1172 4504/5994/1173 4507/6000/1176
f 4421/5885/1090 4422/5886/1091 4503/5993/1172 4508/5999/1177
f 4251/5659/969 4421/5885/1090 4508/5999/1177 4249/5655/967
f 4249/5655/967 4508/5999/1177 4507/6000/1176 4247/5656/965
f 4247/6001/965 4507/5998/1176 4506/5997/1175 4245/6002/963
f 4245/6002/963 4506/5997/1175 4242/5645/960 4243/5647/961
s 47
f 4509/6003/1 4510/6004/138 4511/6005/93
f 4510/6004/138 4509/6003/1 4512/6006/94
f 4509/6003/1 4513/6007/141 4512/6006/94
f 4509/6003/1 4514/6008/96 4513/6007/141
f 4514/6008/96 4509/6003/1 4515/6009/97
f 4509/6003/1 4511/6005/93 4515/6009/97
f 4515/6009/97 4511/6005/93 4516/6010/98
f 4511/6005/93 4517/6011/9 4516/6010/98
f 4511/6005/93 4518/6012/100 4517/6011/9
f 4510/6004/138 4518/6012/100 4511/6005/93
f 4510/6004/138 4519/6013/11 4518/6012/100
f 4519/6013/11 4510/6004/138 4520/6014/102
f 4510/6004/138 4512/6006/94 4520/6014/102
f 4520/6014/102 4512/6006/94 4521/6015/103
f 4512/6006/94 4522/6016/14 4521/6015/103
f 4512/6006/94 4513/6007/141 4522/6016/14
f 4523/6017/147 4522/6016/14 4513/6007/141
f 4524/6018/204 4522/6019/14 4523/6020/147
f 4524/6018/204 4525/6021/17 4522/6019/14
f 4524/6018/204 4526/6022/105 4525/6021/17
f 4527/6023/151 4526/6022/105 4524/6018/204
f 4527/6023/151 4528/6024/20 4526/6022/105
f 4529/6025/234 4528/6024/20 4527/6023/151
f 4529/6025/234 4530/6026/1178 4528/6024/20
f 4529/6025/234 4531/6027/154 4530/6026/1178
f 4532/6028/263 4531/6027/154 4529/6025/234
f 4532/6029/263 4533/6030/25 4531/6031/154
f 4534/6032/26 4533/6030/25 4532/6029/263
f 4534/6032/26 4535/6033/27 4533/6030/25
f 4534/6032/26 4536/6034/158 4535/6033/27
f 4537/6035/207 4536/6036/158 4534/6037/26
f 4537/6035/207 4538/6038/661 4536/6036/158
f 4539/6039/31 4538/6038/661 4537/6035/207
f 4539/6040/31 4540/6041/109 4538/6042/661
f 4539/6040/31 4541/6043/162 4540/6041/109
f 4542/6044/208 4541/6045/162 4539/6039/31
f 4542/6044/208 4543/6046/209 4541/6045/162
f 4544/6047/111 4543/6046/209 4542/6044/208
f 4544/6048/111 4514/6008/96 4543/6049/209
f 4544/6048/111 4513/6007/141 4514/6008/96
f 4523/6017/147 4513/6007/141 4544/6048/111
f 4545/6050/37 4523/6020/147 4544/6047/111
f 4546/6051/38 4523/6020/147 4545/6050/37
f 4546/6051/38 4524/6018/204 4523/6020/147
f 4546/6051/38 4527/6023/151 4524/6018/204
f 4547/6052/39 4527/6023/151 4546/6051/38
f 4547/6052/39 4529/6025/234 4527/6023/151
f 4547/6052/39 4532/6028/263 4529/6025/234
f 4548/6053/40 4532/6028/263 4547/6052/39
f 4548/6053/40 4534/6037/26 4532/6028/263
f 4548/6053/40 4537/6035/207 4534/6037/26
f 4549/6054/41 4537/6035/207 4548/6053/40
f 4549/6054/41 4539/6039/31 4537/6035/207
f 4549/6054/41 4542/6044/208 4539/6039/31
f 4545/6050/37 4542/6044/208 4549/6054/41
f 4545/6050/37 4544/6047/111 4542/6044/208
f 4550/6055/42 4545/6050/37 4549/6054/41
f 4550/6055/42 4546/6051/38 4545/6050/37
f 4550/6055/42 4547/6052/39 4546/6051/38
f 4550/6055/42 4548/6053/40 4547/6052/39
f 4550/6055/42 4549/6054/41 4548/6053/40
f 4515/6009/97 4543/6049/209 4514/6008/96
f 4551/6056/114 4543/6049/209 4515/6009/97
f 4551/6057/114 4541/6043/162 4543/6058/209
f 4552/6059/212 4541/6043/162 4551/6057/114
f 4552/6059/212 4540/6041/109 4541/6043/162
f 4540/6041/109 4552/6059/212 4553/6060/45
f 4552/6059/212 4554/6061/46 4553/6060/45
f 4552/6059/212 4555/6062/47 4554/6061/46
f 4555/6062/47 4552/6059/212 4551/6057/114
f 4555/6062/47 4551/6057/114 4516/6063/98
f 4516/6010/98 4551/6056/114 4515/6009/97
f 4556/6064/115 4555/6062/47 4516/6063/98
f 4555/6062/47 4556/6064/115 4557/6065/49
f 4558/6066/172 4557/6067/49 4556/6068/115
f 4559/6069/215 4557/6067/49 4558/6066/172
f 4559/6069/215 4560/6070/174 4557/6067/49
f 4561/6071/117 4560/6070/174 4559/6069/215
f 4561/6071/117 4562/6072/118 4560/6070/174
f 4561/6071/117 4563/6073/55 4562/6072/118
f 4564/6074/56 4563/6073/55 4561/6071/117
f 4564/6075/56 4565/6076/57 4563/6077/55
f 4566/6078/58 4565/6076/57 4564/6075/56
f 4566/6078/58 4567/6079/217 4565/6076/57
f 4566/6078/58 4568/6080/60 4567/6079/217
f 4569/6081/218 4568/6082/60 4566/6083/58
f 4569/6081/218 4570/6084/354 4568/6082/60
f 4571/6085/63 4570/6084/354 4569/6081/218
f 4571/6086/63 4572/6087/219 4570/6088/354
f 4571/6086/63 4573/6089/220 4572/6087/219
f 4574/6090/221 4573/6091/220 4571/6085/63
f 4574/6090/221 4575/6092/122 4573/6091/220
f 4576/6093/68 4575/6092/122 4574/6090/221
f 4576/6094/68 4519/6013/11 4575/6095/122
f 4576/6094/68 4518/6012/100 4519/6013/11
f 4577/6096/222 4518/6012/100 4576/6094/68
f 4577/6096/222 4517/6011/9 4518/6012/100
f 4558/6066/172 4517/6097/9 4577/6098/222
f 4558/6066/172 4556/6068/115 4517/6097/9
f 4516/6010/98 4517/6011/9 4556/6099/115
f 4578/6100/70 4558/6066/172 4577/6098/222
f 4578/6100/70 4559/6069/215 4558/6066/172
f 4579/6101/71 4559/6069/215 4578/6100/70
f 4579/6101/71 4561/6071/117 4559/6069/215
f 4579/6101/71 4564/6074/56 4561/6071/117
f 4580/6102/72 4564/6074/56 4579/6101/71
f 4580/6102/72 4566/6083/58 4564/6074/56
f 4580/6102/72 4569/6081/218 4566/6083/58
f 4581/6103/73 4569/6081/218 4580/6102/72
f 4581/6103/73 4571/6085/63 4569/6081/218
f 4581/6103/73 4574/6090/221 4571/6085/63
f 4582/6104/74 4574/6090/221 4581/6103/73
f 4582/6104/74 4576/6093/68 4574/6090/221
f 4582/6104/74 4577/6098/222 4576/6093/68
f 4578/6100/70 4577/6098/222 4582/6104/74
f 4583/6105/75 4578/6100/70 4582/6104/74
f 4583/6105/75 4579/6101/71 4578/6100/70
f 4583/6105/75 4580/6102/72 4579/6101/71
f 4583/6105/75 4581/6103/73 4580/6102/72
f 4583/6105/75 4582/6104/74 4581/6103/73
f 4520/6014/102 4575/6095/122 4519/6013/11
f 4584/6106/76 4575/6095/122 4520/6014/102
f 4584/6107/76 4573/6089/220 4575/6108/122
f 4585/6109/224 4573/6089/220 4584/6107/76
f 4585/6109/224 4572/6087/219 4573/6089/220
f 4572/6087/219 4585/6109/224 4586/6110/126
f 4585/6109/224 4587/6111/79 4586/6110/126
f 4585/6109/224 4588/6112/80 4587/6111/79
f 4588/6112/80 4585/6109/224 4584/6107/76
f 4588/6112/80 4584/6107/76 4521/6113/103
f 4521/6015/103 4584/6106/76 4520/6014/102
f 4525/6114/17 4588/6112/80 4521/6113/103
f 4588/6112/80 4525/6114/17 4526/6115/105
f 4588/6112/80 4526/6115/105 4587/6111/79
f 4587/6111/79 4526/6115/105 4528/6116/20
f 4587/6111/79 4528/6116/20 4589/6117/227
f 4589/6117/227 4528/6116/20 4530/6118/1178
f 4530/6118/1178 4590/6119/228 4589/6117/227
f 4590/6120/228 4530/6121/1178 4531/6031/154
f 4590/6120/228 4531/6031/154 4591/6122/130
f 4591/6122/130 4531/6031/154 4533/6030/25
f 4591/6122/130 4533/6030/25 4592/6123/84
f 4592/6123/84 4533/6030/25 4535/6033/27
f 4535/6033/27 4593/6124/244 4592/6123/84
f 4593/6124/244 4535/6033/27 4536/6034/158
f 4593/6124/244 4536/6034/158 4594/6125/245
f 4594/6126/245 4536/6127/158 4538/6042/661
f 4594/6126/245 4538/6042/661 4553/6060/45
f 4553/6060/45 4538/6042/661 4540/6041/109
f 4595/6128/195 4594/6126/245 4553/6060/45
f 4596/6129/88 4594/6126/245 4595/6128/195
f 4596/6130/88 4593/6124/244 4594/6125/245
f 4593/6124/244 4596/6130/88 4597/6131/135
f 4596/6130/88 4563/6077/55 4597/6131/135
f 4596/6130/88 4562/6132/118 4563/6077/55
f 4562/6133/118 4596/6129/88 4595/6128/195
f 4595/6128/195 4560/6134/174 4562/6133/118
f 4554/6061/46 4560/6134/174 4595/6128/195
f 4554/6061/46 4557/6065/49 4560/6134/174
f 4555/6062/47 4557/6065/49 4554/6061/46
f 4553/6060/45 4554/6061/46 4595/6128/195
f 4597/6131/135 4563/6077/55 4565/6076/57
f 4597/6131/135 4565/6076/57 4598/6135/342
f 4598/6135/342 4565/6076/57 4567/6079/217
f 4567/6079/217 4599/6136/136 4598/6135/342
f 4599/6136/136 4567/6079/217 4568/6080/60
f 4599/6136/136 4568/6080/60 4600/6137/198
f 4600/6138/198 4568/6139/60 4570/6088/354
f 4600/6138/198 4570/6088/354 4586/6110/126
f 4586/6110/126 4570/6088/354 4572/6087/219
f 4589/6117/227 4600/6138/198 4586/6110/126
f 4590/6119/228 4600/6138/198 4589/6117/227
f 4590/6120/228 4599/6136/136 4600/6137/198
f 4599/6136/136 4590/6120/228 4591/6122/130
f 4599/6136/136 4591/6122/130 4598/6135/342
f 4598/6135/342 4591/6122/130 4592/6123/84
f 4592/6123/84 4597/6131/135 4598/6135/342
f 4593/6124/244 4597/6131/135 4592/6123/84
f 4586/6110/126 4587/6111/79 4589/6117/227
f 4521/6015/103 4522/6016/14 4525/6140/17
s 48
f 4601/6141/1 4602/6142/2 4603/6143/139
f 4602/6142/2 4601/6141/1 4604/6144/140
f 4601/6141/1 4605/6145/1179 4604/6144/140
f 4601/6141/1 4606/6146/96 4605/6145/1179
f 4606/6146/96 4601/6141/1 4607/6147/7
f 4601/6141/1 4603/6143/139 4607/6147/7
f 4607/6147/7 4603/6143/139 4608/6148/142
f 4603/6143/139 4609/6149/344 4608/6148/142
f 4603/6143/139 4610/6150/144 4609/6149/344
f 4602/6142/2 4610/6150/144 4603/6143/139
f 4602/6142/2 4611/6151/101 4610/6150/144
f 4611/6151/101 4602/6142/2 4612/6152/12
f 4602/6142/2 4604/6144/140 4612/6152/12
f 4612/6152/12 4604/6144/140 4613/6153/299
f 4604/6144/140 4614/6154/146 4613/6153/299
f 4604/6144/140 4605/6145/1179 4614/6154/146
f 4615/6155/147 4614/6154/146 4605/6145/1179
f 4616/6156/148 4614/6157/146 4615/6158/147
f 4616/6156/148 4617/6159/149 4614/6157/146
f 4616/6156/148 4618/6160/150 4617/6159/149
f 4619/6161/151 4618/6160/150 4616/6156/148
f 4619/6161/151 4620/6162/20 4618/6160/150
f 4621/6163/21 4620/6162/20 4619/6161/151
f 4621/6163/21 4622/6164/153 4620/6162/20
f 4621/6163/21 4623/6165/154 4622/6164/153
f 4624/6166/155 4623/6165/154 4621/6163/21
f 4624/6167/155 4625/6168/1180 4623/6169/154
f 4626/6170/300 4625/6168/1180 4624/6167/155
f 4626/6170/300 4627/6171/27 4625/6168/1180
f 4626/6170/300 4628/6172/236 4627/6171/27
f 4629/6173/207 4628/6174/236 4626/6175/300
f 4629/6173/207 4630/6176/665 4628/6174/236
f 4631/6177/161 4630/6176/665 4629/6173/207
f 4631/6178/161 4632/6179/350 4630/6180/665
f 4631/6178/161 4633/6181/33 4632/6179/350
f 4634/6182/1181 4633/6183/33 4631/6177/161
f 4634/6182/1181 4635/6184/164 4633/6183/33
f 4636/6185/302 4635/6184/164 4634/6182/1181
f 4636/6186/302 4606/6146/96 4635/6187/164
f 4636/6186/302 4605/6145/1179 4606/6146/96
f 4615/6155/147 4605/6145/1179 4636/6186/302
f 4637/6188/166 4615/6158/147 4636/6185/302
f 4638/6189/38 4615/6158/147 4637/6188/166
f 4638/6189/38 4616/6156/148 4615/6158/147
f 4638/6189/38 4619/6161/151 4616/6156/148
f 4639/6190/113 4619/6161/151 4638/6189/38
f 4639/6190/113 4621/6163/21 4619/6161/151
f 4639/6190/113 4624/6166/155 4621/6163/21
f 4640/6191/168 4624/6166/155 4639/6190/113
f 4640/6191/168 4626/6175/300 4624/6166/155
f 4640/6191/168 4629/6173/207 4626/6175/300
f 4641/6192/41 4629/6173/207 4640/6191/168
f 4641/6192/41 4631/6177/161 4629/6173/207
f 4641/6192/41 4634/6182/1181 4631/6177/161
f 4637/6188/166 4634/6182/1181 4641/6192/41
f 4637/6188/166 4636/6185/302 4634/6182/1181
f 4642/6193/42 4637/6188/166 4641/6192/41
f 4642/6193/42 4638/6189/38 4637/6188/166
f 4642/6193/42 4639/6190/113 4638/6189/38
f 4642/6193/42 4640/6191/168 4639/6190/113
f 4642/6193/42 4641/6192/41 4640/6191/168
f 4607/6147/7 4635/6187/164 4606/6146/96
f 4643/6194/43 4635/6187/164 4607/6147/7
f 4643/6195/43 4633/6181/33 4635/6196/164
f 4644/6197/278 4633/6181/33 4643/6195/43
f 4644/6197/278 4632/6179/350 4633/6181/33
f 4632/6179/350 4644/6197/278 4645/6198/45
f 4644/6197/278 4646/6199/666 4645/6198/45
f 4644/6197/278 4647/6200/353 4646/6199/666
f 4647/6200/353 4644/6197/278 4643/6195/43
f 4647/6200/353 4643/6195/43 4608/6201/142
f 4608/6148/142 4643/6194/43 4607/6147/7
f 4648/6202/115 4647/6200/353 4608/6201/142
f 4647/6200/353 4648/6202/115 4649/6203/49
f 4650/6204/172 4649/6205/49 4648/6206/115
f 4651/6207/173 4649/6205/49 4650/6204/172
f 4651/6207/173 4652/6208/174 4649/6205/49
f 4653/6209/117 4652/6208/174 4651/6207/173
f 4653/6209/117 4654/6210/118 4652/6208/174
f 4653/6209/117 4655/6211/175 4654/6210/118
f 4656/6212/268 4655/6211/175 4653/6209/117
f 4656/6213/268 4657/6214/269 4655/6215/175
f 4658/6216/254 4657/6214/269 4656/6213/268
f 4658/6216/254 4659/6217/59 4657/6214/269
f 4658/6216/254 4660/6218/60 4659/6217/59
f 4661/6219/61 4660/6220/60 4658/6221/254
f 4661/6219/61 4662/6222/62 4660/6220/60
f 4663/6223/63 4662/6222/62 4661/6219/61
f 4663/6224/63 4664/6225/64 4662/6226/62
f 4663/6224/63 4665/6227/179 4664/6225/64
f 4666/6228/221 4665/6229/179 4663/6223/63
f 4666/6228/221 4667/6230/122 4665/6229/179
f 4668/6231/256 4667/6230/122 4666/6228/221
f 4668/6232/256 4611/6151/101 4667/6233/122
f 4668/6232/256 4610/6150/144 4611/6151/101
f 4669/6234/180 4610/6150/144 4668/6232/256
f 4669/6234/180 4609/6149/344 4610/6150/144
f 4650/6204/172 4609/6235/344 4669/6236/180
f 4650/6204/172 4648/6206/115 4609/6235/344
f 4608/6148/142 4609/6149/344 4648/6237/115
f 4670/6238/340 4650/6204/172 4669/6236/180
f 4670/6238/340 4651/6207/173 4650/6204/172
f 4671/6239/71 4651/6207/173 4670/6238/340
f 4671/6239/71 4653/6209/117 4651/6207/173
f 4671/6239/71 4656/6212/268 4653/6209/117
f 4672/6240/183 4656/6212/268 4671/6239/71
f 4672/6240/183 4658/6221/254 4656/6212/268
f 4672/6240/183 4661/6219/61 4658/6221/254
f 4673/6241/73 4661/6219/61 4672/6240/183
f 4673/6241/73 4663/6223/63 4661/6219/61
f 4673/6241/73 4666/6228/221 4663/6223/63
f 4674/6242/184 4666/6228/221 4673/6241/73
f 4674/6242/184 4668/6231/256 4666/6228/221
f 4674/6242/184 4669/6236/180 4668/6231/256
f 4670/6238/340 4669/6236/180 4674/6242/184
f 4675/6243/75 4670/6238/340 4674/6242/184
f 4675/6243/75 4671/6239/71 4670/6238/340
f 4675/6243/75 4672/6240/183 4671/6239/71
f 4675/6243/75 4673/6241/73 4672/6240/183
f 4675/6243/75 4674/6242/184 4673/6241/73
f 4612/6152/12 4667/6233/122 4611/6151/101
f 4676/6244/185 4667/6233/122 4612/6152/12
f 4676/6245/185 4665/6227/179 4667/6246/122
f 4677/6247/186 4665/6227/179 4676/6245/185
f 4677/6247/186 4664/6225/64 4665/6227/179
f 4664/6225/64 4677/6247/186 4678/6248/355
f 4677/6247/186 4679/6249/272 4678/6248/355
f 4677/6247/186 4680/6250/188 4679/6249/272
f 4680/6250/188 4677/6247/186 4676/6245/185
f 4680/6250/188 4676/6245/185 4613/6251/299
f 4613/6153/299 4676/6244/185 4612/6152/12
f 4617/6252/149 4680/6250/188 4613/6251/299
f 4680/6250/188 4617/6252/149 4618/6253/150
f 4680/6250/188 4618/6253/150 4679/6249/272
f 4679/6249/272 4618/6253/150 4620/6254/20
f 4679/6249/272 4620/6254/20 4681/6255/81
f 4681/6255/81 4620/6254/20 4622/6256/153
f 4622/6256/153 4682/6257/190 4681/6255/81
f 4682/6258/190 4622/6259/153 4623/6169/154
f 4682/6258/190 4623/6169/154 4683/6260/191
f 4683/6260/191 4623/6169/154 4625/6168/1180
f 4683/6260/191 4625/6168/1180 4684/6261/84
f 4684/6261/84 4625/6168/1180 4627/6171/27
f 4627/6171/27 4685/6262/85 4684/6261/84
f 4685/6262/85 4627/6171/27 4628/6172/236
f 4685/6262/85 4628/6172/236 4686/6263/86
f 4686/6264/86 4628/6265/236 4630/6180/665
f 4686/6264/86 4630/6180/665 4645/6198/45
f 4645/6198/45 4630/6180/665 4632/6179/350
f 4687/6266/671 4686/6264/86 4645/6198/45
f 4688/6267/196 4686/6264/86 4687/6266/671
f 4688/6268/196 4685/6262/85 4686/6263/86
f 4685/6262/85 4688/6268/196 4689/6269/89
f 4688/6268/196 4655/6215/175 4689/6269/89
f 4688/6268/196 4654/6270/118 4655/6215/175
f 4654/6271/118 4688/6267/196 4687/6266/671
f 4687/6266/671 4652/6272/174 4654/6271/118
f 4646/6199/666 4652/6272/174 4687/6266/671
f 4646/6199/666 4649/6203/49 4652/6272/174
f 4647/6200/353 4649/6203/49 4646/6199/666
f 4645/6198/45 4646/6199/666 4687/6266/671
f 4689/6269/89 4655/6215/175 4657/6214/269
f 4689/6269/89 4657/6214/269 4690/6273/342
f 4690/6273/342 4657/6214/269 4659/6217/59
f 4659/6217/59 4691/6274/91 4690/6273/342
f 4691/6274/91 4659/6217/59 4660/6218/60
f 4691/6274/91 4660/6218/60 4692/6275/92
f 4692/6276/92 4660/6277/60 4662/6226/62
f 4692/6276/92 4662/6226/62 4678/6248/355
f 4678/6248/355 4662/6226/62 4664/6225/64
f 4681/6255/81 4692/6276/92 4678/6248/355
f 4682/6257/190 4692/6276/92 4681/6255/81
f 4682/6258/190 4691/6274/91 4692/6275/92
f 4691/6274/91 4682/6258/190 4683/6260/191
f 4691/6274/91 4683/6260/191 4690/6273/342
f 4690/6273/342 4683/6260/191 4684/6261/84
f 4684/6261/84 4689/6269/89 4690/6273/342
f 4685/6262/85 4689/6269/89 4684/6261/84
f 4678/6248/355 4679/6249/272 4681/6255/81
f 4613/6153/299 4614/6154/146 4617/6278/149
s 49
f 4693/6279/1182 4694/6280/1182 4695/6281/42 4696/6282/42
f 4697/6283/1183 4698/6284/1183 4694/6280/1182 4693/6279/1182
f 4699/6285/1184 4700/6286/1184 4698/6284/1183 4697/6283/1183
f 4701/6287/1185 4702/6288/1185 4700/6289/1184 4699/6290/1184
f 4703/6291/1186 4704/6292/1186 4702/6288/1185 4701/6287/1185
f 4705/6293/582 4706/6294/582 4704/6292/1186 4703/6291/1186
f 4707/6295/1187 4708/6296/1187 4706/6294/582 4705/6293/582
f 4709/6297/1188 4710/6298/1188 4708/6296/1187 4707/6295/1187
f 4711/6299/1189 4712/6300/1189 4710/6298/1188 4709/6297/1188
f 4713/6301/1190 4714/6302/1190 4712/6303/1189 4711/6304/1189
f 4715/6305/1191 4716/6306/1191 4714/6302/1190 4713/6301/1190
f 4717/6307/75 4718/6308/75 4716/6306/1191 4715/6305/1191
f 4719/6309/1192 4720/6310/1192 4718/6308/75 4717/6307/75
f 4721/6311/1193 4722/6312/1193 4720/6310/1192 4719/6309/1192
f 4723/6313/1194 4724/6314/1194 4722/6312/1193 4721/6311/1193
f 4725/6315/1195 4726/6316/1195 4724/6317/1194 4723/6318/1194
f 4727/6319/1196 4728/6320/1196 4726/6316/1195 4725/6315/1195
f 4729/6321/317 4730/6322/317 4728/6320/1196 4727/6319/1196
f 4731/6323/1197 4732/6324/1197 4730/6322/317 4729/6321/317
f 4733/6325/1198 4734/6326/1198 4732/6324/1197 4731/6323/1197
f 4735/6327/1199 4736/6328/1199 4734/6326/1198 4733/6325/1198
f 4737/6329/1200 4738/6330/1200 4736/6331/1199 4735/6332/1199
f 4739/6333/1201 4740/6334/1201 4738/6330/1200 4737/6329/1200
f 4696/6282/42 4695/6281/42 4740/6334/1201 4739/6333/1201
s 50
f 4741/6335/1202 4742/6336/1203 4740/6337/1204 4695/6338/1205
f 4743/6339/1206 4742/6340/1203 4741/6341/1202 4744/6342/1207
f 4745/6343/1208 4746/6344/1209 4742/6340/1203 4743/6339/1206
f 4747/6345/1210 4748/6346/1211 4746/6344/1209 4745/6343/1208
f 4749/6347/1212 4750/6348/1213 4748/6349/1211 4747/6350/1210
f 4751/6351/1214 4752/6352/1215 4750/6348/1213 4749/6347/1212
f 4753/6353/1216 4754/6354/1217 4752/6352/1215 4751/6351/1214
f 4755/6355/1218 4756/6356/1219 4754/6354/1217 4753/6353/1216
f 4756/6356/1219 4755/6355/1218 4757/6357/1220 4758/6358/1221
f 4755/6355/1218 4759/6359/1222 4760/6360/1223 4757/6357/1220
f 4753/6353/1216 4761/6361/317 4759/6359/1222 4755/6355/1218
f 4751/6351/1214 4762/6362/1224 4761/6361/317 4753/6353/1216
f 4749/6347/1212 4763/6363/1225 4762/6362/1224 4751/6351/1214
f 4747/6350/1210 4764/6364/1199 4763/6363/1225 4749/6347/1212
f 4745/6343/1208 4765/6365/1226 4764/6366/1199 4747/6345/1210
f 4743/6339/1206 4766/6367/1227 4765/6365/1226 4745/6343/1208
f 4744/6342/1207 4767/6368/42 4766/6367/1227 4743/6339/1206
f 4768/6369/1228 4769/6370/1229 4767/6368/42 4744/6342/1207
f 4770/6371/1230 4771/6372/1231 4769/6370/1229 4768/6369/1228
f 4772/6373/1232 4773/6374/1184 4771/6372/1231 4770/6371/1230
f 4774/6375/1233 4775/6376/1234 4773/6377/1184 4772/6378/1232
f 4776/6379/1235 4777/6380/1236 4775/6376/1234 4774/6375/1233
f 4778/6381/1237 4779/6382/582 4777/6380/1236 4776/6379/1235
f 4780/6383/1238 4781/6384/1239 4779/6382/582 4778/6381/1237
f 4782/6385/1240 4783/6386/1241 4781/6384/1239 4780/6383/1238
f 4784/6387/1242 4785/6388/1189 4783/6386/1241 4782/6385/1240
f 4786/6389/1243 4787/6390/1244 4785/6391/1189 4784/6392/1242
f 4788/6393/1245 4789/6394/1246 4787/6390/1244 4786/6389/1243
f 4790/6395/1247 4791/6396/75 4789/6394/1246 4788/6393/1245
f 4792/6397/1248 4793/6398/1249 4791/6396/75 4790/6395/1247
f 4794/6399/1250 4795/6400/1251 4793/6398/1249 4792/6397/1248
f 4796/6401/1252 4797/6402/1194 4795/6400/1251 4794/6399/1250
f 4757/6357/1220 4760/6360/1223 4797/6403/1194 4796/6404/1252
f 4758/6358/1221 4757/6357/1220 4796/6404/1252 4798/6405/1253
f 4798/6406/1253 4796/6401/1252 4794/6399/1250 4799/6407/1254
f 4799/6407/1254 4794/6399/1250 4792/6397/1248 4800/6408/1255
f 4800/6408/1255 4792/6397/1248 4790/6395/1247 4801/6409/1256
f 4788/6393/1245 4802/6410/1257 4801/6409/1256 4790/6395/1247
f 4786/6389/1243 4803/6411/1258 4802/6410/1257 4788/6393/1245
f 4784/6392/1242 4804/6412/1259 4803/6411/1258 4786/6389/1243
f 4782/6385/1240 4805/6413/1260 4804/6414/1259 4784/6387/1242
f 4780/6383/1238 4806/6415/1261 4805/6413/1260 4782/6385/1240
f 4778/6381/1237 4807/6416/1262 4806/6415/1261 4780/6383/1238
f 4776/6379/1235 4808/6417/1263 4807/6416/1262 4778/6381/1237
f 4774/6375/1233 4809/6418/1264 4808/6417/1263 4776/6379/1235
f 4772/6378/1232 4810/6419/1265 4809/6418/1264 4774/6375/1233
f 4770/6371/1230 4811/6420/1266 4810/6421/1265 4772/6373/1232
f 4768/6369/1228 4812/6422/1267 4811/6420/1266 4770/6371/1230
f 4744/6342/1207 4741/6341/1202 4812/6422/1267 4768/6369/1228
f 4812/6423/1267 4741/6335/1202 4695/6338/1205 4694/6424/1268
f 4811/6425/1266 4812/6423/1267 4694/6424/1268 4698/6426/1269
f 4810/6427/1265 4811/6425/1266 4698/6426/1269 4700/6428/1270
f 4809/6429/1264 4810/6427/1265 4700/6428/1270 4702/6430/1271
f 4808/6431/1263 4809/6429/1264 4702/6430/1271 4704/6432/1272
f 4807/6433/1262 4808/6431/1263 4704/6432/1272 4706/6434/1273
f 4806/6435/1261 4807/6433/1262 4706/6434/1273 4708/6436/1274
f 4805/6437/1260 4806/6435/1261 4708/6436/1274 4710/6438/1275
f 4804/6439/1259 4805/6437/1260 4710/6438/1275 4712/6440/1276
f 4803/6441/1258 4804/6439/1259 4712/6440/1276 4714/6442/1277
f 4802/6443/1257 4803/6441/1258 4714/6442/1277 4716/6444/1278
f 4801/6445/1256 4802/6443/1257 4716/6444/1278 4718/6446/1279
f 4800/6447/1255 4801/6445/1256 4718/6446/1279 4720/6448/1280
f 4799/6449/1254 4800/6447/1255 4720/6448/1280 4722/6450/1281
f 4798/6451/1253 4799/6449/1254 4722/6450/1281 4724/6452/1282
f 4758/6453/1221 4798/6451/1253 4724/6452/1282 4726/6454/1283
f 4756/6455/1219 4758/6453/1221 4726/6454/1283 4728/6456/1284
f 4754/6457/1217 4756/6455/1219 4728/6456/1284 4730/6458/1285
f 4752/6459/1215 4754/6457/1217 4730/6458/1285 4732/6460/1286
f 4750/6461/1213 4752/6459/1215 4732/6460/1286 4734/6462/1287
f 4748/6463/1211 4750/6461/1213 4734/6462/1287 4736/6464/1288
f 4746/6465/1209 4748/6463/1211 4736/6464/1288 4738/6466/1289
f 4742/6336/1203 4746/6465/1209 4738/6466/1289 4740/6337/1204
s 51
f 4813/6467/1290 4814/6468/1291 4797/6469/1291 4760/6470/1292
f 4815/6471/1293 4813/6467/1290 4760/6470/1292 4759/6472/1293
f 4816/6473/1285 4815/6471/1293 4759/6472/1293 4761/6474/1285
f 4817/6475/1294 4816/6473/1285 4761/6474/1285 4762/6476/1294
f 4818/6477/1295 4817/6475/1294 4762/6476/1294 4763/6478/1296
f 4819/6479/1297 4820/6480/1298 4764/6481/1298 4765/6482/1299
f 4820/6480/1298 4818/6477/1295 4763/6478/1296 4764/6481/1298
f 4821/6483/1300 4819/6479/1297 4765/6482/1299 4766/6484/1300
f 4822/6485/1301 4823/6486/1205 4767/6487/1205 4769/6488/1301
f 4823/6486/1205 4821/6483/1300 4766/6484/1300 4767/6487/1205
f 4824/6489/1302 4822/6485/1301 4769/6488/1301 4771/6490/1303
f 4825/6491/1304 4826/6492/1305 4773/6493/1305 4775/6494/1306
f 4826/6492/1305 4824/6489/1302 4771/6490/1303 4773/6493/1305
f 4827/6495/1307 4825/6491/1304 4775/6494/1306 4777/6496/1307
f 4828/6497/1308 4829/6498/1273 4779/6499/1273 4781/6500/1308
f 4829/6498/1273 4827/6495/1307 4777/6496/1307 4779/6499/1273
f 4830/6501/1309 4828/6497/1308 4781/6500/1308 4783/6502/1310
f 4831/6503/1311 4832/6504/1312 4785/6505/1312 4787/6506/1313
f 4832/6504/1312 4830/6501/1309 4783/6502/1310 4785/6505/1312
f 4833/6507/1314 4831/6503/1311 4787/6506/1313 4789/6508/1314
f 4834/6509/1315 4835/6510/1279 4791/6511/1279 4793/6512/1315
f 4835/6510/1279 4833/6507/1314 4789/6508/1314 4791/6511/1279
f 4836/6513/1316 4834/6509/1315 4793/6512/1315 4795/6514/1317
f 4814/6468/1291 4836/6513/1316 4795/6514/1317 4797/6469/1291
s 52
f 4814/6468/309 4813/6467/309 4837/6515/309
f 4813/6467/309 4815/6471/309 4837/6515/309
f 4816/6473/309 4837/6515/309 4815/6471/309
f 4816/6473/309 4817/6475/309 4837/6515/309
f 4818/6477/309 4837/6515/309 4817/6475/309
f 4820/6480/309 4837/6515/309 4818/6477/309
f 4820/6480/309 4819/6479/309 4837/6515/309
f 4821/6483/309 4837/6515/309 4819/6479/309
f 4823/6486/309 4837/6515/309 4821/6483/309
f 4823/6486/309 4822/6485/309 4837/6515/309
f 4824/6489/309 4837/6515/309 4822/6485/309
f 4826/6492/309 4837/6515/309 4824/6489/309
f 4826/6492/309 4825/6491/309 4837/6515/309
f 4825/6491/309 4827/6495/309 4837/6515/309
f 4829/6498/309 4837/6515/309 4827/6495/309
f 4829/6498/309 4828/6497/309 4837/6515/309
f 4830/6501/309 4837/6515/309 4828/6497/309
f 4832/6504/309 4837/6515/309 4830/6501/309
f 4832/6504/309 4831/6503/309 4837/6515/309
f 4833/6507/309 4837/6515/309 4831/6503/309
f 4835/6510/309 4837/6515/309 4833/6507/309
f 4835/6510/309 4834/6509/309 4837/6515/309
f 4836/6513/309 4837/6515/309 4834/6509/309
f 4814/6468/309 4837/6515/309 4836/6513/309
s 53
f 4739/6516/309 4838/6517/1318 4696/6518/309
f 4737/6519/309 4838/6517/1318 4739/6516/309
f 4735/6520/309 4838/6517/1318 4737/6519/309
f 4733/6521/309 4838/6517/1318 4735/6520/309
f 4731/6522/309 4838/6517/1318 4733/6521/309
f 4729/6523/309 4838/6517/1318 4731/6522/309
f 4839/6524/309 4838/6517/1318 4729/6523/309 4727/6525/309 4840/6526/309
f 4841/6527/309 4838/6517/1318 4839/6524/309
f 4842/6528/309 4841/6527/309 4843/6529/309
f 4844/6530/309 4843/6529/309 4841/6527/309 4845/6531/309
f 4844/6530/309 4846/6532/309 4847/6533/309 4843/6529/309
f 4845/6531/309 4841/6527/309 4848/6534/309
f 4848/6534/309 4841/6527/309 4839/6524/309
f 4849/6535/309 4840/6526/309 4727/6525/309 4725/6536/309
f 4850/6537/309 4849/6535/309 4725/6536/309 4723/6538/309
f 4851/6539/309 4850/6537/309 4723/6538/309 4721/6540/309
f 4852/6541/309 4851/6539/309 4721/6540/309 4719/6542/309
f 4853/6543/309 4852/6541/309 4719/6542/309 4717/6544/309
f 4717/6544/309 4715/6545/309 4854/6546/309 4853/6543/309
f 4715/6545/309 4713/6547/309 4855/6548/309 4854/6546/309
f 4713/6547/309 4711/6549/309 4856/6550/309 4855/6548/309
f 4711/6549/309 4709/6551/309 4857/6552/309 4856/6550/309
f 4709/6551/309 4707/6553/309 4858/6554/309 4857/6552/309
f 4707/6553/309 4705/6555/309 4859/6556/1318 4860/6557/309 4858/6554/309
f 4705/6555/309 4703/6558/309 4859/6556/1318
f 4703/6558/309 4701/6559/309 4859/6556/1318
f 4701/6559/309 4699/6560/309 4859/6556/1318
f 4699/6560/309 4697/6561/309 4859/6556/1318
f 4697/6561/309 4693/6562/309 4859/6556/1318
f 4693/6562/309 4696/6518/309 4859/6556/1318
f 4838/6517/1318 4859/6556/1318 4696/6518/309
f 4861/6563/1319 4862/6564/1319 4859/6556/1318 4838/6517/1318
f 4861/6563/1319 4863/6565/1320 4864/6566/1320 4862/6564/1319
f 4865/6567/309 4847/6533/309 4866/6568/309 4867/6569/309
f 4866/6568/309 4847/6533/309 4846/6532/309
f 4868/6570/309 4860/6557/309 4869/6571/309
f 4869/6571/309 4860/6557/309 4859/6556/1318
f 4870/6572/309 4868/6570/309 4869/6571/309
f 4871/6573/309 4870/6572/309 4869/6571/309 4872/6574/309
f 4873/6575/309 4872/6574/309 4869/6571/309
f 4872/6574/309 4874/6576/309 4875/6577/309 4871/6573/309
f 4876/6578/309 4875/6577/309 4874/6576/309
f 4867/6569/309 4876/6578/309 4874/6576/309 4865/6567/309
s 54
f 4838/6517/425 4841/6527/1321 4877/6579/1322 4878/6580/1323
f 4841/6527/1321 4879/6581/1324 4877/6579/1322
f 4880/6582/1325 4879/6581/1324 4841/6527/1321 4842/6528/1325 4881/6583/1325
f 4879/6584/1324 4882/6585/1194 4883/6586/1194 4884/6587/1194 4877/6588/1322
f 4885/6589/1326 4861/6590/1327 4878/6591/1323
f 4861/6590/1327 4885/6589/1326 4886/6592/1328 4863/6593/1328
f 4861/6563/1327 4838/6517/425 4878/6580/1323
s 55
f 4882/6585/75 4879/6584/75 4880/6594/75 4887/6595/75 4888/6596/75
f 4888/6596/75 4883/6586/75 4882/6585/75
f 4889/6597/75 4887/6595/75 4890/6598/75 4891/6599/75 4892/6600/75
f 4890/6598/75 4887/6595/75 4893/6601/75
f 4887/6595/75 4894/6602/75 4895/6603/75 4893/6601/75
f 4896/6604/75 4897/6605/75 4894/6602/75 4887/6595/75
f 4895/6603/75 4894/6602/75 4898/6606/75
f 4894/6602/75 4899/6607/75 4898/6606/75
f 4894/6602/75 4900/6608/75 4899/6607/75
f 4894/6602/75 4901/6609/75 4900/6608/75
f 4894/6602/75 4902/6610/75 4901/6609/75
f 4903/6611/75 4902/6610/75 4894/6602/75
f 4904/6612/75 4903/6611/75 4894/6602/75
f 4905/6613/75 4904/6612/75 4894/6602/75
f 4906/6614/75 4905/6613/75 4894/6602/75
f 4894/6602/75 4897/6605/75 4906/6614/75
f 4896/6604/75 4887/6595/75 4880/6594/75
f 4889/6597/75 4892/6600/75 4907/6615/75
s 56
f 4908/6616/317 4878/6591/317 4877/6617/317 4884/6618/317 4909/6619/317
f 4885/6589/317 4878/6591/317 4908/6616/317 4910/6620/317
f 4910/6620/317 4908/6616/317 4909/6619/317
s 57
f 4911/6621/1329 4912/6622/42 4886/6623/42 4885/6624/1330
f 4911/6621/1329 4913/6625/42 4912/6622/42
f 4914/6626/1331 4915/6627/42 4913/6625/42 4911/6621/1329
f 4914/6626/1331 4916/6628/1332 4917/6629/1333
f 4914/6626/1331 4911/6621/1329 4916/6628/1332
f 4911/6621/1329 4885/6624/1330 4918/6630/1334
f 4918/6630/1334 4885/6624/1330 4910/6631/1335 4909/6632/1335
s 58
f 4914/6633/1336 4862/6634/1337 4864/6635/1338 4915/6636/1338
f 4862/6634/1337 4914/6633/1336 4919/6637/1339
f 4892/6600/1189 4891/6599/1340 4920/6638/1341 4921/6639/1189 4907/6615/1189
f 4862/6564/1337 4919/6640/1339 4859/6556/430
f 4919/6640/1339 4920/6641/1341 4869/6571/1342 4859/6556/430
f 4920/6641/1341 4891/6642/1340 4869/6571/1342
f 4891/6642/1340 4890/6643/1325 4922/6644/1325 4873/6575/1325 4869/6571/1342
s 59
f 4919/6637/582 4914/6633/582 4917/6645/582
f 4917/6645/582 4921/6646/582 4920/6647/582 4919/6637/582
s 60
f 4897/6605/1343 4896/6604/1344 4923/6648/1344 4924/6649/1345
f 4880/6594/1346 4923/6648/1344 4896/6604/1344
f 4925/6650/1347 4890/6598/1348 4893/6601/1347
f 4893/6601/1347 4895/6603/1349 4926/6651/1349 4925/6650/1347
f 4895/6603/1349 4898/6606/1350 4927/6652/1350 4926/6651/1349
f 4902/6610/1351 4903/6611/1352 4928/6653/1352 4929/6654/1351
f 4903/6611/1352 4904/6612/1353 4930/6655/1353 4928/6653/1352
f 4904/6612/1353 4905/6613/1354 4931/6656/1354 4930/6655/1353
f 4905/6613/1354 4906/6614/1355 4932/6657/1355 4931/6656/1354
f 4906/6614/1355 4897/6605/1343 4924/6649/1345 4932/6657/1355
f 4899/6607/1356 4900/6608/1357 4933/6658/1357 4934/6659/1356
f 4900/6608/1357 4901/6609/1358 4935/6660/1358 4933/6658/1357
f 4901/6609/1358 4902/6610/1351 4929/6654/1351 4935/6660/1358
f 4898/6606/1350 4899/6607/1356 4934/6659/1356 4927/6652/1350
s 61
f 4923/6661/1359 4880/6662/317 4881/6663/317
f 4842/6664/1360 4923/6661/1359 4881/6663/317
f 4842/6528/1360 4843/6529/1361 4936/6665/1362 4924/6666/1362 4923/6667/1359
f 4890/6668/582 4925/6669/1363 4922/6670/582
f 4937/6671/1364 4932/6672/1364 4924/6666/1362 4936/6665/1362
f 4938/6673/1328 4931/6674/1328 4932/6672/1364 4937/6671/1364
f 4939/6675/1365 4930/6676/1365 4931/6674/1328 4938/6673/1328
f 4940/6677/1366 4928/6678/1366 4930/6676/1365 4939/6675/1365
f 4941/6679/309 4929/6680/309 4928/6678/1366 4940/6677/1366
f 4942/6681/1367 4935/6682/1367 4929/6680/309 4941/6679/309
f 4935/6682/1367 4942/6681/1367 4943/6683/1368 4933/6684/1368
f 4873/6575/1369 4925/6685/1363 4926/6686/1370 4944/6687/1370 4872/6574/1371
f 4873/6688/1369 4922/6670/582 4925/6669/1363
f 4927/6689/1372 4945/6690/1372 4944/6687/1370 4926/6686/1370
f 4934/6691/1338 4946/6692/1338 4945/6690/1372 4927/6689/1372
f 4946/6692/1338 4934/6691/1338 4933/6684/1368 4943/6683/1368
s 62
f 4846/6532/1373 4844/6530/1374 4947/6693/1374 4948/6694/1373
f 4844/6530/1374 4845/6531/1375 4949/6695/1375 4947/6693/1374
f 4845/6531/1375 4848/6534/1272 4950/6696/1272 4949/6695/1375
f 4848/6534/1272 4839/6524/1376 4951/6697/1376 4950/6696/1272
f 4839/6524/1376 4840/6526/1274 4952/6698/1274 4951/6697/1376
f 4840/6526/1274 4849/6535/1377 4953/6699/1377 4952/6698/1274
f 4849/6535/1377 4850/6537/1378 4954/6700/1378 4953/6699/1377
f 4850/6537/1378 4851/6539/1379 4955/6701/1379 4954/6700/1378
f 4851/6539/1379 4852/6541/1278 4956/6702/1278 4955/6701/1379
f 4852/6541/1278 4853/6543/1380 4957/6703/1380 4956/6702/1278
f 4866/6568/1268 4846/6532/1373 4948/6694/1373 4958/6704/1268
f 4853/6543/1380 4854/6546/1280 4959/6705/1280 4957/6703/1380
f 4854/6546/1280 4855/6548/1381 4960/6706/1381 4959/6705/1280
f 4855/6548/1381 4856/6550/1382 4961/6707/1382 4960/6706/1381
f 4856/6550/1382 4857/6552/1383 4962/6708/1383 4961/6707/1382
f 4857/6552/1383 4858/6554/1293 4963/6709/1293 4962/6708/1383
f 4858/6554/1293 4860/6557/1285 4964/6710/1285 4963/6709/1293
f 4860/6557/1285 4868/6570/1294 4965/6711/1294 4964/6710/1285
f 4868/6570/1294 4870/6572/1384 4966/6712/1384 4965/6711/1294
f 4870/6572/1384 4871/6573/1385 4967/6713/1385 4966/6712/1384
f 4875/6577/1386 4876/6578/1204 4968/6714/1204 4969/6715/1386
f 4876/6578/1204 4867/6569/1387 4970/6716/1387 4968/6714/1204
f 4867/6569/1387 4866/6568/1268 4958/6704/1268 4970/6716/1387
f 4871/6573/1385 4875/6577/1386 4969/6715/1386 4967/6713/1385
s 63
f 4864/6566/1388 4863/6565/1389 4971/6717/1390 4972/6718/1391
f 4863/6565/1389 4886/6719/1392 4973/6720/1393 4971/6717/1390
f 4971/6717/1390 4973/6720/1393 4974/6721/1394 4972/6718/1391
f 4915/6722/1395 4864/6566/1388 4972/6718/1391 4974/6721/1394
s 64
f 4864/6723/309 4863/6724/309 4886/6725/309 4912/6726/309 4913/6727/309 4915/6728/309
s 65
f 4943/6729/1396 4942/6730/1397 4975/6731/1397 4976/6732/1396
f 4942/6730/1397 4941/6733/1398 4977/6734/1398 4975/6731/1397
f 4941/6733/1398 4940/6735/1399 4978/6736/1399 4977/6734/1398
f 4940/6735/1399 4939/6737/1400 4979/6738/1400 4978/6736/1399
f 4939/6737/1400 4938/6739/1401 4980/6740/1401 4979/6738/1400
f 4938/6739/1401 4937/6741/1402 4981/6742/1402 4980/6740/1401
f 4937/6741/1402 4936/6743/1403 4982/6744/1403 4981/6742/1402
f 4936/6743/1403 4843/6745/1404 4847/6746/1404 4982/6744/1403
f 4946/6747/1405 4943/6729/1396 4976/6732/1396 4983/6748/1405
f 4872/6749/1406 4944/6750/1407 4984/6751/1407 4874/6752/1406
f 4944/6750/1407 4945/6753/1408 4985/6754/1408 4984/6751/1407
f 4945/6753/1408 4946/6747/1405 4983/6748/1405 4985/6754/1408
s 66
f 4847/6746/42 4865/6755/42 4982/6744/42
f 4865/6755/42 4983/6748/42 4976/6732/42
f 4865/6755/42 4985/6754/42 4983/6748/42
f 4865/6755/42 4984/6751/42 4985/6754/42
f 4874/6752/42 4984/6751/42 4865/6755/42
f 4865/6755/42 4976/6732/42 4975/6731/42
f 4977/6734/42 4865/6755/42 4975/6731/42
f 4978/6736/42 4865/6755/42 4977/6734/42
f 4979/6738/42 4865/6755/42 4978/6736/42
f 4980/6740/42 4865/6755/42 4979/6738/42
f 4981/6742/42 4865/6755/42 4980/6740/42
f 4982/6744/42 4865/6755/42 4981/6742/42
s 67
f 4986/6756/1229 4958/6757/1229 4948/6758/1183 4987/6759/1183
f 4988/6760/42 4970/6761/42 4958/6757/1229 4986/6756/1229
f 4989/6762/1227 4968/6763/1227 4970/6761/42 4988/6760/42
f 4990/6764/1200 4969/6765/1200 4968/6763/1227 4989/6762/1227
f 4991/6766/1409 4967/6767/1409 4969/6765/1200 4990/6764/1200
f 4992/6768/1198 4966/6769/1198 4967/6770/1409 4991/6771/1409
f 4993/6772/1197 4965/6773/1410 4966/6769/1198 4992/6768/1198
f 4994/6774/1411 4995/6775/1412 4965/6773/1410 4993/6772/1197
f 4987/6759/1183 4948/6758/1183 4947/6776/1184 4996/6777/1184
f 4996/6778/1184 4947/6779/1184 4949/6780/1185 4997/6781/1185
f 4997/6781/1185 4949/6780/1185 4950/6782/1413 4998/6783/1236
f 4998/6783/1236 4950/6782/1413 4999/6784/1414 5000/6785/1415
f 4951/6786/582 4999/6784/1414 4950/6782/1413
f 4999/6784/1414 4951/6786/582 4952/6787/1239 5001/6788/1239
f 5001/6788/1239 4952/6787/1239 4953/6789/1188 5002/6790/1188
f 5002/6790/1188 4953/6789/1188 4954/6791/1189 5003/6792/1189
f 5003/6793/1189 4954/6794/1189 4955/6795/1190 5004/6796/1190
f 5004/6796/1190 4955/6795/1190 4956/6797/1246 5005/6798/1246
f 5005/6798/1246 4956/6797/1246 4957/6799/75 5006/6800/75
f 5006/6800/75 4957/6799/75 4959/6801/1249 5007/6802/1249
f 4964/6803/317 4965/6773/1410 4995/6775/1412
f 5008/6804/1196 4963/6805/1196 4964/6803/317 4995/6775/1412
f 5009/6806/1195 4962/6807/1195 4963/6805/1196 5008/6804/1196
f 5010/6808/1416 4961/6809/1416 4962/6807/1195 5009/6806/1195
f 5011/6810/1193 4960/6811/1193 4961/6812/1416 5010/6813/1416
f 5007/6802/1249 4959/6801/1249 4960/6811/1193 5011/6810/1193
s 68
f 4994/6814/75 5012/6815/75 5013/6816/75 4995/6817/75
f 4999/6818/75 5013/6816/75 5012/6815/75 5000/6819/75
s 69
f 4994/6820/309 4993/6821/309 5012/6822/309
f 4992/6823/309 5012/6822/309 4993/6821/309
f 4991/6824/309 5012/6822/309 4992/6823/309
f 4990/6825/309 5012/6822/309 4991/6824/309
f 4989/6826/309 5012/6822/309 4990/6825/309
f 4988/6827/309 5012/6822/309 4989/6826/309
f 4988/6827/309 4986/6828/309 5012/6822/309
f 4986/6828/309 4987/6829/309 5012/6822/309
f 4987/6829/309 4996/6830/309 5012/6822/309
f 5000/6831/309 5012/6822/309 4998/6832/309
f 4997/6833/309 4998/6832/309 5012/6822/309
f 4996/6830/309 4997/6833/309 5012/6822/309
s 70
f 5007/6834/309 5011/6835/309 5013/6836/309
f 5011/6835/309 5010/6837/309 5013/6836/309
f 5010/6837/309 5009/6838/309 5013/6836/309
f 5009/6838/309 5008/6839/309 5013/6836/309
f 4995/6840/309 5013/6836/309 5008/6839/309
f 5006/6841/309 5007/6834/309 5013/6836/309
f 5006/6841/309 5013/6836/309 5005/6842/309
f 5005/6842/309 5013/6836/309 5004/6843/309
f 5004/6843/309 5013/6836/309 5003/6844/309
f 5003/6844/309 5013/6836/309 5002/6845/309
f 5002/6845/309 5013/6836/309 5001/6846/309
f 4999/6847/309 5001/6846/309 5013/6836/309
s 71
f 5014/6848/1 5015/6849/2 5016/6850/3
f 5015/6849/2 5014/6848/1 5017/6851/4
f 5014/6848/1 5018/6852/5 5017/6851/4
f 5014/6848/1 5019/6853/96 5018/6852/5
f 5019/6853/96 5014/6848/1 5020/6854/97
f 5014/6848/1 5016/6850/3 5020/6854/97
f 5020/6854/97 5016/6850/3 5021/6855/8
f 5016/6850/3 5022/6856/202 5021/6855/8
f 5016/6850/3 5023/6857/144 5022/6856/202
f 5015/6849/2 5023/6857/144 5016/6850/3
f 5015/6849/2 5024/6858/101 5023/6857/144
f 5024/6858/101 5015/6849/2 5025/6859/12
f 5015/6849/2 5017/6851/4 5025/6859/12
f 5025/6859/12 5017/6851/4 5026/6860/13
f 5017/6851/4 5027/6861/14 5026/6860/13
f 5017/6851/4 5018/6852/5 5027/6861/14
f 5028/6862/15 5027/6861/14 5018/6852/5
f 5029/6863/16 5027/6864/14 5028/6865/15
f 5029/6863/16 5030/6866/17 5027/6864/14
f 5029/6863/16 5031/6867/18 5030/6866/17
f 5032/6868/19 5031/6867/18 5029/6863/16
f 5032/6868/19 5033/6869/205 5031/6867/18
f 5034/6870/21 5033/6869/205 5032/6868/19
f 5034/6870/21 5035/6871/22 5033/6869/205
f 5034/6870/21 5036/6872/154 5035/6871/22
f 5037/6873/24 5036/6872/154 5034/6870/21
f 5037/6874/24 5038/6875/156 5036/6876/154
f 5039/6877/26 5038/6875/156 5037/6874/24
f 5039/6877/26 5040/6878/157 5038/6875/156
f 5039/6877/26 5041/6879/28 5040/6878/157
f 5042/6880/29 5041/6881/28 5039/6882/26
f 5042/6880/29 5043/6883/693 5041/6881/28
f 5044/6884/31 5043/6883/693 5042/6880/29
f 5044/6885/31 5045/6886/32 5043/6887/693
f 5044/6885/31 5046/6888/294 5045/6886/32
f 5047/6889/34 5046/6890/294 5044/6884/31
f 5047/6889/34 5048/6891/327 5046/6890/294
f 5049/6892/111 5048/6891/327 5047/6889/34
f 5049/6893/111 5019/6853/96 5048/6894/327
f 5049/6893/111 5018/6852/5 5019/6853/96
f 5028/6862/15 5018/6852/5 5049/6893/111
f 5050/6895/166 5028/6865/15 5049/6892/111
f 5051/6896/112 5028/6865/15 5050/6895/166
f 5051/6896/112 5029/6863/16 5028/6865/15
f 5051/6896/112 5032/6868/19 5029/6863/16
f 5052/6897/113 5032/6868/19 5051/6896/112
f 5052/6897/113 5034/6870/21 5032/6868/19
f 5052/6897/113 5037/6873/24 5034/6870/21
f 5053/6898/40 5037/6873/24 5052/6897/113
f 5053/6898/40 5039/6882/26 5037/6873/24
f 5053/6898/40 5042/6880/29 5039/6882/26
f 5054/6899/41 5042/6880/29 5053/6898/40
f 5054/6899/41 5044/6884/31 5042/6880/29
f 5054/6899/41 5047/6889/34 5044/6884/31
f 5050/6895/166 5047/6889/34 5054/6899/41
f 5050/6895/166 5049/6892/111 5047/6889/34
f 5055/6900/42 5050/6895/166 5054/6899/41
f 5055/6900/42 5051/6896/112 5050/6895/166
f 5055/6900/42 5052/6897/113 5051/6896/112
f 5055/6900/42 5053/6898/40 5052/6897/113
f 5055/6900/42 5054/6899/41 5053/6898/40
f 5020/6854/97 5048/6894/327 5019/6853/96
f 5056/6901/114 5048/6894/327 5020/6854/97
f 5056/6902/114 5046/6888/294 5048/6903/327
f 5057/6904/44 5046/6888/294 5056/6902/114
f 5057/6904/44 5045/6886/32 5046/6888/294
f 5045/6886/32 5057/6904/44 5058/6905/45
f 5057/6904/44 5059/6906/46 5058/6905/45
f 5057/6904/44 5060/6907/47 5059/6906/46
f 5060/6907/47 5057/6904/44 5056/6902/114
f 5060/6907/47 5056/6902/114 5021/6908/8
f 5021/6855/8 5056/6901/114 5020/6854/97
f 5061/6909/48 5060/6907/47 5021/6908/8
f 5060/6907/47 5061/6909/48 5062/6910/116
f 5063/6911/50 5062/6912/116 5061/6913/48
f 5064/6914/51 5062/6912/116 5063/6911/50
f 5064/6914/51 5065/6915/52 5062/6912/116
f 5066/6916/53 5065/6915/52 5064/6914/51
f 5066/6916/53 5067/6917/118 5065/6915/52
f 5066/6916/53 5068/6918/216 5067/6917/118
f 5069/6919/56 5068/6918/216 5066/6916/53
f 5069/6920/56 5070/6921/626 5068/6922/216
f 5071/6923/58 5070/6921/626 5069/6920/56
f 5071/6923/58 5072/6924/217 5070/6921/626
f 5071/6923/58 5073/6925/296 5072/6924/217
f 5074/6926/61 5073/6927/296 5071/6928/58
f 5074/6926/61 5075/6929/627 5073/6927/296
f 5076/6930/63 5075/6929/627 5074/6926/61
f 5076/6931/63 5077/6932/64 5075/6933/627
f 5076/6931/63 5078/6934/65 5077/6932/64
f 5079/6935/66 5078/6936/65 5076/6930/63
f 5079/6935/66 5080/6937/307 5078/6936/65
f 5081/6938/256 5080/6937/307 5079/6935/66
f 5081/6939/256 5024/6858/101 5080/6940/307
f 5081/6939/256 5023/6857/144 5024/6858/101
f 5082/6941/69 5023/6857/144 5081/6939/256
f 5082/6941/69 5022/6856/202 5023/6857/144
f 5063/6911/50 5022/6942/202 5082/6943/69
f 5063/6911/50 5061/6913/48 5022/6942/202
f 5021/6855/8 5022/6856/202 5061/6944/48
f 5083/6945/223 5063/6911/50 5082/6943/69
f 5083/6945/223 5064/6914/51 5063/6911/50
f 5084/6946/71 5064/6914/51 5083/6945/223
f 5084/6946/71 5066/6916/53 5064/6914/51
f 5084/6946/71 5069/6919/56 5066/6916/53
f 5085/6947/72 5069/6919/56 5084/6946/71
f 5085/6947/72 5071/6928/58 5069/6919/56
f 5085/6947/72 5074/6926/61 5071/6928/58
f 5086/6948/73 5074/6926/61 5085/6947/72
f 5086/6948/73 5076/6930/63 5074/6926/61
f 5086/6948/73 5079/6935/66 5076/6930/63
f 5087/6949/74 5079/6935/66 5086/6948/73
f 5087/6949/74 5081/6938/256 5079/6935/66
f 5087/6949/74 5082/6943/69 5081/6938/256
f 5083/6945/223 5082/6943/69 5087/6949/74
f 5088/6950/75 5083/6945/223 5087/6949/74
f 5088/6950/75 5084/6946/71 5083/6945/223
f 5088/6950/75 5085/6947/72 5084/6946/71
f 5088/6950/75 5086/6948/73 5085/6947/72
f 5088/6950/75 5087/6949/74 5086/6948/73
f 5025/6859/12 5080/6940/307 5024/6858/101
f 5089/6951/185 5080/6940/307 5025/6859/12
f 5089/6952/185 5078/6934/65 5080/6953/307
f 5090/6954/125 5078/6934/65 5089/6952/185
f 5090/6954/125 5077/6932/64 5078/6934/65
f 5077/6932/64 5090/6954/125 5091/6955/290
f 5090/6954/125 5092/6956/79 5091/6955/290
f 5090/6954/125 5093/6957/127 5092/6956/79
f 5093/6957/127 5090/6954/125 5089/6952/185
f 5093/6957/127 5089/6952/185 5026/6958/13
f 5026/6860/13 5089/6951/185 5025/6859/12
f 5030/6959/17 5093/6957/127 5026/6958/13
f 5093/6957/127 5030/6959/17 5031/6960/18
f 5093/6957/127 5031/6960/18 5092/6956/79
f 5092/6956/79 5031/6960/18 5033/6961/205
f 5092/6956/79 5033/6961/205 5094/6962/227
f 5094/6962/227 5033/6961/205 5035/6963/22
f 5035/6963/22 5095/6964/82 5094/6962/227
f 5095/6965/82 5035/6966/22 5036/6876/154
f 5095/6965/82 5036/6876/154 5096/6967/83
f 5096/6967/83 5036/6876/154 5038/6875/156
f 5096/6967/83 5038/6875/156 5097/6968/84
f 5097/6968/84 5038/6875/156 5040/6878/157
f 5040/6878/157 5098/6969/244 5097/6968/84
f 5098/6969/244 5040/6878/157 5041/6879/28
f 5098/6969/244 5041/6879/28 5099/6970/194
f 5099/6971/194 5041/6972/28 5043/6887/693
f 5099/6971/194 5043/6887/693 5058/6905/45
f 5058/6905/45 5043/6887/693 5045/6886/32
f 5100/6973/133 5099/6971/194 5058/6905/45
f 5101/6974/231 5099/6971/194 5100/6973/133
f 5101/6975/231 5098/6969/244 5099/6970/194
f 5098/6969/244 5101/6975/231 5102/6976/89
f 5101/6975/231 5068/6922/216 5102/6976/89
f 5101/6975/231 5067/6977/118 5068/6922/216
f 5067/6978/118 5101/6974/231 5100/6973/133
f 5100/6973/133 5065/6979/52 5067/6978/118
f 5059/6906/46 5065/6979/52 5100/6973/133
f 5059/6906/46 5062/6910/116 5065/6979/52
f 5060/6907/47 5062/6910/116 5059/6906/46
f 5058/6905/45 5059/6906/46 5100/6973/133
f 5102/6976/89 5068/6922/216 5070/6921/626
f 5102/6976/89 5070/6921/626 5103/6980/90
f 5103/6980/90 5070/6921/626 5072/6924/217
f 5072/6924/217 5104/6981/91 5103/6980/90
f 5104/6981/91 5072/6924/217 5073/6925/296
f 5104/6981/91 5073/6925/296 5105/6982/137
f 5105/6983/137 5073/6984/296 5075/6933/627
f 5105/6983/137 5075/6933/627 5091/6955/290
f 5091/6955/290 5075/6933/627 5077/6932/64
f 5094/6962/227 5105/6983/137 5091/6955/290
f 5095/6964/82 5105/6983/137 5094/6962/227
f 5095/6965/82 5104/6981/91 5105/6982/137
f 5104/6981/91 5095/6965/82 5096/6967/83
f 5104/6981/91 5096/6967/83 5103/6980/90
f 5103/6980/90 5096/6967/83 5097/6968/84
f 5097/6968/84 5102/6976/89 5103/6980/90
f 5098/6969/244 5102/6976/89 5097/6968/84
f 5091/6955/290 5092/6956/79 5094/6962/227
f 5026/6860/13 5027/6861/14 5030/6985/17
s 72
f 5106/6986/1 5107/6987/2 5108/6988/3
f 5107/6987/2 5106/6986/1 5109/6989/140
f 5106/6986/1 5110/6990/674 5109/6989/140
f 5106/6986/1 5111/6991/199 5110/6990/674
f 5111/6991/199 5106/6986/1 5112/6992/97
f 5106/6986/1 5108/6988/3 5112/6992/97
f 5112/6992/97 5108/6988/3 5113/6993/142
f 5108/6988/3 5114/6994/202 5113/6993/142
f 5108/6988/3 5115/6995/631 5114/6994/202
f 5107/6987/2 5115/6995/631 5108/6988/3
f 5107/6987/2 5116/6996/11 5115/6995/631
f 5116/6996/11 5107/6987/2 5117/6997/102
f 5107/6987/2 5109/6989/140 5117/6997/102
f 5117/6997/102 5109/6989/140 5118/6998/299
f 5109/6989/140 5119/6999/146 5118/6998/299
f 5109/6989/140 5110/6990/674 5119/6999/146
f 5120/7000/15 5119/6999/146 5110/6990/674
f 5121/7001/16 5119/7002/146 5120/7003/15
f 5121/7001/16 5122/7004/17 5119/7002/146
f 5121/7001/16 5123/7005/105 5122/7004/17
f 5124/7006/19 5123/7005/105 5121/7001/16
f 5124/7006/19 5125/7007/346 5123/7005/105
f 5126/7008/21 5125/7007/346 5124/7006/19
f 5126/7008/21 5127/7009/153 5125/7007/346
f 5126/7008/21 5128/7010/154 5127/7009/153
f 5129/7011/24 5128/7010/154 5126/7008/21
f 5129/7012/24 5130/7013/249 5128/7014/154
f 5131/7015/300 5130/7013/249 5129/7012/24
f 5131/7015/300 5132/7016/27 5130/7013/249
f 5131/7015/300 5133/7017/236 5132/7016/27
f 5134/7018/29 5133/7019/236 5131/7020/300
f 5134/7018/29 5135/7021/108 5133/7019/236
f 5136/7022/31 5135/7021/108 5134/7018/29
f 5136/7023/31 5137/7024/32 5135/7025/108
f 5136/7023/31 5138/7026/162 5137/7024/32
f 5139/7027/34 5138/7028/162 5136/7022/31
f 5139/7027/34 5140/7029/164 5138/7028/162
f 5141/7030/111 5140/7029/164 5139/7027/34
f 5141/7031/111 5111/6991/199 5140/7032/164
f 5141/7031/111 5110/6990/674 5111/6991/199
f 5120/7000/15 5110/6990/674 5141/7031/111
f 5142/7033/37 5120/7003/15 5141/7030/111
f 5143/7034/112 5120/7003/15 5142/7033/37
f 5143/7034/112 5121/7001/16 5120/7003/15
f 5143/7034/112 5124/7006/19 5121/7001/16
f 5144/7035/634 5124/7006/19 5143/7034/112
f 5144/7035/634 5126/7008/21 5124/7006/19
f 5144/7035/634 5129/7011/24 5126/7008/21
f 5145/7036/168 5129/7011/24 5144/7035/634
f 5145/7036/168 5131/7020/300 5129/7011/24
f 5145/7036/168 5134/7018/29 5131/7020/300
f 5146/7037/41 5134/7018/29 5145/7036/168
f 5146/7037/41 5136/7022/31 5134/7018/29
f 5146/7037/41 5139/7027/34 5136/7022/31
f 5142/7033/37 5139/7027/34 5146/7037/41
f 5142/7033/37 5141/7030/111 5139/7027/34
f 5147/7038/42 5142/7033/37 5146/7037/41
f 5147/7038/42 5143/7034/112 5142/7033/37
f 5147/7038/42 5144/7035/634 5143/7034/112
f 5147/7038/42 5145/7036/168 5144/7035/634
f 5147/7038/42 5146/7037/41 5145/7036/168
f 5112/6992/97 5140/7032/164 5111/6991/199
f 5148/7039/264 5140/7032/164 5112/6992/97
f 5148/7040/264 5138/7026/162 5140/7041/164
f 5149/7042/44 5138/7026/162 5148/7040/264
f 5149/7042/44 5137/7024/32 5138/7026/162
f 5137/7024/32 5149/7042/44 5150/7043/635
f 5149/7042/44 5151/7044/171 5150/7043/635
f 5149/7042/44 5152/7045/47 5151/7044/171
f 5152/7045/47 5149/7042/44 5148/7040/264
f 5152/7045/47 5148/7040/264 5113/7046/142
f 5113/6993/142 5148/7039/264 5112/6992/97
f 5153/7047/115 5152/7045/47 5113/7046/142
f 5152/7045/47 5153/7047/115 5154/7048/49
f 5155/7049/50 5154/7050/49 5153/7051/115
f 5156/7052/51 5154/7050/49 5155/7049/50
f 5156/7052/51 5157/7053/174 5154/7050/49
f 5158/7054/53 5157/7053/174 5156/7052/51
f 5158/7054/53 5159/7055/118 5157/7053/174
f 5158/7054/53 5160/7056/216 5159/7055/118
f 5161/7057/56 5160/7056/216 5158/7054/53
f 5161/7058/56 5162/7059/269 5160/7060/216
f 5163/7061/58 5162/7059/269 5161/7058/56
f 5163/7061/58 5164/7062/59 5162/7059/269
f 5163/7061/58 5165/7063/331 5164/7062/59
f 5166/7064/61 5165/7065/331 5163/7066/58
f 5166/7064/61 5167/7067/306 5165/7065/331
f 5168/7068/63 5167/7067/306 5166/7064/61
f 5168/7069/63 5169/7070/64 5167/7071/306
f 5168/7069/63 5170/7072/65 5169/7070/64
f 5171/7073/66 5170/7074/65 5168/7068/63
f 5171/7073/66 5172/7075/288 5170/7074/65
f 5173/7076/68 5172/7075/288 5171/7073/66
f 5173/7077/68 5116/6996/11 5172/7078/288
f 5173/7077/68 5115/6995/631 5116/6996/11
f 5174/7079/69 5115/6995/631 5173/7077/68
f 5174/7079/69 5114/6994/202 5115/6995/631
f 5155/7049/50 5114/7080/202 5174/7081/69
f 5155/7049/50 5153/7051/115 5114/7080/202
f 5113/6993/142 5114/6994/202 5153/7082/115
f 5175/7083/70 5155/7049/50 5174/7081/69
f 5175/7083/70 5156/7052/51 5155/7049/50
f 5176/7084/71 5156/7052/51 5175/7083/70
f 5176/7084/71 5158/7054/53 5156/7052/51
f 5176/7084/71 5161/7057/56 5158/7054/53
f 5177/7085/183 5161/7057/56 5176/7084/71
f 5177/7085/183 5163/7066/58 5161/7057/56
f 5177/7085/183 5166/7064/61 5163/7066/58
f 5178/7086/73 5166/7064/61 5177/7085/183
f 5178/7086/73 5168/7068/63 5166/7064/61
f 5178/7086/73 5171/7073/66 5168/7068/63
f 5179/7087/184 5171/7073/66 5178/7086/73
f 5179/7087/184 5173/7076/68 5171/7073/66
f 5179/7087/184 5174/7081/69 5173/7076/68
f 5175/7083/70 5174/7081/69 5179/7087/184
f 5180/7088/75 5175/7083/70 5179/7087/184
f 5180/7088/75 5176/7084/71 5175/7083/70
f 5180/7088/75 5177/7085/183 5176/7084/71
f 5180/7088/75 5178/7086/73 5177/7085/183
f 5180/7088/75 5179/7087/184 5178/7086/73
f 5117/6997/102 5172/7078/288 5116/6996/11
f 5181/7089/76 5172/7078/288 5117/6997/102
f 5181/7090/76 5170/7072/65 5172/7091/288
f 5182/7092/77 5170/7072/65 5181/7090/76
f 5182/7092/77 5169/7070/64 5170/7072/65
f 5169/7070/64 5182/7092/77 5183/7093/78
f 5182/7092/77 5184/7094/79 5183/7093/78
f 5182/7092/77 5185/7095/127 5184/7094/79
f 5185/7095/127 5182/7092/77 5181/7090/76
f 5185/7095/127 5181/7090/76 5118/7096/299
f 5118/6998/299 5181/7089/76 5117/6997/102
f 5122/7097/17 5185/7095/127 5118/7096/299
f 5185/7095/127 5122/7097/17 5123/7098/105
f 5185/7095/127 5123/7098/105 5184/7094/79
f 5184/7094/79 5123/7098/105 5125/7099/346
f 5184/7094/79 5125/7099/346 5186/7100/81
f 5186/7100/81 5125/7099/346 5127/7101/153
f 5127/7101/153 5187/7102/190 5186/7100/81
f 5187/7103/190 5127/7104/153 5128/7014/154
f 5187/7103/190 5128/7014/154 5188/7105/191
f 5188/7105/191 5128/7014/154 5130/7013/249
f 5188/7105/191 5130/7013/249 5189/7106/84
f 5189/7106/84 5130/7013/249 5132/7016/27
f 5132/7016/27 5190/7107/85 5189/7106/84
f 5190/7107/85 5132/7016/27 5133/7017/236
f 5190/7107/85 5133/7017/236 5191/7108/86
f 5191/7109/86 5133/7110/236 5135/7025/108
f 5191/7109/86 5135/7025/108 5150/7043/635
f 5150/7043/635 5135/7025/108 5137/7024/32
f 5192/7111/664 5191/7109/86 5150/7043/635
f 5193/7112/196 5191/7109/86 5192/7111/664
f 5193/7113/196 5190/7107/85 5191/7108/86
f 5190/7107/85 5193/7113/196 5194/7114/89
f 5193/7113/196 5160/7060/216 5194/7114/89
f 5193/7113/196 5159/7115/118 5160/7060/216
f 5159/7116/118 5193/7112/196 5192/7111/664
f 5192/7111/664 5157/7117/174 5159/7116/118
f 5151/7044/171 5157/7117/174 5192/7111/664
f 5151/7044/171 5154/7048/49 5157/7117/174
f 5152/7045/47 5154/7048/49 5151/7044/171
f 5150/7043/635 5151/7044/171 5192/7111/664
f 5194/7114/89 5160/7060/216 5162/7059/269
f 5194/7114/89 5162/7059/269 5195/7118/90
f 5195/7118/90 5162/7059/269 5164/7062/59
f 5164/7062/59 5196/7119/91 5195/7118/90
f 5196/7119/91 5164/7062/59 5165/7063/331
f 5196/7119/91 5165/7063/331 5197/7120/92
f 5197/7121/92 5165/7122/331 5167/7071/306
f 5197/7121/92 5167/7071/306 5183/7093/78
f 5183/7093/78 5167/7071/306 5169/7070/64
f 5186/7100/81 5197/7121/92 5183/7093/78
f 5187/7102/190 5197/7121/92 5186/7100/81
f 5187/7103/190 5196/7119/91 5197/7120/92
f 5196/7119/91 5187/7103/190 5188/7105/191
f 5196/7119/91 5188/7105/191 5195/7118/90
f 5195/7118/90 5188/7105/191 5189/7106/84
f 5189/7106/84 5194/7114/89 5195/7118/90
f 5190/7107/85 5194/7114/89 5189/7106/84
f 5183/7093/78 5184/7094/79 5186/7100/81
f 5118/6998/299 5119/6999/146 5122/7123/17
s 73
f 5198/7124/1 5199/7125/1417 5200/7126/139
f 5199/7125/1417 5198/7124/1 5201/7127/4
f 5198/7124/1 5202/7128/246 5201/7127/4
f 5198/7124/1 5203/7129/6 5202/7128/246
f 5203/7129/6 5198/7124/1 5204/7130/678
f 5198/7124/1 5200/7126/139 5204/7130/678
f 5204/7130/678 5200/7126/139 5205/7131/201
f 5200/7126/139 5206/7132/202 5205/7131/201
f 5200/7126/139 5207/7133/637 5206/7132/202
f 5199/7125/1417 5207/7133/637 5200/7126/139
f 5199/7125/1417 5208/7134/11 5207/7133/637
f 5208/7134/11 5199/7125/1417 5209/7135/676
f 5199/7125/1417 5201/7127/4 5209/7135/676
f 5209/7135/676 5201/7127/4 5210/7136/103
f 5201/7127/4 5211/7137/146 5210/7136/103
f 5201/7127/4 5202/7128/246 5211/7137/146
f 5212/7138/15 5211/7137/146 5202/7128/246
f 5213/7139/16 5211/7140/146 5212/7141/15
f 5213/7139/16 5214/7142/17 5211/7140/146
f 5213/7139/16 5215/7143/105 5214/7142/17
f 5216/7144/262 5215/7143/105 5213/7139/16
f 5216/7144/262 5217/7145/20 5215/7143/105
f 5218/7146/21 5217/7145/20 5216/7144/262
f 5218/7146/21 5219/7147/22 5217/7145/20
f 5218/7146/21 5220/7148/23 5219/7147/22
f 5221/7149/155 5220/7148/23 5218/7146/21
f 5221/7150/155 5222/7151/249 5220/7152/23
f 5223/7153/26 5222/7151/249 5221/7150/155
f 5223/7153/26 5224/7154/27 5222/7151/249
f 5223/7153/26 5225/7155/236 5224/7154/27
f 5226/7156/207 5225/7157/236 5223/7158/26
f 5226/7156/207 5227/7159/160 5225/7157/236
f 5228/7160/31 5227/7159/160 5226/7156/207
f 5228/7161/31 5229/7162/350 5227/7163/160
f 5228/7161/31 5230/7164/162 5229/7162/350
f 5231/7165/208 5230/7166/162 5228/7160/31
f 5231/7165/208 5232/7167/164 5230/7166/162
f 5233/7168/111 5232/7167/164 5231/7165/208
f 5233/7169/111 5203/7129/6 5232/7170/164
f 5233/7169/111 5202/7128/246 5203/7129/6
f 5212/7138/15 5202/7128/246 5233/7169/111
f 5234/7171/37 5212/7141/15 5233/7168/111
f 5235/7172/112 5212/7141/15 5234/7171/37
f 5235/7172/112 5213/7139/16 5212/7141/15
f 5235/7172/112 5216/7144/262 5213/7139/16
f 5236/7173/113 5216/7144/262 5235/7172/112
f 5236/7173/113 5218/7146/21 5216/7144/262
f 5236/7173/113 5221/7149/155 5218/7146/21
f 5237/7174/40 5221/7149/155 5236/7173/113
f 5237/7174/40 5223/7158/26 5221/7149/155
f 5237/7174/40 5226/7156/207 5223/7158/26
f 5238/7175/41 5226/7156/207 5237/7174/40
f 5238/7175/41 5228/7160/31 5226/7156/207
f 5238/7175/41 5231/7165/208 5228/7160/31
f 5234/7171/37 5231/7165/208 5238/7175/41
f 5234/7171/37 5233/7168/111 5231/7165/208
f 5239/7176/42 5234/7171/37 5238/7175/41
f 5239/7176/42 5235/7172/112 5234/7171/37
f 5239/7176/42 5236/7173/113 5235/7172/112
f 5239/7176/42 5237/7174/40 5236/7173/113
f 5239/7176/42 5238/7175/41 5237/7174/40
f 5204/7130/678 5232/7170/164 5203/7129/6
f 5240/7177/264 5232/7170/164 5204/7130/678
f 5240/7178/264 5230/7164/162 5232/7179/164
f 5241/7180/169 5230/7164/162 5240/7178/264
f 5241/7180/169 5229/7162/350 5230/7164/162
f 5229/7162/350 5241/7180/169 5242/7181/279
f 5241/7180/169 5243/7182/666 5242/7181/279
f 5241/7180/169 5244/7183/214 5243/7182/666
f 5244/7183/214 5241/7180/169 5240/7178/264
f 5244/7183/214 5240/7178/264 5205/7184/201
f 5205/7131/201 5240/7177/264 5204/7130/678
f 5245/7185/115 5244/7183/214 5205/7184/201
f 5244/7183/214 5245/7185/115 5246/7186/49
f 5247/7187/50 5246/7188/49 5245/7189/115
f 5248/7190/173 5246/7188/49 5247/7187/50
f 5248/7190/173 5249/7191/174 5246/7188/49
f 5250/7192/53 5249/7191/174 5248/7190/173
f 5250/7192/53 5251/7193/118 5249/7191/174
f 5250/7192/53 5252/7194/267 5251/7193/118
f 5253/7195/176 5252/7194/267 5250/7192/53
f 5253/7196/176 5254/7197/269 5252/7198/267
f 5255/7199/58 5254/7197/269 5253/7196/176
f 5255/7199/58 5256/7200/59 5254/7197/269
f 5255/7199/58 5257/7201/60 5256/7200/59
f 5258/7202/218 5257/7203/60 5255/7204/58
f 5258/7202/218 5259/7205/178 5257/7203/60
f 5260/7206/63 5259/7205/178 5258/7202/218
f 5260/7207/63 5261/7208/64 5259/7209/178
f 5260/7207/63 5262/7210/220 5261/7208/64
f 5263/7211/221 5262/7212/220 5260/7206/63
f 5263/7211/221 5264/7213/122 5262/7212/220
f 5265/7214/68 5264/7213/122 5263/7211/221
f 5265/7215/68 5208/7134/11 5264/7216/122
f 5265/7215/68 5207/7133/637 5208/7134/11
f 5266/7217/222 5207/7133/637 5265/7215/68
f 5266/7217/222 5206/7132/202 5207/7133/637
f 5247/7187/50 5206/7218/202 5266/7219/222
f 5247/7187/50 5245/7189/115 5206/7218/202
f 5205/7131/201 5206/7132/202 5245/7220/115
f 5267/7221/70 5247/7187/50 5266/7219/222
f 5267/7221/70 5248/7190/173 5247/7187/50
f 5268/7222/71 5248/7190/173 5267/7221/70
f 5268/7222/71 5250/7192/53 5248/7190/173
f 5268/7222/71 5253/7195/176 5250/7192/53
f 5269/7223/72 5253/7195/176 5268/7222/71
f 5269/7223/72 5255/7204/58 5253/7195/176
f 5269/7223/72 5258/7202/218 5255/7204/58
f 5270/7224/73 5258/7202/218 5269/7223/72
f 5270/7224/73 5260/7206/63 5258/7202/218
f 5270/7224/73 5263/7211/221 5260/7206/63
f 5271/7225/74 5263/7211/221 5270/7224/73
f 5271/7225/74 5265/7214/68 5263/7211/221
f 5271/7225/74 5266/7219/222 5265/7214/68
f 5267/7221/70 5266/7219/222 5271/7225/74
f 5272/7226/75 5267/7221/70 5271/7225/74
f 5272/7226/75 5268/7222/71 5267/7221/70
f 5272/7226/75 5269/7223/72 5268/7222/71
f 5272/7226/75 5270/7224/73 5269/7223/72
f 5272/7226/75 5271/7225/74 5270/7224/73
f 5209/7135/676 5264/7216/122 5208/7134/11
f 5273/7227/76 5264/7216/122 5209/7135/676
f 5273/7228/76 5262/7210/220 5264/7229/122
f 5274/7230/224 5262/7210/220 5273/7228/76
f 5274/7230/224 5261/7208/64 5262/7210/220
f 5261/7208/64 5274/7230/224 5275/7231/126
f 5274/7230/224 5276/7232/79 5275/7231/126
f 5274/7230/224 5277/7233/80 5276/7232/79
f 5277/7233/80 5274/7230/224 5273/7228/76
f 5277/7233/80 5273/7228/76 5210/7234/103
f 5210/7136/103 5273/7227/76 5209/7135/676
f 5214/7235/17 5277/7233/80 5210/7234/103
f 5277/7233/80 5214/7235/17 5215/7236/105
f 5277/7233/80 5215/7236/105 5276/7232/79
f 5276/7232/79 5215/7236/105 5217/7237/20
f 5276/7232/79 5217/7237/20 5278/7238/128
f 5278/7238/128 5217/7237/20 5219/7239/22
f 5219/7239/22 5279/7240/82 5278/7238/128
f 5279/7241/82 5219/7242/22 5220/7152/23
f 5279/7241/82 5220/7152/23 5280/7243/83
f 5280/7243/83 5220/7152/23 5222/7151/249
f 5280/7243/83 5222/7151/249 5281/7244/84
f 5281/7244/84 5222/7151/249 5224/7154/27
f 5224/7154/27 5282/7245/85 5281/7244/84
f 5282/7245/85 5224/7154/27 5225/7155/236
f 5282/7245/85 5225/7155/236 5283/7246/86
f 5283/7247/86 5225/7248/236 5227/7163/160
f 5283/7247/86 5227/7163/160 5242/7181/279
f 5242/7181/279 5227/7163/160 5229/7162/350
f 5284/7249/87 5283/7247/86 5242/7181/279
f 5285/7250/196 5283/7247/86 5284/7249/87
f 5285/7251/196 5282/7245/85 5283/7246/86
f 5282/7245/85 5285/7251/196 5286/7252/630
f 5285/7251/196 5252/7198/267 5286/7252/630
f 5285/7251/196 5251/7253/118 5252/7198/267
f 5251/7254/118 5285/7250/196 5284/7249/87
f 5284/7249/87 5249/7255/174 5251/7254/118
f 5243/7182/666 5249/7255/174 5284/7249/87
f 5243/7182/666 5246/7186/49 5249/7255/174
f 5244/7183/214 5246/7186/49 5243/7182/666
f 5242/7181/279 5243/7182/666 5284/7249/87
f 5286/7252/630 5252/7198/267 5254/7197/269
f 5286/7252/630 5254/7197/269 5287/7256/90
f 5287/7256/90 5254/7197/269 5256/7200/59
f 5256/7200/59 5288/7257/136 5287/7256/90
f 5288/7257/136 5256/7200/59 5257/7201/60
f 5288/7257/136 5257/7201/60 5289/7258/92
f 5289/7259/92 5257/7260/60 5259/7209/178
f 5289/7259/92 5259/7209/178 5275/7231/126
f 5275/7231/126 5259/7209/178 5261/7208/64
f 5278/7238/128 5289/7259/92 5275/7231/126
f 5279/7240/82 5289/7259/92 5278/7238/128
f 5279/7241/82 5288/7257/136 5289/7258/92
f 5288/7257/136 5279/7241/82 5280/7243/83
f 5288/7257/136 5280/7243/83 5287/7256/90
f 5287/7256/90 5280/7243/83 5281/7244/84
f 5281/7244/84 5286/7252/630 5287/7256/90
f 5282/7245/85 5286/7252/630 5281/7244/84
f 5275/7231/126 5276/7232/79 5278/7238/128
f 5210/7136/103 5211/7137/146 5214/7261/17
usemtl FrontColor.001
s 1
f 1/7262/424 2/7263/1418 3/7264/1419 4/7265/583
f 5/7266/425 6/7267/1420 2/7263/1418 1/7262/424
f 7/7268/426 8/7269/1421 6/7270/1420 5/7271/425
f 9/7272/427 10/7273/1422 8/7269/1421 7/7268/426
f 11/7274/309 12/7275/1423 10/7273/1422 9/7272/427
f 13/7276/428 14/7277/1424 12/7275/1423 11/7274/309
f 15/7278/429 16/7279/1425 14/7277/1424 13/7276/428
f 17/7280/430 18/7281/1426 16/7279/1425 15/7278/429
f 19/7282/431 20/7283/1427 18/7284/1426 17/7285/430
f 21/7286/581 22/7287/1428 20/7283/1427 19/7282/431
f 23/7288/582 24/7289/1429 22/7287/1428 21/7286/581
f 25/7290/410 26/7291/1430 24/7289/1429 23/7288/582
f 27/7292/412 28/7293/1431 26/7291/1430 25/7290/410
f 29/7294/413 30/7295/1432 28/7293/1431 27/7292/412
f 31/7296/414 32/7297/1433 30/7298/1432 29/7299/413
f 33/7300/415 34/7301/1434 32/7297/1433 31/7296/414
f 35/7302/326 36/7303/1435 34/7301/1434 33/7300/415
f 37/7304/416 38/7305/1436 36/7303/1435 35/7302/326
f 39/7306/417 40/7307/1437 38/7305/1436 37/7304/416
f 41/7308/418 42/7309/1438 40/7307/1437 39/7306/417
f 43/7310/419 44/7311/1439 42/7312/1438 41/7313/418
f 45/7314/420 46/7315/1440 44/7311/1439 43/7310/419
f 47/7316/317 48/7317/1441 46/7315/1440 45/7314/420
f 4/7265/583 3/7264/1419 48/7317/1441 47/7316/317
f 48/7317/1441 3/7264/1419 49/7318/1442 50/7319/1443
f 3/7264/1419 2/7263/1418 51/7320/1444 49/7318/1442
f 2/7263/1418 6/7267/1420 52/7321/1445 51/7320/1444
f 6/7270/1420 8/7269/1421 53/7322/1446 52/7323/1445
f 8/7269/1421 10/7273/1422 54/7324/1447 53/7322/1446
f 10/7273/1422 12/7275/1423 55/7325/1448 54/7324/1447
f 12/7275/1423 14/7277/1424 56/7326/1449 55/7325/1448
f 14/7277/1424 16/7279/1425 57/7327/1450 56/7326/1449
f 16/7279/1425 18/7281/1426 58/7328/1451 57/7327/1450
f 18/7284/1426 20/7283/1427 59/7329/875 58/7330/1451
f 20/7283/1427 22/7287/1428 60/7331/874 59/7329/875
f 22/7287/1428 24/7289/1429 61/7332/873 60/7331/874
f 24/7289/1429 26/7291/1430 62/7333/872 61/7332/873
f 26/7291/1430 28/7293/1431 63/7334/703 62/7333/872
f 28/7293/1431 30/7295/1432 64/7335/1452 63/7334/703
f 30/7298/1432 32/7297/1433 65/7336/1453 64/7337/1452
f 32/7297/1433 34/7301/1434 66/7338/1454 65/7336/1453
f 34/7301/1434 36/7303/1435 67/7339/1455 66/7338/1454
f 36/7303/1435 38/7305/1436 68/7340/1456 67/7339/1455
f 38/7305/1436 40/7307/1437 69/7341/1457 68/7340/1456
f 40/7307/1437 42/7309/1438 70/7342/1458 69/7341/1457
f 42/7312/1438 44/7311/1439 71/7343/1459 70/7344/1458
f 44/7311/1439 46/7315/1440 72/7345/1460 71/7343/1459
f 46/7315/1440 48/7317/1441 50/7319/1443 72/7345/1460
f 72/7346/1460 50/7347/1443 73/7348/1461 74/7349/1462
f 50/7347/1443 49/7350/1442 75/7351/1463 73/7348/1461
f 49/7350/1442 51/7352/1444 76/7353/928 75/7351/1463
f 51/7352/1444 52/7354/1445 77/7355/1464 76/7353/928
f 52/7354/1445 53/7356/1446 78/7357/926 77/7355/1464
f 53/7356/1446 54/7358/1447 79/7359/925 78/7357/926
f 54/7358/1447 55/7360/1448 80/7361/1465 79/7359/925
f 55/7360/1448 56/7362/1449 81/7363/923 80/7361/1465
f 56/7362/1449 57/7364/1450 82/7365/922 81/7363/923
f 57/7364/1450 58/7366/1451 83/7367/921 82/7365/922
f 58/7366/1451 59/7368/875 84/7369/1466 83/7367/921
f 59/7368/875 60/7370/874 85/7371/1467 84/7369/1466
f 60/7370/874 61/7372/873 86/7373/1468 85/7371/1467
f 61/7372/873 62/7374/872 87/7375/1469 86/7373/1468
f 62/7374/872 63/7376/703 88/7377/1470 87/7375/1469
f 63/7376/703 64/7378/1452 89/7379/698 88/7377/1470
f 64/7378/1452 65/7380/1453 90/7381/894 89/7379/698
f 65/7380/1453 66/7382/1454 91/7383/937 90/7381/894
f 66/7382/1454 67/7384/1455 92/7385/1471 91/7383/937
f 67/7384/1455 68/7386/1456 93/7387/935 92/7385/1471
f 68/7386/1456 69/7388/1457 94/7389/934 93/7387/935
f 69/7388/1457 70/7390/1458 95/7391/1472 94/7389/934
f 70/7390/1458 71/7392/1459 96/7393/932 95/7391/1472
f 71/7392/1459 72/7346/1460 74/7349/1462 96/7393/932
f 96/7393/932 74/7349/1462 97/7394/1473 98/7395/1474
f 74/7349/1462 73/7348/1461 99/7396/1475 97/7394/1473
f 73/7348/1461 75/7351/1463 100/7397/1476 99/7396/1475
f 75/7351/1463 76/7353/928 101/7398/1477 100/7397/1476
f 76/7353/928 77/7355/1464 102/7399/1478 101/7398/1477
f 77/7355/1464 78/7357/926 103/7400/1479 102/7399/1478
f 78/7357/926 79/7359/925 104/7401/1480 103/7400/1479
f 79/7359/925 80/7361/1465 105/7402/1481 104/7401/1480
f 80/7361/1465 81/7363/923 106/7403/1482 105/7402/1481
f 81/7363/923 82/7365/922 107/7404/1483 106/7403/1482
f 82/7365/922 83/7367/921 108/7405/1484 107/7404/1483
f 83/7367/921 84/7369/1466 109/7406/1485 108/7405/1484
f 84/7369/1466 85/7371/1467 110/7407/914 109/7406/1485
f 85/7371/1467 86/7373/1468 111/7408/1486 110/7407/914
f 86/7373/1468 87/7375/1469 112/7409/1487 111/7408/1486
f 87/7375/1469 88/7377/1470 113/7410/1488 112/7409/1487
f 88/7377/1470 89/7379/698 114/7411/1489 113/7410/1488
f 89/7379/698 90/7381/894 115/7412/1490 114/7411/1489
f 90/7381/894 91/7383/937 116/7413/1491 115/7412/1490
f 91/7383/937 92/7385/1471 117/7414/1492 116/7413/1491
f 92/7385/1471 93/7387/935 118/7415/1493 117/7414/1492
f 93/7387/935 94/7389/934 119/7416/1494 118/7415/1493
f 94/7389/934 95/7391/1472 120/7417/1495 119/7416/1494
f 95/7391/1472 96/7393/932 98/7395/1474 120/7417/1495
f 121/7418/1496 120/7417/1495 98/7395/1474
f 122/7419/1497 120/7417/1495 121/7418/1496
f 122/7419/1497 119/7416/1494 120/7417/1495
f 123/7420/1498 119/7416/1494 122/7419/1497
f 123/7420/1498 118/7415/1493 119/7416/1494
f 124/7421/1499 118/7415/1493 123/7420/1498
f 124/7421/1499 117/7414/1492 118/7415/1493
f 117/7414/1492 124/7421/1499 125/7422/1500
f 125/7422/1500 124/7421/1499 126/7423/1501 127/7424/1502
f 124/7421/1499 123/7420/1498 128/7425/1503 126/7423/1501
f 123/7420/1498 122/7419/1497 129/7426/1504 128/7425/1503
f 122/7419/1497 121/7418/1496 130/7427/1505 129/7426/1504
f 121/7418/1496 131/7428/1506 132/7429/1507 130/7427/1505
f 121/7418/1496 98/7395/1474 131/7428/1506
f 131/7428/1506 98/7395/1474 97/7394/1473
f 131/7428/1506 97/7394/1473 133/7430/1508
f 133/7430/1508 97/7394/1473 99/7396/1475
f 133/7430/1508 99/7396/1475 100/7397/1476
f 133/7430/1508 100/7397/1476 134/7431/1509
f 134/7431/1509 100/7397/1476 101/7398/1477
f 134/7431/1509 101/7398/1477 135/7432/1510
f 135/7432/1510 101/7398/1477 102/7399/1478
f 135/7432/1510 102/7399/1478 136/7433/1511
f 136/7433/1511 102/7399/1478 103/7400/1479
f 136/7433/1511 103/7400/1479 137/7434/1512
f 137/7434/1512 103/7400/1479 104/7401/1480
f 137/7434/1512 104/7401/1480 138/7435/1513
f 138/7435/1513 104/7401/1480 105/7402/1481
f 138/7435/1513 105/7402/1481 139/7436/1514
f 105/7402/1481 140/7437/1515 139/7436/1514
f 106/7403/1482 140/7437/1515 105/7402/1481
f 106/7403/1482 141/7438/1516 140/7437/1515
f 107/7404/1483 141/7438/1516 106/7403/1482
f 107/7404/1483 142/7439/1517 141/7438/1516
f 108/7405/1484 142/7439/1517 107/7404/1483
f 108/7405/1484 143/7440/1518 142/7439/1517
f 109/7406/1485 143/7440/1518 108/7405/1484
f 109/7406/1485 144/7441/1519 143/7440/1518
f 110/7407/914 144/7441/1519 109/7406/1485
f 111/7408/1486 144/7441/1519 110/7407/914
f 111/7408/1486 145/7442/1520 144/7441/1519
f 112/7409/1487 145/7442/1520 111/7408/1486
f 112/7409/1487 146/7443/1521 145/7442/1520
f 113/7410/1488 146/7443/1521 112/7409/1487
f 113/7410/1488 147/7444/1522 146/7443/1521
f 114/7411/1489 147/7444/1522 113/7410/1488
f 114/7411/1489 148/7445/1523 147/7444/1522
f 115/7412/1490 148/7445/1523 114/7411/1489
f 115/7412/1490 149/7446/1524 148/7445/1523
f 116/7413/1491 149/7446/1524 115/7412/1490
f 116/7413/1491 150/7447/1525 149/7446/1524
f 117/7414/1492 150/7447/1525 116/7413/1491
f 150/7447/1525 117/7414/1492 125/7422/1500
f 150/7447/1525 125/7422/1500 127/7424/1502 151/7448/1526
f 151/7449/1526 127/7450/1502 152/7451/1527 153/7452/1528
f 127/7450/1502 126/7453/1501 154/7454/1529 152/7451/1527
f 126/7453/1501 128/7455/1503 155/7456/1530 154/7454/1529
f 128/7425/1503 129/7426/1504 156/7457/1531 155/7458/1530
f 129/7426/1504 130/7427/1505 157/7459/1532 156/7457/1531
f 130/7460/1505 132/7461/1507 158/7462/1533 157/7463/1532
f 132/7461/1507 159/7464/1534 160/7465/1535 158/7462/1533
f 131/7428/1506 133/7430/1508 159/7466/1534 132/7429/1507
f 133/7430/1508 134/7431/1509 161/7467/1536 159/7466/1534
f 134/7431/1509 135/7432/1510 162/7468/1537 161/7467/1536
f 135/7432/1510 136/7433/1511 163/7469/1538 162/7468/1537
f 136/7433/1511 137/7434/1512 164/7470/1539 163/7469/1538
f 137/7434/1512 138/7435/1513 165/7471/1540 164/7470/1539
f 138/7435/1513 139/7436/1514 166/7472/1541 165/7471/1540
f 139/7436/1514 140/7437/1515 167/7473/1542 166/7472/1541
f 140/7437/1515 141/7438/1516 168/7474/1543 167/7473/1542
f 141/7438/1516 142/7439/1517 169/7475/1544 168/7474/1543
f 142/7439/1517 143/7440/1518 170/7476/1545 169/7475/1544
f 143/7440/1518 144/7441/1519 171/7477/1546 170/7476/1545
f 144/7441/1519 145/7442/1520 172/7478/1547 171/7477/1546
f 145/7442/1520 146/7443/1521 173/7479/1548 172/7478/1547
f 146/7443/1521 147/7444/1522 174/7480/1549 173/7479/1548
f 147/7444/1522 148/7445/1523 175/7481/1550 174/7480/1549
f 148/7445/1523 149/7446/1524 176/7482/1551 175/7481/1550
f 149/7446/1524 150/7447/1525 151/7448/1526 176/7482/1551
f 176/7483/1551 151/7449/1526 153/7452/1528 177/7484/1552
f 177/7484/1552 153/7452/1528 178/7485/1553 179/7486/1554
f 153/7452/1528 152/7451/1527 180/7487/1555 178/7485/1553
f 152/7451/1527 154/7454/1529 181/7488/1556 180/7487/1555
f 154/7454/1529 155/7456/1530 182/7489/1557 181/7488/1556
f 155/7456/1530 156/7490/1531 183/7491/1558 182/7489/1557
f 156/7492/1531 157/7463/1532 184/7493/1559 183/7494/1558
f 157/7463/1532 158/7462/1533 185/7495/1560 184/7493/1559
f 158/7462/1533 160/7465/1535 186/7496/1561 185/7495/1560
f 160/7465/1535 187/7497/1562 188/7498/1563 186/7496/1561
f 159/7464/1534 161/7499/1536 187/7497/1562 160/7465/1535
f 161/7499/1536 162/7500/1537 189/7501/1564 187/7497/1562
f 162/7468/1537 163/7469/1538 190/7502/1565 189/7503/1564
f 163/7469/1538 164/7470/1539 191/7504/1566 190/7502/1565
f 164/7505/1539 165/7506/1540 192/7507/1567 191/7508/1566
f 165/7506/1540 166/7509/1541 193/7510/1568 192/7507/1567
f 166/7509/1541 167/7511/1542 194/7512/1569 193/7510/1568
f 167/7511/1542 168/7513/1543 195/7514/1570 194/7512/1569
f 168/7474/1543 169/7475/1544 196/7515/1571 195/7516/1570
f 169/7475/1544 170/7476/1545 197/7517/1572 196/7515/1571
f 170/7518/1545 171/7519/1546 198/7520/1573 197/7521/1572
f 171/7519/1546 172/7522/1547 199/7523/1574 198/7520/1573
f 172/7522/1547 173/7524/1548 200/7525/1575 199/7523/1574
f 173/7524/1548 174/7526/1549 201/7527/1576 200/7525/1575
f 174/7480/1549 175/7481/1550 202/7528/1577 201/7529/1576
f 175/7481/1550 176/7482/1551 177/7530/1552 202/7528/1577
f 202/7531/1577 177/7484/1552 179/7486/1554 203/7532/1578
f 204/7533/1579 203/7532/1578 179/7486/1554 205/7534/1580
f 206/7535/1581 207/7536/1582 203/7537/1578 204/7538/1579
f 208/7539/1583 209/7540/1584 207/7536/1582 206/7535/1581
f 210/7541/1585 211/7542/1586 209/7540/1584 208/7539/1583
f 212/7543/1587 213/7544/1588 211/7542/1586 210/7541/1585
f 214/7545/1589 215/7546/1590 213/7544/1588 212/7543/1587
f 216/7547/1591 217/7548/1592 215/7546/1590 214/7545/1589
f 218/7549/1593 219/7550/1594 217/7551/1592 216/7552/1591
f 220/7553/1595 221/7554/1596 219/7550/1594 218/7549/1593
f 222/7555/1597 223/7556/1598 221/7554/1596 220/7553/1595
f 224/7557/1599 225/7558/1600 223/7556/1598 222/7555/1597
f 226/7559/1601 227/7560/1602 225/7558/1600 224/7557/1599
f 228/7561/1603 229/7562/1604 227/7560/1602 226/7559/1601
f 230/7563/1605 231/7564/1606 229/7565/1604 228/7566/1603
f 232/7567/1607 188/7498/1563 231/7564/1606 230/7563/1605
f 233/7568/1608 186/7496/1561 188/7498/1563 232/7567/1607
f 234/7569/1609 185/7495/1560 186/7496/1561 233/7568/1608
f 235/7570/1610 184/7493/1559 185/7495/1560 234/7569/1609
f 236/7571/1611 183/7494/1558 184/7493/1559 235/7570/1610
f 237/7572/1612 182/7489/1557 183/7491/1558 236/7573/1611
f 238/7574/1613 181/7488/1556 182/7489/1557 237/7572/1612
f 239/7575/1614 180/7487/1555 181/7488/1556 238/7574/1613
f 240/7576/1615 178/7485/1553 180/7487/1555 239/7575/1614
f 205/7534/1580 179/7486/1554 178/7485/1553 240/7576/1615
f 241/7577/1616 205/7534/1580 240/7576/1615 242/7578/1617
f 243/7579/1618 204/7533/1579 205/7534/1580 241/7577/1616
f 244/7580/1619 206/7535/1581 204/7538/1579 243/7581/1618
f 245/7582/1620 208/7539/1583 206/7535/1581 244/7580/1619
f 246/7583/1621 210/7541/1585 208/7539/1583 245/7582/1620
f 247/7584/1622 212/7543/1587 210/7541/1585 246/7583/1621
f 248/7585/1623 214/7545/1589 212/7543/1587 247/7584/1622
f 249/7586/1624 216/7547/1591 214/7545/1589 248/7585/1623
f 250/7587/1625 218/7549/1593 216/7552/1591 249/7588/1624
f 251/7589/1626 220/7553/1595 218/7549/1593 250/7587/1625
f 252/7590/1627 222/7555/1597 220/7553/1595 251/7589/1626
f 253/7591/1628 224/7557/1599 222/7555/1597 252/7590/1627
f 254/7592/1629 226/7559/1601 224/7557/1599 253/7591/1628
f 255/7593/1630 228/7561/1603 226/7559/1601 254/7592/1629
f 256/7594/1631 230/7563/1605 228/7566/1603 255/7595/1630
f 257/7596/1632 232/7567/1607 230/7563/1605 256/7594/1631
f 258/7597/1633 233/7568/1608 232/7567/1607 257/7596/1632
f 259/7598/1634 234/7569/1609 233/7568/1608 258/7597/1633
f 260/7599/1635 235/7570/1610 234/7569/1609 259/7598/1634
f 261/7600/1636 236/7571/1611 235/7570/1610 260/7599/1635
f 262/7601/1637 237/7572/1612 236/7573/1611 261/7602/1636
f 263/7603/1638 238/7574/1613 237/7572/1612 262/7601/1637
f 264/7604/1639 239/7575/1614 238/7574/1613 263/7603/1638
f 242/7578/1617 240/7576/1615 239/7575/1614 264/7604/1639
f 265/7605/1640 242/7578/1617 264/7604/1639 266/7606/1641
f 267/7607/1642 241/7577/1616 242/7578/1617 265/7605/1640
f 268/7608/1643 243/7579/1618 241/7577/1616 267/7607/1642
f 269/7609/1644 244/7580/1619 243/7581/1618 268/7610/1643
f 270/7611/1645 245/7582/1620 244/7580/1619 269/7609/1644
f 271/7612/1646 246/7583/1621 245/7582/1620 270/7611/1645
f 272/7613/1647 247/7584/1622 246/7583/1621 271/7612/1646
f 273/7614/1648 248/7585/1623 247/7584/1622 272/7613/1647
f 274/7615/1649 249/7586/1624 248/7585/1623 273/7614/1648
f 275/7616/1650 250/7587/1625 249/7588/1624 274/7617/1649
f 276/7618/1651 251/7589/1626 250/7587/1625 275/7616/1650
f 277/7619/1652 252/7590/1627 251/7589/1626 276/7618/1651
f 278/7620/1653 253/7591/1628 252/7590/1627 277/7619/1652
f 279/7621/1654 254/7592/1629 253/7591/1628 278/7620/1653
f 280/7622/1655 255/7593/1630 254/7592/1629 279/7621/1654
f 281/7623/1656 256/7594/1631 255/7595/1630 280/7624/1655
f 282/7625/1657 257/7596/1632 256/7594/1631 281/7623/1656
f 283/7626/1658 258/7597/1633 257/7596/1632 282/7625/1657
f 284/7627/1659 259/7598/1634 258/7597/1633 283/7626/1658
f 285/7628/1660 260/7599/1635 259/7598/1634 284/7627/1659
f 286/7629/1661 261/7600/1636 260/7599/1635 285/7628/1660
f 287/7630/1662 262/7601/1637 261/7602/1636 286/7631/1661
f 288/7632/1663 263/7603/1638 262/7601/1637 287/7630/1662
f 266/7606/1641 264/7604/1639 263/7603/1638 288/7632/1663
f 289/7633/1664 266/7606/1641 288/7632/1663 290/7634/1665
f 291/7635/1666 265/7605/1640 266/7606/1641 289/7633/1664
f 292/7636/1667 267/7607/1642 265/7605/1640 291/7635/1666
f 293/7637/1668 268/7608/1643 267/7607/1642 292/7636/1667
f 294/7638/1669 269/7609/1644 268/7610/1643 293/7639/1668
f 295/7640/1670 270/7611/1645 269/7609/1644 294/7638/1669
f 296/7641/1671 271/7612/1646 270/7611/1645 295/7640/1670
f 297/7642/1672 272/7613/1647 271/7612/1646 296/7641/1671
f 298/7643/1673 273/7614/1648 272/7613/1647 297/7642/1672
f 299/7644/1674 274/7615/1649 273/7614/1648 298/7643/1673
f 300/7645/1675 275/7616/1650 274/7617/1649 299/7646/1674
f 301/7647/1676 276/7618/1651 275/7616/1650 300/7645/1675
f 302/7648/1677 277/7619/1652 276/7618/1651 301/7647/1676
f 303/7649/1678 278/7620/1653 277/7619/1652 302/7648/1677
f 304/7650/1679 279/7621/1654 278/7620/1653 303/7649/1678
f 305/7651/1680 280/7622/1655 279/7621/1654 304/7650/1679
f 306/7652/1681 281/7623/1656 280/7624/1655 305/7653/1680
f 307/7654/1682 282/7625/1657 281/7623/1656 306/7652/1681
f 308/7655/1683 283/7626/1658 282/7625/1657 307/7654/1682
f 309/7656/1684 284/7627/1659 283/7626/1658 308/7655/1683
f 310/7657/1685 285/7628/1660 284/7627/1659 309/7656/1684
f 311/7658/1686 286/7629/1661 285/7628/1660 310/7657/1685
f 312/7659/1687 287/7630/1662 286/7631/1661 311/7660/1686
f 290/7634/1665 288/7632/1663 287/7630/1662 312/7659/1687
f 313/7661/1688 290/7634/1665 312/7659/1687 314/7662/1689
f 315/7663/1690 289/7633/1664 290/7634/1665 313/7661/1688
f 316/7664/1691 291/7635/1666 289/7633/1664 315/7663/1690
f 317/7665/1692 292/7636/1667 291/7635/1666 316/7664/1691
f 318/7666/1693 293/7637/1668 292/7636/1667 317/7665/1692
f 319/7667/1694 294/7638/1669 293/7639/1668 318/7668/1693
f 320/7669/1695 295/7640/1670 294/7638/1669 319/7667/1694
f 321/7670/1696 296/7641/1671 295/7640/1670 320/7669/1695
f 322/7671/1697 297/7642/1672 296/7641/1671 321/7670/1696
f 323/7672/1698 298/7643/1673 297/7642/1672 322/7671/1697
f 324/7673/1699 299/7644/1674 298/7643/1673 323/7672/1698
f 325/7674/1700 300/7645/1675 299/7646/1674 324/7675/1699
f 326/7676/1701 301/7647/1676 300/7645/1675 325/7674/1700
f 327/7677/1702 302/7648/1677 301/7647/1676 326/7676/1701
f 328/7678/1703 303/7649/1678 302/7648/1677 327/7677/1702
f 329/7679/1704 304/7650/1679 303/7649/1678 328/7678/1703
f 330/7680/1705 305/7651/1680 304/7650/1679 329/7679/1704
f 331/7681/1706 306/7652/1681 305/7653/1680 330/7682/1705
f 332/7683/1707 307/7654/1682 306/7652/1681 331/7681/1706
f 333/7684/1708 308/7655/1683 307/7654/1682 332/7683/1707
f 334/7685/1709 309/7656/1684 308/7655/1683 333/7684/1708
f 335/7686/1710 310/7657/1685 309/7656/1684 334/7685/1709
f 336/7687/1711 311/7658/1686 310/7657/1685 335/7686/1710
f 314/7662/1689 312/7659/1687 311/7660/1686 336/7688/1711
f 337/7689/1712 314/7662/1689 336/7688/1711 338/7690/1713
f 339/7691/1714 313/7661/1688 314/7662/1689 337/7689/1712
f 340/7692/1715 315/7663/1690 313/7661/1688 339/7691/1714
f 341/7693/1716 316/7664/1691 315/7663/1690 340/7692/1715
f 342/7694/1717 317/7665/1692 316/7664/1691 341/7693/1716
f 343/7695/1718 318/7666/1693 317/7665/1692 342/7694/1717
f 344/7696/1719 319/7667/1694 318/7668/1693 343/7697/1718
f 345/7698/1720 320/7669/1695 319/7667/1694 344/7696/1719
f 346/7699/1721 321/7670/1696 320/7669/1695 345/7698/1720
f 347/7700/1722 322/7671/1697 321/7670/1696 346/7699/1721
f 348/7701/1723 323/7672/1698 322/7671/1697 347/7700/1722
f 349/7702/1724 324/7673/1699 323/7672/1698 348/7701/1723
f 350/7703/1725 325/7674/1700 324/7675/1699 349/7704/1724
f 351/7705/1726 326/7676/1701 325/7674/1700 350/7703/1725
f 352/7706/1727 327/7677/1702 326/7676/1701 351/7705/1726
f 353/7707/1728 328/7678/1703 327/7677/1702 352/7706/1727
f 354/7708/1729 329/7679/1704 328/7678/1703 353/7707/1728
f 355/7709/1730 330/7680/1705 329/7679/1704 354/7708/1729
f 356/7710/1731 331/7681/1706 330/7682/1705 355/7711/1730
f 357/7712/1732 332/7683/1707 331/7681/1706 356/7710/1731
f 358/7713/1733 333/7684/1708 332/7683/1707 357/7712/1732
f 359/7714/1734 334/7685/1709 333/7684/1708 358/7713/1733
f 360/7715/1735 335/7686/1710 334/7685/1709 359/7714/1734
f 338/7716/1713 336/7687/1711 335/7686/1710 360/7715/1735
f 361/7717/1736 338/7716/1713 360/7715/1735 362/7718/1737
f 363/7719/1738 337/7689/1712 338/7690/1713 361/7720/1736
f 364/7721/1739 339/7691/1714 337/7689/1712 363/7719/1738
f 365/7722/1740 340/7692/1715 339/7691/1714 364/7721/1739
f 366/7723/1741 341/7693/1716 340/7692/1715 365/7722/1740
f 367/7724/1742 342/7694/1717 341/7693/1716 366/7723/1741
f 368/7725/1743 343/7695/1718 342/7694/1717 367/7724/1742
f 369/7726/1744 344/7696/1719 343/7697/1718 368/7727/1743
f 370/7728/1745 345/7698/1720 344/7696/1719 369/7726/1744
f 371/7729/1746 346/7699/1721 345/7698/1720 370/7728/1745
f 372/7730/1747 347/7700/1722 346/7699/1721 371/7729/1746
f 373/7731/1748 348/7701/1723 347/7700/1722 372/7730/1747
f 374/7732/1749 349/7702/1724 348/7701/1723 373/7731/1748
f 375/7733/1750 350/7703/1725 349/7704/1724 374/7734/1749
f 376/7735/1751 351/7705/1726 350/7703/1725 375/7733/1750
f 377/7736/1752 352/7706/1727 351/7705/1726 376/7735/1751
f 378/7737/1753 353/7707/1728 352/7706/1727 377/7736/1752
f 379/7738/1754 354/7708/1729 353/7707/1728 378/7737/1753
f 380/7739/1755 355/7709/1730 354/7708/1729 379/7738/1754
f 381/7740/1756 356/7710/1731 355/7711/1730 380/7741/1755
f 382/7742/1757 357/7712/1732 356/7710/1731 381/7740/1756
f 383/7743/1758 358/7713/1733 357/7712/1732 382/7742/1757
f 384/7744/1759 359/7714/1734 358/7713/1733 383/7743/1758
f 362/7718/1737 360/7715/1735 359/7714/1734 384/7744/1759
f 385/7745/1760 362/7718/1737 384/7744/1759 386/7746/1761
f 387/7747/1762 361/7717/1736 362/7718/1737 385/7745/1760
f 388/7748/1763 363/7719/1738 361/7720/1736 387/7749/1762
f 389/7750/1764 364/7721/1739 363/7719/1738 388/7748/1763
f 390/7751/1765 365/7722/1740 364/7721/1739 389/7750/1764
f 391/7752/1766 366/7723/1741 365/7722/1740 390/7751/1765
f 392/7753/1767 367/7724/1742 366/7723/1741 391/7752/1766
f 393/7754/1768 368/7725/1743 367/7724/1742 392/7753/1767
f 394/7755/1769 369/7726/1744 368/7727/1743 393/7756/1768
f 395/7757/1770 370/7728/1745 369/7726/1744 394/7755/1769
f 396/7758/1771 371/7729/1746 370/7728/1745 395/7757/1770
f 397/7759/1772 372/7730/1747 371/7729/1746 396/7758/1771
f 398/7760/1773 373/7731/1748 372/7730/1747 397/7759/1772
f 399/7761/1774 374/7732/1749 373/7731/1748 398/7760/1773
f 400/7762/1775 375/7733/1750 374/7734/1749 399/7763/1774
f 401/7764/1776 376/7735/1751 375/7733/1750 400/7762/1775
f 402/7765/1777 377/7736/1752 376/7735/1751 401/7764/1776
f 403/7766/1778 378/7737/1753 377/7736/1752 402/7765/1777
f 404/7767/1779 379/7738/1754 378/7737/1753 403/7766/1778
f 405/7768/1780 380/7739/1755 379/7738/1754 404/7767/1779
f 406/7769/1781 381/7740/1756 380/7741/1755 405/7770/1780
f 407/7771/1782 382/7742/1757 381/7740/1756 406/7769/1781
f 408/7772/1783 383/7743/1758 382/7742/1757 407/7771/1782
f 386/7746/1761 384/7744/1759 383/7743/1758 408/7772/1783
f 409/7773/1784 386/7746/1761 408/7772/1783 410/7774/1785
f 411/7775/1786 385/7745/1760 386/7746/1761 409/7773/1784
f 412/7776/1787 387/7747/1762 385/7745/1760 411/7775/1786
f 413/7777/1788 388/7748/1763 387/7749/1762 412/7778/1787
f 414/7779/1789 389/7750/1764 388/7748/1763 413/7777/1788
f 415/7780/1790 390/7751/1765 389/7750/1764 414/7779/1789
f 416/7781/1791 391/7752/1766 390/7751/1765 415/7780/1790
f 417/7782/1792 392/7753/1767 391/7752/1766 416/7781/1791
f 418/7783/1793 393/7754/1768 392/7753/1767 417/7782/1792
f 419/7784/1794 394/7755/1769 393/7756/1768 418/7785/1793
f 420/7786/1795 395/7757/1770 394/7755/1769 419/7784/1794
f 421/7787/1796 396/7758/1771 395/7757/1770 420/7786/1795
f 422/7788/1797 397/7759/1772 396/7758/1771 421/7787/1796
f 423/7789/1798 398/7760/1773 397/7759/1772 422/7788/1797
f 424/7790/1799 399/7761/1774 398/7760/1773 423/7789/1798
f 425/7791/1800 400/7762/1775 399/7763/1774 424/7792/1799
f 426/7793/1801 401/7764/1776 400/7762/1775 425/7791/1800
f 427/7794/1802 402/7765/1777 401/7764/1776 426/7793/1801
f 428/7795/1803 403/7766/1778 402/7765/1777 427/7794/1802
f 429/7796/1804 404/7767/1779 403/7766/1778 428/7795/1803
f 430/7797/1805 405/7768/1780 404/7767/1779 429/7796/1804
f 431/7798/1806 406/7769/1781 405/7770/1780 430/7799/1805
f 432/7800/1807 407/7771/1782 406/7769/1781 431/7798/1806
f 410/7774/1785 408/7772/1783 407/7771/1782 432/7800/1807
f 433/7801/1808 410/7774/1785 432/7800/1807 434/7802/1809
f 435/7803/1810 409/7773/1784 410/7774/1785 433/7801/1808
f 436/7804/1811 411/7775/1786 409/7773/1784 435/7803/1810
f 437/7805/1812 412/7776/1787 411/7775/1786 436/7804/1811
f 438/7806/1813 413/7777/1788 412/7778/1787 437/7807/1812
f 439/7808/1814 414/7779/1789 413/7777/1788 438/7806/1813
f 440/7809/1815 415/7780/1790 414/7779/1789 439/7808/1814
f 441/7810/1816 416/7781/1791 415/7780/1790 440/7809/1815
f 442/7811/1817 417/7782/1792 416/7781/1791 441/7810/1816
f 443/7812/1818 418/7783/1793 417/7782/1792 442/7811/1817
f 444/7813/1819 419/7784/1794 418/7785/1793 443/7814/1818
f 445/7815/1820 420/7786/1795 419/7784/1794 444/7813/1819
f 446/7816/1821 421/7787/1796 420/7786/1795 445/7815/1820
f 447/7817/1822 422/7788/1797 421/7787/1796 446/7816/1821
f 448/7818/1823 423/7789/1798 422/7788/1797 447/7817/1822
f 449/7819/1824 424/7790/1799 423/7789/1798 448/7818/1823
f 450/7820/1825 425/7791/1800 424/7792/1799 449/7821/1824
f 451/7822/1826 426/7793/1801 425/7791/1800 450/7820/1825
f 452/7823/1827 427/7794/1802 426/7793/1801 451/7822/1826
f 453/7824/1828 428/7795/1803 427/7794/1802 452/7823/1827
f 454/7825/1829 429/7796/1804 428/7795/1803 453/7824/1828
f 455/7826/1830 430/7797/1805 429/7796/1804 454/7825/1829
f 456/7827/1831 431/7798/1806 430/7799/1805 455/7828/1830
f 434/7802/1809 432/7800/1807 431/7798/1806 456/7827/1831
f 457/7829/1832 434/7830/1809 456/7831/1831 458/7832/1833
f 459/7833/1834 433/7834/1808 434/7830/1809 457/7829/1832
f 460/7835/1835 435/7836/1810 433/7834/1808 459/7833/1834
f 461/7837/1836 436/7838/1811 435/7836/1810 460/7835/1835
f 462/7839/1837 437/7840/1812 436/7838/1811 461/7837/1836
f 463/7841/1838 438/7842/1813 437/7840/1812 462/7839/1837
f 464/7843/1839 439/7844/1814 438/7842/1813 463/7841/1838
f 465/7845/1840 440/7846/1815 439/7844/1814 464/7843/1839
f 466/7847/1841 441/7848/1816 440/7846/1815 465/7845/1840
f 467/7849/1842 442/7850/1817 441/7848/1816 466/7847/1841
f 468/7851/1843 443/7852/1818 442/7850/1817 467/7849/1842
f 469/7853/1844 444/7854/1819 443/7852/1818 468/7851/1843
f 470/7855/1845 445/7856/1820 444/7854/1819 469/7853/1844
f 471/7857/1846 446/7858/1821 445/7856/1820 470/7855/1845
f 472/7859/1847 447/7860/1822 446/7858/1821 471/7857/1846
f 473/7861/1848 448/7862/1823 447/7860/1822 472/7859/1847
f 474/7863/1849 449/7864/1824 448/7862/1823 473/7861/1848
f 475/7865/1850 450/7866/1825 449/7864/1824 474/7863/1849
f 476/7867/1851 451/7868/1826 450/7866/1825 475/7865/1850
f 477/7869/1852 452/7870/1827 451/7868/1826 476/7867/1851
f 478/7871/1853 453/7872/1828 452/7870/1827 477/7869/1852
f 479/7873/1854 454/7874/1829 453/7872/1828 478/7871/1853
f 480/7875/1855 455/7876/1830 454/7874/1829 479/7873/1854
f 458/7832/1833 456/7831/1831 455/7876/1830 480/7875/1855
f 481/7877/1856 458/7832/1833 480/7875/1855 482/7878/1857
f 483/7879/1858 457/7829/1832 458/7832/1833 481/7877/1856
f 484/7880/1859 459/7833/1834 457/7829/1832 483/7879/1858
f 485/7881/1860 460/7835/1835 459/7833/1834 484/7880/1859
f 486/7882/1861 461/7837/1836 460/7835/1835 485/7881/1860
f 487/7883/1862 462/7839/1837 461/7837/1836 486/7882/1861
f 488/7884/1863 463/7841/1838 462/7839/1837 487/7883/1862
f 489/7885/1864 464/7843/1839 463/7841/1838 488/7884/1863
f 490/7886/1865 465/7845/1840 464/7843/1839 489/7885/1864
f 491/7887/1866 466/7847/1841 465/7845/1840 490/7886/1865
f 492/7888/1867 467/7849/1842 466/7847/1841 491/7887/1866
f 493/7889/1868 468/7851/1843 467/7849/1842 492/7888/1867
f 494/7890/1869 469/7853/1844 468/7851/1843 493/7889/1868
f 495/7891/1870 470/7855/1845 469/7853/1844 494/7890/1869
f 496/7892/1871 471/7857/1846 470/7855/1845 495/7891/1870
f 497/7893/1872 472/7859/1847 471/7857/1846 496/7892/1871
f 498/7894/1873 473/7861/1848 472/7859/1847 497/7893/1872
f 499/7895/1874 474/7863/1849 473/7861/1848 498/7894/1873
f 500/7896/1875 475/7865/1850 474/7863/1849 499/7895/1874
f 501/7897/1876 476/7867/1851 475/7865/1850 500/7896/1875
f 502/7898/1877 477/7869/1852 476/7867/1851 501/7897/1876
f 503/7899/1878 478/7871/1853 477/7869/1852 502/7898/1877
f 504/7900/1879 479/7873/1854 478/7871/1853 503/7899/1878
f 482/7878/1857 480/7875/1855 479/7873/1854 504/7900/1879
f 187/7497/1562 189/7501/1564 231/7564/1606 188/7498/1563
f 189/7501/1564 190/7901/1565 229/7565/1604 231/7564/1606
f 190/7902/1565 191/7508/1566 227/7560/1602 229/7562/1604
f 191/7508/1566 192/7507/1567 225/7558/1600 227/7560/1602
f 192/7507/1567 193/7510/1568 223/7556/1598 225/7558/1600
f 193/7510/1568 194/7512/1569 221/7554/1596 223/7556/1598
f 194/7512/1569 195/7514/1570 219/7550/1594 221/7554/1596
f 195/7514/1570 196/7903/1571 217/7551/1592 219/7550/1594
f 196/7904/1571 197/7521/1572 215/7546/1590 217/7548/1592
f 197/7521/1572 198/7520/1573 213/7544/1588 215/7546/1590
f 198/7520/1573 199/7523/1574 211/7542/1586 213/7544/1588
f 199/7523/1574 200/7525/1575 209/7540/1584 211/7542/1586
f 200/7525/1575 201/7527/1576 207/7536/1582 209/7540/1584
f 201/7527/1576 202/7905/1577 203/7537/1578 207/7536/1582
