<?xml version="1.0" encoding="utf-8"?>
<COLLADA xmlns="http://www.collada.org/2005/11/COLLADASchema" version="1.4.1">
  <asset>
    <contributor>
      <author>Blender User</author>
      <authoring_tool>Blender 2.78.0 commit date:2016-10-24, commit time:12:20, hash:e8299c8</authoring_tool>
    </contributor>
    <created>2021-11-04T15:15:13</created>
    <modified>2021-11-04T15:15:13</modified>
    <unit name="meter" meter="1"/>
    <up_axis>Z_UP</up_axis>
  </asset>
  <library_images>
    <image id="video_store_tv__color_png" name="video_store_tv__color_png">
      <init_from>/I:/3D_Asset_Packages/For%20Sale/Video_Store/TV/Model/video_store_tv__color.png</init_from>
    </image>
  </library_images>
  <library_effects>
    <effect id="FrontColor-effect">
      <profile_COMMON>
        <newparam sid="video_store_tv__color_png-surface">
          <surface type="2D">
            <init_from>video_store_tv__color_png</init_from>
          </surface>
        </newparam>
        <newparam sid="video_store_tv__color_png-sampler">
          <sampler2D>
            <source>video_store_tv__color_png-surface</source>
          </sampler2D>
        </newparam>
        <technique sid="common">
          <phong>
            <emission>
              <color sid="emission">0 0 0 1</color>
            </emission>
            <ambient>
              <color sid="ambient">0 0 0 1</color>
            </ambient>
            <diffuse>
              <texture texture="video_store_tv__color_png-sampler" texcoord="UVMap"/>
            </diffuse>
            <specular>
              <color sid="specular">1 1 1 1</color>
            </specular>
            <shininess>
              <float sid="shininess">52</float>
            </shininess>
            <transparent opaque="A_ONE">
              <color>1 1 1 1</color>
            </transparent>
            <index_of_refraction>
              <float sid="index_of_refraction">1</float>
            </index_of_refraction>
          </phong>
        </technique>
      </profile_COMMON>
    </effect>
  </library_effects>
  <library_materials>
    <material id="FrontColor-material" name="FrontColor">
      <instance_effect url="#FrontColor-effect"/>
    </material>
  </library_materials>
  <library_geometries>
    <geometry id="Mesh12_Group15_Group11_Group6_Group1_Model-mesh" name="Mesh12_Group15_Group11_Group6_Group1_Model">
      <mesh>
        <source id="Mesh12_Group15_Group11_Group6_Group1_Model-mesh-positions">
          <float_array id="Mesh12_Group15_Group11_Group6_Group1_Model-mesh-positions-array" count="8847">0.245783 0.135967 0.62839 0.245783 0.135967 0.641215 0.244036 0.136197 0.641215 0.244036 0.136197 0.62839 0.24753 0.136197 0.62839 0.24753 0.136197 0.641215 0.249158 0.136871 0.62839 0.249158 0.136871 0.641215 0.250556 0.137944 0.62839 0.250556 0.137944 0.641215 0.251629 0.139342 0.62839 0.251629 0.139342 0.641215 0.252303 0.14097 0.62839 0.252303 0.14097 0.641215 0.252533 0.142717 0.62839 0.252533 0.142717 0.641215 0.252303 0.144464 0.62839 0.252303 0.144464 0.641215 0.251629 0.1460919 0.62839 0.251629 0.1460919 0.641215 0.250556 0.14749 0.62839 0.250556 0.14749 0.641215 0.249158 0.148562 0.62839 0.249158 0.148562 0.641215 0.24753 0.149237 0.62839 0.24753 0.149237 0.641215 0.245783 0.149467 0.62839 0.245783 0.149467 0.641215 0.244036 0.149237 0.62839 0.244036 0.149237 0.641215 0.242408 0.148562 0.62839 0.242408 0.148562 0.641215 0.24101 0.14749 0.62839 0.24101 0.14749 0.641215 0.239938 0.1460919 0.62839 0.239938 0.1460919 0.641215 0.2392629 0.144464 0.62839 0.2392629 0.144464 0.641215 0.239033 0.142717 0.62839 0.239033 0.142717 0.641215 0.2392629 0.14097 0.62839 0.2392629 0.14097 0.641215 0.239938 0.139342 0.62839 0.239938 0.139342 0.641215 0.24101 0.137944 0.62839 0.24101 0.137944 0.641215 0.242408 0.136871 0.62839 0.242408 0.136871 0.641215 0.244212 0.1368539 0.64189 0.242749 0.137461 0.64189 0.247354 0.1368539 0.64189 0.245783 0.1366479 0.64189 0.248818 0.137461 0.64189 0.251039 0.1396819 0.64189 0.250075 0.1384249 0.64189 0.251646 0.141146 0.64189 0.251646 0.144288 0.64189 0.251852 0.142717 0.64189 0.251039 0.1457509 0.64189 0.248818 0.147973 0.64189 0.250075 0.147008 0.64189 0.247354 0.148579 0.64189 0.244212 0.148579 0.64189 0.245783 0.148786 0.64189 0.242749 0.147973 0.64189 0.240527 0.1457509 0.64189 0.241492 0.147008 0.64189 0.239921 0.144288 0.64189 0.239921 0.141146 0.64189 0.239714 0.142717 0.64189 0.240527 0.1396819 0.64189 0.241492 0.1384249 0.64189 0.245783 0.142717 0.64189 0.249172 0.383411 0.626093 0.248291 0.383353 0.626093 0.249172 0.376661 0.626093 0.247425 0.383181 0.626093 0.246589 0.382897 0.626093 0.245797 0.382506 0.626093 0.245063 0.382016 0.626093 0.244399 0.381434 0.626093 0.243817 0.38077 0.626093 0.243327 0.380036 0.626093 0.242936 0.379244 0.626093 0.2426519 0.378408 0.626093 0.24248 0.377542 0.626093 0.242422 0.376661 0.626093 0.242422 0.349661 0.626093 0.249172 0.349661 0.626093 0.24248 0.34878 0.626093 0.2426519 0.347914 0.626093 0.242936 0.347078 0.626093 0.243327 0.346286 0.626093 0.243817 0.345551 0.626093 0.244399 0.344888 0.626093 0.245063 0.344305 0.626093 0.245797 0.343815 0.626093 0.246589 0.343424 0.626093 0.247425 0.343141 0.626093 0.248291 0.342968 0.626093 0.249172 0.342911 0.626093 0.289672 0.342911 0.626093 0.289672 0.349661 0.626093 0.290553 0.342968 0.626093 0.291419 0.343141 0.626093 0.292256 0.343424 0.626093 0.293047 0.343815 0.626093 0.293782 0.344305 0.626093 0.294445 0.344888 0.626093 0.295028 0.345551 0.626093 0.295518 0.346286 0.626093 0.295909 0.347078 0.626093 0.296192 0.347914 0.626093 0.296365 0.34878 0.626093 0.296422 0.349661 0.626093 0.296422 0.376661 0.626093 0.289672 0.376661 0.626093 0.296365 0.377542 0.626093 0.296192 0.378408 0.626093 0.295909 0.379244 0.626093 0.295518 0.380036 0.626093 0.295028 0.38077 0.626093 0.294445 0.381434 0.626093 0.293782 0.382016 0.626093 0.293047 0.382506 0.626093 0.292256 0.382897 0.626093 0.291419 0.383181 0.626093 0.290553 0.383353 0.626093 0.289672 0.383411 0.626093 -0.32152 0.446807 0.29639 -0.322553 0.446456 0.29639 -0.323761 0.449371 0.29639 -0.322337 0.449854 0.29639 -0.323532 0.445974 0.29639 -0.325109 0.448706 0.29639 -0.324439 0.445368 0.29639 -0.326359 0.44787 0.29639 -0.32526 0.444648 0.29639 -0.32749 0.446879 0.29639 -0.325979 0.443828 0.29639 -0.328481 0.445748 0.29639 -0.326585 0.442921 0.29639 -0.329317 0.444498 0.29639 -0.327068 0.441942 0.29639 -0.329982 0.443149 0.29639 -0.327419 0.440909 0.29639 -0.330465 0.441725 0.29639 -0.327631 0.439839 0.29639 -0.330759 0.44025 0.29639 -0.327703 0.43875 0.29639 -0.330861 0.438685 0.29639 -0.327703 0.06074994 0.29639 -0.330861 0.06081497 0.29639 -0.327631 0.05966097 0.29639 -0.330759 0.05924898 0.29639 -0.327419 0.05859094 0.29639 -0.330465 0.05777496 0.29639 -0.327068 0.057558 0.29639 -0.329982 0.05635094 0.29639 -0.326585 0.05657899 0.29639 -0.329317 0.05500197 0.29639 -0.325979 0.05567198 0.29639 -0.328481 0.053752 0.29639 -0.32526 0.05485194 0.29639 -0.32749 0.05262094 0.29639 -0.324439 0.05413198 0.29639 -0.326359 0.05162996 0.29639 -0.323532 0.05352598 0.29639 -0.325109 0.050794 0.29639 -0.322553 0.05304294 0.29639 -0.323761 0.05012899 0.29639 -0.32152 0.05269294 0.29639 -0.322337 0.04964596 0.29639 -0.32045 0.05247998 0.29639 -0.320862 0.049353 0.29639 0.328639 0.05240899 0.29639 0.329727 0.05247998 0.29639 0.330139 0.049353 0.29639 0.298059 0.04724997 0.29639 -0.288782 0.04724997 0.29639 -0.319361 0.05240899 0.29639 0.331614 0.04964596 0.29639 0.330798 0.05269294 0.29639 0.332133 0.04771 0.29839 0.330401 0.04736495 0.29839 0.333038 0.05012899 0.29639 0.333805 0.04827797 0.29839 0.331831 0.05304294 0.29639 0.334387 0.050794 0.29639 0.332809 0.05352598 0.29639 0.335389 0.04905897 0.29839 0.335637 0.05162996 0.29639 0.336857 0.05003994 0.29839 0.333717 0.05413198 0.29639 0.336767 0.05262094 0.29639 0.334537 0.05485194 0.29639 0.338185 0.05120396 0.29839 0.337759 0.053752 0.29639 0.339349 0.05253195 0.29839 0.335256 0.05567198 0.29639 0.338594 0.05500197 0.29639 0.335863 0.05657899 0.29639 0.34033 0.05399996 0.29839 0.339259 0.05635094 0.29639 0.341111 0.05558395 0.29839 0.336345 0.057558 0.29639 0.339743 0.05777496 0.29639 0.336696 0.05859094 0.29639 0.341679 0.05725598 0.29839 0.340036 0.05924898 0.29639 0.342023 0.05898797 0.29839 0.336909 0.05966097 0.29639 0.340139 0.06081497 0.29639 0.33698 0.06074994 0.29639 0.342139 0.06074994 0.29839 0.340139 0.438685 0.29639 0.342139 0.43875 0.29839 0.33698 0.43875 0.29639 0.340036 0.44025 0.29639 0.336909 0.439839 0.29639 0.342023 0.440512 0.29839 0.339743 0.441725 0.29639 0.341679 0.442244 0.29839 0.336696 0.440909 0.29639 0.339259 0.443149 0.29639 0.336345 0.441942 0.29639 0.341111 0.443916 0.29839 0.338594 0.444498 0.29639 0.34033 0.4455 0.29839 0.335863 0.442921 0.29639 0.337759 0.445748 0.29639 0.335256 0.443828 0.29639 0.339349 0.446968 0.29839 0.336767 0.446879 0.29639 0.338185 0.448296 0.29839 0.334537 0.444648 0.29639 0.335637 0.44787 0.29639 0.333717 0.445368 0.29639 0.336857 0.44946 0.29839 0.334387 0.448706 0.29639 0.335389 0.450441 0.29839 0.332809 0.445974 0.29639 0.333038 0.449371 0.29639 0.331831 0.446456 0.29639 0.333805 0.451222 0.29839 0.331614 0.449854 0.29639 0.332133 0.45179 0.29839 0.330798 0.446807 0.29639 0.330139 0.450147 0.29639 0.329727 0.44702 0.29639 0.330401 0.452135 0.29839 0.328573 0.45025 0.29639 0.328639 0.45225 0.29839 0.328639 0.447091 0.29639 -0.319296 0.45025 0.29639 -0.319361 0.447091 0.29639 -0.319361 0.45225 0.29839 -0.320862 0.450147 0.29639 -0.321123 0.452135 0.29839 -0.32045 0.44702 0.29639 -0.322855 0.45179 0.29839 -0.324528 0.451222 0.29839 -0.326111 0.450441 0.29839 -0.32758 0.44946 0.29839 -0.328907 0.448296 0.29839 -0.330072 0.446968 0.29839 -0.331053 0.4455 0.29839 -0.331834 0.443916 0.29839 -0.332401 0.442244 0.29839 -0.332746 0.440512 0.29839 -0.332861 0.43875 0.29839 -0.332861 0.06074994 0.29839 -0.332746 0.05898797 0.29839 -0.332401 0.05725598 0.29839 -0.331834 0.05558395 0.29839 -0.331053 0.05399996 0.29839 -0.330072 0.05253195 0.29839 -0.328907 0.05120396 0.29839 -0.32758 0.05003994 0.29839 -0.326111 0.04905897 0.29839 -0.324528 0.04827797 0.29839 -0.322855 0.04771 0.29839 -0.321123 0.04736495 0.29839 -0.319361 0.04724997 0.29839 -0.321123 0.04736495 0.62639 -0.319361 0.04724997 0.62639 -0.322855 0.04771 0.62639 -0.324528 0.04827797 0.62639 -0.326111 0.04905897 0.62639 -0.32758 0.05003994 0.62639 -0.328907 0.05120396 0.62639 -0.330072 0.05253195 0.62639 -0.331053 0.05399996 0.62639 -0.331834 0.05558395 0.62639 -0.332401 0.05725598 0.62639 -0.332746 0.05898797 0.62639 -0.332861 0.06074994 0.62639 -0.332861 0.43875 0.62639 -0.330861 0.06081497 0.62839 -0.330861 0.438685 0.62839 -0.325139 0.06074994 0.62839 -0.325139 0.43875 0.62839 -0.330759 0.05924898 0.62839 -0.32509 0.05999594 0.62839 -0.330465 0.05777496 0.62839 -0.324942 0.059255 0.62839 -0.329982 0.05635094 0.62839 -0.324699 0.05853897 0.62839 -0.329317 0.05500197 0.62839 -0.324365 0.05786097 0.62839 -0.328481 0.053752 0.62839 -0.323945 0.05723196 0.62839 -0.32749 0.05262094 0.62839 -0.323447 0.05666399 0.62839 -0.326359 0.05162996 0.62839 -0.322879 0.05616599 0.62839 -0.325109 0.050794 0.62839 -0.32225 0.05574595 0.62839 -0.323761 0.05012899 0.62839 -0.321572 0.05541199 0.62839 -0.322337 0.04964596 0.62839 -0.320857 0.05516898 0.62839 -0.320862 0.049353 0.62839 -0.320115 0.05502098 0.62839 -0.288782 0.04724997 0.62839 0.298059 0.04724997 0.62839 0.330139 0.049353 0.62839 0.328639 0.05497199 0.62839 -0.319361 0.05497199 0.62839 0.328639 0.04724997 0.62639 0.330401 0.04736495 0.62639 0.328639 0.04724997 0.29839 0.332133 0.04771 0.62639 0.333805 0.04827797 0.62639 0.335389 0.04905897 0.62639 0.336857 0.05003994 0.62639 0.338185 0.05120396 0.62639 0.339349 0.05253195 0.62639 0.34033 0.05399996 0.62639 0.341111 0.05558395 0.62639 0.341679 0.05725598 0.62639 0.342023 0.05898797 0.62639 0.342139 0.06074994 0.62639 0.342139 0.43875 0.62639 0.342023 0.440512 0.62639 0.341679 0.442244 0.62639 0.341111 0.443916 0.62639 0.34033 0.4455 0.62639 0.339349 0.446968 0.62639 0.338185 0.448296 0.62639 0.336857 0.44946 0.62639 0.335389 0.450441 0.62639 0.333805 0.451222 0.62639 0.332133 0.45179 0.62639 0.330401 0.452135 0.62639 0.328639 0.45225 0.62639 -0.319361 0.45225 0.62639 -0.321123 0.452135 0.62639 -0.322855 0.45179 0.62639 -0.324528 0.451222 0.62639 -0.326111 0.450441 0.62639 -0.32758 0.44946 0.62639 -0.328907 0.448296 0.62639 -0.330072 0.446968 0.62639 -0.331053 0.4455 0.62639 -0.331834 0.443916 0.62639 -0.332401 0.442244 0.62639 -0.332746 0.440512 0.62639 -0.330759 0.44025 0.62839 -0.32509 0.439504 0.62839 -0.324942 0.440245 0.62839 -0.330465 0.441725 0.62839 -0.324699 0.440961 0.62839 -0.329982 0.443149 0.62839 -0.324365 0.441639 0.62839 -0.329317 0.444498 0.62839 -0.323945 0.442267 0.62839 -0.328481 0.445748 0.62839 -0.323447 0.442836 0.62839 -0.32749 0.446879 0.62839 -0.322879 0.443334 0.62839 -0.326359 0.44787 0.62839 -0.32225 0.443754 0.62839 -0.325109 0.448706 0.62839 -0.321572 0.444088 0.62839 -0.323761 0.449371 0.62839 -0.320857 0.444331 0.62839 -0.322337 0.449854 0.62839 -0.320115 0.444479 0.62839 -0.320862 0.450147 0.62839 -0.319361 0.444528 0.62839 -0.319296 0.45025 0.62839 0.328639 0.444528 0.62839 0.328573 0.45025 0.62839 0.329393 0.444479 0.62839 0.330139 0.450147 0.62839 0.330134 0.444331 0.62839 0.331614 0.449854 0.62839 0.33085 0.444088 0.62839 0.333038 0.449371 0.62839 0.331528 0.443754 0.62839 0.334387 0.448706 0.62839 0.332156 0.443334 0.62839 0.335637 0.44787 0.62839 0.332724 0.442836 0.62839 0.336767 0.446879 0.62839 0.333223 0.442267 0.62839 0.337759 0.445748 0.62839 0.333643 0.441639 0.62839 0.338594 0.444498 0.62839 0.333977 0.440961 0.62839 0.339259 0.443149 0.62839 0.33422 0.440245 0.62839 0.339743 0.441725 0.62839 0.334367 0.439504 0.62839 0.340036 0.44025 0.62839 0.334417 0.43875 0.62839 0.340139 0.438685 0.62839 0.340139 0.06081497 0.62839 0.334417 0.06074994 0.62839 0.334367 0.05999594 0.62839 0.340036 0.05924898 0.62839 0.33422 0.059255 0.62839 0.339743 0.05777496 0.62839 0.333977 0.05853897 0.62839 0.339259 0.05635094 0.62839 0.333643 0.05786097 0.62839 0.338594 0.05500197 0.62839 0.333223 0.05723196 0.62839 0.337759 0.053752 0.62839 0.332724 0.05666399 0.62839 0.336767 0.05262094 0.62839 0.332156 0.05616599 0.62839 0.335637 0.05162996 0.62839 0.331528 0.05574595 0.62839 0.334387 0.050794 0.62839 0.33085 0.05541199 0.62839 0.333038 0.05012899 0.62839 0.330134 0.05516898 0.62839 0.331614 0.04964596 0.62839 0.329393 0.05502098 0.62839 0.27122 0.160453 0.629846 0.269422 0.159415 0.629846 0.271427 0.159952 0.629846 0.27089 0.1608819 0.629846 0.27046 0.161212 0.629846 0.271372 0.161364 0.629171 0.270801 0.1618019 0.629171 0.27181 0.160793 0.629171 0.272085 0.1601279 0.629171 0.271498 0.159415 0.629846 0.272179 0.159415 0.629171 0.271427 0.158877 0.629846 0.27122 0.158377 0.629846 0.27181 0.1580359 0.629171 0.272085 0.158701 0.629171 0.27089 0.157947 0.629846 0.271372 0.1574659 0.629171 0.27046 0.157617 0.629846 0.26996 0.15741 0.629846 0.269422 0.157339 0.629846 0.269422 0.1566579 0.629171 0.270136 0.156752 0.629171 0.268885 0.15741 0.629846 0.268709 0.156752 0.629171 0.268385 0.157617 0.629846 0.268044 0.157028 0.629171 0.267955 0.157947 0.629846 0.267473 0.1574659 0.629171 0.267625 0.158377 0.629846 0.267418 0.158877 0.629846 0.267347 0.159415 0.629846 0.266666 0.159415 0.629171 0.26676 0.158701 0.629171 0.267418 0.159952 0.629846 0.26676 0.1601279 0.629171 0.267625 0.160453 0.629846 0.267035 0.160793 0.629171 0.267955 0.1608819 0.629846 0.267473 0.161364 0.629171 0.268385 0.161212 0.629846 0.268885 0.16142 0.629846 0.269422 0.16149 0.629846 0.269422 0.162171 0.629171 0.268709 0.162077 0.629171 0.26996 0.16142 0.629846 0.270136 0.162077 0.629171 0.270136 0.162077 0.62839 0.270801 0.1618019 0.62839 0.269422 0.162171 0.62839 0.268709 0.162077 0.62839 0.268044 0.1618019 0.62839 0.268044 0.1618019 0.629171 0.267473 0.161364 0.62839 0.267035 0.160793 0.62839 0.26676 0.1601279 0.62839 0.266666 0.159415 0.62839 0.26676 0.158701 0.62839 0.267035 0.1580359 0.62839 0.267035 0.1580359 0.629171 0.267473 0.1574659 0.62839 0.268044 0.157028 0.62839 0.268709 0.156752 0.62839 0.269422 0.1566579 0.62839 0.270136 0.156752 0.62839 0.270801 0.157028 0.62839 0.270801 0.157028 0.629171 0.271372 0.1574659 0.62839 0.27181 0.1580359 0.62839 0.272085 0.158701 0.62839 0.272179 0.159415 0.62839 0.272085 0.1601279 0.62839 0.27181 0.160793 0.62839 0.271372 0.161364 0.62839 0.289927 0.350375 0.632843 0.28788 0.352514 0.632843 0.287916 0.352542 0.632843 0.289314 0.353615 0.632843 0.291196 0.351692 0.632843 0.292465 0.35301 0.632843 0.290386 0.355013 0.632843 0.289921 0.350369 0.638918 0.287412 0.353006 0.638918 0.287412 0.353006 0.632843 0.28788 0.352514 0.632168 0.28288 0.35777 0.632843 0.28288 0.35777 0.638918 0.290389 0.350855 0.639593 0.287901 0.353471 0.639593 0.292465 0.35301 0.638918 0.289867 0.355513 0.638918 0.289399 0.355027 0.639593 0.291997 0.352524 0.639593 0.28305 0.358571 0.639593 0.284359 0.359881 0.639593 0.285158 0.360048 0.638918 0.291193 0.35169 0.639593 0.291669 0.351211 0.638918 0.292483 0.352056 0.638918 0.290855 0.350366 0.638918 0.290855 0.350366 0.633518 0.292483 0.352056 0.633518 0.28865 0.354249 0.639593 0.283704 0.359226 0.639593 0.281203 0.357806 0.639593 0.279769 0.363162 0.639593 0.285123 0.361726 0.639593 0.268297 0.374586 0.639593 0.270399 0.372497 0.639593 0.271154 0.37329 0.639593 0.269131 0.37539 0.639593 0.267462 0.373782 0.639593 0.269646 0.371705 0.639593 0.275833 0.367097 0.639593 0.275178 0.366443 0.639593 0.276489 0.367752 0.639593 0.274413 0.364595 0.639593 0.274224 0.363161 0.639593 0.274413 0.361726 0.639593 0.274967 0.360389 0.639593 0.275848 0.359241 0.639593 0.276996 0.35836 0.639593 0.278333 0.357806 0.639593 0.279768 0.357617 0.639593 0.278333 0.368516 0.639593 0.279768 0.368704 0.639593 0.281203 0.368516 0.639593 0.28254 0.367962 0.639593 0.283688 0.367081 0.639593 0.284569 0.365933 0.639593 0.285123 0.364595 0.639593 0.285312 0.363161 0.639593 0.289897 0.355484 0.632843 0.289867 0.355513 0.632843 0.290386 0.355013 0.632168 0.285158 0.360048 0.632843 0.290869 0.356751 0.632843 0.272091 0.37329 0.632843 0.276655 0.368551 0.632843 0.273358 0.374262 0.632843 0.278157 0.369173 0.632843 0.27645 0.375543 0.632843 0.279768 0.369385 0.632843 0.279768 0.37598 0.632843 0.281379 0.369173 0.632843 0.283086 0.375543 0.632843 0.28288 0.368551 0.632843 0.286177 0.374262 0.632843 0.284169 0.367562 0.632843 0.288832 0.372225 0.632843 0.285158 0.366273 0.632843 0.290869 0.36957 0.632843 0.28578 0.364772 0.632843 0.29215 0.366478 0.632843 0.285992 0.363161 0.632843 0.292587 0.363161 0.632843 0.28578 0.36155 0.632843 0.29215 0.359843 0.632843 0.291459 0.356411 0.632168 0.292808 0.359667 0.632168 0.273018 0.374852 0.632168 0.27162 0.373779 0.632168 0.276274 0.376201 0.632168 0.279768 0.376661 0.632168 0.283262 0.376201 0.632168 0.286518 0.374852 0.632168 0.289314 0.372707 0.632168 0.291459 0.369911 0.632168 0.292808 0.366655 0.632168 0.293268 0.363161 0.632168 0.289314 0.353615 0.632168 0.292808 0.359667 0.626093 0.291459 0.356411 0.626093 0.293268 0.363161 0.626093 0.292808 0.366655 0.626093 0.291459 0.369911 0.626093 0.289314 0.372707 0.626093 0.286518 0.374852 0.626093 0.283262 0.376201 0.626093 0.279768 0.376661 0.626093 0.276274 0.376201 0.626093 0.273018 0.374852 0.626093 0.27162 0.373779 0.626093 0.270222 0.372707 0.626093 0.270222 0.372707 0.632168 0.269121 0.371272 0.626093 0.269121 0.371272 0.632168 0.268076 0.369911 0.632168 0.268076 0.369911 0.626093 0.270222 0.372707 0.632843 0.269121 0.371272 0.632843 0.269149 0.371309 0.632843 0.27162 0.373779 0.632843 0.266728 0.366655 0.626093 0.266728 0.366655 0.632168 0.266268 0.363161 0.626093 0.266268 0.363161 0.632168 0.266728 0.359667 0.626093 0.266728 0.359667 0.632168 0.268076 0.356411 0.626093 0.268076 0.356411 0.632168 0.270222 0.353615 0.626093 0.270222 0.353615 0.632168 0.273018 0.351469 0.626093 0.273018 0.351469 0.632168 0.276274 0.350121 0.626093 0.276274 0.350121 0.632168 0.279768 0.349661 0.626093 0.279768 0.349661 0.632168 0.283262 0.350121 0.626093 0.283262 0.350121 0.632168 0.286518 0.351469 0.626093 0.286518 0.351469 0.632168 0.28788 0.352514 0.626093 0.289314 0.353615 0.626093 0.290386 0.355013 0.626093 0.286177 0.352059 0.632843 0.268666 0.36957 0.632843 0.269613 0.370805 0.632843 0.283086 0.350778 0.632843 0.279768 0.350341 0.632843 0.266949 0.363161 0.632843 0.267385 0.366478 0.632843 0.27645 0.350778 0.632843 0.273358 0.352059 0.632843 0.270703 0.354096 0.632843 0.268666 0.356751 0.632843 0.267385 0.359843 0.632843 0.274377 0.366273 0.632843 0.273755 0.364772 0.632843 0.281379 0.357148 0.632843 0.279768 0.356936 0.632843 0.278157 0.357148 0.632843 0.276655 0.35777 0.632843 0.275366 0.358759 0.632843 0.274377 0.360048 0.632843 0.273755 0.36155 0.632843 0.273543 0.363161 0.632843 0.28578 0.36155 0.638918 0.285992 0.363161 0.638918 0.28578 0.364772 0.638918 0.285158 0.366273 0.638918 0.284169 0.367562 0.638918 0.28288 0.368551 0.638918 0.281379 0.369173 0.638918 0.279768 0.369385 0.638918 0.278157 0.369173 0.638918 0.276655 0.368551 0.638918 0.272091 0.37329 0.638918 0.269617 0.375858 0.638918 0.269617 0.375858 0.632843 0.273755 0.364772 0.638918 0.274377 0.366273 0.638918 0.273543 0.363161 0.638918 0.273755 0.36155 0.638918 0.274377 0.360048 0.638918 0.275366 0.358759 0.638918 0.276655 0.35777 0.638918 0.278157 0.357148 0.638918 0.279768 0.356936 0.638918 0.281379 0.357148 0.638918 0.266976 0.373314 0.638918 0.269181 0.371216 0.638918 0.267818 0.375062 0.638918 0.266973 0.374248 0.638918 0.268663 0.375876 0.638918 0.268663 0.375876 0.633518 0.266982 0.373319 0.632843 0.266973 0.374248 0.633518 0.2683 0.374589 0.632843 0.267818 0.375062 0.633518 0.291669 0.351211 0.633518 0.2356719 0.423911 0.62839 0.234942 0.423863 0.62839 0.2356719 0.418314 0.62839 0.303172 0.418314 0.62839 0.303172 0.423911 0.62839 0.249172 0.383411 0.62839 0.289672 0.383411 0.62839 0.248291 0.383353 0.62839 0.247425 0.383181 0.62839 0.246589 0.382897 0.62839 0.245797 0.382506 0.62839 0.245063 0.382016 0.62839 0.244399 0.381434 0.62839 0.243817 0.38077 0.62839 0.243327 0.380036 0.62839 0.242936 0.379244 0.62839 0.2426519 0.378408 0.62839 0.24248 0.377542 0.62839 0.242422 0.376661 0.62839 0.2356719 0.121314 0.62839 0.242422 0.291896 0.62839 0.242422 0.318896 0.62839 0.24248 0.319777 0.62839 0.242422 0.349661 0.62839 0.230075 0.121314 0.62839 0.230075 0.418314 0.62839 0.230123 0.1205829 0.62839 0.230123 0.419044 0.62839 0.230266 0.419762 0.62839 0.230502 0.420456 0.62839 0.230825 0.421112 0.62839 0.231232 0.421721 0.62839 0.231715 0.422271 0.62839 0.2322649 0.422754 0.62839 0.232874 0.423161 0.62839 0.2335309 0.423485 0.62839 0.234224 0.42372 0.62839 0.230266 0.119865 0.62839 0.230502 0.119172 0.62839 0.230825 0.118515 0.62839 0.231232 0.117906 0.62839 0.231715 0.117356 0.62839 0.2322649 0.116873 0.62839 0.232874 0.1164669 0.62839 0.2335309 0.116143 0.62839 0.234224 0.115907 0.62839 0.234942 0.115765 0.62839 0.2356719 0.115717 0.62839 0.303172 0.115717 0.62839 0.303172 0.121314 0.62839 0.303903 0.115765 0.62839 0.304621 0.115907 0.62839 0.305314 0.116143 0.62839 0.305971 0.1164669 0.62839 0.30658 0.116873 0.62839 0.30713 0.117356 0.62839 0.307613 0.117906 0.62839 0.30802 0.118515 0.62839 0.308343 0.119172 0.62839 0.308579 0.119865 0.62839 0.308721 0.1205829 0.62839 0.308769 0.121314 0.62839 0.308769 0.418314 0.62839 0.308721 0.419044 0.62839 0.308579 0.419762 0.62839 0.308343 0.420456 0.62839 0.30802 0.421112 0.62839 0.307613 0.421721 0.62839 0.30713 0.422271 0.62839 0.30658 0.422754 0.62839 0.305971 0.423161 0.62839 0.305314 0.423485 0.62839 0.304621 0.42372 0.62839 0.303903 0.423863 0.62839 0.296422 0.318896 0.62839 0.296422 0.291896 0.62839 0.296422 0.376661 0.62839 0.296422 0.349661 0.62839 0.296365 0.291015 0.62839 0.296192 0.290149 0.62839 0.295909 0.289313 0.62839 0.295518 0.288521 0.62839 0.295028 0.287787 0.62839 0.294445 0.287123 0.62839 0.293782 0.286541 0.62839 0.293047 0.28605 0.62839 0.292256 0.28566 0.62839 0.291419 0.285376 0.62839 0.290553 0.285204 0.62839 0.289672 0.285146 0.62839 0.249172 0.285146 0.62839 0.248291 0.285204 0.62839 0.247425 0.285376 0.62839 0.246589 0.28566 0.62839 0.245797 0.28605 0.62839 0.245063 0.286541 0.62839 0.244399 0.287123 0.62839 0.243817 0.287787 0.62839 0.243327 0.288521 0.62839 0.242936 0.289313 0.62839 0.2426519 0.290149 0.62839 0.24248 0.291015 0.62839 0.296365 0.377542 0.62839 0.296192 0.378408 0.62839 0.295909 0.379244 0.62839 0.295518 0.380036 0.62839 0.295028 0.38077 0.62839 0.294445 0.381434 0.62839 0.293782 0.382016 0.62839 0.293047 0.382506 0.62839 0.292256 0.382897 0.62839 0.291419 0.383181 0.62839 0.290553 0.383353 0.62839 0.296365 0.319777 0.62839 0.296365 0.34878 0.62839 0.296192 0.320643 0.62839 0.296192 0.347914 0.62839 0.295909 0.321479 0.62839 0.295909 0.347078 0.62839 0.295518 0.322271 0.62839 0.295518 0.346286 0.62839 0.295028 0.323005 0.62839 0.295028 0.345551 0.62839 0.294445 0.323669 0.62839 0.294445 0.344888 0.62839 0.293782 0.324251 0.62839 0.293782 0.344305 0.62839 0.293047 0.324742 0.62839 0.293047 0.343815 0.62839 0.292256 0.325132 0.62839 0.292256 0.343424 0.62839 0.291419 0.325416 0.62839 0.291419 0.343141 0.62839 0.290553 0.325588 0.62839 0.290553 0.342968 0.62839 0.289672 0.325646 0.62839 0.289672 0.342911 0.62839 0.249172 0.325646 0.62839 0.249172 0.342911 0.62839 0.248291 0.342968 0.62839 0.248291 0.325588 0.62839 0.247425 0.343141 0.62839 0.247425 0.325416 0.62839 0.246589 0.343424 0.62839 0.246589 0.325132 0.62839 0.245797 0.343815 0.62839 0.245797 0.324742 0.62839 0.245063 0.344305 0.62839 0.245063 0.324251 0.62839 0.244399 0.344888 0.62839 0.244399 0.323669 0.62839 0.243817 0.345551 0.62839 0.243817 0.323005 0.62839 0.243327 0.346286 0.62839 0.243327 0.322271 0.62839 0.242936 0.347078 0.62839 0.242936 0.321479 0.62839 0.2426519 0.347914 0.62839 0.2426519 0.320643 0.62839 0.24248 0.34878 0.62839 0.242566 0.32021 0.62839 0.2356719 0.423911 0.60139 0.234942 0.423863 0.60139 0.303172 0.423911 0.60139 0.230075 0.121314 0.60139 0.230123 0.1205829 0.60139 0.230075 0.418314 0.60139 0.230123 0.419044 0.60139 0.230266 0.419762 0.60139 0.230502 0.420456 0.60139 0.230825 0.421112 0.60139 0.231232 0.421721 0.60139 0.231715 0.422271 0.60139 0.2322649 0.422754 0.60139 0.232874 0.423161 0.60139 0.2335309 0.423485 0.60139 0.234224 0.42372 0.60139 0.230266 0.119865 0.60139 0.303172 0.115717 0.60139 0.303903 0.115765 0.60139 0.2356719 0.115717 0.60139 0.234942 0.115765 0.60139 0.234224 0.115907 0.60139 0.2335309 0.116143 0.60139 0.232874 0.1164669 0.60139 0.2322649 0.116873 0.60139 0.231715 0.117356 0.60139 0.231232 0.117906 0.60139 0.230825 0.118515 0.60139 0.230502 0.119172 0.60139 0.304621 0.115907 0.60139 0.305314 0.116143 0.60139 0.305971 0.1164669 0.60139 0.30658 0.116873 0.60139 0.30713 0.117356 0.60139 0.307613 0.117906 0.60139 0.30802 0.118515 0.60139 0.308343 0.119172 0.60139 0.308579 0.119865 0.60139 0.308721 0.1205829 0.60139 0.308769 0.121314 0.60139 0.308769 0.418314 0.60139 0.308721 0.419044 0.60139 0.308579 0.419762 0.60139 0.303903 0.423863 0.60139 0.304621 0.42372 0.60139 0.305314 0.423485 0.60139 0.305971 0.423161 0.60139 0.30658 0.422754 0.60139 0.30713 0.422271 0.60139 0.307613 0.421721 0.60139 0.30802 0.421112 0.60139 0.308343 0.420456 0.60139 -0.324942 0.059255 0.62839 -0.324699 0.05853897 0.62839 -0.324699 0.05853897 0.61489 -0.324942 0.059255 0.61489 -0.324365 0.05786097 0.62839 -0.324365 0.05786097 0.61489 -0.323945 0.05723196 0.62839 -0.323945 0.05723196 0.61489 -0.323447 0.05666399 0.62839 -0.323447 0.05666399 0.61489 -0.322879 0.05616599 0.62839 -0.322879 0.05616599 0.61489 -0.32225 0.05574595 0.62839 -0.32225 0.05574595 0.61489 -0.321572 0.05541199 0.62839 -0.321572 0.05541199 0.61489 -0.320857 0.05516898 0.62839 -0.320857 0.05516898 0.61489 -0.320115 0.05502098 0.62839 -0.320115 0.05502098 0.61489 -0.319361 0.05497199 0.62839 -0.319361 0.05497199 0.61489 0.328639 0.05497199 0.62839 0.328639 0.05497199 0.61489 0.329393 0.05502098 0.62839 0.329393 0.05502098 0.61489 0.330134 0.05516898 0.62839 0.330134 0.05516898 0.61489 0.33085 0.05541199 0.62839 0.33085 0.05541199 0.61489 0.331528 0.05574595 0.62839 0.331528 0.05574595 0.61489 0.332156 0.05616599 0.62839 0.332156 0.05616599 0.61489 0.332724 0.05666399 0.62839 0.332724 0.05666399 0.61489 0.333223 0.05723196 0.62839 0.333223 0.05723196 0.61489 0.333643 0.05786097 0.62839 0.333643 0.05786097 0.61489 0.333977 0.05853897 0.62839 0.333977 0.05853897 0.61489 0.33422 0.059255 0.62839 0.33422 0.059255 0.61489 0.334367 0.05999594 0.62839 0.334367 0.05999594 0.61489 0.334417 0.06074994 0.62839 0.334417 0.06074994 0.61489 0.334417 0.43875 0.62839 0.334417 0.43875 0.61489 0.334367 0.439504 0.62839 0.334367 0.439504 0.61489 0.33422 0.440245 0.62839 0.33422 0.440245 0.61489 0.333977 0.440961 0.62839 0.333977 0.440961 0.61489 0.333643 0.441639 0.62839 0.333643 0.441639 0.61489 0.333223 0.442267 0.62839 0.333223 0.442267 0.61489 0.332724 0.442836 0.62839 0.332724 0.442836 0.61489 0.332156 0.443334 0.62839 0.332156 0.443334 0.61489 0.331528 0.443754 0.62839 0.331528 0.443754 0.61489 0.33085 0.444088 0.62839 0.33085 0.444088 0.61489 0.330134 0.444331 0.62839 0.330134 0.444331 0.61489 0.329393 0.444479 0.62839 0.329393 0.444479 0.61489 0.328639 0.444528 0.62839 0.328639 0.444528 0.61489 -0.319361 0.444528 0.62839 -0.319361 0.444528 0.61489 -0.320115 0.444479 0.62839 -0.320115 0.444479 0.61489 -0.320857 0.444331 0.62839 -0.320857 0.444331 0.61489 -0.321572 0.444088 0.62839 -0.321572 0.444088 0.61489 -0.32225 0.443754 0.62839 -0.32225 0.443754 0.61489 -0.322879 0.443334 0.62839 -0.322879 0.443334 0.61489 -0.323447 0.442836 0.62839 -0.323447 0.442836 0.61489 -0.323945 0.442267 0.62839 -0.323945 0.442267 0.61489 -0.324365 0.441639 0.62839 -0.324365 0.441639 0.61489 -0.324699 0.440961 0.62839 -0.324699 0.440961 0.61489 -0.324942 0.440245 0.62839 -0.324942 0.440245 0.61489 -0.32509 0.439504 0.62839 -0.32509 0.439504 0.61489 -0.325139 0.43875 0.62839 -0.325139 0.43875 0.61489 -0.325139 0.06074994 0.62839 -0.325139 0.06074994 0.61489 -0.32509 0.05999594 0.62839 -0.32509 0.05999594 0.61489 -0.319384 0.06067699 0.61489 -0.319175 0.06066399 0.61489 0.328452 0.06066399 0.61489 0.328711 0.06072795 0.61489 0.328725 0.06093597 0.61489 0.328725 0.438564 0.61489 0.328661 0.438823 0.61489 0.328452 0.438836 0.61489 -0.319175 0.438836 0.61489 -0.319434 0.438772 0.61489 -0.319448 0.438564 0.61489 -0.319448 0.06093597 0.61489 -0.319175 0.06066399 0.62839 -0.319384 0.06067699 0.62839 0.328452 0.06066399 0.62839 0.328711 0.06072795 0.62839 0.328725 0.06093597 0.62839 0.328725 0.438564 0.62839 0.328661 0.438823 0.62839 0.328452 0.438836 0.62839 -0.319175 0.438836 0.62839 -0.319434 0.438772 0.62839 -0.319448 0.438564 0.62839 -0.319448 0.06093597 0.62839 -0.319448 0.425064 0.62839 0.203922 0.112564 0.62839 -0.307948 0.112564 0.62839 0.2356719 0.114564 0.62839 0.303172 0.114564 0.62839 0.234791 0.114621 0.62839 0.304053 0.114621 0.62839 0.304919 0.114794 0.62839 0.305756 0.115077 0.62839 0.306547 0.115468 0.62839 0.307282 0.115959 0.62839 0.307945 0.116541 0.62839 0.308528 0.117205 0.62839 0.309018 0.117939 0.62839 0.309409 0.118731 0.62839 0.309692 0.119567 0.62839 0.309865 0.120433 0.62839 0.309922 0.121314 0.62839 0.309922 0.418314 0.62839 0.309865 0.419195 0.62839 0.309692 0.420061 0.62839 0.309409 0.420897 0.62839 0.309018 0.421689 0.62839 0.308528 0.422423 0.62839 0.307945 0.423087 0.62839 0.307282 0.423669 0.62839 0.306547 0.424159 0.62839 0.305756 0.42455 0.62839 0.304919 0.424834 0.62839 0.304053 0.425006 0.62839 0.303172 0.425064 0.62839 0.203922 0.427064 0.62839 0.2356719 0.425064 0.62839 -0.307948 0.427064 0.62839 0.228922 0.121314 0.62839 0.228922 0.418314 0.62839 0.22898 0.120433 0.62839 0.229152 0.119567 0.62839 0.229436 0.118731 0.62839 0.229827 0.117939 0.62839 0.2303169 0.117205 0.62839 0.230899 0.116541 0.62839 0.231563 0.115959 0.62839 0.232297 0.115468 0.62839 0.233089 0.115077 0.62839 0.233925 0.114794 0.62839 0.22898 0.419195 0.62839 0.229152 0.420061 0.62839 0.229436 0.420897 0.62839 0.229827 0.421689 0.62839 0.2303169 0.422423 0.62839 0.230899 0.423087 0.62839 0.231563 0.423669 0.62839 0.232297 0.424159 0.62839 0.233089 0.42455 0.62839 0.233925 0.424834 0.62839 0.234791 0.425006 0.62839 0.2356719 0.114564 0.60139 0.234791 0.114621 0.60139 0.303172 0.114564 0.60139 0.304053 0.114621 0.60139 0.304919 0.114794 0.60139 0.305756 0.115077 0.60139 0.306547 0.115468 0.60139 0.307282 0.115959 0.60139 0.307945 0.116541 0.60139 0.308528 0.117205 0.60139 0.309922 0.121314 0.60139 0.309865 0.120433 0.60139 0.309922 0.418314 0.60139 0.309692 0.420061 0.60139 0.309865 0.419195 0.60139 0.309409 0.420897 0.60139 0.309018 0.421689 0.60139 0.308528 0.422423 0.60139 0.303172 0.425064 0.60139 0.304053 0.425006 0.60139 0.2356719 0.425064 0.60139 0.233925 0.114794 0.60139 0.233089 0.115077 0.60139 0.228922 0.121314 0.60139 0.228922 0.418314 0.60139 0.22898 0.120433 0.60139 0.229152 0.119567 0.60139 0.229436 0.118731 0.60139 0.229827 0.117939 0.60139 0.2303169 0.117205 0.60139 0.230899 0.116541 0.60139 0.231563 0.115959 0.60139 0.232297 0.115468 0.60139 0.22898 0.419195 0.60139 0.229152 0.420061 0.60139 0.229436 0.420897 0.60139 0.229827 0.421689 0.60139 0.2303169 0.422423 0.60139 0.230899 0.423087 0.60139 0.231563 0.423669 0.60139 0.232297 0.424159 0.60139 0.233089 0.42455 0.60139 0.233925 0.424834 0.60139 0.234791 0.425006 0.60139 0.309018 0.117939 0.60139 0.309409 0.118731 0.60139 0.309692 0.119567 0.60139 0.307945 0.423087 0.60139 0.307282 0.423669 0.60139 0.306547 0.424159 0.60139 0.305756 0.42455 0.60139 0.304919 0.424834 0.60139 -0.305948 0.425064 0.62639 0.2019219 0.425064 0.62639 -0.305948 0.114564 0.62639 0.2019219 0.114564 0.62639 0.234942 0.115765 0.60139 0.234224 0.115907 0.60139 0.2335309 0.116143 0.60139 0.232874 0.1164669 0.60139 0.2322649 0.116873 0.60139 0.231715 0.117356 0.60139 0.231232 0.117906 0.60139 0.230825 0.118515 0.60139 0.230502 0.119172 0.60139 0.230266 0.119865 0.60139 0.230123 0.1205829 0.60139 0.230075 0.121314 0.60139 0.230075 0.418314 0.60139 0.230123 0.419044 0.60139 0.230266 0.419762 0.60139 0.230502 0.420456 0.60139 0.230825 0.421112 0.60139 0.231232 0.421721 0.60139 0.231715 0.422271 0.60139 0.2322649 0.422754 0.60139 0.232874 0.423161 0.60139 0.2335309 0.423485 0.60139 0.234224 0.42372 0.60139 0.234942 0.423863 0.60139 0.2356719 0.423911 0.60139 0.303172 0.423911 0.60139 0.303903 0.423863 0.60139 0.304621 0.42372 0.60139 0.305314 0.423485 0.60139 0.305971 0.423161 0.60139 0.30658 0.422754 0.60139 0.30713 0.422271 0.60139 0.307613 0.421721 0.60139 0.30802 0.421112 0.60139 0.308343 0.420456 0.60139 0.308579 0.419762 0.60139 0.308721 0.419044 0.60139 0.308769 0.418314 0.60139 0.308769 0.121314 0.60139 0.308721 0.1205829 0.60139 0.308579 0.119865 0.60139 0.308343 0.119172 0.60139 0.30802 0.118515 0.60139 0.307613 0.117906 0.60139 0.30713 0.117356 0.60139 0.30658 0.116873 0.60139 0.305971 0.1164669 0.60139 0.305314 0.116143 0.60139 0.304621 0.115907 0.60139 0.303903 0.115765 0.60139 0.303172 0.115717 0.60139 0.2356719 0.115717 0.60139 0.2019219 0.114564 0.626093 0.2019219 0.425064 0.626093 -0.305948 0.114564 0.626093 -0.305948 0.425064 0.626093 -0.266636 0.414236 0.626093 -0.265327 0.414464 0.626093 -0.261137 0.414705 0.626093 0.157111 0.414705 0.626093 0.161302 0.414464 0.626093 0.162611 0.414236 0.626093 -0.269303 0.413771 0.626093 -0.272219 0.412927 0.626093 -0.269504 0.413735 0.626093 -0.275368 0.411743 0.626093 -0.273543 0.412533 0.626093 -0.278524 0.410202 0.626093 -0.277375 0.410875 0.626093 -0.28155 0.408316 0.626093 -0.280937 0.408788 0.626093 -0.284351 0.406119 0.626093 -0.284166 0.406303 0.626093 -0.286832 0.403637 0.626093 -0.288943 0.40092 0.626093 -0.287008 0.403461 0.626093 -0.290667 0.398071 0.626093 -0.289411 0.400307 0.626093 -0.291984 0.395203 0.626093 -0.29133 0.396893 0.626093 -0.292905 0.392499 0.626093 -0.292728 0.393279 0.626093 -0.293443 0.390129 0.626093 -0.293443 0.149498 0.626093 -0.293579 0.150101 0.626093 -0.293859 0.153847 0.626093 -0.293859 0.38578 0.626093 -0.293579 0.389527 0.626093 -0.292905 0.147128 0.626093 -0.291984 0.144425 0.626093 -0.292728 0.146349 0.626093 -0.290667 0.141556 0.626093 -0.29133 0.142734 0.626093 -0.288943 0.138707 0.626093 -0.289411 0.139321 0.626093 -0.286832 0.135991 0.626093 -0.287008 0.136167 0.626093 -0.284351 0.133508 0.626093 -0.28155 0.131312 0.626093 -0.284166 0.133324 0.626093 -0.278524 0.129426 0.626093 -0.280937 0.13084 0.626093 -0.275368 0.127884 0.626093 -0.277375 0.1287519 0.626093 -0.272219 0.1267 0.626093 -0.273543 0.127094 0.626093 -0.269303 0.1258569 0.626093 -0.269504 0.125892 0.626093 -0.266636 0.125391 0.626093 0.162611 0.125391 0.626093 0.161302 0.125163 0.626093 0.157111 0.124922 0.626093 -0.261137 0.124922 0.626093 -0.265327 0.125163 0.626093 0.165278 0.1258569 0.626093 0.1681939 0.1267 0.626093 0.165479 0.125892 0.626093 0.171343 0.127884 0.626093 0.1695179 0.127094 0.626093 0.174499 0.129426 0.626093 0.17335 0.1287519 0.626093 0.177525 0.131312 0.626093 0.1769109 0.13084 0.626093 0.180325 0.133508 0.626093 0.180141 0.133324 0.626093 0.182807 0.135991 0.626093 0.184918 0.138707 0.626093 0.182983 0.136167 0.626093 0.186642 0.141556 0.626093 0.185385 0.139321 0.626093 0.187959 0.144425 0.626093 0.187304 0.142734 0.626093 0.18888 0.147128 0.626093 0.188703 0.146349 0.626093 0.189417 0.149498 0.626093 0.189417 0.390129 0.626093 0.189554 0.389527 0.626093 0.1898339 0.38578 0.626093 0.1898339 0.153847 0.626093 0.189554 0.150101 0.626093 0.18888 0.392499 0.626093 0.187959 0.395203 0.626093 0.188703 0.393279 0.626093 0.186642 0.398071 0.626093 0.187304 0.396893 0.626093 0.184918 0.40092 0.626093 0.185385 0.400307 0.626093 0.182807 0.403637 0.626093 0.182983 0.403461 0.626093 0.180325 0.406119 0.626093 0.177525 0.408316 0.626093 0.180141 0.406303 0.626093 0.174499 0.410202 0.626093 0.1769109 0.408788 0.626093 0.171343 0.411743 0.626093 0.17335 0.410875 0.626093 0.1681939 0.412927 0.626093 0.1695179 0.412533 0.626093 0.165278 0.413771 0.626093 0.165479 0.413735 0.626093 0.161072 0.412474 0.624093 0.16502 0.411785 0.624093 0.157054 0.412705 0.624093 -0.261079 0.412705 0.624093 -0.265097 0.412474 0.624093 -0.269046 0.411785 0.624093 -0.272858 0.41065 0.624093 -0.276469 0.409088 0.624093 -0.279817 0.407126 0.624093 -0.282844 0.404797 0.624093 -0.285498 0.402142 0.624093 -0.287735 0.399205 0.624093 -0.289516 0.396038 0.624093 -0.29081 0.392693 0.624093 -0.291596 0.38923 0.624093 -0.291859 0.385705 0.624093 -0.291859 0.153922 0.624093 -0.291596 0.150398 0.624093 -0.29081 0.146934 0.624093 -0.289516 0.14359 0.624093 -0.287735 0.140422 0.624093 -0.285498 0.137485 0.624093 -0.282844 0.1348299 0.624093 -0.279817 0.132501 0.624093 -0.276469 0.130539 0.624093 -0.272858 0.128977 0.624093 -0.269046 0.127842 0.624093 -0.265097 0.127153 0.624093 -0.261079 0.126922 0.624093 0.157054 0.126922 0.624093 0.161072 0.127153 0.624093 0.16502 0.127842 0.624093 0.168833 0.128977 0.624093 0.172444 0.130539 0.624093 0.175792 0.132501 0.624093 0.178819 0.1348299 0.624093 0.181473 0.137485 0.624093 0.18371 0.140422 0.624093 0.185491 0.14359 0.624093 0.186785 0.146934 0.624093 0.187571 0.150398 0.624093 0.187834 0.153922 0.624093 0.187834 0.385705 0.624093 0.187571 0.38923 0.624093 0.186785 0.392693 0.624093 0.185491 0.396038 0.624093 0.18371 0.399205 0.624093 0.181473 0.402142 0.624093 0.178819 0.404797 0.624093 0.175792 0.407126 0.624093 0.172444 0.409088 0.624093 0.168833 0.41065 0.624093 0.168833 0.41065 0.61489 0.16502 0.411785 0.61489 0.172444 0.409088 0.61489 0.175792 0.407126 0.61489 0.178819 0.404797 0.61489 0.181473 0.402142 0.61489 0.18371 0.399205 0.61489 0.185491 0.396038 0.61489 0.186785 0.392693 0.61489 0.187571 0.38923 0.61489 0.187834 0.385705 0.61489 0.187834 0.153922 0.61489 0.187571 0.150398 0.61489 0.186785 0.146934 0.61489 0.185491 0.14359 0.61489 0.18371 0.140422 0.61489 0.181473 0.137485 0.61489 0.178819 0.1348299 0.61489 0.175792 0.132501 0.61489 0.172444 0.130539 0.61489 0.168833 0.128977 0.61489 0.16502 0.127842 0.61489 0.161072 0.127153 0.61489 0.157054 0.126922 0.61489 -0.261079 0.126922 0.61489 -0.265097 0.127153 0.61489 -0.269046 0.127842 0.61489 -0.272858 0.128977 0.61489 -0.276469 0.130539 0.61489 -0.279817 0.132501 0.61489 -0.282844 0.1348299 0.61489 -0.285498 0.137485 0.61489 -0.287735 0.140422 0.61489 -0.289516 0.14359 0.61489 -0.29081 0.146934 0.61489 -0.291596 0.150398 0.61489 -0.291859 0.153922 0.61489 -0.291859 0.385705 0.61489 -0.291596 0.38923 0.61489 -0.29081 0.392693 0.61489 -0.289516 0.396038 0.61489 -0.287735 0.399205 0.61489 -0.285498 0.402142 0.61489 -0.282844 0.404797 0.61489 -0.279817 0.407126 0.61489 -0.276469 0.409088 0.61489 -0.272858 0.41065 0.61489 -0.269046 0.411785 0.61489 -0.265097 0.412474 0.61489 -0.261079 0.412705 0.61489 0.157054 0.412705 0.61489 0.161072 0.412474 0.61489 0 -0.06749999 0 0.01349997 -0.06749999 0 0.02699995 -0.04049998 0 0.02699995 0.04049998 0 0.01349997 0.06749999 0 0 0.06749999 0 -0.01349997 0.06749999 0 -0.02699995 0.04049998 0 -0.02699995 -0.04049998 0 -0.01349997 -0.06749999 0 -0.01349997 -0.06749999 -0.003374993 0.01349997 -0.06749999 -0.003374993 0.02699995 -0.04049998 -0.003374993 0.02699995 0.04049998 -0.003374993 0.01349997 0.06749999 -0.003374993 -0.01349997 0.06749999 -0.003374993 -0.02699995 0.04049998 -0.003374993 -0.02699995 -0.04049998 -0.003374993 0.273774 0.290205 0.632843 0.274604 0.293048 0.632843 0.274646 0.29303 0.632843 0.276274 0.292356 0.632843 0.27555 0.289765 0.632843 0.277326 0.289325 0.632843 0.278021 0.292126 0.632843 0.273766 0.290207 0.638918 0.274796 0.293699 0.638918 0.274796 0.293699 0.632843 0.274604 0.293048 0.632168 0.276655 0.300005 0.632843 0.276655 0.300005 0.638918 0.274422 0.290045 0.639593 0.275443 0.293508 0.639593 0.277326 0.289325 0.638918 0.278194 0.292826 0.638918 0.277539 0.292988 0.639593 0.276671 0.289487 0.639593 0.277434 0.300259 0.639593 0.279223 0.299781 0.639593 0.279768 0.299171 0.638918 0.275546 0.289766 0.639593 0.27537 0.289114 0.638918 0.276508 0.288832 0.638918 0.274231 0.289397 0.638918 0.274231 0.289397 0.633518 0.276508 0.288832 0.633518 0.276491 0.293248 0.639593 0.278329 0.30002 0.639593 0.275848 0.301476 0.639593 0.279769 0.305396 0.639593 0.281203 0.300041 0.639593 0.283927 0.321043 0.639593 0.283169 0.318178 0.639593 0.284233 0.317921 0.639593 0.28504 0.320722 0.639593 0.282814 0.321364 0.639593 0.282107 0.318434 0.639593 0.28121 0.310772 0.639593 0.280315 0.311012 0.639593 0.282104 0.310532 0.639593 0.278333 0.310751 0.639593 0.276996 0.310197 0.639593 0.275848 0.309316 0.639593 0.274967 0.308168 0.639593 0.274413 0.306831 0.639593 0.274224 0.305396 0.639593 0.274413 0.303961 0.639593 0.274967 0.302624 0.639593 0.283688 0.309316 0.639593 0.284569 0.308168 0.639593 0.285123 0.306831 0.639593 0.285312 0.305396 0.639593 0.285123 0.303961 0.639593 0.284569 0.302624 0.639593 0.283688 0.301476 0.639593 0.28254 0.300595 0.639593 0.278184 0.292785 0.632843 0.278194 0.292826 0.632843 0.278021 0.292126 0.632168 0.279768 0.299171 0.632843 0.279768 0.292577 0.632843 0.284702 0.317109 0.632843 0.28288 0.310787 0.632843 0.286177 0.316498 0.632843 0.284169 0.309798 0.632843 0.288832 0.314461 0.632843 0.285158 0.308508 0.632843 0.290869 0.311806 0.632843 0.28578 0.307007 0.632843 0.29215 0.308714 0.632843 0.285992 0.305396 0.632843 0.292587 0.305396 0.632843 0.28578 0.303785 0.632843 0.29215 0.302078 0.632843 0.285158 0.302284 0.632843 0.290869 0.298987 0.632843 0.284169 0.300995 0.632843 0.288832 0.296332 0.632843 0.28288 0.300005 0.632843 0.286177 0.294294 0.632843 0.281379 0.299384 0.632843 0.283086 0.293014 0.632843 0.279768 0.291896 0.632168 0.283262 0.292356 0.632168 0.286518 0.317087 0.632168 0.28489 0.317762 0.632168 0.289314 0.314942 0.632168 0.291459 0.312146 0.632168 0.292808 0.30889 0.632168 0.293268 0.305396 0.632168 0.292808 0.301902 0.632168 0.291459 0.298646 0.632168 0.289314 0.29585 0.632168 0.286518 0.293705 0.632168 0.276274 0.292356 0.632168 0.283262 0.292356 0.626093 0.279768 0.291896 0.626093 0.286518 0.293705 0.626093 0.289314 0.29585 0.626093 0.291459 0.298646 0.626093 0.292808 0.301902 0.626093 0.293268 0.305396 0.626093 0.292808 0.30889 0.626093 0.291459 0.312146 0.626093 0.289314 0.314942 0.626093 0.286518 0.317087 0.626093 0.28489 0.317762 0.626093 0.283262 0.318436 0.626093 0.283262 0.318436 0.632168 0.28147 0.318672 0.626093 0.28147 0.318672 0.632168 0.279768 0.318896 0.632168 0.279768 0.318896 0.626093 0.283262 0.318436 0.632843 0.28147 0.318672 0.632843 0.281515 0.318666 0.632843 0.28489 0.317762 0.632843 0.276274 0.318436 0.626093 0.276274 0.318436 0.632168 0.273018 0.317087 0.626093 0.273018 0.317087 0.632168 0.270222 0.314942 0.626093 0.270222 0.314942 0.632168 0.268076 0.312146 0.626093 0.268076 0.312146 0.632168 0.266728 0.30889 0.626093 0.266728 0.30889 0.632168 0.266268 0.305396 0.626093 0.266268 0.305396 0.632168 0.266728 0.301902 0.626093 0.266728 0.301902 0.632168 0.268076 0.298646 0.626093 0.268076 0.298646 0.632168 0.270222 0.29585 0.626093 0.270222 0.29585 0.632168 0.273018 0.293705 0.626093 0.273018 0.293705 0.632168 0.274604 0.293048 0.626093 0.276274 0.292356 0.626093 0.278021 0.292126 0.626093 0.273358 0.294294 0.632843 0.279768 0.318215 0.632843 0.28131 0.318012 0.632843 0.270703 0.296332 0.632843 0.268666 0.298987 0.632843 0.273358 0.316498 0.632843 0.27645 0.317779 0.632843 0.267385 0.302078 0.632843 0.266949 0.305396 0.632843 0.267385 0.308714 0.632843 0.268666 0.311806 0.632843 0.270703 0.314461 0.632843 0.279768 0.311621 0.632843 0.278157 0.311409 0.632843 0.275366 0.300995 0.632843 0.274377 0.302284 0.632843 0.273755 0.303785 0.632843 0.273543 0.305396 0.632843 0.273755 0.307007 0.632843 0.274377 0.308508 0.632843 0.275366 0.309798 0.632843 0.276655 0.310787 0.632843 0.281379 0.299384 0.638918 0.28288 0.300005 0.638918 0.284169 0.300995 0.638918 0.285158 0.302284 0.638918 0.28578 0.303785 0.638918 0.285992 0.305396 0.638918 0.28578 0.307007 0.638918 0.285158 0.308508 0.638918 0.284169 0.309798 0.638918 0.28288 0.310787 0.638918 0.284702 0.317109 0.638918 0.285689 0.320535 0.638918 0.285689 0.320535 0.632843 0.278157 0.311409 0.638918 0.279768 0.311621 0.638918 0.276655 0.310787 0.638918 0.275366 0.309798 0.638918 0.274377 0.308508 0.638918 0.273755 0.307007 0.638918 0.273543 0.305396 0.638918 0.273755 0.303785 0.638918 0.274377 0.302284 0.638918 0.275366 0.300995 0.638918 0.282164 0.321551 0.638918 0.28145 0.318592 0.638918 0.2841 0.321696 0.638918 0.282972 0.322021 0.638918 0.285227 0.321371 0.638918 0.285227 0.321371 0.633518 0.282173 0.321549 0.632843 0.282972 0.322021 0.633518 0.283931 0.321042 0.632843 0.2841 0.321696 0.633518 0.27537 0.289114 0.633518 -0.3645 0.05399996 0.645064 -0.3645 0.04657495 0.645064 -0.3645 0.04117494 0.647141 -0.3645 0.05399996 0.647141 -0.363589 0.05371999 0.644254 -0.363589 0.04792499 0.644254 -0.355388 0.06074994 0.645064 -0.35501 0.06007498 0.644254 -0.355388 0.06074994 0.647141 -0.363589 0.05371999 0.647951 -0.35501 0.06007498 0.647951 -0.363589 0.04117494 0.647951 -0.363589 0.04049998 0.647141 -0.3645 0.04117494 0.162761 -0.363589 0.04049998 0.162761 -0.3645 0.04657495 0.162761 -0.363589 0.04724997 0.643444 -0.363589 0.04724997 0.162761 0.363589 0.04724997 0.643444 0.363589 0.04792499 0.644254 0.363589 0.04724997 0.162761 0.363589 0.04657495 0.161951 -0.363589 0.04657495 0.161951 0.363589 0.04117494 0.161951 -0.363589 0.04117494 0.161951 0.3645 0.04657495 0.162761 0.3645 0.04117494 0.162761 0.3645 0.04657495 0.645064 0.3645 0.04117494 0.647141 0.3645 0.05399996 0.645064 0.363589 0.05371999 0.644254 0.3645 0.05399996 0.647141 0.363589 0.05371999 0.647951 0.363589 0.04117494 0.647951 0.355388 0.06074994 0.647141 0.35501 0.06007498 0.647951 0.355388 0.06074994 0.645064 0.363589 0.04049998 0.647141 0.363589 0.04049998 0.162761 0.35501 0.06007498 0.644254 0.288794 0.1384249 0.64189 0.287829 0.1396819 0.64189 0.28724 0.139342 0.641215 0.288312 0.137944 0.641215 0.290051 0.137461 0.64189 0.28971 0.136871 0.641215 0.287223 0.141146 0.64189 0.286565 0.14097 0.641215 0.287016 0.142717 0.64189 0.286335 0.142717 0.641215 0.287223 0.144288 0.64189 0.286565 0.144464 0.641215 0.287829 0.1457509 0.64189 0.28724 0.1460919 0.641215 0.288794 0.147008 0.64189 0.288312 0.14749 0.641215 0.290051 0.147973 0.64189 0.291514 0.148579 0.64189 0.291338 0.149237 0.641215 0.28971 0.148562 0.641215 0.293085 0.148786 0.64189 0.293085 0.149467 0.641215 0.294656 0.148579 0.64189 0.29612 0.147973 0.64189 0.29646 0.148562 0.641215 0.294832 0.149237 0.641215 0.297377 0.147008 0.64189 0.297858 0.14749 0.641215 0.298341 0.1457509 0.64189 0.298948 0.144288 0.64189 0.299605 0.144464 0.641215 0.298931 0.1460919 0.641215 0.299154 0.142717 0.64189 0.299835 0.142717 0.641215 0.298948 0.141146 0.64189 0.298341 0.1396819 0.64189 0.298931 0.139342 0.641215 0.299605 0.14097 0.641215 0.297377 0.1384249 0.64189 0.297858 0.137944 0.641215 0.29612 0.137461 0.64189 0.294656 0.1368539 0.64189 0.294832 0.136197 0.641215 0.29646 0.136871 0.641215 0.293085 0.1366479 0.64189 0.293085 0.135967 0.641215 0.291514 0.1368539 0.64189 0.291338 0.136197 0.641215 0.293085 0.142717 0.64189 0.28971 0.136871 0.62839 0.288312 0.137944 0.62839 0.291338 0.136197 0.62839 0.293085 0.135967 0.62839 0.294832 0.136197 0.62839 0.29646 0.136871 0.62839 0.297858 0.137944 0.62839 0.298931 0.139342 0.62839 0.299605 0.14097 0.62839 0.299835 0.142717 0.62839 0.299605 0.144464 0.62839 0.298931 0.1460919 0.62839 0.297858 0.14749 0.62839 0.29646 0.148562 0.62839 0.294832 0.149237 0.62839 0.293085 0.149467 0.62839 0.291338 0.149237 0.62839 0.28971 0.148562 0.62839 0.288312 0.14749 0.62839 0.28724 0.1460919 0.62839 0.286565 0.144464 0.62839 0.286335 0.142717 0.62839 0.286565 0.14097 0.62839 0.28724 0.139342 0.62839 0.293047 0.28605 0.626093 0.293782 0.286541 0.626093 0.289672 0.291896 0.626093 0.294445 0.287123 0.626093 0.295028 0.287787 0.626093 0.295518 0.288521 0.626093 0.295909 0.289313 0.626093 0.296192 0.290149 0.626093 0.296365 0.291015 0.626093 0.296422 0.291896 0.626093 0.296422 0.318896 0.626093 0.289672 0.318896 0.626093 0.296365 0.319777 0.626093 0.296192 0.320643 0.626093 0.295909 0.321479 0.626093 0.295518 0.322271 0.626093 0.295028 0.323005 0.626093 0.294445 0.323669 0.626093 0.293782 0.324251 0.626093 0.293047 0.324742 0.626093 0.292256 0.325132 0.626093 0.291419 0.325416 0.626093 0.290553 0.325588 0.626093 0.289672 0.325646 0.626093 0.249172 0.325646 0.626093 0.249172 0.318896 0.626093 0.248291 0.325588 0.626093 0.247425 0.325416 0.626093 0.246589 0.325132 0.626093 0.245797 0.324742 0.626093 0.245063 0.324251 0.626093 0.244399 0.323669 0.626093 0.243817 0.323005 0.626093 0.243327 0.322271 0.626093 0.242936 0.321479 0.626093 0.2426519 0.320643 0.626093 0.24248 0.319777 0.626093 0.242422 0.318896 0.626093 0.242422 0.291896 0.626093 0.249172 0.291896 0.626093 0.24248 0.291015 0.626093 0.2426519 0.290149 0.626093 0.242936 0.289313 0.626093 0.243327 0.288521 0.626093 0.243817 0.287787 0.626093 0.244399 0.287123 0.626093 0.245063 0.286541 0.626093 0.245797 0.28605 0.626093 0.246589 0.28566 0.626093 0.247425 0.285376 0.626093 0.248291 0.285204 0.626093 0.249172 0.285146 0.626093 0.289672 0.285146 0.626093 0.290553 0.285204 0.626093 0.291419 0.285376 0.626093 0.292256 0.28566 0.626093 0.294852 0.160453 0.629846 0.293054 0.159415 0.629846 0.295059 0.159952 0.629846 0.294522 0.1608819 0.629846 0.294092 0.161212 0.629846 0.295003 0.161364 0.629171 0.294432 0.1618019 0.629171 0.295441 0.160793 0.629171 0.295717 0.1601279 0.629171 0.29513 0.159415 0.629846 0.295811 0.159415 0.629171 0.295059 0.158877 0.629846 0.294852 0.158377 0.629846 0.295441 0.1580359 0.629171 0.295717 0.158701 0.629171 0.294522 0.157947 0.629846 0.295003 0.1574659 0.629171 0.294092 0.157617 0.629846 0.293591 0.15741 0.629846 0.293054 0.157339 0.629846 0.293054 0.1566579 0.629171 0.293767 0.156752 0.629171 0.292517 0.15741 0.629846 0.292341 0.156752 0.629171 0.292016 0.157617 0.629846 0.291676 0.157028 0.629171 0.291586 0.157947 0.629846 0.291105 0.1574659 0.629171 0.291257 0.158377 0.629846 0.291049 0.158877 0.629846 0.290978 0.159415 0.629846 0.290298 0.159415 0.629171 0.290392 0.158701 0.629171 0.291049 0.159952 0.629846 0.290392 0.1601279 0.629171 0.291257 0.160453 0.629846 0.290667 0.160793 0.629171 0.291586 0.1608819 0.629846 0.291105 0.161364 0.629171 0.292016 0.161212 0.629846 0.292517 0.16142 0.629846 0.293054 0.16149 0.629846 0.293054 0.162171 0.629171 0.292341 0.162077 0.629171 0.293591 0.16142 0.629846 0.293767 0.162077 0.629171 0.293767 0.162077 0.62839 0.294432 0.1618019 0.62839 0.293054 0.162171 0.62839 0.292341 0.162077 0.62839 0.291676 0.1618019 0.62839 0.291676 0.1618019 0.629171 0.291105 0.161364 0.62839 0.290667 0.160793 0.62839 0.290392 0.1601279 0.62839 0.290298 0.159415 0.62839 0.290392 0.158701 0.62839 0.290667 0.1580359 0.62839 0.290667 0.1580359 0.629171 0.291105 0.1574659 0.62839 0.291676 0.157028 0.62839 0.292341 0.156752 0.62839 0.293054 0.1566579 0.62839 0.293767 0.156752 0.62839 0.294432 0.157028 0.62839 0.294432 0.157028 0.629171 0.295003 0.1574659 0.62839 0.295441 0.1580359 0.62839 0.295717 0.158701 0.62839 0.295811 0.159415 0.62839 0.295717 0.1601279 0.62839 0.295441 0.160793 0.62839 0.295003 0.161364 0.62839 -0.327703 0.43875 0.29639 -0.327631 0.439839 0.29639 -0.300279 0.42567 0.29639 -0.300815 0.42367 0.29639 -0.327419 0.440909 0.29639 -0.327068 0.441942 0.29639 -0.326585 0.442921 0.29639 -0.325979 0.443828 0.29639 -0.32526 0.444648 0.29639 -0.298815 0.427134 0.29639 -0.324439 0.445368 0.29639 0.33698 0.43875 0.29639 0.33698 0.06074994 0.29639 0.123185 0.05766999 0.29639 0.123185 0.42367 0.29639 0.336909 0.05966097 0.29639 0.122649 0.05566996 0.29639 0.336696 0.05859094 0.29639 0.336345 0.057558 0.29639 0.335863 0.05657899 0.29639 0.335256 0.05567198 0.29639 0.334537 0.05485194 0.29639 0.121185 0.05420595 0.29639 0.333717 0.05413198 0.29639 0.332809 0.05352598 0.29639 0.331831 0.05304294 0.29639 0.330798 0.05269294 0.29639 0.329727 0.05247998 0.29639 0.119185 0.05366998 0.29639 0.328639 0.05240899 0.29639 -0.296815 0.05366998 0.29639 -0.319361 0.05240899 0.29639 -0.32045 0.05247998 0.29639 -0.298815 0.05420595 0.29639 -0.32152 0.05269294 0.29639 -0.322553 0.05304294 0.29639 -0.323532 0.05352598 0.29639 -0.300279 0.05566996 0.29639 -0.324439 0.05413198 0.29639 -0.300815 0.05766999 0.29639 -0.327631 0.05966097 0.29639 -0.327703 0.06074994 0.29639 -0.327419 0.05859094 0.29639 -0.327068 0.057558 0.29639 -0.326585 0.05657899 0.29639 -0.325979 0.05567198 0.29639 -0.32526 0.05485194 0.29639 -0.296815 0.42767 0.29639 -0.32045 0.44702 0.29639 -0.319361 0.447091 0.29639 -0.32152 0.446807 0.29639 -0.322553 0.446456 0.29639 -0.323532 0.445974 0.29639 0.119185 0.42767 0.29639 0.328639 0.447091 0.29639 0.329727 0.44702 0.29639 0.121185 0.427134 0.29639 0.330798 0.446807 0.29639 0.331831 0.446456 0.29639 0.332809 0.445974 0.29639 0.333717 0.445368 0.29639 0.334537 0.444648 0.29639 0.122649 0.42567 0.29639 0.335256 0.443828 0.29639 0.336909 0.439839 0.29639 0.336696 0.440909 0.29639 0.336345 0.441942 0.29639 0.335863 0.442921 0.29639 0.120685 0.05507194 0.296122 0.119185 0.05466997 0.296122 0.121783 0.05616998 0.296122 0.122185 0.05766999 0.296122 0.122185 0.42367 0.296122 -0.296815 0.05466997 0.296122 -0.298315 0.05507194 0.296122 -0.299413 0.05616998 0.296122 -0.299815 0.05766999 0.296122 -0.299815 0.42367 0.296122 -0.299413 0.42517 0.296122 -0.298315 0.426268 0.296122 -0.296815 0.42667 0.296122 0.119185 0.42667 0.296122 0.120685 0.426268 0.296122 0.121783 0.42517 0.296122 0.121149 0.424804 0.29539 0.121453 0.42367 0.29539 0.120319 0.425634 0.29539 0.119185 0.425938 0.29539 -0.296815 0.425938 0.29539 0.119185 0.42567 0.29439 -0.296815 0.42567 0.29439 0.120185 0.425402 0.29439 0.120917 0.42467 0.29439 0.121185 0.42367 0.29439 0.121453 0.05766999 0.29539 0.121185 0.05766999 0.29439 0.121149 0.05653595 0.29539 0.120319 0.05570596 0.29539 0.119185 0.05540198 0.29539 -0.296815 0.05540198 0.29539 -0.297949 0.05570596 0.29539 -0.298779 0.05653595 0.29539 -0.299083 0.05766999 0.29539 -0.299083 0.42367 0.29539 -0.298779 0.424804 0.29539 -0.297949 0.425634 0.29539 -0.297815 0.425402 0.29439 -0.298547 0.42467 0.29439 -0.298815 0.42367 0.29439 -0.298815 0.05766999 0.29439 -0.298815 0.42367 0.270218 -0.298815 0.321842 0.16839 -0.298547 0.42467 0.269803 -0.298547 0.322257 0.16739 -0.297815 0.42467 0.268768 -0.297815 0.323292 0.16739 -0.296815 0.42367 0.267389 -0.296815 0.324671 0.16839 0.119185 0.42367 0.267389 0.119185 0.324671 0.16839 0.120185 0.42467 0.268768 -0.297815 0.425402 0.270536 0.120185 0.425402 0.270536 -0.296815 0.42567 0.272218 0.119185 0.42567 0.272218 0.120917 0.42467 0.269803 0.121185 0.42367 0.270218 0.121185 0.321842 0.16839 0.121185 0.05766999 0.16839 0.120917 0.05666995 0.16739 0.120917 0.322257 0.16739 0.120185 0.05666995 0.166658 0.120185 0.321525 0.166658 0.119185 0.05766999 0.16639 0.119185 0.319842 0.16639 -0.165073 0.186125 0.16639 -0.165073 0.240125 0.16639 -0.269073 0.186125 0.16639 -0.296815 0.05766999 0.16639 -0.269073 0.240125 0.16639 -0.296815 0.319842 0.16639 -0.297815 0.05666995 0.166658 -0.297815 0.321525 0.166658 0.120185 0.055938 0.16739 -0.297815 0.055938 0.16739 0.119185 0.05566996 0.16839 -0.296815 0.05566996 0.16839 -0.296815 0.05566996 0.29439 0.119185 0.05566996 0.29439 -0.297815 0.055938 0.29439 0.120185 0.055938 0.29439 0.120917 0.05666995 0.29439 -0.298547 0.05666995 0.29439 -0.298547 0.05666995 0.16739 -0.298815 0.05766999 0.16839 0.120185 0.323292 0.16739 -0.267073 0.188125 0.16839 -0.167073 0.188125 0.16839 -0.267073 0.238125 0.16839 -0.167073 0.238125 0.16839 -0.167073 0.238125 0.18439 -0.167073 0.188125 0.18439 -0.267073 0.238125 0.18439 -0.267073 0.188125 0.18439 -0.265073 0.190125 0.18639 -0.169073 0.190125 0.18639 -0.169073 0.236125 0.18639 -0.265073 0.236125 0.18639 -0.251984 0.341506 0.623102 -0.251984 0.317624 0.624399 -0.212069 0.317624 0.626727 -0.212069 0.341506 0.625431 -0.29183 0.341506 0.620258 -0.29183 0.317624 0.621554 -0.29183 0.293695 0.622333 -0.251984 0.293695 0.625177 -0.29183 0.269742 0.622592 -0.251984 0.269742 0.625436 -0.29183 0.245789 0.622333 -0.251984 0.245789 0.625177 -0.29183 0.22186 0.621554 -0.251984 0.22186 0.624399 -0.29183 0.197978 0.620258 -0.251984 0.197978 0.623102 -0.29183 0.174167 0.618445 -0.251984 0.174167 0.62129 -0.29183 0.153621 0.616429 -0.291593 0.15045 0.616135 -0.251984 0.15045 0.618962 -0.27649 0.130435 0.614804 -0.27289 0.1288869 0.614874 -0.26909 0.127762 0.61501 -0.265154 0.127079 0.615209 -0.261149 0.12685 0.615467 -0.251984 0.12685 0.616121 -0.291568 0.150113 0.616096 -0.290785 0.146681 0.615739 -0.289495 0.143367 0.615432 -0.28772 0.140228 0.615181 -0.28549 0.137318 0.61499 -0.282844 0.134687 0.614862 -0.279827 0.1323789 0.614799 -0.212069 0.12685 0.61845 -0.212069 0.15045 0.62129 -0.172097 0.12685 0.620262 -0.172097 0.15045 0.623102 -0.132082 0.12685 0.621556 -0.132082 0.15045 0.624397 -0.09204 0.12685 0.622333 -0.09204 0.15045 0.625174 -0.05198395 0.12685 0.622592 -0.05198395 0.15045 0.625433 -0.01192694 0.12685 0.622333 -0.01192694 0.15045 0.625174 0.02811497 0.12685 0.621556 0.02811497 0.15045 0.624397 0.06812995 0.12685 0.620262 0.06812995 0.15045 0.623102 0.108102 0.12685 0.61845 0.108102 0.15045 0.62129 0.148017 0.12685 0.616121 0.148017 0.15045 0.618962 0.157182 0.12685 0.615467 0.1611869 0.127079 0.615209 0.165123 0.127762 0.61501 0.168923 0.1288869 0.614874 0.172523 0.130435 0.614804 0.175859 0.1323789 0.614799 0.1788769 0.134687 0.614862 0.181523 0.137318 0.61499 0.183753 0.140228 0.615181 0.185528 0.143367 0.615432 0.186818 0.146681 0.615739 0.187601 0.150113 0.616096 0.187626 0.15045 0.616135 0.148017 0.174167 0.62129 0.187863 0.153621 0.616429 0.187863 0.174167 0.618445 0.108102 0.174167 0.623618 0.06812995 0.174167 0.62543 0.02811497 0.174167 0.626724 -0.01192694 0.174167 0.627501 -0.05198395 0.174167 0.62776 -0.09204 0.174167 0.627501 -0.132082 0.174167 0.626724 -0.172097 0.174167 0.62543 -0.212069 0.174167 0.623618 -0.212069 0.197978 0.625431 -0.172097 0.197978 0.627243 -0.132082 0.197978 0.628537 -0.09204 0.197978 0.629314 -0.05198395 0.197978 0.629573 -0.01192694 0.197978 0.629314 0.02811497 0.197978 0.628537 0.06812995 0.197978 0.627243 0.108102 0.197978 0.625431 0.148017 0.197978 0.623102 0.187863 0.197978 0.620258 0.148017 0.22186 0.624399 0.187863 0.22186 0.621554 0.108102 0.22186 0.626727 0.06812995 0.22186 0.628539 0.02811497 0.22186 0.629834 -0.01192694 0.22186 0.63061 -0.05198395 0.22186 0.630869 -0.09204 0.22186 0.63061 -0.132082 0.22186 0.629834 -0.172097 0.22186 0.628539 -0.212069 0.22186 0.626727 -0.212069 0.245789 0.627505 -0.172097 0.245789 0.629317 -0.132082 0.245789 0.630612 -0.09204 0.245789 0.631389 -0.05198395 0.245789 0.631648 -0.01192694 0.245789 0.631389 0.02811497 0.245789 0.630612 0.06812995 0.245789 0.629317 0.108102 0.245789 0.627505 0.148017 0.245789 0.625177 0.187863 0.245789 0.622333 0.148017 0.269742 0.625436 0.187863 0.269742 0.622592 0.108102 0.269742 0.627765 0.06812995 0.269742 0.629577 0.02811497 0.269742 0.630871 -0.01192694 0.269742 0.631648 -0.05198395 0.269742 0.631907 -0.09204 0.269742 0.631648 -0.132082 0.269742 0.630871 -0.172097 0.269742 0.629577 -0.212069 0.269742 0.627765 -0.212069 0.293695 0.627505 -0.172097 0.293695 0.629317 -0.132082 0.293695 0.630612 -0.09204 0.293695 0.631389 -0.05198395 0.293695 0.631648 -0.01192694 0.293695 0.631389 0.02811497 0.293695 0.630612 0.06812995 0.293695 0.629317 0.108102 0.293695 0.627505 0.148017 0.293695 0.625177 0.187863 0.293695 0.622333 0.148017 0.317624 0.624399 0.187863 0.317624 0.621554 0.108102 0.317624 0.626727 0.06812995 0.317624 0.628539 0.02811497 0.317624 0.629834 -0.01192694 0.317624 0.63061 -0.05198395 0.317624 0.630869 -0.09204 0.317624 0.63061 -0.132082 0.317624 0.629834 -0.172097 0.317624 0.628539 -0.172097 0.341506 0.627243 -0.132082 0.341506 0.628537 -0.09204 0.341506 0.629314 -0.05198395 0.341506 0.629573 -0.01192694 0.341506 0.629314 0.02811497 0.341506 0.628537 0.06812995 0.341506 0.627243 0.108102 0.341506 0.625431 0.148017 0.341506 0.623102 0.187863 0.341506 0.620258 0.148017 0.365317 0.62129 0.187863 0.365317 0.618445 0.108102 0.365317 0.623618 0.06812995 0.365317 0.62543 0.02811497 0.365317 0.626724 -0.01192694 0.365317 0.627501 -0.05198395 0.365317 0.62776 -0.09204 0.365317 0.627501 -0.132082 0.365317 0.626724 -0.172097 0.365317 0.62543 -0.212069 0.365317 0.623618 -0.251984 0.365317 0.62129 -0.29183 0.365317 0.618445 -0.291593 0.389034 0.616135 -0.29183 0.385863 0.616429 -0.251984 0.389034 0.618962 -0.212069 0.389034 0.62129 -0.172097 0.389034 0.623102 -0.132082 0.389034 0.624397 -0.09204 0.389034 0.625174 -0.05198395 0.389034 0.625433 -0.01192694 0.389034 0.625174 0.02811497 0.389034 0.624397 0.06812995 0.389034 0.623102 0.108102 0.389034 0.62129 0.148017 0.389034 0.618962 0.187863 0.385863 0.616429 0.187626 0.389034 0.616135 0.148017 0.412634 0.616121 0.187601 0.389371 0.616096 0.186818 0.392803 0.615739 0.185528 0.396117 0.615432 0.183753 0.399256 0.615181 0.181523 0.402166 0.61499 0.1788769 0.404797 0.614862 0.175859 0.407105 0.614799 0.172523 0.409049 0.614804 0.168923 0.410597 0.614874 0.165123 0.411722 0.61501 0.1611869 0.412405 0.615209 0.157182 0.412634 0.615467 0.108102 0.412634 0.61845 0.06812995 0.412634 0.620262 0.02811497 0.412634 0.621556 -0.01192694 0.412634 0.622333 -0.05198395 0.412634 0.622592 -0.09204 0.412634 0.622333 -0.132082 0.412634 0.621556 -0.172097 0.412634 0.620262 -0.212069 0.412634 0.61845 -0.251984 0.412634 0.616121 -0.261149 0.412634 0.615467 -0.265154 0.412405 0.615209 -0.26909 0.411722 0.61501 -0.27289 0.410597 0.614874 -0.27649 0.409049 0.614804 -0.279827 0.407105 0.614799 -0.282844 0.404797 0.614862 -0.28549 0.402166 0.61499 -0.28772 0.399256 0.615181 -0.289495 0.396117 0.615432 -0.290785 0.392803 0.615739 -0.291568 0.389371 0.616096 0.247581 0.160453 0.629846 0.245783 0.159415 0.629846 0.247788 0.159952 0.629846 0.247251 0.1608819 0.629846 0.246821 0.161212 0.629846 0.247732 0.161364 0.629171 0.247162 0.1618019 0.629171 0.24817 0.160793 0.629171 0.248446 0.1601279 0.629171 0.247859 0.159415 0.629846 0.24854 0.159415 0.629171 0.247788 0.158877 0.629846 0.247581 0.158377 0.629846 0.24817 0.1580359 0.629171 0.248446 0.158701 0.629171 0.247251 0.157947 0.629846 0.247732 0.1574659 0.629171 0.246821 0.157617 0.629846 0.246321 0.15741 0.629846 0.245783 0.157339 0.629846 0.245783 0.1566579 0.629171 0.246497 0.156752 0.629171 0.2452459 0.15741 0.629846 0.24507 0.156752 0.629171 0.244745 0.157617 0.629846 0.244405 0.157028 0.629171 0.244316 0.157947 0.629846 0.243834 0.1574659 0.629171 0.243986 0.158377 0.629846 0.243778 0.158877 0.629846 0.243708 0.159415 0.629846 0.243027 0.159415 0.629171 0.243121 0.158701 0.629171 0.243778 0.159952 0.629846 0.243121 0.1601279 0.629171 0.243986 0.160453 0.629846 0.243396 0.160793 0.629171 0.244316 0.1608819 0.629846 0.243834 0.161364 0.629171 0.244745 0.161212 0.629846 0.2452459 0.16142 0.629846 0.245783 0.16149 0.629846 0.245783 0.162171 0.629171 0.24507 0.162077 0.629171 0.246321 0.16142 0.629846 0.246497 0.162077 0.629171 0.246497 0.162077 0.62839 0.247162 0.1618019 0.62839 0.245783 0.162171 0.62839 0.24507 0.162077 0.62839 0.244405 0.1618019 0.62839 0.244405 0.1618019 0.629171 0.243834 0.161364 0.62839 0.243396 0.160793 0.62839 0.243121 0.1601279 0.62839 0.243027 0.159415 0.62839 0.243121 0.158701 0.62839 0.243396 0.1580359 0.62839 0.243396 0.1580359 0.629171 0.243834 0.1574659 0.62839 0.244405 0.157028 0.62839 0.24507 0.156752 0.62839 0.245783 0.1566579 0.62839 0.246497 0.156752 0.62839 0.247162 0.157028 0.62839 0.247162 0.157028 0.629171 0.247732 0.1574659 0.62839 0.24817 0.1580359 0.62839 0.248446 0.158701 0.62839 0.24854 0.159415 0.62839 0.248446 0.1601279 0.62839 0.24817 0.160793 0.62839 0.247732 0.161364 0.62839 0.02441698 -0.04049998 0.368917 0.01946097 -0.04049998 0.378774 0.01946097 -0.04724997 0.378774 0.02441698 -0.04724997 0.368917 0.02468198 -0.04049998 0.357887 0.02468198 -0.04724997 0.357887 0.02020394 -0.04049998 0.347804 0.02020394 -0.04724997 0.347804 0.01222598 -0.04049998 0.340933 0.01222598 -0.04724997 0.340933 -0.01222598 -0.04724997 0.340933 -0.01222598 -0.04049998 0.340933 -0.02020394 -0.04049998 0.347804 -0.02020394 -0.04724997 0.347804 -0.02468198 -0.04049998 0.357887 -0.02468198 -0.04724997 0.357887 -0.02441698 -0.04049998 0.368917 -0.02441698 -0.04724997 0.368917 -0.01946097 -0.04049998 0.378774 -0.01946097 -0.04724997 0.378774 -0.01076495 -0.04049998 0.385563 -0.01076495 -0.04724997 0.385563 0 -0.04049998 0.387981 0 -0.04724997 0.387981 0.01076495 -0.04049998 0.385563 0.01076495 -0.04724997 0.385563 0.02648895 -0.04049998 0.369435 0.02111095 -0.04049998 0.380127 0.02677595 -0.04049998 0.357469 0.02191799 -0.04049998 0.346531 0.01143097 -0.04049998 0.3375 0.01506799 -0.03914999 0.33885 0.02302896 -0.03914999 0.345706 0.01143097 -0.02699995 0.3375 0.01506799 -0.02699995 0.33885 -0.01143097 -0.02699995 0.3375 -0.01143097 -0.04049998 0.3375 -0.01506799 -0.02699995 0.33885 -0.01506799 -0.02564996 0.33885 -0.01349997 -0.02564996 0.3375 -0.01349997 -0.02699995 0.3375 -0.02302896 -0.02699995 0.345706 -0.02302896 -0.02564996 0.345706 -0.02813297 -0.02699995 0.357199 -0.02813297 -0.02564996 0.357199 -0.02783095 -0.02699995 0.36977 -0.02783095 -0.02564996 0.36977 -0.02218097 -0.02699995 0.381005 -0.02218097 -0.02564996 0.381005 -0.01226896 -0.02699995 0.388744 -0.01226896 -0.02564996 0.388744 0 -0.02699995 0.3915 0 -0.02564996 0.3915 0.01226896 -0.02699995 0.388744 0.01226896 -0.02564996 0.388744 0.02218097 -0.02699995 0.381005 0.02218097 -0.02564996 0.381005 0.02783095 -0.02699995 0.36977 0.02783095 -0.02564996 0.36977 0.02813297 -0.02699995 0.357199 0.02813297 -0.02564996 0.357199 0.02302896 -0.02699995 0.345706 0.02302896 -0.02564996 0.345706 0.01506799 -0.02564996 0.33885 0.01349997 -0.02699995 0.3375 0.01349997 -0.02564996 0.3375 0.01214998 -0.02699995 0.3375 0.01349997 0.01214998 0.3375 0.01506799 0.01214998 0.33885 0.01506799 0.01349997 0.33885 0.01349997 0.01349997 0.3375 0.02302896 0.01349997 0.345706 0.02302896 0.01214998 0.345706 0.02813297 0.01349997 0.357199 0.02813297 0.01214998 0.357199 0.02783095 0.01349997 0.36977 0.02783095 0.01214998 0.36977 0.02218097 0.01349997 0.381005 0.02218097 0.01214998 0.381005 0.01226896 0.01349997 0.388744 0.01226896 0.01214998 0.388744 0 0.01349997 0.3915 0 0.01214998 0.3915 -0.01226896 0.01349997 0.388744 -0.01226896 0.01214998 0.388744 -0.02218097 0.01349997 0.381005 -0.02218097 0.01214998 0.381005 -0.02783095 0.01349997 0.36977 -0.02783095 0.01214998 0.36977 -0.02813297 0.01349997 0.357199 -0.02813297 0.01214998 0.357199 -0.02302896 0.01349997 0.345706 -0.02302896 0.01214998 0.345706 -0.01506799 0.01349997 0.33885 -0.01506799 0.01214998 0.33885 -0.01349997 0.01349997 0.3375 -0.01349997 0.01214998 0.3375 -0.01214998 0.01349997 0.3375 -0.01143097 0.02699995 0.3375 -0.01506799 0.02564996 0.33885 -0.02302896 0.02564996 0.345706 -0.02813297 0.02564996 0.357199 -0.02783095 0.02564996 0.36977 -0.02218097 0.02564996 0.381005 -0.01226896 0.02564996 0.388744 0 0.02564996 0.3915 0.01226896 0.02564996 0.388744 0.02218097 0.02564996 0.381005 0.02783095 0.02564996 0.36977 0.02813297 0.02564996 0.357199 0.02302896 0.02564996 0.345706 0.01506799 0.02564996 0.33885 0.01143097 0.02699995 0.3375 0.01214998 0.01349997 0.3375 -0.01143097 0.01349997 0.3375 0.01143097 0.01349997 0.3375 -0.01204299 0.02699995 0.341425 0.01204299 0.02699995 0.341425 -0.02191799 0.02699995 0.346531 -0.01979899 0.02699995 0.348105 -0.02677595 0.02699995 0.357469 -0.02418798 0.02699995 0.357986 0.01979899 0.02699995 0.348105 0.02418798 0.02699995 0.357986 0.02677595 0.02699995 0.357469 0.02191799 0.02699995 0.346531 0.02392798 0.02699995 0.368795 0.02648895 0.02699995 0.369435 0.01907098 0.02699995 0.378454 0.02111095 0.02699995 0.380127 0.01054894 0.02699995 0.385107 0.01167798 0.02699995 0.387493 -0.02392798 0.02699995 0.368795 -0.02648895 0.02699995 0.369435 -0.02111095 0.02699995 0.380127 -0.01907098 0.02699995 0.378454 -0.01054894 0.02699995 0.385107 -0.01167798 0.02699995 0.387493 0 0.02699995 0.390116 0 0.02699995 0.387477 -0.01214998 -0.02699995 0.3375 0.02813297 -0.03914999 0.357199 0.02783095 -0.03914999 0.36977 0.02218097 -0.03914999 0.381005 0.01226896 -0.03914999 0.388744 0 -0.03914999 0.3915 -0.01226896 -0.03914999 0.388744 -0.02218097 -0.03914999 0.381005 -0.02783095 -0.03914999 0.36977 -0.02813297 -0.03914999 0.357199 -0.02302896 -0.03914999 0.345706 -0.01506799 -0.03914999 0.33885 -0.02191799 -0.04049998 0.346531 -0.02677595 -0.04049998 0.357469 -0.02648895 -0.04049998 0.369435 -0.02111095 -0.04049998 0.380127 -0.01167798 -0.04049998 0.387493 0 -0.04049998 0.390116 0.01167798 -0.04049998 0.387493 -0.01143097 -0.02699995 0 0.01143097 -0.02699995 0 -0.01214998 -0.02699995 0 0.01214998 -0.02699995 0 0.01349997 -0.02564996 0 0.01349997 0.01214998 0 0.01214998 0.01349997 0 0.01143097 0.01349997 0 -0.01143097 0.01349997 0 -0.01214998 0.01349997 0 -0.01349997 0.01214998 0 -0.01349997 -0.02564996 0 -0.02926695 0.04049998 0.356628 -0.02395695 0.04049998 0.344672 -0.01457196 0.04049998 0.33659 0.01457196 0.04049998 0.33659 0.02395695 0.04049998 0.344672 0.02926695 0.04049998 0.356628 0.02895295 0.04049998 0.369707 0.02307599 0.04049998 0.381394 0.01276397 0.04049998 0.389445 0 0.04049998 0.392312 -0.01276397 0.04049998 0.389445 -0.02307599 0.04049998 0.381394 -0.02895295 0.04049998 0.369707 0.04248696 0.101064 0.630606 -0.146513 0.101064 0.630606 -0.146513 0.07406395 0.630606 0.04248696 0.07406395 0.630606 0.04248696 0.101064 0.62839 -0.146513 0.101064 0.62839 -0.146513 0.07406395 0.62839 0.04248696 0.07406395 0.62839 0.296422 0.376661 0.62839 0.296365 0.377542 0.62839 0.296365 0.377542 0.626093 0.296422 0.376661 0.626093 0.296192 0.378408 0.62839 0.296192 0.378408 0.626093 0.295909 0.379244 0.62839 0.295909 0.379244 0.626093 0.295518 0.380036 0.62839 0.295518 0.380036 0.626093 0.295028 0.38077 0.62839 0.295028 0.38077 0.626093 0.294445 0.381434 0.62839 0.294445 0.381434 0.626093 0.293782 0.382016 0.62839 0.293782 0.382016 0.626093 0.293047 0.382506 0.62839 0.293047 0.382506 0.626093 0.292256 0.382897 0.62839 0.292256 0.382897 0.626093 0.291419 0.383181 0.62839 0.291419 0.383181 0.626093 0.290553 0.383353 0.62839 0.290553 0.383353 0.626093 0.289672 0.383411 0.62839 0.289672 0.383411 0.626093 0.249172 0.383411 0.62839 0.249172 0.383411 0.626093 0.248291 0.383353 0.62839 0.248291 0.383353 0.626093 0.247425 0.383181 0.62839 0.247425 0.383181 0.626093 0.246589 0.382897 0.62839 0.246589 0.382897 0.626093 0.245797 0.382506 0.62839 0.245797 0.382506 0.626093 0.245063 0.382016 0.62839 0.245063 0.382016 0.626093 0.244399 0.381434 0.62839 0.244399 0.381434 0.626093 0.243817 0.38077 0.62839 0.243817 0.38077 0.626093 0.243327 0.380036 0.62839 0.243327 0.380036 0.626093 0.242936 0.379244 0.62839 0.242936 0.379244 0.626093 0.2426519 0.378408 0.62839 0.2426519 0.378408 0.626093 0.24248 0.377542 0.62839 0.24248 0.377542 0.626093 0.242422 0.376661 0.62839 0.242422 0.376661 0.626093 0.242422 0.349661 0.62839 0.242422 0.349661 0.626093 0.24248 0.34878 0.62839 0.24248 0.34878 0.626093 0.2426519 0.347914 0.62839 0.2426519 0.347914 0.626093 0.242936 0.347078 0.62839 0.242936 0.347078 0.626093 0.243327 0.346286 0.62839 0.243327 0.346286 0.626093 0.243817 0.345551 0.62839 0.243817 0.345551 0.626093 0.244399 0.344888 0.62839 0.244399 0.344888 0.626093 0.245063 0.344305 0.62839 0.245063 0.344305 0.626093 0.245797 0.343815 0.62839 0.245797 0.343815 0.626093 0.246589 0.343424 0.62839 0.246589 0.343424 0.626093 0.247425 0.343141 0.62839 0.247425 0.343141 0.626093 0.248291 0.342968 0.62839 0.248291 0.342968 0.626093 0.249172 0.342911 0.62839 0.249172 0.342911 0.626093 0.289672 0.342911 0.62839 0.289672 0.342911 0.626093 0.290553 0.342968 0.62839 0.290553 0.342968 0.626093 0.291419 0.343141 0.62839 0.291419 0.343141 0.626093 0.292256 0.343424 0.62839 0.292256 0.343424 0.626093 0.293047 0.343815 0.62839 0.293047 0.343815 0.626093 0.293782 0.344305 0.62839 0.293782 0.344305 0.626093 0.294445 0.344888 0.62839 0.294445 0.344888 0.626093 0.295028 0.345551 0.62839 0.295028 0.345551 0.626093 0.295518 0.346286 0.62839 0.295518 0.346286 0.626093 0.295909 0.347078 0.62839 0.295909 0.347078 0.626093 0.296192 0.347914 0.62839 0.296192 0.347914 0.626093 0.296365 0.34878 0.62839 0.296365 0.34878 0.626093 0.296422 0.349661 0.62839 0.296422 0.349661 0.626093 0.296422 0.291896 0.62839 0.296422 0.318896 0.62839 0.296422 0.318896 0.626093 0.296422 0.291896 0.626093 0.296365 0.319777 0.62839 0.296365 0.319777 0.626093 0.296192 0.320643 0.62839 0.296192 0.320643 0.626093 0.295909 0.321479 0.62839 0.295909 0.321479 0.626093 0.295518 0.322271 0.62839 0.295518 0.322271 0.626093 0.295028 0.323005 0.62839 0.295028 0.323005 0.626093 0.294445 0.323669 0.62839 0.294445 0.323669 0.626093 0.293782 0.324251 0.62839 0.293782 0.324251 0.626093 0.293047 0.324742 0.62839 0.293047 0.324742 0.626093 0.292256 0.325132 0.62839 0.292256 0.325132 0.626093 0.291419 0.325416 0.62839 0.291419 0.325416 0.626093 0.290553 0.325588 0.62839 0.290553 0.325588 0.626093 0.289672 0.325646 0.62839 0.289672 0.325646 0.626093 0.249172 0.325646 0.62839 0.249172 0.325646 0.626093 0.248291 0.325588 0.62839 0.248291 0.325588 0.626093 0.247425 0.325416 0.62839 0.247425 0.325416 0.626093 0.246589 0.325132 0.62839 0.246589 0.325132 0.626093 0.245797 0.324742 0.62839 0.245797 0.324742 0.626093 0.245063 0.324251 0.62839 0.245063 0.324251 0.626093 0.244399 0.323669 0.62839 0.244399 0.323669 0.626093 0.243817 0.323005 0.62839 0.243817 0.323005 0.626093 0.243327 0.322271 0.62839 0.243327 0.322271 0.626093 0.242936 0.321479 0.62839 0.242936 0.321479 0.626093 0.2426519 0.320643 0.62839 0.2426519 0.320643 0.626093 0.24248 0.319777 0.62839 0.24248 0.319777 0.626093 0.242422 0.318896 0.62839 0.242422 0.318896 0.626093 0.242422 0.291896 0.62839 0.242422 0.291896 0.626093 0.24248 0.291015 0.62839 0.24248 0.291015 0.626093 0.2426519 0.290149 0.62839 0.2426519 0.290149 0.626093 0.242936 0.289313 0.62839 0.242936 0.289313 0.626093 0.243327 0.288521 0.62839 0.243327 0.288521 0.626093 0.243817 0.287787 0.62839 0.243817 0.287787 0.626093 0.244399 0.287123 0.62839 0.244399 0.287123 0.626093 0.245063 0.286541 0.62839 0.245063 0.286541 0.626093 0.245797 0.28605 0.62839 0.245797 0.28605 0.626093 0.246589 0.28566 0.62839 0.246589 0.28566 0.626093 0.247425 0.285376 0.62839 0.247425 0.285376 0.626093 0.248291 0.285204 0.62839 0.248291 0.285204 0.626093 0.249172 0.285146 0.62839 0.249172 0.285146 0.626093 0.289672 0.285146 0.62839 0.289672 0.285146 0.626093 0.290553 0.285204 0.62839 0.290553 0.285204 0.626093 0.291419 0.285376 0.62839 0.291419 0.285376 0.626093 0.292256 0.28566 0.62839 0.292256 0.28566 0.626093 0.293047 0.28605 0.62839 0.293047 0.28605 0.626093 0.293782 0.286541 0.62839 0.293782 0.286541 0.626093 0.294445 0.287123 0.62839 0.294445 0.287123 0.626093 0.295028 0.287787 0.62839 0.295028 0.287787 0.626093 0.295518 0.288521 0.62839 0.295518 0.288521 0.626093 0.295909 0.289313 0.62839 0.295909 0.289313 0.626093 0.296192 0.290149 0.62839 0.296192 0.290149 0.626093 0.296365 0.291015 0.62839 0.296365 0.291015 0.626093 0.274195 0.137944 0.62839 0.274195 0.137944 0.641215 0.272797 0.136871 0.641215 0.272797 0.136871 0.62839 0.275268 0.139342 0.62839 0.275268 0.139342 0.641215 0.275942 0.14097 0.62839 0.275942 0.14097 0.641215 0.276172 0.142717 0.62839 0.276172 0.142717 0.641215 0.275942 0.144464 0.62839 0.275942 0.144464 0.641215 0.275268 0.1460919 0.62839 0.275268 0.1460919 0.641215 0.274195 0.14749 0.62839 0.274195 0.14749 0.641215 0.272797 0.148562 0.62839 0.272797 0.148562 0.641215 0.271169 0.149237 0.62839 0.271169 0.149237 0.641215 0.269422 0.149467 0.62839 0.269422 0.149467 0.641215 0.267675 0.149237 0.62839 0.267675 0.149237 0.641215 0.266047 0.148562 0.62839 0.266047 0.148562 0.641215 0.264649 0.14749 0.62839 0.264649 0.14749 0.641215 0.263577 0.1460919 0.62839 0.263577 0.1460919 0.641215 0.262902 0.144464 0.62839 0.262902 0.144464 0.641215 0.262672 0.142717 0.62839 0.262672 0.142717 0.641215 0.262902 0.14097 0.62839 0.262902 0.14097 0.641215 0.263577 0.139342 0.62839 0.263577 0.139342 0.641215 0.264649 0.137944 0.62839 0.264649 0.137944 0.641215 0.266047 0.136871 0.62839 0.266047 0.136871 0.641215 0.267675 0.136197 0.62839 0.267675 0.136197 0.641215 0.269422 0.135967 0.62839 0.269422 0.135967 0.641215 0.271169 0.136197 0.62839 0.271169 0.136197 0.641215 0.272457 0.137461 0.64189 0.270993 0.1368539 0.64189 0.274678 0.1396819 0.64189 0.273714 0.1384249 0.64189 0.275285 0.141146 0.64189 0.275285 0.144288 0.64189 0.275492 0.142717 0.64189 0.274678 0.1457509 0.64189 0.272457 0.147973 0.64189 0.273714 0.147008 0.64189 0.270993 0.148579 0.64189 0.267852 0.148579 0.64189 0.269422 0.148786 0.64189 0.266388 0.147973 0.64189 0.264166 0.1457509 0.64189 0.265131 0.147008 0.64189 0.26356 0.144288 0.64189 0.26356 0.141146 0.64189 0.263353 0.142717 0.64189 0.264166 0.1396819 0.64189 0.266388 0.137461 0.64189 0.265131 0.1384249 0.64189 0.267852 0.1368539 0.64189 0.269422 0.1366479 0.64189 0.269422 0.142717 0.64189 0.250231 0.408823 0.62839 0.250231 0.408823 0.641215 0.251629 0.407751 0.641215 0.251629 0.407751 0.62839 0.248603 0.409498 0.62839 0.248603 0.409498 0.641215 0.246856 0.409728 0.62839 0.246856 0.409728 0.641215 0.245109 0.409498 0.62839 0.245109 0.409498 0.641215 0.243481 0.408823 0.62839 0.243481 0.408823 0.641215 0.242083 0.407751 0.62839 0.242083 0.407751 0.641215 0.24101 0.406353 0.62839 0.24101 0.406353 0.641215 0.240336 0.404725 0.62839 0.240336 0.404725 0.641215 0.240106 0.402978 0.62839 0.240106 0.402978 0.641215 0.240336 0.401231 0.62839 0.240336 0.401231 0.641215 0.24101 0.399603 0.62839 0.24101 0.399603 0.641215 0.242083 0.398205 0.62839 0.242083 0.398205 0.641215 0.243481 0.397132 0.62839 0.243481 0.397132 0.641215 0.245109 0.396458 0.62839 0.245109 0.396458 0.641215 0.246856 0.396228 0.62839 0.246856 0.396228 0.641215 0.248603 0.396458 0.62839 0.248603 0.396458 0.641215 0.250231 0.397132 0.62839 0.250231 0.397132 0.641215 0.251629 0.398205 0.62839 0.251629 0.398205 0.641215 0.252702 0.399603 0.62839 0.252702 0.399603 0.641215 0.253376 0.401231 0.62839 0.253376 0.401231 0.641215 0.253606 0.402978 0.62839 0.253606 0.402978 0.641215 0.253376 0.404725 0.62839 0.253376 0.404725 0.641215 0.252702 0.406353 0.62839 0.252702 0.406353 0.641215 0.251148 0.407269 0.64189 0.252112 0.406012 0.64189 0.249891 0.408234 0.64189 0.248427 0.40884 0.64189 0.245285 0.40884 0.64189 0.246856 0.409047 0.64189 0.243821 0.408234 0.64189 0.2416 0.406012 0.64189 0.242564 0.407269 0.64189 0.240994 0.404548 0.64189 0.240994 0.401407 0.64189 0.240787 0.402978 0.64189 0.2416 0.399943 0.64189 0.243821 0.397722 0.64189 0.242564 0.398686 0.64189 0.245285 0.397115 0.64189 0.248427 0.397115 0.64189 0.246856 0.396908 0.64189 0.249891 0.397722 0.64189 0.252112 0.399943 0.64189 0.251148 0.398686 0.64189 0.252718 0.401407 0.64189 0.252718 0.404548 0.64189 0.252925 0.402978 0.64189 0.246856 0.402978 0.64189 0 -0.04724997 0.338125 -0.01326799 -0.04724997 0.338125 -0.01222598 -0.04724997 0.340933 0 -0.04724997 0.340933 -0.02251499 -0.04724997 0.346088 -0.02020394 -0.04724997 0.347804 -0.02750498 -0.04724997 0.357324 -0.02468198 -0.04724997 0.357887 -0.02720898 -0.04724997 0.369615 -0.02441698 -0.04724997 0.368917 -0.02168595 -0.04724997 0.380599 -0.01946097 -0.04724997 0.378774 -0.01199495 -0.04724997 0.388165 -0.01076495 -0.04724997 0.385563 0 -0.04724997 0.390859 0 -0.04724997 0.387981 0.01199495 -0.04724997 0.388165 0.01076495 -0.04724997 0.385563 0.02168595 -0.04724997 0.380599 0.01946097 -0.04724997 0.378774 0.02720898 -0.04724997 0.369615 0.02441698 -0.04724997 0.368917 0.02750498 -0.04724997 0.357324 0.02468198 -0.04724997 0.357887 0.02251499 -0.04724997 0.346088 0.02020394 -0.04724997 0.347804 0.01326799 -0.04724997 0.338125 0.01222598 -0.04724997 0.340933 0 -0.05804997 0.338125 -0.01326799 -0.05804997 0.338125 0.01326799 -0.05804997 0.338125 0.02251499 -0.05804997 0.346088 0.02750498 -0.05804997 0.357324 0.02720898 -0.05804997 0.369615 0.02168595 -0.05804997 0.380599 0.01199495 -0.05804997 0.388165 0 -0.05804997 0.390859 -0.01199495 -0.05804997 0.388165 -0.02168595 -0.05804997 0.380599 -0.02720898 -0.05804997 0.369615 -0.02750498 -0.05804997 0.357324 -0.02251499 -0.05804997 0.346088 -0.01226598 -0.06074994 0.340825 -0.02029299 -0.06074994 0.347738 0 -0.06074994 0.364492 0 -0.06074994 0.340825 0.01226598 -0.06074994 0.340825 0.02029299 -0.06074994 0.347738 0.024791 -0.06074994 0.357866 0.02452498 -0.06074994 0.368944 0.01954597 -0.06074994 0.378844 0.01081198 -0.06074994 0.385663 0 -0.06074994 0.388092 -0.01081198 -0.06074994 0.385663 -0.01954597 -0.06074994 0.378844 -0.02452498 -0.06074994 0.368944 -0.024791 -0.06074994 0.357866</float_array>
          <technique_common>
            <accessor source="#Mesh12_Group15_Group11_Group6_Group1_Model-mesh-positions-array" count="2949" stride="3">
              <param name="X" type="float"/>
              <param name="Y" type="float"/>
              <param name="Z" type="float"/>
            </accessor>
          </technique_common>
        </source>
        <source id="Mesh12_Group15_Group11_Group6_Group1_Model-mesh-normals">
          <float_array id="Mesh12_Group15_Group11_Group6_Group1_Model-mesh-normals-array" count="10542">0 -1 0 -0.2587298 -0.9659498 0 0 -1 0 0.2587314 -0.9659494 0 0.2587333 -0.9659488 0 0.4999764 -0.8660391 0 0.499977 -0.8660387 0 0.7071081 -0.7071055 0 0.7071068 -0.7071068 0 0.8660395 -0.4999755 0 0.8660387 -0.499977 0 0.9659504 -0.2587273 0 0.9659474 -0.2587386 0 1 9.2477e-6 0 1 -9.37687e-6 0 0.9659476 0.2587381 0 0.9659498 0.2587296 0 0.8660386 0.4999772 0 0.7069479 0.7072657 0 0.7069478 0.7072658 0 0.5000129 0.8660179 0 0.5000099 0.8660198 0 0.2589912 0.9658797 0 0.2589871 0.9658808 0 0 1 0 0 1 0 -0.2589877 0.9658807 0 -0.2589906 0.9658799 0 -0.5000044 0.8660229 0 -0.5000175 0.8660154 0 -0.7071002 0.7071134 0 -0.7071136 0.7071 0 -0.8660209 0.5000079 0 -0.8660202 0.500009 0 -0.9658806 0.2589879 0 -0.9658806 0.2589878 0 -1 9.396e-6 0 -1 -9.29075e-6 0 -0.9658813 -0.2589854 0 -0.9658805 -0.2589883 0 -0.8660212 -0.5000075 0 -0.8660209 -0.5000079 0 -0.707274 -0.7069396 0 -0.7072594 -0.7069543 0 -0.499984 -0.8660346 0 -0.4999683 -0.8660437 0 -0.2587349 -0.9659485 0 -0.3518363 -0.6095816 0.7103673 -0.1823908 -0.6802518 0.7099233 -0.1824769 -0.6802694 0.7098843 0.1822209 -0.6802621 0.7099571 4.0248e-7 -0.7041045 0.7100964 0.1822624 -0.6804157 0.7097993 6.25296e-7 -0.7039552 0.7102444 0.3520855 -0.6096915 0.7101494 0.3521689 -0.6096103 0.7101778 0.6096171 -0.3521716 0.7101706 0.4979825 -0.4979773 0.7099522 0.6096904 -0.3520895 0.7101483 0.4980765 -0.498057 0.7098304 0.6802824 -0.1822018 0.7099425 0.6804431 -0.1822401 0.7097788 0.6802677 0.1824522 0.7098924 0.7041111 -2.0377e-7 0.7100899 0.6802706 0.1823711 0.7099105 0.703943 -3.14897e-7 0.7102565 0.6096067 0.3518309 0.7103484 0.6095567 0.351817 0.7103981 0.3520656 0.6100511 0.7098504 0.4977985 0.4979077 0.71013 0.3520931 0.6100358 0.7098499 0.4978439 0.497667 0.7102668 0.1823149 0.6799545 0.7102276 0.1822941 0.679886 0.7102985 3.84535e-7 0.70391 0.7102893 -0.1822439 0.679951 0.7102492 -0.1822518 0.6798865 0.7103088 5.56902e-7 0.7039332 0.7102662 -0.3521773 0.6097208 0.7100787 -0.3521905 0.6096727 0.7101135 -0.4976577 0.4976395 0.7104166 -0.6096994 0.3521803 0.7100956 -0.6097451 0.3521577 0.7100675 -0.4975373 0.4975258 0.7105807 -0.6799501 0.1822431 0.7102503 -0.6798599 0.1822451 0.710336 -0.703943 -1.91143e-7 0.7102565 -0.6799066 -0.1822915 0.7102794 -0.6799551 -0.1823192 0.7102259 -0.7039889 -1.36694e-7 0.710211 -0.6100344 -0.3520697 0.7098627 -0.6100457 -0.3520493 0.7098631 -0.4976661 -0.4978375 0.710272 -0.3518112 -0.609532 0.7104221 -0.4978989 -0.4977969 0.7101373 0 0 1 2.03536e-6 0 1 -1.22117e-5 0 1 -1.22126e-5 0 1 2.442e-5 0 1 0 0 1 2.44203e-5 0 1 1.22097e-5 0 1 1.2208e-5 0 1 4.07906e-7 0 1 1.9569e-5 0 1 1.9565e-5 0 1 -9.78766e-6 0 1 -9.78778e-6 0 1 -1.63084e-6 0 1 -3.91892e-5 0 1 0 0 1 0 0 1 -3.91639e-5 0 1 -4.08064e-7 0 1 -3.91766e-5 0 1 0 0 1 0 0 1 0 0 1 3.91464e-5 0 1 -1.95658e-5 0 1 -1.95715e-5 0 1 9.78473e-6 0 1 9.78458e-6 0 1 -4.07724e-7 0 1 9.7846e-6 0 1 9.78472e-6 0 1 -1.95683e-5 0 1 -1.95668e-5 0 1 -7.28581e-6 0 -1 -0.0987153 0.3686738 -0.9243025 1.5234e-5 0 -1 -8.79156e-6 0 -1 -0.1651538 0.3589841 -0.9186156 -0.2321593 0.3026565 -0.9243924 -0.2103487 0.3345182 -0.9186136 1.04947e-5 0 -1 1.69364e-5 0 -1 -0.3025627 0.2322224 -0.9244071 -0.2898762 0.2685029 -0.9186283 -6.75355e-6 0 -1 0 0 -1 -1.28665e-5 0 -1 -0.3494847 0.1841282 -0.9186714 4.08576e-6 0 -1 -0.3705141 0.1368961 -0.9186833 2.2804e-6 0 -1 -0.3850864 0.08770006 -0.9187042 2.13128e-7 0 -1 -0.3934201 0.0362904 -0.9186424 -5.99291e-6 0 -1 -0.3887217 0.005477666 -0.921339 -0.3781463 -0.04979956 -0.9244055 -0.3890169 -0.01981341 -0.9210176 -3.05426e-6 0 -1 4.23684e-6 0 -1 -0.3525391 -0.1459368 -0.9243476 -0.3774195 -0.1163933 -0.9186986 -1.45819e-5 0 -1 -0.3303176 -0.1907513 -0.924394 -6.7529e-6 0 -1 -0.3025643 -0.2322259 -0.9244058 1.22103e-5 0 -1 -0.2321684 -0.3026551 -0.9243905 -0.2685519 -0.2898136 -0.9186338 1.69375e-5 0 -1 1.6937e-5 0 -1 2.27264e-5 0 -1 -0.1844539 -0.3494489 -0.9186198 -0.09869682 -0.3686273 -0.9243229 -0.1372187 -0.370559 -0.918617 1.48042e-5 0 -1 -0.04974669 -0.3781028 -0.924426 0.024948 -0.3807702 -0.9243332 -0.02493208 -0.3801096 -0.9246054 1.33456e-6 0 -1 0.06664401 -0.3941986 -0.9166058 -1.02175e-5 0 -1 0.09871864 -0.3685883 -0.9243361 0.1205104 -0.9156078 -0.3835879 0.154991 -0.3517742 -0.9231646 0.2459875 -0.8926315 -0.3777555 -1.03224e-5 0 -1 0.2073316 -0.3305954 -0.9207174 -4.24225e-6 0 -1 0.3602769 -0.8529539 -0.3777172 0.5621632 -0.7327269 -0.3835151 0.4684125 -0.7987092 -0.3776951 6.10869e-6 0 -1 0.2530657 -0.3054225 -0.9179733 0.2855564 -0.2659184 -0.9207307 8.0386e-7 0 -1 0.3100186 -0.2267426 -0.9232964 0.6591867 -0.6501927 -0.3777862 8.46877e-6 0 -1 1.05043e-5 0 -1 0.3305006 -0.1907831 -0.924322 0.7384908 -0.5584871 -0.3777877 0.8531705 -0.3534737 -0.3836098 0.8049888 -0.4574571 -0.3777911 0.3794821 -0.1515592 -0.9127011 1.69494e-5 0 -1 -3.21834e-6 0 -1 0.368462 -0.09875822 -0.9243823 0.9156193 -0.1205584 -0.3835453 0.8959873 -0.2334589 -0.3777613 -6.11142e-6 0 -1 0.3949949 -0.03673297 -0.9179487 3.28702e-7 0 -1 0.3824418 -0.01255768 -0.9238944 0.9233232 -0.03035897 -0.3828218 0.3890424 0.02004677 -0.9210017 4.56811e-6 0 -1 0.3848194 0.06466114 -0.9207242 -4.82521e-6 0 -1 0.9243686 0.03353881 -0.3800235 0.3686475 0.1079173 -0.9232838 0.9171228 0.1271235 -0.3777905 -4.07685e-6 0 -1 0.3548672 0.1621144 -0.9207543 8.47602e-6 0 -1 0.8531659 0.3534848 -0.3836096 0.8927011 0.2457058 -0.3777744 0.3283312 0.1995623 -0.9232407 -1.71514e-6 0 -1 0.3007727 0.2485408 -0.9207406 0.7327485 0.5621123 -0.3835485 0.7986509 0.4684378 -0.3777866 0.6530173 0.6530455 -0.3835362 8.04018e-7 0 -1 0.2695189 0.2910344 -0.9179645 -2.67433e-6 0 -1 0.232608 0.3029913 -0.9241698 0.5621563 0.7327312 -0.3835173 0.1844384 0.3370193 -0.9232555 -3.89508e-6 0 -1 0.1361473 0.3657016 -0.9207206 1.27226e-5 0 -1 0.3534936 0.8532232 -0.3834741 0.4574905 0.8050175 -0.3776896 0.2392209 0.8920136 -0.3835167 -6.10791e-6 0 -1 0.08800882 0.3867537 -0.9179739 0.03695446 0.3883209 -0.9207831 -8.4748e-6 0 -1 0.1205096 0.9156095 -0.3835842 0.03013002 0.9232953 -0.3829072 3.86527e-7 0 -1 0.005645275 0.3895564 -0.9209854 -2.84882e-6 0 -1 -0.01256179 0.3823072 -0.9239499 -0.0301308 0.9232986 -0.3828995 -0.05884635 0.3794646 -0.9233329 -0.2391366 0.892018 -0.3835592 -0.1271514 0.9171007 -0.3778343 -0.3535129 0.8532136 -0.3834776 -0.4617576 0.7997878 -0.3835613 -0.5686541 0.7306843 -0.3778003 -0.6592091 0.6501706 -0.3777851 -0.7383425 0.5586549 -0.3778295 -0.8532866 0.353261 -0.3835478 -0.804988 0.4574633 -0.3777856 -0.8920288 0.239014 -0.3836103 -0.9233234 0.0301001 -0.3828421 -0.9187943 0.1146022 -0.3777348 -0.9243667 -0.03326851 -0.3800522 -0.8920513 -0.2390279 -0.3835495 -0.9171499 -0.1271002 -0.3777323 -0.8530182 -0.360047 -0.3777912 -0.7326003 -0.5622847 -0.383579 -0.7986838 -0.468386 -0.3777815 -0.653041 -0.653017 -0.3835444 -0.5621106 -0.7327239 -0.3835982 -0.4617569 -0.799789 -0.3835599 -0.3485256 -0.8578242 -0.3777138 -0.2335807 -0.8959342 -0.377812 -0.06029254 -0.9221928 -0.382002 -0.1145317 -0.9187527 -0.3778571 -0.06037086 -0.9240833 0.377393 -0.1205442 -0.9156231 0.383541 -0.2391337 -0.8920199 0.3835568 -0.3535059 -0.8532173 0.3834761 -0.4617714 -0.7998078 0.3835034 -0.5621093 -0.7327268 0.3835943 -0.6530366 -0.6530222 0.383543 -0.7326024 -0.5622858 0.3835733 -0.7998272 -0.461762 0.3834742 -0.8532944 -0.3532521 0.3835384 -0.8920565 -0.2390274 0.383538 -0.9156512 -0.1205497 0.3834721 -0.9233257 -0.03009778 0.3828366 -0.3889828 0.01987463 0.9210306 -0.3824784 -0.01244193 0.9238807 6.03723e-6 0 1 -0.3786588 -0.04767644 0.9243076 -5.30548e-6 0 1 -0.3684579 -0.09878951 0.9243806 4.05734e-6 0 1 1.07636e-6 0 1 6.74992e-6 0 1 -0.3794645 -0.1476287 0.9133524 -0.3427553 -0.182912 0.9214456 -5.66257e-6 0 1 -0.3039577 -0.2305809 0.9243604 -0.2700083 -0.2699477 0.9242423 2.83823e-5 0 1 1.35205e-5 0 1 -0.2339494 -0.3014212 0.9243447 -0.191154 -0.3308383 0.9241246 2.68902e-5 0 1 -6.73894e-6 0 1 -0.1480873 -0.3519253 0.9242396 -0.1130042 -0.3717042 0.9214479 4.7766e-5 0 1 -0.05192393 -0.3779252 0.9243791 8.71109e-7 0 1 -0.02490967 -0.3801864 0.9245744 1.95421e-5 0 1 0.04259598 -0.4035859 0.9139497 0.06028944 -0.9221896 0.3820102 0.120513 -0.9156079 0.3835867 0.06036645 -0.9240778 -0.3774072 0.2392249 -0.8920117 0.3835187 0.3534982 -0.8532215 0.3834738 0.4617912 -0.7998534 0.3833844 0.5621412 -0.7327176 0.3835653 0.6529982 -0.6530348 0.3835868 0.7327673 -0.5621324 0.3834832 0.7998233 -0.4617675 0.3834756 0.8531696 -0.353487 0.3835995 0.8920773 -0.2390044 0.3835037 0.9156429 -0.1205574 0.3834894 0.9232729 -0.03036278 0.3829431 0.9233038 0.03035849 0.3828689 0.9156417 0.1205487 0.383495 0.8920779 0.2389974 0.3835065 0.8531734 0.3534767 0.3836006 0.7998211 0.4617665 0.3834815 0.7327666 0.5621265 0.3834933 0.6530212 0.6530418 0.3835359 0.5621678 0.7327238 0.3835145 0.4617904 0.7998516 0.3833892 0.3534956 0.8532218 0.3834755 0.2392262 0.8920124 0.3835165 0.1205124 0.9155883 0.3836341 0.03013008 0.9232754 0.3829556 -0.02881956 0.9234499 0.3826353 -0.1205487 0.9156264 0.3835318 -0.2391405 0.8920186 0.3835553 -0.3535169 0.8532134 0.3834744 -0.461762 0.7997875 0.383557 -0.5621253 0.7327408 0.3835444 -0.6530432 0.6530156 0.3835431 -0.7326049 0.5622791 0.3835783 -0.7998261 0.4617636 0.3834745 -0.8532918 0.3532533 0.3835433 -0.8920298 0.2390142 0.3836078 -0.9156445 0.1205441 0.3834899 -0.9246044 0.02699995 0.3799706 -0.3795857 0.05888265 0.923281 7.83183e-6 0 1 -0.3684712 0.09876102 0.9243783 1.08199e-6 0 1 -0.3588545 0.1650634 0.9186826 -0.3025326 0.2321997 0.9244228 -0.3342284 0.2105861 0.9186647 0 0 1 -0.2321517 0.3026177 0.924407 -0.2685547 0.2898249 0.9186295 4.43093e-5 0 1 -0.1460547 0.3526263 0.9242959 -0.1847223 0.3493151 0.9186168 5.01925e-5 0 1 -0.09868991 0.3686053 0.9243324 1.35251e-6 0 1 -0.04977291 0.3781163 0.9244192 -1.65673e-6 0 1 0.01256334 0.3825371 0.9238547 -0.005373656 0.3888426 0.9212886 1.6568e-6 0 1 0.04975461 0.3782628 0.9243602 -1.3522e-6 0 1 0.09863996 0.3683753 0.9244295 -5.01953e-5 0 1 -4.42977e-5 0 1 0.165138 0.3589311 0.9186393 0.2323464 0.3026358 0.9243521 0.2106395 0.3343318 0.9186149 -5.28396e-5 0 1 -4.42419e-5 0 1 0.2898377 0.2683905 0.9186733 0.330357 0.1906962 0.9243912 0.3223558 0.2283704 0.9186587 0.3523693 0.1460027 0.9244021 -2.16372e-6 0 1 0.3781833 0.04979801 0.9243904 0.3852587 0.08748811 0.9186521 -6.03882e-6 0 1 -6.74872e-6 0 1 0.3823989 -0.01266682 0.9239105 1.3876e-5 0 1 0.3959534 0.01257544 0.9181846 0.3796658 -0.05879771 0.9232534 1.12567e-5 0 1 6.17876e-6 0 1 0.3773209 -0.1170766 0.9186523 -5.36114e-7 0 1 0.3781711 -0.1567026 0.9123765 6.72936e-6 0 1 0.3342135 -0.2105665 0.9186747 -1.56616e-5 0 1 0.3250022 -0.2493268 0.9122553 -2.94319e-5 0 1 0.2683288 -0.2898672 0.9186821 7.82577e-6 0 1 0.2493147 -0.3247587 0.9123454 1.47248e-5 0 1 0.1841072 -0.3496248 0.9186224 6.20914e-6 0 1 0.1567295 -0.3785081 0.9122322 -2.22585e-6 0 1 0.08736264 -0.3852266 0.9186775 1.8531e-5 0 1 0.3283327 0.1895669 0.9253442 0 0 1 0.3668619 0.09823596 0.9250741 0.2679685 0.2683661 0.925296 0.189814 0.3285849 0.9252041 0.4610018 0.7990482 0.3860045 0.6647477 0.6464255 0.3744924 0.8911393 0.2385852 0.3859375 0.8095786 0.4521609 0.3743436 0.3860986 -0.02002125 0.9222403 0.3668297 -0.09832835 0.9250771 0.3283371 -0.1895616 0.9253438 0.8911399 -0.2385285 0.3859717 0.6520828 -0.652617 0.3858488 0.7964406 -0.4748072 0.3744873 0.268925 -0.3111498 0.9115181 0.189839 -0.3286556 0.9251739 0.09829962 -0.3668445 0.9250742 -3.91807e-5 -0.3791753 0.9253249 0.2390535 -0.8910276 0.3859059 -0.2391995 -0.8910014 0.3858759 -0.0129413 -0.9271814 0.3743892 -0.135038 -0.3883768 0.9115527 -0.1899685 -0.3290621 0.9250028 -0.4614669 -0.7988689 0.3858196 -0.2872062 -0.2591944 0.9221339 -0.3283347 -0.1895629 0.9253445 -0.3668306 -0.09832501 0.9250771 -0.379185 4.01919e-5 0.925321 -0.8911411 -0.238525 0.3859708 -0.8911353 0.2386001 0.3859378 -0.9271908 0.01294988 0.3743653 -0.3883956 0.1343047 0.911653 -0.3283443 0.1895442 0.9253448 -0.6522632 0.6523653 0.3859692 -0.7967355 0.4744352 0.3743313 -0.2685837 0.3109674 0.9116809 -0.1900926 0.3286455 0.9251254 -0.09812748 0.3663246 0.9252985 -4.43992e-5 0.3798108 0.9250643 -9.03861e-5 0.9226159 0.3857201 -0.238681 0.891344 0.3854053 0.1195577 0.3681824 0.9220346 0.2523632 0.8923287 0.3742491 0.4996415 0.8662323 0 0.2585321 0.9660027 0 -1.00769e-4 1 0 -0.2586221 0.9659786 0 -0.4535815 0.8051341 0.3821295 -0.4996584 0.8662225 0 -0.7070896 0.7071239 0 -0.8662101 0.4996802 0 -0.9659715 0.2586483 0 -1 8.11826e-5 0 -0.9659966 -0.2585548 0 -0.8049842 -0.4538972 0.3820705 -0.8659764 -0.5000849 0 -0.6521026 -0.6646071 0.3647736 -0.7067639 -0.7074495 0 -0.5002007 -0.8659096 0 -0.2592456 -0.9658114 0 -8.68424e-5 -1 0 0.2591575 -0.9658351 0 0.4541792 -0.8049173 0.3818761 0.5002176 -0.8658998 0 0.7067878 -0.7074257 0 0.8659891 -0.5000629 0 0.9659949 -0.2585612 0 0.9310503 0.008562147 0.3647905 1 7.7987e-5 0 0.9659788 0.2586215 0 0.8661898 0.4997152 0 0.7070764 0.7071372 0 -3.54785e-5 0 -1 7.56524e-5 0 -1 1.64443e-4 0 -1 -8.17226e-6 0 -1 -0.7245073 -0.6892672 7.33743e-6 -0.7243581 -0.6894239 -3.31338e-4 -0.7238968 -0.6899083 -3.9239e-4 -0.7247561 -0.6890055 -3.67703e-5 -0.7245078 -0.6892666 0 -0.7245304 -0.6892429 0 -0.7245278 -0.6892457 0 -0.002215266 -0.6675869 0.7445287 -0.5124695 -0.4874333 0.706954 -0.1926988 -0.8552314 0.4810889 0.8557213 0.2008886 0.476849 0.4907082 0.5093713 0.7069274 0.6738618 0.0125544 0.7387508 -0.512247 -0.4872949 0.7072106 -0.5124411 -0.4873976 0.7069991 -0.5122314 -0.4872851 0.7072286 0.4906652 0.5094945 0.7068685 0.4906653 0.509501 0.7068638 0.5092361 -0.4905603 0.7071275 0.8626812 -0.1689016 0.476711 0.5092772 -0.4905085 0.7071338 0.1875321 -0.8564241 0.4810089 -0.008526861 -0.9999633 -9.29997e-4 -0.00897473 -0.9999592 -0.00100851 0.9998223 0.01885724 0 0.9998221 0.01885849 0 3.02587e-5 0 1 1.98202e-5 0 1 3.98668e-5 0 1 1.14045e-5 0 1 5.40268e-7 0 1 3.74663e-7 0 1 -7.89555e-6 0 1 -6.56613e-6 0 1 -4.86146e-6 0 1 -1.06092e-5 0 1 4.07055e-6 0 1 1.4116e-5 0 1 2.79063e-5 0 1 2.12214e-5 0 1 -2.63589e-5 0 1 -4.15358e-6 0 1 1.61212e-5 0 1 1.05863e-5 0 1 -2.12323e-5 0 1 -2.92801e-5 0 1 -2.92798e-5 0 1 0.6937448 0.7202209 -2.89344e-6 0.6938176 0.7201509 -3.81169e-6 0.6937605 0.7202058 -4.44006e-6 0.6941899 0.719792 -4.96483e-6 0.69371 0.7202544 0 0.6936739 0.7202892 0 1.19008e-5 0 1 1.74001e-4 0 1 3.29707e-4 0 1 -4.4601e-5 0 1 3.27634e-5 0 1 -9.8411e-6 0 1 1.86325e-5 0 1 0 0 1 3.9472e-6 0 1 -3.94989e-6 0 1 0 0 1 -1.8644e-5 0 1 -3.53965e-6 0 1 3.09059e-6 0 1 -2.19161e-5 0 1 8.92359e-6 0 1 1.06418e-5 0 1 -7.86599e-6 0 1 -1.55516e-5 0 1 8.8706e-6 0 1 8.87105e-6 0 1 -7.8685e-6 0 1 0.6096484 -0.3521025 0.710178 0.5610716 -0.4305295 0.7069959 0.6096506 -0.3520381 0.710208 0.6798864 -0.1822627 0.7103061 0.6799237 -0.182217 0.7102822 -0.3521242 0.6096811 0.7101391 -0.4305554 0.5610909 0.7069648 -0.4305217 0.5611831 0.706912 -0.1822649 0.6799298 0.710264 -0.352081 0.6096743 0.7101663 1.49039e-6 0.703971 0.7102287 -0.1822298 0.6799424 0.7102609 0.1822267 0.6799355 0.7102684 2.29342e-6 0.7039857 0.7102143 0.1822636 0.679897 0.7102958 0.3519141 0.6094563 0.7104362 0.4975854 0.4975541 0.7105271 0.3518816 0.6094634 0.7104461 0.6094579 0.3518908 0.7104463 0.4975844 0.4975465 0.7105331 0.6094614 0.3518581 0.7104595 0.6797971 0.1822154 0.7104039 0.679807 0.1821464 0.710412 0.7040123 2.68629e-5 0.7101879 0.7039968 3.3345e-5 0.7102031 0.7072981 -0.7069154 2.24053e-5 0.7935771 -0.6084698 0 0.7072388 -0.7069748 0 0.6114535 -0.7912803 1.54545e-4 0.9659135 -0.2588652 0 0.8659721 -0.5000923 0 0.9659153 -0.2588589 0 1 -4.04736e-6 0 1 3.10011e-6 0 0.9659164 0.2588544 0 0.9659128 0.2588679 0 0.8660307 0.4999908 0 0.8660257 0.4999995 0 0.7071065 0.7071071 0 0.7071081 0.7071055 0 0.4999923 0.86603 0 0.4999974 0.866027 0 0.2588598 0.9659149 0 0.2588627 0.9659141 0 0 1 0 -4.59275e-7 1 0 -0.2588586 0.9659153 0 -0.258862 0.9659144 0 -0.5000883 0.8659744 0 -0.5000988 0.8659684 0 -0.6086896 0.7934086 0 -0.7069985 0.707215 -2.91073e-5 -0.7070142 0.7071994 0 -0.7933115 0.6088162 0 -0.7932748 0.6088638 0 -0.8659951 0.5000525 0 -0.8659949 0.5000529 0 -0.7945013 0.6072437 -0.004792869 -0.7975892 0.6029136 -0.01862037 -0.6086 0.7934772 0 -0.706947 0.7072666 0 -0.6084326 0.7936057 0 -0.9659481 0.2587358 0 -0.9659481 0.2587361 0 -1 4.73628e-7 0 -1 4.73628e-7 0 -0.9659494 -0.2587317 0 -0.9659475 -0.2587385 0 -0.8660386 -0.4999771 0 -0.8660368 -0.4999805 0 -0.7071045 -0.7071091 0 -0.707104 -0.7071096 0 -0.4999778 -0.8660383 0 -0.4999741 -0.8660404 0 -0.2587366 -0.965948 0 -0.2587348 -0.9659484 0 -4.59275e-7 -1 0 0 -1 0 0.2587366 -0.965948 0 0.2587352 -0.9659483 0 0.499902 -0.866082 0 0.4998991 -0.8660836 0 0.6088553 -0.7932814 0 0.6089924 -0.7931761 1.21721e-4 0.7073268 -0.7068868 0 0.7934147 -0.6086814 0 0.7934756 -0.6086023 0 0.8659716 -0.5000934 0 0.3518417 -0.609589 0.7103582 0.4301904 -0.5609457 0.7073021 0.4301569 -0.5610844 0.7072124 -0.6096033 0.3519079 0.7103131 -0.5610629 0.4304134 0.7070734 -0.6094563 0.3519203 0.7104331 0.1822929 -0.6800144 0.7101759 0.3518652 -0.6094604 0.7104569 -9.87384e-7 -0.7041483 0.710053 0.1823971 -0.6804057 0.7097742 -0.6802702 0.1822376 0.7099451 -0.704048 -4.41774e-5 0.7101524 -0.7040301 -5.2134e-5 0.7101702 -0.6802524 0.1823338 0.7099374 -0.1822872 -0.6804246 0.7097843 0 -0.7045244 0.7096798 -0.1822884 -0.6803766 0.7098301 -0.352057 -0.6097296 0.7101309 -0.3521146 -0.60968 0.7101448 -0.4977772 -0.4977812 0.7102336 -0.6096463 -0.3521118 0.7101752 -0.4980661 -0.4980724 0.7098269 -0.680395 -0.1821826 0.7098396 -0.6097042 -0.3520463 0.7101579 -0.6804078 -0.1821898 0.7098254 4.57645e-5 0 1 -1.36466e-5 0 1 2.11144e-5 0 1 -8.92258e-6 0 1 0 0 1 0 0 1 -1.18859e-5 0 1 -6.63215e-7 0 1 -2.14309e-6 0 1 2.66005e-6 0 1 2.23081e-6 0 1 -3.53732e-6 0 1 -1.55536e-5 0 1 -2.19189e-5 0 1 -8.92212e-6 0 1 0 0 1 1.78506e-5 0 1 0 0 1 0.9659513 -0.258724 0 0.9239079 -0.3826152 0 0.9659411 -0.2587622 0 1 1.94808e-5 0 1 -1.94808e-5 0 0.9659107 0.2588755 0 0.9659195 0.2588428 0 0.8659918 0.5000584 0 0.8659999 0.5000444 0 0.7071106 0.707103 0 0.7071021 0.7071115 0 0.500062 0.8659898 0 0.5000396 0.8660026 0 0.2588731 0.9659113 0 0.2588616 0.9659144 0 -3.05225e-6 1 0 -4.83193e-7 1 0 -0.2587559 0.9659428 0 -0.2587564 0.9659427 0 -0.3826051 0.923912 0 -0.3826107 0.9239097 0 0.7202588 0.6937054 0 0.7202845 0.6936787 0 0.7202779 0.6936857 0 0.7202116 0.6937545 1.26567e-6 0.7202544 0.69371 0 0.7202292 0.6937363 4.99324e-6 0.7201572 0.6938109 7.71256e-6 -0.9659128 0.2588677 0 -0.9238274 0.3828092 0 -0.9659141 0.2588626 0 -1 0 0 -1 0 0 -0.9659463 -0.2587427 0 -0.9659435 -0.2587533 0 -0.8660646 -0.4999322 0 -0.8660561 -0.4999468 0 -0.7071059 -0.7071076 0 -0.7071046 -0.7071089 0 -0.499951 -0.8660537 0 -0.4999442 -0.8660577 0 -0.2587528 -0.9659436 0 -0.2587401 -0.9659471 0 2.15283e-7 -1 0 -2.33463e-6 -1 0 0.258859 -0.9659152 0 0.2588583 -0.9659153 0 0.382822 -0.9238222 0 0.3828275 -0.9238198 0 0.1822558 -0.679951 0.7102462 0.2705841 -0.6532683 0.7071244 0.2705407 -0.6533084 0.7071039 -0.6799132 0.1821329 0.7103137 -0.6532061 0.2704861 0.7072193 -0.6798481 0.1822056 0.7103575 -0.703962 4.21361e-5 0.7102376 -0.7039436 5.48453e-5 0.7102559 -0.6799104 -0.1821824 0.7103038 -0.6798886 -0.1822773 0.7103004 -0.6094644 -0.3518988 0.7104367 -0.6094428 -0.3518627 0.7104731 -0.497583 -0.4975628 0.7105227 -0.3518727 -0.6094572 0.7104558 -0.3518738 -0.6094955 0.7104225 -0.4975853 -0.497534 0.7105413 -0.1821711 -0.67992 0.7102976 -0.1822391 -0.6798993 0.7102999 0 -0.7039713 0.7102285 0.1822414 -0.6799608 0.7102404 6.58131e-7 -0.7040148 0.7101854 0.6536133 -0.2706865 0.7067663 0.6804048 -0.1823095 0.7097976 0.65359 -0.2706996 0.7067828 0.6804534 -0.1822795 0.7097586 0.7044629 6.25139e-5 0.7097409 0.7044783 4.83152e-5 0.7097255 0.6803222 0.1821849 0.7099087 0.6803267 0.1823151 0.7098709 0.6100358 0.3522151 0.7097893 0.4980875 0.4981006 0.709792 0.6101011 0.3522476 0.7097172 0.3522687 0.6100635 0.7097389 0.4980479 0.4980834 0.7098319 0.352267 0.6100751 0.7097299 0.1822765 0.6803504 0.7098581 6.1256e-7 0.7041367 0.7100645 0.182373 0.680396 0.7097897 -0.1821887 0.6803292 0.7099011 2.69472e-6 0.7039801 0.7102197 -0.2706797 0.6535257 0.7068499 -0.1822891 0.6804106 0.7097972 0.50932 0.4906708 0.7069904 0.5097206 0.4909288 0.7065224 0.5097818 0.490965 0.706453 0.5093271 0.4906582 0.706994 0.2008726 0.8557252 0.4768486 0.01257359 0.6739183 0.738699 -0.4874776 -0.5124452 0.7069411 -0.6676017 -0.002202689 0.7445155 -0.8552248 -0.1926781 0.4811089 -0.4905123 0.509282 0.7071278 -0.8564218 0.1875113 0.4810209 -0.1689234 0.8626828 0.4767004 -0.4905464 0.509279 0.7071062 0.01886582 0.9998221 0 -0.999964 -0.008443474 -9.16009e-4 -0.9999601 -0.00887978 -9.93374e-4 -0.4874317 -0.5124245 0.7069876 -0.4872569 -0.5123033 0.7071959 -0.4872409 -0.5122973 0.7072113 -0.6892529 -0.7245209 6.88681e-5 -0.689913 -0.7238923 -2.80423e-4 -0.6888086 -0.7249433 -2.4187e-4 -0.6885371 -0.7252011 1.6443e-5 -0.6884671 -0.7252676 0 -0.6892492 -0.7245244 2.53759e-6 -0.6892487 -0.7245249 0 -3.95947e-6 0 -1 1.49757e-5 0 -1 -2.94798e-5 0 -1 -0.4905366 0.5091391 -0.7072138 -0.4905843 0.5091897 -0.7071442 -0.4905335 0.5090876 -0.707253 -0.4906525 0.5092027 -0.7070875 -0.4906829 0.5092079 -0.7070627 -0.6937733 0.7201935 0 -0.6937616 0.7202048 0 -0.693754 0.7202121 0 -0.6937769 0.7201901 0 -0.6937913 0.7201762 0 -0.6937907 0.7201767 0 0.5094598 -0.4906352 -0.7069143 0.5094652 -0.4907318 -0.7068434 0.5094624 -0.4905767 -0.7069532 0.5094316 -0.490789 -0.7068278 0.5093807 -0.490796 -0.7068597 0.7201904 -0.6937766 0 0.7202026 -0.6937638 0 0.7201944 -0.6937723 0 0.7201986 -0.6937681 0 0.7201862 -0.6937808 0 -2.01708e-7 0 1 0 0 1 -6.86575e-5 0 1 3.3425e-5 0 1 4.17066e-5 0 1 1.74391e-4 0 1 3.31904e-5 0 1 2.44962e-5 0 1 3.9179e-5 0 1 1.01893e-6 0 1 -7.11756e-6 0 1 -1.42145e-5 0 1 1.42939e-5 0 1 0 0 1 -2.84677e-5 0 1 -7.12055e-6 0 1 2.84683e-5 0 1 2.84603e-5 0 1 -5.68971e-5 0 1 -5.68901e-5 0 1 5.69597e-5 0 1 5.69697e-5 0 1 -1.01967e-6 0 1 -5.69763e-5 0 1 -5.69511e-5 0 1 5.68907e-5 0 1 5.68855e-5 0 1 -2.84575e-5 0 1 -2.84618e-5 0 1 7.11887e-6 0 1 7.12199e-6 0 1 1.42187e-5 0 1 -1.42871e-5 0 1 0 0 1 2.84633e-5 0 1 -2.61657e-5 0 1 -2.51859e-5 0 1 7.683e-5 0 1 -3.57603e-5 0 1 -8.84484e-5 0 1 8.83286e-5 0 1 3.5721e-5 0 1 -3.79688e-5 0 1 -3.3218e-5 0 1 -1.74812e-4 0 1 -4.17502e-5 0 1 -3.35674e-5 0 1 6.85806e-5 0 1 4.78785e-4 0 0.9999999 -7.72174e-4 0 0.9999998 1.0896e-4 0 1 8.38692e-7 0 1 2.42482e-4 0 1 7.83836e-7 0 1 1.14111e-4 0 1 2.85817e-5 0 1 -9.92072e-5 0 1 1.31488e-4 0 1 3.4395e-5 0 1 -6.64326e-5 0 1 3.24598e-5 0 1 6.01576e-5 0 1 -4.00897e-5 0 1 2.33417e-5 0 1 -4.87949e-5 0 1 7.98092e-5 0 1 -2.77104e-7 0 1 -4.83385e-6 0 1 5.12127e-6 0 1 8.03378e-7 0 1 2.5863e-5 0 1 -1.26866e-5 0 1 -4.71037e-7 0 1 1.85021e-5 0 1 -1.44139e-5 0 1 7.42082e-5 0 1 3.52684e-5 0 1 -4.10586e-5 0 1 -3.79505e-5 0 1 -4.59029e-5 0 1 -9.78156e-6 0 1 -1.93139e-5 0 1 1.53666e-4 0 1 1.11628e-4 0 1 -1.53668e-4 0 1 -9.66941e-5 0 1 -4.11956e-4 0 1 2.84549e-5 0 1 -6.61331e-5 0 1 1.97487e-4 0 1 -4.82195e-5 0 1 -9.5641e-4 0 0.9999996 0.001219093 0 0.9999994 -4.2715e-6 0 1 -0.03283065 0.999461 0 -0.1307551 0.9914147 0 -0.1307498 0.9914155 0 0.03278738 0.9994624 0 -0.03283208 0.9994609 0 -0.9994624 -0.03278845 0 -0.9914221 -0.1306995 0 -0.9914191 -0.1307223 0 -0.9994617 0.03281104 0 -0.9994631 -0.0327655 0 -0.9914161 0.1307446 0 -0.9994608 0.03283429 0 -0.9658282 0.2591832 0 -0.9914131 0.1307678 0 -0.9238963 0.3826431 0 -0.9658223 0.2592049 0 -0.8661558 0.4997743 0 -0.9238952 0.3826457 0 -0.793123 0.6090615 0 -0.8661646 0.4997588 0 -0.7070959 0.7071177 0 -0.7931326 0.6090492 0 -0.6090692 0.7931171 0 -0.7070974 0.7071162 0 -0.5000597 0.8659911 0 -0.609046 0.7931351 0 -0.3825423 0.923938 0 -0.5000469 0.8659984 0 -0.2587713 0.9659386 0 -0.3825415 0.9239383 0 -0.2587751 0.9659377 0 -0.9657707 -0.2593974 0 -0.9657652 -0.2594178 0 0.0327742 -0.9994628 0 0.1300382 -0.9915091 0 0.1300352 -0.9915094 0 -0.03282195 -0.9994612 0 0.03277719 -0.9994627 0 -0.1300871 -0.9915027 0 -0.03282046 -0.9994613 0 -0.2587671 -0.9659398 0 -0.1300813 -0.9915034 0 -0.383139 -0.9236907 0 -0.2587629 -0.9659409 0 -0.4995452 -0.8662878 0 -0.3831386 -0.923691 0 -0.608603 -0.793475 0 -0.4995548 -0.8662823 0 -0.7071039 -0.7071098 0 -0.6086235 -0.7934591 0 -0.7931298 -0.6090528 0 -0.707101 -0.7071126 0 -0.8663136 -0.4995006 0 -0.7931182 -0.6090679 0 -0.9239255 -0.3825725 0 -0.8663026 -0.4995197 0 -0.9239253 -0.3825728 0 0.2587554 -0.9659429 0 0.2587699 -0.965939 0 0.3831413 -0.9236897 0 0.3831558 -0.9236838 0 0.4995527 -0.8662836 0 0.4995543 -0.8662827 0 0.608601 -0.7934765 0 0.6086271 -0.7934564 0 0.7071025 -0.7071111 0 0.7071257 -0.7070879 0 0.7930932 -0.6091004 0 0.7931411 -0.6090379 0 0.8662842 -0.4995516 0 0.8663234 -0.4994835 0 0.9239251 -0.3825737 0 0.9239258 -0.3825721 0 0.9659325 -0.2587941 0 0.9659445 -0.2587492 0 0.9915035 -0.1300802 0 0.9915155 -0.129989 0 0.9994624 -0.03278821 0 0.9994639 -0.03274184 0 0.9994609 0.03283381 0 0.9915095 0.1300344 0 0.9914976 0.1301254 0 0.9994624 0.03278762 0 0.9660016 0.2585363 0 0.96599 0.2585799 0 0.1307066 0.9914212 0 0.03278428 0.9994625 0 0.2587637 0.9659407 0 0.1307033 0.9914215 0 0.382545 0.9239369 0 0.2587779 0.9659369 0 0.5000575 0.8659923 0 0.3825583 0.9239315 0 0.6090467 0.7931344 0 0.500056 0.8659932 0 0.7070976 0.7071161 0 0.60907 0.7931166 0 0.7930981 0.6090941 0 0.7071192 0.7070944 0 0.8661373 0.4998061 0 0.793144 0.6090343 0 0.923896 0.3826439 0 0.8661745 0.4997419 0 0.9238953 0.3826454 0 0.9239712 0.3824622 0 0.9658406 0.259137 0 0.9658298 0.2591773 0 0.8662014 0.4996951 0 0.9239704 0.3824642 0 0.7934842 0.6085909 0 0.8662001 0.4996973 0 0.7070903 0.7071233 0 0.7934833 0.608592 0 0.6085737 0.7934974 0 0.7071093 0.7071042 0 0.4996642 0.8662192 0 0.608632 0.7934526 0 0.3826457 0.9238952 0 0.4997202 0.8661869 0 0.2592605 0.9658075 0 0.3826469 0.9238948 0 0.1305214 0.9914455 0 0.2592353 0.9658143 0 0.03182679 0.9994934 0 0.1305092 0.9914471 0 -0.03244024 0.9994737 0 0.03182679 0.9994935 0 -0.1306427 0.9914295 0 -0.03244006 0.9994738 0 -0.259155 0.9658358 0 -0.1306419 0.9914296 0 -0.3824475 0.9239773 0 -0.2591791 0.9658293 0 -0.5000095 0.86602 0 -0.3824702 0.923968 0 -0.6088745 0.7932667 0 -0.5000064 0.8660217 0 -0.7067512 0.7074622 0 -0.6088941 0.7932515 0 -0.793192 0.6089718 0 -0.7067704 0.7074431 0 -0.8662212 0.4996607 0 -0.7931687 0.6090021 0 -0.9239698 0.3824657 0 -0.8661819 0.4997289 0 -0.9660041 0.2585272 0 -0.9239698 0.3824656 0 -0.9914315 0.1306275 0 -0.9659921 0.2585716 0 -0.9994359 0.03358429 0 -0.9914259 0.1306705 0 -0.999464 -0.03273636 0 -0.9994375 0.03353834 1.80841e-7 -0.9914261 -0.1306691 0 -0.9994627 -0.03277891 0 -0.9659927 -0.2585697 0 -0.9914315 -0.1306278 0 -0.9239711 -0.3824625 0 -0.9660038 -0.2585279 0 -0.8659994 -0.5000454 0 -0.9239695 -0.3824664 0 -0.7932069 -0.6089524 0 -0.8660352 -0.4999831 0 -0.7070854 -0.7071282 0 -0.7932273 -0.6089257 0 -0.6088965 -0.7932497 0 -0.7070636 -0.7071501 0 -0.5000082 -0.8660207 0 -0.60887 -0.7932701 0 -0.3824743 -0.9239662 0 -0.5000052 -0.8660224 0 -0.2591685 -0.9658322 0 -0.3824446 -0.9239785 0 -0.1306577 -0.9914276 0 -0.2591373 -0.9658405 0 -0.03245747 -0.9994731 0 -0.1306561 -0.9914278 0 0.03245747 -0.9994731 0 -0.03245711 -0.9994732 0 0.1305251 -0.991445 0 0.03245997 -0.999473 0 0.2592248 -0.965817 0 0.1305347 -0.9914438 0 0.382651 -0.923893 0 0.2592429 -0.9658122 0 0.4997221 -0.8661859 0 0.3826426 -0.9238966 0 0.6086344 -0.7934508 0 0.4996599 -0.8662217 0 0.7074242 -0.7067893 0 0.6085692 -0.793501 0 0.7935216 -0.6085422 0 0.7074021 -0.7068113 0 0.8660175 -0.5000138 0 0.7935197 -0.6085447 0 0.9239716 -0.3824611 0 0.8660154 -0.5000175 0 0.9658411 -0.2591351 0 0.9239708 -0.382463 0 0.9914334 -0.1306138 0 0.9658296 -0.2591782 0 0.9994741 -0.03242909 0 0.9914276 -0.1306576 0 0.9994741 0.03242909 0 0.9994741 -0.03242945 0 0.9914277 0.1306572 0 0.9994741 0.03242939 0 0.9914332 0.1306153 0 -1.65372e-6 0 1 -1.32131e-4 0 1 -5.36373e-5 0 1 -5.42137e-5 0 1 5.38893e-5 0 1 5.42871e-5 0 1 1.99111e-5 0 1 1.4749e-5 0 1 -1.9512e-4 0 1 2.28617e-5 0 1 5.41489e-5 0 1 5.34922e-5 0 1 -5.34078e-5 0 1 1.01642e-5 0 1 -5.41752e-5 0 1 1.35158e-5 0 1 1.35271e-5 0 1 0 0 1 -6.37619e-6 0 1 1.84715e-5 0 1 6.44322e-7 0 1 2.0132e-5 0 1 1.44729e-4 0 1 1.35468e-5 0 1 2.68365e-5 0 1 2.71453e-5 0 1 -5.38853e-5 0 1 -5.42721e-5 0 1 5.40695e-5 0 1 0 0 1 -6.678e-5 0 1 -7.73024e-6 0 1 1.95096e-4 0 1 -5.41421e-5 0 1 9.8236e-5 0 1 -4.96698e-5 0 1 6.4168e-5 0 1 -1.35473e-5 0 1 -1.35191e-5 0 1 -5.37887e-7 0 1 -6.52432e-6 0 1 -1.69614e-6 0 1 -1.32431e-7 0 1 -0.03104519 -0.999518 0 -0.06208127 -0.9980712 0 -0.06206041 -0.9980725 0 0.1208034 -0.9926765 0 -0.03105574 -0.9995177 0 0.2398379 -0.970813 0 0.1208347 -0.9926727 0 0.9994351 -0.03360718 0 0.9977412 -0.06717514 0 0.9977411 -0.06717652 0 0.9926695 0.1208605 0 0.9994353 -0.03360652 0 0.9707856 0.2399491 0 0.9926697 0.1208596 0 0.03161692 0.9995001 0 0.06206327 0.9980723 0 0.06204247 0.9980736 0 -0.1208673 0.9926687 0 0.03163021 0.9994997 0 -0.2399621 0.9707823 0 -0.1208691 0.9926685 0 -0.9994513 0.0331242 0 -0.997741 0.06717932 0 -0.9977409 0.06717997 0 -0.992669 -0.1208654 0 -1 0 0 -0.970784 -0.2399554 0 -0.992684 -0.1207413 0 0 0 1 0 0 1 -3.59714e-5 0 1 -4.61302e-7 0 1 -5.68275e-5 0 1 -4.96412e-5 0 1 -1.0151e-4 0 1 -5.22611e-5 0 1 1.41049e-4 0 1 -1.27619e-4 0 1 -4.47199e-5 0 1 0 0 1 -2.20326e-4 0 1 0 0 1 0 0 1 -4.50007e-6 0 1 -1.38758e-5 0 1 -5.14814e-5 0 1 4.485e-5 0 1 3.38231e-5 0 1 -2.14496e-7 0 1 -1.44057e-4 0 1 3.24033e-7 0 1 5.56931e-6 0 1 0 0 1 2.69729e-7 0 1 -1.07643e-5 0 1 -3.06288e-6 0 1 1.00326e-5 0 1 9.12702e-6 0 1 1.86906e-5 0 1 2.75171e-6 0 1 0.03229743 0.9994783 0 0.1305168 0.9914461 0 0.1305189 0.9914458 0 -0.03229618 0.9994784 0 0.03229606 0.9994783 0 -0.1305176 0.991446 0 -0.03229606 0.9994784 0 -0.2586454 0.9659724 0 -0.1305169 0.9914461 0 -0.3825693 0.9239268 0 -0.2586202 0.9659791 0 -0.5003493 0.8658237 0 -0.3825609 0.9239304 0 -0.6089082 0.7932407 0 -0.5003802 0.8658058 0 -0.7070772 0.7071364 0 -0.6089021 0.7932454 0 -0.7933179 0.6088078 0 -0.7070571 0.7071566 0 -0.9994786 0.03228956 0 -0.9914458 0.130519 0 -0.9914458 0.1305184 0 -0.9994633 -0.03276145 -4.3445e-7 -0.9994786 0.03228968 0 -0.9659282 -0.2588105 0 -0.9914457 -0.1305204 0 -0.9914458 -0.130519 0 -0.9239709 -0.3824628 0 -0.9659185 -0.2588465 0 -0.8660309 -0.4999907 0 -0.9239436 -0.382529 0 -0.7932965 -0.6088355 0 -0.8660284 -0.4999949 0 -0.03238594 -0.9994754 -5.56419e-7 -0.1305183 -0.9914459 0 -0.130519 -0.9914458 0 0.03285998 -0.99946 0 -0.03238815 -0.9994754 0 0.2588089 0.9659286 0 0.3824981 0.9239563 0 0.382494 0.923958 0 0.258813 0.9659275 0 0.9994589 0.03289347 0 0.9994589 -0.03289401 0 0.9994601 -0.03285551 0 0.9914422 0.1305471 0 0.9994602 0.03285551 0 0.965933 0.2587926 0 0.991447 0.1305098 0 0.923745 0.3830083 0 0.9659371 0.2587772 0 0.8660218 0.5000064 0 0.9237508 0.382994 0 0.7935669 0.6084832 0 0.8660127 0.5000222 0 0.7071053 0.7071083 0 0.7935553 0.6084981 0 0.6088597 0.793278 0 0.7071117 0.707102 0 0.5004137 0.8657864 0 0.608875 0.7932662 0 0.5004207 0.8657824 0 0.9914419 -0.1305489 0 0.991447 -0.1305099 0 0.965933 -0.2587925 0 0.965938 -0.2587742 0 0.9237452 -0.3830078 0 0.9237525 -0.3829903 0 0.8660206 -0.5000084 0 0.8660138 -0.5000202 0 0.7935636 -0.6084874 0 0.7935552 -0.6084983 0 0.7071063 -0.7071073 0 0.7071158 -0.7070978 0 0.6084814 -0.7935681 0 0.6085006 -0.7935534 0 0.4999957 -0.866028 0 0.5000062 -0.8660218 0 0.3829984 -0.9237491 0 0.383005 -0.9237463 0 0.2587926 -0.965933 0 0.2587996 -0.9659311 0 0.1305197 -0.9914458 0 0.130519 -0.9914458 0 0.03286123 -0.99946 0 -0.8660295 0.4999929 0 -0.7932967 0.6088353 0 -0.9239433 0.3825294 0 -0.8660296 0.4999927 0 -0.9659184 0.2588467 0 -0.9239694 0.3824666 0 -0.9659273 0.2588135 0 -0.9994632 -0.03276413 0 -0.7070611 -0.7071526 0 -0.7933146 -0.608812 0 -0.6085279 -0.7935325 0 -0.7070783 -0.7071353 0 -0.499966 -0.8660452 0 -0.6085302 -0.7935307 0 -0.3830672 -0.9237205 0 -0.4999314 -0.866065 0 -0.2586061 -0.9659829 0 -0.383073 -0.923718 0 -0.2586287 -0.9659768 0 0 -0.7070981 0.7071155 0 -0.7071073 0.7071063 0 -0.7071074 0.7071062 0.7071179 0 0.7070958 0.7071099 0 0.7071037 0.7071099 0 0.7071037 0 0.7071162 0.7070974 0 0.7071148 0.7070989 0 0.7071147 0.7070989 -0.7071178 0 0.7070958 -0.70711 0 0.7071036 -0.7071099 0 0.7071037 8.89644e-6 0 1 1.72691e-5 0 1 1.48227e-6 0 1 5.92823e-6 0 1 3.06123e-5 0 1 -6.31216e-5 0 1 2.34325e-5 0 1 -4.05071e-5 0 1 -1.07662e-5 0 1 1.18674e-5 0 1 1.82524e-5 0 1 3.45187e-5 0 1 2.86323e-5 0 1 2.02391e-5 0 1 1.25554e-5 0 1 -3.4526e-5 0 1 3.46264e-6 0 1 2.39714e-5 0 1 2.37312e-5 0 1 9.37882e-5 0 1 5.72957e-5 0 1 1.25441e-5 0 1 2.37354e-5 0 1 5.72946e-5 0 1 3.4548e-5 0 1 2.39519e-5 0 1 -3.44793e-5 0 1 1.82593e-5 0 1 1.18587e-5 0 1 2.86533e-5 0 1 1.25324e-5 0 1 3.45294e-5 0 1 2.02493e-5 0 1 -5.72638e-5 0 1 -1.36104e-5 0 1 -3.02108e-5 0 1 -3.00993e-6 0 1 -1.25443e-5 0 1 -4.46709e-5 0 1 7.84127e-7 0 1 2.18069e-6 0 1 1.16318e-5 0 1 -3.02639e-6 0 1 3.12466e-5 0 1 -7.00984e-6 0 1 -2.56752e-5 0 1 1.36948e-5 0 1 4.05122e-5 0 1 0 0 1 9.12835e-6 0 1 0 0 1 -1.1859e-5 0 1 -1.826e-5 0 1 -2.86621e-5 0 1 -5.72973e-5 0 1 -2.37158e-5 0 1 -3.64968e-5 0 1 -2.02551e-5 0 1 -1.25427e-5 0 1 -3.45137e-5 0 1 -2.37211e-5 0 1 -9.38395e-5 0 1 -5.72338e-5 0 1 -3.47999e-6 0 1 -2.39797e-5 0 1 3.4526e-5 0 1 -2.02385e-5 0 1 -1.25587e-5 0 1 -3.45173e-5 0 1 -4.33742e-5 0 1 -1.18815e-5 0 1 -6.9138e-5 0 1 9.13252e-6 0 1 -2.86918e-5 0 1 -4.04876e-5 0 1 0 0 1 -1.14056e-5 0 1 0 0 1 -2.71735e-5 0 1 -6.91706e-5 0 1 -2.23198e-6 0 1 3.21911e-5 0 1 2.23334e-6 0 1 1 0 0 -1.56343e-6 0 1 -3.96475e-7 0 1 -7.33226e-6 0 1 -5.53901e-6 0 1 -3.99002e-6 0 1 2.9819e-6 0 1 1.45663e-5 0 1 6.31975e-6 0 1 8.22997e-5 0 1 6.72494e-5 0 1 -1.52388e-5 0 1 -1.7843e-5 0 1 -6.48269e-6 0 1 -4.27127e-5 0 1 2.39103e-4 0 1 2.0915e-6 0 1 -1.01203e-5 0 1 2.75488e-5 0 1 4.70278e-5 0 1 3.146e-6 0 1 8.68367e-6 0 1 2.8886e-5 0 1 -3.99606e-5 0 1 3.57671e-6 0 1 1.85788e-6 0 1 4.1932e-6 0 1 6.93568e-7 0 1 0 0 1 -1.5288e-6 0 1 1.08123e-5 0 1 4.71202e-6 0 1 1.07835e-6 0 1 -3.71783e-6 0 1 -1.34391e-5 0 1 3.25404e-5 0 1 1.13977e-6 0 1 2.63286e-6 0 1 -1.94278e-5 0 1 -4.3389e-6 0 1 4.72454e-6 0 1 -4.69838e-6 0 1 4.27445e-5 0 1 -1.7641e-4 0 1 1.29611e-5 0 1 1.73967e-5 0 1 -6.73763e-6 0 1 -8.89443e-5 0 1 -4.23453e-5 0 1 -3.15479e-6 0 1 -1.45654e-5 0 1 -5.75279e-6 0 1 7.33228e-6 0 1 1.21385e-6 0 1 -0.1214573 -0.6965462 0.7071574 -0.08112114 -0.7018275 0.707713 -0.161817 -0.6876788 0.7077523 -0.02029895 -0.7066681 0.707254 -0.08104991 -0.7018699 0.707679 0.02029889 -0.7066526 0.7072695 -0.02030366 -0.7066648 0.7072572 0.02030527 -0.7066589 0.7072631 0.08110857 -0.7018309 0.707711 0.1214358 -0.6965504 0.7071569 0.1618384 -0.6877009 0.7077258 0.2017189 -0.6777414 0.7070899 0.2414981 -0.6639369 0.7077193 0.2807748 -0.6489916 0.7070895 0.3193914 -0.6301372 0.7077544 0.3574549 -0.6100848 0.7071228 0.3947499 -0.5858018 0.7078198 0.431304 -0.5603517 0.7070947 0.4660763 -0.530741 0.707875 0.500001 -0.4998987 0.7071778 0.531853 -0.464649 0.7079786 0.4993625 -0.5005013 0.7072027 0.5622245 -0.4286644 0.7072132 0.5900896 -0.3879553 0.7080148 0.6162895 -0.3465765 0.7071578 0.6386727 -0.3012828 0.7080437 0.6594256 -0.255086 0.7071698 0.6753845 -0.2060475 0.7080962 0.6895405 -0.1565051 0.7071352 0.6983239 -0.1046949 0.7080839 0.7063744 -0.02633708 0.7073484 0.6984152 -0.1044269 0.7080333 0.7063728 0.02634406 0.7073497 0.7063643 -0.02631509 0.7073592 0.6983255 0.1046718 0.7080857 0.7063531 0.02632331 0.7073701 0.6895142 0.1565679 0.7071468 0.6753895 0.2060857 0.7080804 0.6594395 0.2550724 0.7071617 0.6386644 0.301225 0.7080758 0.6162556 0.3465659 0.7071925 0.5901185 0.3879303 0.7080045 0.5624152 0.4285241 0.7071465 0.5319186 0.4646931 0.7079004 0.4994277 0.5005105 0.7071501 0.4660602 0.5307933 0.7078464 0.4312967 0.5604785 0.7069987 0.3948199 0.5859258 0.7076781 0.3576626 0.6100869 0.7070159 0.3194745 0.6301612 0.7076956 0.2807706 0.6489912 0.7070915 0.2414931 0.6639307 0.7077268 0.2017164 0.677733 0.7070987 0.161826 0.6877403 0.7076905 0.1215147 0.6965863 0.7071081 0.08111292 0.7018325 0.707709 0.02030551 0.7066693 0.7072525 0.08105492 0.7018653 0.707683 -0.02029925 0.7066685 0.7072536 0.02029937 0.7066667 0.7072554 -0.0811181 0.7018308 0.70771 -0.02030408 0.7066677 0.7072543 -0.121766 0.6965917 0.7070595 -0.1618083 0.6877207 0.7077135 -0.1215158 0.6965799 0.7071142 -0.2016926 0.677716 0.7071217 -0.2414731 0.6639304 0.7077339 -0.2807719 0.6489911 0.7070911 -0.3194749 0.6301639 0.7076929 -0.3577067 0.6100888 0.706992 -0.3948333 0.5859548 0.7076466 -0.4311279 0.5606462 0.7069686 -0.466134 0.5308004 0.7077925 -0.5000549 0.5000152 0.7070572 -0.5319094 0.4647386 0.7078775 -0.5000779 0.4999834 0.7070634 -0.5626479 0.4283052 0.7070941 -0.5901657 0.3879412 0.7079592 -0.6163861 0.3465165 0.7071029 -0.6387125 0.3012415 0.7080255 -0.6594488 0.255204 0.7071056 -0.6753916 0.2060846 0.7080787 -0.6896768 0.1564673 0.7070106 -0.6983658 0.1046964 0.7080423 -0.6895813 0.1565111 0.707094 -0.7063757 0.02634078 0.7073468 -0.6983667 0.1048411 0.7080199 -0.7063729 -0.0263338 0.7073498 -0.7063555 0.02631741 0.7073679 -0.698364 -0.1047204 0.7080405 -0.7063616 -0.02630925 0.7073621 -0.6896068 -0.1564487 0.7070829 -0.6753885 -0.2060475 0.7080923 -0.65943 -0.2552199 0.7071173 -0.6387223 -0.3013015 0.7079911 -0.6164187 -0.3465263 0.7070696 -0.590139 -0.3879657 0.7079679 -0.5624618 -0.4284399 0.7071605 -0.5318533 -0.4646939 0.7079489 -0.5000059 -0.4999542 0.7071352 -0.4661669 -0.530744 0.7078131 -0.4311447 -0.5605169 0.7070609 -0.3947651 -0.5858305 0.7077876 -0.3574883 -0.6100882 0.7071029 -0.3193885 -0.6301422 0.7077512 -0.2807757 -0.6489904 0.7070902 -0.2414795 -0.6639334 0.7077289 -0.2016997 -0.6777217 0.7071143 -0.3417618 -0.9397866 0 -0.2289937 -0.9734279 0 -0.3417606 -0.9397871 0 -0.4521491 -0.8919423 0 -0.4521471 -0.8919434 0 -0.5588062 -0.8292983 0 -0.5588015 -0.8293015 0 -0.6599098 -0.7513449 0 -0.6599085 -0.751346 0 -0.7530794 -0.6579297 0 -0.753081 -0.6579279 0 -0.8355826 -0.5493649 0 -0.8355834 -0.5493637 0 -0.9044518 -0.4265758 0 -0.9044533 -0.4265727 0 -0.9564662 -0.2918434 0 -0.9564665 -0.2918421 0 -0.9889451 -0.1482831 0 -0.9889457 -0.1482788 0 -0.9993069 -0.03722727 0 -0.9993071 -0.03722184 0 -0.9993066 0.03723245 0 -0.9993064 0.03723794 0 -0.988949 0.1482567 0 -0.9889478 0.1482644 0 -0.9564618 0.2918578 0 -0.9564598 0.2918643 0 -0.9044623 0.4265537 0 -0.9044578 0.4265633 0 -0.8356221 0.5493049 0 -0.8356167 0.5493131 0 -0.7530833 0.6579253 0 -0.7530773 0.6579321 0 -0.6599094 0.7513452 0 -0.659905 0.7513492 0 -0.5588051 0.829299 0 -0.558803 0.8293005 0 -0.4521496 0.8919422 0 -0.4521459 0.8919441 0 -0.3417628 0.9397863 0 -0.3417588 0.9397878 0 -0.2289977 0.9734269 0 -0.2289954 0.9734275 0 -0.1148494 0.993383 0 -0.1148487 0.9933831 0 -0.02870994 0.9995878 0 -0.02870941 0.9995878 0 0.02871036 0.9995878 0 0.02870953 0.9995879 0 0.1148288 0.9933854 0 0.1148267 0.9933856 0 0.2290142 0.9734232 0 0.2290093 0.9734243 0 0.3417949 0.9397746 0 0.3417922 0.9397757 0 0.4521497 0.8919421 0 0.4521464 0.8919439 0 0.5588054 0.8292989 0 0.5587999 0.8293026 0 0.6599121 0.7513428 0 0.6599065 0.7513477 0 0.7530809 0.6579281 0 0.753079 0.6579301 0 0.8356223 0.5493046 0 0.835619 0.5493096 0 0.9044644 0.4265491 0 0.9044578 0.4265632 0 0.9564623 0.291856 0 0.956458 0.2918701 0 0.9889488 0.1482573 0 0.9889469 0.1482704 0 0.9993066 0.03723412 0 0.9993064 0.03723961 0 0.9993069 -0.03722894 0 0.999307 -0.03722345 0 0.9889442 -0.1482879 0 0.9889457 -0.1482784 0 0.9564643 -0.2918495 0 0.9564669 -0.2918408 0 0.9044523 -0.4265747 0 0.904456 -0.4265673 0 0.8355846 -0.5493619 0 0.8355832 -0.5493639 0 0.7530812 -0.6579276 0 0.7530786 -0.6579305 0 0.6599114 -0.7513435 0 0.6599112 -0.7513436 0 0.5588032 -0.8293004 0 0.5588019 -0.8293012 0 0.452149 -0.8919425 0 0.4521467 -0.8919436 0 0.3417957 -0.9397743 0 0.3417931 -0.9397754 0 0.2290089 -0.9734243 0 0.2290094 -0.9734243 0 0.1148275 -0.9933855 0 0.1148279 -0.9933855 0 0.0287097 -0.9995878 0 0.02870994 -0.9995878 0 -0.02870982 -0.9995878 0 -0.02870976 -0.9995878 0 -0.1148496 -0.9933829 0 -0.1148486 -0.993383 0 -0.2289958 -0.9734275 0 0.8944272 -0.4472136 0 0.8944272 -0.4472135 0 0.8944272 0.4472135 0 0.8944272 0.4472136 0 -0.8944272 0.4472136 0 -0.8944272 0.4472135 0 -0.8944272 -0.4472135 0 -0.8944272 -0.4472136 0 5.11756e-6 0 -1 4.70222e-5 0 -1 -9.40269e-6 0 -1 -4.83792e-6 0 -1 1.72377e-5 0 -1 -3.45566e-5 0 -1 -0.9591695 0.282832 0 -0.9593301 0.2822867 -3.2135e-4 -0.9593746 0.2821354 -3.91457e-4 -0.9591593 0.282867 0 -0.9591518 0.2828919 0 -0.95919 0.2827624 0 -0.9591885 0.2827675 0 -0.5788584 -0.3319284 0.7448131 -0.6784469 0.2000223 0.7068953 -0.8365623 -0.2611818 0.4816095 0.6018399 -0.6406796 0.4767792 0.6864621 -0.1702271 0.70696 0.3479117 -0.5773077 0.7386972 -0.6780273 0.1999939 0.7073057 -0.6784358 0.2000213 0.7069062 -0.6779926 0.1999927 0.7073395 0.6859517 -0.1700729 0.7074925 0.6859123 -0.1700565 0.7075346 -0.1702105 -0.6862632 0.7071572 0.2851278 -0.8315773 0.4766356 -0.1702142 -0.6862535 0.7071657 -0.647573 -0.5908274 0.4812197 -0.8698542 -0.4933081 -9.019e-4 -0.8700713 -0.4929249 -9.78055e-4 0.5161712 -0.8564854 0 0.5161685 -0.856487 0 -6.95845e-6 0 1 -4.21048e-5 0 1 8.30235e-6 0 1 -2.03211e-5 0 1 -8.10379e-7 0 1 5.45731e-5 0 1 1.78604e-5 0 1 6.88496e-5 0 1 1.71168e-6 0 1 8.05708e-6 0 1 -9.49333e-6 0 1 -2.8769e-5 0 1 -3.33476e-5 0 1 -4.17202e-5 0 1 -2.12081e-5 0 1 3.10507e-5 0 1 2.66658e-5 0 1 -1.70091e-6 0 1 -2.92698e-5 0 1 -2.92655e-5 0 1 -7.31535e-6 0 1 -7.31676e-6 0 1 1.46372e-5 0 1 0 0 1 -1.46374e-5 0 1 2.92765e-5 0 1 0.9706037 -0.2406836 4.18584e-5 0.9705984 -0.2407051 6.3864e-5 0.9706855 -0.2403534 1.67926e-5 0.97105 -0.2388768 -3.92722e-5 0.9706149 -0.2406387 0 0.9706646 -0.240438 0 0.9706658 -0.2404328 0 -2.66005e-6 0 1 8.92434e-6 0 1 3.09025e-6 0 1 8.92205e-6 0 1 -7.86794e-6 0 1 -1.55509e-5 0 1 8.8709e-6 0 1 -1.7686e-6 0 1 -1.09578e-5 0 1 -2.72515e-5 0 1 8.92325e-6 0 1 -7.07376e-6 0 1 1.33012e-5 0 1 -1.35189e-6 0 1 -4.38434e-5 0 1 4.49093e-5 -0.7040263 0.710174 -0.09213531 -0.7011904 0.7069959 -1.93904e-6 -0.7039878 0.7102121 0.1821608 -0.6799848 0.7102381 0.1821675 -0.6799491 0.7102707 0.3520765 0.6098228 0.7100412 0.2706969 0.6532453 0.7071024 0.2705921 0.6531864 0.7071969 0.4977906 0.4978591 0.7101696 0.3522051 0.6097924 0.7100034 0.6096305 0.3520327 0.7102279 0.4978497 0.497795 0.7101732 0.6799124 0.1822527 0.7102838 0.6096643 0.3519766 0.7102267 0.7040035 2.689e-6 0.7101966 0.6799328 0.1822111 0.710275 0.6799187 -0.1822175 0.7102869 0.7040316 4.23244e-6 0.7101687 0.6798658 -0.1822619 0.7103261 0.6097517 -0.3520693 0.7101058 0.497607 -0.4975885 0.7104879 0.6097189 -0.3520883 0.7101246 0.3521787 -0.6097563 0.7100476 0.4975712 -0.4975668 0.7105281 0.3521062 -0.6098152 0.7100329 -0.2588227 -0.9659249 -4.76268e-5 -0.1305336 -0.991444 0 -0.258722 -0.9659519 0 -0.3879379 -0.9216856 -3.2849e-4 0.2588602 -0.9659148 0 -9.42472e-7 -1 0 0.2588597 -0.965915 0 0.4999923 -0.8660299 0 0.4999926 -0.8660297 0 0.7071091 -0.7071045 0 0.7071096 -0.707104 0 0.8660278 -0.499996 0 0.8660301 -0.499992 0 1 2.16721e-6 0 0.9659166 0.2588539 0 0.9659131 0.2588665 0 0.8660324 0.4999879 0 0.8660252 0.5000005 0 0.7071073 0.7071062 0 0.7071058 0.7071078 0 0.5001012 0.8659669 0 0.5001115 0.8659611 0 0.3827659 0.9238455 0 0.2587583 0.9659422 3.13167e-6 0.2587606 0.9659416 0 0.1305494 0.9914418 0 0.1305266 0.9914449 0 -2.35569e-5 1 0 -2.42363e-5 1 0 0.13082 0.991406 5.26637e-4 0.1314457 0.9913213 0.002044916 0.382677 0.9238823 0 0.2587422 0.9659465 0 0.3825103 0.9239513 0 -0.4999923 0.8660299 0 -0.4999974 0.8660269 0 -0.7070278 0.7071858 0 -0.7070283 0.7071853 0 -0.8660388 0.4999768 0 -0.866038 0.4999783 0 -0.9659484 0.2587352 0 -1 0 0 -1 -9.47256e-7 0 -0.8660403 -0.4999741 0 -0.8660362 -0.4999814 0 -0.7070291 -0.7071846 0 -0.7070274 -0.7071862 0 -0.4999716 -0.8660418 0 -0.4999746 -0.8660401 0 -0.3827536 -0.9238505 0 -0.3829267 -0.9237787 -2.58677e-4 -0.2588808 -0.9659094 0 -0.130536 -0.9914436 0 -0.1305381 -0.9914433 0 -0.3521387 -0.6100156 0.7098446 -0.270501 -0.6534894 0.7069519 -0.2703575 -0.6534228 0.7070682 8.04539e-5 0.7039967 0.7102032 0.0922771 0.7009793 0.7071867 6.03923e-5 0.7040358 0.7101646 -0.497817 -0.4978948 0.7101262 -0.3522144 -0.6100854 0.7097471 -0.497843 -0.4977592 0.7102029 -0.6095137 -0.3518442 0.7104216 -0.1823405 0.6803861 0.7098075 -0.3520891 0.6098805 0.7099853 -0.3522188 0.6101056 0.7097276 -0.1823586 0.6804145 0.7097756 -0.6095448 -0.3518217 0.710406 -0.6803712 -0.1823388 0.7098222 -0.6803672 -0.1823683 0.7098186 -0.7040243 -2.73386e-7 0.7101759 -0.6803863 0.1822283 0.7098363 -0.7039183 -3.23863e-7 0.710281 -0.6096708 0.3520501 0.7101846 -0.6804724 0.1822468 0.7097489 -0.6096234 0.3521144 0.7101936 -0.4980446 0.498067 0.7098457 -0.4980845 0.498086 0.7098044 4.57687e-5 0 1 6.99001e-6 0 1 1.22424e-5 0 1 -7.80903e-6 0 1 1.59278e-5 0 1 1.33043e-6 0 1 -8.03883e-6 0 1 5.47654e-6 0 1 8.92393e-6 0 1 0 0 1 -8.92207e-6 0 1 0 0 1 -3.09025e-6 0 1 3.53516e-6 0 1 -1.06418e-5 0 1 2.19057e-5 0 1 0.2588756 -0.9659107 0 0.1310687 -0.9913733 0 0.2588804 -0.9659095 0 0.5000139 -0.8660175 0 0.5000188 -0.8660146 0 0.7072869 -0.7069267 0 0.7072759 -0.7069377 0 0.8660045 -0.5000362 0 0.8659867 -0.5000672 0 0.9659203 -0.2588399 0 0.9659096 -0.2588798 0 1 1.79451e-5 0 1 -1.97391e-5 0 0.965911 0.2588742 0 0.8660833 0.4998998 0 0.8660929 0.4998832 0 0.7072404 0.7069732 0 0.707234 0.7069795 0 0.6087427 0.7933679 0 0.6087207 0.7933846 0 0.9609376 -0.2767655 0 0.9608907 -0.2769281 0 0.960889 -0.2769339 0 0.9609472 -0.2767317 -2.21502e-6 0.9609665 -0.2766649 0 0.9609087 -0.2768657 -8.73882e-6 0.9609165 -0.2768386 -1.35006e-5 -0.1304777 0.9914513 0 -0.4999554 0.8660511 0 -0.4999409 0.8660596 0 -0.7072436 0.70697 0 -0.7072275 0.7069861 0 -0.8660916 0.4998853 0 -0.8660928 0.4998833 0 -0.9659132 0.2588662 0 -0.9659143 0.2588623 0 -1 -1.26778e-6 0 -0.9659153 -0.2588582 0 -0.9659121 -0.2588706 0 -0.8660046 -0.5000361 0 -0.8659953 -0.5000524 0 -0.7072812 -0.7069323 0 -0.7072799 -0.7069336 0 -0.6091188 -0.793079 0 -0.6091254 -0.793074 0 -0.4978005 -0.4977353 0.7102494 -0.4303469 -0.5606973 0.7074038 -0.4301975 -0.5606713 0.7075152 -0.1822285 0.6799166 0.710286 -0.09227281 0.7009399 0.7072263 -0.1821627 0.6799008 0.7103182 -0.351884 0.6095085 0.7104064 -0.351882 0.6094693 0.7104409 -0.4975332 0.4975813 0.7105447 -0.4976342 0.4975758 0.7104777 -0.6096259 0.351953 0.7102714 -0.6097662 0.3518862 0.710184 -0.7043123 7.40689e-7 0.7098904 -0.6799675 0.1822154 0.7102407 -0.7040008 -5.56884e-7 0.7101992 -0.6799304 0.1822704 0.710262 -0.679933 -0.1822152 0.7102738 -0.6798786 -0.1822737 0.7103108 -0.6096187 -0.3520704 0.7102194 -0.497973 -0.4976899 0.7101603 -0.6096915 -0.3519937 0.7101949 0.09222471 -0.7008774 0.7072946 0.1822741 -0.6802042 0.7099989 0.09203648 -0.7007101 0.7074847 0.3521379 -0.609699 0.7101169 0.182361 -0.680387 0.7098015 0.4980847 -0.4979965 0.7098671 0.3521992 -0.6096308 0.7101451 0.610034 -0.3522667 0.7097652 0.4980415 -0.4980749 0.7098424 0.6096518 -0.3519839 0.7102339 0.6803576 -0.1823948 0.7098209 0.680407 -0.1823607 0.7097823 0.7044739 2.89163e-5 0.70973 0.7045031 2.88301e-5 0.709701 0.6804332 0.1823599 0.7097573 0.6100074 0.3521891 0.7098268 0.6804367 0.1823295 0.7097618 0.4980208 0.4977734 0.7100682 0.6100012 0.352303 0.7097755 0.4305574 0.5609973 0.7070378 0.4979261 0.4977468 0.7101534 0.679236 -0.1957052 0.7073457 0.6794549 -0.1957905 0.7071119 0.6794917 -0.1957999 0.7070739 0.6792613 -0.1956849 0.7073271 0.8413194 0.2539457 0.4771724 0.5896346 0.3258084 0.73904 -0.6869916 0.165777 0.7075031 -0.3352897 0.57665 0.7450206 -0.5941643 0.6440894 0.4817859 0.1958513 0.6792799 0.7072631 -0.2657534 0.8352463 0.4813926 0.6626006 0.5774976 0.4769246 0.1958655 0.6792421 0.7072954 0.8752341 0.4836996 0 -0.5075662 0.8616123 -9.51262e-4 -0.5079646 0.8613775 -0.001031637 -0.6870105 0.1657859 0.7074826 -0.6874738 0.165989 0.7069847 -0.6875084 0.1660037 0.7069478 -0.9721682 0.2342845 -1.16522e-4 -0.971902 0.2353857 -5.16994e-4 -0.9717785 0.2358949 -4.02871e-4 -0.9719628 0.2351351 -3.3962e-5 -0.9718581 0.2355673 0 -0.9721034 0.2345529 4.44142e-6 -0.9721042 0.2345495 0 -3.63754e-6 0 -1 -4.11408e-6 0 -1 -5.27832e-6 0 -1 0.1958751 0.6793805 -0.7071599 0.1958603 0.679317 -0.707225 0.1959096 0.6794178 -0.7071145 0.1958659 0.6792771 -0.7072618 0.1958567 0.6792677 -0.7072734 0.2769821 0.9608751 0 0.276853 0.9609123 0 0.2768519 0.9609126 0 0.2769747 0.9608773 0 0.2771095 0.9608384 0 0.2770938 0.960843 0 -0.170026 -0.6862162 -0.7072471 -0.1701712 -0.6862893 -0.7071413 -0.1700342 -0.6862012 -0.7072598 -0.1702299 -0.6864815 -0.7069407 -0.1701101 -0.6866419 -0.7068137 -0.2408249 -0.9705687 0 -0.2405189 -0.9706445 0 -0.2405189 -0.9706445 0 -0.2408248 -0.9705687 0 -0.2411307 -0.9704927 0 -0.2411307 -0.9704927 0 -0.9905154 -0.08147042 -0.1106432 -0.8028995 0.4139522 0.4289475 -0.8031374 0.4139115 -0.4285414 -0.4609471 0.34664 -0.8169263 -0.3254715 0.8750078 -0.3583711 -0.4549573 0.1505324 -0.877698 -0.2802653 0.9016304 0.3294146 -0.299838 0.1594121 0.940577 -0.1584827 0.4957372 0.8538899 -0.8859382 -0.341901 0.3133966 -0.3011401 -0.8944476 0.3305727 -0.2739216 -0.401046 0.8741449 -0.8521043 -0.4238864 -0.3069834 -0.813887 0.4348469 -0.3853522 -0.4244351 0.8607327 -0.2810589 0.4587144 0.3512181 -0.8162274 0.4241946 0.8611896 -0.2800204 -0.2782363 0.9164225 -0.2876705 0.300951 0.8945912 -0.330356 -0.273756 0.4010373 -0.8742007 0.3336889 0.4133642 -0.8472201 -0.333689 -0.413363 -0.8472207 0.841075 -0.3620671 -0.401871 0.8141454 0.4345559 -0.3851344 0.9816478 0.1782873 0.06768536 0.7996929 0.4245985 -0.4245084 0.2996445 0.1593016 -0.9406574 0.8093852 0.3987953 0.4311127 0.8335937 -0.3546085 0.4235262 0.2997984 0.1593893 0.9405936 0.3336444 -0.4132732 0.847282 0.3254576 0.8750166 0.3583618 0.2875408 0.8828216 -0.3714113 0.06720489 0.463403 0.8835957 0.3009863 -0.8945673 0.3303887 0.3108171 -0.9000263 -0.3055251 -0.3036477 -0.9067676 -0.2925248 0.3335601 -0.4130498 -0.8474241 -0.06720769 0.4633851 -0.8836048 0.1738663 0.3947573 -0.9021848 -0.6100381 -0.3520455 0.7098715 -0.4979013 -0.4977919 0.7101391 -0.4976653 -0.4978355 0.7102741 -0.3518089 -0.6095187 0.7104347 -0.3518276 -0.609577 0.7103755 -0.6799538 -0.1823287 0.7102248 -0.6100289 -0.3520659 0.7098693 -0.7039378 0 0.7102617 -0.6799063 -0.1822953 0.7102789 -0.6799479 0.1822425 0.7102524 -0.7039813 2.83514e-7 0.7102185 -0.6097396 0.3521581 0.7100722 -0.6798598 0.1822454 0.7103361 -0.4976533 0.4976334 0.710424 -0.6096911 0.3521842 0.7101007 -0.3521685 0.6097186 0.710085 -0.1822441 0.679951 0.7102491 -0.3521891 0.6096643 0.7101213 0 0.7039115 0.7102878 -0.1822487 0.6798923 0.7103042 0.1823171 0.6799659 0.7102161 0.3520882 0.6100324 0.7098551 0.1822935 0.6798942 0.7102908 0.3520633 0.6100488 0.7098535 0.4977945 0.4979051 0.7101347 0.6096027 0.3518219 0.7103562 0.6802595 0.1823649 0.7099227 0.6095529 0.3518141 0.7104028 0.6802581 0.1824405 0.7099044 0.704105 -1.96176e-7 0.710096 0.6802743 -0.1822003 0.7099507 0.6096904 -0.3520803 0.7101529 0.6804327 -0.1822368 0.7097895 0.6096169 -0.3521611 0.7101761 0.4979768 -0.4979733 0.7099589 0.1822206 -0.6802583 0.7099608 0.3520812 -0.6096866 0.7101557 0.3521656 -0.6096041 0.7101847 -4.54372e-7 -0.7041045 0.7100964 0.1822598 -0.6804118 0.7098036 -0.1823897 -0.6802498 0.7099255 -0.1824741 -0.6802723 0.7098823 -6.25296e-7 -0.7039552 0.7102444 0.4980677 -0.498052 0.70984 0.7039406 0 0.7102589 0.4978408 0.4976671 0.7102689 0 0.7039289 0.7102705 -0.4975361 0.4975165 0.710588 2.03536e-6 0 1 0 0 1 2.44203e-5 0 1 -1.22125e-5 0 1 -1.22116e-5 0 1 -0.4999731 -0.866041 0 -0.7072671 -0.7069465 0 -0.4999818 -0.8660359 0 -0.258727 -0.9659506 0 -0.2587335 -0.9659488 0 2.59778e-6 -1 0 1.57876e-7 -1 0 0.2587288 -0.9659501 0 0.258733 -0.9659489 0 0.4999734 -0.8660409 0 0.5000067 0.8660216 0 0.2589909 0.9658798 0 0.2589846 0.9658815 0 0 1 0 2.48774e-6 1 0 -0.2589914 0.9658797 0 -0.2589827 0.965882 0 -0.5000178 0.8660151 0 -0.5000066 0.8660217 0 -0.707108 0.7071056 0 -0.7071092 0.7071044 0 -0.8660162 0.5000162 0 -0.8660285 0.4999946 0 -0.9658788 0.2589947 0 -0.9658831 0.2589784 0 -1 0 0 -1 0 0 -0.9658838 -0.258976 0 -0.9658786 -0.2589951 0 -0.8660294 -0.4999932 0 -0.8660162 -0.5000162 0 -0.7072696 -0.706944 0 -3.9193e-5 0 1 -2.03897e-6 0 1 -1.95676e-5 0 1 -1.95692e-5 0 1 9.78435e-6 0 1 9.78419e-6 0 1 -2.44678e-6 0 1 -1.95699e-5 0 1 -1.95683e-5 0 1 -3.91029e-5 0 1 -3.91148e-5 0 1 2.44708e-6 0 1 3.91521e-5 0 1 3.91469e-5 0 1 1.95705e-5 0 1 1.95665e-5 0 1 1.6313e-6 0 1 3.91563e-5 0 1 3.91613e-5 0 1 -3.92015e-5 0 1 0.3291687 0.1901052 0.9249367 0 0 1 0.3666118 0.09830665 0.9251657 0.2683544 0.268477 0.925152 0.1898577 0.3285773 0.9251978 0.6523925 0.6523301 0.3858104 0.4610853 0.7991204 0.385755 0.7988744 0.4615048 0.3857632 0.3860737 -0.02005863 0.9222499 0.8988418 0.2277914 0.3744257 0.3668289 -0.09830957 0.9250794 0.328643 -0.1898096 0.9251844 0.8910318 -0.239049 0.3858991 0.258971 -0.2873875 0.9221401 0.796227 -0.4753674 0.3742306 0.1899227 -0.3292509 0.9249451 0.09828805 -0.3665764 0.9251817 1.35438e-6 -0.3791899 0.9253189 0.2391841 -0.8910064 0.3858739 -0.2391976 -0.8910092 0.385859 -0.01285272 -0.9271864 0.3743799 -0.1348967 -0.3883916 0.9115672 -0.1899283 -0.3292435 0.9249465 -0.4614516 -0.798939 0.3856928 -0.2874366 -0.2588436 0.9221607 -0.3286884 -0.1895744 0.9252164 -0.3670485 -0.09875386 0.9249449 -0.3794929 4.01202e-5 0.9251947 -0.8912099 -0.2386084 0.3857603 -0.8913048 0.2386565 0.3855112 -0.9273234 0.0128926 0.374039 -0.3886216 0.1352393 0.9114184 -0.3289264 0.1900061 0.9250434 -0.799121 0.461059 0.3857853 -0.2591927 0.2871889 0.9221398 -0.1898548 0.3285159 0.9252203 -0.09806913 0.3663715 0.9252861 3.04123e-6 0.3798323 0.9250555 9.42964e-7 0.9225932 0.3857745 -0.2386854 0.8913471 0.3853954 0.1193757 0.3678788 0.9221794 0.2521589 0.8924337 0.3741363 0.4996547 0.8662247 0 0.2586125 0.9659812 0 -2.87532e-6 1 0 -0.2586311 0.9659762 0 -0.4536327 0.8051922 0.3819465 -0.4996441 0.8662309 0 -0.6644234 0.6523717 0.3646268 -0.7070674 0.7071462 0 -0.8662226 0.4996585 0 -0.9659839 0.258602 0 -0.9660025 -0.2585329 0 -0.8050934 -0.4537492 0.3820164 -0.6521383 -0.6646552 0.3646219 -0.7067534 -0.7074601 0 -0.5002098 -0.8659043 0 -0.2592613 -0.9658072 0 1.286e-5 -1 0 0.2592462 -0.9658114 0 0.4540303 -0.8049916 0.3818964 0.5002183 -0.8658993 0 0.6641073 -0.6526906 0.3646321 0.7067716 -0.7074418 0 0.8656627 -0.5006278 0 0.9658405 -0.2591375 0 0.9310535 0.008547067 0.3647828 1 1.04989e-4 0 0.9658075 0.2592602 0 0.8658609 0.5002849 0 0.7071008 0.7071128 0 -2.02196e-7 0 -1 -4.27069e-6 0 -1 -3.61453e-6 0 -1 1.40823e-5 0 -1 1.39254e-5 0 -1 -1.18336e-6 0 -1 -1.31487e-5 0 -1 0 0 -1 -2.93815e-7 0 -1 0 0 -1 1.56926e-6 0 -1 -5.02235e-7 0 -1 0 0 -1 0 0 -1 0 0 -1 2.32491e-7 0 -1 -2.21847e-7 0 -1 0 0 -1 0 0 -1 0 0 -1 0 0 -1 1.19508e-7 0 -1 0 0 -1 -4.13135e-6 0 -1 3.31188e-5 0 -1 -2.76217e-7 0 -1 1.63864e-6 0 -1 1.44972e-6 0 -1 -9.2392e-7 0 -1 3.934e-7 0 -1 8.16639e-7 0 -1 3.94873e-6 0 -1 2.75328e-6 0 -1 9.23119e-7 0 -1 -2.02236e-6 0 -1 1.84146e-6 0 -1 6.05328e-7 0 -1 -9.40376e-7 0 -1 -3.36983e-7 0 -1 2.29631e-5 0 -1 1.1048e-5 0 -1 -1.83436e-5 0 -1 1.60391e-7 0 -1 0 0 -1 1.17015e-6 0 -1 -8.96244e-6 0 -1 -1.38006e-6 0 -1 5.24368e-6 0 -1 1.43507e-6 0 -1 -2.27076e-7 0 -1 0 0 -1 -3.24485e-6 0 -1 1.548e-6 0 -1 -1.61182e-6 0 -1 -2.71659e-6 0 -1 -3.16791e-6 0 -1 2.94457e-6 0 -1 0.1294375 -0.2241719 -0.9659156 0.06636273 -0.4984176 -0.8643935 0.249236 -0.4316524 -0.8669243 0.2241795 -0.1294327 -0.9659145 0.4313452 -0.249046 -0.8671317 0.4825012 -0.08179116 -0.8720682 0.2586835 -0.03461152 -0.9653419 0.4984124 0.06636792 -0.8643959 0.2586838 0.03460741 -0.9653421 -0.03465807 -0.2586937 -0.9653375 0.03461188 -0.2586953 -0.9653387 -0.06417846 -0.4654293 -0.8827552 -0.1294236 -0.2241687 -0.9659183 -0.2490361 -0.4313287 -0.8671427 -0.4316636 -0.2492324 -0.8669196 -0.2241812 -0.1294315 -0.9659143 -0.4983646 -0.06636399 -0.8644239 -0.2587149 0.03461378 -0.9653335 -0.2586634 -0.03460943 -0.9653474 -0.4654361 0.06418073 -0.8827515 -0.2241758 0.1294282 -0.965916 -0.4315539 0.2491843 -0.8669881 -0.1294338 0.224174 -0.9659156 -0.2490703 0.4313975 -0.8670988 -0.06636422 0.4983975 -0.8644049 0.03460735 0.2586969 -0.9653385 -0.0346114 0.2586899 -0.9653402 0.06416511 0.4654653 -0.8827372 0.1294336 0.2241728 -0.9659159 0.2492327 0.4316477 -0.8669276 0.2241612 0.1294302 -0.965919 0.4313169 0.2490454 -0.8671459 0.8600342 0.1137152 -0.4974033 0.7490988 0.4325531 -0.5017457 0.4455605 0.7350543 -0.5110491 0.1235764 0.8563935 -0.5013173 -0.1137284 0.8600235 -0.4974189 -0.129545 0.9830781 -0.1295208 0.132732 0.9824598 -0.130977 0.4957202 0.8585838 -0.1307497 0.8585691 0.4957357 -0.1307876 0.9830707 0.129571 -0.1295508 0.854093 -0.1249594 -0.5048865 0.7491009 -0.4325363 -0.5017572 0.4325765 -0.7491453 -0.5016562 0.1137237 -0.8600353 -0.4973995 -0.1200854 -0.8494197 -0.5138733 -0.4325339 -0.7490825 -0.5017868 -0.7491716 -0.4325901 -0.5016052 -0.8600397 -0.1137193 -0.497393 -0.8494236 0.1200683 -0.5138708 -0.7490887 0.4325568 -0.5017578 -0.432572 0.7491583 -0.5016407 -0.4957253 0.8585758 -0.1307822 -0.8574669 0.4974115 -0.1316529 -0.982964 0.1310356 -0.1288852 -0.989281 -0.1032623 -0.103248 -0.9870491 0.08724981 -0.1346173 -0.9869592 0.148726 -0.06158101 -0.8201599 0.5286805 -0.2187116 -0.3979477 0.4756623 -0.7844635 -0.3053892 0.7920313 -0.5286056 -0.08700668 0.7407937 -0.6660741 0.08693516 0.6659681 -0.7408973 -0.1259621 0.6542482 -0.7457164 0.3373138 0.8097391 -0.4801479 0.3613414 0.9246079 -0.1205509 -0.3056694 0.933767 -0.1861326 0.1194481 0.9922127 -0.03530305 -0.08708763 0.9947893 -0.05300986 0.8202299 0.5285049 -0.2188734 0.9869624 0.1487106 -0.06156587 0.9926728 0.04623031 -0.1116406 0.9923033 -0.08756333 -0.08756059 0.9821047 -0.102621 -0.1579219 0.8077804 0.1985577 -0.5550368 0.8739357 -0.3436859 -0.3436806 0.3982603 0.2184226 -0.8908874 0.3436815 -0.3436928 -0.8739327 0.1375538 0.08749431 -0.9866224 0.0655359 -0.06554561 -0.9956952 0 0 -1 0 0 -1 -0.06535494 -0.06536662 -0.9957188 0 0 -1 -0.0650326 0.03957265 -0.9970983 -7.40547e-7 0 -1 -0.3436795 -0.3436925 -0.8739337 -0.3057733 0.1861766 -0.9337242 -0.4107267 -0.8447735 -0.3430182 0.3436805 -0.8739369 -0.343683 -0.1139808 -0.9886122 -0.09825646 0.08761566 -0.992294 -0.08761447 0.1294938 -0.9830918 -0.129468 -0.1295555 -0.9830754 -0.1295297 -0.4957348 -0.8585653 -0.1308166 0.4957206 -0.8585869 -0.1307279 0.8574684 -0.4974086 -0.1316534 -0.8585874 -0.4957243 -0.1307106 -0.9923002 -0.08758926 -0.08757066 -0.8739578 -0.3436609 -0.3436495 -0.7906215 0.2119497 -0.574452 0.361331 0.5683867 -0.7391729 0.1264536 0.7310175 -0.6705393 0 0.7071081 -0.7071055 0 0.7071028 -0.7071107 0 0.7071082 -0.7071053 0.7071056 0 -0.707108 0.7071059 0 -0.7071078 0 -0.7071081 -0.7071055 0 -0.7071053 -0.7071084 0 -0.7071052 -0.7071084 -0.707108 0 -0.7071056 -0.7071085 0 -0.7071051 0 0.7071082 -0.7071055 0 0.7071059 -0.7071077 0 0.7071058 -0.7071078 -0.7071055 0 -0.7071081 -0.7071105 0 -0.7071031 -0.7071053 0 -0.7071082 0 -0.7071144 -0.7070991 0 -0.7071022 -0.7071113 0 -0.7071019 -0.7071117 0.7071055 0 -0.7071081 0.7071105 0 -0.7071031 0.7071108 0 -0.7071028 -0.06465852 0.04327225 0.9969688 -0.05165159 0.06497162 0.9965495 -0.06458312 0.06491923 0.9957985 -0.07114505 0.04328328 0.9965265 -0.0710532 0.06491917 0.9953577 -0.07118606 0.0216239 0.9972286 -0.07119387 0 0.9974626 -0.06469249 0.02160894 0.9976713 -0.06469249 -0.02160894 0.9976713 -0.0647121 0 0.9979041 -0.07118612 -0.0216239 0.9972286 -0.06465852 -0.04327225 0.9969688 -0.07114499 -0.04328328 0.9965265 -0.06458312 -0.06491923 0.9957985 -0.07105314 -0.06491917 0.9953578 -0.06447029 -0.08660572 0.9941545 -0.07086306 -0.09737777 0.9927216 -0.06433117 -0.1083744 0.9920265 -0.07068371 -0.1192049 0.9903505 -0.07064592 -0.1192776 0.9903444 -0.05141752 -0.1193274 0.9915227 -0.05144935 -0.1084407 0.9927707 -0.03854453 -0.1193878 0.9920993 -0.03857958 -0.108506 0.9933469 -0.02569639 -0.1194716 0.9925051 -0.02571594 -0.108552 0.9937581 -0.01284795 -0.1195083 0.9927501 -0.0128563 -0.1085757 0.9940051 0 -0.1195198 0.9928318 0 -0.1085849 0.9940872 0.01285624 -0.1085757 0.9940051 0.0128479 -0.1195083 0.9927501 0.02571594 -0.108552 0.9937581 0.02569639 -0.1194716 0.9925051 0.03857958 -0.108506 0.9933469 0.03854453 -0.1193878 0.9920993 0.05144935 -0.1084408 0.9927707 0.05141752 -0.1193274 0.9915227 0.06433099 -0.1083744 0.9920265 0.07064133 -0.1192851 0.9903438 0.07068729 -0.1192056 0.9903501 0.07086282 -0.0973767 0.9927217 0.06447029 -0.08660572 0.9941545 0.05156314 -0.08668643 0.9949004 0.03866004 -0.08673721 0.9954809 0.02576375 -0.08675688 0.9958963 0.01288408 -0.08677822 0.9961444 0 -0.08678442 0.9962272 -0.01288414 -0.08677828 0.9961444 -0.02576375 -0.08675688 0.9958964 -0.03865998 -0.08673715 0.9954809 -0.05156314 -0.08668637 0.9949004 -0.05165153 -0.06497156 0.9965495 -0.03872084 -0.06500703 0.9971333 -0.02580964 -0.06505078 0.9975482 -0.01290196 -0.06505298 0.9977985 0 -0.06505477 0.9978818 0.0129019 -0.06505298 0.9977985 0.02580964 -0.06505084 0.9975482 0.03872084 -0.06500703 0.9971333 0.05165153 -0.06497156 0.9965495 0.06458312 -0.06491923 0.9957985 0.07105314 -0.06491923 0.9953578 0.07114499 -0.04328328 0.9965265 0.06465852 -0.04327219 0.9969689 0.05170506 -0.04328429 0.9977239 0.03877508 -0.04331308 0.9983088 0.0258398 -0.04334485 0.998726 0.01291245 -0.04335594 0.9989763 0 -0.04336315 0.9990594 -0.01291257 -0.04335594 0.9989763 -0.0258398 -0.04334485 0.998726 -0.03877508 -0.04331308 0.9983088 -0.05170506 -0.04328429 0.9977239 -0.05174565 -0.0216425 0.9984258 -0.03880602 -0.02165806 0.9990121 -0.02585858 -0.0216543 0.9994311 -0.01293021 -0.02167356 0.9996815 0 -0.0216754 0.9997651 0.01293015 -0.02167361 0.9996815 0.02585858 -0.0216543 0.9994311 0.03880602 -0.02165806 0.9990121 0.05174571 -0.02164256 0.9984258 0.06469249 -0.02160888 0.9976713 0.07118612 -0.02162396 0.9972286 0.07119387 0 0.9974626 0.0647121 0 0.9979041 0.05176627 0 0.9986593 0.03881031 0 0.9992467 0.02585899 0 0.9996657 0.01293337 0 0.9999164 0 0 1 -0.01293343 0 0.9999164 -0.02585899 0 0.9996657 -0.03881025 0 0.9992466 -0.05176627 0 0.9986593 -0.05174589 0.0216425 0.9984258 -0.03880625 0.02165806 0.9990121 -0.02585858 0.0216543 0.9994311 -0.01293021 0.02167361 0.9996815 0 0.0216754 0.9997651 0.01293015 0.02167356 0.9996815 0.02585858 0.02165424 0.9994311 0.0388062 0.02165806 0.9990121 0.05174583 0.0216425 0.9984258 0.06469249 0.02160888 0.9976713 0.07118606 0.02162396 0.9972286 0.06465852 0.04327219 0.9969688 0.07114505 0.04328334 0.9965265 0.05170506 0.04328429 0.9977239 0.03877508 0.04331308 0.9983088 0.0258398 0.04334485 0.998726 0.01291245 0.04335594 0.9989763 0 0.04336321 0.9990594 -0.01291257 0.04335594 0.9989763 -0.0258398 0.04334491 0.998726 -0.03877508 0.04331308 0.9983088 -0.05170512 0.04328429 0.997724 -0.03872084 0.06500703 0.9971333 -0.02580946 0.06505084 0.9975482 -0.01290178 0.06505298 0.9977985 0 0.06505483 0.9978818 0.01290172 0.06505298 0.9977985 0.02580946 0.06505084 0.9975482 0.03872084 0.06500709 0.9971333 0.05165153 0.06497156 0.9965495 0.06458312 0.06491923 0.9957985 0.0710532 0.06491923 0.9953578 0.06447023 0.08660578 0.9941545 0.0709511 0.08661609 0.9937121 0.05156308 0.08668637 0.9949004 0.03865998 0.08673721 0.9954809 0.02576375 0.08675682 0.9958964 0.01288419 0.08677822 0.9961444 0 0.0867843 0.9962272 -0.01288425 0.08677816 0.9961444 -0.02576375 0.08675682 0.9958964 -0.03865998 0.08673715 0.9954808 -0.05156314 0.08668637 0.9949004 -0.06447029 0.08660572 0.9941545 -0.0709511 0.08661609 0.9937121 -0.07086229 0.09737652 0.9927217 -0.06433093 0.1083745 0.9920265 -0.05144959 0.1084408 0.9927707 -0.03857958 0.108506 0.9933469 -0.02571594 0.108552 0.9937581 -0.0128563 0.1085759 0.9940051 0 0.1085848 0.9940872 0.01285624 0.1085758 0.9940051 0.02571594 0.108552 0.9937581 0.03857958 0.1085061 0.9933469 0.05144959 0.1084409 0.9927706 0.06433075 0.1083745 0.9920265 0.07086229 0.0973761 0.9927217 0.07064288 0.1192877 0.9903434 0.07069301 0.1192294 0.9903469 0.05141729 0.1193277 0.9915227 0.06428372 0.1192709 0.9907785 0.03854429 0.119388 0.9920993 0.02569639 0.1194716 0.9925051 0.0128479 0.1195085 0.9927501 0 0.1195199 0.9928318 -0.01284801 0.1195087 0.9927501 -0.02569645 0.1194717 0.992505 -0.03854423 0.1193879 0.9920992 -0.05141729 0.1193277 0.9915227 -0.07068836 0.1192068 0.99035 -0.07069528 0.1191723 0.9903536 0.3291797 0.1901112 0.9249317 0 0 1 0.3666144 0.09829723 0.9251657 0.2683546 0.2684762 0.9251521 0.1897718 0.3283966 0.9252797 0.6526244 0.6520835 0.3858349 0.4613503 0.7989084 0.3858773 0.7988762 0.4615041 0.3857603 0.3861131 -0.02003014 0.9222341 0.8988383 0.2277994 0.3744293 0.3668314 -0.09831631 0.9250776 0.3286471 -0.1898165 0.9251815 0.891033 -0.2390416 0.3859009 0.2589828 -0.2872932 0.9221662 0.7962373 -0.4753468 0.3742347 0.18983 -0.32867 0.9251706 0.09829908 -0.3668612 0.9250677 -3.83034e-5 -0.3791731 0.9253259 0.2390577 -0.8910238 0.3859118 -0.2391998 -0.8910028 0.3858723 -0.012937 -0.9271814 0.3743894 -0.1348933 -0.388407 0.9115612 -0.1901238 -0.3291462 0.924941 -0.4614974 -0.7988787 0.3857626 -0.2872646 -0.2591701 0.9221226 -0.3283944 -0.189804 0.9252738 -0.3666741 -0.09838873 0.9251323 -0.3798244 4.82872e-5 0.9250587 -0.9225966 9.57511e-5 0.3857661 -0.8912322 -0.2386395 0.3856894 -0.3678702 0.1193763 0.9221827 -0.3284267 0.1899325 0.925236 -0.7991371 0.4610596 0.3857514 -0.8924335 0.2521311 0.3741557 -0.652313 0.6523042 0.3859882 -0.2690256 0.310263 0.9117906 -0.1899098 0.3284081 0.9252473 -0.09806931 0.366389 0.9252792 -4.23091e-5 0.3798108 0.9250643 -9.21467e-5 0.9226149 0.3857225 -0.2386808 0.8913217 0.3854572 0.119556 0.3681884 0.9220324 0.2523671 0.8923262 0.3742524 0.5000146 0.8660171 0 0.2585322 0.9660027 0 -9.55974e-5 1 0 -0.2586233 0.9659783 0 -0.4536355 0.8051861 0.381956 -0.4996513 0.8662267 0 -0.7070778 0.7071359 0 -0.8662053 0.4996882 0 -0.9659999 -0.2585427 0 -0.8049767 -0.453905 0.3820772 -0.865989 -0.5000633 0 -0.6520978 -0.6646152 0.3647673 -0.7067732 -0.7074403 0 -0.5002052 -0.8659069 0 -0.2592537 -0.9658093 0 -8.70146e-5 -1 0 0.2591593 -0.9658347 0 0.4544561 -0.8047774 0.3818415 0.5005806 -0.8656899 0 0.6643301 -0.6524256 0.3647004 0.7070729 -0.7071408 0 0.865662 -0.5006288 0 0.9658343 -0.2591605 0 0.9310522 0.008547425 0.364786 0.9658079 0.259259 0 0.8658729 0.5002641 0 0.7073961 0.7068175 0 0.7732111 0 0.6341489 0.9701498 0 0.2425062 0.97015 0 0.2425057 0.9806656 0 -0.1956916 0.9806655 0 -0.1956921 0.8027635 0 -0.5962975 0.8027637 0 -0.5962973 0.3480522 0 -0.9374753 -0.3480522 0 -0.9374752 0.348053 0 -0.9374749 -0.8027638 0 -0.5962972 -0.8027635 0 -0.5962977 -0.9806655 0 -0.1956922 -0.9806655 0 -0.1956918 -0.97015 0 0.2425057 -0.9701498 0 0.2425062 -0.7732111 0 0.6341487 -0.7732118 0 0.6341478 -0.4276641 0 0.9039379 -0.4276655 0 0.9039372 0 0 1 0 0 1 0.4276657 0 0.903937 0.4276641 0 0.9039378 0.7732119 0 0.6341478 0 -1 0 0.2901354 -0.9269286 0.23796 0 -1 6.33608e-7 0.3681607 -0.9268541 -0.07347911 0.4106939 -0.9102297 0.05303305 0 -1 3.1655e-7 0.3014277 -0.9268236 -0.2239184 0.1647137 -0.9676183 -0.1912705 0.5299743 -0.2542551 -0.8090004 0.7388722 -0.3909412 -0.548847 0.1767759 0 -0.9842512 0.1767472 1.03238e-6 -0.9842563 -0.1768087 1.03051e-6 -0.9842453 -0.1767759 0 -0.9842512 -0.6525116 0 -0.7577788 -0.347976 0 -0.9375035 -0.5832707 0 -0.8122779 -0.802761 0 -0.596301 -0.8027614 0 -0.5963006 -0.9806667 0 -0.1956858 -0.9806667 0 -0.1956858 -0.9701401 0 0.2425454 -0.9701402 0 0.2425451 -0.7731997 0 0.6341626 -0.7731997 0 0.6341627 -0.4276902 0 0.9039255 -0.4276887 0 0.9039262 -7.45007e-7 0 1 7.09762e-7 0 1 0.4276894 0 0.9039258 0.4276897 0 0.9039257 0.7731991 0 0.6341634 0.9701401 0 0.2425455 0.97014 0 0.2425454 0.9806666 0 -0.1956861 0.9806667 0 -0.1956859 0.8027614 0 -0.5963004 0.8027607 0 -0.5963015 0.6525086 0 -0.7577813 0.5832692 0 -0.812279 0.4606496 1.71783e-6 -0.8875821 0.347976 0 -0.9375035 0.4617226 -1.546e-6 -0.8870244 0.6525116 0 -0.7577787 0.3518536 0.01192814 -0.9359791 0.6525099 0 -0.7577802 0.802761 0 -0.5963011 0.8027613 0 -0.5963007 0.9806667 0 -0.1956858 0.9806666 0 -0.1956862 0.9701401 0 0.2425455 0.9701402 0 0.2425451 0.7731996 0 0.6341627 0.7731997 0 0.6341628 0.4276904 0 0.9039253 0.427689 0 0.903926 6.59021e-7 0 1 -8.0699e-7 0 1 -0.4276894 0 0.9039259 -0.4276897 0 0.9039257 -0.7731992 0 0.6341632 -0.7731994 0 0.6341632 -0.9701401 0 0.2425455 -0.97014 0 0.2425454 -0.9806666 0 -0.1956863 -0.9806666 0 -0.1956866 -0.8027614 0 -0.5963004 -0.8027613 0 -0.5963007 -0.6525089 0 -0.7577811 -0.6525099 0 -0.7577803 -0.4606496 -1.71783e-6 -0.8875821 -0.3518052 0.0118131 -0.9359988 -0.1555541 0.5225976 -0.8382689 -0.5694301 0.2046893 -0.7961481 -0.7388706 0.390941 -0.5488491 -0.9026428 0.3908842 -0.1801262 -0.8929321 0.3909384 0.2232478 -0.7116883 0.3908714 0.5837116 -0.3936641 0.3908861 0.8320077 7.92788e-7 0.3910627 0.9203641 0.3936644 0.390886 0.8320075 0.7116881 0.3908712 0.583712 0.8929317 0.3909384 0.2232494 0.902642 0.3908843 -0.1801303 0.7388748 0.390922 -0.548857 0.5697845 0.2029825 -0.7963315 0.1555976 0.520327 -0.8396721 0 1 0 -0.2956826 0.9145741 -0.2759096 0 1 -2.91849e-7 -0.3671505 0.9266641 -0.08058738 0 1 -4.13505e-7 0 1 0 0 1 -1.3751e-7 0.3680915 0.9268832 -0.0734604 0.3012186 0.9269273 -0.2237703 0.3644583 0.9267502 0.09112811 0 1 1.84731e-7 0.2900195 0.9269868 0.2378748 0 1 -8.27065e-7 0 1 2.61434e-7 -0.3644543 0.9267503 0.0911442 -0.2900194 0.9269868 0.2378748 0 1 -8.27065e-7 -0.1604868 0.926947 0.339136 -0.007124781 0.9265611 0.376077 0.1320133 0.9102693 0.3924057 -0.4617224 1.55717e-6 -0.8870245 0.902642 -0.3908842 -0.1801303 0.8929321 -0.3909384 0.2232475 0.7116883 -0.3908715 0.5837117 0.3936641 -0.3908861 0.8320076 -7.98376e-7 -0.3910627 0.9203641 -0.3936643 -0.390886 0.8320075 -0.7116881 -0.3908713 0.583712 -0.8929318 -0.3909385 0.2232491 -0.9026421 -0.3908841 -0.1801298 -0.7388741 -0.3909223 -0.5488578 -0.5300523 -0.2534255 -0.8092095 -0.3674214 -0.9056231 -0.2117739 -0.1648944 -0.9675458 -0.1914812 0 -1 -4.61674e-7 0 -1 2.37413e-7 -0.3681616 -0.9268541 -0.0734747 -0.3980839 -0.904977 0.1501529 0 -1 0 -0.2854518 -0.9266445 0.2446371 -0.1363186 -0.9049728 0.4030403 0 -1 -1.79157e-6 0 -1 -2.53268e-7 -3.56045e-6 -0.9268495 0.3754331 0.2281153 -0.8987247 0.3745096 0 -1 -2.2536e-6 -0.3221887 -0.5804955 0.7478098 -0.3826834 -0.9238796 0 0.3283098 -0.6132301 0.7184438 0.382683 -0.9238797 0 0.9238798 -0.3826829 0 0.9238798 0.3826829 0 0.9238795 0.3826835 0 0.382683 0.9238797 0 0.3826834 0.9238796 0 -0.382683 0.9238797 0 -0.3826834 0.9238796 0 -0.9238798 0.3826829 0 -0.9238795 0.3826835 0 -0.9238798 -0.3826829 0 -0.9238795 -0.3826835 0 -0.914126 -0.3622417 -0.1820843 -0.745855 -0.3704838 -0.5535722 -0.9141278 -0.362241 -0.1820771 -0.7458106 -0.3704841 -0.5536318 -0.3211814 -0.372081 -0.8708608 -0.3210837 -0.3720624 -0.8709047 0.3212614 -0.3720848 -0.8708295 0.7458107 -0.3704841 -0.5536317 0.7458549 -0.3704838 -0.5535723 0.914126 -0.3622418 -0.1820843 0.9141278 -0.3622409 -0.1820772 0.9075469 -0.3531505 0.227252 0.9075345 -0.353155 0.2272943 0.7255718 -0.3449328 0.5954552 0.7255441 -0.3449371 0.5954865 0.4022219 -0.3392391 0.8503732 0.4020871 -0.3392345 0.8504388 0 -0.3371939 0.9414352 0 -0.3371743 0.9414423 -0.4020871 -0.3392345 0.8504388 -0.4022219 -0.3392391 0.8503732 -0.7255442 -0.3449372 0.5954865 -0.7255718 -0.3449328 0.5954553 -0.9075344 -0.3531551 0.2272944 -0.9075469 -0.3531505 0.2272521 -0.9914427 -0.1305427 0 -0.9994782 -0.03230035 0 -0.9994789 -0.03227984 0 -0.9659205 -0.2588391 0 -0.9914457 -0.1305203 0 -0.9239547 -0.382502 0 -0.9659335 -0.2587906 0 -0.8660253 -0.5000003 0 -0.9239686 -0.3824683 0 -0.793306 -0.6088232 0 -0.866034 -0.4999853 0 -0.7070803 -0.7071332 0 -0.7932885 -0.6088461 0 -0.6085526 -0.7935135 0 -0.707054 -0.7071596 0 -0.4999552 -0.8660513 0 -0.6085265 -0.7935336 0 -0.3830562 -0.9237251 0 -0.4999363 -0.8660623 0 -0.2586211 -0.9659789 0 -0.3830407 -0.9237316 0 -0.1305198 -0.9914457 0 -0.2586117 -0.9659814 0 -0.03285944 -0.9994601 0 -0.1305171 -0.9914461 0 0.03285944 -0.99946 0 -0.03285944 -0.99946 0 0.130521 -0.9914456 0 0.03286087 -0.99946 0 0.2587993 -0.9659311 0 0.1305155 -0.9914463 0 0.3829807 -0.9237564 0 0.2587857 -0.9659348 0 0.4999919 -0.8660301 0 0.3829832 -0.9237554 0 0.6084852 -0.7935652 0 0.500011 -0.8660191 0 0.7070943 -0.7071193 0 0.6085014 -0.7935528 0 0.7935461 -0.6085101 0 0.7071118 -0.7071018 0 0.8660126 -0.5000224 0 0.7935711 -0.6084777 0 0.9237573 -0.3829784 0 0.8660296 -0.4999927 0 0.9659336 -0.2587901 0 0.9237478 -0.3830014 0 0.9914431 -0.1305404 0 0.9659302 -0.2588026 0 0.9994595 -0.03287386 0 0.9914489 -0.1304958 0 0.9994602 0.03285241 0 0.9994603 -0.0328505 0 0.9914488 0.1304968 0 0.9994596 0.03287291 0 0.9659276 0.2588129 0 0.9914427 0.1305428 0 0.9237411 0.3830177 0 0.9659335 0.2587907 0 0.8661816 0.4997296 0 0.9237634 0.3829637 0 0.7935411 0.6085167 0 0.8661742 0.4997423 0 0.7071533 0.7070604 0 0.7935118 0.6085549 0 0.6088352 0.7932969 0 0.7071306 0.7070831 0 0.5000221 0.8660128 0 0.6088189 0.7933093 0 0.3824928 0.9239585 0 0.5000031 0.8660237 0 0.2588042 0.9659298 0 0.3824903 0.9239596 0 0.1305056 0.9914476 0 0.2588178 0.9659262 0 0.03228878 0.9994786 0 0.1305125 0.9914467 0 -0.03228694 0.9994787 0 0.03228873 0.9994786 0 -0.1305077 0.9914474 0 -0.03228831 0.9994786 0 -0.2586308 0.9659762 0 -0.1305118 0.9914469 0 -0.3825508 0.9239346 0 -0.2586402 0.9659739 0 -0.4999474 0.8660559 0 -0.3825663 0.9239281 0 -0.6088602 0.7932776 0 -0.4999664 0.8660448 0 -0.707097 0.7071167 0 -0.6088864 0.7932575 0 -0.7932571 0.6088868 0 -0.7071182 0.7070954 0 -0.8661828 0.4997273 0 -0.7932702 0.6088699 0 -0.9239626 0.382483 0 -0.866184 0.4997254 0 -0.9659322 0.2587954 0 -0.9239614 0.3824858 0 -0.9914453 0.1305235 0 -0.9659217 0.2588344 0 -0.9994782 0.03230136 0 -0.9914422 0.1305473 0 -0.999479 0.032278 0 -0.9914427 -0.1305427 0 -0.9659202 -0.2588404 0 -0.9914451 -0.1305246 0 -0.9659321 -0.258796 0 -0.6089217 -0.7932304 0 -0.4999454 -0.8660569 0 -0.6088955 -0.7932505 0 -0.3825943 -0.9239164 0 -0.4999179 -0.8660729 0 -0.2586029 -0.9659837 0 -0.3825744 -0.9239246 0 -0.1305375 -0.9914434 0 -0.2585986 -0.965985 0 -0.0328769 -0.9994595 0 -0.1305335 -0.991444 0 0.03287732 -0.9994594 0 -0.03287553 -0.9994595 0 0.1305384 -0.9914433 0 0.03287738 -0.9994594 0 0.2587796 -0.9659365 0 0.1305315 -0.9914442 0 0.3825235 -0.9239459 0 0.2587711 -0.9659388 0 0.49998 -0.866037 0 0.3825216 -0.9239466 0 0.6088545 -0.793282 0 0.4999905 -0.8660309 0 0.6088708 -0.7932695 0 0.9914428 -0.1305416 0 0.9659292 -0.2588068 0 0.9994595 -0.03287386 0 0.9914482 -0.1305013 0 0.8660222 0.5000055 0 0.7935685 0.6084811 0 0.8660211 0.5000076 0 0.7071042 0.7071094 0 0.793551 0.6085038 0 0.6088662 0.793273 0 0.7070983 0.7071153 0 0.4999793 0.8660374 0 0.6088631 0.7932754 0 0.3825007 0.9239553 0 0.4999603 0.8660484 0 0.2587845 0.9659351 0 0.382503 0.9239543 0 0.130533 0.9914441 0 0.2588032 0.9659302 0 0.03286087 0.99946 0 0.1305385 0.9914433 0 -0.03285944 0.99946 0 0.03285944 0.99946 0 -0.1305345 0.9914438 0 -0.03285944 0.9994601 0 -0.258609 0.9659821 0 -0.1305372 0.9914435 0 -0.3825593 0.9239311 0 -0.2586235 0.9659783 0 -0.499904 0.8660808 0 -0.3825797 0.9239226 0 -0.608887 0.7932569 0 -0.4999231 0.8660699 0 -0.7070499 0.7071637 0 -0.6089262 0.7932269 0 -0.7932837 0.6088524 0 -0.7070879 0.7071257 0 -0.8660254 0.5 0 -0.7933086 0.6088199 0 -0.8660327 0.4999876 0 0.4999725 -0.8660414 0 0.7071024 -0.7071112 0 0.9659478 -0.2587372 0 0.9659472 -0.2587395 0 1 0 0 1 0 0 0.9659473 0.2587389 0 0.9659472 0.2587395 0 0.7069434 0.7072702 0 0.7069514 0.7072621 0 0.5000085 0.8660205 0 0.5000184 0.8660148 0 0.2589902 0.9658799 0 0.2589908 0.9658798 0 -1.25822e-6 1 0 -1.26779e-6 1 0 -0.2589916 0.9658796 0 -0.2589853 0.9658813 0 -0.5000017 0.8660244 0 -0.7071134 0.7071002 0 -0.7071053 0.7071084 0 -0.8660199 0.5000097 0 -0.8660199 0.5000097 0 -0.9658784 0.2589963 0 -1 9.40079e-6 0 -1 -9.29554e-6 0 -0.9658782 -0.2589967 0 -0.8660207 -0.5000082 0 -0.8660199 -0.5000097 0 -0.7072657 -0.7069479 0 -0.7072724 -0.7069411 0 -0.4999682 -0.8660438 0 -0.2587296 -0.9659498 0 -0.2587337 -0.9659488 0 -1.15776e-6 -1 0 -1.15297e-6 -1 0 0.2587351 -0.9659484 0 0.2587323 -0.9659491 0 0.499985 -0.8660342 0 0.1822184 -0.6802604 0.7099593 0.3520836 -0.6096891 0.7101525 0.3521679 -0.6096128 0.7101761 0.6096178 -0.3521676 0.7101719 0.4979878 -0.4979717 0.7099524 0.6096915 -0.3520851 0.7101497 0.4980835 -0.498052 0.709829 0.6803129 -0.1823347 0.7098793 0.6804381 -0.1822733 0.709775 0.7044676 -1.96774e-7 0.7097362 0.6802637 0.1824124 0.7099063 0.6802985 0.1825881 0.709828 0.7045114 -2.88565e-7 0.7096927 0.6096122 0.3518065 0.7103557 0.6095609 0.3517986 0.7104036 0.3520656 0.6100558 0.7098463 0.4978002 0.4979124 0.7101256 0.3520923 0.6100362 0.7098499 0.497847 0.4976729 0.7102605 0.1823143 0.6799571 0.7102252 0.182295 0.6798889 0.7102955 -0.1820544 0.6798169 0.7104262 -3.80467e-5 0.7039169 0.7102825 -0.1821965 0.679837 0.7103704 -5.72208e-5 0.7039363 0.7102632 -0.3521383 0.609705 0.7101116 -0.3521969 0.6096748 0.7101085 -0.4976633 0.4976446 0.7104092 -0.6097024 0.352186 0.7100902 -0.6097485 0.352163 0.710062 -0.4975423 0.497533 0.710572 -0.6799517 0.1822431 0.7102486 -0.6798599 0.1822447 0.7103361 -0.7039483 0 0.7102513 -0.6799064 -0.1823019 0.7102769 -0.6799566 -0.1823188 0.7102246 -0.7039965 0 0.7102034 -0.6100355 -0.3520783 0.7098574 -0.6100527 -0.3520481 0.7098577 -0.4976735 -0.4978381 0.7102664 -0.3518127 -0.6095221 0.71043 -0.3517943 -0.6095587 0.7104076 -0.4979045 -0.497799 0.7101319 -0.1823654 -0.6801472 0.7100301 -0.1823008 -0.6801852 0.7100103 -1.77041e-5 -0.7040933 0.7101076 0.1822615 -0.6804113 0.7098037 -3.16692e-5 -0.7039591 0.7102406 2.03543e-6 0 1 -1.22126e-5 0 1 2.44198e-5 0 1 0 0 1 0 0 1 2.44374e-5 0 1 0.500017 0.8660157 0 0.7069484 0.7072652 0 0.5000066 0.8660218 0 0.2589837 0.9658817 0 0.2589789 0.9658831 0 1.12905e-6 1 0 -1.35869e-6 1 0 -0.2589789 0.965883 0 -0.2589833 0.9658818 0 -0.5000094 0.86602 0 -0.500015 0.8660169 0 -0.7069509 0.7072628 0 -0.7069522 0.7072614 0 -0.8660395 0.4999755 0 -0.8660387 0.499977 0 -0.9659477 0.2587378 0 -0.9659495 0.2587305 0 -1 9.98445e-6 0 -1 -8.0708e-6 0 -0.9659492 -0.2587317 0 -0.965947 -0.2587401 0 -0.8660376 -0.4999789 0 -0.7071083 -0.7071054 0 -0.707107 -0.7071067 0 -0.4999825 -0.8660355 0 -0.4999769 -0.8660387 0 -0.258742 -0.9659466 0 -0.2587375 -0.9659478 0 -1.35391e-6 -1 0 1.1147e-6 -1 0 0.2587376 -0.9659478 0 0.2587424 -0.9659464 0 0.4999741 -0.8660405 0 0.4999846 -0.8660343 0 0.7071045 -0.7071092 0 0.7071112 -0.7071023 0 0.8660376 -0.4999789 0 0.8660333 -0.4999865 0 0.9659519 -0.2587218 0 0.965945 -0.2587476 0 1 1.93948e-5 0 1 -1.73137e-5 0 0.9659457 0.2587451 0 0.9659523 0.2587205 0 0.8660351 0.4999831 0 0.7069551 0.7072584 0 0.4978528 0.4976701 0.7102585 0.6095584 0.3518191 0.7103956 0.4977931 0.4979083 0.7101333 0.3520603 0.6100513 0.7098528 0.3520685 0.6100341 0.7098635 0.1823221 0.679959 0.7102215 0.1822935 0.6798878 0.7102969 0 0.7039175 0.7102817 -0.182292 0.6798925 0.7102928 -0.1823192 0.679955 0.710226 0 0.7039377 0.7102618 -0.3520597 0.6100319 0.7098698 -0.3520502 0.6100343 0.7098725 -0.4978497 0.4976592 0.7102683 -0.609556 0.3518044 0.7104049 -0.6095526 0.3516713 0.7104737 -0.4977895 0.4979107 0.7101343 -0.6797601 0.1821125 0.7104656 -0.6798087 0.1820471 0.7104358 -0.7039831 6.23478e-5 0.7102167 -0.6799529 -0.182126 0.7102776 -0.6799162 -0.1821665 0.7103024 -0.7039554 4.42219e-5 0.7102443 -0.6096739 -0.3519284 0.7102424 -0.6097146 -0.3519788 0.7101824 -0.3521681 -0.6096203 0.7101696 -0.497981 -0.4979766 0.7099537 -0.3520767 -0.6096943 0.7101514 -0.498076 -0.4980586 0.7098297 -0.1823198 -0.6802799 0.7099146 -0.1822752 -0.6803984 0.7098125 0 -0.704445 0.7097587 0.1822768 -0.6803936 0.7098168 0.1823204 -0.6802783 0.7099161 0 -0.7044938 0.7097102 0.3520806 -0.6096849 0.7101575 0.3521698 -0.6096181 0.7101705 0.6097221 -0.3519813 0.7101748 0.4979776 -0.4979771 0.7099558 0.6096833 -0.3519369 0.7102301 0.4980649 -0.4980607 0.7098358 0.6799167 -0.1821737 0.7103 0.6799525 -0.1821292 0.7102771 0.6798143 0.1820386 0.7104326 0.7039576 5.31232e-5 0.7102421 0.6797673 0.1821075 0.71046 0.7039832 6.52936e-5 0.7102167 0.6095574 0.3516907 0.7104601 -1.22125e-5 0 1 2.03523e-6 0 1 -1.2215e-5 0 1 2.44202e-5 0 1 0 0 1 2.44182e-5 0 1 1.22124e-5 0 1 1.22151e-5 0 1 0 1 0 0 1 0 0 1 0 0 1 0 0 1 0 0 1 -1.82995e-7 0 1 -1.5544e-7 0 1 2.74516e-7 0 1 3.16066e-7 0 1 -1.82995e-7 0 1 0 0 1 -3.70393e-7 0 -0.382683 -0.9238798 -0.348025 0 -0.9374853 0.2951622 -0.3954634 -0.8697633 0.3480256 0 -0.9374852 0.7315981 -0.3856441 -0.5621769 0.8027492 0 -0.5963168 0.901736 -0.3857178 -0.1951767 0.9806714 0 -0.1956625 0.8986067 -0.3856432 0.20925 0.9701397 0 0.242547 0.7227753 -0.3857039 0.5734356 0.7732086 0 0.6341518 0.4080484 -0.3856939 0.8274884 0.4276593 0 0.9039401 0.01496964 -0.3856729 0.9225141 0 0 1 -0.3809993 -0.3857038 0.840281 -0.4276604 0 0.9039395 -0.7037994 -0.3857014 0.5965743 -0.7732093 0 0.6341509 -0.8913526 -0.385643 0.2382647 -0.9701397 0 0.2425469 -0.9075981 -0.3857075 -0.1658179 -0.9806714 0 -0.1956624 -0.7494573 -0.3857094 -0.5380912 -0.8027491 0 -0.5963169 -0.2908013 -0.3899286 -0.8737221 -0.1505364 -0.9304055 -0.3341922 -0.3737066 -0.9019155 -0.2165453 0 -0.9238794 -0.3826841 0.1260256 -0.9321337 -0.3394766 0.3007612 -0.927162 -0.2234131 0.3677844 -0.9270112 -0.07338237 0.3635761 -0.9271191 0.0908997 0.2898671 -0.9270699 0.2377363 0.1745477 -0.9261337 0.3343794 0 -0.9269979 0.3750668 -0.1603368 -0.9270742 0.3388593 -0.2898649 -0.92707 0.237739 -0.3635756 -0.927119 0.09090149 -0.3726456 -0.926074 -0.05934834 6.88576e-6 0 -1 -4.23346e-6 0 -1 4.39687e-6 0 -1 5.05679e-6 0 1 0.02494645 -0.3808601 0.9242962 -2.41122e-5 0 -1 -0.7224634 -0.6914077 -0.001398086 0.4907146 0.5093637 0.7069285 0.6942756 0.7197093 0 0.6938213 0.7201473 0 0.5611569 -0.430531 0.7069271 0.6141206 -0.7892123 0 -0.5613065 0.4304055 0.7068848 0.9239233 -0.3825781 0 0.7201473 0.6938213 0 -0.9238234 0.3828191 0 -0.6532737 0.2704615 0.7071663 -0.2706867 0.6534924 0.706878 0.01886594 0.9998221 0 -0.6913816 -0.7224886 -0.001281559 -1.24755e-5 0 -1 -0.4905647 0.5092224 -0.7071343 0.5094995 -0.4907678 -0.7067936 4.40518e-5 0 1 -7.83855e-5 0 1 0.2398992 -0.9707978 0 0.9707859 0.2399472 0 -0.2399659 0.9707813 0 -0.9994513 0.03312265 0 -0.9708439 -0.2397129 0 -5.3317e-5 0 1 -2.01288e-4 0 1 4.26153e-6 0 1 0 -0.707098 0.7071155 0.7071179 0 0.7070956 -0.7071179 0 0.7070957 4.00331e-6 0 1 4.77742e-7 0 1 -1.78063e-4 0 -1 0.002141296 0 -0.9999978 0.00163573 0 -0.9999987 -2.10438e-4 0 -1 -3.32502e-4 0 -1 1.94571e-6 0 1 8.43602e-6 0 1 -3.57469e-6 0 1 2.43468e-4 0 -1 8.47188e-4 0 -0.9999997 -0.001066505 0 -0.9999995 2.13847e-4 0 -1 1.06199e-5 0 1 1.00303e-6 0 1 -1.49269e-5 0 1 4.32362e-4 0 -1 -4.30756e-4 0 -1 8.1984e-4 0 -0.9999997 -4.28059e-4 0 -1 -4.18025e-6 0 1 6.70578e-4 0 -0.9999998 -0.002180993 0 -0.9999976 -0.001049697 0 -0.9999995 -0.1634122 -0.6873819 0.707674 -0.1231523 -0.6961997 0.7072054 0.08103746 -0.7018545 0.7076957 0.1231567 -0.696223 0.7071818 0.1634108 -0.6874065 0.7076505 0.2414886 -0.6639137 0.7077442 0.3193351 -0.6301815 0.7077404 0.3948208 -0.5857203 0.7078477 0.4654487 -0.5313324 0.7078443 0.5318151 -0.464667 0.7079953 0.5898441 -0.3880787 0.7081518 0.6386147 -0.3013591 0.7080636 0.6754082 -0.2060366 0.7080767 0.689615 -0.1562243 0.7071246 0.6984466 0.1043136 0.7080192 0.689624 0.1561077 0.7071416 0.6754051 0.2061306 0.7080525 0.6385658 0.3012724 0.7081446 0.5900447 0.3879443 0.7080584 0.5318386 0.4647669 0.7079121 0.5001147 0.4999125 0.7070876 0.4653931 0.5313975 0.707832 0.3948904 0.5858564 0.7076961 0.3195338 0.6300863 0.7077355 0.2414829 0.6638983 0.7077606 0.1618338 0.6877781 0.7076519 0.1216959 0.6966112 0.7070523 -0.08103877 0.7018736 0.7076767 -0.1619091 0.6877457 0.7076662 -0.2414869 0.6638845 0.7077722 -0.3195384 0.630083 0.7077363 -0.3947648 0.5860511 0.707605 -0.4660636 0.5308439 0.7078062 -0.5318358 0.4648228 0.7078775 -0.5902945 0.3878438 0.7079051 -0.6387361 0.3013024 0.7079782 -0.6754112 0.2061268 0.7080476 -0.698354 -0.1049554 0.7080157 -0.6896722 -0.1565867 0.7069886 -0.6754114 -0.2060315 0.7080752 -0.6387749 -0.301389 0.7079063 -0.5900989 -0.3879719 0.707998 -0.5318228 -0.4647129 0.7079594 -0.4999539 -0.4999942 0.7071436 -0.4660986 -0.5307579 0.7078476 -0.3947082 -0.585915 0.7077494 -0.3193239 -0.6301771 0.7077493 -0.2414964 -0.6638901 0.7077637 1.71886e-5 0 -1 -0.9599279 0.2802437 -0.001355528 0.6864991 -0.1702346 0.7069223 0.9709444 -0.2393051 0 0.9705684 -0.240826 0 -0.09204947 -0.7012906 0.7069076 -0.393585 -0.9192882 0 0.09227192 0.7009769 0.7071898 0.1310737 -0.9913727 0 0.9609041 -0.2768815 0 -0.1304827 0.9914507 0 -0.09227973 0.700957 0.7072085 0.4306092 0.5610136 0.7069932 0.8752331 0.4837015 0 -0.9714195 0.2373646 -0.001518905 0.1958419 0.679298 -0.7072483 -0.1702537 -0.6861879 -0.7072198 2.71564e-6 0 -1 2.71582e-5 0 -1 2.71659e-6 0 -1 -3.75748e-6 0 -1 8.0939e-6 0 -1 -4.03386e-6 0 -1 -2.7158e-6 0 -1 -2.71592e-5 0 -1 5.43129e-6 0 -1 5.43168e-5 0 -1 1.56148e-6 0 -1 0 0.7071028 -0.7071108 0.7071056 0 -0.7071081 0 -0.7071082 -0.7071053 -0.7071108 0 -0.7071028 0 -0.7071146 -0.707099 0.7071053 0 -0.7071082 -0.0709511 -0.08661603 0.9937121 -0.07096391 -0.1078445 0.9916319 -0.07069486 -0.1192248 0.9903473 -0.070728 -0.1191388 0.9903553 -0.07061719 -0.1192798 0.9903463 -0.07073932 -0.1191748 0.9903502 -0.07068651 -0.1191952 0.9903515 -0.07065212 -0.1192299 0.9903498 -0.06428372 -0.119271 0.9907785 -0.0750302 -0.1199028 0.9899464 -0.07070231 -0.1192278 0.9903464 -0.07068979 -0.1192117 0.9903492 -0.07069665 -0.1191719 0.9903536 0.06428372 -0.1192709 0.9907785 0.07096266 -0.1083291 0.9915791 0.07070261 -0.1192292 0.9903462 0.07507157 -0.1200498 0.9899255 0.0706523 -0.1192302 0.9903497 0.07068639 -0.1191951 0.9903515 0.07073432 -0.1191753 0.9903504 0.07061445 -0.1192802 0.9903464 0.07073611 -0.1191287 0.990356 0.07069319 -0.1192297 0.9903469 0.07069516 -0.1191725 0.9903535 0.07068681 -0.119212 0.9903494 0.0709511 -0.08661603 0.9937121 -0.07092195 0.1078464 0.9916347 0.07096272 0.1083295 0.9915791 0.07064092 0.1192307 0.9903504 0.07070255 0.1192291 0.9903462 0.07507759 0.1200594 0.9899239 0.07068592 0.1192105 0.9903497 0.07069194 0.119172 0.9903539 0.07068365 0.119207 0.9903502 0.07073533 0.1191273 0.9903562 0.07061737 0.1192805 0.9903461 0.07073909 0.1191751 0.9903501 0.07067936 0.1191951 0.990352 -0.06428384 0.1192713 0.9907785 -0.07064092 0.1192308 0.9903505 -0.07067936 0.1191958 0.9903519 -0.0707395 0.1191755 0.9903501 -0.07061731 0.1192801 0.9903461 -0.0707277 0.1191385 0.9903553 -0.0706951 0.1192252 0.9903472 -0.07064598 0.1192802 0.9903442 -0.07068634 0.1192113 0.9903495 -0.07069832 0.1192285 0.9903466 -0.07408064 0.1199666 0.9900102 -0.3480532 0 -0.9374748 0.9238795 -0.3826835 0 0.3211501 -0.3720657 -0.8708786 0 1 -4.24665e-7</float_array>
          <technique_common>
            <accessor source="#Mesh12_Group15_Group11_Group6_Group1_Model-mesh-normals-array" count="3514" stride="3">
              <param name="X" type="float"/>
              <param name="Y" type="float"/>
              <param name="Z" type="float"/>
            </accessor>
          </technique_common>
        </source>
        <source id="Mesh12_Group15_Group11_Group6_Group1_Model-mesh-map-0">
          <float_array id="Mesh12_Group15_Group11_Group6_Group1_Model-mesh-map-0-array" count="28266">0.466649 0.423238 0.472238 0.424 0.472238 0.423238 0.466649 0.422477 0.472238 0.423238 0.472238 0.422477 0.466649 0.421767 0.472238 0.422477 0.472238 0.421767 0.466649 0.421158 0.472238 0.421767 0.472238 0.421158 0.468943 0.29196 0.468334 0.28637 0.468943 0.28637 0.469652 0.29196 0.468943 0.28637 0.469652 0.28637 0.470413 0.29196 0.469652 0.28637 0.470413 0.28637 0.471176 0.29196 0.470413 0.28637 0.471176 0.28637 0.471885 0.29196 0.471176 0.28637 0.471885 0.28637 0.472494 0.29196 0.471885 0.28637 0.472494 0.28637 0.271741 0.481994 0.266152 0.482603 0.266152 0.481994 0.271741 0.481284 0.266152 0.481994 0.266152 0.481284 0.271741 0.480523 0.266152 0.481284 0.266152 0.480523 0.271741 0.479762 0.266152 0.480523 0.266152 0.479762 0.271741 0.479052 0.266152 0.479762 0.266152 0.479052 0.271741 0.478443 0.266152 0.479052 0.266152 0.478443 0.475682 0.183594 0.475073 0.189184 0.475682 0.189184 0.476392 0.183594 0.475682 0.189184 0.476392 0.189184 0.477152 0.183594 0.476392 0.189184 0.477152 0.189184 0.477915 0.183594 0.477152 0.189184 0.477915 0.189184 0.478625 0.183594 0.477915 0.189184 0.478625 0.189184 0.479234 0.183594 0.478625 0.189184 0.479234 0.189184 0.466649 0.424709 0.472238 0.425318 0.472238 0.424709 0.466649 0.424 0.472238 0.424709 0.472238 0.424 0.480062 0.383057 0.480622 0.382506 0.4807 0.382793 0.48207 0.382793 0.481385 0.382406 0.482146 0.382506 0.4807 0.382793 0.481385 0.382406 0.481385 0.382703 0.48207 0.382793 0.482855 0.3828 0.482708 0.383057 0.483676 0.384025 0.483464 0.383268 0.483934 0.383877 0.482708 0.383057 0.483464 0.383268 0.483256 0.383478 0.483939 0.384664 0.483934 0.383877 0.484227 0.384587 0.483939 0.386033 0.484327 0.385348 0.484227 0.38611 0.483939 0.384664 0.484327 0.385348 0.48403 0.385348 0.483676 0.386671 0.484227 0.38611 0.483934 0.386819 0.482708 0.387639 0.483464 0.387429 0.482855 0.387896 0.483256 0.387219 0.483934 0.386819 0.483464 0.387429 0.48207 0.387903 0.482855 0.387896 0.482146 0.38819 0.481385 0.387994 0.480622 0.38819 0.4807 0.387903 0.481385 0.387994 0.482146 0.38819 0.481385 0.38829 0.480062 0.387639 0.480622 0.38819 0.479913 0.387896 0.479514 0.387219 0.478836 0.386819 0.479093 0.386671 0.479514 0.387219 0.479913 0.387896 0.479304 0.387429 0.479093 0.386671 0.478543 0.38611 0.47883 0.386033 0.47874 0.385348 0.478543 0.384587 0.47883 0.384664 0.47874 0.385348 0.478543 0.38611 0.478443 0.385348 0.47883 0.384664 0.478836 0.383877 0.479093 0.384025 0.479514 0.383478 0.479913 0.3828 0.480062 0.383057 0.479093 0.384025 0.479304 0.383268 0.479514 0.383478 0.480062 0.383057 0.4807 0.382793 0.481385 0.385348 0.481385 0.382703 0.481385 0.385348 0.4807 0.382793 0.481385 0.382703 0.48207 0.382793 0.481385 0.385348 0.48207 0.382793 0.482708 0.383057 0.481385 0.385348 0.483256 0.383478 0.481385 0.385348 0.482708 0.383057 0.483256 0.383478 0.483676 0.384025 0.481385 0.385348 0.483676 0.384025 0.483939 0.384664 0.481385 0.385348 0.48403 0.385348 0.481385 0.385348 0.483939 0.384664 0.48403 0.385348 0.483939 0.386033 0.481385 0.385348 0.483939 0.386033 0.483676 0.386671 0.481385 0.385348 0.483256 0.387219 0.481385 0.385348 0.483676 0.386671 0.483256 0.387219 0.482708 0.387639 0.481385 0.385348 0.482708 0.387639 0.48207 0.387903 0.481385 0.385348 0.481385 0.387994 0.481385 0.385348 0.48207 0.387903 0.481385 0.387994 0.4807 0.387903 0.481385 0.385348 0.4807 0.387903 0.480062 0.387639 0.481385 0.385348 0.479514 0.387219 0.481385 0.385348 0.480062 0.387639 0.479514 0.387219 0.479093 0.386671 0.481385 0.385348 0.479093 0.386671 0.47883 0.386033 0.481385 0.385348 0.47874 0.385348 0.481385 0.385348 0.47883 0.386033 0.47874 0.385348 0.47883 0.384664 0.481385 0.385348 0.47883 0.384664 0.479093 0.384025 0.481385 0.385348 0.479514 0.383478 0.481385 0.385348 0.479093 0.384025 0.479514 0.383478 0.480062 0.383057 0.481385 0.385348 0.457797 0.315816 0.457413 0.315791 0.457797 0.312874 0.457413 0.315791 0.457035 0.315716 0.457797 0.312874 0.457035 0.315716 0.456671 0.315592 0.457797 0.312874 0.456671 0.315592 0.456326 0.315422 0.457797 0.312874 0.456326 0.315422 0.456006 0.315208 0.457797 0.312874 0.456006 0.315208 0.455716 0.314955 0.457797 0.312874 0.455716 0.314955 0.455463 0.314665 0.457797 0.312874 0.455463 0.314665 0.455249 0.314345 0.457797 0.312874 0.455249 0.314345 0.455079 0.314 0.457797 0.312874 0.455079 0.314 0.454955 0.313636 0.457797 0.312874 0.454955 0.313636 0.45488 0.313258 0.457797 0.312874 0.454855 0.312874 0.457797 0.312874 0.45488 0.313258 0.457797 0.301106 0.454855 0.312874 0.454855 0.301106 0.454855 0.301106 0.45488 0.300722 0.457797 0.301106 0.45488 0.300722 0.454955 0.300344 0.457797 0.301106 0.454955 0.300344 0.455079 0.29998 0.457797 0.301106 0.455079 0.29998 0.455249 0.299635 0.457797 0.301106 0.455249 0.299635 0.455463 0.299314 0.457797 0.301106 0.455463 0.299314 0.455716 0.299025 0.457797 0.301106 0.455716 0.299025 0.456006 0.298771 0.457797 0.301106 0.456006 0.298771 0.456326 0.298558 0.457797 0.301106 0.456326 0.298558 0.456671 0.298387 0.457797 0.301106 0.456671 0.298387 0.457035 0.298264 0.457797 0.301106 0.457035 0.298264 0.457413 0.298189 0.457797 0.301106 0.457797 0.298164 0.457797 0.301106 0.457413 0.298189 0.475449 0.301106 0.457797 0.298164 0.475449 0.298164 0.475449 0.298164 0.475833 0.298189 0.475449 0.301106 0.475833 0.298189 0.476211 0.298264 0.475449 0.301106 0.476211 0.298264 0.476576 0.298387 0.475449 0.301106 0.476576 0.298387 0.47692 0.298558 0.475449 0.301106 0.47692 0.298558 0.477241 0.298771 0.475449 0.301106 0.477241 0.298771 0.47753 0.299025 0.475449 0.301106 0.47753 0.299025 0.477784 0.299314 0.475449 0.301106 0.477784 0.299314 0.477997 0.299635 0.475449 0.301106 0.477997 0.299635 0.478168 0.29998 0.475449 0.301106 0.478168 0.29998 0.478291 0.300344 0.475449 0.301106 0.478291 0.300344 0.478366 0.300722 0.475449 0.301106 0.478391 0.301106 0.475449 0.301106 0.478366 0.300722 0.475449 0.312874 0.478391 0.301106 0.478391 0.312874 0.478391 0.312874 0.478366 0.313258 0.475449 0.312874 0.478291 0.313636 0.475449 0.312874 0.478366 0.313258 0.478168 0.314 0.475449 0.312874 0.478291 0.313636 0.477997 0.314345 0.475449 0.312874 0.478168 0.314 0.477784 0.314665 0.475449 0.312874 0.477997 0.314345 0.47753 0.314955 0.475449 0.312874 0.477784 0.314665 0.477241 0.315208 0.475449 0.312874 0.47753 0.314955 0.47692 0.315422 0.475449 0.312874 0.477241 0.315208 0.476576 0.315592 0.475449 0.312874 0.47692 0.315422 0.476211 0.315716 0.475449 0.312874 0.476576 0.315592 0.475833 0.315791 0.475449 0.312874 0.476211 0.315716 0.475449 0.315816 0.475449 0.312874 0.475833 0.315791 0.457797 0.312874 0.475449 0.315816 0.457797 0.315816 0.457797 0.312874 0.475449 0.301106 0.475449 0.312874 0.294717 0.674726 0.294622 0.673245 0.294267 0.674573 0.295141 0.674936 0.295243 0.673455 0.294717 0.674726 0.295141 0.674936 0.296374 0.674109 0.295829 0.673745 0.295894 0.675514 0.296374 0.674109 0.295538 0.6752 0.295894 0.675514 0.297298 0.675034 0.296866 0.674541 0.296473 0.676266 0.297298 0.675034 0.296208 0.675871 0.296685 0.676693 0.297665 0.675579 0.296473 0.676266 0.296836 0.677143 0.297952 0.676167 0.296685 0.676693 0.296931 0.67761 0.298164 0.676788 0.296836 0.677143 0.296961 0.678084 0.298293 0.677431 0.296931 0.67761 0.296961 0.842841 0.298339 0.678113 0.296961 0.678084 0.296961 0.842841 0.298293 0.843495 0.298339 0.842813 0.296836 0.843782 0.298293 0.843495 0.296931 0.843316 0.296836 0.843782 0.297952 0.844759 0.298164 0.844138 0.296685 0.844232 0.297665 0.845347 0.297952 0.844759 0.296473 0.844659 0.297298 0.845891 0.297665 0.845347 0.295894 0.845412 0.297298 0.845891 0.296208 0.845055 0.295894 0.845412 0.296374 0.846816 0.296866 0.846384 0.295141 0.84599 0.296374 0.846816 0.295538 0.845726 0.294717 0.8462 0.295829 0.847181 0.295141 0.84599 0.294717 0.8462 0.294622 0.847681 0.295243 0.847471 0.294267 0.846353 0.293979 0.847809 0.294622 0.847681 0.02421295 0.848725 0.279996 0.848725 0.010885 0.846477 0.01023 0.847809 0.009941995 0.846353 0.009586989 0.847681 0.009586989 0.847681 0.01011598 0.848675 0.01023 0.847809 0.008965969 0.847471 0.009359955 0.848525 0.009586989 0.847681 0.009586989 0.847681 0.00949198 0.8462 0.008965969 0.847471 0.008378982 0.847181 0.00949198 0.8462 0.009067952 0.84599 0.008378982 0.847181 0.008632957 0.848277 0.008965969 0.847471 0.008378982 0.847181 0.007300972 0.847509 0.007939994 0.847937 0.008378982 0.847181 0.008670985 0.845726 0.007833957 0.846816 0.007342994 0.846384 0.008670985 0.845726 0.008314967 0.845412 0.007342994 0.846384 0.007300972 0.847509 0.007833957 0.846816 0.006906986 0.845891 0.006721973 0.847002 0.007342994 0.846384 0.006906986 0.845891 0.008314967 0.845412 0.008000969 0.845055 0.006906986 0.845891 0.007735967 0.844659 0.006543993 0.845347 0.006543993 0.845347 0.006214976 0.846423 0.006906986 0.845891 0.006543993 0.845347 0.00544697 0.845093 0.005786955 0.845783 0.006255984 0.844759 0.007735967 0.844659 0.007523953 0.844232 0.006255984 0.844759 0.007372975 0.843782 0.00604397 0.844138 0.00604397 0.844138 0.00544697 0.845093 0.006255984 0.844759 0.00604397 0.844138 0.00504899 0.843609 0.005200982 0.844364 0.00604397 0.844138 0.007277965 0.843316 0.005915999 0.843495 0.005915999 0.843495 0.007247984 0.842841 0.005869984 0.842813 0.005915999 0.843495 0.004999995 0.842841 0.00504899 0.843609 0.005869984 0.678113 0.004999995 0.842841 0.005869984 0.842813 0.005869984 0.842813 0.007247984 0.678084 0.005869984 0.678113 0.005915999 0.677431 0.007247984 0.678084 0.007277965 0.67761 0.005915999 0.677431 0.004999995 0.678084 0.005869984 0.678113 0.00604397 0.676788 0.00504899 0.677316 0.005915999 0.677431 0.00604397 0.676788 0.007277965 0.67761 0.007372975 0.677143 0.006255984 0.676167 0.007372975 0.677143 0.007523953 0.676693 0.00604397 0.676788 0.00544697 0.675833 0.005200982 0.676562 0.006543993 0.675579 0.00544697 0.675833 0.006255984 0.676167 0.006255984 0.676167 0.007735967 0.676266 0.006543993 0.675579 0.006906986 0.675034 0.007735967 0.676266 0.008000969 0.675871 0.006543993 0.675579 0.006214976 0.674503 0.005786955 0.675142 0.006906986 0.675034 0.006721973 0.673924 0.006214976 0.674503 0.006906986 0.675034 0.008314967 0.675514 0.007342994 0.674541 0.007342994 0.674541 0.008670985 0.6752 0.007833957 0.674109 0.007342994 0.674541 0.007300972 0.673416 0.006721973 0.673924 0.008378982 0.673745 0.007300972 0.673416 0.007833957 0.674109 0.008378982 0.673745 0.008670985 0.6752 0.009067952 0.674936 0.008965969 0.673455 0.009067952 0.674936 0.00949198 0.674726 0.008378982 0.673745 0.008632957 0.672648 0.007939994 0.672989 0.008965969 0.673455 0.009359955 0.672401 0.008632957 0.672648 0.008965969 0.673455 0.009941995 0.674573 0.009586989 0.673245 0.01023 0.673117 0.009941995 0.674573 0.01041197 0.67448 0.009586989 0.673245 0.01011598 0.67225 0.009359955 0.672401 0.01023 0.673117 0.010885 0.6722 0.01011598 0.67225 0.01023 0.673117 0.010885 0.674449 0.01091098 0.673072 0.01091098 0.673072 0.293324 0.674449 0.293298 0.673072 0.01091098 0.673072 0.293324 0.6722 0.010885 0.6722 0.293979 0.673117 0.293324 0.6722 0.293298 0.673072 0.293324 0.674449 0.293979 0.673117 0.293298 0.673072 0.294267 0.674573 0.293979 0.673117 0.293797 0.67448 0.293979 0.673117 0.294846 0.672401 0.294092 0.67225 0.294622 0.673245 0.295576 0.672648 0.294846 0.672401 0.295243 0.673455 0.296265 0.672989 0.295576 0.672648 0.296374 0.674109 0.296265 0.672989 0.295829 0.673745 0.296866 0.674541 0.296908 0.673416 0.296374 0.674109 0.297298 0.675034 0.297487 0.673924 0.296866 0.674541 0.297665 0.675579 0.297994 0.674503 0.297298 0.675034 0.297665 0.675579 0.298762 0.675833 0.298422 0.675142 0.297952 0.676167 0.299008 0.676562 0.298762 0.675833 0.298293 0.677431 0.299008 0.676562 0.298164 0.676788 0.298293 0.677431 0.299209 0.678084 0.29916 0.677316 0.298339 0.842813 0.299209 0.678084 0.298339 0.678113 0.298293 0.843495 0.299209 0.842841 0.298339 0.842813 0.298293 0.843495 0.299008 0.844364 0.29916 0.843609 0.297952 0.844759 0.299008 0.844364 0.298164 0.844138 0.297665 0.845347 0.298762 0.845093 0.297952 0.844759 0.297665 0.845347 0.297994 0.846423 0.298422 0.845783 0.297298 0.845891 0.297487 0.847002 0.297994 0.846423 0.296866 0.846384 0.296908 0.847509 0.297487 0.847002 0.296374 0.846816 0.296265 0.847937 0.296908 0.847509 0.295243 0.847471 0.296265 0.847937 0.295829 0.847181 0.294622 0.847681 0.295576 0.848277 0.295243 0.847471 0.293979 0.847809 0.294846 0.848525 0.294622 0.847681 0.293979 0.847809 0.293324 0.848725 0.294092 0.848675 0.449552 0.546605 0.306588 0.545837 0.306588 0.546605 0.449552 0.547359 0.306588 0.546605 0.306588 0.547359 0.449552 0.548089 0.306588 0.547359 0.306588 0.548089 0.449552 0.548779 0.306588 0.548089 0.306588 0.548779 0.449552 0.549419 0.306588 0.548779 0.306588 0.549419 0.449552 0.549997 0.306588 0.549419 0.306588 0.549997 0.795841 0.348461 0.79642 0.205497 0.795841 0.205497 0.795201 0.348461 0.795841 0.205497 0.795201 0.205497 0.794509 0.348461 0.795201 0.205497 0.794509 0.205497 0.793778 0.348461 0.794509 0.205497 0.793778 0.205497 0.793025 0.348461 0.793778 0.205497 0.793025 0.205497 0.792257 0.348461 0.793025 0.205497 0.792257 0.205497 0.792257 0.205497 0.627499 0.348461 0.792257 0.348461 0.614101 0.366001 0.613231 0.201272 0.614101 0.2013 0.614101 0.2013 0.616595 0.366029 0.614101 0.366001 0.614146 0.200618 0.616595 0.201272 0.614101 0.2013 0.614146 0.200618 0.613231 0.201272 0.61328 0.200504 0.614146 0.200618 0.613431 0.1997489 0.614275 0.199975 0.614275 0.199975 0.616618 0.2009429 0.614146 0.200618 0.614275 0.199975 0.616788 0.200308 0.616682 0.200621 0.614487 0.199355 0.613431 0.1997489 0.613677 0.19902 0.614775 0.198767 0.613677 0.19902 0.614018 0.19833 0.614487 0.199355 0.616935 0.200013 0.616788 0.200308 0.615138 0.198222 0.616935 0.200013 0.614775 0.198767 0.614775 0.198767 0.614445 0.19769 0.615138 0.198222 0.615138 0.198222 0.614952 0.197111 0.615573 0.197729 0.615138 0.198222 0.617333 0.199491 0.617117 0.199739 0.616065 0.197297 0.617333 0.199491 0.615573 0.197729 0.615573 0.197729 0.615531 0.196604 0.616065 0.197297 0.616065 0.197297 0.616171 0.196176 0.61661 0.196933 0.616065 0.197297 0.617855 0.199091 0.617582 0.199274 0.617197 0.1966429 0.617855 0.199091 0.61661 0.196933 0.617197 0.1966429 0.616171 0.196176 0.616863 0.195836 0.617817 0.1964319 0.616863 0.195836 0.61759 0.1955879 0.617817 0.1964319 0.61815 0.198945 0.617197 0.1966429 0.61846 0.196305 0.618464 0.19884 0.617817 0.1964319 0.61846 0.196305 0.61759 0.1955879 0.618347 0.195438 0.61846 0.196305 0.619115 0.195388 0.632444 0.195388 0.901555 0.198754 0.619115 0.198754 0.632444 0.195388 0.90221 0.196305 0.901555 0.195388 0.902323 0.195438 0.03701198 0.476781 0.1799769 0.477549 0.1799769 0.476781 0.1799769 0.476781 0.03701198 0.476026 0.03701198 0.476781 0.1799769 0.476026 0.03701198 0.475297 0.03701198 0.476026 0.1799769 0.475297 0.03701198 0.474607 0.03701198 0.475297 0.1799769 0.474607 0.03701198 0.473967 0.03701198 0.474607 0.1799769 0.473967 0.03701198 0.473388 0.03701198 0.473967 0.01342397 0.680624 0.01400297 0.823588 0.01342397 0.823588 0.01400297 0.680624 0.01464295 0.823588 0.01400297 0.823588 0.01464295 0.680624 0.01533198 0.823588 0.01464295 0.823588 0.01533198 0.680624 0.01606196 0.823588 0.01533198 0.823588 0.01606196 0.680624 0.016819 0.823588 0.01606196 0.823588 0.016819 0.680624 0.01758295 0.823588 0.016819 0.823588 0.01758295 0.680624 0.1823419 0.823588 0.01758295 0.823588 0.1823419 0.680624 0.1831099 0.823588 0.1823419 0.823588 0.1831099 0.680624 0.183863 0.823588 0.1831099 0.823588 0.183863 0.680624 0.184593 0.823588 0.183863 0.823588 0.184593 0.680624 0.185286 0.823588 0.184593 0.823588 0.185286 0.680624 0.185925 0.823588 0.185286 0.823588 0.185925 0.680624 0.186504 0.823588 0.185925 0.823588 0.719376 0.669798 0.86234 0.669219 0.86234 0.669798 0.719376 0.669219 0.86234 0.66858 0.86234 0.669219 0.719376 0.66858 0.86234 0.667889 0.86234 0.66858 0.719376 0.667889 0.86234 0.66716 0.86234 0.667889 0.719376 0.66716 0.86234 0.666405 0.86234 0.66716 0.719376 0.666405 0.86234 0.665638 0.86234 0.666405 0.86234 0.383197 0.719376 0.665638 0.719376 0.383197 0.719376 0.383197 0.86234 0.382429 0.86234 0.383197 0.719376 0.382429 0.86234 0.381674 0.86234 0.382429 0.719376 0.381674 0.86234 0.380945 0.86234 0.381674 0.719376 0.380945 0.86234 0.380255 0.86234 0.380945 0.719376 0.380255 0.86234 0.379615 0.86234 0.380255 0.719376 0.379615 0.86234 0.379037 0.86234 0.379615 0.62334 0.348461 0.623919 0.205497 0.62334 0.205497 0.623919 0.348461 0.624558 0.205497 0.623919 0.205497 0.624558 0.348461 0.625247 0.205497 0.624558 0.205497 0.625247 0.348461 0.625977 0.205497 0.625247 0.205497 0.625977 0.348461 0.626734 0.205497 0.625977 0.205497 0.626734 0.348461 0.627499 0.205497 0.626734 0.205497 0.614146 0.366683 0.613231 0.366029 0.614101 0.366001 0.616595 0.366029 0.614146 0.366683 0.614101 0.366001 0.616618 0.366358 0.614275 0.367326 0.614146 0.366683 0.616788 0.366993 0.614275 0.367326 0.616682 0.366681 0.616935 0.367288 0.614487 0.367946 0.616788 0.366993 0.616935 0.367288 0.615138 0.369079 0.614775 0.368534 0.617333 0.36781 0.615138 0.369079 0.617117 0.367562 0.617333 0.36781 0.616065 0.370004 0.615573 0.369572 0.617855 0.36821 0.616065 0.370004 0.617582 0.368027 0.617855 0.36821 0.617197 0.370658 0.61661 0.370368 0.61815 0.368356 0.617817 0.370869 0.617197 0.370658 0.618464 0.368461 0.61846 0.370996 0.617817 0.370869 0.619115 0.368547 0.61846 0.370996 0.618786 0.368526 0.619115 0.368547 0.901525 0.371041 0.619142 0.371041 0.901555 0.368547 0.90221 0.370996 0.901525 0.371041 0.901884 0.368526 0.902853 0.370869 0.90221 0.370996 0.90252 0.368356 0.902853 0.370869 0.902206 0.368461 0.902815 0.36821 0.903473 0.370658 0.90252 0.368356 0.902815 0.36821 0.904605 0.370004 0.90406 0.370368 0.903337 0.36781 0.904605 0.370004 0.903087 0.368027 0.903553 0.367562 0.905097 0.369572 0.903337 0.36781 0.903553 0.367562 0.905895 0.368534 0.905528 0.369079 0.903735 0.367288 0.906183 0.367946 0.905895 0.368534 0.903988 0.366681 0.906183 0.367946 0.903882 0.366993 0.903988 0.366681 0.906524 0.366683 0.906395 0.367326 0.904075 0.366029 0.906524 0.366683 0.904052 0.366358 0.906569 0.2013 0.904075 0.366029 0.904075 0.201272 0.906569 0.2013 0.907439 0.366029 0.906569 0.366001 0.906524 0.200618 0.907439 0.201272 0.906569 0.2013 0.906524 0.200618 0.904052 0.2009429 0.903988 0.200621 0.906395 0.199975 0.903988 0.200621 0.903882 0.200308 0.906395 0.199975 0.90739 0.200504 0.906524 0.200618 0.906395 0.199975 0.906993 0.19902 0.907239 0.1997489 0.906183 0.199355 0.903882 0.200308 0.903735 0.200013 0.905895 0.198767 0.903735 0.200013 0.903553 0.199739 0.905895 0.198767 0.906993 0.19902 0.906183 0.199355 0.905895 0.198767 0.906225 0.19769 0.906652 0.19833 0.905528 0.198222 0.903553 0.199739 0.903337 0.199491 0.905097 0.197729 0.903337 0.199491 0.903087 0.199274 0.905528 0.198222 0.905718 0.197111 0.906225 0.19769 0.905097 0.197729 0.905139 0.196604 0.905718 0.197111 0.904605 0.197297 0.903087 0.199274 0.902815 0.199091 0.90406 0.196933 0.902815 0.199091 0.90252 0.198945 0.90406 0.196933 0.905139 0.196604 0.904605 0.197297 0.90406 0.196933 0.903806 0.195836 0.904495 0.196176 0.903473 0.1966429 0.90252 0.198945 0.902206 0.19884 0.902853 0.1964319 0.902206 0.19884 0.901884 0.1987749 0.903473 0.1966429 0.903076 0.1955879 0.903806 0.195836 0.902853 0.1964319 0.902323 0.195438 0.903076 0.1955879 0.90221 0.196305 0.901884 0.1987749 0.901555 0.198754 0.906524 0.366683 0.907439 0.366029 0.90739 0.366797 0.906395 0.367326 0.90739 0.366797 0.907239 0.367552 0.906395 0.367326 0.906993 0.368281 0.906183 0.367946 0.905895 0.368534 0.906993 0.368281 0.906652 0.368971 0.905895 0.368534 0.906225 0.369611 0.905528 0.369079 0.905528 0.369079 0.905718 0.37019 0.905097 0.369572 0.905097 0.369572 0.905139 0.370697 0.904605 0.370004 0.90406 0.370368 0.905139 0.370697 0.904495 0.371125 0.90406 0.370368 0.903806 0.371465 0.903473 0.370658 0.903473 0.370658 0.903076 0.371713 0.902853 0.370869 0.902853 0.370869 0.902323 0.371863 0.90221 0.370996 0.90221 0.370996 0.901555 0.371913 0.901525 0.371041 0.901525 0.371041 0.619115 0.371913 0.619142 0.371041 0.61846 0.370996 0.619115 0.371913 0.618347 0.371863 0.61846 0.370996 0.61759 0.371713 0.617817 0.370869 0.617817 0.370869 0.616863 0.371465 0.617197 0.370658 0.617197 0.370658 0.616171 0.371125 0.61661 0.370368 0.616065 0.370004 0.616171 0.371125 0.615531 0.370697 0.615573 0.369572 0.615531 0.370697 0.614952 0.37019 0.615138 0.369079 0.614952 0.37019 0.614445 0.369611 0.614775 0.368534 0.614445 0.369611 0.614018 0.368971 0.614775 0.368534 0.613677 0.368281 0.614487 0.367946 0.614487 0.367946 0.613431 0.367552 0.614275 0.367326 0.614146 0.366683 0.613431 0.367552 0.61328 0.366797 0.01023 0.847809 0.010885 0.848725 0.02421295 0.848725 0.192318 0.436291 0.1915349 0.435838 0.192409 0.436072 0.192174 0.436478 0.1915349 0.435838 0.192318 0.436291 0.192174 0.436478 0.191987 0.436621 0.1915349 0.435838 0.192174 0.436478 0.192136 0.436879 0.191987 0.436621 0.192318 0.436291 0.192385 0.436688 0.192174 0.436478 0.192318 0.436291 0.192695 0.436149 0.192575 0.436439 0.192439 0.435838 0.192695 0.436149 0.192409 0.436072 0.192439 0.435838 0.192409 0.436072 0.1915349 0.435838 0.192439 0.435838 0.1915349 0.435838 0.192409 0.435604 0.192318 0.435386 0.192409 0.435604 0.1915349 0.435838 0.192318 0.435386 0.192695 0.435527 0.192409 0.435604 0.192318 0.435386 0.192385 0.434989 0.192575 0.435237 0.192174 0.435198 0.192318 0.435386 0.1915349 0.435838 0.192174 0.435198 0.1915349 0.435838 0.191987 0.435055 0.191987 0.435055 0.1915349 0.435838 0.191769 0.434964 0.1915349 0.434933 0.191769 0.434964 0.1915349 0.435838 0.1915349 0.434933 0.191846 0.434678 0.191769 0.434964 0.1915349 0.434933 0.191224 0.434678 0.1915349 0.434637 0.1915349 0.434933 0.1915349 0.435838 0.191301 0.434964 0.191083 0.435055 0.191301 0.434964 0.1915349 0.435838 0.191301 0.434964 0.190934 0.434798 0.191224 0.434678 0.190895 0.435198 0.190934 0.434798 0.191083 0.435055 0.190895 0.435198 0.191083 0.435055 0.1915349 0.435838 0.190895 0.435198 0.1915349 0.435838 0.190751 0.435386 0.190751 0.435386 0.1915349 0.435838 0.190661 0.435604 0.19063 0.435838 0.190661 0.435604 0.1915349 0.435838 0.19063 0.435838 0.190374 0.435527 0.190661 0.435604 0.19063 0.435838 0.190374 0.436149 0.190333 0.435838 0.19063 0.435838 0.1915349 0.435838 0.190661 0.436072 0.190751 0.436291 0.190661 0.436072 0.1915349 0.435838 0.190751 0.436291 0.190374 0.436149 0.190661 0.436072 0.190751 0.436291 0.190685 0.436688 0.190494 0.436439 0.190895 0.436478 0.190751 0.436291 0.1915349 0.435838 0.190895 0.436478 0.1915349 0.435838 0.191083 0.436621 0.191083 0.436621 0.1915349 0.435838 0.191301 0.436712 0.1915349 0.436743 0.191301 0.436712 0.1915349 0.435838 0.191301 0.436712 0.1915349 0.437039 0.191224 0.436998 0.191769 0.436712 0.1915349 0.437039 0.1915349 0.436743 0.1915349 0.436743 0.1915349 0.435838 0.191769 0.436712 0.191987 0.436621 0.191769 0.436712 0.1915349 0.435838 0.191987 0.436621 0.191846 0.436998 0.191769 0.436712 0.249643 0.442537 0.249303 0.442826 0.249303 0.442537 0.249643 0.442225 0.249303 0.442537 0.249303 0.442225 0.249643 0.441915 0.249303 0.442225 0.249303 0.441915 0.249643 0.441625 0.249303 0.441915 0.249303 0.441625 0.249643 0.441376 0.249303 0.441625 0.249303 0.441376 0.2664 0.448115 0.266152 0.448456 0.2664 0.448456 0.26669 0.448115 0.2664 0.448456 0.26669 0.448456 0.267001 0.448115 0.26669 0.448456 0.267001 0.448456 0.267312 0.448115 0.267001 0.448456 0.267312 0.448456 0.267602 0.448115 0.267312 0.448456 0.267602 0.448456 0.267851 0.448115 0.267602 0.448456 0.267851 0.448456 0.451485 0.245699 0.451825 0.245948 0.451825 0.245699 0.451485 0.245409 0.451825 0.245699 0.451825 0.245409 0.451485 0.245099 0.451825 0.245409 0.451825 0.245099 0.451485 0.244787 0.451825 0.245099 0.451825 0.244787 0.451485 0.244497 0.451825 0.244787 0.451825 0.244497 0.451485 0.244249 0.451825 0.244497 0.451825 0.244249 0.204061 0.392856 0.203812 0.392515 0.204061 0.392515 0.204351 0.392856 0.204061 0.392515 0.204351 0.392515 0.204662 0.392856 0.204351 0.392515 0.204662 0.392515 0.204973 0.392856 0.204662 0.392515 0.204973 0.392515 0.205262 0.392856 0.204973 0.392515 0.205262 0.392515 0.205511 0.392856 0.205262 0.392515 0.205511 0.392515 0.249643 0.442826 0.249303 0.443075 0.249303 0.442826 0.192439 0.435838 0.192695 0.435527 0.192736 0.435838 0.192174 0.435198 0.192136 0.434798 0.192385 0.434989 0.191987 0.435055 0.191846 0.434678 0.192136 0.434798 0.190751 0.435386 0.190685 0.434989 0.190895 0.435198 0.190751 0.435386 0.190374 0.435527 0.190494 0.435237 0.190895 0.436478 0.190934 0.436879 0.190685 0.436688 0.191301 0.436712 0.190934 0.436879 0.191083 0.436621 0.467763 0.433288 0.468654 0.432356 0.468639 0.432344 0.46803 0.431876 0.467763 0.433288 0.468639 0.432344 0.466656 0.43214 0.46803 0.431876 0.467563 0.431267 0.446821 0.478443 0.447037 0.48109 0.447972 0.478443 0.447037 0.48109 0.446821 0.48109 0.447037 0.481385 0.446821 0.48109 0.444746 0.478443 0.444746 0.48109 0.502128 0.281528 0.50083 0.282466 0.501923 0.281317 0.503032 0.282468 0.501696 0.283347 0.502828 0.282256 0.498854 0.284542 0.501044 0.282669 0.498928 0.284892 0.501696 0.283347 0.499848 0.285535 0.4995 0.285463 0.502478 0.281892 0.50304 0.282052 0.502828 0.282256 0.502686 0.281684 0.502128 0.281528 0.50233 0.281315 0.467076 0.201137 0.466868 0.198758 0.466649 0.201396 0.50233 0.281315 0.502128 0.281528 0.501923 0.281317 0.50304 0.282052 0.503032 0.282468 0.502828 0.282256 0.2049649 0.476036 0.204548 0.473682 0.2049649 0.473388 0.502478 0.281892 0.501044 0.282669 0.502128 0.281528 0.502828 0.282256 0.501369 0.283008 0.502478 0.281892 0.498928 0.284892 0.501369 0.283008 0.499214 0.285177 0.499214 0.285177 0.501696 0.283347 0.4995 0.285463 0.498124 0.284558 0.498928 0.284892 0.497499 0.286893 0.499214 0.285177 0.497499 0.286893 0.498928 0.284892 0.499214 0.285177 0.4995 0.285463 0.497499 0.286893 0.4995 0.285463 0.499833 0.286267 0.497499 0.286893 0.492499 0.291872 0.493744 0.291307 0.492862 0.292222 0.493087 0.290616 0.492499 0.291872 0.492135 0.291521 0.493414 0.290961 0.495498 0.288323 0.495783 0.288608 0.496069 0.288893 0.493414 0.290961 0.495783 0.288608 0.495783 0.288608 0.497499 0.286893 0.496069 0.288893 0.495783 0.288608 0.495498 0.288323 0.497499 0.286893 0.495498 0.288323 0.495165 0.287517 0.497499 0.286893 0.495081 0.286892 0.497499 0.286893 0.495165 0.287517 0.495081 0.286892 0.495165 0.286267 0.497499 0.286893 0.495165 0.286267 0.495405 0.285684 0.497499 0.286893 0.495789 0.285184 0.497499 0.286893 0.495405 0.285684 0.495789 0.285184 0.49629 0.2848 0.497499 0.286893 0.49629 0.2848 0.496873 0.284558 0.497499 0.286893 0.497498 0.284476 0.497499 0.286893 0.496873 0.284558 0.497498 0.284476 0.498124 0.284558 0.497499 0.286893 0.496873 0.289226 0.496069 0.288893 0.497499 0.286893 0.497498 0.289308 0.496873 0.289226 0.497499 0.286893 0.497498 0.289308 0.497499 0.286893 0.498124 0.289226 0.498707 0.288985 0.498124 0.289226 0.497499 0.286893 0.499206 0.288601 0.498707 0.288985 0.497499 0.286893 0.499206 0.288601 0.497499 0.286893 0.49959 0.2881 0.499833 0.287517 0.49959 0.2881 0.497499 0.286893 0.499914 0.286892 0.499833 0.287517 0.497499 0.286893 0.499914 0.286892 0.497499 0.286893 0.499833 0.286267 0.280888 0.480495 0.280888 0.481627 0.278239 0.480721 0.278239 0.480508 0.278239 0.480721 0.277946 0.480721 0.280888 0.480495 0.278239 0.478443 0.280888 0.478443 0.500311 0.298921 0.499874 0.298382 0.499887 0.298369 0.492126 0.30613 0.494116 0.304064 0.492678 0.306554 0.494771 0.304336 0.492678 0.306554 0.494116 0.304064 0.495473 0.304428 0.494027 0.307112 0.494771 0.304336 0.495473 0.304428 0.496919 0.307112 0.495473 0.307303 0.496175 0.304336 0.498266 0.306554 0.496919 0.307112 0.497392 0.303633 0.498266 0.306554 0.49683 0.304064 0.497392 0.303633 0.500311 0.304509 0.499424 0.305666 0.498094 0.302417 0.500311 0.304509 0.497823 0.303072 0.498186 0.301715 0.500869 0.303161 0.498094 0.302417 0.498186 0.301715 0.500869 0.300269 0.501061 0.301715 0.498094 0.301013 0.500311 0.298921 0.500869 0.300269 0.500311 0.298921 0.500101 0.298164 0.500569 0.298773 0.500869 0.300269 0.500569 0.298773 0.501157 0.300192 0.492678 0.306554 0.491921 0.306343 0.492126 0.30613 0.494027 0.307112 0.492531 0.306811 0.492678 0.306554 0.495473 0.307303 0.49395 0.307399 0.494027 0.307112 0.495473 0.307303 0.496996 0.307399 0.495473 0.307599 0.496919 0.307112 0.498415 0.306811 0.496996 0.307399 0.499424 0.305666 0.498415 0.306811 0.498266 0.306554 0.499424 0.305666 0.500569 0.304657 0.499634 0.305876 0.500311 0.304509 0.501157 0.303238 0.500569 0.304657 0.500869 0.303161 0.501358 0.301715 0.501157 0.303238 0.501061 0.301715 0.501157 0.300192 0.501358 0.301715 0.45654 0.481091 0.457149 0.481385 0.45654 0.481385 0.497269 0.422843 0.496976 0.422843 0.496976 0.423452 0.459177 0.481091 0.457758 0.478443 0.459177 0.478443 0.4607 0.481091 0.459177 0.478443 0.4607 0.478443 0.462224 0.481091 0.4607 0.478443 0.462224 0.478443 0.463643 0.481091 0.462224 0.478443 0.463643 0.478443 0.464861 0.481091 0.463643 0.478443 0.464861 0.478443 0.508047 0.458588 0.5054 0.459807 0.5054 0.458588 0.508047 0.457169 0.5054 0.458588 0.5054 0.457169 0.508047 0.455646 0.5054 0.457169 0.5054 0.455646 0.508047 0.454123 0.5054 0.455646 0.5054 0.454123 0.508047 0.452704 0.5054 0.454123 0.5054 0.452704 0.5054 0.452094 0.508047 0.452704 0.5054 0.452704 0.508047 0.451485 0.5054 0.452094 0.5054 0.451485 0.507711 0.423137 0.507085 0.425785 0.507711 0.425785 0.507711 0.423137 0.508304 0.425785 0.508304 0.423137 0.507085 0.423137 0.507711 0.422843 0.507694 0.422843 0.508047 0.452094 0.508343 0.451485 0.508343 0.452094 0.509723 0.423137 0.508304 0.425785 0.509723 0.425785 0.511246 0.423137 0.509723 0.425785 0.511246 0.425785 0.512769 0.423137 0.511246 0.425785 0.512769 0.425785 0.514188 0.423137 0.512769 0.425785 0.514188 0.425785 0.515407 0.423137 0.514188 0.425785 0.515407 0.425785 0.497269 0.429945 0.499918 0.431164 0.499918 0.429945 0.497269 0.428526 0.499918 0.429945 0.499918 0.428526 0.497269 0.427003 0.499918 0.428526 0.499918 0.427003 0.497269 0.42548 0.499918 0.427003 0.499918 0.42548 0.497269 0.424061 0.499918 0.42548 0.499918 0.424061 0.499918 0.423468 0.497269 0.424061 0.499918 0.424061 0.497269 0.423468 0.499918 0.422843 0.497269 0.422843 0.457149 0.478443 0.45654 0.481091 0.45654 0.478443 0.457149 0.481091 0.457758 0.478443 0.457758 0.481091 0.517447 0.359864 0.518189 0.360062 0.517987 0.360276 0.509814 0.367496 0.510013 0.368238 0.509557 0.367645 0.517447 0.359864 0.516178 0.359019 0.517597 0.359606 0.514655 0.359115 0.516178 0.359019 0.5161 0.359305 0.509256 0.366148 0.50877 0.364703 0.509067 0.364703 0.509814 0.367496 0.50897 0.366225 0.509256 0.366148 0.514655 0.359115 0.513131 0.359019 0.514655 0.358818 0.513207 0.359305 0.511712 0.359606 0.513131 0.359019 0.51186 0.359864 0.510494 0.360542 0.511712 0.359606 0.509814 0.361909 0.510494 0.360542 0.510704 0.360751 0.509256 0.363256 0.509557 0.36176 0.509814 0.361909 0.509067 0.364703 0.50897 0.36318 0.509256 0.363256 0.517987 0.360276 0.516011 0.362353 0.517447 0.359864 0.510229 0.368034 0.509814 0.367496 0.512304 0.366059 0.512034 0.365405 0.509814 0.367496 0.509256 0.366148 0.517447 0.359864 0.515357 0.362082 0.5161 0.359305 0.5161 0.359305 0.514655 0.361989 0.514655 0.359115 0.514655 0.361989 0.513207 0.359305 0.514655 0.359115 0.513952 0.362082 0.51186 0.359864 0.513207 0.359305 0.512736 0.362784 0.51186 0.359864 0.513298 0.362353 0.512736 0.362784 0.509814 0.361909 0.510704 0.360751 0.512034 0.364 0.509814 0.361909 0.512304 0.363346 0.512034 0.364 0.509067 0.364703 0.509256 0.363256 0.512034 0.365405 0.509067 0.364703 0.511941 0.364703 0.287024 0.509733 0.28637 0.507085 0.287024 0.507085 0.287726 0.509733 0.287024 0.507085 0.287726 0.507085 0.288428 0.509733 0.287726 0.507085 0.288428 0.507085 0.289083 0.509733 0.288428 0.507085 0.289083 0.507085 0.289645 0.509733 0.289083 0.507085 0.289645 0.507085 0.509732 0.292453 0.507085 0.293015 0.507085 0.292453 0.509732 0.291799 0.507085 0.292453 0.507085 0.291799 0.509732 0.291096 0.507085 0.291799 0.507085 0.291096 0.509732 0.290394 0.507085 0.291096 0.507085 0.290394 0.509732 0.289739 0.507085 0.290394 0.507085 0.289739 0.509151 0.306882 0.507085 0.30953 0.507085 0.306882 0.509363 0.306882 0.509151 0.306882 0.509363 0.306588 0.509151 0.30953 0.509363 0.306882 0.51027 0.30953 0.509425 0.475073 0.50877 0.477721 0.509425 0.477721 0.510127 0.475073 0.509425 0.477721 0.510127 0.477721 0.510829 0.475073 0.510127 0.477721 0.510829 0.477721 0.511483 0.475073 0.510829 0.477721 0.511483 0.477721 0.512045 0.475073 0.511483 0.477721 0.512045 0.477721 0.513824 0.467677 0.516472 0.468239 0.516472 0.467677 0.513824 0.467022 0.516472 0.467677 0.516472 0.467022 0.513824 0.46632 0.516472 0.467022 0.516472 0.46632 0.513824 0.465618 0.516472 0.46632 0.516472 0.465618 0.513824 0.464964 0.516472 0.465618 0.516472 0.464964 0.498124 0.284558 0.498854 0.284542 0.498928 0.284892 0.495165 0.287517 0.495149 0.288249 0.494877 0.287594 0.495165 0.287517 0.494784 0.286892 0.495081 0.286892 0.495081 0.286892 0.494877 0.28619 0.495165 0.286267 0.495405 0.285684 0.494877 0.28619 0.495149 0.285535 0.495789 0.285184 0.496141 0.284542 0.49629 0.2848 0.495789 0.285184 0.495149 0.285535 0.495579 0.284973 0.49629 0.2848 0.496796 0.284271 0.496873 0.284558 0.497498 0.284476 0.4982 0.284271 0.498124 0.284558 0.497498 0.284476 0.496796 0.284271 0.497498 0.284179 0.499848 0.285535 0.499833 0.286267 0.4995 0.285463 0.500118 0.28619 0.499914 0.286892 0.499833 0.286267 0.500211 0.286892 0.499833 0.287517 0.499914 0.286892 0.500118 0.287594 0.49959 0.2881 0.499833 0.287517 0.499416 0.28881 0.49959 0.2881 0.499848 0.288249 0.499416 0.28881 0.498707 0.288985 0.499206 0.288601 0.498854 0.289241 0.498124 0.289226 0.498707 0.288985 0.497498 0.289605 0.498124 0.289226 0.4982 0.289513 0.497498 0.289605 0.496873 0.289226 0.497498 0.289308 0.496141 0.289241 0.496873 0.289226 0.496796 0.289513 0.494152 0.291307 0.496069 0.288893 0.496141 0.289241 0.493744 0.291307 0.493074 0.292426 0.492862 0.292222 0.492884 0.290403 0.492135 0.291521 0.491923 0.291317 0.492135 0.291521 0.49229 0.292079 0.491921 0.291725 0.492657 0.292434 0.492499 0.291872 0.492862 0.292222 0.494569 0.452637 0.492215 0.452222 0.494569 0.452222 0.493074 0.292426 0.492657 0.292434 0.492862 0.292222 0.491923 0.291317 0.492135 0.291521 0.491921 0.291725 0.478662 0.289009 0.47887 0.286629 0.478443 0.28637 0.493087 0.290616 0.495149 0.288249 0.495498 0.288323 0.515509 0.393095 0.515509 0.394056 0.518156 0.393121 0.518156 0.392907 0.518156 0.393121 0.518452 0.393121 0.515509 0.39083 0.518156 0.392907 0.518156 0.39083 0.477367 0.323133 0.47763 0.321759 0.476758 0.322666 0.478779 0.322866 0.477367 0.323133 0.477834 0.323742 0.477848 0.323758 0.478779 0.322866 0.477834 0.323742 0.478782 0.322461 0.478205 0.322313 0.478779 0.322866 0.478205 0.322313 0.478046 0.321752 0.47763 0.321759 0.494569 0.451853 0.492215 0.451485 0.494569 0.451485 0.492215 0.451853 0.494569 0.452222 0.492215 0.452222 0.466649 0.432556 0.467209 0.432714 0.466656 0.43214 0.467209 0.432714 0.467358 0.433292 0.467763 0.433288 0.204181 0.476036 0.204548 0.473682 0.204548 0.476036 0.204181 0.473682 0.203812 0.476036 0.203812 0.473682 0.529744 0.317925 0.529426 0.317904 0.529744 0.315485 0.529744 0.315485 0.559163 0.317925 0.529744 0.317925 0.529744 0.315485 0.553279 0.300272 0.559163 0.315485 0.535243 0.300247 0.535629 0.300272 0.529744 0.315485 0.534864 0.300172 0.535243 0.300247 0.529744 0.315485 0.534864 0.300172 0.529744 0.315485 0.534501 0.300048 0.534501 0.300048 0.529744 0.315485 0.534157 0.299878 0.533835 0.299664 0.534157 0.299878 0.529744 0.315485 0.533835 0.299664 0.529744 0.315485 0.533547 0.299411 0.533547 0.299411 0.529744 0.315485 0.533294 0.299121 0.533294 0.299121 0.529744 0.315485 0.533078 0.298801 0.533078 0.298801 0.529744 0.315485 0.532908 0.298456 0.532908 0.298456 0.529744 0.315485 0.532787 0.298092 0.532787 0.298092 0.529744 0.315485 0.532711 0.297714 0.532685 0.29733 0.532711 0.297714 0.529744 0.315485 0.532685 0.260384 0.532685 0.272153 0.529744 0.315485 0.529744 0.186034 0.527303 0.315485 0.527303 0.186034 0.527303 0.186034 0.527326 0.185715 0.529744 0.186034 0.527303 0.315485 0.529744 0.315485 0.527326 0.315803 0.527386 0.316116 0.527326 0.315803 0.529744 0.315485 0.527489 0.316419 0.527386 0.316116 0.529744 0.315485 0.527629 0.316705 0.527489 0.316419 0.529744 0.315485 0.527807 0.31697 0.527629 0.316705 0.529744 0.315485 0.528018 0.31721 0.527807 0.31697 0.529744 0.315485 0.528257 0.317421 0.528018 0.31721 0.529744 0.315485 0.528522 0.317598 0.528257 0.317421 0.529744 0.315485 0.528809 0.317739 0.528522 0.317598 0.529744 0.315485 0.529112 0.317842 0.528809 0.317739 0.529744 0.315485 0.529426 0.317904 0.529112 0.317842 0.529744 0.315485 0.527386 0.185402 0.529744 0.186034 0.527326 0.185715 0.527489 0.1851 0.529744 0.186034 0.527386 0.185402 0.527629 0.184814 0.529744 0.186034 0.527489 0.1851 0.527807 0.184548 0.529744 0.186034 0.527629 0.184814 0.528018 0.184308 0.529744 0.186034 0.527807 0.184548 0.528257 0.184098 0.529744 0.186034 0.528018 0.184308 0.528522 0.183921 0.529744 0.186034 0.528257 0.184098 0.528809 0.18378 0.529744 0.186034 0.528522 0.183921 0.529112 0.183677 0.529744 0.186034 0.528809 0.18378 0.529426 0.183615 0.529744 0.186034 0.529112 0.183677 0.529744 0.183594 0.529744 0.186034 0.529426 0.183615 0.559163 0.186034 0.529744 0.183594 0.559163 0.183594 0.559163 0.183594 0.559481 0.183615 0.559163 0.186034 0.559481 0.183615 0.559795 0.183677 0.559163 0.186034 0.559795 0.183677 0.560098 0.18378 0.559163 0.186034 0.560098 0.18378 0.560382 0.183921 0.559163 0.186034 0.560382 0.183921 0.560651 0.184098 0.559163 0.186034 0.560651 0.184098 0.560889 0.184308 0.559163 0.186034 0.560889 0.184308 0.561101 0.184548 0.559163 0.186034 0.561101 0.184548 0.561275 0.184814 0.559163 0.186034 0.561275 0.184814 0.561419 0.1851 0.559163 0.186034 0.561419 0.1851 0.561521 0.185402 0.559163 0.186034 0.561521 0.185402 0.561582 0.185715 0.559163 0.186034 0.561604 0.186034 0.559163 0.186034 0.561582 0.185715 0.559163 0.315485 0.561604 0.186034 0.561604 0.315485 0.561604 0.315485 0.561582 0.315803 0.559163 0.315485 0.561521 0.316116 0.559163 0.315485 0.561582 0.315803 0.561419 0.316419 0.559163 0.315485 0.561521 0.316116 0.561275 0.316705 0.559163 0.315485 0.561419 0.316419 0.561101 0.31697 0.559163 0.315485 0.561275 0.316705 0.560889 0.31721 0.559163 0.315485 0.561101 0.31697 0.560651 0.317421 0.559163 0.315485 0.560889 0.31721 0.560382 0.317598 0.559163 0.315485 0.560651 0.317421 0.560098 0.317739 0.559163 0.315485 0.560382 0.317598 0.559795 0.317842 0.559163 0.315485 0.560098 0.317739 0.559481 0.317904 0.559163 0.315485 0.559795 0.317842 0.559163 0.317925 0.559163 0.315485 0.559481 0.317904 0.559163 0.315485 0.556223 0.29733 0.556223 0.285562 0.556223 0.260384 0.556197 0.26 0.559163 0.186034 0.556197 0.26 0.556121 0.259623 0.559163 0.186034 0.556121 0.259623 0.556 0.259258 0.559163 0.186034 0.556 0.259258 0.555826 0.258913 0.559163 0.186034 0.555826 0.258913 0.555614 0.258593 0.559163 0.186034 0.555614 0.258593 0.55536 0.258304 0.559163 0.186034 0.55536 0.258304 0.555073 0.25805 0.559163 0.186034 0.555073 0.25805 0.554751 0.257836 0.559163 0.186034 0.554751 0.257836 0.554407 0.257666 0.559163 0.186034 0.554407 0.257666 0.55404 0.257542 0.559163 0.186034 0.55404 0.257542 0.553665 0.257467 0.559163 0.186034 0.553665 0.257467 0.553279 0.257442 0.559163 0.186034 0.559163 0.186034 0.535629 0.257442 0.529744 0.186034 0.535243 0.257467 0.529744 0.186034 0.535629 0.257442 0.534864 0.257542 0.529744 0.186034 0.535243 0.257467 0.534501 0.257666 0.529744 0.186034 0.534864 0.257542 0.534157 0.257836 0.529744 0.186034 0.534501 0.257666 0.533835 0.25805 0.529744 0.186034 0.534157 0.257836 0.533547 0.258304 0.529744 0.186034 0.533835 0.25805 0.533294 0.258593 0.529744 0.186034 0.533547 0.258304 0.533078 0.258913 0.529744 0.186034 0.533294 0.258593 0.532908 0.259258 0.529744 0.186034 0.533078 0.258913 0.532787 0.259623 0.529744 0.186034 0.532908 0.259258 0.532711 0.26 0.529744 0.186034 0.532787 0.259623 0.532685 0.260384 0.529744 0.186034 0.532711 0.26 0.556197 0.297714 0.556223 0.29733 0.559163 0.315485 0.556121 0.298092 0.556197 0.297714 0.559163 0.315485 0.556 0.298456 0.556121 0.298092 0.559163 0.315485 0.555826 0.298801 0.556 0.298456 0.559163 0.315485 0.555614 0.299121 0.555826 0.298801 0.559163 0.315485 0.55536 0.299411 0.555614 0.299121 0.559163 0.315485 0.555073 0.299664 0.55536 0.299411 0.559163 0.315485 0.555073 0.299664 0.559163 0.315485 0.554751 0.299878 0.554751 0.299878 0.559163 0.315485 0.554407 0.300048 0.554407 0.300048 0.559163 0.315485 0.55404 0.300172 0.55404 0.300172 0.559163 0.315485 0.553665 0.300247 0.553665 0.300247 0.559163 0.315485 0.553279 0.300272 0.556197 0.272537 0.556223 0.285562 0.556197 0.285178 0.556197 0.272537 0.556121 0.2848 0.556121 0.272914 0.556121 0.272914 0.556 0.284436 0.556 0.273278 0.556 0.273278 0.555826 0.284091 0.555826 0.273624 0.555826 0.273624 0.555614 0.283771 0.555614 0.273944 0.55536 0.274233 0.555614 0.283771 0.55536 0.283482 0.55536 0.274233 0.555073 0.283227 0.555073 0.274487 0.554751 0.274701 0.555073 0.283227 0.554751 0.283014 0.554751 0.274701 0.554407 0.282843 0.554407 0.274871 0.55404 0.274994 0.554407 0.282843 0.55404 0.28272 0.55404 0.274994 0.553665 0.282645 0.553665 0.275069 0.553279 0.275095 0.553665 0.282645 0.553279 0.28262 0.553279 0.275095 0.535629 0.28262 0.535629 0.275095 0.535243 0.282645 0.535629 0.275095 0.535629 0.28262 0.535243 0.282645 0.534864 0.274994 0.535243 0.275069 0.534501 0.282843 0.534864 0.274994 0.534864 0.28272 0.534501 0.282843 0.534157 0.274701 0.534501 0.274871 0.533835 0.283227 0.534157 0.274701 0.534157 0.283014 0.533835 0.283227 0.533547 0.274233 0.533835 0.274487 0.533294 0.283771 0.533547 0.274233 0.533547 0.283482 0.533294 0.283771 0.533078 0.273624 0.533294 0.273944 0.532908 0.284436 0.533078 0.273624 0.533078 0.284091 0.532908 0.284436 0.532787 0.272914 0.532908 0.273278 0.532787 0.2848 0.532749 0.272725 0.532787 0.272914 0.532711 0.285178 0.532711 0.272537 0.532749 0.272725 0.508745 0.384131 0.496976 0.383813 0.508745 0.383813 0.508745 0.413552 0.496976 0.384131 0.508745 0.384131 0.442819 0.50877 0.443137 0.520538 0.443137 0.50877 0.313368 0.50877 0.442819 0.520538 0.442819 0.50877 0.31305 0.50877 0.313368 0.520538 0.313368 0.50877 0.312736 0.50877 0.31305 0.520538 0.31305 0.50877 0.312433 0.50877 0.312736 0.520538 0.312736 0.50877 0.312146 0.50877 0.312433 0.520538 0.312433 0.50877 0.311881 0.50877 0.312146 0.520538 0.312146 0.50877 0.311643 0.50877 0.311881 0.520538 0.311881 0.50877 0.508745 0.382646 0.496976 0.382406 0.508745 0.382406 0.508745 0.382911 0.496976 0.382646 0.508745 0.382646 0.508745 0.383198 0.496976 0.382911 0.508745 0.382911 0.508745 0.3835 0.496976 0.383198 0.508745 0.383198 0.508745 0.383813 0.496976 0.3835 0.508745 0.3835 0.443137 0.50877 0.443451 0.520538 0.443451 0.50877 0.545837 0.414459 0.557606 0.41414 0.545837 0.41414 0.545837 0.443879 0.557606 0.414459 0.545837 0.414459 0.545837 0.444198 0.557606 0.443879 0.545837 0.443879 0.545837 0.444511 0.557606 0.444198 0.545837 0.444198 0.545837 0.444813 0.557606 0.444511 0.545837 0.444511 0.545837 0.445099 0.557606 0.444813 0.545837 0.444813 0.545837 0.445364 0.557606 0.445099 0.545837 0.445099 0.545837 0.445604 0.557606 0.445364 0.545837 0.445364 0.444306 0.50877 0.444544 0.520538 0.444544 0.50877 0.444037 0.50877 0.444306 0.520538 0.444306 0.50877 0.443753 0.50877 0.444037 0.520538 0.444037 0.50877 0.443451 0.50877 0.443753 0.520538 0.443753 0.50877 0.545837 0.41414 0.557606 0.413827 0.545837 0.413827 0.545837 0.413827 0.557606 0.413525 0.545837 0.413525 0.545837 0.413525 0.557606 0.413239 0.545837 0.413239 0.545837 0.413239 0.557606 0.412973 0.545837 0.412973 0.545837 0.412973 0.557606 0.412733 0.545837 0.412733 0.306588 0.539072 0.306826 0.527303 0.306826 0.539072 0.306826 0.539072 0.307091 0.527303 0.307091 0.539072 0.307091 0.539072 0.307379 0.527303 0.307379 0.539072 0.307379 0.539072 0.307682 0.527303 0.307682 0.539072 0.307682 0.539072 0.307996 0.527303 0.307996 0.539072 0.307996 0.539072 0.308314 0.527303 0.308314 0.539072 0.437764 0.539072 0.438082 0.527303 0.438082 0.539072 0.308314 0.539072 0.437764 0.527303 0.437764 0.539072 0.438082 0.539072 0.438396 0.527303 0.438396 0.539072 0.508745 0.41387 0.496976 0.413552 0.508745 0.413552 0.508745 0.414183 0.496976 0.41387 0.508745 0.41387 0.508745 0.414485 0.496976 0.414183 0.508745 0.414183 0.508745 0.414772 0.496976 0.414485 0.508745 0.414485 0.508745 0.415037 0.496976 0.414772 0.508745 0.414772 0.508745 0.415277 0.496976 0.415037 0.508745 0.415037 0.439251 0.539072 0.43949 0.527303 0.43949 0.539072 0.438983 0.539072 0.439251 0.527303 0.439251 0.539072 0.438699 0.539072 0.438983 0.527303 0.438983 0.539072 0.438396 0.539072 0.438699 0.527303 0.438699 0.539072 0.03782999 0.418618 0.03814196 0.412733 0.03814196 0.418618 0.03753298 0.418618 0.03782999 0.412733 0.03782999 0.418618 0.03725999 0.418618 0.03753298 0.412733 0.03753298 0.418618 0.03701198 0.418618 0.03725999 0.412733 0.03725999 0.418618 0.607321 0.190581 0.601437 0.190333 0.607321 0.190333 0.607321 0.190855 0.601437 0.190581 0.607321 0.190581 0.607321 0.191151 0.601437 0.190855 0.607321 0.190855 0.607321 0.191462 0.601437 0.191151 0.607321 0.191151 0.607321 0.191786 0.601437 0.191462 0.607321 0.191462 0.607321 0.1921139 0.601437 0.191786 0.607321 0.191786 0.607321 0.474555 0.601437 0.1921139 0.607321 0.1921139 0.607321 0.474883 0.601437 0.474555 0.607321 0.474555 0.607321 0.475206 0.601437 0.474883 0.607321 0.474883 0.607321 0.475518 0.601437 0.475206 0.607321 0.475206 0.607321 0.475814 0.601437 0.475518 0.607321 0.475518 0.607321 0.476088 0.601437 0.475814 0.607321 0.475814 0.607321 0.476335 0.601437 0.476088 0.607321 0.476088 0.205084 0.3386 0.205331 0.344484 0.205331 0.3386 0.204809 0.3386 0.205084 0.344484 0.205084 0.3386 0.204513 0.3386 0.204809 0.344484 0.204809 0.3386 0.2042019 0.3386 0.204513 0.344484 0.204513 0.3386 0.203878 0.3386 0.2042019 0.344484 0.2042019 0.3386 0.20355 0.3386 0.203878 0.344484 0.203878 0.3386 0.03879296 0.3386 0.20355 0.344484 0.20355 0.3386 0.03846395 0.3386 0.03879296 0.344484 0.03879296 0.3386 0.03814196 0.3386 0.03846395 0.344484 0.03846395 0.3386 0.03782999 0.3386 0.03814196 0.344484 0.03814196 0.3386 0.03753298 0.3386 0.03782999 0.344484 0.03782999 0.3386 0.03725999 0.3386 0.03753298 0.344484 0.03753298 0.3386 0.03701198 0.3386 0.03725999 0.344484 0.03725999 0.3386 0.589643 0.183842 0.595527 0.183594 0.589643 0.183594 0.589643 0.1841149 0.595527 0.183842 0.589643 0.183842 0.589643 0.184411 0.595527 0.1841149 0.589643 0.1841149 0.589643 0.184723 0.595527 0.184411 0.589643 0.184411 0.589643 0.185046 0.595527 0.184723 0.589643 0.184723 0.589643 0.185375 0.595527 0.185046 0.589643 0.185046 0.589643 0.467815 0.595527 0.185375 0.589643 0.185375 0.589643 0.468143 0.595527 0.467815 0.589643 0.467815 0.589643 0.468467 0.595527 0.468143 0.589643 0.468143 0.589643 0.468778 0.595527 0.468467 0.589643 0.468467 0.589643 0.469074 0.595527 0.468778 0.589643 0.468778 0.589643 0.469348 0.595527 0.469074 0.589643 0.469074 0.589643 0.469596 0.595527 0.469348 0.589643 0.469348 0.205083 0.418618 0.205331 0.412733 0.205331 0.418618 0.204809 0.418618 0.205083 0.412733 0.205083 0.418618 0.204513 0.418618 0.204809 0.412733 0.204809 0.418618 0.2042019 0.418618 0.204513 0.412733 0.204513 0.418618 0.203878 0.418618 0.2042019 0.412733 0.2042019 0.418618 0.20355 0.418618 0.203878 0.412733 0.203878 0.418618 0.03879296 0.418618 0.20355 0.412733 0.20355 0.418618 0.03846395 0.418618 0.03879296 0.412733 0.03879296 0.418618 0.03814196 0.418618 0.03846395 0.412733 0.03846395 0.418618 0.005020976 0.332366 0.005084991 0.332043 0.007508993 0.332662 0.005084991 0.332043 0.005190968 0.331731 0.007508993 0.332662 0.005190968 0.331731 0.005336999 0.331435 0.007508993 0.332662 0.005336999 0.331435 0.005519986 0.331161 0.007508993 0.332662 0.005519986 0.331161 0.00573796 0.330913 0.007508993 0.332662 0.00573796 0.330913 0.005985975 0.330696 0.007508993 0.332662 0.005985975 0.330696 0.006257951 0.330513 0.007508993 0.332662 0.006257951 0.330513 0.006554961 0.330368 0.007508993 0.332662 0.006554961 0.330368 0.006865978 0.330262 0.007508993 0.332662 0.006865978 0.330262 0.007188975 0.330197 0.007508993 0.332662 0.007508993 0.332662 0.007517993 0.330176 0.007599949 0.332657 0.289877 0.332657 0.007517993 0.330176 0.289958 0.330176 0.290287 0.330197 0.289877 0.332657 0.289958 0.330176 0.290287 0.330197 0.290611 0.330262 0.28999 0.332685 0.290611 0.330262 0.290923 0.330368 0.28999 0.332685 0.290923 0.330368 0.291218 0.330513 0.28999 0.332685 0.291218 0.330513 0.291491 0.330696 0.28999 0.332685 0.291491 0.330696 0.291739 0.330913 0.28999 0.332685 0.291739 0.330913 0.291956 0.331161 0.28999 0.332685 0.291956 0.331161 0.29214 0.331435 0.28999 0.332685 0.29214 0.331435 0.292285 0.331731 0.28999 0.332685 0.292285 0.331731 0.292391 0.332043 0.28999 0.332685 0.292391 0.332043 0.292456 0.332366 0.28999 0.332685 0.28999 0.332685 0.292477 0.332694 0.289996 0.332775 0.289996 0.332775 0.292477 0.497451 0.289996 0.49737 0.292456 0.49778 0.289996 0.49737 0.292477 0.497451 0.292391 0.498103 0.289968 0.497483 0.292456 0.49778 0.292285 0.498415 0.289968 0.497483 0.292391 0.498103 0.29214 0.49871 0.289968 0.497483 0.292285 0.498415 0.291956 0.498984 0.289968 0.497483 0.29214 0.49871 0.291739 0.499232 0.289968 0.497483 0.291956 0.498984 0.291491 0.499449 0.289968 0.497483 0.291739 0.499232 0.291218 0.499632 0.289968 0.497483 0.291491 0.499449 0.290923 0.499778 0.289968 0.497483 0.291218 0.499632 0.290611 0.499884 0.289968 0.497483 0.290923 0.499778 0.290287 0.499948 0.289968 0.497483 0.290611 0.499884 0.289968 0.497483 0.289958 0.49997 0.289877 0.497489 0.289877 0.497489 0.007517993 0.49997 0.007599949 0.497489 0.007188975 0.499948 0.007599949 0.497489 0.007517993 0.49997 0.006865978 0.499884 0.007485985 0.497461 0.007188975 0.499948 0.006554961 0.499778 0.007485985 0.497461 0.006865978 0.499884 0.006257951 0.499632 0.007485985 0.497461 0.006554961 0.499778 0.005985975 0.499449 0.007485985 0.497461 0.006257951 0.499632 0.00573796 0.499232 0.007485985 0.497461 0.005985975 0.499449 0.005519986 0.498984 0.007485985 0.497461 0.00573796 0.499232 0.005336999 0.49871 0.007485985 0.497461 0.005519986 0.498984 0.005190968 0.498415 0.007485985 0.497461 0.005336999 0.49871 0.005084991 0.498103 0.007485985 0.497461 0.005190968 0.498415 0.005020976 0.49778 0.007485985 0.497461 0.005084991 0.498103 0.007485985 0.497461 0.004999995 0.497451 0.007480978 0.49737 0.004999995 0.332694 0.007480978 0.49737 0.004999995 0.497451 0.005020976 0.332366 0.007480978 0.332775 0.004999995 0.332694 0.809503 0.959645 0.803618 0.959736 0.809503 0.959736 0.809503 0.677368 0.803618 0.959645 0.809503 0.959645 0.809503 0.677255 0.803618 0.677368 0.809503 0.677368 0.35217 0.439691 0.352079 0.445575 0.352079 0.439691 0.516763 0.439691 0.35217 0.445575 0.35217 0.439691 0.516877 0.439691 0.516763 0.445575 0.516763 0.439691 0.764867 0.959645 0.770752 0.959736 0.764867 0.959736 0.764867 0.677368 0.770752 0.959645 0.764867 0.959645 0.764867 0.677255 0.770752 0.677368 0.764867 0.677368 0.03710299 0.448945 0.03701198 0.443061 0.03701198 0.448945 0.201697 0.448945 0.042988 0.443061 0.03710299 0.448945 0.20181 0.448945 0.201697 0.443061 0.201697 0.448945 0.527968 0.352797 0.304861 0.352797 0.299968 0.330176 0.527968 0.352797 0.571227 0.353669 0.541805 0.353669 0.541805 0.353669 0.541421 0.353694 0.527968 0.352797 0.582245 0.330176 0.571611 0.353694 0.571227 0.353669 0.571987 0.353769 0.571611 0.353694 0.582358 0.330204 0.572352 0.353893 0.571987 0.353769 0.582358 0.330204 0.572697 0.354063 0.572352 0.353893 0.582358 0.330204 0.573018 0.354277 0.572697 0.354063 0.582358 0.330204 0.573306 0.354531 0.573018 0.354277 0.582358 0.330204 0.573306 0.354531 0.582358 0.330204 0.573561 0.35482 0.573561 0.35482 0.582358 0.330204 0.573775 0.35514 0.573775 0.35514 0.582358 0.330204 0.573946 0.355485 0.573946 0.355485 0.582358 0.330204 0.574069 0.35585 0.574069 0.35585 0.582358 0.330204 0.574144 0.356227 0.574144 0.356227 0.582364 0.330294 0.574169 0.356611 0.574169 0.356611 0.582364 0.494889 0.574169 0.486063 0.582364 0.494889 0.574144 0.486447 0.574169 0.486063 0.574069 0.486824 0.574144 0.486447 0.582335 0.495002 0.573946 0.487189 0.574069 0.486824 0.582335 0.495002 0.573775 0.487534 0.573946 0.487189 0.582335 0.495002 0.573561 0.487854 0.573775 0.487534 0.582335 0.495002 0.573561 0.487854 0.582335 0.495002 0.573306 0.488143 0.573306 0.488143 0.582335 0.495002 0.573018 0.488397 0.573018 0.488397 0.582335 0.495002 0.572697 0.48861 0.572697 0.48861 0.582335 0.495002 0.572352 0.488781 0.572352 0.488781 0.582335 0.495002 0.571987 0.488905 0.571987 0.488905 0.582335 0.495002 0.571611 0.48898 0.571611 0.48898 0.582245 0.495008 0.571227 0.489005 0.582245 0.495008 0.541805 0.489005 0.571227 0.489005 0.527968 0.489877 0.299968 0.495008 0.304861 0.489877 0.304861 0.489877 0.299849 0.494889 0.299849 0.489005 0.527968 0.352797 0.538863 0.486063 0.527968 0.489877 0.538863 0.356611 0.527968 0.352797 0.53889 0.356227 0.53889 0.356227 0.527968 0.352797 0.538963 0.35585 0.538963 0.35585 0.527968 0.352797 0.539088 0.355485 0.539088 0.355485 0.527968 0.352797 0.539259 0.35514 0.539259 0.35514 0.527968 0.352797 0.539472 0.35482 0.539472 0.35482 0.527968 0.352797 0.539726 0.354531 0.539726 0.354531 0.527968 0.352797 0.540015 0.354277 0.540015 0.354277 0.527968 0.352797 0.540335 0.354063 0.540335 0.354063 0.527968 0.352797 0.54068 0.353893 0.541045 0.353769 0.54068 0.353893 0.527968 0.352797 0.541421 0.353694 0.541045 0.353769 0.527968 0.352797 0.538863 0.486063 0.53889 0.486447 0.527968 0.489877 0.53889 0.486447 0.538963 0.486824 0.527968 0.489877 0.538963 0.486824 0.539088 0.487189 0.527968 0.489877 0.539088 0.487189 0.539259 0.487534 0.527968 0.489877 0.539259 0.487534 0.539472 0.487854 0.527968 0.489877 0.539472 0.487854 0.539726 0.488143 0.527968 0.489877 0.539726 0.488143 0.540015 0.488397 0.527968 0.489877 0.540015 0.488397 0.540335 0.48861 0.527968 0.489877 0.540335 0.48861 0.54068 0.488781 0.527968 0.489877 0.54068 0.488781 0.541045 0.488905 0.527968 0.489877 0.541045 0.488905 0.541421 0.48898 0.527968 0.489877 0.541421 0.48898 0.541805 0.489005 0.527968 0.489877 0.468309 0.51085 0.45654 0.510466 0.468309 0.510466 0.468309 0.540271 0.45654 0.51085 0.468309 0.51085 0.468309 0.540655 0.45654 0.540271 0.468309 0.540271 0.468309 0.541033 0.45654 0.540655 0.468309 0.540655 0.468309 0.541397 0.45654 0.541033 0.468309 0.541033 0.468309 0.541742 0.45654 0.541397 0.468309 0.541397 0.468309 0.542063 0.45654 0.541742 0.468309 0.541742 0.468309 0.542351 0.45654 0.542063 0.468309 0.542063 0.485403 0.451485 0.485692 0.463253 0.485692 0.451485 0.483611 0.451485 0.483995 0.463253 0.483995 0.451485 0.354158 0.451485 0.483611 0.463253 0.483611 0.451485 0.353398 0.451485 0.353776 0.463253 0.353776 0.451485 0.353033 0.451485 0.353398 0.463253 0.353398 0.451485 0.352688 0.451485 0.353033 0.463253 0.353033 0.451485 0.352368 0.451485 0.352688 0.463253 0.352688 0.451485 0.478443 0.396281 0.490212 0.395897 0.478443 0.395897 0.478443 0.425701 0.490212 0.396281 0.478443 0.396281 0.468309 0.510089 0.45654 0.509724 0.468309 0.509724 0.468309 0.510466 0.45654 0.510089 0.468309 0.510089 0.039092 0.466623 0.1685439 0.454855 0.1685439 0.466623 0.03870898 0.466623 0.039092 0.454855 0.039092 0.466623 0.03833097 0.466623 0.03870898 0.454855 0.03870898 0.466623 0.03796595 0.466623 0.03833097 0.454855 0.03833097 0.466623 0.03762096 0.466623 0.03796595 0.454855 0.03796595 0.466623 0.03730195 0.466623 0.03762096 0.454855 0.03762096 0.466623 0.03701198 0.466623 0.03730195 0.454855 0.03730195 0.466623 0.468309 0.509059 0.45654 0.50877 0.468309 0.50877 0.468309 0.509379 0.45654 0.509059 0.468309 0.509059 0.468309 0.509724 0.45654 0.509379 0.468309 0.509379 0.1685439 0.466623 0.168928 0.454855 0.168928 0.466623 0.168928 0.466623 0.1693069 0.454855 0.1693069 0.466623 0.1693069 0.466623 0.16967 0.454855 0.16967 0.466623 0.16967 0.466623 0.170016 0.454855 0.170016 0.466623 0.170016 0.466623 0.170336 0.454855 0.170336 0.466623 0.170336 0.466623 0.170625 0.454855 0.170625 0.466623 0.478443 0.427782 0.490212 0.427492 0.478443 0.427492 0.478443 0.427492 0.490212 0.427172 0.478443 0.427172 0.478443 0.427172 0.490212 0.426827 0.478443 0.426827 0.478443 0.426827 0.490212 0.426463 0.478443 0.426463 0.478443 0.426463 0.490212 0.426085 0.478443 0.426085 0.478443 0.426085 0.490212 0.425701 0.478443 0.425701 0.485083 0.451485 0.485403 0.463253 0.485403 0.451485 0.484737 0.451485 0.485083 0.463253 0.485083 0.451485 0.484373 0.451485 0.484737 0.463253 0.484737 0.451485 0.483995 0.451485 0.484373 0.463253 0.484373 0.451485 0.353776 0.451485 0.354158 0.463253 0.354158 0.451485 0.352079 0.451485 0.352368 0.463253 0.352368 0.451485 0.478443 0.394489 0.490212 0.3942 0.478443 0.3942 0.478443 0.394809 0.490212 0.394489 0.478443 0.394489 0.478443 0.395154 0.490212 0.394809 0.478443 0.394809 0.478443 0.395519 0.490212 0.395154 0.478443 0.395154 0.478443 0.395897 0.490212 0.395519 0.478443 0.395519 0.682309 0.602143 0.683182 0.379908 0.682309 0.379037 0.03701198 0.484498 0.17322 0.483627 0.1740919 0.484498 0.691735 0.602143 0.690862 0.379908 0.691735 0.379037 0.306588 0.555946 0.442795 0.556817 0.443668 0.555946 0.487492 0.184179 0.48774 0.183619 0.487806 0.184117 0.487191 0.184282 0.487362 0.183694 0.487492 0.184179 0.486904 0.184423 0.486998 0.183818 0.487191 0.184282 0.486639 0.1845999 0.486652 0.183988 0.486904 0.184423 0.486399 0.1848109 0.486332 0.184202 0.486639 0.1845999 0.486189 0.185051 0.486043 0.184456 0.486399 0.1848109 0.486011 0.185316 0.485789 0.184745 0.486189 0.185051 0.485871 0.185602 0.485576 0.185065 0.486011 0.185316 0.485769 0.185905 0.485405 0.18541 0.485871 0.185602 0.485706 0.186217 0.485282 0.185775 0.485769 0.185905 0.485685 0.186536 0.485207 0.186152 0.485706 0.186217 0.485182 0.186536 0.485685 0.315988 0.485182 0.315988 0.485207 0.316372 0.485769 0.316619 0.485282 0.316749 0.485207 0.316372 0.485685 0.315988 0.485706 0.316306 0.485405 0.317114 0.485769 0.316619 0.485871 0.316921 0.485405 0.317114 0.486011 0.317207 0.485576 0.317459 0.485576 0.317459 0.486189 0.317473 0.485789 0.317779 0.486043 0.318068 0.486189 0.317473 0.486399 0.317713 0.486043 0.318068 0.486639 0.317923 0.486332 0.318322 0.486652 0.318536 0.486639 0.317923 0.486904 0.318101 0.486998 0.318706 0.486904 0.318101 0.487191 0.318242 0.487362 0.31883 0.487191 0.318242 0.487492 0.318344 0.48774 0.318905 0.487492 0.318344 0.487806 0.318406 0.48774 0.318905 0.488124 0.318427 0.488124 0.31893 0.517546 0.318427 0.488124 0.31893 0.488124 0.318427 0.517546 0.318427 0.51793 0.318905 0.517546 0.31893 0.517864 0.318406 0.518306 0.31883 0.51793 0.318905 0.518478 0.318242 0.518306 0.31883 0.518176 0.318344 0.518478 0.318242 0.519016 0.318536 0.518671 0.318706 0.519031 0.317923 0.519016 0.318536 0.518764 0.318101 0.519031 0.317923 0.519625 0.318068 0.519336 0.318322 0.519481 0.317473 0.519625 0.318068 0.519269 0.317713 0.519481 0.317473 0.520092 0.317459 0.519879 0.317779 0.519657 0.317207 0.520263 0.317114 0.520092 0.317459 0.519799 0.316921 0.520388 0.316749 0.520263 0.317114 0.519901 0.316619 0.520461 0.316372 0.520388 0.316749 0.519964 0.316306 0.520488 0.315988 0.520461 0.316372 0.519985 0.186536 0.520488 0.315988 0.519985 0.315988 0.519964 0.186217 0.520488 0.186536 0.519985 0.186536 0.519964 0.186217 0.520388 0.185775 0.520461 0.186152 0.519901 0.185905 0.520263 0.18541 0.520388 0.185775 0.519799 0.185602 0.520092 0.185065 0.520263 0.18541 0.519657 0.185316 0.519879 0.184745 0.520092 0.185065 0.519481 0.185051 0.519625 0.184456 0.519879 0.184745 0.519031 0.1845999 0.519625 0.184456 0.519269 0.1848109 0.519031 0.1845999 0.519016 0.183988 0.519336 0.184202 0.518478 0.184282 0.519016 0.183988 0.518764 0.184423 0.518478 0.184282 0.518306 0.183694 0.518671 0.183818 0.517864 0.184117 0.518306 0.183694 0.518176 0.184179 0.517864 0.184117 0.517546 0.183594 0.51793 0.183619 0.488124 0.184097 0.517546 0.183594 0.517546 0.184097 0.487806 0.184117 0.488124 0.183594 0.488124 0.184097 0.442795 0.556817 0.30746 0.556947 0.442795 0.556947 0.690862 0.379908 0.690734 0.601271 0.690734 0.379908 0.17322 0.483627 0.03788399 0.483497 0.17322 0.483497 0.683182 0.379908 0.68331 0.601271 0.68331 0.379908 0.491921 0.762045 0.693753 0.75753 0.713284 0.762045 0.491921 0.762045 0.507893 0.757123 0.509057 0.757326 0.506624 0.756755 0.507893 0.757123 0.491921 0.762045 0.50525 0.756239 0.506624 0.756755 0.491921 0.762045 0.503874 0.755567 0.50525 0.756239 0.491921 0.762045 0.502555 0.754745 0.503874 0.755567 0.491921 0.762045 0.501335 0.753788 0.502555 0.754745 0.491921 0.762045 0.491921 0.762045 0.500253 0.752706 0.501335 0.753788 0.499333 0.751522 0.500253 0.752706 0.491921 0.762045 0.498582 0.75028 0.499333 0.751522 0.491921 0.762045 0.498009 0.74903 0.498582 0.75028 0.491921 0.762045 0.497605 0.747851 0.498009 0.74903 0.491921 0.762045 0.491921 0.762045 0.497373 0.746818 0.497605 0.747851 0.491921 0.626709 0.497191 0.744923 0.491921 0.762045 0.491921 0.626709 0.497605 0.640903 0.497373 0.641936 0.498009 0.639725 0.497605 0.640903 0.491921 0.626709 0.498582 0.638474 0.498009 0.639725 0.491921 0.626709 0.499333 0.637232 0.498582 0.638474 0.491921 0.626709 0.500253 0.636049 0.499333 0.637232 0.491921 0.626709 0.491921 0.626709 0.501335 0.634966 0.500253 0.636049 0.502555 0.634009 0.501335 0.634966 0.491921 0.626709 0.503874 0.633187 0.502555 0.634009 0.491921 0.626709 0.50525 0.632515 0.503874 0.633187 0.491921 0.626709 0.506624 0.631999 0.50525 0.632515 0.491921 0.626709 0.507893 0.631632 0.506624 0.631999 0.491921 0.626709 0.491921 0.626709 0.509057 0.631428 0.507893 0.631632 0.713284 0.626709 0.511452 0.631224 0.491921 0.626709 0.713284 0.626709 0.697312 0.631632 0.69615 0.631428 0.698584 0.631999 0.697312 0.631632 0.713284 0.626709 0.699955 0.632515 0.698584 0.631999 0.713284 0.626709 0.701331 0.633187 0.699955 0.632515 0.713284 0.626709 0.70265 0.634009 0.701331 0.633187 0.713284 0.626709 0.70387 0.634966 0.70265 0.634009 0.713284 0.626709 0.713284 0.626709 0.704953 0.636049 0.70387 0.634966 0.705872 0.637232 0.704953 0.636049 0.713284 0.626709 0.706623 0.638474 0.705872 0.637232 0.713284 0.626709 0.707199 0.639725 0.706623 0.638474 0.713284 0.626709 0.7076 0.640903 0.707199 0.639725 0.713284 0.626709 0.713284 0.626709 0.707833 0.641936 0.7076 0.640903 0.708016 0.744923 0.708016 0.643831 0.713284 0.626709 0.713284 0.762045 0.7076 0.747851 0.707833 0.746818 0.707199 0.74903 0.7076 0.747851 0.713284 0.762045 0.706623 0.75028 0.707199 0.74903 0.713284 0.762045 0.705872 0.751522 0.706623 0.75028 0.713284 0.762045 0.704953 0.752706 0.705872 0.751522 0.713284 0.762045 0.713284 0.762045 0.70387 0.753788 0.704953 0.752706 0.70265 0.754745 0.70387 0.753788 0.713284 0.762045 0.701331 0.755567 0.70265 0.754745 0.713284 0.762045 0.699955 0.756239 0.701331 0.755567 0.713284 0.762045 0.698584 0.756755 0.699955 0.756239 0.713284 0.762045 0.697312 0.757123 0.698584 0.756755 0.713284 0.762045 0.713284 0.762045 0.69615 0.757326 0.697312 0.757123 0.69615 0.757326 0.695479 0.756558 0.6972 0.756257 0.693753 0.75753 0.695479 0.756558 0.695579 0.757425 0.693753 0.75753 0.511479 0.756658 0.693728 0.756658 0.511452 0.75753 0.509727 0.756558 0.511479 0.756658 0.509057 0.757326 0.508005 0.756257 0.509727 0.756558 0.506624 0.756755 0.506343 0.755763 0.508005 0.756257 0.50525 0.756239 0.504771 0.755082 0.506343 0.755763 0.503874 0.755567 0.50331 0.754227 0.504771 0.755082 0.502555 0.754745 0.501992 0.753212 0.50331 0.754227 0.500253 0.752706 0.500835 0.752054 0.501335 0.753788 0.499333 0.751522 0.499859 0.750774 0.500835 0.752054 0.498582 0.75028 0.499083 0.749394 0.499859 0.750774 0.498009 0.74903 0.498519 0.747936 0.499083 0.749394 0.497605 0.747851 0.498177 0.746427 0.498519 0.747936 0.497191 0.744923 0.498177 0.746427 0.497312 0.746556 0.497191 0.643831 0.498061 0.74489 0.497191 0.744923 0.497191 0.643831 0.498177 0.642328 0.498061 0.643864 0.497605 0.640903 0.498519 0.640818 0.498177 0.642328 0.498009 0.639725 0.499083 0.639361 0.498519 0.640818 0.498582 0.638474 0.499859 0.63798 0.499083 0.639361 0.499333 0.637232 0.500835 0.6367 0.499859 0.63798 0.501335 0.634966 0.501992 0.635543 0.500835 0.6367 0.502555 0.634009 0.50331 0.634527 0.501992 0.635543 0.503874 0.633187 0.504771 0.633672 0.50331 0.634527 0.50525 0.632515 0.506343 0.632991 0.504771 0.633672 0.506624 0.631999 0.508005 0.632497 0.506343 0.632991 0.509057 0.631428 0.509727 0.632196 0.508005 0.632497 0.511452 0.631224 0.509727 0.632196 0.509626 0.631329 0.693753 0.631224 0.511479 0.632096 0.511452 0.631224 0.693753 0.631224 0.695479 0.632196 0.693728 0.632096 0.697312 0.631632 0.6972 0.632497 0.69615 0.631428 0.698584 0.631999 0.698862 0.632991 0.6972 0.632497 0.699955 0.632515 0.700436 0.633672 0.698862 0.632991 0.701331 0.633187 0.701895 0.634527 0.700436 0.633672 0.70265 0.634009 0.703214 0.635543 0.701895 0.634527 0.704953 0.636049 0.704372 0.6367 0.70387 0.634966 0.705872 0.637232 0.705346 0.63798 0.704372 0.6367 0.706623 0.638474 0.706122 0.639361 0.705346 0.63798 0.707199 0.639725 0.706686 0.640818 0.706122 0.639361 0.707833 0.641936 0.707028 0.642328 0.7076 0.640903 0.708016 0.643831 0.707028 0.642328 0.707893 0.642199 0.708016 0.744923 0.707144 0.643864 0.708016 0.643831 0.708016 0.744923 0.707028 0.746427 0.707144 0.74489 0.7076 0.747851 0.706686 0.747936 0.707028 0.746427 0.707199 0.74903 0.706122 0.749394 0.706686 0.747936 0.706623 0.75028 0.705346 0.750774 0.706122 0.749394 0.705872 0.751522 0.704372 0.752054 0.705346 0.750774 0.70387 0.753788 0.703214 0.753212 0.704372 0.752054 0.70265 0.754745 0.701895 0.754227 0.703214 0.753212 0.701331 0.755567 0.700436 0.755082 0.701895 0.754227 0.699955 0.756239 0.698862 0.755763 0.700436 0.755082 0.698584 0.756755 0.6972 0.756257 0.698862 0.755763 0.780031 0.681607 0.784042 0.683269 0.784042 0.681607 0.780031 0.680033 0.784042 0.681607 0.784042 0.680033 0.780031 0.678574 0.784042 0.680033 0.784042 0.678574 0.780031 0.677255 0.784042 0.678574 0.784042 0.677255 0.307746 0.56437 0.306588 0.568381 0.307746 0.568381 0.309025 0.56437 0.307746 0.568381 0.309025 0.568381 0.310406 0.56437 0.309025 0.568381 0.310406 0.568381 0.311863 0.56437 0.310406 0.568381 0.311863 0.568381 0.313373 0.56437 0.311863 0.568381 0.313373 0.568381 0.31491 0.56437 0.313373 0.568381 0.31491 0.568381 0.415936 0.56437 0.31491 0.568381 0.415936 0.568381 0.417471 0.56437 0.415936 0.568381 0.417471 0.568381 0.418981 0.56437 0.417471 0.568381 0.418981 0.568381 0.42044 0.56437 0.418981 0.568381 0.42044 0.568381 0.421819 0.56437 0.42044 0.568381 0.421819 0.568381 0.4231 0.56437 0.421819 0.568381 0.4231 0.568381 0.424258 0.56437 0.4231 0.568381 0.424258 0.568381 0.794151 0.885582 0.79014 0.886902 0.79014 0.885582 0.794151 0.884123 0.79014 0.885582 0.79014 0.884123 0.794151 0.882549 0.79014 0.884123 0.79014 0.882549 0.794151 0.880887 0.79014 0.882549 0.79014 0.880887 0.794151 0.879166 0.79014 0.880887 0.79014 0.879166 0.794151 0.877415 0.79014 0.879166 0.79014 0.877415 0.794151 0.695166 0.79014 0.877415 0.79014 0.695166 0.794151 0.693414 0.79014 0.695166 0.79014 0.693414 0.794151 0.691693 0.79014 0.693414 0.79014 0.691693 0.794151 0.690032 0.79014 0.691693 0.79014 0.690032 0.794151 0.688458 0.79014 0.690032 0.79014 0.688458 0.794151 0.686998 0.79014 0.688458 0.79014 0.686998 0.794151 0.685679 0.79014 0.686998 0.79014 0.685679 0.321225 0.482454 0.320067 0.478443 0.321225 0.478443 0.322504 0.482454 0.321225 0.478443 0.322504 0.478443 0.323885 0.482454 0.322504 0.478443 0.323885 0.478443 0.325342 0.482454 0.323885 0.478443 0.325342 0.478443 0.326852 0.482454 0.325342 0.478443 0.326852 0.478443 0.328389 0.482454 0.326852 0.478443 0.328389 0.478443 0.429415 0.482454 0.328389 0.478443 0.429415 0.478443 0.430951 0.482454 0.429415 0.478443 0.430951 0.478443 0.432459 0.482454 0.430951 0.478443 0.432459 0.478443 0.433918 0.482454 0.432459 0.478443 0.433918 0.478443 0.435298 0.482454 0.433918 0.478443 0.435298 0.478443 0.436579 0.482454 0.435298 0.478443 0.436579 0.478443 0.437737 0.482454 0.436579 0.478443 0.437737 0.478443 0.780031 0.877158 0.784042 0.878477 0.784042 0.877158 0.780031 0.875699 0.784042 0.877158 0.784042 0.875699 0.780031 0.874125 0.784042 0.875699 0.784042 0.874125 0.780031 0.872463 0.784042 0.874125 0.784042 0.872463 0.780031 0.870742 0.784042 0.872463 0.784042 0.870742 0.780031 0.868991 0.784042 0.870742 0.784042 0.868991 0.780031 0.686741 0.784042 0.868991 0.784042 0.686741 0.780031 0.68499 0.784042 0.686741 0.784042 0.68499 0.780031 0.683269 0.784042 0.68499 0.784042 0.683269 0.23243 0.507085 0.267734 0.530622 0.267734 0.507085 0.205283 0.454855 0.203812 0.460739 0.205283 0.466623 0.348709 0.471489 0.360478 0.470018 0.360478 0.471489 0.360478 0.470018 0.395783 0.471489 0.360478 0.471489 0.395783 0.471489 0.407551 0.470018 0.407551 0.471489 0.464964 0.215606 0.466435 0.22149 0.464964 0.227374 0.414418 0.470018 0.426187 0.471489 0.426187 0.470018 0.461492 0.471489 0.426187 0.470018 0.426187 0.471489 0.461492 0.470018 0.47326 0.471489 0.47326 0.470018 0.205663 0.402179 0.205302 0.40094 0.205283 0.400947 0.204574 0.401241 0.205663 0.402179 0.205283 0.400947 0.204115 0.402562 0.204574 0.401241 0.203812 0.401341 0.458502 0.207182 0.458786 0.20983 0.460024 0.207182 0.458786 0.20983 0.458502 0.20983 0.458786 0.210124 0.458502 0.20983 0.455753 0.207182 0.455753 0.20983 0.461977 0.264995 0.46214 0.266588 0.461691 0.265066 0.463243 0.264682 0.463336 0.266278 0.462958 0.264752 0.46295 0.269337 0.462422 0.266505 0.46329 0.269447 0.463336 0.266278 0.464307 0.268973 0.46407 0.269239 0.462467 0.264874 0.462886 0.264467 0.462958 0.264752 0.46239 0.26459 0.461977 0.264995 0.461894 0.264713 0.460377 0.209536 0.460024 0.207182 0.460025 0.20983 0.461894 0.264713 0.461977 0.264995 0.461691 0.265066 0.462886 0.264467 0.463243 0.264682 0.462958 0.264752 0.202127 0.424527 0.204481 0.424884 0.204775 0.424527 0.462467 0.264874 0.462422 0.266505 0.461977 0.264995 0.462958 0.264752 0.462879 0.266392 0.462467 0.264874 0.46329 0.269447 0.462879 0.266392 0.46368 0.269343 0.46368 0.269343 0.463336 0.266278 0.46407 0.269239 0.462599 0.269978 0.46329 0.269447 0.464308 0.271686 0.46368 0.269343 0.464308 0.271686 0.46329 0.269447 0.46368 0.269343 0.46407 0.269239 0.464308 0.271686 0.46407 0.269239 0.464933 0.269352 0.464308 0.271686 0.46612 0.278506 0.466254 0.277146 0.466605 0.278366 0.465327 0.277369 0.46612 0.278506 0.465635 0.278646 0.46579 0.277258 0.464546 0.274134 0.464936 0.27403 0.465326 0.273925 0.46579 0.277258 0.464936 0.27403 0.464936 0.27403 0.464308 0.271686 0.465326 0.273925 0.464936 0.27403 0.464546 0.274134 0.464308 0.271686 0.464546 0.274134 0.463682 0.27402 0.464308 0.271686 0.463099 0.273779 0.464308 0.271686 0.463682 0.27402 0.463099 0.273779 0.462599 0.273395 0.464308 0.271686 0.462599 0.273395 0.462215 0.272895 0.464308 0.271686 0.461973 0.272312 0.464308 0.271686 0.462215 0.272895 0.461973 0.272312 0.461891 0.271686 0.464308 0.271686 0.461891 0.271686 0.461973 0.271061 0.464308 0.271686 0.462215 0.270478 0.464308 0.271686 0.461973 0.271061 0.462215 0.270478 0.462599 0.269978 0.464308 0.271686 0.466016 0.273395 0.465326 0.273925 0.464308 0.271686 0.4664 0.272895 0.466016 0.273395 0.464308 0.271686 0.4664 0.272895 0.464308 0.271686 0.466641 0.272312 0.466724 0.271686 0.466641 0.272312 0.464308 0.271686 0.466641 0.271061 0.466724 0.271686 0.464308 0.271686 0.466641 0.271061 0.464308 0.271686 0.4664 0.270478 0.466016 0.269978 0.4664 0.270478 0.464308 0.271686 0.465516 0.269594 0.466016 0.269978 0.464308 0.271686 0.465516 0.269594 0.464308 0.271686 0.464933 0.269352 0.201968 0.435894 0.200442 0.435894 0.201663 0.433246 0.201951 0.433246 0.201663 0.433246 0.201663 0.432952 0.201968 0.435894 0.204734 0.433246 0.204734 0.435894 0.312404 0.461891 0.311718 0.461999 0.311713 0.461982 0.314555 0.472584 0.31376 0.469828 0.315197 0.472317 0.314322 0.469397 0.315197 0.472317 0.31376 0.469828 0.314322 0.469397 0.317243 0.470272 0.316355 0.471429 0.315024 0.468181 0.317243 0.470272 0.314753 0.468835 0.315117 0.467478 0.317801 0.468924 0.315024 0.468181 0.315117 0.467478 0.317801 0.466032 0.317991 0.467478 0.315024 0.466776 0.317243 0.464685 0.317801 0.466032 0.314322 0.46556 0.317243 0.464685 0.314753 0.466122 0.31376 0.465129 0.316355 0.463528 0.314322 0.46556 0.31376 0.465129 0.31385 0.462081 0.315197 0.462639 0.312404 0.464765 0.31385 0.462081 0.313106 0.464858 0.312404 0.461891 0.311643 0.461694 0.312404 0.461594 0.312404 0.461891 0.313927 0.461795 0.31385 0.462081 0.315197 0.472317 0.314636 0.472868 0.314555 0.472584 0.316355 0.471429 0.315346 0.472574 0.315197 0.472317 0.317243 0.470272 0.316565 0.471639 0.316355 0.471429 0.317801 0.468924 0.3175 0.47042 0.317243 0.470272 0.317991 0.467478 0.318088 0.469001 0.317801 0.468924 0.317991 0.467478 0.318088 0.465955 0.318288 0.467478 0.317801 0.466032 0.3175 0.464536 0.318088 0.465955 0.316355 0.463528 0.3175 0.464536 0.317243 0.464685 0.316355 0.463528 0.315346 0.462383 0.316565 0.463318 0.315197 0.462639 0.313927 0.461795 0.315346 0.462383 0.325416 0.467278 0.325121 0.466516 0.325121 0.467278 0.325416 0.467278 0.325121 0.467278 0.325121 0.467987 0.325416 0.464232 0.328063 0.465755 0.328063 0.464232 0.325416 0.462813 0.328063 0.464232 0.328063 0.462813 0.325416 0.461594 0.328063 0.462813 0.328063 0.461594 0.336449 0.464242 0.33523 0.461594 0.336449 0.461594 0.337868 0.464242 0.336449 0.461594 0.337868 0.461594 0.339391 0.464242 0.337868 0.461594 0.339391 0.461594 0.340914 0.464242 0.339391 0.461594 0.340914 0.461594 0.342333 0.464242 0.340914 0.461594 0.342333 0.461594 0.343552 0.464242 0.342333 0.461594 0.343552 0.461594 0.467612 0.190697 0.464964 0.191916 0.464964 0.190697 0.464964 0.189987 0.467612 0.190697 0.464964 0.190697 0.467612 0.189278 0.464964 0.189987 0.464964 0.189278 0.467612 0.188497 0.464964 0.189278 0.464964 0.188497 0.467612 0.188497 0.464964 0.187755 0.467612 0.187755 0.467612 0.189278 0.467906 0.188497 0.467906 0.188516 0.467612 0.189987 0.467906 0.189278 0.467906 0.189987 0.467612 0.186232 0.464964 0.187755 0.464964 0.186232 0.467612 0.184813 0.464964 0.186232 0.464964 0.184813 0.467612 0.183594 0.464964 0.184813 0.464964 0.183594 0.237043 0.45317 0.235824 0.455818 0.237043 0.455818 0.238462 0.45317 0.237043 0.455818 0.238462 0.455818 0.239985 0.45317 0.238462 0.455818 0.239985 0.455818 0.241508 0.45317 0.239985 0.455818 0.241508 0.455818 0.242927 0.45317 0.241508 0.455818 0.242927 0.455818 0.244146 0.45317 0.242927 0.455818 0.244146 0.455818 0.325416 0.468697 0.328063 0.469916 0.328063 0.468697 0.328063 0.468006 0.325416 0.468697 0.328063 0.468697 0.325416 0.468006 0.328063 0.467278 0.325416 0.467278 0.328063 0.466516 0.325416 0.467278 0.328063 0.467278 0.325416 0.466516 0.328063 0.465755 0.325416 0.465755 0.274297 0.396428 0.27484 0.395885 0.274923 0.396169 0.27709 0.406854 0.277832 0.407054 0.27709 0.407151 0.274297 0.396428 0.272929 0.397106 0.274148 0.396171 0.273139 0.397316 0.271994 0.398325 0.272929 0.397106 0.275644 0.406664 0.274148 0.406363 0.274297 0.406106 0.275644 0.406664 0.27709 0.407151 0.275568 0.406951 0.272252 0.398474 0.271407 0.399744 0.271994 0.398325 0.271693 0.399821 0.271206 0.401267 0.271407 0.399744 0.271693 0.402713 0.271206 0.401267 0.271503 0.401267 0.271693 0.402713 0.271994 0.404209 0.271407 0.40279 0.272252 0.404061 0.272929 0.405428 0.271994 0.404209 0.273139 0.405218 0.274148 0.406363 0.272929 0.405428 0.274923 0.396169 0.275734 0.398917 0.274297 0.396428 0.277763 0.406766 0.27709 0.406854 0.27709 0.40398 0.276388 0.403888 0.27709 0.406854 0.275644 0.406664 0.273139 0.397316 0.275734 0.398917 0.275172 0.399349 0.272252 0.398474 0.275172 0.399349 0.274741 0.399911 0.27447 0.400565 0.272252 0.398474 0.274741 0.399911 0.27447 0.400565 0.271503 0.401267 0.271693 0.399821 0.27447 0.401969 0.271503 0.401267 0.274377 0.401267 0.27447 0.401969 0.272252 0.404061 0.271693 0.402713 0.275172 0.403186 0.272252 0.404061 0.274741 0.402623 0.275172 0.403186 0.274297 0.406106 0.273139 0.405218 0.276388 0.403888 0.274297 0.406106 0.275734 0.403617 0.235824 0.373513 0.238472 0.374215 0.238472 0.373513 0.235824 0.372859 0.238472 0.373513 0.238472 0.372859 0.235824 0.372297 0.238472 0.372859 0.238472 0.372297 0.312205 0.408936 0.311643 0.406288 0.312205 0.406288 0.312859 0.408936 0.312205 0.406288 0.312859 0.406288 0.313561 0.408936 0.312859 0.406288 0.313561 0.406288 0.314263 0.408936 0.313561 0.406288 0.314263 0.406288 0.314917 0.408936 0.314263 0.406288 0.314917 0.406288 0.315479 0.408936 0.314917 0.406288 0.315479 0.406288 0.31591 0.408936 0.315479 0.406288 0.31591 0.406288 0.318666 0.406288 0.31591 0.408936 0.31591 0.406288 0.318951 0.406288 0.318666 0.406288 0.318951 0.405994 0.318666 0.408936 0.318951 0.406288 0.320159 0.408936 0.203091 0.385308 0.200442 0.38601 0.200442 0.385308 0.203091 0.384653 0.200442 0.385308 0.200442 0.384653 0.203091 0.384091 0.200442 0.384653 0.200442 0.384091 0.452047 0.207182 0.451485 0.20983 0.452047 0.20983 0.452702 0.207182 0.452047 0.20983 0.452702 0.20983 0.453404 0.207182 0.452702 0.20983 0.453404 0.20983 0.454106 0.207182 0.453404 0.20983 0.454106 0.20983 0.45476 0.207182 0.454106 0.20983 0.45476 0.20983 0.455322 0.207182 0.45476 0.20983 0.455322 0.20983 0.455753 0.207182 0.455322 0.20983 0.455753 0.20983 0.462599 0.269978 0.46295 0.269337 0.46329 0.269447 0.463682 0.27402 0.464307 0.2744 0.463605 0.274307 0.463099 0.273779 0.463605 0.274307 0.46295 0.274036 0.462599 0.273395 0.46295 0.274036 0.462389 0.273605 0.462215 0.272895 0.462389 0.273605 0.461958 0.273043 0.461891 0.271686 0.461687 0.272389 0.461594 0.271686 0.461973 0.272312 0.461958 0.273043 0.461687 0.272389 0.461891 0.271686 0.461687 0.270984 0.461973 0.271061 0.462215 0.270478 0.462389 0.269768 0.462599 0.269978 0.461973 0.271061 0.461958 0.27033 0.462215 0.270478 0.464307 0.268973 0.464933 0.269352 0.46407 0.269239 0.465664 0.269337 0.464933 0.269352 0.46501 0.269066 0.466226 0.269768 0.465516 0.269594 0.465664 0.269337 0.466226 0.269768 0.4664 0.270478 0.466016 0.269978 0.466657 0.27033 0.466641 0.271061 0.4664 0.270478 0.466928 0.270984 0.466724 0.271686 0.466641 0.271061 0.46702 0.271686 0.466641 0.272312 0.466724 0.271686 0.466657 0.273043 0.466641 0.272312 0.466928 0.272389 0.466657 0.273043 0.466016 0.273395 0.4664 0.272895 0.465664 0.274036 0.466016 0.273395 0.466226 0.273605 0.466458 0.276792 0.465326 0.273925 0.465664 0.274036 0.466254 0.277146 0.466888 0.278285 0.466605 0.278366 0.465041 0.277438 0.465635 0.278646 0.465352 0.278728 0.465635 0.278646 0.466196 0.278791 0.465704 0.278933 0.466687 0.278649 0.46612 0.278506 0.466605 0.278366 0.320159 0.408936 0.320524 0.406583 0.320524 0.408936 0.466888 0.278285 0.466687 0.278649 0.466605 0.278366 0.465352 0.278728 0.465635 0.278646 0.465704 0.278933 0.263745 0.405994 0.261391 0.406346 0.261097 0.405998 0.465327 0.277369 0.464307 0.2744 0.464546 0.274134 0.191623 0.424527 0.190333 0.424527 0.191588 0.427175 0.1918759 0.427175 0.191588 0.427175 0.191588 0.42747 0.194662 0.424527 0.1918759 0.427175 0.194662 0.427175 0.176227 0.360381 0.17517 0.359466 0.175518 0.360675 0.176702 0.359024 0.176227 0.360381 0.176989 0.360281 0.177008 0.360278 0.176702 0.359024 0.176989 0.360281 0.176354 0.358818 0.175936 0.359245 0.176702 0.359024 0.175936 0.359245 0.175371 0.359102 0.17517 0.359466 0.263745 0.406838 0.261391 0.406346 0.263745 0.406346 0.261391 0.406838 0.263745 0.407329 0.261391 0.407329 0.204472 0.402777 0.2048889 0.40237 0.204115 0.402562 0.2048889 0.40237 0.205464 0.402531 0.205663 0.402179 0.202127 0.42538 0.204481 0.424884 0.202127 0.424884 0.204481 0.42538 0.202127 0.425876 0.204481 0.425876 0.702393 0.379942 0.699158 0.379037 0.699158 0.379942 0.749012 0.771179 0.748615 0.773827 0.749012 0.774415 0.745041 0.768237 0.748615 0.771301 0.749012 0.771179 0.757347 0.677255 0.756443 0.681226 0.756443 0.677255 0.435238 0.790247 0.431664 0.787183 0.435403 0.789953 0.431267 0.781715 0.431664 0.787183 0.431267 0.787305 0.005353987 0.322745 0.005353987 0.322348 0.004999995 0.322348 0.216478 0.322745 0.005353987 0.322348 0.005353987 0.322745 0.704747 0.590161 0.702393 0.379942 0.702393 0.590161 0.433896 0.005396962 0.224384 0.004999995 0.434602 0.004999995 0.433896 0.005396962 0.434602 0.004999995 0.43425 0.005396962 0.433896 0.005396962 0.43425 0.322348 0.433896 0.322348 0.224384 0.005396962 0.433896 0.322348 0.224384 0.322348 0.22403 0.005396962 0.224384 0.322348 0.22403 0.322348 0.613628 0.183594 0.930579 0.185948 0.930579 0.183594 0.613231 0.185948 0.613628 0.183594 0.613231 0.183594 0.817766 0.895898 0.815412 0.685679 0.817766 0.685679 0.224384 0.322745 0.433896 0.322348 0.434602 0.322745 0.224384 0.322348 0.224384 0.322745 0.22403 0.322348 0.434602 0.322745 0.433896 0.322348 0.43425 0.322348 0.431267 0.771179 0.431664 0.773827 0.431664 0.771301 0.821002 0.896803 0.817766 0.895898 0.821002 0.895898 0.749012 0.781715 0.748615 0.787183 0.748615 0.781715 0.745041 0.790247 0.748615 0.787183 0.749012 0.787305 0.757347 0.991028 0.756443 0.995 0.756443 0.991028 0.757347 0.681226 0.756443 0.991028 0.756443 0.681226 0.435238 0.790247 0.744876 0.789953 0.745041 0.790247 0.431664 0.787183 0.744876 0.789953 0.435403 0.789953 0.748615 0.787183 0.431664 0.781715 0.748615 0.781715 0.004999995 0.322348 0.005353987 0.005396962 0.004999995 0.005396962 0.216478 0.005396962 0.005353987 0.322348 0.216478 0.322348 0.21683 0.005396962 0.216478 0.322348 0.21683 0.322348 0.216478 0.004999995 0.216478 0.005396962 0.21683 0.005396962 0.005353987 0.004999995 0.216478 0.005396962 0.216478 0.004999995 0.005353987 0.005396962 0.005353987 0.004999995 0.004999995 0.005396962 0.216478 0.322348 0.216478 0.322745 0.21683 0.322348 0.930976 0.183594 0.930579 0.185948 0.930976 0.185948 0.224384 0.004999995 0.224384 0.005396962 0.22403 0.005396962 0.435238 0.768237 0.744876 0.768531 0.745041 0.768237 0.435238 0.768237 0.431664 0.771301 0.435403 0.768531 0.431664 0.771301 0.744876 0.768531 0.435403 0.768531 0.748615 0.771301 0.431664 0.773827 0.748615 0.773827 0.271858 0.38571 0.272068 0.384953 0.272278 0.385162 0.272278 0.385162 0.272677 0.384485 0.272826 0.384742 0.271593 0.386348 0.271601 0.385562 0.271858 0.38571 0.271503 0.387033 0.271306 0.386272 0.271593 0.386348 0.271503 0.387033 0.271306 0.387795 0.271206 0.387033 0.271858 0.388356 0.271306 0.387795 0.271593 0.387718 0.272278 0.388903 0.271601 0.388504 0.271858 0.388356 0.272826 0.389324 0.273387 0.389875 0.272677 0.389581 0.274148 0.389678 0.273387 0.389875 0.273464 0.389588 0.274833 0.389588 0.275619 0.389581 0.27491 0.389875 0.275471 0.389324 0.276228 0.389114 0.275619 0.389581 0.276439 0.388356 0.27699 0.387795 0.276696 0.388504 0.276704 0.387718 0.27709 0.387033 0.27699 0.387795 0.276704 0.386348 0.276696 0.385562 0.27699 0.386272 0.276439 0.38571 0.276228 0.384953 0.276696 0.385562 0.274833 0.384478 0.275619 0.384485 0.275471 0.384742 0.274833 0.384478 0.274148 0.384091 0.27491 0.384191 0.272826 0.384742 0.273387 0.384191 0.273464 0.384478 0.273464 0.384478 0.274148 0.384091 0.274148 0.384388 0.275471 0.384742 0.276228 0.384953 0.276019 0.385162 0.276704 0.386348 0.27709 0.387033 0.276794 0.387033 0.276019 0.388903 0.276696 0.388504 0.276228 0.389114 0.274148 0.389678 0.27491 0.389875 0.274148 0.389975 0.272278 0.388903 0.272677 0.389581 0.272068 0.389114 0.272278 0.385162 0.274148 0.387033 0.271858 0.38571 0.272278 0.385162 0.272826 0.384742 0.274148 0.387033 0.271593 0.386348 0.271858 0.38571 0.274148 0.387033 0.271503 0.387033 0.271593 0.386348 0.274148 0.387033 0.271503 0.387033 0.274148 0.387033 0.271593 0.387718 0.271858 0.388356 0.271593 0.387718 0.274148 0.387033 0.272278 0.388903 0.271858 0.388356 0.274148 0.387033 0.272278 0.388903 0.274148 0.387033 0.272826 0.389324 0.273464 0.389588 0.272826 0.389324 0.274148 0.387033 0.274148 0.389678 0.273464 0.389588 0.274148 0.387033 0.274148 0.389678 0.274148 0.387033 0.274833 0.389588 0.275471 0.389324 0.274833 0.389588 0.274148 0.387033 0.276019 0.388903 0.275471 0.389324 0.274148 0.387033 0.276019 0.388903 0.274148 0.387033 0.276439 0.388356 0.276704 0.387718 0.276439 0.388356 0.274148 0.387033 0.276794 0.387033 0.276704 0.387718 0.274148 0.387033 0.276794 0.387033 0.274148 0.387033 0.276704 0.386348 0.276439 0.38571 0.276704 0.386348 0.274148 0.387033 0.276019 0.385162 0.276439 0.38571 0.274148 0.387033 0.276019 0.385162 0.274148 0.387033 0.275471 0.384742 0.274833 0.384478 0.275471 0.384742 0.274148 0.387033 0.274148 0.384388 0.274833 0.384478 0.274148 0.387033 0.274148 0.384388 0.274148 0.387033 0.273464 0.384478 0.272826 0.384742 0.273464 0.384478 0.274148 0.387033 0.311643 0.391012 0.317232 0.391622 0.317232 0.391012 0.311643 0.390303 0.317232 0.391012 0.317232 0.390303 0.311643 0.389541 0.317232 0.390303 0.317232 0.389541 0.311643 0.38878 0.317232 0.389541 0.317232 0.38878 0.311643 0.38807 0.317232 0.38878 0.317232 0.38807 0.311643 0.387461 0.317232 0.38807 0.317232 0.387461 0.236434 0.366093 0.235824 0.360503 0.236434 0.360503 0.237143 0.366093 0.236434 0.360503 0.237143 0.360503 0.237905 0.366093 0.237143 0.360503 0.237905 0.360503 0.2386659 0.366093 0.237905 0.360503 0.2386659 0.360503 0.239376 0.366093 0.2386659 0.360503 0.239376 0.360503 0.239985 0.366093 0.239376 0.360503 0.239985 0.360503 0.265003 0.342152 0.259412 0.342761 0.259412 0.342152 0.265003 0.341442 0.259412 0.342152 0.259412 0.341442 0.265003 0.340681 0.259412 0.341442 0.259412 0.340681 0.265003 0.339919 0.259412 0.340681 0.259412 0.339919 0.265003 0.339209 0.259412 0.339919 0.259412 0.339209 0.265003 0.3386 0.259412 0.339209 0.259412 0.3386 0.236434 0.348709 0.235824 0.354299 0.236434 0.354299 0.237143 0.348709 0.236434 0.354299 0.237143 0.354299 0.237905 0.348709 0.237143 0.354299 0.237905 0.354299 0.2386659 0.348709 0.237905 0.354299 0.2386659 0.354299 0.239376 0.348709 0.2386659 0.354299 0.239376 0.354299 0.239985 0.348709 0.239376 0.354299 0.239985 0.354299 0.500509 0.359212 0.500829 0.359426 0.499037 0.36176 0.500829 0.359426 0.501118 0.35968 0.499037 0.36176 0.501118 0.35968 0.501372 0.359969 0.499037 0.36176 0.501372 0.359969 0.501586 0.360289 0.499037 0.36176 0.501586 0.360289 0.501756 0.360635 0.499037 0.36176 0.501756 0.360635 0.501879 0.360999 0.499037 0.36176 0.501879 0.360999 0.501955 0.361376 0.499037 0.36176 0.501979 0.36176 0.499037 0.36176 0.501955 0.361376 0.499037 0.373529 0.501979 0.36176 0.501979 0.373529 0.501979 0.373529 0.501955 0.373913 0.499037 0.373529 0.501879 0.37429 0.499037 0.373529 0.501955 0.373913 0.501756 0.374655 0.499037 0.373529 0.501879 0.37429 0.501586 0.375 0.499037 0.373529 0.501756 0.374655 0.501372 0.37532 0.499037 0.373529 0.501586 0.375 0.501118 0.375609 0.499037 0.373529 0.501372 0.37532 0.500829 0.375863 0.499037 0.373529 0.501118 0.375609 0.500509 0.376077 0.499037 0.373529 0.500829 0.375863 0.500163 0.376247 0.499037 0.373529 0.500509 0.376077 0.499799 0.376371 0.499037 0.373529 0.500163 0.376247 0.499421 0.376446 0.499037 0.373529 0.499799 0.376371 0.499037 0.376471 0.499037 0.373529 0.499421 0.376446 0.481385 0.373529 0.499037 0.376471 0.481385 0.376471 0.481385 0.376471 0.481001 0.376446 0.481385 0.373529 0.481001 0.376446 0.480622 0.376371 0.481385 0.373529 0.480622 0.376371 0.480259 0.376247 0.481385 0.373529 0.480259 0.376247 0.479913 0.376077 0.481385 0.373529 0.479913 0.376077 0.479593 0.375863 0.481385 0.373529 0.479593 0.375863 0.479304 0.375609 0.481385 0.373529 0.479304 0.375609 0.47905 0.37532 0.481385 0.373529 0.47905 0.37532 0.478836 0.375 0.481385 0.373529 0.478836 0.375 0.478666 0.374655 0.481385 0.373529 0.478666 0.374655 0.478543 0.37429 0.481385 0.373529 0.478543 0.37429 0.478467 0.373913 0.481385 0.373529 0.478443 0.373529 0.481385 0.373529 0.478467 0.373913 0.481385 0.36176 0.478443 0.373529 0.478443 0.36176 0.478443 0.36176 0.478467 0.361376 0.481385 0.36176 0.478467 0.361376 0.478543 0.360999 0.481385 0.36176 0.478543 0.360999 0.478666 0.360635 0.481385 0.36176 0.478666 0.360635 0.478836 0.360289 0.481385 0.36176 0.478836 0.360289 0.47905 0.359969 0.481385 0.36176 0.47905 0.359969 0.479304 0.35968 0.481385 0.36176 0.479304 0.35968 0.479593 0.359426 0.481385 0.36176 0.479593 0.359426 0.479913 0.359212 0.481385 0.36176 0.479913 0.359212 0.480259 0.359042 0.481385 0.36176 0.480259 0.359042 0.480622 0.358919 0.481385 0.36176 0.480622 0.358919 0.481001 0.358844 0.481385 0.36176 0.481385 0.358818 0.481385 0.36176 0.481001 0.358844 0.499037 0.36176 0.481385 0.358818 0.499037 0.358818 0.499037 0.358818 0.499421 0.358844 0.499037 0.36176 0.499421 0.358844 0.499799 0.358919 0.499037 0.36176 0.499799 0.358919 0.500163 0.359042 0.499037 0.36176 0.500163 0.359042 0.500509 0.359212 0.499037 0.36176 0.481385 0.373529 0.499037 0.36176 0.499037 0.373529 0.455155 0.27286 0.454371 0.272408 0.455246 0.272642 0.455011 0.273047 0.454371 0.272408 0.455155 0.27286 0.455011 0.273047 0.454824 0.273191 0.454371 0.272408 0.454824 0.273191 0.455221 0.273257 0.454971 0.273448 0.455011 0.273047 0.455412 0.273008 0.455221 0.273257 0.455246 0.272642 0.455412 0.273008 0.455155 0.27286 0.455276 0.272408 0.455531 0.272719 0.455246 0.272642 0.455276 0.272408 0.455246 0.272642 0.454371 0.272408 0.455276 0.272408 0.454371 0.272408 0.455246 0.272173 0.455155 0.271955 0.455246 0.272173 0.454371 0.272408 0.455155 0.271955 0.455531 0.272097 0.455246 0.272173 0.455011 0.271768 0.455412 0.271807 0.455155 0.271955 0.455011 0.271768 0.455155 0.271955 0.454371 0.272408 0.455011 0.271768 0.454371 0.272408 0.454824 0.271624 0.454824 0.271624 0.454371 0.272408 0.454606 0.271534 0.454371 0.271503 0.454606 0.271534 0.454371 0.272408 0.454371 0.271503 0.454682 0.271247 0.454606 0.271534 0.454371 0.271503 0.454061 0.271247 0.454371 0.271206 0.454371 0.271503 0.454371 0.272408 0.454137 0.271534 0.453919 0.271624 0.454137 0.271534 0.454371 0.272408 0.454137 0.271534 0.45377 0.271367 0.454061 0.271247 0.453732 0.271768 0.45377 0.271367 0.453919 0.271624 0.453732 0.271768 0.453919 0.271624 0.454371 0.272408 0.453732 0.271768 0.454371 0.272408 0.453588 0.271955 0.453588 0.271955 0.454371 0.272408 0.453497 0.272173 0.453467 0.272408 0.453497 0.272173 0.454371 0.272408 0.453467 0.272408 0.453212 0.272097 0.453497 0.272173 0.453467 0.272408 0.453212 0.272719 0.45317 0.272408 0.453467 0.272408 0.454371 0.272408 0.453497 0.272642 0.453588 0.27286 0.453497 0.272642 0.454371 0.272408 0.453497 0.272642 0.453331 0.273008 0.453212 0.272719 0.453732 0.273047 0.453331 0.273008 0.453588 0.27286 0.453732 0.273047 0.453588 0.27286 0.454371 0.272408 0.453732 0.273047 0.454371 0.272408 0.453919 0.273191 0.453919 0.273191 0.454371 0.272408 0.454137 0.273282 0.454371 0.273312 0.454137 0.273282 0.454371 0.272408 0.454137 0.273282 0.454371 0.273609 0.454061 0.273568 0.454606 0.273282 0.454371 0.273609 0.454371 0.273312 0.454371 0.273312 0.454371 0.272408 0.454606 0.273282 0.454824 0.273191 0.454606 0.273282 0.454371 0.272408 0.454606 0.273282 0.454971 0.273448 0.454682 0.273568 0.281656 0.415579 0.281315 0.415868 0.281315 0.415579 0.281656 0.415268 0.281315 0.415579 0.281315 0.415268 0.281656 0.414957 0.281315 0.415268 0.281315 0.414957 0.281656 0.414667 0.281315 0.414957 0.281315 0.414667 0.281656 0.414418 0.281315 0.414667 0.281315 0.414418 0.451735 0.2172909 0.451485 0.217631 0.451735 0.217631 0.452024 0.2172909 0.451735 0.217631 0.452024 0.217631 0.452335 0.2172909 0.452024 0.217631 0.452335 0.217631 0.452645 0.2172909 0.452335 0.217631 0.452645 0.217631 0.452936 0.2172909 0.452645 0.217631 0.452936 0.217631 0.453184 0.2172909 0.452936 0.217631 0.453184 0.217631 0.250988 0.45125 0.251329 0.451499 0.251329 0.45125 0.250988 0.45096 0.251329 0.45125 0.251329 0.45096 0.250988 0.45065 0.251329 0.45096 0.251329 0.45065 0.250988 0.450339 0.251329 0.45065 0.251329 0.450339 0.250988 0.450049 0.251329 0.450339 0.251329 0.450049 0.250988 0.4498 0.251329 0.450049 0.251329 0.4498 0.45342 0.279971 0.45317 0.27963 0.45342 0.27963 0.453707 0.279971 0.45342 0.27963 0.453707 0.27963 0.454018 0.279971 0.453707 0.27963 0.454018 0.27963 0.454332 0.279971 0.454018 0.27963 0.454332 0.27963 0.454619 0.279971 0.454332 0.27963 0.454619 0.27963 0.454869 0.279971 0.454619 0.27963 0.454869 0.27963 0.281656 0.415868 0.281315 0.416117 0.281315 0.415868 0.455276 0.272408 0.455531 0.272097 0.455573 0.272408 0.455011 0.271768 0.454971 0.271367 0.455221 0.271558 0.454606 0.271534 0.454971 0.271367 0.454824 0.271624 0.453732 0.271768 0.453331 0.271807 0.453522 0.271558 0.453588 0.271955 0.453212 0.272097 0.453331 0.271807 0.453919 0.273191 0.453522 0.273257 0.453732 0.273047 0.454137 0.273282 0.45377 0.273448 0.453919 0.273191 0.731088 0.008635997 0.719134 0.014337 0.719368 0.01520794 0.731056 0.008160948 0.730964 0.007694959 0.719134 0.014337 0.730964 0.007694959 0.730811 0.00724399 0.719134 0.014337 0.730811 0.00724399 0.730601 0.006817996 0.719134 0.014337 0.730601 0.006817996 0.730336 0.006421983 0.719134 0.014337 0.730336 0.006421983 0.730023 0.006064951 0.719134 0.014337 0.719134 0.014337 0.729665 0.005750954 0.718497 0.01369899 0.441376 0.1733919 0.534561 0.01520794 0.441376 0.008635997 0.441407 0.173867 0.534561 0.174735 0.441376 0.1733919 0.441407 0.173867 0.4415 0.174333 0.534795 0.175607 0.4415 0.174333 0.441653 0.174784 0.534795 0.175607 0.441653 0.174784 0.441863 0.1752099 0.534795 0.175607 0.441863 0.1752099 0.442127 0.175606 0.534795 0.175607 0.44244 0.175963 0.534795 0.175607 0.442127 0.175606 0.442798 0.176277 0.535434 0.176245 0.44244 0.175963 0.443194 0.176541 0.535434 0.176245 0.442798 0.176277 0.44362 0.176752 0.535434 0.176245 0.443194 0.176541 0.44407 0.176904 0.535434 0.176245 0.44362 0.176752 0.444537 0.176997 0.535434 0.176245 0.44407 0.176904 0.535434 0.176245 0.445012 0.177028 0.536305 0.176478 0.536305 0.176478 0.727451 0.177028 0.717624 0.176478 0.727451 0.177028 0.718497 0.176245 0.717624 0.176478 0.727926 0.176997 0.728393 0.176904 0.718497 0.176245 0.728393 0.176904 0.728843 0.176752 0.718497 0.176245 0.728843 0.176752 0.72927 0.176541 0.718497 0.176245 0.719134 0.175607 0.72927 0.176541 0.729665 0.176277 0.719368 0.174735 0.731056 0.173867 0.731088 0.1733919 0.731056 0.173867 0.719134 0.175607 0.730964 0.174333 0.730964 0.174333 0.719134 0.175607 0.730811 0.174784 0.730811 0.174784 0.719134 0.175607 0.730601 0.1752099 0.730601 0.1752099 0.719134 0.175607 0.730336 0.175606 0.730336 0.175606 0.719134 0.175607 0.730023 0.175963 0.730023 0.175963 0.719134 0.175607 0.729665 0.176277 0.719368 0.01520794 0.731088 0.1733919 0.731088 0.008635997 0.718497 0.01369899 0.727451 0.004999995 0.717624 0.01346498 0.727926 0.005030989 0.718497 0.01369899 0.728393 0.005123972 0.728393 0.005123972 0.718497 0.01369899 0.728843 0.005276978 0.728843 0.005276978 0.718497 0.01369899 0.72927 0.005486965 0.72927 0.005486965 0.718497 0.01369899 0.729665 0.005750954 0.536305 0.01346498 0.727451 0.004999995 0.445012 0.004999995 0.445012 0.004999995 0.535434 0.01369899 0.536305 0.01346498 0.444537 0.005030989 0.44407 0.005123972 0.535434 0.01369899 0.44407 0.005123972 0.44362 0.005276978 0.535434 0.01369899 0.44362 0.005276978 0.443194 0.005486965 0.535434 0.01369899 0.443194 0.005486965 0.442798 0.005750954 0.535434 0.01369899 0.442798 0.005750954 0.44244 0.006064951 0.535434 0.01369899 0.534795 0.014337 0.44244 0.006064951 0.442127 0.006421983 0.534561 0.01520794 0.441407 0.008160948 0.441376 0.008635997 0.441407 0.008160948 0.534795 0.014337 0.4415 0.007694959 0.4415 0.007694959 0.534795 0.014337 0.441653 0.00724399 0.441653 0.00724399 0.534795 0.014337 0.441863 0.006817996 0.441863 0.006817996 0.534795 0.014337 0.442127 0.006421983 0.536305 0.01346498 0.534561 0.01520794 0.536305 0.176478 0.30072 0.66481 0.301592 0.664608 0.300938 0.664433 0.300082 0.664172 0.300938 0.664433 0.30046 0.663954 0.300285 0.6633 0.300082 0.664172 0.30046 0.663954 0.299849 0.6633 0.300285 0.503774 0.299849 0.503774 0.482912 0.665044 0.301592 0.664608 0.301592 0.665044 0.482912 0.664608 0.483783 0.66481 0.483565 0.664433 0.483783 0.66481 0.484044 0.663954 0.483565 0.664433 0.484422 0.664172 0.484219 0.6633 0.484044 0.663954 0.484655 0.503774 0.484219 0.6633 0.484655 0.6633 0.484219 0.503774 0.484422 0.502902 0.484044 0.50312 0.484044 0.50312 0.483783 0.502264 0.483565 0.502642 0.483783 0.502264 0.482912 0.502466 0.483565 0.502642 0.301592 0.50203 0.482912 0.502466 0.482912 0.50203 0.301592 0.502466 0.30072 0.502264 0.300938 0.502642 0.300938 0.502642 0.300082 0.502902 0.30046 0.50312 0.300082 0.502902 0.300285 0.503774 0.30046 0.50312 0.30046 0.50312 0.300604 0.503774 0.300736 0.50328 0.301097 0.502918 0.30046 0.50312 0.300736 0.50328 0.301592 0.502785 0.300938 0.502642 0.301097 0.502918 0.301592 0.502466 0.482912 0.502785 0.482912 0.502466 0.362378 0.854376 0.361942 0.673056 0.362378 0.673056 0.361942 0.854376 0.362378 0.85487 0.361942 0.854812 0.362378 0.85487 0.361942 0.855131 0.361942 0.854812 0.197527 0.406185 0.197032 0.405749 0.1974689 0.405749 0.03750598 0.406185 0.197032 0.405749 0.197032 0.406185 0.300285 0.6633 0.300604 0.503774 0.300285 0.503774 0.300604 0.6633 0.30046 0.663954 0.300736 0.663795 0.30046 0.663954 0.301097 0.664156 0.300736 0.663795 0.300938 0.664433 0.301592 0.664289 0.301097 0.664156 0.482912 0.664608 0.301592 0.664289 0.301592 0.664608 0.482912 0.664289 0.483565 0.664433 0.483406 0.664156 0.483565 0.664433 0.483768 0.663795 0.483406 0.664156 0.484044 0.663954 0.4839 0.6633 0.483768 0.663795 0.484219 0.503774 0.4839 0.6633 0.484219 0.6633 0.4839 0.503774 0.484044 0.50312 0.483768 0.50328 0.484044 0.50312 0.483406 0.502918 0.483768 0.50328 0.483565 0.502642 0.482912 0.502785 0.483406 0.502918 0.362378 0.672562 0.361942 0.673056 0.361942 0.67262 0.361942 0.672301 0.362378 0.672562 0.361942 0.67262 0.312136 0.359254 0.311643 0.358818 0.311701 0.359254 0.312136 0.358818 0.471663 0.359254 0.471663 0.358818 0.35652 0.414173 0.312136 0.359254 0.312136 0.36979 0.311701 0.369971 0.35652 0.414173 0.312136 0.36979 0.674432 0.504096 0.674751 0.459909 0.674432 0.459909 0.350174 0.673056 0.306588 0.67262 0.350775 0.67262 0.350174 0.673056 0.307024 0.854376 0.307024 0.673056 0.350775 0.854812 0.350174 0.673056 0.350775 0.67262 0.351546 0.854812 0.350775 0.67262 0.351546 0.67262 0.352279 0.854376 0.351546 0.67262 0.352279 0.673056 0.352279 0.673056 0.361942 0.854376 0.352279 0.854376 0.361942 0.67262 0.352279 0.673056 0.351546 0.67262 0.361942 0.672301 0.351546 0.67262 0.351226 0.672301 0.312136 0.36979 0.311701 0.359254 0.311701 0.369971 0.351546 0.67262 0.350775 0.67262 0.351226 0.672301 0.352279 0.854376 0.361942 0.854812 0.351546 0.854812 0.351546 0.854812 0.361942 0.855131 0.351226 0.855131 0.1974689 0.405749 0.197032 0.395213 0.1974689 0.395032 0.197032 0.405749 0.1526499 0.35083 0.197032 0.395213 0.03750598 0.35083 0.1526499 0.35083 0.03750598 0.405749 0.152831 0.350394 0.03750598 0.35083 0.03707098 0.350394 0.49224 0.504867 0.491921 0.620307 0.49224 0.620307 0.492676 0.5056 0.49224 0.620307 0.492676 0.619872 0.492676 0.5056 0.616574 0.563883 0.616574 0.540346 0.616574 0.563883 0.673996 0.619872 0.661904 0.563883 0.661904 0.563883 0.673996 0.5056 0.661904 0.540346 0.673996 0.5056 0.674432 0.620307 0.674432 0.504867 0.674432 0.620307 0.492676 0.619872 0.49224 0.620307 0.424718 0.854812 0.425037 0.67262 0.424718 0.67262 0.424283 0.854376 0.424718 0.67262 0.424283 0.673056 0.424283 0.854376 0.369364 0.673056 0.369364 0.854376 0.424283 0.854376 0.369364 0.854812 0.424718 0.854812 0.369364 0.854376 0.368927 0.85487 0.369364 0.854812 0.368927 0.854376 0.369364 0.673056 0.368927 0.673056 0.368927 0.672562 0.369364 0.673056 0.369364 0.67262 0.369364 0.672301 0.368927 0.672562 0.369364 0.67262 0.03750598 0.405749 0.03701198 0.406185 0.03707098 0.405749 0.03750598 0.35083 0.03707098 0.405749 0.03707098 0.350394 0.369364 0.672301 0.424718 0.67262 0.424718 0.672301 0.369364 0.67262 0.424283 0.673056 0.424718 0.67262 0.424718 0.672301 0.424718 0.67262 0.425037 0.67262 0.368927 0.85487 0.369364 0.855131 0.369364 0.854812 0.472158 0.358818 0.471663 0.359254 0.472099 0.359254 0.472099 0.359254 0.471663 0.414173 0.472099 0.414609 0.369364 0.854812 0.424718 0.855131 0.424718 0.854812 0.424718 0.854812 0.424718 0.855131 0.425037 0.854812 0.674432 0.504867 0.674751 0.620307 0.674751 0.504547 0.356339 0.414609 0.471663 0.414173 0.35652 0.414173 0.471663 0.414173 0.471663 0.359254 0.35652 0.414173 0.674432 0.504096 0.674432 0.504867 0.674751 0.504547 0.49224 0.504096 0.674432 0.504867 0.674432 0.504096 0.307024 0.854376 0.306588 0.67262 0.307024 0.673056 0.306588 0.854812 0.350174 0.854376 0.350775 0.854812 0.306588 0.855131 0.350775 0.854812 0.351226 0.855131 0.1526499 0.35083 0.1974689 0.395032 0.197032 0.395213 0.491921 0.504547 0.49224 0.504867 0.49224 0.504096 0.350775 0.854812 0.351546 0.854812 0.351226 0.855131 0.49224 0.504867 0.673996 0.5056 0.674432 0.504867 0.616574 0.540346 0.673996 0.5056 0.492676 0.5056 0.284685 0.574318 0.285557 0.52986 0.285557 0.573446 0.503664 0.470018 0.481 0.47089 0.480127 0.470018 0.553681 0.360503 0.552811 0.404961 0.553681 0.405833 0.244197 0.545258 0.221533 0.544386 0.220661 0.545258 0.221533 0.544386 0.2433249 0.537412 0.221533 0.537412 0.552811 0.404961 0.545837 0.361375 0.545837 0.404961 0.481 0.47089 0.502792 0.477864 0.481 0.477864 0.285557 0.573446 0.29253 0.52986 0.29253 0.573446 0.221533 0.573497 0.264247 0.574369 0.263376 0.573497 0.221533 0.573497 0.263376 0.553448 0.221533 0.553448 0.221533 0.573497 0.220661 0.552576 0.220661 0.574369 0.263376 0.553448 0.220661 0.552576 0.221533 0.553448 0.263376 0.573497 0.264247 0.552576 0.263376 0.553448 0.02236598 0.590237 0.03976696 0.600646 0.02236598 0.600646 0.004999995 0.590237 0.02236598 0.600646 0.004999995 0.600646 0.004999995 0.579807 0.02236598 0.590237 0.004999995 0.590237 0.004999995 0.569367 0.02236598 0.579807 0.004999995 0.579807 0.004999995 0.569367 0.02236598 0.558926 0.02236598 0.569367 0.004999995 0.558926 0.02236598 0.548497 0.02236598 0.558926 0.004999995 0.548497 0.02236598 0.538087 0.02236598 0.548497 0.004999995 0.538087 0.02236598 0.527709 0.02236598 0.538087 0.004999995 0.518754 0.02236598 0.517371 0.02236598 0.527709 0.02236598 0.517371 0.007762968 0.511648 0.008916974 0.510501 0.02236598 0.517371 0.03976696 0.507085 0.03976696 0.517371 0.03976696 0.517371 0.05718594 0.507085 0.05718594 0.517371 0.05718594 0.517371 0.07462799 0.507085 0.07462799 0.517371 0.07462799 0.517371 0.09208101 0.507085 0.09208101 0.517371 0.09208101 0.517371 0.109542 0.507085 0.109542 0.517371 0.109542 0.507085 0.126999 0.517371 0.109542 0.517371 0.126999 0.507085 0.144453 0.517371 0.126999 0.517371 0.144453 0.507085 0.161894 0.517371 0.144453 0.517371 0.161894 0.507085 0.179318 0.517371 0.161894 0.517371 0.179318 0.507085 0.196714 0.517371 0.179318 0.517371 0.210164 0.510501 0.211318 0.511648 0.196714 0.517371 0.196714 0.517371 0.21408 0.518754 0.196714 0.527709 0.179318 0.517371 0.196714 0.527709 0.179318 0.527709 0.161894 0.517371 0.179318 0.527709 0.161894 0.527709 0.144453 0.517371 0.161894 0.527709 0.144453 0.527709 0.126999 0.517371 0.144453 0.527709 0.126999 0.527709 0.109542 0.517371 0.126999 0.527709 0.109542 0.527709 0.09208101 0.527709 0.109542 0.517371 0.109542 0.527709 0.07462799 0.527709 0.09208101 0.517371 0.09208101 0.527709 0.05718594 0.527709 0.07462799 0.517371 0.07462799 0.527709 0.03976696 0.527709 0.05718594 0.517371 0.05718594 0.527709 0.02236598 0.527709 0.03976696 0.517371 0.03976696 0.527709 0.02236598 0.538087 0.03976696 0.527709 0.03976696 0.538087 0.03976696 0.538087 0.05718594 0.527709 0.05718594 0.538087 0.05718594 0.538087 0.07462799 0.527709 0.07462799 0.538087 0.07462799 0.538087 0.09208101 0.527709 0.09208101 0.538087 0.09208101 0.538087 0.109542 0.527709 0.109542 0.538087 0.109542 0.527709 0.126999 0.538087 0.109542 0.538087 0.126999 0.527709 0.144453 0.538087 0.126999 0.538087 0.144453 0.527709 0.161894 0.538087 0.144453 0.538087 0.161894 0.527709 0.179318 0.538087 0.161894 0.538087 0.179318 0.527709 0.196714 0.538087 0.179318 0.538087 0.196714 0.527709 0.21408 0.538087 0.196714 0.538087 0.196714 0.538087 0.21408 0.548497 0.196714 0.548497 0.179318 0.538087 0.196714 0.548497 0.179318 0.548497 0.161894 0.538087 0.179318 0.548497 0.161894 0.548497 0.144453 0.538087 0.161894 0.548497 0.144453 0.548497 0.126999 0.538087 0.144453 0.548497 0.126999 0.548497 0.109542 0.538087 0.126999 0.548497 0.109542 0.548497 0.09208101 0.548497 0.109542 0.538087 0.109542 0.548497 0.07462799 0.548497 0.09208101 0.538087 0.09208101 0.548497 0.05718594 0.548497 0.07462799 0.538087 0.07462799 0.548497 0.03976696 0.548497 0.05718594 0.538087 0.05718594 0.548497 0.02236598 0.548497 0.03976696 0.538087 0.03976696 0.548497 0.02236598 0.558926 0.03976696 0.548497 0.03976696 0.558926 0.03976696 0.558926 0.05718594 0.548497 0.05718594 0.558926 0.05718594 0.558926 0.07462799 0.548497 0.07462799 0.558926 0.07462799 0.558926 0.09208101 0.548497 0.09208101 0.558926 0.09208101 0.558926 0.109542 0.548497 0.109542 0.558926 0.109542 0.548497 0.126999 0.558926 0.109542 0.558926 0.126999 0.548497 0.144453 0.558926 0.126999 0.558926 0.144453 0.548497 0.161894 0.558926 0.144453 0.558926 0.161894 0.548497 0.179318 0.558926 0.161894 0.558926 0.179318 0.548497 0.196714 0.558926 0.179318 0.558926 0.196714 0.548497 0.21408 0.558926 0.196714 0.558926 0.196714 0.558926 0.21408 0.569367 0.196714 0.569367 0.179318 0.558926 0.196714 0.569367 0.179318 0.569367 0.161894 0.558926 0.179318 0.569367 0.161894 0.569367 0.144453 0.558926 0.161894 0.569367 0.144453 0.569367 0.126999 0.558926 0.144453 0.569367 0.126999 0.569367 0.109542 0.558926 0.126999 0.569367 0.109542 0.569367 0.09208101 0.569367 0.109542 0.558926 0.109542 0.569367 0.07462799 0.569367 0.09208101 0.558926 0.09208101 0.569367 0.05718594 0.569367 0.07462799 0.558926 0.07462799 0.569367 0.03976696 0.569367 0.05718594 0.558926 0.05718594 0.569367 0.02236598 0.569367 0.03976696 0.558926 0.03976696 0.569367 0.02236598 0.569367 0.03976696 0.579807 0.02236598 0.579807 0.03976696 0.569367 0.05718594 0.579807 0.03976696 0.579807 0.05718594 0.569367 0.07462799 0.579807 0.05718594 0.579807 0.07462799 0.569367 0.09208101 0.579807 0.07462799 0.579807 0.09208101 0.569367 0.109542 0.579807 0.09208101 0.579807 0.109542 0.579807 0.126999 0.569367 0.126999 0.579807 0.126999 0.579807 0.144453 0.569367 0.144453 0.579807 0.144453 0.579807 0.161894 0.569367 0.161894 0.579807 0.161894 0.579807 0.179318 0.569367 0.179318 0.579807 0.179318 0.579807 0.196714 0.569367 0.196714 0.579807 0.196714 0.579807 0.21408 0.569367 0.21408 0.579807 0.196714 0.590237 0.21408 0.579807 0.21408 0.590237 0.179318 0.590237 0.196714 0.579807 0.196714 0.590237 0.161894 0.590237 0.179318 0.579807 0.179318 0.590237 0.144453 0.590237 0.161894 0.579807 0.161894 0.590237 0.126999 0.590237 0.144453 0.579807 0.144453 0.590237 0.109542 0.590237 0.126999 0.579807 0.126999 0.590237 0.09208101 0.579807 0.109542 0.590237 0.09208101 0.590237 0.07462799 0.579807 0.09208101 0.590237 0.07462799 0.590237 0.05718594 0.579807 0.07462799 0.590237 0.05718594 0.590237 0.03976696 0.579807 0.05718594 0.590237 0.03976696 0.590237 0.02236598 0.579807 0.03976696 0.590237 0.02236598 0.590237 0.03976696 0.590237 0.05718594 0.600646 0.03976696 0.600646 0.05718594 0.590237 0.07462799 0.600646 0.05718594 0.600646 0.07462799 0.590237 0.09208101 0.600646 0.07462799 0.600646 0.09208101 0.590237 0.109542 0.600646 0.09208101 0.600646 0.109542 0.600646 0.126999 0.590237 0.126999 0.600646 0.126999 0.600646 0.144453 0.590237 0.144453 0.600646 0.144453 0.600646 0.161894 0.590237 0.161894 0.600646 0.161894 0.600646 0.179318 0.590237 0.179318 0.600646 0.179318 0.600646 0.196714 0.590237 0.196714 0.600646 0.196714 0.600646 0.21408 0.590237 0.21408 0.600646 0.196714 0.611024 0.21408 0.600646 0.21408 0.611024 0.179318 0.611024 0.196714 0.600646 0.196714 0.611024 0.161894 0.611024 0.179318 0.600646 0.179318 0.611024 0.144453 0.611024 0.161894 0.600646 0.161894 0.611024 0.126999 0.611024 0.144453 0.600646 0.144453 0.611024 0.109542 0.611024 0.126999 0.600646 0.126999 0.611024 0.09208101 0.600646 0.109542 0.611024 0.09208101 0.611024 0.07462799 0.600646 0.09208101 0.611024 0.07462799 0.611024 0.05718594 0.600646 0.07462799 0.611024 0.05718594 0.611024 0.03976696 0.600646 0.05718594 0.611024 0.03976696 0.611024 0.02236598 0.600646 0.03976696 0.611024 0.02236598 0.611024 0.004999995 0.600646 0.02236598 0.611024 0.004999995 0.611024 0.004999995 0.61998 0.02236598 0.611024 0.02236598 0.621362 0.02236598 0.611024 0.03976696 0.621362 0.02236598 0.621362 0.03976696 0.611024 0.05718594 0.621362 0.03976696 0.621362 0.05718594 0.611024 0.07462799 0.621362 0.05718594 0.621362 0.07462799 0.611024 0.09208101 0.621362 0.07462799 0.621362 0.09208101 0.611024 0.109542 0.621362 0.09208101 0.621362 0.109542 0.621362 0.126999 0.611024 0.126999 0.621362 0.126999 0.621362 0.144453 0.611024 0.144453 0.621362 0.144453 0.621362 0.161894 0.611024 0.161894 0.621362 0.161894 0.621362 0.179318 0.611024 0.179318 0.621362 0.179318 0.621362 0.196714 0.611024 0.196714 0.621362 0.196714 0.611024 0.21408 0.61998 0.196714 0.621362 0.210164 0.628232 0.20885 0.629238 0.196714 0.621362 0.179318 0.631648 0.196714 0.621362 0.196714 0.631648 0.161894 0.631648 0.179318 0.621362 0.179318 0.631648 0.144453 0.631648 0.161894 0.621362 0.161894 0.631648 0.126999 0.631648 0.144453 0.621362 0.144453 0.631648 0.109542 0.631648 0.126999 0.621362 0.126999 0.631648 0.109542 0.631648 0.09208101 0.621362 0.109542 0.621362 0.09208101 0.631648 0.07462799 0.621362 0.09208101 0.621362 0.07462799 0.631648 0.05718594 0.621362 0.07462799 0.621362 0.05718594 0.631648 0.03976696 0.621362 0.05718594 0.621362 0.03976696 0.631648 0.02236598 0.621362 0.03976696 0.621362 0.007762968 0.627086 0.006789982 0.625817 0.02236598 0.621362 0.333846 0.405963 0.333062 0.405511 0.333936 0.405745 0.333702 0.40615 0.333062 0.405511 0.333846 0.405963 0.333702 0.40615 0.333514 0.406294 0.333062 0.405511 0.333514 0.406294 0.333911 0.40636 0.333663 0.406551 0.333702 0.40615 0.334102 0.406112 0.333911 0.40636 0.333936 0.405745 0.334102 0.406112 0.333846 0.405963 0.333967 0.405511 0.334223 0.405822 0.333936 0.405745 0.333967 0.405511 0.333936 0.405745 0.333062 0.405511 0.333967 0.405511 0.333062 0.405511 0.333936 0.405276 0.333846 0.405059 0.333936 0.405276 0.333062 0.405511 0.333846 0.405059 0.334223 0.4052 0.333936 0.405276 0.333702 0.404871 0.334102 0.40491 0.333846 0.405059 0.333702 0.404871 0.333846 0.405059 0.333062 0.405511 0.333702 0.404871 0.333062 0.405511 0.333514 0.404727 0.333514 0.404727 0.333062 0.405511 0.333296 0.404637 0.333062 0.404606 0.333296 0.404637 0.333062 0.405511 0.333062 0.404606 0.333373 0.40435 0.333296 0.404637 0.333062 0.404606 0.332751 0.40435 0.333062 0.404309 0.333062 0.404606 0.333062 0.405511 0.332828 0.404637 0.33261 0.404727 0.332828 0.404637 0.333062 0.405511 0.332828 0.404637 0.332462 0.404471 0.332751 0.40435 0.332423 0.404871 0.332462 0.404471 0.33261 0.404727 0.332423 0.404871 0.33261 0.404727 0.333062 0.405511 0.332423 0.404871 0.333062 0.405511 0.332279 0.405059 0.332279 0.405059 0.333062 0.405511 0.332188 0.405276 0.332157 0.405511 0.332188 0.405276 0.333062 0.405511 0.332188 0.405276 0.331861 0.405511 0.331902 0.4052 0.332188 0.405745 0.331861 0.405511 0.332157 0.405511 0.332157 0.405511 0.333062 0.405511 0.332188 0.405745 0.332279 0.405963 0.332188 0.405745 0.333062 0.405511 0.332188 0.405745 0.332022 0.406112 0.331902 0.405822 0.332279 0.405963 0.332213 0.40636 0.332022 0.406112 0.332423 0.40615 0.332279 0.405963 0.333062 0.405511 0.332423 0.40615 0.333062 0.405511 0.33261 0.406294 0.33261 0.406294 0.333062 0.405511 0.332828 0.406385 0.333062 0.406415 0.332828 0.406385 0.333062 0.405511 0.332828 0.406385 0.333062 0.406712 0.332751 0.406671 0.333296 0.406385 0.333062 0.406712 0.333062 0.406415 0.333062 0.406415 0.333062 0.405511 0.333296 0.406385 0.333514 0.406294 0.333296 0.406385 0.333062 0.405511 0.333514 0.406294 0.333373 0.406671 0.333296 0.406385 0.327147 0.413894 0.326806 0.414184 0.326806 0.413894 0.327147 0.413583 0.326806 0.413894 0.326806 0.413583 0.327147 0.413272 0.326806 0.413583 0.326806 0.413272 0.327147 0.412982 0.326806 0.413272 0.326806 0.412982 0.327147 0.412733 0.326806 0.412982 0.326806 0.412733 0.337164 0.412733 0.336915 0.413074 0.337164 0.413074 0.337454 0.412733 0.337164 0.413074 0.337454 0.413074 0.337765 0.412733 0.337454 0.413074 0.337765 0.413074 0.338076 0.412733 0.337765 0.413074 0.338076 0.413074 0.338366 0.412733 0.338076 0.413074 0.338366 0.413074 0.338614 0.412733 0.338366 0.413074 0.338614 0.413074 0.261097 0.415868 0.261438 0.416117 0.261438 0.415868 0.261097 0.415579 0.261438 0.415868 0.261438 0.415579 0.261097 0.415268 0.261438 0.415579 0.261438 0.415268 0.261097 0.414957 0.261438 0.415268 0.261438 0.414957 0.261097 0.414667 0.261438 0.414957 0.261438 0.414667 0.261097 0.414418 0.261438 0.414667 0.261438 0.414418 0.271455 0.414759 0.271206 0.414418 0.271455 0.414418 0.271744 0.414759 0.271455 0.414418 0.271744 0.414418 0.272056 0.414759 0.271744 0.414418 0.272056 0.414418 0.272367 0.414759 0.272056 0.414418 0.272367 0.414418 0.272657 0.414759 0.272367 0.414418 0.272657 0.414418 0.272905 0.414759 0.272657 0.414418 0.272905 0.414418 0.327147 0.414184 0.326806 0.414432 0.326806 0.414184 0.333967 0.405511 0.334223 0.4052 0.334264 0.405511 0.333702 0.404871 0.333663 0.404471 0.333911 0.404661 0.333514 0.404727 0.333373 0.40435 0.333663 0.404471 0.332279 0.405059 0.332213 0.404661 0.332423 0.404871 0.332279 0.405059 0.331902 0.4052 0.332022 0.40491 0.33261 0.406294 0.332213 0.40636 0.332423 0.40615 0.332828 0.406385 0.332462 0.406551 0.33261 0.406294 0.444318 0.197093 0.441376 0.192796 0.444318 0.192796 0.444318 0.192796 0.441376 0.1879889 0.444318 0.1879889 0.444318 0.1879889 0.441376 0.183594 0.444318 0.183594 0.264574 0.425785 0.275232 0.422843 0.264574 0.422843 0.261097 0.422843 0.264574 0.425785 0.264574 0.422843 0.275232 0.422843 0.278709 0.425785 0.278709 0.422843 0.441376 0.217311 0.444318 0.212916 0.441376 0.212916 0.441376 0.212916 0.444318 0.208108 0.441376 0.208108 0.441376 0.208108 0.444318 0.203812 0.441376 0.203812 0.441376 0.226972 0.445166 0.22403 0.445166 0.226972 0.445166 0.226972 0.449858 0.22403 0.449858 0.226972 0.449858 0.226972 0.454551 0.22403 0.454551 0.226972 0.454551 0.226972 0.458341 0.22403 0.458341 0.226972 0.451219 0.235759 0.446333 0.2372 0.446923 0.237919 0.451219 0.235759 0.456209 0.234731 0.450993 0.234856 0.456026 0.235644 0.460976 0.2368479 0.456209 0.234731 0.460976 0.2368479 0.463416 0.241073 0.464913 0.241419 0.460976 0.2368479 0.464324 0.239834 0.461336 0.236364 0.261097 0.372246 0.259513 0.377542 0.261097 0.37813 0.261097 0.372246 0.271063 0.37813 0.271063 0.372246 0.272647 0.371657 0.271964 0.372246 0.272647 0.372246 0.276117 0.371657 0.272647 0.372246 0.276117 0.372246 0.258184 0.394467 0.258772 0.399477 0.258772 0.394467 0.258184 0.388988 0.258772 0.394467 0.258772 0.388988 0.258184 0.384091 0.258772 0.388988 0.258772 0.384091 0.240145 0.411878 0.235824 0.41129 0.240145 0.41129 0.245492 0.411878 0.240145 0.41129 0.245492 0.41129 0.25084 0.411878 0.245492 0.41129 0.25084 0.41129 0.25516 0.411878 0.25084 0.41129 0.25516 0.41129 0.322582 0.45018 0.321993 0.455077 0.321993 0.45018 0.322582 0.4447 0.321993 0.45018 0.321993 0.4447 0.322582 0.439691 0.321993 0.4447 0.321993 0.439691 0.259513 0.371657 0.256043 0.372246 0.259513 0.372246 0.260196 0.371657 0.259513 0.372246 0.260196 0.372246 0.260196 0.372246 0.260784 0.372246 0.260196 0.371657 0.260196 0.355182 0.259513 0.371657 0.260196 0.371657 0.259513 0.355182 0.260196 0.354593 0.259513 0.354593 0.256043 0.355182 0.259513 0.354593 0.256043 0.354593 0.339057 0.4447 0.339645 0.439691 0.339645 0.4447 0.339057 0.45018 0.339645 0.4447 0.339645 0.45018 0.339057 0.455077 0.339645 0.45018 0.339645 0.455077 0.25084 0.428354 0.25516 0.428942 0.25084 0.428942 0.245492 0.428354 0.25084 0.428942 0.245492 0.428942 0.240145 0.428354 0.245492 0.428942 0.240145 0.428942 0.235824 0.428354 0.240145 0.428942 0.235824 0.428942 0.2417089 0.388988 0.24112 0.384091 0.24112 0.388988 0.2417089 0.394467 0.24112 0.388988 0.24112 0.394467 0.2417089 0.399477 0.24112 0.394467 0.24112 0.399477 0.272647 0.355182 0.276117 0.354593 0.272647 0.354593 0.271964 0.355182 0.272647 0.354593 0.271964 0.354593 0.271964 0.355182 0.271964 0.354593 0.271376 0.354593 0.271964 0.354593 0.271063 0.348709 0.271376 0.354593 0.271964 0.354593 0.272647 0.349298 0.271063 0.348709 0.272647 0.349298 0.271964 0.354593 0.272647 0.354593 0.272647 0.354593 0.276117 0.349298 0.272647 0.349298 0.24112 0.399477 0.235824 0.394467 0.235824 0.399477 0.24112 0.394467 0.235824 0.388988 0.235824 0.394467 0.24112 0.388988 0.235824 0.384091 0.235824 0.388988 0.235824 0.428942 0.240145 0.434238 0.235824 0.434238 0.240145 0.428942 0.245492 0.434238 0.240145 0.434238 0.245492 0.428942 0.25084 0.434238 0.245492 0.434238 0.25084 0.428942 0.25516 0.434238 0.25084 0.434238 0.339645 0.455077 0.344941 0.45018 0.344941 0.455077 0.339645 0.45018 0.344941 0.4447 0.344941 0.45018 0.339645 0.4447 0.344941 0.439691 0.344941 0.4447 0.256043 0.354593 0.259513 0.349298 0.256043 0.349298 0.260196 0.354593 0.259513 0.349298 0.259513 0.354593 0.260196 0.354593 0.261097 0.348709 0.259513 0.349298 0.260196 0.354593 0.260784 0.354593 0.261097 0.348709 0.260196 0.354593 0.260196 0.355182 0.260784 0.354593 0.271063 0.354593 0.271376 0.354593 0.271063 0.348709 0.261097 0.348709 0.271063 0.354593 0.271063 0.348709 0.257727 0.445286 0.259438 0.455518 0.257727 0.455251 0.261664 0.440715 0.259438 0.445019 0.257727 0.445286 0.261664 0.440715 0.258316 0.443701 0.261304 0.440231 0.266431 0.438598 0.261304 0.440231 0.266313 0.438006 0.26235 0.441639 0.266431 0.438598 0.266656 0.439726 0.26235 0.458898 0.266431 0.461939 0.261664 0.459822 0.266656 0.460811 0.271647 0.461814 0.266431 0.461939 0.271368 0.460698 0.276307 0.45947 0.271647 0.461814 0.278478 0.454866 0.276307 0.45947 0.275578 0.458581 0.266656 0.439726 0.271647 0.438723 0.271368 0.439839 0.271647 0.438723 0.266313 0.438006 0.271793 0.438138 0.271647 0.438723 0.27669 0.4406 0.276307 0.441067 0.271368 0.439839 0.276307 0.441067 0.275578 0.441956 0.278478 0.44567 0.276307 0.441067 0.279518 0.445178 0.279518 0.445178 0.27669 0.4406 0.280062 0.444921 0.28066 0.450268 0.280062 0.444921 0.281264 0.450268 0.278478 0.44567 0.28066 0.450268 0.279511 0.450268 0.278478 0.454866 0.28066 0.450268 0.279518 0.455358 0.28066 0.450268 0.280062 0.455616 0.279518 0.455358 0.279518 0.455358 0.27669 0.459936 0.276307 0.45947 0.271647 0.461814 0.27669 0.459936 0.271793 0.462399 0.271647 0.461814 0.266313 0.462531 0.266431 0.461939 0.266431 0.461939 0.261304 0.460306 0.261664 0.459822 0.261664 0.459822 0.258316 0.456836 0.257727 0.455251 0.259438 0.455518 0.261664 0.459822 0.257727 0.455251 0.261097 0.354593 0.261097 0.348709 0.260784 0.354593 0.271964 0.372246 0.271964 0.371657 0.271376 0.372246 0.272647 0.355182 0.271964 0.371657 0.272647 0.371657 0.276117 0.355182 0.272647 0.371657 0.276117 0.371657 0.2417089 0.394467 0.258184 0.399477 0.258184 0.394467 0.2417089 0.388988 0.258184 0.394467 0.258184 0.388988 0.2417089 0.384091 0.258184 0.388988 0.258184 0.384091 0.240145 0.428354 0.235824 0.411878 0.240145 0.411878 0.245492 0.428354 0.240145 0.411878 0.245492 0.411878 0.25084 0.428354 0.245492 0.411878 0.25084 0.411878 0.25516 0.428354 0.25084 0.411878 0.25516 0.411878 0.339057 0.45018 0.322582 0.455077 0.322582 0.45018 0.339057 0.4447 0.322582 0.45018 0.322582 0.4447 0.339057 0.439691 0.322582 0.4447 0.322582 0.439691 0.259513 0.355182 0.256043 0.371657 0.259513 0.371657 0.259513 0.372246 0.256043 0.377542 0.259513 0.377542 0.321993 0.439691 0.316697 0.4447 0.316697 0.439691 0.321993 0.4447 0.316697 0.45018 0.316697 0.4447 0.321993 0.45018 0.316697 0.455077 0.316697 0.45018 0.25516 0.41129 0.25084 0.405994 0.25516 0.405994 0.25084 0.41129 0.245492 0.405994 0.25084 0.405994 0.245492 0.41129 0.240145 0.405994 0.245492 0.405994 0.240145 0.41129 0.235824 0.405994 0.240145 0.405994 0.258772 0.384091 0.264069 0.388988 0.264069 0.384091 0.258772 0.388988 0.264069 0.394467 0.264069 0.388988 0.258772 0.394467 0.264069 0.399477 0.264069 0.394467 0.276117 0.372246 0.272647 0.377542 0.276117 0.377542 0.271063 0.372246 0.272647 0.377542 0.272647 0.372246 0.460976 0.255955 0.464324 0.252969 0.464913 0.251384 0.460976 0.255955 0.463416 0.251731 0.460421 0.255208 0.464913 0.241419 0.463416 0.251731 0.464913 0.251384 0.460976 0.255955 0.456026 0.25716 0.456209 0.258072 0.456209 0.258072 0.461336 0.256439 0.460976 0.255955 0.450993 0.257947 0.456326 0.258664 0.456209 0.258072 0.456209 0.258072 0.451219 0.257044 0.450993 0.257947 0.446333 0.255603 0.451219 0.257044 0.446923 0.254884 0.450993 0.257947 0.44595 0.25607 0.450847 0.258532 0.443122 0.251492 0.44595 0.25607 0.446333 0.255603 0.446333 0.255603 0.443963 0.251094 0.443122 0.251492 0.443122 0.251492 0.44291 0.246402 0.441979 0.246402 0.441979 0.246402 0.442577 0.251749 0.443122 0.251492 0.441979 0.246402 0.442577 0.2410539 0.441376 0.246402 0.443122 0.241312 0.44291 0.246402 0.443963 0.24171 0.443963 0.24171 0.446333 0.2372 0.443122 0.241312 0.443122 0.241312 0.44595 0.236734 0.442577 0.2410539 0.450993 0.234856 0.44595 0.236734 0.446333 0.2372 0.450993 0.234856 0.456326 0.234139 0.450847 0.234271 0.456209 0.234731 0.461336 0.236364 0.456326 0.234139 0.312231 0.432708 0.459335 0.422743 0.312231 0.422743 0.459335 0.432708 0.312231 0.433021 0.459335 0.433021 0.312231 0.43361 0.312231 0.432708 0.311643 0.434293 0.312231 0.421841 0.312231 0.422743 0.312231 0.42243 0.312231 0.422743 0.459335 0.42243 0.312231 0.42243 0.212236 0.3386 0.212825 0.485704 0.212236 0.485704 0.212825 0.485704 0.229301 0.3386 0.229301 0.485704 0.03701198 0.436296 0.184117 0.435707 0.184117 0.436296 0.03701198 0.435394 0.184117 0.435707 0.03701198 0.435707 0.03701198 0.425429 0.184117 0.435394 0.03701198 0.435394 0.184117 0.425429 0.03701198 0.425116 0.184117 0.425116 0.184117 0.424527 0.03701198 0.425116 0.03701198 0.424527 0.02989995 0.485704 0.01342397 0.3386 0.01342397 0.485704 0.459335 0.43361 0.312231 0.433021 0.312231 0.43361 0.198758 0.361189 0.2046419 0.364904 0.2046419 0.360597 0.197738 0.454855 0.1925449 0.460739 0.195927 0.460739 0.193648 0.454855 0.182048 0.460739 0.1925449 0.460739 0.182048 0.460739 0.176855 0.454855 0.178667 0.460739 0.441376 0.265963 0.447261 0.269678 0.441376 0.27027 0.441376 0.27027 0.447261 0.275379 0.441376 0.274981 0.441376 0.274981 0.447261 0.280473 0.441376 0.279191 0.459746 0.28637 0.456998 0.292254 0.456032 0.28637 0.456032 0.28637 0.451434 0.292254 0.451434 0.28637 0.451434 0.292254 0.446836 0.28637 0.451434 0.28637 0.445871 0.292254 0.443121 0.28637 0.446836 0.28637 0.198758 0.350394 0.2046419 0.355886 0.2046419 0.351676 0.198758 0.355488 0.2046419 0.360597 0.2046419 0.355886 0.491921 0.274397 0.503687 0.192018 0.491921 0.192018 0.473388 0.197073 0.474353 0.279451 0.473388 0.279451 0.557606 0.475073 0.545837 0.476039 0.557606 0.476039 0.51142 0.200442 0.510455 0.282821 0.51142 0.282821 0.443036 0.56437 0.431267 0.565336 0.431267 0.56437 0.167123 0.350394 0.1675069 0.351395 0.1675069 0.350394 0.166746 0.350394 0.167123 0.351395 0.167123 0.350394 0.1886489 0.350517 0.1896499 0.350394 0.1886489 0.350394 0.1886489 0.350688 0.1896499 0.350517 0.1886489 0.350517 0.1886489 0.350901 0.1896499 0.350688 0.1886489 0.350688 0.1886489 0.351156 0.1896499 0.350901 0.1886489 0.350901 0.1886489 0.351445 0.1896499 0.351156 0.1886489 0.351156 0.1886489 0.351765 0.1896499 0.351445 0.1886489 0.351445 0.1886489 0.35211 0.1896499 0.351765 0.1886489 0.351765 0.1886489 0.352474 0.1896499 0.35211 0.1886489 0.35211 0.1886489 0.352852 0.1896499 0.352474 0.1886489 0.352474 0.1886489 0.353236 0.1896499 0.352852 0.1886489 0.352852 0.1886489 0.370888 0.1896499 0.353236 0.1886489 0.353236 0.1886489 0.371272 0.1896499 0.370888 0.1886489 0.370888 0.1886489 0.37165 0.1896499 0.371272 0.1886489 0.371272 0.326891 0.398571 0.327014 0.39757 0.327014 0.398571 0.32672 0.398571 0.326891 0.39757 0.326891 0.398571 0.326506 0.398571 0.32672 0.39757 0.32672 0.398571 0.326253 0.398571 0.326506 0.39757 0.326506 0.398571 0.325963 0.398571 0.326253 0.39757 0.326253 0.398571 0.325644 0.398571 0.325963 0.39757 0.325963 0.398571 0.325298 0.398571 0.325644 0.39757 0.325644 0.398571 0.324934 0.398571 0.325298 0.39757 0.325298 0.398571 0.324557 0.398571 0.324934 0.39757 0.324934 0.398571 0.324172 0.398571 0.324557 0.39757 0.324557 0.398571 0.312404 0.398571 0.324172 0.39757 0.324172 0.398571 0.31202 0.398571 0.312404 0.39757 0.312404 0.398571 0.311643 0.398571 0.31202 0.39757 0.31202 0.398571 0.2469339 0.355572 0.2459329 0.355449 0.2469339 0.355449 0.2469339 0.355743 0.2459329 0.355572 0.2469339 0.355572 0.2469339 0.355956 0.2459329 0.355743 0.2469339 0.355743 0.2469339 0.35621 0.2459329 0.355956 0.2469339 0.355956 0.2469339 0.356499 0.2459329 0.35621 0.2469339 0.35621 0.2469339 0.356819 0.2459329 0.356499 0.2469339 0.356499 0.2469339 0.357165 0.2459329 0.356819 0.2469339 0.356819 0.2469339 0.357529 0.2459329 0.357165 0.2469339 0.357165 0.2469339 0.357906 0.2459329 0.357529 0.2469339 0.357529 0.2469339 0.35829 0.2459329 0.357906 0.2469339 0.357906 0.2469339 0.375943 0.2459329 0.35829 0.2469339 0.35829 0.2469339 0.376327 0.2459329 0.375943 0.2469339 0.375943 0.2469339 0.376704 0.2459329 0.376327 0.2469339 0.376327 0.181994 0.350394 0.182117 0.351395 0.182117 0.350394 0.181823 0.350394 0.181994 0.351395 0.181994 0.350394 0.181609 0.350394 0.181823 0.351395 0.181823 0.350394 0.181356 0.350394 0.181609 0.351395 0.181609 0.350394 0.181066 0.350394 0.181356 0.351395 0.181356 0.350394 0.180747 0.350394 0.181066 0.351395 0.181066 0.350394 0.180401 0.350394 0.180747 0.351395 0.180747 0.350394 0.180037 0.350394 0.180401 0.351395 0.180401 0.350394 0.17966 0.350394 0.180037 0.351395 0.180037 0.350394 0.179275 0.350394 0.17966 0.351395 0.17966 0.350394 0.1675069 0.350394 0.179275 0.351395 0.179275 0.350394 0.455615 0.321752 0.467385 0.322753 0.467385 0.321752 0.455231 0.321752 0.455615 0.322753 0.455615 0.321752 0.454855 0.321752 0.455231 0.322753 0.455231 0.321752 0.186964 0.466772 0.187965 0.466649 0.186964 0.466649 0.186964 0.466942 0.187965 0.466772 0.186964 0.466772 0.186964 0.467156 0.187965 0.466942 0.186964 0.466942 0.186964 0.46741 0.187965 0.467156 0.186964 0.467156 0.186964 0.467699 0.187965 0.46741 0.186964 0.46741 0.186964 0.468019 0.187965 0.467699 0.186964 0.467699 0.186964 0.468364 0.187965 0.468019 0.186964 0.468019 0.186964 0.468729 0.187965 0.468364 0.186964 0.468364 0.186964 0.469107 0.187965 0.468729 0.186964 0.468729 0.186964 0.46949 0.187965 0.469107 0.186964 0.469107 0.186964 0.487143 0.187965 0.46949 0.186964 0.46949 0.186964 0.487527 0.187965 0.487143 0.186964 0.487143 0.186964 0.487904 0.187965 0.487527 0.186964 0.487527 0.281399 0.47102 0.281524 0.470018 0.281524 0.47102 0.28123 0.47102 0.281399 0.470018 0.281399 0.47102 0.281015 0.47102 0.28123 0.470018 0.28123 0.47102 0.280761 0.47102 0.281015 0.470018 0.281015 0.47102 0.280472 0.47102 0.280761 0.470018 0.280761 0.47102 0.280152 0.47102 0.280472 0.470018 0.280472 0.47102 0.279807 0.47102 0.280152 0.470018 0.280152 0.47102 0.279442 0.47102 0.279807 0.470018 0.279807 0.47102 0.279066 0.47102 0.279442 0.470018 0.279442 0.47102 0.278682 0.47102 0.279066 0.470018 0.279066 0.47102 0.266912 0.47102 0.278682 0.470018 0.278682 0.47102 0.266528 0.47102 0.266912 0.470018 0.266912 0.47102 0.266152 0.47102 0.266528 0.470018 0.266528 0.47102 0.196389 0.466772 0.195388 0.466649 0.196389 0.466649 0.196389 0.466943 0.195388 0.466772 0.196389 0.466772 0.196389 0.467156 0.195388 0.466943 0.196389 0.466943 0.196389 0.46741 0.195388 0.467156 0.196389 0.467156 0.196389 0.4677 0.195388 0.46741 0.196389 0.46741 0.196389 0.468019 0.195388 0.4677 0.196389 0.4677 0.196389 0.468365 0.195388 0.468019 0.196389 0.468019 0.196389 0.468729 0.195388 0.468365 0.196389 0.468365 0.196389 0.469107 0.195388 0.468729 0.196389 0.468729 0.196389 0.46949 0.195388 0.469107 0.196389 0.469107 0.196389 0.487143 0.195388 0.46949 0.196389 0.46949 0.196389 0.487527 0.195388 0.487143 0.196389 0.487143 0.196389 0.487904 0.195388 0.487527 0.196389 0.487527 0.470102 0.321752 0.470227 0.322753 0.470227 0.321752 0.469933 0.321752 0.470102 0.322753 0.470102 0.321752 0.469718 0.321752 0.469933 0.322753 0.469933 0.321752 0.469464 0.321752 0.469718 0.322753 0.469718 0.321752 0.469175 0.321752 0.469464 0.322753 0.469464 0.321752 0.468855 0.321752 0.469175 0.322753 0.469175 0.321752 0.46851 0.321752 0.468855 0.322753 0.468855 0.321752 0.468145 0.321752 0.46851 0.322753 0.46851 0.321752 0.467769 0.321752 0.468145 0.322753 0.468145 0.321752 0.467385 0.321752 0.467769 0.322753 0.467769 0.321752 0.441376 0.298164 0.446966 0.298773 0.446966 0.298164 0.441985 0.313863 0.441376 0.308273 0.441985 0.308273 0.442695 0.313863 0.441985 0.308273 0.442695 0.308273 0.443456 0.313863 0.442695 0.308273 0.443456 0.308273 0.444218 0.313863 0.443456 0.308273 0.444218 0.308273 0.444928 0.313863 0.444218 0.308273 0.444928 0.308273 0.445537 0.313863 0.444928 0.308273 0.445537 0.308273 0.446966 0.323618 0.441376 0.324228 0.441376 0.323618 0.446966 0.322909 0.441376 0.323618 0.441376 0.322909 0.446966 0.322147 0.441376 0.322909 0.441376 0.322147 0.446966 0.321386 0.441376 0.322147 0.441376 0.321386 0.446966 0.320676 0.441376 0.321386 0.441376 0.320676 0.446966 0.320067 0.441376 0.320676 0.441376 0.320067 0.452094 0.183594 0.451485 0.189184 0.452094 0.189184 0.452804 0.183594 0.452094 0.189184 0.452804 0.189184 0.453565 0.183594 0.452804 0.189184 0.453565 0.189184 0.454327 0.183594 0.453565 0.189184 0.454327 0.189184 0.455037 0.183594 0.454327 0.189184 0.455037 0.189184 0.455646 0.183594 0.455037 0.189184 0.455646 0.189184 0.441376 0.301715 0.446966 0.302325 0.446966 0.301715 0.441376 0.301006 0.446966 0.301715 0.446966 0.301006 0.441376 0.300244 0.446966 0.301006 0.446966 0.300244 0.441376 0.299483 0.446966 0.300244 0.446966 0.299483 0.441376 0.298773 0.446966 0.299483 0.446966 0.298773 0.455112 0.195775 0.455898 0.195782 0.45575 0.196039 0.456718 0.197007 0.456508 0.19625 0.456975 0.196859 0.45575 0.196039 0.456508 0.19625 0.456298 0.1964589 0.456983 0.197645 0.456975 0.196859 0.457269 0.197569 0.457073 0.19833 0.457269 0.199091 0.456983 0.199015 0.457073 0.19833 0.457269 0.197569 0.45737 0.19833 0.456718 0.199652 0.457269 0.199091 0.456975 0.199801 0.45575 0.200621 0.456508 0.20041 0.455898 0.200878 0.456298 0.2002 0.456975 0.199801 0.456508 0.20041 0.455112 0.2008849 0.455898 0.200878 0.455189 0.2011719 0.453742 0.2008849 0.454427 0.201272 0.453666 0.2011719 0.454427 0.200975 0.455189 0.2011719 0.454427 0.201272 0.453105 0.200621 0.453666 0.2011719 0.452956 0.200878 0.452557 0.2002 0.45188 0.199801 0.452136 0.199652 0.452557 0.2002 0.452956 0.200878 0.452347 0.20041 0.452136 0.199652 0.451585 0.199091 0.451872 0.199015 0.451782 0.19833 0.451585 0.197569 0.451872 0.197645 0.451782 0.19833 0.451585 0.199091 0.451485 0.19833 0.451872 0.197645 0.45188 0.196859 0.452136 0.197007 0.452557 0.1964589 0.452956 0.195782 0.453105 0.196039 0.452136 0.197007 0.452347 0.19625 0.452557 0.1964589 0.453105 0.196039 0.453666 0.195488 0.453742 0.195775 0.455112 0.195775 0.454427 0.195388 0.455189 0.195488 0.453742 0.195775 0.454427 0.195388 0.454427 0.195685 0.455112 0.195775 0.45575 0.196039 0.454427 0.19833 0.456298 0.1964589 0.454427 0.19833 0.45575 0.196039 0.456298 0.1964589 0.456718 0.197007 0.454427 0.19833 0.456718 0.197007 0.456983 0.197645 0.454427 0.19833 0.457073 0.19833 0.454427 0.19833 0.456983 0.197645 0.457073 0.19833 0.456983 0.199015 0.454427 0.19833 0.456983 0.199015 0.456718 0.199652 0.454427 0.19833 0.456298 0.2002 0.454427 0.19833 0.456718 0.199652 0.456298 0.2002 0.45575 0.200621 0.454427 0.19833 0.45575 0.200621 0.455112 0.2008849 0.454427 0.19833 0.454427 0.200975 0.454427 0.19833 0.455112 0.2008849 0.454427 0.200975 0.453742 0.2008849 0.454427 0.19833 0.453742 0.2008849 0.453105 0.200621 0.454427 0.19833 0.452557 0.2002 0.454427 0.19833 0.453105 0.200621 0.452557 0.2002 0.452136 0.199652 0.454427 0.19833 0.452136 0.199652 0.451872 0.199015 0.454427 0.19833 0.451782 0.19833 0.454427 0.19833 0.451872 0.199015 0.451782 0.19833 0.451872 0.197645 0.454427 0.19833 0.451872 0.197645 0.452136 0.197007 0.454427 0.19833 0.452557 0.1964589 0.454427 0.19833 0.452136 0.197007 0.452557 0.1964589 0.453105 0.196039 0.454427 0.19833 0.453105 0.196039 0.453742 0.195775 0.454427 0.19833 0.454427 0.195685 0.454427 0.19833 0.453742 0.195775 0.454427 0.195685 0.455112 0.195775 0.454427 0.19833 0.276797 0.342152 0.271206 0.342761 0.271206 0.342152 0.276797 0.341442 0.271206 0.342152 0.271206 0.341442 0.276797 0.340681 0.271206 0.341442 0.271206 0.340681 0.276797 0.339919 0.271206 0.340681 0.271206 0.339919 0.276797 0.339209 0.271206 0.339919 0.271206 0.339209 0.276797 0.3386 0.271206 0.339209 0.271206 0.3386 0.197682 0.372297 0.197073 0.377887 0.197682 0.377887 0.198392 0.372297 0.197682 0.377887 0.198392 0.377887 0.199153 0.372297 0.198392 0.377887 0.199153 0.377887 0.199915 0.372297 0.199153 0.377887 0.199915 0.377887 0.200624 0.372297 0.199915 0.377887 0.200624 0.377887 0.201234 0.372297 0.200624 0.377887 0.201234 0.377887 0.235824 0.342152 0.241415 0.342761 0.241415 0.342152 0.235824 0.341442 0.241415 0.342152 0.241415 0.341442 0.235824 0.340681 0.241415 0.341442 0.241415 0.340681 0.235824 0.339919 0.241415 0.340681 0.241415 0.339919 0.235824 0.339209 0.241415 0.339919 0.241415 0.339209 0.235824 0.3386 0.241415 0.339209 0.241415 0.3386 0.248228 0.34419 0.247618 0.3386 0.248228 0.3386 0.248937 0.34419 0.248228 0.3386 0.248937 0.3386 0.2496989 0.34419 0.248937 0.3386 0.2496989 0.3386 0.25046 0.34419 0.2496989 0.3386 0.25046 0.3386 0.25117 0.34419 0.25046 0.3386 0.25117 0.3386 0.251779 0.34419 0.25117 0.3386 0.251779 0.3386 0.240637 0.446188 0.2413139 0.445789 0.240847 0.446398 0.2400889 0.446609 0.240847 0.446398 0.240238 0.446866 0.239452 0.446873 0.240238 0.446866 0.239528 0.44716 0.238767 0.446963 0.238005 0.44716 0.238082 0.446873 0.238767 0.446963 0.239528 0.44716 0.238767 0.44726 0.238082 0.446873 0.237295 0.446866 0.237444 0.446609 0.236895 0.446188 0.236218 0.445789 0.236475 0.44564 0.237444 0.446609 0.236686 0.446398 0.236895 0.446188 0.236475 0.44564 0.235925 0.445079 0.236211 0.445002 0.2361209 0.444318 0.235925 0.443557 0.236211 0.443633 0.236211 0.445002 0.235824 0.444318 0.2361209 0.444318 0.236211 0.443633 0.236218 0.442847 0.236475 0.442995 0.237444 0.442027 0.236686 0.442238 0.237295 0.44177 0.236475 0.442995 0.236686 0.442238 0.236895 0.442447 0.238082 0.441763 0.237295 0.44177 0.238005 0.441476 0.238767 0.441672 0.239528 0.441476 0.239452 0.441763 0.238767 0.441672 0.238005 0.441476 0.238767 0.441376 0.239452 0.441763 0.240238 0.44177 0.2400889 0.442027 0.241057 0.442995 0.240847 0.442238 0.2413139 0.442847 0.2400889 0.442027 0.240847 0.442238 0.240637 0.442447 0.241321 0.443633 0.2413139 0.442847 0.241609 0.443557 0.241321 0.445002 0.2417089 0.444318 0.241609 0.445079 0.241412 0.444318 0.241609 0.443557 0.2417089 0.444318 0.241057 0.44564 0.241609 0.445079 0.2413139 0.445789 0.240637 0.446188 0.238767 0.444318 0.241057 0.44564 0.240637 0.446188 0.2400889 0.446609 0.238767 0.444318 0.2400889 0.446609 0.239452 0.446873 0.238767 0.444318 0.238767 0.446963 0.238767 0.444318 0.239452 0.446873 0.238767 0.446963 0.238082 0.446873 0.238767 0.444318 0.238082 0.446873 0.237444 0.446609 0.238767 0.444318 0.236895 0.446188 0.238767 0.444318 0.237444 0.446609 0.236895 0.446188 0.236475 0.44564 0.238767 0.444318 0.236475 0.44564 0.236211 0.445002 0.238767 0.444318 0.2361209 0.444318 0.238767 0.444318 0.236211 0.445002 0.2361209 0.444318 0.236211 0.443633 0.238767 0.444318 0.236211 0.443633 0.236475 0.442995 0.238767 0.444318 0.236895 0.442447 0.238767 0.444318 0.236475 0.442995 0.236895 0.442447 0.237444 0.442027 0.238767 0.444318 0.237444 0.442027 0.238082 0.441763 0.238767 0.444318 0.238767 0.441672 0.238767 0.444318 0.238082 0.441763 0.238767 0.441672 0.239452 0.441763 0.238767 0.444318 0.239452 0.441763 0.2400889 0.442027 0.238767 0.444318 0.240637 0.442447 0.238767 0.444318 0.2400889 0.442027 0.240637 0.442447 0.241057 0.442995 0.238767 0.444318 0.241057 0.442995 0.241321 0.443633 0.238767 0.444318 0.241412 0.444318 0.238767 0.444318 0.241321 0.443633 0.241412 0.444318 0.241321 0.445002 0.238767 0.444318 0.241321 0.445002 0.241057 0.44564 0.238767 0.444318 0.451485 0.566249 0.452709 0.56092 0.452709 0.566249 0.454955 0.556436 0.452709 0.56092 0.451485 0.560466 0.454955 0.556436 0.460098 0.555491 0.455705 0.557443 0.465211 0.55439 0.460098 0.555491 0.459854 0.554261 0.465211 0.55439 0.469203 0.557767 0.464906 0.555607 0.469998 0.556797 0.472161 0.561557 0.469203 0.557767 0.473296 0.561021 0.473215 0.566249 0.472161 0.561557 0.473296 0.571477 0.473215 0.566249 0.474469 0.566249 0.469998 0.575701 0.472161 0.570941 0.473296 0.571477 0.465211 0.578109 0.469203 0.574732 0.469998 0.575701 0.465211 0.578109 0.460098 0.577007 0.464906 0.576892 0.454955 0.576063 0.460098 0.577007 0.459854 0.578238 0.454955 0.576063 0.452709 0.571578 0.455705 0.575055 0.452709 0.571578 0.451485 0.566249 0.452709 0.566249 0.260801 0.54212 0.266585 0.537412 0.260801 0.537412 0.255018 0.54212 0.260801 0.537412 0.255018 0.537412 0.250988 0.54212 0.255018 0.537412 0.250988 0.537412 0.545837 0.458067 0.550544 0.45317 0.550544 0.458067 0.545837 0.463424 0.550544 0.458067 0.550544 0.463424 0.545837 0.468212 0.550544 0.463424 0.550544 0.468212 0.321267 0.574479 0.325493 0.579186 0.321267 0.579186 0.316039 0.574479 0.321267 0.579186 0.316039 0.579186 0.310811 0.574479 0.316039 0.579186 0.310811 0.579186 0.306588 0.574479 0.310811 0.579186 0.306588 0.579186 0.275914 0.553994 0.271206 0.549206 0.271206 0.553994 0.275914 0.559351 0.271206 0.553994 0.271206 0.559351 0.275914 0.564248 0.271206 0.559351 0.271206 0.564248 0.266585 0.54212 0.270615 0.537412 0.266585 0.537412 0.257632 0.482299 0.255338 0.486766 0.258808 0.482735 0.254619 0.485797 0.257632 0.482299 0.247317 0.476952 0.257632 0.476952 0.247317 0.476952 0.257632 0.482299 0.257632 0.476952 0.257632 0.471606 0.247317 0.476952 0.257632 0.471606 0.258808 0.476952 0.258808 0.471169 0.257632 0.482299 0.258808 0.476952 0.257632 0.476952 0.257632 0.471606 0.255338 0.467139 0.254619 0.468107 0.254619 0.468107 0.247317 0.476952 0.257632 0.471606 0.254619 0.468107 0.250205 0.466147 0.247317 0.476952 0.250205 0.466147 0.255338 0.467139 0.250441 0.464964 0.250205 0.466147 0.245085 0.465093 0.245376 0.466263 0.250205 0.466147 0.245376 0.466263 0.247317 0.476952 0.245376 0.466263 0.241062 0.468433 0.247317 0.476952 0.241062 0.468433 0.245085 0.465093 0.240296 0.4675 0.238089 0.47224 0.240296 0.4675 0.236999 0.471724 0.241062 0.468433 0.238089 0.47224 0.247317 0.476952 0.23703 0.476952 0.247317 0.476952 0.238089 0.47224 0.23703 0.476952 0.238089 0.481665 0.247317 0.476952 0.23703 0.476952 0.236999 0.48218 0.238089 0.481665 0.23703 0.476952 0.236999 0.471724 0.235824 0.476952 0.238089 0.481665 0.240296 0.486404 0.241062 0.485472 0.238089 0.481665 0.241062 0.485472 0.247317 0.476952 0.241062 0.485472 0.245376 0.487642 0.247317 0.476952 0.241062 0.485472 0.245085 0.488812 0.245376 0.487642 0.250205 0.487758 0.245085 0.488812 0.250441 0.488941 0.245376 0.487642 0.250205 0.487758 0.247317 0.476952 0.250205 0.487758 0.254619 0.485797 0.247317 0.476952 0.250205 0.487758 0.255338 0.486766 0.254619 0.485797 0.466649 0.423238 0.466649 0.424 0.472238 0.424 0.466649 0.422477 0.466649 0.423238 0.472238 0.423238 0.466649 0.421767 0.466649 0.422477 0.472238 0.422477 0.466649 0.421158 0.466649 0.421767 0.472238 0.421767 0.468943 0.29196 0.468334 0.29196 0.468334 0.28637 0.469652 0.29196 0.468943 0.29196 0.468943 0.28637 0.470413 0.29196 0.469652 0.29196 0.469652 0.28637 0.471176 0.29196 0.470413 0.29196 0.470413 0.28637 0.471885 0.29196 0.471176 0.29196 0.471176 0.28637 0.472494 0.29196 0.471885 0.29196 0.471885 0.28637 0.271741 0.481994 0.271741 0.482603 0.266152 0.482603 0.271741 0.481284 0.271741 0.481994 0.266152 0.481994 0.271741 0.480523 0.271741 0.481284 0.266152 0.481284 0.271741 0.479762 0.271741 0.480523 0.266152 0.480523 0.271741 0.479052 0.271741 0.479762 0.266152 0.479762 0.271741 0.478443 0.271741 0.479052 0.266152 0.479052 0.475682 0.183594 0.475073 0.183594 0.475073 0.189184 0.476392 0.183594 0.475682 0.183594 0.475682 0.189184 0.477152 0.183594 0.476392 0.183594 0.476392 0.189184 0.477915 0.183594 0.477152 0.183594 0.477152 0.189184 0.478625 0.183594 0.477915 0.183594 0.477915 0.189184 0.479234 0.183594 0.478625 0.183594 0.478625 0.189184 0.466649 0.424709 0.466649 0.425318 0.472238 0.425318 0.466649 0.424 0.466649 0.424709 0.472238 0.424709 0.480062 0.383057 0.479913 0.3828 0.480622 0.382506 0.48207 0.382793 0.481385 0.382703 0.481385 0.382406 0.4807 0.382793 0.480622 0.382506 0.481385 0.382406 0.48207 0.382793 0.482146 0.382506 0.482855 0.3828 0.483676 0.384025 0.483256 0.383478 0.483464 0.383268 0.482708 0.383057 0.482855 0.3828 0.483464 0.383268 0.483939 0.384664 0.483676 0.384025 0.483934 0.383877 0.483939 0.386033 0.48403 0.385348 0.484327 0.385348 0.483939 0.384664 0.484227 0.384587 0.484327 0.385348 0.483676 0.386671 0.483939 0.386033 0.484227 0.38611 0.482708 0.387639 0.483256 0.387219 0.483464 0.387429 0.483256 0.387219 0.483676 0.386671 0.483934 0.386819 0.48207 0.387903 0.482708 0.387639 0.482855 0.387896 0.481385 0.387994 0.481385 0.38829 0.480622 0.38819 0.481385 0.387994 0.48207 0.387903 0.482146 0.38819 0.480062 0.387639 0.4807 0.387903 0.480622 0.38819 0.479514 0.387219 0.479304 0.387429 0.478836 0.386819 0.479514 0.387219 0.480062 0.387639 0.479913 0.387896 0.479093 0.386671 0.478836 0.386819 0.478543 0.38611 0.47874 0.385348 0.478443 0.385348 0.478543 0.384587 0.47874 0.385348 0.47883 0.386033 0.478543 0.38611 0.47883 0.384664 0.478543 0.384587 0.478836 0.383877 0.479514 0.383478 0.479304 0.383268 0.479913 0.3828 0.479093 0.384025 0.478836 0.383877 0.479304 0.383268 0.457797 0.301106 0.457797 0.312874 0.454855 0.312874 0.475449 0.301106 0.457797 0.301106 0.457797 0.298164 0.475449 0.312874 0.475449 0.301106 0.478391 0.301106 0.457797 0.312874 0.475449 0.312874 0.475449 0.315816 0.457797 0.312874 0.457797 0.301106 0.475449 0.301106 0.294717 0.674726 0.295243 0.673455 0.294622 0.673245 0.295141 0.674936 0.295829 0.673745 0.295243 0.673455 0.295141 0.674936 0.295538 0.6752 0.296374 0.674109 0.295894 0.675514 0.296866 0.674541 0.296374 0.674109 0.295894 0.675514 0.296208 0.675871 0.297298 0.675034 0.296473 0.676266 0.297665 0.675579 0.297298 0.675034 0.296685 0.676693 0.297952 0.676167 0.297665 0.675579 0.296836 0.677143 0.298164 0.676788 0.297952 0.676167 0.296931 0.67761 0.298293 0.677431 0.298164 0.676788 0.296961 0.678084 0.298339 0.678113 0.298293 0.677431 0.296961 0.842841 0.298339 0.842813 0.298339 0.678113 0.296961 0.842841 0.296931 0.843316 0.298293 0.843495 0.296836 0.843782 0.298164 0.844138 0.298293 0.843495 0.296836 0.843782 0.296685 0.844232 0.297952 0.844759 0.296685 0.844232 0.296473 0.844659 0.297665 0.845347 0.296473 0.844659 0.296208 0.845055 0.297298 0.845891 0.295894 0.845412 0.296866 0.846384 0.297298 0.845891 0.295894 0.845412 0.295538 0.845726 0.296374 0.846816 0.295141 0.84599 0.295829 0.847181 0.296374 0.846816 0.294717 0.8462 0.295243 0.847471 0.295829 0.847181 0.294717 0.8462 0.294267 0.846353 0.294622 0.847681 0.294267 0.846353 0.293797 0.846446 0.293979 0.847809 0.010885 0.846477 0.01041197 0.846446 0.01023 0.847809 0.01023 0.847809 0.02421295 0.848725 0.010885 0.846477 0.279996 0.848725 0.293979 0.847809 0.293324 0.846477 0.293324 0.846477 0.010885 0.846477 0.279996 0.848725 0.293979 0.847809 0.293797 0.846446 0.293324 0.846477 0.01023 0.847809 0.01041197 0.846446 0.009941995 0.846353 0.009586989 0.847681 0.009359955 0.848525 0.01011598 0.848675 0.008965969 0.847471 0.008632957 0.848277 0.009359955 0.848525 0.009586989 0.847681 0.009941995 0.846353 0.00949198 0.8462 0.008378982 0.847181 0.008965969 0.847471 0.00949198 0.8462 0.008378982 0.847181 0.007939994 0.847937 0.008632957 0.848277 0.008378982 0.847181 0.007833957 0.846816 0.007300972 0.847509 0.008378982 0.847181 0.009067952 0.84599 0.008670985 0.845726 0.007342994 0.846384 0.007833957 0.846816 0.008670985 0.845726 0.007342994 0.846384 0.006721973 0.847002 0.007300972 0.847509 0.006906986 0.845891 0.006214976 0.846423 0.006721973 0.847002 0.006906986 0.845891 0.007342994 0.846384 0.008314967 0.845412 0.006906986 0.845891 0.008000969 0.845055 0.007735967 0.844659 0.006543993 0.845347 0.005786955 0.845783 0.006214976 0.846423 0.006543993 0.845347 0.006255984 0.844759 0.00544697 0.845093 0.006255984 0.844759 0.006543993 0.845347 0.007735967 0.844659 0.006255984 0.844759 0.007523953 0.844232 0.007372975 0.843782 0.00604397 0.844138 0.005200982 0.844364 0.00544697 0.845093 0.00604397 0.844138 0.005915999 0.843495 0.00504899 0.843609 0.00604397 0.844138 0.007372975 0.843782 0.007277965 0.843316 0.005915999 0.843495 0.007277965 0.843316 0.007247984 0.842841 0.005915999 0.843495 0.005869984 0.842813 0.004999995 0.842841 0.005869984 0.678113 0.004999995 0.678084 0.004999995 0.842841 0.005869984 0.842813 0.007247984 0.842841 0.007247984 0.678084 0.005915999 0.677431 0.005869984 0.678113 0.007247984 0.678084 0.005915999 0.677431 0.00504899 0.677316 0.004999995 0.678084 0.00604397 0.676788 0.005200982 0.676562 0.00504899 0.677316 0.00604397 0.676788 0.005915999 0.677431 0.007277965 0.67761 0.006255984 0.676167 0.00604397 0.676788 0.007372975 0.677143 0.00604397 0.676788 0.006255984 0.676167 0.00544697 0.675833 0.006543993 0.675579 0.005786955 0.675142 0.00544697 0.675833 0.006255984 0.676167 0.007523953 0.676693 0.007735967 0.676266 0.006906986 0.675034 0.006543993 0.675579 0.007735967 0.676266 0.006543993 0.675579 0.006906986 0.675034 0.006214976 0.674503 0.006906986 0.675034 0.007342994 0.674541 0.006721973 0.673924 0.006906986 0.675034 0.008000969 0.675871 0.008314967 0.675514 0.007342994 0.674541 0.008314967 0.675514 0.008670985 0.6752 0.007342994 0.674541 0.007833957 0.674109 0.007300972 0.673416 0.008378982 0.673745 0.007939994 0.672989 0.007300972 0.673416 0.008378982 0.673745 0.007833957 0.674109 0.008670985 0.6752 0.008965969 0.673455 0.008378982 0.673745 0.009067952 0.674936 0.008378982 0.673745 0.008965969 0.673455 0.008632957 0.672648 0.008965969 0.673455 0.009586989 0.673245 0.009359955 0.672401 0.008965969 0.673455 0.00949198 0.674726 0.009941995 0.674573 0.01023 0.673117 0.009586989 0.673245 0.009941995 0.674573 0.009586989 0.673245 0.01023 0.673117 0.01011598 0.67225 0.01023 0.673117 0.01091098 0.673072 0.010885 0.6722 0.01023 0.673117 0.01041197 0.67448 0.010885 0.674449 0.01091098 0.673072 0.010885 0.674449 0.293324 0.674449 0.01091098 0.673072 0.293298 0.673072 0.293324 0.6722 0.293979 0.673117 0.294092 0.67225 0.293324 0.6722 0.293324 0.674449 0.293797 0.67448 0.293979 0.673117 0.294267 0.674573 0.294622 0.673245 0.293979 0.673117 0.293979 0.673117 0.294622 0.673245 0.294846 0.672401 0.294622 0.673245 0.295243 0.673455 0.295576 0.672648 0.295243 0.673455 0.295829 0.673745 0.296265 0.672989 0.296374 0.674109 0.296908 0.673416 0.296265 0.672989 0.296866 0.674541 0.297487 0.673924 0.296908 0.673416 0.297298 0.675034 0.297994 0.674503 0.297487 0.673924 0.297665 0.675579 0.298422 0.675142 0.297994 0.674503 0.297665 0.675579 0.297952 0.676167 0.298762 0.675833 0.297952 0.676167 0.298164 0.676788 0.299008 0.676562 0.298293 0.677431 0.29916 0.677316 0.299008 0.676562 0.298293 0.677431 0.298339 0.678113 0.299209 0.678084 0.298339 0.842813 0.299209 0.842841 0.299209 0.678084 0.298293 0.843495 0.29916 0.843609 0.299209 0.842841 0.298293 0.843495 0.298164 0.844138 0.299008 0.844364 0.297952 0.844759 0.298762 0.845093 0.299008 0.844364 0.297665 0.845347 0.298422 0.845783 0.298762 0.845093 0.297665 0.845347 0.297298 0.845891 0.297994 0.846423 0.297298 0.845891 0.296866 0.846384 0.297487 0.847002 0.296866 0.846384 0.296374 0.846816 0.296908 0.847509 0.296374 0.846816 0.295829 0.847181 0.296265 0.847937 0.295243 0.847471 0.295576 0.848277 0.296265 0.847937 0.294622 0.847681 0.294846 0.848525 0.295576 0.848277 0.293979 0.847809 0.294092 0.848675 0.294846 0.848525 0.293979 0.847809 0.279996 0.848725 0.293324 0.848725 0.449552 0.546605 0.449552 0.545837 0.306588 0.545837 0.449552 0.547359 0.449552 0.546605 0.306588 0.546605 0.449552 0.548089 0.449552 0.547359 0.306588 0.547359 0.449552 0.548779 0.449552 0.548089 0.306588 0.548089 0.449552 0.549419 0.449552 0.548779 0.306588 0.548779 0.449552 0.549997 0.449552 0.549419 0.306588 0.549419 0.795841 0.348461 0.79642 0.348461 0.79642 0.205497 0.795201 0.348461 0.795841 0.348461 0.795841 0.205497 0.794509 0.348461 0.795201 0.348461 0.795201 0.205497 0.793778 0.348461 0.794509 0.348461 0.794509 0.205497 0.793025 0.348461 0.793778 0.348461 0.793778 0.205497 0.792257 0.348461 0.793025 0.348461 0.793025 0.205497 0.792257 0.205497 0.627499 0.205497 0.627499 0.348461 0.614101 0.366001 0.613231 0.366029 0.613231 0.201272 0.614101 0.2013 0.616595 0.201272 0.616595 0.366029 0.614146 0.200618 0.616618 0.2009429 0.616595 0.201272 0.614146 0.200618 0.614101 0.2013 0.613231 0.201272 0.614146 0.200618 0.61328 0.200504 0.613431 0.1997489 0.614275 0.199975 0.616682 0.200621 0.616618 0.2009429 0.614275 0.199975 0.614487 0.199355 0.616788 0.200308 0.614487 0.199355 0.614275 0.199975 0.613431 0.1997489 0.614775 0.198767 0.614487 0.199355 0.613677 0.19902 0.614487 0.199355 0.614775 0.198767 0.616935 0.200013 0.615138 0.198222 0.617117 0.199739 0.616935 0.200013 0.614775 0.198767 0.614018 0.19833 0.614445 0.19769 0.615138 0.198222 0.614445 0.19769 0.614952 0.197111 0.615138 0.198222 0.615573 0.197729 0.617333 0.199491 0.616065 0.197297 0.617582 0.199274 0.617333 0.199491 0.615573 0.197729 0.614952 0.197111 0.615531 0.196604 0.616065 0.197297 0.615531 0.196604 0.616171 0.196176 0.616065 0.197297 0.61661 0.196933 0.617855 0.199091 0.617197 0.1966429 0.61815 0.198945 0.617855 0.199091 0.617197 0.1966429 0.61661 0.196933 0.616171 0.196176 0.617817 0.1964319 0.617197 0.1966429 0.616863 0.195836 0.617817 0.1964319 0.618464 0.19884 0.61815 0.198945 0.61846 0.196305 0.618786 0.1987749 0.618464 0.19884 0.61846 0.196305 0.617817 0.1964319 0.61759 0.1955879 0.61846 0.196305 0.618347 0.195438 0.619115 0.195388 0.632444 0.195388 0.888226 0.195388 0.901555 0.198754 0.90221 0.196305 0.901555 0.198754 0.888226 0.195388 0.619115 0.198754 0.618786 0.1987749 0.61846 0.196305 0.61846 0.196305 0.632444 0.195388 0.619115 0.198754 0.90221 0.196305 0.888226 0.195388 0.901555 0.195388 0.03701198 0.476781 0.03701198 0.477549 0.1799769 0.477549 0.1799769 0.476781 0.1799769 0.476026 0.03701198 0.476026 0.1799769 0.476026 0.1799769 0.475297 0.03701198 0.475297 0.1799769 0.475297 0.1799769 0.474607 0.03701198 0.474607 0.1799769 0.474607 0.1799769 0.473967 0.03701198 0.473967 0.1799769 0.473967 0.1799769 0.473388 0.03701198 0.473388 0.01342397 0.680624 0.01400297 0.680624 0.01400297 0.823588 0.01400297 0.680624 0.01464295 0.680624 0.01464295 0.823588 0.01464295 0.680624 0.01533198 0.680624 0.01533198 0.823588 0.01533198 0.680624 0.01606196 0.680624 0.01606196 0.823588 0.01606196 0.680624 0.016819 0.680624 0.016819 0.823588 0.016819 0.680624 0.01758295 0.680624 0.01758295 0.823588 0.01758295 0.680624 0.1823419 0.680624 0.1823419 0.823588 0.1823419 0.680624 0.1831099 0.680624 0.1831099 0.823588 0.1831099 0.680624 0.183863 0.680624 0.183863 0.823588 0.183863 0.680624 0.184593 0.680624 0.184593 0.823588 0.184593 0.680624 0.185286 0.680624 0.185286 0.823588 0.185286 0.680624 0.185925 0.680624 0.185925 0.823588 0.185925 0.680624 0.186504 0.680624 0.186504 0.823588 0.719376 0.669798 0.719376 0.669219 0.86234 0.669219 0.719376 0.669219 0.719376 0.66858 0.86234 0.66858 0.719376 0.66858 0.719376 0.667889 0.86234 0.667889 0.719376 0.667889 0.719376 0.66716 0.86234 0.66716 0.719376 0.66716 0.719376 0.666405 0.86234 0.666405 0.719376 0.666405 0.719376 0.665638 0.86234 0.665638 0.86234 0.383197 0.86234 0.665638 0.719376 0.665638 0.719376 0.383197 0.719376 0.382429 0.86234 0.382429 0.719376 0.382429 0.719376 0.381674 0.86234 0.381674 0.719376 0.381674 0.719376 0.380945 0.86234 0.380945 0.719376 0.380945 0.719376 0.380255 0.86234 0.380255 0.719376 0.380255 0.719376 0.379615 0.86234 0.379615 0.719376 0.379615 0.719376 0.379037 0.86234 0.379037 0.62334 0.348461 0.623919 0.348461 0.623919 0.205497 0.623919 0.348461 0.624558 0.348461 0.624558 0.205497 0.624558 0.348461 0.625247 0.348461 0.625247 0.205497 0.625247 0.348461 0.625977 0.348461 0.625977 0.205497 0.625977 0.348461 0.626734 0.348461 0.626734 0.205497 0.626734 0.348461 0.627499 0.348461 0.627499 0.205497 0.614146 0.366683 0.61328 0.366797 0.613231 0.366029 0.616595 0.366029 0.616618 0.366358 0.614146 0.366683 0.616618 0.366358 0.616682 0.366681 0.614275 0.367326 0.616788 0.366993 0.614487 0.367946 0.614275 0.367326 0.616935 0.367288 0.614775 0.368534 0.614487 0.367946 0.616935 0.367288 0.617117 0.367562 0.615138 0.369079 0.617333 0.36781 0.615573 0.369572 0.615138 0.369079 0.617333 0.36781 0.617582 0.368027 0.616065 0.370004 0.617855 0.36821 0.61661 0.370368 0.616065 0.370004 0.617855 0.36821 0.61815 0.368356 0.617197 0.370658 0.61815 0.368356 0.618464 0.368461 0.617817 0.370869 0.618464 0.368461 0.618786 0.368526 0.61846 0.370996 0.619115 0.368547 0.619142 0.371041 0.61846 0.370996 0.619115 0.368547 0.901555 0.368547 0.901525 0.371041 0.901555 0.368547 0.901884 0.368526 0.90221 0.370996 0.901884 0.368526 0.902206 0.368461 0.902853 0.370869 0.90252 0.368356 0.903473 0.370658 0.902853 0.370869 0.902815 0.36821 0.90406 0.370368 0.903473 0.370658 0.902815 0.36821 0.903087 0.368027 0.904605 0.370004 0.903337 0.36781 0.905097 0.369572 0.904605 0.370004 0.903553 0.367562 0.905528 0.369079 0.905097 0.369572 0.903553 0.367562 0.903735 0.367288 0.905895 0.368534 0.903735 0.367288 0.903882 0.366993 0.906183 0.367946 0.903988 0.366681 0.906395 0.367326 0.906183 0.367946 0.903988 0.366681 0.904052 0.366358 0.906524 0.366683 0.904075 0.366029 0.906569 0.366001 0.906524 0.366683 0.906569 0.2013 0.906569 0.366001 0.904075 0.366029 0.904075 0.201272 0.904052 0.2009429 0.906569 0.2013 0.906569 0.2013 0.907439 0.201272 0.907439 0.366029 0.906524 0.200618 0.90739 0.200504 0.907439 0.201272 0.906524 0.200618 0.906569 0.2013 0.904052 0.2009429 0.906395 0.199975 0.906524 0.200618 0.903988 0.200621 0.906395 0.199975 0.907239 0.1997489 0.90739 0.200504 0.906395 0.199975 0.906183 0.199355 0.906993 0.19902 0.906183 0.199355 0.906395 0.199975 0.903882 0.200308 0.905895 0.198767 0.906183 0.199355 0.903735 0.200013 0.905895 0.198767 0.906652 0.19833 0.906993 0.19902 0.905895 0.198767 0.905528 0.198222 0.906225 0.19769 0.905528 0.198222 0.905895 0.198767 0.903553 0.199739 0.905097 0.197729 0.905528 0.198222 0.903337 0.199491 0.905528 0.198222 0.905097 0.197729 0.905718 0.197111 0.905097 0.197729 0.904605 0.197297 0.905139 0.196604 0.904605 0.197297 0.905097 0.197729 0.903087 0.199274 0.90406 0.196933 0.904605 0.197297 0.902815 0.199091 0.90406 0.196933 0.904495 0.196176 0.905139 0.196604 0.90406 0.196933 0.903473 0.1966429 0.903806 0.195836 0.903473 0.1966429 0.90406 0.196933 0.90252 0.198945 0.902853 0.1964319 0.903473 0.1966429 0.902206 0.19884 0.903473 0.1966429 0.902853 0.1964319 0.903076 0.1955879 0.902853 0.1964319 0.90221 0.196305 0.902323 0.195438 0.90221 0.196305 0.902853 0.1964319 0.901884 0.1987749 0.906524 0.366683 0.906569 0.366001 0.907439 0.366029 0.906395 0.367326 0.906524 0.366683 0.90739 0.366797 0.906395 0.367326 0.907239 0.367552 0.906993 0.368281 0.905895 0.368534 0.906183 0.367946 0.906993 0.368281 0.905895 0.368534 0.906652 0.368971 0.906225 0.369611 0.905528 0.369079 0.906225 0.369611 0.905718 0.37019 0.905097 0.369572 0.905718 0.37019 0.905139 0.370697 0.90406 0.370368 0.904605 0.370004 0.905139 0.370697 0.90406 0.370368 0.904495 0.371125 0.903806 0.371465 0.903473 0.370658 0.903806 0.371465 0.903076 0.371713 0.902853 0.370869 0.903076 0.371713 0.902323 0.371863 0.90221 0.370996 0.902323 0.371863 0.901555 0.371913 0.901525 0.371041 0.901555 0.371913 0.619115 0.371913 0.61846 0.370996 0.619142 0.371041 0.619115 0.371913 0.61846 0.370996 0.618347 0.371863 0.61759 0.371713 0.617817 0.370869 0.61759 0.371713 0.616863 0.371465 0.617197 0.370658 0.616863 0.371465 0.616171 0.371125 0.616065 0.370004 0.61661 0.370368 0.616171 0.371125 0.615573 0.369572 0.616065 0.370004 0.615531 0.370697 0.615138 0.369079 0.615573 0.369572 0.614952 0.37019 0.614775 0.368534 0.615138 0.369079 0.614445 0.369611 0.614775 0.368534 0.614018 0.368971 0.613677 0.368281 0.614487 0.367946 0.613677 0.368281 0.613431 0.367552 0.614146 0.366683 0.614275 0.367326 0.613431 0.367552 0.01023 0.847809 0.01011598 0.848675 0.010885 0.848725 0.192174 0.436478 0.192385 0.436688 0.192136 0.436879 0.192318 0.436291 0.192575 0.436439 0.192385 0.436688 0.192318 0.436291 0.192409 0.436072 0.192695 0.436149 0.192439 0.435838 0.192736 0.435838 0.192695 0.436149 0.192318 0.435386 0.192575 0.435237 0.192695 0.435527 0.192318 0.435386 0.192174 0.435198 0.192385 0.434989 0.1915349 0.434933 0.1915349 0.434637 0.191846 0.434678 0.1915349 0.434933 0.191301 0.434964 0.191224 0.434678 0.191301 0.434964 0.191083 0.435055 0.190934 0.434798 0.190895 0.435198 0.190685 0.434989 0.190934 0.434798 0.19063 0.435838 0.190333 0.435838 0.190374 0.435527 0.19063 0.435838 0.190661 0.436072 0.190374 0.436149 0.190751 0.436291 0.190494 0.436439 0.190374 0.436149 0.190751 0.436291 0.190895 0.436478 0.190685 0.436688 0.191301 0.436712 0.1915349 0.436743 0.1915349 0.437039 0.191769 0.436712 0.191846 0.436998 0.1915349 0.437039 0.191987 0.436621 0.192136 0.436879 0.191846 0.436998 0.249643 0.442537 0.249643 0.442826 0.249303 0.442826 0.249643 0.442225 0.249643 0.442537 0.249303 0.442537 0.249643 0.441915 0.249643 0.442225 0.249303 0.442225 0.249643 0.441625 0.249643 0.441915 0.249303 0.441915 0.249643 0.441376 0.249643 0.441625 0.249303 0.441625 0.2664 0.448115 0.266152 0.448115 0.266152 0.448456 0.26669 0.448115 0.2664 0.448115 0.2664 0.448456 0.267001 0.448115 0.26669 0.448115 0.26669 0.448456 0.267312 0.448115 0.267001 0.448115 0.267001 0.448456 0.267602 0.448115 0.267312 0.448115 0.267312 0.448456 0.267851 0.448115 0.267602 0.448115 0.267602 0.448456 0.451485 0.245699 0.451485 0.245948 0.451825 0.245948 0.451485 0.245409 0.451485 0.245699 0.451825 0.245699 0.451485 0.245099 0.451485 0.245409 0.451825 0.245409 0.451485 0.244787 0.451485 0.245099 0.451825 0.245099 0.451485 0.244497 0.451485 0.244787 0.451825 0.244787 0.451485 0.244249 0.451485 0.244497 0.451825 0.244497 0.204061 0.392856 0.203812 0.392856 0.203812 0.392515 0.204351 0.392856 0.204061 0.392856 0.204061 0.392515 0.204662 0.392856 0.204351 0.392856 0.204351 0.392515 0.204973 0.392856 0.204662 0.392856 0.204662 0.392515 0.205262 0.392856 0.204973 0.392856 0.204973 0.392515 0.205511 0.392856 0.205262 0.392856 0.205262 0.392515 0.249643 0.442826 0.249643 0.443075 0.249303 0.443075 0.192439 0.435838 0.192409 0.435604 0.192695 0.435527 0.192174 0.435198 0.191987 0.435055 0.192136 0.434798 0.191987 0.435055 0.191769 0.434964 0.191846 0.434678 0.190751 0.435386 0.190494 0.435237 0.190685 0.434989 0.190751 0.435386 0.190661 0.435604 0.190374 0.435527 0.190895 0.436478 0.191083 0.436621 0.190934 0.436879 0.191301 0.436712 0.191224 0.436998 0.190934 0.436879 0.46803 0.431876 0.467209 0.432714 0.467763 0.433288 0.466656 0.43214 0.467209 0.432714 0.46803 0.431876 0.447968 0.48109 0.447972 0.478443 0.447037 0.48109 0.446821 0.478443 0.446821 0.48109 0.447037 0.48109 0.446821 0.48109 0.446821 0.478443 0.444746 0.478443 0.502128 0.281528 0.501044 0.282669 0.50083 0.282466 0.503032 0.282468 0.501901 0.283559 0.501696 0.283347 0.498854 0.284542 0.50083 0.282466 0.501044 0.282669 0.501696 0.283347 0.501901 0.283559 0.499848 0.285535 0.502478 0.281892 0.502686 0.281684 0.50304 0.282052 0.502686 0.281684 0.502478 0.281892 0.502128 0.281528 0.467076 0.201137 0.467273 0.198792 0.466868 0.198758 0.2049649 0.476036 0.204548 0.476036 0.204548 0.473682 0.502478 0.281892 0.501369 0.283008 0.501044 0.282669 0.502828 0.282256 0.501696 0.283347 0.501369 0.283008 0.498928 0.284892 0.501044 0.282669 0.501369 0.283008 0.499214 0.285177 0.501369 0.283008 0.501696 0.283347 0.492499 0.291872 0.493414 0.290961 0.493744 0.291307 0.493087 0.290616 0.493414 0.290961 0.492499 0.291872 0.493414 0.290961 0.493087 0.290616 0.495498 0.288323 0.496069 0.288893 0.493744 0.291307 0.493414 0.290961 0.278239 0.480721 0.278239 0.480508 0.280888 0.480495 0.278239 0.480495 0.280888 0.480495 0.278239 0.480508 0.280888 0.481627 0.278239 0.481627 0.278239 0.480721 0.280888 0.480495 0.278239 0.480495 0.278239 0.478443 0.500311 0.298921 0.497823 0.300358 0.499874 0.298382 0.494771 0.304336 0.494027 0.307112 0.492678 0.306554 0.495473 0.304428 0.495473 0.307303 0.494027 0.307112 0.495473 0.304428 0.496175 0.304336 0.496919 0.307112 0.496175 0.304336 0.49683 0.304064 0.498266 0.306554 0.497392 0.303633 0.499424 0.305666 0.498266 0.306554 0.497392 0.303633 0.497823 0.303072 0.500311 0.304509 0.498094 0.302417 0.500869 0.303161 0.500311 0.304509 0.498186 0.301715 0.501061 0.301715 0.500869 0.303161 0.498186 0.301715 0.498094 0.301013 0.500869 0.300269 0.498094 0.301013 0.497823 0.300358 0.500311 0.298921 0.500311 0.298921 0.499887 0.298369 0.500101 0.298164 0.500869 0.300269 0.500311 0.298921 0.500569 0.298773 0.492678 0.306554 0.492531 0.306811 0.491921 0.306343 0.494027 0.307112 0.49395 0.307399 0.492531 0.306811 0.495473 0.307303 0.495473 0.307599 0.49395 0.307399 0.495473 0.307303 0.496919 0.307112 0.496996 0.307399 0.496919 0.307112 0.498266 0.306554 0.498415 0.306811 0.499424 0.305666 0.499634 0.305876 0.498415 0.306811 0.499424 0.305666 0.500311 0.304509 0.500569 0.304657 0.500311 0.304509 0.500869 0.303161 0.501157 0.303238 0.500869 0.303161 0.501061 0.301715 0.501358 0.301715 0.501061 0.301715 0.500869 0.300269 0.501157 0.300192 0.45654 0.481091 0.457149 0.481091 0.457149 0.481385 0.496976 0.423452 0.496976 0.423468 0.497269 0.423468 0.497269 0.423468 0.497269 0.422843 0.496976 0.423452 0.459177 0.481091 0.457758 0.481091 0.457758 0.478443 0.4607 0.481091 0.459177 0.481091 0.459177 0.478443 0.462224 0.481091 0.4607 0.481091 0.4607 0.478443 0.463643 0.481091 0.462224 0.481091 0.462224 0.478443 0.464861 0.481091 0.463643 0.481091 0.463643 0.478443 0.508047 0.458588 0.508047 0.459807 0.5054 0.459807 0.508047 0.457169 0.508047 0.458588 0.5054 0.458588 0.508047 0.455646 0.508047 0.457169 0.5054 0.457169 0.508047 0.454123 0.508047 0.455646 0.5054 0.455646 0.508047 0.452704 0.508047 0.454123 0.5054 0.454123 0.5054 0.452094 0.508047 0.452094 0.508047 0.452704 0.508047 0.451485 0.508047 0.452094 0.5054 0.452094 0.507711 0.423137 0.507085 0.423137 0.507085 0.425785 0.507711 0.423137 0.507711 0.425785 0.508304 0.425785 0.507694 0.422843 0.507085 0.422843 0.507085 0.423137 0.507085 0.423137 0.507711 0.423137 0.507711 0.422843 0.508047 0.452094 0.508047 0.451485 0.508343 0.451485 0.509723 0.423137 0.508304 0.423137 0.508304 0.425785 0.511246 0.423137 0.509723 0.423137 0.509723 0.425785 0.512769 0.423137 0.511246 0.423137 0.511246 0.425785 0.514188 0.423137 0.512769 0.423137 0.512769 0.425785 0.515407 0.423137 0.514188 0.423137 0.514188 0.425785 0.497269 0.429945 0.497269 0.431164 0.499918 0.431164 0.497269 0.428526 0.497269 0.429945 0.499918 0.429945 0.497269 0.427003 0.497269 0.428526 0.499918 0.428526 0.497269 0.42548 0.497269 0.427003 0.499918 0.427003 0.497269 0.424061 0.497269 0.42548 0.499918 0.42548 0.499918 0.423468 0.497269 0.423468 0.497269 0.424061 0.497269 0.423468 0.499918 0.423468 0.499918 0.422843 0.457149 0.478443 0.457149 0.481091 0.45654 0.481091 0.457149 0.481091 0.457149 0.478443 0.457758 0.478443 0.517447 0.359864 0.517597 0.359606 0.518189 0.360062 0.509814 0.367496 0.510229 0.368034 0.510013 0.368238 0.517447 0.359864 0.5161 0.359305 0.516178 0.359019 0.514655 0.359115 0.514655 0.358818 0.516178 0.359019 0.509256 0.366148 0.50897 0.366225 0.50877 0.364703 0.509814 0.367496 0.509557 0.367645 0.50897 0.366225 0.514655 0.359115 0.513207 0.359305 0.513131 0.359019 0.513207 0.359305 0.51186 0.359864 0.511712 0.359606 0.51186 0.359864 0.510704 0.360751 0.510494 0.360542 0.509814 0.361909 0.509557 0.36176 0.510494 0.360542 0.509256 0.363256 0.50897 0.36318 0.509557 0.36176 0.509067 0.364703 0.50877 0.364703 0.50897 0.36318 0.512034 0.365405 0.512304 0.366059 0.509814 0.367496 0.517447 0.359864 0.516011 0.362353 0.515357 0.362082 0.5161 0.359305 0.515357 0.362082 0.514655 0.361989 0.514655 0.361989 0.513952 0.362082 0.513207 0.359305 0.513952 0.362082 0.513298 0.362353 0.51186 0.359864 0.512736 0.362784 0.510704 0.360751 0.51186 0.359864 0.512736 0.362784 0.512304 0.363346 0.509814 0.361909 0.512034 0.364 0.509256 0.363256 0.509814 0.361909 0.512034 0.364 0.511941 0.364703 0.509067 0.364703 0.512034 0.365405 0.509256 0.366148 0.509067 0.364703 0.287024 0.509733 0.28637 0.509733 0.28637 0.507085 0.287726 0.509733 0.287024 0.509733 0.287024 0.507085 0.288428 0.509733 0.287726 0.509733 0.287726 0.507085 0.289083 0.509733 0.288428 0.509733 0.288428 0.507085 0.289645 0.509733 0.289083 0.509733 0.289083 0.507085 0.509732 0.292453 0.509732 0.293015 0.507085 0.293015 0.509732 0.291799 0.509732 0.292453 0.507085 0.292453 0.509732 0.291096 0.509732 0.291799 0.507085 0.291799 0.509732 0.290394 0.509732 0.291096 0.507085 0.291096 0.509732 0.289739 0.509732 0.290394 0.507085 0.290394 0.509151 0.306882 0.509151 0.30953 0.507085 0.30953 0.51027 0.306882 0.51027 0.30953 0.509363 0.306882 0.509151 0.30953 0.509151 0.306882 0.509363 0.306882 0.509425 0.475073 0.50877 0.475073 0.50877 0.477721 0.510127 0.475073 0.509425 0.475073 0.509425 0.477721 0.510829 0.475073 0.510127 0.475073 0.510127 0.477721 0.511483 0.475073 0.510829 0.475073 0.510829 0.477721 0.512045 0.475073 0.511483 0.475073 0.511483 0.477721 0.513824 0.467677 0.513824 0.468239 0.516472 0.468239 0.513824 0.467022 0.513824 0.467677 0.516472 0.467677 0.513824 0.46632 0.513824 0.467022 0.516472 0.467022 0.513824 0.465618 0.513824 0.46632 0.516472 0.46632 0.513824 0.464964 0.513824 0.465618 0.516472 0.465618 0.498124 0.284558 0.4982 0.284271 0.498854 0.284542 0.495165 0.287517 0.495498 0.288323 0.495149 0.288249 0.495165 0.287517 0.494877 0.287594 0.494784 0.286892 0.495081 0.286892 0.494784 0.286892 0.494877 0.28619 0.495405 0.285684 0.495165 0.286267 0.494877 0.28619 0.495789 0.285184 0.495579 0.284973 0.496141 0.284542 0.495789 0.285184 0.495405 0.285684 0.495149 0.285535 0.49629 0.2848 0.496141 0.284542 0.496796 0.284271 0.497498 0.284476 0.497498 0.284179 0.4982 0.284271 0.497498 0.284476 0.496873 0.284558 0.496796 0.284271 0.499848 0.285535 0.500118 0.28619 0.499833 0.286267 0.500118 0.28619 0.500211 0.286892 0.499914 0.286892 0.500211 0.286892 0.500118 0.287594 0.499833 0.287517 0.500118 0.287594 0.499848 0.288249 0.49959 0.2881 0.499416 0.28881 0.499206 0.288601 0.49959 0.2881 0.499416 0.28881 0.498854 0.289241 0.498707 0.288985 0.498854 0.289241 0.4982 0.289513 0.498124 0.289226 0.497498 0.289605 0.497498 0.289308 0.498124 0.289226 0.497498 0.289605 0.496796 0.289513 0.496873 0.289226 0.496141 0.289241 0.496069 0.288893 0.496873 0.289226 0.494152 0.291307 0.493744 0.291307 0.496069 0.288893 0.493744 0.291307 0.494152 0.291307 0.493074 0.292426 0.492884 0.290403 0.493087 0.290616 0.492135 0.291521 0.492135 0.291521 0.492499 0.291872 0.49229 0.292079 0.492657 0.292434 0.49229 0.292079 0.492499 0.291872 0.494569 0.452637 0.491921 0.452637 0.492215 0.452222 0.478662 0.289009 0.479067 0.288975 0.47887 0.286629 0.493087 0.290616 0.492884 0.290403 0.495149 0.288249 0.518156 0.394054 0.518156 0.393121 0.515509 0.394056 0.518156 0.392907 0.515509 0.393095 0.518156 0.393121 0.515509 0.39083 0.515509 0.393095 0.518156 0.392907 0.477367 0.323133 0.478205 0.322313 0.47763 0.321759 0.478779 0.322866 0.478205 0.322313 0.477367 0.323133 0.478782 0.322461 0.478415 0.322106 0.478205 0.322313 0.478205 0.322313 0.478415 0.322106 0.478046 0.321752 0.494569 0.451853 0.492215 0.451853 0.492215 0.451485 0.492215 0.451853 0.494569 0.451853 0.494569 0.452222 0.466649 0.432556 0.467004 0.432924 0.467209 0.432714 0.467209 0.432714 0.467004 0.432924 0.467358 0.433292 0.204181 0.476036 0.204181 0.473682 0.204548 0.473682 0.204181 0.473682 0.204181 0.476036 0.203812 0.476036 0.529744 0.315485 0.559163 0.315485 0.559163 0.317925 0.529744 0.315485 0.535629 0.300272 0.553279 0.300272 0.532685 0.29733 0.529744 0.315485 0.532685 0.285562 0.529744 0.186034 0.532685 0.260384 0.529744 0.315485 0.532685 0.272153 0.532711 0.272537 0.532685 0.285562 0.532685 0.285562 0.529744 0.315485 0.532685 0.272153 0.529744 0.186034 0.529744 0.315485 0.527303 0.315485 0.559163 0.186034 0.529744 0.186034 0.529744 0.183594 0.559163 0.315485 0.559163 0.186034 0.561604 0.186034 0.556223 0.272153 0.556223 0.260384 0.559163 0.315485 0.559163 0.186034 0.559163 0.315485 0.556223 0.260384 0.556223 0.285562 0.556223 0.272153 0.559163 0.315485 0.559163 0.186034 0.553279 0.257442 0.535629 0.257442 0.556197 0.272537 0.556223 0.272153 0.556223 0.285562 0.556197 0.272537 0.556197 0.285178 0.556121 0.2848 0.556121 0.272914 0.556121 0.2848 0.556 0.284436 0.556 0.273278 0.556 0.284436 0.555826 0.284091 0.555826 0.273624 0.555826 0.284091 0.555614 0.283771 0.55536 0.274233 0.555614 0.273944 0.555614 0.283771 0.55536 0.274233 0.55536 0.283482 0.555073 0.283227 0.554751 0.274701 0.555073 0.274487 0.555073 0.283227 0.554751 0.274701 0.554751 0.283014 0.554407 0.282843 0.55404 0.274994 0.554407 0.274871 0.554407 0.282843 0.55404 0.274994 0.55404 0.28272 0.553665 0.282645 0.553279 0.275095 0.553665 0.275069 0.553665 0.282645 0.553279 0.275095 0.553279 0.28262 0.535629 0.28262 0.535243 0.282645 0.535243 0.275069 0.535629 0.275095 0.535243 0.282645 0.534864 0.28272 0.534864 0.274994 0.534501 0.282843 0.534501 0.274871 0.534864 0.274994 0.534501 0.282843 0.534157 0.283014 0.534157 0.274701 0.533835 0.283227 0.533835 0.274487 0.534157 0.274701 0.533835 0.283227 0.533547 0.283482 0.533547 0.274233 0.533294 0.283771 0.533294 0.273944 0.533547 0.274233 0.533294 0.283771 0.533078 0.284091 0.533078 0.273624 0.532908 0.284436 0.532908 0.273278 0.533078 0.273624 0.532908 0.284436 0.532787 0.2848 0.532787 0.272914 0.532787 0.2848 0.532711 0.285178 0.532749 0.272725 0.532711 0.285178 0.532685 0.285562 0.532711 0.272537 0.508745 0.384131 0.496976 0.384131 0.496976 0.383813 0.508745 0.413552 0.496976 0.413552 0.496976 0.384131 0.442819 0.50877 0.442819 0.520538 0.443137 0.520538 0.313368 0.50877 0.313368 0.520538 0.442819 0.520538 0.31305 0.50877 0.31305 0.520538 0.313368 0.520538 0.312736 0.50877 0.312736 0.520538 0.31305 0.520538 0.312433 0.50877 0.312433 0.520538 0.312736 0.520538 0.312146 0.50877 0.312146 0.520538 0.312433 0.520538 0.311881 0.50877 0.311881 0.520538 0.312146 0.520538 0.311643 0.50877 0.311643 0.520538 0.311881 0.520538 0.508745 0.382646 0.496976 0.382646 0.496976 0.382406 0.508745 0.382911 0.496976 0.382911 0.496976 0.382646 0.508745 0.383198 0.496976 0.383198 0.496976 0.382911 0.508745 0.3835 0.496976 0.3835 0.496976 0.383198 0.508745 0.383813 0.496976 0.383813 0.496976 0.3835 0.443137 0.50877 0.443137 0.520538 0.443451 0.520538 0.545837 0.414459 0.557606 0.414459 0.557606 0.41414 0.545837 0.443879 0.557606 0.443879 0.557606 0.414459 0.545837 0.444198 0.557606 0.444198 0.557606 0.443879 0.545837 0.444511 0.557606 0.444511 0.557606 0.444198 0.545837 0.444813 0.557606 0.444813 0.557606 0.444511 0.545837 0.445099 0.557606 0.445099 0.557606 0.444813 0.545837 0.445364 0.557606 0.445364 0.557606 0.445099 0.545837 0.445604 0.557606 0.445604 0.557606 0.445364 0.444306 0.50877 0.444306 0.520538 0.444544 0.520538 0.444037 0.50877 0.444037 0.520538 0.444306 0.520538 0.443753 0.50877 0.443753 0.520538 0.444037 0.520538 0.443451 0.50877 0.443451 0.520538 0.443753 0.520538 0.545837 0.41414 0.557606 0.41414 0.557606 0.413827 0.545837 0.413827 0.557606 0.413827 0.557606 0.413525 0.545837 0.413525 0.557606 0.413525 0.557606 0.413239 0.545837 0.413239 0.557606 0.413239 0.557606 0.412973 0.545837 0.412973 0.557606 0.412973 0.557606 0.412733 0.306588 0.539072 0.306588 0.527303 0.306826 0.527303 0.306826 0.539072 0.306826 0.527303 0.307091 0.527303 0.307091 0.539072 0.307091 0.527303 0.307379 0.527303 0.307379 0.539072 0.307379 0.527303 0.307682 0.527303 0.307682 0.539072 0.307682 0.527303 0.307996 0.527303 0.307996 0.539072 0.307996 0.527303 0.308314 0.527303 0.437764 0.539072 0.437764 0.527303 0.438082 0.527303 0.308314 0.539072 0.308314 0.527303 0.437764 0.527303 0.438082 0.539072 0.438082 0.527303 0.438396 0.527303 0.508745 0.41387 0.496976 0.41387 0.496976 0.413552 0.508745 0.414183 0.496976 0.414183 0.496976 0.41387 0.508745 0.414485 0.496976 0.414485 0.496976 0.414183 0.508745 0.414772 0.496976 0.414772 0.496976 0.414485 0.508745 0.415037 0.496976 0.415037 0.496976 0.414772 0.508745 0.415277 0.496976 0.415277 0.496976 0.415037 0.439251 0.539072 0.439251 0.527303 0.43949 0.527303 0.438983 0.539072 0.438983 0.527303 0.439251 0.527303 0.438699 0.539072 0.438699 0.527303 0.438983 0.527303 0.438396 0.539072 0.438396 0.527303 0.438699 0.527303 0.03782999 0.418618 0.03782999 0.412733 0.03814196 0.412733 0.03753298 0.418618 0.03753298 0.412733 0.03782999 0.412733 0.03725999 0.418618 0.03725999 0.412733 0.03753298 0.412733 0.03701198 0.418618 0.03701198 0.412733 0.03725999 0.412733 0.607321 0.190581 0.601437 0.190581 0.601437 0.190333 0.607321 0.190855 0.601437 0.190855 0.601437 0.190581 0.607321 0.191151 0.601437 0.191151 0.601437 0.190855 0.607321 0.191462 0.601437 0.191462 0.601437 0.191151 0.607321 0.191786 0.601437 0.191786 0.601437 0.191462 0.607321 0.1921139 0.601437 0.1921139 0.601437 0.191786 0.607321 0.474555 0.601437 0.474555 0.601437 0.1921139 0.607321 0.474883 0.601437 0.474883 0.601437 0.474555 0.607321 0.475206 0.601437 0.475206 0.601437 0.474883 0.607321 0.475518 0.601437 0.475518 0.601437 0.475206 0.607321 0.475814 0.601437 0.475814 0.601437 0.475518 0.607321 0.476088 0.601437 0.476088 0.601437 0.475814 0.607321 0.476335 0.601437 0.476335 0.601437 0.476088 0.205084 0.3386 0.205084 0.344484 0.205331 0.344484 0.204809 0.3386 0.204809 0.344484 0.205084 0.344484 0.204513 0.3386 0.204513 0.344484 0.204809 0.344484 0.2042019 0.3386 0.2042019 0.344484 0.204513 0.344484 0.203878 0.3386 0.203878 0.344484 0.2042019 0.344484 0.20355 0.3386 0.20355 0.344484 0.203878 0.344484 0.03879296 0.3386 0.03879296 0.344484 0.20355 0.344484 0.03846395 0.3386 0.03846395 0.344484 0.03879296 0.344484 0.03814196 0.3386 0.03814196 0.344484 0.03846395 0.344484 0.03782999 0.3386 0.03782999 0.344484 0.03814196 0.344484 0.03753298 0.3386 0.03753298 0.344484 0.03782999 0.344484 0.03725999 0.3386 0.03725999 0.344484 0.03753298 0.344484 0.03701198 0.3386 0.03701198 0.344484 0.03725999 0.344484 0.589643 0.183842 0.595527 0.183842 0.595527 0.183594 0.589643 0.1841149 0.595527 0.1841149 0.595527 0.183842 0.589643 0.184411 0.595527 0.184411 0.595527 0.1841149 0.589643 0.184723 0.595527 0.184723 0.595527 0.184411 0.589643 0.185046 0.595527 0.185046 0.595527 0.184723 0.589643 0.185375 0.595527 0.185375 0.595527 0.185046 0.589643 0.467815 0.595527 0.467815 0.595527 0.185375 0.589643 0.468143 0.595527 0.468143 0.595527 0.467815 0.589643 0.468467 0.595527 0.468467 0.595527 0.468143 0.589643 0.468778 0.595527 0.468778 0.595527 0.468467 0.589643 0.469074 0.595527 0.469074 0.595527 0.468778 0.589643 0.469348 0.595527 0.469348 0.595527 0.469074 0.589643 0.469596 0.595527 0.469596 0.595527 0.469348 0.205083 0.418618 0.205083 0.412733 0.205331 0.412733 0.204809 0.418618 0.204809 0.412733 0.205083 0.412733 0.204513 0.418618 0.204513 0.412733 0.204809 0.412733 0.2042019 0.418618 0.2042019 0.412733 0.204513 0.412733 0.203878 0.418618 0.203878 0.412733 0.2042019 0.412733 0.20355 0.418618 0.20355 0.412733 0.203878 0.412733 0.03879296 0.418618 0.03879296 0.412733 0.20355 0.412733 0.03846395 0.418618 0.03846395 0.412733 0.03879296 0.412733 0.03814196 0.418618 0.03814196 0.412733 0.03846395 0.412733 0.007508993 0.332662 0.007188975 0.330197 0.007517993 0.330176 0.289877 0.332657 0.007599949 0.332657 0.007517993 0.330176 0.290287 0.330197 0.28999 0.332685 0.289877 0.332657 0.28999 0.332685 0.292456 0.332366 0.292477 0.332694 0.289996 0.332775 0.292477 0.332694 0.292477 0.497451 0.292456 0.49778 0.289968 0.497483 0.289996 0.49737 0.289968 0.497483 0.290287 0.499948 0.289958 0.49997 0.289877 0.497489 0.289958 0.49997 0.007517993 0.49997 0.007188975 0.499948 0.007485985 0.497461 0.007599949 0.497489 0.007485985 0.497461 0.005020976 0.49778 0.004999995 0.497451 0.004999995 0.332694 0.007480978 0.332775 0.007480978 0.49737 0.005020976 0.332366 0.007508993 0.332662 0.007480978 0.332775 0.809503 0.959645 0.803618 0.959645 0.803618 0.959736 0.809503 0.677368 0.803618 0.677368 0.803618 0.959645 0.809503 0.677255 0.803618 0.677255 0.803618 0.677368 0.35217 0.439691 0.35217 0.445575 0.352079 0.445575 0.516763 0.439691 0.516763 0.445575 0.35217 0.445575 0.516877 0.439691 0.516877 0.445575 0.516763 0.445575 0.764867 0.959645 0.770752 0.959645 0.770752 0.959736 0.764867 0.677368 0.770752 0.677368 0.770752 0.959645 0.764867 0.677255 0.770752 0.677255 0.770752 0.677368 0.03710299 0.448945 0.03710299 0.443061 0.03701198 0.443061 0.03710299 0.443061 0.03710299 0.448945 0.042988 0.443061 0.201697 0.448945 0.201697 0.443061 0.042988 0.443061 0.20181 0.448945 0.20181 0.443061 0.201697 0.443061 0.299877 0.330182 0.299968 0.330176 0.304861 0.352797 0.582245 0.330176 0.527968 0.352797 0.299968 0.330176 0.304861 0.352797 0.299849 0.330294 0.299877 0.330182 0.527968 0.352797 0.582245 0.330176 0.571227 0.353669 0.582245 0.330176 0.582358 0.330204 0.571611 0.353694 0.574144 0.356227 0.582358 0.330204 0.582364 0.330294 0.574169 0.356611 0.582364 0.330294 0.582364 0.494889 0.582364 0.494889 0.582335 0.495002 0.574144 0.486447 0.571611 0.48898 0.582335 0.495002 0.582245 0.495008 0.582245 0.495008 0.527968 0.489877 0.541805 0.489005 0.527968 0.489877 0.582245 0.495008 0.299968 0.495008 0.299849 0.330294 0.304861 0.352797 0.299849 0.489005 0.304861 0.489877 0.299968 0.495008 0.299854 0.49498 0.299854 0.49498 0.299849 0.494889 0.304861 0.489877 0.299849 0.489005 0.304861 0.352797 0.304861 0.489877 0.527968 0.352797 0.538863 0.356611 0.538863 0.486063 0.468309 0.51085 0.45654 0.51085 0.45654 0.510466 0.468309 0.540271 0.45654 0.540271 0.45654 0.51085 0.468309 0.540655 0.45654 0.540655 0.45654 0.540271 0.468309 0.541033 0.45654 0.541033 0.45654 0.540655 0.468309 0.541397 0.45654 0.541397 0.45654 0.541033 0.468309 0.541742 0.45654 0.541742 0.45654 0.541397 0.468309 0.542063 0.45654 0.542063 0.45654 0.541742 0.468309 0.542351 0.45654 0.542351 0.45654 0.542063 0.485403 0.451485 0.485403 0.463253 0.485692 0.463253 0.483611 0.451485 0.483611 0.463253 0.483995 0.463253 0.354158 0.451485 0.354158 0.463253 0.483611 0.463253 0.353398 0.451485 0.353398 0.463253 0.353776 0.463253 0.353033 0.451485 0.353033 0.463253 0.353398 0.463253 0.352688 0.451485 0.352688 0.463253 0.353033 0.463253 0.352368 0.451485 0.352368 0.463253 0.352688 0.463253 0.478443 0.396281 0.490212 0.396281 0.490212 0.395897 0.478443 0.425701 0.490212 0.425701 0.490212 0.396281 0.468309 0.510089 0.45654 0.510089 0.45654 0.509724 0.468309 0.510466 0.45654 0.510466 0.45654 0.510089 0.039092 0.466623 0.039092 0.454855 0.1685439 0.454855 0.03870898 0.466623 0.03870898 0.454855 0.039092 0.454855 0.03833097 0.466623 0.03833097 0.454855 0.03870898 0.454855 0.03796595 0.466623 0.03796595 0.454855 0.03833097 0.454855 0.03762096 0.466623 0.03762096 0.454855 0.03796595 0.454855 0.03730195 0.466623 0.03730195 0.454855 0.03762096 0.454855 0.03701198 0.466623 0.03701198 0.454855 0.03730195 0.454855 0.468309 0.509059 0.45654 0.509059 0.45654 0.50877 0.468309 0.509379 0.45654 0.509379 0.45654 0.509059 0.468309 0.509724 0.45654 0.509724 0.45654 0.509379 0.1685439 0.466623 0.1685439 0.454855 0.168928 0.454855 0.168928 0.466623 0.168928 0.454855 0.1693069 0.454855 0.1693069 0.466623 0.1693069 0.454855 0.16967 0.454855 0.16967 0.466623 0.16967 0.454855 0.170016 0.454855 0.170016 0.466623 0.170016 0.454855 0.170336 0.454855 0.170336 0.466623 0.170336 0.454855 0.170625 0.454855 0.478443 0.427782 0.490212 0.427782 0.490212 0.427492 0.478443 0.427492 0.490212 0.427492 0.490212 0.427172 0.478443 0.427172 0.490212 0.427172 0.490212 0.426827 0.478443 0.426827 0.490212 0.426827 0.490212 0.426463 0.478443 0.426463 0.490212 0.426463 0.490212 0.426085 0.478443 0.426085 0.490212 0.426085 0.490212 0.425701 0.485083 0.451485 0.485083 0.463253 0.485403 0.463253 0.484737 0.451485 0.484737 0.463253 0.485083 0.463253 0.484373 0.451485 0.484373 0.463253 0.484737 0.463253 0.483995 0.451485 0.483995 0.463253 0.484373 0.463253 0.353776 0.451485 0.353776 0.463253 0.354158 0.463253 0.352079 0.451485 0.352079 0.463253 0.352368 0.463253 0.478443 0.394489 0.490212 0.394489 0.490212 0.3942 0.478443 0.394809 0.490212 0.394809 0.490212 0.394489 0.478443 0.395154 0.490212 0.395154 0.490212 0.394809 0.478443 0.395519 0.490212 0.395519 0.490212 0.395154 0.478443 0.395897 0.490212 0.395897 0.490212 0.395519 0.682309 0.602143 0.683182 0.601271 0.683182 0.379908 0.03701198 0.484498 0.03788399 0.483627 0.17322 0.483627 0.691735 0.602143 0.690862 0.601271 0.690862 0.379908 0.306588 0.555946 0.30746 0.556817 0.442795 0.556817 0.487492 0.184179 0.487362 0.183694 0.48774 0.183619 0.487191 0.184282 0.486998 0.183818 0.487362 0.183694 0.486904 0.184423 0.486652 0.183988 0.486998 0.183818 0.486639 0.1845999 0.486332 0.184202 0.486652 0.183988 0.486399 0.1848109 0.486043 0.184456 0.486332 0.184202 0.486189 0.185051 0.485789 0.184745 0.486043 0.184456 0.486011 0.185316 0.485576 0.185065 0.485789 0.184745 0.485871 0.185602 0.485405 0.18541 0.485576 0.185065 0.485769 0.185905 0.485282 0.185775 0.485405 0.18541 0.485706 0.186217 0.485207 0.186152 0.485282 0.185775 0.485685 0.186536 0.485182 0.186536 0.485207 0.186152 0.485182 0.186536 0.485685 0.186536 0.485685 0.315988 0.485207 0.316372 0.485706 0.316306 0.485769 0.316619 0.485207 0.316372 0.485182 0.315988 0.485685 0.315988 0.485405 0.317114 0.485282 0.316749 0.485769 0.316619 0.485405 0.317114 0.485871 0.316921 0.486011 0.317207 0.485576 0.317459 0.486011 0.317207 0.486189 0.317473 0.486043 0.318068 0.485789 0.317779 0.486189 0.317473 0.486043 0.318068 0.486399 0.317713 0.486639 0.317923 0.486652 0.318536 0.486332 0.318322 0.486639 0.317923 0.486998 0.318706 0.486652 0.318536 0.486904 0.318101 0.487362 0.31883 0.486998 0.318706 0.487191 0.318242 0.48774 0.318905 0.487362 0.31883 0.487492 0.318344 0.48774 0.318905 0.487806 0.318406 0.488124 0.318427 0.517546 0.318427 0.517546 0.31893 0.488124 0.31893 0.517546 0.318427 0.517864 0.318406 0.51793 0.318905 0.517864 0.318406 0.518176 0.318344 0.518306 0.31883 0.518478 0.318242 0.518671 0.318706 0.518306 0.31883 0.518478 0.318242 0.518764 0.318101 0.519016 0.318536 0.519031 0.317923 0.519336 0.318322 0.519016 0.318536 0.519031 0.317923 0.519269 0.317713 0.519625 0.318068 0.519481 0.317473 0.519879 0.317779 0.519625 0.318068 0.519481 0.317473 0.519657 0.317207 0.520092 0.317459 0.519657 0.317207 0.519799 0.316921 0.520263 0.317114 0.519799 0.316921 0.519901 0.316619 0.520388 0.316749 0.519901 0.316619 0.519964 0.316306 0.520461 0.316372 0.519964 0.316306 0.519985 0.315988 0.520488 0.315988 0.519985 0.186536 0.520488 0.186536 0.520488 0.315988 0.519964 0.186217 0.520461 0.186152 0.520488 0.186536 0.519964 0.186217 0.519901 0.185905 0.520388 0.185775 0.519901 0.185905 0.519799 0.185602 0.520263 0.18541 0.519799 0.185602 0.519657 0.185316 0.520092 0.185065 0.519657 0.185316 0.519481 0.185051 0.519879 0.184745 0.519481 0.185051 0.519269 0.1848109 0.519625 0.184456 0.519031 0.1845999 0.519336 0.184202 0.519625 0.184456 0.519031 0.1845999 0.518764 0.184423 0.519016 0.183988 0.518478 0.184282 0.518671 0.183818 0.519016 0.183988 0.518478 0.184282 0.518176 0.184179 0.518306 0.183694 0.517864 0.184117 0.51793 0.183619 0.518306 0.183694 0.517864 0.184117 0.517546 0.184097 0.517546 0.183594 0.488124 0.184097 0.488124 0.183594 0.517546 0.183594 0.487806 0.184117 0.48774 0.183619 0.488124 0.183594 0.442795 0.556817 0.30746 0.556817 0.30746 0.556947 0.690862 0.379908 0.690862 0.601271 0.690734 0.601271 0.17322 0.483627 0.03788399 0.483627 0.03788399 0.483497 0.683182 0.379908 0.683182 0.601271 0.68331 0.601271 0.491921 0.762045 0.509057 0.757326 0.509626 0.757425 0.491921 0.762045 0.509626 0.757425 0.511452 0.75753 0.695579 0.757425 0.69615 0.757326 0.713284 0.762045 0.491921 0.762045 0.511452 0.75753 0.693753 0.75753 0.693753 0.75753 0.695579 0.757425 0.713284 0.762045 0.506624 0.756755 0.507806 0.757107 0.507893 0.757123 0.50525 0.756239 0.506046 0.756583 0.506624 0.756755 0.503874 0.755567 0.504376 0.755861 0.50525 0.756239 0.502555 0.754745 0.502822 0.754951 0.503874 0.755567 0.501335 0.753788 0.501416 0.753868 0.502555 0.754745 0.499333 0.751522 0.500177 0.752629 0.500253 0.752706 0.498582 0.75028 0.499129 0.751255 0.499333 0.751522 0.498009 0.74903 0.498292 0.749767 0.498582 0.75028 0.497605 0.747851 0.497683 0.748191 0.498009 0.74903 0.491921 0.626709 0.497373 0.641936 0.497312 0.642199 0.491921 0.626709 0.497312 0.642199 0.497191 0.643831 0.497312 0.746556 0.497373 0.746818 0.491921 0.762045 0.491921 0.626709 0.497191 0.643831 0.497191 0.744923 0.497191 0.744923 0.497312 0.746556 0.491921 0.762045 0.498009 0.639725 0.497683 0.640563 0.497605 0.640903 0.498582 0.638474 0.498292 0.638988 0.498009 0.639725 0.499333 0.637232 0.499129 0.6375 0.498582 0.638474 0.500253 0.636049 0.500177 0.636125 0.499333 0.637232 0.502555 0.634009 0.501416 0.634886 0.501335 0.634966 0.503874 0.633187 0.502822 0.633803 0.502555 0.634009 0.50525 0.632515 0.504376 0.632893 0.503874 0.633187 0.506624 0.631999 0.506046 0.632171 0.50525 0.632515 0.507893 0.631632 0.507806 0.631647 0.506624 0.631999 0.713284 0.626709 0.69615 0.631428 0.695579 0.631329 0.713284 0.626709 0.695579 0.631329 0.693753 0.631224 0.509626 0.631329 0.509057 0.631428 0.491921 0.626709 0.713284 0.626709 0.693753 0.631224 0.511452 0.631224 0.511452 0.631224 0.509626 0.631329 0.491921 0.626709 0.698584 0.631999 0.697399 0.631647 0.697312 0.631632 0.699955 0.632515 0.699161 0.632171 0.698584 0.631999 0.701331 0.633187 0.70083 0.632893 0.699955 0.632515 0.70265 0.634009 0.702383 0.633803 0.701331 0.633187 0.70387 0.634966 0.703791 0.634886 0.70265 0.634009 0.705872 0.637232 0.705028 0.636125 0.704953 0.636049 0.706623 0.638474 0.706077 0.6375 0.705872 0.637232 0.707199 0.639725 0.706913 0.638988 0.706623 0.638474 0.7076 0.640903 0.707522 0.640563 0.707199 0.639725 0.713284 0.762045 0.707833 0.746818 0.707893 0.746556 0.713284 0.762045 0.707893 0.746556 0.708016 0.744923 0.707893 0.642199 0.707833 0.641936 0.713284 0.626709 0.713284 0.762045 0.708016 0.744923 0.713284 0.626709 0.708016 0.643831 0.707893 0.642199 0.713284 0.626709 0.707199 0.74903 0.707522 0.748191 0.7076 0.747851 0.706623 0.75028 0.706913 0.749767 0.707199 0.74903 0.705872 0.751522 0.706077 0.751255 0.706623 0.75028 0.704953 0.752706 0.705028 0.752629 0.705872 0.751522 0.70265 0.754745 0.703791 0.753868 0.70387 0.753788 0.701331 0.755567 0.702383 0.754951 0.70265 0.754745 0.699955 0.756239 0.70083 0.755861 0.701331 0.755567 0.698584 0.756755 0.699161 0.756583 0.699955 0.756239 0.697312 0.757123 0.697399 0.757107 0.698584 0.756755 0.6972 0.756257 0.697399 0.757107 0.697312 0.757123 0.697312 0.757123 0.69615 0.757326 0.6972 0.756257 0.695579 0.757425 0.695479 0.756558 0.69615 0.757326 0.693753 0.75753 0.693728 0.756658 0.695479 0.756558 0.693753 0.75753 0.511452 0.75753 0.511479 0.756658 0.511452 0.75753 0.509626 0.757425 0.509727 0.756558 0.509727 0.756558 0.509626 0.757425 0.509057 0.757326 0.509057 0.757326 0.507893 0.757123 0.508005 0.756257 0.507806 0.757107 0.508005 0.756257 0.507893 0.757123 0.508005 0.756257 0.507806 0.757107 0.506624 0.756755 0.506624 0.756755 0.506046 0.756583 0.506343 0.755763 0.506343 0.755763 0.506046 0.756583 0.50525 0.756239 0.50525 0.756239 0.504376 0.755861 0.504771 0.755082 0.504771 0.755082 0.504376 0.755861 0.503874 0.755567 0.503874 0.755567 0.502822 0.754951 0.50331 0.754227 0.50331 0.754227 0.502822 0.754951 0.502555 0.754745 0.502555 0.754745 0.501416 0.753868 0.501992 0.753212 0.501992 0.753212 0.501416 0.753868 0.501335 0.753788 0.500253 0.752706 0.500177 0.752629 0.500835 0.752054 0.501992 0.753212 0.501335 0.753788 0.500835 0.752054 0.500835 0.752054 0.500177 0.752629 0.499333 0.751522 0.499333 0.751522 0.499129 0.751255 0.499859 0.750774 0.499859 0.750774 0.499129 0.751255 0.498582 0.75028 0.498582 0.75028 0.498292 0.749767 0.499083 0.749394 0.499083 0.749394 0.498292 0.749767 0.498009 0.74903 0.498009 0.74903 0.497683 0.748191 0.498519 0.747936 0.498519 0.747936 0.497683 0.748191 0.497605 0.747851 0.497605 0.747851 0.497373 0.746818 0.498177 0.746427 0.497312 0.746556 0.498177 0.746427 0.497373 0.746818 0.497191 0.744923 0.498061 0.74489 0.498177 0.746427 0.497191 0.643831 0.498061 0.643864 0.498061 0.74489 0.497191 0.643831 0.497312 0.642199 0.498177 0.642328 0.498177 0.642328 0.497312 0.642199 0.497373 0.641936 0.497373 0.641936 0.497605 0.640903 0.498177 0.642328 0.497683 0.640563 0.498519 0.640818 0.497605 0.640903 0.498519 0.640818 0.497683 0.640563 0.498009 0.639725 0.498009 0.639725 0.498292 0.638988 0.499083 0.639361 0.499083 0.639361 0.498292 0.638988 0.498582 0.638474 0.498582 0.638474 0.499129 0.6375 0.499859 0.63798 0.499859 0.63798 0.499129 0.6375 0.499333 0.637232 0.499333 0.637232 0.500177 0.636125 0.500835 0.6367 0.500835 0.6367 0.500177 0.636125 0.500253 0.636049 0.500253 0.636049 0.501335 0.634966 0.500835 0.6367 0.501416 0.634886 0.501992 0.635543 0.501335 0.634966 0.501992 0.635543 0.501416 0.634886 0.502555 0.634009 0.502555 0.634009 0.502822 0.633803 0.50331 0.634527 0.50331 0.634527 0.502822 0.633803 0.503874 0.633187 0.503874 0.633187 0.504376 0.632893 0.504771 0.633672 0.504771 0.633672 0.504376 0.632893 0.50525 0.632515 0.50525 0.632515 0.506046 0.632171 0.506343 0.632991 0.506343 0.632991 0.506046 0.632171 0.506624 0.631999 0.506624 0.631999 0.507806 0.631647 0.508005 0.632497 0.508005 0.632497 0.507806 0.631647 0.507893 0.631632 0.507893 0.631632 0.509057 0.631428 0.508005 0.632497 0.509626 0.631329 0.509727 0.632196 0.509057 0.631428 0.511452 0.631224 0.511479 0.632096 0.509727 0.632196 0.693753 0.631224 0.693728 0.632096 0.511479 0.632096 0.693753 0.631224 0.695579 0.631329 0.695479 0.632196 0.695479 0.632196 0.695579 0.631329 0.69615 0.631428 0.697312 0.631632 0.697399 0.631647 0.6972 0.632497 0.695479 0.632196 0.69615 0.631428 0.6972 0.632497 0.6972 0.632497 0.697399 0.631647 0.698584 0.631999 0.698584 0.631999 0.699161 0.632171 0.698862 0.632991 0.698862 0.632991 0.699161 0.632171 0.699955 0.632515 0.699955 0.632515 0.70083 0.632893 0.700436 0.633672 0.700436 0.633672 0.70083 0.632893 0.701331 0.633187 0.701331 0.633187 0.702383 0.633803 0.701895 0.634527 0.701895 0.634527 0.702383 0.633803 0.70265 0.634009 0.70265 0.634009 0.703791 0.634886 0.703214 0.635543 0.703214 0.635543 0.703791 0.634886 0.70387 0.634966 0.704953 0.636049 0.705028 0.636125 0.704372 0.6367 0.703214 0.635543 0.70387 0.634966 0.704372 0.6367 0.704372 0.6367 0.705028 0.636125 0.705872 0.637232 0.705872 0.637232 0.706077 0.6375 0.705346 0.63798 0.705346 0.63798 0.706077 0.6375 0.706623 0.638474 0.706623 0.638474 0.706913 0.638988 0.706122 0.639361 0.706122 0.639361 0.706913 0.638988 0.707199 0.639725 0.707199 0.639725 0.707522 0.640563 0.706686 0.640818 0.706686 0.640818 0.707522 0.640563 0.7076 0.640903 0.707833 0.641936 0.707893 0.642199 0.707028 0.642328 0.706686 0.640818 0.7076 0.640903 0.707028 0.642328 0.708016 0.643831 0.707144 0.643864 0.707028 0.642328 0.708016 0.744923 0.707144 0.74489 0.707144 0.643864 0.708016 0.744923 0.707893 0.746556 0.707028 0.746427 0.707028 0.746427 0.707893 0.746556 0.707833 0.746818 0.707833 0.746818 0.7076 0.747851 0.707028 0.746427 0.707522 0.748191 0.706686 0.747936 0.7076 0.747851 0.706686 0.747936 0.707522 0.748191 0.707199 0.74903 0.707199 0.74903 0.706913 0.749767 0.706122 0.749394 0.706122 0.749394 0.706913 0.749767 0.706623 0.75028 0.706623 0.75028 0.706077 0.751255 0.705346 0.750774 0.705346 0.750774 0.706077 0.751255 0.705872 0.751522 0.705872 0.751522 0.705028 0.752629 0.704372 0.752054 0.704372 0.752054 0.705028 0.752629 0.704953 0.752706 0.704953 0.752706 0.70387 0.753788 0.704372 0.752054 0.703791 0.753868 0.703214 0.753212 0.70387 0.753788 0.703214 0.753212 0.703791 0.753868 0.70265 0.754745 0.70265 0.754745 0.702383 0.754951 0.701895 0.754227 0.701895 0.754227 0.702383 0.754951 0.701331 0.755567 0.701331 0.755567 0.70083 0.755861 0.700436 0.755082 0.700436 0.755082 0.70083 0.755861 0.699955 0.756239 0.699955 0.756239 0.699161 0.756583 0.698862 0.755763 0.698862 0.755763 0.699161 0.756583 0.698584 0.756755 0.698584 0.756755 0.697399 0.757107 0.6972 0.756257 0.780031 0.681607 0.780031 0.683269 0.784042 0.683269 0.780031 0.680033 0.780031 0.681607 0.784042 0.681607 0.780031 0.678574 0.780031 0.680033 0.784042 0.680033 0.780031 0.677255 0.780031 0.678574 0.784042 0.678574 0.307746 0.56437 0.306588 0.56437 0.306588 0.568381 0.309025 0.56437 0.307746 0.56437 0.307746 0.568381 0.310406 0.56437 0.309025 0.56437 0.309025 0.568381 0.311863 0.56437 0.310406 0.56437 0.310406 0.568381 0.313373 0.56437 0.311863 0.56437 0.311863 0.568381 0.31491 0.56437 0.313373 0.56437 0.313373 0.568381 0.415936 0.56437 0.31491 0.56437 0.31491 0.568381 0.417471 0.56437 0.415936 0.56437 0.415936 0.568381 0.418981 0.56437 0.417471 0.56437 0.417471 0.568381 0.42044 0.56437 0.418981 0.56437 0.418981 0.568381 0.421819 0.56437 0.42044 0.56437 0.42044 0.568381 0.4231 0.56437 0.421819 0.56437 0.421819 0.568381 0.424258 0.56437 0.4231 0.56437 0.4231 0.568381 0.794151 0.885582 0.794151 0.886902 0.79014 0.886902 0.794151 0.884123 0.794151 0.885582 0.79014 0.885582 0.794151 0.882549 0.794151 0.884123 0.79014 0.884123 0.794151 0.880887 0.794151 0.882549 0.79014 0.882549 0.794151 0.879166 0.794151 0.880887 0.79014 0.880887 0.794151 0.877415 0.794151 0.879166 0.79014 0.879166 0.794151 0.695166 0.794151 0.877415 0.79014 0.877415 0.794151 0.693414 0.794151 0.695166 0.79014 0.695166 0.794151 0.691693 0.794151 0.693414 0.79014 0.693414 0.794151 0.690032 0.794151 0.691693 0.79014 0.691693 0.794151 0.688458 0.794151 0.690032 0.79014 0.690032 0.794151 0.686998 0.794151 0.688458 0.79014 0.688458 0.794151 0.685679 0.794151 0.686998 0.79014 0.686998 0.321225 0.482454 0.320067 0.482454 0.320067 0.478443 0.322504 0.482454 0.321225 0.482454 0.321225 0.478443 0.323885 0.482454 0.322504 0.482454 0.322504 0.478443 0.325342 0.482454 0.323885 0.482454 0.323885 0.478443 0.326852 0.482454 0.325342 0.482454 0.325342 0.478443 0.328389 0.482454 0.326852 0.482454 0.326852 0.478443 0.429415 0.482454 0.328389 0.482454 0.328389 0.478443 0.430951 0.482454 0.429415 0.482454 0.429415 0.478443 0.432459 0.482454 0.430951 0.482454 0.430951 0.478443 0.433918 0.482454 0.432459 0.482454 0.432459 0.478443 0.435298 0.482454 0.433918 0.482454 0.433918 0.478443 0.436579 0.482454 0.435298 0.482454 0.435298 0.478443 0.437737 0.482454 0.436579 0.482454 0.436579 0.478443 0.780031 0.877158 0.780031 0.878477 0.784042 0.878477 0.780031 0.875699 0.780031 0.877158 0.784042 0.877158 0.780031 0.874125 0.780031 0.875699 0.784042 0.875699 0.780031 0.872463 0.780031 0.874125 0.784042 0.874125 0.780031 0.870742 0.780031 0.872463 0.784042 0.872463 0.780031 0.868991 0.780031 0.870742 0.784042 0.870742 0.780031 0.686741 0.780031 0.868991 0.784042 0.868991 0.780031 0.68499 0.780031 0.686741 0.784042 0.686741 0.780031 0.683269 0.780031 0.68499 0.784042 0.68499 0.279503 0.524738 0.279503 0.518853 0.267734 0.530622 0.279503 0.512969 0.267734 0.507085 0.279503 0.518853 0.23243 0.507085 0.220661 0.512969 0.220661 0.518853 0.220661 0.518853 0.220661 0.524738 0.23243 0.530622 0.23243 0.530622 0.267734 0.530622 0.23243 0.507085 0.279503 0.518853 0.267734 0.507085 0.267734 0.530622 0.23243 0.507085 0.220661 0.518853 0.23243 0.530622 0.203812 0.466623 0.205283 0.466623 0.203812 0.460739 0.205283 0.454855 0.203812 0.454855 0.203812 0.460739 0.348709 0.471489 0.348709 0.470018 0.360478 0.470018 0.360478 0.470018 0.395783 0.470018 0.395783 0.471489 0.395783 0.471489 0.395783 0.470018 0.407551 0.470018 0.466435 0.227374 0.464964 0.227374 0.466435 0.22149 0.464964 0.215606 0.466435 0.215606 0.466435 0.22149 0.414418 0.470018 0.414418 0.471489 0.426187 0.471489 0.461492 0.471489 0.461492 0.470018 0.426187 0.470018 0.461492 0.470018 0.461492 0.471489 0.47326 0.471489 0.204574 0.401241 0.2048889 0.40237 0.205663 0.402179 0.204115 0.402562 0.2048889 0.40237 0.204574 0.401241 0.460025 0.20983 0.460024 0.207182 0.458786 0.20983 0.458502 0.207182 0.458502 0.20983 0.458786 0.20983 0.458502 0.20983 0.458502 0.207182 0.455753 0.207182 0.461977 0.264995 0.462422 0.266505 0.46214 0.266588 0.463243 0.264682 0.463621 0.266208 0.463336 0.266278 0.46295 0.269337 0.46214 0.266588 0.462422 0.266505 0.463336 0.266278 0.463621 0.266208 0.464307 0.268973 0.462467 0.264874 0.46239 0.26459 0.462886 0.264467 0.46239 0.26459 0.462467 0.264874 0.461977 0.264995 0.460377 0.209536 0.460377 0.207182 0.460024 0.207182 0.202127 0.424527 0.202127 0.424884 0.204481 0.424884 0.462467 0.264874 0.462879 0.266392 0.462422 0.266505 0.462958 0.264752 0.463336 0.266278 0.462879 0.266392 0.46329 0.269447 0.462422 0.266505 0.462879 0.266392 0.46368 0.269343 0.462879 0.266392 0.463336 0.266278 0.46612 0.278506 0.46579 0.277258 0.466254 0.277146 0.465327 0.277369 0.46579 0.277258 0.46612 0.278506 0.46579 0.277258 0.465327 0.277369 0.464546 0.274134 0.465326 0.273925 0.466254 0.277146 0.46579 0.277258 0.201663 0.433246 0.201951 0.433246 0.201968 0.435894 0.201968 0.433246 0.201968 0.435894 0.201951 0.433246 0.200442 0.435894 0.200442 0.433246 0.201663 0.433246 0.201968 0.435894 0.201968 0.433246 0.204734 0.433246 0.312404 0.461891 0.312404 0.464765 0.311718 0.461999 0.314322 0.469397 0.316355 0.471429 0.315197 0.472317 0.314322 0.469397 0.314753 0.468835 0.317243 0.470272 0.315024 0.468181 0.317801 0.468924 0.317243 0.470272 0.315117 0.467478 0.317991 0.467478 0.317801 0.468924 0.315117 0.467478 0.315024 0.466776 0.317801 0.466032 0.315024 0.466776 0.314753 0.466122 0.317243 0.464685 0.314322 0.46556 0.316355 0.463528 0.317243 0.464685 0.31376 0.465129 0.315197 0.462639 0.316355 0.463528 0.31376 0.465129 0.313106 0.464858 0.31385 0.462081 0.312404 0.464765 0.312404 0.461891 0.31385 0.462081 0.312404 0.461891 0.311713 0.461982 0.311643 0.461694 0.312404 0.461891 0.312404 0.461594 0.313927 0.461795 0.315197 0.472317 0.315346 0.472574 0.314636 0.472868 0.316355 0.471429 0.316565 0.471639 0.315346 0.472574 0.317243 0.470272 0.3175 0.47042 0.316565 0.471639 0.317801 0.468924 0.318088 0.469001 0.3175 0.47042 0.317991 0.467478 0.318288 0.467478 0.318088 0.469001 0.317991 0.467478 0.317801 0.466032 0.318088 0.465955 0.317801 0.466032 0.317243 0.464685 0.3175 0.464536 0.316355 0.463528 0.316565 0.463318 0.3175 0.464536 0.316355 0.463528 0.315197 0.462639 0.315346 0.462383 0.315197 0.462639 0.31385 0.462081 0.313927 0.461795 0.325416 0.467278 0.325416 0.466516 0.325121 0.466516 0.325121 0.467987 0.325121 0.468006 0.325416 0.468006 0.325416 0.468006 0.325416 0.467278 0.325121 0.467987 0.325416 0.464232 0.325416 0.465755 0.328063 0.465755 0.325416 0.462813 0.325416 0.464232 0.328063 0.464232 0.325416 0.461594 0.325416 0.462813 0.328063 0.462813 0.336449 0.464242 0.33523 0.464242 0.33523 0.461594 0.337868 0.464242 0.336449 0.464242 0.336449 0.461594 0.339391 0.464242 0.337868 0.464242 0.337868 0.461594 0.340914 0.464242 0.339391 0.464242 0.339391 0.461594 0.342333 0.464242 0.340914 0.464242 0.340914 0.461594 0.343552 0.464242 0.342333 0.464242 0.342333 0.461594 0.467612 0.190697 0.467612 0.191916 0.464964 0.191916 0.464964 0.189987 0.467612 0.189987 0.467612 0.190697 0.467612 0.189278 0.467612 0.189987 0.464964 0.189987 0.467612 0.188497 0.467612 0.189278 0.464964 0.189278 0.467612 0.188497 0.464964 0.188497 0.464964 0.187755 0.467906 0.188516 0.467906 0.189278 0.467612 0.189278 0.467612 0.189278 0.467612 0.188497 0.467906 0.188497 0.467612 0.189987 0.467612 0.189278 0.467906 0.189278 0.467612 0.186232 0.467612 0.187755 0.464964 0.187755 0.467612 0.184813 0.467612 0.186232 0.464964 0.186232 0.467612 0.183594 0.467612 0.184813 0.464964 0.184813 0.237043 0.45317 0.235824 0.45317 0.235824 0.455818 0.238462 0.45317 0.237043 0.45317 0.237043 0.455818 0.239985 0.45317 0.238462 0.45317 0.238462 0.455818 0.241508 0.45317 0.239985 0.45317 0.239985 0.455818 0.242927 0.45317 0.241508 0.45317 0.241508 0.455818 0.244146 0.45317 0.242927 0.45317 0.242927 0.455818 0.325416 0.468697 0.325416 0.469916 0.328063 0.469916 0.328063 0.468006 0.325416 0.468006 0.325416 0.468697 0.325416 0.468006 0.328063 0.468006 0.328063 0.467278 0.328063 0.466516 0.325416 0.466516 0.325416 0.467278 0.325416 0.466516 0.328063 0.466516 0.328063 0.465755 0.274297 0.396428 0.274148 0.396171 0.27484 0.395885 0.27709 0.406854 0.277763 0.406766 0.277832 0.407054 0.274297 0.396428 0.273139 0.397316 0.272929 0.397106 0.273139 0.397316 0.272252 0.398474 0.271994 0.398325 0.275644 0.406664 0.275568 0.406951 0.274148 0.406363 0.275644 0.406664 0.27709 0.406854 0.27709 0.407151 0.272252 0.398474 0.271693 0.399821 0.271407 0.399744 0.271693 0.399821 0.271503 0.401267 0.271206 0.401267 0.271693 0.402713 0.271407 0.40279 0.271206 0.401267 0.271693 0.402713 0.272252 0.404061 0.271994 0.404209 0.272252 0.404061 0.273139 0.405218 0.272929 0.405428 0.273139 0.405218 0.274297 0.406106 0.274148 0.406363 0.276388 0.403888 0.27709 0.40398 0.27709 0.406854 0.273139 0.397316 0.274297 0.396428 0.275734 0.398917 0.272252 0.398474 0.273139 0.397316 0.275172 0.399349 0.27447 0.400565 0.271693 0.399821 0.272252 0.398474 0.27447 0.400565 0.274377 0.401267 0.271503 0.401267 0.27447 0.401969 0.271693 0.402713 0.271503 0.401267 0.27447 0.401969 0.274741 0.402623 0.272252 0.404061 0.275172 0.403186 0.273139 0.405218 0.272252 0.404061 0.275172 0.403186 0.275734 0.403617 0.274297 0.406106 0.276388 0.403888 0.275644 0.406664 0.274297 0.406106 0.235824 0.373513 0.235824 0.374215 0.238472 0.374215 0.235824 0.372859 0.235824 0.373513 0.238472 0.373513 0.235824 0.372297 0.235824 0.372859 0.238472 0.372859 0.312205 0.408936 0.311643 0.408936 0.311643 0.406288 0.312859 0.408936 0.312205 0.408936 0.312205 0.406288 0.313561 0.408936 0.312859 0.408936 0.312859 0.406288 0.314263 0.408936 0.313561 0.408936 0.313561 0.406288 0.314917 0.408936 0.314263 0.408936 0.314263 0.406288 0.315479 0.408936 0.314917 0.408936 0.314917 0.406288 0.31591 0.408936 0.315479 0.408936 0.315479 0.406288 0.318666 0.406288 0.318666 0.408936 0.31591 0.408936 0.320159 0.406288 0.320159 0.408936 0.318951 0.406288 0.318666 0.408936 0.318666 0.406288 0.318951 0.406288 0.203091 0.385308 0.203091 0.38601 0.200442 0.38601 0.203091 0.384653 0.203091 0.385308 0.200442 0.385308 0.203091 0.384091 0.203091 0.384653 0.200442 0.384653 0.452047 0.207182 0.451485 0.207182 0.451485 0.20983 0.452702 0.207182 0.452047 0.207182 0.452047 0.20983 0.453404 0.207182 0.452702 0.207182 0.452702 0.20983 0.454106 0.207182 0.453404 0.207182 0.453404 0.20983 0.45476 0.207182 0.454106 0.207182 0.454106 0.20983 0.455322 0.207182 0.45476 0.207182 0.45476 0.20983 0.455753 0.207182 0.455322 0.207182 0.455322 0.20983 0.462599 0.269978 0.462389 0.269768 0.46295 0.269337 0.463682 0.27402 0.464546 0.274134 0.464307 0.2744 0.463099 0.273779 0.463682 0.27402 0.463605 0.274307 0.462599 0.273395 0.463099 0.273779 0.46295 0.274036 0.462215 0.272895 0.462599 0.273395 0.462389 0.273605 0.461891 0.271686 0.461973 0.272312 0.461687 0.272389 0.461973 0.272312 0.462215 0.272895 0.461958 0.273043 0.461891 0.271686 0.461594 0.271686 0.461687 0.270984 0.462215 0.270478 0.461958 0.27033 0.462389 0.269768 0.461973 0.271061 0.461687 0.270984 0.461958 0.27033 0.464307 0.268973 0.46501 0.269066 0.464933 0.269352 0.465664 0.269337 0.465516 0.269594 0.464933 0.269352 0.466226 0.269768 0.466016 0.269978 0.465516 0.269594 0.466226 0.269768 0.466657 0.27033 0.4664 0.270478 0.466657 0.27033 0.466928 0.270984 0.466641 0.271061 0.466928 0.270984 0.46702 0.271686 0.466724 0.271686 0.46702 0.271686 0.466928 0.272389 0.466641 0.272312 0.466657 0.273043 0.4664 0.272895 0.466641 0.272312 0.466657 0.273043 0.466226 0.273605 0.466016 0.273395 0.465664 0.274036 0.465326 0.273925 0.466016 0.273395 0.466458 0.276792 0.466254 0.277146 0.465326 0.273925 0.466254 0.277146 0.466458 0.276792 0.466888 0.278285 0.465041 0.277438 0.465327 0.277369 0.465635 0.278646 0.465635 0.278646 0.46612 0.278506 0.466196 0.278791 0.466687 0.278649 0.466196 0.278791 0.46612 0.278506 0.320159 0.408936 0.320159 0.406288 0.320524 0.406583 0.263745 0.405994 0.263745 0.406346 0.261391 0.406346 0.465327 0.277369 0.465041 0.277438 0.464307 0.2744 0.190334 0.427175 0.191588 0.427175 0.190333 0.424527 0.1918759 0.427175 0.191623 0.424527 0.191588 0.427175 0.194662 0.424527 0.191623 0.424527 0.1918759 0.427175 0.176227 0.360381 0.175936 0.359245 0.17517 0.359466 0.176702 0.359024 0.175936 0.359245 0.176227 0.360381 0.176354 0.358818 0.175862 0.35896 0.175936 0.359245 0.175936 0.359245 0.175862 0.35896 0.175371 0.359102 0.263745 0.406838 0.261391 0.406838 0.261391 0.406346 0.261391 0.406838 0.263745 0.406838 0.263745 0.407329 0.204472 0.402777 0.204968 0.402654 0.2048889 0.40237 0.2048889 0.40237 0.204968 0.402654 0.205464 0.402531 0.202127 0.42538 0.204481 0.42538 0.204481 0.424884 0.204481 0.42538 0.202127 0.42538 0.202127 0.425876 0.702393 0.379942 0.704747 0.379037 0.699158 0.379037 0.749012 0.771179 0.748615 0.771301 0.748615 0.773827 0.745041 0.768237 0.744876 0.768531 0.748615 0.771301 0.757347 0.677255 0.757347 0.681226 0.756443 0.681226 0.435238 0.790247 0.431267 0.787305 0.431664 0.787183 0.431267 0.781715 0.431664 0.781715 0.431664 0.787183 0.216478 0.322745 0.216478 0.322348 0.005353987 0.322348 0.704747 0.590161 0.704747 0.379037 0.702393 0.379942 0.433896 0.005396962 0.224384 0.005396962 0.224384 0.004999995 0.433896 0.005396962 0.43425 0.005396962 0.43425 0.322348 0.224384 0.005396962 0.433896 0.005396962 0.433896 0.322348 0.22403 0.005396962 0.224384 0.005396962 0.224384 0.322348 0.613628 0.183594 0.613628 0.185948 0.930579 0.185948 0.613231 0.185948 0.613628 0.185948 0.613628 0.183594 0.817766 0.895898 0.815412 0.896803 0.815412 0.685679 0.224384 0.322745 0.224384 0.322348 0.433896 0.322348 0.431267 0.771179 0.431267 0.774415 0.431664 0.773827 0.821002 0.896803 0.815412 0.896803 0.817766 0.895898 0.749012 0.781715 0.749012 0.787305 0.748615 0.787183 0.745041 0.790247 0.744876 0.789953 0.748615 0.787183 0.757347 0.991028 0.757347 0.995 0.756443 0.995 0.757347 0.681226 0.757347 0.991028 0.756443 0.991028 0.435238 0.790247 0.435403 0.789953 0.744876 0.789953 0.431664 0.787183 0.748615 0.787183 0.744876 0.789953 0.748615 0.787183 0.431664 0.787183 0.431664 0.781715 0.004999995 0.322348 0.005353987 0.322348 0.005353987 0.005396962 0.216478 0.005396962 0.005353987 0.005396962 0.005353987 0.322348 0.21683 0.005396962 0.216478 0.005396962 0.216478 0.322348 0.005353987 0.004999995 0.005353987 0.005396962 0.216478 0.005396962 0.930976 0.183594 0.930579 0.183594 0.930579 0.185948 0.435238 0.768237 0.435403 0.768531 0.744876 0.768531 0.435238 0.768237 0.431267 0.771179 0.431664 0.771301 0.431664 0.771301 0.748615 0.771301 0.744876 0.768531 0.748615 0.771301 0.431664 0.771301 0.431664 0.773827 0.271858 0.38571 0.271601 0.385562 0.272068 0.384953 0.272278 0.385162 0.272068 0.384953 0.272677 0.384485 0.271593 0.386348 0.271306 0.386272 0.271601 0.385562 0.271503 0.387033 0.271206 0.387033 0.271306 0.386272 0.271503 0.387033 0.271593 0.387718 0.271306 0.387795 0.271858 0.388356 0.271601 0.388504 0.271306 0.387795 0.272278 0.388903 0.272068 0.389114 0.271601 0.388504 0.272826 0.389324 0.273464 0.389588 0.273387 0.389875 0.274148 0.389678 0.274148 0.389975 0.273387 0.389875 0.274833 0.389588 0.275471 0.389324 0.275619 0.389581 0.275471 0.389324 0.276019 0.388903 0.276228 0.389114 0.276439 0.388356 0.276704 0.387718 0.27699 0.387795 0.276704 0.387718 0.276794 0.387033 0.27709 0.387033 0.276704 0.386348 0.276439 0.38571 0.276696 0.385562 0.276439 0.38571 0.276019 0.385162 0.276228 0.384953 0.274833 0.384478 0.27491 0.384191 0.275619 0.384485 0.274833 0.384478 0.274148 0.384388 0.274148 0.384091 0.272826 0.384742 0.272677 0.384485 0.273387 0.384191 0.273464 0.384478 0.273387 0.384191 0.274148 0.384091 0.275471 0.384742 0.275619 0.384485 0.276228 0.384953 0.276704 0.386348 0.27699 0.386272 0.27709 0.387033 0.276019 0.388903 0.276439 0.388356 0.276696 0.388504 0.274148 0.389678 0.274833 0.389588 0.27491 0.389875 0.272278 0.388903 0.272826 0.389324 0.272677 0.389581 0.311643 0.391012 0.311643 0.391622 0.317232 0.391622 0.311643 0.390303 0.311643 0.391012 0.317232 0.391012 0.311643 0.389541 0.311643 0.390303 0.317232 0.390303 0.311643 0.38878 0.311643 0.389541 0.317232 0.389541 0.311643 0.38807 0.311643 0.38878 0.317232 0.38878 0.311643 0.387461 0.311643 0.38807 0.317232 0.38807 0.236434 0.366093 0.235824 0.366093 0.235824 0.360503 0.237143 0.366093 0.236434 0.366093 0.236434 0.360503 0.237905 0.366093 0.237143 0.366093 0.237143 0.360503 0.2386659 0.366093 0.237905 0.366093 0.237905 0.360503 0.239376 0.366093 0.2386659 0.366093 0.2386659 0.360503 0.239985 0.366093 0.239376 0.366093 0.239376 0.360503 0.265003 0.342152 0.265003 0.342761 0.259412 0.342761 0.265003 0.341442 0.265003 0.342152 0.259412 0.342152 0.265003 0.340681 0.265003 0.341442 0.259412 0.341442 0.265003 0.339919 0.265003 0.340681 0.259412 0.340681 0.265003 0.339209 0.265003 0.339919 0.259412 0.339919 0.265003 0.3386 0.265003 0.339209 0.259412 0.339209 0.236434 0.348709 0.235824 0.348709 0.235824 0.354299 0.237143 0.348709 0.236434 0.348709 0.236434 0.354299 0.237905 0.348709 0.237143 0.348709 0.237143 0.354299 0.2386659 0.348709 0.237905 0.348709 0.237905 0.354299 0.239376 0.348709 0.2386659 0.348709 0.2386659 0.354299 0.239985 0.348709 0.239376 0.348709 0.239376 0.354299 0.499037 0.373529 0.499037 0.36176 0.501979 0.36176 0.481385 0.373529 0.499037 0.373529 0.499037 0.376471 0.481385 0.36176 0.481385 0.373529 0.478443 0.373529 0.499037 0.36176 0.481385 0.36176 0.481385 0.358818 0.481385 0.373529 0.481385 0.36176 0.499037 0.36176 0.454824 0.273191 0.455011 0.273047 0.455221 0.273257 0.455011 0.273047 0.455155 0.27286 0.455412 0.273008 0.455246 0.272642 0.455531 0.272719 0.455412 0.273008 0.455276 0.272408 0.455573 0.272408 0.455531 0.272719 0.455155 0.271955 0.455412 0.271807 0.455531 0.272097 0.455011 0.271768 0.455221 0.271558 0.455412 0.271807 0.454371 0.271503 0.454371 0.271206 0.454682 0.271247 0.454371 0.271503 0.454137 0.271534 0.454061 0.271247 0.454137 0.271534 0.453919 0.271624 0.45377 0.271367 0.453732 0.271768 0.453522 0.271558 0.45377 0.271367 0.453467 0.272408 0.45317 0.272408 0.453212 0.272097 0.453467 0.272408 0.453497 0.272642 0.453212 0.272719 0.453497 0.272642 0.453588 0.27286 0.453331 0.273008 0.453732 0.273047 0.453522 0.273257 0.453331 0.273008 0.454137 0.273282 0.454371 0.273312 0.454371 0.273609 0.454606 0.273282 0.454682 0.273568 0.454371 0.273609 0.454606 0.273282 0.454824 0.273191 0.454971 0.273448 0.281656 0.415579 0.281656 0.415868 0.281315 0.415868 0.281656 0.415268 0.281656 0.415579 0.281315 0.415579 0.281656 0.414957 0.281656 0.415268 0.281315 0.415268 0.281656 0.414667 0.281656 0.414957 0.281315 0.414957 0.281656 0.414418 0.281656 0.414667 0.281315 0.414667 0.451735 0.2172909 0.451485 0.2172909 0.451485 0.217631 0.452024 0.2172909 0.451735 0.2172909 0.451735 0.217631 0.452335 0.2172909 0.452024 0.2172909 0.452024 0.217631 0.452645 0.2172909 0.452335 0.2172909 0.452335 0.217631 0.452936 0.2172909 0.452645 0.2172909 0.452645 0.217631 0.453184 0.2172909 0.452936 0.2172909 0.452936 0.217631 0.250988 0.45125 0.250988 0.451499 0.251329 0.451499 0.250988 0.45096 0.250988 0.45125 0.251329 0.45125 0.250988 0.45065 0.250988 0.45096 0.251329 0.45096 0.250988 0.450339 0.250988 0.45065 0.251329 0.45065 0.250988 0.450049 0.250988 0.450339 0.251329 0.450339 0.250988 0.4498 0.250988 0.450049 0.251329 0.450049 0.45342 0.279971 0.45317 0.279971 0.45317 0.27963 0.453707 0.279971 0.45342 0.279971 0.45342 0.27963 0.454018 0.279971 0.453707 0.279971 0.453707 0.27963 0.454332 0.279971 0.454018 0.279971 0.454018 0.27963 0.454619 0.279971 0.454332 0.279971 0.454332 0.27963 0.454869 0.279971 0.454619 0.279971 0.454619 0.27963 0.281656 0.415868 0.281656 0.416117 0.281315 0.416117 0.455276 0.272408 0.455246 0.272173 0.455531 0.272097 0.455011 0.271768 0.454824 0.271624 0.454971 0.271367 0.454606 0.271534 0.454682 0.271247 0.454971 0.271367 0.453732 0.271768 0.453588 0.271955 0.453331 0.271807 0.453588 0.271955 0.453497 0.272173 0.453212 0.272097 0.453919 0.273191 0.45377 0.273448 0.453522 0.273257 0.454137 0.273282 0.454061 0.273568 0.45377 0.273448 0.731088 0.008635997 0.731056 0.008160948 0.719134 0.014337 0.719134 0.014337 0.730023 0.006064951 0.729665 0.005750954 0.441376 0.1733919 0.534561 0.174735 0.534561 0.01520794 0.441407 0.173867 0.534795 0.175607 0.534561 0.174735 0.44244 0.175963 0.535434 0.176245 0.534795 0.175607 0.535434 0.176245 0.444537 0.176997 0.445012 0.177028 0.536305 0.176478 0.445012 0.177028 0.727451 0.177028 0.727451 0.177028 0.727926 0.176997 0.718497 0.176245 0.719134 0.175607 0.718497 0.176245 0.72927 0.176541 0.719368 0.174735 0.719134 0.175607 0.731056 0.173867 0.719368 0.01520794 0.719368 0.174735 0.731088 0.1733919 0.718497 0.01369899 0.727926 0.005030989 0.727451 0.004999995 0.536305 0.01346498 0.717624 0.01346498 0.727451 0.004999995 0.445012 0.004999995 0.444537 0.005030989 0.535434 0.01369899 0.534795 0.014337 0.535434 0.01369899 0.44244 0.006064951 0.534561 0.01520794 0.534795 0.014337 0.441407 0.008160948 0.534795 0.175607 0.535434 0.176245 0.536305 0.176478 0.536305 0.176478 0.717624 0.176478 0.717624 0.01346498 0.718497 0.176245 0.719134 0.175607 0.719368 0.174735 0.719368 0.174735 0.719368 0.01520794 0.717624 0.01346498 0.719134 0.014337 0.718497 0.01369899 0.717624 0.01346498 0.717624 0.01346498 0.536305 0.01346498 0.536305 0.176478 0.535434 0.01369899 0.534795 0.014337 0.534561 0.01520794 0.534561 0.01520794 0.534561 0.174735 0.536305 0.176478 0.534795 0.175607 0.536305 0.176478 0.534561 0.174735 0.718497 0.176245 0.719368 0.174735 0.717624 0.176478 0.719134 0.014337 0.717624 0.01346498 0.719368 0.01520794 0.535434 0.01369899 0.534561 0.01520794 0.536305 0.01346498 0.717624 0.176478 0.719368 0.174735 0.717624 0.01346498 0.30072 0.66481 0.301592 0.665044 0.301592 0.664608 0.300082 0.664172 0.30072 0.66481 0.300938 0.664433 0.300285 0.6633 0.299849 0.6633 0.300082 0.664172 0.299849 0.6633 0.300285 0.6633 0.300285 0.503774 0.482912 0.665044 0.482912 0.664608 0.301592 0.664608 0.482912 0.664608 0.482912 0.665044 0.483783 0.66481 0.483783 0.66481 0.484422 0.664172 0.484044 0.663954 0.484422 0.664172 0.484655 0.6633 0.484219 0.6633 0.484655 0.503774 0.484219 0.503774 0.484219 0.6633 0.484219 0.503774 0.484655 0.503774 0.484422 0.502902 0.484044 0.50312 0.484422 0.502902 0.483783 0.502264 0.483783 0.502264 0.482912 0.50203 0.482912 0.502466 0.301592 0.50203 0.301592 0.502466 0.482912 0.502466 0.301592 0.502466 0.301592 0.50203 0.30072 0.502264 0.300938 0.502642 0.30072 0.502264 0.300082 0.502902 0.300082 0.502902 0.299849 0.503774 0.300285 0.503774 0.30046 0.50312 0.300285 0.503774 0.300604 0.503774 0.301097 0.502918 0.300938 0.502642 0.30046 0.50312 0.301592 0.502785 0.301592 0.502466 0.300938 0.502642 0.301592 0.502466 0.301592 0.502785 0.482912 0.502785 0.362378 0.854376 0.361942 0.854376 0.361942 0.673056 0.361942 0.854376 0.362378 0.854376 0.362378 0.85487 0.362378 0.85487 0.362378 0.855232 0.361942 0.855131 0.197527 0.406185 0.197032 0.406185 0.197032 0.405749 0.03750598 0.406185 0.03750598 0.405749 0.197032 0.405749 0.300285 0.6633 0.300604 0.6633 0.300604 0.503774 0.300604 0.6633 0.300285 0.6633 0.30046 0.663954 0.30046 0.663954 0.300938 0.664433 0.301097 0.664156 0.300938 0.664433 0.301592 0.664608 0.301592 0.664289 0.482912 0.664608 0.482912 0.664289 0.301592 0.664289 0.482912 0.664289 0.482912 0.664608 0.483565 0.664433 0.483565 0.664433 0.484044 0.663954 0.483768 0.663795 0.484044 0.663954 0.484219 0.6633 0.4839 0.6633 0.484219 0.503774 0.4839 0.503774 0.4839 0.6633 0.4839 0.503774 0.484219 0.503774 0.484044 0.50312 0.484044 0.50312 0.483565 0.502642 0.483406 0.502918 0.483565 0.502642 0.482912 0.502466 0.482912 0.502785 0.362378 0.672562 0.362378 0.673056 0.361942 0.673056 0.361942 0.672301 0.362378 0.6722 0.362378 0.672562 0.312136 0.359254 0.312136 0.358818 0.311643 0.358818 0.312136 0.358818 0.312136 0.359254 0.471663 0.359254 0.35652 0.414173 0.471663 0.359254 0.312136 0.359254 0.311701 0.369971 0.356339 0.414609 0.35652 0.414173 0.674432 0.504096 0.674751 0.504547 0.674751 0.459909 0.350174 0.673056 0.307024 0.673056 0.306588 0.67262 0.350174 0.673056 0.350174 0.854376 0.307024 0.854376 0.350775 0.854812 0.350174 0.854376 0.350174 0.673056 0.351546 0.854812 0.350775 0.854812 0.350775 0.67262 0.352279 0.854376 0.351546 0.854812 0.351546 0.67262 0.352279 0.673056 0.361942 0.673056 0.361942 0.854376 0.361942 0.67262 0.361942 0.673056 0.352279 0.673056 0.361942 0.672301 0.361942 0.67262 0.351546 0.67262 0.312136 0.36979 0.312136 0.359254 0.311701 0.359254 0.352279 0.854376 0.361942 0.854376 0.361942 0.854812 0.351546 0.854812 0.361942 0.854812 0.361942 0.855131 0.1974689 0.405749 0.197032 0.405749 0.197032 0.395213 0.197032 0.405749 0.03750598 0.405749 0.1526499 0.35083 0.152831 0.350394 0.1526499 0.35083 0.03750598 0.35083 0.49224 0.504867 0.491921 0.504547 0.491921 0.620307 0.492676 0.5056 0.49224 0.504867 0.49224 0.620307 0.492676 0.5056 0.492676 0.619872 0.616574 0.563883 0.616574 0.563883 0.492676 0.619872 0.673996 0.619872 0.661904 0.563883 0.673996 0.619872 0.673996 0.5056 0.673996 0.5056 0.673996 0.619872 0.674432 0.620307 0.674432 0.620307 0.673996 0.619872 0.492676 0.619872 0.424718 0.854812 0.425037 0.854812 0.425037 0.67262 0.424283 0.854376 0.424718 0.854812 0.424718 0.67262 0.424283 0.854376 0.424283 0.673056 0.369364 0.673056 0.424283 0.854376 0.369364 0.854376 0.369364 0.854812 0.369364 0.854376 0.368927 0.854376 0.368927 0.85487 0.368927 0.854376 0.369364 0.854376 0.369364 0.673056 0.368927 0.672562 0.368927 0.673056 0.369364 0.673056 0.369364 0.672301 0.368927 0.6722 0.368927 0.672562 0.03750598 0.405749 0.03750598 0.406185 0.03701198 0.406185 0.03750598 0.35083 0.03750598 0.405749 0.03707098 0.405749 0.369364 0.672301 0.369364 0.67262 0.424718 0.67262 0.369364 0.67262 0.369364 0.673056 0.424283 0.673056 0.368927 0.85487 0.368927 0.855232 0.369364 0.855131 0.472158 0.358818 0.471663 0.358818 0.471663 0.359254 0.472099 0.359254 0.471663 0.359254 0.471663 0.414173 0.369364 0.854812 0.369364 0.855131 0.424718 0.855131 0.674432 0.504867 0.674432 0.620307 0.674751 0.620307 0.356339 0.414609 0.472099 0.414609 0.471663 0.414173 0.49224 0.504096 0.49224 0.504867 0.674432 0.504867 0.307024 0.854376 0.306588 0.854812 0.306588 0.67262 0.306588 0.854812 0.307024 0.854376 0.350174 0.854376 0.306588 0.855131 0.306588 0.854812 0.350775 0.854812 0.1526499 0.35083 0.152831 0.350394 0.1974689 0.395032 0.49224 0.504867 0.492676 0.5056 0.673996 0.5056 0.616574 0.540346 0.661904 0.540346 0.673996 0.5056 0.284685 0.574318 0.284685 0.528988 0.285557 0.52986 0.503664 0.470018 0.502792 0.47089 0.481 0.47089 0.553681 0.360503 0.552811 0.361375 0.552811 0.404961 0.244197 0.545258 0.2433249 0.544386 0.221533 0.544386 0.221533 0.544386 0.2433249 0.544386 0.2433249 0.537412 0.552811 0.404961 0.552811 0.361375 0.545837 0.361375 0.481 0.47089 0.502792 0.47089 0.502792 0.477864 0.285557 0.573446 0.285557 0.52986 0.29253 0.52986 0.221533 0.573497 0.220661 0.574369 0.264247 0.574369 0.221533 0.573497 0.263376 0.573497 0.263376 0.553448 0.221533 0.573497 0.221533 0.553448 0.220661 0.552576 0.263376 0.553448 0.264247 0.552576 0.220661 0.552576 0.263376 0.573497 0.264247 0.574369 0.264247 0.552576 0.02236598 0.590237 0.03976696 0.590237 0.03976696 0.600646 0.004999995 0.590237 0.02236598 0.590237 0.02236598 0.600646 0.004999995 0.579807 0.02236598 0.579807 0.02236598 0.590237 0.004999995 0.569367 0.02236598 0.569367 0.02236598 0.579807 0.004999995 0.569367 0.004999995 0.558926 0.02236598 0.558926 0.004999995 0.558926 0.004999995 0.548497 0.02236598 0.548497 0.004999995 0.548497 0.004999995 0.538087 0.02236598 0.538087 0.004999995 0.538087 0.004999995 0.527709 0.02236598 0.527709 0.02236598 0.527709 0.004999995 0.527709 0.004999995 0.518754 0.004999995 0.518754 0.005101978 0.517371 0.02236598 0.517371 0.01023 0.509495 0.01168698 0.508648 0.02236598 0.517371 0.01325398 0.507973 0.01491099 0.507483 0.02236598 0.517371 0.01662498 0.507185 0.01837396 0.507085 0.02236598 0.517371 0.02236598 0.507085 0.02236598 0.517371 0.01837396 0.507085 0.005101978 0.517371 0.005113959 0.517225 0.005453944 0.515729 0.005453944 0.515729 0.006017982 0.514284 0.02236598 0.517371 0.006789982 0.512916 0.007762968 0.511648 0.02236598 0.517371 0.008916974 0.510501 0.01023 0.509495 0.02236598 0.517371 0.01491099 0.507483 0.01662498 0.507185 0.02236598 0.517371 0.02236598 0.517371 0.005101978 0.517371 0.005453944 0.515729 0.006017982 0.514284 0.006789982 0.512916 0.02236598 0.517371 0.01168698 0.508648 0.01325398 0.507973 0.02236598 0.517371 0.02236598 0.517371 0.02236598 0.507085 0.03976696 0.507085 0.03976696 0.517371 0.03976696 0.507085 0.05718594 0.507085 0.05718594 0.517371 0.05718594 0.507085 0.07462799 0.507085 0.07462799 0.517371 0.07462799 0.507085 0.09208101 0.507085 0.09208101 0.517371 0.09208101 0.507085 0.109542 0.507085 0.109542 0.507085 0.126999 0.507085 0.126999 0.517371 0.126999 0.507085 0.144453 0.507085 0.144453 0.517371 0.144453 0.507085 0.161894 0.507085 0.161894 0.517371 0.161894 0.507085 0.179318 0.507085 0.179318 0.517371 0.179318 0.507085 0.196714 0.507085 0.196714 0.517371 0.213978 0.517371 0.213626 0.515729 0.213967 0.517225 0.196714 0.507085 0.200707 0.507085 0.196714 0.517371 0.202455 0.507185 0.204169 0.507483 0.196714 0.517371 0.2058269 0.507973 0.207393 0.508648 0.196714 0.517371 0.20885 0.509495 0.210164 0.510501 0.196714 0.517371 0.211318 0.511648 0.21229 0.512916 0.196714 0.517371 0.213062 0.514284 0.213626 0.515729 0.196714 0.517371 0.213978 0.517371 0.196714 0.517371 0.213626 0.515729 0.200707 0.507085 0.202455 0.507185 0.196714 0.517371 0.207393 0.508648 0.20885 0.509495 0.196714 0.517371 0.21229 0.512916 0.213062 0.514284 0.196714 0.517371 0.196714 0.517371 0.204169 0.507483 0.2058269 0.507973 0.21408 0.527709 0.196714 0.527709 0.21408 0.518754 0.196714 0.517371 0.213978 0.517371 0.21408 0.518754 0.179318 0.517371 0.196714 0.517371 0.196714 0.527709 0.161894 0.517371 0.179318 0.517371 0.179318 0.527709 0.144453 0.517371 0.161894 0.517371 0.161894 0.527709 0.126999 0.517371 0.144453 0.517371 0.144453 0.527709 0.109542 0.517371 0.126999 0.517371 0.126999 0.527709 0.09208101 0.527709 0.09208101 0.517371 0.109542 0.517371 0.07462799 0.527709 0.07462799 0.517371 0.09208101 0.517371 0.05718594 0.527709 0.05718594 0.517371 0.07462799 0.517371 0.03976696 0.527709 0.03976696 0.517371 0.05718594 0.517371 0.02236598 0.527709 0.02236598 0.517371 0.03976696 0.517371 0.02236598 0.538087 0.02236598 0.527709 0.03976696 0.527709 0.03976696 0.538087 0.03976696 0.527709 0.05718594 0.527709 0.05718594 0.538087 0.05718594 0.527709 0.07462799 0.527709 0.07462799 0.538087 0.07462799 0.527709 0.09208101 0.527709 0.09208101 0.538087 0.09208101 0.527709 0.109542 0.527709 0.109542 0.527709 0.126999 0.527709 0.126999 0.538087 0.126999 0.527709 0.144453 0.527709 0.144453 0.538087 0.144453 0.527709 0.161894 0.527709 0.161894 0.538087 0.161894 0.527709 0.179318 0.527709 0.179318 0.538087 0.179318 0.527709 0.196714 0.527709 0.196714 0.538087 0.196714 0.527709 0.21408 0.527709 0.21408 0.538087 0.196714 0.538087 0.21408 0.538087 0.21408 0.548497 0.179318 0.538087 0.196714 0.538087 0.196714 0.548497 0.161894 0.538087 0.179318 0.538087 0.179318 0.548497 0.144453 0.538087 0.161894 0.538087 0.161894 0.548497 0.126999 0.538087 0.144453 0.538087 0.144453 0.548497 0.109542 0.538087 0.126999 0.538087 0.126999 0.548497 0.09208101 0.548497 0.09208101 0.538087 0.109542 0.538087 0.07462799 0.548497 0.07462799 0.538087 0.09208101 0.538087 0.05718594 0.548497 0.05718594 0.538087 0.07462799 0.538087 0.03976696 0.548497 0.03976696 0.538087 0.05718594 0.538087 0.02236598 0.548497 0.02236598 0.538087 0.03976696 0.538087 0.02236598 0.558926 0.02236598 0.548497 0.03976696 0.548497 0.03976696 0.558926 0.03976696 0.548497 0.05718594 0.548497 0.05718594 0.558926 0.05718594 0.548497 0.07462799 0.548497 0.07462799 0.558926 0.07462799 0.548497 0.09208101 0.548497 0.09208101 0.558926 0.09208101 0.548497 0.109542 0.548497 0.109542 0.548497 0.126999 0.548497 0.126999 0.558926 0.126999 0.548497 0.144453 0.548497 0.144453 0.558926 0.144453 0.548497 0.161894 0.548497 0.161894 0.558926 0.161894 0.548497 0.179318 0.548497 0.179318 0.558926 0.179318 0.548497 0.196714 0.548497 0.196714 0.558926 0.196714 0.548497 0.21408 0.548497 0.21408 0.558926 0.196714 0.558926 0.21408 0.558926 0.21408 0.569367 0.179318 0.558926 0.196714 0.558926 0.196714 0.569367 0.161894 0.558926 0.179318 0.558926 0.179318 0.569367 0.144453 0.558926 0.161894 0.558926 0.161894 0.569367 0.126999 0.558926 0.144453 0.558926 0.144453 0.569367 0.109542 0.558926 0.126999 0.558926 0.126999 0.569367 0.09208101 0.569367 0.09208101 0.558926 0.109542 0.558926 0.07462799 0.569367 0.07462799 0.558926 0.09208101 0.558926 0.05718594 0.569367 0.05718594 0.558926 0.07462799 0.558926 0.03976696 0.569367 0.03976696 0.558926 0.05718594 0.558926 0.02236598 0.569367 0.02236598 0.558926 0.03976696 0.558926 0.02236598 0.569367 0.03976696 0.569367 0.03976696 0.579807 0.03976696 0.569367 0.05718594 0.569367 0.05718594 0.579807 0.05718594 0.569367 0.07462799 0.569367 0.07462799 0.579807 0.07462799 0.569367 0.09208101 0.569367 0.09208101 0.579807 0.09208101 0.569367 0.109542 0.569367 0.109542 0.579807 0.109542 0.579807 0.109542 0.569367 0.126999 0.569367 0.126999 0.579807 0.126999 0.569367 0.144453 0.569367 0.144453 0.579807 0.144453 0.569367 0.161894 0.569367 0.161894 0.579807 0.161894 0.569367 0.179318 0.569367 0.179318 0.579807 0.179318 0.569367 0.196714 0.569367 0.196714 0.579807 0.196714 0.569367 0.21408 0.569367 0.196714 0.590237 0.196714 0.579807 0.21408 0.579807 0.179318 0.590237 0.179318 0.579807 0.196714 0.579807 0.161894 0.590237 0.161894 0.579807 0.179318 0.579807 0.144453 0.590237 0.144453 0.579807 0.161894 0.579807 0.126999 0.590237 0.126999 0.579807 0.144453 0.579807 0.109542 0.590237 0.109542 0.579807 0.126999 0.579807 0.09208101 0.579807 0.109542 0.579807 0.109542 0.590237 0.07462799 0.579807 0.09208101 0.579807 0.09208101 0.590237 0.05718594 0.579807 0.07462799 0.579807 0.07462799 0.590237 0.03976696 0.579807 0.05718594 0.579807 0.05718594 0.590237 0.02236598 0.579807 0.03976696 0.579807 0.03976696 0.590237 0.03976696 0.590237 0.05718594 0.590237 0.05718594 0.600646 0.05718594 0.590237 0.07462799 0.590237 0.07462799 0.600646 0.07462799 0.590237 0.09208101 0.590237 0.09208101 0.600646 0.09208101 0.590237 0.109542 0.590237 0.109542 0.600646 0.109542 0.600646 0.109542 0.590237 0.126999 0.590237 0.126999 0.600646 0.126999 0.590237 0.144453 0.590237 0.144453 0.600646 0.144453 0.590237 0.161894 0.590237 0.161894 0.600646 0.161894 0.590237 0.179318 0.590237 0.179318 0.600646 0.179318 0.590237 0.196714 0.590237 0.196714 0.600646 0.196714 0.590237 0.21408 0.590237 0.196714 0.611024 0.196714 0.600646 0.21408 0.600646 0.179318 0.611024 0.179318 0.600646 0.196714 0.600646 0.161894 0.611024 0.161894 0.600646 0.179318 0.600646 0.144453 0.611024 0.144453 0.600646 0.161894 0.600646 0.126999 0.611024 0.126999 0.600646 0.144453 0.600646 0.109542 0.611024 0.109542 0.600646 0.126999 0.600646 0.09208101 0.600646 0.109542 0.600646 0.109542 0.611024 0.07462799 0.600646 0.09208101 0.600646 0.09208101 0.611024 0.05718594 0.600646 0.07462799 0.600646 0.07462799 0.611024 0.03976696 0.600646 0.05718594 0.600646 0.05718594 0.611024 0.02236598 0.600646 0.03976696 0.600646 0.03976696 0.611024 0.004999995 0.600646 0.02236598 0.600646 0.02236598 0.611024 0.02236598 0.621362 0.005101978 0.621362 0.004999995 0.61998 0.004999995 0.61998 0.004999995 0.611024 0.02236598 0.611024 0.02236598 0.611024 0.03976696 0.611024 0.03976696 0.621362 0.03976696 0.611024 0.05718594 0.611024 0.05718594 0.621362 0.05718594 0.611024 0.07462799 0.611024 0.07462799 0.621362 0.07462799 0.611024 0.09208101 0.611024 0.09208101 0.621362 0.09208101 0.611024 0.109542 0.611024 0.109542 0.621362 0.109542 0.621362 0.109542 0.611024 0.126999 0.611024 0.126999 0.621362 0.126999 0.611024 0.144453 0.611024 0.144453 0.621362 0.144453 0.611024 0.161894 0.611024 0.161894 0.621362 0.161894 0.611024 0.179318 0.611024 0.179318 0.621362 0.179318 0.611024 0.196714 0.611024 0.213978 0.621362 0.196714 0.621362 0.21408 0.61998 0.196714 0.611024 0.21408 0.611024 0.21408 0.61998 0.200707 0.631648 0.196714 0.631648 0.196714 0.621362 0.196714 0.621362 0.213978 0.621362 0.213626 0.623005 0.213967 0.621509 0.213626 0.623005 0.213978 0.621362 0.213062 0.624449 0.21229 0.625817 0.196714 0.621362 0.211318 0.627086 0.210164 0.628232 0.196714 0.621362 0.20885 0.629238 0.207393 0.630086 0.196714 0.621362 0.2058269 0.63076 0.204169 0.631251 0.196714 0.621362 0.202455 0.631548 0.200707 0.631648 0.196714 0.621362 0.196714 0.621362 0.213626 0.623005 0.213062 0.624449 0.21229 0.625817 0.211318 0.627086 0.196714 0.621362 0.207393 0.630086 0.2058269 0.63076 0.196714 0.621362 0.202455 0.631548 0.196714 0.621362 0.204169 0.631251 0.179318 0.631648 0.179318 0.621362 0.196714 0.621362 0.161894 0.631648 0.161894 0.621362 0.179318 0.621362 0.144453 0.631648 0.144453 0.621362 0.161894 0.621362 0.126999 0.631648 0.126999 0.621362 0.144453 0.621362 0.109542 0.631648 0.109542 0.621362 0.126999 0.621362 0.109542 0.631648 0.09208101 0.631648 0.09208101 0.621362 0.09208101 0.631648 0.07462799 0.631648 0.07462799 0.621362 0.07462799 0.631648 0.05718594 0.631648 0.05718594 0.621362 0.05718594 0.631648 0.03976696 0.631648 0.03976696 0.621362 0.03976696 0.631648 0.02236598 0.631648 0.02236598 0.621362 0.02236598 0.621362 0.02236598 0.631648 0.01837396 0.631648 0.01837396 0.631648 0.01662498 0.631548 0.02236598 0.621362 0.01491099 0.631251 0.01325398 0.63076 0.02236598 0.621362 0.01168698 0.630086 0.01023 0.629238 0.02236598 0.621362 0.008916974 0.628232 0.007762968 0.627086 0.02236598 0.621362 0.006789982 0.625817 0.006017982 0.624449 0.02236598 0.621362 0.005453944 0.623005 0.005113959 0.621509 0.005101978 0.621362 0.005101978 0.621362 0.02236598 0.621362 0.005453944 0.623005 0.01662498 0.631548 0.01491099 0.631251 0.02236598 0.621362 0.01023 0.629238 0.008916974 0.628232 0.02236598 0.621362 0.006017982 0.624449 0.005453944 0.623005 0.02236598 0.621362 0.02236598 0.621362 0.01325398 0.63076 0.01168698 0.630086 0.333514 0.406294 0.333702 0.40615 0.333911 0.40636 0.333702 0.40615 0.333846 0.405963 0.334102 0.406112 0.333936 0.405745 0.334223 0.405822 0.334102 0.406112 0.333967 0.405511 0.334264 0.405511 0.334223 0.405822 0.333846 0.405059 0.334102 0.40491 0.334223 0.4052 0.333702 0.404871 0.333911 0.404661 0.334102 0.40491 0.333062 0.404606 0.333062 0.404309 0.333373 0.40435 0.333062 0.404606 0.332828 0.404637 0.332751 0.40435 0.332828 0.404637 0.33261 0.404727 0.332462 0.404471 0.332423 0.404871 0.332213 0.404661 0.332462 0.404471 0.332188 0.405276 0.332157 0.405511 0.331861 0.405511 0.332188 0.405745 0.331902 0.405822 0.331861 0.405511 0.332188 0.405745 0.332279 0.405963 0.332022 0.406112 0.332279 0.405963 0.332423 0.40615 0.332213 0.40636 0.332828 0.406385 0.333062 0.406415 0.333062 0.406712 0.333296 0.406385 0.333373 0.406671 0.333062 0.406712 0.333514 0.406294 0.333663 0.406551 0.333373 0.406671 0.327147 0.413894 0.327147 0.414184 0.326806 0.414184 0.327147 0.413583 0.327147 0.413894 0.326806 0.413894 0.327147 0.413272 0.327147 0.413583 0.326806 0.413583 0.327147 0.412982 0.327147 0.413272 0.326806 0.413272 0.327147 0.412733 0.327147 0.412982 0.326806 0.412982 0.337164 0.412733 0.336915 0.412733 0.336915 0.413074 0.337454 0.412733 0.337164 0.412733 0.337164 0.413074 0.337765 0.412733 0.337454 0.412733 0.337454 0.413074 0.338076 0.412733 0.337765 0.412733 0.337765 0.413074 0.338366 0.412733 0.338076 0.412733 0.338076 0.413074 0.338614 0.412733 0.338366 0.412733 0.338366 0.413074 0.261097 0.415868 0.261097 0.416117 0.261438 0.416117 0.261097 0.415579 0.261097 0.415868 0.261438 0.415868 0.261097 0.415268 0.261097 0.415579 0.261438 0.415579 0.261097 0.414957 0.261097 0.415268 0.261438 0.415268 0.261097 0.414667 0.261097 0.414957 0.261438 0.414957 0.261097 0.414418 0.261097 0.414667 0.261438 0.414667 0.271455 0.414759 0.271206 0.414759 0.271206 0.414418 0.271744 0.414759 0.271455 0.414759 0.271455 0.414418 0.272056 0.414759 0.271744 0.414759 0.271744 0.414418 0.272367 0.414759 0.272056 0.414759 0.272056 0.414418 0.272657 0.414759 0.272367 0.414759 0.272367 0.414418 0.272905 0.414759 0.272657 0.414759 0.272657 0.414418 0.327147 0.414184 0.327147 0.414432 0.326806 0.414432 0.333967 0.405511 0.333936 0.405276 0.334223 0.4052 0.333702 0.404871 0.333514 0.404727 0.333663 0.404471 0.333514 0.404727 0.333296 0.404637 0.333373 0.40435 0.332279 0.405059 0.332022 0.40491 0.332213 0.404661 0.332279 0.405059 0.332188 0.405276 0.331902 0.4052 0.33261 0.406294 0.332462 0.406551 0.332213 0.40636 0.332828 0.406385 0.332751 0.406671 0.332462 0.406551 0.444318 0.197093 0.441376 0.197093 0.441376 0.192796 0.444318 0.192796 0.441376 0.192796 0.441376 0.1879889 0.444318 0.1879889 0.441376 0.1879889 0.441376 0.183594 0.264574 0.425785 0.275232 0.425785 0.275232 0.422843 0.261097 0.422843 0.261097 0.425785 0.264574 0.425785 0.275232 0.422843 0.275232 0.425785 0.278709 0.425785 0.441376 0.217311 0.444318 0.217311 0.444318 0.212916 0.441376 0.212916 0.444318 0.212916 0.444318 0.208108 0.441376 0.208108 0.444318 0.208108 0.444318 0.203812 0.441376 0.226972 0.441376 0.22403 0.445166 0.22403 0.445166 0.226972 0.445166 0.22403 0.449858 0.22403 0.449858 0.226972 0.449858 0.22403 0.454551 0.22403 0.454551 0.226972 0.454551 0.22403 0.458341 0.22403 0.451219 0.235759 0.450993 0.234856 0.446333 0.2372 0.451219 0.235759 0.456026 0.235644 0.456209 0.234731 0.456026 0.235644 0.460421 0.237595 0.460976 0.2368479 0.460976 0.2368479 0.460421 0.237595 0.463416 0.241073 0.460976 0.2368479 0.464913 0.241419 0.464324 0.239834 0.261097 0.372246 0.259513 0.372246 0.259513 0.377542 0.261097 0.372246 0.261097 0.37813 0.271063 0.37813 0.272647 0.371657 0.271964 0.371657 0.271964 0.372246 0.276117 0.371657 0.272647 0.371657 0.272647 0.372246 0.258184 0.394467 0.258184 0.399477 0.258772 0.399477 0.258184 0.388988 0.258184 0.394467 0.258772 0.394467 0.258184 0.384091 0.258184 0.388988 0.258772 0.388988 0.240145 0.411878 0.235824 0.411878 0.235824 0.41129 0.245492 0.411878 0.240145 0.411878 0.240145 0.41129 0.25084 0.411878 0.245492 0.411878 0.245492 0.41129 0.25516 0.411878 0.25084 0.411878 0.25084 0.41129 0.322582 0.45018 0.322582 0.455077 0.321993 0.455077 0.322582 0.4447 0.322582 0.45018 0.321993 0.45018 0.322582 0.439691 0.322582 0.4447 0.321993 0.4447 0.259513 0.371657 0.256043 0.371657 0.256043 0.372246 0.260196 0.371657 0.259513 0.371657 0.259513 0.372246 0.260196 0.355182 0.259513 0.355182 0.259513 0.371657 0.259513 0.355182 0.260196 0.355182 0.260196 0.354593 0.256043 0.355182 0.259513 0.355182 0.259513 0.354593 0.339057 0.4447 0.339057 0.439691 0.339645 0.439691 0.339057 0.45018 0.339057 0.4447 0.339645 0.4447 0.339057 0.455077 0.339057 0.45018 0.339645 0.45018 0.25084 0.428354 0.25516 0.428354 0.25516 0.428942 0.245492 0.428354 0.25084 0.428354 0.25084 0.428942 0.240145 0.428354 0.245492 0.428354 0.245492 0.428942 0.235824 0.428354 0.240145 0.428354 0.240145 0.428942 0.2417089 0.388988 0.2417089 0.384091 0.24112 0.384091 0.2417089 0.394467 0.2417089 0.388988 0.24112 0.388988 0.2417089 0.399477 0.2417089 0.394467 0.24112 0.394467 0.272647 0.355182 0.276117 0.355182 0.276117 0.354593 0.271964 0.355182 0.272647 0.355182 0.272647 0.354593 0.272647 0.354593 0.276117 0.354593 0.276117 0.349298 0.24112 0.399477 0.24112 0.394467 0.235824 0.394467 0.24112 0.394467 0.24112 0.388988 0.235824 0.388988 0.24112 0.388988 0.24112 0.384091 0.235824 0.384091 0.235824 0.428942 0.240145 0.428942 0.240145 0.434238 0.240145 0.428942 0.245492 0.428942 0.245492 0.434238 0.245492 0.428942 0.25084 0.428942 0.25084 0.434238 0.25084 0.428942 0.25516 0.428942 0.25516 0.434238 0.339645 0.455077 0.339645 0.45018 0.344941 0.45018 0.339645 0.45018 0.339645 0.4447 0.344941 0.4447 0.339645 0.4447 0.339645 0.439691 0.344941 0.439691 0.256043 0.354593 0.259513 0.354593 0.259513 0.349298 0.261097 0.348709 0.261097 0.354593 0.271063 0.354593 0.257727 0.445286 0.259438 0.445019 0.259438 0.455518 0.261664 0.440715 0.26235 0.441639 0.259438 0.445019 0.261664 0.440715 0.257727 0.445286 0.258316 0.443701 0.266431 0.438598 0.261664 0.440715 0.261304 0.440231 0.26235 0.441639 0.261664 0.440715 0.266431 0.438598 0.26235 0.458898 0.266656 0.460811 0.266431 0.461939 0.266656 0.460811 0.271368 0.460698 0.271647 0.461814 0.271368 0.460698 0.275578 0.458581 0.276307 0.45947 0.278478 0.454866 0.279518 0.455358 0.276307 0.45947 0.266656 0.439726 0.266431 0.438598 0.271647 0.438723 0.271647 0.438723 0.266431 0.438598 0.266313 0.438006 0.271647 0.438723 0.271793 0.438138 0.27669 0.4406 0.271368 0.439839 0.271647 0.438723 0.276307 0.441067 0.278478 0.44567 0.275578 0.441956 0.276307 0.441067 0.279518 0.445178 0.276307 0.441067 0.27669 0.4406 0.28066 0.450268 0.279518 0.445178 0.280062 0.444921 0.278478 0.44567 0.279518 0.445178 0.28066 0.450268 0.278478 0.454866 0.279511 0.450268 0.28066 0.450268 0.28066 0.450268 0.281264 0.450268 0.280062 0.455616 0.279518 0.455358 0.280062 0.455616 0.27669 0.459936 0.271647 0.461814 0.276307 0.45947 0.27669 0.459936 0.271647 0.461814 0.271793 0.462399 0.266313 0.462531 0.266431 0.461939 0.266313 0.462531 0.261304 0.460306 0.261664 0.459822 0.261304 0.460306 0.258316 0.456836 0.259438 0.455518 0.26235 0.458898 0.261664 0.459822 0.272647 0.355182 0.271964 0.355182 0.271964 0.371657 0.276117 0.355182 0.272647 0.355182 0.272647 0.371657 0.2417089 0.394467 0.2417089 0.399477 0.258184 0.399477 0.2417089 0.388988 0.2417089 0.394467 0.258184 0.394467 0.2417089 0.384091 0.2417089 0.388988 0.258184 0.388988 0.240145 0.428354 0.235824 0.428354 0.235824 0.411878 0.245492 0.428354 0.240145 0.428354 0.240145 0.411878 0.25084 0.428354 0.245492 0.428354 0.245492 0.411878 0.25516 0.428354 0.25084 0.428354 0.25084 0.411878 0.339057 0.45018 0.339057 0.455077 0.322582 0.455077 0.339057 0.4447 0.339057 0.45018 0.322582 0.45018 0.339057 0.439691 0.339057 0.4447 0.322582 0.4447 0.259513 0.355182 0.256043 0.355182 0.256043 0.371657 0.259513 0.372246 0.256043 0.372246 0.256043 0.377542 0.321993 0.439691 0.321993 0.4447 0.316697 0.4447 0.321993 0.4447 0.321993 0.45018 0.316697 0.45018 0.321993 0.45018 0.321993 0.455077 0.316697 0.455077 0.25516 0.41129 0.25084 0.41129 0.25084 0.405994 0.25084 0.41129 0.245492 0.41129 0.245492 0.405994 0.245492 0.41129 0.240145 0.41129 0.240145 0.405994 0.240145 0.41129 0.235824 0.41129 0.235824 0.405994 0.258772 0.384091 0.258772 0.388988 0.264069 0.388988 0.258772 0.388988 0.258772 0.394467 0.264069 0.394467 0.258772 0.394467 0.258772 0.399477 0.264069 0.399477 0.276117 0.372246 0.272647 0.372246 0.272647 0.377542 0.271063 0.372246 0.271063 0.37813 0.272647 0.377542 0.460976 0.255955 0.461336 0.256439 0.464324 0.252969 0.460976 0.255955 0.464913 0.251384 0.463416 0.251731 0.464913 0.241419 0.463416 0.241073 0.463416 0.251731 0.460976 0.255955 0.460421 0.255208 0.456026 0.25716 0.456209 0.258072 0.456326 0.258664 0.461336 0.256439 0.450993 0.257947 0.450847 0.258532 0.456326 0.258664 0.456209 0.258072 0.456026 0.25716 0.451219 0.257044 0.446333 0.255603 0.450993 0.257947 0.451219 0.257044 0.450993 0.257947 0.446333 0.255603 0.44595 0.25607 0.443122 0.251492 0.442577 0.251749 0.44595 0.25607 0.446333 0.255603 0.446923 0.254884 0.443963 0.251094 0.443122 0.251492 0.443963 0.251094 0.44291 0.246402 0.441979 0.246402 0.441376 0.246402 0.442577 0.251749 0.441979 0.246402 0.443122 0.241312 0.442577 0.2410539 0.443122 0.241312 0.441979 0.246402 0.44291 0.246402 0.443963 0.24171 0.446923 0.237919 0.446333 0.2372 0.443122 0.241312 0.446333 0.2372 0.44595 0.236734 0.450993 0.234856 0.450847 0.234271 0.44595 0.236734 0.450993 0.234856 0.456209 0.234731 0.456326 0.234139 0.456209 0.234731 0.460976 0.2368479 0.461336 0.236364 0.312231 0.432708 0.459335 0.432708 0.459335 0.422743 0.459335 0.432708 0.312231 0.432708 0.312231 0.433021 0.312231 0.43361 0.312231 0.433021 0.312231 0.432708 0.312231 0.421841 0.311643 0.421158 0.312231 0.422743 0.312231 0.422743 0.459335 0.422743 0.459335 0.42243 0.212236 0.3386 0.212825 0.3386 0.212825 0.485704 0.212825 0.485704 0.212825 0.3386 0.229301 0.3386 0.03701198 0.436296 0.03701198 0.435707 0.184117 0.435707 0.03701198 0.435394 0.184117 0.435394 0.184117 0.435707 0.03701198 0.425429 0.184117 0.425429 0.184117 0.435394 0.184117 0.425429 0.03701198 0.425429 0.03701198 0.425116 0.184117 0.424527 0.184117 0.425116 0.03701198 0.425116 0.02989995 0.485704 0.02989995 0.3386 0.01342397 0.3386 0.459335 0.43361 0.459335 0.433021 0.312231 0.433021 0.198758 0.361189 0.198758 0.3664 0.2046419 0.364904 0.197738 0.454855 0.193648 0.454855 0.1925449 0.460739 0.193648 0.454855 0.180945 0.454855 0.182048 0.460739 0.182048 0.460739 0.180945 0.454855 0.176855 0.454855 0.441376 0.265963 0.447261 0.264467 0.447261 0.269678 0.441376 0.27027 0.447261 0.269678 0.447261 0.275379 0.441376 0.274981 0.447261 0.275379 0.447261 0.280473 0.459746 0.28637 0.461492 0.292254 0.456998 0.292254 0.456032 0.28637 0.456998 0.292254 0.451434 0.292254 0.451434 0.292254 0.445871 0.292254 0.446836 0.28637 0.445871 0.292254 0.441376 0.292254 0.443121 0.28637 0.198758 0.350394 0.198758 0.355488 0.2046419 0.355886 0.198758 0.355488 0.198758 0.361189 0.2046419 0.360597 0.491921 0.274397 0.503687 0.274397 0.503687 0.192018 0.473388 0.197073 0.474353 0.197073 0.474353 0.279451 0.557606 0.475073 0.545837 0.475073 0.545837 0.476039 0.51142 0.200442 0.510455 0.200442 0.510455 0.282821 0.443036 0.56437 0.443036 0.565336 0.431267 0.565336 0.167123 0.350394 0.167123 0.351395 0.1675069 0.351395 0.166746 0.350394 0.166746 0.351395 0.167123 0.351395 0.1886489 0.350517 0.1896499 0.350517 0.1896499 0.350394 0.1886489 0.350688 0.1896499 0.350688 0.1896499 0.350517 0.1886489 0.350901 0.1896499 0.350901 0.1896499 0.350688 0.1886489 0.351156 0.1896499 0.351156 0.1896499 0.350901 0.1886489 0.351445 0.1896499 0.351445 0.1896499 0.351156 0.1886489 0.351765 0.1896499 0.351765 0.1896499 0.351445 0.1886489 0.35211 0.1896499 0.35211 0.1896499 0.351765 0.1886489 0.352474 0.1896499 0.352474 0.1896499 0.35211 0.1886489 0.352852 0.1896499 0.352852 0.1896499 0.352474 0.1886489 0.353236 0.1896499 0.353236 0.1896499 0.352852 0.1886489 0.370888 0.1896499 0.370888 0.1896499 0.353236 0.1886489 0.371272 0.1896499 0.371272 0.1896499 0.370888 0.1886489 0.37165 0.1896499 0.37165 0.1896499 0.371272 0.326891 0.398571 0.326891 0.39757 0.327014 0.39757 0.32672 0.398571 0.32672 0.39757 0.326891 0.39757 0.326506 0.398571 0.326506 0.39757 0.32672 0.39757 0.326253 0.398571 0.326253 0.39757 0.326506 0.39757 0.325963 0.398571 0.325963 0.39757 0.326253 0.39757 0.325644 0.398571 0.325644 0.39757 0.325963 0.39757 0.325298 0.398571 0.325298 0.39757 0.325644 0.39757 0.324934 0.398571 0.324934 0.39757 0.325298 0.39757 0.324557 0.398571 0.324557 0.39757 0.324934 0.39757 0.324172 0.398571 0.324172 0.39757 0.324557 0.39757 0.312404 0.398571 0.312404 0.39757 0.324172 0.39757 0.31202 0.398571 0.31202 0.39757 0.312404 0.39757 0.311643 0.398571 0.311643 0.39757 0.31202 0.39757 0.2469339 0.355572 0.2459329 0.355572 0.2459329 0.355449 0.2469339 0.355743 0.2459329 0.355743 0.2459329 0.355572 0.2469339 0.355956 0.2459329 0.355956 0.2459329 0.355743 0.2469339 0.35621 0.2459329 0.35621 0.2459329 0.355956 0.2469339 0.356499 0.2459329 0.356499 0.2459329 0.35621 0.2469339 0.356819 0.2459329 0.356819 0.2459329 0.356499 0.2469339 0.357165 0.2459329 0.357165 0.2459329 0.356819 0.2469339 0.357529 0.2459329 0.357529 0.2459329 0.357165 0.2469339 0.357906 0.2459329 0.357906 0.2459329 0.357529 0.2469339 0.35829 0.2459329 0.35829 0.2459329 0.357906 0.2469339 0.375943 0.2459329 0.375943 0.2459329 0.35829 0.2469339 0.376327 0.2459329 0.376327 0.2459329 0.375943 0.2469339 0.376704 0.2459329 0.376704 0.2459329 0.376327 0.181994 0.350394 0.181994 0.351395 0.182117 0.351395 0.181823 0.350394 0.181823 0.351395 0.181994 0.351395 0.181609 0.350394 0.181609 0.351395 0.181823 0.351395 0.181356 0.350394 0.181356 0.351395 0.181609 0.351395 0.181066 0.350394 0.181066 0.351395 0.181356 0.351395 0.180747 0.350394 0.180747 0.351395 0.181066 0.351395 0.180401 0.350394 0.180401 0.351395 0.180747 0.351395 0.180037 0.350394 0.180037 0.351395 0.180401 0.351395 0.17966 0.350394 0.17966 0.351395 0.180037 0.351395 0.179275 0.350394 0.179275 0.351395 0.17966 0.351395 0.1675069 0.350394 0.1675069 0.351395 0.179275 0.351395 0.455615 0.321752 0.455615 0.322753 0.467385 0.322753 0.455231 0.321752 0.455231 0.322753 0.455615 0.322753 0.454855 0.321752 0.454855 0.322753 0.455231 0.322753 0.186964 0.466772 0.187965 0.466772 0.187965 0.466649 0.186964 0.466942 0.187965 0.466942 0.187965 0.466772 0.186964 0.467156 0.187965 0.467156 0.187965 0.466942 0.186964 0.46741 0.187965 0.46741 0.187965 0.467156 0.186964 0.467699 0.187965 0.467699 0.187965 0.46741 0.186964 0.468019 0.187965 0.468019 0.187965 0.467699 0.186964 0.468364 0.187965 0.468364 0.187965 0.468019 0.186964 0.468729 0.187965 0.468729 0.187965 0.468364 0.186964 0.469107 0.187965 0.469107 0.187965 0.468729 0.186964 0.46949 0.187965 0.46949 0.187965 0.469107 0.186964 0.487143 0.187965 0.487143 0.187965 0.46949 0.186964 0.487527 0.187965 0.487527 0.187965 0.487143 0.186964 0.487904 0.187965 0.487904 0.187965 0.487527 0.281399 0.47102 0.281399 0.470018 0.281524 0.470018 0.28123 0.47102 0.28123 0.470018 0.281399 0.470018 0.281015 0.47102 0.281015 0.470018 0.28123 0.470018 0.280761 0.47102 0.280761 0.470018 0.281015 0.470018 0.280472 0.47102 0.280472 0.470018 0.280761 0.470018 0.280152 0.47102 0.280152 0.470018 0.280472 0.470018 0.279807 0.47102 0.279807 0.470018 0.280152 0.470018 0.279442 0.47102 0.279442 0.470018 0.279807 0.470018 0.279066 0.47102 0.279066 0.470018 0.279442 0.470018 0.278682 0.47102 0.278682 0.470018 0.279066 0.470018 0.266912 0.47102 0.266912 0.470018 0.278682 0.470018 0.266528 0.47102 0.266528 0.470018 0.266912 0.470018 0.266152 0.47102 0.266152 0.470018 0.266528 0.470018 0.196389 0.466772 0.195388 0.466772 0.195388 0.466649 0.196389 0.466943 0.195388 0.466943 0.195388 0.466772 0.196389 0.467156 0.195388 0.467156 0.195388 0.466943 0.196389 0.46741 0.195388 0.46741 0.195388 0.467156 0.196389 0.4677 0.195388 0.4677 0.195388 0.46741 0.196389 0.468019 0.195388 0.468019 0.195388 0.4677 0.196389 0.468365 0.195388 0.468365 0.195388 0.468019 0.196389 0.468729 0.195388 0.468729 0.195388 0.468365 0.196389 0.469107 0.195388 0.469107 0.195388 0.468729 0.196389 0.46949 0.195388 0.46949 0.195388 0.469107 0.196389 0.487143 0.195388 0.487143 0.195388 0.46949 0.196389 0.487527 0.195388 0.487527 0.195388 0.487143 0.196389 0.487904 0.195388 0.487904 0.195388 0.487527 0.470102 0.321752 0.470102 0.322753 0.470227 0.322753 0.469933 0.321752 0.469933 0.322753 0.470102 0.322753 0.469718 0.321752 0.469718 0.322753 0.469933 0.322753 0.469464 0.321752 0.469464 0.322753 0.469718 0.322753 0.469175 0.321752 0.469175 0.322753 0.469464 0.322753 0.468855 0.321752 0.468855 0.322753 0.469175 0.322753 0.46851 0.321752 0.46851 0.322753 0.468855 0.322753 0.468145 0.321752 0.468145 0.322753 0.46851 0.322753 0.467769 0.321752 0.467769 0.322753 0.468145 0.322753 0.467385 0.321752 0.467385 0.322753 0.467769 0.322753 0.441376 0.298164 0.441376 0.298773 0.446966 0.298773 0.441985 0.313863 0.441376 0.313863 0.441376 0.308273 0.442695 0.313863 0.441985 0.313863 0.441985 0.308273 0.443456 0.313863 0.442695 0.313863 0.442695 0.308273 0.444218 0.313863 0.443456 0.313863 0.443456 0.308273 0.444928 0.313863 0.444218 0.313863 0.444218 0.308273 0.445537 0.313863 0.444928 0.313863 0.444928 0.308273 0.446966 0.323618 0.446966 0.324228 0.441376 0.324228 0.446966 0.322909 0.446966 0.323618 0.441376 0.323618 0.446966 0.322147 0.446966 0.322909 0.441376 0.322909 0.446966 0.321386 0.446966 0.322147 0.441376 0.322147 0.446966 0.320676 0.446966 0.321386 0.441376 0.321386 0.446966 0.320067 0.446966 0.320676 0.441376 0.320676 0.452094 0.183594 0.451485 0.183594 0.451485 0.189184 0.452804 0.183594 0.452094 0.183594 0.452094 0.189184 0.453565 0.183594 0.452804 0.183594 0.452804 0.189184 0.454327 0.183594 0.453565 0.183594 0.453565 0.189184 0.455037 0.183594 0.454327 0.183594 0.454327 0.189184 0.455646 0.183594 0.455037 0.183594 0.455037 0.189184 0.441376 0.301715 0.441376 0.302325 0.446966 0.302325 0.441376 0.301006 0.441376 0.301715 0.446966 0.301715 0.441376 0.300244 0.441376 0.301006 0.446966 0.301006 0.441376 0.299483 0.441376 0.300244 0.446966 0.300244 0.441376 0.298773 0.441376 0.299483 0.446966 0.299483 0.455112 0.195775 0.455189 0.195488 0.455898 0.195782 0.456718 0.197007 0.456298 0.1964589 0.456508 0.19625 0.45575 0.196039 0.455898 0.195782 0.456508 0.19625 0.456983 0.197645 0.456718 0.197007 0.456975 0.196859 0.457073 0.19833 0.45737 0.19833 0.457269 0.199091 0.457073 0.19833 0.456983 0.197645 0.457269 0.197569 0.456718 0.199652 0.456983 0.199015 0.457269 0.199091 0.45575 0.200621 0.456298 0.2002 0.456508 0.20041 0.456298 0.2002 0.456718 0.199652 0.456975 0.199801 0.455112 0.2008849 0.45575 0.200621 0.455898 0.200878 0.453742 0.2008849 0.454427 0.200975 0.454427 0.201272 0.454427 0.200975 0.455112 0.2008849 0.455189 0.2011719 0.453105 0.200621 0.453742 0.2008849 0.453666 0.2011719 0.452557 0.2002 0.452347 0.20041 0.45188 0.199801 0.452557 0.2002 0.453105 0.200621 0.452956 0.200878 0.452136 0.199652 0.45188 0.199801 0.451585 0.199091 0.451782 0.19833 0.451485 0.19833 0.451585 0.197569 0.451782 0.19833 0.451872 0.199015 0.451585 0.199091 0.451872 0.197645 0.451585 0.197569 0.45188 0.196859 0.452557 0.1964589 0.452347 0.19625 0.452956 0.195782 0.452136 0.197007 0.45188 0.196859 0.452347 0.19625 0.453105 0.196039 0.452956 0.195782 0.453666 0.195488 0.455112 0.195775 0.454427 0.195685 0.454427 0.195388 0.453742 0.195775 0.453666 0.195488 0.454427 0.195388 0.276797 0.342152 0.276797 0.342761 0.271206 0.342761 0.276797 0.341442 0.276797 0.342152 0.271206 0.342152 0.276797 0.340681 0.276797 0.341442 0.271206 0.341442 0.276797 0.339919 0.276797 0.340681 0.271206 0.340681 0.276797 0.339209 0.276797 0.339919 0.271206 0.339919 0.276797 0.3386 0.276797 0.339209 0.271206 0.339209 0.197682 0.372297 0.197073 0.372297 0.197073 0.377887 0.198392 0.372297 0.197682 0.372297 0.197682 0.377887 0.199153 0.372297 0.198392 0.372297 0.198392 0.377887 0.199915 0.372297 0.199153 0.372297 0.199153 0.377887 0.200624 0.372297 0.199915 0.372297 0.199915 0.377887 0.201234 0.372297 0.200624 0.372297 0.200624 0.377887 0.235824 0.342152 0.235824 0.342761 0.241415 0.342761 0.235824 0.341442 0.235824 0.342152 0.241415 0.342152 0.235824 0.340681 0.235824 0.341442 0.241415 0.341442 0.235824 0.339919 0.235824 0.340681 0.241415 0.340681 0.235824 0.339209 0.235824 0.339919 0.241415 0.339919 0.235824 0.3386 0.235824 0.339209 0.241415 0.339209 0.248228 0.34419 0.247618 0.34419 0.247618 0.3386 0.248937 0.34419 0.248228 0.34419 0.248228 0.3386 0.2496989 0.34419 0.248937 0.34419 0.248937 0.3386 0.25046 0.34419 0.2496989 0.34419 0.2496989 0.3386 0.25117 0.34419 0.25046 0.34419 0.25046 0.3386 0.251779 0.34419 0.25117 0.34419 0.25117 0.3386 0.240637 0.446188 0.241057 0.44564 0.2413139 0.445789 0.2400889 0.446609 0.240637 0.446188 0.240847 0.446398 0.239452 0.446873 0.2400889 0.446609 0.240238 0.446866 0.238767 0.446963 0.238767 0.44726 0.238005 0.44716 0.238767 0.446963 0.239452 0.446873 0.239528 0.44716 0.238082 0.446873 0.238005 0.44716 0.237295 0.446866 0.236895 0.446188 0.236686 0.446398 0.236218 0.445789 0.237444 0.446609 0.237295 0.446866 0.236686 0.446398 0.236475 0.44564 0.236218 0.445789 0.235925 0.445079 0.2361209 0.444318 0.235824 0.444318 0.235925 0.443557 0.236211 0.445002 0.235925 0.445079 0.235824 0.444318 0.236211 0.443633 0.235925 0.443557 0.236218 0.442847 0.237444 0.442027 0.236895 0.442447 0.236686 0.442238 0.236475 0.442995 0.236218 0.442847 0.236686 0.442238 0.238082 0.441763 0.237444 0.442027 0.237295 0.44177 0.238767 0.441672 0.238767 0.441376 0.239528 0.441476 0.238767 0.441672 0.238082 0.441763 0.238005 0.441476 0.239452 0.441763 0.239528 0.441476 0.240238 0.44177 0.241057 0.442995 0.240637 0.442447 0.240847 0.442238 0.2400889 0.442027 0.240238 0.44177 0.240847 0.442238 0.241321 0.443633 0.241057 0.442995 0.2413139 0.442847 0.241321 0.445002 0.241412 0.444318 0.2417089 0.444318 0.241412 0.444318 0.241321 0.443633 0.241609 0.443557 0.241057 0.44564 0.241321 0.445002 0.241609 0.445079 0.451485 0.566249 0.451485 0.560466 0.452709 0.56092 0.454955 0.556436 0.455705 0.557443 0.452709 0.56092 0.454955 0.556436 0.459854 0.554261 0.460098 0.555491 0.465211 0.55439 0.464906 0.555607 0.460098 0.555491 0.465211 0.55439 0.469998 0.556797 0.469203 0.557767 0.469998 0.556797 0.473296 0.561021 0.472161 0.561557 0.473296 0.561021 0.474469 0.566249 0.473215 0.566249 0.473296 0.571477 0.472161 0.570941 0.473215 0.566249 0.469998 0.575701 0.469203 0.574732 0.472161 0.570941 0.465211 0.578109 0.464906 0.576892 0.469203 0.574732 0.465211 0.578109 0.459854 0.578238 0.460098 0.577007 0.454955 0.576063 0.455705 0.575055 0.460098 0.577007 0.454955 0.576063 0.451485 0.572032 0.452709 0.571578 0.452709 0.571578 0.451485 0.572032 0.451485 0.566249 0.260801 0.54212 0.266585 0.54212 0.266585 0.537412 0.255018 0.54212 0.260801 0.54212 0.260801 0.537412 0.250988 0.54212 0.255018 0.54212 0.255018 0.537412 0.545837 0.458067 0.545837 0.45317 0.550544 0.45317 0.545837 0.463424 0.545837 0.458067 0.550544 0.458067 0.545837 0.468212 0.545837 0.463424 0.550544 0.463424 0.321267 0.574479 0.325493 0.574479 0.325493 0.579186 0.316039 0.574479 0.321267 0.574479 0.321267 0.579186 0.310811 0.574479 0.316039 0.574479 0.316039 0.579186 0.306588 0.574479 0.310811 0.574479 0.310811 0.579186 0.275914 0.553994 0.275914 0.549206 0.271206 0.549206 0.275914 0.559351 0.275914 0.553994 0.271206 0.553994 0.275914 0.564248 0.275914 0.559351 0.271206 0.559351 0.266585 0.54212 0.270615 0.54212 0.270615 0.537412 0.257632 0.482299 0.254619 0.485797 0.255338 0.486766 0.257632 0.471606 0.257632 0.476952 0.258808 0.476952 0.257632 0.482299 0.258808 0.482735 0.258808 0.476952 0.257632 0.471606 0.258808 0.471169 0.255338 0.467139 0.250205 0.466147 0.254619 0.468107 0.255338 0.467139 0.250205 0.466147 0.250441 0.464964 0.245085 0.465093 0.241062 0.468433 0.245376 0.466263 0.245085 0.465093 0.238089 0.47224 0.241062 0.468433 0.240296 0.4675 0.23703 0.476952 0.235824 0.476952 0.236999 0.48218 0.23703 0.476952 0.238089 0.47224 0.236999 0.471724 0.238089 0.481665 0.236999 0.48218 0.240296 0.486404 0.241062 0.485472 0.240296 0.486404 0.245085 0.488812 0.250205 0.487758 0.245376 0.487642 0.245085 0.488812 0.250205 0.487758 0.250441 0.488941 0.255338 0.486766</float_array>
          <technique_common>
            <accessor source="#Mesh12_Group15_Group11_Group6_Group1_Model-mesh-map-0-array" count="14133" stride="2">
              <param name="S" type="float"/>
              <param name="T" type="float"/>
            </accessor>
          </technique_common>
        </source>
        <vertices id="Mesh12_Group15_Group11_Group6_Group1_Model-mesh-vertices">
          <input semantic="POSITION" source="#Mesh12_Group15_Group11_Group6_Group1_Model-mesh-positions"/>
        </vertices>
        <polylist material="FrontColor-material" count="4711">
          <input semantic="VERTEX" source="#Mesh12_Group15_Group11_Group6_Group1_Model-mesh-vertices" offset="0"/>
          <input semantic="NORMAL" source="#Mesh12_Group15_Group11_Group6_Group1_Model-mesh-normals" offset="1"/>
          <input semantic="TEXCOORD" source="#Mesh12_Group15_Group11_Group6_Group1_Model-mesh-map-0" offset="2" set="0"/>
          <vcount>3 3 3 3 3 3 3 3 3 3 3 3 3 3 3 3 3 3 3 3 3 3 3 3 3 3 3 3 3 3 3 3 3 3 3 3 3 3 3 3 3 3 3 3 3 3 3 3 3 3 3 3 3 3 3 3 3 3 3 3 3 3 3 3 3 3 3 3 3 3 3 3 3 3 3 3 3 3 3 3 3 3 3 3 3 3 3 3 3 3 3 3 3 3 3 3 3 3 3 3 3 3 3 3 3 3 3 3 3 3 3 3 3 3 3 3 3 3 3 3 3 3 3 3 3 3 3 3 3 3 3 3 3 3 3 3 3 3 3 3 3 3 3 3 3 3 3 3 3 3 3 3 3 3 3 3 3 3 3 3 3 3 3 3 3 3 3 3 3 3 3 3 3 3 3 3 3 3 3 3 3 3 3 3 3 3 3 3 3 3 3 3 3 3 3 3 3 3 3 3 3 3 3 3 3 3 3 3 3 3 3 3 3 3 3 3 3 3 3 3 3 3 3 3 3 3 3 3 3 3 3 3 3 3 3 3 3 3 3 3 3 3 3 3 3 3 3 3 3 3 3 3 3 3 3 3 3 3 3 3 3 3 3 3 3 3 3 3 3 3 3 3 3 3 3 3 3 3 3 3 3 3 3 3 3 3 3 3 3 3 3 3 3 3 3 3 3 3 3 3 3 3 3 3 3 3 3 3 3 3 3 3 3 3 3 3 3 3 3 3 3 3 3 3 3 3 3 3 3 3 3 3 3 3 3 3 3 3 3 3 3 3 3 3 3 3 3 3 3 3 3 3 3 3 3 3 3 3 3 3 3 3 3 3 3 3 3 3 3 3 3 3 3 3 3 3 3 3 3 3 3 3 3 3 3 3 3 3 3 3 3 3 3 3 3 3 3 3 3 3 3 3 3 3 3 3 3 3 3 3 3 3 3 3 3 3 3 3 3 3 3 3 3 3 3 3 3 3 3 3 3 3 3 3 3 3 3 3 3 3 3 3 3 3 3 3 3 3 3 3 3 3 3 3 3 3 3 3 3 3 3 3 3 3 3 3 3 3 3 3 3 3 3 3 3 3 3 3 3 3 3 3 3 3 3 3 3 3 3 3 3 3 3 3 3 3 3 3 3 3 3 3 3 3 3 3 3 3 3 3 3 3 3 3 3 3 3 3 3 3 3 3 3 3 3 3 3 3 3 3 3 3 3 3 3 3 3 3 3 3 3 3 3 3 3 3 3 3 3 3 3 3 3 3 3 3 3 3 3 3 3 3 3 3 3 3 3 3 3 3 3 3 3 3 3 3 3 3 3 3 3 3 3 3 3 3 3 3 3 3 3 3 3 3 3 3 3 3 3 3 3 3 3 3 3 3 3 3 3 3 3 3 3 3 3 3 3 3 3 3 3 3 3 3 3 3 3 3 3 3 3 3 3 3 3 3 3 3 3 3 3 3 3 3 3 3 3 3 3 3 3 3 3 3 3 3 3 3 3 3 3 3 3 3 3 3 3 3 3 3 3 3 3 3 3 3 3 3 3 3 3 3 3 3 3 3 3 3 3 3 3 3 3 3 3 3 3 3 3 3 3 3 3 3 3 3 3 3 3 3 3 3 3 3 3 3 3 3 3 3 3 3 3 3 3 3 3 3 3 3 3 3 3 3 3 3 3 3 3 3 3 3 3 3 3 3 3 3 3 3 3 3 3 3 3 3 3 3 3 3 3 3 3 3 3 3 3 3 3 3 3 3 3 3 3 3 3 3 3 3 3 3 3 3 3 3 3 3 3 3 3 3 3 3 3 3 3 3 3 3 3 3 3 3 3 3 3 3 3 3 3 3 3 3 3 3 3 3 3 3 3 3 3 3 3 3 3 3 3 3 3 3 3 3 3 3 3 3 3 3 3 3 3 3 3 3 3 3 3 3 3 3 3 3 3 3 3 3 3 3 3 3 3 3 3 3 3 3 3 3 3 3 3 3 3 3 3 3 3 3 3 3 3 3 3 3 3 3 3 3 3 3 3 3 3 3 3 3 3 3 3 3 3 3 3 3 3 3 3 3 3 3 3 3 3 3 3 3 3 3 3 3 3 3 3 3 3 3 3 3 3 3 3 3 3 3 3 3 3 3 3 3 3 3 3 3 3 3 3 3 3 3 3 3 3 3 3 3 3 3 3 3 3 3 3 3 3 3 3 3 3 3 3 3 3 3 3 3 3 3 3 3 3 3 3 3 3 3 3 3 3 3 3 3 3 3 3 3 3 3 3 3 3 3 3 3 3 3 3 3 3 3 3 3 3 3 3 3 3 3 3 3 3 3 3 3 3 3 3 3 3 3 3 3 3 3 3 3 3 3 3 3 3 3 3 3 3 3 3 3 3 3 3 3 3 3 3 3 3 3 3 3 3 3 3 3 3 3 3 3 3 3 3 3 3 3 3 3 3 3 3 3 3 3 3 3 3 3 3 3 3 3 3 3 3 3 3 3 3 3 3 3 3 3 3 3 3 3 3 3 3 3 3 3 3 3 3 3 3 3 3 3 3 3 3 3 3 3 3 3 3 3 3 3 3 3 3 3 3 3 3 3 3 3 3 3 3 3 3 3 3 3 3 3 3 3 3 3 3 3 3 3 3 3 3 3 3 3 3 3 3 3 3 3 3 3 3 3 3 3 3 3 3 3 3 3 3 3 3 3 3 3 3 3 3 3 3 3 3 3 3 3 3 3 3 3 3 3 3 3 3 3 3 3 3 3 3 3 3 3 3 3 3 3 3 3 3 3 3 3 3 3 3 3 3 3 3 3 3 3 3 3 3 3 3 3 3 3 3 3 3 3 3 3 3 3 3 3 3 3 3 3 3 3 3 3 3 3 3 3 3 3 3 3 3 3 3 3 3 3 3 3 3 3 3 3 3 3 3 3 3 3 3 3 3 3 3 3 3 3 3 3 3 3 3 3 3 3 3 3 3 3 3 3 3 3 3 3 3 3 3 3 3 3 3 3 3 3 3 3 3 3 3 3 3 3 3 3 3 3 3 3 3 3 3 3 3 3 3 3 3 3 3 3 3 3 3 3 3 3 3 3 3 3 3 3 3 3 3 3 3 3 3 3 3 3 3 3 3 3 3 3 3 3 3 3 3 3 3 3 3 3 3 3 3 3 3 3 3 3 3 3 3 3 3 3 3 3 3 3 3 3 3 3 3 3 3 3 3 3 3 3 3 3 3 3 3 3 3 3 3 3 3 3 3 3 3 3 3 3 3 3 3 3 3 3 3 3 3 3 3 3 3 3 3 3 3 3 3 3 3 3 3 3 3 3 3 3 3 3 3 3 3 3 3 3 3 3 3 3 3 3 3 3 3 3 3 3 3 3 3 3 3 3 3 3 3 3 3 3 3 3 3 3 3 3 3 3 3 3 3 3 3 3 3 3 3 3 3 3 3 3 3 3 3 3 3 3 3 3 3 3 3 3 3 3 3 3 3 3 3 3 3 3 3 3 3 3 3 3 3 3 3 3 3 3 3 3 3 3 3 3 3 3 3 3 3 3 3 3 3 3 3 3 3 3 3 3 3 3 3 3 3 3 3 3 3 3 3 3 3 3 3 3 3 3 3 3 3 3 3 3 3 3 3 3 3 3 3 3 3 3 3 3 3 3 3 3 3 3 3 3 3 3 3 3 3 3 3 3 3 3 3 3 3 3 3 3 3 3 3 3 3 3 3 3 3 3 3 3 3 3 3 3 3 3 3 3 3 3 3 3 3 3 3 3 3 3 3 3 3 3 3 3 3 3 3 3 3 3 3 3 3 3 3 3 3 3 3 3 3 3 3 3 3 3 3 3 3 3 3 3 3 3 3 3 3 3 3 3 3 3 3 3 3 3 3 3 3 3 3 3 3 3 3 3 3 3 3 3 3 3 3 3 3 3 3 3 3 3 3 3 3 3 3 3 3 3 3 3 3 3 3 3 3 3 3 3 3 3 3 3 3 3 3 3 3 3 3 3 3 3 3 3 3 3 3 3 3 3 3 3 3 3 3 3 3 3 3 3 3 3 3 3 3 3 3 3 3 3 3 3 3 3 3 3 3 3 3 3 3 3 3 3 3 3 3 3 3 3 3 3 3 3 3 3 3 3 3 3 3 3 3 3 3 3 3 3 3 3 3 3 3 3 3 3 3 3 3 3 3 3 3 3 3 3 3 3 3 3 3 3 3 3 3 3 3 3 3 3 3 3 3 3 3 3 3 3 3 3 3 3 3 3 3 3 3 3 3 3 3 3 3 3 3 3 3 3 3 3 3 3 3 3 3 3 3 3 3 3 3 3 3 3 3 3 3 3 3 3 3 3 3 3 3 3 3 3 3 3 3 3 3 3 3 3 3 3 3 3 3 3 3 3 3 3 3 3 3 3 3 3 3 3 3 3 3 3 3 3 3 3 3 3 3 3 3 3 3 3 3 3 3 3 3 3 3 3 3 3 3 3 3 3 3 3 3 3 3 3 3 3 3 3 3 3 3 3 3 3 3 3 3 3 3 3 3 3 3 3 3 3 3 3 3 3 3 3 3 3 3 3 3 3 3 3 3 3 3 3 3 3 3 3 3 3 3 3 3 3 3 3 3 3 3 3 3 3 3 3 3 3 3 3 3 3 3 3 3 3 3 3 3 3 3 3 3 3 3 3 3 3 3 3 3 3 3 3 3 3 3 3 3 3 3 3 3 3 3 3 3 3 3 3 3 3 3 3 3 3 3 3 3 3 3 3 3 3 3 3 3 3 3 3 3 3 3 3 3 3 3 3 3 3 3 3 3 3 3 3 3 3 3 3 3 3 3 3 3 3 3 3 3 3 3 3 3 3 3 3 3 3 3 3 3 3 3 3 3 3 3 3 3 3 3 3 3 3 3 3 3 3 3 3 3 3 3 3 3 3 3 3 3 3 3 3 3 3 3 3 3 3 3 3 3 3 3 3 3 3 3 3 3 3 3 3 3 3 3 3 3 3 3 3 3 3 3 3 3 3 3 3 3 3 3 3 3 3 3 3 3 3 3 3 3 3 3 3 3 3 3 3 3 3 3 3 3 3 3 3 3 3 3 3 3 3 3 3 3 3 3 3 3 3 3 3 3 3 3 3 3 3 3 3 3 3 3 3 3 3 3 3 3 3 3 3 3 3 3 3 3 3 3 3 3 3 3 3 3 3 3 3 3 3 3 3 3 3 3 3 3 3 3 3 3 3 3 3 3 3 3 3 3 3 3 3 3 3 3 3 3 3 3 3 3 3 3 3 3 3 3 3 3 3 3 3 3 3 3 3 3 3 3 3 3 3 3 3 3 3 3 3 3 3 3 3 3 3 3 3 3 3 3 3 3 3 3 3 3 3 3 3 3 3 3 3 3 3 3 3 3 3 3 3 3 3 3 3 3 3 3 3 3 3 3 3 3 3 3 3 3 3 3 3 3 3 3 3 3 3 3 3 3 3 3 3 3 3 3 3 3 3 3 3 3 3 3 3 3 3 3 3 3 3 3 3 3 3 3 3 3 3 3 3 3 3 3 3 3 3 3 3 3 3 3 3 3 3 3 3 3 3 3 3 3 3 3 3 3 3 3 3 3 3 3 3 3 3 3 3 3 3 3 3 3 3 3 3 3 3 3 3 3 3 3 3 3 3 3 3 3 3 3 3 3 3 3 3 3 3 3 3 3 3 3 3 3 3 3 3 3 3 3 3 3 3 3 3 3 3 3 3 3 3 3 3 3 3 3 3 3 3 3 3 3 3 3 3 3 3 3 3 3 3 3 3 3 3 3 3 3 3 3 3 3 3 3 3 3 3 3 3 3 3 3 3 3 3 3 3 3 3 3 3 3 3 3 3 3 3 3 3 3 3 3 3 3 3 3 3 3 3 3 3 3 3 3 3 3 3 3 3 3 3 3 3 3 3 3 3 3 3 3 3 3 3 3 3 3 3 3 3 3 3 3 3 3 3 3 3 3 3 3 3 3 3 3 3 3 3 3 3 3 3 3 3 3 3 3 3 3 3 3 3 3 3 3 3 3 3 3 3 3 3 3 3 3 3 3 3 3 3 3 3 3 3 3 3 3 3 3 3 3 3 3 3 3 3 3 3 3 3 3 3 3 3 3 3 3 3 3 3 3 3 3 3 3 3 3 3 3 3 3 3 3 3 3 3 3 3 3 3 3 3 3 3 3 3 3 3 3 3 3 3 3 3 3 3 3 3 3 3 3 3 3 3 3 3 3 3 3 3 3 3 3 3 3 3 3 3 3 3 3 3 3 3 3 3 3 3 3 3 3 3 3 3 3 3 3 3 3 3 3 3 3 3 3 3 3 3 3 3 3 3 3 3 3 3 3 3 3 3 3 3 3 3 3 3 3 3 3 3 3 3 3 3 3 3 3 3 3 3 3 3 3 3 3 3 3 3 3 3 3 3 3 3 3 3 3 3 3 3 3 3 3 3 3 3 3 3 3 3 3 3 3 3 3 3 3 3 3 3 3 3 3 3 3 3 3 3 3 3 3 3 3 3 3 3 3 3 3 3 3 3 3 3 3 3 3 3 3 3 3 3 3 3 3 3 3 3 3 3 3 3 3 3 3 3 3 3 3 3 3 3 3 3 3 3 3 3 3 3 3 3 3 3 3 3 3 3 3 3 3 3 3 3 3 3 3 3 3 3 3 3 3 3 3 3 3 3 3 3 3 3 3 3 3 3 3 3 3 3 3 3 3 3 3 3 3 3 3 3 3 3 3 3 3 3 3 3 3 3 3 3 3 3 3 3 3 3 3 3 3 3 3 3 3 3 3 3 3 3 3 3 3 3 3 3 3 3 3 3 3 3 3 3 3 3 3 3 3 3 3 3 3 3 3 3 3 3 3 3 3 3 3 3 3 3 3 3 3 3 3 3 3 3 3 3 3 3 3 3 3 3 3 3 3 3 3 3 3 3 3 3 3 3 3 3 3 3 3 3 3 3 3 3 3 3 3 3 3 3 3 3 3 3 3 3 3 3 3 3 3 3 3 3 3 3 3 3 3 3 3 3 3 3 3 3 3 3 3 3 3 3 3 3 3 3 3 3 3 3 3 3 3 3 3 3 3 3 3 3 3 3 3 3 3 3 3 3 3 3 3 3 3 3 3 3 3 3 3 3 3 3 3 3 3 3 3 3 3 3 3 3 3 3 3 3 3 3 3 3 3 3 3 3 3 3 3 3 3 3 3 3 3 3 3 3 3 3 3 3 3 3 3 3 3 3 3 3 3 3 3 3 3 3 3 3 3 3 3 3 3 3 3 3 3 3 3 3 3 3 3 3 3 3 3 3 3 3 3 3 3 3 3 3 3 3 3 3 3 3 3 3 3 3 3 3 3 3 3 3 3 3 3 3 3 3 3 3 3 3 3 3 3 3 3 3 3 3 3 3 3 3 3 3 3 3 3 3 3 3 3 3 3 3 3 3 3 3 3 3 3 3 3 3 3 3 3 3 3 3 3 3 3 3 3 3 3 3 3 3 3 3 3 3 3 3 3 3 3 3 3 3 3 3 3 3 3 3 3 3 3 3 3 3 3 3 3 3 3 3 3 3 3 3 3 3 3 3 3 3 3 3 3 3 3 3 3 3 3 3 3 3 3 3 3 3 3 3 3 3 3 3 3 3 3 3 3 3 3 3 3 3 3 3 3 3 3 3 3 3 3 3 3 3 3 3 3 3 3 3 3 3 3 3 3 3 3 3 3 3 3 3 3 3 3 3 3 3 3 3 3 3 3 3 3 3 3 3 3 3 3 3 3 3 3 3 3 3 3 3 3 3 3 3 3 3 3 3 3 3 3 3 3 3 3 3 3 3 3 3 3 3 3 3 3 3 3 3 3 3 3 3 3 3 3 3 3 3 3 3 3 3 3 3 3 3 3 3 3 3 3 3 3 3 3 3 3 3 3 3 3 3 3 3 3 3 3 3 3 3 3 3 3 3 3 3 3 3 3 3 3 3 3 3 3 3 3 3 3 3 3 3 3 3 3 3 3 3 3 3 3 3 3 3 3 3 3 3 3 3 3 3 3 3 3 3 3 3 3 3 3 3 3 3 3 3 3 3 3 3 3 3 3 3 3 3 3 3 3 3 3 3 3 3 3 3 3 3 3 3 3 3 3 3 3 3 3 3 3 3 3 3 3 3 3 3 3 3 3 3 3 3 3 3 3 3 3 3 3 3 3 3 3 3 3 3 3 3 3 3 3 3 3 3 3 3 3 3 3 3 3 3 3 3 3 3 3 3 3 3 3 3 3 3 3 3 3 3 3 3 3 3 3 3 3 3 3 3 3 3 3 3 3 3 3 3 3 3 3 3 3 3 3 3 3 3 3 3 3 3 3 3 3 3 3 3 3 3 3 3 3 3 3 3 3 3 3 3 3 3 3 3 3 3 3 3 3 3 3 3 3 3 3 3 3 3 3 3 3 3 3 3 3 3 3 3 3 3 3 3 3 3 3 3 3 3 3 3 3 3 3 3 3 3 3 3 3 3 3 3 3 3 3 3 3 3 3 3 3 3 3 3 3 3 3 3 3 3 3 3 3 3 3 3 3 3 3 3 3 3 3 3 3 3 3 3 3 3 3 3 3 3 3 3 3 3 3 3 3 3 3 3 3 3 3 3 3 3 3 3 3 3 3 3 3 3 3 3 3 3 3 3 3 3 3 3 3 3 3 3 3 3 3 3 3 3 3 3 3 3 3 3 3 3 3 3 3 3 3 3 3 3 3 3 3 3 3 3 3 3 3 3 3 3 3 3 3 3 3 3 3 3 3 3 3 3 3 3 3 3 3 3 3 3 3 3 3 3 3 3 3 3 3 3 3 3 3 3 3 3 3 3 3 3 3 3 3 3 3 3 3 3 3 3 3 3 3 3 3 3 3 3 3 3 3 3 3 3 3 3 3 3 3 3 3 3 3 3 3 3 3 3 3 3 3 3 3 3 3 3 3 3 3 3 3 3 3 3 3 3 3 3 3 3 3 3 3 3 3 3 3 3 3 3 3 3 3 3 3 3 3 3 3 3 3 3 3 3 3 3 3 3 3 3 3 3 3 3 3 3 3 3 3 3 3 3 3 3 3 3 3 3 3 3 3 3 3 3 3 3 3 3 3 3 3 3 3 3 3 3 3 3 3 3 3 3 3 3 3 3 3 3 3 3 3 3 3 3 3 3 3 3 3 3 3 3 3 3 3 3 3 3 3 3 3 3 3 3 3 3 3 3 3 3 3 3 3 3 3 3 3 3 3 3 3 3 3 3 3 3 3 3 3 3 3 3 3 3 3 3 3 3 3 3 3 3 3 3 3 3 3 3 3 3 3 3 3 3 3 3 3 3 3 3 3 3 3 3 3 3 3 3 3 3 3 3 3 3 3 3 3 3 3 3 3 3 3 3 3 3 3 3 3 3 3 3 3 3 3 3 3 3 3 3 3 3 3 3 3 3 3 3 3 3 3 3 3 3 3 3 3 3 3 3 3 3 3 3 3 3 3 3 3 3 3 3 3 3 3 3 3 3 3 3 3 3 3 3 3 3 3 3 3 3 3 3 3 3 3 3 3 3 3 3 3 3 3 3 3 3 3 3 3 3 3 3 3 3 3 3 3 3 3 3 3 3 3 3 3 3 3 3 3 3 3 3 3 3 3 3 3 3 3 3 3 3 3 3 3 3 3 3 3 3 3 3 3 3 3 3 3 3 3 3 3 3 3 3 3 3 3 3 3 3 3 3 3 3 3 3 3 3 3 3 3 3 3 3 3 3 3 3 3 3 3 3 3 3 3 3 3 3 3 3 3 3 3 3 3 3 3 3 3 3 3 3 3 3 3 3 3 3 3 3 3 3 3 3 3 3 3 3 3 3 3 3 3 3 3 3 3 3 3 3 3 3 3 3 3 3 3 3 3 3 3 3 3 3 3 3 3 3 3 3 3 3 3 3 3 3 3 3 3 3 3 3 3 3 3 3 3 3 3 3 3 3 3 3 3 3 3 3 3 3 3 3 3 3 3 3 3 3 3 3 3 3 3 3 3 3 3 3 3 3 3 3 3 3 3 3 3 3 3 3 3 3 3 3 3 3 3 3 3 3 3 3 3 3 3 3 3 3 3 3 3 3 3 3 3 3 3 3 3 3 3 3 3 3 3 3 3 3 3 3 3 3 3 3 3 3 3 3 3 3 3 3 3 3 3 3 3 3 3 3 3 3 3 3 3 3 3 3 3 3 3 3 3 3 3 3 3 3 3 3 3 3 3 3 3 3 3 3 3 3 3 3 3 3 3 3 3 3 3 3 3 3 3 3 3 3 3 3 3 3 3 3 3 3 3 3 3 3 3 3 3 3 3 3 3 3 3 3 3 3 3 3 3 3 3 3 3 3 3 3 3 3 3 3 3 3 3 3 3 3 3 3 3 3 3 3 3 3 3 3 3 3 3 3 3 3 3 3 3 3 3 3 3 3 3 3 3 3 3 3 3 3 3 3 3 3 3 3 3 3 3 3 3 3 3 3 3 3 3 3 3 3 3 3 3 3 3 3 3 3 3 3 3 3 3 3 3 3 3 3 3 3 3 3 3 3 3 3 3 3 3 3 3 3 3 </vcount>
          <p>1 0 0 3 1 1 0 2 2 5 3 3 0 2 4 4 4 5 7 5 6 4 4 7 6 6 8 9 7 9 6 6 10 8 8 11 11 9 12 8 8 13 10 10 14 13 11 15 10 10 16 12 12 17 15 13 18 12 12 19 14 14 20 17 15 21 14 14 22 16 16 23 19 17 24 16 16 25 18 17 26 21 18 27 18 17 28 20 19 29 23 20 30 20 19 31 22 21 32 25 22 33 22 21 34 24 23 35 27 24 36 24 23 37 26 25 38 29 26 39 26 25 40 28 27 41 31 28 42 28 27 43 30 29 44 33 30 45 30 29 46 32 31 47 35 32 48 32 31 49 34 33 50 37 34 51 34 33 52 36 35 53 39 36 54 36 35 55 38 37 56 41 38 57 38 37 58 40 39 59 43 40 60 40 39 61 42 41 62 45 42 63 42 41 64 44 43 65 47 44 66 44 43 67 46 45 68 2 46 69 46 45 70 3 1 71 49 47 72 2 48 73 48 49 74 50 50 75 1 51 76 5 52 77 48 49 78 1 51 79 51 53 80 50 50 81 7 54 82 52 55 83 53 56 84 9 57 85 11 58 86 52 55 87 9 57 88 54 59 89 55 60 90 11 58 91 13 61 92 56 62 93 15 63 94 17 64 95 55 60 96 15 63 97 57 65 98 58 66 99 17 64 100 19 67 101 59 68 102 21 69 103 23 70 104 60 71 105 19 67 106 21 69 107 61 72 108 23 70 109 25 73 110 63 74 111 29 75 112 62 76 113 63 74 114 25 73 115 27 77 116 64 78 117 29 75 118 31 79 119 66 80 120 35 81 121 65 82 122 66 80 123 31 79 124 33 83 125 65 82 126 37 84 127 67 85 128 69 86 129 41 87 130 68 88 131 69 86 132 37 84 133 39 89 134 68 88 135 43 90 136 70 91 137 71 92 138 47 93 139 49 47 140 70 91 141 45 94 142 71 92 143 49 95 144 48 95 145 72 96 146 51 95 147 72 96 148 48 95 149 51 95 150 50 95 151 72 96 152 50 95 153 52 95 154 72 96 155 54 95 156 72 96 157 52 95 158 54 95 159 53 95 160 72 96 161 53 95 162 55 95 163 72 96 164 57 95 165 72 96 166 55 95 167 57 95 168 56 95 169 72 96 170 56 95 171 58 97 172 72 96 173 60 98 174 72 96 175 58 97 176 60 98 177 59 99 178 72 96 179 59 99 180 61 100 181 72 96 182 63 95 183 72 96 184 61 100 185 63 95 186 62 101 187 72 96 188 62 101 189 64 95 190 72 96 191 66 102 192 72 96 193 64 95 194 66 102 195 65 103 196 72 96 197 65 103 198 67 95 199 72 96 200 69 95 201 72 96 202 67 95 203 69 95 204 68 95 205 72 96 206 68 95 207 70 95 208 72 96 209 71 95 210 72 96 211 70 95 212 71 95 213 49 95 214 72 96 215 73 95 216 74 95 217 75 104 218 74 95 219 76 95 220 75 104 221 76 95 222 77 95 223 75 104 224 77 95 225 78 95 226 75 104 227 78 95 228 79 95 229 75 104 230 79 95 231 80 95 232 75 104 233 80 95 234 81 95 235 75 104 236 81 95 237 82 105 238 75 104 239 82 105 240 83 106 241 75 104 242 83 106 243 84 107 244 75 104 245 84 107 246 85 108 247 75 104 248 86 95 249 75 104 250 85 108 251 88 109 252 86 95 253 87 95 254 87 95 255 89 95 256 88 109 257 89 95 258 90 95 259 88 109 260 90 95 261 91 95 262 88 109 263 91 95 264 92 95 265 88 109 266 92 95 267 93 110 268 88 109 269 93 110 270 94 111 271 88 109 272 94 111 273 95 112 274 88 109 275 95 112 276 96 113 277 88 109 278 96 113 279 97 95 280 88 109 281 97 95 282 98 95 283 88 109 284 98 95 285 99 95 286 88 109 287 100 95 288 88 109 289 99 95 290 102 114 291 100 95 292 101 95 293 101 95 294 103 95 295 102 114 296 103 95 297 104 95 298 102 114 299 104 95 300 105 115 301 102 114 302 105 115 303 106 116 304 102 114 305 106 116 306 107 117 307 102 114 308 107 117 309 108 118 310 102 114 311 108 118 312 109 119 313 102 114 314 109 119 315 110 120 316 102 114 317 110 120 318 111 121 319 102 114 320 111 121 321 112 122 322 102 114 323 112 122 324 113 123 325 102 114 326 114 95 327 102 114 328 113 123 329 116 124 330 114 95 331 115 95 332 115 95 333 117 125 334 116 124 335 118 126 336 116 124 337 117 125 338 119 127 339 116 124 340 118 126 341 120 128 342 116 124 343 119 127 344 121 95 345 116 124 346 120 128 347 122 95 348 116 124 349 121 95 350 123 95 351 116 124 352 122 95 353 124 95 354 116 124 355 123 95 356 125 95 357 116 124 358 124 95 359 126 95 360 116 124 361 125 95 362 127 95 363 116 124 364 126 95 365 128 95 366 116 124 367 127 95 368 75 104 369 128 95 370 73 95 371 75 104 372 102 114 373 116 124 374 130 129 375 132 130 376 129 131 377 133 132 378 131 133 379 130 129 380 133 132 381 136 134 382 134 135 383 137 136 384 136 134 385 135 137 386 137 136 387 140 138 388 138 139 389 141 140 390 140 138 391 139 141 392 143 142 393 142 143 394 141 140 395 145 144 396 144 145 397 143 142 398 147 146 399 146 147 400 145 144 401 149 148 402 148 149 403 147 146 404 151 150 405 150 151 406 149 148 407 151 150 408 154 152 409 152 153 410 155 154 411 154 152 412 153 155 413 155 154 414 158 156 415 156 157 416 157 158 417 160 159 418 158 156 419 159 160 420 162 161 421 160 159 422 163 162 423 162 161 424 161 141 425 163 162 426 166 163 427 164 164 428 167 165 429 166 163 430 165 166 431 169 167 432 168 168 433 167 165 434 169 167 435 172 169 436 170 170 437 171 171 438 174 172 439 172 169 440 178 173 441 179 174 442 175 175 443 177 176 444 182 177 445 181 178 446 181 178 447 184 179 448 177 176 449 185 180 450 183 181 451 181 178 452 181 178 453 187 182 454 185 180 455 188 183 456 187 182 457 189 184 458 188 183 459 186 185 460 185 180 461 188 183 462 192 186 463 190 187 464 188 183 465 193 188 466 191 189 467 194 190 468 193 188 469 195 191 470 194 190 471 192 186 472 191 189 473 197 192 474 196 193 475 194 190 476 197 192 477 195 191 478 199 194 479 197 192 480 201 195 481 200 196 482 200 196 483 198 197 484 197 192 485 200 196 486 204 198 487 202 199 488 203 200 489 201 195 490 205 201 491 203 200 492 207 202 493 206 203 494 206 203 495 204 198 496 203 200 497 206 203 498 210 204 499 208 205 500 206 203 501 211 206 502 209 207 503 209 207 504 213 208 505 212 209 506 209 207 507 214 210 508 210 204 509 215 211 510 214 210 511 212 209 512 212 209 513 217 212 514 215 211 515 218 213 516 217 212 517 219 214 518 218 213 519 216 215 520 215 211 521 221 216 522 220 217 523 218 213 524 221 216 525 219 214 526 223 218 527 224 219 528 223 218 529 225 220 530 221 216 531 226 221 532 222 222 533 227 223 534 226 221 535 224 219 536 224 219 537 229 224 538 227 223 539 230 225 540 229 224 541 231 141 542 227 223 543 232 226 544 228 227 545 230 225 546 234 228 547 232 226 548 230 225 549 235 229 550 233 230 551 233 230 552 237 231 553 236 232 554 233 230 555 238 233 556 234 228 557 239 234 558 238 233 559 236 232 560 239 234 561 237 231 562 241 235 563 242 236 564 241 235 565 243 237 566 239 234 567 244 238 568 240 239 569 242 236 570 246 240 571 244 238 572 242 236 573 247 241 574 245 242 575 248 243 576 247 241 577 249 244 578 245 242 579 250 245 580 246 240 581 248 243 582 252 246 583 250 245 584 248 243 585 253 247 586 251 248 587 251 248 588 255 249 589 254 250 590 251 248 591 256 251 592 252 246 593 257 252 594 256 251 595 254 250 596 255 249 597 257 252 598 254 250 599 129 131 600 257 252 601 259 141 602 257 252 603 260 253 604 258 254 605 132 130 606 261 255 607 260 253 608 131 133 609 262 256 610 261 255 611 136 134 612 262 256 613 134 135 614 138 139 615 263 257 616 136 134 617 140 138 618 264 258 619 138 139 620 142 143 621 265 259 622 140 138 623 142 143 624 267 260 625 266 261 626 144 145 627 268 262 628 267 260 629 148 149 630 268 262 631 146 147 632 148 149 633 270 263 634 269 264 635 152 153 636 270 263 637 150 151 638 154 152 639 271 265 640 152 153 641 154 152 642 273 266 643 272 267 644 158 156 645 273 266 646 156 157 647 160 159 648 274 268 649 158 156 650 160 159 651 276 269 652 275 270 653 162 161 654 277 271 655 276 269 656 164 164 657 278 272 658 277 271 659 166 163 660 279 273 661 278 272 662 170 170 663 279 273 664 168 168 665 172 169 666 280 274 667 170 170 668 174 172 669 281 275 670 172 169 671 174 172 672 283 276 673 282 277 674 282 277 675 285 278 676 284 279 677 281 275 678 284 279 679 286 280 680 280 274 681 286 280 682 287 281 683 279 273 684 287 281 685 288 282 686 278 272 687 288 282 688 289 283 689 277 271 690 289 283 691 290 284 692 276 269 693 290 284 694 291 285 695 275 270 696 291 285 697 292 286 698 274 268 699 292 286 700 293 287 701 273 266 702 293 287 703 294 288 704 272 267 705 294 288 706 295 289 707 271 265 708 295 289 709 296 290 710 296 290 711 270 263 712 271 265 713 299 291 714 296 290 715 298 292 716 298 292 717 301 293 718 299 291 719 302 294 720 300 295 721 298 292 722 302 294 723 296 290 724 295 289 725 302 294 726 294 288 727 304 296 728 304 296 729 303 297 730 302 294 731 304 296 732 307 298 733 305 299 734 306 300 735 294 288 736 293 287 737 308 301 738 293 287 739 292 286 740 306 300 741 309 302 742 307 298 743 310 303 744 309 302 745 308 301 746 308 301 747 291 285 748 310 303 749 310 303 750 290 284 751 312 304 752 310 303 753 313 305 754 311 306 755 314 307 756 313 305 757 312 304 758 312 304 759 289 283 760 314 307 761 314 307 762 288 282 763 316 308 764 314 307 765 317 309 766 315 310 767 318 311 768 317 309 769 316 308 770 318 311 771 288 282 772 287 281 773 320 312 774 287 281 775 286 280 776 320 312 777 319 313 778 318 311 779 322 314 780 321 315 781 320 312 782 322 314 783 286 280 784 284 279 785 322 314 786 285 278 787 324 316 788 327 317 789 328 95 790 324 316 791 326 318 792 329 319 793 330 320 794 330 320 795 331 321 796 184 179 797 184 179 798 332 322 799 330 320 800 183 181 801 333 323 802 332 322 803 186 185 804 334 324 805 333 323 806 190 187 807 335 325 808 334 324 809 192 186 810 336 326 811 335 325 812 196 193 813 337 327 814 336 326 815 198 197 816 338 328 817 337 327 818 202 199 819 339 329 820 338 328 821 204 198 822 340 330 823 339 329 824 208 205 825 341 331 826 340 330 827 210 204 828 342 332 829 341 331 830 214 210 831 343 333 832 342 332 833 216 215 834 344 334 835 343 333 836 220 217 837 345 335 838 344 334 839 222 222 840 346 336 841 345 335 842 226 221 843 347 337 844 346 336 845 228 227 846 348 338 847 347 337 848 232 226 849 349 339 850 348 338 851 234 228 852 350 340 853 349 339 854 238 233 855 351 341 856 350 340 857 240 239 858 352 342 859 351 341 860 244 238 861 353 343 862 352 342 863 246 240 864 354 344 865 353 343 866 250 245 867 355 345 868 354 344 869 356 346 870 252 246 871 256 251 872 256 251 873 357 347 874 356 346 875 258 254 876 358 348 877 357 347 878 260 253 879 359 349 880 358 348 881 261 255 882 360 350 883 359 349 884 262 256 885 361 351 886 360 350 887 263 257 888 362 352 889 361 351 890 264 258 891 363 353 892 362 352 893 265 259 894 364 354 895 363 353 896 266 261 897 365 355 898 364 354 899 267 260 900 366 356 901 365 355 902 268 262 903 367 357 904 366 356 905 269 264 906 297 358 907 367 357 908 368 359 909 297 358 910 299 291 911 301 293 912 368 359 913 299 291 914 369 360 915 371 361 916 368 359 917 372 362 918 371 361 919 370 95 920 374 95 921 373 363 922 372 362 923 374 95 924 377 364 925 375 365 926 378 366 927 377 364 928 376 95 929 378 366 930 381 367 931 379 368 932 382 369 933 381 367 934 380 95 935 382 369 936 385 370 937 383 371 938 384 372 939 387 373 940 385 370 941 386 374 942 389 375 943 387 373 944 390 376 945 389 375 946 388 95 947 390 376 948 393 377 949 391 378 950 392 379 951 395 380 952 393 377 953 394 381 954 397 382 955 395 380 956 398 383 957 397 382 958 396 95 959 400 384 960 399 385 961 398 383 962 400 384 963 403 386 964 401 387 965 404 388 966 403 386 967 402 95 968 406 389 969 405 390 970 404 388 971 406 389 972 409 391 973 407 392 974 408 95 975 411 393 976 409 391 977 412 394 978 411 393 979 410 95 980 412 394 981 415 395 982 413 396 983 416 397 984 415 395 985 414 398 986 418 399 987 416 397 988 419 400 989 418 399 990 343 333 991 417 401 992 421 402 993 342 332 994 418 399 995 421 402 996 420 403 997 422 404 998 423 405 999 422 404 1000 424 406 1001 423 405 1002 341 331 1003 421 402 1004 423 405 1005 339 329 1006 340 330 1007 425 407 1008 424 406 1009 426 408 1010 427 409 1011 426 408 1012 428 410 1013 427 409 1014 339 329 1015 425 407 1016 427 409 1017 337 327 1018 338 328 1019 429 411 1020 428 410 1021 430 412 1022 431 413 1023 430 412 1024 432 414 1025 429 411 1026 336 326 1027 337 327 1028 431 413 1029 335 325 1030 336 326 1031 433 415 1032 432 414 1033 434 416 1034 435 417 1035 434 416 1036 436 418 1037 435 417 1038 335 325 1039 433 415 1040 435 417 1041 333 323 1042 334 324 1043 437 419 1044 436 418 1045 438 420 1046 439 421 1047 438 420 1048 440 422 1049 437 419 1050 332 322 1051 333 323 1052 439 421 1053 330 320 1054 332 322 1055 326 318 1056 440 422 1057 327 317 1058 415 395 1059 343 333 1060 344 334 1061 413 396 1062 344 334 1063 345 335 1064 413 396 1065 346 336 1066 411 393 1067 409 391 1068 346 336 1069 347 337 1070 409 391 1071 348 338 1072 407 392 1073 407 392 1074 349 339 1075 405 390 1076 405 390 1077 350 340 1078 403 386 1079 401 387 1080 350 340 1081 351 341 1082 401 387 1083 352 342 1084 399 385 1085 399 385 1086 353 343 1087 397 382 1088 397 382 1089 354 344 1090 395 380 1091 395 380 1092 355 345 1093 393 377 1094 393 377 1095 356 346 1096 391 378 1097 389 375 1098 356 346 1099 357 347 1100 389 375 1101 358 348 1102 387 373 1103 387 373 1104 359 349 1105 385 370 1106 385 370 1107 360 350 1108 383 371 1109 381 367 1110 360 350 1111 361 351 1112 379 368 1113 361 351 1114 362 352 1115 377 364 1116 362 352 1117 363 353 1118 375 365 1119 363 353 1120 364 354 1121 375 365 1122 365 355 1123 373 363 1124 373 363 1125 366 356 1126 371 361 1127 368 359 1128 366 356 1129 367 357 1130 177 176 1131 331 321 1132 178 173 1133 441 423 1134 442 424 1135 443 425 1136 444 426 1137 442 424 1138 441 423 1139 444 426 1140 445 427 1141 442 424 1142 444 426 1143 447 428 1144 445 427 1145 441 423 1146 446 429 1147 444 426 1148 441 423 1149 449 430 1150 448 431 1151 450 432 1152 449 430 1153 443 425 1154 450 432 1155 443 425 1156 442 424 1157 450 432 1158 442 424 1159 452 433 1160 453 434 1161 452 433 1162 442 424 1163 453 434 1164 455 435 1165 452 433 1166 453 434 1167 457 436 1168 454 437 1169 456 438 1170 453 434 1171 442 424 1172 456 438 1173 442 424 1174 458 439 1175 458 439 1176 442 424 1177 459 440 1178 460 441 1179 459 440 1180 442 424 1181 460 441 1182 462 442 1183 459 440 1184 460 441 1185 464 443 1186 461 444 1187 460 441 1188 442 424 1189 463 445 1190 465 446 1191 463 445 1192 442 424 1193 463 445 1194 466 447 1195 464 443 1196 467 448 1197 466 447 1198 465 446 1199 467 448 1200 465 446 1201 442 424 1202 467 448 1203 442 424 1204 469 449 1205 469 449 1206 442 424 1207 470 450 1208 471 451 1209 470 450 1210 442 424 1211 471 451 1212 473 452 1213 470 450 1214 471 451 1215 475 453 1216 472 454 1217 471 451 1218 442 424 1219 474 455 1220 476 456 1221 474 455 1222 442 424 1223 476 456 1224 475 453 1225 474 455 1226 476 456 1227 479 457 1228 477 458 1229 478 459 1230 476 456 1231 442 424 1232 478 459 1233 442 424 1234 480 460 1235 480 460 1236 442 424 1237 481 461 1238 482 462 1239 481 461 1240 442 424 1241 481 461 1242 483 463 1243 484 464 1244 485 465 1245 483 463 1246 482 462 1247 482 462 1248 442 424 1249 485 465 1250 445 427 1251 485 465 1252 442 424 1253 445 427 1254 486 466 1255 485 465 1256 486 466 1257 488 467 1258 487 468 1259 483 463 1260 487 468 1261 489 469 1262 484 464 1263 489 469 1264 490 470 1265 492 471 1266 490 470 1267 491 472 1268 479 457 1269 491 472 1270 493 473 1271 477 458 1272 493 473 1273 494 474 1274 475 453 1275 494 474 1276 495 475 1277 472 454 1278 495 475 1279 496 476 1280 473 452 1281 496 476 1282 497 477 1283 499 478 1284 497 477 1285 498 479 1286 468 480 1287 498 479 1288 500 481 1289 466 447 1290 500 481 1291 501 482 1292 464 443 1293 501 482 1294 502 483 1295 461 444 1296 502 483 1297 503 484 1298 462 442 1299 503 484 1300 504 485 1301 506 486 1302 504 485 1303 505 487 1304 457 436 1305 505 487 1306 507 488 1307 454 437 1308 507 488 1309 508 489 1310 455 435 1311 508 489 1312 509 490 1313 451 491 1314 509 490 1315 510 492 1316 449 430 1317 510 492 1318 511 493 1319 448 431 1320 511 493 1321 512 494 1322 446 429 1323 512 494 1324 513 495 1325 447 428 1326 513 495 1327 488 467 1328 450 432 1329 455 435 1330 451 491 1331 456 438 1332 506 486 1333 457 436 1334 458 439 1335 462 442 1336 506 486 1337 469 449 1338 468 480 1339 467 448 1340 469 449 1341 473 452 1342 499 478 1343 478 459 1344 492 471 1345 479 457 1346 481 461 1347 492 471 1348 480 460 1349 514 496 1350 515 497 1351 516 498 1352 517 499 1353 514 496 1354 516 498 1355 519 141 1356 517 499 1357 520 141 1358 522 500 1359 515 501 1360 521 502 1361 515 501 1362 523 503 1363 524 504 1364 523 503 1365 526 505 1366 525 506 1367 527 507 1368 522 508 1369 521 509 1370 529 510 1371 531 511 1372 532 512 1373 526 513 1374 528 514 1375 533 515 1376 531 511 1377 535 516 1378 534 517 1379 536 518 1380 538 519 1381 532 512 1382 537 520 1383 527 507 1384 539 521 1385 540 522 1386 521 509 1387 514 523 1388 539 521 1389 527 507 1390 521 509 1391 538 519 1392 529 510 1393 532 512 1394 529 510 1395 541 524 1396 519 525 1397 536 526 1398 528 527 1399 527 95 1400 532 528 1401 542 529 1402 536 526 1403 533 530 1404 542 529 1405 543 531 1406 543 531 1407 531 532 1408 534 533 1409 544 95 1410 533 530 1411 545 534 1412 543 531 1413 545 534 1414 533 530 1415 543 531 1416 534 533 1417 545 534 1418 534 533 1419 546 535 1420 545 534 1421 547 536 1422 549 537 1423 550 95 1424 552 538 1425 547 536 1426 551 95 1427 548 539 1428 554 540 1429 553 541 1430 555 542 1431 548 539 1432 553 541 1433 553 541 1434 545 534 1435 555 542 1436 553 541 1437 554 540 1438 545 534 1439 554 540 1440 556 543 1441 545 534 1442 557 95 1443 545 534 1444 556 543 1445 557 95 1446 558 95 1447 545 534 1448 558 95 1449 559 95 1450 545 534 1451 560 95 1452 545 534 1453 559 95 1454 560 95 1455 561 95 1456 545 534 1457 561 95 1458 562 95 1459 545 534 1460 563 95 1461 545 534 1462 562 95 1463 563 95 1464 544 95 1465 545 534 1466 564 544 1467 555 542 1468 545 534 1469 565 95 1470 564 544 1471 545 534 1472 565 95 1473 545 534 1474 566 545 1475 567 546 1476 566 545 1477 545 534 1478 568 95 1479 567 546 1480 545 534 1481 568 95 1482 545 534 1483 569 95 1484 570 95 1485 569 95 1486 545 534 1487 571 95 1488 570 95 1489 545 534 1490 571 95 1491 545 534 1492 546 535 1493 530 547 1494 529 548 1495 520 549 1496 572 550 1497 520 549 1498 574 551 1499 530 547 1500 575 552 1501 535 552 1502 576 553 1503 573 554 1504 572 555 1505 577 556 1506 578 557 1507 579 558 1508 580 559 1509 579 558 1510 578 557 1511 582 560 1512 581 561 1513 580 559 1514 582 560 1515 585 562 1516 583 563 1517 584 564 1518 587 565 1519 585 562 1520 588 566 1521 587 565 1522 586 567 1523 588 566 1524 591 568 1525 589 569 1526 592 570 1527 591 568 1528 590 95 1529 594 571 1530 593 572 1531 592 570 1532 594 571 1533 597 573 1534 595 95 1535 596 574 1536 576 553 1537 597 573 1538 576 575 1539 574 576 1540 598 577 1541 597 578 1542 598 577 1543 599 579 1544 579 580 1545 601 581 1546 577 582 1547 581 583 1548 600 584 1549 579 580 1550 583 585 1551 602 586 1552 581 583 1553 583 585 1554 604 587 1555 603 588 1556 585 589 1557 605 590 1558 604 587 1559 589 591 1560 605 590 1561 587 592 1562 589 591 1563 607 593 1564 606 594 1565 591 595 1566 608 596 1567 607 593 1568 593 597 1569 609 598 1570 608 596 1571 595 599 1572 599 579 1573 609 598 1574 610 600 1575 520 601 1576 517 602 1577 610 600 1578 517 602 1579 516 603 1580 599 604 1581 612 605 1582 611 606 1583 609 607 1584 611 606 1585 613 608 1586 608 609 1587 613 608 1588 614 610 1589 607 611 1590 614 610 1591 615 612 1592 606 613 1593 615 612 1594 616 614 1595 605 615 1596 616 614 1597 617 616 1598 604 617 1599 617 616 1600 618 618 1601 603 619 1602 618 618 1603 619 620 1604 602 621 1605 619 620 1606 620 622 1607 600 623 1608 620 622 1609 621 624 1610 622 625 1611 600 623 1612 621 624 1613 624 626 1614 622 625 1615 623 627 1616 626 628 1617 623 627 1618 625 629 1619 626 628 1620 628 630 1621 627 631 1622 624 626 1623 630 632 1624 631 633 1625 601 634 1626 629 635 1627 632 636 1628 634 637 1629 628 630 1630 633 638 1631 636 639 1632 633 638 1633 635 640 1634 638 641 1635 635 640 1636 637 642 1637 640 643 1638 637 642 1639 639 644 1640 642 645 1641 639 644 1642 641 646 1643 644 647 1644 641 646 1645 643 648 1646 646 649 1647 643 648 1648 645 650 1649 648 651 1650 645 650 1651 647 652 1652 650 653 1653 647 652 1654 649 654 1655 652 655 1656 649 654 1657 651 656 1658 653 657 1659 652 655 1660 651 656 1661 524 658 1662 654 659 1663 610 600 1664 655 660 1665 610 600 1666 654 659 1667 574 661 1668 612 605 1669 598 662 1670 656 663 1671 524 664 1672 523 665 1673 657 666 1674 626 667 1675 627 668 1676 656 663 1677 650 669 1678 652 670 1679 660 671 1680 650 669 1681 659 672 1682 662 673 1683 636 674 1684 661 675 1685 657 666 1686 634 676 1687 662 673 1688 660 671 1689 646 677 1690 648 678 1691 663 679 1692 644 680 1693 646 677 1694 664 681 1695 642 682 1696 644 680 1697 666 683 1698 642 682 1699 665 684 1700 667 685 1701 640 686 1702 666 683 1703 661 675 1704 638 687 1705 667 685 1706 523 688 1707 525 689 1708 656 690 1709 658 95 1710 657 691 1711 668 95 1712 669 692 1713 657 691 1714 662 693 1715 656 690 1716 670 694 1717 659 695 1718 659 695 1719 671 696 1720 660 697 1721 671 696 1722 663 698 1723 660 697 1724 672 95 1725 664 699 1726 663 698 1727 674 700 1728 664 699 1729 673 701 1730 674 700 1731 666 702 1732 665 95 1733 676 703 1734 666 702 1735 675 95 1736 676 703 1737 661 704 1738 667 705 1739 669 692 1740 661 704 1741 677 95 1742 678 706 1743 575 707 1744 596 708 1745 679 709 1746 596 708 1747 594 710 1748 680 711 1749 594 710 1750 592 712 1751 681 713 1752 592 712 1753 590 714 1754 682 715 1755 590 714 1756 588 716 1757 683 717 1758 588 716 1759 586 718 1760 684 719 1761 586 718 1762 584 720 1763 685 721 1764 584 720 1765 582 722 1766 686 723 1767 582 722 1768 580 724 1769 687 725 1770 580 724 1771 578 726 1772 577 727 1773 687 728 1774 578 729 1775 632 730 1776 577 727 1777 601 731 1778 688 732 1779 632 730 1780 689 733 1781 691 734 1782 668 735 1783 669 736 1784 693 737 1785 669 736 1786 677 738 1787 694 739 1788 677 738 1789 676 740 1790 695 741 1791 676 740 1792 675 742 1793 696 743 1794 675 742 1795 674 744 1796 697 745 1797 674 744 1798 673 746 1799 698 747 1800 673 746 1801 672 748 1802 699 749 1803 672 748 1804 671 750 1805 700 751 1806 671 750 1807 670 752 1808 526 753 1809 670 752 1810 525 754 1811 544 755 1812 526 756 1813 533 757 1814 556 758 1815 692 759 1816 691 760 1817 556 758 1818 693 761 1819 557 762 1820 557 762 1821 694 763 1822 558 764 1823 559 765 1824 694 763 1825 695 766 1826 560 767 1827 697 768 1828 561 769 1829 560 767 1830 695 766 1831 696 770 1832 561 769 1833 698 771 1834 562 772 1835 563 773 1836 700 774 1837 544 755 1838 563 773 1839 698 771 1840 699 775 1841 535 776 1842 546 777 1843 534 778 1844 678 779 1845 571 780 1846 546 777 1847 679 781 1848 570 782 1849 571 780 1850 680 783 1851 569 784 1852 570 782 1853 682 785 1854 569 784 1855 681 786 1856 682 785 1857 567 787 1858 568 788 1859 683 789 1860 566 790 1861 567 787 1862 685 791 1863 566 790 1864 684 792 1865 685 791 1866 564 793 1867 565 794 1868 687 795 1869 564 793 1870 686 796 1871 688 797 1872 555 798 1873 687 799 1874 549 800 1875 689 801 1876 550 802 1877 702 803 1878 551 804 1879 701 805 1880 551 804 1881 703 806 1882 704 807 1883 705 808 1884 547 809 1885 550 802 1886 689 801 1887 706 810 1888 705 808 1889 689 801 1890 705 808 1891 550 802 1892 701 805 1893 551 804 1894 704 807 1895 701 805 1896 708 811 1897 707 812 1898 552 813 1899 692 814 1900 554 815 1901 702 816 1902 701 817 1903 630 818 1904 658 819 1905 630 818 1906 626 820 1907 692 821 1908 658 819 1909 668 822 1910 629 823 1911 690 824 1912 632 141 1913 707 825 1914 629 823 1915 631 141 1916 630 141 1917 707 825 1918 631 141 1919 708 826 1920 709 827 1921 707 828 1922 709 827 1923 706 829 1924 690 830 1925 703 831 1926 708 832 1927 704 833 1928 710 834 1929 705 835 1930 706 836 1931 541 837 1932 518 838 1933 519 839 1934 518 838 1935 540 840 1936 514 841 1937 537 842 1938 541 843 1939 538 844 1940 711 845 1941 539 846 1942 540 844 1943 712 95 1944 713 95 1945 714 847 1946 714 847 1947 716 95 1948 712 95 1949 714 847 1950 718 95 1951 715 848 1952 719 95 1953 717 95 1954 714 847 1955 720 95 1956 719 95 1957 714 847 1958 720 95 1959 714 847 1960 721 95 1961 721 95 1962 714 847 1963 722 849 1964 723 850 1965 722 849 1966 714 847 1967 723 850 1968 714 847 1969 724 851 1970 724 851 1971 714 847 1972 725 95 1973 725 95 1974 714 847 1975 726 95 1976 726 95 1977 714 847 1978 727 852 1979 727 852 1980 714 847 1981 728 853 1982 728 853 1983 714 847 1984 729 95 1985 730 95 1986 729 95 1987 714 847 1988 732 854 1989 733 855 1990 714 847 1991 731 856 1992 737 95 1993 736 95 1994 736 95 1995 738 857 1996 731 856 1997 737 95 1998 714 847 1999 739 95 2000 740 858 2001 739 95 2002 714 847 2003 741 859 2004 740 858 2005 714 847 2006 742 860 2007 741 859 2008 714 847 2009 743 861 2010 742 860 2011 714 847 2012 744 95 2013 743 861 2014 714 847 2015 745 95 2016 744 95 2017 714 847 2018 746 95 2019 745 95 2020 714 847 2021 747 95 2022 746 95 2023 714 847 2024 748 95 2025 747 95 2026 714 847 2027 713 95 2028 748 95 2029 714 847 2030 749 862 2031 731 856 2032 738 857 2033 750 95 2034 731 856 2035 749 862 2036 751 863 2037 731 856 2038 750 95 2039 752 864 2040 731 856 2041 751 863 2042 753 95 2043 731 856 2044 752 864 2045 754 95 2046 731 856 2047 753 95 2048 755 865 2049 731 856 2050 754 95 2051 756 866 2052 731 856 2053 755 865 2054 757 867 2055 731 856 2056 756 866 2057 758 868 2058 731 856 2059 757 867 2060 759 95 2061 731 856 2062 758 868 2063 761 869 2064 759 95 2065 760 95 2066 760 95 2067 762 870 2068 761 869 2069 762 870 2070 763 871 2071 761 869 2072 763 871 2073 764 872 2074 761 869 2075 764 872 2076 765 873 2077 761 869 2078 765 873 2079 766 95 2080 761 869 2081 766 95 2082 767 95 2083 761 869 2084 767 95 2085 768 874 2086 761 869 2087 768 874 2088 769 875 2089 761 869 2090 769 875 2091 770 95 2092 761 869 2093 770 95 2094 771 876 2095 761 869 2096 771 876 2097 772 877 2098 761 869 2099 773 95 2100 761 869 2101 772 877 2102 715 848 2103 773 95 2104 774 95 2105 774 95 2106 775 95 2107 715 848 2108 776 878 2109 715 848 2110 775 95 2111 777 879 2112 715 848 2113 776 878 2114 778 880 2115 715 848 2116 777 879 2117 779 881 2118 715 848 2119 778 880 2120 780 95 2121 715 848 2122 779 881 2123 781 95 2124 715 848 2125 780 95 2126 782 95 2127 715 848 2128 781 95 2129 783 95 2130 715 848 2131 782 95 2132 784 95 2133 715 848 2134 783 95 2135 785 95 2136 715 848 2137 784 95 2138 716 95 2139 715 848 2140 785 95 2141 715 848 2142 788 95 2143 789 882 2144 787 883 2145 790 884 2146 761 869 2147 790 884 2148 791 95 2149 761 869 2150 791 95 2151 792 95 2152 761 869 2153 792 95 2154 793 95 2155 761 869 2156 793 95 2157 794 95 2158 761 869 2159 794 95 2160 795 885 2161 761 869 2162 795 885 2163 796 886 2164 761 869 2165 796 886 2166 797 95 2167 761 869 2168 797 95 2169 798 95 2170 761 869 2171 798 95 2172 799 95 2173 761 869 2174 799 95 2175 800 95 2176 761 869 2177 800 95 2178 801 95 2179 761 869 2180 761 869 2181 802 95 2182 731 856 2183 803 95 2184 731 856 2185 802 95 2186 804 95 2187 731 856 2188 803 95 2189 805 95 2190 731 856 2191 804 95 2192 806 95 2193 731 856 2194 805 95 2195 807 887 2196 731 856 2197 806 95 2198 808 888 2199 731 856 2200 807 887 2201 809 95 2202 731 856 2203 808 888 2204 810 95 2205 731 856 2206 809 95 2207 811 95 2208 731 856 2209 810 95 2210 812 95 2211 731 856 2212 811 95 2213 813 889 2214 731 856 2215 812 95 2216 732 854 2217 731 856 2218 813 889 2219 814 95 2220 788 95 2221 715 848 2222 815 890 2223 814 95 2224 715 848 2225 816 891 2226 815 890 2227 715 848 2228 817 95 2229 816 891 2230 715 848 2231 818 95 2232 817 95 2233 715 848 2234 819 892 2235 818 95 2236 715 848 2237 820 893 2238 819 892 2239 715 848 2240 820 893 2241 715 848 2242 821 894 2243 821 894 2244 715 848 2245 822 95 2246 822 95 2247 715 848 2248 823 95 2249 823 95 2250 715 848 2251 824 95 2252 824 95 2253 715 848 2254 718 95 2255 825 895 2256 789 882 2257 826 896 2258 825 895 2259 828 897 2260 827 898 2261 827 898 2262 830 899 2263 829 900 2264 829 900 2265 832 901 2266 831 902 2267 831 902 2268 834 903 2269 833 904 2270 835 905 2271 834 903 2272 836 906 2273 835 905 2274 838 907 2275 837 908 2276 839 909 2277 838 907 2278 840 910 2279 839 909 2280 842 911 2281 841 912 2282 843 913 2283 842 911 2284 844 914 2285 843 913 2286 846 915 2287 845 95 2288 847 916 2289 846 915 2290 848 917 2291 847 916 2292 850 95 2293 849 918 2294 851 919 2295 849 918 2296 850 95 2297 851 919 2298 854 920 2299 852 921 2300 855 922 2301 854 920 2302 853 95 2303 855 922 2304 858 923 2305 856 924 2306 859 925 2307 858 923 2308 857 926 2309 859 925 2310 862 927 2311 860 928 2312 863 929 2313 862 927 2314 861 930 2315 863 929 2316 866 931 2317 864 932 2318 867 933 2319 866 931 2320 865 934 2321 867 933 2322 870 935 2323 868 936 2324 869 937 2325 872 938 2326 870 935 2327 871 939 2328 734 940 2329 872 938 2330 712 941 2331 874 942 2332 713 943 2333 716 944 2334 873 945 2335 712 941 2336 736 946 2337 877 947 2338 738 948 2339 737 949 2340 876 950 2341 736 946 2342 739 951 2343 878 952 2344 737 949 2345 740 953 2346 879 954 2347 739 951 2348 741 955 2349 880 956 2350 740 953 2351 742 957 2352 881 958 2353 741 955 2354 743 959 2355 882 960 2356 742 957 2357 744 961 2358 883 962 2359 743 959 2360 745 963 2361 884 964 2362 744 961 2363 746 965 2364 885 966 2365 745 963 2366 747 967 2367 886 968 2368 746 965 2369 748 969 2370 887 970 2371 747 967 2372 713 943 2373 888 971 2374 748 969 2375 738 948 2376 889 972 2377 749 973 2378 760 974 2379 891 975 2380 762 976 2381 759 977 2382 890 978 2383 760 974 2384 758 979 2385 892 980 2386 759 977 2387 757 981 2388 893 982 2389 758 979 2390 756 983 2391 894 984 2392 757 981 2393 755 985 2394 895 986 2395 756 983 2396 754 987 2397 896 988 2398 755 985 2399 753 989 2400 897 990 2401 754 987 2402 752 991 2403 898 992 2404 753 989 2405 751 993 2406 899 994 2407 752 991 2408 750 995 2409 900 996 2410 751 993 2411 749 973 2412 901 997 2413 750 995 2414 762 976 2415 902 998 2416 763 999 2417 763 999 2418 903 1000 2419 764 1001 2420 764 1001 2421 904 1002 2422 765 1003 2423 765 1003 2424 905 1004 2425 766 1005 2426 766 1005 2427 906 1006 2428 767 1007 2429 767 1007 2430 907 1008 2431 768 1009 2432 768 1009 2433 908 1010 2434 769 1011 2435 769 1011 2436 909 1012 2437 770 1013 2438 770 1013 2439 910 1014 2440 771 1015 2441 771 1015 2442 911 1016 2443 772 1017 2444 772 1017 2445 912 1018 2446 773 1019 2447 774 1020 2448 914 1021 2449 775 1022 2450 773 1019 2451 913 1023 2452 774 1020 2453 775 1022 2454 915 1024 2455 776 1025 2456 785 1026 2457 875 1027 2458 716 944 2459 784 1028 2460 916 1029 2461 785 1026 2462 783 1030 2463 917 1031 2464 784 1028 2465 782 1032 2466 918 1033 2467 783 1030 2468 781 1034 2469 919 1035 2470 782 1032 2471 780 1036 2472 920 1037 2473 781 1034 2474 779 1038 2475 921 1039 2476 780 1036 2477 778 1040 2478 922 1041 2479 779 1038 2480 777 1042 2481 923 1043 2482 778 1040 2483 776 1025 2484 924 1044 2485 777 1042 2486 926 1045 2487 928 1046 2488 925 1047 2489 929 1048 2490 927 1049 2491 926 1045 2492 931 1050 2493 930 1051 2494 929 1048 2495 933 1052 2496 932 1053 2497 931 1050 2498 935 1054 2499 934 1055 2500 933 1052 2501 937 1056 2502 936 1057 2503 935 1054 2504 939 1058 2505 938 1059 2506 937 1056 2507 941 1060 2508 940 1061 2509 939 1058 2510 943 1062 2511 942 1063 2512 941 1060 2513 945 1064 2514 944 1065 2515 943 1062 2516 947 1066 2517 946 1067 2518 945 1064 2519 949 1068 2520 948 1069 2521 947 1066 2522 951 1070 2523 950 1071 2524 949 1068 2525 953 1072 2526 952 1073 2527 951 1070 2528 955 1074 2529 954 1075 2530 953 1072 2531 957 1076 2532 956 1077 2533 955 1074 2534 959 1078 2535 958 1079 2536 957 1076 2537 961 1080 2538 960 1081 2539 959 1078 2540 963 1082 2541 962 1083 2542 961 1080 2543 965 1084 2544 964 1085 2545 963 1082 2546 967 1086 2547 966 1087 2548 965 1084 2549 969 1088 2550 968 1089 2551 967 1086 2552 971 1090 2553 970 1091 2554 969 1088 2555 973 1092 2556 972 1093 2557 971 1090 2558 975 1094 2559 974 1095 2560 973 1092 2561 977 1096 2562 976 1097 2563 975 1094 2564 979 1098 2565 978 1099 2566 977 1096 2567 981 1100 2568 980 1101 2569 979 1098 2570 983 1102 2571 982 1103 2572 981 1100 2573 985 1104 2574 984 1105 2575 983 1102 2576 987 1106 2577 986 1107 2578 985 1104 2579 989 1108 2580 988 1109 2581 987 1106 2582 991 1110 2583 990 1111 2584 989 1108 2585 993 1112 2586 992 1113 2587 991 1110 2588 995 1114 2589 994 1115 2590 993 1112 2591 997 1116 2592 996 1117 2593 995 1114 2594 999 1118 2595 998 1119 2596 997 1116 2597 1001 1120 2598 1000 1121 2599 999 1118 2600 1003 1122 2601 1002 1123 2602 1001 1120 2603 1005 1124 2604 1004 1125 2605 1003 1122 2606 1007 1126 2607 1006 1127 2608 1005 1124 2609 1009 1128 2610 1008 1129 2611 1007 1126 2612 1011 1130 2613 1010 1131 2614 1009 1128 2615 1013 1132 2616 1012 1133 2617 1011 1130 2618 1015 1134 2619 1014 1135 2620 1013 1132 2621 1017 1136 2622 1016 1137 2623 1015 1134 2624 1019 1138 2625 1018 1139 2626 1017 1136 2627 1021 1140 2628 1020 1141 2629 1019 1138 2630 1023 1142 2631 1022 1143 2632 1021 1140 2633 1025 1144 2634 1024 1145 2635 1023 1142 2636 1027 1146 2637 1026 1147 2638 1025 1144 2639 925 1047 2640 1028 1148 2641 1027 1146 2642 1028 1149 2643 928 95 2644 1029 1150 2645 928 95 2646 927 95 2647 1029 1150 2648 927 95 2649 930 1151 2650 1029 1150 2651 930 1151 2652 932 1152 2653 1029 1150 2654 932 1152 2655 934 1153 2656 1029 1150 2657 934 1153 2658 936 1154 2659 1029 1150 2660 936 1154 2661 938 95 2662 1029 1150 2663 938 95 2664 940 95 2665 1029 1150 2666 940 95 2667 942 95 2668 1029 1150 2669 942 95 2670 944 1155 2671 1029 1150 2672 1029 1150 2673 946 1156 2674 1030 1157 2675 1031 1158 2676 946 1156 2677 948 1159 2678 950 1160 2679 1031 1158 2680 948 1159 2681 950 1160 2682 952 1161 2683 1032 1162 2684 952 1161 2685 954 1163 2686 1032 1162 2687 954 1163 2688 956 95 2689 1032 1162 2690 956 95 2691 958 95 2692 1032 1162 2693 958 95 2694 960 95 2695 1032 1162 2696 960 95 2697 962 95 2698 1032 1162 2699 962 95 2700 964 95 2701 1032 1162 2702 964 95 2703 966 1164 2704 1032 1162 2705 966 1164 2706 968 1165 2707 1032 1162 2708 968 1165 2709 970 95 2710 1032 1162 2711 1032 1162 2712 972 95 2713 1033 1166 2714 1033 1166 2715 974 1167 2716 1034 1168 2717 976 1169 2718 1034 1168 2719 974 1167 2720 978 1170 2721 1035 1171 2722 976 1169 2723 980 1172 2724 1035 1171 2725 978 1170 2726 982 1173 2727 1035 1171 2728 980 1172 2729 984 1174 2730 1035 1171 2731 982 1173 2732 986 1175 2733 1035 1171 2734 984 1174 2735 988 1176 2736 1035 1171 2737 986 1175 2738 990 95 2739 1035 1171 2740 988 1176 2741 992 1177 2742 1035 1171 2743 990 95 2744 994 1178 2745 1035 1171 2746 992 1177 2747 996 1179 2748 1035 1171 2749 994 1178 2750 1035 1171 2751 998 1180 2752 1036 1181 2753 1036 1181 2754 1000 1182 2755 1037 1183 2756 1002 1184 2757 1037 1183 2758 1000 1182 2759 1004 95 2760 1038 1185 2761 1002 1184 2762 1006 95 2763 1038 1185 2764 1004 95 2765 1008 95 2766 1038 1185 2767 1006 95 2768 1010 95 2769 1038 1185 2770 1008 95 2771 1012 95 2772 1038 1185 2773 1010 95 2774 1014 95 2775 1038 1185 2776 1012 95 2777 1016 95 2778 1038 1185 2779 1014 95 2780 1018 95 2781 1038 1185 2782 1016 95 2783 1020 1186 2784 1038 1185 2785 1018 95 2786 1022 1187 2787 1038 1185 2788 1020 1186 2789 1038 1185 2790 1024 1188 2791 1039 1189 2792 1026 1190 2793 1039 1189 2794 1024 1188 2795 1028 1149 2796 1040 1191 2797 1026 1190 2798 1030 1192 2799 1042 1193 2800 1029 1194 2801 1031 1195 2802 1041 1196 2803 1030 1192 2804 1032 1197 2805 1043 1198 2806 1031 1195 2807 1033 1199 2808 1044 1200 2809 1032 1201 2810 1034 1202 2811 1045 1203 2812 1033 1199 2813 1035 1204 2814 1046 1205 2815 1034 1202 2816 1036 1206 2817 1047 1207 2818 1035 1208 2819 1037 1209 2820 1048 1210 2821 1036 1206 2822 1038 1211 2823 1049 1212 2824 1037 1209 2825 1039 1213 2826 1050 1214 2827 1038 1215 2828 1040 1216 2829 1053 1217 2830 1039 1213 2831 1029 1218 2832 1052 1219 2833 1040 1216 2834 1054 1220 2835 1055 1221 2836 1041 95 2837 1054 1220 2838 1057 1222 2839 1056 95 2840 1056 95 2841 1058 95 2842 1054 1220 2843 1043 1223 2844 1059 1224 2845 1057 1222 2846 1060 95 2847 1059 1224 2848 1044 1225 2849 1061 95 2850 1060 95 2851 1044 1225 2852 1062 95 2853 1061 95 2854 1044 1225 2855 1063 95 2856 1062 95 2857 1044 1225 2858 1064 1226 2859 1063 95 2860 1044 1225 2861 1064 1226 2862 1044 1225 2863 1065 1227 2864 1065 1227 2865 1044 1225 2866 1066 1228 2867 1066 1228 2868 1044 1225 2869 1067 1229 2870 1067 1229 2871 1044 1225 2872 1068 1230 2873 1068 1230 2874 1044 1225 2875 1069 1231 2876 1069 1231 2877 1045 1232 2878 1070 1233 2879 1070 1233 2880 1046 1234 2881 1071 1235 2882 1046 1234 2883 1072 1236 2884 1071 1235 2885 1073 95 2886 1072 1236 2887 1047 1237 2888 1074 95 2889 1073 95 2890 1047 1237 2891 1075 95 2892 1074 95 2893 1047 1237 2894 1076 95 2895 1075 95 2896 1047 1237 2897 1076 95 2898 1047 1237 2899 1077 1238 2900 1077 1238 2901 1047 1237 2902 1078 1239 2903 1078 1239 2904 1047 1237 2905 1079 95 2906 1079 95 2907 1047 1237 2908 1080 95 2909 1080 95 2910 1047 1237 2911 1081 95 2912 1081 95 2913 1047 1237 2914 1082 1240 2915 1082 1240 2916 1048 1241 2917 1083 95 2918 1048 1241 2919 1085 95 2920 1083 95 2921 1084 1242 2922 1049 1243 2923 1086 1244 2924 1086 1244 2925 1051 95 2926 1053 95 2927 1054 1220 2928 1088 1245 2929 1084 1242 2930 1087 95 2931 1054 1220 2932 1089 95 2933 1089 95 2934 1054 1220 2935 1090 95 2936 1090 95 2937 1054 1220 2938 1091 95 2939 1091 95 2940 1054 1220 2941 1092 95 2942 1092 95 2943 1054 1220 2944 1093 95 2945 1093 95 2946 1054 1220 2947 1094 95 2948 1094 95 2949 1054 1220 2950 1095 1246 2951 1095 1246 2952 1054 1220 2953 1096 1247 2954 1096 1247 2955 1054 1220 2956 1097 95 2957 1098 95 2958 1097 95 2959 1054 1220 2960 1058 95 2961 1098 95 2962 1054 1220 2963 1088 1245 2964 1099 95 2965 1084 1242 2966 1099 95 2967 1100 1248 2968 1084 1242 2969 1100 1248 2970 1101 1249 2971 1084 1242 2972 1101 1249 2973 1102 95 2974 1084 1242 2975 1102 95 2976 1103 95 2977 1084 1242 2978 1103 95 2979 1104 95 2980 1084 1242 2981 1104 95 2982 1105 95 2983 1084 1242 2984 1105 95 2985 1106 95 2986 1084 1242 2987 1106 95 2988 1107 1250 2989 1084 1242 2990 1107 1250 2991 1108 1251 2992 1084 1242 2993 1108 1251 2994 1109 95 2995 1084 1242 2996 1109 95 2997 1085 95 2998 1084 1242 2999 1056 1252 3000 1111 1253 3001 1058 1254 3002 1057 1255 3003 1110 1256 3004 1056 1252 3005 1059 1257 3006 1112 1258 3007 1057 1255 3008 1060 1259 3009 1113 1260 3010 1059 1257 3011 1061 1261 3012 1114 1262 3013 1060 1259 3014 1062 1263 3015 1115 1264 3016 1061 1261 3017 1063 1265 3018 1116 1266 3019 1062 1263 3020 1064 1267 3021 1117 1268 3022 1063 1265 3023 1065 1269 3024 1118 1270 3025 1064 1267 3026 1070 1271 3027 1121 1272 3028 1069 1273 3029 1071 1274 3030 1120 1275 3031 1070 1271 3032 1073 1276 3033 1124 1277 3034 1072 1278 3035 1074 1279 3036 1123 1280 3037 1073 1276 3038 1075 1281 3039 1125 1282 3040 1074 1279 3041 1076 1283 3042 1126 1284 3043 1075 1281 3044 1083 1285 3045 1129 1286 3046 1082 1287 3047 1085 1288 3048 1128 1289 3049 1083 1285 3050 1098 1290 3051 1132 1291 3052 1097 1292 3053 1058 1254 3054 1131 1293 3055 1098 1290 3056 1087 1294 3057 1134 1295 3058 1088 1296 3059 1089 1297 3060 1133 1298 3061 1087 1294 3062 1090 1299 3063 1135 1300 3064 1089 1297 3065 1091 1301 3066 1136 1302 3067 1090 1299 3068 1092 1303 3069 1137 1304 3070 1091 1301 3071 1093 1305 3072 1138 1306 3073 1092 1303 3074 1094 1307 3075 1139 1308 3076 1093 1305 3077 1095 1309 3078 1140 1310 3079 1094 1307 3080 1096 1311 3081 1141 1312 3082 1095 1309 3083 1097 1292 3084 1142 1313 3085 1096 1311 3086 1088 1296 3087 1143 1314 3088 1099 1315 3089 1099 1315 3090 1144 1316 3091 1100 1317 3092 1100 1317 3093 1145 1318 3094 1101 1319 3095 1101 1319 3096 1146 1320 3097 1102 1321 3098 1102 1321 3099 1147 1322 3100 1103 1323 3101 1103 1323 3102 1148 1324 3103 1104 1325 3104 1104 1325 3105 1149 1326 3106 1105 1327 3107 1105 1327 3108 1150 1328 3109 1106 1329 3110 1106 1329 3111 1151 1330 3112 1107 1331 3113 1107 1331 3114 1152 1332 3115 1108 1333 3116 1108 1333 3117 1153 1334 3118 1109 1335 3119 1109 1335 3120 1130 1336 3121 1085 1288 3122 1066 1337 3123 1119 1338 3124 1065 1269 3125 1067 1339 3126 1154 1340 3127 1066 1337 3128 1068 1341 3129 1155 1342 3130 1067 1339 3131 1069 1273 3132 1156 1343 3133 1068 1341 3134 1072 1278 3135 1122 1344 3136 1071 1274 3137 1077 1345 3138 1127 1346 3139 1076 1283 3140 1078 1347 3141 1157 1348 3142 1077 1345 3143 1079 1349 3144 1158 1350 3145 1078 1347 3146 1080 1351 3147 1159 1352 3148 1079 1349 3149 1081 1353 3150 1160 1354 3151 1080 1351 3152 1082 1287 3153 1161 1355 3154 1081 1353 3155 1086 1356 3156 1163 1357 3157 1084 1358 3158 1055 1359 3159 1162 1360 3160 1086 1361 3161 1054 1362 3162 1164 1363 3163 1055 1364 3164 1084 1365 3165 1165 1366 3166 1054 1367 3167 1167 1368 3168 1111 1369 3169 1166 1370 3170 1168 1371 3171 1131 1372 3172 1167 1368 3173 1169 1373 3174 1132 1374 3175 1168 1371 3176 1170 1375 3177 1142 1376 3178 1169 1373 3179 1171 1377 3180 1141 1378 3181 1170 1375 3182 1172 1379 3183 1140 1380 3184 1171 1377 3185 1173 1381 3186 1139 1382 3187 1172 1379 3188 1174 1383 3189 1138 95 3190 1173 1381 3191 1175 1384 3192 1137 1385 3193 1174 1383 3194 1176 1386 3195 1136 1387 3196 1175 1384 3197 1177 95 3198 1135 1388 3199 1176 1386 3200 1133 95 3201 1178 95 3202 1134 95 3203 1143 1389 3204 1180 1390 3205 1144 1391 3206 1143 1389 3207 1178 95 3208 1179 1392 3209 1145 1393 3210 1180 1390 3211 1181 1394 3212 1145 1393 3213 1182 95 3214 1146 1395 3215 1146 1395 3216 1183 1396 3217 1147 1397 3218 1148 1398 3219 1183 1396 3220 1184 1399 3221 1148 1398 3222 1185 1400 3223 1149 95 3224 1150 1401 3225 1185 1400 3226 1186 1402 3227 1151 1403 3228 1186 1402 3229 1187 1404 3230 1152 1405 3231 1187 1404 3232 1188 1406 3233 1153 1407 3234 1188 1406 3235 1189 1408 3236 1153 1407 3237 1190 1409 3238 1130 95 3239 1191 1410 3240 1130 95 3241 1190 1409 3242 1191 1410 3243 1129 1411 3244 1128 1412 3245 1192 1413 3246 1161 1414 3247 1129 1411 3248 1194 1415 3249 1161 1414 3250 1193 1416 3251 1194 1415 3252 1159 1417 3253 1160 1418 3254 1196 95 3255 1159 1417 3256 1195 95 3257 1196 95 3258 1157 95 3259 1158 95 3260 1198 1419 3261 1157 95 3262 1197 95 3263 1198 1419 3264 1126 1420 3265 1127 1421 3266 1199 95 3267 1125 1422 3268 1126 1420 3269 1200 1423 3270 1123 1424 3271 1125 1422 3272 1201 1425 3273 1124 1426 3274 1123 1424 3275 1202 1427 3276 1122 95 3277 1124 1426 3278 1204 95 3279 1122 95 3280 1203 95 3281 1205 1428 3282 1120 95 3283 1204 95 3284 1205 1428 3285 1156 1429 3286 1121 1430 3287 1206 1431 3288 1155 1432 3289 1156 1429 3290 1207 1433 3291 1154 95 3292 1155 1432 3293 1208 1434 3294 1119 1435 3295 1154 95 3296 1209 1436 3297 1118 1437 3298 1119 1435 3299 1211 1438 3300 1118 1437 3301 1210 1439 3302 1211 1438 3303 1116 1440 3304 1117 1441 3305 1213 1442 3306 1116 1440 3307 1212 1443 3308 1213 1442 3309 1114 1444 3310 1115 1445 3311 1215 1446 3312 1114 1444 3313 1214 1447 3314 1215 1446 3315 1112 1448 3316 1113 1449 3317 1217 95 3318 1112 1448 3319 1216 95 3320 1166 1370 3321 1110 1450 3322 1217 95 3323 1165 1217 3324 1219 1217 3325 1218 1217 3326 1164 619 3327 1218 619 3328 1220 619 3329 1162 1451 3330 1220 1451 3331 1221 1451 3332 1163 652 3333 1221 652 3334 1219 652 3335 1221 1452 3336 1225 95 3337 1219 1453 3338 1221 1452 3339 1228 1454 3340 1222 1455 3341 1229 1456 3342 1228 1454 3343 1221 1452 3344 1231 1457 3345 1229 1456 3346 1221 1452 3347 1233 1458 3348 1231 1457 3349 1221 1452 3350 1235 1459 3351 1233 1458 3352 1221 1452 3353 1237 1460 3354 1235 1459 3355 1221 1452 3356 1221 1452 3357 1239 1461 3358 1237 1460 3359 1240 1462 3360 1239 1461 3361 1221 1452 3362 1242 1463 3363 1240 1462 3364 1221 1452 3365 1244 1464 3366 1242 1463 3367 1221 1452 3368 1246 1465 3369 1244 1464 3370 1221 1452 3371 1221 1452 3372 1248 1466 3373 1246 1465 3374 1220 1467 3375 1252 1468 3376 1221 1452 3377 1220 1467 3378 1254 1469 3379 1249 1470 3380 1255 1471 3381 1254 1469 3382 1220 1467 3383 1257 1472 3384 1255 1471 3385 1220 1467 3386 1259 1473 3387 1257 1472 3388 1220 1467 3389 1261 95 3390 1259 1473 3391 1220 1467 3392 1220 1467 3393 1263 1474 3394 1261 95 3395 1264 1475 3396 1263 1474 3397 1220 1467 3398 1266 1476 3399 1264 1475 3400 1220 1467 3401 1268 95 3402 1266 1476 3403 1220 1467 3404 1270 95 3405 1268 95 3406 1220 1467 3407 1272 1477 3408 1270 95 3409 1220 1467 3410 1220 1467 3411 1274 1478 3412 1272 1477 3413 1218 1479 3414 1278 1480 3415 1220 1467 3416 1218 1479 3417 1280 1481 3418 1275 1482 3419 1281 1483 3420 1280 1481 3421 1218 1479 3422 1283 95 3423 1281 1483 3424 1218 1479 3425 1285 1484 3426 1283 95 3427 1218 1479 3428 1287 1485 3429 1285 1484 3430 1218 1479 3431 1289 95 3432 1287 1485 3433 1218 1479 3434 1218 1479 3435 1291 1486 3436 1289 95 3437 1292 1487 3438 1291 1486 3439 1218 1479 3440 1294 1488 3441 1292 1487 3442 1218 1479 3443 1296 95 3444 1294 1488 3445 1218 1479 3446 1298 1489 3447 1296 95 3448 1218 1479 3449 1218 1479 3450 1300 1490 3451 1298 1489 3452 1303 1491 3453 1304 1492 3454 1218 1479 3455 1219 1453 3456 1306 1493 3457 1301 1494 3458 1307 1495 3459 1306 1493 3460 1219 1453 3461 1309 1496 3462 1307 1495 3463 1219 1453 3464 1311 1497 3465 1309 1496 3466 1219 1453 3467 1313 1498 3468 1311 1497 3469 1219 1453 3470 1219 1453 3471 1315 1499 3472 1313 1498 3473 1316 1500 3474 1315 1499 3475 1219 1453 3476 1318 1501 3477 1316 1500 3478 1219 1453 3479 1320 1502 3480 1318 1501 3481 1219 1453 3482 1322 95 3483 1320 1502 3484 1219 1453 3485 1324 1503 3486 1322 95 3487 1219 1453 3488 1219 1453 3489 1227 1504 3490 1324 1503 3491 1227 1505 3492 1326 1506 3493 1327 1507 3494 1225 1508 3495 1326 1506 3496 1226 1509 3497 1225 1508 3498 1329 1510 3499 1328 1511 3500 1224 1512 3501 1330 1513 3502 1329 1510 3503 1222 1514 3504 1331 1515 3505 1330 1513 3506 1229 1516 3507 1332 1517 3508 1331 1515 3509 1231 1518 3510 1333 1519 3511 1332 1517 3512 1233 1520 3513 1334 1521 3514 1333 1519 3515 1235 1522 3516 1335 1523 3517 1334 1521 3518 1239 1524 3519 1336 1525 3520 1237 1526 3521 1240 1527 3522 1337 1528 3523 1336 1525 3524 1242 1529 3525 1338 1530 3526 1337 1528 3527 1244 1531 3528 1339 1532 3529 1338 1530 3530 1246 1533 3531 1340 1534 3532 1339 1532 3533 1252 1535 3534 1340 1534 3535 1253 1536 3536 1251 1537 3537 1341 1538 3538 1252 1535 3539 1251 1537 3540 1343 1539 3541 1342 1540 3542 1254 1541 3543 1344 1542 3544 1343 1539 3545 1255 1543 3546 1345 1544 3547 1344 1542 3548 1257 1545 3549 1346 1546 3550 1345 1544 3551 1259 1547 3552 1347 1548 3553 1346 1546 3554 1263 1549 3555 1348 1550 3556 1347 1548 3557 1264 1551 3558 1349 1552 3559 1348 1550 3560 1266 1553 3561 1350 1554 3562 1349 1552 3563 1268 1555 3564 1351 1556 3565 1350 1554 3566 1270 1557 3567 1352 1558 3568 1351 1556 3569 1274 1559 3570 1353 1560 3571 1352 1558 3572 1278 1561 3573 1353 1560 3574 1279 1562 3575 1277 1563 3576 1354 1564 3577 1278 1561 3578 1277 1563 3579 1356 1565 3580 1355 1566 3581 1280 1567 3582 1357 1568 3583 1275 1569 3584 1281 1570 3585 1358 1571 3586 1357 1568 3587 1283 1572 3588 1359 1573 3589 1358 1571 3590 1285 1574 3591 1360 1575 3592 1359 1573 3593 1287 1576 3594 1361 1577 3595 1360 1575 3596 1291 1578 3597 1362 1579 3598 1289 1580 3599 1292 1581 3600 1363 1582 3601 1362 1579 3602 1294 1583 3603 1364 1584 3604 1363 1582 3605 1296 1585 3606 1365 1586 3607 1364 1584 3608 1300 1587 3609 1366 1588 3610 1298 1589 3611 1304 1590 3612 1366 1588 3613 1305 1591 3614 1303 1592 3615 1367 1593 3616 1304 1590 3617 1303 1592 3618 1369 1594 3619 1368 1595 3620 1306 1596 3621 1370 1597 3622 1369 1594 3623 1307 1598 3624 1371 1599 3625 1370 1597 3626 1309 1600 3627 1372 1601 3628 1371 1599 3629 1311 1602 3630 1373 1603 3631 1372 1601 3632 1315 1604 3633 1374 1605 3634 1373 1603 3635 1316 1606 3636 1375 1607 3637 1374 1605 3638 1318 1608 3639 1376 1609 3640 1375 1607 3641 1320 1610 3642 1377 1611 3643 1376 1609 3644 1322 1612 3645 1327 1507 3646 1377 1611 3647 1377 1613 3648 1379 1614 3649 1378 1615 3650 1376 1616 3651 1378 1615 3652 1380 1617 3653 1375 1618 3654 1380 1617 3655 1381 1619 3656 1374 1620 3657 1381 1619 3658 1382 1621 3659 1373 1622 3660 1382 1621 3661 1383 1623 3662 1372 1624 3663 1383 1623 3664 1384 1625 3665 1371 1626 3666 1384 1625 3667 1385 1627 3668 1370 1628 3669 1385 1627 3670 1386 1629 3671 1369 1630 3672 1386 1629 3673 1387 1631 3674 1368 1632 3675 1387 1631 3676 1388 1633 3677 1367 1634 3678 1388 1633 3679 1389 1635 3680 1366 1636 3681 1389 1635 3682 1390 1637 3683 1365 1638 3684 1390 1637 3685 1391 1639 3686 1364 1640 3687 1391 1639 3688 1392 1641 3689 1363 1642 3690 1392 1641 3691 1393 1643 3692 1362 1644 3693 1393 1643 3694 1394 1645 3695 1361 1646 3696 1394 1645 3697 1395 1647 3698 1360 1648 3699 1395 1647 3700 1396 1649 3701 1359 1650 3702 1396 1649 3703 1397 1651 3704 1358 1652 3705 1397 1651 3706 1398 1653 3707 1357 1654 3708 1398 1653 3709 1399 1655 3710 1356 1656 3711 1399 1655 3712 1400 1657 3713 1355 1658 3714 1400 1657 3715 1401 1659 3716 1354 1660 3717 1401 1659 3718 1402 1661 3719 1353 1662 3720 1402 1661 3721 1403 1663 3722 1352 1664 3723 1403 1663 3724 1404 1665 3725 1351 1666 3726 1404 1665 3727 1405 1667 3728 1350 1668 3729 1405 1667 3730 1406 1669 3731 1349 1670 3732 1406 1669 3733 1407 1671 3734 1348 1672 3735 1407 1671 3736 1408 1673 3737 1347 1674 3738 1408 1673 3739 1409 1675 3740 1346 1676 3741 1409 1675 3742 1410 1677 3743 1345 1678 3744 1410 1677 3745 1411 1679 3746 1344 1680 3747 1411 1679 3748 1412 1681 3749 1343 1682 3750 1412 1681 3751 1413 1683 3752 1342 1684 3753 1413 1683 3754 1414 1685 3755 1341 1686 3756 1414 1685 3757 1415 1687 3758 1340 1688 3759 1415 1687 3760 1416 1689 3761 1339 1690 3762 1416 1689 3763 1417 1691 3764 1338 1692 3765 1417 1691 3766 1418 1693 3767 1337 1694 3768 1418 1693 3769 1419 1695 3770 1336 1696 3771 1419 1695 3772 1420 1697 3773 1335 1698 3774 1420 1697 3775 1421 1699 3776 1334 1700 3777 1421 1699 3778 1422 1701 3779 1333 1702 3780 1422 1701 3781 1423 1703 3782 1332 1704 3783 1423 1703 3784 1424 1705 3785 1331 1706 3786 1424 1705 3787 1425 1707 3788 1330 1708 3789 1425 1707 3790 1426 1709 3791 1329 1710 3792 1426 1709 3793 1427 1711 3794 1328 1712 3795 1427 1711 3796 1428 1713 3797 1326 1714 3798 1428 1713 3799 1429 1715 3800 1327 1716 3801 1429 1715 3802 1379 1614 3803 1433 95 3804 1438 95 3805 1432 95 3806 1441 652 3807 1430 652 3808 1440 652 3809 1431 1717 3810 1442 1718 3811 1432 1718 3812 1442 1451 3813 1433 1451 3814 1432 1451 3815 1433 1719 3816 1444 1720 3817 1434 1720 3818 1445 619 3819 1435 619 3820 1444 619 3821 1436 1721 3822 1446 1722 3823 1437 1722 3824 1447 1217 3825 1437 1217 3826 1446 1217 3827 1438 1723 3828 1440 1724 3829 1439 1724 3830 1448 1725 3831 1449 1726 3832 1450 1727 3833 1451 1728 3834 1448 1725 3835 1450 1727 3836 1453 1729 3837 1451 1728 3838 1454 1730 3839 1456 1731 3840 1449 1732 3841 1455 1733 3842 1449 1732 3843 1457 1734 3844 1458 1735 3845 1457 1734 3846 1460 1736 3847 1459 1737 3848 1461 1738 3849 1456 1739 3850 1455 1740 3851 1463 1741 3852 1465 1742 3853 1466 1743 3854 1460 1744 3855 1462 1745 3856 1467 1746 3857 1465 1742 3858 1469 1747 3859 1468 1748 3860 1470 1749 3861 1472 1750 3862 1466 1743 3863 1471 1751 3864 1461 1738 3865 1473 1752 3866 1474 1753 3867 1455 1740 3868 1448 1754 3869 1473 1752 3870 1461 1738 3871 1455 1740 3872 1472 1750 3873 1463 1741 3874 1466 1743 3875 1463 1741 3876 1475 1755 3877 1453 1756 3878 1470 1757 3879 1462 1758 3880 1461 95 3881 1466 1759 3882 1476 1760 3883 1470 1757 3884 1467 1761 3885 1476 1760 3886 1477 1762 3887 1477 1762 3888 1465 1763 3889 1468 1764 3890 1478 95 3891 1467 1761 3892 1479 1765 3893 1477 1762 3894 1479 1765 3895 1467 1761 3896 1477 1762 3897 1468 1764 3898 1479 1765 3899 1468 1764 3900 1480 1766 3901 1479 1765 3902 1481 1767 3903 1483 1768 3904 1484 95 3905 1486 1769 3906 1481 1767 3907 1485 1770 3908 1482 1771 3909 1488 1772 3910 1487 1773 3911 1489 1774 3912 1482 1771 3913 1487 1773 3914 1487 1773 3915 1479 1765 3916 1489 1774 3917 1487 1773 3918 1488 1772 3919 1479 1765 3920 1488 1772 3921 1490 1775 3922 1479 1765 3923 1491 1776 3924 1479 1765 3925 1490 1775 3926 1491 1776 3927 1492 95 3928 1479 1765 3929 1492 95 3930 1493 95 3931 1479 1765 3932 1494 95 3933 1479 1765 3934 1493 95 3935 1494 95 3936 1495 95 3937 1479 1765 3938 1495 95 3939 1496 1777 3940 1479 1765 3941 1497 1778 3942 1479 1765 3943 1496 1777 3944 1497 1778 3945 1478 95 3946 1479 1765 3947 1498 95 3948 1489 1774 3949 1479 1765 3950 1499 95 3951 1498 95 3952 1479 1765 3953 1499 95 3954 1479 1765 3955 1500 95 3956 1501 95 3957 1500 95 3958 1479 1765 3959 1502 1779 3960 1501 95 3961 1479 1765 3962 1502 1779 3963 1479 1765 3964 1503 1780 3965 1504 1781 3966 1503 1780 3967 1479 1765 3968 1505 1782 3969 1504 1781 3970 1479 1765 3971 1505 1782 3972 1479 1765 3973 1480 1766 3974 1464 1783 3975 1463 1784 3976 1454 1785 3977 1506 1786 3978 1454 1785 3979 1508 1787 3980 1464 1783 3981 1509 1788 3982 1469 1789 3983 1510 1790 3984 1507 95 3985 1506 95 3986 1511 95 3987 1512 95 3988 1513 1791 3989 1514 1792 3990 1513 1791 3991 1512 95 3992 1514 1792 3993 1517 1793 3994 1515 569 3995 1518 1794 3996 1517 1793 3997 1516 95 3998 1520 1795 3999 1519 1796 4000 1518 1794 4001 1520 1795 4002 1523 1797 4003 1521 95 4004 1522 1798 4005 1525 95 4006 1523 1797 4007 1526 95 4008 1525 95 4009 1524 95 4010 1528 1799 4011 1527 1800 4012 1526 95 4013 1528 1799 4014 1531 1801 4015 1529 1802 4016 1509 1803 4017 1531 1801 4018 1530 1804 4019 1510 1805 4020 1508 1806 4021 1532 1807 4022 1510 1805 4023 1533 1808 4024 1531 1809 4025 1513 1810 4026 1535 1811 4027 1511 1812 4028 1515 1813 4029 1534 1814 4030 1513 1810 4031 1517 1815 4032 1536 1816 4033 1515 1813 4034 1519 1817 4035 1537 1818 4036 1517 1815 4037 1521 1819 4038 1538 1820 4039 1519 1817 4040 1521 1819 4041 1540 1821 4042 1539 1822 4043 1523 1823 4044 1541 1824 4045 1540 1821 4046 1527 1825 4047 1541 1824 4048 1525 1826 4049 1527 1825 4050 1543 1827 4051 1542 1828 4052 1529 1829 4053 1533 1808 4054 1543 1827 4055 1544 1830 4056 1454 1831 4057 1451 1832 4058 1544 1830 4059 1451 1832 4060 1450 1833 4061 1533 1834 4062 1546 1835 4063 1545 1836 4064 1543 1837 4065 1545 1836 4066 1547 1838 4067 1542 1839 4068 1547 1838 4069 1548 1840 4070 1541 1841 4071 1548 1840 4072 1549 1842 4073 1540 604 4074 1549 1842 4075 1550 606 4076 1539 607 4077 1550 606 4078 1551 1843 4079 1538 1844 4080 1551 1843 4081 1552 1845 4082 1537 1846 4083 1552 1845 4084 1553 1847 4085 1536 1848 4086 1553 1847 4087 1554 1849 4088 1534 1850 4089 1554 1849 4090 1555 1851 4091 1556 1852 4092 1534 1850 4093 1555 1851 4094 1558 1853 4095 1556 1852 4096 1557 1854 4097 1560 1855 4098 1557 1854 4099 1559 1856 4100 1560 1855 4101 1562 1857 4102 1561 1858 4103 1558 1853 4104 1564 1859 4105 1565 1860 4106 1535 1861 4107 1563 1862 4108 1566 1863 4109 1568 621 4110 1562 1857 4111 1567 622 4112 1570 1864 4113 1567 622 4114 1569 1865 4115 1572 1866 4116 1569 1865 4117 1571 1867 4118 1574 1868 4119 1571 1867 4120 1573 1869 4121 1576 637 4122 1573 1869 4123 1575 1870 4124 1578 1871 4125 1575 1870 4126 1577 1872 4127 1580 641 4128 1577 1872 4129 1579 642 4130 1582 1873 4131 1579 642 4132 1581 1874 4133 1584 1875 4134 1581 1874 4135 1583 1876 4136 1586 1877 4137 1583 1876 4138 1585 1878 4139 1587 1879 4140 1586 1877 4141 1585 1878 4142 1458 1880 4143 1588 1881 4144 1544 1830 4145 1589 1882 4146 1544 1830 4147 1588 1881 4148 1508 1883 4149 1546 1835 4150 1532 652 4151 1590 1884 4152 1458 1885 4153 1457 1886 4154 1591 1887 4155 1560 1888 4156 1561 1889 4157 1590 1884 4158 1584 1890 4159 1586 1891 4160 1593 1892 4161 1582 1893 4162 1584 1890 4163 1596 1894 4164 1570 1895 4165 1595 1896 4166 1596 1894 4167 1561 1889 4168 1568 1897 4169 1594 1898 4170 1580 1899 4171 1582 1893 4172 1597 1900 4173 1578 1901 4174 1580 1899 4175 1599 1902 4176 1578 1901 4177 1598 1903 4178 1599 1902 4179 1574 1904 4180 1576 1905 4181 1600 1906 4182 1572 1907 4183 1574 1904 4184 1601 1908 4185 1570 1895 4186 1572 1907 4187 1457 1909 4188 1459 1910 4189 1590 1911 4190 1592 95 4191 1591 1912 4192 1602 95 4193 1603 1913 4194 1591 1912 4195 1596 1914 4196 1593 1915 4197 1459 1910 4198 1604 1916 4199 1594 95 4200 1604 1916 4201 1605 95 4202 1606 95 4203 1594 95 4204 1605 95 4205 1606 95 4206 1598 1917 4207 1597 95 4208 1608 1918 4209 1598 1917 4210 1607 95 4211 1608 1918 4212 1600 1919 4213 1599 1920 4214 1610 1921 4215 1600 1919 4216 1609 95 4217 1610 1921 4218 1595 1922 4219 1601 1923 4220 1603 1913 4221 1595 1922 4222 1611 1924 4223 1612 1925 4224 1509 1926 4225 1530 1927 4226 1613 1928 4227 1530 1927 4228 1528 1929 4229 1614 1930 4230 1528 1929 4231 1526 1931 4232 1615 1932 4233 1526 1931 4234 1524 1933 4235 1616 1934 4236 1524 1933 4237 1522 1935 4238 1617 1936 4239 1522 1935 4240 1520 1937 4241 1618 1938 4242 1520 1937 4243 1518 712 4244 1619 1939 4245 1518 712 4246 1516 1940 4247 1620 1941 4248 1516 1940 4249 1514 1942 4250 1621 1943 4251 1514 1942 4252 1512 1944 4253 1511 1945 4254 1621 1946 4255 1512 1947 4256 1566 1948 4257 1511 1945 4258 1535 1949 4259 1622 1950 4260 1566 1948 4261 1623 1951 4262 1625 723 4263 1602 1952 4264 1603 724 4265 1627 1953 4266 1603 724 4267 1611 1954 4268 1628 1955 4269 1611 1954 4270 1610 1956 4271 1629 1957 4272 1610 1956 4273 1609 1958 4274 1630 1959 4275 1609 1958 4276 1608 1960 4277 1631 1961 4278 1608 1960 4279 1607 738 4280 1632 1962 4281 1607 738 4282 1606 1963 4283 1633 1964 4284 1606 1963 4285 1605 1965 4286 1634 1966 4287 1605 1965 4288 1604 1967 4289 1460 1968 4290 1604 1967 4291 1459 1969 4292 1478 1970 4293 1460 1971 4294 1467 1972 4295 1490 1973 4296 1626 1974 4297 1625 1975 4298 1491 1976 4299 1625 1975 4300 1627 1977 4301 1492 1978 4302 1627 1977 4303 1628 1979 4304 1493 1980 4305 1628 1979 4306 1629 1981 4307 1495 1982 4308 1630 1983 4309 1631 1984 4310 1494 1985 4311 1629 1981 4312 1630 1983 4313 1495 1982 4314 1632 1986 4315 1496 1987 4316 1497 1988 4317 1634 1989 4318 1478 1970 4319 1496 1987 4320 1633 1990 4321 1497 1988 4322 1469 1991 4323 1480 1992 4324 1468 1993 4325 1613 1994 4326 1480 1992 4327 1612 1995 4328 1614 1996 4329 1505 1997 4330 1613 1994 4331 1614 1996 4332 1503 1998 4333 1504 1999 4334 1615 2000 4335 1502 2001 4336 1503 1998 4337 1616 2002 4338 1501 2003 4339 1502 2001 4340 1617 2004 4341 1500 2005 4342 1501 2003 4343 1619 2006 4344 1500 2005 4345 1618 2007 4346 1619 2006 4347 1498 2008 4348 1499 2009 4349 1621 2010 4350 1498 2008 4351 1620 2011 4352 1622 2012 4353 1489 2013 4354 1621 2014 4355 1483 2015 4356 1623 2016 4357 1484 2017 4358 1636 2018 4359 1485 2019 4360 1635 2020 4361 1485 2019 4362 1637 2021 4363 1638 2022 4364 1639 2023 4365 1481 2024 4366 1484 2017 4367 1623 2016 4368 1640 2025 4369 1639 2023 4370 1623 2016 4371 1639 2023 4372 1484 2017 4373 1635 2020 4374 1485 2019 4375 1638 2022 4376 1635 2020 4377 1642 2026 4378 1641 2027 4379 1486 2028 4380 1626 2029 4381 1488 2030 4382 1636 2031 4383 1635 2032 4384 1564 2033 4385 1592 2034 4386 1564 2033 4387 1560 2035 4388 1626 2036 4389 1592 2034 4390 1602 2037 4391 1563 2038 4392 1624 141 4393 1566 141 4394 1641 2039 4395 1563 2038 4396 1565 2040 4397 1564 141 4398 1641 2039 4399 1565 2040 4400 1642 2041 4401 1643 2042 4402 1641 2043 4403 1643 2042 4404 1640 2044 4405 1624 2045 4406 1637 2046 4407 1642 2047 4408 1638 2048 4409 1644 2049 4410 1639 2050 4411 1640 2051 4412 1475 2052 4413 1452 2053 4414 1453 2054 4415 1452 2053 4416 1474 2055 4417 1448 2056 4418 1471 2057 4419 1475 2058 4420 1472 2059 4421 1645 2060 4422 1473 2061 4423 1474 2062 4424 1647 2063 4425 1649 2064 4426 1646 2065 4427 1646 2065 4428 1651 2066 4429 1647 2063 4430 1652 2067 4431 1650 2068 4432 1646 2065 4433 1649 2064 4434 1652 2067 4435 1646 2065 4436 1654 2069 4437 1655 2070 4438 1656 2071 4439 1648 2072 4440 1655 2070 4441 1649 2064 4442 1648 2072 4443 1658 2073 4444 1657 2074 4445 1659 2075 4446 1658 2073 4447 1648 2072 4448 1659 2075 4449 1647 2063 4450 1661 2076 4451 1662 2077 4452 1661 2076 4453 1647 2063 4454 1662 2077 4455 1647 2063 4456 1651 2066 4457 1662 2077 4458 1665 2078 4459 1664 2079 4460 1663 2080 4461 1664 2079 4462 1666 2081 4463 1668 2082 4464 1666 2081 4465 1667 2083 4466 1667 2083 4467 1670 2084 4468 1668 2082 4469 1672 2085 4470 1667 2083 4471 1671 2086 4472 1673 2087 4473 1672 2085 4474 1671 2086 4475 1671 2086 4476 1664 2079 4477 1673 2087 4478 1666 2081 4479 1671 2086 4480 1667 2083 4481 1673 2087 4482 1664 2079 4483 1665 2078 4484 1675 2088 4485 1665 2078 4486 1676 2089 4487 1677 2090 4488 1673 2087 4489 1675 2088 4490 1674 2091 4491 1678 2092 4492 1679 2093 4493 1680 2094 4494 1678 2092 4495 1677 2090 4496 1680 2094 4497 1675 2088 4498 1682 2095 4499 1654 2069 4500 1682 2095 4501 1652 2067 4502 1654 2069 4503 1681 2096 4504 1680 2094 4505 1655 2070 4506 1681 2096 4507 1656 2071 4508 1678 2092 4509 1657 2074 4510 1679 2093 4511 1657 2074 4512 1683 2097 4513 1679 2093 4514 1684 2098 4515 1658 2073 4516 1660 2099 4517 1669 2100 4518 1660 2099 4519 1670 2084 4520 1672 2085 4521 1684 2098 4522 1669 2100 4523 1674 2091 4524 1684 2098 4525 1672 2085 4526 1683 2097 4527 1674 2091 4528 1679 2093 4529 1660 2099 4530 1659 2075 4531 1670 2084 4532 1661 2076 4533 1670 2084 4534 1659 2075 4535 1661 2076 4536 1663 2080 4537 1668 2082 4538 1682 2095 4539 1653 2101 4540 1652 2067 4541 1682 2095 4542 1676 2089 4543 1685 2102 4544 1676 2089 4545 1653 2101 4546 1685 2102 4547 1650 2068 4548 1665 2078 4549 1651 2066 4550 1687 2103 4551 1689 2104 4552 1686 2105 4553 1686 2105 4554 1691 2106 4555 1690 2107 4556 1692 2108 4557 1688 2109 4558 1687 2103 4559 1694 2110 4560 1693 2111 4561 1692 2108 4562 1694 2110 4563 1697 2112 4564 1695 2113 4565 1698 2114 4566 1697 2112 4567 1696 2115 4568 1700 2116 4569 1699 2117 4570 1698 2114 4571 1702 2118 4572 1704 2119 4573 1705 2120 4574 1706 2121 4575 1704 2119 4576 1703 2122 4577 1708 2123 4578 1710 2124 4579 1711 2125 4580 1709 2126 4581 1713 2127 4582 1710 2124 4583 1714 2128 4584 1716 2129 4585 1717 2130 4586 1715 2131 4587 1719 2132 4588 1716 2129 4589 1720 2133 4590 1722 2134 4591 1723 2135 4592 1721 2136 4593 1725 2137 4594 1722 2134 4595 1727 2138 4596 1729 2139 4597 1726 2140 4598 1727 2138 4599 1731 2141 4600 1728 2142 4601 1690 2107 4602 1733 2143 4603 1732 2144 4604 1732 2144 4605 1731 2141 4606 1730 2145 4607 1726 2140 4608 1725 2137 4609 1724 2146 4610 1720 2133 4611 1719 2132 4612 1718 2147 4613 1712 2148 4614 1717 2130 4615 1713 2127 4616 1706 2121 4617 1711 2125 4618 1707 2149 4619 1700 2116 4620 1705 2120 4621 1701 2150 4622 1686 95 4623 1734 2151 4624 1687 95 4625 1686 95 4626 1690 95 4627 1734 2151 4628 1692 95 4629 1687 95 4630 1734 2151 4631 1694 95 4632 1692 95 4633 1734 2151 4634 1694 95 4635 1734 2151 4636 1696 95 4637 1698 103 4638 1696 95 4639 1734 2151 4640 1700 102 4641 1698 103 4642 1734 2151 4643 1700 102 4644 1734 2151 4645 1702 95 4646 1703 101 4647 1702 95 4648 1734 2151 4649 1706 95 4650 1703 101 4651 1734 2151 4652 1706 95 4653 1734 2151 4654 1708 2152 4655 1709 2153 4656 1708 2152 4657 1734 2151 4658 1712 2154 4659 1709 2153 4660 1734 2151 4661 1712 2154 4662 1734 2151 4663 1714 2155 4664 1715 95 4665 1714 2155 4666 1734 2151 4667 1718 95 4668 1715 95 4669 1734 2151 4670 1718 95 4671 1734 2151 4672 1720 95 4673 1721 95 4674 1720 95 4675 1734 2151 4676 1724 95 4677 1721 95 4678 1734 2151 4679 1724 95 4680 1734 2151 4681 1726 95 4682 1727 95 4683 1726 95 4684 1734 2151 4685 1730 95 4686 1727 95 4687 1734 2151 4688 1730 95 4689 1734 2151 4690 1732 95 4691 1690 95 4692 1732 95 4693 1734 2151 4694 1691 2156 4695 1736 2157 4696 1735 2158 4697 1733 2159 4698 1735 2158 4699 1737 2160 4700 1731 2161 4701 1737 2160 4702 1738 2162 4703 1728 2163 4704 1738 2162 4705 1739 2164 4706 1729 2165 4707 1739 2164 4708 1740 6 4709 1725 7 4710 1740 6 4711 1741 8 4712 1722 9 4713 1741 8 4714 1742 10 4715 1723 11 4716 1742 10 4717 1743 12 4718 1719 13 4719 1743 12 4720 1744 14 4721 1716 15 4722 1744 14 4723 1745 16 4724 1717 17 4725 1745 16 4726 1746 17 4727 1713 18 4728 1746 17 4729 1747 19 4730 1710 20 4731 1747 19 4732 1748 2166 4733 1711 2167 4734 1748 2166 4735 1749 2168 4736 1707 2169 4737 1749 2168 4738 1750 2170 4739 1704 2171 4740 1750 2170 4741 1751 2172 4742 1705 2173 4743 1751 2172 4744 1752 2174 4745 1701 2175 4746 1752 2174 4747 1753 2176 4748 1699 2177 4749 1753 2176 4750 1754 2178 4751 1697 2179 4752 1754 2178 4753 1755 2180 4754 1695 2181 4755 1755 2180 4756 1756 2182 4757 1693 2183 4758 1756 2182 4759 1757 2184 4760 1688 2185 4761 1757 2184 4762 1758 2186 4763 1689 2187 4764 1758 2186 4765 1736 2157 4766 1759 2188 4767 1760 95 4768 1761 2189 4769 1760 95 4770 1762 95 4771 1761 2189 4772 1762 95 4773 1763 95 4774 1761 2189 4775 1763 95 4776 1764 2190 4777 1761 2189 4778 1764 2190 4779 1765 2191 4780 1761 2189 4781 1765 2191 4782 1766 2192 4783 1761 2189 4784 1766 2192 4785 1767 2193 4786 1761 2189 4787 1768 95 4788 1761 2189 4789 1767 2193 4790 1770 2194 4791 1768 95 4792 1769 95 4793 1769 95 4794 1771 95 4795 1770 2194 4796 1772 95 4797 1770 2194 4798 1771 95 4799 1773 2195 4800 1770 2194 4801 1772 95 4802 1774 2196 4803 1770 2194 4804 1773 2195 4805 1775 95 4806 1770 2194 4807 1774 2196 4808 1776 95 4809 1770 2194 4810 1775 95 4811 1777 95 4812 1770 2194 4813 1776 95 4814 1778 95 4815 1770 2194 4816 1777 95 4817 1779 2197 4818 1770 2194 4819 1778 95 4820 1780 2198 4821 1770 2194 4822 1779 2197 4823 1781 95 4824 1770 2194 4825 1780 2198 4826 1782 95 4827 1770 2194 4828 1781 95 4829 1784 2199 4830 1782 95 4831 1783 95 4832 1783 95 4833 1785 95 4834 1784 2199 4835 1785 95 4836 1786 2200 4837 1784 2199 4838 1786 2200 4839 1787 2201 4840 1784 2199 4841 1787 2201 4842 1788 95 4843 1784 2199 4844 1788 95 4845 1789 95 4846 1784 2199 4847 1789 95 4848 1790 95 4849 1784 2199 4850 1790 95 4851 1791 95 4852 1784 2199 4853 1791 95 4854 1792 2202 4855 1784 2199 4856 1792 2202 4857 1793 2203 4858 1784 2199 4859 1793 2203 4860 1794 95 4861 1784 2199 4862 1794 95 4863 1795 95 4864 1784 2199 4865 1796 95 4866 1784 2199 4867 1795 95 4868 1798 2204 4869 1796 95 4870 1797 95 4871 1797 95 4872 1799 95 4873 1798 2204 4874 1799 95 4875 1800 95 4876 1798 2204 4877 1800 95 4878 1801 95 4879 1798 2204 4880 1801 95 4881 1802 95 4882 1798 2204 4883 1802 95 4884 1803 95 4885 1798 2204 4886 1803 95 4887 1804 95 4888 1798 2204 4889 1804 95 4890 1805 95 4891 1798 2204 4892 1805 95 4893 1806 2205 4894 1798 2204 4895 1806 2205 4896 1807 2206 4897 1798 2204 4898 1807 2206 4899 1808 95 4900 1798 2204 4901 1808 95 4902 1809 95 4903 1798 2204 4904 1810 95 4905 1798 2204 4906 1809 95 4907 1761 2189 4908 1810 95 4909 1811 95 4910 1811 95 4911 1812 95 4912 1761 2189 4913 1812 95 4914 1813 95 4915 1761 2189 4916 1813 95 4917 1814 2207 4918 1761 2189 4919 1814 2207 4920 1759 2188 4921 1761 2189 4922 1784 2199 4923 1761 2189 4924 1770 2194 4925 1815 2208 4926 1816 2209 4927 1817 2210 4928 1818 2211 4929 1816 2209 4930 1815 2208 4931 1818 2211 4932 1819 2212 4933 1816 2209 4934 1819 2212 4935 1820 2213 4936 1821 2214 4937 1818 2211 4938 1822 2215 4939 1820 2213 4940 1817 2210 4941 1822 2215 4942 1815 2208 4943 1824 2216 4944 1823 2217 4945 1817 2210 4946 1824 2216 4947 1817 2210 4948 1816 2209 4949 1824 2216 4950 1816 2209 4951 1826 2218 4952 1827 2219 4953 1826 2218 4954 1816 2209 4955 1827 2219 4956 1829 2220 4957 1826 2218 4958 1830 2221 4959 1828 2222 4960 1827 2219 4961 1830 2221 4962 1827 2219 4963 1816 2209 4964 1830 2221 4965 1816 2209 4966 1832 2223 4967 1832 2223 4968 1816 2209 4969 1833 2224 4970 1834 2225 4971 1833 2224 4972 1816 2209 4973 1834 2225 4974 1836 2226 4975 1833 2224 4976 1834 2225 4977 1838 2227 4978 1835 2228 4979 1834 2225 4980 1816 2209 4981 1837 2229 4982 1839 2230 4983 1837 2229 4984 1816 2209 4985 1837 2229 4986 1840 2231 4987 1838 2227 4988 1841 2232 4989 1840 2231 4990 1839 2230 4991 1841 2232 4992 1839 2230 4993 1816 2209 4994 1841 2232 4995 1816 2209 4996 1843 2233 4997 1843 2233 4998 1816 2209 4999 1844 2234 5000 1845 2235 5001 1844 2234 5002 1816 2209 5003 1845 2235 5004 1847 2236 5005 1844 2234 5006 1845 2235 5007 1849 2237 5008 1846 2238 5009 1845 2235 5010 1816 2209 5011 1848 2239 5012 1850 2240 5013 1848 2239 5014 1816 2209 5015 1848 2239 5016 1851 2241 5017 1849 2237 5018 1852 2242 5019 1851 2241 5020 1850 2240 5021 1852 2242 5022 1850 2240 5023 1816 2209 5024 1852 2242 5025 1816 2209 5026 1854 2243 5027 1854 2243 5028 1816 2209 5029 1855 2244 5030 1856 2245 5031 1855 2244 5032 1816 2209 5033 1855 2244 5034 1857 2246 5035 1858 2247 5036 1859 2248 5037 1857 2246 5038 1856 2245 5039 1856 2245 5040 1816 2209 5041 1859 2248 5042 1819 2212 5043 1859 2248 5044 1816 2209 5045 1859 2248 5046 1821 2214 5047 1860 2249 5048 1860 2249 5049 1862 2250 5050 1861 2251 5051 1857 2246 5052 1861 2251 5053 1863 2252 5054 1858 2247 5055 1863 2252 5056 1864 2253 5057 1866 2254 5058 1864 2253 5059 1865 2255 5060 1853 2256 5061 1865 2255 5062 1867 2257 5063 1851 2241 5064 1867 2257 5065 1868 2258 5066 1849 2237 5067 1868 2258 5068 1869 2259 5069 1846 2238 5070 1869 2259 5071 1870 476 5072 1847 2236 5073 1870 476 5074 1871 2260 5075 1873 2261 5076 1871 2260 5077 1872 479 5078 1842 2262 5079 1872 479 5080 1874 2263 5081 1840 2231 5082 1874 2263 5083 1875 2264 5084 1838 2227 5085 1875 2264 5086 1876 2265 5087 1835 2228 5088 1876 2265 5089 1877 2266 5090 1836 2226 5091 1877 2266 5092 1878 2267 5093 1880 2268 5094 1878 2267 5095 1879 2269 5096 1831 2270 5097 1879 2269 5098 1881 2271 5099 1828 2222 5100 1881 2271 5101 1882 2272 5102 1829 2220 5103 1882 2272 5104 1883 2273 5105 1825 2274 5106 1883 2273 5107 1884 2275 5108 1823 2217 5109 1884 2275 5110 1885 2276 5111 1822 2215 5112 1885 2276 5113 1886 2277 5114 1820 2213 5115 1886 2277 5116 1887 2278 5117 1821 2214 5118 1887 2278 5119 1862 2250 5120 1824 2216 5121 1829 2220 5122 1825 2274 5123 1830 2221 5124 1880 2268 5125 1831 2270 5126 1833 2224 5127 1880 2268 5128 1832 2223 5129 1841 2232 5130 1873 2261 5131 1842 2262 5132 1843 2233 5133 1847 2236 5134 1873 2261 5135 1854 2243 5136 1853 2256 5137 1852 2242 5138 1855 2244 5139 1866 2254 5140 1854 2243 5141 1888 2279 5142 1890 2280 5143 1891 2281 5144 1889 141 5145 1892 141 5146 1890 2280 5147 1892 141 5148 1893 141 5149 1890 2280 5150 1893 141 5151 1894 2282 5152 1890 2280 5153 1894 2282 5154 1895 2283 5155 1890 2280 5156 1895 2283 5157 1896 2284 5158 1890 2280 5159 1890 2280 5160 1898 2285 5161 1897 2286 5162 1900 2287 5163 1902 2288 5164 1899 2289 5165 1903 2290 5166 1901 2291 5167 1900 2287 5168 1903 2290 5169 1905 2292 5170 1904 2293 5171 1905 2292 5172 1906 2294 5173 1904 2293 5174 1906 2294 5175 1907 2295 5176 1904 2293 5177 1907 2295 5178 1908 2296 5179 1904 2293 5180 1909 2297 5181 1904 2293 5182 1908 2296 5183 1911 2298 5184 1910 2299 5185 1909 2297 5186 1912 2300 5187 1910 2299 5188 1911 2298 5189 1913 141 5190 1910 2299 5191 1912 2300 5192 1914 141 5193 1910 2299 5194 1913 141 5195 1915 2301 5196 1910 2299 5197 1914 141 5198 1910 2299 5199 1917 2302 5200 1916 141 5201 1916 141 5202 1919 2303 5203 1918 141 5204 1919 2303 5205 1921 2304 5206 1918 141 5207 1920 2305 5208 1922 141 5209 1921 2304 5210 1922 141 5211 1923 141 5212 1921 2304 5213 1923 141 5214 1924 2306 5215 1921 2304 5216 1925 2307 5217 1924 2306 5218 1926 2308 5219 1927 2309 5220 1928 2310 5221 1929 2311 5222 1928 2310 5223 1925 2307 5224 1930 2312 5225 1930 2312 5226 1925 2307 5227 1931 2313 5228 1931 2313 5229 1925 2307 5230 1932 2314 5231 1932 2314 5232 1925 2307 5233 1933 2315 5234 1933 2315 5235 1925 2307 5236 1934 141 5237 1934 141 5238 1925 2307 5239 1926 2308 5240 1891 2281 5241 1929 2311 5242 1888 2279 5243 1897 2286 5244 1937 2316 5245 1935 141 5246 1936 2317 5247 1897 2286 5248 1938 2318 5249 1938 2318 5250 1897 2286 5251 1939 2319 5252 1939 2319 5253 1897 2286 5254 1940 2320 5255 1940 2320 5256 1897 2286 5257 1898 2285 5258 1941 2321 5259 1937 2316 5260 1942 2322 5261 1942 2322 5262 1944 2323 5263 1941 2321 5264 1943 141 5265 1945 2324 5266 1944 2323 5267 1945 2324 5268 1946 2325 5269 1944 2323 5270 1946 2325 5271 1947 2326 5272 1944 2323 5273 1947 2326 5274 1948 2327 5275 1944 2323 5276 1948 2327 5277 1949 2328 5278 1944 2323 5279 1950 2329 5280 1949 2328 5281 1951 2330 5282 1902 2288 5283 1952 2331 5284 1899 2289 5285 1952 2331 5286 1950 2329 5287 1953 141 5288 1953 141 5289 1950 2329 5290 1954 141 5291 1954 141 5292 1950 2329 5293 1955 2332 5294 1955 2332 5295 1950 2329 5296 1951 2330 5297 1941 2333 5298 1902 2334 5299 1916 2335 5300 1910 2336 5301 1957 2337 5302 1956 2338 5303 1904 2339 5304 1956 2338 5305 1958 2340 5306 1959 2341 5307 1904 2339 5308 1958 2340 5309 1901 2342 5310 1960 2343 5311 1902 2344 5312 1918 2345 5313 1957 2337 5314 1916 2346 5315 1961 2347 5316 1921 2348 5317 1962 2349 5318 1921 2348 5319 1963 2350 5320 1962 2349 5321 1925 2351 5322 1964 2352 5323 1963 2350 5324 1891 2353 5325 1964 2352 5326 1927 2354 5327 1965 2355 5328 1890 2356 5329 1966 2357 5330 1966 2357 5331 1897 2358 5332 1967 2359 5333 1897 2358 5334 1968 2360 5335 1967 2359 5336 1941 2361 5337 1968 2360 5338 1935 2362 5339 1969 2363 5340 1944 2364 5341 1970 2365 5342 1970 2365 5343 1950 2366 5344 1971 2367 5345 1950 2366 5346 1960 2343 5347 1971 2367 5348 1971 2367 5349 1973 2368 5350 1972 2369 5351 1974 2370 5352 1971 2367 5353 1972 2369 5354 1975 2371 5355 1970 2365 5356 1974 2370 5357 1969 2363 5358 1976 2372 5359 1968 2360 5360 1975 2371 5361 1978 2373 5362 1976 2372 5363 1977 2374 5364 1974 2370 5365 1979 2375 5366 1974 2370 5367 1980 2376 5368 1979 2375 5369 1972 2369 5370 1981 2377 5371 1980 2376 5372 1982 2378 5373 1981 2377 5374 1973 2368 5375 1959 2341 5376 1973 2368 5377 1960 2343 5378 1982 2378 5379 1958 2340 5380 1984 2379 5381 1958 2340 5382 1985 2380 5383 1984 2379 5384 1956 2338 5385 1986 2381 5386 1985 2380 5387 1961 2347 5388 1986 2381 5389 1957 2337 5390 1987 2382 5391 1962 2349 5392 1988 2383 5393 1962 2349 5394 1989 2384 5395 1988 2383 5396 1963 2350 5397 1990 2385 5398 1989 2384 5399 1965 2355 5400 1990 2385 5401 1964 2352 5402 1991 2386 5403 1966 2357 5404 1992 2387 5405 1966 2357 5406 1993 2388 5407 1992 2387 5408 1967 2359 5409 1976 2372 5410 1993 2388 5411 1993 2388 5412 1978 2373 5413 1994 2389 5414 1995 2390 5415 1993 2388 5416 1994 2389 5417 1996 2391 5418 1992 2387 5419 1995 2390 5420 1991 2386 5421 1997 2392 5422 1990 2385 5423 1999 2393 5424 1996 2391 5425 1998 2394 5426 2000 2395 5427 1999 2393 5428 1998 2394 5429 2003 2396 5430 2000 2395 5431 2002 2397 5432 2004 2398 5433 2003 2396 5434 2002 2397 5435 2004 2398 5436 2007 2399 5437 2005 2400 5438 2008 2401 5439 2004 2398 5440 2002 2397 5441 2010 2402 5442 2002 2397 5443 2009 2403 5444 2012 2404 5445 2009 2403 5446 2011 2405 5447 2011 2405 5448 1977 2374 5449 2012 2404 5450 1994 2389 5451 2011 2405 5452 2009 2403 5453 1995 2390 5454 2009 2403 5455 2000 2395 5456 1998 2394 5457 1995 2390 5458 2000 2395 5459 2009 2403 5460 2002 2397 5461 2000 2395 5462 2012 2404 5463 1979 2375 5464 2010 2402 5465 2010 2402 5466 1980 2376 5467 2013 2406 5468 1980 2376 5469 2014 2407 5470 2013 2406 5471 1981 2377 5472 2015 2408 5473 2014 2407 5474 2016 2409 5475 2015 2408 5476 1983 2410 5477 2018 2411 5478 2016 2409 5479 2017 2412 5480 2020 2413 5481 2017 2412 5482 2019 2414 5483 2022 2415 5484 2019 2414 5485 2021 2416 5486 2022 2415 5487 2023 2417 5488 2024 2418 5489 2023 2417 5490 2026 2419 5491 2025 2420 5492 2025 2420 5493 2028 2421 5494 2027 2422 5495 2028 2421 5496 2029 2423 5497 2030 2424 5498 2029 2423 5499 2021 2416 5500 2019 2414 5501 2032 2425 5502 2019 2414 5503 2031 2426 5504 2034 2427 5505 2031 2426 5506 2033 2428 5507 2034 2427 5508 2036 2429 5509 2035 2430 5510 2034 2427 5511 2037 2431 5512 2032 2425 5513 2035 2430 5514 1988 2383 5515 2037 2431 5516 1987 2382 5517 2036 2429 5518 1986 2381 5519 1985 2380 5520 2036 2429 5521 2038 2432 5522 2039 2433 5523 1985 2380 5524 2038 2432 5525 1983 2410 5526 1984 2379 5527 2039 2433 5528 2016 2409 5529 2039 2433 5530 2017 2412 5531 2039 2433 5532 2031 2426 5533 2017 2412 5534 2038 2432 5535 2033 2428 5536 2031 2426 5537 2017 2412 5538 2031 2426 5539 2019 2414 5540 1988 2383 5541 2040 2434 5542 2037 2431 5543 1989 2384 5544 1997 2392 5545 2040 2434 5546 2040 2434 5547 2042 2435 5548 2041 2436 5549 2037 2431 5550 2041 2436 5551 2032 2425 5552 2032 2425 5553 2041 2436 5554 2029 2423 5555 2030 2424 5556 2041 2436 5557 2001 2437 5558 2001 2437 5559 2042 2435 5560 1999 2393 5561 2042 2435 5562 1997 2392 5563 1999 2393 5564 2003 2396 5565 2030 2424 5566 2001 2437 5567 2043 2438 5568 2030 2424 5569 2003 2396 5570 2007 2399 5571 2003 2396 5572 2005 2400 5573 2043 2438 5574 2006 2439 5575 2008 2401 5576 2018 2411 5577 2008 2401 5578 2013 2406 5579 2015 2408 5580 2013 2406 5581 2014 2407 5582 2018 2411 5583 2020 2413 5584 2043 2438 5585 2008 2401 5586 2010 2402 5587 2013 2406 5588 2020 2413 5589 2028 2421 5590 2030 2424 5591 2024 2418 5592 2028 2421 5593 2022 2415 5594 2023 2440 5595 2044 2441 5596 2045 2442 5597 2027 2443 5598 2044 2444 5599 2025 2444 5600 2024 2445 5601 2046 2446 5602 2027 2447 5603 2023 2448 5604 2047 2449 5605 2024 2449 5606 2047 1217 5607 2049 1217 5608 2048 1217 5609 2046 652 5610 2048 652 5611 2050 652 5612 2044 1451 5613 2050 1451 5614 2051 1451 5615 2045 619 5616 2051 619 5617 2049 619 5618 2053 2450 5619 2051 2451 5620 2052 2452 5621 2053 141 5622 2055 141 5623 2054 141 5624 2053 2453 5625 2048 2454 5626 2049 2455 5627 2055 2456 5628 2048 2457 5629 2054 2458 5630 2052 2459 5631 2050 2460 5632 2055 2461 5633 2057 2462 5634 2059 2463 5635 2056 2464 5636 2061 2465 5637 2056 2464 5638 2060 2466 5639 2062 2467 5640 2057 2462 5641 2061 2465 5642 2064 2468 5643 2063 2469 5644 2062 2467 5645 2064 2468 5646 2067 2470 5647 2065 2471 5648 2066 2472 5649 2069 2473 5650 2067 2470 5651 2068 2474 5652 2071 2475 5653 2069 2473 5654 2070 2476 5655 2073 2477 5656 2071 2475 5657 2074 2478 5658 2076 2479 5659 2073 2477 5660 2076 2479 5661 2087 2480 5662 2088 2481 5663 2076 2479 5664 2090 2482 5665 2091 2483 5666 2091 2483 5667 2092 2484 5668 2093 2485 5669 2093 2485 5670 2094 2486 5671 2095 2487 5672 2095 2487 5673 2096 2488 5674 2097 2489 5675 2097 2489 5676 2098 2490 5677 2099 2491 5678 2098 2490 5679 2101 2492 5680 2099 2491 5681 2100 2493 5682 2103 2494 5683 2101 2492 5684 2102 2495 5685 2105 2496 5686 2103 2494 5687 2104 2497 5688 2107 2498 5689 2105 2496 5690 2106 2499 5691 2109 2500 5692 2107 2498 5693 2116 2501 5694 2117 2502 5695 2109 2500 5696 2109 2500 5697 2124 2503 5698 2123 2504 5699 2107 2498 5700 2123 2504 5701 2126 2505 5702 2105 2496 5703 2126 2505 5704 2127 2506 5705 2103 2494 5706 2127 2506 5707 2128 2507 5708 2101 2492 5709 2128 2507 5710 2129 2508 5711 2099 2491 5712 2129 2508 5713 2130 2509 5714 2131 2510 5715 2099 2491 5716 2130 2509 5717 2132 2511 5718 2097 2489 5719 2131 2510 5720 2133 2512 5721 2095 2487 5722 2132 2511 5723 2134 2513 5724 2093 2485 5725 2133 2512 5726 2073 2477 5727 2091 2483 5728 2134 2513 5729 2071 2475 5730 2134 2513 5731 2135 2514 5732 2135 2514 5733 2133 2512 5734 2136 2515 5735 2136 2515 5736 2132 2511 5737 2137 2516 5738 2137 2516 5739 2131 2510 5740 2138 2517 5741 2138 2517 5742 2130 2509 5743 2139 2518 5744 2130 2509 5745 2140 2519 5746 2139 2518 5747 2129 2508 5748 2141 2520 5749 2140 2519 5750 2128 2507 5751 2142 2521 5752 2141 2520 5753 2127 2506 5754 2143 2522 5755 2142 2521 5756 2126 2505 5757 2144 2523 5758 2143 2522 5759 2123 2504 5760 2145 2524 5761 2144 2523 5762 2144 2523 5763 2147 2525 5764 2146 2526 5765 2143 2522 5766 2146 2526 5767 2148 2527 5768 2142 2521 5769 2148 2527 5770 2149 2528 5771 2141 2520 5772 2149 2528 5773 2150 2529 5774 2140 2519 5775 2150 2529 5776 2151 2530 5777 2139 2518 5778 2151 2530 5779 2152 2531 5780 2153 2532 5781 2139 2518 5782 2152 2531 5783 2154 2533 5784 2138 2517 5785 2153 2532 5786 2155 2534 5787 2137 2516 5788 2154 2533 5789 2156 2535 5790 2136 2515 5791 2155 2534 5792 2069 2473 5793 2135 2514 5794 2156 2535 5795 2067 2470 5796 2156 2535 5797 2157 2536 5798 2157 2536 5799 2155 2534 5800 2158 2537 5801 2158 2537 5802 2154 2533 5803 2159 2538 5804 2159 2538 5805 2153 2532 5806 2160 2539 5807 2160 2539 5808 2152 2531 5809 2161 2540 5810 2152 2531 5811 2162 2541 5812 2161 2540 5813 2151 2530 5814 2163 2542 5815 2162 2541 5816 2150 2529 5817 2164 2543 5818 2163 2542 5819 2149 2528 5820 2165 2544 5821 2164 2543 5822 2148 2527 5823 2166 2545 5824 2165 2544 5825 2146 2526 5826 2167 2546 5827 2166 2545 5828 2166 2545 5829 2169 2547 5830 2168 2548 5831 2165 2544 5832 2168 2548 5833 2170 2549 5834 2164 2543 5835 2170 2549 5836 2171 2550 5837 2163 2542 5838 2171 2550 5839 2172 2551 5840 2162 2541 5841 2172 2551 5842 2173 2552 5843 2161 2540 5844 2173 2552 5845 2174 2553 5846 2175 2554 5847 2161 2540 5848 2174 2553 5849 2176 2555 5850 2160 2539 5851 2175 2554 5852 2177 2556 5853 2159 2538 5854 2176 2555 5855 2178 2557 5856 2158 2537 5857 2177 2556 5858 2065 2471 5859 2157 2536 5860 2178 2557 5861 2065 2471 5862 2179 2558 5863 2063 2469 5864 2178 2557 5865 2180 2559 5866 2179 2558 5867 2177 2556 5868 2181 2560 5869 2180 2559 5870 2176 2555 5871 2182 2561 5872 2181 2560 5873 2175 2554 5874 2183 2562 5875 2182 2561 5876 2183 2562 5877 2173 2552 5878 2184 2563 5879 2184 2563 5880 2172 2551 5881 2185 2564 5882 2185 2564 5883 2171 2550 5884 2186 2565 5885 2186 2565 5886 2170 2549 5887 2187 2566 5888 2187 2566 5889 2168 2548 5890 2188 2567 5891 2188 2567 5892 2169 2547 5893 2189 2568 5894 2190 2569 5895 2189 2568 5896 2191 2570 5897 2192 2571 5898 2188 2567 5899 2190 2569 5900 2193 2572 5901 2187 2566 5902 2192 2571 5903 2194 2573 5904 2186 2565 5905 2193 2572 5906 2195 2574 5907 2185 2564 5908 2194 2573 5909 2196 2575 5910 2184 2563 5911 2195 2574 5912 2182 2561 5913 2196 2575 5914 2197 2576 5915 2181 2560 5916 2197 2576 5917 2198 2577 5918 2180 2559 5919 2198 2577 5920 2199 2578 5921 2179 2558 5922 2199 2578 5923 2058 2579 5924 2063 2469 5925 2058 2579 5926 2057 2462 5927 2058 2579 5928 2200 2580 5929 2059 2463 5930 2199 2578 5931 2201 2581 5932 2200 2580 5933 2198 2577 5934 2202 2582 5935 2201 2581 5936 2197 2576 5937 2203 2583 5938 2202 2582 5939 2203 2583 5940 2195 2574 5941 2204 2584 5942 2204 2584 5943 2194 2573 5944 2205 2585 5945 2205 2585 5946 2193 2572 5947 2206 2586 5948 2206 2586 5949 2192 2571 5950 2207 2587 5951 2207 2587 5952 2190 2569 5953 2208 2588 5954 2208 2588 5955 2191 2570 5956 2209 2589 5957 2210 2590 5958 2209 2589 5959 2211 2591 5960 2212 2592 5961 2208 2588 5962 2210 2590 5963 2213 2593 5964 2207 2587 5965 2212 2592 5966 2214 2594 5967 2206 2586 5968 2213 2593 5969 2215 2595 5970 2205 2585 5971 2214 2594 5972 2216 2596 5973 2204 2584 5974 2215 2595 5975 2202 2582 5976 2216 2596 5977 2217 2597 5978 2201 2581 5979 2217 2597 5980 2218 2598 5981 2200 2580 5982 2218 2598 5983 2219 2599 5984 2059 2463 5985 2219 2599 5986 2220 2600 5987 2056 2464 5988 2220 2600 5989 2221 2601 5990 2060 2466 5991 2221 2601 5992 2222 2602 5993 2224 2603 5994 2221 2601 5995 2225 2604 5996 2221 2601 5997 2226 2605 5998 2225 2604 5999 2220 2600 6000 2227 2606 6001 2226 2605 6002 2219 2599 6003 2228 2607 6004 2227 2606 6005 2218 2598 6006 2229 2608 6007 2228 2607 6008 2217 2597 6009 2230 2609 6010 2229 2608 6011 2230 2609 6012 2215 2595 6013 2231 2610 6014 2231 2610 6015 2214 2594 6016 2232 2611 6017 2232 2611 6018 2213 2593 6019 2233 2612 6020 2233 2612 6021 2212 2592 6022 2234 2613 6023 2234 2613 6024 2210 2590 6025 2235 2614 6026 2210 2590 6027 2236 2615 6028 2235 2614 6029 2244 2616 6030 2245 2617 6031 2235 2614 6032 2251 2618 6033 2235 2614 6034 2238 2619 6035 2252 2620 6036 2234 2613 6037 2251 2618 6038 2253 2621 6039 2233 2612 6040 2252 2620 6041 2254 2622 6042 2232 2611 6043 2253 2621 6044 2255 2623 6045 2231 2610 6046 2254 2622 6047 2255 2623 6048 2229 2608 6049 2230 2609 6050 2256 2624 6051 2228 2607 6052 2229 2608 6053 2257 2625 6054 2227 2606 6055 2228 2607 6056 2258 2626 6057 2226 2605 6058 2227 2606 6059 2259 2627 6060 2225 2604 6061 2226 2605 6062 2268 2628 6063 2269 2629 6064 2225 2604 6065 2273 2630 6066 2274 2631 6067 2275 2632 6068 2276 2633 6069 2274 2631 6070 2273 2630 6071 2276 2633 6072 2277 2634 6073 2274 2631 6074 2277 2634 6075 2278 2635 6076 2279 2636 6077 2276 2633 6078 2280 2637 6079 2278 2635 6080 2275 2632 6081 2280 2637 6082 2273 2630 6083 2282 2638 6084 2281 2639 6085 2275 2632 6086 2282 2638 6087 2275 2632 6088 2274 2631 6089 2282 2638 6090 2274 2631 6091 2284 2640 6092 2285 2641 6093 2284 2640 6094 2274 2631 6095 2285 2641 6096 2287 2642 6097 2284 2640 6098 2288 2643 6099 2286 2644 6100 2285 2641 6101 2288 2643 6102 2285 2641 6103 2274 2631 6104 2288 2643 6105 2274 2631 6106 2290 2645 6107 2290 2645 6108 2274 2631 6109 2291 2646 6110 2292 2647 6111 2291 2646 6112 2274 2631 6113 2292 2647 6114 2294 2648 6115 2291 2646 6116 2292 2647 6117 2296 2649 6118 2293 2650 6119 2292 2647 6120 2274 2631 6121 2295 2651 6122 2297 2652 6123 2295 2651 6124 2274 2631 6125 2295 2651 6126 2298 2653 6127 2296 2649 6128 2299 2654 6129 2298 2653 6130 2297 2652 6131 2299 2654 6132 2297 2652 6133 2274 2631 6134 2299 2654 6135 2274 2631 6136 2301 2655 6137 2301 2655 6138 2274 2631 6139 2302 2656 6140 2303 2657 6141 2302 2656 6142 2274 2631 6143 2302 2656 6144 2304 2658 6145 2305 2659 6146 2306 2660 6147 2304 2658 6148 2303 2657 6149 2303 2657 6150 2274 2631 6151 2306 2660 6152 2308 2661 6153 2306 2660 6154 2274 2631 6155 2306 2660 6156 2309 2662 6157 2307 2663 6158 2308 2661 6159 2311 2664 6160 2309 2662 6161 2310 2665 6162 2308 2661 6163 2274 2631 6164 2310 2665 6165 2274 2631 6166 2312 2666 6167 2312 2666 6168 2274 2631 6169 2313 2667 6170 2314 2668 6171 2313 2667 6172 2274 2631 6173 2313 2667 6174 2315 2669 6175 2316 2670 6176 2317 2671 6177 2315 2669 6178 2314 2668 6179 2314 2668 6180 2274 2631 6181 2317 2671 6182 2277 2634 6183 2317 2671 6184 2274 2631 6185 2277 2634 6186 2318 2672 6187 2317 2671 6188 2318 2672 6189 2320 2673 6190 2319 2674 6191 2315 2669 6192 2319 2674 6193 2321 2675 6194 2316 2670 6195 2321 2675 6196 2322 2676 6197 2324 2677 6198 2322 2676 6199 2323 2678 6200 2311 2664 6201 2323 2678 6202 2325 2679 6203 2309 2662 6204 2325 2679 6205 2326 2680 6206 2307 2663 6207 2326 2680 6208 2327 475 6209 2304 2658 6210 2327 475 6211 2328 476 6212 2305 2659 6213 2328 476 6214 2329 2681 6215 2331 2682 6216 2329 2681 6217 2330 2683 6218 2300 2684 6219 2330 2683 6220 2332 2685 6221 2298 2653 6222 2332 2685 6223 2333 2686 6224 2296 2649 6225 2333 2686 6226 2334 2687 6227 2293 2650 6228 2334 2687 6229 2335 2688 6230 2294 2648 6231 2335 2688 6232 2336 2689 6233 2338 2690 6234 2336 2689 6235 2337 2691 6236 2289 2692 6237 2337 2691 6238 2339 2693 6239 2286 2644 6240 2339 2693 6241 2340 2694 6242 2287 2642 6243 2340 2694 6244 2341 2695 6245 2283 2696 6246 2341 2695 6247 2342 2275 6248 2281 2639 6249 2342 2275 6250 2343 2697 6251 2280 2637 6252 2343 2697 6253 2344 2698 6254 2278 2635 6255 2344 2698 6256 2345 2699 6257 2279 2636 6258 2345 2699 6259 2320 2673 6260 2282 2638 6261 2287 2642 6262 2283 2696 6263 2288 2643 6264 2338 2690 6265 2289 2692 6266 2290 2645 6267 2294 2648 6268 2338 2690 6269 2301 2655 6270 2300 2684 6271 2299 2654 6272 2301 2655 6273 2305 2659 6274 2331 2682 6275 2312 2666 6276 2311 2664 6277 2310 2665 6278 2313 2667 6279 2324 2677 6280 2312 2666 6281 2347 2700 6282 2349 2701 6283 2346 2702 6284 2346 2702 6285 2351 2703 6286 2350 2704 6287 2350 2704 6288 2353 2705 6289 2352 2706 6290 2355 2707 6291 2357 2708 6292 2354 2709 6293 2352 2706 6294 2355 2707 6295 2354 2709 6296 2357 2708 6297 2359 2710 6298 2358 2711 6299 2358 2711 6300 2361 2712 6301 2360 2713 6302 2360 2713 6303 2363 2714 6304 2362 2715 6305 2362 2715 6306 2365 2716 6307 2364 2717 6308 2364 2717 6309 2367 2718 6310 2366 2719 6311 2366 2719 6312 2369 2720 6313 2368 2721 6314 2368 2721 6315 2371 2722 6316 2370 2723 6317 2370 2723 6318 2348 2724 6319 2347 2700 6320 2346 2725 6321 2373 2726 6322 2347 2727 6323 2346 2725 6324 2374 2728 6325 2372 2729 6326 2350 2730 6327 2375 2731 6328 2374 2728 6329 2375 2731 6330 2354 652 6331 2376 2732 6332 2375 2731 6333 2377 2733 6334 2378 2734 6335 2379 2735 6336 2377 2733 6337 2376 2736 6338 2379 2735 6339 2382 2737 6340 2381 2738 6341 2384 2739 6342 2386 2740 6343 2383 2741 6344 2388 2742 6345 2383 2741 6346 2387 2743 6347 2390 2744 6348 2387 2743 6349 2389 2745 6350 2392 2746 6351 2389 2745 6352 2391 2747 6353 2394 2748 6354 2391 2747 6355 2393 2749 6356 2396 2750 6357 2393 2749 6358 2395 2751 6359 2398 2752 6360 2395 2751 6361 2397 2753 6362 2400 2754 6363 2397 2753 6364 2399 2755 6365 2402 2756 6366 2399 2755 6367 2401 2756 6368 2404 2757 6369 2401 2756 6370 2403 2758 6371 2406 2759 6372 2403 2758 6373 2405 2760 6374 2408 2761 6375 2405 2760 6376 2407 2762 6377 2409 2763 6378 2407 2762 6379 2380 2764 6380 2411 2765 6381 2380 2764 6382 2410 2766 6383 2410 2766 6384 2412 141 6385 2411 2765 6386 2413 2767 6387 2409 2763 6388 2411 2765 6389 2414 2768 6390 2416 2769 6391 2415 2770 6392 2418 2771 6393 2415 2770 6394 2417 2772 6395 2420 2773 6396 2417 2772 6397 2419 2774 6398 2422 2775 6399 2419 2774 6400 2421 2776 6401 2424 2777 6402 2421 2776 6403 2423 2778 6404 2426 2779 6405 2423 2778 6406 2425 2780 6407 2428 2781 6408 2425 2780 6409 2427 2782 6410 2430 2783 6411 2427 2782 6412 2429 2784 6413 2432 2785 6414 2429 2784 6415 2431 2786 6416 2434 2787 6417 2431 2786 6418 2433 2788 6419 2436 2789 6420 2433 2788 6421 2435 2790 6422 2438 2791 6423 2435 2790 6424 2437 2792 6425 2440 2793 6426 2437 2792 6427 2439 2794 6428 2442 2795 6429 2439 2794 6430 2441 2796 6431 2442 2795 6432 2441 2796 6433 2443 141 6434 2441 2796 6435 2444 2797 6436 2443 141 6437 2441 2796 6438 2445 2798 6439 2444 2797 6440 2445 2798 6441 2441 2796 6442 2439 2794 6443 2439 2794 6444 2446 2799 6445 2445 2798 6446 2437 2792 6447 2447 2800 6448 2446 2799 6449 2435 2790 6450 2448 2801 6451 2447 2800 6452 2433 2788 6453 2449 2802 6454 2448 2801 6455 2431 2786 6456 2450 2803 6457 2449 2802 6458 2429 2784 6459 2451 2804 6460 2450 2803 6461 2427 2782 6462 2452 2805 6463 2451 2804 6464 2425 2780 6465 2453 2806 6466 2452 2805 6467 2423 2778 6468 2454 2807 6469 2453 2806 6470 2421 2776 6471 2455 2808 6472 2454 2807 6473 2419 2774 6474 2456 2809 6475 2455 2808 6476 2417 2772 6477 2457 2810 6478 2456 2809 6479 2416 2769 6480 2457 2810 6481 2415 2770 6482 2416 2769 6483 2458 2811 6484 2457 2810 6485 2416 2769 6486 2459 141 6487 2458 2811 6488 2416 2769 6489 2413 2767 6490 2459 141 6491 2460 141 6492 2443 141 6493 2444 2797 6494 2458 2811 6495 2460 141 6496 2444 2797 6497 2444 2797 6498 2463 2812 6499 2458 2811 6500 2464 2813 6501 2462 2814 6502 2444 2797 6503 2464 2813 6504 2445 2798 6505 2446 2799 6506 2466 2815 6507 2446 2799 6508 2447 2800 6509 2465 2816 6510 2466 2815 6511 2467 2817 6512 2468 2818 6513 2470 2819 6514 2471 2820 6515 2469 2817 6516 2473 2821 6517 2470 2819 6518 2472 2822 6519 2475 2823 6520 2473 2821 6521 2476 2824 6522 2475 2823 6523 2474 2825 6524 2467 2817 6525 2479 2826 6526 2478 2822 6527 2479 2826 6528 2447 2800 6529 2448 2801 6530 2479 2826 6531 2449 2802 6532 2480 2827 6533 2478 2822 6534 2480 2827 6535 2481 2825 6536 2482 2828 6537 2480 2827 6538 2483 2829 6539 2483 2829 6540 2449 2802 6541 2450 2803 6542 2484 2830 6543 2450 2803 6544 2451 2804 6545 2482 2828 6546 2484 2830 6547 2485 619 6548 2476 2824 6549 2484 2830 6550 2477 2831 6551 2484 2830 6552 2452 2805 6553 2477 2831 6554 2477 2831 6555 2453 2806 6556 2475 2823 6557 2473 2821 6558 2453 2806 6559 2454 2807 6560 2473 2821 6561 2455 2808 6562 2470 2819 6563 2470 2819 6564 2456 2809 6565 2471 2820 6566 2471 2820 6567 2457 2810 6568 2458 2811 6569 2463 2812 6570 2471 2820 6571 2458 2811 6572 2461 141 6573 2458 2811 6574 2459 141 6575 2386 2740 6576 2385 2832 6577 2486 141 6578 2440 2793 6579 2385 2832 6580 2384 2739 6581 2438 2791 6582 2384 2739 6583 2388 2742 6584 2436 2789 6585 2388 2742 6586 2390 2744 6587 2434 2787 6588 2390 2744 6589 2392 2746 6590 2432 2785 6591 2392 2746 6592 2394 2748 6593 2430 2783 6594 2394 2748 6595 2396 2750 6596 2428 2781 6597 2396 2750 6598 2398 2752 6599 2426 2779 6600 2398 2752 6601 2400 2754 6602 2424 2777 6603 2400 2754 6604 2402 2756 6605 2422 2775 6606 2402 2756 6607 2404 2757 6608 2420 2773 6609 2404 2757 6610 2406 2759 6611 2418 2771 6612 2406 2759 6613 2408 2761 6614 2414 2768 6615 2408 2761 6616 2409 2763 6617 2380 2764 6618 2378 2734 6619 2377 2733 6620 2407 2762 6621 2487 2833 6622 2378 2734 6623 2405 2760 6624 2488 2834 6625 2487 2833 6626 2403 2758 6627 2489 2835 6628 2488 2834 6629 2401 2756 6630 2490 2836 6631 2489 2835 6632 2399 2755 6633 2491 2837 6634 2490 2836 6635 2397 2753 6636 2492 2838 6637 2491 2837 6638 2395 2751 6639 2493 2839 6640 2492 2838 6641 2393 2749 6642 2494 2840 6643 2493 2839 6644 2391 2747 6645 2495 2841 6646 2494 2840 6647 2389 2745 6648 2496 2842 6649 2495 2841 6650 2387 2743 6651 2497 2843 6652 2496 2842 6653 2381 2738 6654 2497 2843 6655 2383 2741 6656 2498 2844 6657 2497 2843 6658 2382 2845 6659 2498 2844 6660 2357 2846 6661 2358 652 6662 2376 2732 6663 2357 2846 6664 2382 2845 6665 2498 2844 6666 2360 2847 6667 2499 2848 6668 2499 2848 6669 2496 2842 6670 2498 2844 6671 2500 2849 6672 2495 2841 6673 2499 2848 6674 2499 2848 6675 2362 2850 6676 2500 2849 6677 2501 2851 6678 2362 2850 6679 2364 652 6680 2500 2849 6681 2493 2839 6682 2494 2840 6683 2502 2852 6684 2493 2839 6685 2501 2851 6686 2501 2851 6687 2366 2853 6688 2502 2852 6689 2502 2852 6690 2368 2854 6691 2503 2855 6692 2503 2855 6693 2492 2838 6694 2502 2852 6695 2503 2855 6696 2490 2836 6697 2491 2837 6698 2504 2856 6699 2368 2854 6700 2370 2857 6701 2370 2857 6702 2373 2726 6703 2504 2856 6704 2504 2856 6705 2489 2835 6706 2490 2836 6707 2372 2729 6708 2489 2835 6709 2373 2726 6710 2372 2729 6711 2487 2833 6712 2488 2834 6713 2374 2728 6714 2378 2734 6715 2487 2833 6716 2381 652 6717 2506 652 6718 2379 652 6719 2505 652 6720 2486 2858 6721 2507 2859 6722 2386 652 6723 2381 652 6724 2383 652 6725 2410 652 6726 2379 652 6727 2412 2860 6728 2379 652 6729 2508 2861 6730 2412 2860 6731 2508 2861 6732 2411 2862 6733 2412 2860 6734 2411 2862 6735 2510 2863 6736 2413 2864 6737 2510 2863 6738 2459 2865 6739 2413 2864 6740 2512 619 6741 2459 2865 6742 2511 2866 6743 2513 619 6744 2461 619 6745 2512 619 6746 2460 619 6747 2514 2867 6748 2443 2868 6749 2442 2869 6750 2514 2867 6751 2515 2870 6752 2516 2871 6753 2442 2869 6754 2515 2870 6755 2516 2871 6756 2486 2858 6757 2385 2872 6758 2517 2873 6759 2465 2874 6760 2467 2875 6761 2518 2876 6762 2462 2877 6763 2465 2874 6764 2519 2878 6765 2463 2879 6766 2462 2877 6767 2463 2879 6768 2521 2880 6769 2468 2881 6770 2468 2881 6771 2522 2882 6772 2469 2883 6773 2469 2883 6774 2523 2884 6775 2472 2885 6776 2472 2885 6777 2524 2886 6778 2474 2887 6779 2474 2887 6780 2525 2888 6781 2476 2889 6782 2476 2889 6783 2526 2890 6784 2485 2891 6785 2526 2890 6786 2482 2892 6787 2485 2891 6788 2527 2893 6789 2481 2894 6790 2482 2892 6791 2528 2895 6792 2478 2896 6793 2481 2894 6794 2529 2897 6795 2467 2875 6796 2478 2896 6797 2531 95 6798 2533 95 6799 2530 95 6800 2535 619 6801 2530 619 6802 2534 619 6803 2532 1217 6804 2535 1217 6805 2536 1217 6806 2537 652 6807 2532 652 6808 2536 652 6809 2534 1451 6810 2533 1451 6811 2537 1451 6812 2539 2898 6813 2541 2899 6814 2538 2900 6815 2542 2901 6816 2540 2902 6817 2539 2898 6818 2544 2903 6819 2543 2904 6820 2542 2901 6821 2546 2905 6822 2545 2906 6823 2544 2903 6824 2548 2907 6825 2547 2908 6826 2546 2905 6827 2550 2909 6828 2549 2910 6829 2548 2907 6830 2552 2911 6831 2551 2912 6832 2550 2909 6833 2554 2913 6834 2553 2914 6835 2552 2911 6836 2556 2915 6837 2555 2916 6838 2554 2913 6839 2558 2917 6840 2557 2918 6841 2556 2915 6842 2560 2919 6843 2559 2920 6844 2558 2917 6845 2562 2921 6846 2561 2922 6847 2560 2919 6848 2564 2923 6849 2563 2924 6850 2562 2921 6851 2566 2925 6852 2565 2926 6853 2564 2923 6854 2568 2927 6855 2567 2928 6856 2566 2925 6857 2570 2929 6858 2569 2930 6859 2568 2927 6860 2572 2931 6861 2571 2932 6862 2570 2929 6863 2574 2933 6864 2573 2934 6865 2572 2931 6866 2576 2935 6867 2575 2936 6868 2574 2933 6869 2578 2937 6870 2577 2938 6871 2576 2935 6872 2580 2939 6873 2579 2940 6874 2578 2937 6875 2582 2941 6876 2581 2942 6877 2580 2939 6878 2584 2943 6879 2583 2944 6880 2582 2941 6881 2586 2945 6882 2585 2946 6883 2584 2943 6884 2588 2947 6885 2587 2948 6886 2586 2945 6887 2590 2949 6888 2589 2950 6889 2588 2947 6890 2592 2951 6891 2591 2952 6892 2590 2949 6893 2594 2953 6894 2593 2954 6895 2592 2951 6896 2596 2955 6897 2595 2956 6898 2594 2953 6899 2598 2957 6900 2597 2958 6901 2596 2955 6902 2600 2959 6903 2599 2960 6904 2598 2957 6905 2602 2961 6906 2601 2962 6907 2600 2959 6908 2604 2963 6909 2603 2964 6910 2602 2961 6911 2606 2965 6912 2605 2966 6913 2604 2963 6914 2608 2967 6915 2607 2968 6916 2606 2965 6917 2610 2969 6918 2609 2970 6919 2608 2967 6920 2612 2971 6921 2611 2972 6922 2610 2969 6923 2614 2973 6924 2613 2974 6925 2612 2971 6926 2616 2975 6927 2615 2976 6928 2614 2973 6929 2618 2977 6930 2617 2978 6931 2616 2975 6932 2620 2979 6933 2619 2980 6934 2618 2977 6935 2622 2981 6936 2621 2982 6937 2620 2979 6938 2624 2983 6939 2623 2984 6940 2622 2981 6941 2626 2985 6942 2625 2986 6943 2624 2983 6944 2628 2987 6945 2627 2988 6946 2626 2985 6947 2630 2989 6948 2629 2990 6949 2628 2987 6950 2632 2991 6951 2631 2992 6952 2630 2989 6953 2634 2993 6954 2633 2994 6955 2632 2991 6956 2636 2995 6957 2635 2996 6958 2634 2993 6959 2638 2997 6960 2637 2998 6961 2636 2995 6962 2640 2999 6963 2639 3000 6964 2638 2997 6965 2538 2900 6966 2641 3001 6967 2640 2999 6968 2643 2900 6969 2645 3001 6970 2642 2999 6971 2646 3002 6972 2644 2899 6973 2643 2900 6974 2648 3003 6975 2647 3004 6976 2646 3002 6977 2650 2903 6978 2649 3005 6979 2648 3003 6980 2652 2905 6981 2651 2906 6982 2650 2903 6983 2654 2907 6984 2653 2908 6985 2652 2905 6986 2656 2909 6987 2655 2910 6988 2654 2907 6989 2658 3006 6990 2657 2912 6991 2656 2909 6992 2660 3007 6993 2659 3008 6994 2658 3006 6995 2662 3009 6996 2661 3010 6997 2660 3007 6998 2664 3011 6999 2663 3012 7000 2662 3009 7001 2666 3013 7002 2665 3014 7003 2664 3011 7004 2668 3015 7005 2667 3016 7006 2666 3013 7007 2670 3017 7008 2669 3018 7009 2668 3015 7010 2672 3019 7011 2671 3020 7012 2670 3017 7013 2674 3021 7014 2673 3022 7015 2672 3019 7016 2676 3023 7017 2675 3024 7018 2674 3021 7019 2678 3025 7020 2677 3026 7021 2676 3023 7022 2680 3027 7023 2679 3028 7024 2678 3025 7025 2682 2935 7026 2681 3029 7027 2680 3027 7028 2684 2937 7029 2683 2938 7030 2682 2935 7031 2686 2939 7032 2685 2940 7033 2684 2937 7034 2688 2941 7035 2687 2942 7036 2686 2939 7037 2690 2943 7038 2689 2944 7039 2688 2941 7040 2692 3030 7041 2691 3031 7042 2690 2943 7043 2694 3032 7044 2693 3033 7045 2692 3030 7046 2696 2949 7047 2695 2950 7048 2694 3032 7049 2698 2951 7050 2697 2952 7051 2696 2949 7052 2700 2953 7053 2699 2954 7054 2698 2951 7055 2702 2955 7056 2701 2956 7057 2700 2953 7058 2704 3034 7059 2703 2958 7060 2702 2955 7061 2706 3035 7062 2705 3036 7063 2704 3034 7064 2708 3037 7065 2707 3038 7066 2706 3035 7067 2710 3039 7068 2709 3040 7069 2708 3037 7070 2712 3041 7071 2711 3042 7072 2710 3039 7073 2714 3043 7074 2713 3044 7075 2712 3041 7076 2716 3045 7077 2715 3046 7078 2714 3043 7079 2718 3047 7080 2717 3048 7081 2716 3045 7082 2720 3049 7083 2719 3050 7084 2718 3047 7085 2722 3051 7086 2721 3052 7087 2720 3049 7088 2724 3053 7089 2723 3054 7090 2722 3051 7091 2726 3055 7092 2725 3056 7093 2724 3053 7094 2728 3057 7095 2727 3058 7096 2726 3055 7097 2730 3059 7098 2729 3060 7099 2728 3057 7100 2732 3061 7101 2731 3062 7102 2730 3059 7103 2734 3063 7104 2733 3064 7105 2732 3061 7106 2736 3065 7107 2735 3066 7108 2734 3063 7109 2738 3067 7110 2737 3068 7111 2736 3065 7112 2740 2993 7113 2739 3069 7114 2738 3067 7115 2742 2995 7116 2741 2996 7117 2740 2993 7118 2744 2997 7119 2743 2998 7120 2742 2995 7121 2642 2999 7122 2745 3000 7123 2744 2997 7124 2747 2938 7125 2749 3070 7126 2746 3071 7127 2751 9 7128 2746 3071 7129 2750 10 7130 2753 3072 7131 2750 10 7132 2752 3073 7133 2755 3074 7134 2752 3073 7135 2754 3075 7136 2757 3076 7137 2754 3075 7138 2756 3077 7139 2759 17 7140 2756 3077 7141 2758 17 7142 2761 3078 7143 2758 17 7144 2760 3079 7145 2763 3080 7146 2760 3079 7147 2762 3081 7148 2765 3082 7149 2762 3081 7150 2764 3083 7151 2767 3084 7152 2764 3083 7153 2766 3085 7154 2769 3086 7155 2766 3085 7156 2768 3087 7157 2771 2173 7158 2768 3087 7159 2770 3088 7160 2773 3089 7161 2770 3088 7162 2772 3090 7163 2775 3091 7164 2772 3090 7165 2774 3092 7166 2777 3093 7167 2774 3092 7168 2776 35 7169 2779 3094 7170 2776 35 7171 2778 3095 7172 2781 38 7173 2778 3095 7174 2780 3096 7175 2783 3097 7176 2780 3096 7177 2782 3098 7178 2785 3099 7179 2782 3098 7180 2784 3100 7181 2787 3101 7182 2784 3100 7183 2786 2158 7184 2789 3102 7185 2786 2158 7186 2788 3103 7187 2791 3104 7188 2788 3103 7189 2790 3105 7190 2793 3106 7191 2790 3105 7192 2792 3107 7193 2748 3108 7194 2792 3107 7195 2749 3070 7196 2795 3109 7197 2748 3110 7198 2794 3111 7199 2796 3112 7200 2747 3113 7201 2751 3114 7202 2794 3111 7203 2747 3113 7204 2797 3115 7205 2798 3116 7206 2751 3114 7207 2753 3117 7208 2800 3118 7209 2757 3119 7210 2799 3120 7211 2800 3118 7212 2753 3117 7213 2755 3121 7214 2801 3122 7215 2757 3119 7216 2759 3123 7217 2802 3124 7218 2761 3125 7219 2763 3126 7220 2803 3127 7221 2759 3123 7222 2761 3125 7223 2804 3128 7224 2763 3126 7225 2765 3129 7226 2805 3130 7227 2767 3131 7228 2769 3132 7229 2806 3133 7230 2765 3129 7231 2767 3131 7232 2807 3134 7233 2769 3132 7234 2771 3135 7235 2809 3136 7236 2775 3137 7237 2808 3138 7238 2809 3136 7239 2771 3135 7240 2773 3139 7241 2808 3138 7242 2777 3140 7243 2810 3141 7244 2812 3142 7245 2781 3143 7246 2811 3144 7247 2812 3142 7248 2777 3140 7249 2779 3145 7250 2811 3144 7251 2783 3146 7252 2813 3147 7253 2815 3148 7254 2787 3149 7255 2814 3150 7256 2813 3147 7257 2785 3151 7258 2815 3148 7259 2814 3150 7260 2789 3152 7261 2816 3153 7262 2795 3109 7263 2791 3154 7264 2793 3155 7265 2816 3153 7266 2791 3154 7267 2817 3156 7268 2795 95 7269 2794 95 7270 2818 3157 7271 2797 95 7272 2818 3157 7273 2794 95 7274 2797 95 7275 2796 95 7276 2818 3157 7277 2796 95 7278 2798 95 7279 2818 3157 7280 2800 95 7281 2818 3157 7282 2798 95 7283 2800 95 7284 2799 95 7285 2818 3157 7286 2799 95 7287 2801 97 7288 2818 3157 7289 2803 3158 7290 2818 3157 7291 2801 97 7292 2803 3158 7293 2802 3159 7294 2818 3157 7295 2802 3159 7296 2804 3160 7297 2818 3157 7298 2806 3161 7299 2818 3157 7300 2804 3160 7301 2806 3161 7302 2805 3162 7303 2818 3157 7304 2805 3162 7305 2807 95 7306 2818 3157 7307 2809 102 7308 2818 3157 7309 2807 95 7310 2809 102 7311 2808 103 7312 2818 3157 7313 2808 103 7314 2810 95 7315 2818 3157 7316 2812 95 7317 2818 3157 7318 2810 95 7319 2812 95 7320 2811 95 7321 2818 3157 7322 2811 95 7323 2813 95 7324 2818 3157 7325 2815 95 7326 2818 3157 7327 2813 95 7328 2815 95 7329 2814 95 7330 2818 3157 7331 2814 95 7332 2816 95 7333 2818 3157 7334 2817 95 7335 2818 3157 7336 2816 95 7337 2817 95 7338 2795 95 7339 2818 3157 7340 2820 3163 7341 2822 3164 7342 2819 3165 7343 2824 3166 7344 2819 3165 7345 2823 3167 7346 2826 3168 7347 2823 3167 7348 2825 3169 7349 2828 3170 7350 2825 3169 7351 2827 3171 7352 2830 3172 7353 2827 3171 7354 2829 3173 7355 2832 3174 7356 2829 3173 7357 2831 3175 7358 2834 3176 7359 2831 3175 7360 2833 3177 7361 2836 3178 7362 2833 3177 7363 2835 3179 7364 2838 3180 7365 2835 3179 7366 2837 3181 7367 2840 3182 7368 2837 3181 7369 2839 3183 7370 2842 3184 7371 2839 3183 7372 2841 3184 7373 2844 3185 7374 2841 3184 7375 2843 3186 7376 2846 3187 7377 2843 3186 7378 2845 3188 7379 2848 3189 7380 2845 3188 7381 2847 3190 7382 2850 3191 7383 2847 3190 7384 2849 3192 7385 2852 3193 7386 2849 3192 7387 2851 3194 7388 2854 3195 7389 2851 3194 7390 2853 3196 7391 2856 3197 7392 2853 3196 7393 2855 3198 7394 2858 3199 7395 2855 3198 7396 2857 3200 7397 2860 3201 7398 2857 3200 7399 2859 3202 7400 2862 3203 7401 2859 3202 7402 2861 3204 7403 2864 3205 7404 2861 3204 7405 2863 3206 7406 2866 3207 7407 2863 3206 7408 2865 17 7409 2821 3208 7410 2865 17 7411 2822 3164 7412 2867 3209 7413 2866 3210 7414 2821 3211 7415 2869 3212 7416 2821 3211 7417 2820 3213 7418 2870 3214 7419 2820 3213 7420 2824 3215 7421 2872 3216 7422 2828 3217 7423 2871 3218 7424 2872 3216 7425 2824 3215 7426 2826 3219 7427 2871 3218 7428 2830 3220 7429 2873 3221 7430 2875 3222 7431 2834 3223 7432 2874 3224 7433 2873 3221 7434 2832 3225 7435 2875 3222 7436 2874 3224 7437 2836 3226 7438 2876 3227 7439 2878 3228 7440 2840 3229 7441 2877 3230 7442 2876 3227 7443 2838 3231 7444 2878 3228 7445 2877 3230 7446 2842 3232 7447 2879 3233 7448 2880 3234 7449 2844 3235 7450 2846 3236 7451 2879 3233 7452 2844 3235 7453 2881 3237 7454 2882 3238 7455 2846 3236 7456 2848 3239 7457 2884 3240 7458 2852 3241 7459 2883 3242 7460 2884 3240 7461 2848 3239 7462 2850 3243 7463 2883 3242 7464 2854 3244 7465 2885 3245 7466 2886 3246 7467 2856 3247 7468 2858 3248 7469 2885 3245 7470 2856 3247 7471 2887 3249 7472 2888 3250 7473 2858 3248 7474 2860 3251 7475 2889 3252 7476 2862 3253 7477 2864 3254 7478 2890 3255 7479 2860 3251 7480 2862 3253 7481 2868 3256 7482 2864 3254 7483 2866 3210 7484 2867 3257 7485 2891 3258 7486 2868 3259 7487 2867 3257 7488 2869 3260 7489 2891 3258 7490 2869 3260 7491 2870 3261 7492 2891 3258 7493 2872 95 7494 2891 3258 7495 2870 3261 7496 2872 95 7497 2871 3262 7498 2891 3258 7499 2871 3262 7500 2873 95 7501 2891 3258 7502 2875 3263 7503 2891 3258 7504 2873 95 7505 2875 3263 7506 2874 3264 7507 2891 3258 7508 2874 3264 7509 2876 95 7510 2891 3258 7511 2878 95 7512 2891 3258 7513 2876 95 7514 2878 95 7515 2877 95 7516 2891 3258 7517 2877 95 7518 2879 95 7519 2891 3258 7520 2881 95 7521 2891 3258 7522 2879 95 7523 2881 95 7524 2880 95 7525 2891 3258 7526 2880 95 7527 2882 95 7528 2891 3258 7529 2884 95 7530 2891 3258 7531 2882 95 7532 2884 95 7533 2883 95 7534 2891 3258 7535 2883 95 7536 2885 95 7537 2891 3258 7538 2887 95 7539 2891 3258 7540 2885 95 7541 2887 95 7542 2886 95 7543 2891 3258 7544 2886 95 7545 2888 95 7546 2891 3258 7547 2890 95 7548 2891 3258 7549 2888 95 7550 2890 95 7551 2889 95 7552 2891 3258 7553 2889 95 7554 2868 3259 7555 2891 3258 7556 2892 3265 7557 2894 3266 7558 2895 619 7559 2896 3267 7560 2894 3266 7561 2893 3268 7562 2896 3267 7563 2899 619 7564 2897 619 7565 2900 3269 7566 2899 619 7567 2898 619 7568 2900 3269 7569 2903 3270 7570 2901 619 7571 2902 3271 7572 2905 3272 7573 2903 3270 7574 2904 3273 7575 2907 619 7576 2905 3272 7577 2908 3273 7578 2907 619 7579 2906 619 7580 2910 3271 7581 2909 3272 7582 2908 3273 7583 2912 3269 7584 2911 3274 7585 2910 3271 7586 2912 3269 7587 2915 619 7588 2913 619 7589 2916 3275 7590 2915 619 7591 2914 619 7592 2916 3275 7593 2919 3276 7594 2917 619 7595 2919 3276 7596 2892 3265 7597 2895 619 7598 2920 3277 7599 2893 3278 7600 2892 141 7601 2922 3279 7602 2892 141 7603 2918 3280 7604 2923 3281 7605 2918 3280 7606 2916 3282 7607 2924 3283 7608 2916 3282 7609 2914 3284 7610 2925 3285 7611 2914 3284 7612 2912 3286 7613 2926 3287 7614 2912 3286 7615 2910 3288 7616 2927 3289 7617 2910 3288 7618 2908 3290 7619 2928 3291 7620 2908 3290 7621 2906 3292 7622 2929 3293 7623 2906 3292 7624 2904 3294 7625 2930 3295 7626 2904 3294 7627 2902 3296 7628 2931 3297 7629 2902 3296 7630 2900 3298 7631 2932 3299 7632 2900 3298 7633 2898 3300 7634 2933 3301 7635 2898 3300 7636 2896 3302 7637 2921 3303 7638 2896 3302 7639 2893 3278 7640 2934 3304 7641 2933 3301 7642 2921 3303 7643 2935 3305 7644 2934 3304 7645 2936 652 7646 2937 3306 7647 2936 652 7648 2934 3304 7649 2937 3306 7650 2938 3307 7651 2936 652 7652 2938 3307 7653 2920 3277 7654 2922 3279 7655 2934 3304 7656 2920 3277 7657 2937 3306 7658 2938 3307 7659 2923 3281 7660 2939 3308 7661 2939 3308 7662 2936 652 7663 2938 3307 7664 2939 3308 7665 2940 3309 7666 2936 652 7667 2940 3309 7668 2923 3281 7669 2924 3283 7670 2940 3309 7671 2925 3285 7672 2941 3310 7673 2940 3309 7674 2941 3310 7675 2936 652 7676 2941 3310 7677 2942 3311 7678 2936 652 7679 2942 3311 7680 2925 3285 7681 2926 3287 7682 2943 3312 7683 2926 3287 7684 2927 3289 7685 2942 3311 7686 2943 3312 7687 2936 652 7688 2944 3313 7689 2936 652 7690 2943 3312 7691 2944 3313 7692 2945 3314 7693 2936 652 7694 2944 3313 7695 2929 3293 7696 2945 3314 7697 2944 3313 7698 2927 3289 7699 2928 3291 7700 2945 3314 7701 2930 3295 7702 2946 3315 7703 2945 3314 7704 2946 3315 7705 2936 652 7706 2946 3315 7707 2947 3316 7708 2936 652 7709 2946 3315 7710 2931 3297 7711 2947 3316 7712 2948 3317 7713 2931 3297 7714 2932 3299 7715 2947 3316 7716 2948 3317 7717 2936 652 7718 2948 3317 7719 2935 3305 7720 2936 652 7721 2948 3317 7722 2933 3301 7723 2935 3305 7724 1 0 7725 2 46 7726 3 1 7727 5 3 7728 1 0 7729 0 2 7730 7 5 7731 5 3 7732 4 4 7733 9 7 7734 7 5 7735 6 6 7736 11 9 7737 9 7 7738 8 8 7739 13 11 7740 11 9 7741 10 10 7742 15 13 7743 13 11 7744 12 12 7745 17 15 7746 15 13 7747 14 14 7748 19 17 7749 17 15 7750 16 16 7751 21 18 7752 19 17 7753 18 17 7754 23 20 7755 21 18 7756 20 19 7757 25 22 7758 23 20 7759 22 21 7760 27 24 7761 25 22 7762 24 23 7763 29 26 7764 27 24 7765 26 25 7766 31 28 7767 29 26 7768 28 27 7769 33 30 7770 31 28 7771 30 29 7772 35 32 7773 33 30 7774 32 31 7775 37 34 7776 35 32 7777 34 33 7778 39 36 7779 37 34 7780 36 35 7781 41 38 7782 39 36 7783 38 37 7784 43 40 7785 41 38 7786 40 39 7787 45 42 7788 43 40 7789 42 41 7790 47 44 7791 45 42 7792 44 43 7793 2 46 7794 47 44 7795 46 45 7796 49 47 7797 47 93 7798 2 48 7799 50 50 7800 51 53 7801 1 51 7802 48 49 7803 2 48 7804 1 51 7805 50 50 7806 5 52 7807 7 54 7808 53 56 7809 54 59 7810 9 57 7811 52 55 7812 7 54 7813 9 57 7814 55 60 7815 53 56 7816 11 58 7817 56 62 7818 57 65 7819 15 63 7820 55 60 7821 13 61 7822 15 63 7823 58 66 7824 56 62 7825 17 64 7826 59 68 7827 60 71 7828 21 69 7829 60 71 7830 58 66 7831 19 67 7832 61 72 7833 59 68 7834 23 70 7835 63 74 7836 27 77 7837 29 75 7838 63 74 7839 61 72 7840 25 73 7841 64 78 7842 62 76 7843 29 75 7844 66 80 7845 33 83 7846 35 81 7847 66 80 7848 64 78 7849 31 79 7850 65 82 7851 35 81 7852 37 84 7853 69 86 7854 39 89 7855 41 87 7856 69 86 7857 67 85 7858 37 84 7859 68 88 7860 41 87 7861 43 90 7862 71 92 7863 45 94 7864 47 93 7865 70 91 7866 43 90 7867 45 94 7868 88 109 7869 75 104 7870 86 95 7871 102 114 7872 88 109 7873 100 95 7874 116 124 7875 102 114 7876 114 95 7877 75 104 7878 116 124 7879 128 95 7880 75 104 7881 88 109 7882 102 114 7883 130 129 7884 131 133 7885 132 130 7886 133 132 7887 134 135 7888 131 133 7889 133 132 7890 135 137 7891 136 134 7892 137 136 7893 138 139 7894 136 134 7895 137 136 7896 139 141 7897 140 138 7898 141 140 7899 142 143 7900 140 138 7901 143 142 7902 144 145 7903 142 143 7904 145 144 7905 146 147 7906 144 145 7907 147 146 7908 148 149 7909 146 147 7910 149 148 7911 150 151 7912 148 149 7913 151 150 7914 152 153 7915 150 151 7916 151 150 7917 153 155 7918 154 152 7919 155 154 7920 156 157 7921 154 152 7922 155 154 7923 157 158 7924 158 156 7925 157 158 7926 159 160 7927 160 159 7928 159 160 7929 161 141 7930 162 161 7931 163 162 7932 164 164 7933 162 161 7934 163 162 7935 165 166 7936 166 163 7937 167 165 7938 168 168 7939 166 163 7940 169 167 7941 170 170 7942 168 168 7943 169 167 7944 171 171 7945 172 169 7946 171 171 7947 173 3318 7948 174 172 7949 175 175 7950 176 3319 7951 177 176 7952 177 176 7953 178 173 7954 175 175 7955 179 174 7956 174 172 7957 180 3320 7958 180 3320 7959 175 175 7960 179 174 7961 174 172 7962 173 3318 7963 180 3320 7964 177 176 7965 176 3319 7966 182 177 7967 181 178 7968 183 181 7969 184 179 7970 185 180 7971 186 185 7972 183 181 7973 181 178 7974 182 177 7975 187 182 7976 188 183 7977 185 180 7978 187 182 7979 188 183 7980 190 187 7981 186 185 7982 188 183 7983 191 189 7984 192 186 7985 188 183 7986 189 184 7987 193 188 7988 194 190 7989 191 189 7990 193 188 7991 194 190 7992 196 193 7993 192 186 7994 197 192 7995 198 197 7996 196 193 7997 197 192 7998 194 190 7999 195 191 8000 197 192 8001 199 194 8002 201 195 8003 200 196 8004 202 199 8005 198 197 8006 200 196 8007 203 200 8008 204 198 8009 203 200 8010 200 196 8011 201 195 8012 203 200 8013 205 201 8014 207 202 8015 206 203 8016 208 205 8017 204 198 8018 206 203 8019 209 207 8020 210 204 8021 206 203 8022 207 202 8023 211 206 8024 209 207 8025 211 206 8026 213 208 8027 209 207 8028 212 209 8029 214 210 8030 215 211 8031 216 215 8032 214 210 8033 212 209 8034 213 208 8035 217 212 8036 218 213 8037 215 211 8038 217 212 8039 218 213 8040 220 217 8041 216 215 8042 221 216 8043 222 222 8044 220 217 8045 221 216 8046 218 213 8047 219 214 8048 224 219 8049 221 216 8050 223 218 8051 221 216 8052 224 219 8053 226 221 8054 227 223 8055 228 227 8056 226 221 8057 224 219 8058 225 220 8059 229 224 8060 230 225 8061 227 223 8062 229 224 8063 227 223 8064 230 225 8065 232 226 8066 230 225 8067 233 230 8068 234 228 8069 230 225 8070 231 141 8071 235 229 8072 233 230 8073 235 229 8074 237 231 8075 233 230 8076 236 232 8077 238 233 8078 239 234 8079 240 239 8080 238 233 8081 239 234 8082 236 232 8083 237 231 8084 242 236 8085 239 234 8086 241 235 8087 239 234 8088 242 236 8089 244 238 8090 242 236 8091 245 242 8092 246 240 8093 242 236 8094 243 237 8095 247 241 8096 248 243 8097 245 242 8098 247 241 8099 245 242 8100 248 243 8101 250 245 8102 248 243 8103 251 248 8104 252 246 8105 248 243 8106 249 244 8107 253 247 8108 251 248 8109 253 247 8110 255 249 8111 251 248 8112 254 250 8113 256 251 8114 257 252 8115 258 254 8116 256 251 8117 255 249 8118 259 141 8119 257 252 8120 129 131 8121 132 130 8122 257 252 8123 257 252 8124 132 130 8125 260 253 8126 132 130 8127 131 133 8128 261 255 8129 131 133 8130 134 135 8131 262 256 8132 136 134 8133 263 257 8134 262 256 8135 138 139 8136 264 258 8137 263 257 8138 140 138 8139 265 259 8140 264 258 8141 142 143 8142 266 261 8143 265 259 8144 142 143 8145 144 145 8146 267 260 8147 144 145 8148 146 147 8149 268 262 8150 148 149 8151 269 264 8152 268 262 8153 148 149 8154 150 151 8155 270 263 8156 152 153 8157 271 265 8158 270 263 8159 154 152 8160 272 267 8161 271 265 8162 154 152 8163 156 157 8164 273 266 8165 158 156 8166 274 268 8167 273 266 8168 160 159 8169 275 270 8170 274 268 8171 160 159 8172 162 161 8173 276 269 8174 162 161 8175 164 164 8176 277 271 8177 164 164 8178 166 163 8179 278 272 8180 166 163 8181 168 168 8182 279 273 8183 170 170 8184 280 274 8185 279 273 8186 172 169 8187 281 275 8188 280 274 8189 174 172 8190 282 277 8191 281 275 8192 174 172 8193 179 174 8194 283 276 8195 282 277 8196 283 276 8197 285 278 8198 281 275 8199 282 277 8200 284 279 8201 280 274 8202 281 275 8203 286 280 8204 279 273 8205 280 274 8206 287 281 8207 278 272 8208 279 273 8209 288 282 8210 277 271 8211 278 272 8212 289 283 8213 276 269 8214 277 271 8215 290 284 8216 275 270 8217 276 269 8218 291 285 8219 274 268 8220 275 270 8221 292 286 8222 273 266 8223 274 268 8224 293 287 8225 272 267 8226 273 266 8227 294 288 8228 271 265 8229 272 267 8230 295 289 8231 296 290 8232 297 358 8233 270 263 8234 299 291 8235 297 358 8236 296 290 8237 298 292 8238 300 295 8239 301 293 8240 302 294 8241 303 297 8242 300 295 8243 302 294 8244 298 292 8245 296 290 8246 302 294 8247 295 289 8248 294 288 8249 304 296 8250 305 299 8251 303 297 8252 304 296 8253 306 300 8254 307 298 8255 306 300 8256 304 296 8257 294 288 8258 308 301 8259 306 300 8260 293 287 8261 306 300 8262 308 301 8263 309 302 8264 310 303 8265 311 306 8266 309 302 8267 308 301 8268 292 286 8269 291 285 8270 310 303 8271 291 285 8272 290 284 8273 310 303 8274 312 304 8275 313 305 8276 314 307 8277 315 310 8278 313 305 8279 312 304 8280 290 284 8281 289 283 8282 314 307 8283 289 283 8284 288 282 8285 314 307 8286 316 308 8287 317 309 8288 318 311 8289 319 313 8290 317 309 8291 318 311 8292 316 308 8293 288 282 8294 320 312 8295 318 311 8296 287 281 8297 320 312 8298 321 315 8299 319 313 8300 322 314 8301 323 3321 8302 321 315 8303 322 314 8304 320 312 8305 286 280 8306 322 314 8307 284 279 8308 285 278 8309 324 316 8310 325 3322 8311 327 317 8312 326 318 8313 327 317 8314 325 3322 8315 328 95 8316 323 3321 8317 322 314 8318 322 314 8319 324 316 8320 328 95 8321 326 318 8322 325 3322 8323 329 319 8324 330 320 8325 329 319 8326 331 321 8327 184 179 8328 183 181 8329 332 322 8330 183 181 8331 186 185 8332 333 323 8333 186 185 8334 190 187 8335 334 324 8336 190 187 8337 192 186 8338 335 325 8339 192 186 8340 196 193 8341 336 326 8342 196 193 8343 198 197 8344 337 327 8345 198 197 8346 202 199 8347 338 328 8348 202 199 8349 204 198 8350 339 329 8351 204 198 8352 208 205 8353 340 330 8354 208 205 8355 210 204 8356 341 331 8357 210 204 8358 214 210 8359 342 332 8360 214 210 8361 216 215 8362 343 333 8363 216 215 8364 220 217 8365 344 334 8366 220 217 8367 222 222 8368 345 335 8369 222 222 8370 226 221 8371 346 336 8372 226 221 8373 228 227 8374 347 337 8375 228 227 8376 232 226 8377 348 338 8378 232 226 8379 234 228 8380 349 339 8381 234 228 8382 238 233 8383 350 340 8384 238 233 8385 240 239 8386 351 341 8387 240 239 8388 244 238 8389 352 342 8390 244 238 8391 246 240 8392 353 343 8393 246 240 8394 250 245 8395 354 344 8396 250 245 8397 252 246 8398 355 345 8399 356 346 8400 355 345 8401 252 246 8402 256 251 8403 258 254 8404 357 347 8405 258 254 8406 260 253 8407 358 348 8408 260 253 8409 261 255 8410 359 349 8411 261 255 8412 262 256 8413 360 350 8414 262 256 8415 263 257 8416 361 351 8417 263 257 8418 264 258 8419 362 352 8420 264 258 8421 265 259 8422 363 353 8423 265 259 8424 266 261 8425 364 354 8426 266 261 8427 267 260 8428 365 355 8429 267 260 8430 268 262 8431 366 356 8432 268 262 8433 269 264 8434 367 357 8435 269 264 8436 270 263 8437 297 358 8438 368 359 8439 367 357 8440 297 358 8441 301 293 8442 369 360 8443 368 359 8444 369 360 8445 370 95 8446 371 361 8447 372 362 8448 373 363 8449 371 361 8450 374 95 8451 375 365 8452 373 363 8453 374 95 8454 376 95 8455 377 364 8456 378 366 8457 379 368 8458 377 364 8459 378 366 8460 380 95 8461 381 367 8462 382 369 8463 383 371 8464 381 367 8465 382 369 8466 384 372 8467 385 370 8468 384 372 8469 386 374 8470 387 373 8471 386 374 8472 388 95 8473 389 375 8474 390 376 8475 391 378 8476 389 375 8477 390 376 8478 392 379 8479 393 377 8480 392 379 8481 394 381 8482 395 380 8483 394 381 8484 396 95 8485 397 382 8486 398 383 8487 399 385 8488 397 382 8489 400 384 8490 401 387 8491 399 385 8492 400 384 8493 402 95 8494 403 386 8495 404 388 8496 405 390 8497 403 386 8498 406 389 8499 407 392 8500 405 390 8501 406 389 8502 408 95 8503 409 391 8504 408 95 8505 410 95 8506 411 393 8507 412 394 8508 413 396 8509 411 393 8510 412 394 8511 414 398 8512 415 395 8513 416 397 8514 417 401 8515 415 395 8516 418 399 8517 417 401 8518 416 397 8519 419 400 8520 420 403 8521 418 399 8522 418 399 8523 342 332 8524 343 333 8525 421 402 8526 341 331 8527 342 332 8528 421 402 8529 418 399 8530 420 403 8531 423 405 8532 421 402 8533 422 404 8534 423 405 8535 340 330 8536 341 331 8537 423 405 8538 425 407 8539 339 329 8540 425 407 8541 423 405 8542 424 406 8543 427 409 8544 425 407 8545 426 408 8546 427 409 8547 338 328 8548 339 329 8549 427 409 8550 429 411 8551 337 327 8552 429 411 8553 427 409 8554 428 410 8555 431 413 8556 429 411 8557 430 412 8558 429 411 8559 431 413 8560 336 326 8561 431 413 8562 433 415 8563 335 325 8564 433 415 8565 431 413 8566 432 414 8567 435 417 8568 433 415 8569 434 416 8570 435 417 8571 334 324 8572 335 325 8573 435 417 8574 437 419 8575 333 323 8576 437 419 8577 435 417 8578 436 418 8579 439 421 8580 437 419 8581 438 420 8582 437 419 8583 439 421 8584 332 322 8585 439 421 8586 326 318 8587 330 320 8588 326 318 8589 439 421 8590 440 422 8591 415 395 8592 417 401 8593 343 333 8594 413 396 8595 415 395 8596 344 334 8597 413 396 8598 345 335 8599 346 336 8600 409 391 8601 411 393 8602 346 336 8603 409 391 8604 347 337 8605 348 338 8606 407 392 8607 348 338 8608 349 339 8609 405 390 8610 349 339 8611 350 340 8612 401 387 8613 403 386 8614 350 340 8615 401 387 8616 351 341 8617 352 342 8618 399 385 8619 352 342 8620 353 343 8621 397 382 8622 353 343 8623 354 344 8624 395 380 8625 354 344 8626 355 345 8627 393 377 8628 355 345 8629 356 346 8630 389 375 8631 391 378 8632 356 346 8633 389 375 8634 357 347 8635 358 348 8636 387 373 8637 358 348 8638 359 349 8639 385 370 8640 359 349 8641 360 350 8642 381 367 8643 383 371 8644 360 350 8645 379 368 8646 381 367 8647 361 351 8648 377 364 8649 379 368 8650 362 352 8651 375 365 8652 377 364 8653 363 353 8654 375 365 8655 364 354 8656 365 355 8657 373 363 8658 365 355 8659 366 356 8660 368 359 8661 371 361 8662 366 356 8663 177 176 8664 184 179 8665 331 321 8666 444 426 8667 446 429 8668 447 428 8669 441 423 8670 448 431 8671 446 429 8672 441 423 8673 443 425 8674 449 430 8675 450 432 8676 451 491 8677 449 430 8678 453 434 8679 454 437 8680 455 435 8681 453 434 8682 456 438 8683 457 436 8684 460 441 8685 461 444 8686 462 442 8687 460 441 8688 463 445 8689 464 443 8690 463 445 8691 465 446 8692 466 447 8693 467 448 8694 468 480 8695 466 447 8696 471 451 8697 472 454 8698 473 452 8699 471 451 8700 474 455 8701 475 453 8702 476 456 8703 477 458 8704 475 453 8705 476 456 8706 478 459 8707 479 457 8708 481 461 8709 482 462 8710 483 463 8711 485 465 8712 486 466 8713 483 463 8714 445 427 8715 447 428 8716 486 466 8717 486 466 8718 447 428 8719 488 467 8720 483 463 8721 486 466 8722 487 468 8723 484 464 8724 483 463 8725 489 469 8726 492 471 8727 484 464 8728 490 470 8729 479 457 8730 492 471 8731 491 472 8732 477 458 8733 479 457 8734 493 473 8735 475 453 8736 477 458 8737 494 474 8738 472 454 8739 475 453 8740 495 475 8741 473 452 8742 472 454 8743 496 476 8744 499 478 8745 473 452 8746 497 477 8747 468 480 8748 499 478 8749 498 479 8750 466 447 8751 468 480 8752 500 481 8753 464 443 8754 466 447 8755 501 482 8756 461 444 8757 464 443 8758 502 483 8759 462 442 8760 461 444 8761 503 484 8762 506 486 8763 462 442 8764 504 485 8765 457 436 8766 506 486 8767 505 487 8768 454 437 8769 457 436 8770 507 488 8771 455 435 8772 454 437 8773 508 489 8774 451 491 8775 455 435 8776 509 490 8777 449 430 8778 451 491 8779 510 492 8780 448 431 8781 449 430 8782 511 493 8783 446 429 8784 448 431 8785 512 494 8786 447 428 8787 446 429 8788 513 495 8789 450 432 8790 452 433 8791 455 435 8792 456 438 8793 458 439 8794 506 486 8795 458 439 8796 459 440 8797 462 442 8798 469 449 8799 499 478 8800 468 480 8801 469 449 8802 470 450 8803 473 452 8804 478 459 8805 480 460 8806 492 471 8807 481 461 8808 484 464 8809 492 471 8810 517 499 8811 518 3323 8812 514 496 8813 519 141 8814 518 3323 8815 517 499 8816 514 3324 8817 521 502 8818 515 501 8819 522 500 8820 523 503 8821 515 501 8822 523 503 8823 522 500 8824 526 505 8825 527 507 8826 528 514 8827 522 508 8828 529 510 8829 530 3325 8830 531 511 8831 526 513 8832 522 508 8833 528 514 8834 531 511 8835 530 3325 8836 535 516 8837 536 518 8838 537 520 8839 538 519 8840 537 520 8841 536 518 8842 527 507 8843 540 522 8844 539 521 8845 521 509 8846 529 510 8847 538 519 8848 541 524 8849 536 526 8850 542 529 8851 528 527 8852 532 528 8853 531 532 8854 542 529 8855 533 530 8856 528 527 8857 542 529 8858 543 531 8859 542 529 8860 531 532 8861 547 536 8862 548 539 8863 549 537 8864 552 538 8865 548 539 8866 547 536 8867 548 539 8868 552 538 8869 554 540 8870 555 542 8871 549 537 8872 548 539 8873 520 549 8874 572 550 8875 530 547 8876 573 3326 8877 530 547 8878 572 550 8879 529 548 8880 519 3327 8881 520 549 8882 530 547 8883 573 3326 8884 575 552 8885 576 553 8886 575 95 8887 573 554 8888 580 559 8889 581 561 8890 579 558 8891 582 560 8892 583 563 8893 581 561 8894 582 560 8895 584 564 8896 585 562 8897 584 564 8898 586 567 8899 587 565 8900 588 566 8901 589 569 8902 587 565 8903 588 566 8904 590 95 8905 591 568 8906 592 570 8907 593 572 8908 591 568 8909 594 571 8910 595 95 8911 593 572 8912 594 571 8913 596 574 8914 597 573 8915 596 574 8916 575 95 8917 576 553 8918 576 575 8919 572 3328 8920 574 576 8921 597 578 8922 576 575 8923 598 577 8924 579 580 8925 600 584 8926 601 581 8927 581 583 8928 602 586 8929 600 584 8930 583 585 8931 603 588 8932 602 586 8933 583 585 8934 585 589 8935 604 587 8936 585 589 8937 587 592 8938 605 590 8939 589 591 8940 606 594 8941 605 590 8942 589 591 8943 591 595 8944 607 593 8945 591 595 8946 593 597 8947 608 596 8948 593 597 8949 595 599 8950 609 598 8951 595 599 8952 597 578 8953 599 579 8954 610 600 8955 574 661 8956 520 601 8957 516 603 8958 515 3329 8959 524 658 8960 524 658 8961 610 600 8962 516 603 8963 599 604 8964 598 662 8965 612 605 8966 609 607 8967 599 604 8968 611 606 8969 608 609 8970 609 607 8971 613 608 8972 607 611 8973 608 609 8974 614 610 8975 606 613 8976 607 611 8977 615 612 8978 605 615 8979 606 613 8980 616 614 8981 604 617 8982 605 615 8983 617 616 8984 603 619 8985 604 617 8986 618 618 8987 602 621 8988 603 619 8989 619 620 8990 600 623 8991 602 621 8992 620 622 8993 622 625 8994 601 634 8995 600 623 8996 624 626 8997 601 634 8998 622 625 8999 626 628 9000 624 626 9001 623 627 9002 626 628 9003 625 629 9004 628 630 9005 631 633 9006 629 635 9007 624 626 9008 624 626 9009 626 628 9010 630 632 9011 601 634 9012 624 626 9013 629 635 9014 634 637 9015 627 631 9016 628 630 9017 636 639 9018 634 637 9019 633 638 9020 638 641 9021 636 639 9022 635 640 9023 640 643 9024 638 641 9025 637 642 9026 642 645 9027 640 643 9028 639 644 9029 644 647 9030 642 645 9031 641 646 9032 646 649 9033 644 647 9034 643 648 9035 648 651 9036 646 649 9037 645 650 9038 650 653 9039 648 651 9040 647 652 9041 652 655 9042 650 653 9043 649 654 9044 653 657 9045 524 658 9046 652 655 9047 524 658 9048 653 657 9049 654 659 9050 655 660 9051 574 661 9052 610 600 9053 574 661 9054 655 660 9055 612 605 9056 656 663 9057 652 670 9058 524 664 9059 657 666 9060 658 3330 9061 626 667 9062 656 663 9063 659 672 9064 650 669 9065 660 671 9066 648 678 9067 650 669 9068 662 673 9069 634 676 9070 636 674 9071 657 666 9072 627 668 9073 634 676 9074 660 671 9075 663 679 9076 646 677 9077 663 679 9078 664 681 9079 644 680 9080 664 681 9081 665 684 9082 642 682 9083 666 683 9084 640 686 9085 642 682 9086 667 685 9087 638 687 9088 640 686 9089 661 675 9090 636 674 9091 638 687 9092 669 692 9093 668 95 9094 657 691 9095 656 690 9096 525 689 9097 670 694 9098 659 695 9099 670 694 9100 671 696 9101 671 696 9102 672 95 9103 663 698 9104 672 95 9105 673 701 9106 664 699 9107 674 700 9108 665 95 9109 664 699 9110 674 700 9111 675 95 9112 666 702 9113 676 703 9114 667 705 9115 666 702 9116 676 703 9117 677 95 9118 661 704 9119 669 692 9120 662 693 9121 661 704 9122 678 706 9123 535 3331 9124 575 707 9125 679 709 9126 678 706 9127 596 708 9128 680 711 9129 679 709 9130 594 710 9131 681 713 9132 680 711 9133 592 712 9134 682 715 9135 681 713 9136 590 714 9137 683 717 9138 682 715 9139 588 716 9140 684 719 9141 683 717 9142 586 718 9143 685 721 9144 684 719 9145 584 720 9146 686 723 9147 685 721 9148 582 722 9149 687 725 9150 686 723 9151 580 724 9152 577 727 9153 688 732 9154 687 728 9155 690 3332 9156 689 733 9157 632 730 9158 688 732 9159 577 727 9160 632 730 9161 691 734 9162 692 3333 9163 668 735 9164 693 737 9165 691 734 9166 669 736 9167 694 739 9168 693 737 9169 677 738 9170 695 741 9171 694 739 9172 676 740 9173 696 743 9174 695 741 9175 675 742 9176 697 745 9177 696 743 9178 674 744 9179 698 747 9180 697 745 9181 673 746 9182 699 749 9183 698 747 9184 672 748 9185 700 751 9186 699 749 9187 671 750 9188 526 753 9189 700 751 9190 670 752 9191 544 755 9192 700 774 9193 526 756 9194 556 758 9195 554 3334 9196 692 759 9197 556 758 9198 691 760 9199 693 761 9200 557 762 9201 693 761 9202 694 763 9203 559 765 9204 558 764 9205 694 763 9206 560 767 9207 696 770 9208 697 768 9209 560 767 9210 559 765 9211 695 766 9212 561 769 9213 697 768 9214 698 771 9215 563 773 9216 699 775 9217 700 774 9218 563 773 9219 562 772 9220 698 771 9221 535 776 9222 678 779 9223 546 777 9224 678 779 9225 679 781 9226 571 780 9227 679 781 9228 680 783 9229 570 782 9230 680 783 9231 681 786 9232 569 784 9233 682 785 9234 568 788 9235 569 784 9236 682 785 9237 683 789 9238 567 787 9239 683 789 9240 684 792 9241 566 790 9242 685 791 9243 565 794 9244 566 790 9245 685 791 9246 686 796 9247 564 793 9248 687 795 9249 555 3335 9250 564 793 9251 688 797 9252 549 800 9253 555 798 9254 549 800 9255 688 797 9256 689 801 9257 702 803 9258 552 813 9259 551 804 9260 551 804 9261 547 809 9262 703 806 9263 705 808 9264 703 806 9265 547 809 9266 689 801 9267 690 3336 9268 706 810 9269 701 805 9270 704 807 9271 708 811 9272 552 813 9273 702 803 9274 692 814 9275 707 3337 9276 630 818 9277 701 817 9278 658 819 9279 702 816 9280 630 818 9281 692 821 9282 702 816 9283 658 819 9284 629 823 9285 709 3338 9286 690 824 9287 707 825 9288 709 3338 9289 629 823 9290 708 826 9291 710 3339 9292 709 827 9293 709 827 9294 710 3339 9295 706 829 9296 703 831 9297 710 834 9298 708 832 9299 710 834 9300 703 831 9301 705 835 9302 541 837 9303 711 3340 9304 518 838 9305 518 838 9306 711 3340 9307 540 840 9308 537 842 9309 711 845 9310 541 843 9311 711 845 9312 537 842 9313 539 846 9314 714 847 9315 715 848 9316 716 95 9317 714 847 9318 717 95 9319 718 95 9320 730 95 9321 714 847 9322 735 3341 9323 731 856 9324 732 854 9325 714 847 9326 733 855 9327 734 940 9328 735 3341 9329 735 3341 9330 714 847 9331 733 855 9332 731 856 9333 714 847 9334 737 95 9335 761 869 9336 731 856 9337 759 95 9338 715 848 9339 761 869 9340 773 95 9341 786 3342 9342 787 883 9343 715 848 9344 761 869 9345 715 848 9346 787 883 9347 789 882 9348 786 3342 9349 715 848 9350 761 869 9351 801 95 9352 802 95 9353 825 895 9354 786 3342 9355 789 882 9356 825 895 9357 826 896 9358 828 897 9359 827 898 9360 828 897 9361 830 899 9362 829 900 9363 830 899 9364 832 901 9365 831 902 9366 832 901 9367 834 903 9368 835 905 9369 833 904 9370 834 903 9371 835 905 9372 836 906 9373 838 907 9374 839 909 9375 837 908 9376 838 907 9377 839 909 9378 840 910 9379 842 911 9380 843 913 9381 841 912 9382 842 911 9383 843 913 9384 844 914 9385 846 915 9386 847 916 9387 845 95 9388 846 915 9389 847 916 9390 848 917 9391 850 95 9392 851 919 9393 852 921 9394 849 918 9395 851 919 9396 853 95 9397 854 920 9398 855 922 9399 856 924 9400 854 920 9401 855 922 9402 857 926 9403 858 923 9404 859 925 9405 860 928 9406 858 923 9407 859 925 9408 861 930 9409 862 927 9410 863 929 9411 864 932 9412 862 927 9413 863 929 9414 865 934 9415 866 931 9416 867 933 9417 868 936 9418 866 931 9419 867 933 9420 869 937 9421 870 935 9422 869 937 9423 871 939 9424 872 938 9425 871 939 9426 735 3341 9427 734 940 9428 712 941 9429 873 945 9430 874 942 9431 716 944 9432 875 1027 9433 873 945 9434 736 946 9435 876 950 9436 877 947 9437 737 949 9438 878 952 9439 876 950 9440 739 951 9441 879 954 9442 878 952 9443 740 953 9444 880 956 9445 879 954 9446 741 955 9447 881 958 9448 880 956 9449 742 957 9450 882 960 9451 881 958 9452 743 959 9453 883 962 9454 882 960 9455 744 961 9456 884 964 9457 883 962 9458 745 963 9459 885 966 9460 884 964 9461 746 965 9462 886 968 9463 885 966 9464 747 967 9465 887 970 9466 886 968 9467 748 969 9468 888 971 9469 887 970 9470 713 943 9471 874 942 9472 888 971 9473 738 948 9474 877 947 9475 889 972 9476 760 974 9477 890 978 9478 891 975 9479 759 977 9480 892 980 9481 890 978 9482 758 979 9483 893 982 9484 892 980 9485 757 981 9486 894 984 9487 893 982 9488 756 983 9489 895 986 9490 894 984 9491 755 985 9492 896 988 9493 895 986 9494 754 987 9495 897 990 9496 896 988 9497 753 989 9498 898 992 9499 897 990 9500 752 991 9501 899 994 9502 898 992 9503 751 993 9504 900 996 9505 899 994 9506 750 995 9507 901 997 9508 900 996 9509 749 973 9510 889 972 9511 901 997 9512 762 976 9513 891 975 9514 902 998 9515 763 999 9516 902 998 9517 903 1000 9518 764 1001 9519 903 1000 9520 904 1002 9521 765 1003 9522 904 1002 9523 905 1004 9524 766 1005 9525 905 1004 9526 906 1006 9527 767 1007 9528 906 1006 9529 907 1008 9530 768 1009 9531 907 1008 9532 908 1010 9533 769 1011 9534 908 1010 9535 909 1012 9536 770 1013 9537 909 1012 9538 910 1014 9539 771 1015 9540 910 1014 9541 911 1016 9542 772 1017 9543 911 1016 9544 912 1018 9545 774 1020 9546 913 1023 9547 914 1021 9548 773 1019 9549 912 1018 9550 913 1023 9551 775 1022 9552 914 1021 9553 915 1024 9554 785 1026 9555 916 1029 9556 875 1027 9557 784 1028 9558 917 1031 9559 916 1029 9560 783 1030 9561 918 1033 9562 917 1031 9563 782 1032 9564 919 1035 9565 918 1033 9566 781 1034 9567 920 1037 9568 919 1035 9569 780 1036 9570 921 1039 9571 920 1037 9572 779 1038 9573 922 1041 9574 921 1039 9575 778 1040 9576 923 1043 9577 922 1041 9578 777 1042 9579 924 1044 9580 923 1043 9581 776 1025 9582 915 1024 9583 924 1044 9584 926 1045 9585 927 1049 9586 928 1046 9587 929 1048 9588 930 1051 9589 927 1049 9590 931 1050 9591 932 1053 9592 930 1051 9593 933 1052 9594 934 1055 9595 932 1053 9596 935 1054 9597 936 1057 9598 934 1055 9599 937 1056 9600 938 1059 9601 936 1057 9602 939 1058 9603 940 1061 9604 938 1059 9605 941 1060 9606 942 1063 9607 940 1061 9608 943 1062 9609 944 1065 9610 942 1063 9611 945 1064 9612 946 1067 9613 944 1065 9614 947 1066 9615 948 1069 9616 946 1067 9617 949 1068 9618 950 1071 9619 948 1069 9620 951 1070 9621 952 1073 9622 950 1071 9623 953 1072 9624 954 1075 9625 952 1073 9626 955 1074 9627 956 1077 9628 954 1075 9629 957 1076 9630 958 1079 9631 956 1077 9632 959 1078 9633 960 1081 9634 958 1079 9635 961 1080 9636 962 1083 9637 960 1081 9638 963 1082 9639 964 1085 9640 962 1083 9641 965 1084 9642 966 1087 9643 964 1085 9644 967 1086 9645 968 1089 9646 966 1087 9647 969 1088 9648 970 1091 9649 968 1089 9650 971 1090 9651 972 1093 9652 970 1091 9653 973 1092 9654 974 1095 9655 972 1093 9656 975 1094 9657 976 1097 9658 974 1095 9659 977 1096 9660 978 1099 9661 976 1097 9662 979 1098 9663 980 1101 9664 978 1099 9665 981 1100 9666 982 1103 9667 980 1101 9668 983 1102 9669 984 1105 9670 982 1103 9671 985 1104 9672 986 1107 9673 984 1105 9674 987 1106 9675 988 1109 9676 986 1107 9677 989 1108 9678 990 1111 9679 988 1109 9680 991 1110 9681 992 1113 9682 990 1111 9683 993 1112 9684 994 1115 9685 992 1113 9686 995 1114 9687 996 1117 9688 994 1115 9689 997 1116 9690 998 1119 9691 996 1117 9692 999 1118 9693 1000 1121 9694 998 1119 9695 1001 1120 9696 1002 1123 9697 1000 1121 9698 1003 1122 9699 1004 1125 9700 1002 1123 9701 1005 1124 9702 1006 1127 9703 1004 1125 9704 1007 1126 9705 1008 1129 9706 1006 1127 9707 1009 1128 9708 1010 1131 9709 1008 1129 9710 1011 1130 9711 1012 1133 9712 1010 1131 9713 1013 1132 9714 1014 1135 9715 1012 1133 9716 1015 1134 9717 1016 1137 9718 1014 1135 9719 1017 1136 9720 1018 1139 9721 1016 1137 9722 1019 1138 9723 1020 1141 9724 1018 1139 9725 1021 1140 9726 1022 1143 9727 1020 1141 9728 1023 1142 9729 1024 1145 9730 1022 1143 9731 1025 1144 9732 1026 1147 9733 1024 1145 9734 1027 1146 9735 1028 1148 9736 1026 1147 9737 925 1047 9738 928 1046 9739 1028 1148 9740 1029 1150 9741 944 1155 9742 946 1156 9743 1031 1158 9744 1030 1157 9745 946 1156 9746 950 1160 9747 1032 1162 9748 1031 1158 9749 1032 1162 9750 970 95 9751 972 95 9752 1033 1166 9753 972 95 9754 974 1167 9755 976 1169 9756 1035 1171 9757 1034 1168 9758 1035 1171 9759 996 1179 9760 998 1180 9761 1036 1181 9762 998 1180 9763 1000 1182 9764 1002 1184 9765 1038 1185 9766 1037 1183 9767 1038 1185 9768 1022 1187 9769 1024 1188 9770 1026 1190 9771 1040 1191 9772 1039 1189 9773 1028 1149 9774 1029 1150 9775 1040 1191 9776 1030 1192 9777 1041 1196 9778 1042 1193 9779 1031 1195 9780 1043 1198 9781 1041 1196 9782 1032 1197 9783 1044 3343 9784 1043 1198 9785 1033 1199 9786 1045 1203 9787 1044 1200 9788 1034 1202 9789 1046 1205 9790 1045 1203 9791 1035 1204 9792 1047 3344 9793 1046 1205 9794 1036 1206 9795 1048 1210 9796 1047 1207 9797 1037 1209 9798 1049 1212 9799 1048 1210 9800 1038 1211 9801 1050 3345 9802 1049 1212 9803 1039 1213 9804 1051 3346 9805 1050 1214 9806 1051 3346 9807 1039 1213 9808 1053 1217 9809 1040 1216 9810 1052 1219 9811 1053 1217 9812 1029 1218 9813 1042 3347 9814 1052 1219 9815 1042 3348 9816 1041 95 9817 1055 1221 9818 1043 1223 9819 1054 1220 9820 1041 95 9821 1055 1221 9822 1052 3349 9823 1042 3348 9824 1054 1220 9825 1043 1223 9826 1057 1222 9827 1043 1223 9828 1044 1225 9829 1059 1224 9830 1069 1231 9831 1044 1225 9832 1045 1232 9833 1070 1233 9834 1045 1232 9835 1046 1234 9836 1046 1234 9837 1047 1237 9838 1072 1236 9839 1082 1240 9840 1047 1237 9841 1048 1241 9842 1048 1241 9843 1084 1242 9844 1085 95 9845 1084 1242 9846 1048 1241 9847 1049 1243 9848 1052 3349 9849 1055 1221 9850 1053 95 9851 1086 1244 9852 1049 1243 9853 1050 3350 9854 1050 3350 9855 1051 95 9856 1086 1244 9857 1053 95 9858 1055 1221 9859 1086 1244 9860 1054 1220 9861 1087 95 9862 1088 1245 9863 1056 1252 9864 1110 1256 9865 1111 1253 9866 1057 1255 9867 1112 1258 9868 1110 1256 9869 1059 1257 9870 1113 1260 9871 1112 1258 9872 1060 1259 9873 1114 1262 9874 1113 1260 9875 1061 1261 9876 1115 1264 9877 1114 1262 9878 1062 1263 9879 1116 1266 9880 1115 1264 9881 1063 1265 9882 1117 1268 9883 1116 1266 9884 1064 1267 9885 1118 1270 9886 1117 1268 9887 1065 1269 9888 1119 1338 9889 1118 1270 9890 1070 1271 9891 1120 1275 9892 1121 1272 9893 1071 1274 9894 1122 1344 9895 1120 1275 9896 1073 1276 9897 1123 1280 9898 1124 1277 9899 1074 1279 9900 1125 1282 9901 1123 1280 9902 1075 1281 9903 1126 1284 9904 1125 1282 9905 1076 1283 9906 1127 1346 9907 1126 1284 9908 1083 1285 9909 1128 1289 9910 1129 1286 9911 1085 1288 9912 1130 1336 9913 1128 1289 9914 1098 1290 9915 1131 1293 9916 1132 1291 9917 1058 1254 9918 1111 1253 9919 1131 1293 9920 1087 1294 9921 1133 1298 9922 1134 1295 9923 1089 1297 9924 1135 1300 9925 1133 1298 9926 1090 1299 9927 1136 1302 9928 1135 1300 9929 1091 1301 9930 1137 1304 9931 1136 1302 9932 1092 1303 9933 1138 1306 9934 1137 1304 9935 1093 1305 9936 1139 1308 9937 1138 1306 9938 1094 1307 9939 1140 1310 9940 1139 1308 9941 1095 1309 9942 1141 1312 9943 1140 1310 9944 1096 1311 9945 1142 1313 9946 1141 1312 9947 1097 1292 9948 1132 1291 9949 1142 1313 9950 1088 1296 9951 1134 1295 9952 1143 1314 9953 1099 1315 9954 1143 1314 9955 1144 1316 9956 1100 1317 9957 1144 1316 9958 1145 1318 9959 1101 1319 9960 1145 1318 9961 1146 1320 9962 1102 1321 9963 1146 1320 9964 1147 1322 9965 1103 1323 9966 1147 1322 9967 1148 1324 9968 1104 1325 9969 1148 1324 9970 1149 1326 9971 1105 1327 9972 1149 1326 9973 1150 1328 9974 1106 1329 9975 1150 1328 9976 1151 1330 9977 1107 1331 9978 1151 1330 9979 1152 1332 9980 1108 1333 9981 1152 1332 9982 1153 1334 9983 1109 1335 9984 1153 1334 9985 1130 1336 9986 1066 1337 9987 1154 1340 9988 1119 1338 9989 1067 1339 9990 1155 1342 9991 1154 1340 9992 1068 1341 9993 1156 1343 9994 1155 1342 9995 1069 1273 9996 1121 1272 9997 1156 1343 9998 1072 1278 9999 1124 1277 10000 1122 1344 10001 1077 1345 10002 1157 1348 10003 1127 1346 10004 1078 1347 10005 1158 1350 10006 1157 1348 10007 1079 1349 10008 1159 1352 10009 1158 1350 10010 1080 1351 10011 1160 1354 10012 1159 1352 10013 1081 1353 10014 1161 1355 10015 1160 1354 10016 1082 1287 10017 1129 1286 10018 1161 1355 10019 1086 1356 10020 1162 3351 10021 1163 1357 10022 1055 1359 10023 1164 3352 10024 1162 1360 10025 1054 1362 10026 1165 1362 10027 1164 1363 10028 1084 1365 10029 1163 3353 10030 1165 1366 10031 1167 1368 10032 1131 1372 10033 1111 1369 10034 1168 1371 10035 1132 1374 10036 1131 1372 10037 1169 1373 10038 1142 1376 10039 1132 1374 10040 1170 1375 10041 1141 1378 10042 1142 1376 10043 1171 1377 10044 1140 1380 10045 1141 1378 10046 1172 1379 10047 1139 1382 10048 1140 1380 10049 1173 1381 10050 1138 95 10051 1139 1382 10052 1174 1383 10053 1137 1385 10054 1138 95 10055 1175 1384 10056 1136 1387 10057 1137 1385 10058 1176 1386 10059 1135 1388 10060 1136 1387 10061 1177 95 10062 1133 95 10063 1135 1388 10064 1133 95 10065 1177 95 10066 1178 95 10067 1143 1389 10068 1179 1392 10069 1180 1390 10070 1143 1389 10071 1134 95 10072 1178 95 10073 1145 1393 10074 1144 1391 10075 1180 1390 10076 1145 1393 10077 1181 1394 10078 1182 95 10079 1146 1395 10080 1182 95 10081 1183 1396 10082 1148 1398 10083 1147 1397 10084 1183 1396 10085 1148 1398 10086 1184 1399 10087 1185 1400 10088 1150 1401 10089 1149 95 10090 1185 1400 10091 1151 1403 10092 1150 1401 10093 1186 1402 10094 1152 1405 10095 1151 1403 10096 1187 1404 10097 1153 1407 10098 1152 1405 10099 1188 1406 10100 1153 1407 10101 1189 1408 10102 1190 1409 10103 1191 1410 10104 1128 1412 10105 1130 95 10106 1191 1410 10107 1192 1413 10108 1129 1411 10109 1192 1413 10110 1193 1416 10111 1161 1414 10112 1194 1415 10113 1160 1418 10114 1161 1414 10115 1194 1415 10116 1195 95 10117 1159 1417 10118 1196 95 10119 1158 95 10120 1159 1417 10121 1196 95 10122 1197 95 10123 1157 95 10124 1198 1419 10125 1127 1421 10126 1157 95 10127 1198 1419 10128 1199 95 10129 1126 1420 10130 1199 95 10131 1200 1423 10132 1125 1422 10133 1200 1423 10134 1201 1425 10135 1123 1424 10136 1201 1425 10137 1202 1427 10138 1124 1426 10139 1202 1427 10140 1203 95 10141 1122 95 10142 1204 95 10143 1120 95 10144 1122 95 10145 1205 1428 10146 1121 1430 10147 1120 95 10148 1205 1428 10149 1206 1431 10150 1156 1429 10151 1206 1431 10152 1207 1433 10153 1155 1432 10154 1207 1433 10155 1208 1434 10156 1154 95 10157 1208 1434 10158 1209 1436 10159 1119 1435 10160 1209 1436 10161 1210 1439 10162 1118 1437 10163 1211 1438 10164 1117 1441 10165 1118 1437 10166 1211 1438 10167 1212 1443 10168 1116 1440 10169 1213 1442 10170 1115 1445 10171 1116 1440 10172 1213 1442 10173 1214 1447 10174 1114 1444 10175 1215 1446 10176 1113 1449 10177 1114 1444 10178 1215 1446 10179 1216 95 10180 1112 1448 10181 1217 95 10182 1110 1450 10183 1112 1448 10184 1166 1370 10185 1111 1369 10186 1110 1450 10187 1165 1217 10188 1163 1217 10189 1219 1217 10190 1164 619 10191 1165 619 10192 1218 619 10193 1162 1451 10194 1164 1451 10195 1220 1451 10196 1163 652 10197 1162 652 10198 1221 652 10199 1221 1452 10200 1222 1455 10201 1223 3354 10202 1221 1452 10203 1223 3354 10204 1224 3355 10205 1226 95 10206 1227 1504 10207 1219 1453 10208 1221 1452 10209 1224 3355 10210 1225 95 10211 1225 95 10212 1226 95 10213 1219 1453 10214 1229 1456 10215 1230 141 10216 1228 1454 10217 1231 1457 10218 1232 3356 10219 1229 1456 10220 1233 1458 10221 1234 141 10222 1231 1457 10223 1235 1459 10224 1236 141 10225 1233 1458 10226 1237 1460 10227 1238 3357 10228 1235 1459 10229 1240 1462 10230 1241 3358 10231 1239 1461 10232 1242 1463 10233 1243 3359 10234 1240 1462 10235 1244 1464 10236 1245 3360 10237 1242 1463 10238 1246 1465 10239 1247 141 10240 1244 1464 10241 1220 1467 10242 1249 1470 10243 1250 3361 10244 1220 1467 10245 1250 3361 10246 1251 3362 10247 1253 3363 10248 1248 1466 10249 1221 1452 10250 1220 1467 10251 1251 3362 10252 1252 1468 10253 1252 1468 10254 1253 3363 10255 1221 1452 10256 1255 1471 10257 1256 3364 10258 1254 1469 10259 1257 1472 10260 1258 141 10261 1255 1471 10262 1259 1473 10263 1260 3365 10264 1257 1472 10265 1261 95 10266 1262 141 10267 1259 1473 10268 1264 1475 10269 1265 3366 10270 1263 1474 10271 1266 1476 10272 1267 3367 10273 1264 1475 10274 1268 95 10275 1269 141 10276 1266 1476 10277 1270 95 10278 1271 141 10279 1268 95 10280 1272 1477 10281 1273 141 10282 1270 95 10283 1218 1479 10284 1275 1482 10285 1276 3368 10286 1218 1479 10287 1276 3368 10288 1277 3369 10289 1279 3370 10290 1274 1478 10291 1220 1467 10292 1218 1479 10293 1277 3369 10294 1278 1480 10295 1278 1480 10296 1279 3370 10297 1220 1467 10298 1281 1483 10299 1282 3371 10300 1280 1481 10301 1283 95 10302 1284 141 10303 1281 1483 10304 1285 1484 10305 1286 141 10306 1283 95 10307 1287 1485 10308 1288 3372 10309 1285 1484 10310 1289 95 10311 1290 141 10312 1287 1485 10313 1292 1487 10314 1293 3373 10315 1291 1486 10316 1294 1488 10317 1295 3374 10318 1292 1487 10319 1296 95 10320 1297 141 10321 1294 1488 10322 1298 1489 10323 1299 141 10324 1296 95 10325 1219 1453 10326 1301 1494 10327 1302 3375 10328 1219 1453 10329 1302 3375 10330 1303 1491 10331 1305 95 10332 1300 1490 10333 1218 1479 10334 1219 1453 10335 1303 1491 10336 1218 1479 10337 1304 1492 10338 1305 95 10339 1218 1479 10340 1307 1495 10341 1308 141 10342 1306 1493 10343 1309 1496 10344 1310 3376 10345 1307 1495 10346 1311 1497 10347 1312 141 10348 1309 1496 10349 1313 1498 10350 1314 3377 10351 1311 1497 10352 1316 1500 10353 1317 3378 10354 1315 1499 10355 1318 1501 10356 1319 141 10357 1316 1500 10358 1320 1502 10359 1321 141 10360 1318 1501 10361 1322 95 10362 1323 141 10363 1320 1502 10364 1324 1503 10365 1325 141 10366 1322 95 10367 1327 1507 10368 1325 3379 10369 1324 3380 10370 1324 3380 10371 1227 1505 10372 1327 1507 10373 1226 1509 10374 1326 1506 10375 1227 1505 10376 1225 1508 10377 1328 1511 10378 1326 1506 10379 1225 1508 10380 1224 1512 10381 1329 1510 10382 1224 1512 10383 1223 3381 10384 1330 1513 10385 1330 1513 10386 1223 3381 10387 1222 1514 10388 1222 1514 10389 1228 3382 10390 1331 1515 10391 1230 3383 10392 1331 1515 10393 1228 3382 10394 1331 1515 10395 1230 3383 10396 1229 1516 10397 1229 1516 10398 1232 3384 10399 1332 1517 10400 1332 1517 10401 1232 3384 10402 1231 1518 10403 1231 1518 10404 1234 3385 10405 1333 1519 10406 1333 1519 10407 1234 3385 10408 1233 1520 10409 1233 1520 10410 1236 3386 10411 1334 1521 10412 1334 1521 10413 1236 3386 10414 1235 1522 10415 1235 1522 10416 1238 3387 10417 1335 1523 10418 1335 1523 10419 1238 3387 10420 1237 1526 10421 1239 1524 10422 1241 3388 10423 1336 1525 10424 1335 1523 10425 1237 1526 10426 1336 1525 10427 1336 1525 10428 1241 3388 10429 1240 1527 10430 1240 1527 10431 1243 3389 10432 1337 1528 10433 1337 1528 10434 1243 3389 10435 1242 1529 10436 1242 1529 10437 1245 3390 10438 1338 1530 10439 1338 1530 10440 1245 3390 10441 1244 1531 10442 1244 1531 10443 1247 3391 10444 1339 1532 10445 1339 1532 10446 1247 3391 10447 1246 1533 10448 1246 1533 10449 1248 3392 10450 1340 1534 10451 1253 1536 10452 1340 1534 10453 1248 3392 10454 1252 1535 10455 1341 1538 10456 1340 1534 10457 1251 1537 10458 1342 1540 10459 1341 1538 10460 1251 1537 10461 1250 3393 10462 1343 1539 10463 1343 1539 10464 1250 3393 10465 1249 3394 10466 1249 3394 10467 1254 1541 10468 1343 1539 10469 1256 3395 10470 1344 1542 10471 1254 1541 10472 1344 1542 10473 1256 3395 10474 1255 1543 10475 1255 1543 10476 1258 3396 10477 1345 1544 10478 1345 1544 10479 1258 3396 10480 1257 1545 10481 1257 1545 10482 1260 3397 10483 1346 1546 10484 1346 1546 10485 1260 3397 10486 1259 1547 10487 1259 1547 10488 1262 3398 10489 1347 1548 10490 1347 1548 10491 1262 3398 10492 1261 3399 10493 1261 3399 10494 1263 1549 10495 1347 1548 10496 1265 3400 10497 1348 1550 10498 1263 1549 10499 1348 1550 10500 1265 3400 10501 1264 1551 10502 1264 1551 10503 1267 3401 10504 1349 1552 10505 1349 1552 10506 1267 3401 10507 1266 1553 10508 1266 1553 10509 1269 3402 10510 1350 1554 10511 1350 1554 10512 1269 3402 10513 1268 1555 10514 1268 1555 10515 1271 3403 10516 1351 1556 10517 1351 1556 10518 1271 3403 10519 1270 1557 10520 1270 1557 10521 1273 3404 10522 1352 1558 10523 1352 1558 10524 1273 3404 10525 1272 3405 10526 1272 3405 10527 1274 1559 10528 1352 1558 10529 1279 1562 10530 1353 1560 10531 1274 1559 10532 1278 1561 10533 1354 1564 10534 1353 1560 10535 1277 1563 10536 1355 1566 10537 1354 1564 10538 1277 1563 10539 1276 3406 10540 1356 1565 10541 1356 1565 10542 1276 3406 10543 1275 1569 10544 1280 1567 10545 1282 3407 10546 1357 1568 10547 1356 1565 10548 1275 1569 10549 1357 1568 10550 1357 1568 10551 1282 3407 10552 1281 1570 10553 1281 1570 10554 1284 3408 10555 1358 1571 10556 1358 1571 10557 1284 3408 10558 1283 1572 10559 1283 1572 10560 1286 3409 10561 1359 1573 10562 1359 1573 10563 1286 3409 10564 1285 1574 10565 1285 1574 10566 1288 3410 10567 1360 1575 10568 1360 1575 10569 1288 3410 10570 1287 1576 10571 1287 1576 10572 1290 3411 10573 1361 1577 10574 1361 1577 10575 1290 3411 10576 1289 1580 10577 1291 1578 10578 1293 3412 10579 1362 1579 10580 1361 1577 10581 1289 1580 10582 1362 1579 10583 1362 1579 10584 1293 3412 10585 1292 1581 10586 1292 1581 10587 1295 3413 10588 1363 1582 10589 1363 1582 10590 1295 3413 10591 1294 1583 10592 1294 1583 10593 1297 3414 10594 1364 1584 10595 1364 1584 10596 1297 3414 10597 1296 1585 10598 1296 1585 10599 1299 3415 10600 1365 1586 10601 1365 1586 10602 1299 3415 10603 1298 1589 10604 1300 1587 10605 1305 1591 10606 1366 1588 10607 1365 1586 10608 1298 1589 10609 1366 1588 10610 1304 1590 10611 1367 1593 10612 1366 1588 10613 1303 1592 10614 1368 1595 10615 1367 1593 10616 1303 1592 10617 1302 3416 10618 1369 1594 10619 1369 1594 10620 1302 3416 10621 1301 3417 10622 1301 3417 10623 1306 1596 10624 1369 1594 10625 1308 3418 10626 1370 1597 10627 1306 1596 10628 1370 1597 10629 1308 3418 10630 1307 1598 10631 1307 1598 10632 1310 3419 10633 1371 1599 10634 1371 1599 10635 1310 3419 10636 1309 1600 10637 1309 1600 10638 1312 3420 10639 1372 1601 10640 1372 1601 10641 1312 3420 10642 1311 1602 10643 1311 1602 10644 1314 3421 10645 1373 1603 10646 1373 1603 10647 1314 3421 10648 1313 3422 10649 1313 3422 10650 1315 1604 10651 1373 1603 10652 1317 3423 10653 1374 1605 10654 1315 1604 10655 1374 1605 10656 1317 3423 10657 1316 1606 10658 1316 1606 10659 1319 3424 10660 1375 1607 10661 1375 1607 10662 1319 3424 10663 1318 1608 10664 1318 1608 10665 1321 3425 10666 1376 1609 10667 1376 1609 10668 1321 3425 10669 1320 1610 10670 1320 1610 10671 1323 3426 10672 1377 1611 10673 1377 1611 10674 1323 3426 10675 1322 1612 10676 1322 1612 10677 1325 3379 10678 1327 1507 10679 1377 1613 10680 1327 1716 10681 1379 1614 10682 1376 1616 10683 1377 1613 10684 1378 1615 10685 1375 1618 10686 1376 1616 10687 1380 1617 10688 1374 1620 10689 1375 1618 10690 1381 1619 10691 1373 1622 10692 1374 1620 10693 1382 1621 10694 1372 1624 10695 1373 1622 10696 1383 1623 10697 1371 1626 10698 1372 1624 10699 1384 1625 10700 1370 1628 10701 1371 1626 10702 1385 1627 10703 1369 1630 10704 1370 1628 10705 1386 1629 10706 1368 1632 10707 1369 1630 10708 1387 1631 10709 1367 1634 10710 1368 1632 10711 1388 1633 10712 1366 1636 10713 1367 1634 10714 1389 1635 10715 1365 1638 10716 1366 1636 10717 1390 1637 10718 1364 1640 10719 1365 1638 10720 1391 1639 10721 1363 1642 10722 1364 1640 10723 1392 1641 10724 1362 1644 10725 1363 1642 10726 1393 1643 10727 1361 1646 10728 1362 1644 10729 1394 1645 10730 1360 1648 10731 1361 1646 10732 1395 1647 10733 1359 1650 10734 1360 1648 10735 1396 1649 10736 1358 1652 10737 1359 1650 10738 1397 1651 10739 1357 1654 10740 1358 1652 10741 1398 1653 10742 1356 1656 10743 1357 1654 10744 1399 1655 10745 1355 1658 10746 1356 1656 10747 1400 1657 10748 1354 1660 10749 1355 1658 10750 1401 1659 10751 1353 1662 10752 1354 1660 10753 1402 1661 10754 1352 1664 10755 1353 1662 10756 1403 1663 10757 1351 1666 10758 1352 1664 10759 1404 1665 10760 1350 1668 10761 1351 1666 10762 1405 1667 10763 1349 1670 10764 1350 1668 10765 1406 1669 10766 1348 1672 10767 1349 1670 10768 1407 1671 10769 1347 1674 10770 1348 1672 10771 1408 1673 10772 1346 1676 10773 1347 1674 10774 1409 1675 10775 1345 1678 10776 1346 1676 10777 1410 1677 10778 1344 1680 10779 1345 1678 10780 1411 1679 10781 1343 1682 10782 1344 1680 10783 1412 1681 10784 1342 1684 10785 1343 1682 10786 1413 1683 10787 1341 1686 10788 1342 1684 10789 1414 1685 10790 1340 1688 10791 1341 1686 10792 1415 1687 10793 1339 1690 10794 1340 1688 10795 1416 1689 10796 1338 1692 10797 1339 1690 10798 1417 1691 10799 1337 1694 10800 1338 1692 10801 1418 1693 10802 1336 1696 10803 1337 1694 10804 1419 1695 10805 1335 1698 10806 1336 1696 10807 1420 1697 10808 1334 1700 10809 1335 1698 10810 1421 1699 10811 1333 1702 10812 1334 1700 10813 1422 1701 10814 1332 1704 10815 1333 1702 10816 1423 1703 10817 1331 1706 10818 1332 1704 10819 1424 1705 10820 1330 1708 10821 1331 1706 10822 1425 1707 10823 1329 1710 10824 1330 1708 10825 1426 1709 10826 1328 1712 10827 1329 1710 10828 1427 1711 10829 1326 1714 10830 1328 1712 10831 1428 1713 10832 1327 1716 10833 1326 1714 10834 1429 1715 10835 1439 95 10836 1430 95 10837 1438 95 10838 1431 95 10839 1432 95 10840 1430 95 10841 1433 95 10842 1434 95 10843 1435 95 10844 1435 95 10845 1436 95 10846 1437 95 10847 1437 95 10848 1438 95 10849 1433 95 10850 1430 95 10851 1432 95 10852 1438 95 10853 1433 95 10854 1435 95 10855 1437 95 10856 1439 652 10857 1440 652 10858 1430 652 10859 1441 652 10860 1431 652 10861 1430 652 10862 1431 1717 10863 1441 1717 10864 1442 1718 10865 1442 1451 10866 1443 1451 10867 1433 1451 10868 1433 1719 10869 1443 1719 10870 1444 1720 10871 1434 619 10872 1444 619 10873 1435 619 10874 1445 619 10875 1436 619 10876 1435 619 10877 1436 1721 10878 1445 1721 10879 1446 1722 10880 1447 1217 10881 1438 1217 10882 1437 1217 10883 1438 1723 10884 1447 1723 10885 1440 1724 10886 1451 1728 10887 1452 3427 10888 1448 1725 10889 1453 1729 10890 1452 3427 10891 1451 1728 10892 1448 3428 10893 1455 1733 10894 1449 1732 10895 1456 1731 10896 1457 1734 10897 1449 1732 10898 1457 1734 10899 1456 1731 10900 1460 1736 10901 1461 1738 10902 1462 1745 10903 1456 1739 10904 1463 1741 10905 1464 3429 10906 1465 1742 10907 1460 1744 10908 1456 1739 10909 1462 1745 10910 1465 1742 10911 1464 3429 10912 1469 1747 10913 1470 1749 10914 1471 1751 10915 1472 1750 10916 1471 1751 10917 1470 1749 10918 1461 1738 10919 1474 1753 10920 1473 1752 10921 1455 1740 10922 1463 1741 10923 1472 1750 10924 1475 1755 10925 1470 1757 10926 1476 1760 10927 1462 1758 10928 1466 1759 10929 1465 1763 10930 1476 1760 10931 1467 1761 10932 1462 1758 10933 1476 1760 10934 1477 1762 10935 1476 1760 10936 1465 1763 10937 1481 1767 10938 1482 1771 10939 1483 1768 10940 1486 1769 10941 1482 1771 10942 1481 1767 10943 1482 1771 10944 1486 1769 10945 1488 1772 10946 1489 1774 10947 1483 1768 10948 1482 1771 10949 1454 1785 10950 1506 1786 10951 1464 1783 10952 1507 3430 10953 1464 1783 10954 1506 1786 10955 1463 1784 10956 1453 3431 10957 1454 1785 10958 1464 1783 10959 1507 3430 10960 1509 1788 10961 1510 1790 10962 1509 1803 10963 1507 95 10964 1514 1792 10965 1515 569 10966 1513 1791 10967 1514 1792 10968 1516 95 10969 1517 1793 10970 1518 1794 10971 1519 1796 10972 1517 1793 10973 1520 1795 10974 1521 95 10975 1519 1796 10976 1520 1795 10977 1522 1798 10978 1523 1797 10979 1522 1798 10980 1524 95 10981 1525 95 10982 1526 95 10983 1527 1800 10984 1525 95 10985 1528 1799 10986 1529 1802 10987 1527 1800 10988 1528 1799 10989 1530 1804 10990 1531 1801 10991 1509 1803 10992 1510 1790 10993 1531 1801 10994 1510 1805 10995 1506 3432 10996 1508 1806 10997 1510 1805 10998 1532 1807 10999 1533 1808 11000 1513 1810 11001 1534 1814 11002 1535 1811 11003 1515 1813 11004 1536 1816 11005 1534 1814 11006 1517 1815 11007 1537 1818 11008 1536 1816 11009 1519 1817 11010 1538 1820 11011 1537 1818 11012 1521 1819 11013 1539 1822 11014 1538 1820 11015 1521 1819 11016 1523 1823 11017 1540 1821 11018 1523 1823 11019 1525 1826 11020 1541 1824 11021 1527 1825 11022 1542 1828 11023 1541 1824 11024 1527 1825 11025 1529 1829 11026 1543 1827 11027 1529 1829 11028 1531 1809 11029 1533 1808 11030 1544 1830 11031 1508 1883 11032 1454 1831 11033 1450 1833 11034 1449 3433 11035 1458 1880 11036 1458 1880 11037 1544 1830 11038 1450 1833 11039 1533 1834 11040 1532 652 11041 1546 1835 11042 1543 1837 11043 1533 1834 11044 1545 1836 11045 1542 1839 11046 1543 1837 11047 1547 1838 11048 1541 1841 11049 1542 1839 11050 1548 1840 11051 1540 604 11052 1541 1841 11053 1549 1842 11054 1539 607 11055 1540 604 11056 1550 606 11057 1538 1844 11058 1539 607 11059 1551 1843 11060 1537 1846 11061 1538 1844 11062 1552 1845 11063 1536 1848 11064 1537 1846 11065 1553 1847 11066 1534 1850 11067 1536 1848 11068 1554 1849 11069 1556 1852 11070 1535 1861 11071 1534 1850 11072 1558 1853 11073 1535 1861 11074 1556 1852 11075 1560 1855 11076 1558 1853 11077 1557 1854 11078 1560 1855 11079 1559 1856 11080 1562 1857 11081 1565 1860 11082 1563 1862 11083 1558 1853 11084 1558 1853 11085 1560 1855 11086 1564 1859 11087 1535 1861 11088 1558 1853 11089 1563 1862 11090 1568 621 11091 1561 1858 11092 1562 1857 11093 1570 1864 11094 1568 621 11095 1567 622 11096 1572 1866 11097 1570 1864 11098 1569 1865 11099 1574 1868 11100 1572 1866 11101 1571 1867 11102 1576 637 11103 1574 1868 11104 1573 1869 11105 1578 1871 11106 1576 637 11107 1575 1870 11108 1580 641 11109 1578 1871 11110 1577 1872 11111 1582 1873 11112 1580 641 11113 1579 642 11114 1584 1875 11115 1582 1873 11116 1581 1874 11117 1586 1877 11118 1584 1875 11119 1583 1876 11120 1587 1879 11121 1458 1880 11122 1586 1877 11123 1458 1880 11124 1587 1879 11125 1588 1881 11126 1589 1882 11127 1508 1883 11128 1544 1830 11129 1508 1883 11130 1589 1882 11131 1546 1835 11132 1590 1884 11133 1586 1891 11134 1458 1885 11135 1591 1887 11136 1592 3434 11137 1560 1888 11138 1590 1884 11139 1593 1892 11140 1584 1890 11141 1593 1892 11142 1594 1898 11143 1582 1893 11144 1596 1894 11145 1568 1897 11146 1570 1895 11147 1596 1894 11148 1591 1887 11149 1561 1889 11150 1594 1898 11151 1597 1900 11152 1580 1899 11153 1597 1900 11154 1598 1903 11155 1578 1901 11156 1599 1902 11157 1576 1905 11158 1578 1901 11159 1599 1902 11160 1600 1906 11161 1574 1904 11162 1600 1906 11163 1601 1908 11164 1572 1907 11165 1601 1908 11166 1595 1896 11167 1570 1895 11168 1603 1913 11169 1602 95 11170 1591 1912 11171 1593 1915 11172 1590 1911 11173 1459 1910 11174 1594 95 11175 1593 1915 11176 1604 1916 11177 1606 95 11178 1597 95 11179 1594 95 11180 1606 95 11181 1607 95 11182 1598 1917 11183 1608 1918 11184 1599 1920 11185 1598 1917 11186 1608 1918 11187 1609 95 11188 1600 1919 11189 1610 1921 11190 1601 1923 11191 1600 1919 11192 1610 1921 11193 1611 1924 11194 1595 1922 11195 1603 1913 11196 1596 1914 11197 1595 1922 11198 1612 1925 11199 1469 3435 11200 1509 1926 11201 1613 1928 11202 1612 1925 11203 1530 1927 11204 1614 1930 11205 1613 1928 11206 1528 1929 11207 1615 1932 11208 1614 1930 11209 1526 1931 11210 1616 1934 11211 1615 1932 11212 1524 1933 11213 1617 1936 11214 1616 1934 11215 1522 1935 11216 1618 1938 11217 1617 1936 11218 1520 1937 11219 1619 1939 11220 1618 1938 11221 1518 712 11222 1620 1941 11223 1619 1939 11224 1516 1940 11225 1621 1943 11226 1620 1941 11227 1514 1942 11228 1511 1945 11229 1622 1950 11230 1621 1946 11231 1624 3436 11232 1623 1951 11233 1566 1948 11234 1622 1950 11235 1511 1945 11236 1566 1948 11237 1625 723 11238 1626 3437 11239 1602 1952 11240 1627 1953 11241 1625 723 11242 1603 724 11243 1628 1955 11244 1627 1953 11245 1611 1954 11246 1629 1957 11247 1628 1955 11248 1610 1956 11249 1630 1959 11250 1629 1957 11251 1609 1958 11252 1631 1961 11253 1630 1959 11254 1608 1960 11255 1632 1962 11256 1631 1961 11257 1607 738 11258 1633 1964 11259 1632 1962 11260 1606 1963 11261 1634 1966 11262 1633 1964 11263 1605 1965 11264 1460 1968 11265 1634 1966 11266 1604 1967 11267 1478 1970 11268 1634 1989 11269 1460 1971 11270 1490 1973 11271 1488 3438 11272 1626 1974 11273 1491 1976 11274 1490 1973 11275 1625 1975 11276 1492 1978 11277 1491 1976 11278 1627 1977 11279 1493 1980 11280 1492 1978 11281 1628 1979 11282 1495 1982 11283 1494 1985 11284 1630 1983 11285 1494 1985 11286 1493 1980 11287 1629 1981 11288 1495 1982 11289 1631 1984 11290 1632 1986 11291 1497 1988 11292 1633 1990 11293 1634 1989 11294 1496 1987 11295 1632 1986 11296 1633 1990 11297 1469 1991 11298 1612 1995 11299 1480 1992 11300 1613 1994 11301 1505 1997 11302 1480 1992 11303 1614 1996 11304 1504 1999 11305 1505 1997 11306 1614 1996 11307 1615 2000 11308 1503 1998 11309 1615 2000 11310 1616 2002 11311 1502 2001 11312 1616 2002 11313 1617 2004 11314 1501 2003 11315 1617 2004 11316 1618 2007 11317 1500 2005 11318 1619 2006 11319 1499 2009 11320 1500 2005 11321 1619 2006 11322 1620 2011 11323 1498 2008 11324 1621 2010 11325 1489 3439 11326 1498 2008 11327 1622 2012 11328 1483 2015 11329 1489 2013 11330 1483 2015 11331 1622 2012 11332 1623 2016 11333 1636 2018 11334 1486 2028 11335 1485 2019 11336 1485 2019 11337 1481 2024 11338 1637 2021 11339 1639 2023 11340 1637 2021 11341 1481 2024 11342 1623 2016 11343 1624 3440 11344 1640 2025 11345 1635 2020 11346 1638 2022 11347 1642 2026 11348 1486 2028 11349 1636 2018 11350 1626 2029 11351 1641 3441 11352 1564 2033 11353 1635 2032 11354 1592 2034 11355 1636 2031 11356 1564 2033 11357 1626 2036 11358 1636 2031 11359 1592 2034 11360 1563 2038 11361 1643 141 11362 1624 141 11363 1641 2039 11364 1643 141 11365 1563 2038 11366 1642 2041 11367 1644 3442 11368 1643 2042 11369 1643 2042 11370 1644 3442 11371 1640 2044 11372 1637 2046 11373 1644 2049 11374 1642 2047 11375 1644 2049 11376 1637 2046 11377 1639 2050 11378 1475 2052 11379 1645 3443 11380 1452 2053 11381 1452 2053 11382 1645 3443 11383 1474 2055 11384 1471 2057 11385 1645 2060 11386 1475 2058 11387 1645 2060 11388 1471 2057 11389 1473 2061 11390 1647 2063 11391 1648 2072 11392 1649 2064 11393 1646 2065 11394 1650 2068 11395 1651 2066 11396 1652 2067 11397 1653 2101 11398 1650 2068 11399 1649 2064 11400 1654 2069 11401 1652 2067 11402 1654 2069 11403 1649 2064 11404 1655 2070 11405 1648 2072 11406 1657 2074 11407 1655 2070 11408 1659 2075 11409 1660 2099 11410 1658 2073 11411 1659 2075 11412 1648 2072 11413 1647 2063 11414 1662 2077 11415 1663 2080 11416 1661 2076 11417 1662 2077 11418 1651 2066 11419 1665 2078 11420 1663 2080 11421 1662 2077 11422 1664 2079 11423 1668 2082 11424 1663 2080 11425 1666 2081 11426 1667 2083 11427 1669 2100 11428 1670 2084 11429 1672 2085 11430 1669 2100 11431 1667 2083 11432 1673 2087 11433 1674 2091 11434 1672 2085 11435 1671 2086 11436 1666 2081 11437 1664 2079 11438 1675 2088 11439 1673 2087 11440 1665 2078 11441 1677 2090 11442 1674 2091 11443 1673 2087 11444 1674 2091 11445 1677 2090 11446 1678 2092 11447 1680 2094 11448 1681 2096 11449 1678 2092 11450 1680 2094 11451 1677 2090 11452 1675 2088 11453 1654 2069 11454 1680 2094 11455 1682 2095 11456 1654 2069 11457 1656 2071 11458 1681 2096 11459 1655 2070 11460 1678 2092 11461 1681 2096 11462 1678 2092 11463 1655 2070 11464 1657 2074 11465 1657 2074 11466 1658 2073 11467 1683 2097 11468 1684 2098 11469 1683 2097 11470 1658 2073 11471 1669 2100 11472 1684 2098 11473 1660 2099 11474 1674 2091 11475 1683 2097 11476 1684 2098 11477 1661 2076 11478 1668 2082 11479 1670 2084 11480 1682 2095 11481 1685 2102 11482 1653 2101 11483 1682 2095 11484 1675 2088 11485 1676 2089 11486 1676 2089 11487 1650 2068 11488 1653 2101 11489 1650 2068 11490 1676 2089 11491 1665 2078 11492 1687 2103 11493 1688 2109 11494 1689 2104 11495 1686 2105 11496 1689 2104 11497 1691 2106 11498 1692 2108 11499 1693 2111 11500 1688 2109 11501 1694 2110 11502 1695 2113 11503 1693 2111 11504 1694 2110 11505 1696 2115 11506 1697 2112 11507 1698 2114 11508 1699 2117 11509 1697 2112 11510 1700 2116 11511 1701 2150 11512 1699 2117 11513 1702 2118 11514 1703 2122 11515 1704 2119 11516 1706 2121 11517 1707 2149 11518 1704 2119 11519 1708 2123 11520 1709 2126 11521 1710 2124 11522 1709 2126 11523 1712 2148 11524 1713 2127 11525 1714 2128 11526 1715 2131 11527 1716 2129 11528 1715 2131 11529 1718 2147 11530 1719 2132 11531 1720 2133 11532 1721 2136 11533 1722 2134 11534 1721 2136 11535 1724 2146 11536 1725 2137 11537 1727 2138 11538 1728 2142 11539 1729 2139 11540 1727 2138 11541 1730 2145 11542 1731 2141 11543 1690 2107 11544 1691 2106 11545 1733 2143 11546 1732 2144 11547 1733 2143 11548 1731 2141 11549 1726 2140 11550 1729 2139 11551 1725 2137 11552 1720 2133 11553 1723 2135 11554 1719 2132 11555 1712 2148 11556 1714 2128 11557 1717 2130 11558 1706 2121 11559 1708 2123 11560 1711 2125 11561 1700 2116 11562 1702 2118 11563 1705 2120 11564 1691 2156 11565 1689 2187 11566 1736 2157 11567 1733 2159 11568 1691 2156 11569 1735 2158 11570 1731 2161 11571 1733 2159 11572 1737 2160 11573 1728 2163 11574 1731 2161 11575 1738 2162 11576 1729 2165 11577 1728 2163 11578 1739 2164 11579 1725 7 11580 1729 2165 11581 1740 6 11582 1722 9 11583 1725 7 11584 1741 8 11585 1723 11 11586 1722 9 11587 1742 10 11588 1719 13 11589 1723 11 11590 1743 12 11591 1716 15 11592 1719 13 11593 1744 14 11594 1717 17 11595 1716 15 11596 1745 16 11597 1713 18 11598 1717 17 11599 1746 17 11600 1710 20 11601 1713 18 11602 1747 19 11603 1711 2167 11604 1710 20 11605 1748 2166 11606 1707 2169 11607 1711 2167 11608 1749 2168 11609 1704 2171 11610 1707 2169 11611 1750 2170 11612 1705 2173 11613 1704 2171 11614 1751 2172 11615 1701 2175 11616 1705 2173 11617 1752 2174 11618 1699 2177 11619 1701 2175 11620 1753 2176 11621 1697 2179 11622 1699 2177 11623 1754 2178 11624 1695 2181 11625 1697 2179 11626 1755 2180 11627 1693 2183 11628 1695 2181 11629 1756 2182 11630 1688 2185 11631 1693 2183 11632 1757 2184 11633 1689 2187 11634 1688 2185 11635 1758 2186 11636 1770 2194 11637 1761 2189 11638 1768 95 11639 1784 2199 11640 1770 2194 11641 1782 95 11642 1798 2204 11643 1784 2199 11644 1796 95 11645 1761 2189 11646 1798 2204 11647 1810 95 11648 1784 2199 11649 1798 2204 11650 1761 2189 11651 1819 2212 11652 1818 2211 11653 1820 2213 11654 1818 2211 11655 1815 2208 11656 1822 2215 11657 1817 2210 11658 1823 2217 11659 1822 2215 11660 1824 2216 11661 1825 2274 11662 1823 2217 11663 1827 2219 11664 1828 2222 11665 1829 2220 11666 1830 2221 11667 1831 2270 11668 1828 2222 11669 1834 2225 11670 1835 2228 11671 1836 2226 11672 1834 2225 11673 1837 2229 11674 1838 2227 11675 1837 2229 11676 1839 2230 11677 1840 2231 11678 1841 2232 11679 1842 2262 11680 1840 2231 11681 1845 2235 11682 1846 2238 11683 1847 2236 11684 1845 2235 11685 1848 2239 11686 1849 2237 11687 1848 2239 11688 1850 2240 11689 1851 2241 11690 1852 2242 11691 1853 2256 11692 1851 2241 11693 1855 2244 11694 1856 2245 11695 1857 2246 11696 1859 2248 11697 1860 2249 11698 1857 2246 11699 1859 2248 11700 1819 2212 11701 1821 2214 11702 1860 2249 11703 1821 2214 11704 1862 2250 11705 1857 2246 11706 1860 2249 11707 1861 2251 11708 1858 2247 11709 1857 2246 11710 1863 2252 11711 1866 2254 11712 1858 2247 11713 1864 2253 11714 1853 2256 11715 1866 2254 11716 1865 2255 11717 1851 2241 11718 1853 2256 11719 1867 2257 11720 1849 2237 11721 1851 2241 11722 1868 2258 11723 1846 2238 11724 1849 2237 11725 1869 2259 11726 1847 2236 11727 1846 2238 11728 1870 476 11729 1873 2261 11730 1847 2236 11731 1871 2260 11732 1842 2262 11733 1873 2261 11734 1872 479 11735 1840 2231 11736 1842 2262 11737 1874 2263 11738 1838 2227 11739 1840 2231 11740 1875 2264 11741 1835 2228 11742 1838 2227 11743 1876 2265 11744 1836 2226 11745 1835 2228 11746 1877 2266 11747 1880 2268 11748 1836 2226 11749 1878 2267 11750 1831 2270 11751 1880 2268 11752 1879 2269 11753 1828 2222 11754 1831 2270 11755 1881 2271 11756 1829 2220 11757 1828 2222 11758 1882 2272 11759 1825 2274 11760 1829 2220 11761 1883 2273 11762 1823 2217 11763 1825 2274 11764 1884 2275 11765 1822 2215 11766 1823 2217 11767 1885 2276 11768 1820 2213 11769 1822 2215 11770 1886 2277 11771 1821 2214 11772 1820 2213 11773 1887 2278 11774 1824 2216 11775 1826 2218 11776 1829 2220 11777 1830 2221 11778 1832 2223 11779 1880 2268 11780 1833 2224 11781 1836 2226 11782 1880 2268 11783 1841 2232 11784 1843 2233 11785 1873 2261 11786 1843 2233 11787 1844 2234 11788 1847 2236 11789 1854 2243 11790 1866 2254 11791 1853 2256 11792 1855 2244 11793 1858 2247 11794 1866 2254 11795 1888 2279 11796 1889 141 11797 1890 2280 11798 1890 2280 11799 1896 2284 11800 1898 2285 11801 1900 2287 11802 1901 2291 11803 1902 2288 11804 1903 2290 11805 1904 2293 11806 1901 2291 11807 1909 2297 11808 1910 2299 11809 1904 2293 11810 1910 2299 11811 1915 2301 11812 1917 2302 11813 1916 141 11814 1917 2302 11815 1919 2303 11816 1919 2303 11817 1920 2305 11818 1921 2304 11819 1925 2307 11820 1921 2304 11821 1924 2306 11822 1927 2309 11823 1925 2307 11824 1928 2310 11825 1891 2281 11826 1927 2309 11827 1929 2311 11828 1897 2286 11829 1936 2317 11830 1937 2316 11831 1941 2321 11832 1935 141 11833 1937 2316 11834 1942 2322 11835 1943 141 11836 1944 2323 11837 1950 2329 11838 1944 2323 11839 1949 2328 11840 1902 2288 11841 1950 2329 11842 1952 2331 11843 1904 3444 11844 1910 3445 11845 1916 2335 11846 1916 2335 11847 1918 3446 11848 1935 3447 11849 1921 141 11850 1925 141 11851 1927 3448 11852 1927 3448 11853 1891 3449 11854 1935 3447 11855 1890 3450 11856 1897 3451 11857 1935 3447 11858 1935 3447 11859 1941 2333 11860 1916 2335 11861 1944 3452 11862 1950 3453 11863 1902 2334 11864 1902 2334 11865 1901 3454 11866 1916 2335 11867 1904 3444 11868 1916 2335 11869 1901 3454 11870 1921 141 11871 1927 3448 11872 1918 3446 11873 1890 3450 11874 1935 3447 11875 1891 3449 11876 1944 3452 11877 1902 2334 11878 1941 2333 11879 1918 3446 11880 1927 3448 11881 1935 3447 11882 1910 2336 11883 1916 2346 11884 1957 2337 11885 1904 2339 11886 1910 2336 11887 1956 2338 11888 1959 2341 11889 1901 2342 11890 1904 2339 11891 1901 2342 11892 1959 2341 11893 1960 2343 11894 1918 2345 11895 1961 2347 11896 1957 2337 11897 1961 2347 11898 1918 2345 11899 1921 2348 11900 1921 2348 11901 1925 2351 11902 1963 2350 11903 1925 2351 11904 1927 2354 11905 1964 2352 11906 1891 2353 11907 1965 2355 11908 1964 2352 11909 1965 2355 11910 1891 2353 11911 1890 2356 11912 1966 2357 11913 1890 2356 11914 1897 2358 11915 1897 2358 11916 1935 2362 11917 1968 2360 11918 1941 2361 11919 1969 2363 11920 1968 2360 11921 1969 2363 11922 1941 2361 11923 1944 2364 11924 1970 2365 11925 1944 2364 11926 1950 2366 11927 1950 2366 11928 1902 2344 11929 1960 2343 11930 1971 2367 11931 1960 2343 11932 1973 2368 11933 1974 2370 11934 1970 2365 11935 1971 2367 11936 1975 2371 11937 1969 2363 11938 1970 2365 11939 1969 2363 11940 1975 2371 11941 1976 2372 11942 1975 2371 11943 1977 2374 11944 1978 2373 11945 1977 2374 11946 1975 2371 11947 1974 2370 11948 1974 2370 11949 1972 2369 11950 1980 2376 11951 1972 2369 11952 1973 2368 11953 1981 2377 11954 1982 2378 11955 1983 2410 11956 1981 2377 11957 1959 2341 11958 1982 2378 11959 1973 2368 11960 1982 2378 11961 1959 2341 11962 1958 2340 11963 1958 2340 11964 1956 2338 11965 1985 2380 11966 1956 2338 11967 1957 2337 11968 1986 2381 11969 1961 2347 11970 1987 2382 11971 1986 2381 11972 1987 2382 11973 1961 2347 11974 1962 2349 11975 1962 2349 11976 1963 2350 11977 1989 2384 11978 1963 2350 11979 1964 2352 11980 1990 2385 11981 1965 2355 11982 1991 2386 11983 1990 2385 11984 1991 2386 11985 1965 2355 11986 1966 2357 11987 1966 2357 11988 1967 2359 11989 1993 2388 11990 1967 2359 11991 1968 2360 11992 1976 2372 11993 1993 2388 11994 1976 2372 11995 1978 2373 11996 1995 2390 11997 1992 2387 11998 1993 2388 11999 1996 2391 12000 1991 2386 12001 1992 2387 12002 1991 2386 12003 1996 2391 12004 1997 2392 12005 1999 2393 12006 1997 2392 12007 1996 2391 12008 2000 2395 12009 2001 2437 12010 1999 2393 12011 2003 2396 12012 2001 2437 12013 2000 2395 12014 2004 2398 12015 2005 2400 12016 2003 2396 12017 2004 2398 12018 2006 2439 12019 2007 2399 12020 2008 2401 12021 2006 2439 12022 2004 2398 12023 2010 2402 12024 2008 2401 12025 2002 2397 12026 2012 2404 12027 2010 2402 12028 2009 2403 12029 2011 2405 12030 1978 2373 12031 1977 2374 12032 1994 2389 12033 1978 2373 12034 2011 2405 12035 1995 2390 12036 1994 2389 12037 2009 2403 12038 1998 2394 12039 1996 2391 12040 1995 2390 12041 2012 2404 12042 1977 2374 12043 1979 2375 12044 2010 2402 12045 1979 2375 12046 1980 2376 12047 1980 2376 12048 1981 2377 12049 2014 2407 12050 1981 2377 12051 1983 2410 12052 2015 2408 12053 2018 2411 12054 2015 2408 12055 2016 2409 12056 2020 2413 12057 2018 2411 12058 2017 2412 12059 2022 2415 12060 2020 2413 12061 2019 2414 12062 2022 2415 12063 2021 2416 12064 2023 2417 12065 2023 2417 12066 2021 2416 12067 2026 2419 12068 2025 2420 12069 2026 2419 12070 2028 2421 12071 2028 2421 12072 2026 2419 12073 2029 2423 12074 2029 2423 12075 2026 2419 12076 2021 2416 12077 2032 2425 12078 2029 2423 12079 2019 2414 12080 2034 2427 12081 2032 2425 12082 2031 2426 12083 2034 2427 12084 2033 2428 12085 2036 2429 12086 2034 2427 12087 2035 2430 12088 2037 2431 12089 2035 2430 12090 1987 2382 12091 1988 2383 12092 1987 2382 12093 2035 2430 12094 2036 2429 12095 1985 2380 12096 1986 2381 12097 2036 2429 12098 2039 2433 12099 1984 2379 12100 1985 2380 12101 1983 2410 12102 1982 2378 12103 1984 2379 12104 2016 2409 12105 1983 2410 12106 2039 2433 12107 2039 2433 12108 2038 2432 12109 2031 2426 12110 2038 2432 12111 2036 2429 12112 2033 2428 12113 1988 2383 12114 1989 2384 12115 2040 2434 12116 1989 2384 12117 1990 2385 12118 1997 2392 12119 2040 2434 12120 1997 2392 12121 2042 2435 12122 2037 2431 12123 2040 2434 12124 2041 2436 12125 2030 2424 12126 2029 2423 12127 2041 2436 12128 2001 2437 12129 2041 2436 12130 2042 2435 12131 2043 2438 12132 2020 2413 12133 2030 2424 12134 2007 2399 12135 2043 2438 12136 2003 2396 12137 2043 2438 12138 2007 2399 12139 2006 2439 12140 2018 2411 12141 2043 2438 12142 2008 2401 12143 2015 2408 12144 2018 2411 12145 2013 2406 12146 2020 2413 12147 2022 2415 12148 2028 2421 12149 2024 2418 12150 2027 2422 12151 2028 2421 12152 2023 2440 12153 2025 3455 12154 2044 2441 12155 2027 2443 12156 2046 3456 12157 2044 2444 12158 2024 2445 12159 2047 3457 12160 2046 2446 12161 2023 2448 12162 2045 2448 12163 2047 2449 12164 2047 1217 12165 2045 1217 12166 2049 1217 12167 2046 652 12168 2047 652 12169 2048 652 12170 2044 1451 12171 2046 1451 12172 2050 1451 12173 2045 619 12174 2044 619 12175 2051 619 12176 2053 2450 12177 2049 2442 12178 2051 2451 12179 2053 141 12180 2052 141 12181 2055 141 12182 2053 2453 12183 2054 3458 12184 2048 2454 12185 2055 2456 12186 2050 3459 12187 2048 2457 12188 2052 2459 12189 2051 3460 12190 2050 2460 12191 2057 2462 12192 2058 2579 12193 2059 2463 12194 2061 2465 12195 2057 2462 12196 2056 2464 12197 2062 2467 12198 2063 2469 12199 2057 2462 12200 2064 2468 12201 2065 2471 12202 2063 2469 12203 2064 2468 12204 2066 2472 12205 2067 2470 12206 2066 2472 12207 2068 2474 12208 2069 2473 12209 2068 2474 12210 2070 2476 12211 2071 2475 12212 2070 2476 12213 2072 3461 12214 2073 2477 12215 2073 2477 12216 2072 3461 12217 2074 2478 12218 2074 2478 12219 2075 3462 12220 2076 2479 12221 2089 3463 12222 2077 3464 12223 2076 2479 12224 2078 3465 12225 2079 3466 12226 2076 2479 12227 2080 3467 12228 2081 3468 12229 2076 2479 12230 2082 3469 12231 2076 2479 12232 2081 3468 12233 2075 3462 12234 2083 3470 12235 2084 3471 12236 2084 3471 12237 2085 3472 12238 2076 2479 12239 2086 3473 12240 2087 2480 12241 2076 2479 12242 2088 2481 12243 2089 3463 12244 2076 2479 12245 2079 3466 12246 2080 3467 12247 2076 2479 12248 2076 2479 12249 2075 3462 12250 2084 3471 12251 2085 3472 12252 2086 3473 12253 2076 2479 12254 2077 3464 12255 2078 3465 12256 2076 2479 12257 2076 2479 12258 2082 3469 12259 2090 2482 12260 2091 2483 12261 2090 2482 12262 2092 2484 12263 2093 2485 12264 2092 2484 12265 2094 2486 12266 2095 2487 12267 2094 2486 12268 2096 2488 12269 2097 2489 12270 2096 2488 12271 2098 2490 12272 2098 2490 12273 2100 2493 12274 2101 2492 12275 2100 2493 12276 2102 2495 12277 2103 2494 12278 2102 2495 12279 2104 2497 12280 2105 2496 12281 2104 2497 12282 2106 2499 12283 2107 2498 12284 2106 2499 12285 2108 3474 12286 2109 2500 12287 2122 3475 12288 2120 3476 12289 2121 3477 12290 2108 3474 12291 2110 3478 12292 2109 2500 12293 2111 3479 12294 2112 3480 12295 2109 2500 12296 2113 3481 12297 2114 3482 12298 2109 2500 12299 2115 3483 12300 2116 2501 12301 2109 2500 12302 2117 2502 12303 2118 3484 12304 2109 2500 12305 2119 3485 12306 2120 3476 12307 2109 2500 12308 2122 3475 12309 2109 2500 12310 2120 3476 12311 2110 3478 12312 2111 3479 12313 2109 2500 12314 2114 3482 12315 2115 3483 12316 2109 2500 12317 2118 3484 12318 2119 3485 12319 2109 2500 12320 2109 2500 12321 2112 3480 12322 2113 3481 12323 2125 3486 12324 2123 2504 12325 2124 2503 12326 2109 2500 12327 2122 3475 12328 2124 2503 12329 2107 2498 12330 2109 2500 12331 2123 2504 12332 2105 2496 12333 2107 2498 12334 2126 2505 12335 2103 2494 12336 2105 2496 12337 2127 2506 12338 2101 2492 12339 2103 2494 12340 2128 2507 12341 2099 2491 12342 2101 2492 12343 2129 2508 12344 2131 2510 12345 2097 2489 12346 2099 2491 12347 2132 2511 12348 2095 2487 12349 2097 2489 12350 2133 2512 12351 2093 2485 12352 2095 2487 12353 2134 2513 12354 2091 2483 12355 2093 2485 12356 2073 2477 12357 2076 2479 12358 2091 2483 12359 2071 2475 12360 2073 2477 12361 2134 2513 12362 2135 2514 12363 2134 2513 12364 2133 2512 12365 2136 2515 12366 2133 2512 12367 2132 2511 12368 2137 2516 12369 2132 2511 12370 2131 2510 12371 2138 2517 12372 2131 2510 12373 2130 2509 12374 2130 2509 12375 2129 2508 12376 2140 2519 12377 2129 2508 12378 2128 2507 12379 2141 2520 12380 2128 2507 12381 2127 2506 12382 2142 2521 12383 2127 2506 12384 2126 2505 12385 2143 2522 12386 2126 2505 12387 2123 2504 12388 2144 2523 12389 2123 2504 12390 2125 3486 12391 2145 2524 12392 2144 2523 12393 2145 2524 12394 2147 2525 12395 2143 2522 12396 2144 2523 12397 2146 2526 12398 2142 2521 12399 2143 2522 12400 2148 2527 12401 2141 2520 12402 2142 2521 12403 2149 2528 12404 2140 2519 12405 2141 2520 12406 2150 2529 12407 2139 2518 12408 2140 2519 12409 2151 2530 12410 2153 2532 12411 2138 2517 12412 2139 2518 12413 2154 2533 12414 2137 2516 12415 2138 2517 12416 2155 2534 12417 2136 2515 12418 2137 2516 12419 2156 2535 12420 2135 2514 12421 2136 2515 12422 2069 2473 12423 2071 2475 12424 2135 2514 12425 2067 2470 12426 2069 2473 12427 2156 2535 12428 2157 2536 12429 2156 2535 12430 2155 2534 12431 2158 2537 12432 2155 2534 12433 2154 2533 12434 2159 2538 12435 2154 2533 12436 2153 2532 12437 2160 2539 12438 2153 2532 12439 2152 2531 12440 2152 2531 12441 2151 2530 12442 2162 2541 12443 2151 2530 12444 2150 2529 12445 2163 2542 12446 2150 2529 12447 2149 2528 12448 2164 2543 12449 2149 2528 12450 2148 2527 12451 2165 2544 12452 2148 2527 12453 2146 2526 12454 2166 2545 12455 2146 2526 12456 2147 2525 12457 2167 2546 12458 2166 2545 12459 2167 2546 12460 2169 2547 12461 2165 2544 12462 2166 2545 12463 2168 2548 12464 2164 2543 12465 2165 2544 12466 2170 2549 12467 2163 2542 12468 2164 2543 12469 2171 2550 12470 2162 2541 12471 2163 2542 12472 2172 2551 12473 2161 2540 12474 2162 2541 12475 2173 2552 12476 2175 2554 12477 2160 2539 12478 2161 2540 12479 2176 2555 12480 2159 2538 12481 2160 2539 12482 2177 2556 12483 2158 2537 12484 2159 2538 12485 2178 2557 12486 2157 2536 12487 2158 2537 12488 2065 2471 12489 2067 2470 12490 2157 2536 12491 2065 2471 12492 2178 2557 12493 2179 2558 12494 2178 2557 12495 2177 2556 12496 2180 2559 12497 2177 2556 12498 2176 2555 12499 2181 2560 12500 2176 2555 12501 2175 2554 12502 2182 2561 12503 2175 2554 12504 2174 2553 12505 2183 2562 12506 2183 2562 12507 2174 2553 12508 2173 2552 12509 2184 2563 12510 2173 2552 12511 2172 2551 12512 2185 2564 12513 2172 2551 12514 2171 2550 12515 2186 2565 12516 2171 2550 12517 2170 2549 12518 2187 2566 12519 2170 2549 12520 2168 2548 12521 2188 2567 12522 2168 2548 12523 2169 2547 12524 2190 2569 12525 2188 2567 12526 2189 2568 12527 2192 2571 12528 2187 2566 12529 2188 2567 12530 2193 2572 12531 2186 2565 12532 2187 2566 12533 2194 2573 12534 2185 2564 12535 2186 2565 12536 2195 2574 12537 2184 2563 12538 2185 2564 12539 2196 2575 12540 2183 2562 12541 2184 2563 12542 2182 2561 12543 2183 2562 12544 2196 2575 12545 2181 2560 12546 2182 2561 12547 2197 2576 12548 2180 2559 12549 2181 2560 12550 2198 2577 12551 2179 2558 12552 2180 2559 12553 2199 2578 12554 2063 2469 12555 2179 2558 12556 2058 2579 12557 2058 2579 12558 2199 2578 12559 2200 2580 12560 2199 2578 12561 2198 2577 12562 2201 2581 12563 2198 2577 12564 2197 2576 12565 2202 2582 12566 2197 2576 12567 2196 2575 12568 2203 2583 12569 2203 2583 12570 2196 2575 12571 2195 2574 12572 2204 2584 12573 2195 2574 12574 2194 2573 12575 2205 2585 12576 2194 2573 12577 2193 2572 12578 2206 2586 12579 2193 2572 12580 2192 2571 12581 2207 2587 12582 2192 2571 12583 2190 2569 12584 2208 2588 12585 2190 2569 12586 2191 2570 12587 2210 2590 12588 2208 2588 12589 2209 2589 12590 2212 2592 12591 2207 2587 12592 2208 2588 12593 2213 2593 12594 2206 2586 12595 2207 2587 12596 2214 2594 12597 2205 2585 12598 2206 2586 12599 2215 2595 12600 2204 2584 12601 2205 2585 12602 2216 2596 12603 2203 2583 12604 2204 2584 12605 2202 2582 12606 2203 2583 12607 2216 2596 12608 2201 2581 12609 2202 2582 12610 2217 2597 12611 2200 2580 12612 2201 2581 12613 2218 2598 12614 2059 2463 12615 2200 2580 12616 2219 2599 12617 2056 2464 12618 2059 2463 12619 2220 2600 12620 2060 2466 12621 2056 2464 12622 2221 2601 12623 2225 2604 12624 2223 3487 12625 2224 2603 12626 2224 2603 12627 2222 2602 12628 2221 2601 12629 2221 2601 12630 2220 2600 12631 2226 2605 12632 2220 2600 12633 2219 2599 12634 2227 2606 12635 2219 2599 12636 2218 2598 12637 2228 2607 12638 2218 2598 12639 2217 2597 12640 2229 2608 12641 2217 2597 12642 2216 2596 12643 2230 2609 12644 2230 2609 12645 2216 2596 12646 2215 2595 12647 2231 2610 12648 2215 2595 12649 2214 2594 12650 2232 2611 12651 2214 2594 12652 2213 2593 12653 2233 2612 12654 2213 2593 12655 2212 2592 12656 2234 2613 12657 2212 2592 12658 2210 2590 12659 2237 3488 12660 2235 2614 12661 2236 2615 12662 2210 2590 12663 2211 2591 12664 2236 2615 12665 2250 3489 12666 2238 2619 12667 2235 2614 12668 2235 2614 12669 2237 3488 12670 2240 3490 12671 2239 3491 12672 2240 3490 12673 2237 3488 12674 2241 3492 12675 2242 3493 12676 2235 2614 12677 2243 3494 12678 2244 2616 12679 2235 2614 12680 2245 2617 12681 2246 3495 12682 2235 2614 12683 2247 3496 12684 2248 3497 12685 2235 2614 12686 2249 3498 12687 2250 3489 12688 2235 2614 12689 2235 2614 12690 2240 3490 12691 2241 3492 12692 2242 3493 12693 2243 3494 12694 2235 2614 12695 2246 3495 12696 2247 3496 12697 2235 2614 12698 2249 3498 12699 2235 2614 12700 2248 3497 12701 2251 2618 12702 2234 2613 12703 2235 2614 12704 2252 2620 12705 2233 2612 12706 2234 2613 12707 2253 2621 12708 2232 2611 12709 2233 2612 12710 2254 2622 12711 2231 2610 12712 2232 2611 12713 2255 2623 12714 2230 2609 12715 2231 2610 12716 2255 2623 12717 2256 2624 12718 2229 2608 12719 2256 2624 12720 2257 2625 12721 2228 2607 12722 2257 2625 12723 2258 2626 12724 2227 2606 12725 2258 2626 12726 2259 2627 12727 2226 2605 12728 2259 2627 12729 2260 3499 12730 2225 2604 12731 2225 2604 12732 2260 3499 12733 2261 3500 12734 2261 3500 12735 2262 3501 12736 2225 2604 12737 2263 3502 12738 2264 3503 12739 2225 2604 12740 2265 3504 12741 2266 3505 12742 2225 2604 12743 2267 3506 12744 2268 2628 12745 2225 2604 12746 2269 2629 12747 2270 3507 12748 2225 2604 12749 2271 3508 12750 2272 3509 12751 2223 3487 12752 2223 3487 12753 2225 2604 12754 2271 3508 12755 2262 3501 12756 2263 3502 12757 2225 2604 12758 2266 3505 12759 2267 3506 12760 2225 2604 12761 2270 3507 12762 2271 3508 12763 2225 2604 12764 2225 2604 12765 2264 3503 12766 2265 3504 12767 2277 2634 12768 2276 2633 12769 2278 2635 12770 2276 2633 12771 2273 2630 12772 2280 2637 12773 2275 2632 12774 2281 2639 12775 2280 2637 12776 2282 2638 12777 2283 2696 12778 2281 2639 12779 2285 2641 12780 2286 2644 12781 2287 2642 12782 2288 2643 12783 2289 2692 12784 2286 2644 12785 2292 2647 12786 2293 2650 12787 2294 2648 12788 2292 2647 12789 2295 2651 12790 2296 2649 12791 2295 2651 12792 2297 2652 12793 2298 2653 12794 2299 2654 12795 2300 2684 12796 2298 2653 12797 2302 2656 12798 2303 2657 12799 2304 2658 12800 2306 2660 12801 2307 2663 12802 2304 2658 12803 2306 2660 12804 2308 2661 12805 2309 2662 12806 2308 2661 12807 2310 2665 12808 2311 2664 12809 2313 2667 12810 2314 2668 12811 2315 2669 12812 2317 2671 12813 2318 2672 12814 2315 2669 12815 2277 2634 12816 2279 2636 12817 2318 2672 12818 2318 2672 12819 2279 2636 12820 2320 2673 12821 2315 2669 12822 2318 2672 12823 2319 2674 12824 2316 2670 12825 2315 2669 12826 2321 2675 12827 2324 2677 12828 2316 2670 12829 2322 2676 12830 2311 2664 12831 2324 2677 12832 2323 2678 12833 2309 2662 12834 2311 2664 12835 2325 2679 12836 2307 2663 12837 2309 2662 12838 2326 2680 12839 2304 2658 12840 2307 2663 12841 2327 475 12842 2305 2659 12843 2304 2658 12844 2328 476 12845 2331 2682 12846 2305 2659 12847 2329 2681 12848 2300 2684 12849 2331 2682 12850 2330 2683 12851 2298 2653 12852 2300 2684 12853 2332 2685 12854 2296 2649 12855 2298 2653 12856 2333 2686 12857 2293 2650 12858 2296 2649 12859 2334 2687 12860 2294 2648 12861 2293 2650 12862 2335 2688 12863 2338 2690 12864 2294 2648 12865 2336 2689 12866 2289 2692 12867 2338 2690 12868 2337 2691 12869 2286 2644 12870 2289 2692 12871 2339 2693 12872 2287 2642 12873 2286 2644 12874 2340 2694 12875 2283 2696 12876 2287 2642 12877 2341 2695 12878 2281 2639 12879 2283 2696 12880 2342 2275 12881 2280 2637 12882 2281 2639 12883 2343 2697 12884 2278 2635 12885 2280 2637 12886 2344 2698 12887 2279 2636 12888 2278 2635 12889 2345 2699 12890 2282 2638 12891 2284 2640 12892 2287 2642 12893 2288 2643 12894 2290 2645 12895 2338 2690 12896 2290 2645 12897 2291 2646 12898 2294 2648 12899 2301 2655 12900 2331 2682 12901 2300 2684 12902 2301 2655 12903 2302 2656 12904 2305 2659 12905 2312 2666 12906 2324 2677 12907 2311 2664 12908 2313 2667 12909 2316 2670 12910 2324 2677 12911 2347 2700 12912 2348 2724 12913 2349 2701 12914 2346 2702 12915 2349 2701 12916 2351 2703 12917 2350 2704 12918 2351 2703 12919 2353 2705 12920 2355 2707 12921 2356 3510 12922 2357 2708 12923 2352 2706 12924 2353 2705 12925 2355 2707 12926 2357 2708 12927 2356 3510 12928 2359 2710 12929 2358 2711 12930 2359 2710 12931 2361 2712 12932 2360 2713 12933 2361 2712 12934 2363 2714 12935 2362 2715 12936 2363 2714 12937 2365 2716 12938 2364 2717 12939 2365 2716 12940 2367 2718 12941 2366 2719 12942 2367 2718 12943 2369 2720 12944 2368 2721 12945 2369 2720 12946 2371 2722 12947 2370 2723 12948 2371 2722 12949 2348 2724 12950 2346 2725 12951 2372 2729 12952 2373 2726 12953 2346 2725 12954 2350 2730 12955 2374 2728 12956 2350 2730 12957 2352 652 12958 2375 2731 12959 2375 2731 12960 2352 652 12961 2354 652 12962 2375 2731 12963 2376 2732 12964 2377 2733 12965 2379 2735 12966 2380 2764 12967 2377 2733 12968 2379 2735 12969 2376 2736 12970 2382 2737 12971 2384 2739 12972 2385 2832 12973 2386 2740 12974 2388 2742 12975 2384 2739 12976 2383 2741 12977 2390 2744 12978 2388 2742 12979 2387 2743 12980 2392 2746 12981 2390 2744 12982 2389 2745 12983 2394 2748 12984 2392 2746 12985 2391 2747 12986 2396 2750 12987 2394 2748 12988 2393 2749 12989 2398 2752 12990 2396 2750 12991 2395 2751 12992 2400 2754 12993 2398 2752 12994 2397 2753 12995 2402 2756 12996 2400 2754 12997 2399 2755 12998 2404 2757 12999 2402 2756 13000 2401 2756 13001 2406 2759 13002 2404 2757 13003 2403 2758 13004 2408 2761 13005 2406 2759 13006 2405 2760 13007 2409 2763 13008 2408 2761 13009 2407 2762 13010 2411 2765 13011 2409 2763 13012 2380 2764 13013 2413 2767 13014 2414 2768 13015 2409 2763 13016 2414 2768 13017 2413 2767 13018 2416 2769 13019 2418 2771 13020 2414 2768 13021 2415 2770 13022 2420 2773 13023 2418 2771 13024 2417 2772 13025 2422 2775 13026 2420 2773 13027 2419 2774 13028 2424 2777 13029 2422 2775 13030 2421 2776 13031 2426 2779 13032 2424 2777 13033 2423 2778 13034 2428 2781 13035 2426 2779 13036 2425 2780 13037 2430 2783 13038 2428 2781 13039 2427 2782 13040 2432 2785 13041 2430 2783 13042 2429 2784 13043 2434 2787 13044 2432 2785 13045 2431 2786 13046 2436 2789 13047 2434 2787 13048 2433 2788 13049 2438 2791 13050 2436 2789 13051 2435 2790 13052 2440 2793 13053 2438 2791 13054 2437 2792 13055 2442 2795 13056 2440 2793 13057 2439 2794 13058 2439 2794 13059 2437 2792 13060 2446 2799 13061 2437 2792 13062 2435 2790 13063 2447 2800 13064 2435 2790 13065 2433 2788 13066 2448 2801 13067 2433 2788 13068 2431 2786 13069 2449 2802 13070 2431 2786 13071 2429 2784 13072 2450 2803 13073 2429 2784 13074 2427 2782 13075 2451 2804 13076 2427 2782 13077 2425 2780 13078 2452 2805 13079 2425 2780 13080 2423 2778 13081 2453 2806 13082 2423 2778 13083 2421 2776 13084 2454 2807 13085 2421 2776 13086 2419 2774 13087 2455 2808 13088 2419 2774 13089 2417 2772 13090 2456 2809 13091 2417 2772 13092 2415 2770 13093 2457 2810 13094 2458 2811 13095 2461 141 13096 2460 141 13097 2444 2797 13098 2462 2814 13099 2463 2812 13100 2464 2813 13101 2465 2816 13102 2462 2814 13103 2464 2813 13104 2444 2797 13105 2445 2798 13106 2466 2815 13107 2464 2813 13108 2446 2799 13109 2465 2816 13110 2464 2813 13111 2466 2815 13112 2468 2818 13113 2469 2817 13114 2470 2819 13115 2469 2817 13116 2472 2822 13117 2473 2821 13118 2472 2822 13119 2474 2825 13120 2475 2823 13121 2476 2824 13122 2477 2831 13123 2475 2823 13124 2467 2817 13125 2466 2815 13126 2479 2826 13127 2479 2826 13128 2466 2815 13129 2447 2800 13130 2479 2826 13131 2448 2801 13132 2449 2802 13133 2478 2822 13134 2479 2826 13135 2480 2827 13136 2482 2828 13137 2481 2825 13138 2480 2827 13139 2483 2829 13140 2480 2827 13141 2449 2802 13142 2484 2830 13143 2483 2829 13144 2450 2803 13145 2482 2828 13146 2483 2829 13147 2484 2830 13148 2476 2824 13149 2485 619 13150 2484 2830 13151 2484 2830 13152 2451 2804 13153 2452 2805 13154 2477 2831 13155 2452 2805 13156 2453 2806 13157 2473 2821 13158 2475 2823 13159 2453 2806 13160 2473 2821 13161 2454 2807 13162 2455 2808 13163 2470 2819 13164 2455 2808 13165 2456 2809 13166 2471 2820 13167 2456 2809 13168 2457 2810 13169 2463 2812 13170 2468 2818 13171 2471 2820 13172 2440 2793 13173 2442 2795 13174 2385 2832 13175 2438 2791 13176 2440 2793 13177 2384 2739 13178 2436 2789 13179 2438 2791 13180 2388 2742 13181 2434 2787 13182 2436 2789 13183 2390 2744 13184 2432 2785 13185 2434 2787 13186 2392 2746 13187 2430 2783 13188 2432 2785 13189 2394 2748 13190 2428 2781 13191 2430 2783 13192 2396 2750 13193 2426 2779 13194 2428 2781 13195 2398 2752 13196 2424 2777 13197 2426 2779 13198 2400 2754 13199 2422 2775 13200 2424 2777 13201 2402 2756 13202 2420 2773 13203 2422 2775 13204 2404 2757 13205 2418 2771 13206 2420 2773 13207 2406 2759 13208 2414 2768 13209 2418 2771 13210 2408 2761 13211 2380 2764 13212 2407 2762 13213 2378 2734 13214 2407 2762 13215 2405 2760 13216 2487 2833 13217 2405 2760 13218 2403 2758 13219 2488 2834 13220 2403 2758 13221 2401 2756 13222 2489 2835 13223 2401 2756 13224 2399 2755 13225 2490 2836 13226 2399 2755 13227 2397 2753 13228 2491 2837 13229 2397 2753 13230 2395 2751 13231 2492 2838 13232 2395 2751 13233 2393 2749 13234 2493 2839 13235 2393 2749 13236 2391 2747 13237 2494 2840 13238 2391 2747 13239 2389 2745 13240 2495 2841 13241 2389 2745 13242 2387 2743 13243 2496 2842 13244 2387 2743 13245 2383 2741 13246 2497 2843 13247 2381 2738 13248 2382 2737 13249 2497 2843 13250 2498 2844 13251 2496 2842 13252 2497 2843 13253 2498 2844 13254 2382 2845 13255 2357 2846 13256 2376 2732 13257 2354 652 13258 2357 2846 13259 2498 2844 13260 2358 652 13261 2360 2847 13262 2499 2848 13263 2495 2841 13264 2496 2842 13265 2500 2849 13266 2494 2840 13267 2495 2841 13268 2499 2848 13269 2360 2847 13270 2362 2850 13271 2501 2851 13272 2500 2849 13273 2362 2850 13274 2500 2849 13275 2501 2851 13276 2493 2839 13277 2502 2852 13278 2492 2838 13279 2493 2839 13280 2501 2851 13281 2364 652 13282 2366 2853 13283 2502 2852 13284 2366 2853 13285 2368 2854 13286 2503 2855 13287 2491 2837 13288 2492 2838 13289 2503 2855 13290 2504 2856 13291 2490 2836 13292 2504 2856 13293 2503 2855 13294 2368 2854 13295 2370 2857 13296 2347 2727 13297 2373 2726 13298 2504 2856 13299 2373 2726 13300 2489 2835 13301 2372 2729 13302 2488 2834 13303 2489 2835 13304 2372 2729 13305 2374 2728 13306 2487 2833 13307 2374 2728 13308 2375 2731 13309 2378 2734 13310 2381 652 13311 2505 652 13312 2506 652 13313 2505 652 13314 2381 652 13315 2486 2858 13316 2386 652 13317 2486 2858 13318 2381 652 13319 2410 652 13320 2380 652 13321 2379 652 13322 2379 652 13323 2506 652 13324 2508 2861 13325 2508 2861 13326 2509 3511 13327 2411 2862 13328 2411 2862 13329 2509 3511 13330 2510 2863 13331 2510 2863 13332 2511 2866 13333 2459 2865 13334 2512 619 13335 2461 619 13336 2459 2865 13337 2513 619 13338 2460 619 13339 2461 619 13340 2460 619 13341 2513 619 13342 2514 2867 13343 2442 2869 13344 2443 2868 13345 2514 2867 13346 2516 2871 13347 2385 2872 13348 2442 2869 13349 2516 2871 13350 2507 2859 13351 2486 2858 13352 2517 2873 13353 2518 2876 13354 2465 2874 13355 2518 2876 13356 2519 2878 13357 2462 2877 13358 2519 2878 13359 2520 3512 13360 2463 2879 13361 2463 2879 13362 2520 3512 13363 2521 2880 13364 2468 2881 13365 2521 2880 13366 2522 2882 13367 2469 2883 13368 2522 2882 13369 2523 2884 13370 2472 2885 13371 2523 2884 13372 2524 2886 13373 2474 2887 13374 2524 2886 13375 2525 2888 13376 2476 2889 13377 2525 2888 13378 2526 2890 13379 2526 2890 13380 2527 2893 13381 2482 2892 13382 2527 2893 13383 2528 2895 13384 2481 2894 13385 2528 2895 13386 2529 2897 13387 2478 2896 13388 2529 2897 13389 2517 2873 13390 2467 2875 13391 2531 95 13392 2532 95 13393 2533 95 13394 2535 619 13395 2531 619 13396 2530 619 13397 2532 1217 13398 2531 1217 13399 2535 1217 13400 2537 652 13401 2533 652 13402 2532 652 13403 2534 1451 13404 2530 1451 13405 2533 1451 13406 2539 2898 13407 2540 2902 13408 2541 2899 13409 2542 2901 13410 2543 2904 13411 2540 2902 13412 2544 2903 13413 2545 2906 13414 2543 2904 13415 2546 2905 13416 2547 2908 13417 2545 2906 13418 2548 2907 13419 2549 2910 13420 2547 2908 13421 2550 2909 13422 2551 2912 13423 2549 2910 13424 2552 2911 13425 2553 2914 13426 2551 2912 13427 2554 2913 13428 2555 2916 13429 2553 2914 13430 2556 2915 13431 2557 2918 13432 2555 2916 13433 2558 2917 13434 2559 2920 13435 2557 2918 13436 2560 2919 13437 2561 2922 13438 2559 2920 13439 2562 2921 13440 2563 2924 13441 2561 2922 13442 2564 2923 13443 2565 2926 13444 2563 2924 13445 2566 2925 13446 2567 2928 13447 2565 2926 13448 2568 2927 13449 2569 2930 13450 2567 2928 13451 2570 2929 13452 2571 2932 13453 2569 2930 13454 2572 2931 13455 2573 2934 13456 2571 2932 13457 2574 2933 13458 2575 2936 13459 2573 2934 13460 2576 2935 13461 2577 2938 13462 2575 2936 13463 2578 2937 13464 2579 2940 13465 2577 2938 13466 2580 2939 13467 2581 2942 13468 2579 2940 13469 2582 2941 13470 2583 2944 13471 2581 2942 13472 2584 2943 13473 2585 2946 13474 2583 2944 13475 2586 2945 13476 2587 2948 13477 2585 2946 13478 2588 2947 13479 2589 2950 13480 2587 2948 13481 2590 2949 13482 2591 2952 13483 2589 2950 13484 2592 2951 13485 2593 2954 13486 2591 2952 13487 2594 2953 13488 2595 2956 13489 2593 2954 13490 2596 2955 13491 2597 2958 13492 2595 2956 13493 2598 2957 13494 2599 2960 13495 2597 2958 13496 2600 2959 13497 2601 2962 13498 2599 2960 13499 2602 2961 13500 2603 2964 13501 2601 2962 13502 2604 2963 13503 2605 2966 13504 2603 2964 13505 2606 2965 13506 2607 2968 13507 2605 2966 13508 2608 2967 13509 2609 2970 13510 2607 2968 13511 2610 2969 13512 2611 2972 13513 2609 2970 13514 2612 2971 13515 2613 2974 13516 2611 2972 13517 2614 2973 13518 2615 2976 13519 2613 2974 13520 2616 2975 13521 2617 2978 13522 2615 2976 13523 2618 2977 13524 2619 2980 13525 2617 2978 13526 2620 2979 13527 2621 2982 13528 2619 2980 13529 2622 2981 13530 2623 2984 13531 2621 2982 13532 2624 2983 13533 2625 2986 13534 2623 2984 13535 2626 2985 13536 2627 2988 13537 2625 2986 13538 2628 2987 13539 2629 2990 13540 2627 2988 13541 2630 2989 13542 2631 2992 13543 2629 2990 13544 2632 2991 13545 2633 2994 13546 2631 2992 13547 2634 2993 13548 2635 2996 13549 2633 2994 13550 2636 2995 13551 2637 2998 13552 2635 2996 13553 2638 2997 13554 2639 3000 13555 2637 2998 13556 2640 2999 13557 2641 3001 13558 2639 3000 13559 2538 2900 13560 2541 2899 13561 2641 3001 13562 2643 2900 13563 2644 2899 13564 2645 3001 13565 2646 3002 13566 2647 3004 13567 2644 2899 13568 2648 3003 13569 2649 3005 13570 2647 3004 13571 2650 2903 13572 2651 2906 13573 2649 3005 13574 2652 2905 13575 2653 2908 13576 2651 2906 13577 2654 2907 13578 2655 2910 13579 2653 2908 13580 2656 2909 13581 2657 2912 13582 2655 2910 13583 2658 3006 13584 2659 3008 13585 2657 2912 13586 2660 3007 13587 2661 3010 13588 2659 3008 13589 2662 3009 13590 2663 3012 13591 2661 3010 13592 2664 3011 13593 2665 3014 13594 2663 3012 13595 2666 3013 13596 2667 3016 13597 2665 3014 13598 2668 3015 13599 2669 3018 13600 2667 3016 13601 2670 3017 13602 2671 3020 13603 2669 3018 13604 2672 3019 13605 2673 3022 13606 2671 3020 13607 2674 3021 13608 2675 3024 13609 2673 3022 13610 2676 3023 13611 2677 3026 13612 2675 3024 13613 2678 3025 13614 2679 3028 13615 2677 3026 13616 2680 3027 13617 2681 3029 13618 2679 3028 13619 2682 2935 13620 2683 2938 13621 2681 3029 13622 2684 2937 13623 2685 2940 13624 2683 2938 13625 2686 2939 13626 2687 2942 13627 2685 2940 13628 2688 2941 13629 2689 2944 13630 2687 2942 13631 2690 2943 13632 2691 3031 13633 2689 2944 13634 2692 3030 13635 2693 3033 13636 2691 3031 13637 2694 3032 13638 2695 2950 13639 2693 3033 13640 2696 2949 13641 2697 2952 13642 2695 2950 13643 2698 2951 13644 2699 2954 13645 2697 2952 13646 2700 2953 13647 2701 2956 13648 2699 2954 13649 2702 2955 13650 2703 2958 13651 2701 2956 13652 2704 3034 13653 2705 3036 13654 2703 2958 13655 2706 3035 13656 2707 3038 13657 2705 3036 13658 2708 3037 13659 2709 3040 13660 2707 3038 13661 2710 3039 13662 2711 3042 13663 2709 3040 13664 2712 3041 13665 2713 3044 13666 2711 3042 13667 2714 3043 13668 2715 3046 13669 2713 3044 13670 2716 3045 13671 2717 3048 13672 2715 3046 13673 2718 3047 13674 2719 3050 13675 2717 3048 13676 2720 3049 13677 2721 3052 13678 2719 3050 13679 2722 3051 13680 2723 3054 13681 2721 3052 13682 2724 3053 13683 2725 3056 13684 2723 3054 13685 2726 3055 13686 2727 3058 13687 2725 3056 13688 2728 3057 13689 2729 3060 13690 2727 3058 13691 2730 3059 13692 2731 3062 13693 2729 3060 13694 2732 3061 13695 2733 3064 13696 2731 3062 13697 2734 3063 13698 2735 3066 13699 2733 3064 13700 2736 3065 13701 2737 3068 13702 2735 3066 13703 2738 3067 13704 2739 3069 13705 2737 3068 13706 2740 2993 13707 2741 2996 13708 2739 3069 13709 2742 2995 13710 2743 2998 13711 2741 2996 13712 2744 2997 13713 2745 3000 13714 2743 2998 13715 2642 2999 13716 2645 3001 13717 2745 3000 13718 2747 2938 13719 2748 3108 13720 2749 3070 13721 2751 9 13722 2747 2938 13723 2746 3071 13724 2753 3072 13725 2751 9 13726 2750 10 13727 2755 3074 13728 2753 3072 13729 2752 3073 13730 2757 3076 13731 2755 3074 13732 2754 3075 13733 2759 17 13734 2757 3076 13735 2756 3077 13736 2761 3078 13737 2759 17 13738 2758 17 13739 2763 3080 13740 2761 3078 13741 2760 3079 13742 2765 3082 13743 2763 3080 13744 2762 3081 13745 2767 3084 13746 2765 3082 13747 2764 3083 13748 2769 3086 13749 2767 3084 13750 2766 3085 13751 2771 2173 13752 2769 3086 13753 2768 3087 13754 2773 3089 13755 2771 2173 13756 2770 3088 13757 2775 3091 13758 2773 3089 13759 2772 3090 13760 2777 3093 13761 2775 3091 13762 2774 3092 13763 2779 3094 13764 2777 3093 13765 2776 35 13766 2781 38 13767 2779 3094 13768 2778 3095 13769 2783 3097 13770 2781 38 13771 2780 3096 13772 2785 3099 13773 2783 3097 13774 2782 3098 13775 2787 3101 13776 2785 3099 13777 2784 3100 13778 2789 3102 13779 2787 3101 13780 2786 2158 13781 2791 3104 13782 2789 3102 13783 2788 3103 13784 2793 3106 13785 2791 3104 13786 2790 3105 13787 2748 3108 13788 2793 3106 13789 2792 3107 13790 2795 3109 13791 2793 3155 13792 2748 3110 13793 2796 3112 13794 2797 3115 13795 2747 3113 13796 2794 3111 13797 2748 3110 13798 2747 3113 13799 2798 3116 13800 2796 3112 13801 2751 3114 13802 2800 3118 13803 2755 3121 13804 2757 3119 13805 2800 3118 13806 2798 3116 13807 2753 3117 13808 2801 3122 13809 2799 3120 13810 2757 3119 13811 2802 3124 13812 2803 3127 13813 2761 3125 13814 2803 3127 13815 2801 3122 13816 2759 3123 13817 2804 3128 13818 2802 3124 13819 2763 3126 13820 2805 3130 13821 2806 3133 13822 2767 3131 13823 2806 3133 13824 2804 3128 13825 2765 3129 13826 2807 3134 13827 2805 3130 13828 2769 3132 13829 2809 3136 13830 2773 3139 13831 2775 3137 13832 2809 3136 13833 2807 3134 13834 2771 3135 13835 2808 3138 13836 2775 3137 13837 2777 3140 13838 2812 3142 13839 2779 3145 13840 2781 3143 13841 2812 3142 13842 2810 3141 13843 2777 3140 13844 2811 3144 13845 2781 3143 13846 2783 3146 13847 2815 3148 13848 2785 3151 13849 2787 3149 13850 2813 3147 13851 2783 3146 13852 2785 3151 13853 2814 3150 13854 2787 3149 13855 2789 3152 13856 2795 3109 13857 2817 3156 13858 2791 3154 13859 2816 3153 13860 2789 3152 13861 2791 3154 13862 2820 3163 13863 2821 3208 13864 2822 3164 13865 2824 3166 13866 2820 3163 13867 2819 3165 13868 2826 3168 13869 2824 3166 13870 2823 3167 13871 2828 3170 13872 2826 3168 13873 2825 3169 13874 2830 3172 13875 2828 3170 13876 2827 3171 13877 2832 3174 13878 2830 3172 13879 2829 3173 13880 2834 3176 13881 2832 3174 13882 2831 3175 13883 2836 3178 13884 2834 3176 13885 2833 3177 13886 2838 3180 13887 2836 3178 13888 2835 3179 13889 2840 3182 13890 2838 3180 13891 2837 3181 13892 2842 3184 13893 2840 3182 13894 2839 3183 13895 2844 3185 13896 2842 3184 13897 2841 3184 13898 2846 3187 13899 2844 3185 13900 2843 3186 13901 2848 3189 13902 2846 3187 13903 2845 3188 13904 2850 3191 13905 2848 3189 13906 2847 3190 13907 2852 3193 13908 2850 3191 13909 2849 3192 13910 2854 3195 13911 2852 3193 13912 2851 3194 13913 2856 3197 13914 2854 3195 13915 2853 3196 13916 2858 3199 13917 2856 3197 13918 2855 3198 13919 2860 3201 13920 2858 3199 13921 2857 3200 13922 2862 3203 13923 2860 3201 13924 2859 3202 13925 2864 3205 13926 2862 3203 13927 2861 3204 13928 2866 3207 13929 2864 3205 13930 2863 3206 13931 2821 3208 13932 2866 3207 13933 2865 17 13934 2867 3209 13935 2868 3256 13936 2866 3210 13937 2869 3212 13938 2867 3209 13939 2821 3211 13940 2870 3214 13941 2869 3212 13942 2820 3213 13943 2872 3216 13944 2826 3219 13945 2828 3217 13946 2872 3216 13947 2870 3214 13948 2824 3215 13949 2871 3218 13950 2828 3217 13951 2830 3220 13952 2875 3222 13953 2832 3225 13954 2834 3223 13955 2873 3221 13956 2830 3220 13957 2832 3225 13958 2874 3224 13959 2834 3223 13960 2836 3226 13961 2878 3228 13962 2838 3231 13963 2840 3229 13964 2876 3227 13965 2836 3226 13966 2838 3231 13967 2877 3230 13968 2840 3229 13969 2842 3232 13970 2880 3234 13971 2881 3237 13972 2844 3235 13973 2879 3233 13974 2842 3232 13975 2844 3235 13976 2882 3238 13977 2880 3234 13978 2846 3236 13979 2884 3240 13980 2850 3243 13981 2852 3241 13982 2884 3240 13983 2882 3238 13984 2848 3239 13985 2883 3242 13986 2852 3241 13987 2854 3244 13988 2886 3246 13989 2887 3249 13990 2856 3247 13991 2885 3245 13992 2854 3244 13993 2856 3247 13994 2888 3250 13995 2886 3246 13996 2858 3248 13997 2889 3252 13998 2890 3255 13999 2862 3253 14000 2890 3255 14001 2888 3250 14002 2860 3251 14003 2868 3256 14004 2889 3252 14005 2864 3254 14006 2892 3265 14007 2893 3268 14008 2894 3266 14009 2896 3267 14010 2897 619 14011 2894 3266 14012 2896 3267 14013 2898 619 14014 2899 619 14015 2900 3269 14016 2901 619 14017 2899 619 14018 2900 3269 14019 2902 3271 14020 2903 3270 14021 2902 3271 14022 2904 3273 14023 2905 3272 14024 2904 3273 14025 2906 619 14026 2907 619 14027 2908 3273 14028 2909 3272 14029 2907 619 14030 2910 3271 14031 2911 3274 14032 2909 3272 14033 2912 3269 14034 2913 619 14035 2911 3274 14036 2912 3269 14037 2914 619 14038 2915 619 14039 2916 3275 14040 2917 619 14041 2915 619 14042 2916 3275 14043 2918 3513 14044 2919 3276 14045 2919 3276 14046 2918 3513 14047 2892 3265 14048 2920 3277 14049 2921 3303 14050 2893 3278 14051 2922 3279 14052 2920 3277 14053 2892 141 14054 2923 3281 14055 2922 3279 14056 2918 3280 14057 2924 3283 14058 2923 3281 14059 2916 3282 14060 2925 3285 14061 2924 3283 14062 2914 3284 14063 2926 3287 14064 2925 3285 14065 2912 3286 14066 2927 3289 14067 2926 3287 14068 2910 3288 14069 2928 3291 14070 2927 3289 14071 2908 3290 14072 2929 3293 14073 2928 3291 14074 2906 3292 14075 2930 3295 14076 2929 3293 14077 2904 3294 14078 2931 3297 14079 2930 3295 14080 2902 3296 14081 2932 3299 14082 2931 3297 14083 2900 3298 14084 2933 3301 14085 2932 3299 14086 2898 3300 14087 2921 3303 14088 2933 3301 14089 2896 3302 14090 2934 3304 14091 2935 3305 14092 2933 3301 14093 2938 3307 14094 2937 3306 14095 2920 3277 14096 2934 3304 14097 2921 3303 14098 2920 3277 14099 2938 3307 14100 2922 3279 14101 2923 3281 14102 2940 3309 14103 2939 3308 14104 2923 3281 14105 2940 3309 14106 2924 3283 14107 2925 3285 14108 2942 3311 14109 2941 3310 14110 2925 3285 14111 2943 3312 14112 2942 3311 14113 2926 3287 14114 2944 3313 14115 2928 3291 14116 2929 3293 14117 2944 3313 14118 2943 3312 14119 2927 3289 14120 2945 3314 14121 2929 3293 14122 2930 3295 14123 2946 3315 14124 2930 3295 14125 2931 3297 14126 2948 3317 14127 2947 3316 14128 2931 3297 14129 2948 3317 14130 2932 3299 14131 2933 3301 14132</p>
        </polylist>
      </mesh>
    </geometry>
  </library_geometries>
  <library_controllers/>
  <library_visual_scenes>
    <visual_scene id="Scene" name="Scene">
      <node id="Mesh12_Group15_Group11_Group6_Group1_Model" name="Mesh12_Group15_Group11_Group6_Group1_Model" type="NODE">
        <matrix sid="transform">0.89 0 0 0 0 -1.62921e-7 -1 0 0 1 -1.62921e-7 0 0 0 0 1</matrix>
        <instance_geometry url="#Mesh12_Group15_Group11_Group6_Group1_Model-mesh" name="Mesh12_Group15_Group11_Group6_Group1_Model">
          <bind_material>
            <technique_common>
              <instance_material symbol="FrontColor-material" target="#FrontColor-material">
                <bind_vertex_input semantic="UVMap" input_semantic="TEXCOORD" input_set="0"/>
              </instance_material>
            </technique_common>
          </bind_material>
        </instance_geometry>
      </node>
    </visual_scene>
  </library_visual_scenes>
  <scene>
    <instance_visual_scene url="#Scene"/>
  </scene>
</COLLADA>