<?xml version="1.0" encoding="utf-8"?>
<COLLADA xmlns="http://www.collada.org/2005/11/COLLADASchema" version="1.4.1">
  <asset>
    <contributor>
      <author>Blender User</author>
      <authoring_tool>Blender 2.78.0 commit date:2016-10-24, commit time:12:20, hash:e8299c8</authoring_tool>
    </contributor>
    <created>2021-11-04T12:02:13</created>
    <modified>2021-11-04T12:02:13</modified>
    <unit name="meter" meter="1"/>
    <up_axis>Z_UP</up_axis>
  </asset>
  <library_images>
    <image id="video_store_vhs_02__color_png" name="video_store_vhs_02__color_png">
      <init_from>/I:/3D_Asset_Packages/For%20Sale/Video_Store/VHS_02/Model/video_store_vhs_02__color.png</init_from>
    </image>
  </library_images>
  <library_effects>
    <effect id="FrontColor-effect">
      <profile_COMMON>
        <newparam sid="video_store_vhs_02__color_png-surface">
          <surface type="2D">
            <init_from>video_store_vhs_02__color_png</init_from>
          </surface>
        </newparam>
        <newparam sid="video_store_vhs_02__color_png-sampler">
          <sampler2D>
            <source>video_store_vhs_02__color_png-surface</source>
          </sampler2D>
        </newparam>
        <technique sid="common">
          <phong>
            <emission>
              <color sid="emission">0 0 0 1</color>
            </emission>
            <ambient>
              <color sid="ambient">0 0 0 1</color>
            </ambient>
            <diffuse>
              <texture texture="video_store_vhs_02__color_png-sampler" texcoord="UVMap"/>
            </diffuse>
            <specular>
              <color sid="specular">1 1 1 1</color>
            </specular>
            <shininess>
              <float sid="shininess">52</float>
            </shininess>
            <transparent opaque="A_ONE">
              <color>1 1 1 1</color>
            </transparent>
            <index_of_refraction>
              <float sid="index_of_refraction">1</float>
            </index_of_refraction>
          </phong>
        </technique>
      </profile_COMMON>
    </effect>
  </library_effects>
  <library_materials>
    <material id="FrontColor-material" name="FrontColor">
      <instance_effect url="#FrontColor-effect"/>
    </material>
  </library_materials>
  <library_geometries>
    <geometry id="Mesh19_Group21_Group2_Group1_Model-mesh" name="Mesh19_Group21_Group2_Group1_Model">
      <mesh>
        <source id="Mesh19_Group21_Group2_Group1_Model-mesh-positions">
          <float_array id="Mesh19_Group21_Group2_Group1_Model-mesh-positions-array" count="6480">0.263935 0.1899999 0.04245895 0.263935 0.1899999 -0.05554097 0.245935 0.1899999 -0.05554097 0.245935 0.1899999 0.04245895 0.264935 0.189 0.04245895 0.264935 0.189 -0.05554097 0.264935 0.000999987 -0.05554097 0.263935 0.000999987 -0.05654096 0.263935 0.189 -0.05654096 0.263935 0 -0.05554097 0.264935 0.000999987 0.04245895 0.263935 0 0.04245895 0.263935 0.000999987 0.04345899 0.245935 0.000999987 0.04345899 0.245935 0 0.04245895 0.245935 0.189 0.04345899 0.263935 0.189 0.04345899 0.244935 0.189 0.04245895 0.244935 0.000999987 0.04245895 0.244935 0.000999987 -0.05554097 0.244935 0.189 -0.05554097 0.245935 0.189 -0.05654096 0.245935 0.000999987 -0.05654096 0.245935 0 -0.05554097 0.434245 0.402 0.03901398 0.434245 0.402 -0.05898594 0.416245 0.402 -0.05898594 0.416245 0.402 0.03901398 0.435245 0.401 0.03901398 0.435245 0.401 -0.05898594 0.434245 0.401 0.04001396 0.416245 0.401 0.04001396 0.415245 0.401 0.03901398 0.415245 0.401 -0.05898594 0.416245 0.401 -0.05998599 0.434245 0.401 -0.05998599 0.434245 0.2129999 -0.05998599 0.435245 0.2129999 -0.05898594 0.434245 0.2129999 0.04001396 0.435245 0.2129999 0.03901398 0.416245 0.212 0.03901398 0.434245 0.212 0.03901398 0.416245 0.2129999 0.04001396 0.434245 0.212 -0.05898594 0.415245 0.2129999 0.03901398 0.416245 0.212 -0.05898594 0.415245 0.2129999 -0.05898594 0.416245 0.2129999 -0.05998599 -0.265222 0.402 0.03645896 -0.265222 0.402 -0.06154096 -0.283222 0.402 -0.06154096 -0.283222 0.402 0.03645896 -0.264222 0.401 0.03645896 -0.264222 0.401 -0.06154096 -0.265222 0.401 0.03745895 -0.283222 0.401 0.03745895 -0.284222 0.401 0.03645896 -0.284222 0.401 -0.06154096 -0.283222 0.401 -0.062541 -0.265222 0.401 -0.062541 -0.265222 0.2129999 -0.062541 -0.264222 0.2129999 -0.06154096 -0.265222 0.2129999 0.03745895 -0.264222 0.2129999 0.03645896 -0.283222 0.212 0.03645896 -0.265222 0.212 0.03645896 -0.283222 0.2129999 0.03745895 -0.265222 0.212 -0.06154096 -0.284222 0.2129999 0.03645896 -0.283222 0.212 -0.06154096 -0.284222 0.2129999 -0.06154096 -0.283222 0.2129999 -0.062541 -0.01488196 0.1899999 0.04899996 -0.01488196 0.1899999 -0.04899996 -0.03288197 0.1899999 -0.04899996 -0.03288197 0.1899999 0.04899996 -0.01388198 0.189 0.04899996 -0.01388198 0.189 -0.04899996 -0.01388198 0.000999987 -0.04899996 -0.01488196 0.000999987 -0.04999995 -0.01488196 0.189 -0.04999995 -0.01488196 0 -0.04899996 -0.01388198 0.000999987 0.04899996 -0.01488196 0 0.04899996 -0.01488196 0.000999987 0.04999995 -0.03288197 0.000999987 0.04999995 -0.03288197 0 0.04899996 -0.03288197 0.189 0.04999995 -0.01488196 0.189 0.04999995 -0.03388196 0.189 0.04899996 -0.03388196 0.000999987 0.04899996 -0.03388196 0.000999987 -0.04899996 -0.03388196 0.189 -0.04899996 -0.03288197 0.189 -0.04999995 -0.03288197 0.000999987 -0.04999995 -0.03288197 0 -0.04899996 -0.286857 0.402 0.04245895 -0.286857 0.402 -0.05554097 -0.304857 0.402 -0.05554097 -0.304857 0.402 0.04245895 -0.285857 0.401 0.04245895 -0.285857 0.401 -0.05554097 -0.286857 0.401 0.04345899 -0.304857 0.401 0.04345899 -0.305857 0.401 0.04245895 -0.305857 0.401 -0.05554097 -0.304857 0.401 -0.05654096 -0.286857 0.401 -0.05654096 -0.286857 0.2129999 -0.05654096 -0.285857 0.2129999 -0.05554097 -0.286857 0.2129999 0.04345899 -0.285857 0.2129999 0.04245895 -0.304857 0.212 0.04245895 -0.286857 0.212 0.04245895 -0.304857 0.2129999 0.04345899 -0.286857 0.212 -0.05554097 -0.305857 0.2129999 0.04245895 -0.304857 0.212 -0.05554097 -0.305857 0.2129999 -0.05554097 -0.304857 0.2129999 -0.05654096 0.162883 0.402 0.04355597 0.162883 0.402 -0.05444395 0.144883 0.402 -0.05444395 0.144883 0.402 0.04355597 0.163883 0.401 0.04355597 0.163883 0.401 -0.05444395 0.162883 0.401 0.04455596 0.144883 0.401 0.04455596 0.143883 0.401 0.04355597 0.143883 0.401 -0.05444395 0.144883 0.401 -0.055444 0.162883 0.401 -0.055444 0.162883 0.2129999 -0.055444 0.163883 0.2129999 -0.05444395 0.162883 0.2129999 0.04455596 0.163883 0.2129999 0.04355597 0.144883 0.212 0.04355597 0.162883 0.212 0.04355597 0.144883 0.2129999 0.04455596 0.162883 0.212 -0.05444395 0.143883 0.2129999 0.04355597 0.144883 0.212 -0.05444395 0.143883 0.2129999 -0.05444395 0.144883 0.2129999 -0.055444 0.456078 0.402 0.04245895 0.456078 0.402 -0.05554097 0.438078 0.402 -0.05554097 0.438078 0.402 0.04245895 0.457078 0.401 0.04245895 0.457078 0.401 -0.05554097 0.456078 0.401 0.04345899 0.438078 0.401 0.04345899 0.437078 0.401 0.04245895 0.437078 0.401 -0.05554097 0.438078 0.401 -0.05654096 0.456078 0.401 -0.05654096 0.456078 0.2129999 -0.05654096 0.457078 0.2129999 -0.05554097 0.456078 0.2129999 0.04345899 0.457078 0.2129999 0.04245895 0.438078 0.212 0.04245895 0.456078 0.212 0.04245895 0.438078 0.2129999 0.04345899 0.456078 0.212 -0.05554097 0.437078 0.2129999 0.04245895 0.438078 0.212 -0.05554097 0.437078 0.2129999 -0.05554097 0.438078 0.2129999 -0.05654096 -0.179327 0.402 0.04245895 -0.179327 0.402 -0.05554097 -0.197327 0.402 -0.05554097 -0.197327 0.402 0.04245895 -0.178327 0.401 0.04245895 -0.178327 0.401 -0.05554097 -0.179327 0.401 0.04345899 -0.197327 0.401 0.04345899 -0.198327 0.401 0.04245895 -0.198327 0.401 -0.05554097 -0.197327 0.401 -0.05654096 -0.179327 0.401 -0.05654096 -0.179327 0.2129999 -0.05654096 -0.178327 0.2129999 -0.05554097 -0.179327 0.2129999 0.04345899 -0.178327 0.2129999 0.04245895 -0.197327 0.212 0.04245895 -0.179327 0.212 0.04245895 -0.197327 0.2129999 0.04345899 -0.179327 0.212 -0.05554097 -0.198327 0.2129999 0.04245895 -0.197327 0.212 -0.05554097 -0.198327 0.2129999 -0.05554097 -0.197327 0.2129999 -0.05654096 -0.329636 0.402 0.04145896 -0.329636 0.402 -0.05654096 -0.347636 0.402 -0.05654096 -0.347636 0.402 0.04145896 -0.328636 0.401 0.04145896 -0.328636 0.401 -0.05654096 -0.329636 0.401 0.04245895 -0.347636 0.401 0.04245895 -0.348636 0.401 0.04145896 -0.348636 0.401 -0.05654096 -0.347636 0.401 -0.05754095 -0.329636 0.401 -0.05754095 -0.329636 0.2129999 -0.05754095 -0.328636 0.2129999 -0.05654096 -0.329636 0.2129999 0.04245895 -0.328636 0.2129999 0.04145896 -0.347636 0.212 0.04145896 -0.329636 0.212 0.04145896 -0.347636 0.2129999 0.04245895 -0.329636 0.212 -0.05654096 -0.348636 0.2129999 0.04145896 -0.347636 0.212 -0.05654096 -0.348636 0.2129999 -0.05654096 -0.347636 0.2129999 -0.05754095 -0.35047 0.1899999 0.04344195 -0.35047 0.1899999 -0.05455797 -0.36847 0.1899999 -0.05455797 -0.36847 0.1899999 0.04344195 -0.34947 0.189 0.04344195 -0.34947 0.189 -0.05455797 -0.34947 0.000999987 -0.05455797 -0.35047 0.000999987 -0.05555796 -0.35047 0.189 -0.05555796 -0.35047 0 -0.05455797 -0.34947 0.000999987 0.04344195 -0.35047 0 0.04344195 -0.35047 0.000999987 0.04444199 -0.36847 0.000999987 0.04444199 -0.36847 0 0.04344195 -0.36847 0.189 0.04444199 -0.35047 0.189 0.04444199 -0.36947 0.189 0.04344195 -0.36947 0.000999987 0.04344195 -0.36947 0.000999987 -0.05455797 -0.36947 0.189 -0.05455797 -0.36847 0.189 -0.05555796 -0.36847 0.000999987 -0.05555796 -0.36847 0 -0.05455797 0.04925894 0.1899999 0.04355597 0.04925894 0.1899999 -0.05444395 0.031259 0.1899999 -0.05444395 0.031259 0.1899999 0.04355597 0.05025899 0.189 0.04355597 0.05025899 0.189 -0.05444395 0.05025899 0.000999987 -0.05444395 0.04925894 0.000999987 -0.055444 0.04925894 0.189 -0.055444 0.04925894 0 -0.05444395 0.05025899 0.000999987 0.04355597 0.04925894 0 0.04355597 0.04925894 0.000999987 0.04455596 0.031259 0.000999987 0.04455596 0.031259 0 0.04355597 0.031259 0.189 0.04455596 0.04925894 0.189 0.04455596 0.03025895 0.189 0.04355597 0.03025895 0.000999987 0.04355597 0.03025895 0.000999987 -0.05444395 0.03025895 0.189 -0.05444395 0.031259 0.189 -0.055444 0.031259 0.000999987 -0.055444 0.031259 0 -0.05444395 -0.2048529 0.1899999 0.04899996 -0.2048529 0.1899999 -0.04899996 -0.222853 0.1899999 -0.04899996 -0.222853 0.1899999 0.04899996 -0.203853 0.189 0.04899996 -0.203853 0.189 -0.04899996 -0.203853 0.000999987 -0.04899996 -0.2048529 0.000999987 -0.04999995 -0.2048529 0.189 -0.04999995 -0.2048529 0 -0.04899996 -0.203853 0.000999987 0.04899996 -0.2048529 0 0.04899996 -0.2048529 0.000999987 0.04999995 -0.222853 0.000999987 0.04999995 -0.222853 0 0.04899996 -0.222853 0.189 0.04999995 -0.2048529 0.189 0.04999995 -0.223853 0.189 0.04899996 -0.223853 0.000999987 0.04899996 -0.223853 0.000999987 -0.04899996 -0.223853 0.189 -0.04899996 -0.222853 0.189 -0.04999995 -0.222853 0.000999987 -0.04999995 -0.222853 0 -0.04899996 0.01329296 0.402 0.04899996 0.01329296 0.402 -0.04899996 -0.004706978 0.402 -0.04899996 -0.004706978 0.402 0.04899996 0.01429295 0.401 0.04899996 0.01429295 0.401 -0.04899996 0.01329296 0.401 0.04999995 -0.004706978 0.401 0.04999995 -0.005706965 0.401 0.04899996 -0.005706965 0.401 -0.04899996 -0.004706978 0.401 -0.04999995 0.01329296 0.401 -0.04999995 0.01329296 0.2129999 -0.04999995 0.01429295 0.2129999 -0.04899996 0.01329296 0.2129999 0.04999995 0.01429295 0.2129999 0.04899996 -0.004706978 0.212 0.04899996 0.01329296 0.212 0.04899996 -0.004706978 0.2129999 0.04999995 0.01329296 0.212 -0.04899996 -0.005706965 0.2129999 0.04899996 -0.004706978 0.212 -0.04899996 -0.005706965 0.2129999 -0.04899996 -0.004706978 0.2129999 -0.04999995 0.120862 0.402 0.04299998 0.120862 0.402 -0.05499994 0.102862 0.402 -0.05499994 0.102862 0.402 0.04299998 0.121862 0.401 0.04299998 0.121862 0.401 -0.05499994 0.120862 0.401 0.04399996 0.102862 0.401 0.04399996 0.101862 0.401 0.04299998 0.101862 0.401 -0.05499994 0.102862 0.401 -0.05599999 0.120862 0.401 -0.05599999 0.120862 0.2129999 -0.05599999 0.121862 0.2129999 -0.05499994 0.120862 0.2129999 0.04399996 0.121862 0.2129999 0.04299998 0.102862 0.212 0.04299998 0.120862 0.212 0.04299998 0.102862 0.2129999 0.04399996 0.120862 0.212 -0.05499994 0.101862 0.2129999 0.04299998 0.102862 0.212 -0.05499994 0.101862 0.2129999 -0.05499994 0.102862 0.2129999 -0.05599999 0.371203 0.1899999 0.04245895 0.371203 0.1899999 -0.05554097 0.353203 0.1899999 -0.05554097 0.353203 0.1899999 0.04245895 0.372203 0.189 0.04245895 0.372203 0.189 -0.05554097 0.372203 0.000999987 -0.05554097 0.371203 0.000999987 -0.05654096 0.371203 0.189 -0.05654096 0.371203 0 -0.05554097 0.372203 0.000999987 0.04245895 0.371203 0 0.04245895 0.371203 0.000999987 0.04345899 0.353203 0.000999987 0.04345899 0.353203 0 0.04245895 0.353203 0.189 0.04345899 0.371203 0.189 0.04345899 0.352203 0.189 0.04245895 0.352203 0.000999987 0.04245895 0.352203 0.000999987 -0.05554097 0.352203 0.189 -0.05554097 0.353203 0.189 -0.05654096 0.353203 0.000999987 -0.05654096 0.353203 0 -0.05554097 -0.184249 0.1899999 0.04899996 -0.184249 0.1899999 -0.04899996 -0.202249 0.1899999 -0.04899996 -0.202249 0.1899999 0.04899996 -0.1832489 0.189 0.04899996 -0.1832489 0.189 -0.04899996 -0.1832489 0.000999987 -0.04899996 -0.184249 0.000999987 -0.04999995 -0.184249 0.189 -0.04999995 -0.184249 0 -0.04899996 -0.1832489 0.000999987 0.04899996 -0.184249 0 0.04899996 -0.184249 0.000999987 0.04999995 -0.202249 0.000999987 0.04999995 -0.202249 0 0.04899996 -0.202249 0.189 0.04999995 -0.184249 0.189 0.04999995 -0.203249 0.189 0.04899996 -0.203249 0.000999987 0.04899996 -0.203249 0.000999987 -0.04899996 -0.203249 0.189 -0.04899996 -0.202249 0.189 -0.04999995 -0.202249 0.000999987 -0.04999995 -0.202249 0 -0.04899996 0.266359 0.402 0.04555594 0.266359 0.402 -0.05244398 0.248359 0.402 -0.05244398 0.248359 0.402 0.04555594 0.267359 0.401 0.04555594 0.267359 0.401 -0.05244398 0.266359 0.401 0.04655599 0.248359 0.401 0.04655599 0.247359 0.401 0.04555594 0.247359 0.401 -0.05244398 0.248359 0.401 -0.05344396 0.266359 0.401 -0.05344396 0.266359 0.2129999 -0.05344396 0.267359 0.2129999 -0.05244398 0.266359 0.2129999 0.04655599 0.267359 0.2129999 0.04555594 0.248359 0.212 0.04555594 0.266359 0.212 0.04555594 0.248359 0.2129999 0.04655599 0.266359 0.212 -0.05244398 0.247359 0.2129999 0.04555594 0.248359 0.212 -0.05244398 0.247359 0.2129999 -0.05244398 0.248359 0.2129999 -0.05344396 0.09922796 0.402 0.04899996 0.09922796 0.402 -0.04899996 0.08122795 0.402 -0.04899996 0.08122795 0.402 0.04899996 0.100228 0.401 0.04899996 0.100228 0.401 -0.04899996 0.09922796 0.401 0.04999995 0.08122795 0.401 0.04999995 0.08022797 0.401 0.04899996 0.08022797 0.401 -0.04899996 0.08122795 0.401 -0.04999995 0.09922796 0.401 -0.04999995 0.09922796 0.2129999 -0.04999995 0.100228 0.2129999 -0.04899996 0.09922796 0.2129999 0.04999995 0.100228 0.2129999 0.04899996 0.08122795 0.212 0.04899996 0.09922796 0.212 0.04899996 0.08122795 0.2129999 0.04999995 0.09922796 0.212 -0.04899996 0.08022797 0.2129999 0.04899996 0.08122795 0.212 -0.04899996 0.08022797 0.2129999 -0.04899996 0.08122795 0.2129999 -0.04999995 0.392108 0.402 0.04344195 0.392108 0.402 -0.05455797 0.374108 0.402 -0.05455797 0.374108 0.402 0.04344195 0.393108 0.401 0.04344195 0.393108 0.401 -0.05455797 0.392108 0.401 0.04444199 0.374108 0.401 0.04444199 0.373108 0.401 0.04344195 0.373108 0.401 -0.05455797 0.374108 0.401 -0.05555796 0.392108 0.401 -0.05555796 0.392108 0.2129999 -0.05555796 0.393108 0.2129999 -0.05455797 0.392108 0.2129999 0.04444199 0.393108 0.2129999 0.04344195 0.374108 0.212 0.04344195 0.392108 0.212 0.04344195 0.374108 0.2129999 0.04444199 0.392108 0.212 -0.05455797 0.373108 0.2129999 0.04344195 0.374108 0.212 -0.05455797 0.373108 0.2129999 -0.05455797 0.374108 0.2129999 -0.05555796 -0.05128997 0.402 0.04899996 -0.05128997 0.402 -0.04899996 -0.06928998 0.402 -0.04899996 -0.06928998 0.402 0.04899996 -0.05028998 0.401 0.04899996 -0.05028998 0.401 -0.04899996 -0.05128997 0.401 0.04999995 -0.06928998 0.401 0.04999995 -0.07028996 0.401 0.04899996 -0.07028996 0.401 -0.04899996 -0.06928998 0.401 -0.04999995 -0.05128997 0.401 -0.04999995 -0.05128997 0.2129999 -0.04999995 -0.05028998 0.2129999 -0.04899996 -0.05128997 0.2129999 0.04999995 -0.05028998 0.2129999 0.04899996 -0.06928998 0.212 0.04899996 -0.05128997 0.212 0.04899996 -0.06928998 0.2129999 0.04999995 -0.05128997 0.212 -0.04899996 -0.07028996 0.2129999 0.04899996 -0.06928998 0.212 -0.04899996 -0.07028996 0.2129999 -0.04899996 -0.06928998 0.2129999 -0.04999995 -0.115225 0.402 0.03901398 -0.115225 0.402 -0.05898594 -0.133225 0.402 -0.05898594 -0.133225 0.402 0.03901398 -0.114225 0.401 0.03901398 -0.114225 0.401 -0.05898594 -0.115225 0.401 0.04001396 -0.133225 0.401 0.04001396 -0.134225 0.401 0.03901398 -0.134225 0.401 -0.05898594 -0.133225 0.401 -0.05998599 -0.115225 0.401 -0.05998599 -0.115225 0.2129999 -0.05998599 -0.114225 0.2129999 -0.05898594 -0.115225 0.2129999 0.04001396 -0.114225 0.2129999 0.03901398 -0.133225 0.212 0.03901398 -0.115225 0.212 0.03901398 -0.133225 0.2129999 0.04001396 -0.115225 0.212 -0.05898594 -0.134225 0.2129999 0.03901398 -0.133225 0.212 -0.05898594 -0.134225 0.2129999 -0.05898594 -0.133225 0.2129999 -0.05998599 0.348884 0.402 0.03982496 0.348884 0.402 -0.05817496 0.330884 0.402 -0.05817496 0.330884 0.402 0.03982496 0.349884 0.401 0.03982496 0.349884 0.401 -0.05817496 0.348884 0.401 0.04082494 0.330884 0.401 0.04082494 0.329884 0.401 0.03982496 0.329884 0.401 -0.05817496 0.330884 0.401 -0.05917495 0.348884 0.401 -0.05917495 0.348884 0.2129999 -0.05917495 0.349884 0.2129999 -0.05817496 0.348884 0.2129999 0.04082494 0.349884 0.2129999 0.03982496 0.330884 0.212 0.03982496 0.348884 0.212 0.03982496 0.330884 0.2129999 0.04082494 0.348884 0.212 -0.05817496 0.329884 0.2129999 0.03982496 0.330884 0.212 -0.05817496 0.329884 0.2129999 -0.05817496 0.330884 0.2129999 -0.05917495 0.307252 0.402 0.04344195 0.307252 0.402 -0.05455797 0.289252 0.402 -0.05455797 0.289252 0.402 0.04344195 0.308252 0.401 0.04344195 0.308252 0.401 -0.05455797 0.307252 0.401 0.04444199 0.289252 0.401 0.04444199 0.288252 0.401 0.04344195 0.288252 0.401 -0.05455797 0.289252 0.401 -0.05555796 0.307252 0.401 -0.05555796 0.307252 0.2129999 -0.05555796 0.308252 0.2129999 -0.05455797 0.307252 0.2129999 0.04444199 0.308252 0.2129999 0.04344195 0.289252 0.212 0.04344195 0.307252 0.212 0.04344195 0.289252 0.2129999 0.04444199 0.307252 0.212 -0.05455797 0.288252 0.2129999 0.04344195 0.289252 0.212 -0.05455797 0.288252 0.2129999 -0.05455797 0.289252 0.2129999 -0.05555796 0.327968 0.402 0.03799796 0.327968 0.402 -0.06000196 0.309968 0.402 -0.06000196 0.309968 0.402 0.03799796 0.328968 0.401 0.03799796 0.328968 0.401 -0.06000196 0.327968 0.401 0.03899794 0.309968 0.401 0.03899794 0.308968 0.401 0.03799796 0.308968 0.401 -0.06000196 0.309968 0.401 -0.06100195 0.327968 0.401 -0.06100195 0.327968 0.2129999 -0.06100195 0.328968 0.2129999 -0.06000196 0.327968 0.2129999 0.03899794 0.328968 0.2129999 0.03799796 0.309968 0.212 0.03799796 0.327968 0.212 0.03799796 0.309968 0.2129999 0.03899794 0.327968 0.212 -0.06000196 0.308968 0.2129999 0.03799796 0.309968 0.212 -0.06000196 0.308968 0.2129999 -0.06000196 0.309968 0.2129999 -0.06100195 -0.136171 0.402 0.04145896 -0.136171 0.402 -0.05654096 -0.154171 0.402 -0.05654096 -0.154171 0.402 0.04145896 -0.1351709 0.401 0.04145896 -0.1351709 0.401 -0.05654096 -0.136171 0.401 0.04245895 -0.154171 0.401 0.04245895 -0.155171 0.401 0.04145896 -0.155171 0.401 -0.05654096 -0.154171 0.401 -0.05754095 -0.136171 0.401 -0.05754095 -0.136171 0.2129999 -0.05754095 -0.1351709 0.2129999 -0.05654096 -0.136171 0.2129999 0.04245895 -0.1351709 0.2129999 0.04145896 -0.154171 0.212 0.04145896 -0.136171 0.212 0.04145896 -0.154171 0.2129999 0.04245895 -0.136171 0.212 -0.05654096 -0.155171 0.2129999 0.04145896 -0.154171 0.212 -0.05654096 -0.155171 0.2129999 -0.05654096 -0.154171 0.2129999 -0.05754095 0.13525 0.1899999 0.03901398 0.13525 0.1899999 -0.05898594 0.11725 0.1899999 -0.05898594 0.11725 0.1899999 0.03901398 0.13625 0.189 0.03901398 0.13625 0.189 -0.05898594 0.13625 0.000999987 -0.05898594 0.13525 0.000999987 -0.05998599 0.13525 0.189 -0.05998599 0.13525 0 -0.05898594 0.13625 0.000999987 0.03901398 0.13525 0 0.03901398 0.13525 0.000999987 0.04001396 0.11725 0.000999987 0.04001396 0.11725 0 0.03901398 0.11725 0.189 0.04001396 0.13525 0.189 0.04001396 0.11625 0.189 0.03901398 0.11625 0.000999987 0.03901398 0.11625 0.000999987 -0.05898594 0.11625 0.189 -0.05898594 0.11725 0.189 -0.05998599 0.11725 0.000999987 -0.05998599 0.11725 0 -0.05898594 0.478712 0.1899999 0.03645896 0.478712 0.1899999 -0.06154096 0.460712 0.1899999 -0.06154096 0.460712 0.1899999 0.03645896 0.479712 0.189 0.03645896 0.479712 0.189 -0.06154096 0.479712 0.000999987 -0.06154096 0.478712 0.000999987 -0.062541 0.478712 0.189 -0.062541 0.478712 0 -0.06154096 0.479712 0.000999987 0.03645896 0.478712 0 0.03645896 0.478712 0.000999987 0.03745895 0.460712 0.000999987 0.03745895 0.460712 0 0.03645896 0.460712 0.189 0.03745895 0.478712 0.189 0.03745895 0.459712 0.189 0.03645896 0.459712 0.000999987 0.03645896 0.459712 0.000999987 -0.06154096 0.459712 0.189 -0.06154096 0.460712 0.189 -0.062541 0.460712 0.000999987 -0.062541 0.460712 0 -0.06154096 0.435344 0.1899999 0.03701394 0.435344 0.1899999 -0.06098598 0.417344 0.1899999 -0.06098598 0.417344 0.1899999 0.03701394 0.436344 0.189 0.03701394 0.436344 0.189 -0.06098598 0.436344 0.000999987 -0.06098598 0.435344 0.000999987 -0.06198596 0.435344 0.189 -0.06198596 0.435344 0 -0.06098598 0.436344 0.000999987 0.03701394 0.435344 0 0.03701394 0.435344 0.000999987 0.03801399 0.417344 0.000999987 0.03801399 0.417344 0 0.03701394 0.417344 0.189 0.03801399 0.435344 0.189 0.03801399 0.416344 0.189 0.03701394 0.416344 0.000999987 0.03701394 0.416344 0.000999987 -0.06098598 0.416344 0.189 -0.06098598 0.417344 0.189 -0.06198596 0.417344 0.000999987 -0.06198596 0.417344 0 -0.06098598 0.177738 0.1899999 0.04245895 0.177738 0.1899999 -0.05554097 0.159738 0.1899999 -0.05554097 0.159738 0.1899999 0.04245895 0.1787379 0.189 0.04245895 0.1787379 0.189 -0.05554097 0.1787379 0.000999987 -0.05554097 0.177738 0.000999987 -0.05654096 0.177738 0.189 -0.05654096 0.177738 0 -0.05554097 0.1787379 0.000999987 0.04245895 0.177738 0 0.04245895 0.177738 0.000999987 0.04345899 0.159738 0.000999987 0.04345899 0.159738 0 0.04245895 0.159738 0.189 0.04345899 0.177738 0.189 0.04345899 0.158738 0.189 0.04245895 0.158738 0.000999987 0.04245895 0.158738 0.000999987 -0.05554097 0.158738 0.189 -0.05554097 0.159738 0.189 -0.05654096 0.159738 0.000999987 -0.05654096 0.159738 0 -0.05554097 -0.02923399 0.402 0.04355597 -0.02923399 0.402 -0.05444395 -0.04723399 0.402 -0.05444395 -0.04723399 0.402 0.04355597 -0.028234 0.401 0.04355597 -0.028234 0.401 -0.05444395 -0.02923399 0.401 0.04455596 -0.04723399 0.401 0.04455596 -0.04823398 0.401 0.04355597 -0.04823398 0.401 -0.05444395 -0.04723399 0.401 -0.055444 -0.02923399 0.401 -0.055444 -0.02923399 0.2129999 -0.055444 -0.028234 0.2129999 -0.05444395 -0.02923399 0.2129999 0.04455596 -0.028234 0.2129999 0.04355597 -0.04723399 0.212 0.04355597 -0.02923399 0.212 0.04355597 -0.04723399 0.2129999 0.04455596 -0.02923399 0.212 -0.05444395 -0.04823398 0.2129999 0.04355597 -0.04723399 0.212 -0.05444395 -0.04823398 0.2129999 -0.05444395 -0.04723399 0.2129999 -0.055444 0.1838 0.402 0.04538297 0.1838 0.402 -0.05261695 0.1658 0.402 -0.05261695 0.1658 0.402 0.04538297 0.1848 0.401 0.04538297 0.1848 0.401 -0.05261695 0.1838 0.401 0.04638296 0.1658 0.401 0.04638296 0.1648 0.401 0.04538297 0.1648 0.401 -0.05261695 0.1658 0.401 -0.053617 0.1838 0.401 -0.053617 0.1838 0.2129999 -0.053617 0.1848 0.2129999 -0.05261695 0.1838 0.2129999 0.04638296 0.1848 0.2129999 0.04538297 0.1658 0.212 0.04538297 0.1838 0.212 0.04538297 0.1658 0.2129999 0.04638296 0.1838 0.212 -0.05261695 0.1648 0.2129999 0.04538297 0.1658 0.212 -0.05261695 0.1648 0.2129999 -0.05261695 0.1658 0.2129999 -0.053617 -0.328859 0.1899999 0.03982496 -0.328859 0.1899999 -0.05817496 -0.346859 0.1899999 -0.05817496 -0.346859 0.1899999 0.03982496 -0.327859 0.189 0.03982496 -0.327859 0.189 -0.05817496 -0.327859 0.000999987 -0.05817496 -0.328859 0.000999987 -0.05917495 -0.328859 0.189 -0.05917495 -0.328859 0 -0.05817496 -0.327859 0.000999987 0.03982496 -0.328859 0 0.03982496 -0.328859 0.000999987 0.04082494 -0.346859 0.000999987 0.04082494 -0.346859 0 0.03982496 -0.346859 0.189 0.04082494 -0.328859 0.189 0.04082494 -0.347859 0.189 0.03982496 -0.347859 0.000999987 0.03982496 -0.347859 0.000999987 -0.05817496 -0.347859 0.189 -0.05817496 -0.346859 0.189 -0.05917495 -0.346859 0.000999987 -0.05917495 -0.346859 0 -0.05817496 -0.41422 0.1899999 0.03901398 -0.41422 0.1899999 -0.05898594 -0.43222 0.1899999 -0.05898594 -0.43222 0.1899999 0.03901398 -0.41322 0.189 0.03901398 -0.41322 0.189 -0.05898594 -0.41322 0.000999987 -0.05898594 -0.41422 0.000999987 -0.05998599 -0.41422 0.189 -0.05998599 -0.41422 0 -0.05898594 -0.41322 0.000999987 0.03901398 -0.41422 0 0.03901398 -0.41422 0.000999987 0.04001396 -0.43222 0.000999987 0.04001396 -0.43222 0 0.03901398 -0.43222 0.189 0.04001396 -0.41422 0.189 0.04001396 -0.43322 0.189 0.03901398 -0.43322 0.000999987 0.03901398 -0.43322 0.000999987 -0.05898594 -0.43322 0.189 -0.05898594 -0.43222 0.189 -0.05998599 -0.43222 0.000999987 -0.05998599 -0.43222 0 -0.05898594 -0.163775 0.1899999 0.04538297 -0.163775 0.1899999 -0.05261695 -0.181775 0.1899999 -0.05261695 -0.181775 0.1899999 0.04538297 -0.162775 0.189 0.04538297 -0.162775 0.189 -0.05261695 -0.162775 0.000999987 -0.05261695 -0.163775 0.000999987 -0.053617 -0.163775 0.189 -0.053617 -0.163775 0 -0.05261695 -0.162775 0.000999987 0.04538297 -0.163775 0 0.04538297 -0.163775 0.000999987 0.04638296 -0.181775 0.000999987 0.04638296 -0.181775 0 0.04538297 -0.181775 0.189 0.04638296 -0.163775 0.189 0.04638296 -0.182775 0.189 0.04538297 -0.182775 0.000999987 0.04538297 -0.182775 0.000999987 -0.05261695 -0.182775 0.189 -0.05261695 -0.181775 0.189 -0.053617 -0.181775 0.000999987 -0.053617 -0.181775 0 -0.05261695 0.05644899 0.402 0.04799997 0.05644899 0.402 -0.04999995 0.03844898 0.402 -0.04999995 0.03844898 0.402 0.04799997 0.05744898 0.401 0.04799997 0.05744898 0.401 -0.04999995 0.05644899 0.401 0.04899996 0.03844898 0.401 0.04899996 0.037449 0.401 0.04799997 0.037449 0.401 -0.04999995 0.03844898 0.401 -0.05099999 0.05644899 0.401 -0.05099999 0.05644899 0.2129999 -0.05099999 0.05744898 0.2129999 -0.04999995 0.05644899 0.2129999 0.04899996 0.05744898 0.2129999 0.04799997 0.03844898 0.212 0.04799997 0.05644899 0.212 0.04799997 0.03844898 0.2129999 0.04899996 0.05644899 0.212 -0.04999995 0.037449 0.2129999 0.04799997 0.03844898 0.212 -0.04999995 0.037449 0.2129999 -0.04999995 0.03844898 0.2129999 -0.05099999 -0.267227 0.1899999 0.04899996 -0.267227 0.1899999 -0.04899996 -0.285227 0.1899999 -0.04899996 -0.285227 0.1899999 0.04899996 -0.266227 0.189 0.04899996 -0.266227 0.189 -0.04899996 -0.266227 0.000999987 -0.04899996 -0.267227 0.000999987 -0.04999995 -0.267227 0.189 -0.04999995 -0.267227 0 -0.04899996 -0.266227 0.000999987 0.04899996 -0.267227 0 0.04899996 -0.267227 0.000999987 0.04999995 -0.285227 0.000999987 0.04999995 -0.285227 0 0.04899996 -0.285227 0.189 0.04999995 -0.267227 0.189 0.04999995 -0.286227 0.189 0.04899996 -0.286227 0.000999987 0.04899996 -0.286227 0.000999987 -0.04899996 -0.286227 0.189 -0.04899996 -0.285227 0.189 -0.04999995 -0.285227 0.000999987 -0.04999995 -0.285227 0 -0.04899996 0.07131499 0.1899999 0.04899996 0.07131499 0.1899999 -0.04899996 0.05331498 0.1899999 -0.04899996 0.05331498 0.1899999 0.04899996 0.07231497 0.189 0.04899996 0.07231497 0.189 -0.04899996 0.07231497 0.000999987 -0.04899996 0.07131499 0.000999987 -0.04999995 0.07131499 0.189 -0.04999995 0.07131499 0 -0.04899996 0.07231497 0.000999987 0.04899996 0.07131499 0 0.04899996 0.07131499 0.000999987 0.04999995 0.05331498 0.000999987 0.04999995 0.05331498 0 0.04899996 0.05331498 0.189 0.04999995 0.07131499 0.189 0.04999995 0.05231499 0.189 0.04899996 0.05231499 0.000999987 0.04899996 0.05231499 0.000999987 -0.04899996 0.05231499 0.189 -0.04899996 0.05331498 0.189 -0.04999995 0.05331498 0.000999987 -0.04999995 0.05331498 0 -0.04899996 0.306881 0.1899999 0.04245895 0.306881 0.1899999 -0.05554097 0.288881 0.1899999 -0.05554097 0.288881 0.1899999 0.04245895 0.307881 0.189 0.04245895 0.307881 0.189 -0.05554097 0.307881 0.000999987 -0.05554097 0.306881 0.000999987 -0.05654096 0.306881 0.189 -0.05654096 0.306881 0 -0.05554097 0.307881 0.000999987 0.04245895 0.306881 0 0.04245895 0.306881 0.000999987 0.04345899 0.288881 0.000999987 0.04345899 0.288881 0 0.04245895 0.288881 0.189 0.04345899 0.306881 0.189 0.04345899 0.287881 0.189 0.04245895 0.287881 0.000999987 0.04245895 0.287881 0.000999987 -0.05554097 0.287881 0.189 -0.05554097 0.288881 0.189 -0.05654096 0.288881 0.000999987 -0.05654096 0.288881 0 -0.05554097 0.414427 0.1899999 0.03884196 0.414427 0.1899999 -0.05915796 0.396427 0.1899999 -0.05915796 0.396427 0.1899999 0.03884196 0.415427 0.189 0.03884196 0.415427 0.189 -0.05915796 0.415427 0.000999987 -0.05915796 0.414427 0.000999987 -0.06015795 0.414427 0.189 -0.06015795 0.414427 0 -0.05915796 0.415427 0.000999987 0.03884196 0.414427 0 0.03884196 0.414427 0.000999987 0.03984194 0.396427 0.000999987 0.03984194 0.396427 0 0.03884196 0.396427 0.189 0.03984194 0.414427 0.189 0.03984194 0.395427 0.189 0.03884196 0.395427 0.000999987 0.03884196 0.395427 0.000999987 -0.05915796 0.395427 0.189 -0.05915796 0.396427 0.189 -0.06015795 0.396427 0.000999987 -0.06015795 0.396427 0 -0.05915796 -0.008317947 0.402 0.04538297 -0.008317947 0.402 -0.05261695 -0.02631795 0.402 -0.05261695 -0.02631795 0.402 0.04538297 -0.00731796 0.401 0.04538297 -0.00731796 0.401 -0.05261695 -0.008317947 0.401 0.04638296 -0.02631795 0.401 0.04638296 -0.027318 0.401 0.04538297 -0.027318 0.401 -0.05261695 -0.02631795 0.401 -0.053617 -0.008317947 0.401 -0.053617 -0.008317947 0.2129999 -0.053617 -0.00731796 0.2129999 -0.05261695 -0.008317947 0.2129999 0.04638296 -0.00731796 0.2129999 0.04538297 -0.02631795 0.212 0.04538297 -0.008317947 0.212 0.04538297 -0.02631795 0.2129999 0.04638296 -0.008317947 0.212 -0.05261695 -0.027318 0.2129999 0.04538297 -0.02631795 0.212 -0.05261695 -0.027318 0.2129999 -0.05261695 -0.02631795 0.2129999 -0.053617 -0.142858 0.1899999 0.04355597 -0.142858 0.1899999 -0.05444395 -0.160858 0.1899999 -0.05444395 -0.160858 0.1899999 0.04355597 -0.141858 0.189 0.04355597 -0.141858 0.189 -0.05444395 -0.141858 0.000999987 -0.05444395 -0.142858 0.000999987 -0.055444 -0.142858 0.189 -0.055444 -0.142858 0 -0.05444395 -0.141858 0.000999987 0.04355597 -0.142858 0 0.04355597 -0.142858 0.000999987 0.04455596 -0.160858 0.000999987 0.04455596 -0.160858 0 0.04355597 -0.160858 0.189 0.04455596 -0.142858 0.189 0.04455596 -0.161858 0.189 0.04355597 -0.161858 0.000999987 0.04355597 -0.161858 0.000999987 -0.05444395 -0.161858 0.189 -0.05444395 -0.160858 0.189 -0.055444 -0.160858 0.000999987 -0.055444 -0.160858 0 -0.05444395 -0.07260197 0.402 0.04299998 -0.07260197 0.402 -0.05499994 -0.09060198 0.402 -0.05499994 -0.09060198 0.402 0.04299998 -0.07160198 0.401 0.04299998 -0.07160198 0.401 -0.05499994 -0.07260197 0.401 0.04399996 -0.09060198 0.401 0.04399996 -0.09160196 0.401 0.04299998 -0.09160196 0.401 -0.05499994 -0.09060198 0.401 -0.05599999 -0.07260197 0.401 -0.05599999 -0.07260197 0.2129999 -0.05599999 -0.07160198 0.2129999 -0.05499994 -0.07260197 0.2129999 0.04399996 -0.07160198 0.2129999 0.04299998 -0.09060198 0.212 0.04299998 -0.07260197 0.212 0.04299998 -0.09060198 0.2129999 0.04399996 -0.07260197 0.212 -0.05499994 -0.09160196 0.2129999 0.04299998 -0.09060198 0.212 -0.05499994 -0.09160196 0.2129999 -0.05499994 -0.09060198 0.2129999 -0.05599999 0.245413 0.402 0.04799997 0.245413 0.402 -0.04999995 0.2274129 0.402 -0.04999995 0.2274129 0.402 0.04799997 0.246413 0.401 0.04799997 0.246413 0.401 -0.04999995 0.245413 0.401 0.04899996 0.2274129 0.401 0.04899996 0.226413 0.401 0.04799997 0.226413 0.401 -0.04999995 0.2274129 0.401 -0.05099999 0.245413 0.401 -0.05099999 0.245413 0.2129999 -0.05099999 0.246413 0.2129999 -0.04999995 0.245413 0.2129999 0.04899996 0.246413 0.2129999 0.04799997 0.2274129 0.212 0.04799997 0.245413 0.212 0.04799997 0.2274129 0.2129999 0.04899996 0.245413 0.212 -0.04999995 0.226413 0.2129999 0.04799997 0.2274129 0.212 -0.04999995 0.226413 0.2129999 -0.04999995 0.2274129 0.2129999 -0.05099999 0.113417 0.1899999 0.04245895 0.113417 0.1899999 -0.05554097 0.09541696 0.1899999 -0.05554097 0.09541696 0.1899999 0.04245895 0.114417 0.189 0.04245895 0.114417 0.189 -0.05554097 0.114417 0.000999987 -0.05554097 0.113417 0.000999987 -0.05654096 0.113417 0.189 -0.05654096 0.113417 0 -0.05554097 0.114417 0.000999987 0.04245895 0.113417 0 0.04245895 0.113417 0.000999987 0.04345899 0.09541696 0.000999987 0.04345899 0.09541696 0 0.04245895 0.09541696 0.189 0.04345899 0.113417 0.189 0.04345899 0.09441697 0.189 0.04245895 0.09441697 0.000999987 0.04245895 0.09441697 0.000999987 -0.05554097 0.09441697 0.189 -0.05554097 0.09541696 0.189 -0.05654096 0.09541696 0.000999987 -0.05654096 0.09541696 0 -0.05554097 0.477712 0.402 0.03645896 0.477712 0.402 -0.06154096 0.459712 0.402 -0.06154096 0.459712 0.402 0.03645896 0.478712 0.401 0.03645896 0.478712 0.401 -0.06154096 0.477712 0.401 0.03745895 0.459712 0.401 0.03745895 0.458712 0.401 0.03645896 0.458712 0.401 -0.06154096 0.459712 0.401 -0.062541 0.477712 0.401 -0.062541 0.477712 0.2129999 -0.062541 0.478712 0.2129999 -0.06154096 0.477712 0.2129999 0.03745895 0.478712 0.2129999 0.03645896 0.459712 0.212 0.03645896 0.477712 0.212 0.03645896 0.459712 0.2129999 0.03745895 0.477712 0.212 -0.06154096 0.458712 0.2129999 0.03645896 0.459712 0.212 -0.06154096 0.458712 0.2129999 -0.06154096 0.459712 0.2129999 -0.062541 -0.1577129 0.402 0.04245895 -0.1577129 0.402 -0.05554097 -0.175713 0.402 -0.05554097 -0.175713 0.402 0.04245895 -0.156713 0.401 0.04245895 -0.156713 0.401 -0.05554097 -0.1577129 0.401 0.04345899 -0.175713 0.401 0.04345899 -0.176713 0.401 0.04245895 -0.176713 0.401 -0.05554097 -0.175713 0.401 -0.05654096 -0.1577129 0.401 -0.05654096 -0.1577129 0.2129999 -0.05654096 -0.156713 0.2129999 -0.05554097 -0.1577129 0.2129999 0.04345899 -0.156713 0.2129999 0.04245895 -0.175713 0.212 0.04245895 -0.1577129 0.212 0.04245895 -0.175713 0.2129999 0.04345899 -0.1577129 0.212 -0.05554097 -0.176713 0.2129999 0.04245895 -0.175713 0.212 -0.05554097 -0.176713 0.2129999 -0.05554097 -0.175713 0.2129999 -0.05654096 -0.221854 0.402 0.03701394 -0.221854 0.402 -0.06098598 -0.239854 0.402 -0.06098598 -0.239854 0.402 0.03701394 -0.220854 0.401 0.03701394 -0.220854 0.401 -0.06098598 -0.221854 0.401 0.03801399 -0.239854 0.401 0.03801399 -0.240854 0.401 0.03701394 -0.240854 0.401 -0.06098598 -0.239854 0.401 -0.06198596 -0.221854 0.401 -0.06198596 -0.221854 0.2129999 -0.06198596 -0.220854 0.2129999 -0.06098598 -0.221854 0.2129999 0.03801399 -0.220854 0.2129999 0.03701394 -0.239854 0.212 0.03701394 -0.221854 0.212 0.03701394 -0.239854 0.2129999 0.03801399 -0.221854 0.212 -0.06098598 -0.240854 0.2129999 0.03701394 -0.239854 0.212 -0.06098598 -0.240854 0.2129999 -0.06098598 -0.239854 0.2129999 -0.06198596 0.199352 0.1899999 0.04245895 0.199352 0.1899999 -0.05554097 0.181352 0.1899999 -0.05554097 0.181352 0.1899999 0.04245895 0.200352 0.189 0.04245895 0.200352 0.189 -0.05554097 0.200352 0.000999987 -0.05554097 0.199352 0.000999987 -0.05654096 0.199352 0.189 -0.05654096 0.199352 0 -0.05554097 0.200352 0.000999987 0.04245895 0.199352 0 0.04245895 0.199352 0.000999987 0.04345899 0.181352 0.000999987 0.04345899 0.181352 0 0.04245895 0.181352 0.189 0.04345899 0.199352 0.189 0.04345899 0.180352 0.189 0.04245895 0.180352 0.000999987 0.04245895 0.180352 0.000999987 -0.05554097 0.180352 0.189 -0.05554097 0.181352 0.189 -0.05654096 0.181352 0.000999987 -0.05654096 0.181352 0 -0.05554097 0.02834296 0.1899999 0.04538297 0.02834296 0.1899999 -0.05261695 0.01034295 0.1899999 -0.05261695 0.01034295 0.1899999 0.04538297 0.02934294 0.189 0.04538297 0.02934294 0.189 -0.05261695 0.02934294 0.000999987 -0.05261695 0.02834296 0.000999987 -0.053617 0.02834296 0.189 -0.053617 0.02834296 0 -0.05261695 0.02934294 0.000999987 0.04538297 0.02834296 0 0.04538297 0.02834296 0.000999987 0.04638296 0.01034295 0.000999987 0.04638296 0.01034295 0 0.04538297 0.01034295 0.189 0.04638296 0.02834296 0.189 0.04638296 0.009342968 0.189 0.04538297 0.009342968 0.000999987 0.04538297 0.009342968 0.000999987 -0.05261695 0.009342968 0.189 -0.05261695 0.01034295 0.189 -0.053617 0.01034295 0.000999987 -0.053617 0.01034295 0 -0.05261695 0.328715 0.1899999 0.03901398 0.328715 0.1899999 -0.05898594 0.310715 0.1899999 -0.05898594 0.310715 0.1899999 0.03901398 0.329715 0.189 0.03901398 0.329715 0.189 -0.05898594 0.329715 0.000999987 -0.05898594 0.328715 0.000999987 -0.05998599 0.328715 0.189 -0.05998599 0.328715 0 -0.05898594 0.329715 0.000999987 0.03901398 0.328715 0 0.03901398 0.328715 0.000999987 0.04001396 0.310715 0.000999987 0.04001396 0.310715 0 0.03901398 0.310715 0.189 0.04001396 0.328715 0.189 0.04001396 0.309715 0.189 0.03901398 0.309715 0.000999987 0.03901398 0.309715 0.000999987 -0.05898594 0.309715 0.189 -0.05898594 0.310715 0.189 -0.05998599 0.310715 0.000999987 -0.05998599 0.310715 0 -0.05898594 -0.458687 0.402 0.03645896 -0.458687 0.402 -0.06154096 -0.476687 0.402 -0.06154096 -0.476687 0.402 0.03645896 -0.457687 0.401 0.03645896 -0.457687 0.401 -0.06154096 -0.458687 0.401 0.03745895 -0.476687 0.401 0.03745895 -0.477687 0.401 0.03645896 -0.477687 0.401 -0.06154096 -0.476687 0.401 -0.062541 -0.458687 0.401 -0.062541 -0.458687 0.2129999 -0.062541 -0.457687 0.2129999 -0.06154096 -0.458687 0.2129999 0.03745895 -0.457687 0.2129999 0.03645896 -0.476687 0.212 0.03645896 -0.458687 0.212 0.03645896 -0.476687 0.2129999 0.03745895 -0.458687 0.212 -0.06154096 -0.477687 0.2129999 0.03645896 -0.476687 0.212 -0.06154096 -0.477687 0.2129999 -0.06154096 -0.476687 0.2129999 -0.062541 -0.415319 0.402 0.03701394 -0.415319 0.402 -0.06098598 -0.433319 0.402 -0.06098598 -0.433319 0.402 0.03701394 -0.414319 0.401 0.03701394 -0.414319 0.401 -0.06098598 -0.415319 0.401 0.03801399 -0.433319 0.401 0.03801399 -0.434319 0.401 0.03701394 -0.434319 0.401 -0.06098598 -0.433319 0.401 -0.06198596 -0.415319 0.401 -0.06198596 -0.415319 0.2129999 -0.06198596 -0.414319 0.2129999 -0.06098598 -0.415319 0.2129999 0.03801399 -0.414319 0.2129999 0.03701394 -0.433319 0.212 0.03701394 -0.415319 0.212 0.03701394 -0.433319 0.2129999 0.03801399 -0.415319 0.212 -0.06098598 -0.434319 0.2129999 0.03701394 -0.433319 0.212 -0.06098598 -0.434319 0.2129999 -0.06098598 -0.433319 0.2129999 -0.06198596 -0.05736994 0.1899999 0.04555594 -0.05736994 0.1899999 -0.05244398 -0.07536995 0.1899999 -0.05244398 -0.07536995 0.1899999 0.04555594 -0.05636996 0.189 0.04555594 -0.05636996 0.189 -0.05244398 -0.05636996 0.000999987 -0.05244398 -0.05736994 0.000999987 -0.05344396 -0.05736994 0.189 -0.05344396 -0.05736994 0 -0.05244398 -0.05636996 0.000999987 0.04555594 -0.05736994 0 0.04555594 -0.05736994 0.000999987 0.04655599 -0.07536995 0.000999987 0.04655599 -0.07536995 0 0.04555594 -0.07536995 0.189 0.04655599 -0.05736994 0.189 0.04655599 -0.07637 0.189 0.04555594 -0.07637 0.000999987 0.04555594 -0.07637 0.000999987 -0.05244398 -0.07637 0.189 -0.05244398 -0.07536995 0.189 -0.05344396 -0.07536995 0.000999987 -0.05344396 -0.07536995 0 -0.05244398 -0.03642398 0.1899999 0.04799997 -0.03642398 0.1899999 -0.04999995 -0.05442398 0.1899999 -0.04999995 -0.05442398 0.1899999 0.04799997 -0.03542399 0.189 0.04799997 -0.03542399 0.189 -0.04999995 -0.03542399 0.000999987 -0.04999995 -0.03642398 0.000999987 -0.05099999 -0.03642398 0.189 -0.05099999 -0.03642398 0 -0.04999995 -0.03542399 0.000999987 0.04799997 -0.03642398 0 0.04799997 -0.03642398 0.000999987 0.04899996 -0.05442398 0.000999987 0.04899996 -0.05442398 0 0.04799997 -0.05442398 0.189 0.04899996 -0.03642398 0.189 0.04899996 -0.05542397 0.189 0.04799997 -0.05542397 0.000999987 0.04799997 -0.05542397 0.000999987 -0.04999995 -0.05542397 0.189 -0.04999995 -0.05442398 0.189 -0.05099999 -0.05442398 0.000999987 -0.05099999 -0.05442398 0 -0.04999995 0.4574 0.1899999 0.04245895 0.4574 0.1899999 -0.05554097 0.4394 0.1899999 -0.05554097 0.4394 0.1899999 0.04245895 0.4584 0.189 0.04245895 0.4584 0.189 -0.05554097 0.4584 0.000999987 -0.05554097 0.4574 0.000999987 -0.05654096 0.4574 0.189 -0.05654096 0.4574 0 -0.05554097 0.4584 0.000999987 0.04245895 0.4574 0 0.04245895 0.4574 0.000999987 0.04345899 0.4394 0.000999987 0.04345899 0.4394 0 0.04245895 0.4394 0.189 0.04345899 0.4574 0.189 0.04345899 0.4384 0.189 0.04245895 0.4384 0.000999987 0.04245895 0.4384 0.000999987 -0.05554097 0.4384 0.189 -0.05554097 0.4394 0.189 -0.05654096 0.4394 0.000999987 -0.05654096 0.4394 0 -0.05554097 0.2042739 0.402 0.04899996 0.2042739 0.402 -0.04899996 0.186274 0.402 -0.04899996 0.186274 0.402 0.04899996 0.205274 0.401 0.04899996 0.205274 0.401 -0.04899996 0.2042739 0.401 0.04999995 0.186274 0.401 0.04999995 0.185274 0.401 0.04899996 0.185274 0.401 -0.04899996 0.186274 0.401 -0.04999995 0.2042739 0.401 -0.04999995 0.2042739 0.2129999 -0.04999995 0.205274 0.2129999 -0.04899996 0.2042739 0.2129999 0.04999995 0.205274 0.2129999 0.04899996 0.186274 0.212 0.04899996 0.2042739 0.212 0.04899996 0.186274 0.2129999 0.04999995 0.2042739 0.212 -0.04899996 0.185274 0.2129999 0.04899996 0.186274 0.212 -0.04899996 0.185274 0.2129999 -0.04899996 0.186274 0.2129999 -0.04999995 0.241879 0.1899999 0.03701394 0.241879 0.1899999 -0.06098598 0.223879 0.1899999 -0.06098598 0.223879 0.1899999 0.03701394 0.242879 0.189 0.03701394 0.242879 0.189 -0.06098598 0.242879 0.000999987 -0.06098598 0.241879 0.000999987 -0.06198596 0.241879 0.189 -0.06198596 0.241879 0 -0.06098598 0.242879 0.000999987 0.03701394 0.241879 0 0.03701394 0.241879 0.000999987 0.03801399 0.223879 0.000999987 0.03801399 0.223879 0 0.03701394 0.223879 0.189 0.03801399 0.241879 0.189 0.03801399 0.2228789 0.189 0.03701394 0.2228789 0.000999987 0.03701394 0.2228789 0.000999987 -0.06098598 0.2228789 0.189 -0.06098598 0.223879 0.189 -0.06198596 0.223879 0.000999987 -0.06198596 0.223879 0 -0.06098598 0.07739496 0.402 0.04555594 0.07739496 0.402 -0.05244398 0.05939495 0.402 -0.05244398 0.05939495 0.402 0.04555594 0.078395 0.401 0.04555594 0.078395 0.401 -0.05244398 0.07739496 0.401 0.04655599 0.05939495 0.401 0.04655599 0.05839496 0.401 0.04555594 0.05839496 0.401 -0.05244398 0.05939495 0.401 -0.05344396 0.07739496 0.401 -0.05344396 0.07739496 0.2129999 -0.05344396 0.078395 0.2129999 -0.05244398 0.07739496 0.2129999 0.04655599 0.078395 0.2129999 0.04555594 0.05939495 0.212 0.04555594 0.07739496 0.212 0.04555594 0.05939495 0.2129999 0.04655599 0.07739496 0.212 -0.05244398 0.05839496 0.2129999 0.04555594 0.05939495 0.212 -0.05244398 0.05839496 0.2129999 -0.05244398 0.05939495 0.2129999 -0.05344396 0.09262698 0.1899999 0.04299998 0.09262698 0.1899999 -0.05499994 0.07462698 0.1899999 -0.05499994 0.07462698 0.1899999 0.04299998 0.09362697 0.189 0.04299998 0.09362697 0.189 -0.05499994 0.09362697 0.000999987 -0.05499994 0.09262698 0.000999987 -0.05599999 0.09262698 0.189 -0.05599999 0.09262698 0 -0.05499994 0.09362697 0.000999987 0.04299998 0.09262698 0 0.04299998 0.09262698 0.000999987 0.04399996 0.07462698 0.000999987 0.04399996 0.07462698 0 0.04299998 0.07462698 0.189 0.04399996 0.09262698 0.189 0.04399996 0.07362699 0.189 0.04299998 0.07362699 0.000999987 0.04299998 0.07362699 0.000999987 -0.05499994 0.07362699 0.189 -0.05499994 0.07462698 0.189 -0.05599999 0.07462698 0.000999987 -0.05599999 0.07462698 0 -0.05499994 0.413651 0.402 0.04244196 0.413651 0.402 -0.05555796 0.395651 0.402 -0.05555796 0.395651 0.402 0.04244196 0.414651 0.401 0.04244196 0.414651 0.401 -0.05555796 0.413651 0.401 0.04344195 0.395651 0.401 0.04344195 0.394651 0.401 0.04244196 0.394651 0.401 -0.05555796 0.395651 0.401 -0.05655795 0.413651 0.401 -0.05655795 0.413651 0.2129999 -0.05655795 0.414651 0.2129999 -0.05555796 0.413651 0.2129999 0.04344195 0.414651 0.2129999 0.04244196 0.395651 0.212 0.04244196 0.413651 0.212 0.04244196 0.395651 0.2129999 0.04344195 0.413651 0.212 -0.05555796 0.394651 0.2129999 0.04244196 0.395651 0.212 -0.05555796 0.394651 0.2129999 -0.05555796 0.395651 0.2129999 -0.05655795 -0.287227 0.1899999 0.04344195 -0.287227 0.1899999 -0.05455797 -0.305227 0.1899999 -0.05455797 -0.305227 0.1899999 0.04344195 -0.286227 0.189 0.04344195 -0.286227 0.189 -0.05455797 -0.286227 0.000999987 -0.05455797 -0.287227 0.000999987 -0.05555796 -0.287227 0.189 -0.05555796 -0.287227 0 -0.05455797 -0.286227 0.000999987 0.04344195 -0.287227 0 0.04344195 -0.287227 0.000999987 0.04444199 -0.305227 0.000999987 0.04444199 -0.305227 0 0.04344195 -0.305227 0.189 0.04444199 -0.287227 0.189 0.04444199 -0.306227 0.189 0.04344195 -0.306227 0.000999987 0.04344195 -0.306227 0.000999987 -0.05455797 -0.306227 0.189 -0.05455797 -0.305227 0.189 -0.05555796 -0.305227 0.000999987 -0.05555796 -0.305227 0 -0.05455797 0.349661 0.1899999 0.04145896 0.349661 0.1899999 -0.05654096 0.331661 0.1899999 -0.05654096 0.331661 0.1899999 0.04145896 0.350661 0.189 0.04145896 0.350661 0.189 -0.05654096 0.350661 0.000999987 -0.05654096 0.349661 0.000999987 -0.05754095 0.349661 0.189 -0.05754095 0.349661 0 -0.05654096 0.350661 0.000999987 0.04145896 0.349661 0 0.04145896 0.349661 0.000999987 0.04245895 0.331661 0.000999987 0.04245895 0.331661 0 0.04145896 0.331661 0.189 0.04245895 0.349661 0.189 0.04245895 0.330661 0.189 0.04145896 0.330661 0.000999987 0.04145896 0.330661 0.000999987 -0.05654096 0.330661 0.189 -0.05654096 0.331661 0.189 -0.05754095 0.331661 0.000999987 -0.05754095 0.331661 0 -0.05654096 -0.079203 0.1899999 0.04899996 -0.079203 0.1899999 -0.04899996 -0.09720295 0.1899999 -0.04899996 -0.09720295 0.1899999 0.04899996 -0.07820296 0.189 0.04899996 -0.07820296 0.189 -0.04899996 -0.07820296 0.000999987 -0.04899996 -0.079203 0.000999987 -0.04999995 -0.079203 0.189 -0.04999995 -0.079203 0 -0.04899996 -0.07820296 0.000999987 0.04899996 -0.079203 0 0.04899996 -0.079203 0.000999987 0.04999995 -0.09720295 0.000999987 0.04999995 -0.09720295 0 0.04899996 -0.09720295 0.189 0.04999995 -0.079203 0.189 0.04999995 -0.098203 0.189 0.04899996 -0.098203 0.000999987 0.04899996 -0.098203 0.000999987 -0.04899996 -0.098203 0.189 -0.04899996 -0.09720295 0.189 -0.04999995 -0.09720295 0.000999987 -0.04999995 -0.09720295 0 -0.04899996 0.006731986 0.1899999 0.04899996 0.006731986 0.1899999 -0.04899996 -0.01126796 0.1899999 -0.04899996 -0.01126796 0.1899999 0.04899996 0.007731974 0.189 0.04899996 0.007731974 0.189 -0.04899996 0.007731974 0.000999987 -0.04899996 0.006731986 0.000999987 -0.04999995 0.006731986 0.189 -0.04999995 0.006731986 0 -0.04899996 0.007731974 0.000999987 0.04899996 0.006731986 0 0.04899996 0.006731986 0.000999987 0.04999995 -0.01126796 0.000999987 0.04999995 -0.01126796 0 0.04899996 -0.01126796 0.189 0.04999995 0.006731986 0.189 0.04999995 -0.01226794 0.189 0.04899996 -0.01226794 0.000999987 0.04899996 -0.01226794 0.000999987 -0.04899996 -0.01226794 0.189 -0.04899996 -0.01126796 0.189 -0.04999995 -0.01126796 0.000999987 -0.04999995 -0.01126796 0 -0.04899996 0.370495 0.402 0.04344195 0.370495 0.402 -0.05455797 0.352495 0.402 -0.05455797 0.352495 0.402 0.04344195 0.371495 0.401 0.04344195 0.371495 0.401 -0.05455797 0.370495 0.401 0.04444199 0.352495 0.401 0.04444199 0.351495 0.401 0.04344195 0.351495 0.401 -0.05455797 0.352495 0.401 -0.05555796 0.370495 0.401 -0.05555796 0.370495 0.2129999 -0.05555796 0.371495 0.2129999 -0.05455797 0.370495 0.2129999 0.04444199 0.371495 0.2129999 0.04344195 0.352495 0.212 0.04344195 0.370495 0.212 0.04344195 0.352495 0.2129999 0.04444199 0.370495 0.212 -0.05455797 0.351495 0.2129999 0.04344195 0.352495 0.212 -0.05455797 0.351495 0.2129999 -0.05455797 0.352495 0.2129999 -0.05555796 -0.225388 0.1899999 0.04799997 -0.225388 0.1899999 -0.04999995 -0.2433879 0.1899999 -0.04999995 -0.2433879 0.1899999 0.04799997 -0.224388 0.189 0.04799997 -0.224388 0.189 -0.04999995 -0.224388 0.000999987 -0.04999995 -0.225388 0.000999987 -0.05099999 -0.225388 0.189 -0.05099999 -0.225388 0 -0.04999995 -0.224388 0.000999987 0.04799997 -0.225388 0 0.04799997 -0.225388 0.000999987 0.04899996 -0.2433879 0.000999987 0.04899996 -0.2433879 0 0.04799997 -0.2433879 0.189 0.04899996 -0.225388 0.189 0.04899996 -0.244388 0.189 0.04799997 -0.244388 0.000999987 0.04799997 -0.244388 0.000999987 -0.04999995 -0.244388 0.189 -0.04999995 -0.2433879 0.189 -0.05099999 -0.2433879 0.000999987 -0.05099999 -0.2433879 0 -0.04999995 0.392817 0.1899999 0.04245895 0.392817 0.1899999 -0.05554097 0.374817 0.1899999 -0.05554097 0.374817 0.1899999 0.04245895 0.393817 0.189 0.04245895 0.393817 0.189 -0.05554097 0.393817 0.000999987 -0.05554097 0.392817 0.000999987 -0.05654096 0.392817 0.189 -0.05654096 0.392817 0 -0.05554097 0.393817 0.000999987 0.04245895 0.392817 0 0.04245895 0.392817 0.000999987 0.04345899 0.374817 0.000999987 0.04345899 0.374817 0 0.04245895 0.374817 0.189 0.04345899 0.392817 0.189 0.04345899 0.373817 0.189 0.04245895 0.373817 0.000999987 0.04245895 0.373817 0.000999987 -0.05554097 0.373817 0.189 -0.05554097 0.374817 0.189 -0.05654096 0.374817 0.000999987 -0.05654096 0.374817 0 -0.05554097 -0.351178 0.402 0.04245895 -0.351178 0.402 -0.05554097 -0.369178 0.402 -0.05554097 -0.369178 0.402 0.04245895 -0.350178 0.401 0.04245895 -0.350178 0.401 -0.05554097 -0.351178 0.401 0.04345899 -0.369178 0.401 0.04345899 -0.370178 0.401 0.04245895 -0.370178 0.401 -0.05554097 -0.369178 0.401 -0.05654096 -0.351178 0.401 -0.05654096 -0.351178 0.2129999 -0.05654096 -0.350178 0.2129999 -0.05554097 -0.351178 0.2129999 0.04345899 -0.350178 0.2129999 0.04245895 -0.369178 0.212 0.04245895 -0.351178 0.212 0.04245895 -0.369178 0.2129999 0.04345899 -0.351178 0.212 -0.05554097 -0.370178 0.2129999 0.04245895 -0.369178 0.212 -0.05554097 -0.370178 0.2129999 -0.05554097 -0.369178 0.2129999 -0.05654096 0.1561959 0.1899999 0.04145896 0.1561959 0.1899999 -0.05654096 0.138196 0.1899999 -0.05654096 0.138196 0.1899999 0.04145896 0.157196 0.189 0.04145896 0.157196 0.189 -0.05654096 0.157196 0.000999987 -0.05654096 0.1561959 0.000999987 -0.05754095 0.1561959 0.189 -0.05754095 0.1561959 0 -0.05654096 0.157196 0.000999987 0.04145896 0.1561959 0 0.04145896 0.1561959 0.000999987 0.04245895 0.138196 0.000999987 0.04245895 0.138196 0 0.04145896 0.138196 0.189 0.04245895 0.1561959 0.189 0.04245895 0.137196 0.189 0.04145896 0.137196 0.000999987 0.04145896 0.137196 0.000999987 -0.05654096 0.137196 0.189 -0.05654096 0.138196 0.189 -0.05754095 0.138196 0.000999987 -0.05754095 0.138196 0 -0.05654096 -0.09339195 0.402 0.04245895 -0.09339195 0.402 -0.05554097 -0.111392 0.402 -0.05554097 -0.111392 0.402 0.04245895 -0.09239196 0.401 0.04245895 -0.09239196 0.401 -0.05554097 -0.09339195 0.401 0.04345899 -0.111392 0.401 0.04345899 -0.112392 0.401 0.04245895 -0.112392 0.401 -0.05554097 -0.111392 0.401 -0.05654096 -0.09339195 0.401 -0.05654096 -0.09339195 0.2129999 -0.05654096 -0.09239196 0.2129999 -0.05554097 -0.09339195 0.2129999 0.04345899 -0.09239196 0.2129999 0.04245895 -0.111392 0.212 0.04245895 -0.09339195 0.212 0.04245895 -0.111392 0.2129999 0.04345899 -0.09339195 0.212 -0.05554097 -0.112392 0.2129999 0.04245895 -0.111392 0.212 -0.05554097 -0.112392 0.2129999 -0.05554097 -0.111392 0.2129999 -0.05654096 0.287252 0.402 0.04899996 0.287252 0.402 -0.04899996 0.269252 0.402 -0.04899996 0.269252 0.402 0.04899996 0.288252 0.401 0.04899996 0.288252 0.401 -0.04899996 0.287252 0.401 0.04999995 0.269252 0.401 0.04999995 0.268252 0.401 0.04899996 0.268252 0.401 -0.04899996 0.269252 0.401 -0.04999995 0.287252 0.401 -0.04999995 0.287252 0.2129999 -0.04999995 0.288252 0.2129999 -0.04899996 0.287252 0.2129999 0.04999995 0.288252 0.2129999 0.04899996 0.269252 0.212 0.04899996 0.287252 0.212 0.04899996 0.269252 0.2129999 0.04999995 0.287252 0.212 -0.04899996 0.268252 0.2129999 0.04899996 0.269252 0.212 -0.04899996 0.268252 0.2129999 -0.04899996 0.269252 0.2129999 -0.04999995 0.285247 0.1899999 0.03645896 0.285247 0.1899999 -0.06154096 0.267247 0.1899999 -0.06154096 0.267247 0.1899999 0.03645896 0.286247 0.189 0.03645896 0.286247 0.189 -0.06154096 0.286247 0.000999987 -0.06154096 0.285247 0.000999987 -0.062541 0.285247 0.189 -0.062541 0.285247 0 -0.06154096 0.286247 0.000999987 0.03645896 0.285247 0 0.03645896 0.285247 0.000999987 0.03745895 0.267247 0.000999987 0.03745895 0.267247 0 0.03645896 0.267247 0.189 0.03745895 0.285247 0.189 0.03745895 0.266247 0.189 0.03645896 0.266247 0.000999987 0.03645896 0.266247 0.000999987 -0.06154096 0.266247 0.189 -0.06154096 0.267247 0.189 -0.062541 0.267247 0.000999987 -0.062541 0.267247 0 -0.06154096 -0.372792 0.402 0.04245895 -0.372792 0.402 -0.05554097 -0.390792 0.402 -0.05554097 -0.390792 0.402 0.04245895 -0.371792 0.401 0.04245895 -0.371792 0.401 -0.05554097 -0.372792 0.401 0.04345899 -0.390792 0.401 0.04345899 -0.391792 0.401 0.04245895 -0.391792 0.401 -0.05554097 -0.390792 0.401 -0.05654096 -0.372792 0.401 -0.05654096 -0.372792 0.2129999 -0.05654096 -0.371792 0.2129999 -0.05554097 -0.372792 0.2129999 0.04345899 -0.371792 0.2129999 0.04245895 -0.390792 0.212 0.04245895 -0.372792 0.212 0.04245895 -0.390792 0.2129999 0.04345899 -0.372792 0.212 -0.05554097 -0.391792 0.2129999 0.04245895 -0.390792 0.212 -0.05554097 -0.391792 0.2129999 -0.05554097 -0.390792 0.2129999 -0.05654096 -0.393626 0.1899999 0.04244196 -0.393626 0.1899999 -0.05555796 -0.411626 0.1899999 -0.05555796 -0.411626 0.1899999 0.04244196 -0.392626 0.189 0.04244196 -0.392626 0.189 -0.05555796 -0.392626 0.000999987 -0.05555796 -0.393626 0.000999987 -0.05655795 -0.393626 0.189 -0.05655795 -0.393626 0 -0.05555796 -0.392626 0.000999987 0.04244196 -0.393626 0 0.04244196 -0.393626 0.000999987 0.04344195 -0.411626 0.000999987 0.04344195 -0.411626 0 0.04244196 -0.411626 0.189 0.04344195 -0.393626 0.189 0.04344195 -0.412626 0.189 0.04244196 -0.412626 0.000999987 0.04244196 -0.412626 0.000999987 -0.05555796 -0.412626 0.189 -0.05555796 -0.411626 0.189 -0.05655795 -0.411626 0.000999987 -0.05655795 -0.411626 0 -0.05555796 -0.30869 0.402 0.03901398 -0.30869 0.402 -0.05898594 -0.32669 0.402 -0.05898594 -0.32669 0.402 0.03901398 -0.30769 0.401 0.03901398 -0.30769 0.401 -0.05898594 -0.30869 0.401 0.04001396 -0.32669 0.401 0.04001396 -0.32769 0.401 0.03901398 -0.32769 0.401 -0.05898594 -0.32669 0.401 -0.05998599 -0.30869 0.401 -0.05998599 -0.30869 0.2129999 -0.05998599 -0.30769 0.2129999 -0.05898594 -0.30869 0.2129999 0.04001396 -0.30769 0.2129999 0.03901398 -0.32669 0.212 0.03901398 -0.30869 0.212 0.03901398 -0.32669 0.2129999 0.04001396 -0.30869 0.212 -0.05898594 -0.32769 0.2129999 0.03901398 -0.32669 0.212 -0.05898594 -0.32769 0.2129999 -0.05898594 -0.32669 0.2129999 -0.05998599 -0.394402 0.402 0.03884196 -0.394402 0.402 -0.05915796 -0.412402 0.402 -0.05915796 -0.412402 0.402 0.03884196 -0.393402 0.401 0.03884196 -0.393402 0.401 -0.05915796 -0.394402 0.401 0.03984194 -0.412402 0.401 0.03984194 -0.413402 0.401 0.03884196 -0.413402 0.401 -0.05915796 -0.412402 0.401 -0.06015795 -0.394402 0.401 -0.06015795 -0.394402 0.2129999 -0.06015795 -0.393402 0.2129999 -0.05915796 -0.394402 0.2129999 0.03984194 -0.393402 0.2129999 0.03884196 -0.412402 0.212 0.03884196 -0.394402 0.212 0.03884196 -0.412402 0.2129999 0.03984194 -0.394402 0.212 -0.05915796 -0.413402 0.2129999 0.03884196 -0.412402 0.212 -0.05915796 -0.413402 0.2129999 -0.05915796 -0.412402 0.2129999 -0.06015795 -0.100837 0.1899999 0.04299998 -0.100837 0.1899999 -0.05499994 -0.1188369 0.1899999 -0.05499994 -0.1188369 0.1899999 0.04299998 -0.099837 0.189 0.04299998 -0.099837 0.189 -0.05499994 -0.099837 0.000999987 -0.05499994 -0.100837 0.000999987 -0.05599999 -0.100837 0.189 -0.05599999 -0.100837 0 -0.05499994 -0.099837 0.000999987 0.04299998 -0.100837 0 0.04299998 -0.100837 0.000999987 0.04399996 -0.1188369 0.000999987 0.04399996 -0.1188369 0 0.04299998 -0.1188369 0.189 0.04399996 -0.100837 0.189 0.04399996 -0.119837 0.189 0.04299998 -0.119837 0.000999987 0.04299998 -0.119837 0.000999987 -0.05499994 -0.119837 0.189 -0.05499994 -0.1188369 0.189 -0.05599999 -0.1188369 0.000999987 -0.05599999 -0.1188369 0 -0.05499994 -0.307943 0.1899999 0.03799796 -0.307943 0.1899999 -0.06000196 -0.325943 0.1899999 -0.06000196 -0.325943 0.1899999 0.03799796 -0.306943 0.189 0.03799796 -0.306943 0.189 -0.06000196 -0.306943 0.000999987 -0.06000196 -0.307943 0.000999987 -0.06100296 -0.307943 0.189 -0.06100195 -0.307943 0 -0.06000196 -0.306943 0.000999987 0.03799694 -0.307943 0 0.03799694 -0.307943 0.000999987 0.03899794 -0.325943 0.000999987 0.03899794 -0.325943 0 0.03799694 -0.325943 0.189 0.03899794 -0.307943 0.189 0.03899794 -0.326943 0.189 0.03799796 -0.326943 0.000999987 0.03799694 -0.326943 0.000999987 -0.06000196 -0.326943 0.189 -0.06000196 -0.325943 0.189 -0.06100195 -0.325943 0.000999987 -0.06100296 -0.325943 0 -0.06000196 0.224878 0.402 0.04899996 0.224878 0.402 -0.04899996 0.206878 0.402 -0.04899996 0.206878 0.402 0.04899996 0.225878 0.401 0.04899996 0.225878 0.401 -0.04899996 0.224878 0.401 0.04999995 0.206878 0.401 0.04999995 0.205878 0.401 0.04899996 0.205878 0.401 -0.04899996 0.206878 0.401 -0.04999995 0.224878 0.401 -0.04999995 0.224878 0.2129999 -0.04999995 0.225878 0.2129999 -0.04899996 0.224878 0.2129999 0.04999995 0.225878 0.2129999 0.04899996 0.206878 0.212 0.04899996 0.224878 0.212 0.04899996 0.206878 0.2129999 0.04999995 0.224878 0.212 -0.04899996 0.205878 0.2129999 0.04899996 0.206878 0.212 -0.04899996 0.205878 0.2129999 -0.04899996 0.206878 0.2129999 -0.04999995 0.220963 0.1899999 0.03884196 0.220963 0.1899999 -0.05915796 0.2029629 0.1899999 -0.05915796 0.2029629 0.1899999 0.03884196 0.221963 0.189 0.03884196 0.221963 0.189 -0.05915796 0.221963 0.000999987 -0.05915796 0.220963 0.000999987 -0.06015795 0.220963 0.189 -0.06015795 0.220963 0 -0.05915796 0.221963 0.000999987 0.03884196 0.220963 0 0.03884196 0.220963 0.000999987 0.03984194 0.2029629 0.000999987 0.03984194 0.2029629 0 0.03884196 0.2029629 0.189 0.03984194 0.220963 0.189 0.03984194 0.201963 0.189 0.03884196 0.201963 0.000999987 0.03884196 0.201963 0.000999987 -0.05915796 0.201963 0.189 -0.05915796 0.2029629 0.189 -0.06015795 0.2029629 0.000999987 -0.06015795 0.2029629 0 -0.05915796 -0.457687 0.1899999 0.03645896 -0.457687 0.1899999 -0.06154096 -0.475687 0.1899999 -0.06154096 -0.475687 0.1899999 0.03645896 -0.456687 0.189 0.03645896 -0.456687 0.189 -0.06154096 -0.456687 0.000999987 -0.06154096 -0.457687 0.000999987 -0.062541 -0.457687 0.189 -0.062541 -0.457687 0 -0.06154096 -0.456687 0.000999987 0.03645896 -0.457687 0 0.03645896 -0.457687 0.000999987 0.03745895 -0.475687 0.000999987 0.03745895 -0.475687 0 0.03645896 -0.475687 0.189 0.03745895 -0.457687 0.189 0.03745895 -0.476687 0.189 0.03645896 -0.476687 0.000999987 0.03645896 -0.476687 0.000999987 -0.06154096 -0.476687 0.189 -0.06154096 -0.475687 0.189 -0.062541 -0.475687 0.000999987 -0.062541 -0.475687 0 -0.06154096 -0.12215 0.1899999 0.04899996 -0.12215 0.1899999 -0.04899996 -0.14015 0.1899999 -0.04899996 -0.14015 0.1899999 0.04899996 -0.12115 0.189 0.04899996 -0.12115 0.189 -0.04899996 -0.12115 0.000999987 -0.04899996 -0.12215 0.000999987 -0.04999995 -0.12215 0.189 -0.04999995 -0.12215 0 -0.04899996 -0.12115 0.000999987 0.04899996 -0.12215 0 0.04899996 -0.12215 0.000999987 0.04999995 -0.14015 0.000999987 0.04999995 -0.14015 0 0.04899996 -0.14015 0.189 0.04999995 -0.12215 0.189 0.04999995 -0.1411499 0.189 0.04899996 -0.1411499 0.000999987 0.04899996 -0.1411499 0.000999987 -0.04899996 -0.1411499 0.189 -0.04899996 -0.14015 0.189 -0.04999995 -0.14015 0.000999987 -0.04999995 -0.14015 0 -0.04899996 0.142175 0.402 0.04899996 0.142175 0.402 -0.04899996 0.124175 0.402 -0.04899996 0.124175 0.402 0.04899996 0.143175 0.401 0.04899996 0.143175 0.401 -0.04899996 0.142175 0.401 0.04999995 0.124175 0.401 0.04999995 0.123175 0.401 0.04899996 0.123175 0.401 -0.04899996 0.124175 0.401 -0.04999995 0.142175 0.401 -0.04999995 0.142175 0.2129999 -0.04999995 0.143175 0.2129999 -0.04899996 0.142175 0.2129999 0.04999995 0.143175 0.2129999 0.04899996 0.124175 0.212 0.04899996 0.142175 0.212 0.04899996 0.124175 0.2129999 0.04999995 0.142175 0.212 -0.04899996 0.123175 0.2129999 0.04899996 0.124175 0.212 -0.04899996 0.123175 0.2129999 -0.04899996 0.124175 0.2129999 -0.04999995 0.03490698 0.402 0.04899996 0.03490698 0.402 -0.04899996 0.01690697 0.402 -0.04899996 0.01690697 0.402 0.04899996 0.03590697 0.401 0.04899996 0.03590697 0.401 -0.04899996 0.03490698 0.401 0.04999995 0.01690697 0.401 0.04999995 0.01590698 0.401 0.04899996 0.01590698 0.401 -0.04899996 0.01690697 0.401 -0.04999995 0.03490698 0.401 -0.04999995 0.03490698 0.2129999 -0.04999995 0.03590697 0.2129999 -0.04899996 0.03490698 0.2129999 0.04999995 0.03590697 0.2129999 0.04899996 0.01690697 0.212 0.04899996 0.03490698 0.212 0.04899996 0.01690697 0.2129999 0.04999995 0.03490698 0.212 -0.04899996 0.01590698 0.2129999 0.04899996 0.01690697 0.212 -0.04899996 0.01590698 0.2129999 -0.04899996 0.01690697 0.2129999 -0.04999995 -0.246334 0.1899999 0.04555594 -0.246334 0.1899999 -0.05244398 -0.264334 0.1899999 -0.05244398 -0.264334 0.1899999 0.04555594 -0.245334 0.189 0.04555594 -0.245334 0.189 -0.05244398 -0.245334 0.000999987 -0.05244398 -0.246334 0.000999987 -0.05344396 -0.246334 0.189 -0.05344396 -0.246334 0 -0.05244398 -0.245334 0.000999987 0.04555594 -0.246334 0 0.04555594 -0.246334 0.000999987 0.04655599 -0.264334 0.000999987 0.04655599 -0.264334 0 0.04555594 -0.264334 0.189 0.04655599 -0.246334 0.189 0.04655599 -0.265334 0.189 0.04555594 -0.265334 0.000999987 0.04555594 -0.265334 0.000999987 -0.05244398 -0.265334 0.189 -0.05244398 -0.264334 0.189 -0.05344396 -0.264334 0.000999987 -0.05344396 -0.264334 0 -0.05244398 -0.372083 0.1899999 0.04344195 -0.372083 0.1899999 -0.05455797 -0.390083 0.1899999 -0.05455797 -0.390083 0.1899999 0.04344195 -0.371083 0.189 0.04344195 -0.371083 0.189 -0.05455797 -0.371083 0.000999987 -0.05455797 -0.372083 0.000999987 -0.05555796 -0.372083 0.189 -0.05555796 -0.372083 0 -0.05455797 -0.371083 0.000999987 0.04344195 -0.372083 0 0.04344195 -0.372083 0.000999987 0.04444199 -0.390083 0.000999987 0.04444199 -0.390083 0 0.04344195 -0.390083 0.189 0.04444199 -0.372083 0.189 0.04444199 -0.391083 0.189 0.04344195 -0.391083 0.000999987 0.04344195 -0.391083 0.000999987 -0.05455797 -0.391083 0.189 -0.05455797 -0.390083 0.189 -0.05555796 -0.390083 0.000999987 -0.05555796 -0.390083 0 -0.05455797 -0.437375 0.402 0.04245895 -0.437375 0.402 -0.05554097 -0.455375 0.402 -0.05554097 -0.455375 0.402 0.04245895 -0.436375 0.401 0.04245895 -0.436375 0.401 -0.05554097 -0.437375 0.401 0.04345899 -0.455375 0.401 0.04345899 -0.456375 0.401 0.04245895 -0.456375 0.401 -0.05554097 -0.455375 0.401 -0.05654096 -0.437375 0.401 -0.05654096 -0.437375 0.2129999 -0.05654096 -0.436375 0.2129999 -0.05554097 -0.437375 0.2129999 0.04345899 -0.436375 0.2129999 0.04245895 -0.455375 0.212 0.04245895 -0.437375 0.212 0.04245895 -0.455375 0.2129999 0.04345899 -0.437375 0.212 -0.05554097 -0.456375 0.2129999 0.04245895 -0.455375 0.212 -0.05554097 -0.456375 0.2129999 -0.05554097 -0.455375 0.2129999 -0.05654096 -0.436053 0.1899999 0.04245895 -0.436053 0.1899999 -0.05554097 -0.454053 0.1899999 -0.05554097 -0.454053 0.1899999 0.04245895 -0.435053 0.189 0.04245895 -0.435053 0.189 -0.05554097 -0.435053 0.000999987 -0.05554097 -0.436053 0.000999987 -0.05654096 -0.436053 0.189 -0.05654096 -0.436053 0 -0.05554097 -0.435053 0.000999987 0.04245895 -0.436053 0 0.04245895 -0.436053 0.000999987 0.04345899 -0.454053 0.000999987 0.04345899 -0.454053 0 0.04245895 -0.454053 0.189 0.04345899 -0.436053 0.189 0.04345899 -0.455053 0.189 0.04245895 -0.455053 0.000999987 0.04245895 -0.455053 0.000999987 -0.05554097 -0.455053 0.189 -0.05554097 -0.454053 0.189 -0.05654096 -0.454053 0.000999987 -0.05654096 -0.454053 0 -0.05554097 -0.200938 0.402 0.03884196 -0.200938 0.402 -0.05915796 -0.2189379 0.402 -0.05915796 -0.2189379 0.402 0.03884196 -0.1999379 0.401 0.03884196 -0.1999379 0.401 -0.05915796 -0.200938 0.401 0.03984194 -0.2189379 0.401 0.03984194 -0.219938 0.401 0.03884196 -0.219938 0.401 -0.05915796 -0.2189379 0.401 -0.06015795 -0.200938 0.401 -0.06015795 -0.200938 0.2129999 -0.06015795 -0.1999379 0.2129999 -0.05915796 -0.200938 0.2129999 0.03984194 -0.1999379 0.2129999 0.03884196 -0.2189379 0.212 0.03884196 -0.200938 0.212 0.03884196 -0.2189379 0.2129999 0.03984194 -0.200938 0.212 -0.05915796 -0.219938 0.2129999 0.03884196 -0.2189379 0.212 -0.05915796 -0.219938 0.2129999 -0.05915796 -0.2189379 0.2129999 -0.06015795 -0.24391 0.402 0.04245895 -0.24391 0.402 -0.05554097 -0.26191 0.402 -0.05554097 -0.26191 0.402 0.04245895 -0.24291 0.401 0.04245895 -0.24291 0.401 -0.05554097 -0.24391 0.401 0.04345899 -0.26191 0.401 0.04345899 -0.26291 0.401 0.04245895 -0.26291 0.401 -0.05554097 -0.26191 0.401 -0.05654096 -0.24391 0.401 -0.05654096 -0.24391 0.2129999 -0.05654096 -0.24291 0.2129999 -0.05554097 -0.24391 0.2129999 0.04345899 -0.24291 0.2129999 0.04245895 -0.26191 0.212 0.04245895 -0.24391 0.212 0.04245895 -0.26191 0.2129999 0.04345899 -0.24391 0.212 -0.05554097 -0.26291 0.2129999 0.04245895 -0.26191 0.212 -0.05554097 -0.26291 0.2129999 -0.05554097 -0.26191 0.2129999 -0.05654096</float_array>
          <technique_common>
            <accessor source="#Mesh19_Group21_Group2_Group1_Model-mesh-positions-array" count="2160" stride="3">
              <param name="X" type="float"/>
              <param name="Y" type="float"/>
              <param name="Z" type="float"/>
            </accessor>
          </technique_common>
        </source>
        <source id="Mesh19_Group21_Group2_Group1_Model-mesh-normals">
          <float_array id="Mesh19_Group21_Group2_Group1_Model-mesh-normals-array" count="5682">0 1 0 0.738549 0.4767289 -0.4767336 0.4767326 0.7385482 0.4767313 0.7385465 0.4767335 0.4767328 0.7385466 -0.476733 -0.4767333 0.4767387 0.476733 -0.7385431 0.6737784 -0.6737742 -0.3033993 0.6738894 -0.3029211 -0.6738783 0.7385472 -0.4767296 0.4767355 0.4767366 -0.4767343 0.7385436 0.4767634 -0.7385122 0.4767562 -0.4767621 -0.4767588 0.7385113 0.476763 0.4767624 0.7385084 -0.4767613 0.7385117 0.4767591 -0.4767371 0.4767337 0.7385438 -0.7385478 0.4767298 0.4767346 -0.7385506 -0.4767301 0.4767302 -0.7385523 0.4767262 -0.4767312 -0.6737753 -0.303406 -0.6737743 -0.7385479 -0.4767321 -0.4767322 -0.4767376 0.7385431 -0.4767342 -0.4767647 0.4767617 -0.7385078 0.476763 0.738511 -0.4767584 -0.6738905 -0.6738796 -0.3029156 -0.4767385 -0.7385413 0.476736 1 0 0 0 0 1 -1 0 0 0.4767364 0.7385387 0.4767421 0.7385357 0.4767407 -0.4767423 0.476745 0.7385244 -0.4767556 0.4767584 0.476755 0.7385162 0.7385479 0.4767258 0.4767385 -0.4767655 0.7385053 0.4767649 -0.7385485 0.4767242 0.4767393 -0.4767287 0.4767339 0.7385489 -0.4767318 0.7385375 -0.4767486 -0.4767534 0.4767504 -0.7385224 -0.7385427 0.4767341 -0.4767382 0.4767338 0.4767386 -0.7385427 0.7385445 -0.4767317 -0.4767378 0.6738768 -0.3029302 -0.6738868 0.4767294 -0.4767393 0.738545 0.4767432 -0.7385269 0.4767535 -0.4767528 -0.4767556 0.7385195 -0.4767296 -0.738543 0.4767423 0.7385311 -0.4767478 0.4767426 0.6737813 -0.6737719 -0.3033981 -0.7385405 -0.4767406 0.4767352 -0.7385474 -0.4767297 -0.4767353 -0.6738818 -0.6738844 -0.3029243 -0.6737695 -0.3033945 -0.6737851 0.476741 0.7385341 0.4767446 0.7385376 0.4767405 -0.4767397 0.4767509 0.7385204 -0.4767559 0.4767562 0.4767549 0.7385177 0.738551 0.4767245 0.4767349 -0.4767625 0.73851 0.4767606 -0.7385477 0.4767272 0.4767374 -0.4767314 0.4767374 0.738545 -0.4767301 0.7385428 -0.4767421 -0.4767573 0.4767516 -0.7385191 -0.7385407 0.4767382 -0.4767373 0.4767327 0.4767363 -0.7385449 0.7385469 -0.4767317 -0.476734 0.6738795 -0.3029211 -0.6738883 0.4767288 -0.4767394 0.7385454 0.4767479 -0.7385223 0.476756 -0.4767538 -0.4767589 0.7385166 -0.4767265 -0.7385477 0.476738 0.7385354 -0.4767463 0.4767374 0.6737799 -0.6737703 -0.3034046 -0.7385386 -0.4767438 0.4767349 -0.7385436 -0.4767343 -0.4767365 -0.6738737 -0.6738942 -0.3029208 -0.6737703 -0.3034059 -0.6737793 0.7385436 0.4767367 -0.4767342 0.4767378 0.7385448 0.4767314 0.738547 0.4767346 0.4767313 0.7385464 -0.4767327 -0.4767339 0.4767315 0.4767296 -0.7385499 0.6737756 -0.6737753 -0.3034031 0.6738702 -0.3029193 -0.6738983 0.7385431 -0.4767349 0.4767368 0.4767347 -0.476733 0.7385457 0.4767567 -0.7385143 0.4767597 -0.4767581 -0.4767598 0.7385133 0.4767579 0.4767625 0.7385117 -0.4767619 0.7385087 0.476763 -0.4767322 0.4767286 0.7385502 -0.7385445 0.4767352 0.4767343 -0.7385473 -0.4767343 0.4767309 -0.7385478 0.476733 -0.4767314 -0.6737774 -0.3034027 -0.6737737 -0.7385441 -0.4767365 -0.4767338 -0.4767388 0.7385438 -0.476732 -0.4767585 0.4767614 -0.7385119 0.476761 0.7385098 -0.4767623 -0.6738861 -0.6738824 -0.3029194 -0.4767385 -0.7385424 0.4767344 0.4767356 0.738539 0.4767425 0.476745 0.7385244 -0.4767556 0.4767575 0.4767553 0.7385165 0.7385473 0.4767262 0.4767389 -0.4767608 0.7385103 0.4767617 -0.7385465 0.4767282 0.4767383 -0.4767326 0.4767347 0.738546 -0.476728 0.7385421 -0.4767451 -0.4767552 0.4767537 -0.738519 -0.7385414 0.4767376 -0.4767367 0.7385457 -0.4767315 -0.4767361 0.673879 -0.3029302 -0.6738846 0.4767311 -0.4767395 0.7385438 0.4767432 -0.7385269 0.4767535 -0.4767529 -0.4767588 0.7385172 -0.4767258 -0.7385476 0.4767389 0.7385322 -0.4767476 0.476741 -0.7385379 -0.4767414 0.4767383 -0.738545 -0.4767305 -0.4767385 -0.6738911 -0.6738775 -0.3029193 -0.6737672 -0.3034048 -0.6737828 0.4767382 0.7385386 0.4767405 0.7385461 0.4767305 -0.4767366 0.4767538 0.7385196 -0.4767543 0.4767659 0.4767554 0.738511 0.7385531 0.4767223 0.4767339 -0.4767613 0.7385129 0.4767571 -0.7385499 0.4767246 0.4767365 -0.476738 0.4767387 0.7385398 -0.4767315 0.7385427 -0.4767408 -0.4767636 0.4767548 -0.738513 -0.738547 0.4767311 -0.4767346 0.476742 0.4767387 -0.7385372 0.7385485 -0.4767297 -0.4767336 0.6738845 -0.302927 -0.6738805 0.4767351 -0.4767378 0.7385423 0.4767499 -0.7385211 0.4767559 -0.4767604 -0.4767584 0.7385127 -0.4767301 -0.7385472 0.4767353 0.7385395 -0.4767395 0.4767377 0.6737805 -0.6737741 -0.3033948 -0.7385429 -0.4767367 0.4767354 -0.7385476 -0.4767289 -0.4767358 -0.6739126 -0.6738584 -0.3029137 -0.6737738 -0.3034068 -0.6737754 0.4767385 0.738539 0.4767395 0.4767488 0.7385186 -0.4767608 0.4767575 0.476755 0.7385168 -0.4767614 0.7385095 0.4767622 -0.738543 0.4767339 0.476738 -0.4767363 0.4767237 0.7385507 -0.4767497 0.7385293 -0.4767432 -0.4767597 0.4767509 -0.7385179 -0.7385559 0.4767183 -0.4767336 0.4767298 0.4767329 -0.7385489 0.4767306 -0.4767352 0.7385469 0.4767437 -0.738524 0.4767575 -0.4767625 -0.476755 0.7385135 -0.476746 -0.7385361 0.4767366 -0.7385537 -0.4767235 0.4767319 -0.7385427 -0.4767377 -0.4767348 -0.6738964 -0.6738724 -0.3029186 -0.6737796 -0.3033958 -0.6737745 0.4767422 0.7385368 0.4767392 0.7385467 0.4767306 -0.4767355 0.4767588 0.7385118 -0.4767614 0.4767605 0.4767584 0.7385126 0.7385538 0.4767223 0.4767328 -0.476756 0.7385145 0.47676 -0.7385447 0.4767315 0.4767376 -0.4767365 0.4767339 0.7385439 -0.4767348 0.7385433 -0.4767366 -0.476763 0.4767583 -0.7385112 -0.7385486 0.4767286 -0.4767346 0.4767358 0.4767335 -0.7385447 0.738551 -0.4767263 -0.4767333 0.6738879 -0.3029218 -0.6738795 0.4767348 -0.4767339 0.7385451 0.4767552 -0.738516 0.4767585 -0.4767589 -0.4767614 0.7385117 -0.4767311 -0.7385475 0.4767336 0.738542 -0.476736 0.4767374 0.6737784 -0.6737751 -0.3033974 -0.7385439 -0.476734 0.4767366 -0.738542 -0.4767354 -0.476738 -0.6738808 -0.6738913 -0.3029115 -0.6737726 -0.3034119 -0.6737743 0.4767441 0.7385334 0.4767428 0.7385383 0.47674 -0.4767392 0.4767528 0.7385138 -0.4767643 0.4767544 0.4767533 0.7385199 0.73855 0.4767246 0.4767364 -0.4767689 0.7385045 0.4767627 -0.7385501 0.4767301 0.4767308 -0.4767373 0.4767261 0.7385485 -0.4767498 0.7385295 -0.4767428 -0.4767581 0.4767512 -0.7385189 -0.7385546 0.4767244 -0.4767295 0.4767296 0.4767297 -0.7385511 0.738547 -0.476731 -0.4767347 0.6738793 -0.3029198 -0.673889 0.4767275 -0.476734 0.7385497 0.4767484 -0.7385186 0.4767611 -0.4767618 -0.4767578 0.7385122 -0.4767402 -0.7385404 0.4767358 0.7385348 -0.4767464 0.4767382 0.6737768 -0.6737739 -0.3034032 -0.7385506 -0.4767298 0.4767303 -0.7385517 -0.476731 -0.4767275 -0.6738984 -0.6738706 -0.3029183 -0.6737848 -0.3033955 -0.6737694 0.7385341 0.4767449 -0.4767407 0.4767368 0.7385461 0.4767302 0.7385444 0.4767332 0.4767366 0.7385458 -0.4767313 -0.4767363 0.4767264 0.4767326 -0.7385513 0.6737802 -0.6737697 -0.3034055 0.673862 -0.3029199 -0.6739062 0.7385322 -0.476747 0.4767416 0.4767309 -0.4767364 0.7385459 0.4767436 -0.738525 0.476756 -0.476763 -0.476759 0.7385107 0.4767564 0.4767622 0.7385128 -0.4767659 0.7385114 0.4767549 -0.4767387 0.4767335 0.7385428 -0.738549 0.476729 0.4767338 -0.7385419 -0.4767394 0.4767341 -0.738544 0.4767358 -0.4767345 -0.6737828 -0.3033956 -0.6737714 -0.7385504 -0.4767286 -0.476732 -0.4767311 0.7385473 -0.4767341 -0.4767621 0.4767582 -0.7385118 0.476747 0.7385179 -0.4767637 -0.6738966 -0.6738715 -0.3029205 -0.4767297 -0.7385503 0.4767308 0.7385421 0.4767358 -0.4767375 0.4767349 0.7385439 0.4767357 0.7385441 0.4767343 0.476736 0.7385448 -0.476733 -0.4767361 0.4767298 0.4767311 -0.73855 0.6737754 -0.6737755 -0.3034031 0.6738824 -0.3029192 -0.6738861 0.738541 -0.476736 0.4767391 0.476732 -0.4767323 0.7385479 0.4767557 -0.7385142 0.4767607 -0.4767596 -0.4767572 0.738514 0.4767572 0.4767575 0.7385153 -0.4767588 0.7385131 0.4767595 -0.4767317 0.4767307 0.7385491 -0.7385411 0.4767354 0.4767394 -0.7385462 -0.4767326 0.4767344 -0.7385461 0.4767311 -0.4767358 -0.6737762 -0.3034041 -0.6737741 -0.738543 -0.4767354 -0.4767364 -0.4767358 0.738544 -0.4767346 -0.4767594 0.4767586 -0.7385132 0.476759 0.7385112 -0.4767621 -0.6739095 -0.6738591 -0.3029191 -0.4767345 -0.7385429 0.4767374 0.7385463 0.4767314 -0.4767355 0.476736 0.7385429 0.476736 0.738545 0.4767354 0.4767333 0.7385458 -0.4767348 -0.4767328 0.4767309 0.4767294 -0.7385506 0.6737703 -0.6737794 -0.3034056 0.6738857 -0.3029151 -0.6738847 0.7385469 -0.4767308 0.4767351 0.4767324 -0.4767331 0.738547 0.4767627 -0.738509 0.4767618 -0.4767581 -0.4767577 0.7385146 0.4767569 0.476758 0.7385152 -0.4767652 0.7385064 0.4767634 -0.4767309 0.4767294 0.7385506 -0.7385463 0.4767314 0.4767355 -0.7385458 -0.4767348 0.4767328 -0.738545 0.4767354 -0.4767333 -0.6737766 -0.3033999 -0.6737757 -0.7385469 -0.4767308 -0.4767351 -0.476736 0.7385429 -0.476736 -0.4767569 0.476758 -0.7385152 0.4767652 0.7385064 -0.4767634 -0.6738725 -0.6738951 -0.3029213 -0.4767341 -0.7385426 0.4767384 0.4767404 0.7385363 0.4767418 0.7385466 0.4767308 -0.4767356 0.4767612 0.7385132 -0.4767566 0.4767619 0.4767511 0.7385165 0.73855 0.4767279 0.476733 -0.4767581 0.7385157 0.4767559 -0.7385491 0.4767305 0.4767318 -0.4767411 0.4767386 0.738538 -0.476737 0.738539 -0.476741 -0.4767659 0.476755 -0.7385114 -0.7385525 0.4767279 -0.4767293 0.4767373 0.4767347 -0.738543 0.7385485 -0.4767326 -0.4767308 0.6738886 -0.3029206 -0.6738793 0.4767345 -0.4767401 0.7385412 0.4767587 -0.7385166 0.4767541 -0.4767592 -0.4767566 0.7385147 -0.4767374 -0.7385396 0.4767396 0.738545 -0.4767351 0.4767338 0.6737785 -0.6737744 -0.3033984 -0.7385484 -0.4767327 0.4767308 -0.738545 -0.4767351 -0.4767337 -0.6738668 -0.673904 -0.3029144 -0.6737746 -0.3034054 -0.6737753 0.4767348 0.7385396 0.4767425 0.7385488 0.4767276 -0.4767353 0.4767581 0.7385156 -0.4767562 0.476765 0.4767537 0.7385127 0.7385504 0.4767265 0.4767338 -0.476758 0.7385154 0.4767566 -0.7385477 0.4767278 0.4767369 -0.4767381 0.4767389 0.7385398 -0.4767348 0.7385401 -0.4767417 -0.476765 0.4767543 -0.7385123 -0.7385504 0.4767295 -0.4767309 0.4767396 0.4767394 -0.7385384 0.7385463 -0.4767355 -0.4767311 0.673888 -0.3029217 -0.6738795 0.4767321 -0.4767386 0.7385438 0.4767597 -0.7385149 0.4767558 -0.4767608 -0.4767541 0.7385153 -0.4767345 -0.7385417 0.4767395 0.7385442 -0.4767339 0.476736 0.6737749 -0.6737783 -0.3033977 -0.7385458 -0.476733 0.4767344 -0.738546 -0.4767333 -0.4767339 -0.6738894 -0.6738809 -0.3029152 -0.6737744 -0.3034039 -0.673776 0.738549 0.4767289 -0.4767336 0.4767292 0.7385527 0.4767276 0.738542 0.476737 0.4767365 0.738542 -0.4767394 -0.4767341 0.6737699 -0.6737826 -0.3033995 0.7385472 -0.4767298 0.4767356 0.7385405 0.4767379 -0.4767378 0.4767341 0.7385454 0.4767341 0.7385438 0.4767357 0.4767349 0.7385445 -0.4767352 -0.4767343 0.4767324 0.4767298 -0.7385492 0.6737774 -0.6737735 -0.303403 0.6738845 -0.3029202 -0.6738836 0.7385411 -0.4767374 0.4767373 0.476734 -0.4767335 0.7385458 0.4767574 -0.7385161 0.4767562 -0.4767614 -0.4767589 0.7385118 0.4767585 0.4767584 0.7385139 -0.4767585 0.7385136 0.4767588 -0.4767372 0.4767335 0.7385439 -0.7385458 0.4767344 0.4767333 -0.7385523 -0.4767292 0.4767282 -0.7385535 0.4767259 -0.4767296 -0.6737818 -0.3034005 -0.6737703 -0.7385446 -0.4767377 -0.4767318 -0.476742 0.7385411 -0.4767328 -0.4767631 0.476762 -0.7385087 0.4767569 0.7385135 -0.4767608 -0.6738849 -0.673884 -0.3029184 -0.4767438 -0.738539 0.4767343 0.4767407 0.7385381 0.4767389 0.73855 0.4767276 -0.4767334 0.4767711 0.7385051 -0.4767595 0.476762 0.4767507 0.7385167 0.7385482 0.476731 0.4767328 -0.4767659 0.7385068 0.476762 -0.7385517 0.4767269 0.4767314 -0.4767366 0.4767329 0.7385445 -0.4767406 0.7385365 -0.4767414 -0.4767612 0.4767552 -0.7385143 -0.7385523 0.4767274 -0.4767299 0.4767373 0.4767271 -0.7385479 0.7385478 -0.4767355 -0.4767289 0.6738914 -0.302921 -0.6738762 0.4767379 -0.4767334 0.7385434 0.4767652 -0.7385112 0.476756 -0.4767595 -0.4767576 0.7385138 -0.4767341 -0.7385447 0.4767353 0.7385485 -0.4767323 0.4767311 0.6737751 -0.6737784 -0.3033971 -0.7385446 -0.4767362 0.4767332 -0.7385501 -0.476731 -0.4767297 -0.673883 -0.6738857 -0.3029188 -0.6737763 -0.3033962 -0.6737776 0.4767408 0.7385361 0.4767417 0.7385476 0.4767302 -0.4767344 0.476762 0.7385128 -0.4767566 0.4767625 0.4767516 0.7385156 0.738551 0.4767277 0.476732 -0.4767599 0.7385143 0.4767566 -0.7385501 0.4767284 0.4767326 -0.4767383 0.4767407 0.7385385 -0.4767356 0.7385397 -0.4767413 -0.4767629 0.4767569 -0.738512 -0.738551 0.476729 -0.4767304 0.4767379 0.4767353 -0.7385422 0.7385493 -0.4767324 -0.4767297 0.6738745 -0.3029213 -0.673893 0.476738 -0.4767377 0.7385405 0.4767595 -0.7385162 0.4767539 -0.4767593 -0.4767556 0.7385152 -0.4767359 -0.7385405 0.47674 0.738546 -0.4767346 0.4767326 0.6737791 -0.6737741 -0.3033977 -0.738547 -0.4767339 0.4767318 -0.738546 -0.476733 -0.4767343 0.4767317 0.7385426 0.4767408 0.7385478 0.4767271 -0.4767373 0.4767633 0.7385041 -0.4767688 0.476756 0.4767539 0.7385184 0.738542 0.4767372 0.4767363 -0.4767592 0.7385139 0.4767578 -0.7385417 0.4767366 0.4767372 -0.476738 0.4767267 0.7385476 -0.4767467 0.7385337 -0.4767395 -0.476762 0.4767507 -0.7385167 -0.7385528 0.4767218 -0.476735 0.4767304 0.4767288 -0.7385511 0.7385374 -0.4767411 -0.4767395 0.6738781 -0.3029207 -0.6738898 0.476729 -0.4767342 0.7385486 0.4767619 -0.7385096 0.4767616 -0.4767643 -0.4767581 0.7385104 -0.4767437 -0.7385405 0.476732 0.7385449 -0.4767334 0.4767355 0.6737642 -0.6737862 -0.303404 -0.7385523 -0.4767263 0.4767312 -0.7385395 -0.4767418 -0.4767354 -0.6738743 -0.6738965 -0.3029143 -0.6737761 -0.3034068 -0.6737731 0.4767361 0.7385398 0.4767407 0.7385483 0.4767287 -0.476735 0.4767573 0.7385165 -0.4767556 0.4767652 0.4767556 0.7385114 0.7385516 0.4767262 0.4767325 -0.4767573 0.7385165 0.4767557 -0.7385483 0.4767287 0.476735 -0.4767404 0.4767391 0.738538 -0.4767361 0.7385398 -0.4767408 -0.4767652 0.4767556 -0.7385115 -0.7385516 0.4767262 -0.4767325 0.4767405 0.4767392 -0.738538 0.7385475 -0.476734 -0.476731 0.4767369 -0.4767379 0.7385412 0.4767578 -0.7385175 0.4767536 -0.4767619 -0.4767583 0.7385118 -0.4767359 -0.7385436 0.476735 0.7385442 -0.4767361 0.4767339 0.6737769 -0.6737762 -0.3033981 -0.7385475 -0.476734 0.476731 -0.7385442 -0.4767361 -0.4767339 -0.673906 -0.6738649 -0.302914 -0.6737738 -0.3034065 -0.6737754 0.4767339 0.7385407 0.4767416 0.7385489 0.4767276 -0.4767352 0.4767581 0.7385151 -0.4767569 0.4767643 0.4767552 0.7385123 0.7385498 0.4767282 0.4767331 -0.476758 0.7385153 0.4767568 -0.4767338 0.7385408 -0.4767414 -0.4767627 0.4767551 -0.7385134 -0.7385486 0.4767283 -0.4767347 0.4767396 0.4767388 -0.7385388 0.7385452 -0.4767327 -0.4767357 0.6738654 -0.3029219 -0.6739019 0.4767336 -0.4767376 0.7385435 0.476758 -0.7385164 0.4767552 -0.4767332 -0.738545 0.4767357 0.738543 -0.4767331 0.4767387 0.673775 -0.6737783 -0.3033975 -0.7385452 -0.4767336 0.476735 -0.7385454 -0.476732 -0.4767361 -0.6739082 -0.6738626 -0.3029138 0.4767394 0.7385387 0.4767392 0.7385346 0.4767439 -0.4767411 0.4767479 0.7385244 -0.4767526 0.4767568 0.4767548 0.7385174 0.7385468 0.4767289 0.4767372 -0.4767646 0.73851 0.4767585 -0.7385471 0.4767276 0.4767378 -0.4767305 0.4767373 0.7385456 -0.476731 0.7385422 -0.4767423 0.4767321 0.4767385 -0.7385438 0.7385444 -0.4767325 -0.4767372 0.6738921 -0.3029315 -0.6738709 0.4767319 -0.4767392 0.7385435 0.476744 -0.7385267 0.4767532 -0.4767521 -0.4767582 0.7385181 -0.4767267 -0.7385473 0.4767386 0.7385329 -0.4767471 0.4767405 0.6737791 -0.6737734 -0.3033993 -0.7385374 -0.4767441 0.4767366 -0.7385425 -0.4767345 -0.4767381 -0.6738737 -0.6738941 -0.3029206 -0.673768 -0.3034062 -0.6737815 0.4767372 0.7385388 0.4767412 0.7385364 0.4767403 -0.4767418 0.4767459 0.7385241 -0.4767553 0.4767592 0.4767551 0.7385156 0.7385485 0.4767252 0.4767379 -0.4767625 0.73851 0.4767606 -0.7385477 0.4767272 0.4767373 -0.4767289 0.7385418 -0.4767448 -0.4767544 0.4767532 -0.7385199 -0.7385409 0.4767373 -0.4767379 0.4767345 0.4767383 -0.7385424 0.7385439 -0.4767322 -0.4767383 0.6738721 -0.3028798 -0.6739142 0.4767327 -0.4767393 0.7385429 0.4767449 -0.7385267 0.4767524 -0.4767546 -0.4767585 0.7385163 -0.4767274 -0.7385473 0.4767377 0.7385334 -0.4767466 0.4767401 0.6737802 -0.6737726 -0.3033987 -0.7385392 -0.4767434 0.4767345 -0.7385443 -0.476731 -0.4767389 -0.6738749 -0.6738934 -0.30292 -0.6737661 -0.3034055 -0.6737836 0.4767407 0.7385382 0.4767385 0.738553 0.4767231 -0.4767332 0.4767757 0.7385001 -0.4767625 0.4767606 0.476751 0.7385174 0.7385473 0.4767335 0.4767317 -0.4767689 0.7385048 0.4767621 -0.73855 0.4767268 0.4767342 -0.4767373 0.4767266 0.7385482 -0.4767403 0.7385383 -0.4767388 -0.4767636 0.4767513 -0.7385151 -0.7385494 0.4767309 -0.4767313 0.476735 0.4767264 -0.7385498 0.7385457 -0.4767381 -0.4767294 0.6738786 -0.3029108 -0.6738937 0.4767348 -0.4767332 0.7385455 0.4767698 -0.7385065 0.4767585 -0.4767643 -0.4767581 0.7385104 -0.4767343 -0.7385448 0.4767348 0.7385509 -0.4767279 0.4767317 0.6737725 -0.6737785 -0.3034027 -0.7385478 -0.4767355 0.4767289 -0.7385489 -0.4767315 -0.4767311 -0.6738923 -0.6738789 -0.3029134 -0.6737774 -0.3034058 -0.6737723 0.4767407 0.7385383 0.4767385 0.7385453 0.4767341 -0.4767342 0.4767568 0.7385144 -0.4767591 0.4767605 0.4767574 0.7385132 0.7385516 0.4767277 0.476731 -0.4767596 0.7385115 0.4767611 -0.7385467 0.4767332 0.476733 -0.4767358 0.4767331 0.7385449 -0.4767379 0.7385416 -0.4767361 -0.4767613 0.4767587 -0.7385119 -0.7385496 0.4767286 -0.4767331 0.4767373 0.4767341 -0.7385432 0.7385462 -0.4767329 -0.476734 0.6738846 -0.3029268 -0.6738805 0.4767347 -0.4767332 0.7385456 0.476756 -0.7385156 0.4767584 -0.4767596 -0.4767579 0.7385136 -0.4767371 -0.7385426 0.4767354 0.738542 -0.4767386 0.4767349 0.6737812 -0.6737732 -0.303395 -0.7385469 -0.476733 0.4767329 -0.7385419 -0.4767384 -0.4767351 -0.6738959 -0.6738761 -0.3029116 -0.6737726 -0.3034116 -0.6737744 0.7385441 0.4767348 -0.4767354 0.4767348 0.7385432 0.4767367 0.7385439 0.4767363 0.4767342 0.7385446 -0.476735 -0.4767345 0.4767309 0.4767289 -0.7385508 0.6737704 -0.6737796 -0.3034051 0.6738834 -0.3029154 -0.6738869 0.7385436 -0.4767343 0.4767366 0.4767309 -0.4767326 0.7385484 0.4767596 -0.738511 0.4767619 -0.4767574 -0.4767588 0.7385144 0.4767553 0.4767582 0.7385161 -0.4767595 0.73851 0.4767636 -0.4767298 0.4767278 0.7385522 -0.7385411 0.4767345 0.4767402 -0.7385451 -0.4767365 0.4767321 -0.7385433 0.4767342 -0.4767372 -0.673776 -0.3034027 -0.6737751 -0.7385442 -0.4767358 -0.4767342 -0.4767355 0.7385437 -0.4767353 -0.4767546 0.4767587 -0.7385162 0.4767621 0.7385083 -0.4767636 -0.6738718 -0.6738963 -0.30292 -0.4767335 -0.7385435 0.4767377 0.7385423 0.476733 -0.4767398 0.4767276 0.7385498 0.4767336 0.7385371 0.4767425 0.4767383 0.7385373 -0.4767442 -0.4767365 0.4767284 0.47673 -0.7385517 0.6737622 -0.6737871 -0.3034067 0.6738988 -0.3029202 -0.6738693 0.7385436 -0.4767338 0.4767371 0.4767278 -0.4767351 0.7385488 0.4767602 -0.7385106 0.4767618 -0.4767628 -0.4767558 0.7385128 0.4767524 0.4767613 0.738516 -0.476766 0.738507 0.4767616 -0.4767377 0.4767307 0.7385452 -0.7385509 0.4767311 0.4767284 -0.7385536 -0.4767288 0.4767267 -0.7385536 0.4767294 -0.4767261 -0.6737819 -0.3033961 -0.6737721 -0.7385497 -0.4767315 -0.4767301 -0.4767423 0.7385393 -0.4767352 -0.4767629 0.4767597 -0.7385103 0.4767618 0.7385091 -0.4767625 -0.6738954 -0.6738722 -0.3029213 -0.4767428 -0.7385367 0.4767389 0.7385466 0.4767329 -0.4767333 0.4767405 0.7385431 0.4767313 0.7385511 0.4767293 0.4767299 0.7385511 -0.4767295 -0.4767296 0.4767383 0.4767306 -0.7385449 0.6737818 -0.6737708 -0.3033992 0.6739046 -0.3029211 -0.6738631 0.7385485 -0.4767315 0.4767317 0.4767382 -0.4767336 0.738543 0.4767622 -0.7385116 0.4767584 -0.4767495 -0.4767584 0.7385198 0.4767631 0.4767616 0.738509 -0.4767674 0.7385035 0.4767658 -0.476727 0.4767286 0.7385535 -0.7385461 0.4767313 0.4767357 -0.7385399 -0.4767426 0.476734 -0.7385392 0.4767422 -0.4767356 -0.6737706 -0.3033944 -0.6737843 -0.738545 -0.4767332 -0.4767356 -0.4767306 0.7385452 -0.4767378 -0.4767514 0.476758 -0.7385188 0.4767613 0.7385117 -0.4767591 -0.6738951 -0.67387 -0.3029268 -0.4767303 -0.7385433 0.476741 0.7385394 0.4767385 -0.4767388 0.4767372 0.7385434 0.4767341 0.7385459 0.4767307 0.4767366 0.7385478 -0.4767322 -0.4767323 0.476731 0.476732 -0.7385487 0.673778 -0.6737743 -0.3033999 0.6738832 -0.3029256 -0.6738824 0.7385394 -0.4767414 0.4767359 0.4767318 -0.4767363 0.7385454 0.4767518 -0.7385184 0.4767584 -0.4767572 -0.4767577 0.7385151 0.4767584 0.4767584 0.738514 -0.4767604 0.7385089 0.4767643 -0.4767293 0.4767295 0.7385514 -0.7385429 0.4767357 0.4767364 -0.7385451 -0.4767353 0.4767333 -0.7385451 0.4767353 -0.4767333 -0.6737715 -0.3034001 -0.6737807 -0.7385448 -0.4767342 -0.4767349 -0.4767365 0.7385426 -0.476736 -0.4767569 0.4767575 -0.7385155 0.4767522 0.7385152 -0.4767627 -0.6738885 -0.6738792 -0.3029212 -0.4767336 -0.7385427 0.4767387 0.4767398 0.7385361 0.4767428 0.7385463 0.476731 -0.4767357 0.476761 0.738513 -0.4767574 0.4767611 0.4767507 0.7385171 0.7385495 0.4767281 0.4767336 -0.4767571 0.7385158 0.4767571 -0.7385469 0.4767284 0.4767373 -0.4767383 0.4767379 0.7385402 -0.4767367 0.7385388 -0.4767417 -0.4767639 0.4767541 -0.7385132 -0.7385507 0.4767255 -0.4767343 0.4767373 0.476734 -0.7385433 0.7385475 -0.4767325 -0.4767326 0.6738661 -0.3029206 -0.6739019 0.4767342 -0.476737 0.7385435 0.4767568 -0.7385169 0.4767554 -0.4767602 -0.4767535 0.738516 -0.4767357 -0.7385402 0.4767405 0.7385424 -0.4767368 0.4767361 0.673779 -0.6737742 -0.303398 -0.7385466 -0.4767312 0.4767352 -0.7385447 -0.4767327 -0.4767366 -0.6738867 -0.673884 -0.3029145 -0.6737741 -0.3034055 -0.6737757 0.4767348 0.7385437 0.4767361 0.7385459 0.4767306 -0.4767367 0.4767568 0.7385201 -0.4767507 0.4767659 0.4767562 0.7385106 0.7385485 0.4767287 0.4767347 -0.4767612 0.7385134 0.4767566 -0.738551 0.4767274 0.476732 -0.4767396 0.4767394 0.7385384 -0.4767346 0.7385408 -0.4767406 -0.4767652 0.4767554 -0.7385115 -0.7385504 0.4767307 -0.4767297 0.476742 0.4767394 -0.7385368 0.7385445 -0.4767364 -0.4767332 0.6738857 -0.3029274 -0.6738791 0.4767355 -0.476741 0.73854 0.4767544 -0.738521 0.4767515 -0.4767619 -0.4767581 0.7385119 -0.4767315 -0.7385446 0.4767379 0.7385418 -0.4767381 0.4767355 0.6737759 -0.673778 -0.3033962 -0.7385463 -0.4767355 0.4767311 -0.7385469 -0.476732 -0.4767338 -0.6738912 -0.6738794 -0.3029145 -0.6737728 -0.3034071 -0.6737763 0.4767397 0.7385434 0.4767315 0.7385505 0.4767298 0.4767304 0.7385479 -0.4767321 0.4767322 0.4767374 -0.4767339 0.7385433 0.4767614 -0.7385119 0.4767587 -0.4767612 -0.4767552 0.7385143 0.4767622 0.4767618 0.7385092 -0.476766 0.7385067 0.4767621 -0.4767377 0.4767302 0.7385455 -0.7385509 0.4767315 0.476728 -0.7385525 -0.4767289 0.4767283 -0.7385536 0.4767293 -0.4767261 -0.6737806 -0.3033957 -0.6737737 -0.7385492 -0.4767315 -0.4767307 -0.4767427 0.7385391 -0.4767352 -0.4767629 0.4767593 -0.7385106 -0.4767432 -0.7385364 0.476739 0.7385436 0.476732 -0.4767389 0.4767268 0.7385498 0.4767345 0.7385366 0.4767429 0.4767387 0.7385367 -0.4767439 -0.4767376 0.4767271 0.4767317 -0.7385513 0.6737633 -0.6737863 -0.3034058 0.7385425 -0.476734 0.4767388 0.4767262 -0.4767344 0.7385503 0.4767602 -0.7385102 0.4767624 -0.476763 -0.4767585 0.738511 0.4767545 0.4767582 0.7385166 -0.4767614 0.7385117 0.4767591 -0.4767383 0.4767306 0.7385449 -0.7385466 0.4767329 0.4767333 -0.7385511 -0.4767295 0.4767296 -0.7385511 0.4767293 -0.4767299 -0.6737804 -0.303406 -0.6737691 -0.4767631 0.4767615 -0.738509 0.4767606 0.7385082 -0.4767653 -0.4767394 -0.738541 0.4767357 0.7385456 0.4767318 -0.476736 0.4767299 0.7385473 0.4767353 0.7385405 0.4767416 0.4767339 0.7385412 -0.4767412 -0.4767335 0.4767301 0.4767297 -0.7385509 0.6737669 -0.6737828 -0.3034057 0.7385475 -0.4767304 0.4767345 0.4767333 -0.4767327 0.7385467 0.4767664 -0.7385087 0.4767584 -0.4767575 -0.4767605 0.7385132 -0.4767633 0.7385087 0.4767617 -0.4767324 0.4767295 0.7385494 -0.738545 0.4767346 0.4767342 -0.7385451 -0.4767377 0.476731 -0.7385432 0.4767391 -0.4767324 -0.6737754 -0.3034051 -0.6737745 -0.7385457 -0.4767341 -0.4767336 -0.4767333 0.7385455 -0.4767346 -0.4767577 0.4767584 -0.7385144 0.4767673 0.7385066 -0.4767608 -0.6738897 -0.673879 -0.3029188 -0.4767329 -0.7385447 0.4767363 0.4767367 0.7385388 0.4767417 0.7385469 0.4767314 -0.4767345 0.4767599 0.7385158 -0.476754 0.4767639 0.4767541 0.7385132 0.7385507 0.4767284 0.4767314 -0.4767587 0.7385149 0.4767568 -0.7385493 0.4767299 0.4767322 -0.4767408 0.4767378 0.7385386 -0.4767358 0.738539 -0.476742 -0.4767647 0.4767546 -0.7385124 -0.7385513 0.4767287 -0.4767304 0.4767383 0.4767379 -0.7385402 0.7385472 -0.4767336 -0.4767318 0.6738871 -0.3029212 -0.6738805 0.4767343 -0.4767394 0.7385418 0.4767584 -0.7385162 0.4767548 -0.4767574 -0.4767556 0.7385165 -0.4767373 -0.7385396 0.4767398 0.7385447 -0.4767356 0.4767337 0.6737768 -0.673776 -0.3033988 -0.7385467 -0.4767333 0.4767329 -0.7385434 -0.4767355 -0.4767358 -0.6738867 -0.6738836 -0.3029152 -0.6737759 -0.3034061 -0.6737736 0.738547 0.476734 -0.4767317 0.4767438 0.7385388 0.4767344 0.7385548 0.4767255 0.4767281 0.7385536 -0.4767259 -0.4767296 0.4767385 0.4767303 -0.7385449 0.6737823 -0.6737678 -0.3034047 0.6739071 -0.3029106 -0.6738653 0.7385458 -0.4767344 0.4767332 0.4767373 -0.4767312 0.7385452 0.4767617 -0.7385121 0.476758 0.4767646 0.476759 0.7385097 -0.4767566 0.7385159 0.4767572 -0.7385445 0.4767347 0.4767348 -0.7385511 -0.4767296 0.4767298 -0.7385523 0.4767262 -0.4767312 -0.6737805 -0.3034057 -0.6737692 -0.7385433 -0.476738 -0.4767333 -0.47674 0.7385435 -0.4767311 -0.4767647 0.4767622 -0.7385075 0.4767605 0.7385113 -0.4767606 -0.6738819 -0.6738882 -0.3029159 -0.4767419 -0.7385414 0.4767326 0.7385423 0.4767376 -0.4767354 0.4767367 0.7385429 0.4767353 0.7385455 0.4767354 0.4767324 0.7385462 -0.4767349 -0.4767319 0.4767302 0.4767309 -0.73855 0.6737759 -0.6737744 -0.3034042 0.6738851 -0.3029177 -0.6738842 0.7385429 -0.4767372 0.4767348 0.4767318 -0.4767348 0.7385464 0.47676 -0.7385137 0.4767574 -0.4767605 -0.4767584 0.7385126 0.4767563 0.4767596 0.7385147 -0.4767569 0.7385135 0.4767606 -0.4767349 0.4767317 0.7385464 -0.7385433 0.4767348 0.4767367 -0.7385472 -0.4767323 0.476733 -0.7385477 0.476731 -0.4767336 -0.6737767 -0.3034052 -0.6737732 -0.7385429 -0.476736 -0.476736 -0.4767357 0.7385445 -0.476734 -0.476761 0.4767603 -0.7385112 0.4767594 0.738511 -0.4767619 -0.6738835 -0.6738855 -0.3029182 -0.4767382 -0.7385432 0.4767333 0.7385491 0.4767288 -0.4767336 0.4767389 0.7385437 0.476732 0.738551 0.4767273 0.4767322 0.7385473 -0.4767326 0.4767327 0.4767605 -0.7385122 0.4767591 -0.4767556 -0.4767603 0.7385145 -0.4767453 0.738523 0.4767577 -0.4767286 0.4767332 0.7385494 -0.738531 0.4767462 0.4767443 -0.7385438 -0.4767324 0.4767382 -0.7385444 0.4767302 -0.4767395 -0.6737629 -0.3034149 -0.6737827 -0.7385323 -0.4767469 -0.4767416 -0.4767339 0.7385454 -0.4767342 -0.4767563 0.4767612 -0.7385135 0.47676 0.738511 -0.4767614 -0.6738862 -0.6738832 -0.3029173 -0.4767333 -0.7385448 0.4767357 0.7385498 0.4767317 -0.4767296 0.4767444 0.7385385 0.4767345 0.7385537 0.4767286 0.4767268 0.7385537 -0.4767288 -0.4767266 0.4767361 0.47673 -0.7385468 0.6737775 -0.6737728 -0.3034042 0.6738919 -0.3029109 -0.6738805 0.7385504 -0.4767313 0.476729 0.4767372 -0.4767308 0.7385455 0.4767652 -0.7385072 0.4767622 -0.4767518 -0.476759 0.7385179 0.4767629 0.4767584 0.7385112 -0.4767634 0.7385082 0.4767624 -0.4767271 0.4767317 0.7385513 -0.7385436 0.4767349 0.4767359 -0.7385367 -0.4767439 0.4767376 -0.7385373 0.4767455 -0.4767354 -0.6737681 -0.3034047 -0.6737821 -0.7385425 -0.476734 -0.4767388 -0.4767276 0.7385495 -0.4767342 -0.4767524 0.4767608 -0.7385163 0.476766 0.7385067 -0.4767621 -0.6738739 -0.6738935 -0.3029218 -0.4767258 -0.7385483 0.4767379 0.4767391 0.7385393 0.4767385 0.7385491 0.4767306 -0.4767318 0.476758 0.7385157 -0.476756 0.4767649 0.4767554 0.7385118 0.7385519 0.4767284 0.4767299 -0.4767608 0.7385132 0.4767572 -0.7385463 0.4767307 0.4767361 -0.4767364 0.4767349 0.7385433 -0.4767398 0.7385367 -0.4767419 -0.4767619 0.476751 -0.7385165 -0.7385495 0.4767284 -0.4767333 0.4767411 0.4767386 -0.738538 0.7385478 -0.4767332 -0.4767313 0.6738725 -0.3029212 -0.6738951 0.476734 -0.4767358 0.7385443 0.476759 -0.7385138 0.4767581 -0.4767596 -0.4767603 0.738512 -0.4767364 -0.738543 0.4767354 0.7385449 -0.4767351 0.4767337 0.6737774 -0.6737754 -0.303399 -0.738548 -0.4767332 0.476731 -0.7385447 -0.4767351 -0.4767343 -0.6738867 -0.6738836 -0.3029152 -0.6737735 -0.3034058 -0.6737761 0.7385464 0.4767316 -0.4767351 0.4767317 0.7385455 0.4767364 0.7385416 0.4767395 0.4767346 0.7385423 -0.4767382 -0.4767348 0.6737662 -0.6737838 -0.3034051 0.7385452 -0.4767318 0.4767367 0.4767301 -0.4767329 0.7385488 0.4767618 -0.738509 0.4767626 -0.4767572 -0.4767574 0.7385154 0.4767553 0.4767583 0.7385162 -0.4767637 0.7385064 0.4767649 -0.4767276 0.4767291 0.7385528 -0.7385439 0.4767327 0.4767377 -0.7385439 0.4767355 -0.4767349 -0.6737765 -0.3034001 -0.6737756 -0.7385471 -0.4767311 -0.4767346 -0.4767336 0.7385423 -0.4767392 -0.4767553 0.4767571 -0.7385168 0.4767652 0.738506 -0.4767639 -0.6738776 -0.6738901 -0.3029211 -0.4767336 -0.7385424 0.4767391 0.4767438 0.7385349 0.4767404 0.738546 0.4767323 -0.4767351 0.4767634 0.7385085 -0.4767618 0.4767594 0.4767525 0.7385171 0.738551 0.4767265 0.476733 -0.4767618 0.7385094 0.4767622 -0.7385436 0.476734 0.4767369 -0.4767343 0.4767264 0.7385502 -0.476747 0.7385331 -0.4767401 -0.4767594 0.476753 -0.7385168 -0.7385532 0.4767234 -0.4767327 0.476736 0.4767271 -0.7385486 0.4767358 -0.4767316 0.7385459 0.4767584 -0.7385134 0.4767593 -0.4767623 -0.476758 0.7385117 -0.4767401 -0.7385404 0.4767358 0.7385439 -0.4767354 0.4767351 0.6737792 -0.6737743 -0.3033973 -0.738551 -0.4767268 0.4767327 -0.7385445 -0.4767364 -0.4767332 -0.6738852 -0.6738852 -0.3029151 -0.6737762 -0.3034036 -0.6737745 0.4767376 0.7385404 0.4767382 0.7385499 0.4767276 -0.4767336 0.476765 0.7385071 -0.4767623 0.4767605 0.4767573 0.7385134 0.7385493 0.4767308 0.4767313 -0.4767659 0.7385068 0.476762 -0.4767368 0.7385408 -0.4767386 -0.4767613 0.4767578 -0.7385125 -0.7385498 0.4767311 -0.4767302 0.4767342 0.476733 -0.738546 0.7385458 -0.476736 -0.4767315 0.6738868 -0.3029226 -0.6738801 0.4767335 -0.4767358 0.7385447 0.4767631 -0.7385107 0.4767588 -0.4767574 -0.4767602 0.7385135 -0.4767348 -0.7385444 0.4767349 0.7385477 -0.4767318 0.4767329 0.673774 -0.673779 -0.3033982 -0.7385452 -0.4767357 0.4767327 -0.7385458 -0.4767325 -0.476735 -0.6738914 -0.6738794 -0.3029144 -0.6737756 -0.3034074 -0.6737733 0.7385407 0.4767382 -0.4767373 0.476736 0.7385434 0.4767352 0.7385448 0.4767335 0.4767354 0.7385468 -0.4767321 -0.4767341 0.4767324 0.4767291 -0.7385496 0.6737768 -0.6737744 -0.3034024 0.6738591 -0.3029204 -0.6739089 0.7385407 -0.4767382 0.4767373 0.4767332 -0.4767333 0.7385464 0.4767536 -0.738516 0.47676 -0.4767565 -0.4767591 0.7385147 0.4767569 0.4767585 0.7385149 -0.4767594 0.73851 0.4767636 -0.4767314 0.476728 0.738551 -0.7385423 0.4767343 0.4767386 -0.7385467 -0.4767338 0.4767322 -0.7385468 0.4767309 -0.4767352 -0.6737709 -0.3034027 -0.6737802 -0.7385442 -0.4767358 -0.4767342 -0.4767357 0.7385414 -0.4767386 -0.4767563 0.476759 -0.7385151 0.476757 0.738513 -0.4767614 -0.4767358 -0.7385416 0.4767383 0.4767504 0.7385292 0.4767429 0.7385519 0.476727 -0.4767313 0.4767711 0.7385008 -0.4767662 0.7385564 0.4767237 0.4767273 -0.4767718 0.7385048 0.4767591 -0.7385505 0.4767239 0.4767363 -0.4767352 0.7385435 -0.4767358 -0.476762 0.4767521 -0.7385159 -0.7385435 0.4767352 -0.4767358 0.4767333 0.4767271 -0.7385504 0.7385536 -0.4767294 -0.4767261 0.6738917 -0.3029121 -0.6738799 0.4767348 -0.4767336 0.7385452 0.4767661 -0.7385069 0.4767618 -0.4767635 -0.4767585 0.7385107 -0.4767302 -0.7385496 0.4767315 0.7385509 -0.4767311 0.4767284 0.6737823 -0.6737684 -0.3034037 -0.7385426 -0.4767394 0.4767331 -0.7385477 -0.4767296 -0.476735 -0.6738903 -0.6738803 -0.3029147 -0.6737804 -0.3034072 -0.6737686 0.4767379 0.7385388 0.4767406 0.7385501 0.4767272 -0.4767336 0.4767639 0.7385071 -0.4767637 0.4767619 0.4767551 0.7385138 0.7385505 0.4767283 0.476732 -0.4767662 0.7385049 0.4767647 -0.7385517 0.4767217 0.4767367 -0.4767363 0.4767302 0.7385464 -0.4767326 0.7385427 -0.4767398 -0.4767599 0.4767575 -0.7385137 -0.7385466 0.4767312 -0.4767352 0.4767343 0.4767332 -0.7385459 0.7385477 -0.4767322 -0.4767325 0.673874 -0.3029167 -0.6738957 0.4767332 -0.4767335 0.7385464 0.4767603 -0.7385113 0.4767608 -0.4767587 -0.4767578 0.7385141 -0.4767289 -0.7385469 0.4767369 0.7385454 -0.4767325 0.4767355 0.6737729 -0.6737793 -0.3034 -0.7385419 -0.4767395 0.4767341 -0.7385489 -0.4767285 -0.4767342 -0.6738954 -0.6738746 -0.3029162 -0.6737749 -0.3034016 -0.6737766 0.4767396 0.738538 0.4767401 0.7385461 0.476731 -0.4767361 0.476759 0.7385153 -0.4767558 0.476762 0.4767544 0.7385142 0.7385506 0.4767274 0.4767327 -0.4767558 0.7385172 0.476756 -0.7385473 0.476733 0.4767321 -0.4767405 0.4767386 0.7385384 -0.4767422 0.7385367 -0.4767396 -0.4767634 0.4767557 -0.7385125 -0.7385538 0.4767253 -0.4767299 0.4767356 0.4767387 -0.7385414 0.7385464 -0.4767332 -0.4767333 0.6738719 -0.302918 -0.6738972 0.4767352 -0.4767368 0.7385428 0.4767583 -0.7385156 0.4767559 -0.4767603 -0.4767575 0.7385134 -0.4767381 -0.7385399 0.4767386 0.7385445 -0.4767348 0.4767349 0.6737759 -0.6737758 -0.3034014 -0.7385497 -0.4767293 0.476732 -0.7385408 -0.4767391 -0.4767361 -0.6738817 -0.6738887 -0.3029153 -0.6737746 -0.3034081 -0.673774 0.7385464 0.4767316 -0.4767351 0.4767348 0.7385432 0.4767367 0.7385439 0.4767363 0.4767342 0.7385457 -0.4767348 -0.4767328 0.6737704 -0.6737796 -0.3034051 0.6738856 -0.3029153 -0.6738847 0.7385464 -0.4767316 0.4767351 0.4767317 -0.4767332 0.7385476 0.4767618 -0.7385091 0.4767624 -0.4767574 -0.4767609 0.738513 -0.4767535 0.7385159 0.4767605 -0.4767323 0.4767298 0.7385494 -0.7385381 0.4767395 0.4767398 -0.7385426 -0.4767361 0.4767364 -0.7385426 0.4767361 -0.4767364 -0.673769 -0.3034104 -0.6737785 -0.73854 -0.4767381 -0.4767384 -0.4767326 0.7385473 -0.4767326 -0.4767571 0.4767607 -0.7385134 0.4767624 0.738506 -0.4767668 -0.6738935 -0.6738764 -0.3029164 -0.4767326 -0.7385474 0.4767323 0.7385426 0.4767378 -0.4767346 0.4767351 0.7385446 0.4767342 0.7385471 0.4767343 0.4767312 0.7385466 -0.4767326 -0.4767338 0.476734 0.4767315 -0.738547 0.6737759 -0.673775 -0.3034029 0.6738701 -0.3029196 -0.6738982 0.7385433 -0.4767351 0.4767363 0.4767326 -0.4767358 0.7385452 0.4767572 -0.7385144 0.476759 -0.4767583 -0.4767602 0.7385129 0.4767609 0.4767598 0.7385115 -0.4767578 0.7385127 0.4767611 -0.4767349 0.476731 0.7385469 -0.7385436 0.4767367 0.4767342 -0.7385472 -0.476732 0.4767334 -0.7385464 0.4767348 -0.4767317 -0.6737763 -0.3034042 -0.6737741 -0.7385431 -0.4767349 -0.4767368 -0.4767372 0.7385448 -0.4767317 -0.4767602 0.4767599 -0.7385119 0.4767593 0.7385135 -0.4767584 -0.6738845 -0.6738841 -0.302919 -0.4767354 -0.738543 0.4767365 -0.7385466 0.47673 0.4767362 -0.7385466 -0.476733 0.4767333 -0.7385466 0.4767328 -0.4767336 -0.7385479 -0.4767292 -0.4767351 -0.4767342 0.7385476 -0.4767305 -0.476736 -0.7385455 0.476732 0.4767305 0.7385477 0.476734 0.738535 0.4767414 -0.4767429 0.476751 0.7385192 -0.4767577 0.4767562 0.4767577 0.7385158 0.7385395 0.4767379 0.4767394 -0.7385506 0.4767268 0.4767334 -0.4767448 0.7385346 -0.4767401 -0.476762 0.476752 -0.7385159 -0.7385526 0.4767255 -0.4767315 0.4767319 0.4767308 -0.7385489 0.7385354 -0.4767422 -0.4767414 0.6738771 -0.3029313 -0.673886 0.4767314 -0.4767354 0.7385463 0.4767475 -0.738524 0.4767538 -0.4767635 -0.4767584 0.7385107 -0.4767398 -0.7385407 0.4767358 0.7385328 -0.4767442 0.4767435 0.6737723 -0.6737801 -0.3033999 -0.7385517 -0.4767297 0.4767287 -0.7385478 -0.4767324 -0.4767321 0.4767469 0.7385336 0.4767395 0.7385482 0.4767282 -0.4767355 0.4767673 0.7385051 -0.4767633 0.7385528 0.4767247 0.4767321 -0.7385507 0.476727 0.4767329 -0.476738 0.4767262 0.7385479 -0.4767452 0.7385342 -0.4767402 -0.4767619 0.4767515 -0.7385162 -0.7385527 0.4767255 -0.4767314 0.4767348 0.4767267 -0.7385498 0.7385511 -0.4767302 -0.4767292 0.6738892 -0.3029226 -0.6738778 0.4767387 -0.476733 0.7385431 0.476763 -0.7385109 0.4767586 -0.4767627 -0.4767575 0.7385119 -0.4767411 -0.73854 0.4767355 0.7385491 -0.4767317 0.4767306 0.6737816 -0.6737715 -0.3033981 -0.7385512 -0.4767293 0.4767298 -0.7385467 -0.4767329 -0.4767332 -0.6738904 -0.6738802 -0.3029146 -0.673778 -0.3034075 -0.6737709 0.7385437 0.4767372 -0.4767336 0.4767386 0.7385436 0.4767321 0.7385463 0.4767338 0.4767332 0.7385476 -0.4767344 -0.4767305 0.4767352 0.4767307 -0.7385468 0.6737776 -0.6737735 -0.3034024 0.6739013 -0.3029191 -0.6738673 0.7385433 -0.4767385 0.476733 0.4767323 -0.4767352 0.7385458 0.4767596 -0.738514 0.4767572 -0.476758 -0.4767574 0.7385149 0.476759 0.4767589 0.7385134 -0.4767577 0.7385122 0.4767619 -0.4767315 0.4767295 0.73855 -0.7385411 0.4767371 0.4767376 -0.7385444 -0.4767367 0.4767329 -0.738545 0.4767342 -0.4767347 -0.7385424 -0.4767361 -0.4767366 -0.4767361 0.7385444 -0.4767338 -0.4767585 0.4767584 -0.7385139 0.4767575 0.7385128 -0.4767612 -0.6738833 -0.6738853 -0.302919 -0.4767369 -0.7385438 0.4767338 0.7385433 0.4767355 -0.4767359 0.4767354 0.7385439 0.476735 0.7385461 0.476734 0.4767331 0.7385461 -0.4767357 -0.4767314 0.4767332 0.4767295 -0.7385489 0.6737752 -0.6737754 -0.3034036 0.6738852 -0.3029187 -0.6738835 0.7385454 -0.4767355 0.4767327 0.4767335 -0.4767342 0.7385457 0.4767596 -0.738512 0.4767603 -0.4767562 -0.4767591 0.7385149 0.4767572 0.4767608 0.7385133 -0.4767591 0.7385112 0.4767621 -0.4767298 0.4767311 0.73855 -0.7385421 0.4767388 0.4767346 -0.7385454 -0.4767354 0.4767327 -0.7385447 0.4767367 -0.4767326 -0.6737723 -0.3034047 -0.6737777 -0.7385409 -0.4767389 -0.4767361 -0.4767358 0.7385436 -0.4767353 -0.476758 0.4767572 -0.738515 0.4767616 0.738511 -0.4767597 -0.6738831 -0.6738851 -0.3029201 -0.4767352 -0.7385427 0.4767369 0.7385346 0.4767416 -0.4767432 0.4767267 0.7385499 0.4767345 0.7385366 0.4767401 0.4767417 0.7385379 -0.4767379 -0.4767418 0.6737683 -0.6737813 -0.3034059 0.6738795 -0.3029198 -0.6738888 0.7385341 -0.4767408 0.4767448 0.476727 -0.4767349 0.7385495 0.4767497 -0.7385196 0.4767584 0.4767516 0.4767611 0.7385166 0.4767508 0.7385173 -0.4767609 0.4767366 0.7385385 0.4767423 0.7385529 0.4767236 -0.4767329 0.476764 0.7385107 -0.476758 0.4767636 0.4767553 0.7385126 0.7385517 0.4767274 0.4767311 -0.4767557 0.7385176 0.4767556 -0.7385472 0.4767331 0.4767322 -0.4767404 0.4767391 0.738538 -0.4767408 0.7385364 -0.4767413 -0.4767652 0.4767555 -0.7385115 -0.7385549 0.4767243 -0.476729 0.4767389 0.4767389 -0.7385392 0.7385476 -0.4767351 -0.4767295 0.6738892 -0.3029165 -0.6738806 0.4767353 -0.4767375 0.7385424 0.4767617 -0.7385116 0.4767588 -0.4767377 -0.7385402 0.4767386 0.7385488 -0.4767311 0.4767318 0.6737728 -0.6737793 -0.3034006 -0.738551 -0.4767292 0.4767304 -0.7385431 -0.4767376 -0.476734 -0.6738685 -0.6739024 -0.3029142 0.7385382 0.4767423 -0.476737 0.4767407 0.7385404 0.4767351 0.7385472 0.4767325 0.4767329 0.7385491 -0.4767318 -0.4767307 0.4767292 0.4767295 -0.7385516 0.6737809 -0.6737702 -0.3034024 0.6738843 -0.3029204 -0.6738836 0.738542 -0.4767401 0.4767334 0.4767319 -0.4767354 0.7385459 0.4767554 -0.7385153 0.4767596 -0.476756 -0.4767602 0.7385145 0.4767569 0.4767575 0.7385156 -0.4767569 0.7385131 0.4767612 -0.4767325 0.4767292 0.7385495 -0.7385407 0.4767411 0.4767344 -0.7385485 -0.4767315 0.4767318 -0.7385472 0.4767333 -0.4767321 -0.6737732 -0.3034053 -0.6737767 -0.7385401 -0.4767408 -0.4767355 -0.4767391 0.7385413 -0.4767354 -0.4767569 0.4767586 -0.7385149 0.4767553 0.7385135 -0.4767622 -0.6738813 -0.6738874 -0.3029189 -0.4767395 -0.7385401 0.4767369 0.4767372 0.7385382 0.4767423 0.7385477 0.4767292 -0.4767355 0.4767565 0.7385168 -0.476756 0.4767613 0.4767561 0.7385136 0.738551 0.4767276 0.4767318 -0.4767578 0.7385155 0.4767566 -0.7385488 0.4767307 0.4767323 -0.4767408 0.4767379 0.7385385 -0.4767358 0.7385396 -0.4767413 -0.4767647 0.4767552 -0.738512 -0.7385513 0.4767287 -0.4767304 0.7385475 -0.476734 -0.476731 0.4767338 -0.4767388 0.7385424 0.4767581 -0.7385159 0.4767556 -0.4767565 -0.476756 0.7385168 -0.4767365 -0.7385399 0.4767401 0.7385443 -0.4767353 0.4767345 0.6737771 -0.6737762 -0.3033977 -0.7385461 -0.4767338 0.4767333 -0.7385446 -0.4767356 -0.4767336 -0.6738865 -0.673884 -0.3029147 -0.6737742 -0.3034052 -0.6737757 0.7385428 0.476738 -0.4767341 0.4767378 0.7385417 0.476736 0.7385461 0.4767343 0.4767327 0.7385467 -0.4767349 -0.4767311 0.4767324 0.4767295 -0.7385494 0.6737768 -0.6737744 -0.3034026 0.7385424 -0.4767365 0.4767363 0.4767293 -0.4767343 0.7385483 0.4767578 -0.7385124 0.4767615 -0.4767612 -0.4767569 0.7385131 0.4767554 0.4767593 0.7385153 -0.4767603 0.73851 0.4767628 -0.4767338 0.4767297 0.7385485 -0.7385448 0.4767339 0.4767352 -0.7385467 -0.4767329 0.4767334 -0.7385476 0.4767339 -0.476731 -0.6737786 -0.3034028 -0.6737725 -0.7385463 -0.4767346 -0.4767321 -0.4767383 0.7385444 -0.4767314 -0.4767624 0.4767587 -0.7385113 0.4767602 0.738511 -0.4767613 -0.6738894 -0.6738794 -0.3029186 -0.4767344 -0.7385432 0.4767372 0.4767411 0.7385338 0.4767451 0.7385389 0.4767396 -0.4767388 0.4767497 0.7385197 -0.4767582 0.4767545 0.4767543 0.7385193 -0.4767664 0.7385046 0.476765 -0.7385503 0.4767264 0.4767342 -0.4767312 0.4767333 0.7385478 -0.4767288 0.7385421 -0.4767443 -0.476756 0.4767539 -0.7385184 -0.738542 0.4767372 -0.4767363 0.4767315 0.4767385 -0.7385442 0.7385476 -0.4767313 -0.4767336 0.6738805 -0.3029204 -0.6738875 0.4767297 -0.4767386 0.7385453 0.4767487 -0.7385216 0.4767563 -0.4767528 -0.4767542 0.7385203 -0.4767314 -0.738542 0.4767422 0.738536 -0.4767458 0.4767369 0.673781 -0.6737695 -0.3034039 -0.7385405 -0.4767398 0.4767359 -0.7385442 -0.4767339 -0.476736 -0.6738747 -0.6738934 -0.3029202 -0.6737714 -0.3034052 -0.6737785 0.7385385 0.4767387 -0.47674 0.4767284 0.7385496 0.4767333 0.7385379 0.476742 0.4767377 0.7385368 -0.476741 -0.4767405 0.4767264 0.4767321 -0.7385517 0.6737632 -0.6737864 -0.3034059 0.7385391 -0.4767372 0.4767407 0.4767568 -0.7385151 0.4767582 0.4767532 0.4767609 0.7385157 -0.4767605 0.7385113 0.4767606 -0.4767385 0.4767303 0.7385449 -0.738547 0.4767343 0.4767312 -0.7385536 -0.4767259 0.4767296 -0.7385505 0.476727 -0.4767333 -0.7385435 -0.4767355 -0.4767358 -0.4767396 0.7385435 -0.4767315 -0.4767622 0.4767619 -0.7385093 0.4767563 0.7385131 -0.476762 -0.673882 -0.6738881 -0.3029158 -0.476746 -0.7385367 0.4767356 0.7385346 0.4767446 -0.4767403 0.4767305 0.7385496 0.4767312 0.7385361 0.4767427 0.4767399 0.7385374 -0.4767405 -0.4767401 0.4767272 0.4767328 -0.7385507 0.6737692 -0.6737806 -0.3034054 0.6738784 -0.3029189 -0.6738903 0.7385341 -0.4767435 0.4767423 0.476727 -0.4767345 0.7385497 0.4767505 -0.7385193 0.4767581 0.4767537 0.4767577 0.7385175 -0.4767369 0.4767301 0.7385461 -0.7385504 0.4767316 0.4767289 -0.7385511 0.4767294 -0.4767299 -0.6737815 -0.303405 -0.6737684 -0.7385485 -0.4767316 -0.4767317 -0.4767404 0.7385435 -0.4767307 -0.476763 0.4767621 -0.7385087 0.4767507 0.7385179 -0.47676 -0.6738915 -0.6738789 -0.302915 0.7385428 0.4767348 -0.4767374 0.4767357 0.7385441 0.4767345 0.738545 0.4767341 0.4767346 0.7385456 -0.4767366 -0.4767313 0.6737745 -0.6737765 -0.303403 0.7385435 -0.4767372 0.476734 0.476734 -0.4767333 0.7385459 0.4767577 -0.7385137 0.4767596 -0.4767596 -0.4767582 0.7385133 0.4767585 0.4767581 0.7385142 -0.4767602 0.7385111 0.4767611 -0.4767324 0.4767298 0.7385492 -0.7385427 0.4767348 0.4767374 -0.7385445 -0.4767352 0.4767343 -0.7385438 0.4767357 -0.4767349 -0.7385434 -0.4767343 -0.4767369 -0.4767342 0.7385454 -0.4767341 -0.6738855 -0.6738831 -0.3029189 -0.476735 -0.7385452 0.4767335 0.4767351 0.7385446 0.4767343 0.738547 0.4767343 0.4767313 0.7385465 -0.4767325 -0.4767339 0.4767349 0.476731 -0.7385469 0.6737759 -0.673775 -0.303403 0.4767347 -0.476733 0.7385457 0.4767569 -0.7385143 0.4767595 -0.4767603 -0.4767576 0.7385133 0.476761 0.4767596 0.7385116 -0.7385464 -0.4767327 0.4767339 -0.738547 0.4767346 -0.4767313 -0.4767348 0.7385448 -0.4767343 -0.476761 0.4767596 -0.7385116 0.4767578 0.7385126 -0.4767611 -0.4767345 -0.7385433 0.4767369 0.4767326 0.7385376 0.4767476 0.4767625 0.7385096 -0.4767611 0.4767559 0.4767507 0.7385206 0.7385445 0.4767364 0.4767332 -0.4767459 0.7385244 0.4767548 -0.7385363 0.4767403 0.4767419 -0.4767345 0.4767388 0.7385421 -0.4767373 0.7385384 -0.4767417 -0.4767575 0.4767544 -0.7385171 -0.7385474 0.4767255 -0.4767395 0.4767314 0.476737 -0.7385453 0.4767294 -0.4767348 0.738548 0.4767653 -0.7385075 0.4767616 -0.4767578 -0.4767598 0.7385135 -0.4767358 -0.7385439 0.4767348 0.7385473 -0.4767298 0.4767353 -0.7385457 -0.4767315 0.4767362 -0.7385329 -0.4767471 -0.4767405 -0.673882 -0.6738882 -0.3029155 -0.6737754 -0.3033642 -0.673793 0.7385389 0.4767418 -0.4767366 0.7385485 -0.4767323 -0.4767312 0.47673 0.4767292 -0.7385513 0.67378 -0.6737709 -0.303403 0.6738834 -0.3029211 -0.6738843 0.476732 -0.4767355 0.7385458 0.4767553 -0.7385153 0.4767594 -0.4767559 -0.4767599 0.7385146 0.4767569 0.4767575 0.7385156 -0.476757 0.7385128 0.4767615 -0.4767324 0.476729 0.7385498 -0.7385406 0.4767382 0.4767373 -0.738544 -0.4767349 0.4767355 -0.7385432 0.4767362 -0.4767354 -0.673772 -0.303406 -0.6737775 -0.7385395 -0.4767383 -0.4767389 -0.4767366 0.7385452 -0.4767318 -0.4767576 0.476758 -0.7385147 0.4767561 0.7385132 -0.4767618 -0.6738954 -0.673873 -0.3029196 -0.4767361 -0.7385445 0.4767334 0.4767269 0.7385495 0.4767351 0.7385366 0.476743 0.4767388 0.7385379 -0.4767408 -0.4767389 0.4767271 0.4767312 -0.7385517 0.738543 -0.4767313 0.4767405 0.4767269 -0.4767347 0.7385496 0.4767594 -0.7385104 0.476763 -0.4767556 -0.4767606 0.7385144 0.4767514 0.4767606 0.7385171 -0.4767451 0.738523 0.4767578 -0.4767562 0.4767612 -0.7385135 0.4767605 0.7385078 -0.4767658 -0.4767333 -0.738545 0.4767355 0.4767519 0.7385297 0.4767407 0.7385436 0.4767334 -0.4767376 0.4767593 0.7385092 -0.476765 0.4767618 0.4767484 0.7385182 0.7385552 0.4767188 0.4767341 -0.4767519 0.7385138 0.4767651 -0.7385376 0.4767405 0.4767397 -0.4767288 0.4767296 0.7385517 -0.4767433 0.7385337 -0.4767431 -0.4767552 0.4767538 -0.738519 -0.7385505 0.476725 -0.4767353 0.4767341 0.4767263 -0.7385503 0.738555 -0.4767225 -0.476731 0.6738938 -0.3029111 -0.6738784 0.4767369 -0.4767305 0.7385459 0.4767555 -0.7385159 0.4767584 -0.4767531 -0.476759 0.7385171 -0.4767381 -0.7385392 0.4767398 0.7385414 -0.4767386 0.4767357 0.6737895 -0.6737619 -0.3034018 -0.738547 -0.4767288 0.476737 -0.738536 -0.4767429 -0.4767398 -0.6738739 -0.6738944 -0.3029198 0.7385441 0.4767348 -0.4767354 0.4767357 0.7385427 0.4767366 0.7385433 0.476736 0.4767354 0.7385451 -0.4767345 -0.4767339 0.6737713 -0.6737789 -0.3034046 0.6738845 -0.3029145 -0.6738861 0.7385442 -0.4767343 0.4767357 0.4767317 -0.4767324 0.738548 0.4767625 -0.7385109 0.4767591 -0.476758 -0.4767574 0.7385149 0.4767545 0.4767574 0.7385171 -0.4767562 0.7385131 0.4767618 -0.4767308 0.4767292 0.7385507 -0.7385394 0.4767388 0.4767386 -0.7385456 -0.4767351 0.4767327 -0.7385449 0.4767327 -0.4767361 -0.6737765 -0.3034044 -0.6737737 -0.7385419 -0.4767401 -0.4767334 -0.4767376 0.738543 -0.4767342 -0.4767569 0.476758 -0.7385153 0.4767621 0.7385087 -0.4767631 -0.6738821 -0.6738867 -0.3029184 -0.4767385 -0.7385426 0.4767341 0.476733 0.7385412 0.4767417 0.4767581 0.7385153 -0.4767566 0.4767634 0.4767558 0.7385123 0.7385492 0.4767287 0.4767335 -0.4767583 0.7385143 0.4767581 -0.7385489 0.4767264 0.4767364 -0.4767395 0.4767376 0.7385396 -0.4767348 0.7385395 -0.4767425 -0.476765 0.4767537 -0.7385127 -0.7385505 0.4767265 -0.4767338 0.4767397 0.4767391 -0.7385386 0.7385464 -0.4767326 -0.476734 0.4767352 -0.476738 0.7385421 0.476758 -0.7385165 0.4767552 -0.4767577 -0.4767556 0.7385163 -0.4767346 -0.7385406 0.4767408 0.7385442 -0.4767329 0.4767371 0.673775 -0.6737783 -0.3033975 -0.7385458 -0.4767348 0.4767327 -0.7385461 -0.4767333 -0.4767339 -0.6738895 -0.6738808 -0.3029151 -0.6737743 -0.3034042 -0.6737761 0.4767401 0.7385388 0.4767382 0.7385506 0.4767268 -0.4767334 0.4767688 0.7385052 -0.4767617 0.4767637 0.4767518 0.7385149 0.7385494 0.4767309 0.4767313 -0.4767497 0.7385186 0.47676 -0.4767307 0.4767331 0.7385482 -0.4767401 0.7385388 -0.4767383 -0.4767562 0.4767577 -0.7385158 -0.7385485 0.4767253 -0.476738 0.4767381 0.4767272 -0.7385472 0.4767389 -0.4767341 0.7385424 0.476763 -0.7385116 0.4767576 -0.4767549 -0.4767625 0.7385135 0.7385489 -0.4767315 0.4767311 -0.7385334 -0.4767466 -0.4767401 -0.6738678 -0.6739026 -0.302915 -0.67377 -0.3034149 -0.6737756 0.7385478 0.4767324 -0.4767321 0.4767392 0.7385437 0.4767315 0.7385517 0.4767297 0.4767288 0.7385504 -0.4767301 -0.4767302 0.47674 0.4767313 -0.7385434 0.6737806 -0.6737715 -0.3034003 0.6738885 -0.3029215 -0.673879 0.7385478 -0.4767318 0.4767327 0.4767374 -0.4767344 0.738543 0.4767613 -0.7385122 0.4767581 0.4767639 0.4767625 0.7385078 -0.7385509 0.4767283 0.4767314 -0.7385491 -0.4767322 0.4767303 -0.738549 0.4767329 -0.4767298 -0.7385496 -0.4767287 -0.476733 -0.4767389 0.7385439 -0.4767315 0.4767614 0.738512 -0.4767585 -0.4767394 -0.7385411 0.4767353 0.476729 0.7385479 0.4767352 0.7385357 0.476738 -0.4767453 0.4767518 0.7385185 -0.476758 0.4767575 0.4767549 0.7385168 0.7385383 0.476736 0.4767432 -0.4767673 0.7385051 0.4767633 -0.7385495 0.476728 0.4767339 -0.4767364 0.4767268 0.7385485 -0.4767432 0.738534 -0.4767428 -0.4767628 0.4767512 -0.7385159 -0.7385533 0.476725 -0.4767309 0.7385366 -0.4767413 -0.4767405 0.4767466 -0.738524 0.4767546 -0.4767626 -0.4767583 0.7385113 -0.4767394 -0.7385406 0.4767362 0.7385322 -0.4767447 0.4767439 0.6737694 -0.6737837 -0.3033984 -0.738551 -0.4767273 0.4767321 -0.7385491 -0.4767289 -0.4767336 -0.6738925 -0.6738787 -0.3029133 -0.6737772 -0.3034061 -0.6737723 0.7385429 0.4767326 -0.4767394 0.4767285 0.7385492 0.4767338 0.7385367 0.4767451 0.4767365 0.7385385 -0.4767432 -0.4767355 0.4767263 0.4767326 -0.7385514 0.6737592 -0.6737906 -0.3034053 0.6738806 -0.3029189 -0.6738881 0.7385436 -0.4767338 0.476737 0.4767277 -0.4767346 0.7385491 -0.4767614 -0.4767583 0.7385122 0.4767516 0.4767603 0.7385172 -0.476763 0.738511 0.4767584 -0.4767386 0.476733 0.7385431 -0.7385491 0.4767317 0.4767307 -0.73855 -0.4767297 0.4767313 -0.7385542 0.4767289 -0.4767256 -0.673784 -0.3033947 -0.6737707 -0.738551 -0.4767308 -0.4767285 -0.4767435 0.7385392 -0.4767344 -0.4767637 0.4767594 -0.73851 0.4767627 0.7385089 -0.4767621 -0.6738824 -0.6738859 -0.30292 0.4767584 0.476755 0.7385162 -0.4767616 0.73851 0.4767615 -0.738546 0.4767279 0.4767395 -0.4767289 0.4767372 0.7385467 -0.4767535 0.4767535 -0.7385202 -0.7385402 0.4767377 -0.4767384 0.4767432 -0.7385269 0.4767535 -0.4767559 -0.4767559 0.7385173 -0.7385379 -0.4767414 0.4767383 0.4767535 0.738529 0.47674 0.7385419 0.476737 -0.4767367 0.4767614 0.7385095 -0.4767622 0.4767588 0.4767504 0.7385188 0.7385553 0.4767209 0.4767319 -0.4767689 0.7385045 0.4767625 -0.4767619 0.4767516 -0.7385162 0.4767317 0.4767264 -0.7385519 0.7385542 -0.4767259 -0.4767284 0.6738927 -0.3029117 -0.6738792 0.4767357 -0.4767328 0.7385452 0.4767572 -0.7385152 0.4767577 -0.4767627 -0.4767575 0.7385119 0.7385427 -0.4767406 0.4767318 0.6737884 -0.6737627 -0.3034025 -0.7385473 -0.4767324 -0.4767328 -0.6738914 -0.6738795 -0.3029139 -0.673779 -0.3034068 -0.6737701 0.7385429 0.4767352 -0.476737 0.4767346 0.738544 0.4767357 0.7385439 0.4767346 0.4767361 0.6737725 -0.6737786 -0.3034026 0.7385424 -0.4767365 0.4767363 -0.4767588 -0.476758 0.7385141 -0.4767593 0.738511 0.4767621 -0.47673 0.4767293 0.7385511 -0.7385411 0.4767358 0.4767391 -0.7385439 -0.4767357 0.4767348 -0.7385435 -0.4767346 -0.4767365 -0.4767345 0.7385455 -0.4767336 -0.4767316 -0.7385452 0.4767369 0.7385445 0.4767318 -0.4767377 0.47674 0.7385435 0.4767311 0.7385528 0.4767233 0.4767334 0.7387406 -0.476759 -0.4764066 0.4767366 0.4767364 -0.7385422 0.6738362 -0.6738249 -0.3031581 0.6742057 -0.3030288 -0.6735133 0.7387375 -0.4767631 0.4764073 0.4770042 -0.4769959 0.7382019 0.4768186 -0.7386628 0.4764674 -0.4771667 -0.477166 0.7379869 0.4767618 0.4767652 0.7385075 -0.4767507 0.7385179 0.47676 -0.4765034 0.4765137 0.7388365 -0.7383452 0.4768891 0.4768892 -0.7385325 -0.4769235 -0.4765644 -0.476894 0.4769083 -0.7383295 -0.6742086 -0.3030375 -0.6735066 -0.7388327 0.4765046 -0.4765183 -0.4767407 0.7385411 -0.4767341 0.4767566 0.7385159 -0.4767572 -0.6739354 -0.6739422 -0.3026767 -0.476791 -0.7386962 0.4764436 -0.7390188 -0.4765416 0.4761925 1 0 0 1 0 0 -1 1.7423e-7 0 -1 0 0 -1 2.51019e-7 0 0.4767375 0.7385408 0.4767377 0.7385472 0.4767302 -0.4767351 0.4767586 0.7385176 -0.4767525 0.4767652 0.4767555 0.7385115 0.7385504 0.4767277 0.4767326 -0.4767606 0.7385153 0.4767543 -0.7385485 0.4767299 0.4767336 -0.4767389 0.4767389 0.7385392 -0.4767365 0.7385385 -0.4767423 -0.4767636 0.4767553 -0.7385126 -0.7385517 0.4767274 -0.4767311 0.4767404 0.4767391 -0.738538 0.7385464 -0.4767326 -0.4767341 0.4767369 -0.4767376 0.7385413 0.4767564 -0.7385185 0.4767534 -0.4767605 -0.4767581 0.7385129 -0.4767363 -0.7385424 0.4767366 0.7385431 -0.4767348 0.476737 0.6737747 -0.6737783 -0.3033981 -0.7385476 -0.4767321 0.4767324 -0.7385444 -0.4767345 -0.4767354 -0.6738867 -0.673883 -0.3029165 -0.673775 -0.3034013 -0.6737766 0.7385401 0.4767385 -0.4767379 0.4767364 0.7385424 0.4767363 0.7385439 0.4767355 0.4767349 0.4767284 0.4767287 -0.7385525 0.6737754 -0.6737746 -0.3034051 0.6739008 -0.3029153 -0.6738695 0.7385425 -0.4767373 0.4767352 0.4767324 -0.4767324 0.7385475 0.4767593 -0.7385131 0.4767588 -0.4767598 -0.4767583 0.7385132 0.4767553 0.4767571 0.7385168 -0.4767649 0.7385087 0.4767601 -0.4767372 0.4767329 0.7385442 -0.7385504 0.4767313 0.4767292 -0.7385512 -0.4767293 0.4767298 -0.738553 0.4767293 -0.4767272 -0.6737793 -0.3034009 -0.6737725 -0.738548 -0.4767319 -0.4767323 -0.4767416 0.7385411 -0.4767332 -0.4767652 0.476759 -0.7385092 0.476761 0.7385107 -0.4767609 -0.6738935 -0.6738755 -0.302918 -0.4767413 -0.7385388 0.4767374 0.4767392 0.7385441 0.476731 0.47674 0.4767318 -0.738543 0.4767374 -0.476735 0.7385426 0.4767613 -0.7385126 0.4767578 -0.4767533 -0.4767597 0.7385164 0.476764 0.476763 0.7385075 -0.4767627 0.7385089 0.4767621 -0.4767263 0.4767326 0.7385514 -0.7385429 0.4767326 0.4767394 -0.7385379 -0.4767438 0.476736 -0.7385366 0.4767431 -0.4767388 -0.6737694 -0.303405 -0.6737806 -0.738543 -0.4767342 -0.4767376 -0.4767268 0.7385502 -0.476734 -0.4767545 0.4767587 -0.7385163 0.4767612 0.7385123 -0.476758 -0.6738879 -0.673879 -0.3029226 -0.4767256 -0.7385487 0.4767374 0.7385426 0.4767363 -0.4767362 0.4767386 0.7385444 0.4767313 0.738548 0.476731 0.476733 0.7385478 -0.4767324 -0.4767321 0.4767355 0.4767314 -0.7385461 0.6737769 -0.6737747 -0.3034014 0.673887 -0.3029205 -0.6738809 0.7385422 -0.4767377 0.4767352 0.4767357 -0.4767339 0.7385444 0.4767577 -0.7385163 0.4767555 0.4767616 0.4767602 0.7385109 -0.4767569 0.7385134 0.4767608 -0.7385406 0.4767379 0.4767378 -0.7385467 -0.4767321 0.4767341 -0.738546 0.4767326 -0.4767345 -0.7385412 -0.4767374 -0.4767373 -0.4767372 0.7385432 -0.4767343 0.4767583 0.7385147 -0.4767576 -0.6738812 -0.6738875 -0.302919 -0.4767381 -0.738543 0.4767338 0.4767406 0.7385389 0.4767378 0.7385472 0.4767302 -0.4767351 0.4767596 0.7385119 -0.4767605 0.4767623 0.4767583 0.7385116 0.7385526 0.4767246 0.4767323 -0.4767677 0.7385047 0.4767635 -0.7385489 0.4767299 0.4767329 -0.4767353 0.4767264 0.7385495 -0.4767457 0.7385338 -0.4767404 -0.4767609 0.4767511 -0.7385171 -0.7385522 0.4767273 -0.4767304 0.4767367 0.4767336 -0.738544 0.7385486 -0.4767324 -0.4767308 0.4767335 -0.4767366 0.7385441 0.4767568 -0.7385158 0.4767573 -0.4767615 -0.4767578 0.7385123 -0.4767394 -0.7385401 0.4767368 0.7385431 -0.4767377 0.476734 0.6737791 -0.6737741 -0.303398 -0.7385506 -0.476732 0.4767282 -0.7385473 -0.4767342 -0.476731 -0.673891 -0.6738789 -0.3029162 -0.6737767 -0.303401 -0.673775 0.4767391 0.7385399 0.4767377 0.4767611 0.7385107 -0.4767609 0.4767622 0.4767582 0.7385118 -0.4767655 0.738507 0.4767623 -0.7385469 0.4767302 0.4767357 -0.4767334 0.4767288 0.7385493 -0.4767427 0.7385366 -0.476739 -0.4767589 0.4767534 -0.7385168 0.4767366 0.4767335 -0.7385441 0.4767578 -0.7385175 0.4767537 -0.4767625 -0.4767576 0.7385119 -0.7385452 -0.4767345 -0.4767338 -0.6738876 -0.673883 -0.3029146 -0.6737746 -0.3034051 -0.6737754 0.7385361 0.4767445 -0.476738 0.4767428 0.7385408 0.4767325 0.7385466 0.4767301 0.4767363 0.738549 -0.4767289 -0.4767336 0.6737859 -0.6737651 -0.3034024 0.7385368 -0.4767439 0.4767374 0.4767341 -0.476733 0.7385462 0.4767511 -0.7385203 0.4767561 -0.4767518 -0.4767591 0.7385178 0.476756 0.4767578 0.7385159 -0.4767563 0.738513 0.4767621 -0.4767264 0.4767321 0.7385517 -0.7385385 0.4767387 0.47674 -0.7385379 0.476742 -0.4767377 -0.6737704 -0.3034044 -0.6737799 -0.7385391 -0.4767372 -0.4767407 -0.4767284 0.7385496 -0.4767333 -0.4767532 0.4767609 -0.7385157 0.4767507 0.7385177 -0.4767604 -0.6738805 -0.6738867 -0.3029222 -0.4767286 -0.7385485 0.4767348 0.7385316 0.4767487 -0.4767409 0.4767369 0.7385457 0.4767307 0.7385433 -0.4767321 -0.4767394 0.4767295 0.4767329 -0.7385491 0.6737793 -0.6737727 -0.3034005 0.6738597 -0.3029301 -0.673904 0.476731 -0.4767362 0.7385461 0.4767436 -0.7385249 0.4767563 -0.4767532 -0.4767595 0.7385166 0.4767562 0.4767616 0.7385133 -0.4767634 0.7385082 0.4767624 -0.4767271 0.4767317 0.7385514 -0.7385436 0.476732 0.4767389 -0.7385386 0.4767419 -0.4767368 -0.6737728 -0.3033943 -0.6737821 -0.7385462 -0.4767301 -0.4767369 -0.4767286 0.7385445 -0.476741 -0.4767504 0.4767569 -0.73852 0.4767431 0.7385226 -0.4767604 -0.4767257 -0.7385485 0.4767376 0.4767394 0.7385344 0.4767458 0.7385383 0.47674 -0.4767392 0.4767489 0.7385197 -0.4767591 0.4767573 0.4767521 0.7385187 0.7385498 0.4767255 0.4767358 -0.4767647 0.7385053 0.4767657 -0.738549 0.4767244 0.4767381 -0.4767295 0.4767339 0.7385484 -0.4767319 0.7385371 -0.4767491 -0.476755 0.4767501 -0.7385216 -0.7385439 0.4767339 -0.4767366 0.4767307 0.4767384 -0.7385448 0.7385482 -0.4767279 -0.476736 0.6738814 -0.30292 -0.6738868 0.476728 -0.4767392 0.738546 0.476747 -0.7385222 0.4767569 -0.4767527 -0.476755 0.7385198 -0.4767297 -0.7385426 0.4767428 0.7385348 -0.4767439 0.4767408 0.6737769 -0.6737739 -0.303403 0.4767268 0.7385498 0.4767345 0.4767594 -0.7385105 0.4767628 0.4767376 0.7385404 0.4767385 0.7385448 0.4767314 -0.4767377 0.4767571 0.7385176 -0.4767541 0.4767636 0.4767546 0.7385131 0.7385492 0.4767279 0.4767342 -0.476764 0.7385103 0.4767585 -0.738553 0.4767266 0.4767299 -0.4767389 0.4767384 0.7385395 -0.4767379 0.7385388 -0.4767406 -0.476762 0.4767556 -0.7385135 -0.7385504 0.4767313 -0.476729 0.4767372 0.4767388 -0.7385404 0.4767369 -0.476737 0.7385417 0.4767564 -0.738518 0.4767543 -0.4767588 -0.4767574 0.7385144 -0.4767339 -0.738542 0.4767396 0.7385432 -0.476738 0.4767335 0.6737791 -0.673774 -0.3033982 -0.7385465 -0.4767352 0.4767311 -0.7385471 -0.4767321 -0.4767334 -0.6738942 -0.6738754 -0.3029168 -0.6737768 -0.3034023 -0.6737744 0.4767359 0.738541 0.4767391 0.7385466 0.4767307 -0.4767355 0.476755 0.7385174 -0.4767566 0.4767634 0.4767554 0.7385126 -0.4767608 0.7385106 0.4767612 -0.4767327 0.4767352 0.7385455 -0.4767279 0.7385425 -0.4767446 -0.4767553 0.4767542 -0.7385187 0.4767396 0.4767386 -0.7385389 0.4767352 -0.4767376 0.7385424 0.4767548 -0.7385186 0.476755 -0.4767531 -0.4767592 0.7385169 -0.4767258 -0.738548 0.4767383 1 0 0</float_array>
          <technique_common>
            <accessor source="#Mesh19_Group21_Group2_Group1_Model-mesh-normals-array" count="1894" stride="3">
              <param name="X" type="float"/>
              <param name="Y" type="float"/>
              <param name="Z" type="float"/>
            </accessor>
          </technique_common>
        </source>
        <source id="Mesh19_Group21_Group2_Group1_Model-mesh-map-0">
          <float_array id="Mesh19_Group21_Group2_Group1_Model-mesh-map-0-array" count="20520">0.915607 0.545806 0.952091 0.539105 0.952091 0.545806 0.771202 0.441683 0.771574 0.478167 0.771202 0.478167 0.701213 0.441683 0.771202 0.441311 0.771202 0.441683 0.701213 0.441683 0.700841 0.441683 0.701213 0.441311 0.701213 0.478167 0.700841 0.441683 0.701213 0.441683 0.701213 0.478539 0.700841 0.478167 0.701213 0.478167 0.702722 0.486819 0.709421 0.486447 0.709421 0.486819 0.709421 0.556807 0.702722 0.55718 0.702722 0.556807 0.771202 0.478539 0.771202 0.478167 0.771574 0.478167 0.701213 0.478539 0.771202 0.478167 0.771202 0.478539 0.701213 0.701213 0.701213 0.700841 0.700841 0.701213 0.771202 0.701213 0.701213 0.700841 0.701213 0.701213 0.701213 0.737697 0.771202 0.738069 0.771202 0.737697 0.701213 0.737697 0.700841 0.737697 0.701213 0.738069 0.701213 0.701213 0.700841 0.737697 0.701213 0.737697 0.915235 0.539105 0.915607 0.545806 0.915235 0.545806 0.771202 0.441683 0.771202 0.441311 0.771574 0.441683 0.771202 0.737697 0.771202 0.738069 0.771574 0.737697 0.771202 0.737697 0.771574 0.701213 0.771202 0.701213 0.771202 0.701213 0.771574 0.701213 0.771202 0.700841 0.771202 0.441683 0.701213 0.478167 0.701213 0.441683 0.702722 0.556807 0.709421 0.486819 0.709421 0.556807 0.771202 0.737697 0.701213 0.701213 0.701213 0.737697 0.09527099 0.534894 0.131754 0.528194 0.131754 0.534894 0.131754 0.534894 0.09527099 0.535267 0.09527099 0.534894 0.136196 0.419892 0.136196 0.41952 0.136569 0.41952 0.129495 0.419892 0.136196 0.41952 0.136196 0.419892 0.129495 0.419892 0.129123 0.41952 0.129495 0.41952 0.09527099 0.528194 0.131754 0.527821 0.131754 0.528194 0.243393 0.349159 0.243393 0.349532 0.243766 0.349532 0.236692 0.349159 0.243393 0.349532 0.243393 0.349159 0.236692 0.349532 0.236692 0.349159 0.23632 0.349532 0.236692 0.349532 0.23632 0.41952 0.236692 0.41952 0.136196 0.349532 0.136569 0.41952 0.136196 0.41952 0.136196 0.349159 0.129495 0.349532 0.129495 0.349159 0.136196 0.349532 0.136196 0.349159 0.136569 0.349532 0.493969 0.473282 0.494342 0.509765 0.493969 0.509765 0.236692 0.419892 0.236692 0.41952 0.23632 0.41952 0.129123 0.349532 0.129495 0.349159 0.129495 0.349532 0.385668 0.520299 0.385296 0.556782 0.385668 0.556782 0.129123 0.349532 0.129495 0.41952 0.129123 0.41952 0.385296 0.557154 0.315308 0.556782 0.315308 0.557154 0.385296 0.557154 0.385668 0.556782 0.385296 0.556782 0.494342 0.509765 0.56433 0.473282 0.56433 0.509765 0.136196 0.349532 0.129495 0.41952 0.129495 0.349532 0.315308 0.520299 0.385296 0.556782 0.385296 0.520299 0.917116 0.399488 0.9536 0.392787 0.9536 0.399488 0.9536 0.399488 0.917116 0.39986 0.917116 0.399488 0.78878 0.50076 0.78878 0.500388 0.789156 0.500388 0.782081 0.50076 0.78878 0.500388 0.78878 0.50076 0.782081 0.50076 0.781709 0.500388 0.782081 0.500388 0.917116 0.392787 0.9536 0.392414 0.9536 0.392787 0.536775 0.296501 0.536775 0.296873 0.537147 0.296873 0.530074 0.296501 0.536775 0.296873 0.536775 0.296501 0.530074 0.296873 0.530074 0.296501 0.529702 0.296873 0.530074 0.296873 0.529702 0.366861 0.530074 0.366861 0.78878 0.4304 0.789156 0.500388 0.78878 0.500388 0.78878 0.430027 0.782081 0.4304 0.782081 0.430027 0.78878 0.4304 0.78878 0.430027 0.789156 0.4304 0.376015 0.251365 0.375488 0.287849 0.376015 0.287849 0.530074 0.367234 0.530074 0.366861 0.529702 0.366861 0.781709 0.4304 0.782081 0.430027 0.782081 0.4304 0.118615 0.542866 0.118243 0.57935 0.118615 0.57935 0.781709 0.4304 0.782081 0.500388 0.781709 0.500388 0.118243 0.579722 0.04825496 0.57935 0.04825496 0.579722 0.118243 0.579722 0.118615 0.57935 0.118243 0.57935 0.537224 0.261519 0.607213 0.225036 0.607213 0.261519 0.78878 0.4304 0.782081 0.500388 0.782081 0.4304 0.04825496 0.542866 0.118243 0.57935 0.118243 0.542866 0.797126 0.49879 0.83361 0.492089 0.83361 0.49879 0.07498699 0.733185 0.07536095 0.769668 0.07498699 0.769668 0.004999995 0.733185 0.07498699 0.732812 0.07498699 0.733185 0.355924 0.849413 0.355924 0.849785 0.356296 0.849785 0.319441 0.849413 0.355924 0.849785 0.355924 0.849413 0.319069 0.849785 0.319441 0.849785 0.319441 0.849413 0.319069 0.856486 0.319441 0.849785 0.319069 0.849785 0.724469 0.556435 0.717767 0.556807 0.717767 0.556435 0.07498699 0.77004 0.07498699 0.769668 0.07536095 0.769668 0.004999995 0.77004 0.07498699 0.769668 0.07498699 0.77004 0.718139 0.618465 0.718139 0.618092 0.717767 0.618465 0.788128 0.618465 0.718139 0.618092 0.718139 0.618465 0.718139 0.654948 0.788128 0.65532 0.788128 0.654948 0.718139 0.654948 0.717767 0.654948 0.718139 0.65532 0.718139 0.618465 0.717767 0.654948 0.718139 0.654948 0.796754 0.492089 0.797126 0.49879 0.796754 0.49879 0.07498699 0.733185 0.07498699 0.732812 0.07536095 0.733185 0.788128 0.654948 0.788128 0.65532 0.7885 0.654948 0.788128 0.654948 0.7885 0.618465 0.788128 0.618465 0.788128 0.618465 0.7885 0.618465 0.788128 0.618092 0.07498699 0.733185 0.004999995 0.769668 0.004999995 0.733185 0.717767 0.556435 0.724469 0.486447 0.724469 0.556435 0.788128 0.654948 0.718139 0.618465 0.718139 0.654948 0.004999995 0.58003 0.04148298 0.573329 0.04148298 0.58003 0.04148298 0.58003 0.004999995 0.580402 0.004999995 0.58003 0.585672 0.609838 0.585672 0.609465 0.586044 0.609465 0.578971 0.609838 0.585672 0.609465 0.585672 0.609838 0.578971 0.609838 0.578599 0.609465 0.578971 0.609465 0.004999995 0.573329 0.04148298 0.572957 0.04148298 0.573329 0.587553 0.407459 0.587553 0.407832 0.587925 0.407832 0.580852 0.407459 0.587553 0.407832 0.587553 0.407459 0.580852 0.407832 0.580852 0.407459 0.580479 0.407832 0.580852 0.407832 0.580479 0.47782 0.580852 0.47782 0.585672 0.539477 0.586044 0.609465 0.585672 0.609465 0.585672 0.539105 0.578971 0.539477 0.578971 0.539105 0.585672 0.539477 0.585672 0.539105 0.586044 0.539477 0.004999995 0.588002 0.005371987 0.624485 0.004999995 0.624485 0.580852 0.478192 0.580852 0.47782 0.580479 0.47782 0.578599 0.539477 0.578971 0.539105 0.578971 0.539477 0.648959 0.102794 0.648587 0.139277 0.648959 0.139277 0.578599 0.539477 0.578971 0.609465 0.578599 0.609465 0.648587 0.139649 0.578599 0.139277 0.578599 0.139649 0.648587 0.139649 0.648959 0.139277 0.648587 0.139277 0.005371987 0.624485 0.07536 0.588002 0.07536 0.624485 0.585672 0.539477 0.578971 0.609465 0.578971 0.539477 0.578599 0.102794 0.648587 0.139277 0.648587 0.102794 0.392414 0.7602 0.428898 0.753499 0.428898 0.7602 0.61548 0.69595 0.615108 0.659467 0.61548 0.659467 0.679705 0.611718 0.679705 0.611346 0.680076 0.611346 0.673003 0.611718 0.679705 0.611346 0.679705 0.611718 0.673003 0.611718 0.672631 0.611346 0.673003 0.611346 0.623734 0.69595 0.624106 0.659467 0.623734 0.659467 0.623734 0.69595 0.624106 0.696322 0.624106 0.69595 0.674884 0.230678 0.681585 0.231051 0.681585 0.230678 0.674884 0.231051 0.674884 0.230678 0.674512 0.231051 0.674884 0.231051 0.674512 0.301039 0.674884 0.301039 0.679705 0.541358 0.680076 0.611346 0.679705 0.611346 0.679705 0.540986 0.673003 0.541358 0.673003 0.540986 0.679705 0.541358 0.679705 0.540986 0.680076 0.541358 0.544747 0.659467 0.545119 0.69595 0.544747 0.69595 0.674884 0.301411 0.674884 0.301039 0.674512 0.301039 0.672631 0.541358 0.673003 0.540986 0.673003 0.541358 0.694467 0.659467 0.694096 0.69595 0.694467 0.69595 0.672631 0.541358 0.673003 0.611346 0.672631 0.611346 0.694096 0.696322 0.624106 0.69595 0.624106 0.696322 0.694096 0.696322 0.694467 0.69595 0.694096 0.69595 0.545119 0.69595 0.615108 0.659467 0.615108 0.69595 0.679705 0.541358 0.673003 0.611346 0.673003 0.541358 0.624106 0.659467 0.694096 0.69595 0.694096 0.659467 0.627496 0.814739 0.663979 0.808038 0.663979 0.814739 0.663979 0.814739 0.627496 0.815112 0.627496 0.814739 0.916293 0.339024 0.916293 0.338652 0.916665 0.338652 0.909594 0.339024 0.916293 0.338652 0.916293 0.339024 0.633138 0.925011 0.633509 0.925011 0.633509 0.924639 0.633138 0.961494 0.633509 0.925011 0.633138 0.925011 0.633138 0.961494 0.633509 0.961866 0.633509 0.961494 0.911846 0.676393 0.918545 0.676765 0.918545 0.676393 0.911846 0.676765 0.911846 0.676393 0.911474 0.676765 0.911846 0.676765 0.911474 0.746753 0.911846 0.746753 0.916293 0.268664 0.916665 0.338652 0.916293 0.338652 0.916293 0.268291 0.909594 0.268664 0.909594 0.268291 0.916293 0.268664 0.916293 0.268291 0.916665 0.268664 0.08398699 0.926519 0.08435899 0.963003 0.08398699 0.963003 0.911846 0.747125 0.911846 0.746753 0.911474 0.746753 0.703499 0.925011 0.703871 0.925011 0.703499 0.924639 0.703871 0.925011 0.703499 0.961494 0.703871 0.961494 0.703499 0.925011 0.633509 0.924639 0.633509 0.925011 0.703499 0.961866 0.633509 0.961494 0.633509 0.961866 0.703499 0.961866 0.703871 0.961494 0.703499 0.961494 0.08435899 0.963003 0.154349 0.926519 0.154349 0.963003 0.916293 0.268664 0.909594 0.338652 0.909594 0.268664 0.633509 0.925011 0.703499 0.961494 0.703499 0.925011 0.537224 0.624794 0.573708 0.618092 0.573708 0.624794 0.196094 0.594395 0.195722 0.557912 0.196094 0.557912 0.563104 0.166004 0.563104 0.165632 0.563477 0.165632 0.556403 0.166004 0.563104 0.165632 0.563104 0.166004 0.556403 0.166004 0.556031 0.165632 0.556403 0.165632 0.484566 0.596275 0.484938 0.559792 0.484566 0.559792 0.484566 0.596275 0.484938 0.596648 0.484938 0.596275 0.571448 0.09527099 0.578149 0.09564399 0.578149 0.09527099 0.571448 0.09564399 0.571448 0.09527099 0.571076 0.09564399 0.571448 0.09564399 0.571076 0.165632 0.571448 0.165632 0.563104 0.09564399 0.563477 0.165632 0.563104 0.165632 0.563104 0.09527099 0.556403 0.09564399 0.556403 0.09527099 0.563104 0.09564399 0.563104 0.09527099 0.563477 0.09564399 0.125362 0.557912 0.125734 0.594395 0.125362 0.594395 0.571448 0.166004 0.571448 0.165632 0.571076 0.165632 0.556031 0.09564399 0.556403 0.09527099 0.556403 0.09564399 0.555299 0.559792 0.554927 0.596275 0.555299 0.596275 0.556031 0.09564399 0.556403 0.165632 0.556031 0.165632 0.554927 0.596648 0.484938 0.596275 0.484938 0.596648 0.554927 0.596648 0.555299 0.596275 0.554927 0.596275 0.125734 0.594395 0.195722 0.557912 0.195722 0.594395 0.563104 0.09564399 0.556403 0.165632 0.556403 0.09564399 0.484938 0.559792 0.554927 0.596275 0.554927 0.559792 0.392414 0.745155 0.428898 0.738454 0.428898 0.745155 0.428898 0.745155 0.392414 0.745528 0.392414 0.745155 0.863635 0.348427 0.863635 0.348055 0.864006 0.348055 0.856935 0.348427 0.863635 0.348055 0.863635 0.348427 0.860697 0.861069 0.861068 0.861069 0.861068 0.860697 0.860697 0.897552 0.861068 0.861069 0.860697 0.861069 0.860697 0.897552 0.861068 0.897924 0.861068 0.897552 0.86671 0.093391 0.87341 0.09376299 0.87341 0.093391 0.86671 0.09376299 0.86671 0.093391 0.866339 0.09376299 0.86671 0.09376299 0.866339 0.163751 0.86671 0.163751 0.863635 0.278067 0.864006 0.348055 0.863635 0.348055 0.863635 0.277694 0.856935 0.278067 0.856935 0.277694 0.863635 0.278067 0.863635 0.277694 0.864006 0.278067 0.101441 0.093391 0.100913 0.129874 0.101441 0.129874 0.86671 0.1641229 0.86671 0.163751 0.866339 0.163751 0.931058 0.861069 0.931429 0.861069 0.931058 0.860697 0.931429 0.861069 0.931058 0.897552 0.931429 0.897552 0.931058 0.861069 0.861068 0.860697 0.861068 0.861069 0.931058 0.897924 0.861068 0.897552 0.861068 0.897924 0.931058 0.897924 0.931429 0.897552 0.931058 0.897552 0.537224 0.385642 0.607213 0.349159 0.607213 0.385642 0.863635 0.278067 0.856935 0.348055 0.856935 0.278067 0.861068 0.861069 0.931058 0.897552 0.931058 0.861069 0.352921 0.243021 0.389403 0.23632 0.389403 0.243021 0.352921 0.243393 0.389403 0.243021 0.389403 0.243393 0.02004498 0.07536 0.02041798 0.005371987 0.02004498 0.005371987 0.288221 0.349159 0.288221 0.349532 0.288594 0.349532 0.251738 0.349159 0.288221 0.349532 0.288221 0.349159 0.251365 0.349532 0.251738 0.349532 0.251738 0.349159 0.251365 0.356233 0.251738 0.349532 0.251365 0.349532 0.389776 0.243021 0.389403 0.23632 0.389776 0.23632 0.389776 0.243021 0.389403 0.243393 0.389403 0.243021 0.04179096 0.004999995 0.04216396 0.074988 0.04179096 0.074988 0.236693 0.214125 0.236693 0.213752 0.23632 0.214125 0.30668 0.214125 0.236693 0.213752 0.236693 0.214125 0.236693 0.250608 0.30668 0.25098 0.30668 0.250608 0.236693 0.250608 0.23632 0.250608 0.236693 0.25098 0.236693 0.214125 0.23632 0.250608 0.236693 0.250608 0.02711898 0.005371987 0.02041798 0.004999995 0.02041798 0.005371987 0.02004498 0.005371987 0.02041798 0.005371987 0.02041798 0.004999995 0.30668 0.250608 0.30668 0.25098 0.307053 0.250608 0.30668 0.250608 0.307053 0.214125 0.30668 0.214125 0.30668 0.214125 0.307053 0.214125 0.30668 0.213752 0.074988 0.29462 0.004999995 0.331104 0.004999995 0.29462 0.03508996 0.074988 0.04179096 0.004999995 0.04179096 0.074988 0.30668 0.250608 0.236693 0.214125 0.236693 0.250608 0.168617 0.549567 0.205099 0.542866 0.205099 0.549567 0.423281 0.191557 0.423653 0.22804 0.423281 0.22804 0.353293 0.191557 0.423281 0.1911849 0.423281 0.191557 0.353293 0.191557 0.352921 0.191557 0.353293 0.1911849 0.353293 0.22804 0.352921 0.191557 0.353293 0.191557 0.365636 0.05050796 0.365636 0.05013597 0.366009 0.05050796 0.358935 0.05050796 0.365636 0.05013597 0.365636 0.05050796 0.365636 0.120496 0.358935 0.120868 0.358935 0.120496 0.365636 0.120496 0.366009 0.120496 0.365636 0.120868 0.365636 0.05050796 0.366009 0.120496 0.365636 0.120496 0.358563 0.120496 0.358935 0.120496 0.358935 0.120868 0.358563 0.05050796 0.358935 0.120496 0.358563 0.120496 0.92607 0.684288 0.925698 0.754276 0.92607 0.754276 0.92607 0.684288 0.925698 0.683915 0.925698 0.684288 0.618464 0.407459 0.618092 0.443943 0.618464 0.443943 0.925698 0.684288 0.918997 0.683915 0.918997 0.684288 0.423281 0.191557 0.423281 0.1911849 0.423653 0.191557 0.92607 0.754276 0.925698 0.754276 0.925698 0.754648 0.688454 0.443943 0.688825 0.407459 0.688454 0.407459 0.358563 0.05050796 0.358935 0.05013597 0.358935 0.05050796 0.423281 0.191557 0.353293 0.22804 0.353293 0.191557 0.358935 0.120496 0.365636 0.05050796 0.365636 0.120496 0.688454 0.443943 0.618464 0.407459 0.618464 0.443943 0.689929 0.079777 0.726413 0.073076 0.726413 0.079777 0.689929 0.08014899 0.726413 0.079777 0.726413 0.08014899 0.749738 0.06743395 0.819725 0.06706196 0.819725 0.06743395 0.754622 0.663228 0.754622 0.6636 0.754994 0.6636 0.718139 0.663228 0.754622 0.6636 0.754622 0.663228 0.717767 0.6636 0.718139 0.6636 0.718139 0.663228 0.717767 0.670301 0.718139 0.6636 0.717767 0.6636 0.726784 0.079777 0.726413 0.073076 0.726784 0.073076 0.726784 0.079777 0.726413 0.08014899 0.726413 0.079777 0.758692 0.486447 0.759064 0.556435 0.758692 0.556435 0.726413 0.072703 0.726784 0.073076 0.726413 0.073076 0.751619 0.486447 0.75199 0.556435 0.751619 0.556435 0.080226 0.81255 0.150213 0.812923 0.150213 0.81255 0.689929 0.072703 0.689929 0.073076 0.689557 0.073076 0.726413 0.072703 0.689929 0.073076 0.689929 0.072703 0.689557 0.073076 0.689929 0.079777 0.689557 0.079777 0.689929 0.08014899 0.689557 0.079777 0.689929 0.079777 0.150213 0.81255 0.150213 0.812923 0.150587 0.81255 0.150213 0.81255 0.150587 0.776067 0.150213 0.776067 0.718139 0.670674 0.718139 0.670301 0.717767 0.670301 0.819725 0.06743395 0.749738 0.103917 0.749738 0.06743395 0.75199 0.556435 0.758692 0.486447 0.758692 0.556435 0.150213 0.81255 0.080226 0.776067 0.080226 0.81255 0.005371987 0.799694 0.04185497 0.792993 0.04185497 0.799694 0.779097 0.220517 0.778725 0.184034 0.779097 0.184034 0.779097 0.220517 0.778725 0.22089 0.778725 0.220517 0.714006 0.408608 0.720707 0.408236 0.720707 0.408608 0.157333 0.731304 0.157705 0.731304 0.157705 0.730932 0.157333 0.767787 0.157705 0.731304 0.157333 0.731304 0.157333 0.767787 0.157705 0.768159 0.157705 0.767787 0.005371987 0.799694 0.004999995 0.792993 0.005371987 0.792993 0.778725 0.1836619 0.779097 0.184034 0.778725 0.184034 0.778725 0.1836619 0.708736 0.184034 0.708736 0.1836619 0.708736 0.22089 0.778725 0.220517 0.778725 0.22089 0.720707 0.337875 0.714006 0.338248 0.714006 0.337875 0.708736 0.22089 0.708364 0.220517 0.708736 0.220517 0.708364 0.184034 0.708736 0.220517 0.708364 0.220517 0.708364 0.184034 0.708736 0.1836619 0.708736 0.184034 0.227694 0.731304 0.228066 0.731304 0.227694 0.730932 0.228066 0.731304 0.227694 0.767787 0.228066 0.767787 0.227694 0.731304 0.157705 0.730932 0.157705 0.731304 0.227694 0.768159 0.157705 0.767787 0.157705 0.768159 0.227694 0.768159 0.228066 0.767787 0.227694 0.767787 0.708736 0.220517 0.778725 0.184034 0.778725 0.220517 0.720707 0.338248 0.714006 0.408236 0.714006 0.338248 0.157705 0.731304 0.227694 0.767787 0.227694 0.731304 0.938175 0.100092 0.974659 0.093391 0.974659 0.100092 0.231827 0.873104 0.231455 0.83662 0.231827 0.83662 0.832037 0.786619 0.832037 0.786247 0.832409 0.786247 0.825336 0.786619 0.832037 0.786247 0.832037 0.786619 0.825336 0.786619 0.824964 0.786247 0.825336 0.786247 0.469521 0.872731 0.469893 0.836248 0.469521 0.836248 0.469521 0.872731 0.469893 0.873104 0.469893 0.872731 0.938175 0.100092 0.937803 0.093391 0.938175 0.093391 0.231455 0.836248 0.231827 0.83662 0.231455 0.83662 0.231455 0.836248 0.161466 0.83662 0.161466 0.836248 0.832037 0.716259 0.832409 0.786247 0.832037 0.786247 0.832037 0.715886 0.825336 0.716259 0.825336 0.715886 0.832037 0.716259 0.832037 0.715886 0.832409 0.716259 0.161094 0.83662 0.161466 0.873104 0.161094 0.873104 0.161094 0.83662 0.161466 0.836248 0.161466 0.83662 0.824964 0.716259 0.825336 0.715886 0.825336 0.716259 0.540254 0.836248 0.539882 0.872731 0.540254 0.872731 0.824964 0.716259 0.825336 0.786247 0.824964 0.786247 0.539882 0.873104 0.469893 0.872731 0.469893 0.873104 0.539882 0.873104 0.540254 0.872731 0.539882 0.872731 0.161466 0.873104 0.231455 0.83662 0.231455 0.873104 0.832037 0.716259 0.825336 0.786247 0.825336 0.716259 0.469893 0.836248 0.539882 0.872731 0.539882 0.836248 0.159586 0.607868 0.196069 0.601167 0.196069 0.607868 0.383787 0.302515 0.38416 0.338998 0.383787 0.338998 0.3138 0.302515 0.383787 0.302143 0.383787 0.302515 0.3138 0.302515 0.313427 0.302515 0.3138 0.302143 0.3138 0.338998 0.313427 0.302515 0.3138 0.302515 0.3138 0.339371 0.313427 0.338998 0.3138 0.338998 0.319069 0.005371987 0.325769 0.004999995 0.325769 0.005371987 0.325769 0.07536 0.319069 0.075733 0.319069 0.07536 0.383787 0.339371 0.383787 0.338998 0.38416 0.338998 0.3138 0.339371 0.383787 0.338998 0.383787 0.339371 0.319442 0.137018 0.319442 0.136646 0.319069 0.137018 0.389429 0.137018 0.319442 0.136646 0.319442 0.137018 0.319442 0.173501 0.389429 0.173873 0.389429 0.173501 0.319442 0.173501 0.319069 0.173501 0.319442 0.173873 0.319442 0.137018 0.319069 0.173501 0.319442 0.173501 0.159213 0.601167 0.159586 0.607868 0.159213 0.607868 0.383787 0.302515 0.383787 0.302143 0.38416 0.302515 0.389429 0.173501 0.389429 0.173873 0.389802 0.173501 0.389429 0.173501 0.389802 0.137018 0.389429 0.137018 0.389429 0.137018 0.389802 0.137018 0.389429 0.136646 0.383787 0.302515 0.3138 0.338998 0.3138 0.302515 0.319069 0.07536 0.325769 0.005371987 0.325769 0.07536 0.389429 0.173501 0.319442 0.137018 0.319442 0.173501 0.138899 0.534522 0.175382 0.527821 0.175382 0.534522 0.138899 0.534894 0.175382 0.534522 0.175382 0.534894 0.439431 0.22917 0.509419 0.228798 0.509419 0.22917 0.48757 0.40934 0.48757 0.409712 0.487942 0.409712 0.451087 0.40934 0.48757 0.409712 0.48757 0.40934 0.450714 0.409712 0.451087 0.409712 0.451087 0.40934 0.450714 0.416413 0.451087 0.409712 0.450714 0.409712 0.175754 0.534522 0.175382 0.527821 0.175754 0.527821 0.175754 0.534522 0.175382 0.534894 0.175382 0.534522 0.322009 0.211872 0.322381 0.28186 0.322009 0.28186 0.451087 0.274305 0.451087 0.273933 0.450714 0.274305 0.521075 0.274305 0.451087 0.273933 0.451087 0.274305 0.451087 0.310789 0.521075 0.311161 0.521075 0.310789 0.451087 0.310789 0.450714 0.310789 0.451087 0.311161 0.451087 0.274305 0.450714 0.310789 0.451087 0.310789 0.138526 0.527821 0.138899 0.534522 0.138526 0.534522 0.138899 0.534894 0.138526 0.534522 0.138899 0.534522 0.521075 0.310789 0.521075 0.311161 0.521447 0.310789 0.521075 0.310789 0.521447 0.274305 0.521075 0.274305 0.521075 0.274305 0.521447 0.274305 0.521075 0.273933 0.509419 0.22917 0.439431 0.265653 0.439431 0.22917 0.315308 0.28186 0.322009 0.211872 0.322009 0.28186 0.521075 0.310789 0.451087 0.274305 0.451087 0.310789 0.328472 0.293799 0.364955 0.287098 0.364955 0.293799 0.231827 0.205472 0.231454 0.168989 0.231827 0.168989 0.231827 0.205472 0.231454 0.205844 0.231454 0.205472 0.02041798 0.152839 0.02711898 0.152467 0.02711898 0.152839 0.02041798 0.152839 0.02004498 0.152467 0.02041798 0.152467 0.082107 0.250236 0.08247995 0.213752 0.082107 0.213752 0.04179096 0.082107 0.04179096 0.082479 0.04216396 0.082479 0.03508996 0.082107 0.04179096 0.082479 0.04179096 0.082107 0.231454 0.168617 0.231827 0.168989 0.231454 0.168989 0.231454 0.168617 0.161467 0.168989 0.161467 0.168617 0.161467 0.205844 0.231454 0.205472 0.231454 0.205844 0.02711898 0.082107 0.02041798 0.082479 0.02041798 0.082107 0.161467 0.205844 0.161094 0.205472 0.161467 0.205472 0.161094 0.168989 0.161467 0.205472 0.161094 0.205472 0.161094 0.168989 0.161467 0.168617 0.161467 0.168989 0.02004498 0.082479 0.02041798 0.082107 0.02041798 0.082479 0.136646 0.07082295 0.173128 0.071195 0.173128 0.07082295 0.02004498 0.082479 0.02041798 0.152467 0.02004498 0.152467 0.04179096 0.152467 0.04216396 0.082479 0.04179096 0.082479 0.173501 0.07082295 0.173128 0.07082295 0.173128 0.071195 0.161467 0.205472 0.231454 0.168989 0.231454 0.205472 0.02711898 0.082479 0.02041798 0.152467 0.02041798 0.082479 0.08247995 0.213752 0.152467 0.250236 0.152467 0.213752 0.05050796 0.534522 0.08699095 0.527821 0.08699095 0.534522 0.406728 0.512018 0.406355 0.475535 0.406728 0.475535 0.406728 0.512018 0.406355 0.512391 0.406355 0.512018 0.390906 0.416131 0.397607 0.415758 0.397607 0.416131 0.390906 0.416131 0.390534 0.415758 0.390906 0.415758 0.159213 0.519169 0.159586 0.482686 0.159213 0.482686 0.159213 0.519169 0.159586 0.519541 0.159586 0.519169 0.05050796 0.534522 0.05013597 0.527821 0.05050796 0.527821 0.406355 0.475163 0.406728 0.475535 0.406355 0.475535 0.406355 0.475163 0.336367 0.475535 0.336367 0.475163 0.336367 0.512391 0.406355 0.512018 0.406355 0.512391 0.397607 0.345398 0.390906 0.34577 0.390906 0.345398 0.336367 0.512391 0.335995 0.512018 0.336367 0.512018 0.335995 0.475535 0.336367 0.512018 0.335995 0.512018 0.335995 0.475535 0.336367 0.475163 0.336367 0.475535 0.390534 0.34577 0.390906 0.345398 0.390906 0.34577 0.330353 0.275814 0.366836 0.276186 0.366836 0.275814 0.390534 0.34577 0.390906 0.415758 0.390534 0.415758 0.229574 0.519541 0.159586 0.519169 0.159586 0.519541 0.367208 0.275814 0.366836 0.275814 0.366836 0.276186 0.336367 0.512018 0.406355 0.475535 0.406355 0.512018 0.397607 0.34577 0.390906 0.415758 0.390906 0.34577 0.159586 0.482686 0.229574 0.519169 0.229574 0.482686 0.258888 0.378428 0.295371 0.371727 0.295371 0.378428 0.295371 0.378428 0.258888 0.3788 0.258888 0.378428 0.08504599 0.15472 0.08504599 0.154348 0.08541899 0.154348 0.078345 0.15472 0.08504599 0.154348 0.08504599 0.15472 0.240081 0.1671079 0.240454 0.1671079 0.240454 0.166736 0.240081 0.203591 0.240454 0.1671079 0.240081 0.1671079 0.240081 0.203591 0.240454 0.2039639 0.240454 0.203591 0.09376299 0.08398699 0.100464 0.08436 0.100464 0.08398699 0.09376299 0.08436 0.09376299 0.08398699 0.093391 0.08436 0.09376299 0.08436 0.093391 0.154348 0.09376299 0.154348 0.08504599 0.08436 0.08541899 0.154348 0.08504599 0.154348 0.08504599 0.08398699 0.078345 0.08436 0.078345 0.08398699 0.08504599 0.08436 0.08504599 0.08398699 0.08541899 0.08436 0.161094 0.258888 0.161467 0.295371 0.161094 0.295371 0.09376299 0.15472 0.09376299 0.154348 0.093391 0.154348 0.310442 0.1671079 0.310814 0.1671079 0.310442 0.166736 0.310814 0.1671079 0.310442 0.203591 0.310814 0.203591 0.310442 0.1671079 0.240454 0.166736 0.240454 0.1671079 0.310442 0.2039639 0.240454 0.203591 0.240454 0.2039639 0.310442 0.2039639 0.310814 0.203591 0.310442 0.203591 0.161467 0.295371 0.231454 0.258888 0.231454 0.295371 0.08504599 0.08436 0.078345 0.154348 0.078345 0.08436 0.240454 0.1671079 0.310442 0.203591 0.310442 0.1671079 0.787351 0.207289 0.823835 0.200588 0.823835 0.207289 0.463147 0.818565 0.462775 0.782081 0.463147 0.782081 0.773735 0.55718 0.773735 0.556807 0.774111 0.556807 0.767036 0.55718 0.773735 0.556807 0.773735 0.55718 0.767036 0.55718 0.766664 0.556807 0.767036 0.556807 0.768545 0.04148298 0.768916 0.004999995 0.768545 0.004999995 0.777125 0.273933 0.777125 0.274305 0.777496 0.274305 0.770425 0.273933 0.777125 0.274305 0.777125 0.273933 0.462775 0.781709 0.463147 0.782081 0.462775 0.782081 0.462775 0.781709 0.392786 0.782081 0.392786 0.781709 0.773735 0.486819 0.774111 0.556807 0.773735 0.556807 0.773735 0.486447 0.767036 0.486819 0.767036 0.486447 0.773735 0.486819 0.773735 0.486447 0.774111 0.486819 0.392414 0.782081 0.392786 0.818565 0.392414 0.818565 0.392414 0.782081 0.392786 0.781709 0.392786 0.782081 0.766664 0.486819 0.767036 0.486447 0.767036 0.486819 0.691438 0.228798 0.727922 0.22917 0.727922 0.228798 0.766664 0.486819 0.767036 0.556807 0.766664 0.556807 0.777125 0.344294 0.777496 0.274305 0.777125 0.274305 0.728293 0.228798 0.727922 0.228798 0.727922 0.22917 0.392786 0.818565 0.462775 0.782081 0.462775 0.818565 0.773735 0.486819 0.767036 0.556807 0.767036 0.486819 0.768916 0.004999995 0.838906 0.04148298 0.838906 0.004999995 0.915235 0.835427 0.951719 0.828725 0.951719 0.835427 0.15284 0.857686 0.152468 0.821203 0.15284 0.821203 0.816992 0.777216 0.816992 0.776843 0.817364 0.776843 0.810291 0.777216 0.816992 0.776843 0.816992 0.777216 0.810291 0.777216 0.809919 0.776843 0.810291 0.776843 0.390534 0.863328 0.390905 0.826845 0.390534 0.826845 0.390534 0.863328 0.390905 0.8637 0.390905 0.863328 0.825336 0.273933 0.832037 0.274305 0.832037 0.273933 0.825336 0.274305 0.825336 0.273933 0.824964 0.274305 0.825336 0.274305 0.824964 0.344294 0.825336 0.344294 0.816992 0.706855 0.817364 0.776843 0.816992 0.776843 0.816992 0.706483 0.810291 0.706855 0.810291 0.706483 0.816992 0.706855 0.816992 0.706483 0.817364 0.706855 0.082107 0.821203 0.08247798 0.857686 0.082107 0.857686 0.825336 0.344666 0.825336 0.344294 0.824964 0.344294 0.809919 0.706855 0.810291 0.706483 0.810291 0.706855 0.461267 0.826845 0.460895 0.863328 0.461267 0.863328 0.809919 0.706855 0.810291 0.776843 0.809919 0.776843 0.460895 0.8637 0.390905 0.863328 0.390905 0.8637 0.460895 0.8637 0.461267 0.863328 0.460895 0.863328 0.08247798 0.857686 0.152468 0.821203 0.152468 0.857686 0.816992 0.706855 0.810291 0.776843 0.810291 0.706855 0.390905 0.826845 0.460895 0.863328 0.460895 0.826845 0.125362 0.05532795 0.161844 0.04862695 0.161844 0.05532795 0.161844 0.05532795 0.125362 0.05570095 0.125362 0.05532795 0.102345 0.075733 0.102345 0.07536 0.102717 0.07536 0.09564399 0.075733 0.102345 0.07536 0.102345 0.075733 0.09564399 0.075733 0.09527099 0.07536 0.09564399 0.07536 0.125362 0.04862695 0.161844 0.04825496 0.161844 0.04862695 0.11739 0.004999995 0.11739 0.005371987 0.117763 0.005371987 0.110689 0.004999995 0.11739 0.005371987 0.11739 0.004999995 0.110689 0.005371987 0.110689 0.004999995 0.110317 0.005371987 0.110689 0.005371987 0.110317 0.07536 0.110689 0.07536 0.102345 0.005371987 0.102717 0.07536 0.102345 0.07536 0.102345 0.004999995 0.09564399 0.005371987 0.09564399 0.004999995 0.102345 0.005371987 0.102345 0.004999995 0.102717 0.005371987 0.05066299 0.08398699 0.05013597 0.120471 0.05066299 0.120471 0.110689 0.075733 0.110689 0.07536 0.110317 0.07536 0.09527099 0.005371987 0.09564399 0.004999995 0.09564399 0.005371987 0.125362 0.06329995 0.161844 0.06367295 0.161844 0.06329995 0.09527099 0.005371987 0.09564399 0.07536 0.09527099 0.07536 0.11739 0.07536 0.117763 0.005371987 0.11739 0.005371987 0.162217 0.06329995 0.161844 0.06329995 0.161844 0.06367295 0.123481 0.161845 0.193469 0.125362 0.193469 0.161845 0.102345 0.005371987 0.09564399 0.07536 0.09564399 0.005371987 0.125362 0.004999995 0.19535 0.04148298 0.19535 0.004999995 0.166736 0.630808 0.2032189 0.624107 0.2032189 0.630808 0.2032189 0.630808 0.166736 0.63118 0.166736 0.630808 0.621404 0.288246 0.621404 0.287874 0.621777 0.287874 0.614703 0.288246 0.621404 0.287874 0.621404 0.288246 0.614703 0.288246 0.614331 0.287874 0.614703 0.287874 0.166736 0.624107 0.2032189 0.623734 0.2032189 0.624107 0.536775 0.217514 0.536775 0.217886 0.537147 0.217886 0.530074 0.217514 0.536775 0.217886 0.536775 0.217514 0.530074 0.217886 0.530074 0.217514 0.529702 0.217886 0.530074 0.217886 0.529702 0.287874 0.530074 0.287874 0.621404 0.217886 0.621777 0.287874 0.621404 0.287874 0.621404 0.217514 0.614703 0.217886 0.614703 0.217514 0.621404 0.217886 0.621404 0.217514 0.621777 0.217886 0.226917 0.540986 0.227289 0.577469 0.226917 0.577469 0.530074 0.288246 0.530074 0.287874 0.529702 0.287874 0.614331 0.217886 0.614703 0.217514 0.614703 0.217886 0.374384 0.61057 0.374012 0.647053 0.374384 0.647053 0.614331 0.217886 0.614703 0.287874 0.614331 0.287874 0.374012 0.647425 0.304024 0.647053 0.304024 0.647425 0.374012 0.647425 0.374384 0.647053 0.374012 0.647053 0.227289 0.577469 0.297277 0.540986 0.297277 0.577469 0.621404 0.217886 0.614703 0.287874 0.614703 0.217886 0.304024 0.61057 0.374012 0.647053 0.374012 0.61057 0.607181 0.399115 0.643664 0.392414 0.643664 0.399115 0.451863 0.649306 0.451491 0.612823 0.451863 0.612823 0.451863 0.649306 0.451491 0.649678 0.451491 0.649306 0.608689 0.555299 0.61539 0.554927 0.61539 0.555299 0.593644 0.614703 0.594016 0.614703 0.594016 0.614331 0.593644 0.651187 0.594016 0.614703 0.593644 0.614703 0.593644 0.651187 0.594016 0.651559 0.594016 0.651187 0.607181 0.399115 0.606809 0.392414 0.607181 0.392414 0.451491 0.612451 0.451863 0.612823 0.451491 0.612823 0.451491 0.612451 0.381503 0.612823 0.381503 0.612451 0.381503 0.649678 0.451491 0.649306 0.451491 0.649678 0.61539 0.484566 0.608689 0.484938 0.608689 0.484566 0.381503 0.649678 0.38113 0.649306 0.381503 0.649306 0.38113 0.612823 0.381503 0.649306 0.38113 0.649306 0.38113 0.612823 0.381503 0.612451 0.381503 0.612823 0.664004 0.614703 0.664377 0.614703 0.664004 0.614331 0.664377 0.614703 0.664004 0.651187 0.664377 0.651187 0.664004 0.614703 0.594016 0.614331 0.594016 0.614703 0.664004 0.651559 0.594016 0.651187 0.594016 0.651559 0.664004 0.651559 0.664377 0.651187 0.664004 0.651187 0.381503 0.649306 0.451491 0.612823 0.451491 0.649306 0.61539 0.484938 0.608689 0.554927 0.608689 0.484938 0.594016 0.614703 0.664004 0.651187 0.664004 0.614703 0.330353 0.26747 0.366835 0.260769 0.366835 0.26747 0.194214 0.1170819 0.193841 0.08059799 0.194214 0.08059799 0.05720895 0.075733 0.05720895 0.07536 0.05758196 0.07536 0.05050796 0.075733 0.05720895 0.07536 0.05720895 0.075733 0.05050796 0.075733 0.05013597 0.07536 0.05050796 0.07536 0.004999995 0.244594 0.005372941 0.20811 0.004999995 0.20811 0.07188099 0.004999995 0.07188099 0.005371987 0.072254 0.005371987 0.06518095 0.004999995 0.07188099 0.005371987 0.07188099 0.004999995 0.193841 0.080226 0.194214 0.08059799 0.193841 0.08059799 0.193841 0.080226 0.123854 0.08059799 0.123854 0.080226 0.05720895 0.005371987 0.05758196 0.07536 0.05720895 0.07536 0.05720895 0.004999995 0.05050796 0.005371987 0.05050796 0.004999995 0.05720895 0.005371987 0.05720895 0.004999995 0.05758196 0.005371987 0.123481 0.08059799 0.123854 0.1170819 0.123481 0.1170819 0.123481 0.08059799 0.123854 0.080226 0.123854 0.08059799 0.05013597 0.005371987 0.05050796 0.004999995 0.05050796 0.005371987 0.202468 0.110317 0.238951 0.110689 0.238951 0.110317 0.05013597 0.005371987 0.05050796 0.07536 0.05013597 0.07536 0.07188099 0.07536 0.072254 0.005371987 0.07188099 0.005371987 0.239324 0.110317 0.238951 0.110317 0.238951 0.110689 0.123854 0.1170819 0.193841 0.08059799 0.193841 0.1170819 0.05720895 0.005371987 0.05050796 0.07536 0.05050796 0.005371987 0.005372941 0.20811 0.07536 0.244594 0.07536 0.20811 0.004999995 0.87304 0.04148399 0.866339 0.04148399 0.87304 0.004999995 0.873412 0.04148399 0.87304 0.04148399 0.873412 0.785842 0.112569 0.855832 0.112197 0.855832 0.112569 0.785842 0.112569 0.78547 0.112569 0.785842 0.112197 0.785842 0.149053 0.78547 0.112569 0.785842 0.112569 0.798186 0.274305 0.798186 0.273933 0.798557 0.274305 0.791484 0.274305 0.798186 0.273933 0.798186 0.274305 0.798186 0.344294 0.791484 0.344666 0.791484 0.344294 0.798186 0.344294 0.798557 0.344294 0.798186 0.344666 0.798186 0.274305 0.798557 0.344294 0.798186 0.344294 0.791112 0.344294 0.791484 0.344294 0.791484 0.344666 0.791112 0.274305 0.791484 0.344294 0.791112 0.344294 0.798557 0.353293 0.798186 0.423281 0.798557 0.423281 0.798557 0.353293 0.798186 0.352921 0.798186 0.353293 0.787723 0.157333 0.787351 0.193816 0.787723 0.193816 0.798186 0.353293 0.791484 0.352921 0.791484 0.353293 0.791112 0.353293 0.791484 0.353293 0.791484 0.352921 0.798557 0.423281 0.798186 0.423281 0.798186 0.423653 0.857712 0.193816 0.858084 0.157333 0.857712 0.157333 0.791112 0.274305 0.791484 0.273933 0.791484 0.274305 0.855832 0.112569 0.785842 0.149053 0.785842 0.112569 0.791484 0.344294 0.798186 0.274305 0.798186 0.344294 0.857712 0.193816 0.787723 0.157333 0.787723 0.193816 0.511268 0.1790789 0.547751 0.172378 0.547751 0.1790789 0.511268 0.179451 0.547751 0.1790789 0.547751 0.179451 0.49585 0.409712 0.565839 0.40934 0.565839 0.409712 0.04185497 0.527821 0.04185497 0.528194 0.04222798 0.528194 0.005371987 0.527821 0.04185497 0.528194 0.04185497 0.527821 0.004999995 0.528194 0.005371987 0.528194 0.005371987 0.527821 0.004999995 0.534894 0.005371987 0.528194 0.004999995 0.528194 0.548123 0.1790789 0.547751 0.172378 0.548123 0.172378 0.548123 0.1790789 0.547751 0.179451 0.547751 0.1790789 0.310725 0.004999995 0.311097 0.074988 0.310725 0.074988 0.43228 0.184034 0.43228 0.1836619 0.431908 0.184034 0.502269 0.184034 0.43228 0.1836619 0.43228 0.184034 0.43228 0.220517 0.502269 0.22089 0.502269 0.220517 0.43228 0.220517 0.431908 0.220517 0.43228 0.22089 0.43228 0.184034 0.431908 0.220517 0.43228 0.220517 0.510895 0.172378 0.511268 0.1790789 0.510895 0.1790789 0.511268 0.179451 0.510895 0.1790789 0.511268 0.1790789 0.502269 0.220517 0.502269 0.22089 0.502641 0.220517 0.502269 0.220517 0.502641 0.184034 0.502269 0.184034 0.502269 0.184034 0.502641 0.184034 0.502269 0.1836619 0.565839 0.409712 0.49585 0.446196 0.49585 0.409712 0.304024 0.074988 0.310725 0.004999995 0.310725 0.074988 0.502269 0.220517 0.43228 0.184034 0.43228 0.220517 0.712497 0.931712 0.748981 0.925011 0.748981 0.931712 0.863354 0.815933 0.863726 0.852416 0.863354 0.852416 0.793365 0.815933 0.863354 0.815561 0.863354 0.815933 0.793365 0.815933 0.792993 0.815933 0.793365 0.815561 0.793365 0.852416 0.792993 0.815933 0.793365 0.815933 0.793365 0.852789 0.792993 0.852416 0.793365 0.852416 0.05577796 0.132063 0.05614894 0.125362 0.05577796 0.125362 0.749352 0.931712 0.748981 0.925011 0.749352 0.925011 0.863354 0.852789 0.863354 0.852416 0.863726 0.852416 0.793365 0.852789 0.863354 0.852416 0.863354 0.852789 0.748981 0.924639 0.749352 0.925011 0.748981 0.925011 0.808038 0.352921 0.80841 0.422909 0.808038 0.422909 0.004999995 0.857686 0.07498699 0.858058 0.07498699 0.857686 0.712497 0.924639 0.712497 0.925011 0.712125 0.925011 0.748981 0.924639 0.712497 0.925011 0.712497 0.924639 0.712125 0.925011 0.712497 0.931712 0.712125 0.931712 0.863354 0.815933 0.863354 0.815561 0.863726 0.815933 0.07498699 0.857686 0.07498699 0.858058 0.07536095 0.857686 0.07498699 0.857686 0.07536095 0.821203 0.07498699 0.821203 0.05614894 0.132435 0.05614894 0.132063 0.05577796 0.132063 0.863354 0.815933 0.793365 0.852416 0.793365 0.815933 0.80841 0.422909 0.815112 0.352921 0.815112 0.422909 0.07498699 0.857686 0.004999995 0.821203 0.004999995 0.857686 0.87198 0.354352 0.908464 0.347651 0.908464 0.354352 0.87198 0.354724 0.908464 0.354352 0.908464 0.354724 0.881755 0.1802729 0.951745 0.179901 0.951745 0.1802729 0.881755 0.1802729 0.881384 0.1802729 0.881755 0.179901 0.881755 0.216756 0.881384 0.1802729 0.881755 0.1802729 0.894099 0.452967 0.894099 0.452595 0.894471 0.452967 0.887397 0.452967 0.894099 0.452595 0.894099 0.452967 0.894099 0.522956 0.887397 0.523328 0.887397 0.522956 0.894099 0.522956 0.894471 0.522956 0.894099 0.523328 0.894099 0.452967 0.894471 0.522956 0.894099 0.522956 0.887026 0.522956 0.887397 0.522956 0.887397 0.523328 0.887026 0.452967 0.887397 0.522956 0.887026 0.522956 0.888829 0.676765 0.888457 0.746753 0.888829 0.746753 0.888829 0.676765 0.888457 0.676393 0.888457 0.676765 0.908464 0.347279 0.87198 0.347651 0.87198 0.347279 0.888457 0.676765 0.881755 0.676393 0.881755 0.676765 0.881384 0.676765 0.881755 0.676765 0.881755 0.676393 0.888829 0.746753 0.888457 0.746753 0.888457 0.747125 0.847935 0.942315 0.848309 0.905832 0.847935 0.905832 0.887026 0.452967 0.887397 0.452595 0.887397 0.452967 0.951745 0.1802729 0.881755 0.216756 0.881755 0.1802729 0.887397 0.522956 0.894099 0.452967 0.894099 0.522956 0.847935 0.942315 0.777948 0.905832 0.777948 0.942315 0.262649 0.363383 0.299132 0.356682 0.299132 0.363383 0.271321 0.159964 0.270948 0.123481 0.271321 0.123481 0.07037299 0.152839 0.07037299 0.152467 0.070746 0.152467 0.06367295 0.152839 0.07037299 0.152467 0.07037299 0.152839 0.06367295 0.152839 0.06329995 0.152467 0.06367295 0.152467 0.202468 0.08661895 0.202841 0.05013597 0.202468 0.05013597 0.202468 0.08661895 0.202841 0.08699095 0.202841 0.08661895 0.392787 0.251365 0.399488 0.251738 0.399488 0.251365 0.392787 0.251738 0.392787 0.251365 0.392414 0.251738 0.392787 0.251738 0.392414 0.321726 0.392787 0.321726 0.07037299 0.082479 0.070746 0.152467 0.07037299 0.152467 0.07037299 0.082107 0.06367295 0.082479 0.06367295 0.082107 0.07037299 0.082479 0.07037299 0.082107 0.070746 0.082479 0.200588 0.123481 0.2009609 0.159964 0.200588 0.159964 0.392787 0.322098 0.392787 0.321726 0.392414 0.321726 0.06329995 0.082479 0.06367295 0.082107 0.06367295 0.082479 0.273201 0.05013597 0.272829 0.08661895 0.273201 0.08661895 0.06329995 0.082479 0.06367295 0.152467 0.06329995 0.152467 0.272829 0.08699095 0.202841 0.08661895 0.202841 0.08699095 0.272829 0.08699095 0.273201 0.08661895 0.272829 0.08661895 0.2009609 0.159964 0.270948 0.123481 0.270948 0.159964 0.07037299 0.082479 0.06367295 0.152467 0.06367295 0.082479 0.202841 0.05013597 0.272829 0.08661895 0.272829 0.05013597 0.796754 0.649242 0.833238 0.642541 0.833238 0.649242 0.963401 0.147172 0.963029 0.110689 0.963401 0.110689 0.901622 0.339024 0.901622 0.338652 0.901993 0.338652 0.89492 0.339024 0.901622 0.338652 0.901622 0.339024 0.89492 0.339024 0.894548 0.338652 0.89492 0.338652 0.896429 0.261519 0.896801 0.225036 0.896429 0.225036 0.90313 0.685796 0.90313 0.686168 0.903502 0.686168 0.896429 0.685796 0.90313 0.686168 0.90313 0.685796 0.963029 0.110317 0.963401 0.110689 0.963029 0.110689 0.963029 0.110317 0.893039 0.110689 0.893039 0.110317 0.901622 0.268664 0.901993 0.338652 0.901622 0.338652 0.901622 0.268291 0.89492 0.268664 0.89492 0.268291 0.901622 0.268664 0.901622 0.268291 0.901993 0.268664 0.892668 0.110689 0.893039 0.147172 0.892668 0.147172 0.892668 0.110689 0.893039 0.110317 0.893039 0.110689 0.894548 0.268664 0.89492 0.268291 0.89492 0.268664 0.392414 0.768545 0.428898 0.768917 0.428898 0.768545 0.894548 0.268664 0.89492 0.338652 0.894548 0.338652 0.90313 0.756156 0.903502 0.686168 0.90313 0.686168 0.42927 0.768545 0.428898 0.768545 0.428898 0.768917 0.893039 0.147172 0.963029 0.110689 0.963029 0.147172 0.901622 0.268664 0.89492 0.338652 0.89492 0.268664 0.896801 0.225036 0.96679 0.261519 0.96679 0.225036 0.520671 0.04179096 0.557154 0.03508996 0.557154 0.04179096 0.07536 0.392787 0.075733 0.42927 0.07536 0.42927 0.005372941 0.392787 0.07536 0.392414 0.07536 0.392787 0.005372941 0.392787 0.004999995 0.392787 0.005372941 0.392414 0.005372941 0.42927 0.004999995 0.392787 0.005372941 0.392787 0.005372941 0.429642 0.004999995 0.42927 0.005372941 0.42927 0.243843 0.364577 0.250543 0.364204 0.250543 0.364577 0.557527 0.04179096 0.557154 0.03508996 0.557527 0.03508996 0.07536 0.429642 0.07536 0.42927 0.075733 0.42927 0.005372941 0.429642 0.07536 0.42927 0.07536 0.429642 0.144541 0.392787 0.144541 0.392414 0.144168 0.392787 0.214528 0.392787 0.144541 0.392414 0.144541 0.392787 0.144541 0.42927 0.214528 0.429642 0.214528 0.42927 0.144541 0.42927 0.144168 0.42927 0.144541 0.429642 0.144541 0.392787 0.144168 0.42927 0.144541 0.42927 0.520299 0.03508996 0.520671 0.04179096 0.520299 0.04179096 0.07536 0.392787 0.07536 0.392414 0.075733 0.392787 0.214528 0.42927 0.214528 0.429642 0.214901 0.42927 0.214528 0.42927 0.214901 0.392787 0.214528 0.392787 0.214528 0.392787 0.214901 0.392787 0.214528 0.392414 0.07536 0.392787 0.005372941 0.42927 0.005372941 0.392787 0.243843 0.434565 0.250543 0.364577 0.250543 0.434565 0.214528 0.42927 0.144541 0.392787 0.144541 0.42927 0.082107 0.739513 0.1185899 0.732812 0.1185899 0.739513 0.082107 0.739886 0.1185899 0.739513 0.1185899 0.739886 0.855426 0.906204 0.925416 0.905832 0.925416 0.906204 0.855426 0.906204 0.855055 0.906204 0.855426 0.905832 0.855426 0.942688 0.855055 0.906204 0.855426 0.906204 0.899369 0.597778 0.899369 0.597405 0.899741 0.597778 0.892668 0.597778 0.899369 0.597405 0.899369 0.597778 0.899369 0.667766 0.892668 0.668138 0.892668 0.667766 0.899369 0.667766 0.899741 0.667766 0.899369 0.668138 0.899369 0.597778 0.899741 0.667766 0.899369 0.667766 0.005371987 0.909966 0.005371987 0.909594 0.004999995 0.909966 0.07536095 0.909966 0.005371987 0.909594 0.005371987 0.909966 0.005371987 0.946449 0.07536095 0.946821 0.07536095 0.946449 0.005371987 0.946449 0.004999995 0.946449 0.005371987 0.946821 0.005371987 0.909966 0.004999995 0.946449 0.005371987 0.946449 0.188855 0.065553 0.182153 0.06518095 0.182153 0.065553 0.1817809 0.065553 0.182153 0.065553 0.182153 0.06518095 0.07536095 0.946449 0.07536095 0.946821 0.075733 0.946449 0.07536095 0.946449 0.075733 0.909966 0.07536095 0.909966 0.07536095 0.909966 0.075733 0.909966 0.07536095 0.909594 0.925416 0.906204 0.855426 0.942688 0.855426 0.906204 0.892668 0.667766 0.899369 0.597778 0.899369 0.667766 0.07536095 0.946449 0.005371987 0.909966 0.005371987 0.946449 0.477415 0.903502 0.513899 0.896801 0.513899 0.903502 0.477415 0.903874 0.513899 0.903502 0.513899 0.903874 0.46764 0.736946 0.537628 0.736574 0.537628 0.736946 0.937046 0.770425 0.937046 0.770798 0.937417 0.770798 0.900562 0.770425 0.937046 0.770798 0.937046 0.770425 0.90019 0.770798 0.900562 0.770798 0.900562 0.770425 0.90019 0.777499 0.900562 0.770798 0.90019 0.770798 0.514271 0.903502 0.513899 0.896801 0.514271 0.896801 0.514271 0.903502 0.513899 0.903874 0.513899 0.903502 0.736124 0.345398 0.736496 0.415386 0.736124 0.415386 0.513899 0.896429 0.514271 0.896801 0.513899 0.896801 0.729051 0.345398 0.729423 0.415386 0.729051 0.415386 0.23632 0.78246 0.306307 0.782832 0.306307 0.78246 0.477415 0.896429 0.477415 0.896801 0.477044 0.896801 0.513899 0.896429 0.477415 0.896801 0.477415 0.896429 0.477044 0.896801 0.477415 0.903502 0.477044 0.903502 0.477415 0.903874 0.477044 0.903502 0.477415 0.903502 0.306307 0.78246 0.306307 0.782832 0.306681 0.78246 0.306307 0.78246 0.306681 0.745977 0.306307 0.745977 0.900562 0.777871 0.900562 0.777499 0.90019 0.777499 0.537628 0.736946 0.46764 0.773429 0.46764 0.736946 0.729423 0.415386 0.736124 0.345398 0.736124 0.415386 0.306307 0.78246 0.23632 0.745977 0.23632 0.78246 0.924639 0.320128 0.961122 0.313427 0.961122 0.320128 0.769693 0.782832 0.769322 0.746349 0.769693 0.746349 0.741766 0.128391 0.741766 0.128019 0.742138 0.128019 0.735065 0.128391 0.741766 0.128019 0.741766 0.128391 0.735065 0.128391 0.734693 0.128019 0.735065 0.128019 0.544747 0.784341 0.545119 0.747857 0.544747 0.747857 0.741394 0.486447 0.741394 0.486819 0.741766 0.486819 0.734693 0.486447 0.741394 0.486819 0.741394 0.486447 0.769322 0.745977 0.769693 0.746349 0.769322 0.746349 0.769322 0.745977 0.699332 0.746349 0.699332 0.745977 0.741766 0.05803096 0.742138 0.128019 0.741766 0.128019 0.741766 0.05765795 0.735065 0.05803096 0.735065 0.05765795 0.741766 0.05803096 0.741766 0.05765795 0.742138 0.05803096 0.69896 0.746349 0.699332 0.782832 0.69896 0.782832 0.69896 0.746349 0.699332 0.745977 0.699332 0.746349 0.734693 0.05803096 0.735065 0.05765795 0.735065 0.05803096 0.08398699 0.428147 0.120471 0.428519 0.120471 0.428147 0.734693 0.05803096 0.735065 0.128019 0.734693 0.128019 0.741394 0.556807 0.741766 0.486819 0.741394 0.486819 0.120843 0.428147 0.120471 0.428147 0.120471 0.428519 0.699332 0.782832 0.769322 0.746349 0.769322 0.782832 0.741766 0.05803096 0.735065 0.128019 0.735065 0.05803096 0.545119 0.747857 0.615108 0.784341 0.615108 0.747857 0.614703 0.38407 0.651187 0.377369 0.651187 0.38407 0.664004 0.569568 0.664377 0.606051 0.664004 0.606051 0.594016 0.569568 0.664004 0.569196 0.664004 0.569568 0.594016 0.569568 0.593644 0.569568 0.594016 0.569196 0.594016 0.606051 0.593644 0.569568 0.594016 0.569568 0.594016 0.606423 0.593644 0.606051 0.594016 0.606051 0.603047 0.407832 0.609748 0.407459 0.609748 0.407832 0.651559 0.38407 0.651187 0.377369 0.651559 0.377369 0.664004 0.606423 0.664004 0.606051 0.664377 0.606051 0.594016 0.606423 0.664004 0.606051 0.664004 0.606423 0.451087 0.319441 0.451087 0.319069 0.450714 0.319441 0.521075 0.319441 0.451087 0.319069 0.451087 0.319441 0.451087 0.355924 0.521075 0.356297 0.521075 0.355924 0.451087 0.355924 0.450714 0.355924 0.451087 0.356297 0.451087 0.319441 0.450714 0.355924 0.451087 0.355924 0.614331 0.377369 0.614703 0.38407 0.614331 0.38407 0.664004 0.569568 0.664004 0.569196 0.664377 0.569568 0.521075 0.355924 0.521075 0.356297 0.521447 0.355924 0.521075 0.355924 0.521447 0.319441 0.521075 0.319441 0.521075 0.319441 0.521447 0.319441 0.521075 0.319069 0.664004 0.569568 0.594016 0.606051 0.594016 0.569568 0.603047 0.47782 0.609748 0.407832 0.609748 0.47782 0.521075 0.355924 0.451087 0.319441 0.451087 0.355924 0.616584 0.303202 0.653067 0.296501 0.653067 0.303202 0.616584 0.303574 0.653067 0.303202 0.653067 0.303574 0.082107 0.483058 0.152095 0.482686 0.152095 0.483058 0.478167 0.05013597 0.478167 0.05050796 0.478539 0.05050796 0.441683 0.05013597 0.478167 0.05050796 0.478167 0.05013597 0.441311 0.05050796 0.441683 0.05050796 0.441683 0.05013597 0.441311 0.05720895 0.441683 0.05050796 0.441311 0.05050796 0.65344 0.303202 0.653067 0.296501 0.65344 0.296501 0.65344 0.303202 0.653067 0.303574 0.653067 0.303202 0.395354 0.05013597 0.395726 0.120124 0.395354 0.120124 0.441683 0.005371987 0.441683 0.004999995 0.441311 0.005371987 0.511672 0.005371987 0.441683 0.004999995 0.441683 0.005371987 0.441683 0.04185497 0.511672 0.04222798 0.511672 0.04185497 0.441683 0.04185497 0.441311 0.04185497 0.441683 0.04222798 0.441683 0.005371987 0.441311 0.04185497 0.441683 0.04185497 0.616212 0.296501 0.616584 0.303202 0.616212 0.303202 0.616584 0.303574 0.616212 0.303202 0.616584 0.303202 0.511672 0.04185497 0.511672 0.04222798 0.512044 0.04185497 0.511672 0.04185497 0.512044 0.005371987 0.511672 0.005371987 0.511672 0.005371987 0.512044 0.005371987 0.511672 0.004999995 0.152095 0.483058 0.082107 0.519541 0.082107 0.483058 0.388653 0.120124 0.395354 0.05013597 0.395354 0.120124 0.511672 0.04185497 0.441683 0.005371987 0.441683 0.04185497 0.477044 0.888457 0.513527 0.881756 0.513527 0.888457 0.615108 0.703094 0.61548 0.739577 0.615108 0.739577 0.545119 0.703094 0.615108 0.702722 0.615108 0.703094 0.545119 0.703094 0.544747 0.703094 0.545119 0.702722 0.545119 0.739577 0.544747 0.703094 0.545119 0.703094 0.545119 0.73995 0.544747 0.739577 0.545119 0.739577 0.688048 0.550761 0.694748 0.550389 0.694748 0.550761 0.694748 0.620749 0.688048 0.621122 0.688048 0.620749 0.615108 0.73995 0.615108 0.739577 0.61548 0.739577 0.545119 0.73995 0.615108 0.739577 0.615108 0.73995 0.687677 0.620749 0.688048 0.620749 0.688048 0.621122 0.687677 0.550761 0.688048 0.620749 0.687677 0.620749 0.690986 0.285589 0.690615 0.355578 0.690986 0.355578 0.690986 0.285589 0.690615 0.285217 0.690615 0.285589 0.513527 0.881384 0.477044 0.881756 0.477044 0.881384 0.690615 0.285589 0.683915 0.285217 0.683915 0.285589 0.615108 0.703094 0.615108 0.702722 0.61548 0.703094 0.690986 0.355578 0.690615 0.355578 0.690615 0.35595 0.693724 0.741086 0.694096 0.704602 0.693724 0.704602 0.687677 0.550761 0.688048 0.550389 0.688048 0.550761 0.615108 0.703094 0.545119 0.739577 0.545119 0.703094 0.688048 0.620749 0.694748 0.550761 0.694748 0.620749 0.693724 0.741086 0.623734 0.704602 0.623734 0.741086 0.520671 0.02711796 0.557154 0.02041697 0.557154 0.02711796 0.227693 0.347651 0.228066 0.384134 0.227693 0.384134 0.157706 0.347651 0.227693 0.347279 0.227693 0.347651 0.157706 0.347651 0.157333 0.347651 0.157706 0.347279 0.157706 0.384134 0.157333 0.347651 0.157706 0.347651 0.157706 0.384506 0.157333 0.384134 0.157706 0.384134 0.100913 0.143347 0.101285 0.136646 0.100913 0.136646 0.557527 0.02711796 0.557154 0.02041697 0.557527 0.02041697 0.227693 0.384506 0.227693 0.384134 0.228066 0.384134 0.157706 0.384506 0.227693 0.384134 0.227693 0.384506 0.557154 0.02004498 0.557527 0.02041697 0.557154 0.02041697 0.866339 0.172378 0.86671 0.242366 0.866339 0.242366 0.544747 0.915986 0.614734 0.916359 0.614734 0.915986 0.520671 0.02004498 0.520671 0.02041697 0.520299 0.02041697 0.557154 0.02004498 0.520671 0.02041697 0.520671 0.02004498 0.520299 0.02041697 0.520671 0.02711796 0.520299 0.02711796 0.227693 0.347651 0.227693 0.347279 0.228066 0.347651 0.614734 0.915986 0.614734 0.916359 0.615108 0.915986 0.614734 0.915986 0.615108 0.879503 0.614734 0.879503 0.101285 0.143719 0.101285 0.143347 0.100913 0.143347 0.227693 0.347651 0.157706 0.384134 0.157706 0.347651 0.86671 0.242366 0.873412 0.172378 0.873412 0.242366 0.614734 0.915986 0.544747 0.879503 0.544747 0.915986 0.938175 0.162153 0.974659 0.155452 0.974659 0.162153 0.782858 0.985943 0.782486 0.949459 0.782858 0.949459 0.782858 0.985943 0.782486 0.986315 0.782486 0.985943 0.932161 0.976565 0.938863 0.976193 0.938863 0.976565 0.791112 0.95134 0.791484 0.95134 0.791484 0.950968 0.791112 0.987823 0.791484 0.95134 0.791112 0.95134 0.791112 0.987823 0.791484 0.988196 0.791484 0.987823 0.938175 0.162153 0.937803 0.155452 0.938175 0.155452 0.782486 0.949087 0.782858 0.949459 0.782486 0.949459 0.782486 0.949087 0.712497 0.949459 0.712497 0.949087 0.712497 0.986315 0.782486 0.985943 0.782486 0.986315 0.938863 0.905832 0.932161 0.906204 0.932161 0.905832 0.712497 0.986315 0.712125 0.985943 0.712497 0.985943 0.712125 0.949459 0.712497 0.985943 0.712125 0.985943 0.712125 0.949459 0.712497 0.949087 0.712497 0.949459 0.861474 0.95134 0.861845 0.95134 0.861474 0.950968 0.861845 0.95134 0.861474 0.987823 0.861845 0.987823 0.861474 0.95134 0.791484 0.950968 0.791484 0.95134 0.861474 0.988196 0.791484 0.987823 0.791484 0.988196 0.861474 0.988196 0.861845 0.987823 0.861474 0.987823 0.712497 0.985943 0.782486 0.949459 0.782486 0.985943 0.938863 0.906204 0.932161 0.976193 0.932161 0.906204 0.791484 0.95134 0.861474 0.987823 0.861474 0.95134 0.510895 0.194497 0.547379 0.187795 0.547379 0.194497 0.510895 0.194869 0.547379 0.194497 0.547379 0.194869 0.475535 0.127615 0.545524 0.127242 0.545524 0.127615 0.475535 0.127615 0.475163 0.127615 0.475535 0.127242 0.475535 0.164098 0.475163 0.127615 0.475535 0.127615 0.106106 0.349532 0.106106 0.349159 0.106478 0.349532 0.09940499 0.349532 0.106106 0.349159 0.106106 0.349532 0.106106 0.41952 0.09940499 0.419892 0.09940499 0.41952 0.106106 0.41952 0.106478 0.41952 0.106106 0.419892 0.106106 0.349532 0.106478 0.41952 0.106106 0.41952 0.09903299 0.41952 0.09940499 0.41952 0.09940499 0.419892 0.09903299 0.349532 0.09940499 0.41952 0.09903299 0.41952 0.121523 0.349532 0.121151 0.41952 0.121523 0.41952 0.121523 0.349532 0.121151 0.349159 0.121151 0.349532 0.547379 0.187423 0.510895 0.187795 0.510895 0.187423 0.121151 0.349532 0.11445 0.349159 0.11445 0.349532 0.114078 0.349532 0.11445 0.349532 0.11445 0.349159 0.121523 0.41952 0.121151 0.41952 0.121151 0.419892 0.563958 0.55302 0.56433 0.516537 0.563958 0.516537 0.09903299 0.349532 0.09940499 0.349159 0.09940499 0.349532 0.545524 0.127615 0.475535 0.164098 0.475535 0.127615 0.09940499 0.41952 0.106106 0.349532 0.106106 0.41952 0.563958 0.55302 0.493969 0.516537 0.493969 0.55302 0.893039 0.162153 0.929523 0.155452 0.929523 0.162153 0.463147 0.963375 0.462775 0.926892 0.463147 0.926892 0.924187 0.523328 0.924187 0.522956 0.924563 0.522956 0.917488 0.523328 0.924187 0.522956 0.924187 0.523328 0.917488 0.523328 0.917116 0.522956 0.917488 0.522956 0.702722 0.601917 0.703094 0.565434 0.702722 0.565434 0.702722 0.601917 0.703094 0.60229 0.703094 0.601917 0.893039 0.162153 0.892668 0.155452 0.893039 0.155452 0.462775 0.926519 0.463147 0.926892 0.462775 0.926892 0.462775 0.926519 0.392786 0.926892 0.392786 0.926519 0.924187 0.452967 0.924563 0.522956 0.924187 0.522956 0.924187 0.452595 0.917488 0.452967 0.917488 0.452595 0.924187 0.452967 0.924187 0.452595 0.924563 0.452967 0.392414 0.926892 0.392786 0.963375 0.392414 0.963375 0.392414 0.926892 0.392786 0.926519 0.392786 0.926892 0.917116 0.452967 0.917488 0.452595 0.917488 0.452967 0.773455 0.565434 0.773083 0.601917 0.773455 0.601917 0.917116 0.452967 0.917488 0.522956 0.917116 0.522956 0.773083 0.60229 0.703094 0.601917 0.703094 0.60229 0.773083 0.60229 0.773455 0.601917 0.773083 0.601917 0.392786 0.963375 0.462775 0.926892 0.462775 0.963375 0.924187 0.452967 0.917488 0.522956 0.917488 0.452967 0.703094 0.565434 0.773083 0.601917 0.773083 0.565434 0.004999995 0.713184 0.04148399 0.706483 0.04148399 0.713184 0.389802 0.908836 0.38943 0.872353 0.389802 0.872353 0.862126 0.777216 0.862126 0.776843 0.862502 0.776843 0.855426 0.777216 0.862126 0.776843 0.862126 0.777216 0.855426 0.777216 0.855055 0.776843 0.855426 0.776843 0.845651 0.04148298 0.846023 0.004999995 0.845651 0.004999995 0.861754 0.477044 0.861754 0.477416 0.862126 0.477416 0.855055 0.477044 0.861754 0.477416 0.861754 0.477044 0.38943 0.87198 0.389802 0.872353 0.38943 0.872353 0.38943 0.87198 0.319441 0.872353 0.319441 0.87198 0.862126 0.706855 0.862502 0.776843 0.862126 0.776843 0.862126 0.706483 0.855426 0.706855 0.855426 0.706483 0.862126 0.706855 0.862126 0.706483 0.862502 0.706855 0.319069 0.872353 0.319441 0.908836 0.319069 0.908836 0.319069 0.872353 0.319441 0.87198 0.319441 0.872353 0.855055 0.706855 0.855426 0.706483 0.855426 0.706855 0.623734 0.556031 0.660218 0.556403 0.660218 0.556031 0.855055 0.706855 0.855426 0.776843 0.855055 0.776843 0.861754 0.547404 0.862126 0.477416 0.861754 0.477416 0.66059 0.556031 0.660218 0.556031 0.660218 0.556403 0.319441 0.908836 0.38943 0.872353 0.38943 0.908836 0.862126 0.706855 0.855426 0.776843 0.855426 0.706855 0.846023 0.004999995 0.916013 0.04148298 0.916013 0.004999995 0.441311 0.071882 0.477794 0.06518095 0.477794 0.071882 0.441311 0.072254 0.477794 0.071882 0.477794 0.072254 0.005371987 0.483058 0.07536095 0.482686 0.07536095 0.483058 0.005371987 0.483058 0.004999995 0.483058 0.005371987 0.482686 0.005371987 0.519541 0.004999995 0.483058 0.005371987 0.483058 0.380681 0.05050796 0.380681 0.05013597 0.381053 0.05050796 0.37398 0.05050796 0.380681 0.05013597 0.380681 0.05050796 0.380681 0.120496 0.37398 0.120868 0.37398 0.120496 0.380681 0.120496 0.381053 0.120496 0.380681 0.120868 0.380681 0.05050796 0.381053 0.120496 0.380681 0.120496 0.373608 0.120496 0.37398 0.120496 0.37398 0.120868 0.373608 0.05050796 0.37398 0.120496 0.373608 0.120496 0.09143298 0.349532 0.09106099 0.41952 0.09143298 0.41952 0.09143298 0.349532 0.09106099 0.349159 0.09106099 0.349532 0.236692 0.482686 0.23632 0.519169 0.236692 0.519169 0.09106099 0.349532 0.08436 0.349159 0.08436 0.349532 0.08398699 0.349532 0.08436 0.349532 0.08436 0.349159 0.09143298 0.41952 0.09106099 0.41952 0.09106099 0.419892 0.306681 0.519169 0.307053 0.482686 0.306681 0.482686 0.373608 0.05050796 0.37398 0.05013597 0.37398 0.05050796 0.07536095 0.483058 0.005371987 0.519541 0.005371987 0.483058 0.37398 0.120496 0.380681 0.05050796 0.380681 0.120496 0.306681 0.519169 0.236692 0.482686 0.236692 0.519169 0.338248 0.399115 0.374731 0.392414 0.374731 0.399115 0.273201 0.04185497 0.272829 0.005371987 0.273201 0.005371987 0.273201 0.04185497 0.272829 0.04222798 0.272829 0.04185497 0.080226 0.075733 0.08692699 0.07536 0.08692699 0.075733 0.082107 0.25926 0.08247995 0.25926 0.08247995 0.258888 0.082107 0.295743 0.08247995 0.25926 0.082107 0.25926 0.082107 0.295743 0.08247995 0.296116 0.08247995 0.295743 0.338248 0.399115 0.337875 0.392414 0.338248 0.392414 0.272829 0.004999995 0.273201 0.005371987 0.272829 0.005371987 0.272829 0.004999995 0.202841 0.005371987 0.202841 0.004999995 0.202841 0.04222798 0.272829 0.04185497 0.272829 0.04222798 0.08692699 0.004999995 0.080226 0.005371987 0.080226 0.004999995 0.202841 0.04222798 0.202468 0.04185497 0.202841 0.04185497 0.202468 0.005371987 0.202841 0.04185497 0.202468 0.04185497 0.202468 0.005371987 0.202841 0.004999995 0.202841 0.005371987 0.152467 0.25926 0.15284 0.25926 0.152467 0.258888 0.15284 0.25926 0.152467 0.295743 0.15284 0.295743 0.152467 0.25926 0.08247995 0.258888 0.08247995 0.25926 0.152467 0.296116 0.08247995 0.295743 0.08247995 0.296116 0.152467 0.296116 0.15284 0.295743 0.152467 0.295743 0.202841 0.04185497 0.272829 0.005371987 0.272829 0.04185497 0.08692699 0.005371987 0.080226 0.07536 0.080226 0.005371987 0.08247995 0.25926 0.152467 0.295743 0.152467 0.25926 0.796754 0.483745 0.833238 0.477044 0.833238 0.483745 0.150959 0.72604 0.150587 0.689557 0.150959 0.689557 0.685347 0.209259 0.685347 0.208887 0.685718 0.208887 0.678645 0.209259 0.685347 0.208887 0.685347 0.209259 0.678645 0.209259 0.678273 0.208887 0.678645 0.208887 0.392414 0.729802 0.392786 0.693319 0.392414 0.693319 0.392414 0.729802 0.392786 0.730174 0.392786 0.729802 0.682406 0.004999995 0.689108 0.005371987 0.689108 0.004999995 0.682406 0.005371987 0.682406 0.004999995 0.682035 0.005371987 0.682406 0.005371987 0.682035 0.07536 0.682406 0.07536 0.685347 0.138899 0.685718 0.208887 0.685347 0.208887 0.685347 0.138526 0.678645 0.138899 0.678645 0.138526 0.685347 0.138899 0.685347 0.138526 0.685718 0.138899 0.080226 0.689557 0.08059799 0.72604 0.080226 0.72604 0.682406 0.075733 0.682406 0.07536 0.682035 0.07536 0.678273 0.138899 0.678645 0.138526 0.678645 0.138899 0.463147 0.693319 0.462775 0.729802 0.463147 0.729802 0.678273 0.138899 0.678645 0.208887 0.678273 0.208887 0.462775 0.730174 0.392786 0.729802 0.392786 0.730174 0.462775 0.730174 0.463147 0.729802 0.462775 0.729802 0.08059799 0.72604 0.150587 0.689557 0.150587 0.72604 0.685347 0.138899 0.678645 0.208887 0.678645 0.138899 0.392786 0.693319 0.462775 0.729802 0.462775 0.693319 0.627496 0.799694 0.663979 0.792993 0.663979 0.799694 0.726438 0.130246 0.726067 0.09376299 0.726438 0.09376299 0.681585 0.389802 0.681585 0.389429 0.681957 0.389429 0.674884 0.389802 0.681585 0.389429 0.681585 0.389802 0.674884 0.389802 0.674512 0.389429 0.674884 0.389429 0.159213 0.722279 0.1595849 0.685796 0.159213 0.685796 0.662407 0.232559 0.662407 0.232931 0.662779 0.232931 0.655706 0.232559 0.662407 0.232931 0.662407 0.232559 0.726067 0.093391 0.726438 0.09376299 0.726067 0.09376299 0.726067 0.093391 0.656077 0.09376299 0.656077 0.093391 0.681585 0.319441 0.681957 0.389429 0.681585 0.389429 0.681585 0.319069 0.674884 0.319441 0.674884 0.319069 0.681585 0.319441 0.681585 0.319069 0.681957 0.319441 0.655706 0.09376299 0.656077 0.130246 0.655706 0.130246 0.655706 0.09376299 0.656077 0.093391 0.656077 0.09376299 0.674512 0.319441 0.674884 0.319069 0.674884 0.319441 0.651944 0.398056 0.688428 0.398428 0.688428 0.398056 0.674512 0.319441 0.674884 0.389429 0.674512 0.389429 0.662407 0.302919 0.662779 0.232931 0.662407 0.232931 0.6888 0.398056 0.688428 0.398056 0.688428 0.398428 0.656077 0.130246 0.726067 0.09376299 0.726067 0.130246 0.681585 0.319441 0.674884 0.389429 0.674884 0.319441 0.1595849 0.685796 0.229575 0.722279 0.229575 0.685796 0.510895 0.209542 0.547379 0.202841 0.547379 0.209542 0.510895 0.209914 0.547379 0.209542 0.547379 0.209914 0.426638 0.082479 0.496627 0.082107 0.496627 0.082479 0.426638 0.082479 0.426266 0.082479 0.426638 0.082107 0.426638 0.118962 0.426266 0.082479 0.426638 0.082479 0.418294 0.05991095 0.418294 0.05953896 0.418666 0.05991095 0.411593 0.05991095 0.418294 0.05953896 0.418294 0.05991095 0.418294 0.129899 0.411593 0.130272 0.411593 0.129899 0.418294 0.129899 0.418666 0.129899 0.418294 0.130272 0.418294 0.05991095 0.418666 0.129899 0.418294 0.129899 0.411221 0.129899 0.411593 0.129899 0.411593 0.130272 0.411221 0.05991095 0.411593 0.129899 0.411221 0.129899 0.416786 0.236692 0.416413 0.306681 0.416786 0.306681 0.416786 0.236692 0.416413 0.23632 0.416413 0.236692 0.547379 0.202468 0.510895 0.202841 0.510895 0.202468 0.416413 0.236692 0.409712 0.23632 0.409712 0.236692 0.40934 0.236692 0.409712 0.236692 0.409712 0.23632 0.416786 0.306681 0.416413 0.306681 0.416413 0.307053 0.074988 0.287849 0.07536 0.251365 0.074988 0.251365 0.411221 0.05991095 0.411593 0.05953896 0.411593 0.05991095 0.496627 0.082479 0.426638 0.118962 0.426638 0.082479 0.411593 0.129899 0.418294 0.05991095 0.418294 0.129899 0.074988 0.287849 0.004999995 0.251365 0.004999995 0.287849 0.253618 0.634197 0.290101 0.627496 0.290101 0.634197 0.374012 0.565807 0.374384 0.60229 0.374012 0.60229 0.304024 0.565807 0.374012 0.565434 0.374012 0.565807 0.651187 0.362324 0.651187 0.362696 0.651559 0.362696 0.614703 0.362324 0.651187 0.362696 0.651187 0.362324 0.614331 0.362696 0.614703 0.362696 0.614703 0.362324 0.614331 0.369397 0.614703 0.362696 0.614331 0.362696 0.290474 0.634197 0.290101 0.627496 0.290474 0.627496 0.374012 0.602662 0.374012 0.60229 0.374384 0.60229 0.304024 0.602662 0.374012 0.60229 0.374012 0.602662 0.381503 0.567687 0.381503 0.567315 0.38113 0.567687 0.451491 0.567687 0.381503 0.567315 0.381503 0.567687 0.381503 0.60417 0.451491 0.604543 0.451491 0.60417 0.381503 0.60417 0.38113 0.60417 0.381503 0.604543 0.381503 0.567687 0.38113 0.60417 0.381503 0.60417 0.253246 0.627496 0.253618 0.634197 0.253246 0.634197 0.374012 0.565807 0.374012 0.565434 0.374384 0.565807 0.451491 0.60417 0.451491 0.604543 0.451863 0.60417 0.451491 0.60417 0.451863 0.567687 0.451491 0.567687 0.451491 0.567687 0.451863 0.567687 0.451491 0.567315 0.374012 0.565807 0.304024 0.60229 0.304024 0.565807 0.529702 0.399115 0.59969 0.392414 0.529702 0.392414 0.451491 0.60417 0.381503 0.567687 0.381503 0.60417 0.240081 0.946385 0.276565 0.939684 0.276565 0.946385 0.240081 0.946757 0.276565 0.946385 0.276565 0.946757 0.917488 0.347651 0.987477 0.347279 0.987477 0.347651 0.917488 0.347651 0.917116 0.347651 0.917488 0.347279 0.917488 0.384134 0.917116 0.347651 0.917488 0.347651 0.92946 0.597778 0.92946 0.597405 0.929831 0.597778 0.922758 0.597778 0.92946 0.597405 0.92946 0.597778 0.92946 0.667766 0.922758 0.668138 0.922758 0.667766 0.92946 0.667766 0.929831 0.667766 0.92946 0.668138 0.92946 0.597778 0.929831 0.667766 0.92946 0.667766 0.161466 0.940056 0.161466 0.939684 0.161094 0.940056 0.231455 0.940056 0.161466 0.939684 0.161466 0.940056 0.161466 0.976539 0.231455 0.976912 0.231455 0.976539 0.161466 0.976539 0.161094 0.976539 0.161466 0.976912 0.161466 0.940056 0.161094 0.976539 0.161466 0.976539 0.190735 0.04862695 0.184034 0.04825496 0.184034 0.04862695 0.1836619 0.04862695 0.184034 0.04862695 0.184034 0.04825496 0.231455 0.976539 0.231455 0.976912 0.231827 0.976539 0.231455 0.976539 0.231827 0.940056 0.231455 0.940056 0.231455 0.940056 0.231827 0.940056 0.231455 0.939684 0.987477 0.347651 0.917488 0.384134 0.917488 0.347651 0.922758 0.667766 0.92946 0.597778 0.92946 0.667766 0.231455 0.976539 0.161466 0.940056 0.161466 0.976539 0.125362 0.549567 0.161844 0.542866 0.161844 0.549567 0.161844 0.549567 0.125362 0.54994 0.125362 0.549567 0.406637 0.331501 0.406637 0.331129 0.40701 0.331129 0.399937 0.331501 0.406637 0.331129 0.406637 0.331501 0.258888 0.392787 0.259261 0.392787 0.259261 0.392414 0.258888 0.42927 0.259261 0.392787 0.258888 0.392787 0.258888 0.42927 0.259261 0.429642 0.259261 0.42927 0.404071 0.05013597 0.410771 0.05050796 0.410771 0.05013597 0.404071 0.05050796 0.404071 0.05013597 0.403698 0.05050796 0.404071 0.05050796 0.403698 0.120496 0.404071 0.120496 0.406637 0.261141 0.40701 0.331129 0.406637 0.331129 0.406637 0.260769 0.399937 0.261141 0.399937 0.260769 0.406637 0.261141 0.406637 0.260769 0.40701 0.261141 0.144694 0.349159 0.144168 0.385642 0.144694 0.385642 0.404071 0.120868 0.404071 0.120496 0.403698 0.120496 0.329248 0.392787 0.329621 0.392787 0.329248 0.392414 0.329621 0.392787 0.329248 0.42927 0.329621 0.42927 0.329248 0.392787 0.259261 0.392414 0.259261 0.392787 0.329248 0.429642 0.259261 0.42927 0.259261 0.429642 0.329248 0.429642 0.329621 0.42927 0.329248 0.42927 0.781709 0.590634 0.851697 0.55415 0.851697 0.590634 0.406637 0.261141 0.399937 0.331129 0.399937 0.261141 0.259261 0.392787 0.329248 0.42927 0.329248 0.392787 0.496222 0.461177 0.532706 0.454476 0.532706 0.461177 0.521447 0.40106 0.521075 0.364577 0.521447 0.364577 0.521447 0.40106 0.521075 0.401432 0.521075 0.40106 0.330353 0.252514 0.337054 0.252142 0.337054 0.252514 0.414982 0.477416 0.415354 0.477416 0.415354 0.477044 0.414982 0.513899 0.415354 0.477416 0.414982 0.477416 0.414982 0.513899 0.415354 0.514271 0.415354 0.513899 0.496222 0.461177 0.49585 0.454476 0.496222 0.454476 0.521075 0.364204 0.521447 0.364577 0.521075 0.364577 0.521075 0.364204 0.451087 0.364577 0.451087 0.364204 0.451087 0.401432 0.521075 0.40106 0.521075 0.401432 0.337054 0.1817809 0.330353 0.1821539 0.330353 0.1817809 0.451087 0.401432 0.450714 0.40106 0.451087 0.40106 0.450714 0.364577 0.451087 0.40106 0.450714 0.40106 0.450714 0.364577 0.451087 0.364204 0.451087 0.364577 0.485343 0.477416 0.485715 0.477416 0.485343 0.477044 0.485715 0.477416 0.485343 0.513899 0.485715 0.513899 0.485343 0.477416 0.415354 0.477044 0.415354 0.477416 0.485343 0.514271 0.415354 0.513899 0.415354 0.514271 0.485343 0.514271 0.485715 0.513899 0.485343 0.513899 0.451087 0.40106 0.521075 0.364577 0.521075 0.40106 0.337054 0.1821539 0.330353 0.252142 0.330353 0.1821539 0.415354 0.477416 0.485343 0.513899 0.485343 0.477416 0.545119 0.649614 0.581603 0.642913 0.581603 0.649614 0.310443 0.849785 0.310814 0.886268 0.310443 0.886268 0.240453 0.849785 0.310443 0.849413 0.310443 0.849785 0.240453 0.849785 0.240081 0.849785 0.240453 0.849413 0.240453 0.886268 0.240081 0.849785 0.240453 0.849785 0.240453 0.88664 0.240081 0.886268 0.240453 0.886268 0.02756798 0.03614997 0.02793997 0.02944797 0.02756798 0.02944797 0.581974 0.649614 0.581603 0.642913 0.581974 0.642913 0.310443 0.88664 0.310443 0.886268 0.310814 0.886268 0.240453 0.88664 0.310443 0.886268 0.310443 0.88664 0.581603 0.642541 0.581974 0.642913 0.581603 0.642913 0.84189 0.277694 0.842262 0.347683 0.84189 0.347683 0.840009 0.398807 0.909999 0.399179 0.909999 0.398807 0.545119 0.642541 0.545119 0.642913 0.544747 0.642913 0.581603 0.642541 0.545119 0.642913 0.545119 0.642541 0.544747 0.642913 0.545119 0.649614 0.544747 0.649614 0.310443 0.849785 0.310443 0.849413 0.310814 0.849785 0.909999 0.398807 0.909999 0.399179 0.910371 0.398807 0.909999 0.398807 0.910371 0.362324 0.909999 0.362324 0.02793997 0.03652197 0.02793997 0.03614997 0.02756798 0.03614997 0.310443 0.849785 0.240453 0.886268 0.240453 0.849785 0.842262 0.347683 0.848961 0.277694 0.848961 0.347683 0.909999 0.398807 0.840009 0.362324 0.840009 0.398807 0.870472 0.958041 0.906955 0.95134 0.906955 0.958041 0.85207 0.509387 0.852442 0.54587 0.85207 0.54587 0.782081 0.509387 0.85207 0.509015 0.85207 0.509387 0.782081 0.509387 0.781709 0.509387 0.782081 0.509015 0.782081 0.54587 0.781709 0.509387 0.782081 0.509387 0.782081 0.546242 0.781709 0.54587 0.782081 0.54587 0.02756798 0.02110397 0.02793997 0.01440298 0.02756798 0.01440298 0.907327 0.958041 0.906955 0.95134 0.907327 0.95134 0.85207 0.546242 0.85207 0.54587 0.852442 0.54587 0.782081 0.546242 0.85207 0.54587 0.85207 0.546242 0.906955 0.950968 0.907327 0.95134 0.906955 0.95134 0.588002 0.414982 0.588374 0.48497 0.588002 0.48497 0.580479 0.08661895 0.650468 0.08699095 0.650468 0.08661895 0.870472 0.950968 0.870472 0.95134 0.8701 0.95134 0.906955 0.950968 0.870472 0.95134 0.870472 0.950968 0.8701 0.95134 0.870472 0.958041 0.8701 0.958041 0.85207 0.509387 0.85207 0.509015 0.852442 0.509387 0.650468 0.08661895 0.650468 0.08699095 0.65084 0.08661895 0.650468 0.08661895 0.65084 0.05013597 0.650468 0.05013597 0.02793997 0.02147698 0.02793997 0.02110397 0.02756798 0.02110397 0.85207 0.509387 0.782081 0.54587 0.782081 0.509387 0.588374 0.48497 0.595075 0.414982 0.595075 0.48497 0.650468 0.08661895 0.580479 0.05013597 0.580479 0.08661895 0.202468 0.101972 0.238951 0.09527099 0.238951 0.101972 0.202468 0.102345 0.238951 0.101972 0.238951 0.102345 0.005372941 0.163347 0.07536 0.162975 0.07536 0.163347 0.005372941 0.163347 0.004999995 0.163347 0.005372941 0.162975 0.005372941 0.1998299 0.004999995 0.163347 0.005372941 0.163347 0.01170098 0.082479 0.01170098 0.082107 0.01207298 0.082479 0.004999995 0.082479 0.01170098 0.082107 0.01170098 0.082479 0.01170098 0.152467 0.004999995 0.152839 0.004999995 0.152467 0.01170098 0.152467 0.01207298 0.152467 0.01170098 0.152839 0.01170098 0.082479 0.01207298 0.152467 0.01170098 0.152467 0.311919 0.347651 0.311919 0.347279 0.311546 0.347651 0.381906 0.347651 0.311919 0.347279 0.311919 0.347651 0.311919 0.384134 0.381906 0.384506 0.381906 0.384134 0.311919 0.384134 0.311546 0.384134 0.311919 0.384506 0.311919 0.347651 0.311546 0.384134 0.311919 0.384134 0.1756899 0.04862695 0.168989 0.04825496 0.168989 0.04862695 0.168617 0.04862695 0.168989 0.04862695 0.168989 0.04825496 0.381906 0.384134 0.381906 0.384506 0.382279 0.384134 0.381906 0.384134 0.382279 0.347651 0.381906 0.347651 0.381906 0.347651 0.382279 0.347651 0.381906 0.347279 0.07536 0.163347 0.005372941 0.1998299 0.005372941 0.163347 0.004999995 0.152467 0.01170098 0.082479 0.01170098 0.152467 0.381906 0.384134 0.311919 0.347651 0.311919 0.384134 0.209991 0.634197 0.246474 0.627496 0.246474 0.634197 0.607957 0.340879 0.607585 0.304396 0.607957 0.304396 0.476594 0.592912 0.476594 0.59254 0.476967 0.59254 0.469893 0.592912 0.476594 0.59254 0.476594 0.592912 0.469893 0.592912 0.469521 0.59254 0.469893 0.59254 0.556031 0.2107419 0.556403 0.174259 0.556031 0.174259 0.572135 0.454476 0.572135 0.454848 0.572508 0.454848 0.565434 0.454476 0.572135 0.454848 0.572135 0.454476 0.607585 0.304024 0.607957 0.304396 0.607585 0.304396 0.607585 0.304024 0.537597 0.304396 0.537597 0.304024 0.476594 0.522551 0.476967 0.59254 0.476594 0.59254 0.476594 0.522179 0.469893 0.522551 0.469893 0.522179 0.476594 0.522551 0.476594 0.522179 0.476967 0.522551 0.537224 0.304396 0.537597 0.340879 0.537224 0.340879 0.537224 0.304396 0.537597 0.304024 0.537597 0.304396 0.469521 0.522551 0.469893 0.522179 0.469893 0.522551 0.337875 0.422505 0.374359 0.422877 0.374359 0.422505 0.469521 0.522551 0.469893 0.59254 0.469521 0.59254 0.572135 0.524836 0.572508 0.454848 0.572135 0.454848 0.374731 0.422505 0.374359 0.422505 0.374359 0.422877 0.537597 0.340879 0.607585 0.304396 0.607585 0.340879 0.476594 0.522551 0.469893 0.59254 0.469893 0.522551 0.556403 0.174259 0.626391 0.2107419 0.626391 0.174259 0.471773 0.700392 0.508257 0.693691 0.508257 0.700392 0.471773 0.700764 0.508257 0.700392 0.508257 0.700764 0.875742 0.407832 0.945729 0.407459 0.945729 0.407832 0.8054 0.04825496 0.8054 0.04862695 0.805772 0.04862695 0.768916 0.04825496 0.8054 0.04862695 0.8054 0.04825496 0.768545 0.04862695 0.768916 0.04862695 0.768916 0.04825496 0.768545 0.05532795 0.768916 0.04862695 0.768545 0.04862695 0.508629 0.700392 0.508257 0.693691 0.508629 0.693691 0.508629 0.700392 0.508257 0.700764 0.508257 0.700392 0.886576 0.258888 0.886948 0.328876 0.886576 0.328876 0.508257 0.693319 0.508629 0.693691 0.508257 0.693691 0.879503 0.258888 0.879875 0.328876 0.879503 0.328876 0.23632 0.931032 0.306307 0.931404 0.306307 0.931032 0.471773 0.693319 0.471773 0.693691 0.471402 0.693691 0.508257 0.693319 0.471773 0.693691 0.471773 0.693319 0.471402 0.693691 0.471773 0.700392 0.471402 0.700392 0.471773 0.700764 0.471402 0.700392 0.471773 0.700392 0.306307 0.931032 0.306307 0.931404 0.306681 0.931032 0.306307 0.931032 0.306681 0.894548 0.306307 0.894548 0.768916 0.05570095 0.768916 0.05532795 0.768545 0.05532795 0.945729 0.407832 0.875742 0.444315 0.875742 0.407832 0.879875 0.328876 0.886576 0.258888 0.886576 0.328876 0.306307 0.931032 0.23632 0.894548 0.23632 0.931032 0.586494 0.164034 0.622977 0.157333 0.622977 0.164034 0.231827 0.474405 0.231454 0.437922 0.231827 0.437922 0.442743 0.38604 0.442743 0.385668 0.443115 0.385668 0.436042 0.38604 0.442743 0.385668 0.442743 0.38604 0.436042 0.38604 0.435669 0.385668 0.436042 0.385668 0.258888 0.474033 0.259261 0.43755 0.258888 0.43755 0.258888 0.474033 0.259261 0.474405 0.259261 0.474033 0.586494 0.164034 0.586121 0.157333 0.586494 0.157333 0.231454 0.43755 0.231827 0.437922 0.231454 0.437922 0.231454 0.43755 0.161467 0.437922 0.161467 0.43755 0.442743 0.31568 0.443115 0.385668 0.442743 0.385668 0.442743 0.315308 0.436042 0.31568 0.436042 0.315308 0.442743 0.31568 0.442743 0.315308 0.443115 0.31568 0.161094 0.437922 0.161467 0.474405 0.161094 0.474405 0.161094 0.437922 0.161467 0.43755 0.161467 0.437922 0.435669 0.31568 0.436042 0.315308 0.436042 0.31568 0.082107 0.762903 0.1185899 0.763275 0.1185899 0.762903 0.435669 0.31568 0.436042 0.385668 0.435669 0.385668 0.329248 0.474405 0.259261 0.474033 0.259261 0.474405 0.118962 0.762903 0.1185899 0.762903 0.1185899 0.763275 0.161467 0.474405 0.231454 0.437922 0.231454 0.474405 0.442743 0.31568 0.436042 0.385668 0.436042 0.31568 0.259261 0.43755 0.329248 0.474033 0.329248 0.43755 0.405952 0.423564 0.442434 0.416863 0.442434 0.423564 0.405952 0.423936 0.442434 0.423564 0.442434 0.423936 0.238201 0.25926 0.308189 0.258888 0.308189 0.25926 0.04148298 0.337875 0.04148298 0.338248 0.04185497 0.338248 0.004999995 0.337875 0.04148298 0.338248 0.04148298 0.337875 0.115509 0.08436 0.115509 0.08398699 0.115882 0.08436 0.108809 0.08436 0.115509 0.08398699 0.115509 0.08436 0.115509 0.154348 0.108809 0.15472 0.108809 0.154348 0.115509 0.154348 0.115882 0.154348 0.115509 0.15472 0.115509 0.08436 0.115882 0.154348 0.115509 0.154348 0.108436 0.154348 0.108809 0.154348 0.108809 0.15472 0.108436 0.08436 0.108809 0.154348 0.108436 0.154348 0.417235 0.468391 0.487223 0.468763 0.487223 0.468391 0.417235 0.468391 0.416863 0.468391 0.417235 0.468763 0.417235 0.431908 0.416863 0.468391 0.417235 0.468391 0.405579 0.416863 0.405952 0.423564 0.405579 0.423564 0.405952 0.423936 0.405579 0.423564 0.405952 0.423564 0.487223 0.468391 0.487223 0.468763 0.487596 0.468391 0.487223 0.468391 0.487596 0.431908 0.487223 0.431908 0.108436 0.08436 0.108809 0.08398699 0.108809 0.08436 0.308189 0.25926 0.238201 0.295743 0.238201 0.25926 0.108809 0.154348 0.115509 0.08436 0.115509 0.154348 0.487223 0.468391 0.417235 0.431908 0.417235 0.468391 0.87198 0.835799 0.908464 0.829098 0.908464 0.835799 0.908464 0.835799 0.87198 0.836171 0.87198 0.835799 0.785019 0.814829 0.785019 0.814457 0.785395 0.814457 0.77832 0.814829 0.785019 0.814457 0.785019 0.814829 0.77832 0.814829 0.777948 0.814457 0.77832 0.814457 0.87198 0.829098 0.908464 0.828725 0.908464 0.829098 0.7869 0.663228 0.7869 0.6636 0.787276 0.6636 0.7802 0.663228 0.7869 0.6636 0.7869 0.663228 0.7802 0.6636 0.7802 0.663228 0.779829 0.6636 0.7802 0.6636 0.779829 0.733589 0.7802 0.733589 0.785019 0.744468 0.785395 0.814457 0.785019 0.814457 0.785019 0.744096 0.77832 0.744468 0.77832 0.744096 0.785019 0.744468 0.785019 0.744096 0.785395 0.744468 0.383539 0.258888 0.383011 0.295371 0.383539 0.295371 0.7802 0.733961 0.7802 0.733589 0.779829 0.733589 0.777948 0.744468 0.77832 0.744096 0.77832 0.744468 0.471402 0.723409 0.507885 0.723781 0.507885 0.723409 0.777948 0.744468 0.77832 0.814457 0.777948 0.814457 0.7869 0.733589 0.787276 0.6636 0.7869 0.6636 0.508257 0.723409 0.507885 0.723409 0.507885 0.723781 0.69708 0.827596 0.767069 0.791112 0.767069 0.827596 0.785019 0.744468 0.77832 0.814457 0.77832 0.744468 0.550389 0.792993 0.620378 0.829476 0.620378 0.792993 0.924639 0.335173 0.961122 0.328472 0.961122 0.335173 0.924639 0.335545 0.961122 0.335173 0.961122 0.335545 0.571076 0.601943 0.571449 0.531955 0.571076 0.531955 0.651187 0.347279 0.651187 0.347651 0.651559 0.347651 0.614703 0.347279 0.651187 0.347651 0.651187 0.347279 0.614331 0.347651 0.614703 0.347651 0.614703 0.347279 0.614331 0.354352 0.614703 0.347651 0.614331 0.347651 0.961494 0.335173 0.961122 0.328472 0.961494 0.328472 0.961494 0.335173 0.961122 0.335545 0.961122 0.335173 0.218573 0.542866 0.218945 0.612855 0.218573 0.612855 0.565807 0.005371987 0.565807 0.004999995 0.565434 0.005371987 0.635795 0.005371987 0.565807 0.004999995 0.565807 0.005371987 0.565807 0.04185497 0.635795 0.04222798 0.635795 0.04185497 0.565807 0.04185497 0.565434 0.04185497 0.565807 0.04222798 0.565807 0.005371987 0.565434 0.04185497 0.565807 0.04185497 0.578149 0.531955 0.571449 0.531582 0.571449 0.531955 0.571076 0.531955 0.571449 0.531955 0.571449 0.531582 0.635795 0.04185497 0.635795 0.04222798 0.636167 0.04185497 0.635795 0.04185497 0.636167 0.005371987 0.635795 0.005371987 0.635795 0.005371987 0.636167 0.005371987 0.635795 0.004999995 0.296905 0.584241 0.226917 0.620724 0.226917 0.584241 0.211872 0.612855 0.218573 0.542866 0.218573 0.612855 0.635795 0.04185497 0.565807 0.005371987 0.565807 0.04185497 0.543239 0.288157 0.579722 0.281456 0.579722 0.288157 0.543239 0.288529 0.579722 0.288157 0.579722 0.288529 0.004999995 0.437922 0.074988 0.43755 0.074988 0.437922 0.615454 0.14793 0.615454 0.148302 0.615827 0.148302 0.578972 0.14793 0.615454 0.148302 0.615454 0.14793 0.578599 0.148302 0.578972 0.148302 0.578972 0.14793 0.578599 0.155003 0.578972 0.148302 0.578599 0.148302 0.580095 0.288157 0.579722 0.281456 0.580095 0.281456 0.580095 0.288157 0.579722 0.288529 0.579722 0.288157 0.432967 0.004999995 0.433339 0.074988 0.432967 0.074988 0.08247995 0.437922 0.08247995 0.43755 0.082107 0.437922 0.152467 0.437922 0.08247995 0.43755 0.08247995 0.437922 0.08247995 0.474405 0.152467 0.474778 0.152467 0.474405 0.08247995 0.474405 0.082107 0.474405 0.08247995 0.474778 0.08247995 0.437922 0.082107 0.474405 0.08247995 0.474405 0.542866 0.281456 0.543239 0.288157 0.542866 0.288157 0.543239 0.288529 0.542866 0.288157 0.543239 0.288157 0.152467 0.474405 0.152467 0.474778 0.15284 0.474405 0.152467 0.474405 0.15284 0.437922 0.152467 0.437922 0.152467 0.437922 0.15284 0.437922 0.152467 0.43755 0.074988 0.437922 0.004999995 0.474405 0.004999995 0.437922 0.426266 0.074988 0.432967 0.004999995 0.432967 0.074988 0.152467 0.474405 0.08247995 0.437922 0.08247995 0.474405 0.338248 0.414533 0.374731 0.407832 0.374731 0.414533 0.338248 0.414905 0.374731 0.414533 0.374731 0.414905 0.398056 0.138899 0.468045 0.138526 0.468045 0.138899 0.57408 0.268291 0.57408 0.268664 0.574453 0.268664 0.537597 0.268291 0.57408 0.268664 0.57408 0.268291 0.537224 0.268664 0.537597 0.268664 0.537597 0.268291 0.537224 0.275365 0.537597 0.268664 0.537224 0.268664 0.375104 0.414533 0.374731 0.407832 0.375104 0.407832 0.375104 0.414533 0.374731 0.414905 0.374731 0.414533 0.427697 0.315308 0.42807 0.385296 0.427697 0.385296 0.374731 0.407459 0.375104 0.407832 0.374731 0.407832 0.420624 0.315308 0.420997 0.385296 0.420624 0.385296 0.23632 0.340507 0.306309 0.340879 0.306309 0.340507 0.338248 0.407459 0.338248 0.407832 0.337875 0.407832 0.374731 0.407459 0.338248 0.407832 0.338248 0.407459 0.337875 0.407832 0.338248 0.414533 0.337875 0.414533 0.338248 0.414905 0.337875 0.414533 0.338248 0.414533 0.306309 0.340507 0.306309 0.340879 0.30668 0.340507 0.306309 0.340507 0.30668 0.304024 0.306309 0.304024 0.537597 0.275737 0.537597 0.275365 0.537224 0.275365 0.468045 0.138899 0.398056 0.175382 0.398056 0.138899 0.420997 0.385296 0.427697 0.315308 0.427697 0.385296 0.306309 0.340507 0.23632 0.304024 0.23632 0.340507 0.80841 0.801575 0.844894 0.794874 0.844894 0.801575 0.752024 0.240454 0.752396 0.276937 0.752024 0.276937 0.682035 0.240454 0.752024 0.240081 0.752024 0.240454 0.37285 0.856935 0.37285 0.857307 0.373222 0.857307 0.336366 0.856935 0.37285 0.857307 0.37285 0.856935 0.335995 0.857307 0.336366 0.857307 0.336366 0.856935 0.335995 0.864009 0.336366 0.857307 0.335995 0.857307 0.845266 0.801575 0.844894 0.794874 0.845266 0.794874 0.752024 0.277309 0.752024 0.276937 0.752396 0.276937 0.682035 0.277309 0.752024 0.276937 0.752024 0.277309 0.236692 0.701213 0.236692 0.700841 0.23632 0.701213 0.306681 0.701213 0.236692 0.700841 0.236692 0.701213 0.236692 0.737697 0.306681 0.738069 0.306681 0.737697 0.236692 0.737697 0.23632 0.737697 0.236692 0.738069 0.236692 0.701213 0.23632 0.737697 0.236692 0.737697 0.808038 0.794874 0.80841 0.801575 0.808038 0.801575 0.752024 0.240454 0.752024 0.240081 0.752396 0.240454 0.306681 0.737697 0.306681 0.738069 0.307053 0.737697 0.306681 0.737697 0.307053 0.701213 0.306681 0.701213 0.306681 0.701213 0.307053 0.701213 0.306681 0.700841 0.752024 0.240454 0.682035 0.276937 0.682035 0.240454 0.315308 0.707542 0.385297 0.700841 0.315308 0.700841 0.306681 0.737697 0.236692 0.701213 0.236692 0.737697 0.937803 0.612001 0.974287 0.6053 0.974287 0.612001 0.974287 0.612001 0.937803 0.612373 0.937803 0.612001 0.653376 0.218662 0.653376 0.21829 0.653747 0.21829 0.646674 0.218662 0.653376 0.21829 0.653376 0.218662 0.646674 0.218662 0.646302 0.21829 0.646674 0.21829 0.937803 0.6053 0.974287 0.604928 0.974287 0.6053 0.664659 0.004999995 0.664659 0.005371987 0.665031 0.005371987 0.657958 0.004999995 0.664659 0.005371987 0.664659 0.004999995 0.657958 0.005371987 0.657958 0.004999995 0.657586 0.005371987 0.657958 0.005371987 0.657586 0.07536 0.657958 0.07536 0.653376 0.148302 0.653747 0.21829 0.653376 0.21829 0.653376 0.14793 0.646674 0.148302 0.646674 0.14793 0.653376 0.148302 0.653376 0.14793 0.653747 0.148302 0.159213 0.642541 0.1595849 0.679024 0.159213 0.679024 0.657958 0.075733 0.657958 0.07536 0.657586 0.07536 0.646302 0.148302 0.646674 0.14793 0.646674 0.148302 0.07536095 0.646302 0.07498699 0.682785 0.07536095 0.682785 0.646302 0.148302 0.646674 0.21829 0.646302 0.21829 0.07498699 0.683158 0.004999995 0.682785 0.004999995 0.683158 0.07498699 0.683158 0.07536095 0.682785 0.07498699 0.682785 0.1595849 0.679024 0.229575 0.642541 0.229575 0.679024 0.653376 0.148302 0.646674 0.21829 0.646674 0.148302 0.004999995 0.646302 0.07498699 0.682785 0.07498699 0.646302 0.503745 0.102345 0.540228 0.09564399 0.540228 0.102345 0.503745 0.102717 0.540228 0.102345 0.540228 0.102717 0.503373 0.05050796 0.573361 0.05013597 0.573361 0.05050796 0.540228 0.110317 0.540228 0.110689 0.5406 0.110689 0.503745 0.110317 0.540228 0.110689 0.540228 0.110317 0.503373 0.110689 0.503745 0.110689 0.503745 0.110317 0.503373 0.11739 0.503745 0.110689 0.503373 0.110689 0.5406 0.102345 0.540228 0.09564399 0.5406 0.09564399 0.5406 0.102345 0.540228 0.102717 0.540228 0.102345 0.412652 0.339756 0.413024 0.409744 0.412652 0.409744 0.540228 0.09527099 0.5406 0.09564399 0.540228 0.09564399 0.405579 0.339756 0.405951 0.409744 0.405579 0.409744 0.392414 0.558662 0.462403 0.559035 0.462403 0.558662 0.503745 0.09527099 0.503745 0.09564399 0.503373 0.09564399 0.540228 0.09527099 0.503745 0.09564399 0.503745 0.09527099 0.503373 0.09564399 0.503745 0.102345 0.503373 0.102345 0.503745 0.102717 0.503373 0.102345 0.503745 0.102345 0.462403 0.558662 0.462403 0.559035 0.462775 0.558662 0.462403 0.558662 0.462775 0.522179 0.462403 0.522179 0.503745 0.117762 0.503745 0.11739 0.503373 0.11739 0.573361 0.05050796 0.503373 0.08699095 0.503373 0.05050796 0.405951 0.409744 0.412652 0.339756 0.412652 0.409744 0.462403 0.558662 0.392414 0.522179 0.392414 0.558662 0.935923 0.561224 0.972406 0.554523 0.972406 0.561224 0.935923 0.561596 0.972406 0.561224 0.972406 0.561596 0.92501 0.268663 0.995 0.268291 0.995 0.268663 0.92501 0.268663 0.924639 0.268663 0.92501 0.268291 0.92501 0.305147 0.924639 0.268663 0.92501 0.268663 0.939235 0.452967 0.939235 0.452595 0.939606 0.452967 0.932533 0.452967 0.939235 0.452595 0.939235 0.452967 0.939235 0.522955 0.932533 0.523328 0.932533 0.522955 0.939235 0.522955 0.939606 0.522955 0.939235 0.523328 0.939235 0.452967 0.939606 0.522955 0.939235 0.522955 0.932161 0.522955 0.932533 0.522955 0.932533 0.523328 0.932161 0.452967 0.932533 0.522955 0.932161 0.522955 0.937726 0.676765 0.937354 0.746753 0.937726 0.746753 0.937726 0.676765 0.937354 0.676393 0.937354 0.676765 0.972406 0.55415 0.935923 0.554523 0.935923 0.55415 0.937354 0.676765 0.930652 0.676393 0.930652 0.676765 0.930281 0.676765 0.930652 0.676765 0.930652 0.676393 0.937726 0.746753 0.937354 0.746753 0.937354 0.747125 0.992745 0.04148298 0.993119 0.004999995 0.992745 0.004999995 0.932161 0.452967 0.932533 0.452595 0.932533 0.452967 0.995 0.268663 0.92501 0.305147 0.92501 0.268663 0.932533 0.522955 0.939235 0.452967 0.939235 0.522955 0.992745 0.04148298 0.922758 0.004999995 0.922758 0.04148298 0.004999995 0.785021 0.04148399 0.77832 0.04148399 0.785021 0.228066 0.812923 0.227694 0.77644 0.228066 0.77644 0.228066 0.812923 0.227694 0.813295 0.227694 0.812923 0.761394 0.399205 0.768095 0.398833 0.768095 0.399205 0.761394 0.399205 0.761022 0.398833 0.761394 0.398833 0.004999995 0.77832 0.04148399 0.777948 0.04148399 0.77832 0.177199 0.05765795 0.177199 0.05803096 0.1775709 0.05803096 0.170497 0.05765795 0.177199 0.05803096 0.177199 0.05765795 0.227694 0.776067 0.228066 0.77644 0.227694 0.77644 0.227694 0.776067 0.157705 0.77644 0.157705 0.776067 0.157705 0.813295 0.227694 0.812923 0.227694 0.813295 0.768095 0.328472 0.761394 0.328844 0.761394 0.328472 0.157705 0.813295 0.157333 0.812923 0.157705 0.812923 0.157333 0.77644 0.157705 0.812923 0.157333 0.812923 0.157333 0.77644 0.157705 0.776067 0.157705 0.77644 0.761022 0.328844 0.761394 0.328472 0.761394 0.328844 0.829503 0.228798 0.829129 0.265281 0.829503 0.265281 0.761022 0.328844 0.761394 0.398833 0.761022 0.398833 0.829129 0.265653 0.759141 0.265281 0.759141 0.265653 0.829129 0.265653 0.829503 0.265281 0.829129 0.265281 0.157705 0.812923 0.227694 0.77644 0.227694 0.812923 0.768095 0.328844 0.761394 0.398833 0.761394 0.328844 0.759141 0.228798 0.829129 0.265281 0.829129 0.228798 0.005371987 0.63833 0.04185497 0.631629 0.04185497 0.63833 0.005371987 0.638703 0.04185497 0.63833 0.04185497 0.638703 0.082107 0.601539 0.152095 0.601167 0.152095 0.601539 0.196069 0.616212 0.196069 0.616584 0.1964409 0.616584 0.159586 0.616212 0.196069 0.616584 0.196069 0.616212 0.159213 0.616584 0.159586 0.616584 0.159586 0.616212 0.159213 0.623285 0.159586 0.616584 0.159213 0.616584 0.04222798 0.63833 0.04185497 0.631629 0.04222798 0.631629 0.04222798 0.63833 0.04185497 0.638703 0.04185497 0.63833 0.600717 0.492089 0.60109 0.562077 0.600717 0.562077 0.04185497 0.631257 0.04222798 0.631629 0.04185497 0.631629 0.593644 0.492089 0.594016 0.562077 0.593644 0.562077 0.460118 0.641411 0.530106 0.641783 0.530106 0.641411 0.005371987 0.631257 0.005371987 0.631629 0.004999995 0.631629 0.04185497 0.631257 0.005371987 0.631629 0.005371987 0.631257 0.004999995 0.631629 0.005371987 0.63833 0.004999995 0.63833 0.005371987 0.638703 0.004999995 0.63833 0.005371987 0.63833 0.530106 0.641411 0.530106 0.641783 0.530478 0.641411 0.530106 0.641411 0.530478 0.604928 0.530106 0.604928 0.159586 0.623657 0.159586 0.623285 0.159213 0.623285 0.152095 0.601539 0.082107 0.638022 0.082107 0.601539 0.594016 0.562077 0.600717 0.492089 0.600717 0.562077 0.530106 0.641411 0.460118 0.604928 0.460118 0.641411 0.004999995 0.564613 0.04148298 0.557912 0.04148298 0.564613 0.408608 0.468391 0.408235 0.431908 0.408608 0.431908 0.431459 0.307053 0.431459 0.306681 0.431831 0.306681 0.424758 0.307053 0.431459 0.306681 0.431459 0.307053 0.424758 0.307053 0.424385 0.306681 0.424758 0.306681 0.279575 0.127993 0.279948 0.09150999 0.279575 0.09150999 0.279575 0.127993 0.279948 0.128365 0.279948 0.127993 0.281829 0.004999995 0.288529 0.005371987 0.288529 0.004999995 0.281829 0.005371987 0.281829 0.004999995 0.281456 0.005371987 0.281829 0.005371987 0.281456 0.07536 0.281829 0.07536 0.431459 0.236692 0.431831 0.306681 0.431459 0.306681 0.431459 0.23632 0.424758 0.236692 0.424758 0.23632 0.431459 0.236692 0.431459 0.23632 0.431831 0.236692 0.337875 0.431908 0.338248 0.468391 0.337875 0.468391 0.281829 0.075733 0.281829 0.07536 0.281456 0.07536 0.424385 0.236692 0.424758 0.23632 0.424758 0.236692 0.350308 0.09150999 0.349935 0.127993 0.350308 0.127993 0.424385 0.236692 0.424758 0.306681 0.424385 0.306681 0.349935 0.128365 0.279948 0.127993 0.279948 0.128365 0.349935 0.128365 0.350308 0.127993 0.349935 0.127993 0.338248 0.468391 0.408235 0.431908 0.408235 0.468391 0.431459 0.236692 0.424758 0.306681 0.424758 0.236692 0.279948 0.09150999 0.349935 0.127993 0.349935 0.09150999 0.894548 0.100464 0.931032 0.09376299 0.931032 0.100464 0.76029 0.04937797 0.759918 0.01289498 0.76029 0.01289498 0.76029 0.04937797 0.759918 0.04974997 0.759918 0.04937797 0.69369 0.209259 0.70039 0.208887 0.70039 0.209259 0.69369 0.209259 0.693319 0.208887 0.69369 0.208887 0.894548 0.09376299 0.931032 0.093391 0.931032 0.09376299 0.698137 0.364204 0.698137 0.364577 0.698509 0.364577 0.691438 0.364204 0.698137 0.364577 0.698137 0.364204 0.759918 0.01252299 0.76029 0.01289498 0.759918 0.01289498 0.759918 0.01252299 0.689929 0.01289498 0.689929 0.01252299 0.689929 0.04974997 0.759918 0.04937797 0.759918 0.04974997 0.70039 0.138526 0.69369 0.138899 0.69369 0.138526 0.689929 0.04974997 0.689557 0.04937797 0.689929 0.04937797 0.689557 0.01289498 0.689929 0.04937797 0.689557 0.04937797 0.689557 0.01289498 0.689929 0.01252299 0.689929 0.01289498 0.693319 0.138899 0.69369 0.138526 0.69369 0.138899 0.706483 0.431908 0.742967 0.43228 0.742967 0.431908 0.693319 0.138899 0.69369 0.208887 0.693319 0.208887 0.698137 0.434565 0.698509 0.364577 0.698137 0.364577 0.743339 0.431908 0.742967 0.431908 0.742967 0.43228 0.689929 0.04937797 0.759918 0.01289498 0.759918 0.04937797 0.70039 0.138899 0.69369 0.208887 0.69369 0.138899 0.69896 0.285217 0.76895 0.3217 0.76895 0.285217 0.934414 0.762081 0.970897 0.75538 0.970897 0.762081 0.695976 0.83474 0.696348 0.871223 0.695976 0.871223 0.625987 0.83474 0.695976 0.834367 0.695976 0.83474 0.625987 0.83474 0.625615 0.83474 0.625987 0.834367 0.625987 0.871223 0.625615 0.83474 0.625987 0.83474 0.625987 0.871595 0.625615 0.871223 0.625987 0.871223 0.824964 0.353293 0.831666 0.352921 0.831666 0.353293 0.971269 0.762081 0.970897 0.75538 0.971269 0.75538 0.695976 0.871595 0.695976 0.871223 0.696348 0.871223 0.625987 0.871595 0.695976 0.871223 0.695976 0.871595 0.704974 0.83474 0.704974 0.834367 0.704602 0.83474 0.774964 0.83474 0.704974 0.834367 0.704974 0.83474 0.704974 0.871223 0.774964 0.871595 0.774964 0.871223 0.704974 0.871223 0.704602 0.871223 0.704974 0.871595 0.704974 0.83474 0.704602 0.871223 0.704974 0.871223 0.934042 0.75538 0.934414 0.762081 0.934042 0.762081 0.695976 0.83474 0.695976 0.834367 0.696348 0.83474 0.774964 0.871223 0.774964 0.871595 0.775335 0.871223 0.774964 0.871223 0.775335 0.83474 0.774964 0.83474 0.774964 0.83474 0.775335 0.83474 0.774964 0.834367 0.695976 0.83474 0.625987 0.871223 0.625987 0.83474 0.824964 0.423281 0.831666 0.353293 0.831666 0.423281 0.774964 0.871223 0.704974 0.83474 0.704974 0.871223 0.471402 0.715065 0.507885 0.708364 0.507885 0.715065 0.507885 0.715065 0.471402 0.715437 0.471402 0.715065 0.67181 0.08513599 0.67181 0.084764 0.672182 0.084764 0.665109 0.08513599 0.67181 0.084764 0.67181 0.08513599 0.23632 0.656078 0.236692 0.656078 0.236692 0.655706 0.23632 0.692561 0.236692 0.656078 0.23632 0.656078 0.23632 0.692561 0.236692 0.692933 0.236692 0.692561 0.537596 0.633138 0.544298 0.63351 0.544298 0.633138 0.537596 0.63351 0.537596 0.633138 0.537224 0.63351 0.537596 0.63351 0.537224 0.703498 0.537596 0.703498 0.67181 0.01477599 0.672182 0.084764 0.67181 0.084764 0.67181 0.01440298 0.665109 0.01477599 0.665109 0.01440298 0.67181 0.01477599 0.67181 0.01440298 0.672182 0.01477599 0.315308 0.657586 0.315679 0.694069 0.315308 0.694069 0.537596 0.70387 0.537596 0.703498 0.537224 0.703498 0.306681 0.656078 0.307053 0.656078 0.306681 0.655706 0.307053 0.656078 0.306681 0.692561 0.307053 0.692561 0.306681 0.656078 0.236692 0.655706 0.236692 0.656078 0.306681 0.692933 0.236692 0.692561 0.236692 0.692933 0.306681 0.692933 0.307053 0.692561 0.306681 0.692561 0.315679 0.694069 0.385669 0.657586 0.385669 0.694069 0.67181 0.01477599 0.665109 0.084764 0.665109 0.01477599 0.236692 0.656078 0.306681 0.692561 0.306681 0.656078 0.005371987 0.698139 0.04185497 0.691438 0.04185497 0.698139 0.005371987 0.698511 0.04185497 0.698139 0.04185497 0.698511 0.78359 0.861069 0.853579 0.860697 0.853579 0.861069 0.726413 0.05765795 0.726413 0.05803096 0.726784 0.05803096 0.689929 0.05765795 0.726413 0.05803096 0.726413 0.05765795 0.689557 0.05803096 0.689929 0.05803096 0.689929 0.05765795 0.689557 0.06473195 0.689929 0.05803096 0.689557 0.05803096 0.04222697 0.698139 0.04185497 0.691438 0.04222697 0.691438 0.04222697 0.698139 0.04185497 0.698511 0.04185497 0.698139 0.857993 0.200588 0.858364 0.270576 0.857993 0.270576 0.08059799 0.86483 0.08059799 0.864458 0.080226 0.86483 0.150587 0.86483 0.08059799 0.864458 0.08059799 0.86483 0.08059799 0.901313 0.150587 0.901686 0.150587 0.901313 0.08059799 0.901313 0.080226 0.901313 0.08059799 0.901686 0.08059799 0.86483 0.080226 0.901313 0.08059799 0.901313 0.004999995 0.691438 0.005371987 0.698139 0.004999995 0.698139 0.005371987 0.698511 0.004999995 0.698139 0.005371987 0.698139 0.150587 0.901313 0.150587 0.901686 0.150959 0.901313 0.150587 0.901313 0.150959 0.86483 0.150587 0.86483 0.150587 0.86483 0.150959 0.86483 0.150587 0.864458 0.853579 0.861069 0.78359 0.897552 0.78359 0.861069 0.851293 0.270576 0.857993 0.200588 0.857993 0.270576 0.150587 0.901313 0.08059799 0.86483 0.08059799 0.901313 0.616212 0.333665 0.652696 0.326964 0.652696 0.333665 0.652696 0.333665 0.616212 0.334037 0.616212 0.333665 0.709795 0.681303 0.709795 0.68093 0.710167 0.68093 0.703094 0.681303 0.709795 0.68093 0.709795 0.681303 0.703094 0.681303 0.702722 0.68093 0.703094 0.68093 0.616212 0.326964 0.652696 0.326591 0.652696 0.326964 0.713556 0.328472 0.713556 0.328844 0.713928 0.328844 0.706855 0.328472 0.713556 0.328844 0.713556 0.328472 0.706855 0.328844 0.706855 0.328472 0.706483 0.328844 0.706855 0.328844 0.706483 0.398833 0.706855 0.398833 0.709795 0.610942 0.710167 0.68093 0.709795 0.68093 0.709795 0.61057 0.703094 0.610942 0.703094 0.61057 0.709795 0.610942 0.709795 0.61057 0.710167 0.610942 0.315308 0.715886 0.315679 0.75237 0.315308 0.75237 0.706855 0.399205 0.706855 0.398833 0.706483 0.398833 0.702722 0.610942 0.703094 0.61057 0.703094 0.610942 0.778725 0.138526 0.778351 0.175009 0.778725 0.175009 0.702722 0.610942 0.703094 0.68093 0.702722 0.68093 0.778351 0.175382 0.708364 0.175009 0.708364 0.175382 0.778351 0.175382 0.778725 0.175009 0.778351 0.175009 0.315679 0.75237 0.385669 0.715886 0.385669 0.75237 0.709795 0.610942 0.703094 0.68093 0.703094 0.610942 0.708364 0.138526 0.778351 0.175009 0.778351 0.138526 0.938175 0.590942 0.974659 0.584241 0.974659 0.590942 0.38416 0.953972 0.383788 0.917488 0.38416 0.917488 0.38416 0.953972 0.383788 0.954344 0.383788 0.953972 0.902071 0.532731 0.90877 0.532359 0.90877 0.532731 0.905832 0.04862695 0.906204 0.04862695 0.906204 0.04825496 0.905832 0.08511 0.906204 0.04862695 0.905832 0.04862695 0.905832 0.08511 0.906204 0.08548295 0.906204 0.08511 0.938175 0.590942 0.937803 0.584241 0.938175 0.584241 0.383788 0.917116 0.38416 0.917488 0.383788 0.917488 0.383788 0.917116 0.313799 0.917488 0.313799 0.917116 0.313799 0.954344 0.383788 0.953972 0.383788 0.954344 0.90877 0.461998 0.902071 0.462371 0.902071 0.461998 0.313799 0.954344 0.313427 0.953972 0.313799 0.953972 0.313427 0.917488 0.313799 0.953972 0.313427 0.953972 0.313427 0.917488 0.313799 0.917116 0.313799 0.917488 0.976193 0.04862695 0.976565 0.04862695 0.976193 0.04825496 0.976565 0.04862695 0.976193 0.08511 0.976565 0.08511 0.976193 0.04862695 0.906204 0.04825496 0.906204 0.04862695 0.976193 0.08548295 0.906204 0.08511 0.906204 0.08548295 0.976193 0.08548295 0.976565 0.08511 0.976193 0.08511 0.313799 0.953972 0.383788 0.917488 0.383788 0.953972 0.90877 0.462371 0.902071 0.532359 0.902071 0.462371 0.906204 0.04862695 0.976193 0.08511 0.976193 0.04862695 0.161466 0.827904 0.19795 0.821203 0.19795 0.827904 0.161466 0.828276 0.19795 0.827904 0.19795 0.828276 0.23632 0.791485 0.30631 0.791112 0.30631 0.791485 0.04148399 0.721528 0.04148399 0.721901 0.04185497 0.721901 0.004999995 0.721528 0.04148399 0.721901 0.04148399 0.721528 0.783138 0.351412 0.783138 0.35104 0.783514 0.351412 0.776439 0.351412 0.783138 0.35104 0.783138 0.351412 0.783138 0.4214 0.776439 0.421773 0.776439 0.4214 0.783138 0.4214 0.783514 0.4214 0.783138 0.421773 0.783138 0.351412 0.783514 0.4214 0.783138 0.4214 0.776067 0.4214 0.776439 0.4214 0.776439 0.421773 0.776067 0.351412 0.776439 0.4214 0.776067 0.4214 0.471773 0.827596 0.541763 0.827968 0.541763 0.827596 0.471773 0.827596 0.471402 0.827596 0.471773 0.827968 0.471773 0.791112 0.471402 0.827596 0.471773 0.827596 0.161094 0.821203 0.161466 0.827904 0.161094 0.827904 0.161466 0.828276 0.161094 0.827904 0.161466 0.827904 0.541763 0.827596 0.541763 0.827968 0.542135 0.827596 0.541763 0.827596 0.542135 0.791112 0.541763 0.791112 0.776067 0.351412 0.776439 0.35104 0.776439 0.351412 0.30631 0.791485 0.23632 0.827968 0.23632 0.791485 0.776439 0.4214 0.783138 0.351412 0.783138 0.4214 0.541763 0.827596 0.471773 0.791112 0.471773 0.827596 0.234812 0.533014 0.271295 0.526313 0.271295 0.533014 0.152467 0.168989 0.15284 0.205473 0.152467 0.205473 0.08247995 0.168989 0.152467 0.168617 0.152467 0.168989 0.08247995 0.168989 0.082107 0.168989 0.08247995 0.168617 0.08247995 0.205472 0.082107 0.168989 0.08247995 0.168989 0.08247995 0.2058449 0.082107 0.205472 0.08247995 0.205472 0.004999995 0.005371987 0.01170098 0.004999995 0.01170098 0.005371987 0.271667 0.533014 0.271295 0.526313 0.271667 0.526313 0.152467 0.2058449 0.152467 0.205473 0.15284 0.205473 0.08247995 0.2058449 0.152467 0.205473 0.152467 0.2058449 0.271295 0.525941 0.271667 0.526313 0.271295 0.526313 0.159213 0.214125 0.229202 0.213752 0.159213 0.213752 0.229202 0.250608 0.159213 0.25098 0.229202 0.25098 0.234812 0.525941 0.234812 0.526313 0.23444 0.526313 0.271295 0.525941 0.234812 0.526313 0.234812 0.525941 0.23444 0.526313 0.234812 0.533014 0.23444 0.533014 0.152467 0.168989 0.152467 0.168617 0.15284 0.168989 0.229202 0.250608 0.229202 0.25098 0.229574 0.250608 0.229202 0.250608 0.229574 0.214125 0.229202 0.214125 0.229202 0.214125 0.229574 0.214125 0.229202 0.213752 0.152467 0.168989 0.08247995 0.205472 0.08247995 0.168989 0.004999995 0.07536 0.01170098 0.005371987 0.01170098 0.07536 0.159213 0.250608 0.229202 0.214125 0.159213 0.214125 0.082107 0.754558 0.1185899 0.747857 0.1185899 0.754558 0.468789 0.918239 0.468417 0.881756 0.468789 0.881756 0.882815 0.668138 0.882815 0.667766 0.883187 0.667766 0.876114 0.668138 0.882815 0.667766 0.882815 0.668138 0.876114 0.668138 0.875742 0.667766 0.876114 0.667766 0.87198 0.821954 0.872352 0.78547 0.87198 0.78547 0.884324 0.100913 0.884324 0.101286 0.884696 0.101286 0.877622 0.100913 0.884324 0.101286 0.884324 0.100913 0.468417 0.881384 0.468789 0.881756 0.468417 0.881756 0.468417 0.881384 0.398428 0.881756 0.398428 0.881384 0.882815 0.597778 0.883187 0.667766 0.882815 0.667766 0.882815 0.597405 0.876114 0.597778 0.876114 0.597405 0.882815 0.597778 0.882815 0.597405 0.883187 0.597778 0.398056 0.881756 0.398428 0.918239 0.398056 0.918239 0.398056 0.881756 0.398428 0.881384 0.398428 0.881756 0.875742 0.597778 0.876114 0.597405 0.876114 0.597778 0.426266 0.127242 0.46275 0.127615 0.46275 0.127242 0.875742 0.597778 0.876114 0.667766 0.875742 0.667766 0.884324 0.171274 0.884696 0.101286 0.884324 0.101286 0.463121 0.127242 0.46275 0.127242 0.46275 0.127615 0.398428 0.918239 0.468417 0.881756 0.468417 0.918239 0.882815 0.597778 0.876114 0.667766 0.876114 0.597778 0.872352 0.78547 0.942342 0.821954 0.942342 0.78547 0.872352 0.850472 0.908836 0.843771 0.908836 0.850472 0.872352 0.850844 0.908836 0.850472 0.908836 0.850844 0.313427 0.804649 0.383414 0.804277 0.383414 0.804649 0.922 0.762903 0.922 0.763275 0.922372 0.763275 0.885517 0.762903 0.922 0.763275 0.922 0.762903 0.885145 0.763275 0.885517 0.763275 0.885517 0.762903 0.885145 0.769976 0.885517 0.763275 0.885145 0.763275 0.909208 0.850472 0.908836 0.843771 0.909208 0.843771 0.909208 0.850472 0.908836 0.850844 0.908836 0.850472 0.799695 0.738454 0.800066 0.808442 0.799695 0.808442 0.795245 0.66172 0.795245 0.661347 0.794874 0.66172 0.865235 0.66172 0.795245 0.661347 0.795245 0.66172 0.795245 0.698203 0.865235 0.698575 0.865235 0.698203 0.795245 0.698203 0.794874 0.698203 0.795245 0.698575 0.795245 0.66172 0.794874 0.698203 0.795245 0.698203 0.87198 0.843771 0.872352 0.850472 0.87198 0.850472 0.872352 0.850844 0.87198 0.850472 0.872352 0.850472 0.865235 0.698203 0.865235 0.698575 0.865607 0.698203 0.865235 0.698203 0.865607 0.66172 0.865235 0.66172 0.865235 0.66172 0.865607 0.66172 0.865235 0.661347 0.383414 0.804649 0.313427 0.841132 0.313427 0.804649 0.792993 0.808442 0.799695 0.738454 0.799695 0.808442 0.865235 0.698203 0.795245 0.66172 0.795245 0.698203 0.624106 0.548059 0.66059 0.541358 0.66059 0.548059 0.383788 0.759514 0.38416 0.795997 0.383788 0.795997 0.313799 0.759514 0.383788 0.759141 0.383788 0.759514 0.313799 0.759514 0.313427 0.759514 0.313799 0.759141 0.313799 0.795997 0.313427 0.759514 0.313799 0.759514 0.313799 0.796369 0.313427 0.795997 0.313799 0.795997 0.02756798 0.05119496 0.02793997 0.04449397 0.02756798 0.04449397 0.660962 0.548059 0.66059 0.541358 0.660962 0.541358 0.383788 0.796369 0.383788 0.795997 0.38416 0.795997 0.313799 0.796369 0.383788 0.795997 0.383788 0.796369 0.66059 0.540986 0.660962 0.541358 0.66059 0.541358 0.744096 0.354801 0.744468 0.424789 0.744096 0.424789 0.621854 0.784341 0.691841 0.784713 0.691841 0.784341 0.624106 0.540986 0.624106 0.541358 0.623734 0.541358 0.66059 0.540986 0.624106 0.541358 0.624106 0.540986 0.623734 0.541358 0.624106 0.548059 0.623734 0.548059 0.383788 0.759514 0.383788 0.759141 0.38416 0.759514 0.691841 0.784341 0.691841 0.784713 0.692215 0.784341 0.691841 0.784341 0.692215 0.747857 0.691841 0.747857 0.02793997 0.05156695 0.02793997 0.05119496 0.02756798 0.05119496 0.383788 0.759514 0.313799 0.795997 0.313799 0.759514 0.744468 0.424789 0.751169 0.354801 0.751169 0.424789 0.691841 0.784341 0.621854 0.747857 0.621854 0.784341 0.005371987 0.888457 0.04185497 0.881756 0.04185497 0.888457 0.692215 0.879875 0.692587 0.916359 0.692215 0.916359 0.622226 0.879875 0.692215 0.879503 0.692215 0.879875 0.622226 0.879875 0.621854 0.879875 0.622226 0.879503 0.622226 0.916359 0.621854 0.879875 0.622226 0.879875 0.622226 0.916731 0.621854 0.916359 0.622226 0.916359 0.02756798 0.06623995 0.02793997 0.05953896 0.02756798 0.05953896 0.04222697 0.888457 0.04185497 0.881756 0.04222697 0.881756 0.692215 0.916731 0.692215 0.916359 0.692587 0.916359 0.622226 0.916731 0.692215 0.916359 0.692215 0.916731 0.04185497 0.881384 0.04222697 0.881756 0.04185497 0.881756 0.8701 0.477044 0.870472 0.547032 0.8701 0.547032 0.700841 0.915986 0.770829 0.916359 0.770829 0.915986 0.005371987 0.881384 0.005371987 0.881756 0.004999995 0.881756 0.04185497 0.881384 0.005371987 0.881756 0.005371987 0.881384 0.004999995 0.881756 0.005371987 0.888457 0.004999995 0.888457 0.692215 0.879875 0.692215 0.879503 0.692587 0.879875 0.770829 0.915986 0.770829 0.916359 0.771202 0.915986 0.770829 0.915986 0.771202 0.879503 0.770829 0.879503 0.02793997 0.066612 0.02793997 0.06623995 0.02756798 0.06623995 0.692215 0.879875 0.622226 0.916359 0.622226 0.879875 0.870472 0.547032 0.877173 0.477044 0.877173 0.547032 0.770829 0.915986 0.700841 0.879503 0.700841 0.915986 0.718139 0.684974 0.754622 0.678273 0.754622 0.684974 0.545896 0.961494 0.545524 0.925011 0.545896 0.925011 0.914412 0.668138 0.914412 0.667766 0.914784 0.667766 0.907713 0.668138 0.914412 0.667766 0.914412 0.668138 0.55415 0.925011 0.554522 0.925011 0.554522 0.924639 0.55415 0.961494 0.554522 0.925011 0.55415 0.925011 0.55415 0.961494 0.554522 0.961866 0.554522 0.961494 0.718139 0.684974 0.717767 0.678273 0.718139 0.678273 0.545524 0.924639 0.545896 0.925011 0.545524 0.925011 0.545524 0.924639 0.475535 0.925011 0.475535 0.924639 0.914412 0.597778 0.914784 0.667766 0.914412 0.667766 0.914412 0.597405 0.907713 0.597778 0.907713 0.597405 0.914412 0.597778 0.914412 0.597405 0.914784 0.597778 0.475163 0.925011 0.475535 0.961494 0.475163 0.961494 0.475163 0.925011 0.475535 0.924639 0.475535 0.925011 0.624511 0.925011 0.624883 0.925011 0.624511 0.924639 0.624883 0.925011 0.624511 0.961494 0.624883 0.961494 0.624511 0.925011 0.554522 0.924639 0.554522 0.925011 0.624511 0.961866 0.554522 0.961494 0.554522 0.961866 0.624511 0.961866 0.624883 0.961494 0.624511 0.961494 0.475535 0.961494 0.545524 0.925011 0.545524 0.961494 0.914412 0.597778 0.907713 0.667766 0.907713 0.597778 0.554522 0.925011 0.624511 0.961494 0.624511 0.925011 0.08435899 0.916295 0.120843 0.909594 0.120843 0.916295 0.867487 0.468763 0.867116 0.43228 0.867487 0.43228 0.81474 0.344666 0.81474 0.344294 0.815112 0.344294 0.808038 0.344666 0.81474 0.344294 0.81474 0.344666 0.796754 0.597778 0.797126 0.597778 0.797126 0.597405 0.796754 0.634261 0.797126 0.597778 0.796754 0.597778 0.796754 0.634261 0.797126 0.634633 0.797126 0.634261 0.08435899 0.916295 0.08398699 0.909594 0.08435899 0.909594 0.867116 0.431908 0.867487 0.43228 0.867116 0.43228 0.867116 0.431908 0.797126 0.43228 0.797126 0.431908 0.81474 0.274305 0.815112 0.344294 0.81474 0.344294 0.81474 0.273933 0.808038 0.274305 0.808038 0.273933 0.81474 0.274305 0.81474 0.273933 0.815112 0.274305 0.796754 0.43228 0.797126 0.468763 0.796754 0.468763 0.796754 0.43228 0.797126 0.431908 0.797126 0.43228 0.867116 0.597778 0.867487 0.597778 0.867116 0.597405 0.867487 0.597778 0.867116 0.634261 0.867487 0.634261 0.867116 0.597778 0.797126 0.597405 0.797126 0.597778 0.867116 0.634633 0.797126 0.634261 0.797126 0.634633 0.867116 0.634633 0.867487 0.634261 0.867116 0.634261 0.797126 0.468763 0.867116 0.43228 0.867116 0.468763 0.81474 0.274305 0.808038 0.344294 0.808038 0.274305 0.797126 0.597778 0.867116 0.634261 0.867116 0.597778 0.184035 0.534894 0.220517 0.528194 0.220517 0.534894 0.184035 0.535267 0.220517 0.534894 0.220517 0.535267 0.159213 0.302515 0.229202 0.302143 0.229202 0.302515 0.557154 0.004999995 0.557154 0.005371987 0.557527 0.005371987 0.520671 0.004999995 0.557154 0.005371987 0.557154 0.004999995 0.520299 0.005371987 0.520671 0.005371987 0.520671 0.004999995 0.520299 0.01207298 0.520671 0.005371987 0.520299 0.005371987 0.22089 0.534894 0.220517 0.528194 0.22089 0.528194 0.22089 0.534894 0.220517 0.535267 0.220517 0.534894 0.296052 0.01440298 0.296424 0.08439099 0.296052 0.08439099 0.220517 0.527821 0.22089 0.528194 0.220517 0.528194 0.288978 0.01440298 0.289351 0.08439099 0.288978 0.08439099 0.082107 0.340507 0.152095 0.340879 0.152095 0.340507 0.184035 0.527821 0.184035 0.528194 0.1836619 0.528194 0.220517 0.527821 0.184035 0.528194 0.184035 0.527821 0.1836619 0.528194 0.184035 0.534894 0.1836619 0.534894 0.184035 0.535267 0.1836619 0.534894 0.184035 0.534894 0.152095 0.340507 0.152095 0.340879 0.152467 0.340507 0.152095 0.340507 0.152467 0.304024 0.152095 0.304024 0.520671 0.01244598 0.520671 0.01207298 0.520299 0.01207298 0.229202 0.302515 0.159213 0.338998 0.159213 0.302515 0.289351 0.08439099 0.296052 0.01440298 0.296052 0.08439099 0.152095 0.340507 0.082107 0.304024 0.082107 0.340507 0.392414 0.664659 0.428898 0.657959 0.428898 0.664659 0.392414 0.665032 0.428898 0.664659 0.428898 0.665032 0.659467 0.380026 0.659839 0.310038 0.659467 0.310038 0.42927 0.672631 0.42927 0.673004 0.429641 0.673004 0.392786 0.672631 0.42927 0.673004 0.42927 0.672631 0.392414 0.673004 0.392786 0.673004 0.392786 0.672631 0.392414 0.679705 0.392786 0.673004 0.392414 0.673004 0.42927 0.664659 0.428898 0.657959 0.42927 0.657959 0.42927 0.664659 0.428898 0.665032 0.428898 0.664659 0.668421 0.155452 0.668792 0.22544 0.668421 0.22544 0.428898 0.657586 0.42927 0.657959 0.428898 0.657959 0.661347 0.155452 0.661719 0.22544 0.661347 0.22544 0.666912 0.310038 0.66654 0.380026 0.666912 0.380026 0.666912 0.310038 0.66654 0.309666 0.66654 0.310038 0.428898 0.657586 0.392414 0.657959 0.392414 0.657586 0.66654 0.310038 0.659839 0.309666 0.659839 0.310038 0.659467 0.310038 0.659839 0.310038 0.659839 0.309666 0.666912 0.380026 0.66654 0.380026 0.66654 0.380398 0.42927 0.680077 0.392786 0.679705 0.392786 0.680077 0.392786 0.680077 0.392786 0.679705 0.392414 0.679705 0.152094 0.646302 0.082107 0.682785 0.082107 0.646302 0.661719 0.22544 0.668421 0.155452 0.668421 0.22544 0.530105 0.686547 0.460118 0.650064 0.460118 0.686547 0.917116 0.850844 0.9536 0.844143 0.9536 0.850844 0.9536 0.850844 0.917116 0.851216 0.917116 0.850844 0.877173 0.777216 0.877173 0.776844 0.877545 0.776844 0.870472 0.777216 0.877173 0.776844 0.877173 0.777216 0.870472 0.777216 0.8701 0.776844 0.870472 0.776844 0.917116 0.844143 0.9536 0.843771 0.9536 0.844143 0.879054 0.249485 0.879054 0.249857 0.879425 0.249857 0.872352 0.249485 0.879054 0.249857 0.879054 0.249485 0.872352 0.249857 0.872352 0.249485 0.87198 0.249857 0.872352 0.249857 0.87198 0.319845 0.872352 0.319845 0.877173 0.706855 0.877545 0.776844 0.877173 0.776844 0.877173 0.706483 0.870472 0.706855 0.870472 0.706483 0.877173 0.706855 0.877173 0.706483 0.877545 0.706855 0.858816 0.55415 0.859188 0.590634 0.858816 0.590634 0.872352 0.320217 0.872352 0.319845 0.87198 0.319845 0.8701 0.706855 0.870472 0.706483 0.870472 0.706855 0.229575 0.881384 0.229201 0.917867 0.229575 0.917867 0.8701 0.706855 0.870472 0.776844 0.8701 0.776844 0.229201 0.918239 0.159213 0.917867 0.159213 0.918239 0.229201 0.918239 0.229575 0.917867 0.229201 0.917867 0.859188 0.590634 0.929177 0.55415 0.929177 0.590634 0.877173 0.706855 0.870472 0.776844 0.870472 0.706855 0.159213 0.881384 0.229201 0.917867 0.229201 0.881384 0.935923 0.575897 0.972406 0.569196 0.972406 0.575897 0.935923 0.576269 0.972406 0.575897 0.972406 0.576269 0.624106 0.451087 0.694096 0.450714 0.694096 0.451087 0.624106 0.451087 0.623734 0.451087 0.624106 0.450714 0.624106 0.48757 0.623734 0.451087 0.624106 0.451087 0.636078 0.217886 0.636078 0.217514 0.63645 0.217886 0.629376 0.217886 0.636078 0.217514 0.636078 0.217886 0.636078 0.287874 0.629376 0.288246 0.629376 0.287874 0.636078 0.287874 0.63645 0.287874 0.636078 0.288246 0.636078 0.217886 0.63645 0.287874 0.636078 0.287874 0.624106 0.496222 0.624106 0.49585 0.623734 0.496222 0.694096 0.496222 0.624106 0.49585 0.624106 0.496222 0.624106 0.532706 0.694096 0.533078 0.694096 0.532706 0.624106 0.532706 0.623734 0.532706 0.624106 0.533078 0.624106 0.496222 0.623734 0.532706 0.624106 0.532706 0.252797 0.09564399 0.246095 0.09527099 0.246095 0.09564399 0.245723 0.09564399 0.246095 0.09564399 0.246095 0.09527099 0.694096 0.532706 0.694096 0.533078 0.694467 0.532706 0.694096 0.532706 0.694467 0.496222 0.694096 0.496222 0.694096 0.496222 0.694467 0.496222 0.694096 0.49585 0.694096 0.451087 0.624106 0.48757 0.624106 0.451087 0.629376 0.287874 0.636078 0.217886 0.636078 0.287874 0.694096 0.532706 0.624106 0.496222 0.624106 0.532706 0.616212 0.318247 0.652696 0.311546 0.652696 0.318247 0.897578 0.08511 0.897206 0.04862695 0.897578 0.04862695 0.847083 0.777216 0.847083 0.776843 0.847454 0.776843 0.840381 0.777216 0.847083 0.776843 0.847083 0.777216 0.840381 0.777216 0.840009 0.776843 0.840381 0.776843 0.548508 0.872731 0.54888 0.836248 0.548508 0.836248 0.84295 0.200588 0.84295 0.20096 0.843321 0.20096 0.836248 0.200588 0.84295 0.20096 0.84295 0.200588 0.897206 0.04825496 0.897578 0.04862695 0.897206 0.04862695 0.897206 0.04825496 0.827217 0.04862695 0.827217 0.04825496 0.847083 0.706855 0.847454 0.776843 0.847083 0.776843 0.847083 0.706483 0.840381 0.706855 0.840381 0.706483 0.847083 0.706855 0.847083 0.706483 0.847454 0.706855 0.826845 0.04862695 0.827217 0.08511 0.826845 0.08511 0.826845 0.04862695 0.827217 0.04825496 0.827217 0.04862695 0.840009 0.706855 0.840381 0.706483 0.840381 0.706855 0.23632 0.642541 0.272804 0.642913 0.272804 0.642541 0.840009 0.706855 0.840381 0.776843 0.840009 0.776843 0.84295 0.270948 0.843321 0.20096 0.84295 0.20096 0.273176 0.642541 0.272804 0.642541 0.272804 0.642913 0.827217 0.08511 0.897206 0.04862695 0.897206 0.08511 0.847083 0.706855 0.840381 0.776843 0.840381 0.706855 0.54888 0.836248 0.61887 0.872731 0.61887 0.836248 0.004999995 0.54994 0.04148298 0.543239 0.04148298 0.54994 0.075733 0.385642 0.07536 0.349159 0.075733 0.349159 0.341187 0.075733 0.341187 0.07536 0.34156 0.07536 0.334487 0.075733 0.341187 0.07536 0.341187 0.075733 0.334487 0.075733 0.334114 0.07536 0.334487 0.07536 0.004999995 0.543239 0.04148298 0.542866 0.04148298 0.543239 0.352471 0.1817809 0.352471 0.1821539 0.352844 0.1821539 0.345771 0.1817809 0.352471 0.1821539 0.352471 0.1817809 0.345771 0.1821539 0.345771 0.1817809 0.345398 0.1821539 0.345771 0.1821539 0.345398 0.252142 0.345771 0.252142 0.341187 0.005371987 0.34156 0.07536 0.341187 0.07536 0.341187 0.004999995 0.334487 0.005371987 0.334487 0.004999995 0.341187 0.005371987 0.341187 0.004999995 0.34156 0.005371987 0.004999995 0.349159 0.005372941 0.385642 0.004999995 0.385642 0.345771 0.252514 0.345771 0.252142 0.345398 0.252142 0.334114 0.005371987 0.334487 0.004999995 0.334487 0.005371987 0.419519 0.004999995 0.419148 0.04148298 0.419519 0.04148298 0.334114 0.005371987 0.334487 0.07536 0.334114 0.07536 0.419148 0.04185497 0.349159 0.04148298 0.349159 0.04185497 0.419148 0.04185497 0.419519 0.04148298 0.419148 0.04148298 0.005372941 0.385642 0.07536 0.349159 0.07536 0.385642 0.341187 0.005371987 0.334487 0.07536 0.334487 0.005371987 0.349159 0.004999995 0.419148 0.04148298 0.419148 0.004999995 0.915607 0.545806 0.915607 0.539105 0.952091 0.539105 0.771202 0.441683 0.771574 0.441683 0.771574 0.478167 0.701213 0.441683 0.701213 0.441311 0.771202 0.441311 0.701213 0.478167 0.700841 0.478167 0.700841 0.441683 0.702722 0.486819 0.702722 0.486447 0.709421 0.486447 0.709421 0.556807 0.709421 0.55718 0.702722 0.55718 0.701213 0.478539 0.701213 0.478167 0.771202 0.478167 0.771202 0.701213 0.771202 0.700841 0.701213 0.700841 0.701213 0.737697 0.701213 0.738069 0.771202 0.738069 0.701213 0.701213 0.700841 0.701213 0.700841 0.737697 0.915235 0.539105 0.915607 0.539105 0.915607 0.545806 0.771202 0.737697 0.771574 0.737697 0.771574 0.701213 0.771202 0.441683 0.771202 0.478167 0.701213 0.478167 0.702722 0.556807 0.702722 0.486819 0.709421 0.486819 0.771202 0.737697 0.771202 0.701213 0.701213 0.701213 0.09527099 0.534894 0.09527099 0.528194 0.131754 0.528194 0.131754 0.534894 0.131754 0.535267 0.09527099 0.535267 0.129495 0.419892 0.129495 0.41952 0.136196 0.41952 0.09527099 0.528194 0.09527099 0.527821 0.131754 0.527821 0.236692 0.349159 0.236692 0.349532 0.243393 0.349532 0.236692 0.349532 0.23632 0.349532 0.23632 0.41952 0.136196 0.349532 0.136569 0.349532 0.136569 0.41952 0.136196 0.349159 0.136196 0.349532 0.129495 0.349532 0.493969 0.473282 0.494342 0.473282 0.494342 0.509765 0.385668 0.520299 0.385296 0.520299 0.385296 0.556782 0.129123 0.349532 0.129495 0.349532 0.129495 0.41952 0.385296 0.557154 0.385296 0.556782 0.315308 0.556782 0.494342 0.509765 0.494342 0.473282 0.56433 0.473282 0.136196 0.349532 0.136196 0.41952 0.129495 0.41952 0.315308 0.520299 0.315308 0.556782 0.385296 0.556782 0.917116 0.399488 0.917116 0.392787 0.9536 0.392787 0.9536 0.399488 0.9536 0.39986 0.917116 0.39986 0.782081 0.50076 0.782081 0.500388 0.78878 0.500388 0.917116 0.392787 0.917116 0.392414 0.9536 0.392414 0.530074 0.296501 0.530074 0.296873 0.536775 0.296873 0.530074 0.296873 0.529702 0.296873 0.529702 0.366861 0.78878 0.4304 0.789156 0.4304 0.789156 0.500388 0.78878 0.430027 0.78878 0.4304 0.782081 0.4304 0.376015 0.251365 0.375488 0.251365 0.375488 0.287849 0.118615 0.542866 0.118243 0.542866 0.118243 0.57935 0.781709 0.4304 0.782081 0.4304 0.782081 0.500388 0.118243 0.579722 0.118243 0.57935 0.04825496 0.57935 0.537224 0.261519 0.537224 0.225036 0.607213 0.225036 0.78878 0.4304 0.78878 0.500388 0.782081 0.500388 0.04825496 0.542866 0.04825496 0.57935 0.118243 0.57935 0.797126 0.49879 0.797126 0.492089 0.83361 0.492089 0.07498699 0.733185 0.07536095 0.733185 0.07536095 0.769668 0.004999995 0.733185 0.004999995 0.732812 0.07498699 0.732812 0.319441 0.849413 0.319441 0.849785 0.355924 0.849785 0.319069 0.856486 0.319441 0.856486 0.319441 0.849785 0.724469 0.556435 0.724469 0.556807 0.717767 0.556807 0.004999995 0.77004 0.004999995 0.769668 0.07498699 0.769668 0.788128 0.618465 0.788128 0.618092 0.718139 0.618092 0.718139 0.654948 0.718139 0.65532 0.788128 0.65532 0.718139 0.618465 0.717767 0.618465 0.717767 0.654948 0.796754 0.492089 0.797126 0.492089 0.797126 0.49879 0.788128 0.654948 0.7885 0.654948 0.7885 0.618465 0.07498699 0.733185 0.07498699 0.769668 0.004999995 0.769668 0.717767 0.556435 0.717767 0.486447 0.724469 0.486447 0.788128 0.654948 0.788128 0.618465 0.718139 0.618465 0.004999995 0.58003 0.004999995 0.573329 0.04148298 0.573329 0.04148298 0.58003 0.04148298 0.580402 0.004999995 0.580402 0.578971 0.609838 0.578971 0.609465 0.585672 0.609465 0.004999995 0.573329 0.004999995 0.572957 0.04148298 0.572957 0.580852 0.407459 0.580852 0.407832 0.587553 0.407832 0.580852 0.407832 0.580479 0.407832 0.580479 0.47782 0.585672 0.539477 0.586044 0.539477 0.586044 0.609465 0.585672 0.539105 0.585672 0.539477 0.578971 0.539477 0.004999995 0.588002 0.005371987 0.588002 0.005371987 0.624485 0.648959 0.102794 0.648587 0.102794 0.648587 0.139277 0.578599 0.539477 0.578971 0.539477 0.578971 0.609465 0.648587 0.139649 0.648587 0.139277 0.578599 0.139277 0.005371987 0.624485 0.005371987 0.588002 0.07536 0.588002 0.585672 0.539477 0.585672 0.609465 0.578971 0.609465 0.578599 0.102794 0.578599 0.139277 0.648587 0.139277 0.392414 0.7602 0.392414 0.753499 0.428898 0.753499 0.61548 0.69595 0.615108 0.69595 0.615108 0.659467 0.673003 0.611718 0.673003 0.611346 0.679705 0.611346 0.623734 0.69595 0.624106 0.69595 0.624106 0.659467 0.674884 0.230678 0.674884 0.231051 0.681585 0.231051 0.674884 0.231051 0.674512 0.231051 0.674512 0.301039 0.679705 0.541358 0.680076 0.541358 0.680076 0.611346 0.679705 0.540986 0.679705 0.541358 0.673003 0.541358 0.544747 0.659467 0.545119 0.659467 0.545119 0.69595 0.694467 0.659467 0.694096 0.659467 0.694096 0.69595 0.672631 0.541358 0.673003 0.541358 0.673003 0.611346 0.694096 0.696322 0.694096 0.69595 0.624106 0.69595 0.545119 0.69595 0.545119 0.659467 0.615108 0.659467 0.679705 0.541358 0.679705 0.611346 0.673003 0.611346 0.624106 0.659467 0.624106 0.69595 0.694096 0.69595 0.627496 0.814739 0.627496 0.808038 0.663979 0.808038 0.663979 0.814739 0.663979 0.815112 0.627496 0.815112 0.909594 0.339024 0.909594 0.338652 0.916293 0.338652 0.633138 0.961494 0.633509 0.961494 0.633509 0.925011 0.911846 0.676393 0.911846 0.676765 0.918545 0.676765 0.911846 0.676765 0.911474 0.676765 0.911474 0.746753 0.916293 0.268664 0.916665 0.268664 0.916665 0.338652 0.916293 0.268291 0.916293 0.268664 0.909594 0.268664 0.08398699 0.926519 0.08435899 0.926519 0.08435899 0.963003 0.703871 0.925011 0.703499 0.925011 0.703499 0.961494 0.703499 0.925011 0.703499 0.924639 0.633509 0.924639 0.703499 0.961866 0.703499 0.961494 0.633509 0.961494 0.08435899 0.963003 0.08435899 0.926519 0.154349 0.926519 0.916293 0.268664 0.916293 0.338652 0.909594 0.338652 0.633509 0.925011 0.633509 0.961494 0.703499 0.961494 0.537224 0.624794 0.537224 0.618092 0.573708 0.618092 0.196094 0.594395 0.195722 0.594395 0.195722 0.557912 0.556403 0.166004 0.556403 0.165632 0.563104 0.165632 0.484566 0.596275 0.484938 0.596275 0.484938 0.559792 0.571448 0.09527099 0.571448 0.09564399 0.578149 0.09564399 0.571448 0.09564399 0.571076 0.09564399 0.571076 0.165632 0.563104 0.09564399 0.563477 0.09564399 0.563477 0.165632 0.563104 0.09527099 0.563104 0.09564399 0.556403 0.09564399 0.125362 0.557912 0.125734 0.557912 0.125734 0.594395 0.555299 0.559792 0.554927 0.559792 0.554927 0.596275 0.556031 0.09564399 0.556403 0.09564399 0.556403 0.165632 0.554927 0.596648 0.554927 0.596275 0.484938 0.596275 0.125734 0.594395 0.125734 0.557912 0.195722 0.557912 0.563104 0.09564399 0.563104 0.165632 0.556403 0.165632 0.484938 0.559792 0.484938 0.596275 0.554927 0.596275 0.392414 0.745155 0.392414 0.738454 0.428898 0.738454 0.428898 0.745155 0.428898 0.745528 0.392414 0.745528 0.856935 0.348427 0.856935 0.348055 0.863635 0.348055 0.860697 0.897552 0.861068 0.897552 0.861068 0.861069 0.86671 0.093391 0.86671 0.09376299 0.87341 0.09376299 0.86671 0.09376299 0.866339 0.09376299 0.866339 0.163751 0.863635 0.278067 0.864006 0.278067 0.864006 0.348055 0.863635 0.277694 0.863635 0.278067 0.856935 0.278067 0.101441 0.093391 0.100913 0.093391 0.100913 0.129874 0.931429 0.861069 0.931058 0.861069 0.931058 0.897552 0.931058 0.861069 0.931058 0.860697 0.861068 0.860697 0.931058 0.897924 0.931058 0.897552 0.861068 0.897552 0.537224 0.385642 0.537224 0.349159 0.607213 0.349159 0.863635 0.278067 0.863635 0.348055 0.856935 0.348055 0.861068 0.861069 0.861068 0.897552 0.931058 0.897552 0.352921 0.243021 0.352921 0.23632 0.389403 0.23632 0.352921 0.243393 0.352921 0.243021 0.389403 0.243021 0.02004498 0.07536 0.02041798 0.07536 0.02041798 0.005371987 0.251738 0.349159 0.251738 0.349532 0.288221 0.349532 0.251365 0.356233 0.251738 0.356233 0.251738 0.349532 0.389776 0.243021 0.389403 0.243021 0.389403 0.23632 0.04179096 0.004999995 0.04216396 0.004999995 0.04216396 0.074988 0.30668 0.214125 0.30668 0.213752 0.236693 0.213752 0.236693 0.250608 0.236693 0.25098 0.30668 0.25098 0.236693 0.214125 0.23632 0.214125 0.23632 0.250608 0.02711898 0.005371987 0.02711898 0.004999995 0.02041798 0.004999995 0.30668 0.250608 0.307053 0.250608 0.307053 0.214125 0.074988 0.29462 0.074988 0.331104 0.004999995 0.331104 0.03508996 0.074988 0.03508996 0.004999995 0.04179096 0.004999995 0.30668 0.250608 0.30668 0.214125 0.236693 0.214125 0.168617 0.549567 0.168617 0.542866 0.205099 0.542866 0.423281 0.191557 0.423653 0.191557 0.423653 0.22804 0.353293 0.191557 0.353293 0.1911849 0.423281 0.1911849 0.353293 0.22804 0.352921 0.22804 0.352921 0.191557 0.358935 0.05050796 0.358935 0.05013597 0.365636 0.05013597 0.365636 0.120496 0.365636 0.120868 0.358935 0.120868 0.365636 0.05050796 0.366009 0.05050796 0.366009 0.120496 0.358563 0.05050796 0.358935 0.05050796 0.358935 0.120496 0.92607 0.684288 0.925698 0.684288 0.925698 0.754276 0.618464 0.407459 0.618092 0.407459 0.618092 0.443943 0.925698 0.684288 0.925698 0.683915 0.918997 0.683915 0.688454 0.443943 0.688825 0.443943 0.688825 0.407459 0.423281 0.191557 0.423281 0.22804 0.353293 0.22804 0.358935 0.120496 0.358935 0.05050796 0.365636 0.05050796 0.688454 0.443943 0.688454 0.407459 0.618464 0.407459 0.689929 0.079777 0.689929 0.073076 0.726413 0.073076 0.689929 0.08014899 0.689929 0.079777 0.726413 0.079777 0.749738 0.06743395 0.749738 0.06706196 0.819725 0.06706196 0.718139 0.663228 0.718139 0.6636 0.754622 0.6636 0.717767 0.670301 0.718139 0.670301 0.718139 0.6636 0.726784 0.079777 0.726413 0.079777 0.726413 0.073076 0.758692 0.486447 0.759064 0.486447 0.759064 0.556435 0.751619 0.486447 0.75199 0.486447 0.75199 0.556435 0.080226 0.81255 0.080226 0.812923 0.150213 0.812923 0.726413 0.072703 0.726413 0.073076 0.689929 0.073076 0.689557 0.073076 0.689929 0.073076 0.689929 0.079777 0.150213 0.81255 0.150587 0.81255 0.150587 0.776067 0.819725 0.06743395 0.819725 0.103917 0.749738 0.103917 0.75199 0.556435 0.75199 0.486447 0.758692 0.486447 0.150213 0.81255 0.150213 0.776067 0.080226 0.776067 0.005371987 0.799694 0.005371987 0.792993 0.04185497 0.792993 0.779097 0.220517 0.778725 0.220517 0.778725 0.184034 0.714006 0.408608 0.714006 0.408236 0.720707 0.408236 0.157333 0.767787 0.157705 0.767787 0.157705 0.731304 0.005371987 0.799694 0.004999995 0.799694 0.004999995 0.792993 0.778725 0.1836619 0.778725 0.184034 0.708736 0.184034 0.708736 0.22089 0.708736 0.220517 0.778725 0.220517 0.720707 0.337875 0.720707 0.338248 0.714006 0.338248 0.708364 0.184034 0.708736 0.184034 0.708736 0.220517 0.228066 0.731304 0.227694 0.731304 0.227694 0.767787 0.227694 0.731304 0.227694 0.730932 0.157705 0.730932 0.227694 0.768159 0.227694 0.767787 0.157705 0.767787 0.708736 0.220517 0.708736 0.184034 0.778725 0.184034 0.720707 0.338248 0.720707 0.408236 0.714006 0.408236 0.157705 0.731304 0.157705 0.767787 0.227694 0.767787 0.938175 0.100092 0.938175 0.093391 0.974659 0.093391 0.231827 0.873104 0.231455 0.873104 0.231455 0.83662 0.825336 0.786619 0.825336 0.786247 0.832037 0.786247 0.469521 0.872731 0.469893 0.872731 0.469893 0.836248 0.938175 0.100092 0.937803 0.100092 0.937803 0.093391 0.231455 0.836248 0.231455 0.83662 0.161466 0.83662 0.832037 0.716259 0.832409 0.716259 0.832409 0.786247 0.832037 0.715886 0.832037 0.716259 0.825336 0.716259 0.161094 0.83662 0.161466 0.83662 0.161466 0.873104 0.540254 0.836248 0.539882 0.836248 0.539882 0.872731 0.824964 0.716259 0.825336 0.716259 0.825336 0.786247 0.539882 0.873104 0.539882 0.872731 0.469893 0.872731 0.161466 0.873104 0.161466 0.83662 0.231455 0.83662 0.832037 0.716259 0.832037 0.786247 0.825336 0.786247 0.469893 0.836248 0.469893 0.872731 0.539882 0.872731 0.159586 0.607868 0.159586 0.601167 0.196069 0.601167 0.383787 0.302515 0.38416 0.302515 0.38416 0.338998 0.3138 0.302515 0.3138 0.302143 0.383787 0.302143 0.3138 0.338998 0.313427 0.338998 0.313427 0.302515 0.319069 0.005371987 0.319069 0.004999995 0.325769 0.004999995 0.325769 0.07536 0.325769 0.075733 0.319069 0.075733 0.3138 0.339371 0.3138 0.338998 0.383787 0.338998 0.389429 0.137018 0.389429 0.136646 0.319442 0.136646 0.319442 0.173501 0.319442 0.173873 0.389429 0.173873 0.319442 0.137018 0.319069 0.137018 0.319069 0.173501 0.159213 0.601167 0.159586 0.601167 0.159586 0.607868 0.389429 0.173501 0.389802 0.173501 0.389802 0.137018 0.383787 0.302515 0.383787 0.338998 0.3138 0.338998 0.319069 0.07536 0.319069 0.005371987 0.325769 0.005371987 0.389429 0.173501 0.389429 0.137018 0.319442 0.137018 0.138899 0.534522 0.138899 0.527821 0.175382 0.527821 0.138899 0.534894 0.138899 0.534522 0.175382 0.534522 0.439431 0.22917 0.439431 0.228798 0.509419 0.228798 0.451087 0.40934 0.451087 0.409712 0.48757 0.409712 0.450714 0.416413 0.451087 0.416413 0.451087 0.409712 0.175754 0.534522 0.175382 0.534522 0.175382 0.527821 0.322009 0.211872 0.322381 0.211872 0.322381 0.28186 0.521075 0.274305 0.521075 0.273933 0.451087 0.273933 0.451087 0.310789 0.451087 0.311161 0.521075 0.311161 0.451087 0.274305 0.450714 0.274305 0.450714 0.310789 0.138526 0.527821 0.138899 0.527821 0.138899 0.534522 0.521075 0.310789 0.521447 0.310789 0.521447 0.274305 0.509419 0.22917 0.509419 0.265653 0.439431 0.265653 0.315308 0.28186 0.315308 0.211872 0.322009 0.211872 0.521075 0.310789 0.521075 0.274305 0.451087 0.274305 0.328472 0.293799 0.328472 0.287098 0.364955 0.287098 0.231827 0.205472 0.231454 0.205472 0.231454 0.168989 0.02041798 0.152839 0.02041798 0.152467 0.02711898 0.152467 0.082107 0.250236 0.08247995 0.250236 0.08247995 0.213752 0.03508996 0.082107 0.03508996 0.082479 0.04179096 0.082479 0.231454 0.168617 0.231454 0.168989 0.161467 0.168989 0.161467 0.205844 0.161467 0.205472 0.231454 0.205472 0.02711898 0.082107 0.02711898 0.082479 0.02041798 0.082479 0.161094 0.168989 0.161467 0.168989 0.161467 0.205472 0.136646 0.07082295 0.136646 0.071195 0.173128 0.071195 0.02004498 0.082479 0.02041798 0.082479 0.02041798 0.152467 0.04179096 0.152467 0.04216396 0.152467 0.04216396 0.082479 0.161467 0.205472 0.161467 0.168989 0.231454 0.168989 0.02711898 0.082479 0.02711898 0.152467 0.02041798 0.152467 0.08247995 0.213752 0.08247995 0.250236 0.152467 0.250236 0.05050796 0.534522 0.05050796 0.527821 0.08699095 0.527821 0.406728 0.512018 0.406355 0.512018 0.406355 0.475535 0.390906 0.416131 0.390906 0.415758 0.397607 0.415758 0.159213 0.519169 0.159586 0.519169 0.159586 0.482686 0.05050796 0.534522 0.05013597 0.534522 0.05013597 0.527821 0.406355 0.475163 0.406355 0.475535 0.336367 0.475535 0.336367 0.512391 0.336367 0.512018 0.406355 0.512018 0.397607 0.345398 0.397607 0.34577 0.390906 0.34577 0.335995 0.475535 0.336367 0.475535 0.336367 0.512018 0.330353 0.275814 0.330353 0.276186 0.366836 0.276186 0.390534 0.34577 0.390906 0.34577 0.390906 0.415758 0.229574 0.519541 0.229574 0.519169 0.159586 0.519169 0.336367 0.512018 0.336367 0.475535 0.406355 0.475535 0.397607 0.34577 0.397607 0.415758 0.390906 0.415758 0.159586 0.482686 0.159586 0.519169 0.229574 0.519169 0.258888 0.378428 0.258888 0.371727 0.295371 0.371727 0.295371 0.378428 0.295371 0.3788 0.258888 0.3788 0.078345 0.15472 0.078345 0.154348 0.08504599 0.154348 0.240081 0.203591 0.240454 0.203591 0.240454 0.1671079 0.09376299 0.08398699 0.09376299 0.08436 0.100464 0.08436 0.09376299 0.08436 0.093391 0.08436 0.093391 0.154348 0.08504599 0.08436 0.08541899 0.08436 0.08541899 0.154348 0.08504599 0.08398699 0.08504599 0.08436 0.078345 0.08436 0.161094 0.258888 0.161467 0.258888 0.161467 0.295371 0.310814 0.1671079 0.310442 0.1671079 0.310442 0.203591 0.310442 0.1671079 0.310442 0.166736 0.240454 0.166736 0.310442 0.2039639 0.310442 0.203591 0.240454 0.203591 0.161467 0.295371 0.161467 0.258888 0.231454 0.258888 0.08504599 0.08436 0.08504599 0.154348 0.078345 0.154348 0.240454 0.1671079 0.240454 0.203591 0.310442 0.203591 0.787351 0.207289 0.787351 0.200588 0.823835 0.200588 0.463147 0.818565 0.462775 0.818565 0.462775 0.782081 0.767036 0.55718 0.767036 0.556807 0.773735 0.556807 0.768545 0.04148298 0.768916 0.04148298 0.768916 0.004999995 0.770425 0.273933 0.770425 0.274305 0.777125 0.274305 0.462775 0.781709 0.462775 0.782081 0.392786 0.782081 0.773735 0.486819 0.774111 0.486819 0.774111 0.556807 0.773735 0.486447 0.773735 0.486819 0.767036 0.486819 0.392414 0.782081 0.392786 0.782081 0.392786 0.818565 0.691438 0.228798 0.691438 0.22917 0.727922 0.22917 0.766664 0.486819 0.767036 0.486819 0.767036 0.556807 0.777125 0.344294 0.777496 0.344294 0.777496 0.274305 0.392786 0.818565 0.392786 0.782081 0.462775 0.782081 0.773735 0.486819 0.773735 0.556807 0.767036 0.556807 0.768916 0.004999995 0.768916 0.04148298 0.838906 0.04148298 0.915235 0.835427 0.915235 0.828725 0.951719 0.828725 0.15284 0.857686 0.152468 0.857686 0.152468 0.821203 0.810291 0.777216 0.810291 0.776843 0.816992 0.776843 0.390534 0.863328 0.390905 0.863328 0.390905 0.826845 0.825336 0.273933 0.825336 0.274305 0.832037 0.274305 0.825336 0.274305 0.824964 0.274305 0.824964 0.344294 0.816992 0.706855 0.817364 0.706855 0.817364 0.776843 0.816992 0.706483 0.816992 0.706855 0.810291 0.706855 0.082107 0.821203 0.08247798 0.821203 0.08247798 0.857686 0.461267 0.826845 0.460895 0.826845 0.460895 0.863328 0.809919 0.706855 0.810291 0.706855 0.810291 0.776843 0.460895 0.8637 0.460895 0.863328 0.390905 0.863328 0.08247798 0.857686 0.08247798 0.821203 0.152468 0.821203 0.816992 0.706855 0.816992 0.776843 0.810291 0.776843 0.390905 0.826845 0.390905 0.863328 0.460895 0.863328 0.125362 0.05532795 0.125362 0.04862695 0.161844 0.04862695 0.161844 0.05532795 0.161844 0.05570095 0.125362 0.05570095 0.09564399 0.075733 0.09564399 0.07536 0.102345 0.07536 0.125362 0.04862695 0.125362 0.04825496 0.161844 0.04825496 0.110689 0.004999995 0.110689 0.005371987 0.11739 0.005371987 0.110689 0.005371987 0.110317 0.005371987 0.110317 0.07536 0.102345 0.005371987 0.102717 0.005371987 0.102717 0.07536 0.102345 0.004999995 0.102345 0.005371987 0.09564399 0.005371987 0.05066299 0.08398699 0.05013597 0.08398699 0.05013597 0.120471 0.125362 0.06329995 0.125362 0.06367295 0.161844 0.06367295 0.09527099 0.005371987 0.09564399 0.005371987 0.09564399 0.07536 0.11739 0.07536 0.117763 0.07536 0.117763 0.005371987 0.123481 0.161845 0.123481 0.125362 0.193469 0.125362 0.102345 0.005371987 0.102345 0.07536 0.09564399 0.07536 0.125362 0.004999995 0.125362 0.04148298 0.19535 0.04148298 0.166736 0.630808 0.166736 0.624107 0.2032189 0.624107 0.2032189 0.630808 0.2032189 0.63118 0.166736 0.63118 0.614703 0.288246 0.614703 0.287874 0.621404 0.287874 0.166736 0.624107 0.166736 0.623734 0.2032189 0.623734 0.530074 0.217514 0.530074 0.217886 0.536775 0.217886 0.530074 0.217886 0.529702 0.217886 0.529702 0.287874 0.621404 0.217886 0.621777 0.217886 0.621777 0.287874 0.621404 0.217514 0.621404 0.217886 0.614703 0.217886 0.226917 0.540986 0.227289 0.540986 0.227289 0.577469 0.374384 0.61057 0.374012 0.61057 0.374012 0.647053 0.614331 0.217886 0.614703 0.217886 0.614703 0.287874 0.374012 0.647425 0.374012 0.647053 0.304024 0.647053 0.227289 0.577469 0.227289 0.540986 0.297277 0.540986 0.621404 0.217886 0.621404 0.287874 0.614703 0.287874 0.304024 0.61057 0.304024 0.647053 0.374012 0.647053 0.607181 0.399115 0.607181 0.392414 0.643664 0.392414 0.451863 0.649306 0.451491 0.649306 0.451491 0.612823 0.608689 0.555299 0.608689 0.554927 0.61539 0.554927 0.593644 0.651187 0.594016 0.651187 0.594016 0.614703 0.607181 0.399115 0.606809 0.399115 0.606809 0.392414 0.451491 0.612451 0.451491 0.612823 0.381503 0.612823 0.381503 0.649678 0.381503 0.649306 0.451491 0.649306 0.61539 0.484566 0.61539 0.484938 0.608689 0.484938 0.38113 0.612823 0.381503 0.612823 0.381503 0.649306 0.664377 0.614703 0.664004 0.614703 0.664004 0.651187 0.664004 0.614703 0.664004 0.614331 0.594016 0.614331 0.664004 0.651559 0.664004 0.651187 0.594016 0.651187 0.381503 0.649306 0.381503 0.612823 0.451491 0.612823 0.61539 0.484938 0.61539 0.554927 0.608689 0.554927 0.594016 0.614703 0.594016 0.651187 0.664004 0.651187 0.330353 0.26747 0.330353 0.260769 0.366835 0.260769 0.194214 0.1170819 0.193841 0.1170819 0.193841 0.08059799 0.05050796 0.075733 0.05050796 0.07536 0.05720895 0.07536 0.004999995 0.244594 0.005372941 0.244594 0.005372941 0.20811 0.06518095 0.004999995 0.06518095 0.005371987 0.07188099 0.005371987 0.193841 0.080226 0.193841 0.08059799 0.123854 0.08059799 0.05720895 0.005371987 0.05758196 0.005371987 0.05758196 0.07536 0.05720895 0.004999995 0.05720895 0.005371987 0.05050796 0.005371987 0.123481 0.08059799 0.123854 0.08059799 0.123854 0.1170819 0.202468 0.110317 0.202468 0.110689 0.238951 0.110689 0.05013597 0.005371987 0.05050796 0.005371987 0.05050796 0.07536 0.07188099 0.07536 0.072254 0.07536 0.072254 0.005371987 0.123854 0.1170819 0.123854 0.08059799 0.193841 0.08059799 0.05720895 0.005371987 0.05720895 0.07536 0.05050796 0.07536 0.005372941 0.20811 0.005372941 0.244594 0.07536 0.244594 0.004999995 0.87304 0.004999995 0.866339 0.04148399 0.866339 0.004999995 0.873412 0.004999995 0.87304 0.04148399 0.87304 0.785842 0.112569 0.785842 0.112197 0.855832 0.112197 0.785842 0.149053 0.78547 0.149053 0.78547 0.112569 0.791484 0.274305 0.791484 0.273933 0.798186 0.273933 0.798186 0.344294 0.798186 0.344666 0.791484 0.344666 0.798186 0.274305 0.798557 0.274305 0.798557 0.344294 0.791112 0.274305 0.791484 0.274305 0.791484 0.344294 0.798557 0.353293 0.798186 0.353293 0.798186 0.423281 0.787723 0.157333 0.787351 0.157333 0.787351 0.193816 0.798186 0.353293 0.798186 0.352921 0.791484 0.352921 0.857712 0.193816 0.858084 0.193816 0.858084 0.157333 0.855832 0.112569 0.855832 0.149053 0.785842 0.149053 0.791484 0.344294 0.791484 0.274305 0.798186 0.274305 0.857712 0.193816 0.857712 0.157333 0.787723 0.157333 0.511268 0.1790789 0.511268 0.172378 0.547751 0.172378 0.511268 0.179451 0.511268 0.1790789 0.547751 0.1790789 0.49585 0.409712 0.49585 0.40934 0.565839 0.40934 0.005371987 0.527821 0.005371987 0.528194 0.04185497 0.528194 0.004999995 0.534894 0.005371987 0.534894 0.005371987 0.528194 0.548123 0.1790789 0.547751 0.1790789 0.547751 0.172378 0.310725 0.004999995 0.311097 0.004999995 0.311097 0.074988 0.502269 0.184034 0.502269 0.1836619 0.43228 0.1836619 0.43228 0.220517 0.43228 0.22089 0.502269 0.22089 0.43228 0.184034 0.431908 0.184034 0.431908 0.220517 0.510895 0.172378 0.511268 0.172378 0.511268 0.1790789 0.502269 0.220517 0.502641 0.220517 0.502641 0.184034 0.565839 0.409712 0.565839 0.446196 0.49585 0.446196 0.304024 0.074988 0.304024 0.004999995 0.310725 0.004999995 0.502269 0.220517 0.502269 0.184034 0.43228 0.184034 0.712497 0.931712 0.712497 0.925011 0.748981 0.925011 0.863354 0.815933 0.863726 0.815933 0.863726 0.852416 0.793365 0.815933 0.793365 0.815561 0.863354 0.815561 0.793365 0.852416 0.792993 0.852416 0.792993 0.815933 0.05577796 0.132063 0.05614894 0.132063 0.05614894 0.125362 0.749352 0.931712 0.748981 0.931712 0.748981 0.925011 0.793365 0.852789 0.793365 0.852416 0.863354 0.852416 0.808038 0.352921 0.80841 0.352921 0.80841 0.422909 0.004999995 0.857686 0.004999995 0.858058 0.07498699 0.858058 0.748981 0.924639 0.748981 0.925011 0.712497 0.925011 0.712125 0.925011 0.712497 0.925011 0.712497 0.931712 0.07498699 0.857686 0.07536095 0.857686 0.07536095 0.821203 0.863354 0.815933 0.863354 0.852416 0.793365 0.852416 0.80841 0.422909 0.80841 0.352921 0.815112 0.352921 0.07498699 0.857686 0.07498699 0.821203 0.004999995 0.821203 0.87198 0.354352 0.87198 0.347651 0.908464 0.347651 0.87198 0.354724 0.87198 0.354352 0.908464 0.354352 0.881755 0.1802729 0.881755 0.179901 0.951745 0.179901 0.881755 0.216756 0.881384 0.216756 0.881384 0.1802729 0.887397 0.452967 0.887397 0.452595 0.894099 0.452595 0.894099 0.522956 0.894099 0.523328 0.887397 0.523328 0.894099 0.452967 0.894471 0.452967 0.894471 0.522956 0.887026 0.452967 0.887397 0.452967 0.887397 0.522956 0.888829 0.676765 0.888457 0.676765 0.888457 0.746753 0.908464 0.347279 0.908464 0.347651 0.87198 0.347651 0.888457 0.676765 0.888457 0.676393 0.881755 0.676393 0.847935 0.942315 0.848309 0.942315 0.848309 0.905832 0.951745 0.1802729 0.951745 0.216756 0.881755 0.216756 0.887397 0.522956 0.887397 0.452967 0.894099 0.452967 0.847935 0.942315 0.847935 0.905832 0.777948 0.905832 0.262649 0.363383 0.262649 0.356682 0.299132 0.356682 0.271321 0.159964 0.270948 0.159964 0.270948 0.123481 0.06367295 0.152839 0.06367295 0.152467 0.07037299 0.152467 0.202468 0.08661895 0.202841 0.08661895 0.202841 0.05013597 0.392787 0.251365 0.392787 0.251738 0.399488 0.251738 0.392787 0.251738 0.392414 0.251738 0.392414 0.321726 0.07037299 0.082479 0.070746 0.082479 0.070746 0.152467 0.07037299 0.082107 0.07037299 0.082479 0.06367295 0.082479 0.200588 0.123481 0.2009609 0.123481 0.2009609 0.159964 0.273201 0.05013597 0.272829 0.05013597 0.272829 0.08661895 0.06329995 0.082479 0.06367295 0.082479 0.06367295 0.152467 0.272829 0.08699095 0.272829 0.08661895 0.202841 0.08661895 0.2009609 0.159964 0.2009609 0.123481 0.270948 0.123481 0.07037299 0.082479 0.07037299 0.152467 0.06367295 0.152467 0.202841 0.05013597 0.202841 0.08661895 0.272829 0.08661895 0.796754 0.649242 0.796754 0.642541 0.833238 0.642541 0.963401 0.147172 0.963029 0.147172 0.963029 0.110689 0.89492 0.339024 0.89492 0.338652 0.901622 0.338652 0.896429 0.261519 0.896801 0.261519 0.896801 0.225036 0.896429 0.685796 0.896429 0.686168 0.90313 0.686168 0.963029 0.110317 0.963029 0.110689 0.893039 0.110689 0.901622 0.268664 0.901993 0.268664 0.901993 0.338652 0.901622 0.268291 0.901622 0.268664 0.89492 0.268664 0.892668 0.110689 0.893039 0.110689 0.893039 0.147172 0.392414 0.768545 0.392414 0.768917 0.428898 0.768917 0.894548 0.268664 0.89492 0.268664 0.89492 0.338652 0.90313 0.756156 0.903502 0.756156 0.903502 0.686168 0.893039 0.147172 0.893039 0.110689 0.963029 0.110689 0.901622 0.268664 0.901622 0.338652 0.89492 0.338652 0.896801 0.225036 0.896801 0.261519 0.96679 0.261519 0.520671 0.04179096 0.520671 0.03508996 0.557154 0.03508996 0.07536 0.392787 0.075733 0.392787 0.075733 0.42927 0.005372941 0.392787 0.005372941 0.392414 0.07536 0.392414 0.005372941 0.42927 0.004999995 0.42927 0.004999995 0.392787 0.243843 0.364577 0.243843 0.364204 0.250543 0.364204 0.557527 0.04179096 0.557154 0.04179096 0.557154 0.03508996 0.005372941 0.429642 0.005372941 0.42927 0.07536 0.42927 0.214528 0.392787 0.214528 0.392414 0.144541 0.392414 0.144541 0.42927 0.144541 0.429642 0.214528 0.429642 0.144541 0.392787 0.144168 0.392787 0.144168 0.42927 0.520299 0.03508996 0.520671 0.03508996 0.520671 0.04179096 0.214528 0.42927 0.214901 0.42927 0.214901 0.392787 0.07536 0.392787 0.07536 0.42927 0.005372941 0.42927 0.243843 0.434565 0.243843 0.364577 0.250543 0.364577 0.214528 0.42927 0.214528 0.392787 0.144541 0.392787 0.082107 0.739513 0.082107 0.732812 0.1185899 0.732812 0.082107 0.739886 0.082107 0.739513 0.1185899 0.739513 0.855426 0.906204 0.855426 0.905832 0.925416 0.905832 0.855426 0.942688 0.855055 0.942688 0.855055 0.906204 0.892668 0.597778 0.892668 0.597405 0.899369 0.597405 0.899369 0.667766 0.899369 0.668138 0.892668 0.668138 0.899369 0.597778 0.899741 0.597778 0.899741 0.667766 0.07536095 0.909966 0.07536095 0.909594 0.005371987 0.909594 0.005371987 0.946449 0.005371987 0.946821 0.07536095 0.946821 0.005371987 0.909966 0.004999995 0.909966 0.004999995 0.946449 0.188855 0.065553 0.188855 0.06518095 0.182153 0.06518095 0.07536095 0.946449 0.075733 0.946449 0.075733 0.909966 0.925416 0.906204 0.925416 0.942688 0.855426 0.942688 0.892668 0.667766 0.892668 0.597778 0.899369 0.597778 0.07536095 0.946449 0.07536095 0.909966 0.005371987 0.909966 0.477415 0.903502 0.477415 0.896801 0.513899 0.896801 0.477415 0.903874 0.477415 0.903502 0.513899 0.903502 0.46764 0.736946 0.46764 0.736574 0.537628 0.736574 0.900562 0.770425 0.900562 0.770798 0.937046 0.770798 0.90019 0.777499 0.900562 0.777499 0.900562 0.770798 0.514271 0.903502 0.513899 0.903502 0.513899 0.896801 0.736124 0.345398 0.736496 0.345398 0.736496 0.415386 0.729051 0.345398 0.729423 0.345398 0.729423 0.415386 0.23632 0.78246 0.23632 0.782832 0.306307 0.782832 0.513899 0.896429 0.513899 0.896801 0.477415 0.896801 0.477044 0.896801 0.477415 0.896801 0.477415 0.903502 0.306307 0.78246 0.306681 0.78246 0.306681 0.745977 0.537628 0.736946 0.537628 0.773429 0.46764 0.773429 0.729423 0.415386 0.729423 0.345398 0.736124 0.345398 0.306307 0.78246 0.306307 0.745977 0.23632 0.745977 0.924639 0.320128 0.924639 0.313427 0.961122 0.313427 0.769693 0.782832 0.769322 0.782832 0.769322 0.746349 0.735065 0.128391 0.735065 0.128019 0.741766 0.128019 0.544747 0.784341 0.545119 0.784341 0.545119 0.747857 0.734693 0.486447 0.734693 0.486819 0.741394 0.486819 0.769322 0.745977 0.769322 0.746349 0.699332 0.746349 0.741766 0.05803096 0.742138 0.05803096 0.742138 0.128019 0.741766 0.05765795 0.741766 0.05803096 0.735065 0.05803096 0.69896 0.746349 0.699332 0.746349 0.699332 0.782832 0.08398699 0.428147 0.08398699 0.428519 0.120471 0.428519 0.734693 0.05803096 0.735065 0.05803096 0.735065 0.128019 0.741394 0.556807 0.741766 0.556807 0.741766 0.486819 0.699332 0.782832 0.699332 0.746349 0.769322 0.746349 0.741766 0.05803096 0.741766 0.128019 0.735065 0.128019 0.545119 0.747857 0.545119 0.784341 0.615108 0.784341 0.614703 0.38407 0.614703 0.377369 0.651187 0.377369 0.664004 0.569568 0.664377 0.569568 0.664377 0.606051 0.594016 0.569568 0.594016 0.569196 0.664004 0.569196 0.594016 0.606051 0.593644 0.606051 0.593644 0.569568 0.603047 0.407832 0.603047 0.407459 0.609748 0.407459 0.651559 0.38407 0.651187 0.38407 0.651187 0.377369 0.594016 0.606423 0.594016 0.606051 0.664004 0.606051 0.521075 0.319441 0.521075 0.319069 0.451087 0.319069 0.451087 0.355924 0.451087 0.356297 0.521075 0.356297 0.451087 0.319441 0.450714 0.319441 0.450714 0.355924 0.614331 0.377369 0.614703 0.377369 0.614703 0.38407 0.521075 0.355924 0.521447 0.355924 0.521447 0.319441 0.664004 0.569568 0.664004 0.606051 0.594016 0.606051 0.603047 0.47782 0.603047 0.407832 0.609748 0.407832 0.521075 0.355924 0.521075 0.319441 0.451087 0.319441 0.616584 0.303202 0.616584 0.296501 0.653067 0.296501 0.616584 0.303574 0.616584 0.303202 0.653067 0.303202 0.082107 0.483058 0.082107 0.482686 0.152095 0.482686 0.441683 0.05013597 0.441683 0.05050796 0.478167 0.05050796 0.441311 0.05720895 0.441683 0.05720895 0.441683 0.05050796 0.65344 0.303202 0.653067 0.303202 0.653067 0.296501 0.395354 0.05013597 0.395726 0.05013597 0.395726 0.120124 0.511672 0.005371987 0.511672 0.004999995 0.441683 0.004999995 0.441683 0.04185497 0.441683 0.04222798 0.511672 0.04222798 0.441683 0.005371987 0.441311 0.005371987 0.441311 0.04185497 0.616212 0.296501 0.616584 0.296501 0.616584 0.303202 0.511672 0.04185497 0.512044 0.04185497 0.512044 0.005371987 0.152095 0.483058 0.152095 0.519541 0.082107 0.519541 0.388653 0.120124 0.388653 0.05013597 0.395354 0.05013597 0.511672 0.04185497 0.511672 0.005371987 0.441683 0.005371987 0.477044 0.888457 0.477044 0.881756 0.513527 0.881756 0.615108 0.703094 0.61548 0.703094 0.61548 0.739577 0.545119 0.703094 0.545119 0.702722 0.615108 0.702722 0.545119 0.739577 0.544747 0.739577 0.544747 0.703094 0.688048 0.550761 0.688048 0.550389 0.694748 0.550389 0.694748 0.620749 0.694748 0.621122 0.688048 0.621122 0.545119 0.73995 0.545119 0.739577 0.615108 0.739577 0.687677 0.550761 0.688048 0.550761 0.688048 0.620749 0.690986 0.285589 0.690615 0.285589 0.690615 0.355578 0.513527 0.881384 0.513527 0.881756 0.477044 0.881756 0.690615 0.285589 0.690615 0.285217 0.683915 0.285217 0.693724 0.741086 0.694096 0.741086 0.694096 0.704602 0.615108 0.703094 0.615108 0.739577 0.545119 0.739577 0.688048 0.620749 0.688048 0.550761 0.694748 0.550761 0.693724 0.741086 0.693724 0.704602 0.623734 0.704602 0.520671 0.02711796 0.520671 0.02041697 0.557154 0.02041697 0.227693 0.347651 0.228066 0.347651 0.228066 0.384134 0.157706 0.347651 0.157706 0.347279 0.227693 0.347279 0.157706 0.384134 0.157333 0.384134 0.157333 0.347651 0.100913 0.143347 0.101285 0.143347 0.101285 0.136646 0.557527 0.02711796 0.557154 0.02711796 0.557154 0.02041697 0.157706 0.384506 0.157706 0.384134 0.227693 0.384134 0.866339 0.172378 0.86671 0.172378 0.86671 0.242366 0.544747 0.915986 0.544747 0.916359 0.614734 0.916359 0.557154 0.02004498 0.557154 0.02041697 0.520671 0.02041697 0.520299 0.02041697 0.520671 0.02041697 0.520671 0.02711796 0.614734 0.915986 0.615108 0.915986 0.615108 0.879503 0.227693 0.347651 0.227693 0.384134 0.157706 0.384134 0.86671 0.242366 0.86671 0.172378 0.873412 0.172378 0.614734 0.915986 0.614734 0.879503 0.544747 0.879503 0.938175 0.162153 0.938175 0.155452 0.974659 0.155452 0.782858 0.985943 0.782486 0.985943 0.782486 0.949459 0.932161 0.976565 0.932161 0.976193 0.938863 0.976193 0.791112 0.987823 0.791484 0.987823 0.791484 0.95134 0.938175 0.162153 0.937803 0.162153 0.937803 0.155452 0.782486 0.949087 0.782486 0.949459 0.712497 0.949459 0.712497 0.986315 0.712497 0.985943 0.782486 0.985943 0.938863 0.905832 0.938863 0.906204 0.932161 0.906204 0.712125 0.949459 0.712497 0.949459 0.712497 0.985943 0.861845 0.95134 0.861474 0.95134 0.861474 0.987823 0.861474 0.95134 0.861474 0.950968 0.791484 0.950968 0.861474 0.988196 0.861474 0.987823 0.791484 0.987823 0.712497 0.985943 0.712497 0.949459 0.782486 0.949459 0.938863 0.906204 0.938863 0.976193 0.932161 0.976193 0.791484 0.95134 0.791484 0.987823 0.861474 0.987823 0.510895 0.194497 0.510895 0.187795 0.547379 0.187795 0.510895 0.194869 0.510895 0.194497 0.547379 0.194497 0.475535 0.127615 0.475535 0.127242 0.545524 0.127242 0.475535 0.164098 0.475163 0.164098 0.475163 0.127615 0.09940499 0.349532 0.09940499 0.349159 0.106106 0.349159 0.106106 0.41952 0.106106 0.419892 0.09940499 0.419892 0.106106 0.349532 0.106478 0.349532 0.106478 0.41952 0.09903299 0.349532 0.09940499 0.349532 0.09940499 0.41952 0.121523 0.349532 0.121151 0.349532 0.121151 0.41952 0.547379 0.187423 0.547379 0.187795 0.510895 0.187795 0.121151 0.349532 0.121151 0.349159 0.11445 0.349159 0.563958 0.55302 0.56433 0.55302 0.56433 0.516537 0.545524 0.127615 0.545524 0.164098 0.475535 0.164098 0.09940499 0.41952 0.09940499 0.349532 0.106106 0.349532 0.563958 0.55302 0.563958 0.516537 0.493969 0.516537 0.893039 0.162153 0.893039 0.155452 0.929523 0.155452 0.463147 0.963375 0.462775 0.963375 0.462775 0.926892 0.917488 0.523328 0.917488 0.522956 0.924187 0.522956 0.702722 0.601917 0.703094 0.601917 0.703094 0.565434 0.893039 0.162153 0.892668 0.162153 0.892668 0.155452 0.462775 0.926519 0.462775 0.926892 0.392786 0.926892 0.924187 0.452967 0.924563 0.452967 0.924563 0.522956 0.924187 0.452595 0.924187 0.452967 0.917488 0.452967 0.392414 0.926892 0.392786 0.926892 0.392786 0.963375 0.773455 0.565434 0.773083 0.565434 0.773083 0.601917 0.917116 0.452967 0.917488 0.452967 0.917488 0.522956 0.773083 0.60229 0.773083 0.601917 0.703094 0.601917 0.392786 0.963375 0.392786 0.926892 0.462775 0.926892 0.924187 0.452967 0.924187 0.522956 0.917488 0.522956 0.703094 0.565434 0.703094 0.601917 0.773083 0.601917 0.004999995 0.713184 0.004999995 0.706483 0.04148399 0.706483 0.389802 0.908836 0.38943 0.908836 0.38943 0.872353 0.855426 0.777216 0.855426 0.776843 0.862126 0.776843 0.845651 0.04148298 0.846023 0.04148298 0.846023 0.004999995 0.855055 0.477044 0.855055 0.477416 0.861754 0.477416 0.38943 0.87198 0.38943 0.872353 0.319441 0.872353 0.862126 0.706855 0.862502 0.706855 0.862502 0.776843 0.862126 0.706483 0.862126 0.706855 0.855426 0.706855 0.319069 0.872353 0.319441 0.872353 0.319441 0.908836 0.623734 0.556031 0.623734 0.556403 0.660218 0.556403 0.855055 0.706855 0.855426 0.706855 0.855426 0.776843 0.861754 0.547404 0.862126 0.547404 0.862126 0.477416 0.319441 0.908836 0.319441 0.872353 0.38943 0.872353 0.862126 0.706855 0.862126 0.776843 0.855426 0.776843 0.846023 0.004999995 0.846023 0.04148298 0.916013 0.04148298 0.441311 0.071882 0.441311 0.06518095 0.477794 0.06518095 0.441311 0.072254 0.441311 0.071882 0.477794 0.071882 0.005371987 0.483058 0.005371987 0.482686 0.07536095 0.482686 0.005371987 0.519541 0.004999995 0.519541 0.004999995 0.483058 0.37398 0.05050796 0.37398 0.05013597 0.380681 0.05013597 0.380681 0.120496 0.380681 0.120868 0.37398 0.120868 0.380681 0.05050796 0.381053 0.05050796 0.381053 0.120496 0.373608 0.05050796 0.37398 0.05050796 0.37398 0.120496 0.09143298 0.349532 0.09106099 0.349532 0.09106099 0.41952 0.236692 0.482686 0.23632 0.482686 0.23632 0.519169 0.09106099 0.349532 0.09106099 0.349159 0.08436 0.349159 0.306681 0.519169 0.307053 0.519169 0.307053 0.482686 0.07536095 0.483058 0.07536095 0.519541 0.005371987 0.519541 0.37398 0.120496 0.37398 0.05050796 0.380681 0.05050796 0.306681 0.519169 0.306681 0.482686 0.236692 0.482686 0.338248 0.399115 0.338248 0.392414 0.374731 0.392414 0.273201 0.04185497 0.272829 0.04185497 0.272829 0.005371987 0.080226 0.075733 0.080226 0.07536 0.08692699 0.07536 0.082107 0.295743 0.08247995 0.295743 0.08247995 0.25926 0.338248 0.399115 0.337875 0.399115 0.337875 0.392414 0.272829 0.004999995 0.272829 0.005371987 0.202841 0.005371987 0.202841 0.04222798 0.202841 0.04185497 0.272829 0.04185497 0.08692699 0.004999995 0.08692699 0.005371987 0.080226 0.005371987 0.202468 0.005371987 0.202841 0.005371987 0.202841 0.04185497 0.15284 0.25926 0.152467 0.25926 0.152467 0.295743 0.152467 0.25926 0.152467 0.258888 0.08247995 0.258888 0.152467 0.296116 0.152467 0.295743 0.08247995 0.295743 0.202841 0.04185497 0.202841 0.005371987 0.272829 0.005371987 0.08692699 0.005371987 0.08692699 0.07536 0.080226 0.07536 0.08247995 0.25926 0.08247995 0.295743 0.152467 0.295743 0.796754 0.483745 0.796754 0.477044 0.833238 0.477044 0.150959 0.72604 0.150587 0.72604 0.150587 0.689557 0.678645 0.209259 0.678645 0.208887 0.685347 0.208887 0.392414 0.729802 0.392786 0.729802 0.392786 0.693319 0.682406 0.004999995 0.682406 0.005371987 0.689108 0.005371987 0.682406 0.005371987 0.682035 0.005371987 0.682035 0.07536 0.685347 0.138899 0.685718 0.138899 0.685718 0.208887 0.685347 0.138526 0.685347 0.138899 0.678645 0.138899 0.080226 0.689557 0.08059799 0.689557 0.08059799 0.72604 0.463147 0.693319 0.462775 0.693319 0.462775 0.729802 0.678273 0.138899 0.678645 0.138899 0.678645 0.208887 0.462775 0.730174 0.462775 0.729802 0.392786 0.729802 0.08059799 0.72604 0.08059799 0.689557 0.150587 0.689557 0.685347 0.138899 0.685347 0.208887 0.678645 0.208887 0.392786 0.693319 0.392786 0.729802 0.462775 0.729802 0.627496 0.799694 0.627496 0.792993 0.663979 0.792993 0.726438 0.130246 0.726067 0.130246 0.726067 0.09376299 0.674884 0.389802 0.674884 0.389429 0.681585 0.389429 0.159213 0.722279 0.1595849 0.722279 0.1595849 0.685796 0.655706 0.232559 0.655706 0.232931 0.662407 0.232931 0.726067 0.093391 0.726067 0.09376299 0.656077 0.09376299 0.681585 0.319441 0.681957 0.319441 0.681957 0.389429 0.681585 0.319069 0.681585 0.319441 0.674884 0.319441 0.655706 0.09376299 0.656077 0.09376299 0.656077 0.130246 0.651944 0.398056 0.651944 0.398428 0.688428 0.398428 0.674512 0.319441 0.674884 0.319441 0.674884 0.389429 0.662407 0.302919 0.662779 0.302919 0.662779 0.232931 0.656077 0.130246 0.656077 0.09376299 0.726067 0.09376299 0.681585 0.319441 0.681585 0.389429 0.674884 0.389429 0.1595849 0.685796 0.1595849 0.722279 0.229575 0.722279 0.510895 0.209542 0.510895 0.202841 0.547379 0.202841 0.510895 0.209914 0.510895 0.209542 0.547379 0.209542 0.426638 0.082479 0.426638 0.082107 0.496627 0.082107 0.426638 0.118962 0.426266 0.118962 0.426266 0.082479 0.411593 0.05991095 0.411593 0.05953896 0.418294 0.05953896 0.418294 0.129899 0.418294 0.130272 0.411593 0.130272 0.418294 0.05991095 0.418666 0.05991095 0.418666 0.129899 0.411221 0.05991095 0.411593 0.05991095 0.411593 0.129899 0.416786 0.236692 0.416413 0.236692 0.416413 0.306681 0.547379 0.202468 0.547379 0.202841 0.510895 0.202841 0.416413 0.236692 0.416413 0.23632 0.409712 0.23632 0.074988 0.287849 0.07536 0.287849 0.07536 0.251365 0.496627 0.082479 0.496627 0.118962 0.426638 0.118962 0.411593 0.129899 0.411593 0.05991095 0.418294 0.05991095 0.074988 0.287849 0.074988 0.251365 0.004999995 0.251365 0.253618 0.634197 0.253618 0.627496 0.290101 0.627496 0.374012 0.565807 0.374384 0.565807 0.374384 0.60229 0.304024 0.565807 0.304024 0.565434 0.374012 0.565434 0.614703 0.362324 0.614703 0.362696 0.651187 0.362696 0.614331 0.369397 0.614703 0.369397 0.614703 0.362696 0.290474 0.634197 0.290101 0.634197 0.290101 0.627496 0.304024 0.602662 0.304024 0.60229 0.374012 0.60229 0.451491 0.567687 0.451491 0.567315 0.381503 0.567315 0.381503 0.60417 0.381503 0.604543 0.451491 0.604543 0.381503 0.567687 0.38113 0.567687 0.38113 0.60417 0.253246 0.627496 0.253618 0.627496 0.253618 0.634197 0.451491 0.60417 0.451863 0.60417 0.451863 0.567687 0.374012 0.565807 0.374012 0.60229 0.304024 0.60229 0.529702 0.399115 0.59969 0.399115 0.59969 0.392414 0.451491 0.60417 0.451491 0.567687 0.381503 0.567687 0.240081 0.946385 0.240081 0.939684 0.276565 0.939684 0.240081 0.946757 0.240081 0.946385 0.276565 0.946385 0.917488 0.347651 0.917488 0.347279 0.987477 0.347279 0.917488 0.384134 0.917116 0.384134 0.917116 0.347651 0.922758 0.597778 0.922758 0.597405 0.92946 0.597405 0.92946 0.667766 0.92946 0.668138 0.922758 0.668138 0.92946 0.597778 0.929831 0.597778 0.929831 0.667766 0.231455 0.940056 0.231455 0.939684 0.161466 0.939684 0.161466 0.976539 0.161466 0.976912 0.231455 0.976912 0.161466 0.940056 0.161094 0.940056 0.161094 0.976539 0.190735 0.04862695 0.190735 0.04825496 0.184034 0.04825496 0.231455 0.976539 0.231827 0.976539 0.231827 0.940056 0.987477 0.347651 0.987477 0.384134 0.917488 0.384134 0.922758 0.667766 0.922758 0.597778 0.92946 0.597778 0.231455 0.976539 0.231455 0.940056 0.161466 0.940056 0.125362 0.549567 0.125362 0.542866 0.161844 0.542866 0.161844 0.549567 0.161844 0.54994 0.125362 0.54994 0.399937 0.331501 0.399937 0.331129 0.406637 0.331129 0.258888 0.42927 0.259261 0.42927 0.259261 0.392787 0.404071 0.05013597 0.404071 0.05050796 0.410771 0.05050796 0.404071 0.05050796 0.403698 0.05050796 0.403698 0.120496 0.406637 0.261141 0.40701 0.261141 0.40701 0.331129 0.406637 0.260769 0.406637 0.261141 0.399937 0.261141 0.144694 0.349159 0.144168 0.349159 0.144168 0.385642 0.329621 0.392787 0.329248 0.392787 0.329248 0.42927 0.329248 0.392787 0.329248 0.392414 0.259261 0.392414 0.329248 0.429642 0.329248 0.42927 0.259261 0.42927 0.781709 0.590634 0.781709 0.55415 0.851697 0.55415 0.406637 0.261141 0.406637 0.331129 0.399937 0.331129 0.259261 0.392787 0.259261 0.42927 0.329248 0.42927 0.496222 0.461177 0.496222 0.454476 0.532706 0.454476 0.521447 0.40106 0.521075 0.40106 0.521075 0.364577 0.330353 0.252514 0.330353 0.252142 0.337054 0.252142 0.414982 0.513899 0.415354 0.513899 0.415354 0.477416 0.496222 0.461177 0.49585 0.461177 0.49585 0.454476 0.521075 0.364204 0.521075 0.364577 0.451087 0.364577 0.451087 0.401432 0.451087 0.40106 0.521075 0.40106 0.337054 0.1817809 0.337054 0.1821539 0.330353 0.1821539 0.450714 0.364577 0.451087 0.364577 0.451087 0.40106 0.485715 0.477416 0.485343 0.477416 0.485343 0.513899 0.485343 0.477416 0.485343 0.477044 0.415354 0.477044 0.485343 0.514271 0.485343 0.513899 0.415354 0.513899 0.451087 0.40106 0.451087 0.364577 0.521075 0.364577 0.337054 0.1821539 0.337054 0.252142 0.330353 0.252142 0.415354 0.477416 0.415354 0.513899 0.485343 0.513899 0.545119 0.649614 0.545119 0.642913 0.581603 0.642913 0.310443 0.849785 0.310814 0.849785 0.310814 0.886268 0.240453 0.849785 0.240453 0.849413 0.310443 0.849413 0.240453 0.886268 0.240081 0.886268 0.240081 0.849785 0.02756798 0.03614997 0.02793997 0.03614997 0.02793997 0.02944797 0.581974 0.649614 0.581603 0.649614 0.581603 0.642913 0.240453 0.88664 0.240453 0.886268 0.310443 0.886268 0.84189 0.277694 0.842262 0.277694 0.842262 0.347683 0.840009 0.398807 0.840009 0.399179 0.909999 0.399179 0.581603 0.642541 0.581603 0.642913 0.545119 0.642913 0.544747 0.642913 0.545119 0.642913 0.545119 0.649614 0.909999 0.398807 0.910371 0.398807 0.910371 0.362324 0.310443 0.849785 0.310443 0.886268 0.240453 0.886268 0.842262 0.347683 0.842262 0.277694 0.848961 0.277694 0.909999 0.398807 0.909999 0.362324 0.840009 0.362324 0.870472 0.958041 0.870472 0.95134 0.906955 0.95134 0.85207 0.509387 0.852442 0.509387 0.852442 0.54587 0.782081 0.509387 0.782081 0.509015 0.85207 0.509015 0.782081 0.54587 0.781709 0.54587 0.781709 0.509387 0.02756798 0.02110397 0.02793997 0.02110397 0.02793997 0.01440298 0.907327 0.958041 0.906955 0.958041 0.906955 0.95134 0.782081 0.546242 0.782081 0.54587 0.85207 0.54587 0.588002 0.414982 0.588374 0.414982 0.588374 0.48497 0.580479 0.08661895 0.580479 0.08699095 0.650468 0.08699095 0.906955 0.950968 0.906955 0.95134 0.870472 0.95134 0.8701 0.95134 0.870472 0.95134 0.870472 0.958041 0.650468 0.08661895 0.65084 0.08661895 0.65084 0.05013597 0.85207 0.509387 0.85207 0.54587 0.782081 0.54587 0.588374 0.48497 0.588374 0.414982 0.595075 0.414982 0.650468 0.08661895 0.650468 0.05013597 0.580479 0.05013597 0.202468 0.101972 0.202468 0.09527099 0.238951 0.09527099 0.202468 0.102345 0.202468 0.101972 0.238951 0.101972 0.005372941 0.163347 0.005372941 0.162975 0.07536 0.162975 0.005372941 0.1998299 0.004999995 0.1998299 0.004999995 0.163347 0.004999995 0.082479 0.004999995 0.082107 0.01170098 0.082107 0.01170098 0.152467 0.01170098 0.152839 0.004999995 0.152839 0.01170098 0.082479 0.01207298 0.082479 0.01207298 0.152467 0.381906 0.347651 0.381906 0.347279 0.311919 0.347279 0.311919 0.384134 0.311919 0.384506 0.381906 0.384506 0.311919 0.347651 0.311546 0.347651 0.311546 0.384134 0.1756899 0.04862695 0.1756899 0.04825496 0.168989 0.04825496 0.381906 0.384134 0.382279 0.384134 0.382279 0.347651 0.07536 0.163347 0.07536 0.1998299 0.005372941 0.1998299 0.004999995 0.152467 0.004999995 0.082479 0.01170098 0.082479 0.381906 0.384134 0.381906 0.347651 0.311919 0.347651 0.209991 0.634197 0.209991 0.627496 0.246474 0.627496 0.607957 0.340879 0.607585 0.340879 0.607585 0.304396 0.469893 0.592912 0.469893 0.59254 0.476594 0.59254 0.556031 0.2107419 0.556403 0.2107419 0.556403 0.174259 0.565434 0.454476 0.565434 0.454848 0.572135 0.454848 0.607585 0.304024 0.607585 0.304396 0.537597 0.304396 0.476594 0.522551 0.476967 0.522551 0.476967 0.59254 0.476594 0.522179 0.476594 0.522551 0.469893 0.522551 0.537224 0.304396 0.537597 0.304396 0.537597 0.340879 0.337875 0.422505 0.337875 0.422877 0.374359 0.422877 0.469521 0.522551 0.469893 0.522551 0.469893 0.59254 0.572135 0.524836 0.572508 0.524836 0.572508 0.454848 0.537597 0.340879 0.537597 0.304396 0.607585 0.304396 0.476594 0.522551 0.476594 0.59254 0.469893 0.59254 0.556403 0.174259 0.556403 0.2107419 0.626391 0.2107419 0.471773 0.700392 0.471773 0.693691 0.508257 0.693691 0.471773 0.700764 0.471773 0.700392 0.508257 0.700392 0.875742 0.407832 0.875742 0.407459 0.945729 0.407459 0.768916 0.04825496 0.768916 0.04862695 0.8054 0.04862695 0.768545 0.05532795 0.768916 0.05532795 0.768916 0.04862695 0.508629 0.700392 0.508257 0.700392 0.508257 0.693691 0.886576 0.258888 0.886948 0.258888 0.886948 0.328876 0.879503 0.258888 0.879875 0.258888 0.879875 0.328876 0.23632 0.931032 0.23632 0.931404 0.306307 0.931404 0.508257 0.693319 0.508257 0.693691 0.471773 0.693691 0.471402 0.693691 0.471773 0.693691 0.471773 0.700392 0.306307 0.931032 0.306681 0.931032 0.306681 0.894548 0.945729 0.407832 0.945729 0.444315 0.875742 0.444315 0.879875 0.328876 0.879875 0.258888 0.886576 0.258888 0.306307 0.931032 0.306307 0.894548 0.23632 0.894548 0.586494 0.164034 0.586494 0.157333 0.622977 0.157333 0.231827 0.474405 0.231454 0.474405 0.231454 0.437922 0.436042 0.38604 0.436042 0.385668 0.442743 0.385668 0.258888 0.474033 0.259261 0.474033 0.259261 0.43755 0.586494 0.164034 0.586121 0.164034 0.586121 0.157333 0.231454 0.43755 0.231454 0.437922 0.161467 0.437922 0.442743 0.31568 0.443115 0.31568 0.443115 0.385668 0.442743 0.315308 0.442743 0.31568 0.436042 0.31568 0.161094 0.437922 0.161467 0.437922 0.161467 0.474405 0.082107 0.762903 0.082107 0.763275 0.1185899 0.763275 0.435669 0.31568 0.436042 0.31568 0.436042 0.385668 0.329248 0.474405 0.329248 0.474033 0.259261 0.474033 0.161467 0.474405 0.161467 0.437922 0.231454 0.437922 0.442743 0.31568 0.442743 0.385668 0.436042 0.385668 0.259261 0.43755 0.259261 0.474033 0.329248 0.474033 0.405952 0.423564 0.405952 0.416863 0.442434 0.416863 0.405952 0.423936 0.405952 0.423564 0.442434 0.423564 0.238201 0.25926 0.238201 0.258888 0.308189 0.258888 0.004999995 0.337875 0.004999995 0.338248 0.04148298 0.338248 0.108809 0.08436 0.108809 0.08398699 0.115509 0.08398699 0.115509 0.154348 0.115509 0.15472 0.108809 0.15472 0.115509 0.08436 0.115882 0.08436 0.115882 0.154348 0.108436 0.08436 0.108809 0.08436 0.108809 0.154348 0.417235 0.468391 0.417235 0.468763 0.487223 0.468763 0.417235 0.431908 0.416863 0.431908 0.416863 0.468391 0.405579 0.416863 0.405952 0.416863 0.405952 0.423564 0.487223 0.468391 0.487596 0.468391 0.487596 0.431908 0.308189 0.25926 0.308189 0.295743 0.238201 0.295743 0.108809 0.154348 0.108809 0.08436 0.115509 0.08436 0.487223 0.468391 0.487223 0.431908 0.417235 0.431908 0.87198 0.835799 0.87198 0.829098 0.908464 0.829098 0.908464 0.835799 0.908464 0.836171 0.87198 0.836171 0.77832 0.814829 0.77832 0.814457 0.785019 0.814457 0.87198 0.829098 0.87198 0.828725 0.908464 0.828725 0.7802 0.663228 0.7802 0.6636 0.7869 0.6636 0.7802 0.6636 0.779829 0.6636 0.779829 0.733589 0.785019 0.744468 0.785395 0.744468 0.785395 0.814457 0.785019 0.744096 0.785019 0.744468 0.77832 0.744468 0.383539 0.258888 0.383011 0.258888 0.383011 0.295371 0.471402 0.723409 0.471402 0.723781 0.507885 0.723781 0.777948 0.744468 0.77832 0.744468 0.77832 0.814457 0.7869 0.733589 0.787276 0.733589 0.787276 0.6636 0.69708 0.827596 0.69708 0.791112 0.767069 0.791112 0.785019 0.744468 0.785019 0.814457 0.77832 0.814457 0.550389 0.792993 0.550389 0.829476 0.620378 0.829476 0.924639 0.335173 0.924639 0.328472 0.961122 0.328472 0.924639 0.335545 0.924639 0.335173 0.961122 0.335173 0.571076 0.601943 0.571449 0.601943 0.571449 0.531955 0.614703 0.347279 0.614703 0.347651 0.651187 0.347651 0.614331 0.354352 0.614703 0.354352 0.614703 0.347651 0.961494 0.335173 0.961122 0.335173 0.961122 0.328472 0.218573 0.542866 0.218945 0.542866 0.218945 0.612855 0.635795 0.005371987 0.635795 0.004999995 0.565807 0.004999995 0.565807 0.04185497 0.565807 0.04222798 0.635795 0.04222798 0.565807 0.005371987 0.565434 0.005371987 0.565434 0.04185497 0.578149 0.531955 0.578149 0.531582 0.571449 0.531582 0.635795 0.04185497 0.636167 0.04185497 0.636167 0.005371987 0.296905 0.584241 0.296905 0.620724 0.226917 0.620724 0.211872 0.612855 0.211872 0.542866 0.218573 0.542866 0.635795 0.04185497 0.635795 0.005371987 0.565807 0.005371987 0.543239 0.288157 0.543239 0.281456 0.579722 0.281456 0.543239 0.288529 0.543239 0.288157 0.579722 0.288157 0.004999995 0.437922 0.004999995 0.43755 0.074988 0.43755 0.578972 0.14793 0.578972 0.148302 0.615454 0.148302 0.578599 0.155003 0.578972 0.155003 0.578972 0.148302 0.580095 0.288157 0.579722 0.288157 0.579722 0.281456 0.432967 0.004999995 0.433339 0.004999995 0.433339 0.074988 0.152467 0.437922 0.152467 0.43755 0.08247995 0.43755 0.08247995 0.474405 0.08247995 0.474778 0.152467 0.474778 0.08247995 0.437922 0.082107 0.437922 0.082107 0.474405 0.542866 0.281456 0.543239 0.281456 0.543239 0.288157 0.152467 0.474405 0.15284 0.474405 0.15284 0.437922 0.074988 0.437922 0.074988 0.474405 0.004999995 0.474405 0.426266 0.074988 0.426266 0.004999995 0.432967 0.004999995 0.152467 0.474405 0.152467 0.437922 0.08247995 0.437922 0.338248 0.414533 0.338248 0.407832 0.374731 0.407832 0.338248 0.414905 0.338248 0.414533 0.374731 0.414533 0.398056 0.138899 0.398056 0.138526 0.468045 0.138526 0.537597 0.268291 0.537597 0.268664 0.57408 0.268664 0.537224 0.275365 0.537597 0.275365 0.537597 0.268664 0.375104 0.414533 0.374731 0.414533 0.374731 0.407832 0.427697 0.315308 0.42807 0.315308 0.42807 0.385296 0.420624 0.315308 0.420997 0.315308 0.420997 0.385296 0.23632 0.340507 0.23632 0.340879 0.306309 0.340879 0.374731 0.407459 0.374731 0.407832 0.338248 0.407832 0.337875 0.407832 0.338248 0.407832 0.338248 0.414533 0.306309 0.340507 0.30668 0.340507 0.30668 0.304024 0.468045 0.138899 0.468045 0.175382 0.398056 0.175382 0.420997 0.385296 0.420997 0.315308 0.427697 0.315308 0.306309 0.340507 0.306309 0.304024 0.23632 0.304024 0.80841 0.801575 0.80841 0.794874 0.844894 0.794874 0.752024 0.240454 0.752396 0.240454 0.752396 0.276937 0.682035 0.240454 0.682035 0.240081 0.752024 0.240081 0.336366 0.856935 0.336366 0.857307 0.37285 0.857307 0.335995 0.864009 0.336366 0.864009 0.336366 0.857307 0.845266 0.801575 0.844894 0.801575 0.844894 0.794874 0.682035 0.277309 0.682035 0.276937 0.752024 0.276937 0.306681 0.701213 0.306681 0.700841 0.236692 0.700841 0.236692 0.737697 0.236692 0.738069 0.306681 0.738069 0.236692 0.701213 0.23632 0.701213 0.23632 0.737697 0.808038 0.794874 0.80841 0.794874 0.80841 0.801575 0.306681 0.737697 0.307053 0.737697 0.307053 0.701213 0.752024 0.240454 0.752024 0.276937 0.682035 0.276937 0.315308 0.707542 0.385297 0.707542 0.385297 0.700841 0.306681 0.737697 0.306681 0.701213 0.236692 0.701213 0.937803 0.612001 0.937803 0.6053 0.974287 0.6053 0.974287 0.612001 0.974287 0.612373 0.937803 0.612373 0.646674 0.218662 0.646674 0.21829 0.653376 0.21829 0.937803 0.6053 0.937803 0.604928 0.974287 0.604928 0.657958 0.004999995 0.657958 0.005371987 0.664659 0.005371987 0.657958 0.005371987 0.657586 0.005371987 0.657586 0.07536 0.653376 0.148302 0.653747 0.148302 0.653747 0.21829 0.653376 0.14793 0.653376 0.148302 0.646674 0.148302 0.159213 0.642541 0.1595849 0.642541 0.1595849 0.679024 0.07536095 0.646302 0.07498699 0.646302 0.07498699 0.682785 0.646302 0.148302 0.646674 0.148302 0.646674 0.21829 0.07498699 0.683158 0.07498699 0.682785 0.004999995 0.682785 0.1595849 0.679024 0.1595849 0.642541 0.229575 0.642541 0.653376 0.148302 0.653376 0.21829 0.646674 0.21829 0.004999995 0.646302 0.004999995 0.682785 0.07498699 0.682785 0.503745 0.102345 0.503745 0.09564399 0.540228 0.09564399 0.503745 0.102717 0.503745 0.102345 0.540228 0.102345 0.503373 0.05050796 0.503373 0.05013597 0.573361 0.05013597 0.503745 0.110317 0.503745 0.110689 0.540228 0.110689 0.503373 0.11739 0.503745 0.11739 0.503745 0.110689 0.5406 0.102345 0.540228 0.102345 0.540228 0.09564399 0.412652 0.339756 0.413024 0.339756 0.413024 0.409744 0.405579 0.339756 0.405951 0.339756 0.405951 0.409744 0.392414 0.558662 0.392414 0.559035 0.462403 0.559035 0.540228 0.09527099 0.540228 0.09564399 0.503745 0.09564399 0.503373 0.09564399 0.503745 0.09564399 0.503745 0.102345 0.462403 0.558662 0.462775 0.558662 0.462775 0.522179 0.573361 0.05050796 0.573361 0.08699095 0.503373 0.08699095 0.405951 0.409744 0.405951 0.339756 0.412652 0.339756 0.462403 0.558662 0.462403 0.522179 0.392414 0.522179 0.935923 0.561224 0.935923 0.554523 0.972406 0.554523 0.935923 0.561596 0.935923 0.561224 0.972406 0.561224 0.92501 0.268663 0.92501 0.268291 0.995 0.268291 0.92501 0.305147 0.924639 0.305147 0.924639 0.268663 0.932533 0.452967 0.932533 0.452595 0.939235 0.452595 0.939235 0.522955 0.939235 0.523328 0.932533 0.523328 0.939235 0.452967 0.939606 0.452967 0.939606 0.522955 0.932161 0.452967 0.932533 0.452967 0.932533 0.522955 0.937726 0.676765 0.937354 0.676765 0.937354 0.746753 0.972406 0.55415 0.972406 0.554523 0.935923 0.554523 0.937354 0.676765 0.937354 0.676393 0.930652 0.676393 0.992745 0.04148298 0.993119 0.04148298 0.993119 0.004999995 0.995 0.268663 0.995 0.305147 0.92501 0.305147 0.932533 0.522955 0.932533 0.452967 0.939235 0.452967 0.992745 0.04148298 0.992745 0.004999995 0.922758 0.004999995 0.004999995 0.785021 0.004999995 0.77832 0.04148399 0.77832 0.228066 0.812923 0.227694 0.812923 0.227694 0.77644 0.761394 0.399205 0.761394 0.398833 0.768095 0.398833 0.004999995 0.77832 0.004999995 0.777948 0.04148399 0.777948 0.170497 0.05765795 0.170497 0.05803096 0.177199 0.05803096 0.227694 0.776067 0.227694 0.77644 0.157705 0.77644 0.157705 0.813295 0.157705 0.812923 0.227694 0.812923 0.768095 0.328472 0.768095 0.328844 0.761394 0.328844 0.157333 0.77644 0.157705 0.77644 0.157705 0.812923 0.829503 0.228798 0.829129 0.228798 0.829129 0.265281 0.761022 0.328844 0.761394 0.328844 0.761394 0.398833 0.829129 0.265653 0.829129 0.265281 0.759141 0.265281 0.157705 0.812923 0.157705 0.77644 0.227694 0.77644 0.768095 0.328844 0.768095 0.398833 0.761394 0.398833 0.759141 0.228798 0.759141 0.265281 0.829129 0.265281 0.005371987 0.63833 0.005371987 0.631629 0.04185497 0.631629 0.005371987 0.638703 0.005371987 0.63833 0.04185497 0.63833 0.082107 0.601539 0.082107 0.601167 0.152095 0.601167 0.159586 0.616212 0.159586 0.616584 0.196069 0.616584 0.159213 0.623285 0.159586 0.623285 0.159586 0.616584 0.04222798 0.63833 0.04185497 0.63833 0.04185497 0.631629 0.600717 0.492089 0.60109 0.492089 0.60109 0.562077 0.593644 0.492089 0.594016 0.492089 0.594016 0.562077 0.460118 0.641411 0.460118 0.641783 0.530106 0.641783 0.04185497 0.631257 0.04185497 0.631629 0.005371987 0.631629 0.004999995 0.631629 0.005371987 0.631629 0.005371987 0.63833 0.530106 0.641411 0.530478 0.641411 0.530478 0.604928 0.152095 0.601539 0.152095 0.638022 0.082107 0.638022 0.594016 0.562077 0.594016 0.492089 0.600717 0.492089 0.530106 0.641411 0.530106 0.604928 0.460118 0.604928 0.004999995 0.564613 0.004999995 0.557912 0.04148298 0.557912 0.408608 0.468391 0.408235 0.468391 0.408235 0.431908 0.424758 0.307053 0.424758 0.306681 0.431459 0.306681 0.279575 0.127993 0.279948 0.127993 0.279948 0.09150999 0.281829 0.004999995 0.281829 0.005371987 0.288529 0.005371987 0.281829 0.005371987 0.281456 0.005371987 0.281456 0.07536 0.431459 0.236692 0.431831 0.236692 0.431831 0.306681 0.431459 0.23632 0.431459 0.236692 0.424758 0.236692 0.337875 0.431908 0.338248 0.431908 0.338248 0.468391 0.350308 0.09150999 0.349935 0.09150999 0.349935 0.127993 0.424385 0.236692 0.424758 0.236692 0.424758 0.306681 0.349935 0.128365 0.349935 0.127993 0.279948 0.127993 0.338248 0.468391 0.338248 0.431908 0.408235 0.431908 0.431459 0.236692 0.431459 0.306681 0.424758 0.306681 0.279948 0.09150999 0.279948 0.127993 0.349935 0.127993 0.894548 0.100464 0.894548 0.09376299 0.931032 0.09376299 0.76029 0.04937797 0.759918 0.04937797 0.759918 0.01289498 0.69369 0.209259 0.69369 0.208887 0.70039 0.208887 0.894548 0.09376299 0.894548 0.093391 0.931032 0.093391 0.691438 0.364204 0.691438 0.364577 0.698137 0.364577 0.759918 0.01252299 0.759918 0.01289498 0.689929 0.01289498 0.689929 0.04974997 0.689929 0.04937797 0.759918 0.04937797 0.70039 0.138526 0.70039 0.138899 0.69369 0.138899 0.689557 0.01289498 0.689929 0.01289498 0.689929 0.04937797 0.706483 0.431908 0.706483 0.43228 0.742967 0.43228 0.693319 0.138899 0.69369 0.138899 0.69369 0.208887 0.698137 0.434565 0.698509 0.434565 0.698509 0.364577 0.689929 0.04937797 0.689929 0.01289498 0.759918 0.01289498 0.70039 0.138899 0.70039 0.208887 0.69369 0.208887 0.69896 0.285217 0.69896 0.3217 0.76895 0.3217 0.934414 0.762081 0.934414 0.75538 0.970897 0.75538 0.695976 0.83474 0.696348 0.83474 0.696348 0.871223 0.625987 0.83474 0.625987 0.834367 0.695976 0.834367 0.625987 0.871223 0.625615 0.871223 0.625615 0.83474 0.824964 0.353293 0.824964 0.352921 0.831666 0.352921 0.971269 0.762081 0.970897 0.762081 0.970897 0.75538 0.625987 0.871595 0.625987 0.871223 0.695976 0.871223 0.774964 0.83474 0.774964 0.834367 0.704974 0.834367 0.704974 0.871223 0.704974 0.871595 0.774964 0.871595 0.704974 0.83474 0.704602 0.83474 0.704602 0.871223 0.934042 0.75538 0.934414 0.75538 0.934414 0.762081 0.774964 0.871223 0.775335 0.871223 0.775335 0.83474 0.695976 0.83474 0.695976 0.871223 0.625987 0.871223 0.824964 0.423281 0.824964 0.353293 0.831666 0.353293 0.774964 0.871223 0.774964 0.83474 0.704974 0.83474 0.471402 0.715065 0.471402 0.708364 0.507885 0.708364 0.507885 0.715065 0.507885 0.715437 0.471402 0.715437 0.665109 0.08513599 0.665109 0.084764 0.67181 0.084764 0.23632 0.692561 0.236692 0.692561 0.236692 0.656078 0.537596 0.633138 0.537596 0.63351 0.544298 0.63351 0.537596 0.63351 0.537224 0.63351 0.537224 0.703498 0.67181 0.01477599 0.672182 0.01477599 0.672182 0.084764 0.67181 0.01440298 0.67181 0.01477599 0.665109 0.01477599 0.315308 0.657586 0.315679 0.657586 0.315679 0.694069 0.307053 0.656078 0.306681 0.656078 0.306681 0.692561 0.306681 0.656078 0.306681 0.655706 0.236692 0.655706 0.306681 0.692933 0.306681 0.692561 0.236692 0.692561 0.315679 0.694069 0.315679 0.657586 0.385669 0.657586 0.67181 0.01477599 0.67181 0.084764 0.665109 0.084764 0.236692 0.656078 0.236692 0.692561 0.306681 0.692561 0.005371987 0.698139 0.005371987 0.691438 0.04185497 0.691438 0.005371987 0.698511 0.005371987 0.698139 0.04185497 0.698139 0.78359 0.861069 0.78359 0.860697 0.853579 0.860697 0.689929 0.05765795 0.689929 0.05803096 0.726413 0.05803096 0.689557 0.06473195 0.689929 0.06473195 0.689929 0.05803096 0.04222697 0.698139 0.04185497 0.698139 0.04185497 0.691438 0.857993 0.200588 0.858364 0.200588 0.858364 0.270576 0.150587 0.86483 0.150587 0.864458 0.08059799 0.864458 0.08059799 0.901313 0.08059799 0.901686 0.150587 0.901686 0.08059799 0.86483 0.080226 0.86483 0.080226 0.901313 0.004999995 0.691438 0.005371987 0.691438 0.005371987 0.698139 0.150587 0.901313 0.150959 0.901313 0.150959 0.86483 0.853579 0.861069 0.853579 0.897552 0.78359 0.897552 0.851293 0.270576 0.851293 0.200588 0.857993 0.200588 0.150587 0.901313 0.150587 0.86483 0.08059799 0.86483 0.616212 0.333665 0.616212 0.326964 0.652696 0.326964 0.652696 0.333665 0.652696 0.334037 0.616212 0.334037 0.703094 0.681303 0.703094 0.68093 0.709795 0.68093 0.616212 0.326964 0.616212 0.326591 0.652696 0.326591 0.706855 0.328472 0.706855 0.328844 0.713556 0.328844 0.706855 0.328844 0.706483 0.328844 0.706483 0.398833 0.709795 0.610942 0.710167 0.610942 0.710167 0.68093 0.709795 0.61057 0.709795 0.610942 0.703094 0.610942 0.315308 0.715886 0.315679 0.715886 0.315679 0.75237 0.778725 0.138526 0.778351 0.138526 0.778351 0.175009 0.702722 0.610942 0.703094 0.610942 0.703094 0.68093 0.778351 0.175382 0.778351 0.175009 0.708364 0.175009 0.315679 0.75237 0.315679 0.715886 0.385669 0.715886 0.709795 0.610942 0.709795 0.68093 0.703094 0.68093 0.708364 0.138526 0.708364 0.175009 0.778351 0.175009 0.938175 0.590942 0.938175 0.584241 0.974659 0.584241 0.38416 0.953972 0.383788 0.953972 0.383788 0.917488 0.902071 0.532731 0.902071 0.532359 0.90877 0.532359 0.905832 0.08511 0.906204 0.08511 0.906204 0.04862695 0.938175 0.590942 0.937803 0.590942 0.937803 0.584241 0.383788 0.917116 0.383788 0.917488 0.313799 0.917488 0.313799 0.954344 0.313799 0.953972 0.383788 0.953972 0.90877 0.461998 0.90877 0.462371 0.902071 0.462371 0.313427 0.917488 0.313799 0.917488 0.313799 0.953972 0.976565 0.04862695 0.976193 0.04862695 0.976193 0.08511 0.976193 0.04862695 0.976193 0.04825496 0.906204 0.04825496 0.976193 0.08548295 0.976193 0.08511 0.906204 0.08511 0.313799 0.953972 0.313799 0.917488 0.383788 0.917488 0.90877 0.462371 0.90877 0.532359 0.902071 0.532359 0.906204 0.04862695 0.906204 0.08511 0.976193 0.08511 0.161466 0.827904 0.161466 0.821203 0.19795 0.821203 0.161466 0.828276 0.161466 0.827904 0.19795 0.827904 0.23632 0.791485 0.23632 0.791112 0.30631 0.791112 0.004999995 0.721528 0.004999995 0.721901 0.04148399 0.721901 0.776439 0.351412 0.776439 0.35104 0.783138 0.35104 0.783138 0.4214 0.783138 0.421773 0.776439 0.421773 0.783138 0.351412 0.783514 0.351412 0.783514 0.4214 0.776067 0.351412 0.776439 0.351412 0.776439 0.4214 0.471773 0.827596 0.471773 0.827968 0.541763 0.827968 0.471773 0.791112 0.471402 0.791112 0.471402 0.827596 0.161094 0.821203 0.161466 0.821203 0.161466 0.827904 0.541763 0.827596 0.542135 0.827596 0.542135 0.791112 0.30631 0.791485 0.30631 0.827968 0.23632 0.827968 0.776439 0.4214 0.776439 0.351412 0.783138 0.351412 0.541763 0.827596 0.541763 0.791112 0.471773 0.791112 0.234812 0.533014 0.234812 0.526313 0.271295 0.526313 0.152467 0.168989 0.15284 0.168989 0.15284 0.205473 0.08247995 0.168989 0.08247995 0.168617 0.152467 0.168617 0.08247995 0.205472 0.082107 0.205472 0.082107 0.168989 0.004999995 0.005371987 0.004999995 0.004999995 0.01170098 0.004999995 0.271667 0.533014 0.271295 0.533014 0.271295 0.526313 0.08247995 0.2058449 0.08247995 0.205472 0.152467 0.205473 0.159213 0.214125 0.229202 0.214125 0.229202 0.213752 0.229202 0.250608 0.159213 0.250608 0.159213 0.25098 0.271295 0.525941 0.271295 0.526313 0.234812 0.526313 0.23444 0.526313 0.234812 0.526313 0.234812 0.533014 0.229202 0.250608 0.229574 0.250608 0.229574 0.214125 0.152467 0.168989 0.152467 0.205473 0.08247995 0.205472 0.004999995 0.07536 0.004999995 0.005371987 0.01170098 0.005371987 0.159213 0.250608 0.229202 0.250608 0.229202 0.214125 0.082107 0.754558 0.082107 0.747857 0.1185899 0.747857 0.468789 0.918239 0.468417 0.918239 0.468417 0.881756 0.876114 0.668138 0.876114 0.667766 0.882815 0.667766 0.87198 0.821954 0.872352 0.821954 0.872352 0.78547 0.877622 0.100913 0.877622 0.101286 0.884324 0.101286 0.468417 0.881384 0.468417 0.881756 0.398428 0.881756 0.882815 0.597778 0.883187 0.597778 0.883187 0.667766 0.882815 0.597405 0.882815 0.597778 0.876114 0.597778 0.398056 0.881756 0.398428 0.881756 0.398428 0.918239 0.426266 0.127242 0.426266 0.127615 0.46275 0.127615 0.875742 0.597778 0.876114 0.597778 0.876114 0.667766 0.884324 0.171274 0.884696 0.171274 0.884696 0.101286 0.398428 0.918239 0.398428 0.881756 0.468417 0.881756 0.882815 0.597778 0.882815 0.667766 0.876114 0.667766 0.872352 0.78547 0.872352 0.821954 0.942342 0.821954 0.872352 0.850472 0.872352 0.843771 0.908836 0.843771 0.872352 0.850844 0.872352 0.850472 0.908836 0.850472 0.313427 0.804649 0.313427 0.804277 0.383414 0.804277 0.885517 0.762903 0.885517 0.763275 0.922 0.763275 0.885145 0.769976 0.885517 0.769976 0.885517 0.763275 0.909208 0.850472 0.908836 0.850472 0.908836 0.843771 0.799695 0.738454 0.800066 0.738454 0.800066 0.808442 0.865235 0.66172 0.865235 0.661347 0.795245 0.661347 0.795245 0.698203 0.795245 0.698575 0.865235 0.698575 0.795245 0.66172 0.794874 0.66172 0.794874 0.698203 0.87198 0.843771 0.872352 0.843771 0.872352 0.850472 0.865235 0.698203 0.865607 0.698203 0.865607 0.66172 0.383414 0.804649 0.383414 0.841132 0.313427 0.841132 0.792993 0.808442 0.792993 0.738454 0.799695 0.738454 0.865235 0.698203 0.865235 0.66172 0.795245 0.66172 0.624106 0.548059 0.624106 0.541358 0.66059 0.541358 0.383788 0.759514 0.38416 0.759514 0.38416 0.795997 0.313799 0.759514 0.313799 0.759141 0.383788 0.759141 0.313799 0.795997 0.313427 0.795997 0.313427 0.759514 0.02756798 0.05119496 0.02793997 0.05119496 0.02793997 0.04449397 0.660962 0.548059 0.66059 0.548059 0.66059 0.541358 0.313799 0.796369 0.313799 0.795997 0.383788 0.795997 0.744096 0.354801 0.744468 0.354801 0.744468 0.424789 0.621854 0.784341 0.621854 0.784713 0.691841 0.784713 0.66059 0.540986 0.66059 0.541358 0.624106 0.541358 0.623734 0.541358 0.624106 0.541358 0.624106 0.548059 0.691841 0.784341 0.692215 0.784341 0.692215 0.747857 0.383788 0.759514 0.383788 0.795997 0.313799 0.795997 0.744468 0.424789 0.744468 0.354801 0.751169 0.354801 0.691841 0.784341 0.691841 0.747857 0.621854 0.747857 0.005371987 0.888457 0.005371987 0.881756 0.04185497 0.881756 0.692215 0.879875 0.692587 0.879875 0.692587 0.916359 0.622226 0.879875 0.622226 0.879503 0.692215 0.879503 0.622226 0.916359 0.621854 0.916359 0.621854 0.879875 0.02756798 0.06623995 0.02793997 0.06623995 0.02793997 0.05953896 0.04222697 0.888457 0.04185497 0.888457 0.04185497 0.881756 0.622226 0.916731 0.622226 0.916359 0.692215 0.916359 0.8701 0.477044 0.870472 0.477044 0.870472 0.547032 0.700841 0.915986 0.700841 0.916359 0.770829 0.916359 0.04185497 0.881384 0.04185497 0.881756 0.005371987 0.881756 0.004999995 0.881756 0.005371987 0.881756 0.005371987 0.888457 0.770829 0.915986 0.771202 0.915986 0.771202 0.879503 0.692215 0.879875 0.692215 0.916359 0.622226 0.916359 0.870472 0.547032 0.870472 0.477044 0.877173 0.477044 0.770829 0.915986 0.770829 0.879503 0.700841 0.879503 0.718139 0.684974 0.718139 0.678273 0.754622 0.678273 0.545896 0.961494 0.545524 0.961494 0.545524 0.925011 0.907713 0.668138 0.907713 0.667766 0.914412 0.667766 0.55415 0.961494 0.554522 0.961494 0.554522 0.925011 0.718139 0.684974 0.717767 0.684974 0.717767 0.678273 0.545524 0.924639 0.545524 0.925011 0.475535 0.925011 0.914412 0.597778 0.914784 0.597778 0.914784 0.667766 0.914412 0.597405 0.914412 0.597778 0.907713 0.597778 0.475163 0.925011 0.475535 0.925011 0.475535 0.961494 0.624883 0.925011 0.624511 0.925011 0.624511 0.961494 0.624511 0.925011 0.624511 0.924639 0.554522 0.924639 0.624511 0.961866 0.624511 0.961494 0.554522 0.961494 0.475535 0.961494 0.475535 0.925011 0.545524 0.925011 0.914412 0.597778 0.914412 0.667766 0.907713 0.667766 0.554522 0.925011 0.554522 0.961494 0.624511 0.961494 0.08435899 0.916295 0.08435899 0.909594 0.120843 0.909594 0.867487 0.468763 0.867116 0.468763 0.867116 0.43228 0.808038 0.344666 0.808038 0.344294 0.81474 0.344294 0.796754 0.634261 0.797126 0.634261 0.797126 0.597778 0.08435899 0.916295 0.08398699 0.916295 0.08398699 0.909594 0.867116 0.431908 0.867116 0.43228 0.797126 0.43228 0.81474 0.274305 0.815112 0.274305 0.815112 0.344294 0.81474 0.273933 0.81474 0.274305 0.808038 0.274305 0.796754 0.43228 0.797126 0.43228 0.797126 0.468763 0.867487 0.597778 0.867116 0.597778 0.867116 0.634261 0.867116 0.597778 0.867116 0.597405 0.797126 0.597405 0.867116 0.634633 0.867116 0.634261 0.797126 0.634261 0.797126 0.468763 0.797126 0.43228 0.867116 0.43228 0.81474 0.274305 0.81474 0.344294 0.808038 0.344294 0.797126 0.597778 0.797126 0.634261 0.867116 0.634261 0.184035 0.534894 0.184035 0.528194 0.220517 0.528194 0.184035 0.535267 0.184035 0.534894 0.220517 0.534894 0.159213 0.302515 0.159213 0.302143 0.229202 0.302143 0.520671 0.004999995 0.520671 0.005371987 0.557154 0.005371987 0.520299 0.01207298 0.520671 0.01207298 0.520671 0.005371987 0.22089 0.534894 0.220517 0.534894 0.220517 0.528194 0.296052 0.01440298 0.296424 0.01440298 0.296424 0.08439099 0.288978 0.01440298 0.289351 0.01440298 0.289351 0.08439099 0.082107 0.340507 0.082107 0.340879 0.152095 0.340879 0.220517 0.527821 0.220517 0.528194 0.184035 0.528194 0.1836619 0.528194 0.184035 0.528194 0.184035 0.534894 0.152095 0.340507 0.152467 0.340507 0.152467 0.304024 0.229202 0.302515 0.229202 0.338998 0.159213 0.338998 0.289351 0.08439099 0.289351 0.01440298 0.296052 0.01440298 0.152095 0.340507 0.152095 0.304024 0.082107 0.304024 0.392414 0.664659 0.392414 0.657959 0.428898 0.657959 0.392414 0.665032 0.392414 0.664659 0.428898 0.664659 0.659467 0.380026 0.659839 0.380026 0.659839 0.310038 0.392786 0.672631 0.392786 0.673004 0.42927 0.673004 0.392414 0.679705 0.392786 0.679705 0.392786 0.673004 0.42927 0.664659 0.428898 0.664659 0.428898 0.657959 0.668421 0.155452 0.668792 0.155452 0.668792 0.22544 0.661347 0.155452 0.661719 0.155452 0.661719 0.22544 0.666912 0.310038 0.66654 0.310038 0.66654 0.380026 0.428898 0.657586 0.428898 0.657959 0.392414 0.657959 0.66654 0.310038 0.66654 0.309666 0.659839 0.309666 0.42927 0.680077 0.42927 0.679705 0.392786 0.679705 0.152094 0.646302 0.152094 0.682785 0.082107 0.682785 0.661719 0.22544 0.661719 0.155452 0.668421 0.155452 0.530105 0.686547 0.530105 0.650064 0.460118 0.650064 0.917116 0.850844 0.917116 0.844143 0.9536 0.844143 0.9536 0.850844 0.9536 0.851216 0.917116 0.851216 0.870472 0.777216 0.870472 0.776844 0.877173 0.776844 0.917116 0.844143 0.917116 0.843771 0.9536 0.843771 0.872352 0.249485 0.872352 0.249857 0.879054 0.249857 0.872352 0.249857 0.87198 0.249857 0.87198 0.319845 0.877173 0.706855 0.877545 0.706855 0.877545 0.776844 0.877173 0.706483 0.877173 0.706855 0.870472 0.706855 0.858816 0.55415 0.859188 0.55415 0.859188 0.590634 0.229575 0.881384 0.229201 0.881384 0.229201 0.917867 0.8701 0.706855 0.870472 0.706855 0.870472 0.776844 0.229201 0.918239 0.229201 0.917867 0.159213 0.917867 0.859188 0.590634 0.859188 0.55415 0.929177 0.55415 0.877173 0.706855 0.877173 0.776844 0.870472 0.776844 0.159213 0.881384 0.159213 0.917867 0.229201 0.917867 0.935923 0.575897 0.935923 0.569196 0.972406 0.569196 0.935923 0.576269 0.935923 0.575897 0.972406 0.575897 0.624106 0.451087 0.624106 0.450714 0.694096 0.450714 0.624106 0.48757 0.623734 0.48757 0.623734 0.451087 0.629376 0.217886 0.629376 0.217514 0.636078 0.217514 0.636078 0.287874 0.636078 0.288246 0.629376 0.288246 0.636078 0.217886 0.63645 0.217886 0.63645 0.287874 0.694096 0.496222 0.694096 0.49585 0.624106 0.49585 0.624106 0.532706 0.624106 0.533078 0.694096 0.533078 0.624106 0.496222 0.623734 0.496222 0.623734 0.532706 0.252797 0.09564399 0.252797 0.09527099 0.246095 0.09527099 0.694096 0.532706 0.694467 0.532706 0.694467 0.496222 0.694096 0.451087 0.694096 0.48757 0.624106 0.48757 0.629376 0.287874 0.629376 0.217886 0.636078 0.217886 0.694096 0.532706 0.694096 0.496222 0.624106 0.496222 0.616212 0.318247 0.616212 0.311546 0.652696 0.311546 0.897578 0.08511 0.897206 0.08511 0.897206 0.04862695 0.840381 0.777216 0.840381 0.776843 0.847083 0.776843 0.548508 0.872731 0.54888 0.872731 0.54888 0.836248 0.836248 0.200588 0.836248 0.20096 0.84295 0.20096 0.897206 0.04825496 0.897206 0.04862695 0.827217 0.04862695 0.847083 0.706855 0.847454 0.706855 0.847454 0.776843 0.847083 0.706483 0.847083 0.706855 0.840381 0.706855 0.826845 0.04862695 0.827217 0.04862695 0.827217 0.08511 0.23632 0.642541 0.23632 0.642913 0.272804 0.642913 0.840009 0.706855 0.840381 0.706855 0.840381 0.776843 0.84295 0.270948 0.843321 0.270948 0.843321 0.20096 0.827217 0.08511 0.827217 0.04862695 0.897206 0.04862695 0.847083 0.706855 0.847083 0.776843 0.840381 0.776843 0.54888 0.836248 0.54888 0.872731 0.61887 0.872731 0.004999995 0.54994 0.004999995 0.543239 0.04148298 0.543239 0.075733 0.385642 0.07536 0.385642 0.07536 0.349159 0.334487 0.075733 0.334487 0.07536 0.341187 0.07536 0.004999995 0.543239 0.004999995 0.542866 0.04148298 0.542866 0.345771 0.1817809 0.345771 0.1821539 0.352471 0.1821539 0.345771 0.1821539 0.345398 0.1821539 0.345398 0.252142 0.341187 0.005371987 0.34156 0.005371987 0.34156 0.07536 0.341187 0.004999995 0.341187 0.005371987 0.334487 0.005371987 0.004999995 0.349159 0.005372941 0.349159 0.005372941 0.385642 0.419519 0.004999995 0.419148 0.004999995 0.419148 0.04148298 0.334114 0.005371987 0.334487 0.005371987 0.334487 0.07536 0.419148 0.04185497 0.419148 0.04148298 0.349159 0.04148298 0.005372941 0.385642 0.005372941 0.349159 0.07536 0.349159 0.341187 0.005371987 0.341187 0.07536 0.334487 0.07536 0.349159 0.004999995 0.349159 0.04148298 0.419148 0.04148298</float_array>
          <technique_common>
            <accessor source="#Mesh19_Group21_Group2_Group1_Model-mesh-map-0-array" count="10260" stride="2">
              <param name="S" type="float"/>
              <param name="T" type="float"/>
            </accessor>
          </technique_common>
        </source>
        <vertices id="Mesh19_Group21_Group2_Group1_Model-mesh-vertices">
          <input semantic="POSITION" source="#Mesh19_Group21_Group2_Group1_Model-mesh-positions"/>
        </vertices>
        <polylist material="FrontColor-material" count="3420">
          <input semantic="VERTEX" source="#Mesh19_Group21_Group2_Group1_Model-mesh-vertices" offset="0"/>
          <input semantic="NORMAL" source="#Mesh19_Group21_Group2_Group1_Model-mesh-normals" offset="1"/>
          <input semantic="TEXCOORD" source="#Mesh19_Group21_Group2_Group1_Model-mesh-map-0" offset="2" set="0"/>
          <vcount>3 3 3 3 3 3 3 3 3 3 3 3 3 3 3 3 3 3 3 3 3 3 3 3 3 3 3 3 3 3 3 3 3 3 3 3 3 3 3 3 3 3 3 3 3 3 3 3 3 3 3 3 3 3 3 3 3 3 3 3 3 3 3 3 3 3 3 3 3 3 3 3 3 3 3 3 3 3 3 3 3 3 3 3 3 3 3 3 3 3 3 3 3 3 3 3 3 3 3 3 3 3 3 3 3 3 3 3 3 3 3 3 3 3 3 3 3 3 3 3 3 3 3 3 3 3 3 3 3 3 3 3 3 3 3 3 3 3 3 3 3 3 3 3 3 3 3 3 3 3 3 3 3 3 3 3 3 3 3 3 3 3 3 3 3 3 3 3 3 3 3 3 3 3 3 3 3 3 3 3 3 3 3 3 3 3 3 3 3 3 3 3 3 3 3 3 3 3 3 3 3 3 3 3 3 3 3 3 3 3 3 3 3 3 3 3 3 3 3 3 3 3 3 3 3 3 3 3 3 3 3 3 3 3 3 3 3 3 3 3 3 3 3 3 3 3 3 3 3 3 3 3 3 3 3 3 3 3 3 3 3 3 3 3 3 3 3 3 3 3 3 3 3 3 3 3 3 3 3 3 3 3 3 3 3 3 3 3 3 3 3 3 3 3 3 3 3 3 3 3 3 3 3 3 3 3 3 3 3 3 3 3 3 3 3 3 3 3 3 3 3 3 3 3 3 3 3 3 3 3 3 3 3 3 3 3 3 3 3 3 3 3 3 3 3 3 3 3 3 3 3 3 3 3 3 3 3 3 3 3 3 3 3 3 3 3 3 3 3 3 3 3 3 3 3 3 3 3 3 3 3 3 3 3 3 3 3 3 3 3 3 3 3 3 3 3 3 3 3 3 3 3 3 3 3 3 3 3 3 3 3 3 3 3 3 3 3 3 3 3 3 3 3 3 3 3 3 3 3 3 3 3 3 3 3 3 3 3 3 3 3 3 3 3 3 3 3 3 3 3 3 3 3 3 3 3 3 3 3 3 3 3 3 3 3 3 3 3 3 3 3 3 3 3 3 3 3 3 3 3 3 3 3 3 3 3 3 3 3 3 3 3 3 3 3 3 3 3 3 3 3 3 3 3 3 3 3 3 3 3 3 3 3 3 3 3 3 3 3 3 3 3 3 3 3 3 3 3 3 3 3 3 3 3 3 3 3 3 3 3 3 3 3 3 3 3 3 3 3 3 3 3 3 3 3 3 3 3 3 3 3 3 3 3 3 3 3 3 3 3 3 3 3 3 3 3 3 3 3 3 3 3 3 3 3 3 3 3 3 3 3 3 3 3 3 3 3 3 3 3 3 3 3 3 3 3 3 3 3 3 3 3 3 3 3 3 3 3 3 3 3 3 3 3 3 3 3 3 3 3 3 3 3 3 3 3 3 3 3 3 3 3 3 3 3 3 3 3 3 3 3 3 3 3 3 3 3 3 3 3 3 3 3 3 3 3 3 3 3 3 3 3 3 3 3 3 3 3 3 3 3 3 3 3 3 3 3 3 3 3 3 3 3 3 3 3 3 3 3 3 3 3 3 3 3 3 3 3 3 3 3 3 3 3 3 3 3 3 3 3 3 3 3 3 3 3 3 3 3 3 3 3 3 3 3 3 3 3 3 3 3 3 3 3 3 3 3 3 3 3 3 3 3 3 3 3 3 3 3 3 3 3 3 3 3 3 3 3 3 3 3 3 3 3 3 3 3 3 3 3 3 3 3 3 3 3 3 3 3 3 3 3 3 3 3 3 3 3 3 3 3 3 3 3 3 3 3 3 3 3 3 3 3 3 3 3 3 3 3 3 3 3 3 3 3 3 3 3 3 3 3 3 3 3 3 3 3 3 3 3 3 3 3 3 3 3 3 3 3 3 3 3 3 3 3 3 3 3 3 3 3 3 3 3 3 3 3 3 3 3 3 3 3 3 3 3 3 3 3 3 3 3 3 3 3 3 3 3 3 3 3 3 3 3 3 3 3 3 3 3 3 3 3 3 3 3 3 3 3 3 3 3 3 3 3 3 3 3 3 3 3 3 3 3 3 3 3 3 3 3 3 3 3 3 3 3 3 3 3 3 3 3 3 3 3 3 3 3 3 3 3 3 3 3 3 3 3 3 3 3 3 3 3 3 3 3 3 3 3 3 3 3 3 3 3 3 3 3 3 3 3 3 3 3 3 3 3 3 3 3 3 3 3 3 3 3 3 3 3 3 3 3 3 3 3 3 3 3 3 3 3 3 3 3 3 3 3 3 3 3 3 3 3 3 3 3 3 3 3 3 3 3 3 3 3 3 3 3 3 3 3 3 3 3 3 3 3 3 3 3 3 3 3 3 3 3 3 3 3 3 3 3 3 3 3 3 3 3 3 3 3 3 3 3 3 3 3 3 3 3 3 3 3 3 3 3 3 3 3 3 3 3 3 3 3 3 3 3 3 3 3 3 3 3 3 3 3 3 3 3 3 3 3 3 3 3 3 3 3 3 3 3 3 3 3 3 3 3 3 3 3 3 3 3 3 3 3 3 3 3 3 3 3 3 3 3 3 3 3 3 3 3 3 3 3 3 3 3 3 3 3 3 3 3 3 3 3 3 3 3 3 3 3 3 3 3 3 3 3 3 3 3 3 3 3 3 3 3 3 3 3 3 3 3 3 3 3 3 3 3 3 3 3 3 3 3 3 3 3 3 3 3 3 3 3 3 3 3 3 3 3 3 3 3 3 3 3 3 3 3 3 3 3 3 3 3 3 3 3 3 3 3 3 3 3 3 3 3 3 3 3 3 3 3 3 3 3 3 3 3 3 3 3 3 3 3 3 3 3 3 3 3 3 3 3 3 3 3 3 3 3 3 3 3 3 3 3 3 3 3 3 3 3 3 3 3 3 3 3 3 3 3 3 3 3 3 3 3 3 3 3 3 3 3 3 3 3 3 3 3 3 3 3 3 3 3 3 3 3 3 3 3 3 3 3 3 3 3 3 3 3 3 3 3 3 3 3 3 3 3 3 3 3 3 3 3 3 3 3 3 3 3 3 3 3 3 3 3 3 3 3 3 3 3 3 3 3 3 3 3 3 3 3 3 3 3 3 3 3 3 3 3 3 3 3 3 3 3 3 3 3 3 3 3 3 3 3 3 3 3 3 3 3 3 3 3 3 3 3 3 3 3 3 3 3 3 3 3 3 3 3 3 3 3 3 3 3 3 3 3 3 3 3 3 3 3 3 3 3 3 3 3 3 3 3 3 3 3 3 3 3 3 3 3 3 3 3 3 3 3 3 3 3 3 3 3 3 3 3 3 3 3 3 3 3 3 3 3 3 3 3 3 3 3 3 3 3 3 3 3 3 3 3 3 3 3 3 3 3 3 3 3 3 3 3 3 3 3 3 3 3 3 3 3 3 3 3 3 3 3 3 3 3 3 3 3 3 3 3 3 3 3 3 3 3 3 3 3 3 3 3 3 3 3 3 3 3 3 3 3 3 3 3 3 3 3 3 3 3 3 3 3 3 3 3 3 3 3 3 3 3 3 3 3 3 3 3 3 3 3 3 3 3 3 3 3 3 3 3 3 3 3 3 3 3 3 3 3 3 3 3 3 3 3 3 3 3 3 3 3 3 3 3 3 3 3 3 3 3 3 3 3 3 3 3 3 3 3 3 3 3 3 3 3 3 3 3 3 3 3 3 3 3 3 3 3 3 3 3 3 3 3 3 3 3 3 3 3 3 3 3 3 3 3 3 3 3 3 3 3 3 3 3 3 3 3 3 3 3 3 3 3 3 3 3 3 3 3 3 3 3 3 3 3 3 3 3 3 3 3 3 3 3 3 3 3 3 3 3 3 3 3 3 3 3 3 3 3 3 3 3 3 3 3 3 3 3 3 3 3 3 3 3 3 3 3 3 3 3 3 3 3 3 3 3 3 3 3 3 3 3 3 3 3 3 3 3 3 3 3 3 3 3 3 3 3 3 3 3 3 3 3 3 3 3 3 3 3 3 3 3 3 3 3 3 3 3 3 3 3 3 3 3 3 3 3 3 3 3 3 3 3 3 3 3 3 3 3 3 3 3 3 3 3 3 3 3 3 3 3 3 3 3 3 3 3 3 3 3 3 3 3 3 3 3 3 3 3 3 3 3 3 3 3 3 3 3 3 3 3 3 3 3 3 3 3 3 3 3 3 3 3 3 3 3 3 3 3 3 3 3 3 3 3 3 3 3 3 3 3 3 3 3 3 3 3 3 3 3 3 3 3 3 3 3 3 3 3 3 3 3 3 3 3 3 3 3 3 3 3 3 3 3 3 3 3 3 3 3 3 3 3 3 3 3 3 3 3 3 3 3 3 3 3 3 3 3 3 3 3 3 3 3 3 3 3 3 3 3 3 3 3 3 3 3 3 3 3 3 3 3 3 3 3 3 3 3 3 3 3 3 3 3 3 3 3 3 3 3 3 3 3 3 3 3 3 3 3 3 3 3 3 3 3 3 3 3 3 3 3 3 3 3 3 3 3 3 3 3 3 3 3 3 3 3 3 3 3 3 3 3 3 3 3 3 3 3 3 3 3 3 3 3 3 3 3 3 3 3 3 3 3 3 3 3 3 3 3 3 3 3 3 3 3 3 3 3 3 3 3 3 3 3 3 3 3 3 3 3 3 3 3 3 3 3 3 3 3 3 3 3 3 3 3 3 3 3 3 3 3 3 3 3 3 3 3 3 3 3 3 3 3 3 3 3 3 3 3 3 3 3 3 3 3 3 3 3 3 3 3 3 3 3 3 3 3 3 3 3 3 3 3 3 3 3 3 3 3 3 3 3 3 3 3 3 3 3 3 3 3 3 3 3 3 3 3 3 3 3 3 3 3 3 3 3 3 3 3 3 3 3 3 3 3 3 3 3 3 3 3 3 3 3 3 3 3 3 3 3 3 3 3 3 3 3 3 3 3 3 3 3 3 3 3 3 3 3 3 3 3 3 3 3 3 3 3 3 3 3 3 3 3 3 3 3 3 3 3 3 3 3 3 3 3 3 3 3 3 3 3 3 3 3 3 3 3 3 3 3 3 3 3 3 3 3 3 3 3 3 3 3 3 3 3 3 3 3 3 3 3 3 3 3 3 3 3 3 3 3 3 3 3 3 3 3 3 3 3 3 3 3 3 3 3 3 3 3 3 3 3 3 3 3 3 3 3 3 3 3 3 3 3 3 3 3 3 3 3 3 3 3 3 3 3 3 3 3 3 3 3 3 3 3 3 3 3 3 3 3 3 3 3 3 3 3 3 3 3 3 3 3 3 3 3 3 3 3 3 3 3 3 3 3 3 3 3 3 3 3 3 3 3 3 3 3 3 3 3 3 3 3 3 3 3 3 3 3 3 3 3 3 3 3 3 3 3 3 3 3 3 3 3 3 3 3 3 3 3 3 3 3 3 3 3 3 3 3 3 3 3 3 3 3 3 3 3 3 3 3 3 3 3 3 3 3 3 3 3 3 3 3 3 3 3 3 3 3 3 3 3 3 3 3 3 3 3 3 3 3 3 3 3 3 3 3 3 3 3 3 3 3 3 3 3 3 3 3 3 3 3 3 3 3 3 3 3 3 3 3 3 3 3 3 3 3 3 3 3 3 3 3 3 3 3 3 3 3 3 3 3 3 3 3 3 3 3 3 3 3 3 3 3 3 3 3 3 3 3 3 3 3 3 3 3 3 3 3 3 3 3 3 3 3 3 3 3 3 3 3 3 3 3 3 3 3 3 3 3 3 3 3 3 3 3 3 3 3 3 3 3 3 3 3 3 3 3 3 3 3 3 3 3 3 3 3 3 3 3 3 3 3 3 3 3 3 3 3 3 3 3 3 3 3 3 3 3 3 3 3 3 3 3 3 3 3 3 3 3 3 3 3 3 3 3 3 3 3 3 3 3 3 3 3 3 3 3 3 3 3 3 3 3 3 3 3 3 3 3 3 3 3 3 3 3 3 3 3 3 3 3 3 3 3 3 3 3 3 3 3 3 3 3 3 3 3 3 3 3 3 3 3 3 3 3 3 3 3 3 3 3 3 3 3 3 3 3 3 3 3 3 3 3 3 3 3 3 3 3 3 3 3 3 3 3 3 3 3 3 3 3 3 3 3 3 3 3 3 3 3 3 3 3 3 3 3 3 3 3 3 3 3 3 3 3 3 3 3 3 3 3 3 3 3 3 3 3 3 3 3 3 3 3 3 3 3 3 3 3 3 3 3 3 3 3 3 3 3 3 3 3 3 3 3 3 3 3 3 3 3 3 3 3 3 3 3 3 3 3 3 3 3 3 3 3 3 3 3 3 3 3 3 3 3 3 3 3 3 3 3 3 3 3 3 3 3 3 3 3 3 3 3 3 3 3 3 3 3 3 3 3 3 3 3 3 3 3 3 3 3 3 3 3 3 3 3 3 3 3 3 3 3 3 3 3 3 3 3 3 3 3 3 3 3 3 3 3 3 3 3 3 3 3 3 3 3 3 3 3 3 3 3 3 3 3 3 3 3 3 3 3 3 3 3 3 3 3 3 3 3 3 3 3 3 3 3 3 3 3 3 3 3 3 3 3 3 3 3 3 3 3 3 3 3 3 3 3 3 3 3 3 3 3 3 3 3 3 3 3 3 3 3 3 3 3 3 3 3 3 3 3 3 3 3 3 3 3 3 3 3 3 3 3 3 3 3 3 3 3 3 3 3 3 3 3 3 3 3 3 3 3 3 3 3 3 3 3 3 3 3 3 3 3 3 3 3 3 3 3 3 3 3 3 3 3 3 3 3 3 3 3 3 3 3 3 3 3 3 3 3 3 3 3 3 3 3 3 3 3 3 3 3 3 3 3 3 3 3 3 3 3 3 3 3 3 3 3 3 3 3 3 3 3 3 3 3 3 3 3 3 3 3 3 3 3 3 3 3 3 3 3 3 3 3 3 3 3 3 3 3 3 3 3 3 3 3 3 3 3 3 3 3 3 3 3 3 3 3 3 3 3 3 3 3 3 3 3 3 3 3 3 3 3 3 3 3 3 3 3 3 3 3 3 3 3 3 3 3 3 3 3 3 3 3 3 3 3 3 3 3 3 3 3 3 3 3 3 3 3 3 3 3 3 3 3 3 3 3 3 3 3 3 3 3 3 3 3 3 3 3 3 3 3 3 3 3 3 3 3 3 3 3 3 3 3 3 3 3 3 3 3 3 3 3 3 3 3 3 3 3 3 3 3 3 3 3 3 3 3 3 3 3 3 3 3 3 3 3 3 3 3 3 3 3 3 3 3 3 3 3 3 3 3 3 3 3 3 3 3 3 3 3 3 3 3 3 3 3 3 3 3 3 3 3 3 3 3 3 3 3 3 3 3 3 3 3 3 3 3 3 3 3 3 3 3 3 3 3 3 3 3 3 3 3 3 3 3 3 3 3 3 3 3 3 3 3 3 3 3 3 3 3 3 3 3 3 3 3 3 3 3 3 3 3 3 3 3 3 3 3 3 3 3 3 3 3 3 3 3 3 3 3 3 3 3 3 3 3 3 3 3 3 3 3 3 3 3 3 3 3 3 3 3 3 3 3 3 3 3 3 3 3 3 3 3 3 3 3 3 3 3 3 3 3 3 3 3 3 3 3 3 3 3 3 3 3 3 3 3 3 3 3 3 3 3 3 3 3 3 3 3 </vcount>
          <p>1 0 0 3 0 1 0 0 2 5 1 3 0 2 4 4 3 5 6 4 6 8 5 7 5 1 8 6 4 9 9 6 10 7 7 11 10 8 12 9 6 13 6 4 14 12 9 15 11 10 16 10 8 17 13 11 18 11 10 19 12 9 20 16 12 21 3 13 22 15 14 23 16 12 24 4 3 25 0 2 26 12 9 27 4 3 28 16 12 29 17 15 30 15 14 31 3 13 32 18 16 33 15 14 34 17 15 35 20 17 36 22 18 37 19 19 38 20 17 39 2 20 40 21 21 41 17 15 42 2 20 43 20 17 44 21 21 45 1 22 46 8 5 47 5 1 48 8 5 49 1 22 50 19 19 51 22 18 52 23 23 53 19 19 54 14 24 55 18 16 56 18 16 57 14 24 58 13 11 59 5 25 60 10 25 61 6 25 62 15 26 63 12 26 64 16 26 65 19 27 66 17 27 67 20 27 68 25 0 69 27 0 70 24 0 71 24 28 72 29 29 73 25 30 74 24 28 75 30 31 76 28 32 77 27 33 78 30 31 79 24 28 80 27 33 81 32 34 82 31 35 83 26 36 84 32 34 85 27 33 86 26 36 87 34 37 88 33 38 89 25 30 90 34 37 91 26 36 92 35 39 93 25 30 94 29 29 95 35 39 96 37 40 97 36 41 98 38 42 99 28 32 100 30 31 101 41 43 102 42 44 103 40 45 104 38 42 105 41 43 106 39 46 107 43 47 108 39 46 109 41 43 110 43 47 111 36 41 112 37 40 113 44 48 114 40 45 115 42 44 116 40 45 117 46 49 118 45 50 119 44 48 120 31 35 121 32 34 122 47 51 123 33 38 124 34 37 125 47 51 126 45 50 127 46 49 128 39 25 129 29 25 130 28 25 131 38 26 132 31 26 133 42 26 134 32 27 135 46 27 136 44 27 137 49 0 138 51 0 139 48 0 140 48 52 141 53 53 142 49 54 143 48 52 144 54 55 145 52 56 146 51 57 147 54 55 148 48 52 149 51 57 150 56 58 151 55 59 152 50 60 153 56 58 154 51 57 155 50 60 156 58 61 157 57 62 158 49 54 159 58 61 160 50 60 161 59 63 162 49 54 163 53 53 164 59 63 165 61 64 166 60 65 167 62 66 168 52 56 169 54 55 170 65 67 171 66 68 172 64 69 173 62 66 174 65 67 175 63 70 176 67 71 177 63 70 178 65 67 179 67 71 180 60 65 181 61 64 182 68 72 183 64 69 184 66 68 185 64 69 186 70 73 187 69 74 188 68 72 189 55 59 190 56 58 191 71 75 192 57 62 193 58 61 194 71 75 195 69 74 196 70 73 197 63 25 198 53 25 199 52 25 200 62 26 201 55 26 202 66 26 203 56 27 204 70 27 205 68 27 206 73 0 207 75 0 208 72 0 209 77 76 210 72 77 211 76 78 212 78 79 213 80 80 214 77 76 215 78 79 216 81 81 217 79 82 218 82 83 219 81 81 220 78 79 221 84 84 222 83 85 223 82 83 224 85 86 225 83 85 226 84 84 227 88 87 228 75 88 229 87 89 230 88 87 231 76 78 232 72 77 233 84 84 234 76 78 235 88 87 236 89 90 237 87 89 238 75 88 239 90 91 240 87 89 241 89 90 242 92 92 243 94 93 244 91 94 245 92 92 246 74 95 247 93 96 248 89 90 249 74 95 250 92 92 251 93 96 252 73 97 253 80 80 254 77 76 255 80 80 256 73 97 257 91 94 258 94 93 259 95 98 260 91 94 261 86 99 262 90 91 263 90 91 264 86 99 265 85 86 266 77 25 267 82 25 268 78 25 269 87 26 270 84 26 271 88 26 272 91 27 273 89 27 274 92 27 275 97 0 276 99 0 277 96 0 278 96 100 279 101 29 280 97 101 281 96 100 282 102 102 283 100 103 284 99 104 285 102 102 286 96 100 287 99 104 288 104 105 289 103 106 290 98 107 291 104 105 292 99 104 293 98 107 294 106 108 295 105 109 296 97 101 297 106 108 298 98 107 299 107 39 300 97 101 301 101 29 302 107 39 303 109 110 304 108 111 305 110 112 306 100 103 307 102 102 308 113 113 309 114 114 310 112 115 311 110 112 312 113 113 313 111 116 314 115 47 315 111 116 316 113 113 317 115 47 318 108 111 319 109 110 320 116 117 321 112 115 322 114 114 323 112 115 324 118 118 325 117 119 326 116 117 327 103 106 328 104 105 329 119 120 330 105 109 331 106 108 332 119 120 333 117 119 334 118 118 335 111 25 336 101 25 337 100 25 338 110 26 339 103 26 340 114 26 341 104 27 342 118 27 343 116 27 344 121 0 345 123 0 346 120 0 347 120 121 348 125 122 349 121 123 350 120 121 351 126 124 352 124 125 353 123 126 354 126 124 355 120 121 356 123 126 357 128 127 358 127 128 359 122 129 360 128 127 361 123 126 362 122 129 363 130 130 364 129 131 365 121 123 366 130 130 367 122 129 368 131 132 369 121 123 370 125 122 371 131 132 372 133 133 373 132 134 374 134 135 375 124 125 376 126 124 377 137 136 378 138 137 379 136 138 380 134 135 381 137 136 382 135 139 383 139 140 384 135 139 385 137 136 386 139 140 387 132 134 388 133 133 389 140 141 390 136 138 391 138 137 392 136 138 393 142 142 394 141 143 395 140 141 396 127 128 397 128 127 398 143 144 399 129 131 400 130 130 401 143 144 402 141 143 403 142 142 404 135 25 405 125 25 406 124 25 407 134 26 408 127 26 409 138 26 410 128 27 411 142 27 412 140 27 413 145 0 414 147 0 415 144 0 416 144 145 417 149 29 418 145 146 419 144 145 420 150 147 421 148 103 422 147 148 423 150 147 424 144 145 425 147 148 426 152 149 427 151 150 428 146 151 429 152 149 430 147 148 431 146 151 432 154 152 433 153 153 434 145 146 435 154 152 436 146 151 437 155 154 438 145 146 439 149 29 440 155 154 441 157 110 442 156 111 443 158 155 444 148 103 445 150 147 446 161 156 447 162 157 448 160 158 449 158 155 450 161 156 451 159 116 452 163 47 453 159 116 454 161 156 455 163 47 456 156 111 457 157 110 458 164 159 459 160 158 460 162 157 461 160 158 462 166 160 463 165 161 464 164 159 465 151 150 466 152 149 467 167 162 468 153 153 469 154 152 470 167 162 471 165 161 472 166 160 473 159 25 474 149 25 475 148 25 476 158 26 477 151 26 478 162 26 479 152 27 480 166 27 481 164 27 482 169 0 483 171 0 484 168 0 485 168 163 486 173 164 487 169 165 488 168 163 489 174 166 490 172 167 491 171 168 492 174 166 493 168 163 494 171 168 495 176 169 496 175 170 497 170 171 498 176 169 499 171 168 500 170 171 501 178 172 502 177 173 503 169 165 504 178 172 505 170 171 506 179 174 507 169 165 508 173 164 509 179 174 510 181 175 511 180 176 512 182 177 513 172 167 514 174 166 515 185 178 516 186 179 517 184 180 518 182 177 519 185 178 520 183 181 521 187 182 522 183 181 523 185 178 524 187 182 525 180 176 526 181 175 527 188 183 528 184 180 529 186 179 530 184 180 531 190 184 532 189 185 533 188 183 534 175 170 535 176 169 536 191 186 537 177 173 538 178 172 539 191 186 540 189 185 541 190 184 542 183 25 543 173 25 544 172 25 545 182 26 546 175 26 547 186 26 548 176 27 549 190 27 550 188 27 551 193 0 552 195 0 553 192 0 554 192 187 555 197 188 556 193 189 557 192 187 558 198 190 559 196 191 560 195 192 561 198 190 562 192 187 563 195 192 564 200 193 565 199 194 566 194 195 567 200 193 568 195 192 569 194 195 570 202 196 571 201 197 572 193 189 573 202 196 574 194 195 575 203 198 576 193 189 577 197 188 578 203 198 579 205 199 580 204 200 581 206 201 582 196 191 583 198 190 584 209 202 585 210 203 586 208 204 587 206 201 588 209 202 589 207 205 590 211 206 591 207 205 592 209 202 593 211 206 594 204 200 595 205 199 596 212 207 597 208 204 598 210 203 599 208 204 600 214 208 601 213 209 602 212 207 603 199 194 604 200 193 605 215 210 606 201 197 607 202 196 608 215 210 609 213 209 610 214 208 611 207 25 612 197 25 613 196 25 614 206 26 615 199 26 616 210 26 617 200 27 618 214 27 619 212 27 620 217 0 621 219 0 622 216 0 623 221 211 624 216 212 625 220 213 626 222 214 627 224 215 628 221 211 629 222 214 630 225 216 631 223 217 632 226 218 633 225 216 634 222 214 635 228 219 636 227 220 637 226 218 638 229 221 639 227 220 640 228 219 641 232 222 642 219 223 643 231 224 644 232 222 645 220 213 646 216 212 647 228 219 648 220 213 649 232 222 650 233 225 651 231 224 652 219 223 653 234 226 654 231 224 655 233 225 656 236 227 657 238 228 658 235 229 659 236 227 660 218 230 661 237 231 662 233 225 663 218 230 664 236 227 665 237 231 666 217 232 667 224 215 668 221 211 669 224 215 670 217 232 671 235 229 672 238 228 673 239 233 674 235 229 675 230 234 676 234 226 677 234 226 678 230 234 679 229 221 680 221 25 681 226 25 682 222 25 683 231 26 684 228 26 685 232 26 686 235 27 687 233 27 688 236 27 689 241 0 690 243 0 691 240 0 692 245 235 693 240 236 694 244 237 695 246 238 696 248 239 697 245 235 698 246 238 699 249 240 700 247 241 701 250 242 702 249 240 703 246 238 704 252 243 705 251 244 706 250 242 707 253 245 708 251 244 709 252 243 710 256 246 711 243 247 712 255 248 713 256 246 714 244 237 715 240 236 716 252 243 717 244 237 718 256 246 719 257 249 720 255 248 721 243 247 722 258 250 723 255 248 724 257 249 725 260 251 726 262 252 727 259 253 728 260 251 729 242 254 730 261 255 731 257 249 732 242 254 733 260 251 734 261 255 735 241 256 736 248 239 737 245 235 738 248 239 739 241 256 740 259 253 741 262 252 742 263 257 743 259 253 744 254 258 745 258 250 746 258 250 747 254 258 748 253 245 749 245 25 750 250 25 751 246 25 752 255 26 753 252 26 754 256 26 755 259 27 756 257 27 757 260 27 758 265 0 759 267 0 760 264 0 761 269 259 762 264 260 763 268 261 764 270 262 765 272 263 766 269 259 767 270 262 768 273 264 769 271 265 770 274 266 771 273 264 772 270 262 773 276 267 774 275 268 775 274 266 776 277 269 777 275 268 778 276 267 779 280 270 780 267 271 781 279 272 782 280 270 783 268 261 784 264 260 785 276 267 786 268 261 787 280 270 788 281 273 789 279 272 790 267 271 791 282 274 792 279 272 793 281 273 794 284 275 795 286 276 796 283 277 797 284 275 798 266 278 799 285 279 800 281 273 801 266 278 802 284 275 803 285 279 804 265 280 805 272 263 806 269 259 807 272 263 808 265 280 809 283 277 810 286 276 811 287 281 812 283 277 813 278 282 814 282 274 815 282 274 816 278 282 817 277 269 818 269 25 819 274 25 820 270 25 821 279 26 822 276 26 823 280 26 824 283 27 825 281 27 826 284 27 827 289 0 828 291 0 829 288 0 830 288 283 831 293 284 832 289 285 833 288 283 834 294 286 835 292 287 836 291 288 837 294 286 838 288 283 839 291 288 840 296 289 841 295 290 842 290 291 843 296 289 844 291 288 845 290 291 846 298 292 847 297 293 848 289 285 849 298 292 850 290 291 851 299 294 852 289 285 853 293 284 854 299 294 855 301 295 856 300 296 857 302 297 858 292 287 859 294 286 860 305 298 861 306 299 862 304 300 863 302 297 864 305 298 865 303 301 866 307 302 867 303 301 868 305 298 869 307 302 870 300 296 871 301 295 872 308 303 873 304 300 874 306 299 875 304 300 876 310 304 877 309 305 878 308 303 879 295 290 880 296 289 881 311 306 882 297 293 883 298 292 884 311 306 885 309 305 886 310 304 887 303 25 888 293 25 889 292 25 890 302 26 891 295 26 892 306 26 893 296 27 894 310 27 895 308 27 896 313 0 897 315 0 898 312 0 899 312 307 900 317 308 901 313 309 902 312 307 903 318 310 904 316 311 905 315 312 906 318 310 907 312 307 908 315 312 909 320 313 910 319 314 911 314 315 912 320 313 913 315 312 914 314 315 915 322 316 916 321 317 917 313 309 918 322 316 919 314 315 920 323 318 921 313 309 922 317 308 923 323 318 924 325 319 925 324 320 926 326 321 927 316 311 928 318 310 929 329 322 930 330 323 931 328 324 932 326 321 933 329 322 934 327 325 935 331 326 936 327 325 937 329 322 938 331 326 939 324 320 940 325 319 941 332 327 942 328 324 943 330 323 944 328 324 945 334 328 946 333 329 947 332 327 948 319 314 949 320 313 950 335 330 951 321 317 952 322 316 953 335 330 954 333 329 955 334 328 956 327 25 957 317 25 958 316 25 959 326 26 960 319 26 961 330 26 962 320 27 963 334 27 964 332 27 965 337 0 966 339 0 967 336 0 968 341 331 969 336 332 970 340 333 971 342 334 972 344 5 973 341 331 974 342 334 975 345 335 976 343 7 977 346 336 978 345 335 979 342 334 980 348 9 981 347 10 982 346 336 983 349 11 984 347 10 985 348 9 986 352 12 987 339 13 988 351 14 989 352 12 990 340 333 991 336 332 992 348 9 993 340 333 994 352 12 995 353 15 996 351 14 997 339 13 998 354 16 999 351 14 1000 353 15 1001 356 17 1002 358 18 1003 355 19 1004 356 17 1005 338 20 1006 357 21 1007 353 15 1008 338 20 1009 356 17 1010 357 21 1011 337 22 1012 344 5 1013 341 331 1014 344 5 1015 337 22 1016 355 19 1017 358 18 1018 359 23 1019 355 19 1020 350 24 1021 354 16 1022 354 16 1023 350 24 1024 349 11 1025 341 25 1026 346 25 1027 342 25 1028 351 26 1029 348 26 1030 352 26 1031 355 27 1032 353 27 1033 356 27 1034 361 0 1035 363 0 1036 360 0 1037 365 337 1038 360 338 1039 364 339 1040 366 340 1041 368 341 1042 365 337 1043 366 340 1044 369 342 1045 367 343 1046 370 344 1047 369 342 1048 366 340 1049 372 345 1050 371 346 1051 370 344 1052 373 347 1053 371 346 1054 372 345 1055 376 348 1056 363 349 1057 375 350 1058 376 348 1059 364 339 1060 360 338 1061 372 345 1062 364 339 1063 376 348 1064 377 351 1065 375 350 1066 363 349 1067 378 352 1068 375 350 1069 377 351 1070 380 353 1071 382 354 1072 379 355 1073 380 353 1074 362 356 1075 381 357 1076 377 351 1077 362 356 1078 380 353 1079 381 357 1080 361 358 1081 368 341 1082 365 337 1083 368 341 1084 361 358 1085 379 355 1086 382 354 1087 383 359 1088 379 355 1089 374 360 1090 378 352 1091 378 352 1092 374 360 1093 373 347 1094 365 25 1095 370 25 1096 366 25 1097 375 26 1098 372 26 1099 376 26 1100 379 27 1101 377 27 1102 380 27 1103 385 0 1104 387 0 1105 384 0 1106 384 361 1107 389 362 1108 385 363 1109 384 361 1110 390 364 1111 388 365 1112 387 366 1113 390 364 1114 384 361 1115 387 366 1116 392 367 1117 391 368 1118 386 369 1119 392 367 1120 387 366 1121 386 369 1122 394 370 1123 393 371 1124 385 363 1125 394 370 1126 386 369 1127 395 372 1128 385 363 1129 389 362 1130 395 372 1131 397 373 1132 396 374 1133 398 375 1134 388 365 1135 390 364 1136 401 376 1137 402 377 1138 400 378 1139 398 375 1140 401 376 1141 399 379 1142 403 380 1143 399 379 1144 401 376 1145 403 380 1146 396 374 1147 397 373 1148 404 381 1149 400 378 1150 402 377 1151 400 378 1152 406 382 1153 405 383 1154 404 381 1155 391 368 1156 392 367 1157 407 384 1158 393 371 1159 394 370 1160 407 384 1161 405 383 1162 406 382 1163 399 25 1164 389 25 1165 388 25 1166 398 26 1167 391 26 1168 402 26 1169 392 27 1170 406 27 1171 404 27 1172 409 0 1173 411 0 1174 408 0 1175 408 385 1176 413 386 1177 409 387 1178 408 385 1179 414 388 1180 412 389 1181 411 390 1182 414 388 1183 408 385 1184 411 390 1185 416 391 1186 415 392 1187 410 393 1188 416 391 1189 411 390 1190 410 393 1191 418 394 1192 417 395 1193 409 387 1194 418 394 1195 410 393 1196 419 396 1197 409 387 1198 413 386 1199 419 396 1200 421 397 1201 420 398 1202 422 399 1203 412 389 1204 414 388 1205 425 400 1206 426 401 1207 424 402 1208 422 399 1209 425 400 1210 423 403 1211 427 404 1212 423 403 1213 425 400 1214 427 404 1215 420 398 1216 421 397 1217 428 405 1218 424 402 1219 426 401 1220 424 402 1221 430 406 1222 429 329 1223 428 405 1224 415 392 1225 416 391 1226 431 330 1227 417 395 1228 418 394 1229 431 330 1230 429 329 1231 430 406 1232 423 25 1233 413 25 1234 412 25 1235 422 26 1236 415 26 1237 426 26 1238 416 27 1239 430 27 1240 428 27 1241 433 0 1242 435 0 1243 432 0 1244 432 407 1245 437 408 1246 433 409 1247 432 407 1248 438 410 1249 436 411 1250 435 412 1251 438 410 1252 432 407 1253 435 412 1254 440 413 1255 439 414 1256 434 415 1257 440 413 1258 435 412 1259 434 415 1260 442 416 1261 441 417 1262 433 409 1263 442 416 1264 434 415 1265 443 418 1266 433 409 1267 437 408 1268 443 418 1269 445 419 1270 444 420 1271 446 421 1272 436 411 1273 438 410 1274 449 422 1275 450 423 1276 448 424 1277 446 421 1278 449 422 1279 447 425 1280 451 426 1281 447 425 1282 449 422 1283 451 426 1284 444 420 1285 445 419 1286 452 427 1287 448 424 1288 450 423 1289 448 424 1290 454 428 1291 453 429 1292 452 427 1293 439 414 1294 440 413 1295 455 430 1296 441 417 1297 442 416 1298 455 430 1299 453 429 1300 454 428 1301 447 25 1302 437 25 1303 436 25 1304 446 26 1305 439 26 1306 450 26 1307 440 27 1308 454 27 1309 452 27 1310 457 0 1311 459 0 1312 456 0 1313 456 431 1314 461 432 1315 457 433 1316 456 431 1317 462 434 1318 460 435 1319 459 436 1320 462 434 1321 456 431 1322 459 436 1323 464 437 1324 463 438 1325 458 439 1326 464 437 1327 459 436 1328 458 439 1329 466 440 1330 465 441 1331 457 433 1332 466 440 1333 458 439 1334 467 442 1335 457 433 1336 461 432 1337 467 442 1338 469 443 1339 468 320 1340 470 444 1341 460 435 1342 462 434 1343 473 445 1344 474 446 1345 472 447 1346 470 444 1347 473 445 1348 471 448 1349 475 449 1350 471 448 1351 473 445 1352 475 449 1353 468 320 1354 469 443 1355 476 450 1356 472 447 1357 474 446 1358 472 447 1359 478 451 1360 477 452 1361 476 450 1362 463 438 1363 464 437 1364 479 453 1365 465 441 1366 466 440 1367 479 453 1368 477 452 1369 478 451 1370 471 25 1371 461 25 1372 460 25 1373 470 26 1374 463 26 1375 474 26 1376 464 27 1377 478 27 1378 476 27 1379 481 0 1380 483 0 1381 480 0 1382 480 454 1383 485 455 1384 481 456 1385 480 454 1386 486 457 1387 484 458 1388 483 459 1389 486 457 1390 480 454 1391 483 459 1392 488 313 1393 487 128 1394 482 460 1395 488 313 1396 483 459 1397 482 460 1398 490 461 1399 489 462 1400 481 456 1401 490 461 1402 482 460 1403 491 463 1404 481 456 1405 485 455 1406 491 463 1407 493 464 1408 492 465 1409 494 466 1410 484 458 1411 486 457 1412 497 467 1413 498 137 1414 496 468 1415 494 466 1416 497 467 1417 495 469 1418 499 470 1419 495 469 1420 497 467 1421 499 470 1422 492 465 1423 493 464 1424 500 471 1425 496 468 1426 498 137 1427 496 468 1428 502 472 1429 501 473 1430 500 471 1431 487 128 1432 488 313 1433 503 144 1434 489 462 1435 490 461 1436 503 144 1437 501 473 1438 502 472 1439 495 25 1440 485 25 1441 484 25 1442 494 26 1443 487 26 1444 498 26 1445 488 27 1446 502 27 1447 500 27 1448 505 0 1449 507 0 1450 504 0 1451 504 474 1452 509 475 1453 505 476 1454 504 474 1455 510 477 1456 508 478 1457 507 479 1458 510 477 1459 504 474 1460 507 479 1461 512 480 1462 511 481 1463 506 482 1464 512 480 1465 507 479 1466 506 482 1467 514 108 1468 513 109 1469 505 476 1470 514 108 1471 506 482 1472 515 483 1473 505 476 1474 509 475 1475 515 483 1476 517 484 1477 516 485 1478 518 486 1479 508 478 1480 510 477 1481 521 487 1482 522 488 1483 520 489 1484 518 486 1485 521 487 1486 519 490 1487 523 491 1488 519 490 1489 521 487 1490 523 491 1491 516 485 1492 517 484 1493 524 492 1494 520 489 1495 522 488 1496 520 489 1497 526 493 1498 525 494 1499 524 492 1500 511 481 1501 512 480 1502 527 495 1503 513 109 1504 514 108 1505 527 495 1506 525 494 1507 526 493 1508 519 25 1509 509 25 1510 508 25 1511 518 26 1512 511 26 1513 522 26 1514 512 27 1515 526 27 1516 524 27 1517 529 0 1518 531 0 1519 528 0 1520 528 496 1521 533 497 1522 529 498 1523 528 496 1524 534 499 1525 532 500 1526 531 501 1527 534 499 1528 528 496 1529 531 501 1530 536 502 1531 535 59 1532 530 503 1533 536 502 1534 531 501 1535 530 503 1536 538 504 1537 537 505 1538 529 498 1539 538 504 1540 530 503 1541 539 506 1542 529 498 1543 533 497 1544 539 506 1545 541 507 1546 540 508 1547 542 509 1548 532 500 1549 534 499 1550 545 510 1551 546 511 1552 544 512 1553 542 509 1554 545 510 1555 543 513 1556 547 514 1557 543 513 1558 545 510 1559 547 514 1560 540 508 1561 541 507 1562 548 515 1563 544 512 1564 546 511 1565 544 512 1566 550 516 1567 549 517 1568 548 515 1569 535 59 1570 536 502 1571 551 518 1572 537 505 1573 538 504 1574 551 518 1575 549 517 1576 550 516 1577 543 25 1578 533 25 1579 532 25 1580 542 26 1581 535 26 1582 546 26 1583 536 27 1584 550 27 1585 548 27 1586 553 0 1587 555 0 1588 552 0 1589 552 519 1590 557 520 1591 553 521 1592 552 519 1593 558 522 1594 556 523 1595 555 524 1596 558 522 1597 552 519 1598 555 524 1599 560 525 1600 559 526 1601 554 527 1602 560 525 1603 555 524 1604 554 527 1605 562 528 1606 561 529 1607 553 521 1608 562 528 1609 554 527 1610 563 530 1611 553 521 1612 557 520 1613 563 530 1614 565 531 1615 564 532 1616 566 533 1617 556 523 1618 558 522 1619 569 534 1620 570 535 1621 568 536 1622 566 533 1623 569 534 1624 567 537 1625 571 538 1626 567 537 1627 569 534 1628 571 538 1629 564 532 1630 565 531 1631 572 539 1632 568 536 1633 570 535 1634 568 536 1635 574 540 1636 573 541 1637 572 539 1638 559 526 1639 560 525 1640 575 542 1641 561 529 1642 562 528 1643 575 542 1644 573 541 1645 574 540 1646 567 25 1647 557 25 1648 556 25 1649 566 26 1650 559 26 1651 570 26 1652 560 27 1653 574 27 1654 572 27 1655 577 0 1656 579 0 1657 576 0 1658 576 543 1659 581 544 1660 577 545 1661 576 543 1662 582 546 1663 580 547 1664 579 548 1665 582 546 1666 576 543 1667 579 548 1668 584 549 1669 583 550 1670 578 551 1671 584 549 1672 579 548 1673 578 551 1674 586 552 1675 585 553 1676 577 545 1677 586 552 1678 578 551 1679 587 554 1680 577 545 1681 581 544 1682 587 554 1683 589 555 1684 588 556 1685 590 557 1686 580 547 1687 582 546 1688 593 558 1689 594 559 1690 592 560 1691 590 557 1692 593 558 1693 591 561 1694 595 562 1695 591 561 1696 593 558 1697 595 562 1698 588 556 1699 589 555 1700 596 563 1701 592 560 1702 594 559 1703 592 560 1704 598 564 1705 597 565 1706 596 563 1707 583 550 1708 584 549 1709 599 566 1710 585 553 1711 586 552 1712 599 566 1713 597 565 1714 598 564 1715 591 25 1716 581 25 1717 580 25 1718 590 26 1719 583 26 1720 594 26 1721 584 27 1722 598 27 1723 596 27 1724 601 0 1725 603 0 1726 600 0 1727 605 567 1728 600 568 1729 604 569 1730 606 570 1731 608 571 1732 605 567 1733 606 570 1734 609 572 1735 607 573 1736 610 574 1737 609 572 1738 606 570 1739 612 575 1740 611 576 1741 610 574 1742 613 577 1743 611 576 1744 612 575 1745 616 578 1746 603 579 1747 615 580 1748 616 578 1749 604 569 1750 600 568 1751 612 575 1752 604 569 1753 616 578 1754 617 581 1755 615 580 1756 603 579 1757 618 582 1758 615 580 1759 617 581 1760 620 583 1761 622 584 1762 619 585 1763 620 583 1764 602 586 1765 621 587 1766 617 581 1767 602 586 1768 620 583 1769 621 587 1770 601 588 1771 608 571 1772 605 567 1773 608 571 1774 601 588 1775 619 585 1776 622 584 1777 623 589 1778 619 585 1779 614 590 1780 618 582 1781 618 582 1782 614 590 1783 613 577 1784 605 25 1785 610 25 1786 606 25 1787 615 26 1788 612 26 1789 616 26 1790 619 27 1791 617 27 1792 620 27 1793 625 0 1794 627 0 1795 624 0 1796 629 591 1797 624 592 1798 628 593 1799 630 594 1800 632 595 1801 629 591 1802 630 594 1803 633 596 1804 631 597 1805 634 598 1806 633 596 1807 630 594 1808 636 599 1809 635 600 1810 634 598 1811 637 601 1812 635 600 1813 636 599 1814 640 602 1815 627 603 1816 639 604 1817 640 602 1818 628 593 1819 624 592 1820 636 599 1821 628 593 1822 640 602 1823 641 605 1824 639 604 1825 627 603 1826 642 606 1827 639 604 1828 641 605 1829 644 607 1830 646 608 1831 643 609 1832 644 607 1833 626 610 1834 645 611 1835 641 605 1836 626 610 1837 644 607 1838 645 611 1839 625 612 1840 632 595 1841 629 591 1842 632 595 1843 625 612 1844 643 609 1845 646 608 1846 647 613 1847 643 609 1848 638 614 1849 642 606 1850 642 606 1851 638 614 1852 637 601 1853 629 25 1854 634 25 1855 630 25 1856 639 26 1857 636 26 1858 640 26 1859 643 27 1860 641 27 1861 644 27 1862 649 0 1863 651 0 1864 648 0 1865 653 615 1866 648 616 1867 652 617 1868 654 618 1869 656 619 1870 653 615 1871 654 618 1872 657 620 1873 655 621 1874 658 622 1875 657 620 1876 654 618 1877 660 623 1878 659 624 1879 658 622 1880 661 625 1881 659 624 1882 660 623 1883 664 626 1884 651 627 1885 663 628 1886 664 626 1887 652 617 1888 648 616 1889 660 623 1890 652 617 1891 664 626 1892 665 629 1893 663 628 1894 651 627 1895 666 630 1896 663 628 1897 665 629 1898 668 631 1899 670 632 1900 667 633 1901 668 631 1902 650 634 1903 669 635 1904 665 629 1905 650 634 1906 668 631 1907 669 635 1908 649 636 1909 656 619 1910 653 615 1911 656 619 1912 649 636 1913 667 633 1914 670 632 1915 671 637 1916 667 633 1917 662 638 1918 666 630 1919 666 630 1920 662 638 1921 661 625 1922 653 25 1923 658 25 1924 654 25 1925 663 26 1926 660 26 1927 664 26 1928 667 27 1929 665 27 1930 668 27 1931 673 0 1932 675 0 1933 672 0 1934 677 639 1935 672 640 1936 676 641 1937 678 642 1938 680 643 1939 677 639 1940 678 642 1941 681 644 1942 679 645 1943 682 646 1944 681 644 1945 678 642 1946 684 647 1947 683 648 1948 682 646 1949 685 649 1950 683 648 1951 684 647 1952 688 650 1953 675 651 1954 687 652 1955 688 650 1956 676 641 1957 672 640 1958 684 647 1959 676 641 1960 688 650 1961 689 653 1962 687 652 1963 675 651 1964 690 654 1965 687 652 1966 689 653 1967 692 655 1968 694 656 1969 691 657 1970 692 655 1971 674 658 1972 693 659 1973 689 653 1974 674 658 1975 692 655 1976 693 659 1977 673 660 1978 680 643 1979 677 639 1980 680 643 1981 673 660 1982 691 657 1983 694 656 1984 695 661 1985 691 657 1986 686 662 1987 690 654 1988 690 654 1989 686 662 1990 685 649 1991 677 25 1992 682 25 1993 678 25 1994 687 26 1995 684 26 1996 688 26 1997 691 27 1998 689 27 1999 692 27 2000 697 0 2001 699 0 2002 696 0 2003 696 663 2004 701 664 2005 697 665 2006 696 663 2007 702 666 2008 700 667 2009 699 668 2010 702 666 2011 696 663 2012 699 668 2013 704 669 2014 703 670 2015 698 671 2016 704 669 2017 699 668 2018 698 671 2019 706 672 2020 705 673 2021 697 665 2022 706 672 2023 698 671 2024 707 674 2025 697 665 2026 701 664 2027 707 674 2028 709 675 2029 708 676 2030 710 677 2031 700 667 2032 702 666 2033 713 678 2034 714 679 2035 712 680 2036 710 677 2037 713 678 2038 711 681 2039 715 682 2040 711 681 2041 713 678 2042 715 682 2043 708 676 2044 709 675 2045 716 683 2046 712 680 2047 714 679 2048 712 680 2049 718 684 2050 717 685 2051 716 683 2052 703 670 2053 704 669 2054 719 686 2055 705 673 2056 706 672 2057 719 686 2058 717 685 2059 718 684 2060 711 25 2061 701 25 2062 700 25 2063 710 26 2064 703 26 2065 714 26 2066 704 27 2067 718 27 2068 716 27 2069 721 0 2070 723 0 2071 720 0 2072 720 687 2073 725 688 2074 721 689 2075 720 687 2076 726 690 2077 724 691 2078 723 692 2079 726 690 2080 720 687 2081 723 692 2082 728 693 2083 727 694 2084 722 695 2085 728 693 2086 723 692 2087 722 695 2088 730 696 2089 729 697 2090 721 689 2091 730 696 2092 722 695 2093 731 698 2094 721 689 2095 725 688 2096 731 698 2097 733 699 2098 732 700 2099 734 701 2100 724 691 2101 726 690 2102 737 702 2103 738 703 2104 736 704 2105 734 701 2106 737 702 2107 735 705 2108 739 706 2109 735 705 2110 737 702 2111 739 706 2112 732 700 2113 733 699 2114 740 707 2115 736 704 2116 738 703 2117 736 704 2118 742 708 2119 741 709 2120 740 707 2121 727 694 2122 728 693 2123 743 710 2124 729 697 2125 730 696 2126 743 710 2127 741 709 2128 742 708 2129 735 25 2130 725 25 2131 724 25 2132 734 26 2133 727 26 2134 738 26 2135 728 27 2136 742 27 2137 740 27 2138 745 0 2139 747 0 2140 744 0 2141 749 615 2142 744 711 2143 748 712 2144 750 618 2145 752 619 2146 749 615 2147 750 618 2148 753 620 2149 751 621 2150 754 713 2151 753 620 2152 750 618 2153 756 714 2154 755 715 2155 754 713 2156 757 716 2157 755 715 2158 756 714 2159 760 717 2160 747 718 2161 759 719 2162 760 717 2163 748 712 2164 744 711 2165 756 714 2166 748 712 2167 760 717 2168 761 720 2169 759 719 2170 747 718 2171 762 721 2172 759 719 2173 761 720 2174 764 722 2175 766 723 2176 763 724 2177 764 722 2178 746 725 2179 765 726 2180 761 720 2181 746 725 2182 764 722 2183 765 726 2184 745 636 2185 752 619 2186 749 615 2187 752 619 2188 745 636 2189 763 724 2190 766 723 2191 767 233 2192 763 724 2193 758 727 2194 762 721 2195 762 721 2196 758 727 2197 757 716 2198 749 25 2199 754 25 2200 750 25 2201 759 26 2202 756 26 2203 760 26 2204 763 27 2205 761 27 2206 764 27 2207 769 0 2208 771 0 2209 768 0 2210 773 728 2211 768 729 2212 772 730 2213 774 731 2214 776 732 2215 773 728 2216 774 731 2217 777 733 2218 775 217 2219 778 734 2220 777 733 2221 774 731 2222 780 735 2223 779 736 2224 778 734 2225 781 737 2226 779 736 2227 780 735 2228 784 738 2229 771 739 2230 783 740 2231 784 738 2232 772 730 2233 768 729 2234 780 735 2235 772 730 2236 784 738 2237 785 741 2238 783 740 2239 771 739 2240 786 742 2241 783 740 2242 785 741 2243 788 743 2244 790 744 2245 787 19 2246 788 743 2247 770 20 2248 789 745 2249 785 741 2250 770 20 2251 788 743 2252 789 745 2253 769 746 2254 776 732 2255 773 728 2256 776 732 2257 769 746 2258 787 19 2259 790 744 2260 791 23 2261 787 19 2262 782 747 2263 786 742 2264 786 742 2265 782 747 2266 781 737 2267 773 25 2268 778 25 2269 774 25 2270 783 26 2271 780 26 2272 784 26 2273 787 27 2274 785 27 2275 788 27 2276 793 0 2277 795 0 2278 792 0 2279 797 748 2280 792 749 2281 796 750 2282 798 751 2283 800 752 2284 797 748 2285 798 751 2286 801 753 2287 799 265 2288 802 754 2289 801 753 2290 798 751 2291 804 755 2292 803 756 2293 802 754 2294 805 757 2295 803 756 2296 804 755 2297 808 270 2298 795 758 2299 807 759 2300 808 270 2301 796 750 2302 792 749 2303 804 755 2304 796 750 2305 808 270 2306 809 760 2307 807 759 2308 795 758 2309 810 761 2310 807 759 2311 809 760 2312 812 762 2313 814 763 2314 811 764 2315 812 762 2316 794 765 2317 813 766 2318 809 760 2319 794 765 2320 812 762 2321 813 766 2322 793 767 2323 800 752 2324 797 748 2325 800 752 2326 793 767 2327 811 764 2328 814 763 2329 815 768 2330 811 764 2331 806 769 2332 810 761 2333 810 761 2334 806 769 2335 805 757 2336 797 25 2337 802 25 2338 798 25 2339 807 26 2340 804 26 2341 808 26 2342 811 27 2343 809 27 2344 812 27 2345 817 0 2346 819 0 2347 816 0 2348 816 770 2349 821 771 2350 817 772 2351 816 770 2352 822 773 2353 820 774 2354 819 775 2355 822 773 2356 816 770 2357 819 775 2358 824 776 2359 823 777 2360 818 778 2361 824 776 2362 819 775 2363 818 778 2364 826 779 2365 825 780 2366 817 772 2367 826 779 2368 818 778 2369 827 781 2370 817 772 2371 821 771 2372 827 781 2373 829 782 2374 828 783 2375 830 784 2376 820 774 2377 822 773 2378 833 785 2379 834 786 2380 832 787 2381 830 784 2382 833 785 2383 831 788 2384 835 789 2385 831 788 2386 833 785 2387 835 789 2388 828 783 2389 829 782 2390 836 790 2391 832 787 2392 834 786 2393 832 787 2394 838 791 2395 837 792 2396 836 790 2397 823 777 2398 824 776 2399 839 793 2400 825 780 2401 826 779 2402 839 793 2403 837 792 2404 838 791 2405 831 25 2406 821 25 2407 820 25 2408 830 26 2409 823 26 2410 834 26 2411 824 27 2412 838 27 2413 836 27 2414 841 0 2415 843 0 2416 840 0 2417 845 794 2418 840 795 2419 844 796 2420 846 797 2421 848 798 2422 845 794 2423 846 797 2424 849 799 2425 847 800 2426 850 801 2427 849 799 2428 846 797 2429 852 802 2430 851 803 2431 850 801 2432 853 221 2433 851 803 2434 852 802 2435 856 804 2436 843 805 2437 855 224 2438 856 804 2439 844 796 2440 840 795 2441 852 802 2442 844 796 2443 856 804 2444 857 806 2445 855 224 2446 843 805 2447 858 807 2448 855 224 2449 857 806 2450 860 808 2451 862 809 2452 859 810 2453 860 808 2454 842 811 2455 861 812 2456 857 806 2457 842 811 2458 860 808 2459 861 812 2460 841 813 2461 848 798 2462 845 794 2463 848 798 2464 841 813 2465 859 810 2466 862 809 2467 863 814 2468 859 810 2469 854 815 2470 858 807 2471 858 807 2472 854 815 2473 853 221 2474 845 25 2475 850 25 2476 846 25 2477 855 26 2478 852 26 2479 856 26 2480 859 27 2481 857 27 2482 860 27 2483 865 0 2484 867 0 2485 864 0 2486 869 816 2487 864 817 2488 868 818 2489 870 819 2490 872 820 2491 869 816 2492 870 819 2493 873 821 2494 871 822 2495 874 823 2496 873 821 2497 870 819 2498 876 824 2499 875 825 2500 874 823 2501 877 826 2502 875 825 2503 876 824 2504 880 827 2505 867 828 2506 879 829 2507 880 827 2508 868 818 2509 864 817 2510 876 824 2511 868 818 2512 880 827 2513 881 830 2514 879 829 2515 867 828 2516 882 831 2517 879 829 2518 881 830 2519 884 832 2520 886 833 2521 883 834 2522 884 832 2523 866 835 2524 885 836 2525 881 830 2526 866 835 2527 884 832 2528 885 836 2529 865 837 2530 872 820 2531 869 816 2532 872 820 2533 865 837 2534 883 834 2535 886 833 2536 887 838 2537 883 834 2538 878 839 2539 882 831 2540 882 831 2541 878 839 2542 877 826 2543 869 25 2544 874 25 2545 870 25 2546 879 26 2547 876 26 2548 880 26 2549 883 27 2550 881 27 2551 884 27 2552 889 0 2553 891 0 2554 888 0 2555 893 840 2556 888 841 2557 892 842 2558 894 618 2559 896 5 2560 893 840 2561 894 618 2562 897 620 2563 895 7 2564 898 843 2565 897 620 2566 894 618 2567 900 9 2568 899 844 2569 898 843 2570 901 845 2571 899 844 2572 900 9 2573 904 12 2574 891 846 2575 903 847 2576 904 12 2577 892 842 2578 888 841 2579 900 9 2580 892 842 2581 904 12 2582 905 848 2583 903 847 2584 891 846 2585 906 849 2586 903 847 2587 905 848 2588 908 850 2589 910 851 2590 907 852 2591 908 850 2592 890 853 2593 909 854 2594 905 848 2595 890 853 2596 908 850 2597 909 854 2598 889 855 2599 896 5 2600 893 840 2601 896 5 2602 889 855 2603 907 852 2604 910 851 2605 911 856 2606 907 852 2607 902 857 2608 906 849 2609 906 849 2610 902 857 2611 901 845 2612 893 25 2613 898 25 2614 894 25 2615 903 26 2616 900 26 2617 904 26 2618 907 27 2619 905 27 2620 908 27 2621 913 0 2622 915 0 2623 912 0 2624 917 858 2625 912 859 2626 916 860 2627 918 861 2628 920 862 2629 917 858 2630 918 861 2631 921 863 2632 919 864 2633 922 865 2634 921 863 2635 918 861 2636 924 866 2637 923 867 2638 922 865 2639 925 868 2640 923 867 2641 924 866 2642 928 869 2643 915 870 2644 927 871 2645 928 869 2646 916 860 2647 912 859 2648 924 866 2649 916 860 2650 928 869 2651 929 872 2652 927 871 2653 915 870 2654 930 873 2655 927 871 2656 929 872 2657 932 874 2658 934 875 2659 931 876 2660 932 874 2661 914 877 2662 933 878 2663 929 872 2664 914 877 2665 932 874 2666 933 878 2667 913 879 2668 920 862 2669 917 858 2670 920 862 2671 913 879 2672 931 876 2673 934 875 2674 935 880 2675 931 876 2676 926 881 2677 930 873 2678 930 873 2679 926 881 2680 925 868 2681 917 25 2682 922 25 2683 918 25 2684 927 26 2685 924 26 2686 928 26 2687 931 27 2688 929 27 2689 932 27 2690 937 0 2691 939 0 2692 936 0 2693 936 882 2694 941 883 2695 937 884 2696 936 882 2697 942 885 2698 940 886 2699 939 887 2700 942 885 2701 936 882 2702 939 887 2703 944 888 2704 943 889 2705 938 890 2706 944 888 2707 939 887 2708 938 890 2709 946 891 2710 945 892 2711 937 884 2712 946 891 2713 938 890 2714 947 893 2715 937 884 2716 941 883 2717 947 893 2718 949 894 2719 948 895 2720 950 896 2721 940 886 2722 942 885 2723 953 897 2724 954 898 2725 952 899 2726 950 896 2727 953 897 2728 951 900 2729 955 901 2730 951 900 2731 953 897 2732 955 901 2733 948 895 2734 949 894 2735 956 902 2736 952 899 2737 954 898 2738 952 899 2739 958 903 2740 957 904 2741 956 902 2742 943 889 2743 944 888 2744 959 905 2745 945 892 2746 946 891 2747 959 905 2748 957 904 2749 958 903 2750 951 25 2751 941 25 2752 940 25 2753 950 26 2754 943 26 2755 954 26 2756 944 27 2757 958 27 2758 956 27 2759 961 0 2760 963 0 2761 960 0 2762 965 906 2763 960 907 2764 964 908 2765 966 909 2766 968 571 2767 965 906 2768 966 909 2769 969 910 2770 967 573 2771 970 911 2772 969 910 2773 966 909 2774 972 912 2775 971 913 2776 970 911 2777 973 914 2778 971 913 2779 972 912 2780 976 915 2781 963 916 2782 975 917 2783 976 915 2784 964 908 2785 960 907 2786 972 912 2787 964 908 2788 976 915 2789 977 918 2790 975 917 2791 963 916 2792 978 654 2793 975 917 2794 977 918 2795 980 919 2796 982 920 2797 979 921 2798 980 919 2799 962 922 2800 981 923 2801 977 918 2802 962 922 2803 980 919 2804 981 923 2805 961 924 2806 968 571 2807 965 906 2808 968 571 2809 961 924 2810 979 921 2811 982 920 2812 983 925 2813 979 921 2814 974 926 2815 978 654 2816 978 654 2817 974 926 2818 973 914 2819 965 25 2820 970 25 2821 966 25 2822 975 26 2823 972 26 2824 976 26 2825 979 27 2826 977 27 2827 980 27 2828 985 0 2829 987 0 2830 984 0 2831 984 927 2832 989 928 2833 985 929 2834 984 927 2835 990 930 2836 988 931 2837 987 932 2838 990 930 2839 984 927 2840 987 932 2841 992 933 2842 991 934 2843 986 935 2844 992 933 2845 987 932 2846 986 935 2847 994 936 2848 993 937 2849 985 929 2850 994 936 2851 986 935 2852 995 938 2853 985 929 2854 989 928 2855 995 938 2856 997 397 2857 996 398 2858 998 939 2859 988 931 2860 990 930 2861 1001 940 2862 1002 941 2863 1000 942 2864 998 939 2865 1001 940 2866 999 943 2867 1003 944 2868 999 943 2869 1001 940 2870 1003 944 2871 996 398 2872 997 397 2873 1004 945 2874 1000 942 2875 1002 941 2876 1000 942 2877 1006 946 2878 1005 947 2879 1004 945 2880 991 934 2881 992 933 2882 1007 948 2883 993 937 2884 994 936 2885 1007 948 2886 1005 947 2887 1006 946 2888 999 25 2889 989 25 2890 988 25 2891 998 26 2892 991 26 2893 1002 26 2894 992 27 2895 1006 27 2896 1004 27 2897 1009 0 2898 1011 0 2899 1008 0 2900 1008 949 2901 1013 950 2902 1009 951 2903 1008 949 2904 1014 952 2905 1012 953 2906 1011 954 2907 1014 952 2908 1008 949 2909 1011 954 2910 1016 367 2911 1015 368 2912 1010 955 2913 1016 367 2914 1011 954 2915 1010 955 2916 1018 956 2917 1017 957 2918 1009 951 2919 1018 956 2920 1010 955 2921 1019 958 2922 1009 951 2923 1013 950 2924 1019 958 2925 1021 959 2926 1020 960 2927 1022 961 2928 1012 953 2929 1014 952 2930 1025 962 2931 1026 963 2932 1024 964 2933 1022 961 2934 1025 962 2935 1023 965 2936 1027 966 2937 1023 965 2938 1025 962 2939 1027 966 2940 1020 960 2941 1021 959 2942 1028 967 2943 1024 964 2944 1026 963 2945 1024 964 2946 1030 968 2947 1029 969 2948 1028 967 2949 1015 368 2950 1016 367 2951 1031 970 2952 1017 957 2953 1018 956 2954 1031 970 2955 1029 969 2956 1030 968 2957 1023 25 2958 1013 25 2959 1012 25 2960 1022 26 2961 1015 26 2962 1026 26 2963 1016 27 2964 1030 27 2965 1028 27 2966 1033 0 2967 1035 0 2968 1032 0 2969 1037 971 2970 1032 972 2971 1036 973 2972 1038 974 2973 1040 975 2974 1037 971 2975 1038 974 2976 1041 976 2977 1039 977 2978 1042 978 2979 1041 976 2980 1038 974 2981 1044 979 2982 1043 980 2983 1042 978 2984 1045 981 2985 1043 980 2986 1044 979 2987 1048 982 2988 1035 983 2989 1047 984 2990 1048 982 2991 1036 973 2992 1032 972 2993 1044 979 2994 1036 973 2995 1048 982 2996 1049 985 2997 1047 984 2998 1035 983 2999 1050 986 3000 1047 984 3001 1049 985 3002 1052 987 3003 1054 988 3004 1051 989 3005 1052 987 3006 1034 990 3007 1053 991 3008 1049 985 3009 1034 990 3010 1052 987 3011 1053 991 3012 1033 992 3013 1040 975 3014 1037 971 3015 1040 975 3016 1033 992 3017 1051 989 3018 1054 988 3019 1055 589 3020 1051 989 3021 1046 993 3022 1050 986 3023 1050 986 3024 1046 993 3025 1045 981 3026 1037 25 3027 1042 25 3028 1038 25 3029 1047 26 3030 1044 26 3031 1048 26 3032 1051 27 3033 1049 27 3034 1052 27 3035 1057 0 3036 1059 0 3037 1056 0 3038 1056 994 3039 1061 995 3040 1057 996 3041 1056 994 3042 1062 522 3043 1060 997 3044 1059 998 3045 1062 522 3046 1056 994 3047 1059 998 3048 1064 999 3049 1063 414 3050 1058 1000 3051 1064 999 3052 1059 998 3053 1058 1000 3054 1066 1001 3055 1065 1002 3056 1057 996 3057 1066 1001 3058 1058 1000 3059 1067 1003 3060 1057 996 3061 1061 995 3062 1067 1003 3063 1069 1004 3064 1068 1005 3065 1070 1006 3066 1060 997 3067 1062 522 3068 1073 1007 3069 1074 1008 3070 1072 1009 3071 1070 1006 3072 1073 1007 3073 1071 1010 3074 1075 1011 3075 1071 1010 3076 1073 1007 3077 1075 1011 3078 1068 1005 3079 1069 1004 3080 1076 1012 3081 1072 1009 3082 1074 1008 3083 1072 1009 3084 1078 1013 3085 1077 1014 3086 1076 1012 3087 1063 414 3088 1064 999 3089 1079 1015 3090 1065 1002 3091 1066 1001 3092 1079 1015 3093 1077 1014 3094 1078 1013 3095 1071 25 3096 1061 25 3097 1060 25 3098 1070 26 3099 1063 26 3100 1074 26 3101 1064 27 3102 1078 27 3103 1076 27 3104 1081 0 3105 1083 0 3106 1080 0 3107 1080 1016 3108 1085 1017 3109 1081 1018 3110 1080 1016 3111 1086 1019 3112 1084 1020 3113 1083 1021 3114 1086 1019 3115 1080 1016 3116 1083 1021 3117 1088 1022 3118 1087 1023 3119 1082 1024 3120 1088 1022 3121 1083 1021 3122 1082 1024 3123 1090 1025 3124 1089 1026 3125 1081 1018 3126 1090 1025 3127 1082 1024 3128 1091 1027 3129 1081 1018 3130 1085 1017 3131 1091 1027 3132 1093 1028 3133 1092 1029 3134 1094 1030 3135 1084 1020 3136 1086 1019 3137 1097 1031 3138 1098 1032 3139 1096 1033 3140 1094 1030 3141 1097 1031 3142 1095 1034 3143 1099 1035 3144 1095 1034 3145 1097 1031 3146 1099 1035 3147 1092 1029 3148 1093 1028 3149 1100 1036 3150 1096 1033 3151 1098 1032 3152 1096 1033 3153 1102 1037 3154 1101 1038 3155 1100 1036 3156 1087 1023 3157 1088 1022 3158 1103 1039 3159 1089 1026 3160 1090 1025 3161 1103 1039 3162 1101 1038 3163 1102 1037 3164 1095 25 3165 1085 25 3166 1084 25 3167 1094 26 3168 1087 26 3169 1098 26 3170 1088 27 3171 1102 27 3172 1100 27 3173 1105 0 3174 1107 0 3175 1104 0 3176 1104 1040 3177 1109 1041 3178 1105 1042 3179 1104 1040 3180 1110 1043 3181 1108 1044 3182 1107 1045 3183 1110 1043 3184 1104 1040 3185 1107 1045 3186 1112 1046 3187 1111 1047 3188 1106 1048 3189 1112 1046 3190 1107 1045 3191 1106 1048 3192 1114 1049 3193 1113 1050 3194 1105 1042 3195 1114 1049 3196 1106 1048 3197 1115 1051 3198 1105 1042 3199 1109 1041 3200 1115 1051 3201 1117 1052 3202 1116 1053 3203 1118 1054 3204 1108 1044 3205 1110 1043 3206 1121 1055 3207 1122 1056 3208 1120 1057 3209 1118 1054 3210 1121 1055 3211 1119 1058 3212 1123 1059 3213 1119 1058 3214 1121 1055 3215 1123 1059 3216 1116 1053 3217 1117 1052 3218 1124 1060 3219 1120 1057 3220 1122 1056 3221 1120 1057 3222 1126 1061 3223 1125 1062 3224 1124 1060 3225 1111 1047 3226 1112 1046 3227 1127 1063 3228 1113 1050 3229 1114 1049 3230 1127 1063 3231 1125 1062 3232 1126 1061 3233 1119 25 3234 1109 25 3235 1108 25 3236 1118 26 3237 1111 26 3238 1122 26 3239 1112 27 3240 1126 27 3241 1124 27 3242 1129 0 3243 1131 0 3244 1128 0 3245 1133 1064 3246 1128 1065 3247 1132 1066 3248 1134 1067 3249 1136 571 3250 1133 1064 3251 1134 1067 3252 1137 1068 3253 1135 1069 3254 1138 1070 3255 1137 1068 3256 1134 1067 3257 1140 1071 3258 1139 1072 3259 1138 1070 3260 1141 1073 3261 1139 1072 3262 1140 1071 3263 1144 578 3264 1131 1074 3265 1143 1075 3266 1144 578 3267 1132 1066 3268 1128 1065 3269 1140 1071 3270 1132 1066 3271 1144 578 3272 1145 1076 3273 1143 1075 3274 1131 1074 3275 1146 1077 3276 1143 1075 3277 1145 1076 3278 1148 1078 3279 1150 1079 3280 1147 1080 3281 1148 1078 3282 1130 1081 3283 1149 1082 3284 1145 1076 3285 1130 1081 3286 1148 1078 3287 1149 1082 3288 1129 1083 3289 1136 571 3290 1133 1064 3291 1136 571 3292 1129 1083 3293 1147 1080 3294 1150 1079 3295 1151 1084 3296 1147 1080 3297 1142 1085 3298 1146 1077 3299 1146 1077 3300 1142 1085 3301 1141 1073 3302 1133 25 3303 1138 25 3304 1134 25 3305 1143 26 3306 1140 26 3307 1144 26 3308 1147 27 3309 1145 27 3310 1148 27 3311 1153 0 3312 1155 0 3313 1152 0 3314 1157 1086 3315 1152 1087 3316 1156 1088 3317 1158 1089 3318 1160 1090 3319 1157 1086 3320 1158 1089 3321 1161 1091 3322 1159 1092 3323 1162 1093 3324 1161 1091 3325 1158 1089 3326 1164 1094 3327 1163 1095 3328 1162 1093 3329 1165 1096 3330 1163 1095 3331 1164 1094 3332 1168 1097 3333 1155 1098 3334 1167 1099 3335 1168 1097 3336 1156 1088 3337 1152 1087 3338 1164 1094 3339 1156 1088 3340 1168 1097 3341 1169 1100 3342 1167 1099 3343 1155 1098 3344 1170 1101 3345 1167 1099 3346 1169 1100 3347 1172 1102 3348 1174 1103 3349 1171 1104 3350 1172 1102 3351 1154 1105 3352 1173 1106 3353 1169 1100 3354 1154 1105 3355 1172 1102 3356 1173 1106 3357 1153 1107 3358 1160 1090 3359 1157 1086 3360 1160 1090 3361 1153 1107 3362 1171 1104 3363 1174 1103 3364 1175 1108 3365 1171 1104 3366 1166 1109 3367 1170 1101 3368 1170 1101 3369 1166 1109 3370 1165 1096 3371 1157 25 3372 1162 25 3373 1158 25 3374 1167 26 3375 1164 26 3376 1168 26 3377 1171 27 3378 1169 27 3379 1172 27 3380 1177 0 3381 1179 0 3382 1176 0 3383 1181 728 3384 1176 729 3385 1180 730 3386 1182 731 3387 1184 732 3388 1181 728 3389 1182 731 3390 1185 733 3391 1183 217 3392 1186 734 3393 1185 733 3394 1182 731 3395 1188 735 3396 1187 736 3397 1186 734 3398 1189 737 3399 1187 736 3400 1188 735 3401 1192 738 3402 1179 739 3403 1191 740 3404 1192 738 3405 1180 730 3406 1176 729 3407 1188 735 3408 1180 730 3409 1192 738 3410 1193 1110 3411 1191 740 3412 1179 739 3413 1194 1111 3414 1191 740 3415 1193 1110 3416 1196 1112 3417 1198 744 3418 1195 1113 3419 1196 1112 3420 1178 1114 3421 1197 745 3422 1193 1110 3423 1178 1114 3424 1196 1112 3425 1197 745 3426 1177 746 3427 1184 732 3428 1181 728 3429 1184 732 3430 1177 746 3431 1195 1113 3432 1198 744 3433 1199 23 3434 1195 1113 3435 1190 1115 3436 1194 1111 3437 1194 1111 3438 1190 1115 3439 1189 737 3440 1181 25 3441 1186 25 3442 1182 25 3443 1191 26 3444 1188 26 3445 1192 26 3446 1195 27 3447 1193 27 3448 1196 27 3449 1201 0 3450 1203 0 3451 1200 0 3452 1200 1116 3453 1205 1117 3454 1201 1118 3455 1200 1116 3456 1206 1119 3457 1204 1120 3458 1203 524 3459 1206 1119 3460 1200 1116 3461 1203 524 3462 1208 1121 3463 1207 414 3464 1202 1122 3465 1208 1121 3466 1203 524 3467 1202 1122 3468 1210 1123 3469 1209 1124 3470 1201 1118 3471 1210 1123 3472 1202 1122 3473 1211 1125 3474 1201 1118 3475 1205 1117 3476 1211 1125 3477 1213 1126 3478 1212 1127 3479 1214 1128 3480 1204 1120 3481 1206 1119 3482 1217 1129 3483 1218 1130 3484 1216 1131 3485 1214 1128 3486 1217 1129 3487 1215 1132 3488 1219 1133 3489 1215 1132 3490 1217 1129 3491 1219 1133 3492 1212 1127 3493 1213 1126 3494 1220 1134 3495 1216 1131 3496 1218 1130 3497 1216 1131 3498 1222 1135 3499 1221 1014 3500 1220 1134 3501 1207 414 3502 1208 1121 3503 1223 1015 3504 1209 1124 3505 1210 1123 3506 1223 1015 3507 1221 1014 3508 1222 1135 3509 1215 25 3510 1205 25 3511 1204 25 3512 1214 26 3513 1207 26 3514 1218 26 3515 1208 27 3516 1222 27 3517 1220 27 3518 1225 0 3519 1227 0 3520 1224 0 3521 1224 1136 3522 1229 1137 3523 1225 1138 3524 1224 1136 3525 1230 364 3526 1228 1139 3527 1227 192 3528 1230 364 3529 1224 1136 3530 1227 192 3531 1232 1140 3532 1231 1141 3533 1226 1142 3534 1232 1140 3535 1227 192 3536 1226 1142 3537 1234 1143 3538 1233 1144 3539 1225 1138 3540 1234 1143 3541 1226 1142 3542 1235 1145 3543 1225 1138 3544 1229 1137 3545 1235 1145 3546 1237 1146 3547 1236 1147 3548 1238 1148 3549 1228 1139 3550 1230 364 3551 1241 1149 3552 1242 1150 3553 1240 1151 3554 1238 1148 3555 1241 1149 3556 1239 1152 3557 1243 1153 3558 1239 1152 3559 1241 1149 3560 1243 1153 3561 1236 1147 3562 1237 1146 3563 1244 1154 3564 1240 1151 3565 1242 1150 3566 1240 1151 3567 1246 1155 3568 1245 1156 3569 1244 1154 3570 1231 1141 3571 1232 1140 3572 1247 1157 3573 1233 1144 3574 1234 1143 3575 1247 1157 3576 1245 1156 3577 1246 1155 3578 1239 25 3579 1229 25 3580 1228 25 3581 1238 26 3582 1231 26 3583 1242 26 3584 1232 27 3585 1246 27 3586 1244 27 3587 1249 0 3588 1251 0 3589 1248 0 3590 1253 1158 3591 1248 1159 3592 1252 1160 3593 1254 1161 3594 1256 1162 3595 1253 1158 3596 1254 1161 3597 1257 1163 3598 1255 1164 3599 1258 1165 3600 1257 1163 3601 1254 1161 3602 1260 1166 3603 1259 1167 3604 1258 1165 3605 1261 1168 3606 1259 1167 3607 1260 1166 3608 1264 1169 3609 1251 1170 3610 1263 1171 3611 1264 1169 3612 1252 1160 3613 1248 1159 3614 1260 1166 3615 1252 1160 3616 1264 1169 3617 1265 1172 3618 1263 1171 3619 1251 1170 3620 1266 1173 3621 1263 1171 3622 1265 1172 3623 1268 1174 3624 1270 763 3625 1267 1175 3626 1268 1174 3627 1250 1176 3628 1269 1177 3629 1265 1172 3630 1250 1176 3631 1268 1174 3632 1269 1177 3633 1249 1178 3634 1256 1162 3635 1253 1158 3636 1256 1162 3637 1249 1178 3638 1267 1175 3639 1270 763 3640 1271 1179 3641 1267 1175 3642 1262 1180 3643 1266 1173 3644 1266 1173 3645 1262 1180 3646 1261 1168 3647 1253 25 3648 1258 25 3649 1254 25 3650 1263 26 3651 1260 26 3652 1264 26 3653 1267 27 3654 1265 27 3655 1268 27 3656 1273 0 3657 1275 0 3658 1272 0 3659 1277 1181 3660 1272 1182 3661 1276 1183 3662 1278 1184 3663 1280 1185 3664 1277 1181 3665 1278 1184 3666 1281 1186 3667 1279 1187 3668 1282 1188 3669 1281 1186 3670 1278 1184 3671 1284 1189 3672 1283 1190 3673 1282 1188 3674 1285 1191 3675 1283 1190 3676 1284 1189 3677 1288 1192 3678 1275 1193 3679 1287 1194 3680 1288 1192 3681 1276 1183 3682 1272 1182 3683 1284 1189 3684 1276 1183 3685 1288 1192 3686 1289 1195 3687 1287 1194 3688 1275 1193 3689 1290 1196 3690 1287 1194 3691 1289 1195 3692 1292 1197 3693 1294 1198 3694 1291 1199 3695 1292 1197 3696 1274 1200 3697 1293 1201 3698 1289 1195 3699 1274 1200 3700 1292 1197 3701 1293 1201 3702 1273 1202 3703 1280 1185 3704 1277 1181 3705 1280 1185 3706 1273 1202 3707 1291 1199 3708 1294 1198 3709 1295 1203 3710 1291 1199 3711 1286 1204 3712 1290 1196 3713 1290 1196 3714 1286 1204 3715 1285 1191 3716 1277 25 3717 1282 25 3718 1278 25 3719 1287 26 3720 1284 26 3721 1288 26 3722 1291 27 3723 1289 27 3724 1292 27 3725 1297 0 3726 1299 0 3727 1296 0 3728 1301 1205 3729 1296 1206 3730 1300 1207 3731 1302 1208 3732 1304 732 3733 1301 1205 3734 1302 1208 3735 1305 1209 3736 1303 1210 3737 1306 1211 3738 1305 1209 3739 1302 1208 3740 1308 1212 3741 1307 1213 3742 1306 1211 3743 1309 11 3744 1307 1213 3745 1308 1212 3746 1312 1214 3747 1299 13 3748 1311 14 3749 1312 1214 3750 1300 1207 3751 1296 1206 3752 1308 1212 3753 1300 1207 3754 1312 1214 3755 1313 15 3756 1311 14 3757 1299 13 3758 1314 16 3759 1311 14 3760 1313 15 3761 1316 17 3762 1318 18 3763 1315 19 3764 1316 17 3765 1298 20 3766 1317 21 3767 1313 15 3768 1298 20 3769 1316 17 3770 1317 21 3771 1297 1215 3772 1304 732 3773 1301 1205 3774 1304 732 3775 1297 1215 3776 1315 19 3777 1318 18 3778 1319 23 3779 1315 19 3780 1310 24 3781 1314 16 3782 1314 16 3783 1310 24 3784 1309 11 3785 1301 25 3786 1306 25 3787 1302 25 3788 1311 26 3789 1308 26 3790 1312 26 3791 1315 27 3792 1313 27 3793 1316 27 3794 1321 0 3795 1323 0 3796 1320 0 3797 1320 1216 3798 1325 1217 3799 1321 1218 3800 1320 1216 3801 1326 1219 3802 1324 1220 3803 1323 1221 3804 1326 1219 3805 1320 1216 3806 1323 1221 3807 1328 1222 3808 1327 1223 3809 1322 1224 3810 1328 1222 3811 1323 1221 3812 1322 1224 3813 1330 1225 3814 1329 1226 3815 1321 1218 3816 1330 1225 3817 1322 1224 3818 1331 1227 3819 1321 1218 3820 1325 1217 3821 1331 1227 3822 1333 1228 3823 1332 1229 3824 1334 1230 3825 1324 1220 3826 1326 1219 3827 1337 1231 3828 1338 703 3829 1336 1232 3830 1334 1230 3831 1337 1231 3832 1335 1233 3833 1339 1234 3834 1335 1233 3835 1337 1231 3836 1339 1234 3837 1332 1229 3838 1333 1228 3839 1340 1235 3840 1336 1232 3841 1338 703 3842 1336 1232 3843 1342 1236 3844 1341 1237 3845 1340 1235 3846 1327 1223 3847 1328 1222 3848 1343 453 3849 1329 1226 3850 1330 1225 3851 1343 453 3852 1341 1237 3853 1342 1236 3854 1335 25 3855 1325 25 3856 1324 25 3857 1334 26 3858 1327 26 3859 1338 26 3860 1328 27 3861 1342 27 3862 1340 27 3863 1345 0 3864 1347 0 3865 1344 0 3866 1349 1238 3867 1344 1239 3868 1348 1240 3869 1350 1241 3870 1352 1242 3871 1349 1238 3872 1350 1241 3873 1353 1243 3874 1351 1244 3875 1354 1245 3876 1353 1243 3877 1350 1241 3878 1356 1246 3879 1355 1247 3880 1354 1245 3881 1357 1248 3882 1355 1247 3883 1356 1246 3884 1360 1249 3885 1347 1250 3886 1359 1251 3887 1360 1249 3888 1348 1240 3889 1344 1239 3890 1356 1246 3891 1348 1240 3892 1360 1249 3893 1361 1252 3894 1359 1251 3895 1347 1250 3896 1362 1253 3897 1359 1251 3898 1361 1252 3899 1364 1254 3900 1366 1255 3901 1363 1256 3902 1364 1254 3903 1346 1257 3904 1365 1258 3905 1361 1252 3906 1346 1257 3907 1364 1254 3908 1365 1258 3909 1345 1259 3910 1352 1242 3911 1349 1238 3912 1352 1242 3913 1345 1259 3914 1363 1256 3915 1366 1255 3916 1367 1260 3917 1363 1256 3918 1358 1261 3919 1362 1253 3920 1362 1253 3921 1358 1261 3922 1357 1248 3923 1349 25 3924 1354 25 3925 1350 25 3926 1359 26 3927 1356 26 3928 1360 26 3929 1363 27 3930 1361 27 3931 1364 27 3932 1369 0 3933 1371 0 3934 1368 0 3935 1368 1262 3936 1373 1263 3937 1369 1264 3938 1368 1262 3939 1374 1265 3940 1372 1266 3941 1371 1267 3942 1374 1265 3943 1368 1262 3944 1371 1267 3945 1376 1268 3946 1375 1269 3947 1370 1270 3948 1376 1268 3949 1371 1267 3950 1370 1270 3951 1378 1271 3952 1377 1272 3953 1369 1264 3954 1378 1271 3955 1370 1270 3956 1379 318 3957 1369 1264 3958 1373 1263 3959 1379 318 3960 1381 1273 3961 1380 320 3962 1382 1274 3963 1372 1266 3964 1374 1265 3965 1385 1275 3966 1386 1276 3967 1384 1277 3968 1382 1274 3969 1385 1275 3970 1383 1278 3971 1387 1279 3972 1383 1278 3973 1385 1275 3974 1387 1279 3975 1380 320 3976 1381 1273 3977 1388 1280 3978 1384 1277 3979 1386 1276 3980 1384 1277 3981 1390 1281 3982 1389 1282 3983 1388 1280 3984 1375 1269 3985 1376 1268 3986 1391 1283 3987 1377 1272 3988 1378 1271 3989 1391 1283 3990 1389 1282 3991 1390 1281 3992 1383 25 3993 1373 25 3994 1372 25 3995 1382 26 3996 1375 26 3997 1386 26 3998 1376 27 3999 1390 27 4000 1388 27 4001 1393 0 4002 1395 0 4003 1392 0 4004 1397 1284 4005 1392 1285 4006 1396 1286 4007 1398 1287 4008 1400 1288 4009 1397 1284 4010 1398 1287 4011 1401 1289 4012 1399 343 4013 1402 1290 4014 1401 1289 4015 1398 1287 4016 1404 1291 4017 1403 1292 4018 1402 1290 4019 1405 1293 4020 1403 1292 4021 1404 1291 4022 1408 1294 4023 1395 1295 4024 1407 1296 4025 1408 1294 4026 1396 1286 4027 1392 1285 4028 1404 1291 4029 1396 1286 4030 1408 1294 4031 1409 1297 4032 1407 1296 4033 1395 1295 4034 1410 1298 4035 1407 1296 4036 1409 1297 4037 1412 1299 4038 1414 1300 4039 1411 1301 4040 1412 1299 4041 1394 1302 4042 1413 1303 4043 1409 1297 4044 1394 1302 4045 1412 1299 4046 1413 1303 4047 1393 1304 4048 1400 1288 4049 1397 1284 4050 1400 1288 4051 1393 1304 4052 1411 1301 4053 1414 1300 4054 1415 1305 4055 1411 1301 4056 1406 1306 4057 1410 1298 4058 1410 1298 4059 1406 1306 4060 1405 1293 4061 1397 25 4062 1402 25 4063 1398 25 4064 1407 26 4065 1404 26 4066 1408 26 4067 1411 27 4068 1409 27 4069 1412 27 4070 1417 0 4071 1419 0 4072 1416 0 4073 1416 1307 4074 1421 1308 4075 1417 1309 4076 1416 1307 4077 1422 1310 4078 1420 191 4079 1419 1311 4080 1422 1310 4081 1416 1307 4082 1419 1311 4083 1424 1312 4084 1423 1313 4085 1418 1314 4086 1424 1312 4087 1419 1311 4088 1418 1314 4089 1426 1315 4090 1425 1316 4091 1417 1309 4092 1426 1315 4093 1418 1314 4094 1427 1317 4095 1417 1309 4096 1421 1308 4097 1427 1317 4098 1429 1318 4099 1428 1319 4100 1430 1320 4101 1420 191 4102 1422 1310 4103 1433 1321 4104 1434 1322 4105 1432 1323 4106 1430 1320 4107 1433 1321 4108 1431 1324 4109 1435 1325 4110 1431 1324 4111 1433 1321 4112 1435 1325 4113 1428 1319 4114 1429 1318 4115 1436 1326 4116 1432 1323 4117 1434 1322 4118 1432 1323 4119 1438 1327 4120 1437 1328 4121 1436 1326 4122 1423 1313 4123 1424 1312 4124 1439 1329 4125 1425 1316 4126 1426 1315 4127 1439 1329 4128 1437 1328 4129 1438 1327 4130 1431 25 4131 1421 25 4132 1420 25 4133 1430 26 4134 1423 26 4135 1434 26 4136 1424 27 4137 1438 27 4138 1436 27 4139 1441 0 4140 1443 0 4141 1440 0 4142 1445 1330 4143 1440 1331 4144 1444 1332 4145 1446 1333 4146 1448 1334 4147 1445 1330 4148 1446 1333 4149 1449 1335 4150 1447 217 4151 1450 1336 4152 1449 1335 4153 1446 1333 4154 1452 599 4155 1451 1337 4156 1450 1336 4157 1453 601 4158 1451 1337 4159 1452 599 4160 1456 1338 4161 1443 1339 4162 1455 1340 4163 1456 1338 4164 1444 1332 4165 1440 1331 4166 1452 599 4167 1444 1332 4168 1456 1338 4169 1457 1341 4170 1455 1340 4171 1443 1339 4172 1458 1342 4173 1455 1340 4174 1457 1341 4175 1460 1343 4176 1462 744 4177 1459 1344 4178 1460 1343 4179 1442 1345 4180 1461 1346 4181 1457 1341 4182 1442 1345 4183 1460 1343 4184 1461 1346 4185 1441 1347 4186 1448 1334 4187 1445 1330 4188 1448 1334 4189 1441 1347 4190 1459 1344 4191 1462 744 4192 1463 1348 4193 1459 1344 4194 1454 1349 4195 1458 1342 4196 1458 1342 4197 1454 1349 4198 1453 601 4199 1445 25 4200 1450 25 4201 1446 25 4202 1455 26 4203 1452 26 4204 1456 26 4205 1459 27 4206 1457 27 4207 1460 27 4208 1465 0 4209 1467 0 4210 1464 0 4211 1469 1350 4212 1464 1351 4213 1468 1352 4214 1470 1353 4215 1472 1354 4216 1469 1350 4217 1470 1353 4218 1473 1355 4219 1471 1356 4220 1474 1357 4221 1473 1355 4222 1470 1353 4223 1476 1358 4224 1475 1359 4225 1474 1357 4226 1477 716 4227 1475 1359 4228 1476 1358 4229 1480 1360 4230 1467 718 4231 1479 1361 4232 1480 1360 4233 1468 1352 4234 1464 1351 4235 1476 1358 4236 1468 1352 4237 1480 1360 4238 1481 1362 4239 1479 1361 4240 1467 718 4241 1482 721 4242 1479 1361 4243 1481 1362 4244 1484 1363 4245 1486 1364 4246 1483 1365 4247 1484 1363 4248 1466 1366 4249 1485 1367 4250 1481 1362 4251 1466 1366 4252 1484 1363 4253 1485 1367 4254 1465 1368 4255 1472 1354 4256 1469 1350 4257 1472 1354 4258 1465 1368 4259 1483 1365 4260 1486 1364 4261 1487 1369 4262 1483 1365 4263 1478 727 4264 1482 721 4265 1482 721 4266 1478 727 4267 1477 716 4268 1469 25 4269 1474 25 4270 1470 25 4271 1479 26 4272 1476 26 4273 1480 26 4274 1483 27 4275 1481 27 4276 1484 27 4277 1489 0 4278 1491 0 4279 1488 0 4280 1493 1370 4281 1488 1371 4282 1492 1372 4283 1494 1373 4284 1496 1288 4285 1493 1370 4286 1494 1373 4287 1497 1374 4288 1495 343 4289 1498 1375 4290 1497 1374 4291 1494 1373 4292 1500 1376 4293 1499 1377 4294 1498 1375 4295 1501 1378 4296 1499 1377 4297 1500 1376 4298 1504 1379 4299 1491 1380 4300 1503 1381 4301 1504 1379 4302 1492 1372 4303 1488 1371 4304 1500 1376 4305 1492 1372 4306 1504 1379 4307 1505 1382 4308 1503 1381 4309 1491 1380 4310 1506 1383 4311 1503 1381 4312 1505 1382 4313 1508 1384 4314 1510 763 4315 1507 1385 4316 1508 1384 4317 1490 1386 4318 1509 1177 4319 1505 1382 4320 1490 1386 4321 1508 1384 4322 1509 1177 4323 1489 1304 4324 1496 1288 4325 1493 1370 4326 1496 1288 4327 1489 1304 4328 1507 1385 4329 1510 763 4330 1511 1387 4331 1507 1385 4332 1502 1388 4333 1506 1383 4334 1506 1383 4335 1502 1388 4336 1501 1378 4337 1493 25 4338 1498 25 4339 1494 25 4340 1503 26 4341 1500 26 4342 1504 26 4343 1507 27 4344 1505 27 4345 1508 27 4346 1513 0 4347 1515 0 4348 1512 0 4349 1517 76 4350 1512 1389 4351 1516 1390 4352 1518 1391 4353 1520 1392 4354 1517 76 4355 1518 1391 4356 1521 1393 4357 1519 82 4358 1522 83 4359 1521 1393 4360 1518 1391 4361 1524 1394 4362 1523 1395 4363 1522 83 4364 1525 1396 4365 1523 1395 4366 1524 1394 4367 1528 1397 4368 1515 1098 4369 1527 1099 4370 1528 1397 4371 1516 1390 4372 1512 1389 4373 1524 1394 4374 1516 1390 4375 1528 1397 4376 1529 1100 4377 1527 1099 4378 1515 1098 4379 1530 1398 4380 1527 1099 4381 1529 1100 4382 1532 1399 4383 1534 1103 4384 1531 1104 4385 1532 1399 4386 1514 1400 4387 1533 1401 4388 1529 1100 4389 1514 1400 4390 1532 1399 4391 1533 1401 4392 1513 1402 4393 1520 1392 4394 1517 76 4395 1520 1392 4396 1513 1402 4397 1531 1104 4398 1534 1103 4399 1535 1108 4400 1531 1104 4401 1526 1403 4402 1530 1398 4403 1530 1398 4404 1526 1403 4405 1525 1396 4406 1517 25 4407 1522 25 4408 1518 25 4409 1527 26 4410 1524 26 4411 1528 26 4412 1531 27 4413 1529 27 4414 1532 27 4415 1537 0 4416 1539 0 4417 1536 0 4418 1536 1404 4419 1541 408 4420 1537 1405 4421 1536 1404 4422 1542 1406 4423 1540 1407 4424 1539 1408 4425 1542 1406 4426 1536 1404 4427 1539 1408 4428 1544 1409 4429 1543 1410 4430 1538 1411 4431 1544 1409 4432 1539 1408 4433 1538 1411 4434 1546 1412 4435 1545 1413 4436 1537 1405 4437 1546 1412 4438 1538 1411 4439 1547 1414 4440 1537 1405 4441 1541 408 4442 1547 1414 4443 1549 419 4444 1548 420 4445 1550 1415 4446 1540 1407 4447 1542 1406 4448 1553 1416 4449 1554 1417 4450 1552 1418 4451 1550 1415 4452 1553 1416 4453 1551 1419 4454 1555 426 4455 1551 1419 4456 1553 1416 4457 1555 426 4458 1548 420 4459 1549 419 4460 1556 1420 4461 1552 1418 4462 1554 1417 4463 1552 1418 4464 1558 1421 4465 1557 1422 4466 1556 1420 4467 1543 1410 4468 1544 1409 4469 1559 1423 4470 1545 1413 4471 1546 1412 4472 1559 1423 4473 1557 1422 4474 1558 1421 4475 1551 25 4476 1541 25 4477 1540 25 4478 1550 26 4479 1543 26 4480 1554 26 4481 1544 27 4482 1558 27 4483 1556 27 4484 1561 0 4485 1563 0 4486 1560 0 4487 1565 1424 4488 1560 1239 4489 1564 1240 4490 1566 1425 4491 1568 1426 4492 1565 1424 4493 1566 1425 4494 1569 1427 4495 1567 1428 4496 1570 1245 4497 1569 1427 4498 1566 1425 4499 1572 1429 4500 1571 1430 4501 1570 1245 4502 1573 1431 4503 1571 1430 4504 1572 1429 4505 1576 1432 4506 1563 1433 4507 1575 1434 4508 1576 1432 4509 1564 1240 4510 1560 1239 4511 1572 1429 4512 1564 1240 4513 1576 1432 4514 1577 1435 4515 1575 1434 4516 1563 1433 4517 1578 1436 4518 1575 1434 4519 1577 1435 4520 1580 1437 4521 1582 1438 4522 1579 1439 4523 1580 1437 4524 1562 1440 4525 1581 1441 4526 1577 1435 4527 1562 1440 4528 1580 1437 4529 1581 1441 4530 1561 1442 4531 1568 1426 4532 1565 1424 4533 1568 1426 4534 1561 1442 4535 1579 1439 4536 1582 1438 4537 1583 1443 4538 1579 1439 4539 1574 1444 4540 1578 1436 4541 1578 1436 4542 1574 1444 4543 1573 1431 4544 1565 25 4545 1570 25 4546 1566 25 4547 1575 26 4548 1572 26 4549 1576 26 4550 1579 27 4551 1577 27 4552 1580 27 4553 1585 0 4554 1587 0 4555 1584 0 4556 1589 728 4557 1584 1445 4558 1588 1446 4559 1590 1447 4560 1592 1448 4561 1589 728 4562 1590 1447 4563 1593 733 4564 1591 1210 4565 1594 1449 4566 1593 733 4567 1590 1447 4568 1596 1450 4569 1595 1451 4570 1594 1449 4571 1597 1452 4572 1595 1451 4573 1596 1450 4574 1600 1453 4575 1587 1454 4576 1599 847 4577 1600 1453 4578 1588 1446 4579 1584 1445 4580 1596 1450 4581 1588 1446 4582 1600 1453 4583 1601 848 4584 1599 847 4585 1587 1454 4586 1602 849 4587 1599 847 4588 1601 848 4589 1604 850 4590 1606 851 4591 1603 852 4592 1604 850 4593 1586 853 4594 1605 1455 4595 1601 848 4596 1586 853 4597 1604 850 4598 1605 1455 4599 1585 1456 4600 1592 1448 4601 1589 728 4602 1592 1448 4603 1585 1456 4604 1603 852 4605 1606 851 4606 1607 856 4607 1603 852 4608 1598 1457 4609 1602 849 4610 1602 849 4611 1598 1457 4612 1597 1452 4613 1589 25 4614 1594 25 4615 1590 25 4616 1599 26 4617 1596 26 4618 1600 26 4619 1603 27 4620 1601 27 4621 1604 27 4622 1609 0 4623 1611 0 4624 1608 0 4625 1608 1458 4626 1613 1459 4627 1609 1460 4628 1608 1458 4629 1614 1461 4630 1612 1462 4631 1611 1463 4632 1614 1461 4633 1608 1458 4634 1611 1463 4635 1616 1464 4636 1615 1465 4637 1610 1466 4638 1616 1464 4639 1611 1463 4640 1610 1466 4641 1618 1467 4642 1617 1468 4643 1609 1460 4644 1618 1467 4645 1610 1466 4646 1619 1469 4647 1609 1460 4648 1613 1459 4649 1619 1469 4650 1621 1470 4651 1620 1471 4652 1622 1472 4653 1612 1462 4654 1614 1461 4655 1625 1473 4656 1626 1474 4657 1624 1475 4658 1622 1472 4659 1625 1473 4660 1623 1476 4661 1627 1477 4662 1623 1476 4663 1625 1473 4664 1627 1477 4665 1620 1471 4666 1621 1470 4667 1628 1478 4668 1624 1475 4669 1626 1474 4670 1624 1475 4671 1630 1479 4672 1629 1480 4673 1628 1478 4674 1615 1465 4675 1616 1464 4676 1631 120 4677 1617 1468 4678 1618 1467 4679 1631 120 4680 1629 1480 4681 1630 1479 4682 1623 25 4683 1613 25 4684 1612 25 4685 1622 26 4686 1615 26 4687 1626 26 4688 1616 27 4689 1630 27 4690 1628 27 4691 1633 0 4692 1635 0 4693 1632 0 4694 1637 1481 4695 1632 1482 4696 1636 1483 4697 1638 1484 4698 1640 263 4699 1637 1481 4700 1638 1484 4701 1641 1485 4702 1639 1486 4703 1642 1487 4704 1641 1485 4705 1638 1484 4706 1644 1488 4707 1643 1489 4708 1642 1487 4709 1645 1490 4710 1643 1489 4711 1644 1488 4712 1648 1491 4713 1635 1492 4714 1647 1493 4715 1648 1491 4716 1636 1483 4717 1632 1482 4718 1644 1488 4719 1636 1483 4720 1648 1491 4721 1649 1494 4722 1647 1493 4723 1635 1492 4724 1650 1495 4725 1647 1493 4726 1649 1494 4727 1652 1496 4728 1654 1497 4729 1651 1498 4730 1652 1496 4731 1634 1499 4732 1653 1500 4733 1649 1494 4734 1634 1499 4735 1652 1496 4736 1653 1500 4737 1633 1501 4738 1640 263 4739 1637 1481 4740 1640 263 4741 1633 1501 4742 1651 1498 4743 1654 1497 4744 1655 1502 4745 1651 1498 4746 1646 1503 4747 1650 1495 4748 1650 1495 4749 1646 1503 4750 1645 1490 4751 1637 25 4752 1642 25 4753 1638 25 4754 1647 26 4755 1644 26 4756 1648 26 4757 1651 27 4758 1649 27 4759 1652 27 4760 1657 0 4761 1659 0 4762 1656 0 4763 1656 1504 4764 1661 455 4765 1657 1505 4766 1656 1504 4767 1662 1506 4768 1660 1507 4769 1659 1508 4770 1662 1506 4771 1656 1504 4772 1659 1508 4773 1664 1509 4774 1663 1510 4775 1658 1511 4776 1664 1509 4777 1659 1508 4778 1658 1511 4779 1666 1512 4780 1665 1513 4781 1657 1505 4782 1666 1512 4783 1658 1511 4784 1667 1514 4785 1657 1505 4786 1661 455 4787 1667 1514 4788 1669 1515 4789 1668 176 4790 1670 1516 4791 1660 1507 4792 1662 1506 4793 1673 1517 4794 1674 1518 4795 1672 1519 4796 1670 1516 4797 1673 1517 4798 1671 1520 4799 1675 1521 4800 1671 1520 4801 1673 1517 4802 1675 1521 4803 1668 176 4804 1669 1515 4805 1676 1522 4806 1672 1519 4807 1674 1518 4808 1672 1519 4809 1678 1523 4810 1677 1524 4811 1676 1522 4812 1663 1510 4813 1664 1509 4814 1679 1525 4815 1665 1513 4816 1666 1512 4817 1679 1525 4818 1677 1524 4819 1678 1523 4820 1671 25 4821 1661 25 4822 1660 25 4823 1670 26 4824 1663 26 4825 1674 26 4826 1664 27 4827 1678 27 4828 1676 27 4829 1681 0 4830 1683 0 4831 1680 0 4832 1680 1526 4833 1685 1527 4834 1681 1528 4835 1680 1526 4836 1686 1529 4837 1684 1530 4838 1683 1531 4839 1686 1529 4840 1680 1526 4841 1683 1531 4842 1688 1409 4843 1687 1532 4844 1682 1533 4845 1688 1409 4846 1683 1531 4847 1682 1533 4848 1690 1534 4849 1689 1535 4850 1681 1528 4851 1690 1534 4852 1682 1533 4853 1691 1536 4854 1681 1528 4855 1685 1527 4856 1691 1536 4857 1693 373 4858 1692 374 4859 1694 1537 4860 1684 1530 4861 1686 1529 4862 1697 1538 4863 1698 1539 4864 1696 1418 4865 1694 1537 4866 1697 1538 4867 1695 1540 4868 1699 470 4869 1695 1540 4870 1697 1538 4871 1699 470 4872 1692 374 4873 1693 373 4874 1700 1420 4875 1696 1418 4876 1698 1539 4877 1696 1418 4878 1702 1541 4879 1701 1542 4880 1700 1420 4881 1687 1532 4882 1688 1409 4883 1703 1543 4884 1689 1535 4885 1690 1534 4886 1703 1543 4887 1701 1542 4888 1702 1541 4889 1695 25 4890 1685 25 4891 1684 25 4892 1694 26 4893 1687 26 4894 1698 26 4895 1688 27 4896 1702 27 4897 1700 27 4898 1705 0 4899 1707 0 4900 1704 0 4901 1709 1544 4902 1704 1545 4903 1708 1546 4904 1710 1547 4905 1712 1548 4906 1709 1544 4907 1710 1547 4908 1713 1549 4909 1711 1550 4910 1714 1551 4911 1713 1549 4912 1710 1547 4913 1716 1552 4914 1715 1553 4915 1714 1551 4916 1717 601 4917 1715 1553 4918 1716 1552 4919 1720 1554 4920 1707 603 4921 1719 604 4922 1720 1554 4923 1708 1546 4924 1704 1545 4925 1716 1552 4926 1708 1546 4927 1720 1554 4928 1721 1555 4929 1719 604 4930 1707 603 4931 1722 1556 4932 1719 604 4933 1721 1555 4934 1724 1557 4935 1726 608 4936 1723 1558 4937 1724 1557 4938 1706 1559 4939 1725 611 4940 1721 1555 4941 1706 1559 4942 1724 1557 4943 1725 611 4944 1705 1560 4945 1712 1548 4946 1709 1544 4947 1712 1548 4948 1705 1560 4949 1723 1558 4950 1726 608 4951 1727 613 4952 1723 1558 4953 1718 1561 4954 1722 1556 4955 1722 1556 4956 1718 1561 4957 1717 601 4958 1709 25 4959 1714 25 4960 1710 25 4961 1719 26 4962 1716 26 4963 1720 26 4964 1723 27 4965 1721 27 4966 1724 27 4967 1729 0 4968 1731 0 4969 1728 0 4970 1728 1562 4971 1733 1563 4972 1729 1564 4973 1728 1562 4974 1734 1565 4975 1732 1566 4976 1731 1567 4977 1734 1565 4978 1728 1562 4979 1731 1567 4980 1736 1568 4981 1735 1569 4982 1730 1570 4983 1736 1568 4984 1731 1567 4985 1730 1570 4986 1738 1571 4987 1737 1572 4988 1729 1564 4989 1738 1571 4990 1730 1570 4991 1739 154 4992 1729 1564 4993 1733 1563 4994 1739 154 4995 1741 1573 4996 1740 111 4997 1742 155 4998 1732 1566 4999 1734 1565 5000 1745 1574 5001 1746 1575 5002 1744 1576 5003 1742 155 5004 1745 1574 5005 1743 1577 5006 1747 1578 5007 1743 1577 5008 1745 1574 5009 1747 1578 5010 1740 111 5011 1741 1573 5012 1748 1579 5013 1744 1576 5014 1746 1575 5015 1744 1576 5016 1750 1580 5017 1749 1581 5018 1748 1579 5019 1735 1569 5020 1736 1568 5021 1751 1582 5022 1737 1572 5023 1738 1571 5024 1751 1582 5025 1749 1581 5026 1750 1580 5027 1743 25 5028 1733 25 5029 1732 25 5030 1742 26 5031 1735 26 5032 1746 26 5033 1736 27 5034 1750 27 5035 1748 27 5036 1753 0 5037 1755 0 5038 1752 0 5039 1757 1583 5040 1752 1584 5041 1756 1585 5042 1758 1586 5043 1760 1587 5044 1757 1583 5045 1758 1586 5046 1761 1588 5047 1759 1589 5048 1762 1590 5049 1761 1588 5050 1758 1586 5051 1764 1591 5052 1763 736 5053 1762 1590 5054 1765 1592 5055 1763 736 5056 1764 1591 5057 1768 1593 5058 1755 1594 5059 1767 1595 5060 1768 1593 5061 1756 1585 5062 1752 1584 5063 1764 1591 5064 1756 1585 5065 1768 1593 5066 1769 1596 5067 1767 1595 5068 1755 1594 5069 1770 1597 5070 1767 1595 5071 1769 1596 5072 1772 1598 5073 1774 1599 5074 1771 1600 5075 1772 1598 5076 1754 1601 5077 1773 1602 5078 1769 1596 5079 1754 1601 5080 1772 1598 5081 1773 1602 5082 1753 1603 5083 1760 1587 5084 1757 1583 5085 1760 1587 5086 1753 1603 5087 1771 1600 5088 1774 1599 5089 1775 1604 5090 1771 1600 5091 1766 747 5092 1770 1597 5093 1770 1597 5094 1766 747 5095 1765 1592 5096 1757 25 5097 1762 25 5098 1758 25 5099 1767 26 5100 1764 26 5101 1768 26 5102 1771 27 5103 1769 27 5104 1772 27 5105 1777 0 5106 1779 0 5107 1776 0 5108 1776 28 5109 1781 29 5110 1777 101 5111 1776 28 5112 1782 1605 5113 1780 32 5114 1779 1606 5115 1782 1605 5116 1776 28 5117 1779 1606 5118 1784 1607 5119 1783 1608 5120 1778 107 5121 1784 1607 5122 1779 1606 5123 1778 107 5124 1786 1609 5125 1785 1610 5126 1777 101 5127 1786 1609 5128 1778 107 5129 1787 39 5130 1777 101 5131 1781 29 5132 1787 39 5133 1789 40 5134 1788 41 5135 1790 42 5136 1780 32 5137 1782 1605 5138 1793 1611 5139 1794 1612 5140 1792 115 5141 1790 42 5142 1793 1611 5143 1791 46 5144 1795 47 5145 1791 46 5146 1793 1611 5147 1795 47 5148 1788 41 5149 1789 40 5150 1796 1613 5151 1792 115 5152 1794 1612 5153 1792 115 5154 1798 118 5155 1797 119 5156 1796 1613 5157 1783 1608 5158 1784 1607 5159 1799 120 5160 1785 1610 5161 1786 1609 5162 1799 120 5163 1797 119 5164 1798 118 5165 1791 25 5166 1781 25 5167 1780 25 5168 1790 26 5169 1783 26 5170 1794 26 5171 1784 27 5172 1798 27 5173 1796 27 5174 1801 0 5175 1803 0 5176 1800 0 5177 1800 1614 5178 1805 1615 5179 1801 1616 5180 1800 1614 5181 1806 1617 5182 1804 1618 5183 1803 1619 5184 1806 1617 5185 1800 1614 5186 1803 1619 5187 1808 1140 5188 1807 1141 5189 1802 1142 5190 1808 1140 5191 1803 1619 5192 1802 1142 5193 1810 1620 5194 1809 1144 5195 1801 1616 5196 1810 1620 5197 1802 1142 5198 1811 1621 5199 1801 1616 5200 1805 1615 5201 1811 1621 5202 1813 1622 5203 1812 1623 5204 1814 1624 5205 1804 1618 5206 1806 1617 5207 1817 1625 5208 1818 1626 5209 1816 1151 5210 1814 1624 5211 1817 1625 5212 1815 1627 5213 1819 1628 5214 1815 1627 5215 1817 1625 5216 1819 1628 5217 1812 1623 5218 1813 1622 5219 1820 1154 5220 1816 1151 5221 1818 1626 5222 1816 1151 5223 1822 1629 5224 1821 1630 5225 1820 1154 5226 1807 1141 5227 1808 1140 5228 1823 1631 5229 1809 1144 5230 1810 1620 5231 1823 1631 5232 1821 1630 5233 1822 1629 5234 1815 25 5235 1805 25 5236 1804 25 5237 1814 26 5238 1807 26 5239 1818 26 5240 1808 27 5241 1822 27 5242 1820 27 5243 1825 0 5244 1827 0 5245 1824 0 5246 1829 1632 5247 1824 1633 5248 1828 1634 5249 1830 340 5250 1832 1288 5251 1829 1632 5252 1830 340 5253 1833 1635 5254 1831 343 5255 1834 1636 5256 1833 1635 5257 1830 340 5258 1836 1291 5259 1835 1292 5260 1834 1636 5261 1837 1637 5262 1835 1292 5263 1836 1291 5264 1840 1294 5265 1827 1638 5266 1839 1639 5267 1840 1294 5268 1828 1634 5269 1824 1633 5270 1836 1291 5271 1828 1634 5272 1840 1294 5273 1841 1640 5274 1839 1639 5275 1827 1638 5276 1842 1641 5277 1839 1639 5278 1841 1640 5279 1844 1384 5280 1846 763 5281 1843 1642 5282 1844 1384 5283 1826 1643 5284 1845 1177 5285 1841 1640 5286 1826 1643 5287 1844 1384 5288 1845 1177 5289 1825 1304 5290 1832 1288 5291 1829 1632 5292 1832 1288 5293 1825 1304 5294 1843 1642 5295 1846 763 5296 1847 1387 5297 1843 1642 5298 1838 1644 5299 1842 1641 5300 1842 1641 5301 1838 1644 5302 1837 1637 5303 1829 25 5304 1834 25 5305 1830 25 5306 1839 26 5307 1836 26 5308 1840 26 5309 1843 27 5310 1841 27 5311 1844 27 5312 1849 0 5313 1851 0 5314 1848 0 5315 1853 1645 5316 1848 1646 5317 1852 1647 5318 1854 1648 5319 1856 1649 5320 1853 1645 5321 1854 1648 5322 1857 1650 5323 1855 1651 5324 1858 1652 5325 1857 1650 5326 1854 1648 5327 1860 1653 5328 1859 1654 5329 1858 1652 5330 1861 1655 5331 1859 1654 5332 1860 1653 5333 1864 1656 5334 1851 1657 5335 1863 1658 5336 1864 1656 5337 1852 1647 5338 1848 1646 5339 1860 1653 5340 1852 1647 5341 1864 1656 5342 1865 1659 5343 1863 1658 5344 1851 1657 5345 1865 1659 5346 1861 1655 5347 1863 1658 5348 1867 1660 5349 1869 1661 5350 1870 1662 5351 1868 1663 5352 1850 1664 5353 1869 1661 5354 1865 1659 5355 1850 1664 5356 1868 1663 5357 1869 1661 5358 1849 1665 5359 1856 1649 5360 1853 1645 5361 1856 1649 5362 1849 1665 5363 1867 1660 5364 1870 1662 5365 1871 1666 5366 1867 1660 5367 1862 1667 5368 1866 1668 5369 1866 1668 5370 1862 1667 5371 1861 1655 5372 1853 1669 5373 1858 1670 5374 1854 25 5375 1863 26 5376 1860 26 5377 1864 26 5378 1868 1671 5379 1866 1672 5380 1865 1673 5381 1873 0 5382 1875 0 5383 1872 0 5384 1872 1674 5385 1877 1675 5386 1873 1676 5387 1872 1674 5388 1878 1677 5389 1876 1678 5390 1875 1679 5391 1878 1677 5392 1872 1674 5393 1875 1679 5394 1880 1680 5395 1879 1681 5396 1874 1682 5397 1880 1680 5398 1875 1679 5399 1874 1682 5400 1882 1683 5401 1881 1684 5402 1873 1676 5403 1882 1683 5404 1874 1682 5405 1883 1685 5406 1873 1676 5407 1877 1675 5408 1883 1685 5409 1885 1686 5410 1884 320 5411 1886 1687 5412 1876 1678 5413 1878 1677 5414 1889 1688 5415 1890 1689 5416 1888 1690 5417 1886 1687 5418 1889 1688 5419 1887 1691 5420 1891 1692 5421 1887 1691 5422 1889 1688 5423 1891 1692 5424 1884 320 5425 1885 1686 5426 1892 1693 5427 1888 1690 5428 1890 1689 5429 1888 1690 5430 1894 1694 5431 1893 1695 5432 1892 1693 5433 1879 1681 5434 1880 1680 5435 1895 1696 5436 1881 1684 5437 1882 1683 5438 1895 1696 5439 1893 1695 5440 1894 1694 5441 1887 25 5442 1877 25 5443 1876 25 5444 1886 26 5445 1879 26 5446 1890 26 5447 1880 27 5448 1894 27 5449 1892 27 5450 1897 0 5451 1899 0 5452 1896 0 5453 1901 1697 5454 1896 1698 5455 1900 1699 5456 1902 1067 5457 1904 1700 5458 1901 1697 5459 1902 1067 5460 1905 1701 5461 1903 1702 5462 1906 1703 5463 1905 1701 5464 1902 1067 5465 1908 1704 5466 1907 1705 5467 1906 1703 5468 1909 1706 5469 1907 1705 5470 1908 1704 5471 1912 1707 5472 1899 1708 5473 1911 1709 5474 1912 1707 5475 1900 1699 5476 1896 1698 5477 1908 1704 5478 1900 1699 5479 1912 1707 5480 1913 1710 5481 1911 1709 5482 1899 1708 5483 1914 1711 5484 1911 1709 5485 1913 1710 5486 1916 1712 5487 1918 1713 5488 1915 1714 5489 1916 1712 5490 1898 1715 5491 1917 1716 5492 1913 1710 5493 1898 1715 5494 1916 1712 5495 1917 1716 5496 1897 1717 5497 1904 1700 5498 1901 1697 5499 1904 1700 5500 1897 1717 5501 1915 1714 5502 1918 1713 5503 1919 1718 5504 1915 1714 5505 1910 1719 5506 1914 1711 5507 1914 1711 5508 1910 1719 5509 1909 1706 5510 1901 25 5511 1906 25 5512 1902 25 5513 1911 26 5514 1908 26 5515 1912 26 5516 1915 27 5517 1913 27 5518 1916 27 5519 1921 0 5520 1923 0 5521 1920 0 5522 1925 1544 5523 1920 1720 5524 1924 1546 5525 1926 1547 5526 1928 1721 5527 1925 1544 5528 1926 1547 5529 1929 1549 5530 1927 1550 5531 1930 1551 5532 1929 1549 5533 1926 1547 5534 1932 1722 5535 1931 1723 5536 1930 1551 5537 1933 1724 5538 1931 1723 5539 1932 1722 5540 1936 1725 5541 1923 1726 5542 1935 1727 5543 1936 1725 5544 1924 1546 5545 1920 1720 5546 1932 1722 5547 1924 1546 5548 1936 1725 5549 1937 1728 5550 1935 1727 5551 1923 1726 5552 1938 1729 5553 1935 1727 5554 1937 1728 5555 1940 1730 5556 1942 1731 5557 1939 1732 5558 1940 1730 5559 1922 1733 5560 1941 1734 5561 1937 1728 5562 1922 1733 5563 1940 1730 5564 1941 1734 5565 1921 1735 5566 1928 1721 5567 1925 1544 5568 1928 1721 5569 1921 1735 5570 1939 1732 5571 1942 1731 5572 1943 1736 5573 1939 1732 5574 1934 1737 5575 1938 1729 5576 1938 1729 5577 1934 1737 5578 1933 1724 5579 1925 25 5580 1930 25 5581 1926 25 5582 1935 26 5583 1932 26 5584 1936 26 5585 1939 27 5586 1937 27 5587 1940 27 5588 1945 0 5589 1947 0 5590 1944 0 5591 1949 1738 5592 1944 1739 5593 1948 1740 5594 1950 1741 5595 1952 1742 5596 1949 1738 5597 1950 1741 5598 1953 1743 5599 1951 1744 5600 1954 1745 5601 1953 1743 5602 1950 1741 5603 1956 1746 5604 1955 1747 5605 1954 1745 5606 1957 1378 5607 1955 1747 5608 1956 1746 5609 1960 1748 5610 1947 1749 5611 1959 1381 5612 1960 1748 5613 1948 1740 5614 1944 1739 5615 1956 1746 5616 1948 1740 5617 1960 1748 5618 1961 1750 5619 1959 1381 5620 1947 1749 5621 1962 1751 5622 1959 1381 5623 1961 1750 5624 1964 1752 5625 1966 763 5626 1963 1753 5627 1964 1752 5628 1946 1754 5629 1965 1177 5630 1961 1750 5631 1946 1754 5632 1964 1752 5633 1965 1177 5634 1945 1755 5635 1952 1742 5636 1949 1738 5637 1952 1742 5638 1945 1755 5639 1963 1753 5640 1966 763 5641 1967 1756 5642 1963 1753 5643 1958 1757 5644 1962 1751 5645 1962 1751 5646 1958 1757 5647 1957 1378 5648 1949 25 5649 1954 25 5650 1950 25 5651 1959 26 5652 1956 26 5653 1960 26 5654 1963 27 5655 1961 27 5656 1964 27 5657 1969 0 5658 1971 0 5659 1968 0 5660 1968 1758 5661 1973 1759 5662 1969 1760 5663 1968 1758 5664 1974 1761 5665 1972 1762 5666 1971 1763 5667 1974 1761 5668 1968 1758 5669 1971 1763 5670 1976 1764 5671 1975 1765 5672 1970 1766 5673 1976 1764 5674 1971 1763 5675 1970 1766 5676 1978 1767 5677 1977 1768 5678 1969 1760 5679 1978 1767 5680 1970 1766 5681 1979 1769 5682 1969 1760 5683 1973 1759 5684 1979 1769 5685 1981 1770 5686 1980 320 5687 1982 1771 5688 1972 1762 5689 1974 1761 5690 1985 1772 5691 1986 1773 5692 1984 1774 5693 1982 1771 5694 1985 1772 5695 1983 1775 5696 1987 1776 5697 1983 1775 5698 1985 1772 5699 1987 1776 5700 1980 320 5701 1981 1770 5702 1988 1777 5703 1984 1774 5704 1986 1773 5705 1984 1774 5706 1990 1778 5707 1989 1779 5708 1988 1777 5709 1975 1765 5710 1976 1764 5711 1991 1780 5712 1977 1768 5713 1978 1767 5714 1991 1780 5715 1989 1779 5716 1990 1778 5717 1983 25 5718 1973 25 5719 1972 25 5720 1982 26 5721 1975 26 5722 1986 26 5723 1976 27 5724 1990 27 5725 1988 27 5726 1993 0 5727 1995 0 5728 1992 0 5729 1992 1781 5730 1997 432 5731 1993 1782 5732 1992 1781 5733 1998 1783 5734 1996 435 5735 1995 1784 5736 1998 1783 5737 1992 1781 5738 1995 1784 5739 2000 1785 5740 1999 1786 5741 1994 1787 5742 2000 1785 5743 1995 1784 5744 1994 1787 5745 2002 1788 5746 2001 892 5747 1993 1782 5748 2002 1788 5749 1994 1787 5750 2003 1789 5751 1993 1782 5752 1997 432 5753 2003 1789 5754 2005 443 5755 2004 320 5756 2006 444 5757 1996 435 5758 1998 1783 5759 2009 1790 5760 2010 1791 5761 2008 899 5762 2006 444 5763 2009 1790 5764 2007 448 5765 2011 449 5766 2007 448 5767 2009 1790 5768 2011 449 5769 2004 320 5770 2005 443 5771 2012 902 5772 2008 899 5773 2010 1791 5774 2008 899 5775 2014 1792 5776 2013 1793 5777 2012 902 5778 1999 1786 5779 2000 1785 5780 2015 1794 5781 2001 892 5782 2002 1788 5783 2015 1794 5784 2013 1793 5785 2014 1792 5786 2007 25 5787 1997 25 5788 1996 25 5789 2006 26 5790 1999 26 5791 2010 26 5792 2000 27 5793 2014 27 5794 2012 27 5795 2017 0 5796 2019 0 5797 2016 0 5798 2021 1795 5799 2016 1796 5800 2020 1797 5801 2022 1798 5802 2024 1288 5803 2021 1795 5804 2022 1798 5805 2025 1799 5806 2023 343 5807 2026 1800 5808 2025 1799 5809 2022 1798 5810 2028 1801 5811 2027 1802 5812 2026 1800 5813 2029 1803 5814 2027 1802 5815 2028 1801 5816 2032 1804 5817 2019 1805 5818 2031 1806 5819 2032 1804 5820 2020 1797 5821 2016 1796 5822 2028 1801 5823 2020 1797 5824 2032 1804 5825 2033 1807 5826 2031 1806 5827 2019 1805 5828 2034 873 5829 2031 1806 5830 2033 1807 5831 2036 1808 5832 2038 1809 5833 2035 1810 5834 2036 1808 5835 2018 1811 5836 2037 1812 5837 2033 1807 5838 2018 1811 5839 2036 1808 5840 2037 1812 5841 2017 1813 5842 2024 1288 5843 2021 1795 5844 2024 1288 5845 2017 1813 5846 2035 1810 5847 2038 1809 5848 2039 1814 5849 2035 1810 5850 2030 1815 5851 2034 873 5852 2034 873 5853 2030 1815 5854 2029 1803 5855 2021 25 5856 2026 25 5857 2022 25 5858 2031 26 5859 2028 26 5860 2032 26 5861 2035 27 5862 2033 27 5863 2036 27 5864 2041 0 5865 2043 0 5866 2040 0 5867 2045 1816 5868 2040 1817 5869 2044 213 5870 2046 1818 5871 2048 1819 5872 2045 1816 5873 2046 1818 5874 2049 1820 5875 2047 1821 5876 2050 218 5877 2049 1820 5878 2046 1818 5879 2052 1822 5880 2051 1823 5881 2050 218 5882 2053 1824 5883 2051 1823 5884 2052 1822 5885 2056 1825 5886 2043 1826 5887 2055 1827 5888 2056 1825 5889 2044 213 5890 2040 1817 5891 2052 1822 5892 2044 213 5893 2056 1825 5894 2057 1828 5895 2055 1827 5896 2043 1826 5897 2058 1729 5898 2055 1827 5899 2057 1828 5900 2060 1829 5901 2062 1830 5902 2059 1831 5903 2060 1829 5904 2042 1832 5905 2061 1833 5906 2057 1828 5907 2042 1832 5908 2060 1829 5909 2061 1833 5910 2041 1834 5911 2048 1819 5912 2045 1816 5913 2048 1819 5914 2041 1834 5915 2059 1831 5916 2062 1830 5917 2063 637 5918 2059 1831 5919 2054 1835 5920 2058 1729 5921 2058 1729 5922 2054 1835 5923 2053 1824 5924 2045 25 5925 2050 25 5926 2046 25 5927 2055 26 5928 2052 26 5929 2056 26 5930 2059 27 5931 2057 27 5932 2060 27 5933 2065 0 5934 2067 0 5935 2064 0 5936 2064 1836 5937 2069 1837 5938 2065 1838 5939 2064 1836 5940 2070 1839 5941 2068 1840 5942 2067 1841 5943 2070 1839 5944 2064 1836 5945 2067 1841 5946 2072 1842 5947 2071 1843 5948 2066 1844 5949 2072 1842 5950 2067 1841 5951 2066 1844 5952 2074 1845 5953 2073 1846 5954 2065 1838 5955 2074 1845 5956 2066 1844 5957 2075 1847 5958 2065 1838 5959 2069 1837 5960 2075 1847 5961 2077 1848 5962 2076 1849 5963 2078 1850 5964 2068 1840 5965 2070 1839 5966 2081 1851 5967 2082 1852 5968 2080 1853 5969 2078 1850 5970 2081 1851 5971 2079 1854 5972 2083 1855 5973 2079 1854 5974 2081 1851 5975 2083 1855 5976 2076 1849 5977 2077 1848 5978 2084 48 5979 2080 1853 5980 2082 1852 5981 2080 1853 5982 2086 49 5983 2085 50 5984 2084 48 5985 2071 1843 5986 2072 1842 5987 2087 51 5988 2073 1846 5989 2074 1845 5990 2087 51 5991 2085 50 5992 2086 49 5993 2079 25 5994 2069 25 5995 2068 25 5996 2078 26 5997 2071 26 5998 2082 26 5999 2072 27 6000 2086 27 6001 2084 27 6002 2089 0 6003 2091 0 6004 2088 0 6005 2093 728 6006 2088 1856 6007 2092 1446 6008 2094 1447 6009 2096 732 6010 2093 728 6011 2094 1447 6012 2097 733 6013 2095 1210 6014 2098 1449 6015 2097 733 6016 2094 1447 6017 2100 1212 6018 2099 1857 6019 2098 1449 6020 2101 11 6021 2099 1857 6022 2100 1212 6023 2104 1214 6024 2091 13 6025 2103 14 6026 2104 1214 6027 2092 1446 6028 2088 1856 6029 2100 1212 6030 2092 1446 6031 2104 1214 6032 2105 15 6033 2103 14 6034 2091 13 6035 2106 16 6036 2103 14 6037 2105 15 6038 2108 17 6039 2110 18 6040 2107 19 6041 2108 17 6042 2090 20 6043 2109 21 6044 2105 15 6045 2090 20 6046 2108 17 6047 2109 21 6048 2089 746 6049 2096 732 6050 2093 728 6051 2096 732 6052 2089 746 6053 2107 19 6054 2110 18 6055 2111 23 6056 2107 19 6057 2102 24 6058 2106 16 6059 2106 16 6060 2102 24 6061 2101 11 6062 2093 25 6063 2098 25 6064 2094 25 6065 2103 26 6066 2100 26 6067 2104 26 6068 2107 27 6069 2105 27 6070 2108 27 6071 2113 0 6072 2115 0 6073 2112 0 6074 2112 1858 6075 2117 1859 6076 2113 1860 6077 2112 1858 6078 2118 1861 6079 2116 1862 6080 2115 1863 6081 2118 1861 6082 2112 1858 6083 2115 1863 6084 2120 1864 6085 2119 1865 6086 2114 1866 6087 2120 1864 6088 2115 1863 6089 2114 1866 6090 2122 1867 6091 2121 1868 6092 2113 1860 6093 2122 1867 6094 2114 1866 6095 2123 1869 6096 2113 1860 6097 2117 1859 6098 2123 1869 6099 2125 959 6100 2124 960 6101 2126 1870 6102 2116 1862 6103 2118 1861 6104 2129 1871 6105 2130 1872 6106 2128 1873 6107 2126 1870 6108 2129 1871 6109 2127 1874 6110 2131 1875 6111 2127 1874 6112 2129 1871 6113 2131 1875 6114 2124 960 6115 2125 959 6116 2132 1876 6117 2128 1873 6118 2130 1872 6119 2128 1873 6120 2134 1877 6121 2133 1878 6122 2132 1876 6123 2119 1865 6124 2120 1864 6125 2135 1879 6126 2121 1868 6127 2122 1867 6128 2135 1879 6129 2133 1878 6130 2134 1877 6131 2127 25 6132 2117 25 6133 2116 25 6134 2126 26 6135 2119 26 6136 2130 26 6137 2120 27 6138 2134 27 6139 2132 27 6140 2137 0 6141 2139 0 6142 2136 0 6143 2136 1880 6144 2141 1881 6145 2137 1882 6146 2136 1880 6147 2142 1883 6148 2140 1507 6149 2139 1884 6150 2142 1883 6151 2136 1880 6152 2139 1884 6153 2144 105 6154 2143 1885 6155 2138 1886 6156 2144 105 6157 2139 1884 6158 2138 1886 6159 2146 1887 6160 2145 109 6161 2137 1882 6162 2146 1887 6163 2138 1886 6164 2147 1888 6165 2137 1882 6166 2141 1881 6167 2147 1888 6168 2149 1515 6169 2148 176 6170 2150 1889 6171 2140 1507 6172 2142 1883 6173 2153 1890 6174 2154 1891 6175 2152 1892 6176 2150 1889 6177 2153 1890 6178 2151 181 6179 2155 470 6180 2151 181 6181 2153 1890 6182 2155 470 6183 2148 176 6184 2149 1515 6185 2156 117 6186 2152 1892 6187 2154 1891 6188 2152 1892 6189 2158 118 6190 2157 119 6191 2156 117 6192 2143 1885 6193 2144 105 6194 2159 120 6195 2145 109 6196 2146 1887 6197 2159 120 6198 2157 119 6199 2158 118 6200 2151 25 6201 2141 25 6202 2140 25 6203 2150 26 6204 2143 26 6205 2154 26 6206 2144 27 6207 2158 27 6208 2156 27 6209 1 0 6210 2 0 6211 3 0 6212 5 1 6213 1 22 6214 0 2 6215 6 4 6216 7 7 6217 8 5 6218 10 8 6219 11 10 6220 9 6 6221 13 11 6222 14 24 6223 11 10 6224 16 12 6225 0 2 6226 3 13 6227 12 9 6228 10 8 6229 4 3 6230 18 16 6231 13 11 6232 15 14 6233 20 17 6234 21 21 6235 22 18 6236 17 15 6237 3 13 6238 2 20 6239 21 21 6240 2 20 6241 1 22 6242 19 19 6243 23 23 6244 14 24 6245 5 25 6246 4 25 6247 10 25 6248 15 26 6249 13 26 6250 12 26 6251 19 27 6252 18 27 6253 17 27 6254 25 0 6255 26 0 6256 27 0 6257 24 28 6258 28 32 6259 29 29 6260 27 33 6261 31 35 6262 30 31 6263 26 36 6264 33 38 6265 32 34 6266 25 30 6267 35 39 6268 34 37 6269 35 39 6270 29 29 6271 37 40 6272 38 42 6273 39 46 6274 28 32 6275 41 43 6276 38 42 6277 42 44 6278 43 47 6279 37 40 6280 39 46 6281 40 45 6282 44 48 6283 46 49 6284 44 48 6285 42 44 6286 31 35 6287 47 51 6288 46 49 6289 33 38 6290 39 25 6291 37 25 6292 29 25 6293 38 26 6294 30 26 6295 31 26 6296 32 27 6297 33 27 6298 46 27 6299 49 0 6300 50 0 6301 51 0 6302 48 52 6303 52 56 6304 53 53 6305 51 57 6306 55 59 6307 54 55 6308 50 60 6309 57 62 6310 56 58 6311 49 54 6312 59 63 6313 58 61 6314 59 63 6315 53 53 6316 61 64 6317 62 66 6318 63 70 6319 52 56 6320 65 67 6321 62 66 6322 66 68 6323 67 71 6324 61 64 6325 63 70 6326 64 69 6327 68 72 6328 70 73 6329 68 72 6330 66 68 6331 55 59 6332 71 75 6333 70 73 6334 57 62 6335 63 25 6336 61 25 6337 53 25 6338 62 26 6339 54 26 6340 55 26 6341 56 27 6342 57 27 6343 70 27 6344 73 0 6345 74 0 6346 75 0 6347 77 76 6348 73 97 6349 72 77 6350 78 79 6351 79 82 6352 80 80 6353 82 83 6354 83 85 6355 81 81 6356 85 86 6357 86 99 6358 83 85 6359 88 87 6360 72 77 6361 75 88 6362 84 84 6363 82 83 6364 76 78 6365 90 91 6366 85 86 6367 87 89 6368 92 92 6369 93 96 6370 94 93 6371 89 90 6372 75 88 6373 74 95 6374 93 96 6375 74 95 6376 73 97 6377 91 94 6378 95 98 6379 86 99 6380 77 25 6381 76 25 6382 82 25 6383 87 26 6384 85 26 6385 84 26 6386 91 27 6387 90 27 6388 89 27 6389 97 0 6390 98 0 6391 99 0 6392 96 100 6393 100 103 6394 101 29 6395 99 104 6396 103 106 6397 102 102 6398 98 107 6399 105 109 6400 104 105 6401 97 101 6402 107 39 6403 106 108 6404 107 39 6405 101 29 6406 109 110 6407 110 112 6408 111 116 6409 100 103 6410 113 113 6411 110 112 6412 114 114 6413 115 47 6414 109 110 6415 111 116 6416 112 115 6417 116 117 6418 118 118 6419 116 117 6420 114 114 6421 103 106 6422 119 120 6423 118 118 6424 105 109 6425 111 25 6426 109 25 6427 101 25 6428 110 26 6429 102 26 6430 103 26 6431 104 27 6432 105 27 6433 118 27 6434 121 0 6435 122 0 6436 123 0 6437 120 121 6438 124 125 6439 125 122 6440 123 126 6441 127 128 6442 126 124 6443 122 129 6444 129 131 6445 128 127 6446 121 123 6447 131 132 6448 130 130 6449 131 132 6450 125 122 6451 133 133 6452 134 135 6453 135 139 6454 124 125 6455 137 136 6456 134 135 6457 138 137 6458 139 140 6459 133 133 6460 135 139 6461 136 138 6462 140 141 6463 142 142 6464 140 141 6465 138 137 6466 127 128 6467 143 144 6468 142 142 6469 129 131 6470 135 25 6471 133 25 6472 125 25 6473 134 26 6474 126 26 6475 127 26 6476 128 27 6477 129 27 6478 142 27 6479 145 0 6480 146 0 6481 147 0 6482 144 145 6483 148 103 6484 149 29 6485 147 148 6486 151 150 6487 150 147 6488 146 151 6489 153 153 6490 152 149 6491 145 146 6492 155 154 6493 154 152 6494 155 154 6495 149 29 6496 157 110 6497 158 155 6498 159 116 6499 148 103 6500 161 156 6501 158 155 6502 162 157 6503 163 47 6504 157 110 6505 159 116 6506 160 158 6507 164 159 6508 166 160 6509 164 159 6510 162 157 6511 151 150 6512 167 162 6513 166 160 6514 153 153 6515 159 25 6516 157 25 6517 149 25 6518 158 26 6519 150 26 6520 151 26 6521 152 27 6522 153 27 6523 166 27 6524 169 0 6525 170 0 6526 171 0 6527 168 163 6528 172 167 6529 173 164 6530 171 168 6531 175 170 6532 174 166 6533 170 171 6534 177 173 6535 176 169 6536 169 165 6537 179 174 6538 178 172 6539 179 174 6540 173 164 6541 181 175 6542 182 177 6543 183 181 6544 172 167 6545 185 178 6546 182 177 6547 186 179 6548 187 182 6549 181 175 6550 183 181 6551 184 180 6552 188 183 6553 190 184 6554 188 183 6555 186 179 6556 175 170 6557 191 186 6558 190 184 6559 177 173 6560 183 25 6561 181 25 6562 173 25 6563 182 26 6564 174 26 6565 175 26 6566 176 27 6567 177 27 6568 190 27 6569 193 0 6570 194 0 6571 195 0 6572 192 187 6573 196 191 6574 197 188 6575 195 192 6576 199 194 6577 198 190 6578 194 195 6579 201 197 6580 200 193 6581 193 189 6582 203 198 6583 202 196 6584 203 198 6585 197 188 6586 205 199 6587 206 201 6588 207 205 6589 196 191 6590 209 202 6591 206 201 6592 210 203 6593 211 206 6594 205 199 6595 207 205 6596 208 204 6597 212 207 6598 214 208 6599 212 207 6600 210 203 6601 199 194 6602 215 210 6603 214 208 6604 201 197 6605 207 25 6606 205 25 6607 197 25 6608 206 26 6609 198 26 6610 199 26 6611 200 27 6612 201 27 6613 214 27 6614 217 0 6615 218 0 6616 219 0 6617 221 211 6618 217 232 6619 216 212 6620 222 214 6621 223 217 6622 224 215 6623 226 218 6624 227 220 6625 225 216 6626 229 221 6627 230 234 6628 227 220 6629 232 222 6630 216 212 6631 219 223 6632 228 219 6633 226 218 6634 220 213 6635 234 226 6636 229 221 6637 231 224 6638 236 227 6639 237 231 6640 238 228 6641 233 225 6642 219 223 6643 218 230 6644 237 231 6645 218 230 6646 217 232 6647 235 229 6648 239 233 6649 230 234 6650 221 25 6651 220 25 6652 226 25 6653 231 26 6654 229 26 6655 228 26 6656 235 27 6657 234 27 6658 233 27 6659 241 0 6660 242 0 6661 243 0 6662 245 235 6663 241 256 6664 240 236 6665 246 238 6666 247 241 6667 248 239 6668 250 242 6669 251 244 6670 249 240 6671 253 245 6672 254 258 6673 251 244 6674 256 246 6675 240 236 6676 243 247 6677 252 243 6678 250 242 6679 244 237 6680 258 250 6681 253 245 6682 255 248 6683 260 251 6684 261 255 6685 262 252 6686 257 249 6687 243 247 6688 242 254 6689 261 255 6690 242 254 6691 241 256 6692 259 253 6693 263 257 6694 254 258 6695 245 25 6696 244 25 6697 250 25 6698 255 26 6699 253 26 6700 252 26 6701 259 27 6702 258 27 6703 257 27 6704 265 0 6705 266 0 6706 267 0 6707 269 259 6708 265 280 6709 264 260 6710 270 262 6711 271 265 6712 272 263 6713 274 266 6714 275 268 6715 273 264 6716 277 269 6717 278 282 6718 275 268 6719 280 270 6720 264 260 6721 267 271 6722 276 267 6723 274 266 6724 268 261 6725 282 274 6726 277 269 6727 279 272 6728 284 275 6729 285 279 6730 286 276 6731 281 273 6732 267 271 6733 266 278 6734 285 279 6735 266 278 6736 265 280 6737 283 277 6738 287 281 6739 278 282 6740 269 25 6741 268 25 6742 274 25 6743 279 26 6744 277 26 6745 276 26 6746 283 27 6747 282 27 6748 281 27 6749 289 0 6750 290 0 6751 291 0 6752 288 283 6753 292 287 6754 293 284 6755 291 288 6756 295 290 6757 294 286 6758 290 291 6759 297 293 6760 296 289 6761 289 285 6762 299 294 6763 298 292 6764 299 294 6765 293 284 6766 301 295 6767 302 297 6768 303 301 6769 292 287 6770 305 298 6771 302 297 6772 306 299 6773 307 302 6774 301 295 6775 303 301 6776 304 300 6777 308 303 6778 310 304 6779 308 303 6780 306 299 6781 295 290 6782 311 306 6783 310 304 6784 297 293 6785 303 25 6786 301 25 6787 293 25 6788 302 26 6789 294 26 6790 295 26 6791 296 27 6792 297 27 6793 310 27 6794 313 0 6795 314 0 6796 315 0 6797 312 307 6798 316 311 6799 317 308 6800 315 312 6801 319 314 6802 318 310 6803 314 315 6804 321 317 6805 320 313 6806 313 309 6807 323 318 6808 322 316 6809 323 318 6810 317 308 6811 325 319 6812 326 321 6813 327 325 6814 316 311 6815 329 322 6816 326 321 6817 330 323 6818 331 326 6819 325 319 6820 327 325 6821 328 324 6822 332 327 6823 334 328 6824 332 327 6825 330 323 6826 319 314 6827 335 330 6828 334 328 6829 321 317 6830 327 25 6831 325 25 6832 317 25 6833 326 26 6834 318 26 6835 319 26 6836 320 27 6837 321 27 6838 334 27 6839 337 0 6840 338 0 6841 339 0 6842 341 331 6843 337 22 6844 336 332 6845 342 334 6846 343 7 6847 344 5 6848 346 336 6849 347 10 6850 345 335 6851 349 11 6852 350 24 6853 347 10 6854 352 12 6855 336 332 6856 339 13 6857 348 9 6858 346 336 6859 340 333 6860 354 16 6861 349 11 6862 351 14 6863 356 17 6864 357 21 6865 358 18 6866 353 15 6867 339 13 6868 338 20 6869 357 21 6870 338 20 6871 337 22 6872 355 19 6873 359 23 6874 350 24 6875 341 25 6876 340 25 6877 346 25 6878 351 26 6879 349 26 6880 348 26 6881 355 27 6882 354 27 6883 353 27 6884 361 0 6885 362 0 6886 363 0 6887 365 337 6888 361 358 6889 360 338 6890 366 340 6891 367 343 6892 368 341 6893 370 344 6894 371 346 6895 369 342 6896 373 347 6897 374 360 6898 371 346 6899 376 348 6900 360 338 6901 363 349 6902 372 345 6903 370 344 6904 364 339 6905 378 352 6906 373 347 6907 375 350 6908 380 353 6909 381 357 6910 382 354 6911 377 351 6912 363 349 6913 362 356 6914 381 357 6915 362 356 6916 361 358 6917 379 355 6918 383 359 6919 374 360 6920 365 25 6921 364 25 6922 370 25 6923 375 26 6924 373 26 6925 372 26 6926 379 27 6927 378 27 6928 377 27 6929 385 0 6930 386 0 6931 387 0 6932 384 361 6933 388 365 6934 389 362 6935 387 366 6936 391 368 6937 390 364 6938 386 369 6939 393 371 6940 392 367 6941 385 363 6942 395 372 6943 394 370 6944 395 372 6945 389 362 6946 397 373 6947 398 375 6948 399 379 6949 388 365 6950 401 376 6951 398 375 6952 402 377 6953 403 380 6954 397 373 6955 399 379 6956 400 378 6957 404 381 6958 406 382 6959 404 381 6960 402 377 6961 391 368 6962 407 384 6963 406 382 6964 393 371 6965 399 25 6966 397 25 6967 389 25 6968 398 26 6969 390 26 6970 391 26 6971 392 27 6972 393 27 6973 406 27 6974 409 0 6975 410 0 6976 411 0 6977 408 385 6978 412 389 6979 413 386 6980 411 390 6981 415 392 6982 414 388 6983 410 393 6984 417 395 6985 416 391 6986 409 387 6987 419 396 6988 418 394 6989 419 396 6990 413 386 6991 421 397 6992 422 399 6993 423 403 6994 412 389 6995 425 400 6996 422 399 6997 426 401 6998 427 404 6999 421 397 7000 423 403 7001 424 402 7002 428 405 7003 430 406 7004 428 405 7005 426 401 7006 415 392 7007 431 330 7008 430 406 7009 417 395 7010 423 25 7011 421 25 7012 413 25 7013 422 26 7014 414 26 7015 415 26 7016 416 27 7017 417 27 7018 430 27 7019 433 0 7020 434 0 7021 435 0 7022 432 407 7023 436 411 7024 437 408 7025 435 412 7026 439 414 7027 438 410 7028 434 415 7029 441 417 7030 440 413 7031 433 409 7032 443 418 7033 442 416 7034 443 418 7035 437 408 7036 445 419 7037 446 421 7038 447 425 7039 436 411 7040 449 422 7041 446 421 7042 450 423 7043 451 426 7044 445 419 7045 447 425 7046 448 424 7047 452 427 7048 454 428 7049 452 427 7050 450 423 7051 439 414 7052 455 430 7053 454 428 7054 441 417 7055 447 25 7056 445 25 7057 437 25 7058 446 26 7059 438 26 7060 439 26 7061 440 27 7062 441 27 7063 454 27 7064 457 0 7065 458 0 7066 459 0 7067 456 431 7068 460 435 7069 461 432 7070 459 436 7071 463 438 7072 462 434 7073 458 439 7074 465 441 7075 464 437 7076 457 433 7077 467 442 7078 466 440 7079 467 442 7080 461 432 7081 469 443 7082 470 444 7083 471 448 7084 460 435 7085 473 445 7086 470 444 7087 474 446 7088 475 449 7089 469 443 7090 471 448 7091 472 447 7092 476 450 7093 478 451 7094 476 450 7095 474 446 7096 463 438 7097 479 453 7098 478 451 7099 465 441 7100 471 25 7101 469 25 7102 461 25 7103 470 26 7104 462 26 7105 463 26 7106 464 27 7107 465 27 7108 478 27 7109 481 0 7110 482 0 7111 483 0 7112 480 454 7113 484 458 7114 485 455 7115 483 459 7116 487 128 7117 486 457 7118 482 460 7119 489 462 7120 488 313 7121 481 456 7122 491 463 7123 490 461 7124 491 463 7125 485 455 7126 493 464 7127 494 466 7128 495 469 7129 484 458 7130 497 467 7131 494 466 7132 498 137 7133 499 470 7134 493 464 7135 495 469 7136 496 468 7137 500 471 7138 502 472 7139 500 471 7140 498 137 7141 487 128 7142 503 144 7143 502 472 7144 489 462 7145 495 25 7146 493 25 7147 485 25 7148 494 26 7149 486 26 7150 487 26 7151 488 27 7152 489 27 7153 502 27 7154 505 0 7155 506 0 7156 507 0 7157 504 474 7158 508 478 7159 509 475 7160 507 479 7161 511 481 7162 510 477 7163 506 482 7164 513 109 7165 512 480 7166 505 476 7167 515 483 7168 514 108 7169 515 483 7170 509 475 7171 517 484 7172 518 486 7173 519 490 7174 508 478 7175 521 487 7176 518 486 7177 522 488 7178 523 491 7179 517 484 7180 519 490 7181 520 489 7182 524 492 7183 526 493 7184 524 492 7185 522 488 7186 511 481 7187 527 495 7188 526 493 7189 513 109 7190 519 25 7191 517 25 7192 509 25 7193 518 26 7194 510 26 7195 511 26 7196 512 27 7197 513 27 7198 526 27 7199 529 0 7200 530 0 7201 531 0 7202 528 496 7203 532 500 7204 533 497 7205 531 501 7206 535 59 7207 534 499 7208 530 503 7209 537 505 7210 536 502 7211 529 498 7212 539 506 7213 538 504 7214 539 506 7215 533 497 7216 541 507 7217 542 509 7218 543 513 7219 532 500 7220 545 510 7221 542 509 7222 546 511 7223 547 514 7224 541 507 7225 543 513 7226 544 512 7227 548 515 7228 550 516 7229 548 515 7230 546 511 7231 535 59 7232 551 518 7233 550 516 7234 537 505 7235 543 25 7236 541 25 7237 533 25 7238 542 26 7239 534 26 7240 535 26 7241 536 27 7242 537 27 7243 550 27 7244 553 0 7245 554 0 7246 555 0 7247 552 519 7248 556 523 7249 557 520 7250 555 524 7251 559 526 7252 558 522 7253 554 527 7254 561 529 7255 560 525 7256 553 521 7257 563 530 7258 562 528 7259 563 530 7260 557 520 7261 565 531 7262 566 533 7263 567 537 7264 556 523 7265 569 534 7266 566 533 7267 570 535 7268 571 538 7269 565 531 7270 567 537 7271 568 536 7272 572 539 7273 574 540 7274 572 539 7275 570 535 7276 559 526 7277 575 542 7278 574 540 7279 561 529 7280 567 25 7281 565 25 7282 557 25 7283 566 26 7284 558 26 7285 559 26 7286 560 27 7287 561 27 7288 574 27 7289 577 0 7290 578 0 7291 579 0 7292 576 543 7293 580 547 7294 581 544 7295 579 548 7296 583 550 7297 582 546 7298 578 551 7299 585 553 7300 584 549 7301 577 545 7302 587 554 7303 586 552 7304 587 554 7305 581 544 7306 589 555 7307 590 557 7308 591 561 7309 580 547 7310 593 558 7311 590 557 7312 594 559 7313 595 562 7314 589 555 7315 591 561 7316 592 560 7317 596 563 7318 598 564 7319 596 563 7320 594 559 7321 583 550 7322 599 566 7323 598 564 7324 585 553 7325 591 25 7326 589 25 7327 581 25 7328 590 26 7329 582 26 7330 583 26 7331 584 27 7332 585 27 7333 598 27 7334 601 0 7335 602 0 7336 603 0 7337 605 567 7338 601 588 7339 600 568 7340 606 570 7341 607 573 7342 608 571 7343 610 574 7344 611 576 7345 609 572 7346 613 577 7347 614 590 7348 611 576 7349 616 578 7350 600 568 7351 603 579 7352 612 575 7353 610 574 7354 604 569 7355 618 582 7356 613 577 7357 615 580 7358 620 583 7359 621 587 7360 622 584 7361 617 581 7362 603 579 7363 602 586 7364 621 587 7365 602 586 7366 601 588 7367 619 585 7368 623 589 7369 614 590 7370 605 25 7371 604 25 7372 610 25 7373 615 26 7374 613 26 7375 612 26 7376 619 27 7377 618 27 7378 617 27 7379 625 0 7380 626 0 7381 627 0 7382 629 591 7383 625 612 7384 624 592 7385 630 594 7386 631 597 7387 632 595 7388 634 598 7389 635 600 7390 633 596 7391 637 601 7392 638 614 7393 635 600 7394 640 602 7395 624 592 7396 627 603 7397 636 599 7398 634 598 7399 628 593 7400 642 606 7401 637 601 7402 639 604 7403 644 607 7404 645 611 7405 646 608 7406 641 605 7407 627 603 7408 626 610 7409 645 611 7410 626 610 7411 625 612 7412 643 609 7413 647 613 7414 638 614 7415 629 25 7416 628 25 7417 634 25 7418 639 26 7419 637 26 7420 636 26 7421 643 27 7422 642 27 7423 641 27 7424 649 0 7425 650 0 7426 651 0 7427 653 615 7428 649 636 7429 648 616 7430 654 618 7431 655 621 7432 656 619 7433 658 622 7434 659 624 7435 657 620 7436 661 625 7437 662 638 7438 659 624 7439 664 626 7440 648 616 7441 651 627 7442 660 623 7443 658 622 7444 652 617 7445 666 630 7446 661 625 7447 663 628 7448 668 631 7449 669 635 7450 670 632 7451 665 629 7452 651 627 7453 650 634 7454 669 635 7455 650 634 7456 649 636 7457 667 633 7458 671 637 7459 662 638 7460 653 25 7461 652 25 7462 658 25 7463 663 26 7464 661 26 7465 660 26 7466 667 27 7467 666 27 7468 665 27 7469 673 0 7470 674 0 7471 675 0 7472 677 639 7473 673 660 7474 672 640 7475 678 642 7476 679 645 7477 680 643 7478 682 646 7479 683 648 7480 681 644 7481 685 649 7482 686 662 7483 683 648 7484 688 650 7485 672 640 7486 675 651 7487 684 647 7488 682 646 7489 676 641 7490 690 654 7491 685 649 7492 687 652 7493 692 655 7494 693 659 7495 694 656 7496 689 653 7497 675 651 7498 674 658 7499 693 659 7500 674 658 7501 673 660 7502 691 657 7503 695 661 7504 686 662 7505 677 25 7506 676 25 7507 682 25 7508 687 26 7509 685 26 7510 684 26 7511 691 27 7512 690 27 7513 689 27 7514 697 0 7515 698 0 7516 699 0 7517 696 663 7518 700 667 7519 701 664 7520 699 668 7521 703 670 7522 702 666 7523 698 671 7524 705 673 7525 704 669 7526 697 665 7527 707 674 7528 706 672 7529 707 674 7530 701 664 7531 709 675 7532 710 677 7533 711 681 7534 700 667 7535 713 678 7536 710 677 7537 714 679 7538 715 682 7539 709 675 7540 711 681 7541 712 680 7542 716 683 7543 718 684 7544 716 683 7545 714 679 7546 703 670 7547 719 686 7548 718 684 7549 705 673 7550 711 25 7551 709 25 7552 701 25 7553 710 26 7554 702 26 7555 703 26 7556 704 27 7557 705 27 7558 718 27 7559 721 0 7560 722 0 7561 723 0 7562 720 687 7563 724 691 7564 725 688 7565 723 692 7566 727 694 7567 726 690 7568 722 695 7569 729 697 7570 728 693 7571 721 689 7572 731 698 7573 730 696 7574 731 698 7575 725 688 7576 733 699 7577 734 701 7578 735 705 7579 724 691 7580 737 702 7581 734 701 7582 738 703 7583 739 706 7584 733 699 7585 735 705 7586 736 704 7587 740 707 7588 742 708 7589 740 707 7590 738 703 7591 727 694 7592 743 710 7593 742 708 7594 729 697 7595 735 25 7596 733 25 7597 725 25 7598 734 26 7599 726 26 7600 727 26 7601 728 27 7602 729 27 7603 742 27 7604 745 0 7605 746 0 7606 747 0 7607 749 615 7608 745 636 7609 744 711 7610 750 618 7611 751 621 7612 752 619 7613 754 713 7614 755 715 7615 753 620 7616 757 716 7617 758 727 7618 755 715 7619 760 717 7620 744 711 7621 747 718 7622 756 714 7623 754 713 7624 748 712 7625 762 721 7626 757 716 7627 759 719 7628 764 722 7629 765 726 7630 766 723 7631 761 720 7632 747 718 7633 746 725 7634 765 726 7635 746 725 7636 745 636 7637 763 724 7638 767 233 7639 758 727 7640 749 25 7641 748 25 7642 754 25 7643 759 26 7644 757 26 7645 756 26 7646 763 27 7647 762 27 7648 761 27 7649 769 0 7650 770 0 7651 771 0 7652 773 728 7653 769 746 7654 768 729 7655 774 731 7656 775 217 7657 776 732 7658 778 734 7659 779 736 7660 777 733 7661 781 737 7662 782 747 7663 779 736 7664 784 738 7665 768 729 7666 771 739 7667 780 735 7668 778 734 7669 772 730 7670 786 742 7671 781 737 7672 783 740 7673 788 743 7674 789 745 7675 790 744 7676 785 741 7677 771 739 7678 770 20 7679 789 745 7680 770 20 7681 769 746 7682 787 19 7683 791 23 7684 782 747 7685 773 25 7686 772 25 7687 778 25 7688 783 26 7689 781 26 7690 780 26 7691 787 27 7692 786 27 7693 785 27 7694 793 0 7695 794 0 7696 795 0 7697 797 748 7698 793 767 7699 792 749 7700 798 751 7701 799 265 7702 800 752 7703 802 754 7704 803 756 7705 801 753 7706 805 757 7707 806 769 7708 803 756 7709 808 270 7710 792 749 7711 795 758 7712 804 755 7713 802 754 7714 796 750 7715 810 761 7716 805 757 7717 807 759 7718 812 762 7719 813 766 7720 814 763 7721 809 760 7722 795 758 7723 794 765 7724 813 766 7725 794 765 7726 793 767 7727 811 764 7728 815 768 7729 806 769 7730 797 25 7731 796 25 7732 802 25 7733 807 26 7734 805 26 7735 804 26 7736 811 27 7737 810 27 7738 809 27 7739 817 0 7740 818 0 7741 819 0 7742 816 770 7743 820 774 7744 821 771 7745 819 775 7746 823 777 7747 822 773 7748 818 778 7749 825 780 7750 824 776 7751 817 772 7752 827 781 7753 826 779 7754 827 781 7755 821 771 7756 829 782 7757 830 784 7758 831 788 7759 820 774 7760 833 785 7761 830 784 7762 834 786 7763 835 789 7764 829 782 7765 831 788 7766 832 787 7767 836 790 7768 838 791 7769 836 790 7770 834 786 7771 823 777 7772 839 793 7773 838 791 7774 825 780 7775 831 25 7776 829 25 7777 821 25 7778 830 26 7779 822 26 7780 823 26 7781 824 27 7782 825 27 7783 838 27 7784 841 0 7785 842 0 7786 843 0 7787 845 794 7788 841 813 7789 840 795 7790 846 797 7791 847 800 7792 848 798 7793 850 801 7794 851 803 7795 849 799 7796 853 221 7797 854 815 7798 851 803 7799 856 804 7800 840 795 7801 843 805 7802 852 802 7803 850 801 7804 844 796 7805 858 807 7806 853 221 7807 855 224 7808 860 808 7809 861 812 7810 862 809 7811 857 806 7812 843 805 7813 842 811 7814 861 812 7815 842 811 7816 841 813 7817 859 810 7818 863 814 7819 854 815 7820 845 25 7821 844 25 7822 850 25 7823 855 26 7824 853 26 7825 852 26 7826 859 27 7827 858 27 7828 857 27 7829 865 0 7830 866 0 7831 867 0 7832 869 816 7833 865 837 7834 864 817 7835 870 819 7836 871 822 7837 872 820 7838 874 823 7839 875 825 7840 873 821 7841 877 826 7842 878 839 7843 875 825 7844 880 827 7845 864 817 7846 867 828 7847 876 824 7848 874 823 7849 868 818 7850 882 831 7851 877 826 7852 879 829 7853 884 832 7854 885 836 7855 886 833 7856 881 830 7857 867 828 7858 866 835 7859 885 836 7860 866 835 7861 865 837 7862 883 834 7863 887 838 7864 878 839 7865 869 25 7866 868 25 7867 874 25 7868 879 26 7869 877 26 7870 876 26 7871 883 27 7872 882 27 7873 881 27 7874 889 0 7875 890 0 7876 891 0 7877 893 840 7878 889 855 7879 888 841 7880 894 618 7881 895 7 7882 896 5 7883 898 843 7884 899 844 7885 897 620 7886 901 845 7887 902 857 7888 899 844 7889 904 12 7890 888 841 7891 891 846 7892 900 9 7893 898 843 7894 892 842 7895 906 849 7896 901 845 7897 903 847 7898 908 850 7899 909 854 7900 910 851 7901 905 848 7902 891 846 7903 890 853 7904 909 854 7905 890 853 7906 889 855 7907 907 852 7908 911 856 7909 902 857 7910 893 25 7911 892 25 7912 898 25 7913 903 26 7914 901 26 7915 900 26 7916 907 27 7917 906 27 7918 905 27 7919 913 0 7920 914 0 7921 915 0 7922 917 858 7923 913 879 7924 912 859 7925 918 861 7926 919 864 7927 920 862 7928 922 865 7929 923 867 7930 921 863 7931 925 868 7932 926 881 7933 923 867 7934 928 869 7935 912 859 7936 915 870 7937 924 866 7938 922 865 7939 916 860 7940 930 873 7941 925 868 7942 927 871 7943 932 874 7944 933 878 7945 934 875 7946 929 872 7947 915 870 7948 914 877 7949 933 878 7950 914 877 7951 913 879 7952 931 876 7953 935 880 7954 926 881 7955 917 25 7956 916 25 7957 922 25 7958 927 26 7959 925 26 7960 924 26 7961 931 27 7962 930 27 7963 929 27 7964 937 0 7965 938 0 7966 939 0 7967 936 882 7968 940 886 7969 941 883 7970 939 887 7971 943 889 7972 942 885 7973 938 890 7974 945 892 7975 944 888 7976 937 884 7977 947 893 7978 946 891 7979 947 893 7980 941 883 7981 949 894 7982 950 896 7983 951 900 7984 940 886 7985 953 897 7986 950 896 7987 954 898 7988 955 901 7989 949 894 7990 951 900 7991 952 899 7992 956 902 7993 958 903 7994 956 902 7995 954 898 7996 943 889 7997 959 905 7998 958 903 7999 945 892 8000 951 25 8001 949 25 8002 941 25 8003 950 26 8004 942 26 8005 943 26 8006 944 27 8007 945 27 8008 958 27 8009 961 0 8010 962 0 8011 963 0 8012 965 906 8013 961 924 8014 960 907 8015 966 909 8016 967 573 8017 968 571 8018 970 911 8019 971 913 8020 969 910 8021 973 914 8022 974 926 8023 971 913 8024 976 915 8025 960 907 8026 963 916 8027 972 912 8028 970 911 8029 964 908 8030 978 654 8031 973 914 8032 975 917 8033 980 919 8034 981 923 8035 982 920 8036 977 918 8037 963 916 8038 962 922 8039 981 923 8040 962 922 8041 961 924 8042 979 921 8043 983 925 8044 974 926 8045 965 25 8046 964 25 8047 970 25 8048 975 26 8049 973 26 8050 972 26 8051 979 27 8052 978 27 8053 977 27 8054 985 0 8055 986 0 8056 987 0 8057 984 927 8058 988 931 8059 989 928 8060 987 932 8061 991 934 8062 990 930 8063 986 935 8064 993 937 8065 992 933 8066 985 929 8067 995 938 8068 994 936 8069 995 938 8070 989 928 8071 997 397 8072 998 939 8073 999 943 8074 988 931 8075 1001 940 8076 998 939 8077 1002 941 8078 1003 944 8079 997 397 8080 999 943 8081 1000 942 8082 1004 945 8083 1006 946 8084 1004 945 8085 1002 941 8086 991 934 8087 1007 948 8088 1006 946 8089 993 937 8090 999 25 8091 997 25 8092 989 25 8093 998 26 8094 990 26 8095 991 26 8096 992 27 8097 993 27 8098 1006 27 8099 1009 0 8100 1010 0 8101 1011 0 8102 1008 949 8103 1012 953 8104 1013 950 8105 1011 954 8106 1015 368 8107 1014 952 8108 1010 955 8109 1017 957 8110 1016 367 8111 1009 951 8112 1019 958 8113 1018 956 8114 1019 958 8115 1013 950 8116 1021 959 8117 1022 961 8118 1023 965 8119 1012 953 8120 1025 962 8121 1022 961 8122 1026 963 8123 1027 966 8124 1021 959 8125 1023 965 8126 1024 964 8127 1028 967 8128 1030 968 8129 1028 967 8130 1026 963 8131 1015 368 8132 1031 970 8133 1030 968 8134 1017 957 8135 1023 25 8136 1021 25 8137 1013 25 8138 1022 26 8139 1014 26 8140 1015 26 8141 1016 27 8142 1017 27 8143 1030 27 8144 1033 0 8145 1034 0 8146 1035 0 8147 1037 971 8148 1033 992 8149 1032 972 8150 1038 974 8151 1039 977 8152 1040 975 8153 1042 978 8154 1043 980 8155 1041 976 8156 1045 981 8157 1046 993 8158 1043 980 8159 1048 982 8160 1032 972 8161 1035 983 8162 1044 979 8163 1042 978 8164 1036 973 8165 1050 986 8166 1045 981 8167 1047 984 8168 1052 987 8169 1053 991 8170 1054 988 8171 1049 985 8172 1035 983 8173 1034 990 8174 1053 991 8175 1034 990 8176 1033 992 8177 1051 989 8178 1055 589 8179 1046 993 8180 1037 25 8181 1036 25 8182 1042 25 8183 1047 26 8184 1045 26 8185 1044 26 8186 1051 27 8187 1050 27 8188 1049 27 8189 1057 0 8190 1058 0 8191 1059 0 8192 1056 994 8193 1060 997 8194 1061 995 8195 1059 998 8196 1063 414 8197 1062 522 8198 1058 1000 8199 1065 1002 8200 1064 999 8201 1057 996 8202 1067 1003 8203 1066 1001 8204 1067 1003 8205 1061 995 8206 1069 1004 8207 1070 1006 8208 1071 1010 8209 1060 997 8210 1073 1007 8211 1070 1006 8212 1074 1008 8213 1075 1011 8214 1069 1004 8215 1071 1010 8216 1072 1009 8217 1076 1012 8218 1078 1013 8219 1076 1012 8220 1074 1008 8221 1063 414 8222 1079 1015 8223 1078 1013 8224 1065 1002 8225 1071 25 8226 1069 25 8227 1061 25 8228 1070 26 8229 1062 26 8230 1063 26 8231 1064 27 8232 1065 27 8233 1078 27 8234 1081 0 8235 1082 0 8236 1083 0 8237 1080 1016 8238 1084 1020 8239 1085 1017 8240 1083 1021 8241 1087 1023 8242 1086 1019 8243 1082 1024 8244 1089 1026 8245 1088 1022 8246 1081 1018 8247 1091 1027 8248 1090 1025 8249 1091 1027 8250 1085 1017 8251 1093 1028 8252 1094 1030 8253 1095 1034 8254 1084 1020 8255 1097 1031 8256 1094 1030 8257 1098 1032 8258 1099 1035 8259 1093 1028 8260 1095 1034 8261 1096 1033 8262 1100 1036 8263 1102 1037 8264 1100 1036 8265 1098 1032 8266 1087 1023 8267 1103 1039 8268 1102 1037 8269 1089 1026 8270 1095 25 8271 1093 25 8272 1085 25 8273 1094 26 8274 1086 26 8275 1087 26 8276 1088 27 8277 1089 27 8278 1102 27 8279 1105 0 8280 1106 0 8281 1107 0 8282 1104 1040 8283 1108 1044 8284 1109 1041 8285 1107 1045 8286 1111 1047 8287 1110 1043 8288 1106 1048 8289 1113 1050 8290 1112 1046 8291 1105 1042 8292 1115 1051 8293 1114 1049 8294 1115 1051 8295 1109 1041 8296 1117 1052 8297 1118 1054 8298 1119 1058 8299 1108 1044 8300 1121 1055 8301 1118 1054 8302 1122 1056 8303 1123 1059 8304 1117 1052 8305 1119 1058 8306 1120 1057 8307 1124 1060 8308 1126 1061 8309 1124 1060 8310 1122 1056 8311 1111 1047 8312 1127 1063 8313 1126 1061 8314 1113 1050 8315 1119 25 8316 1117 25 8317 1109 25 8318 1118 26 8319 1110 26 8320 1111 26 8321 1112 27 8322 1113 27 8323 1126 27 8324 1129 0 8325 1130 0 8326 1131 0 8327 1133 1064 8328 1129 1083 8329 1128 1065 8330 1134 1067 8331 1135 1069 8332 1136 571 8333 1138 1070 8334 1139 1072 8335 1137 1068 8336 1141 1073 8337 1142 1085 8338 1139 1072 8339 1144 578 8340 1128 1065 8341 1131 1074 8342 1140 1071 8343 1138 1070 8344 1132 1066 8345 1146 1077 8346 1141 1073 8347 1143 1075 8348 1148 1078 8349 1149 1082 8350 1150 1079 8351 1145 1076 8352 1131 1074 8353 1130 1081 8354 1149 1082 8355 1130 1081 8356 1129 1083 8357 1147 1080 8358 1151 1084 8359 1142 1085 8360 1133 25 8361 1132 25 8362 1138 25 8363 1143 26 8364 1141 26 8365 1140 26 8366 1147 27 8367 1146 27 8368 1145 27 8369 1153 0 8370 1154 0 8371 1155 0 8372 1157 1086 8373 1153 1107 8374 1152 1087 8375 1158 1089 8376 1159 1092 8377 1160 1090 8378 1162 1093 8379 1163 1095 8380 1161 1091 8381 1165 1096 8382 1166 1109 8383 1163 1095 8384 1168 1097 8385 1152 1087 8386 1155 1098 8387 1164 1094 8388 1162 1093 8389 1156 1088 8390 1170 1101 8391 1165 1096 8392 1167 1099 8393 1172 1102 8394 1173 1106 8395 1174 1103 8396 1169 1100 8397 1155 1098 8398 1154 1105 8399 1173 1106 8400 1154 1105 8401 1153 1107 8402 1171 1104 8403 1175 1108 8404 1166 1109 8405 1157 25 8406 1156 25 8407 1162 25 8408 1167 26 8409 1165 26 8410 1164 26 8411 1171 27 8412 1170 27 8413 1169 27 8414 1177 0 8415 1178 0 8416 1179 0 8417 1181 728 8418 1177 746 8419 1176 729 8420 1182 731 8421 1183 217 8422 1184 732 8423 1186 734 8424 1187 736 8425 1185 733 8426 1189 737 8427 1190 1115 8428 1187 736 8429 1192 738 8430 1176 729 8431 1179 739 8432 1188 735 8433 1186 734 8434 1180 730 8435 1194 1111 8436 1189 737 8437 1191 740 8438 1196 1112 8439 1197 745 8440 1198 744 8441 1193 1110 8442 1179 739 8443 1178 1114 8444 1197 745 8445 1178 1114 8446 1177 746 8447 1195 1113 8448 1199 23 8449 1190 1115 8450 1181 25 8451 1180 25 8452 1186 25 8453 1191 26 8454 1189 26 8455 1188 26 8456 1195 27 8457 1194 27 8458 1193 27 8459 1201 0 8460 1202 0 8461 1203 0 8462 1200 1116 8463 1204 1120 8464 1205 1117 8465 1203 524 8466 1207 414 8467 1206 1119 8468 1202 1122 8469 1209 1124 8470 1208 1121 8471 1201 1118 8472 1211 1125 8473 1210 1123 8474 1211 1125 8475 1205 1117 8476 1213 1126 8477 1214 1128 8478 1215 1132 8479 1204 1120 8480 1217 1129 8481 1214 1128 8482 1218 1130 8483 1219 1133 8484 1213 1126 8485 1215 1132 8486 1216 1131 8487 1220 1134 8488 1222 1135 8489 1220 1134 8490 1218 1130 8491 1207 414 8492 1223 1015 8493 1222 1135 8494 1209 1124 8495 1215 25 8496 1213 25 8497 1205 25 8498 1214 26 8499 1206 26 8500 1207 26 8501 1208 27 8502 1209 27 8503 1222 27 8504 1225 0 8505 1226 0 8506 1227 0 8507 1224 1136 8508 1228 1139 8509 1229 1137 8510 1227 192 8511 1231 1141 8512 1230 364 8513 1226 1142 8514 1233 1144 8515 1232 1140 8516 1225 1138 8517 1235 1145 8518 1234 1143 8519 1235 1145 8520 1229 1137 8521 1237 1146 8522 1238 1148 8523 1239 1152 8524 1228 1139 8525 1241 1149 8526 1238 1148 8527 1242 1150 8528 1243 1153 8529 1237 1146 8530 1239 1152 8531 1240 1151 8532 1244 1154 8533 1246 1155 8534 1244 1154 8535 1242 1150 8536 1231 1141 8537 1247 1157 8538 1246 1155 8539 1233 1144 8540 1239 25 8541 1237 25 8542 1229 25 8543 1238 26 8544 1230 26 8545 1231 26 8546 1232 27 8547 1233 27 8548 1246 27 8549 1249 0 8550 1250 0 8551 1251 0 8552 1253 1158 8553 1249 1178 8554 1248 1159 8555 1254 1161 8556 1255 1164 8557 1256 1162 8558 1258 1165 8559 1259 1167 8560 1257 1163 8561 1261 1168 8562 1262 1180 8563 1259 1167 8564 1264 1169 8565 1248 1159 8566 1251 1170 8567 1260 1166 8568 1258 1165 8569 1252 1160 8570 1266 1173 8571 1261 1168 8572 1263 1171 8573 1268 1174 8574 1269 1177 8575 1270 763 8576 1265 1172 8577 1251 1170 8578 1250 1176 8579 1269 1177 8580 1250 1176 8581 1249 1178 8582 1267 1175 8583 1271 1179 8584 1262 1180 8585 1253 25 8586 1252 25 8587 1258 25 8588 1263 26 8589 1261 26 8590 1260 26 8591 1267 27 8592 1266 27 8593 1265 27 8594 1273 0 8595 1274 0 8596 1275 0 8597 1277 1181 8598 1273 1202 8599 1272 1182 8600 1278 1184 8601 1279 1187 8602 1280 1185 8603 1282 1188 8604 1283 1190 8605 1281 1186 8606 1285 1191 8607 1286 1204 8608 1283 1190 8609 1288 1192 8610 1272 1182 8611 1275 1193 8612 1284 1189 8613 1282 1188 8614 1276 1183 8615 1290 1196 8616 1285 1191 8617 1287 1194 8618 1292 1197 8619 1293 1201 8620 1294 1198 8621 1289 1195 8622 1275 1193 8623 1274 1200 8624 1293 1201 8625 1274 1200 8626 1273 1202 8627 1291 1199 8628 1295 1203 8629 1286 1204 8630 1277 25 8631 1276 25 8632 1282 25 8633 1287 26 8634 1285 26 8635 1284 26 8636 1291 27 8637 1290 27 8638 1289 27 8639 1297 0 8640 1298 0 8641 1299 0 8642 1301 1205 8643 1297 1215 8644 1296 1206 8645 1302 1208 8646 1303 1210 8647 1304 732 8648 1306 1211 8649 1307 1213 8650 1305 1209 8651 1309 11 8652 1310 24 8653 1307 1213 8654 1312 1214 8655 1296 1206 8656 1299 13 8657 1308 1212 8658 1306 1211 8659 1300 1207 8660 1314 16 8661 1309 11 8662 1311 14 8663 1316 17 8664 1317 21 8665 1318 18 8666 1313 15 8667 1299 13 8668 1298 20 8669 1317 21 8670 1298 20 8671 1297 1215 8672 1315 19 8673 1319 23 8674 1310 24 8675 1301 25 8676 1300 25 8677 1306 25 8678 1311 26 8679 1309 26 8680 1308 26 8681 1315 27 8682 1314 27 8683 1313 27 8684 1321 0 8685 1322 0 8686 1323 0 8687 1320 1216 8688 1324 1220 8689 1325 1217 8690 1323 1221 8691 1327 1223 8692 1326 1219 8693 1322 1224 8694 1329 1226 8695 1328 1222 8696 1321 1218 8697 1331 1227 8698 1330 1225 8699 1331 1227 8700 1325 1217 8701 1333 1228 8702 1334 1230 8703 1335 1233 8704 1324 1220 8705 1337 1231 8706 1334 1230 8707 1338 703 8708 1339 1234 8709 1333 1228 8710 1335 1233 8711 1336 1232 8712 1340 1235 8713 1342 1236 8714 1340 1235 8715 1338 703 8716 1327 1223 8717 1343 453 8718 1342 1236 8719 1329 1226 8720 1335 25 8721 1333 25 8722 1325 25 8723 1334 26 8724 1326 26 8725 1327 26 8726 1328 27 8727 1329 27 8728 1342 27 8729 1345 0 8730 1346 0 8731 1347 0 8732 1349 1238 8733 1345 1259 8734 1344 1239 8735 1350 1241 8736 1351 1244 8737 1352 1242 8738 1354 1245 8739 1355 1247 8740 1353 1243 8741 1357 1248 8742 1358 1261 8743 1355 1247 8744 1360 1249 8745 1344 1239 8746 1347 1250 8747 1356 1246 8748 1354 1245 8749 1348 1240 8750 1362 1253 8751 1357 1248 8752 1359 1251 8753 1364 1254 8754 1365 1258 8755 1366 1255 8756 1361 1252 8757 1347 1250 8758 1346 1257 8759 1365 1258 8760 1346 1257 8761 1345 1259 8762 1363 1256 8763 1367 1260 8764 1358 1261 8765 1349 25 8766 1348 25 8767 1354 25 8768 1359 26 8769 1357 26 8770 1356 26 8771 1363 27 8772 1362 27 8773 1361 27 8774 1369 0 8775 1370 0 8776 1371 0 8777 1368 1262 8778 1372 1266 8779 1373 1263 8780 1371 1267 8781 1375 1269 8782 1374 1265 8783 1370 1270 8784 1377 1272 8785 1376 1268 8786 1369 1264 8787 1379 318 8788 1378 1271 8789 1379 318 8790 1373 1263 8791 1381 1273 8792 1382 1274 8793 1383 1278 8794 1372 1266 8795 1385 1275 8796 1382 1274 8797 1386 1276 8798 1387 1279 8799 1381 1273 8800 1383 1278 8801 1384 1277 8802 1388 1280 8803 1390 1281 8804 1388 1280 8805 1386 1276 8806 1375 1269 8807 1391 1283 8808 1390 1281 8809 1377 1272 8810 1383 25 8811 1381 25 8812 1373 25 8813 1382 26 8814 1374 26 8815 1375 26 8816 1376 27 8817 1377 27 8818 1390 27 8819 1393 0 8820 1394 0 8821 1395 0 8822 1397 1284 8823 1393 1304 8824 1392 1285 8825 1398 1287 8826 1399 343 8827 1400 1288 8828 1402 1290 8829 1403 1292 8830 1401 1289 8831 1405 1293 8832 1406 1306 8833 1403 1292 8834 1408 1294 8835 1392 1285 8836 1395 1295 8837 1404 1291 8838 1402 1290 8839 1396 1286 8840 1410 1298 8841 1405 1293 8842 1407 1296 8843 1412 1299 8844 1413 1303 8845 1414 1300 8846 1409 1297 8847 1395 1295 8848 1394 1302 8849 1413 1303 8850 1394 1302 8851 1393 1304 8852 1411 1301 8853 1415 1305 8854 1406 1306 8855 1397 25 8856 1396 25 8857 1402 25 8858 1407 26 8859 1405 26 8860 1404 26 8861 1411 27 8862 1410 27 8863 1409 27 8864 1417 0 8865 1418 0 8866 1419 0 8867 1416 1307 8868 1420 191 8869 1421 1308 8870 1419 1311 8871 1423 1313 8872 1422 1310 8873 1418 1314 8874 1425 1316 8875 1424 1312 8876 1417 1309 8877 1427 1317 8878 1426 1315 8879 1427 1317 8880 1421 1308 8881 1429 1318 8882 1430 1320 8883 1431 1324 8884 1420 191 8885 1433 1321 8886 1430 1320 8887 1434 1322 8888 1435 1325 8889 1429 1318 8890 1431 1324 8891 1432 1323 8892 1436 1326 8893 1438 1327 8894 1436 1326 8895 1434 1322 8896 1423 1313 8897 1439 1329 8898 1438 1327 8899 1425 1316 8900 1431 25 8901 1429 25 8902 1421 25 8903 1430 26 8904 1422 26 8905 1423 26 8906 1424 27 8907 1425 27 8908 1438 27 8909 1441 0 8910 1442 0 8911 1443 0 8912 1445 1330 8913 1441 1347 8914 1440 1331 8915 1446 1333 8916 1447 217 8917 1448 1334 8918 1450 1336 8919 1451 1337 8920 1449 1335 8921 1453 601 8922 1454 1349 8923 1451 1337 8924 1456 1338 8925 1440 1331 8926 1443 1339 8927 1452 599 8928 1450 1336 8929 1444 1332 8930 1458 1342 8931 1453 601 8932 1455 1340 8933 1460 1343 8934 1461 1346 8935 1462 744 8936 1457 1341 8937 1443 1339 8938 1442 1345 8939 1461 1346 8940 1442 1345 8941 1441 1347 8942 1459 1344 8943 1463 1348 8944 1454 1349 8945 1445 25 8946 1444 25 8947 1450 25 8948 1455 26 8949 1453 26 8950 1452 26 8951 1459 27 8952 1458 27 8953 1457 27 8954 1465 0 8955 1466 0 8956 1467 0 8957 1469 1350 8958 1465 1368 8959 1464 1351 8960 1470 1353 8961 1471 1356 8962 1472 1354 8963 1474 1357 8964 1475 1359 8965 1473 1355 8966 1477 716 8967 1478 727 8968 1475 1359 8969 1480 1360 8970 1464 1351 8971 1467 718 8972 1476 1358 8973 1474 1357 8974 1468 1352 8975 1482 721 8976 1477 716 8977 1479 1361 8978 1484 1363 8979 1485 1367 8980 1486 1364 8981 1481 1362 8982 1467 718 8983 1466 1366 8984 1485 1367 8985 1466 1366 8986 1465 1368 8987 1483 1365 8988 1487 1369 8989 1478 727 8990 1469 25 8991 1468 25 8992 1474 25 8993 1479 26 8994 1477 26 8995 1476 26 8996 1483 27 8997 1482 27 8998 1481 27 8999 1489 0 9000 1490 0 9001 1491 0 9002 1493 1370 9003 1489 1304 9004 1488 1371 9005 1494 1373 9006 1495 343 9007 1496 1288 9008 1498 1375 9009 1499 1377 9010 1497 1374 9011 1501 1378 9012 1502 1388 9013 1499 1377 9014 1504 1379 9015 1488 1371 9016 1491 1380 9017 1500 1376 9018 1498 1375 9019 1492 1372 9020 1506 1383 9021 1501 1378 9022 1503 1381 9023 1508 1384 9024 1509 1177 9025 1510 763 9026 1505 1382 9027 1491 1380 9028 1490 1386 9029 1509 1177 9030 1490 1386 9031 1489 1304 9032 1507 1385 9033 1511 1387 9034 1502 1388 9035 1493 25 9036 1492 25 9037 1498 25 9038 1503 26 9039 1501 26 9040 1500 26 9041 1507 27 9042 1506 27 9043 1505 27 9044 1513 0 9045 1514 0 9046 1515 0 9047 1517 76 9048 1513 1402 9049 1512 1389 9050 1518 1391 9051 1519 82 9052 1520 1392 9053 1522 83 9054 1523 1395 9055 1521 1393 9056 1525 1396 9057 1526 1403 9058 1523 1395 9059 1528 1397 9060 1512 1389 9061 1515 1098 9062 1524 1394 9063 1522 83 9064 1516 1390 9065 1530 1398 9066 1525 1396 9067 1527 1099 9068 1532 1399 9069 1533 1401 9070 1534 1103 9071 1529 1100 9072 1515 1098 9073 1514 1400 9074 1533 1401 9075 1514 1400 9076 1513 1402 9077 1531 1104 9078 1535 1108 9079 1526 1403 9080 1517 25 9081 1516 25 9082 1522 25 9083 1527 26 9084 1525 26 9085 1524 26 9086 1531 27 9087 1530 27 9088 1529 27 9089 1537 0 9090 1538 0 9091 1539 0 9092 1536 1404 9093 1540 1407 9094 1541 408 9095 1539 1408 9096 1543 1410 9097 1542 1406 9098 1538 1411 9099 1545 1413 9100 1544 1409 9101 1537 1405 9102 1547 1414 9103 1546 1412 9104 1547 1414 9105 1541 408 9106 1549 419 9107 1550 1415 9108 1551 1419 9109 1540 1407 9110 1553 1416 9111 1550 1415 9112 1554 1417 9113 1555 426 9114 1549 419 9115 1551 1419 9116 1552 1418 9117 1556 1420 9118 1558 1421 9119 1556 1420 9120 1554 1417 9121 1543 1410 9122 1559 1423 9123 1558 1421 9124 1545 1413 9125 1551 25 9126 1549 25 9127 1541 25 9128 1550 26 9129 1542 26 9130 1543 26 9131 1544 27 9132 1545 27 9133 1558 27 9134 1561 0 9135 1562 0 9136 1563 0 9137 1565 1424 9138 1561 1442 9139 1560 1239 9140 1566 1425 9141 1567 1428 9142 1568 1426 9143 1570 1245 9144 1571 1430 9145 1569 1427 9146 1573 1431 9147 1574 1444 9148 1571 1430 9149 1576 1432 9150 1560 1239 9151 1563 1433 9152 1572 1429 9153 1570 1245 9154 1564 1240 9155 1578 1436 9156 1573 1431 9157 1575 1434 9158 1580 1437 9159 1581 1441 9160 1582 1438 9161 1577 1435 9162 1563 1433 9163 1562 1440 9164 1581 1441 9165 1562 1440 9166 1561 1442 9167 1579 1439 9168 1583 1443 9169 1574 1444 9170 1565 25 9171 1564 25 9172 1570 25 9173 1575 26 9174 1573 26 9175 1572 26 9176 1579 27 9177 1578 27 9178 1577 27 9179 1585 0 9180 1586 0 9181 1587 0 9182 1589 728 9183 1585 1456 9184 1584 1445 9185 1590 1447 9186 1591 1210 9187 1592 1448 9188 1594 1449 9189 1595 1451 9190 1593 733 9191 1597 1452 9192 1598 1457 9193 1595 1451 9194 1600 1453 9195 1584 1445 9196 1587 1454 9197 1596 1450 9198 1594 1449 9199 1588 1446 9200 1602 849 9201 1597 1452 9202 1599 847 9203 1604 850 9204 1605 1455 9205 1606 851 9206 1601 848 9207 1587 1454 9208 1586 853 9209 1605 1455 9210 1586 853 9211 1585 1456 9212 1603 852 9213 1607 856 9214 1598 1457 9215 1589 25 9216 1588 25 9217 1594 25 9218 1599 26 9219 1597 26 9220 1596 26 9221 1603 27 9222 1602 27 9223 1601 27 9224 1609 0 9225 1610 0 9226 1611 0 9227 1608 1458 9228 1612 1462 9229 1613 1459 9230 1611 1463 9231 1615 1465 9232 1614 1461 9233 1610 1466 9234 1617 1468 9235 1616 1464 9236 1609 1460 9237 1619 1469 9238 1618 1467 9239 1619 1469 9240 1613 1459 9241 1621 1470 9242 1622 1472 9243 1623 1476 9244 1612 1462 9245 1625 1473 9246 1622 1472 9247 1626 1474 9248 1627 1477 9249 1621 1470 9250 1623 1476 9251 1624 1475 9252 1628 1478 9253 1630 1479 9254 1628 1478 9255 1626 1474 9256 1615 1465 9257 1631 120 9258 1630 1479 9259 1617 1468 9260 1623 25 9261 1621 25 9262 1613 25 9263 1622 26 9264 1614 26 9265 1615 26 9266 1616 27 9267 1617 27 9268 1630 27 9269 1633 0 9270 1634 0 9271 1635 0 9272 1637 1481 9273 1633 1501 9274 1632 1482 9275 1638 1484 9276 1639 1486 9277 1640 263 9278 1642 1487 9279 1643 1489 9280 1641 1485 9281 1645 1490 9282 1646 1503 9283 1643 1489 9284 1648 1491 9285 1632 1482 9286 1635 1492 9287 1644 1488 9288 1642 1487 9289 1636 1483 9290 1650 1495 9291 1645 1490 9292 1647 1493 9293 1652 1496 9294 1653 1500 9295 1654 1497 9296 1649 1494 9297 1635 1492 9298 1634 1499 9299 1653 1500 9300 1634 1499 9301 1633 1501 9302 1651 1498 9303 1655 1502 9304 1646 1503 9305 1637 25 9306 1636 25 9307 1642 25 9308 1647 26 9309 1645 26 9310 1644 26 9311 1651 27 9312 1650 27 9313 1649 27 9314 1657 0 9315 1658 0 9316 1659 0 9317 1656 1504 9318 1660 1507 9319 1661 455 9320 1659 1508 9321 1663 1510 9322 1662 1506 9323 1658 1511 9324 1665 1513 9325 1664 1509 9326 1657 1505 9327 1667 1514 9328 1666 1512 9329 1667 1514 9330 1661 455 9331 1669 1515 9332 1670 1516 9333 1671 1520 9334 1660 1507 9335 1673 1517 9336 1670 1516 9337 1674 1518 9338 1675 1521 9339 1669 1515 9340 1671 1520 9341 1672 1519 9342 1676 1522 9343 1678 1523 9344 1676 1522 9345 1674 1518 9346 1663 1510 9347 1679 1525 9348 1678 1523 9349 1665 1513 9350 1671 25 9351 1669 25 9352 1661 25 9353 1670 26 9354 1662 26 9355 1663 26 9356 1664 27 9357 1665 27 9358 1678 27 9359 1681 0 9360 1682 0 9361 1683 0 9362 1680 1526 9363 1684 1530 9364 1685 1527 9365 1683 1531 9366 1687 1532 9367 1686 1529 9368 1682 1533 9369 1689 1535 9370 1688 1409 9371 1681 1528 9372 1691 1536 9373 1690 1534 9374 1691 1536 9375 1685 1527 9376 1693 373 9377 1694 1537 9378 1695 1540 9379 1684 1530 9380 1697 1538 9381 1694 1537 9382 1698 1539 9383 1699 470 9384 1693 373 9385 1695 1540 9386 1696 1418 9387 1700 1420 9388 1702 1541 9389 1700 1420 9390 1698 1539 9391 1687 1532 9392 1703 1543 9393 1702 1541 9394 1689 1535 9395 1695 25 9396 1693 25 9397 1685 25 9398 1694 26 9399 1686 26 9400 1687 26 9401 1688 27 9402 1689 27 9403 1702 27 9404 1705 0 9405 1706 0 9406 1707 0 9407 1709 1544 9408 1705 1560 9409 1704 1545 9410 1710 1547 9411 1711 1550 9412 1712 1548 9413 1714 1551 9414 1715 1553 9415 1713 1549 9416 1717 601 9417 1718 1561 9418 1715 1553 9419 1720 1554 9420 1704 1545 9421 1707 603 9422 1716 1552 9423 1714 1551 9424 1708 1546 9425 1722 1556 9426 1717 601 9427 1719 604 9428 1724 1557 9429 1725 611 9430 1726 608 9431 1721 1555 9432 1707 603 9433 1706 1559 9434 1725 611 9435 1706 1559 9436 1705 1560 9437 1723 1558 9438 1727 613 9439 1718 1561 9440 1709 25 9441 1708 25 9442 1714 25 9443 1719 26 9444 1717 26 9445 1716 26 9446 1723 27 9447 1722 27 9448 1721 27 9449 1729 0 9450 1730 0 9451 1731 0 9452 1728 1562 9453 1732 1566 9454 1733 1563 9455 1731 1567 9456 1735 1569 9457 1734 1565 9458 1730 1570 9459 1737 1572 9460 1736 1568 9461 1729 1564 9462 1739 154 9463 1738 1571 9464 1739 154 9465 1733 1563 9466 1741 1573 9467 1742 155 9468 1743 1577 9469 1732 1566 9470 1745 1574 9471 1742 155 9472 1746 1575 9473 1747 1578 9474 1741 1573 9475 1743 1577 9476 1744 1576 9477 1748 1579 9478 1750 1580 9479 1748 1579 9480 1746 1575 9481 1735 1569 9482 1751 1582 9483 1750 1580 9484 1737 1572 9485 1743 25 9486 1741 25 9487 1733 25 9488 1742 26 9489 1734 26 9490 1735 26 9491 1736 27 9492 1737 27 9493 1750 27 9494 1753 0 9495 1754 0 9496 1755 0 9497 1757 1583 9498 1753 1603 9499 1752 1584 9500 1758 1586 9501 1759 1589 9502 1760 1587 9503 1762 1590 9504 1763 736 9505 1761 1588 9506 1765 1592 9507 1766 747 9508 1763 736 9509 1768 1593 9510 1752 1584 9511 1755 1594 9512 1764 1591 9513 1762 1590 9514 1756 1585 9515 1770 1597 9516 1765 1592 9517 1767 1595 9518 1772 1598 9519 1773 1602 9520 1774 1599 9521 1769 1596 9522 1755 1594 9523 1754 1601 9524 1773 1602 9525 1754 1601 9526 1753 1603 9527 1771 1600 9528 1775 1604 9529 1766 747 9530 1757 25 9531 1756 25 9532 1762 25 9533 1767 26 9534 1765 26 9535 1764 26 9536 1771 27 9537 1770 27 9538 1769 27 9539 1777 0 9540 1778 0 9541 1779 0 9542 1776 28 9543 1780 32 9544 1781 29 9545 1779 1606 9546 1783 1608 9547 1782 1605 9548 1778 107 9549 1785 1610 9550 1784 1607 9551 1777 101 9552 1787 39 9553 1786 1609 9554 1787 39 9555 1781 29 9556 1789 40 9557 1790 42 9558 1791 46 9559 1780 32 9560 1793 1611 9561 1790 42 9562 1794 1612 9563 1795 47 9564 1789 40 9565 1791 46 9566 1792 115 9567 1796 1613 9568 1798 118 9569 1796 1613 9570 1794 1612 9571 1783 1608 9572 1799 120 9573 1798 118 9574 1785 1610 9575 1791 25 9576 1789 25 9577 1781 25 9578 1790 26 9579 1782 26 9580 1783 26 9581 1784 27 9582 1785 27 9583 1798 27 9584 1801 0 9585 1802 0 9586 1803 0 9587 1800 1614 9588 1804 1618 9589 1805 1615 9590 1803 1619 9591 1807 1141 9592 1806 1617 9593 1802 1142 9594 1809 1144 9595 1808 1140 9596 1801 1616 9597 1811 1621 9598 1810 1620 9599 1811 1621 9600 1805 1615 9601 1813 1622 9602 1814 1624 9603 1815 1627 9604 1804 1618 9605 1817 1625 9606 1814 1624 9607 1818 1626 9608 1819 1628 9609 1813 1622 9610 1815 1627 9611 1816 1151 9612 1820 1154 9613 1822 1629 9614 1820 1154 9615 1818 1626 9616 1807 1141 9617 1823 1631 9618 1822 1629 9619 1809 1144 9620 1815 25 9621 1813 25 9622 1805 25 9623 1814 26 9624 1806 26 9625 1807 26 9626 1808 27 9627 1809 27 9628 1822 27 9629 1825 0 9630 1826 0 9631 1827 0 9632 1829 1632 9633 1825 1304 9634 1824 1633 9635 1830 340 9636 1831 343 9637 1832 1288 9638 1834 1636 9639 1835 1292 9640 1833 1635 9641 1837 1637 9642 1838 1644 9643 1835 1292 9644 1840 1294 9645 1824 1633 9646 1827 1638 9647 1836 1291 9648 1834 1636 9649 1828 1634 9650 1842 1641 9651 1837 1637 9652 1839 1639 9653 1844 1384 9654 1845 1177 9655 1846 763 9656 1841 1640 9657 1827 1638 9658 1826 1643 9659 1845 1177 9660 1826 1643 9661 1825 1304 9662 1843 1642 9663 1847 1387 9664 1838 1644 9665 1829 25 9666 1828 25 9667 1834 25 9668 1839 26 9669 1837 26 9670 1836 26 9671 1843 27 9672 1842 27 9673 1841 27 9674 1849 0 9675 1850 0 9676 1851 0 9677 1853 1645 9678 1849 1665 9679 1848 1646 9680 1854 1648 9681 1855 1651 9682 1856 1649 9683 1858 1652 9684 1859 1654 9685 1857 1650 9686 1861 1655 9687 1862 1667 9688 1859 1654 9689 1864 1656 9690 1848 1646 9691 1851 1657 9692 1860 1653 9693 1858 1652 9694 1852 1647 9695 1865 1659 9696 1866 1668 9697 1861 1655 9698 1867 1660 9699 1868 1663 9700 1869 1661 9701 1865 1659 9702 1851 1657 9703 1850 1664 9704 1869 1661 9705 1850 1664 9706 1849 1665 9707 1867 1660 9708 1871 1666 9709 1862 1667 9710 1853 1669 9711 1852 1893 9712 1858 1670 9713 1863 26 9714 1861 26 9715 1860 26 9716 1868 1671 9717 1867 27 9718 1866 1672 9719 1873 0 9720 1874 0 9721 1875 0 9722 1872 1674 9723 1876 1678 9724 1877 1675 9725 1875 1679 9726 1879 1681 9727 1878 1677 9728 1874 1682 9729 1881 1684 9730 1880 1680 9731 1873 1676 9732 1883 1685 9733 1882 1683 9734 1883 1685 9735 1877 1675 9736 1885 1686 9737 1886 1687 9738 1887 1691 9739 1876 1678 9740 1889 1688 9741 1886 1687 9742 1890 1689 9743 1891 1692 9744 1885 1686 9745 1887 1691 9746 1888 1690 9747 1892 1693 9748 1894 1694 9749 1892 1693 9750 1890 1689 9751 1879 1681 9752 1895 1696 9753 1894 1694 9754 1881 1684 9755 1887 25 9756 1885 25 9757 1877 25 9758 1886 26 9759 1878 26 9760 1879 26 9761 1880 27 9762 1881 27 9763 1894 27 9764 1897 0 9765 1898 0 9766 1899 0 9767 1901 1697 9768 1897 1717 9769 1896 1698 9770 1902 1067 9771 1903 1702 9772 1904 1700 9773 1906 1703 9774 1907 1705 9775 1905 1701 9776 1909 1706 9777 1910 1719 9778 1907 1705 9779 1912 1707 9780 1896 1698 9781 1899 1708 9782 1908 1704 9783 1906 1703 9784 1900 1699 9785 1914 1711 9786 1909 1706 9787 1911 1709 9788 1916 1712 9789 1917 1716 9790 1918 1713 9791 1913 1710 9792 1899 1708 9793 1898 1715 9794 1917 1716 9795 1898 1715 9796 1897 1717 9797 1915 1714 9798 1919 1718 9799 1910 1719 9800 1901 25 9801 1900 25 9802 1906 25 9803 1911 26 9804 1909 26 9805 1908 26 9806 1915 27 9807 1914 27 9808 1913 27 9809 1921 0 9810 1922 0 9811 1923 0 9812 1925 1544 9813 1921 1735 9814 1920 1720 9815 1926 1547 9816 1927 1550 9817 1928 1721 9818 1930 1551 9819 1931 1723 9820 1929 1549 9821 1933 1724 9822 1934 1737 9823 1931 1723 9824 1936 1725 9825 1920 1720 9826 1923 1726 9827 1932 1722 9828 1930 1551 9829 1924 1546 9830 1938 1729 9831 1933 1724 9832 1935 1727 9833 1940 1730 9834 1941 1734 9835 1942 1731 9836 1937 1728 9837 1923 1726 9838 1922 1733 9839 1941 1734 9840 1922 1733 9841 1921 1735 9842 1939 1732 9843 1943 1736 9844 1934 1737 9845 1925 25 9846 1924 25 9847 1930 25 9848 1935 26 9849 1933 26 9850 1932 26 9851 1939 27 9852 1938 27 9853 1937 27 9854 1945 0 9855 1946 0 9856 1947 0 9857 1949 1738 9858 1945 1755 9859 1944 1739 9860 1950 1741 9861 1951 1744 9862 1952 1742 9863 1954 1745 9864 1955 1747 9865 1953 1743 9866 1957 1378 9867 1958 1757 9868 1955 1747 9869 1960 1748 9870 1944 1739 9871 1947 1749 9872 1956 1746 9873 1954 1745 9874 1948 1740 9875 1962 1751 9876 1957 1378 9877 1959 1381 9878 1964 1752 9879 1965 1177 9880 1966 763 9881 1961 1750 9882 1947 1749 9883 1946 1754 9884 1965 1177 9885 1946 1754 9886 1945 1755 9887 1963 1753 9888 1967 1756 9889 1958 1757 9890 1949 25 9891 1948 25 9892 1954 25 9893 1959 26 9894 1957 26 9895 1956 26 9896 1963 27 9897 1962 27 9898 1961 27 9899 1969 0 9900 1970 0 9901 1971 0 9902 1968 1758 9903 1972 1762 9904 1973 1759 9905 1971 1763 9906 1975 1765 9907 1974 1761 9908 1970 1766 9909 1977 1768 9910 1976 1764 9911 1969 1760 9912 1979 1769 9913 1978 1767 9914 1979 1769 9915 1973 1759 9916 1981 1770 9917 1982 1771 9918 1983 1775 9919 1972 1762 9920 1985 1772 9921 1982 1771 9922 1986 1773 9923 1987 1776 9924 1981 1770 9925 1983 1775 9926 1984 1774 9927 1988 1777 9928 1990 1778 9929 1988 1777 9930 1986 1773 9931 1975 1765 9932 1991 1780 9933 1990 1778 9934 1977 1768 9935 1983 25 9936 1981 25 9937 1973 25 9938 1982 26 9939 1974 26 9940 1975 26 9941 1976 27 9942 1977 27 9943 1990 27 9944 1993 0 9945 1994 0 9946 1995 0 9947 1992 1781 9948 1996 435 9949 1997 432 9950 1995 1784 9951 1999 1786 9952 1998 1783 9953 1994 1787 9954 2001 892 9955 2000 1785 9956 1993 1782 9957 2003 1789 9958 2002 1788 9959 2003 1789 9960 1997 432 9961 2005 443 9962 2006 444 9963 2007 448 9964 1996 435 9965 2009 1790 9966 2006 444 9967 2010 1791 9968 2011 449 9969 2005 443 9970 2007 448 9971 2008 899 9972 2012 902 9973 2014 1792 9974 2012 902 9975 2010 1791 9976 1999 1786 9977 2015 1794 9978 2014 1792 9979 2001 892 9980 2007 25 9981 2005 25 9982 1997 25 9983 2006 26 9984 1998 26 9985 1999 26 9986 2000 27 9987 2001 27 9988 2014 27 9989 2017 0 9990 2018 0 9991 2019 0 9992 2021 1795 9993 2017 1813 9994 2016 1796 9995 2022 1798 9996 2023 343 9997 2024 1288 9998 2026 1800 9999 2027 1802 10000 2025 1799 10001 2029 1803 10002 2030 1815 10003 2027 1802 10004 2032 1804 10005 2016 1796 10006 2019 1805 10007 2028 1801 10008 2026 1800 10009 2020 1797 10010 2034 873 10011 2029 1803 10012 2031 1806 10013 2036 1808 10014 2037 1812 10015 2038 1809 10016 2033 1807 10017 2019 1805 10018 2018 1811 10019 2037 1812 10020 2018 1811 10021 2017 1813 10022 2035 1810 10023 2039 1814 10024 2030 1815 10025 2021 25 10026 2020 25 10027 2026 25 10028 2031 26 10029 2029 26 10030 2028 26 10031 2035 27 10032 2034 27 10033 2033 27 10034 2041 0 10035 2042 0 10036 2043 0 10037 2045 1816 10038 2041 1834 10039 2040 1817 10040 2046 1818 10041 2047 1821 10042 2048 1819 10043 2050 218 10044 2051 1823 10045 2049 1820 10046 2053 1824 10047 2054 1835 10048 2051 1823 10049 2056 1825 10050 2040 1817 10051 2043 1826 10052 2052 1822 10053 2050 218 10054 2044 213 10055 2058 1729 10056 2053 1824 10057 2055 1827 10058 2060 1829 10059 2061 1833 10060 2062 1830 10061 2057 1828 10062 2043 1826 10063 2042 1832 10064 2061 1833 10065 2042 1832 10066 2041 1834 10067 2059 1831 10068 2063 637 10069 2054 1835 10070 2045 25 10071 2044 25 10072 2050 25 10073 2055 26 10074 2053 26 10075 2052 26 10076 2059 27 10077 2058 27 10078 2057 27 10079 2065 0 10080 2066 0 10081 2067 0 10082 2064 1836 10083 2068 1840 10084 2069 1837 10085 2067 1841 10086 2071 1843 10087 2070 1839 10088 2066 1844 10089 2073 1846 10090 2072 1842 10091 2065 1838 10092 2075 1847 10093 2074 1845 10094 2075 1847 10095 2069 1837 10096 2077 1848 10097 2078 1850 10098 2079 1854 10099 2068 1840 10100 2081 1851 10101 2078 1850 10102 2082 1852 10103 2083 1855 10104 2077 1848 10105 2079 1854 10106 2080 1853 10107 2084 48 10108 2086 49 10109 2084 48 10110 2082 1852 10111 2071 1843 10112 2087 51 10113 2086 49 10114 2073 1846 10115 2079 25 10116 2077 25 10117 2069 25 10118 2078 26 10119 2070 26 10120 2071 26 10121 2072 27 10122 2073 27 10123 2086 27 10124 2089 0 10125 2090 0 10126 2091 0 10127 2093 728 10128 2089 746 10129 2088 1856 10130 2094 1447 10131 2095 1210 10132 2096 732 10133 2098 1449 10134 2099 1857 10135 2097 733 10136 2101 11 10137 2102 24 10138 2099 1857 10139 2104 1214 10140 2088 1856 10141 2091 13 10142 2100 1212 10143 2098 1449 10144 2092 1446 10145 2106 16 10146 2101 11 10147 2103 14 10148 2108 17 10149 2109 21 10150 2110 18 10151 2105 15 10152 2091 13 10153 2090 20 10154 2109 21 10155 2090 20 10156 2089 746 10157 2107 19 10158 2111 23 10159 2102 24 10160 2093 25 10161 2092 25 10162 2098 25 10163 2103 26 10164 2101 26 10165 2100 26 10166 2107 27 10167 2106 27 10168 2105 27 10169 2113 0 10170 2114 0 10171 2115 0 10172 2112 1858 10173 2116 1862 10174 2117 1859 10175 2115 1863 10176 2119 1865 10177 2118 1861 10178 2114 1866 10179 2121 1868 10180 2120 1864 10181 2113 1860 10182 2123 1869 10183 2122 1867 10184 2123 1869 10185 2117 1859 10186 2125 959 10187 2126 1870 10188 2127 1874 10189 2116 1862 10190 2129 1871 10191 2126 1870 10192 2130 1872 10193 2131 1875 10194 2125 959 10195 2127 1874 10196 2128 1873 10197 2132 1876 10198 2134 1877 10199 2132 1876 10200 2130 1872 10201 2119 1865 10202 2135 1879 10203 2134 1877 10204 2121 1868 10205 2127 25 10206 2125 25 10207 2117 25 10208 2126 26 10209 2118 26 10210 2119 26 10211 2120 27 10212 2121 27 10213 2134 27 10214 2137 0 10215 2138 0 10216 2139 0 10217 2136 1880 10218 2140 1507 10219 2141 1881 10220 2139 1884 10221 2143 1885 10222 2142 1883 10223 2138 1886 10224 2145 109 10225 2144 105 10226 2137 1882 10227 2147 1888 10228 2146 1887 10229 2147 1888 10230 2141 1881 10231 2149 1515 10232 2150 1889 10233 2151 181 10234 2140 1507 10235 2153 1890 10236 2150 1889 10237 2154 1891 10238 2155 470 10239 2149 1515 10240 2151 181 10241 2152 1892 10242 2156 117 10243 2158 118 10244 2156 117 10245 2154 1891 10246 2143 1885 10247 2159 120 10248 2158 118 10249 2145 109 10250 2151 25 10251 2149 25 10252 2141 25 10253 2150 26 10254 2142 26 10255 2143 26 10256 2144 27 10257 2145 27 10258 2158 27 10259</p>
        </polylist>
      </mesh>
    </geometry>
  </library_geometries>
  <library_controllers/>
  <library_visual_scenes>
    <visual_scene id="Scene" name="Scene">
      <node id="Mesh19_Group21_Group2_Group1_Model" name="Mesh19_Group21_Group2_Group1_Model" type="NODE">
        <matrix sid="transform">1 0 0 0 0 -1.62921e-7 -1 0 0 1 -1.62921e-7 0 0 0 0 1</matrix>
        <instance_geometry url="#Mesh19_Group21_Group2_Group1_Model-mesh" name="Mesh19_Group21_Group2_Group1_Model">
          <bind_material>
            <technique_common>
              <instance_material symbol="FrontColor-material" target="#FrontColor-material">
                <bind_vertex_input semantic="UVMap" input_semantic="TEXCOORD" input_set="0"/>
              </instance_material>
            </technique_common>
          </bind_material>
        </instance_geometry>
      </node>
    </visual_scene>
  </library_visual_scenes>
  <scene>
    <instance_visual_scene url="#Scene"/>
  </scene>
</COLLADA>