<?xml version="1.0" encoding="utf-8"?>
<COLLADA xmlns="http://www.collada.org/2005/11/COLLADASchema" version="1.4.1">
  <asset>
    <contributor>
      <author>Blender User</author>
      <authoring_tool>Blender 2.78.0 commit date:2016-10-24, commit time:12:20, hash:e8299c8</authoring_tool>
    </contributor>
    <created>2021-11-02T19:33:53</created>
    <modified>2021-11-02T19:33:53</modified>
    <unit name="meter" meter="1"/>
    <up_axis>Z_UP</up_axis>
  </asset>
  <library_images>
    <image id="video_store_cash_register__color_png" name="video_store_cash_register__color_png">
      <init_from>/I:/3D_Asset_Packages/For%20Sale/Video_Store/Cash_Register/Model/video_store_cash_register__color.png</init_from>
    </image>
  </library_images>
  <library_effects>
    <effect id="FrontColor-effect">
      <profile_COMMON>
        <newparam sid="video_store_cash_register__color_png-surface">
          <surface type="2D">
            <init_from>video_store_cash_register__color_png</init_from>
          </surface>
        </newparam>
        <newparam sid="video_store_cash_register__color_png-sampler">
          <sampler2D>
            <source>video_store_cash_register__color_png-surface</source>
          </sampler2D>
        </newparam>
        <technique sid="common">
          <phong>
            <emission>
              <color sid="emission">0 0 0 1</color>
            </emission>
            <ambient>
              <color sid="ambient">0 0 0 1</color>
            </ambient>
            <diffuse>
              <texture texture="video_store_cash_register__color_png-sampler" texcoord="UVMap"/>
            </diffuse>
            <specular>
              <color sid="specular">1 1 1 1</color>
            </specular>
            <shininess>
              <float sid="shininess">52</float>
            </shininess>
            <transparent opaque="A_ONE">
              <color>1 1 1 1</color>
            </transparent>
            <index_of_refraction>
              <float sid="index_of_refraction">1</float>
            </index_of_refraction>
          </phong>
        </technique>
      </profile_COMMON>
    </effect>
  </library_effects>
  <library_materials>
    <material id="FrontColor-material" name="FrontColor">
      <instance_effect url="#FrontColor-effect"/>
    </material>
  </library_materials>
  <library_geometries>
    <geometry id="Mesh74_Group105_Group1_Model-mesh" name="Mesh74_Group105_Group1_Model">
      <mesh>
        <source id="Mesh74_Group105_Group1_Model-mesh-positions">
          <float_array id="Mesh74_Group105_Group1_Model-mesh-positions-array" count="4509">0.1447539 0.28816 -0.121161 0.01065999 0.28816 -0.121161 0.01065999 0.286874 -0.123617 0.1447539 0.286874 -0.123617 0.147707 0.290776 -0.12253 0.1447539 0.231378 -0.09143197 0.147707 0.228762 -0.09006196 0.007706999 0.228762 -0.09006196 0.01065999 0.231378 -0.09143197 0.007706999 0.290776 -0.12253 0.01065999 0.230092 -0.09388798 0.1447539 0.230092 -0.09388798 0.1447539 0.238951 -0.098526 -0.01962697 0.180589 0.04631996 0.01161098 0.180589 0.04631996 0.01161098 0.184535 0.03166097 -0.01962697 0.184535 0.03166097 -0.04772496 0.15983 0.12343 -0.01648795 0.15983 0.12343 -0.01648795 0.1637769 0.108771 -0.04772496 0.1637769 0.108771 0.156324 0.09646898 -0.182511 0.156324 0.09064698 -0.182511 0.147664 0.09064698 -0.187511 0.147664 0.09646898 -0.187511 0.156324 0.09646898 -0.172511 0.156324 0.09064698 -0.172511 0.147664 0.09646898 -0.167511 0.147664 0.09064698 -0.167511 0.139004 0.09646898 -0.172511 0.139004 0.09064698 -0.172511 0.139004 0.09646898 -0.182511 0.139004 0.09064698 -0.182511 0.147664 0.08999997 -0.186356 0.140004 0.08999997 -0.181933 0.155324 0.08999997 -0.181933 0.140004 0.08999997 -0.173088 0.155324 0.08999997 -0.173088 0.147664 0.08999997 -0.168665 -0.001400947 0.170231 0.08479595 0.01377898 0.170231 0.08479595 0.01377898 0.174177 0.07013696 -0.001400947 0.174177 0.07013696 -0.081676 0.2499009 -0.09120696 -0.115528 0.2499009 -0.09120696 -0.115528 0.245757 -0.09400498 -0.081676 0.245757 -0.09400498 -0.05367594 0.257906 -0.103063 -0.1796759 0.257906 -0.103063 -0.05367594 0.186853 0.002170979 -0.07967597 0.214467 -0.03872698 -0.07967597 0.186853 0.002170979 -0.081676 0.214721 -0.03910398 -0.115528 0.214721 -0.03910398 -0.1796759 0.214467 -0.03872698 -0.171676 0.2163259 -0.04148095 -0.115528 0.2163259 -0.04148095 -0.171676 0.227518 -0.05805599 -0.115528 0.227518 -0.05805599 -0.049676 0.263996 -0.10851 -0.1796759 0.263996 -0.10851 -0.049676 0.20888 -0.07965296 -0.05167597 0.254173 -0.101109 -0.05167597 0.208172 -0.07702499 -0.05167597 0.188453 -0.003772974 -0.049676 0.1818079 0.01321697 -0.049676 0.205761 -0.07576298 0.166324 0.20888 -0.07965296 0.166324 0.205761 -0.07576298 -0.1796759 0.294469 -0.124464 0.007706999 0.290776 -0.12253 0.007706999 0.228762 -0.09006196 0.166324 0.294469 -0.124464 0.147707 0.290776 -0.12253 0.147707 0.228762 -0.09006196 0.166324 0.147007 0.142489 -0.1796759 0.147007 0.142489 -0.08367598 0.1818079 0.01321697 -0.1796759 0.186639 -0.004728972 -0.08367598 0.186639 -0.004728972 -0.08367598 0.188639 -0.01985198 -0.1796759 0.188639 -0.01985198 -0.1796759 0.188639 -0.03472697 -0.08367598 0.188639 -0.03472697 -0.1796759 0.144398 0.144489 0.166324 0.144398 0.144489 0.166324 0.09646898 0.142489 0.1683239 0.09846895 0.142489 0.166324 0.09846895 0.144489 0.1683239 0.144936 0.142489 -0.1796759 0.09846895 0.144489 -0.1796759 0.09646898 0.142489 -0.181676 0.144936 0.142489 -0.181676 0.09846895 0.142489 -0.181676 0.186639 -0.01242297 -0.181676 0.09846895 -0.193511 -0.181676 0.186639 -0.03872698 -0.181676 0.258889 -0.108093 -0.181676 0.212054 -0.03872698 -0.181676 0.294469 -0.193511 -0.181676 0.294469 -0.126721 -0.1796759 0.190639 -0.03672695 -0.1796759 0.210703 -0.03672695 -0.1796759 0.09646898 -0.193511 -0.1796759 0.294469 -0.195511 -0.1796759 0.09846895 -0.195511 -0.1796759 0.296469 -0.127768 -0.1796759 0.296469 -0.193511 -0.081676 0.190639 -0.01189398 -0.081676 0.190639 -0.03472697 -0.081676 0.209353 -0.03472697 -0.081676 0.188453 -0.003772974 -0.08367598 0.190639 -0.03672695 -0.08367598 0.210703 -0.03672695 -0.081676 0.210577 -0.04190194 -0.115528 0.210577 -0.04190194 -0.081676 0.240161 -0.08571696 -0.115528 0.212182 -0.04427897 0.166324 0.296469 -0.127768 0.166324 0.294469 -0.195511 0.166324 0.296469 -0.193511 0.1683239 0.294469 -0.126721 0.1683239 0.294469 -0.193511 0.1683239 0.204765 -0.07975596 0.1683239 0.09846895 -0.193511 0.166324 0.09646898 -0.193511 0.166324 0.09846895 -0.195511 -0.171676 0.212182 -0.04427897 -0.171676 0.223374 -0.06085395 -0.115528 0.223374 -0.06085395 0.10898 0.175401 0.06558996 0.12416 0.175401 0.06558996 0.12416 0.179347 0.05093097 0.10898 0.179347 0.05093097 -0.07771998 0.168323 0.088036 -0.07800799 0.16899 0.08940696 -0.07564198 0.16806 0.08901196 -0.109246 0.16899 0.08940696 -0.109534 0.168323 0.088036 -0.111386 0.1623499 0.08549696 -0.1134639 0.162087 0.08647197 -0.111612 0.16806 0.08901196 -0.111612 0.164041 0.10394 -0.1134639 0.1576009 0.103139 -0.111386 0.157338 0.104114 -0.109534 0.163779 0.104916 -0.07378995 0.1576009 0.103139 -0.07564198 0.164041 0.10394 -0.07771998 0.163779 0.104916 -0.07586801 0.157338 0.104114 -0.07586801 0.1623499 0.08549696 -0.07378995 0.162087 0.08647197 -0.07800799 0.1650429 0.104065 -0.109246 0.1650429 0.104065 0.19866 0.00999999 0.184327 0.19866 0.000999987 0.184327 0.1899999 0.000999987 0.179327 0.1899999 0.00999999 0.179327 0.19866 0.00999999 0.1943269 0.19866 0.000999987 0.1943269 0.1899999 0.00999999 0.199327 0.1899999 0.000999987 0.199327 0.18134 0.00999999 0.1943269 0.18134 0.000999987 0.1943269 0.18134 0.00999999 0.184327 0.18134 0.000999987 0.184327 0.1899999 0 0.180481 0.18234 0 0.184904 0.19766 0 0.184904 0.18234 0 0.193749 0.19766 0 0.193749 0.1899999 0 0.198172 0.19866 0.00999999 -0.205673 0.19866 0.000999987 -0.205673 0.1899999 0.000999987 -0.210673 0.1899999 0.00999999 -0.210673 0.19866 0.00999999 -0.195673 0.19866 0.000999987 -0.195673 0.1899999 0.00999999 -0.1906729 0.1899999 0.000999987 -0.1906729 0.18134 0.00999999 -0.195673 0.18134 0.000999987 -0.195673 0.18134 0.00999999 -0.205673 0.18134 0.000999987 -0.205673 0.1899999 0 -0.209519 0.18234 0 -0.205096 0.19766 0 -0.205096 0.18234 0 -0.196251 0.19766 0 -0.196251 0.1899999 0 -0.191828 0.12228 0.168323 0.088036 0.121992 0.16899 0.08940696 0.1243579 0.16806 0.08901196 0.09075397 0.16899 0.08940696 0.09046596 0.168323 0.088036 0.08861398 0.1623499 0.08549696 0.08653599 0.162087 0.08647197 0.08838796 0.16806 0.08901196 0.08838796 0.164041 0.10394 0.08653599 0.1576009 0.103139 0.08861398 0.157338 0.104114 0.09046596 0.163779 0.104916 0.12621 0.1576009 0.103139 0.1243579 0.164041 0.10394 0.12228 0.163779 0.104916 0.124132 0.157338 0.104114 0.124132 0.1623499 0.08549696 0.12621 0.162087 0.08647197 0.121992 0.1650429 0.104065 0.09075397 0.1650429 0.104065 -0.008287966 0.15983 0.12343 0.01295995 0.15983 0.12343 0.01295995 0.1637769 0.108771 -0.008287966 0.1637769 0.108771 -0.02693396 0.17351 0.06876701 -0.02707397 0.174177 0.07013696 -0.02592498 0.1732479 0.06974196 -0.04225498 0.174177 0.07013696 -0.04239499 0.17351 0.06876701 -0.04329496 0.167537 0.06622695 -0.04430395 0.167275 0.06720197 -0.04340499 0.1732479 0.06974196 -0.04340499 0.169229 0.08467096 -0.04430395 0.162788 0.08386898 -0.04329496 0.162526 0.08484399 -0.04239499 0.1689659 0.08564597 -0.02502495 0.162788 0.08386898 -0.02592498 0.169229 0.08467096 -0.02693396 0.1689659 0.08564597 -0.02603399 0.162526 0.08484399 -0.02603399 0.167537 0.06622695 -0.02502495 0.167275 0.06720197 -0.02707397 0.170231 0.08479595 -0.04225498 0.170231 0.08479595 -0.152355 0.09646898 0.117489 -0.152355 0.09064698 0.117489 -0.161015 0.09064698 0.112489 -0.161015 0.09646898 0.112489 -0.152355 0.09646898 0.127489 -0.152355 0.09064698 0.127489 -0.161015 0.09646898 0.132489 -0.161015 0.09064698 0.132489 -0.169676 0.09646898 0.127489 -0.169676 0.09064698 0.127489 -0.169676 0.09646898 0.117489 -0.169676 0.09064698 0.117489 -0.161015 0.08999997 0.113644 -0.168676 0.08999997 0.118067 -0.153355 0.08999997 0.118067 -0.168676 0.08999997 0.1269119 -0.153355 0.08999997 0.1269119 -0.161015 0.08999997 0.131335 0.03893995 0.15983 0.12343 0.06946998 0.15983 0.12343 0.06946998 0.1637769 0.108771 0.03893995 0.1637769 0.108771 0.06975096 0.168323 0.088036 0.06946998 0.16899 0.08940696 0.07178199 0.16806 0.08901196 0.03893995 0.16899 0.08940696 0.03865897 0.168323 0.088036 0.03684896 0.1623499 0.08549696 0.03481799 0.162087 0.08647197 0.03662794 0.16806 0.08901196 0.03662794 0.164041 0.10394 0.03481799 0.1576009 0.103139 0.03684896 0.157338 0.104114 0.03865897 0.163779 0.104916 0.073592 0.1576009 0.103139 0.07178199 0.164041 0.10394 0.06975096 0.163779 0.104916 0.07156097 0.157338 0.104114 0.07156097 0.1623499 0.08549696 0.073592 0.162087 0.08647197 0.06946998 0.1650429 0.104065 0.03893995 0.1650429 0.104065 0.01391899 0.17351 0.06876701 0.01377898 0.174177 0.07013696 0.01492899 0.1732479 0.06974196 -0.001400947 0.174177 0.07013696 -0.001540958 0.17351 0.06876701 -0.002440989 0.167537 0.06622695 -0.003450989 0.167275 0.06720197 -0.002550959 0.1732479 0.06974196 -0.002550959 0.169229 0.08467096 -0.003450989 0.162788 0.08386898 -0.002440989 0.162526 0.08484399 -0.001540958 0.1689659 0.08564597 0.01582896 0.162788 0.08386898 0.01492899 0.169229 0.08467096 0.01391899 0.1689659 0.08564597 0.01481896 0.162526 0.08484399 0.01481896 0.167537 0.06622695 0.01582896 0.167275 0.06720197 0.01377898 0.170231 0.08479595 -0.001400947 0.170231 0.08479595 -0.18134 0.00999999 0.184327 -0.18134 0.000999987 0.184327 -0.1899999 0.000999987 0.179327 -0.1899999 0.00999999 0.179327 -0.18134 0.00999999 0.1943269 -0.18134 0.000999987 0.1943269 -0.1899999 0.00999999 0.199327 -0.1899999 0.000999987 0.199327 -0.19866 0.00999999 0.1943269 -0.19866 0.000999987 0.1943269 -0.19866 0.00999999 0.184327 -0.19866 0.000999987 0.184327 -0.1899999 0 0.180481 -0.19766 0 0.184904 -0.18234 0 0.184904 -0.19766 0 0.193749 -0.18234 0 0.193749 -0.1899999 0 0.198172 0.1243 0.183921 0.03009498 0.12416 0.184587 0.03146594 0.12531 0.183658 0.03106999 0.10898 0.184587 0.03146594 0.10884 0.183921 0.03009498 0.10794 0.1779479 0.027556 0.10693 0.177685 0.02853095 0.10783 0.183658 0.03106999 0.10783 0.179639 0.04599899 0.10693 0.1731989 0.04519695 0.10794 0.172936 0.04617196 0.10884 0.179377 0.046974 0.12621 0.1731989 0.04519695 0.12531 0.179639 0.04599899 0.1243 0.179377 0.046974 0.1252 0.172936 0.04617196 0.1252 0.1779479 0.027556 0.12621 0.177685 0.02853095 0.12416 0.1806409 0.04612398 0.10898 0.1806409 0.04612398 -0.006473958 0.168323 0.088036 -0.006613969 0.16899 0.08940696 -0.005464971 0.16806 0.08901196 -0.02179497 0.16899 0.08940696 -0.02193498 0.168323 0.088036 -0.02283495 0.1623499 0.08549696 -0.023844 0.162087 0.08647197 -0.02294498 0.16806 0.08901196 -0.02294498 0.164041 0.10394 -0.023844 0.1576009 0.103139 -0.02283495 0.157338 0.104114 -0.02193498 0.163779 0.104916 -0.004565 0.1576009 0.103139 -0.005464971 0.164041 0.10394 -0.006473958 0.163779 0.104916 -0.005573987 0.157338 0.104114 -0.005573987 0.1623499 0.08549696 -0.004565 0.162087 0.08647197 -0.006613969 0.1650429 0.104065 -0.02179497 0.1650429 0.104065 0.09075397 0.15983 0.12343 0.121992 0.15983 0.12343 0.121992 0.1637769 0.108771 0.09075397 0.1637769 0.108771 0.03893995 0.170231 0.08479595 0.06946998 0.170231 0.08479595 0.06946998 0.174177 0.07013696 0.03893995 0.174177 0.07013696 0.1243 0.178681 0.04956096 0.12416 0.179347 0.05093097 0.12531 0.178418 0.05053597 0.10898 0.179347 0.05093097 0.10884 0.178681 0.04956096 0.10794 0.172708 0.04702097 0.10693 0.1724449 0.04799598 0.10783 0.178418 0.05053597 0.10783 0.174399 0.06546497 0.10693 0.167958 0.06466299 0.10794 0.1676959 0.065638 0.10884 0.1741369 0.06643998 0.12621 0.167958 0.06466299 0.12531 0.174399 0.06546497 0.1243 0.1741369 0.06643998 0.1252 0.1676959 0.065638 0.1252 0.172708 0.04702097 0.12621 0.1724449 0.04799598 0.12416 0.175401 0.06558996 0.10898 0.175401 0.06558996 -0.109246 0.15983 0.12343 -0.07800799 0.15983 0.12343 -0.07800799 0.1637769 0.108771 -0.109246 0.1637769 0.108771 0.156324 0.09646898 0.117489 0.156324 0.09064698 0.117489 0.147664 0.09064698 0.112489 0.147664 0.09646898 0.112489 0.156324 0.09646898 0.127489 0.156324 0.09064698 0.127489 0.147664 0.09646898 0.132489 0.147664 0.09064698 0.132489 0.139004 0.09646898 0.127489 0.139004 0.09064698 0.127489 0.139004 0.09646898 0.117489 0.139004 0.09064698 0.117489 0.147664 0.08999997 0.113644 0.140004 0.08999997 0.118067 0.155324 0.08999997 0.118067 0.140004 0.08999997 0.1269119 0.155324 0.08999997 0.1269119 0.147664 0.08999997 0.131335 0.12228 0.17351 0.06876701 0.121992 0.174177 0.07013696 0.1243579 0.1732479 0.06974196 0.09075397 0.174177 0.07013696 0.09046596 0.17351 0.06876701 0.08861398 0.167537 0.06622695 0.08653599 0.167275 0.06720197 0.08838796 0.1732479 0.06974196 0.08838796 0.169229 0.08467096 0.08653599 0.162788 0.08386898 0.08861398 0.162526 0.08484399 0.09046596 0.1689659 0.08564597 0.12621 0.162788 0.08386898 0.1243579 0.169229 0.08467096 0.12228 0.1689659 0.08564597 0.124132 0.162526 0.08484399 0.124132 0.167537 0.06622695 0.12621 0.167275 0.06720197 0.121992 0.170231 0.08479595 0.09075397 0.170231 0.08479595 0.06975096 0.178681 0.04956096 0.06946998 0.179347 0.05093097 0.07178199 0.178418 0.05053597 0.03893995 0.179347 0.05093097 0.03865897 0.178681 0.04956096 0.03684896 0.172708 0.04702097 0.03481799 0.1724449 0.04799598 0.03662794 0.178418 0.05053597 0.03662794 0.174399 0.06546497 0.03481799 0.167958 0.06466299 0.03684896 0.1676959 0.065638 0.03865897 0.1741369 0.06643998 0.073592 0.167958 0.06466299 0.07178199 0.174399 0.06546497 0.06975096 0.1741369 0.06643998 0.07156097 0.1676959 0.065638 0.07156097 0.172708 0.04702097 0.073592 0.1724449 0.04799598 0.06946998 0.175401 0.06558996 0.03893995 0.175401 0.06558996 -0.02693396 0.168323 0.088036 -0.02707397 0.16899 0.08940696 -0.02592498 0.16806 0.08901196 -0.04225498 0.16899 0.08940696 -0.04239499 0.168323 0.088036 -0.04329496 0.1623499 0.08549696 -0.04430395 0.162087 0.08647197 -0.04340499 0.16806 0.08901196 -0.04340499 0.164041 0.10394 -0.04430395 0.1576009 0.103139 -0.04329496 0.157338 0.104114 -0.04239499 0.163779 0.104916 -0.02502495 0.1576009 0.103139 -0.02592498 0.164041 0.10394 -0.02693396 0.163779 0.104916 -0.02603399 0.157338 0.104114 -0.02603399 0.1623499 0.08549696 -0.02502495 0.162087 0.08647197 -0.02707397 0.1650429 0.104065 -0.04225498 0.1650429 0.104065 0.06975096 0.183868 0.03029096 0.06946998 0.184535 0.03166097 0.07178199 0.183606 0.03126597 0.03893995 0.184535 0.03166097 0.03865897 0.183868 0.03029096 0.03684896 0.177895 0.02775096 0.03481799 0.177633 0.02872598 0.03662794 0.183606 0.03126597 0.03662794 0.179587 0.04619497 0.03481799 0.173146 0.04539299 0.03684896 0.172883 0.046368 0.03865897 0.179324 0.04716998 0.073592 0.173146 0.04539299 0.07178199 0.179587 0.04619497 0.06975096 0.179324 0.04716998 0.07156097 0.172883 0.046368 0.07156097 0.177895 0.02775096 0.073592 0.177633 0.02872598 0.06946998 0.180589 0.04631996 0.03893995 0.180589 0.04631996 0.01189899 0.183868 0.03029096 0.01161098 0.184535 0.03166097 0.01397699 0.183606 0.03126597 -0.01962697 0.184535 0.03166097 -0.01991498 0.183868 0.03029096 -0.02176696 0.177895 0.02775096 -0.023844 0.177633 0.02872598 -0.02199298 0.183606 0.03126597 -0.02199298 0.179587 0.04619497 -0.023844 0.173146 0.04539299 -0.02176696 0.172883 0.046368 -0.01991498 0.179324 0.04716998 0.01582896 0.173146 0.04539299 0.01397699 0.179587 0.04619497 0.01189899 0.179324 0.04716998 0.01375097 0.172883 0.046368 0.01375097 0.177895 0.02775096 0.01582896 0.177633 0.02872598 0.01161098 0.180589 0.04631996 -0.01962697 0.180589 0.04631996 -0.01619899 0.16311 0.107401 -0.01648795 0.1637769 0.108771 -0.01412194 0.162847 0.108376 -0.04772496 0.1637769 0.108771 -0.04801398 0.16311 0.107401 -0.04986494 0.157137 0.104861 -0.051943 0.156874 0.105836 -0.05009096 0.162847 0.108376 -0.05009096 0.158828 0.123305 -0.051943 0.152388 0.122503 -0.04986494 0.152125 0.123478 -0.04801398 0.1585659 0.12428 -0.01226997 0.152388 0.122503 -0.01412194 0.158828 0.123305 -0.01619899 0.1585659 0.12428 -0.01434797 0.152125 0.123478 -0.01434797 0.157137 0.104861 -0.01226997 0.156874 0.105836 -0.01648795 0.15983 0.12343 -0.04772496 0.15983 0.12343 -0.02179497 0.170231 0.08479595 -0.006613969 0.170231 0.08479595 -0.006613969 0.174177 0.07013696 -0.02179497 0.174177 0.07013696 0.06975096 0.16311 0.107401 0.06946998 0.1637769 0.108771 0.07178199 0.162847 0.108376 0.03893995 0.1637769 0.108771 0.03865897 0.16311 0.107401 0.03684896 0.157137 0.104861 0.03481799 0.156874 0.105836 0.03662794 0.162847 0.108376 0.03662794 0.158828 0.123305 0.03481799 0.152388 0.122503 0.03684896 0.152125 0.123478 0.03865897 0.1585659 0.12428 0.073592 0.152388 0.122503 0.07178199 0.158828 0.123305 0.06975096 0.1585659 0.12428 0.07156097 0.152125 0.123478 0.07156097 0.157137 0.104861 0.073592 0.156874 0.105836 0.06946998 0.15983 0.12343 0.03893995 0.15983 0.12343 0.09075397 0.1650429 0.104065 0.121992 0.1650429 0.104065 0.121992 0.16899 0.08940696 0.09075397 0.16899 0.08940696 0.103907 0.178681 0.04956096 0.103767 0.179347 0.05093097 0.104916 0.178418 0.05053597 0.08858597 0.179347 0.05093097 0.08844596 0.178681 0.04956096 0.08754599 0.172708 0.04702097 0.08653599 0.1724449 0.04799598 0.08743596 0.178418 0.05053597 0.08743596 0.174399 0.06546497 0.08653599 0.167958 0.06466299 0.08754599 0.1676959 0.065638 0.08844596 0.1741369 0.06643998 0.105816 0.167958 0.06466299 0.104916 0.174399 0.06546497 0.103907 0.1741369 0.06643998 0.104807 0.1676959 0.065638 0.104807 0.172708 0.04702097 0.105816 0.1724449 0.04799598 0.103767 0.175401 0.06558996 0.08858597 0.175401 0.06558996 -0.02693396 0.178681 0.04956096 -0.02707397 0.179347 0.05093097 -0.02592498 0.178418 0.05053597 -0.04225498 0.179347 0.05093097 -0.04239499 0.178681 0.04956096 -0.04329496 0.172708 0.04702097 -0.04430395 0.1724449 0.04799598 -0.04340499 0.178418 0.05053597 -0.04340499 0.174399 0.06546497 -0.04430395 0.167958 0.06466299 -0.04329496 0.1676959 0.065638 -0.04239499 0.1741369 0.06643998 -0.02502495 0.167958 0.06466299 -0.02592498 0.174399 0.06546497 -0.02693396 0.1741369 0.06643998 -0.02603399 0.1676959 0.065638 -0.02603399 0.172708 0.04702097 -0.02502495 0.1724449 0.04799598 -0.02707397 0.175401 0.06558996 -0.04225498 0.175401 0.06558996 0.01391899 0.178681 0.04956096 0.01377898 0.179347 0.05093097 0.01492899 0.178418 0.05053597 -0.001400947 0.179347 0.05093097 -0.001540958 0.178681 0.04956096 -0.002440989 0.172708 0.04702097 -0.003450989 0.1724449 0.04799598 -0.002550959 0.178418 0.05053597 -0.002550959 0.174399 0.06546497 -0.003450989 0.167958 0.06466299 -0.002440989 0.1676959 0.065638 -0.001540958 0.1741369 0.06643998 0.01582896 0.167958 0.06466299 0.01492899 0.174399 0.06546497 0.01391899 0.1741369 0.06643998 0.01481896 0.1676959 0.065638 0.01481896 0.172708 0.04702097 0.01582896 0.1724449 0.04799598 0.01377898 0.175401 0.06558996 -0.001400947 0.175401 0.06558996 -0.205 0.08999997 -0.214 -0.205 0.08999997 0.214 0.205 0.08999997 0.214 0.205 0.08999997 -0.214 -0.2075 0.08932995 -0.214 -0.2075 0.08932995 0.214 0.2075 0.08932995 0.214 0.2075 0.08932995 -0.214 -0.20933 0.08749997 -0.214 -0.20933 0.08749997 0.214 0.21 0.01499998 -0.214 0.21 0.01499998 0.214 0.20933 0.01249998 0.214 0.20933 0.01249998 -0.214 0.21 0.08499997 -0.214 0.21 0.08499997 0.214 0.20933 0.08749997 -0.214 0.20933 0.08749997 0.214 -0.21 0.08499997 -0.214 -0.21 0.08499997 0.214 -0.205 0.00999999 -0.214 -0.205 0.00999999 0.214 -0.2075 0.01066994 0.214 -0.2075 0.01066994 -0.214 0.205 0.00999999 -0.214 0.205 0.00999999 0.214 0.2075 0.01066994 -0.214 0.2075 0.01066994 0.214 -0.21 0.01499998 -0.214 -0.21 0.01499998 0.214 -0.20933 0.01249998 -0.214 -0.20933 0.01249998 0.214 -0.204868 0.08899998 -0.215 -0.206982 0.08843398 -0.215 0.204868 0.08899998 -0.215 0.206982 0.08843398 -0.215 -0.208434 0.08698195 -0.215 0.208434 0.01301795 -0.215 0.209 0.01513195 -0.215 0.209 0.08486795 -0.215 0.208434 0.08698195 -0.215 -0.209 0.08486795 -0.215 -0.206982 0.01156598 -0.215 -0.204868 0.01099997 -0.215 0.204868 0.01099997 -0.215 0.206982 0.01156598 -0.215 -0.209 0.01513195 -0.215 -0.208434 0.01301795 -0.215 0.204868 0.08899998 0.215 0.206982 0.08843398 0.215 -0.204868 0.08899998 0.215 -0.206982 0.08843398 0.215 -0.208434 0.08698195 0.215 0.208434 0.08698195 0.215 -0.209 0.08486795 0.215 0.208434 0.01301795 0.215 0.206982 0.01156598 0.215 0.209 0.01513195 0.215 0.209 0.08486795 0.215 -0.209 0.01513195 0.215 -0.206982 0.01156598 0.215 -0.208434 0.01301795 0.215 -0.204868 0.01099997 0.215 0.204868 0.01099997 0.215 0.204523 0.08637696 0.215 0.205624 0.08608096 0.215 -0.204523 0.08637696 0.215 -0.205624 0.08608096 0.215 -0.206081 0.08562397 0.215 0.206081 0.08562397 0.215 -0.206377 0.08452296 0.215 0.206081 0.01437598 0.215 0.205624 0.01391798 0.215 0.206377 0.015477 0.215 0.206377 0.08452296 0.215 -0.206377 0.015477 0.215 -0.205624 0.01391798 0.215 -0.206081 0.01437598 0.215 -0.204523 0.01362299 0.215 0.204523 0.01362299 0.215 0.204523 0.08637696 0.205 0.205624 0.08608096 0.205 -0.204523 0.08637696 0.205 0.206081 0.08562397 0.205 -0.205624 0.08608096 0.205 -0.206081 0.08562397 0.205 -0.206377 0.08452296 0.205 0.206377 0.08452296 0.205 0.206377 0.015477 0.205 -0.206377 0.015477 0.205 0.204523 0.01362299 0.205 -0.204523 0.01362299 0.205 0.205624 0.01391798 0.205 0.206081 0.01437598 0.205 -0.205624 0.01391798 0.205 -0.206081 0.01437598 0.205 -0.204868 0.08486795 -0.215 0.204868 0.08486795 -0.215 0.204868 0.01513195 -0.215 -0.204868 0.01513195 -0.215 0.204877 0.08487695 0.205 0.204344 0.08502 0.205 -0.204344 0.08502 0.205 -0.204877 0.08487695 0.205 0.20502 0.08434396 0.205 -0.204877 0.01512199 0.205 -0.20502 0.01565599 0.205 -0.20502 0.08434396 0.205 0.20502 0.01565599 0.205 0.204877 0.01512199 0.205 0.204344 0.01497995 0.205 -0.204344 0.01497995 0.205 0.204344 0.08502 0.215 0.204877 0.08487695 0.215 -0.204877 0.08487695 0.215 -0.204344 0.08502 0.215 -0.20502 0.08434396 0.215 -0.20502 0.01565599 0.215 -0.204877 0.01512199 0.215 -0.204344 0.01497995 0.215 0.204344 0.01497995 0.215 0.204877 0.01512199 0.215 0.20502 0.01565599 0.215 0.20502 0.08434396 0.215 -0.006473958 0.17351 0.06876701 -0.006613969 0.174177 0.07013696 -0.005464971 0.1732479 0.06974196 -0.02179497 0.174177 0.07013696 -0.02193498 0.17351 0.06876701 -0.02283495 0.167537 0.06622695 -0.023844 0.167275 0.06720197 -0.02294498 0.1732479 0.06974196 -0.02294498 0.169229 0.08467096 -0.023844 0.162788 0.08386898 -0.02283495 0.162526 0.08484399 -0.02193498 0.1689659 0.08564597 -0.004565 0.162788 0.08386898 -0.005464971 0.169229 0.08467096 -0.006473958 0.1689659 0.08564597 -0.005573987 0.162526 0.08484399 -0.005573987 0.167537 0.06622695 -0.004565 0.167275 0.06720197 -0.006613969 0.170231 0.08479595 -0.02179497 0.170231 0.08479595 0.08858597 0.175401 0.06558996 0.103767 0.175401 0.06558996 0.103767 0.179347 0.05093097 0.08858597 0.179347 0.05093097 -0.07569998 0.178681 0.04956096 -0.07583999 0.179347 0.05093097 -0.07468998 0.178418 0.05053597 -0.09101998 0.179347 0.05093097 -0.09115999 0.178681 0.04956096 -0.09205996 0.172708 0.04702097 -0.09306997 0.1724449 0.04799598 -0.09217 0.178418 0.05053597 -0.09217 0.174399 0.06546497 -0.09306997 0.167958 0.06466299 -0.09205996 0.1676959 0.065638 -0.09115999 0.1741369 0.06643998 -0.07378995 0.167958 0.06466299 -0.07468998 0.174399 0.06546497 -0.07569998 0.1741369 0.06643998 -0.07479995 0.1676959 0.065638 -0.07479995 0.172708 0.04702097 -0.07378995 0.1724449 0.04799598 -0.07583999 0.175401 0.06558996 -0.09101998 0.175401 0.06558996 0.04959398 0.276487 -0.196591 0.04959398 0.276487 -0.197172 0.146174 0.276487 -0.197172 0.146174 0.276487 -0.196591 0.04959398 0.229907 -0.196591 0.04959398 0.229907 -0.197172 0.146174 0.229907 -0.196591 0.146174 0.229907 -0.197172 0.146674 0.276987 -0.197672 0.146674 0.229407 -0.197672 0.147384 0.277697 -0.197672 0.147384 0.228697 -0.197672 0.147884 0.278197 -0.197172 0.147884 0.228197 -0.197172 0.04838395 0.277697 -0.197672 0.04788398 0.278197 -0.197172 0.04909396 0.276987 -0.197672 0.04909396 0.229407 -0.197672 0.04838395 0.228697 -0.197672 0.04788398 0.228197 -0.197172 0.04788398 0.228197 -0.195511 0.147884 0.228197 -0.195511 0.04788398 0.278197 -0.195511 0.147884 0.278197 -0.195511 -0.18134 0.00999999 -0.205673 -0.18134 0.000999987 -0.205673 -0.1899999 0.000999987 -0.210673 -0.1899999 0.00999999 -0.210673 -0.18134 0.00999999 -0.195673 -0.18134 0.000999987 -0.195673 -0.1899999 0.00999999 -0.1906729 -0.1899999 0.000999987 -0.1906729 -0.19866 0.00999999 -0.195673 -0.19866 0.000999987 -0.195673 -0.19866 0.00999999 -0.205673 -0.19866 0.000999987 -0.205673 -0.1899999 0 -0.209519 -0.19766 0 -0.205096 -0.18234 0 -0.205096 -0.19766 0 -0.196251 -0.18234 0 -0.196251 -0.1899999 0 -0.191828 -0.09101998 0.175401 0.06558996 -0.07583999 0.175401 0.06558996 -0.07583999 0.179347 0.05093097 -0.09101998 0.179347 0.05093097 -0.111414 0.175401 0.06558996 -0.09623301 0.175401 0.06558996 -0.09623301 0.179347 0.05093097 -0.111414 0.179347 0.05093097 -0.07771998 0.17351 0.06876701 -0.07800799 0.174177 0.07013696 -0.07564198 0.1732479 0.06974196 -0.109246 0.174177 0.07013696 -0.109534 0.17351 0.06876701 -0.111386 0.167537 0.06622695 -0.1134639 0.167275 0.06720197 -0.111612 0.1732479 0.06974196 -0.111612 0.169229 0.08467096 -0.1134639 0.162788 0.08386898 -0.111386 0.162526 0.08484399 -0.109534 0.1689659 0.08564597 -0.07378995 0.162788 0.08386898 -0.07564198 0.169229 0.08467096 -0.07771998 0.1689659 0.08564597 -0.07586801 0.162526 0.08484399 -0.07586801 0.167537 0.06622695 -0.07378995 0.167275 0.06720197 -0.07800799 0.170231 0.08479595 -0.109246 0.170231 0.08479595 -0.152355 0.09646898 -0.182511 -0.152355 0.09064698 -0.182511 -0.161015 0.09064698 -0.187511 -0.161015 0.09646898 -0.187511 -0.152355 0.09646898 -0.172511 -0.152355 0.09064698 -0.172511 -0.161015 0.09646898 -0.167511 -0.161015 0.09064698 -0.167511 -0.169676 0.09646898 -0.172511 -0.169676 0.09064698 -0.172511 -0.169676 0.09646898 -0.182511 -0.169676 0.09064698 -0.182511 -0.161015 0.08999997 -0.186356 -0.168676 0.08999997 -0.181933 -0.153355 0.08999997 -0.181933 -0.168676 0.08999997 -0.173088 -0.153355 0.08999997 -0.173088 -0.161015 0.08999997 -0.168665 0.01315599 0.16311 0.107401 0.01295995 0.1637769 0.108771 0.01456898 0.162847 0.108376 -0.008287966 0.1637769 0.108771 -0.008483946 0.16311 0.107401 -0.009743988 0.157137 0.104861 -0.01115697 0.156874 0.105836 -0.009897947 0.162847 0.108376 -0.009897947 0.158828 0.123305 -0.01115697 0.152388 0.122503 -0.009743988 0.152125 0.123478 -0.008483946 0.1585659 0.12428 0.01582896 0.152388 0.122503 0.01456898 0.158828 0.123305 0.01315599 0.1585659 0.12428 0.01441496 0.152125 0.123478 0.01441496 0.157137 0.104861 0.01582896 0.156874 0.105836 0.01295995 0.15983 0.12343 -0.008287966 0.15983 0.12343 0.01391899 0.168323 0.088036 0.01377898 0.16899 0.08940696 0.01492899 0.16806 0.08901196 -0.001400947 0.16899 0.08940696 -0.001540958 0.168323 0.088036 -0.002440989 0.1623499 0.08549696 -0.003450989 0.162087 0.08647197 -0.002550959 0.16806 0.08901196 -0.002550959 0.164041 0.10394 -0.003450989 0.1576009 0.103139 -0.002440989 0.157338 0.104114 -0.001540958 0.163779 0.104916 0.01582896 0.1576009 0.103139 0.01492899 0.164041 0.10394 0.01391899 0.163779 0.104916 0.01481896 0.157338 0.104114 0.01481896 0.1623499 0.08549696 0.01582896 0.162087 0.08647197 0.01377898 0.1650429 0.104065 -0.001400947 0.1650429 0.104065 -0.006473958 0.178681 0.04956096 -0.006613969 0.179347 0.05093097 -0.005464971 0.178418 0.05053597 -0.02179497 0.179347 0.05093097 -0.02193498 0.178681 0.04956096 -0.02283495 0.172708 0.04702097 -0.023844 0.1724449 0.04799598 -0.02294498 0.178418 0.05053597 -0.02294498 0.174399 0.06546497 -0.023844 0.167958 0.06466299 -0.02283495 0.1676959 0.065638 -0.02193498 0.1741369 0.06643998 -0.004565 0.167958 0.06466299 -0.005464971 0.174399 0.06546497 -0.006473958 0.1741369 0.06643998 -0.005573987 0.1676959 0.065638 -0.005573987 0.172708 0.04702097 -0.004565 0.1724449 0.04799598 -0.006613969 0.175401 0.06558996 -0.02179497 0.175401 0.06558996 -0.04225498 0.1650429 0.104065 -0.02707397 0.1650429 0.104065 -0.02707397 0.16899 0.08940696 -0.04225498 0.16899 0.08940696 0.08858597 0.1806409 0.04612398 0.103767 0.1806409 0.04612398 0.103767 0.184587 0.03146594 0.08858597 0.184587 0.03146594 0.09075397 0.170231 0.08479595 0.121992 0.170231 0.08479595 0.121992 0.174177 0.07013696 0.09075397 0.174177 0.07013696 -0.04225498 0.175401 0.06558996 -0.02707397 0.175401 0.06558996 -0.02707397 0.179347 0.05093097 -0.04225498 0.179347 0.05093097 -0.04225498 0.170231 0.08479595 -0.02707397 0.170231 0.08479595 -0.02707397 0.174177 0.07013696 -0.04225498 0.174177 0.07013696 -0.109246 0.170231 0.08479595 -0.07800799 0.170231 0.08479595 -0.07800799 0.174177 0.07013696 -0.109246 0.174177 0.07013696 -0.001400947 0.1650429 0.104065 0.01377898 0.1650429 0.104065 0.01377898 0.16899 0.08940696 -0.001400947 0.16899 0.08940696 -0.02179497 0.1650429 0.104065 -0.006613969 0.1650429 0.104065 -0.006613969 0.16899 0.08940696 -0.02179497 0.16899 0.08940696 -0.109246 0.1650429 0.104065 -0.07800799 0.1650429 0.104065 -0.07800799 0.16899 0.08940696 -0.109246 0.16899 0.08940696 9.25e-4 0.03576797 0.21865 0.002131998 0.03709697 0.21865 0.002131998 0.03709697 0.216202 9.25e-4 0.03576797 0.216202 9.25e-4 0.03074496 0.21865 9.25e-4 0.03074496 0.216202 0.002131998 0.03883898 0.21865 0.002131998 0.03883898 0.216202 0.008237957 0.03497999 0.21865 0.007956981 0.03711199 0.21865 0.007956981 0.03284698 0.21865 0.00713396 0.03086096 0.21865 0.005824983 0.02915495 0.21865 -0.002131998 0.04293698 0.21865 -0.004118978 0.04211395 0.21865 -0.002131998 0.03829795 0.21865 -6.03e-4 0.04020696 0.21865 0 0.04321795 0.21865 0.002131998 0.04293698 0.21865 7.64e-4 0.04020696 0.21865 0.004118978 0.04211395 0.21865 0.00713396 0.03909897 0.21865 0.005824983 0.04080498 0.21865 0.004118978 0.02784496 0.21865 0.002131998 0.027022 0.21865 -7.3e-5 0.02974694 0.21865 0 0.02674198 0.21865 -0.001070976 0.02974694 0.21865 -0.002131998 0.03080797 0.21865 -0.004118978 0.02784496 0.21865 -0.002131998 0.027022 0.21865 -0.005824983 0.02915495 0.21865 -0.00713396 0.03086096 0.21865 -0.007956981 0.03284698 0.21865 -0.008237957 0.03497999 0.21865 -0.007956981 0.03711199 0.21865 -0.00713396 0.03909897 0.21865 -0.005824983 0.04080498 0.21865 -0.002131998 0.03829795 0.216202 -0.002131998 0.03080797 0.216202 -6.03e-4 0.04020696 0.216202 7.64e-4 0.04020696 0.216202 -7.3e-5 0.02974694 0.216202 -0.001070976 0.02974694 0.216202 -0.002587974 0.04463899 0.2174029 -0.004999995 0.04363995 0.2174029 0 0.04497998 0.2174029 0.002587974 0.04463899 0.2174029 0.004999995 0.04363995 0.2174029 0.009658992 0.03756797 0.2174029 0.008659958 0.03997999 0.2174029 0.004999995 0.02631896 0.2174029 0.007070958 0.02790898 0.2174029 0.008659958 0.02998 0.2174029 0.009658992 0.03239095 0.2174029 0.00999999 0.03497999 0.2174029 0.002587974 0.02531999 0.2174029 0 0.02497994 0.2174029 -0.009658992 0.03756797 0.2174029 -0.00999999 0.03497999 0.2174029 -0.007070958 0.04205095 0.2174029 -0.008659958 0.03997999 0.2174029 -0.002587974 0.02531999 0.2174029 -0.004999995 0.02631896 0.2174029 -0.007070958 0.02790898 0.2174029 -0.008659958 0.02998 0.2174029 -0.009658992 0.03239095 0.2174029 0.007070958 0.04205095 0.2174029 -0.002587974 0.04463899 0.215 -0.004999995 0.04363995 0.215 0 0.04497998 0.215 0.002587974 0.04463899 0.215 0.004999995 0.04363995 0.215 0.009658992 0.03756797 0.215 0.008659958 0.03997999 0.215 0.00999999 0.03497999 0.215 0.009658992 0.03239095 0.215 0.008659958 0.02998 0.215 0.007070958 0.02790898 0.215 0.004999995 0.02631896 0.215 0.002587974 0.02531999 0.215 0 0.02497994 0.215 -0.009658992 0.03756797 0.215 -0.00999999 0.03497999 0.215 -0.008659958 0.03997999 0.215 -0.007070958 0.04205095 0.215 -0.009658992 0.03239095 0.215 -0.008659958 0.02998 0.215 -0.007070958 0.02790898 0.215 -0.004999995 0.02631896 0.215 -0.002587974 0.02531999 0.215 0.007070958 0.04205095 0.215 0.09932595 0.194159 -0.03198295 0.09932595 0.196502 -0.03135299 0.09876799 0.196852 -0.03265398 0.09876799 0.19451 -0.03328394 0.100214 0.193859 -0.03086596 0.100214 0.196201 -0.030236 0.101371 0.193628 -0.03000897 0.101371 0.1959699 -0.02937895 0.102718 0.1934829 -0.02946996 0.102718 0.195825 -0.02884 0.104164 0.193433 -0.02928596 0.104164 0.195776 -0.028656 0.1056089 0.1934829 -0.02946996 0.1056089 0.195825 -0.02884 0.106957 0.193628 -0.03000897 0.106957 0.1959699 -0.02937895 0.108114 0.193859 -0.03086596 0.108114 0.196201 -0.030236 0.109001 0.194159 -0.03198295 0.109001 0.196502 -0.03135299 0.1095589 0.19451 -0.03328394 0.1095589 0.196852 -0.03265398 0.10975 0.194885 -0.03468096 0.10975 0.197228 -0.03404998 0.1095589 0.195261 -0.03607696 0.1095589 0.197604 -0.03544598 0.109001 0.195611 -0.03737795 0.109001 0.1979539 -0.03674697 0.108114 0.195912 -0.038495 0.108114 0.198255 -0.03786396 0.106957 0.196143 -0.03935199 0.106957 0.198485 -0.03872096 0.1056089 0.196288 -0.039891 0.1056089 0.19863 -0.03925997 0.104164 0.1963379 -0.040075 0.104164 0.19868 -0.03944396 0.102718 0.196288 -0.039891 0.102718 0.19863 -0.03925997 0.101371 0.196143 -0.03935199 0.101371 0.198485 -0.03872096 0.100214 0.195912 -0.038495 0.100214 0.198255 -0.03786396 0.09932595 0.195611 -0.03737795 0.09932595 0.1979539 -0.03674697 0.09876799 0.195261 -0.03607696 0.09876799 0.197604 -0.03544598 0.09857797 0.194885 -0.03468096 0.09857797 0.197228 -0.03404998 0.09925496 0.197369 -0.03264999 0.09908199 0.197711 -0.03391999 0.108565 0.19705 -0.03146594 0.107757 0.196777 -0.03044998 0.106705 0.1965669 -0.02967 0.105479 0.196435 -0.02917999 0.104164 0.19639 -0.02901297 0.09976297 0.19705 -0.03146594 0.10057 0.196777 -0.03044998 0.1016229 0.1965669 -0.02967 0.102848 0.196435 -0.02917999 0.109245 0.197711 -0.03391999 0.109072 0.197369 -0.03264999 0.109072 0.198053 -0.03518998 0.108565 0.1983709 -0.03637397 0.107757 0.1986449 -0.03738999 0.106705 0.198855 -0.03816998 0.105479 0.198987 -0.03865998 0.104164 0.199032 -0.038827 0.102848 0.198987 -0.03865998 0.1016229 0.198855 -0.03816998 0.10057 0.1986449 -0.03738999 0.09976297 0.1983709 -0.03637397 0.09925496 0.198053 -0.03518998 0.100249 0.197438 -0.03290694 0.100111 0.197711 -0.03391999 0.107673 0.197184 -0.03196299 0.107029 0.196966 -0.03115296 0.10619 0.196798 -0.03053098 0.105213 0.196693 -0.03013998 0.104164 0.196657 -0.030007 0.103115 0.196693 -0.03013998 0.102137 0.196798 -0.03053098 0.101298 0.196966 -0.03115296 0.100654 0.197184 -0.03196299 0.100249 0.197983 -0.03493297 0.100654 0.198237 -0.03587698 0.101298 0.198456 -0.03668695 0.102137 0.198623 -0.03730899 0.103115 0.198728 -0.03769999 0.104164 0.198764 -0.03783297 0.105213 0.198728 -0.03769999 0.10619 0.198623 -0.03730899 0.107029 0.198456 -0.03668695 0.107673 0.198237 -0.03587698 0.108078 0.197983 -0.03493297 0.108216 0.197711 -0.03391999 0.108078 0.197438 -0.03290694 0.107237 0.197732 -0.03207695 0.106673 0.1975409 -0.031367 0.105938 0.197395 -0.03082299 0.105082 0.197302 -0.03048098 0.104164 0.197271 -0.03036397 0.103245 0.197302 -0.03048098 0.10239 0.197395 -0.03082299 0.101655 0.1975409 -0.031367 0.101091 0.197732 -0.03207695 0.100736 0.197955 -0.03290295 0.100615 0.198193 -0.03378999 0.100736 0.198432 -0.03467696 0.101091 0.198655 -0.03550297 0.101655 0.198846 -0.03621298 0.10239 0.198992 -0.03675699 0.103245 0.199084 -0.037099 0.104164 0.199116 -0.03721594 0.105082 0.199084 -0.037099 0.105938 0.198992 -0.03675699 0.106673 0.198846 -0.03621298 0.107237 0.198655 -0.03550297 0.107591 0.198432 -0.03467696 0.107712 0.198193 -0.03378999 0.107591 0.197955 -0.03290295 0.106673 0.204505 -0.02949297 0.105938 0.204358 -0.02894794 0.107237 0.2046959 -0.03020197 0.107591 0.204918 -0.03102898 0.107712 0.205157 -0.03191494 0.107591 0.2053959 -0.03280198 0.107237 0.205618 -0.033629 0.106673 0.2058089 -0.03433799 0.105938 0.205956 -0.03488296 0.105082 0.206048 -0.03522497 0.104164 0.206079 -0.03534197 0.103245 0.206048 -0.03522497 0.10239 0.205956 -0.03488296 0.101655 0.2058089 -0.03433799 0.101091 0.205618 -0.033629 0.100736 0.2053959 -0.03280198 0.100615 0.205157 -0.03191494 0.100736 0.204918 -0.03102898 0.101091 0.2046959 -0.03020197 0.101655 0.204505 -0.02949297 0.10239 0.204358 -0.02894794 0.103245 0.204266 -0.02860599 0.104164 0.204235 -0.02848899 0.105082 0.204266 -0.02860599 0.105686 0.204954 -0.02923995 0.104951 0.204875 -0.02894598 0.1068 0.205244 -0.03031599 0.106316 0.20508 -0.02970695 0.107104 0.205435 -0.03102499 0.107104 0.205844 -0.03254598 0.107208 0.20564 -0.03178495 0.1068 0.206035 -0.03325498 0.105686 0.2063249 -0.03433096 0.106316 0.206199 -0.03386396 0.104951 0.206404 -0.03462499 0.103376 0.206404 -0.03462499 0.104164 0.206431 -0.03472495 0.1026419 0.2063249 -0.03433096 0.101528 0.206035 -0.03325498 0.102011 0.206199 -0.03386396 0.101223 0.205844 -0.03254598 0.101223 0.205435 -0.03102499 0.10112 0.20564 -0.03178495 0.101528 0.205244 -0.03031599 0.1026419 0.204954 -0.02923995 0.102011 0.20508 -0.02970695 0.103376 0.204875 -0.02894598 0.104164 0.204848 -0.02884596 0.104164 0.20564 -0.03178495 0.103907 0.183921 0.03009498 0.103767 0.184587 0.03146594 0.104916 0.183658 0.03106999 0.08858597 0.184587 0.03146594 0.08844596 0.183921 0.03009498 0.08754599 0.1779479 0.027556 0.08653599 0.177685 0.02853095 0.08743596 0.183658 0.03106999 0.08743596 0.179639 0.04599899 0.08653599 0.1731989 0.04519695 0.08754599 0.172936 0.04617196 0.08844596 0.179377 0.046974 0.105816 0.1731989 0.04519695 0.104916 0.179639 0.04599899 0.103907 0.179377 0.046974 0.104807 0.172936 0.04617196 0.104807 0.1779479 0.027556 0.105816 0.177685 0.02853095 0.103767 0.1806409 0.04612398 0.08858597 0.1806409 0.04612398 -0.02179497 0.175401 0.06558996 -0.006613969 0.175401 0.06558996 -0.006613969 0.179347 0.05093097 -0.02179497 0.179347 0.05093097 -0.02693396 0.183868 0.03029096 -0.02707397 0.184535 0.03166097 -0.02592498 0.183606 0.03126597 -0.04225498 0.184535 0.03166097 -0.04239499 0.183868 0.03029096 -0.04329496 0.177895 0.02775096 -0.04430395 0.177633 0.02872598 -0.04340499 0.183606 0.03126597 -0.04340499 0.179587 0.04619497 -0.04430395 0.173146 0.04539299 -0.04329496 0.172883 0.046368 -0.04239499 0.179324 0.04716998 -0.02502495 0.173146 0.04539299 -0.02592498 0.179587 0.04619497 -0.02693396 0.179324 0.04716998 -0.02603399 0.172883 0.046368 -0.02603399 0.177895 0.02775096 -0.02502495 0.177633 0.02872598 -0.02707397 0.180589 0.04631996 -0.04225498 0.180589 0.04631996 0.03893995 0.180589 0.04631996 0.06946998 0.180589 0.04631996 0.06946998 0.184535 0.03166097 0.03893995 0.184535 0.03166097 0.04959398 0.276487 -0.196591 0.146174 0.276487 -0.196591 0.146174 0.229907 -0.196591 0.04959398 0.229907 -0.196591 -0.03978896 0.205183 -0.073273 -0.04044097 0.205172 -0.07323199 -0.03978896 0.203883 -0.06844496 -0.04108297 0.205139 -0.07310795 -0.04170197 0.205084 -0.072905 -0.04228895 0.205009 -0.07262599 -0.04283195 0.204914 -0.07227498 -0.04332399 0.204802 -0.071859 -0.04375499 0.204675 -0.07138395 -0.044119 0.204533 -0.07085895 -0.04440796 0.204381 -0.070293 -0.04461795 0.2042199 -0.06969398 -0.04474598 0.204053 -0.06907498 -0.04478895 0.203883 -0.06844496 -0.04478895 0.185398 2.21e-4 -0.03978896 0.185398 2.21e-4 -0.04474598 0.185229 8.51e-4 -0.04461795 0.185062 0.001470983 -0.04440796 0.1849009 0.002068996 -0.044119 0.1847479 0.002634942 -0.04375499 0.184607 0.003159999 -0.04332399 0.1844789 0.003634989 -0.04283195 0.184367 0.00405097 -0.04228895 0.184273 0.004401981 -0.04170197 0.184197 0.004681944 -0.04108297 0.184143 0.004884958 -0.04044097 0.18411 0.005007982 -0.03978896 0.184098 0.00504899 0.150211 0.184098 0.00504899 0.150211 0.185398 2.21e-4 0.150864 0.18411 0.005007982 0.151506 0.184143 0.004884958 0.152125 0.184197 0.004681944 0.152711 0.184273 0.004401981 0.153255 0.184367 0.00405097 0.153747 0.1844789 0.003634989 0.154178 0.184607 0.003159999 0.154542 0.1847479 0.002634942 0.154831 0.1849009 0.002068996 0.155169 0.185229 8.51e-4 0.155041 0.185062 0.001470983 0.155211 0.185398 2.21e-4 0.155211 0.203883 -0.06844496 0.150211 0.203883 -0.06844496 0.155169 0.204053 -0.06907498 0.155041 0.2042199 -0.06969398 0.154831 0.204381 -0.070293 0.154542 0.204533 -0.07085895 0.154178 0.204675 -0.07138395 0.153747 0.204802 -0.071859 0.153255 0.204914 -0.07227498 0.152711 0.205009 -0.07262599 0.152125 0.205084 -0.072905 0.151506 0.205139 -0.07310795 0.150864 0.205172 -0.07323199 0.150211 0.205183 -0.073273 0.08416396 0.202675 -0.06361699 0.08351099 0.202664 -0.06357496 0.08416396 0.201375 -0.05878895 0.08287 0.2026309 -0.063452 0.08224999 0.202576 -0.06324899 0.08166396 0.2025009 -0.06296998 0.08111995 0.202407 -0.06261897 0.08062797 0.202294 -0.06220299 0.08019697 0.202167 -0.061728 0.07983398 0.2020249 -0.061203 0.079544 0.201873 -0.06063598 0.07933396 0.201712 -0.06003797 0.07920598 0.201545 -0.05941897 0.07916396 0.201375 -0.05878895 0.07916396 0.188089 -0.009434998 0.08416396 0.188089 -0.009434998 0.07920598 0.18792 -0.008804976 0.07933396 0.187753 -0.008185982 0.079544 0.187592 -0.007587969 0.07983398 0.187439 -0.00702095 0.08019697 0.1872979 -0.006495952 0.08062797 0.18717 -0.006020963 0.08111995 0.187058 -0.005604982 0.08166396 0.186964 -0.00525397 0.08224999 0.186888 -0.004974961 0.08287 0.186834 -0.004771947 0.08351099 0.186801 -0.00464797 0.08416396 0.18679 -0.004606962 0.124164 0.18679 -0.004606962 0.124164 0.188089 -0.009434998 0.124816 0.186801 -0.00464797 0.125458 0.186834 -0.004771947 0.1260769 0.186888 -0.004974961 0.126664 0.186964 -0.00525397 0.127207 0.187058 -0.005604982 0.127699 0.18717 -0.006020963 0.12813 0.1872979 -0.006495952 0.128494 0.187439 -0.00702095 0.128783 0.187592 -0.007587969 0.128993 0.187753 -0.008185982 0.129121 0.18792 -0.008804976 0.129164 0.188089 -0.009434998 0.129164 0.201375 -0.05878895 0.124164 0.201375 -0.05878895 0.129121 0.201545 -0.05941897 0.128993 0.201712 -0.06003797 0.128783 0.201873 -0.06063598 0.128494 0.2020249 -0.061203 0.12813 0.202167 -0.061728 0.127699 0.202294 -0.06220299 0.127207 0.202407 -0.06261897 0.126664 0.2025009 -0.06296998 0.1260769 0.202576 -0.06324899 0.125458 0.2026309 -0.063452 0.124816 0.202664 -0.06357496 0.124164 0.202675 -0.06361699 0.12228 0.16311 0.107401 0.121992 0.1637769 0.108771 0.1243579 0.162847 0.108376 0.09075397 0.1637769 0.108771 0.09046596 0.16311 0.107401 0.08861398 0.157137 0.104861 0.08653599 0.156874 0.105836 0.08838796 0.162847 0.108376 0.08838796 0.158828 0.123305 0.08653599 0.152388 0.122503 0.08861398 0.152125 0.123478 0.09046596 0.1585659 0.12428 0.12621 0.152388 0.122503 0.1243579 0.158828 0.123305 0.12228 0.1585659 0.12428 0.124132 0.152125 0.123478 0.124132 0.157137 0.104861 0.12621 0.156874 0.105836 0.121992 0.15983 0.12343 0.09075397 0.15983 0.12343 -0.09609299 0.178681 0.04956096 -0.09623301 0.179347 0.05093097 -0.09508395 0.178418 0.05053597 -0.111414 0.179347 0.05093097 -0.111554 0.178681 0.04956096 -0.1124539 0.172708 0.04702097 -0.1134639 0.1724449 0.04799598 -0.112564 0.178418 0.05053597 -0.112564 0.174399 0.06546497 -0.1134639 0.167958 0.06466299 -0.1124539 0.1676959 0.065638 -0.111554 0.1741369 0.06643998 -0.09418398 0.167958 0.06466299 -0.09508395 0.174399 0.06546497 -0.09609299 0.1741369 0.06643998 -0.09519296 0.1676959 0.065638 -0.09519296 0.172708 0.04702097 -0.09418398 0.1724449 0.04799598 -0.09623301 0.175401 0.06558996 -0.111414 0.175401 0.06558996 -0.04225498 0.180589 0.04631996 -0.02707397 0.180589 0.04631996 -0.02707397 0.184535 0.03166097 -0.04225498 0.184535 0.03166097 0.03893995 0.1650429 0.104065 0.06946998 0.1650429 0.104065 0.06946998 0.16899 0.08940696 0.03893995 0.16899 0.08940696 0.06975096 0.17351 0.06876701 0.06946998 0.174177 0.07013696 0.07178199 0.1732479 0.06974196 0.03893995 0.174177 0.07013696 0.03865897 0.17351 0.06876701 0.03684896 0.167537 0.06622695 0.03481799 0.167275 0.06720197 0.03662794 0.1732479 0.06974196 0.03662794 0.169229 0.08467096 0.03481799 0.162788 0.08386898 0.03684896 0.162526 0.08484399 0.03865897 0.1689659 0.08564597 0.073592 0.162788 0.08386898 0.07178199 0.169229 0.08467096 0.06975096 0.1689659 0.08564597 0.07156097 0.162526 0.08484399 0.07156097 0.167537 0.06622695 0.073592 0.167275 0.06720197 0.06946998 0.170231 0.08479595 0.03893995 0.170231 0.08479595 0.10898 0.1806409 0.04612398 0.12416 0.1806409 0.04612398 0.12416 0.184587 0.03146594 0.10898 0.184587 0.03146594 0.01065999 0.230092 -0.09388798 0.1447539 0.230092 -0.09388798 0.1447539 0.238951 -0.098526 0.1447539 0.286874 -0.123617 0.01065999 0.286874 -0.123617 -0.081676 0.245757 -0.09400498 -0.115528 0.245757 -0.09400498 -0.115528 0.223374 -0.06085395 -0.171676 0.223374 -0.06085395 -0.171676 0.212182 -0.04427897 -0.115528 0.212182 -0.04427897 -0.115528 0.210577 -0.04190194 -0.081676 0.210577 -0.04190194 -0.081676 0.240161 -0.08571696 -0.001400947 0.175401 0.06558996 0.01377898 0.175401 0.06558996 0.01377898 0.179347 0.05093097 -0.001400947 0.179347 0.05093097 -0.07771998 0.16311 0.107401 -0.07800799 0.1637769 0.108771 -0.07564198 0.162847 0.108376 -0.109246 0.1637769 0.108771 -0.109534 0.16311 0.107401 -0.111386 0.157137 0.104861 -0.1134639 0.156874 0.105836 -0.111612 0.162847 0.108376 -0.111612 0.158828 0.123305 -0.1134639 0.152388 0.122503 -0.111386 0.152125 0.123478 -0.109534 0.1585659 0.12428 -0.07378995 0.152388 0.122503 -0.07564198 0.158828 0.123305 -0.07771998 0.1585659 0.12428 -0.07586801 0.152125 0.123478 -0.07586801 0.157137 0.104861 -0.07378995 0.156874 0.105836 -0.07800799 0.15983 0.12343 -0.109246 0.15983 0.12343 0.03893995 0.175401 0.06558996 0.06946998 0.175401 0.06558996 0.06946998 0.179347 0.05093097 0.03893995 0.179347 0.05093097</float_array>
          <technique_common>
            <accessor source="#Mesh74_Group105_Group1_Model-mesh-positions-array" count="1503" stride="3">
              <param name="X" type="float"/>
              <param name="Y" type="float"/>
              <param name="Z" type="float"/>
            </accessor>
          </technique_common>
        </source>
        <source id="Mesh74_Group105_Group1_Model-mesh-normals">
          <float_array id="Mesh74_Group105_Group1_Model-mesh-normals-array" count="6855">0 -0.8858956 0.4638847 0 -0.8859117 0.4638541 0 -0.8859118 0.4638537 -9.70256e-5 0.4637548 0.8859636 -9.46299e-5 0.4637545 0.8859638 9.59495e-5 0.4637432 0.8859698 -5.48684e-5 0.463882 0.885897 -5.40655e-5 0.4638822 0.885897 5.40656e-5 0.4638787 0.8858987 5.48485e-5 0.4638788 0.8858988 9.36138e-5 0.4637429 0.8859698 1 0 0 1 0 0 1 0 0 0 0.8859037 -0.4638695 0 0.8858996 -0.4638772 0 0.8858996 -0.4638773 -1 2.91848e-6 0 -1 -2.30191e-6 0 -1 -4.51201e-7 0 0 0.9656267 0.2599329 0 0.9656269 0.2599322 0 0.9656271 0.2599316 0 0.9656104 0.2599937 0 0.9656106 0.259993 0 0.9656108 0.2599924 0.7114481 -0.5184439 -0.4744022 0 0 -1 0.8660287 0 -0.4999943 0.7666234 -0.5183291 0.3789771 0.8660288 0 0.4999942 0.05509221 -0.5182029 0.8534815 -1.00777e-6 0 1 -0.7115211 -0.5182883 0.4744629 -0.8660293 0 0.4999935 -0.7666277 -0.518388 -0.3788879 -0.8660287 0 -0.4999942 0.09472918 -0.4728406 -0.8760412 5.04709e-4 -0.9435461 -0.331241 0.2023326 -0.964958 -0.1670854 -0.2801066 -0.9455373 -0.1658305 0.2870453 -0.9434682 0.1657496 -0.2441607 -0.9401998 0.2375078 -6.37257e-7 -0.9434667 0.3314672 0 0.9656265 0.2599336 0 0.9656265 0.2599336 0 -0.5595868 0.8287719 0 -0.5595825 0.8287747 0 -0.559582 0.828775 1.39494e-6 0.8287762 0.5595803 0 0.8287792 0.559576 -7.08432e-7 0.8287756 0.5595812 6.0961e-7 0.828775 0.5595821 -6.40167e-5 0.828801 0.5595434 0 0.8287748 0.5595824 -8.88398e-5 0.8291316 0.5590534 0 0.8291488 0.5590282 6.3055e-6 0.8288339 0.5594948 0 0.828761 0.5596028 3.72205e-5 0.8287627 0.5596004 -1.13014e-5 0.828776 0.5595806 -2.52753e-6 0.8287782 0.5595772 0 0.828778 0.5595777 0 0.6666611 0.745361 0.339013 0.640596 0.6889898 0.3376025 0.5460662 0.766705 0.4238811 0.6379861 0.642883 0.5777065 0.5115368 0.6360702 0.6568824 0.5882811 0.4716259 0.5749036 0.7554353 0.3143303 0.4966387 0.7815725 0.3774844 0.4229028 0.7658051 0.4844543 0.4941101 0.8278309 0.2656151 0 0.7801836 0.6255505 0 0.7801836 0.6255506 0 0.4638234 0.8859277 -6.63539e-6 0.463824 0.8859274 -4.33333e-7 0.4638234 0.8859278 -3.59583e-6 0.4638905 0.8858926 -4.81583e-6 0.4638262 0.8859263 -6.96364e-6 0.4638347 0.8859219 2.02076e-5 0.4638463 0.8859158 9.23528e-6 0.4638917 0.885892 1.05884e-5 0.463826 0.8859264 8.78889e-6 0.4638248 0.885927 1 0 0 1.28973e-6 0.9656236 0.2599445 2.1269e-6 0.9656231 0.2599465 0 0.9656245 0.2599415 -7.05628e-7 0.9656215 0.259952 0 0.9656215 0.2599524 -4.30989e-7 0.9656223 0.2599493 0 0.9806144 0.1959476 0 0.9978398 0.06569594 -7.8409e-7 0.9806134 0.1959527 0 1 0 0.4522654 0.4104111 0.7918453 -0.6388454 0.4680278 0.6105953 -0.6754698 0.3386343 0.6550325 0.3034038 -0.6737752 0.6737753 0.6737781 -0.3034005 0.6737739 0.476515 -0.4765108 0.7388308 0.6444258 0.2674616 0.7163656 0.2773932 0.5845165 0.7624917 -0.7071235 -0.5000146 0.499962 0 0 1 -0.6737752 -0.3034018 0.6737762 -0.6754663 0.339321 0.6546804 -0.6444232 0.2674623 0.7163678 -0.6388469 0.4680488 0.6105777 -0.5773475 -0.5773559 0.5773475 -0.6738692 -0.3029215 0.6738982 -1 0 0 -1 2.21255e-7 0 -1 0 0 -1 0 0 -1 4.47175e-7 0 -1 0 0 -1 -1.47708e-7 0 -1 -5.8786e-7 0 -0.7070738 0.6828294 0.1838223 -0.5872861 0.7948536 0.1526526 -0.6305961 0.7694113 0.1017603 -0.8517187 0.3705242 0.3705227 -0.5872189 0.8072571 0.05924642 -0.8372194 0.5239535 0.1566419 -0.6692231 0.3486841 0.6561707 -0.7802456 0.4778207 0.403614 -0.762213 0.4315053 0.4825295 -0.707022 0.3280155 0.6265189 -0.7802039 0.3479852 0.5197964 -0.7070243 0.3280146 0.6265166 -0.8373898 0.1568968 0.5236047 -0.6168034 0.2099291 0.7586062 -0.6167821 0.5112145 0.5985312 -1.6128e-7 0 1 -0.7385467 -0.4767331 -0.476733 -0.7071036 -0.7071101 0 -0.7071035 -0.7071101 0 -0.7071039 0 -0.7071098 -0.6737778 -0.3034052 -0.6737721 -0.6738837 -0.6738853 -0.3029181 -1 1.40772e-6 0 -0.7071238 -0.4999765 -0.4999995 -0.7071238 -0.5000005 -0.4999755 -0.7394025 0.4760696 0.4760691 -0.7751486 0.6307356 0.03629636 -0.7549304 0.6501452 0.08597266 -0.5035606 0.6458184 0.5738862 -0.4940358 0.7834047 0.3771016 -0.3473967 0.6122056 0.7102956 -0.574044 0.7560299 0.3144713 -0.494107 0.8278328 0.2656149 -0.7752675 0.6183602 0.1288066 0 0.707104 0.7071096 -0.4761433 0.7393063 0.4761446 -0.4760833 0.4760826 0.7393849 -0.1342802 0.5724819 0.8088468 0 0.4692221 0.8830802 0 0.469222 0.8830803 -0.7071064 0 0.7071073 -1 1.82119e-6 0 -1 2.16456e-7 0 -1 2.28124e-6 0 0 0.9096175 0.4154469 0 0.9096176 0.4154468 0 0.9096176 0.4154466 0 0.5595836 -0.8287739 0 0.5595836 -0.828774 0 0.5595836 -0.828774 1 1.34567e-6 0 1 2.71314e-6 0 1 0 0 -0.6737909 0.6737605 -0.3034017 -0.6738853 0.6738833 -0.3029191 -0.5773503 0.5773503 -0.5773503 -0.6632798 0.6900601 0.289615 -0.6250203 0.7457587 0.2306374 -0.8673495 0.4257544 0.2577558 0.2617733 0.8256407 0.4997923 -0.6632956 0.6901323 0.289407 0 0.8554775 0.5178402 -0.7070906 0.5000324 -0.4999905 0.4767342 0.738547 -0.4767314 0.3029226 0.6738879 -0.673879 0.6737783 0.6737746 -0.3033984 0.4367266 0.8295188 0.3480925 0.6250249 0.745756 0.2306338 0.7070231 0.3280228 0.6265137 0.7921563 0.3729046 0.4831465 0.7804344 0.4878317 0.3910786 0.7070713 0.6828333 0.1838181 0.7921499 0.5526894 0.2589076 0.7070713 0.6828332 0.183818 1 0 0 1 1.32157e-7 0 1 3.1089e-7 0 1 0 0 0.7071036 -0.7071101 0 0.4767372 -0.7385457 -0.4767304 0.7385447 -0.4767323 -0.4767372 0.4767351 -0.4767343 -0.7385446 -0.7071234 -0.4999638 -0.5000126 -0.7071241 -0.5001551 -0.4998203 0.707113 0 -0.7071007 0.707113 0 -0.7071006 0 -1 0 0 0 -1 0 0.5595822 -0.828775 0 0.559582 -0.828775 0 0.559582 -0.8287751 0 -0.5595814 0.8287755 0 -0.5595787 0.8287773 0 -0.5595785 0.8287774 1 2.14391e-6 0 1 1.84326e-7 0 1 2.32824e-6 0 0 0.9656265 0.2599336 0 0.9656265 0.2599337 0.250013 0.7909459 -0.5584784 0.2399174 0.9495794 -0.2018386 0.4130206 0.8441886 -0.3417009 -0.2500129 0.7909434 -0.5584819 -0.2399283 0.9495741 -0.2018499 -0.4239692 0.4625467 -0.7786532 -0.4130226 0.8441876 -0.3417009 -0.4136411 0.5579584 0.7194328 -0.4238665 0.009218931 0.9056778 -0.2499758 0.4039441 0.8799667 0.4136409 0.5579582 0.7194331 0.4238662 0.009219884 0.905678 0.4237958 0.009223401 0.9057108 0.4239688 0.4625467 -0.7786533 0.423912 0.4625631 -0.7786746 0.240095 0.7198778 0.6512529 0.2499743 0.4039425 0.8799678 -0.2400359 0.7199351 0.6512113 0 0.3912027 -0.9203046 0 0.3912037 -0.9203042 0 0.3912038 -0.9203041 -0.9609087 0.2673473 0.07197183 -0.9609022 0.2673715 0.07196867 -0.9609122 0.2673343 0.0719735 0 -0.1235593 0.9923372 0 -0.1235596 0.9923372 0 -0.1235597 0.9923372 0.9609088 0.2673472 0.07197183 0.9609024 0.2673709 0.07196867 0.9608995 0.2673817 0.0719673 0.7632562 -0.4116385 -0.4979898 0.8660289 0 -0.4999941 0.8128905 -0.4116926 0.4119689 0.04954797 -0.4116556 0.9099916 1.05159e-6 0 1 -0.763171 -0.4118172 0.4979727 -0.8660283 0 0.4999951 -0.8128839 -0.4116818 -0.4119928 -0.8660289 0 -0.4999941 0.05275446 -0.4082126 -0.9113613 -0.3745763 -0.8984823 -0.2289587 1.05286e-6 -0.8917208 -0.4525862 0.27484 -0.9335185 -0.2302307 0.3910287 -0.8917881 0.2276196 -0.3319699 -0.8862687 0.3229919 4.475e-7 -0.891817 0.4523965 0.7632559 -0.4116391 -0.4979898 1.05158e-6 0 -1 0.8660295 0 -0.4999932 0.8128911 -0.4116922 0.4119681 0.8660289 0 0.4999941 0.04954856 -0.4116554 0.9099916 -0.7631712 -0.411817 0.4979724 -0.8660289 0 0.4999941 -0.8128838 -0.4116823 -0.4119923 -0.8660289 0 -0.499994 0.05275386 -0.4082124 -0.9113615 -0.3745753 -0.8984828 -0.2289587 0.274839 -0.9335189 -0.2302305 0.3910292 -0.8917878 0.2276194 -0.3319705 -0.8862686 0.3229917 4.48432e-7 -0.8917918 0.452446 0.250013 0.7909469 -0.5584771 0.2399189 0.9495791 -0.2018382 0.4130218 0.8441888 -0.3416991 -0.2500129 0.7909438 -0.5584815 -0.2399276 0.9495742 -0.2018502 -0.4239687 0.4625483 -0.7786524 -0.4130214 0.8441885 -0.3417006 -0.4136419 0.5579574 0.7194331 -0.4238665 0.009218156 0.9056779 -0.2499698 0.4038946 0.8799911 0.4136411 0.5579588 0.7194324 0.4238665 0.009219288 0.9056779 0.4237958 0.009222447 0.9057108 0.4239689 0.4625474 -0.778653 0.240095 0.7198782 0.6512525 0.2499744 0.4039438 0.8799672 -0.2400366 0.7199346 0.6512117 0 0.3912035 -0.9203042 0 0.3912037 -0.9203041 -0.9609081 0.2673493 0.07197189 -0.9609017 0.2673732 0.07196903 -0.9609117 0.2673364 0.0719735 0.9609083 0.2673487 0.07197195 0.9609022 0.2673717 0.07196909 0.9608994 0.2673821 0.07196778 0 0.9656101 0.2599945 0 0.9656101 0.2599948 0 0.9656099 0.2599953 0.4407361 0.7441365 -0.5020087 0.4296967 0.8785773 -0.208477 0.6785225 0.6821104 -0.2726401 -0.4405118 0.7443318 -0.5019159 -0.4292656 0.878834 -0.2082837 -0.6937576 0.3678275 -0.6191957 -0.6782036 0.682352 -0.2728292 -0.6938365 0.007274568 0.7200958 -0.4405719 0.3914271 0.807887 -0.6780517 0.4533398 0.5785579 0.6938815 0.007300972 0.7200523 0.4408465 0.3917568 0.8075774 0.6938804 0.007301032 0.7200534 0.6938022 0.3678295 -0.6191446 0.6938039 0.3678289 -0.619143 0.6783316 0.4532626 0.5782901 0.4293557 0.6556599 0.6210988 -0.4293668 0.6554071 0.621358 0 0.3913331 -0.9202492 0 0.3913344 -0.9202486 0 0.391335 -0.9202483 -0.9903614 0.1337459 0.03600579 -0.9903612 0.1337473 0.03600662 -0.9903611 0.1337479 0.03600698 0 -0.1235801 0.9923347 0 -0.1235799 0.9923347 0 -0.1235798 0.9923347 0.9903401 0.1338927 0.03604501 0.99034 0.1338933 0.03604584 0.9903402 0.1338925 0.03604459 0.7114471 -0.5184465 -0.4744009 2.50624e-5 0 -1 0.8660287 0 -0.4999942 0.7666232 -0.5183297 0.3789767 0.8660285 0 0.4999947 0.05511337 -0.5182026 0.8534804 2.43832e-5 0 1 -0.7115092 -0.5182915 0.4744773 -0.866016 0 0.5000162 -0.7666197 -0.5183871 -0.3789054 -0.8660164 0 -0.5000158 0.09476417 -0.4728034 -0.8760576 5.20688e-4 -0.9435315 -0.3312824 -0.2141397 -0.9689432 0.1236664 -0.2801452 -0.9455283 -0.165816 0.2131003 -0.9547005 -0.2076901 0.2869591 -0.9435035 0.1656978 -0.004138112 -0.9448736 0.327409 0 0.9656101 0.2599948 0 0.9656101 0.2599948 0 0.9656101 0.2599949 0.2551391 0.7901001 -0.5573563 0.2449111 0.9482683 -0.2020046 0.4208967 0.840844 -0.3403341 -0.2449081 0.9482708 -0.2019963 -0.2551043 0.7900164 -0.557491 -0.4319673 0.4606078 -0.7753998 -0.4208976 0.8408437 -0.3403338 -0.4214981 0.5557884 0.7165463 -0.431863 0.009173452 0.9018926 -0.2550894 0.4037749 0.8785758 0.4215011 0.5557871 0.7165457 0.431863 0.009172618 0.9018926 0.4317925 0.009175717 0.9019263 0.4319675 0.4606067 -0.7754003 0.4319111 0.4606226 -0.7754224 0.2451136 0.7186341 0.6507568 0.2550904 0.4037831 0.8785716 -0.2450568 0.7186826 0.6507247 0 0.391202 -0.9203049 0 0.3912032 -0.9203044 0 0.3912034 -0.9203044 -0.9625644 0.261735 0.07046079 -0.9625582 0.2617585 0.07045775 -0.9625676 0.2617225 0.0704624 0 -0.1235597 0.9923372 0 -0.1235601 0.9923371 0 -0.1235601 0.9923371 0.9625642 0.2617357 0.07046079 0.9625582 0.2617583 0.07045775 0.9625556 0.2617686 0.07045638 0.4404897 0.7443552 -0.5019005 0.4292656 0.8788361 -0.2082746 0.678193 0.6823756 -0.2727966 -0.4294449 0.8786938 -0.208505 -0.4404634 0.7442013 -0.5021519 -0.6934579 0.3679182 -0.6194776 -0.6781938 0.6823748 -0.2727964 -0.6778796 0.4535319 0.5786088 -0.6935435 0.007211327 0.7203786 -0.4405158 0.391135 0.808059 0.6778807 0.4535322 0.5786074 0.6935422 0.007211327 0.72038 0.6935424 0.007211267 0.7203797 0.6934579 0.3679183 -0.6194776 0.6934594 0.3679174 -0.6194763 0.4290974 0.6557538 0.6211782 0.4405512 0.3914963 0.8078646 -0.4293661 0.6554114 0.621354 0 0.3913342 -0.9202487 0 0.3913339 -0.9202488 0 0.3913338 -0.9202488 -0.9903401 0.1338926 0.03604525 -0.99034 0.1338936 0.0360459 -0.9903399 0.133894 0.0360462 0 -0.1235798 0.9923347 0 -0.1235799 0.9923346 0 -0.1235799 0.9923346 0.9903401 0.1338927 0.03604525 0.9903399 0.1338936 0.0360459 0.9903402 0.1338922 0.03604489 0.763257 -0.411637 -0.4979896 0.8128976 -0.4117295 0.411918 -0.7632114 -0.4117802 0.4979413 -0.8128831 -0.4116832 -0.411993 -0.374574 -0.8984834 -0.2289585 0.2748424 -0.9335178 -0.230231 0.3910273 -0.8917883 0.2276212 -0.3319519 -0.8862783 0.3229842 4.2934e-7 -0.8917918 0.4524461 0.4406057 0.744283 -0.501906 0.429486 0.8788065 -0.2079443 0.6781008 0.6826056 -0.2724501 -0.4406414 0.7444939 -0.5015618 -0.4293127 0.8789413 -0.2077328 -0.6936509 0.3677852 -0.6193404 -0.6781038 0.6826023 -0.2724507 -0.6779043 0.4536309 0.5785022 -0.6935403 0.007212221 0.7203817 -0.4406312 0.391707 0.8077189 0.6779025 0.4536324 0.578503 0.6935403 0.007209539 0.7203818 0.6935397 0.0072093 0.7203823 0.6936508 0.3677854 -0.6193404 0.6936514 0.367785 -0.61934 0.4294086 0.6555677 0.6211597 0.4405955 0.3913404 0.8079161 -0.4291447 0.6559188 0.6209714 0 0.3912028 -0.9203045 0 0.3912029 -0.9203045 0 0.3912029 -0.9203044 -0.9903386 0.1339033 0.03604638 -0.9903379 0.1339095 0.03604561 -0.9903391 0.1339002 0.0360468 0 -0.1235604 0.9923371 0 -0.1235606 0.9923371 0 -0.1235607 0.9923371 0.9903389 0.1339017 0.03604638 0.9903379 0.1339089 0.03604561 0.9903375 0.1339121 0.03604525 0.4411702 0.7439098 -0.5019633 0.4299019 0.8785834 -0.208028 0.6785377 0.6822484 -0.2722569 -0.4409248 0.7442036 -0.5017433 -0.4293745 0.8789148 -0.2077172 -0.6939979 0.3676846 -0.6190114 -0.6782171 0.6825071 -0.2724074 -0.6938851 0.007301688 0.7200488 -0.4409031 0.3922805 0.8072921 -0.6785168 0.4533101 0.5780355 0.6939324 0.007327795 0.7200028 0.441122 0.3920505 0.8072842 0.6938859 0.007300317 0.720048 0.6940309 0.367756 -0.6189319 0.6939896 0.3677774 -0.6189655 0.429918 0.6554518 0.6209295 0.678835 0.453194 0.5777528 -0.4294466 0.6558246 0.620862 0 0.3912019 -0.9203049 0 0.3912035 -0.9203043 0 0.3912011 -0.9203052 -0.9903603 0.1337537 0.0360074 -0.9903586 0.1337667 0.03600615 -0.9903612 0.133747 0.036008 0 -0.1235594 0.9923373 0 -0.1235597 0.9923372 0 -0.1235598 0.9923372 0.9903392 0.1338998 0.03604686 0.9903375 0.1339123 0.03604543 0.9903368 0.1339177 0.03604483 0 0.9656103 0.2599937 0 0.9656103 0.2599938 0 0.9656103 0.2599939 0 0.9656267 0.2599331 0 0.9656267 0.2599331 0 0.9656267 0.2599331 0.4406312 0.7441971 -0.502011 0.4295144 0.8787565 -0.2080974 0.6780781 0.6826168 -0.2724785 -0.4406701 0.7444127 -0.5016568 -0.4293418 0.8788933 -0.2078753 -0.6936353 0.3678763 -0.6193037 -0.6780826 0.6826122 -0.2724785 -0.6779003 0.4536324 0.5785057 -0.6935483 0.007210671 0.7203741 -0.4406281 0.3917008 0.8077238 0.6779012 0.4536334 0.578504 0.6935483 0.0072093 0.7203741 0.6935502 0.007209122 0.7203722 0.6936367 0.3678717 -0.6193049 0.6936371 0.3678716 -0.6193046 0.4294143 0.6555668 0.6211566 0.4405903 0.3913392 0.8079195 -0.4291452 0.6559154 0.6209746 0 0.3913327 -0.9202494 0 0.3913345 -0.9202486 0 0.3913353 -0.9202482 -0.9903401 0.1338929 0.03604513 -0.9903401 0.1338929 0.03604573 -0.9903401 0.1338928 0.03604596 0 -0.1235612 0.9923371 0 -0.1235612 0.992337 0 -0.1235613 0.9923371 0.9903403 0.1338917 0.03604513 0.99034 0.1338936 0.03604573 0.9903405 0.1338906 0.03604483 0 0.9656103 0.2599938 0 0.9656103 0.2599939 0 0.9656103 0.259994 0.711449 -0.5184428 -0.4744023 -4.16252e-7 0 -1 0.7666231 -0.5183293 0.3789775 0.05509245 -0.5182012 0.8534826 -7.44872e-7 0 1 -0.7115209 -0.5182885 0.4744632 -0.8660289 0 0.4999941 -0.7666284 -0.5183867 -0.378888 -0.8660289 0 -0.4999939 0.0947293 -0.472839 -0.8760421 5.12828e-4 -0.9435275 -0.3312941 0.2023876 -0.9649466 -0.1670853 -0.2800632 -0.9455447 -0.1658612 0.2870453 -0.9434682 0.1657496 -0.2441607 -0.9401999 0.2375077 -1.89291e-7 -0.9434655 0.3314708 0.2496708 0.7908103 -0.5588234 0.2399232 0.9494686 -0.2023516 0.4133581 0.8436993 -0.3425006 -0.2496708 0.7908113 -0.558822 -0.2399868 0.9494404 -0.2024089 -0.4237239 0.4625554 -0.7787815 -0.4133585 0.8436991 -0.3425007 -0.4126942 0.5584698 0.7195797 -0.4238091 0.00908637 0.905706 -0.2497265 0.4033023 0.8803318 0.4126956 0.5584696 0.7195791 0.4238091 0.009087085 0.905706 0.4238092 0.009087264 0.905706 0.4237239 0.4625554 -0.7787815 0.4237233 0.462556 -0.7787815 0.2397368 0.7197394 0.6515378 0.2497267 0.4033 0.8803328 -0.2397257 0.7197499 0.6515303 0 0.3913326 -0.9202493 0 0.3913354 -0.9202482 0 0.3913358 -0.920248 -0.9609122 0.2673356 0.07196897 -0.9609115 0.2673374 0.07197052 -0.9609113 0.2673383 0.07197123 0 -0.1235802 0.9923347 0 -0.12358 0.9923346 0 -0.1235799 0.9923346 0.9609124 0.2673349 0.07196897 0.9609121 0.2673357 0.07197058 0.9609126 0.2673346 0.07196813 0.2548794 0.7900997 -0.5574756 0.2450154 0.948208 -0.2021614 0.4213274 0.8404308 -0.3408216 -0.2449584 0.9482342 -0.2021074 -0.2549152 0.7901834 -0.5573406 -0.4318982 0.460627 -0.7754269 -0.4213271 0.8404307 -0.3408222 -0.4205925 0.5563933 0.7166091 -0.4318138 0.009040415 0.9019175 -0.2548851 0.4033734 0.8788194 0.4205935 0.556393 0.7166087 0.4318138 0.009040951 0.9019175 0.4318165 0.009040951 0.9019163 0.4318985 0.4606263 -0.7754271 0.4318984 0.4606256 -0.7754275 0.2447484 0.7187061 0.6508146 0.2549216 0.4035186 0.8787422 -0.2447432 0.7187082 0.6508145 0 0.3913325 -0.9202495 0 0.3913347 -0.9202485 0 0.391335 -0.9202484 -0.9625679 0.2617225 0.07045775 -0.9625676 0.2617236 0.070459 -0.9625674 0.2617242 0.0704596 0 -0.1235613 0.992337 0 -0.1235608 0.9923371 0 -0.1235607 0.9923371 0.9625681 0.2617222 0.07045781 0.9625679 0.2617226 0.07045906 0.9625682 0.2617219 0.0704571 0.4411703 0.7439096 -0.5019634 0.4298983 0.8785845 -0.2080309 0.6785376 0.6822484 -0.2722571 -0.4409257 0.7442052 -0.5017402 -0.4293744 0.878916 -0.2077124 -0.6939991 0.3676851 -0.6190098 -0.6782177 0.6825066 -0.2724071 -0.6938873 0.007300794 0.7200466 -0.4408771 0.3920264 0.8074296 -0.6785135 0.4533105 0.578039 0.6939324 0.007327854 0.7200029 0.4411473 0.3923075 0.8071457 0.6938859 0.007300436 0.720048 0.6940323 0.3677557 -0.6189305 0.6939912 0.3677771 -0.6189638 0.4297381 0.655689 0.6208037 0.6788352 0.4531936 0.577753 -0.429624 0.6555921 0.620985 0 0.3912028 -0.9203045 0 0.3912028 -0.9203046 0 0.3912027 -0.9203045 -0.9903604 0.1337527 0.03600734 -0.9903587 0.1337661 0.03600591 -0.9903613 0.1337459 0.03600805 0 -0.1235598 0.9923372 0 -0.1235598 0.9923372 0 -0.1235598 0.9923372 0.9903392 0.1338996 0.03604662 0.9903376 0.133912 0.03604537 0.9903368 0.1339174 0.03604483 0.2547773 0.7899742 -0.5577 0.2449635 0.9481346 -0.2025676 0.4212149 0.840376 -0.341096 -0.2449068 0.9481617 -0.20251 -0.2548058 0.7900309 -0.5576068 -0.431719 0.4606153 -0.7755336 -0.4212138 0.8403775 -0.3410934 -0.4205262 0.5563096 0.716713 -0.4318023 0.0090397 0.901923 -0.2547927 0.4029985 0.8790182 0.4205263 0.5563089 0.7167133 0.4318023 0.009039819 0.901923 0.4318021 0.0090397 0.9019231 0.431719 0.4606153 -0.7755336 0.4317182 0.460615 -0.7755342 0.244717 0.7185307 0.6510203 0.2548192 0.4030864 0.8789702 -0.2447124 0.7185389 0.6510127 0 0.3913335 -0.9202489 0 0.3913328 -0.9202493 -0.9625683 0.2617213 0.07045751 -0.9625676 0.2617232 0.07045966 -0.9625674 0.2617242 0.07046061 0 -0.1235608 0.9923371 0 -0.1235609 0.9923371 0 -0.1235609 0.9923371 0.9625687 0.2617201 0.07045757 0.9625679 0.2617219 0.07045966 0.962569 0.2617192 0.07045644 0.2496686 0.7908116 -0.5588225 0.239922 0.9494702 -0.2023456 0.4133597 0.8437 -0.3424971 -0.249664 0.7907803 -0.5588689 -0.2399833 0.9494416 -0.2024078 -0.4238582 0.4625164 -0.7787315 -0.4133579 0.8437023 -0.3424935 -0.4126913 0.5584737 0.7195785 -0.4239414 0.0090788 0.9056441 -0.2497252 0.4032996 0.8803333 0.4126934 0.5584694 0.7195805 0.4238065 0.00908488 0.9057072 0.4238066 0.00908488 0.9057072 0.4237241 0.4625548 -0.7787817 0.4237236 0.4625551 -0.7787819 0.2397359 0.7197368 0.651541 0.2497242 0.4032919 0.8803371 -0.2397261 0.7197498 0.6515302 0 0.3913313 -0.92025 0 0.3913319 -0.9202497 0 0.391332 -0.9202496 -0.9609525 0.2672004 0.07193267 -0.9609517 0.2672027 0.07193487 -0.9609514 0.2672038 0.07193589 0 -0.1235604 0.9923371 0 -0.1235606 0.9923371 0 -0.1235606 0.9923371 0.9609127 0.2673337 0.07196855 0.9609119 0.2673361 0.07197076 0.9609133 0.2673324 0.07196736 0.2499483 0.7908392 -0.5586583 0.2399066 0.9495587 -0.2019488 0.4129815 0.8441883 -0.3417492 -0.2499487 0.7908453 -0.5586496 -0.2399151 0.9495574 -0.2019445 -0.4239379 0.4625575 -0.7786639 -0.4129818 0.8441885 -0.3417484 -0.4135876 0.5578122 0.7195769 -0.423844 0.009084641 0.9056897 -0.2498691 0.4036401 0.8801364 0.4135463 0.5578532 0.7195689 0.423844 0.009085178 0.9056897 0.4238116 0.009086728 0.9057048 0.4239376 0.4625574 -0.778664 0.4239069 0.4625663 -0.7786754 0.2401031 0.7196523 0.6514992 0.2498681 0.403628 0.8801423 -0.2400402 0.7197152 0.6514528 0 0.391332 -0.9202496 0 0.3913333 -0.9202491 0 0.3913334 -0.920249 -0.9609041 0.2673637 0.07197242 -0.960909 0.2673494 0.07196092 -0.9609111 0.2673429 0.07195574 0 -0.1235598 0.9923372 0 -0.1235601 0.9923371 0 -0.1235602 0.9923372 0.9609043 0.2673629 0.07197219 0.9609091 0.267349 0.07196122 0.9609018 0.2673704 0.07197809 0 0.9656265 0.2599337 0 0.9656265 0.2599337 0 0.9656262 0.2599347 0.254943 0.7899008 -0.5577284 0.24489 0.9482369 -0.2021777 0.420768 0.8408514 -0.3404752 -0.2448868 0.9482355 -0.2021879 -0.2550014 0.7900378 -0.5575075 -0.4319033 0.4606268 -0.7754241 -0.4207684 0.840851 -0.3404755 -0.4213148 0.5556401 0.7167692 -0.4318092 0.009041547 0.9019197 -0.2548606 0.4032747 0.8788719 0.4213165 0.5556398 0.7167684 0.4318092 0.009041249 0.9019197 0.43181 0.00904107 0.9019194 0.4319034 0.4606262 -0.7754245 0.4319061 0.4606254 -0.7754234 0.245072 0.718394 0.6510375 0.2548976 0.4034217 0.8787937 -0.2450137 0.7184452 0.6510029 0 0.3913338 -0.9202489 0 0.3913343 -0.9202486 0 0.3913345 -0.9202486 -0.96256 0.2617507 0.07046145 -0.9625647 0.2617365 0.07045012 -0.9625669 0.2617301 0.070445 0 -0.1235601 0.9923372 0 -0.12356 0.9923371 0 -0.1235599 0.9923371 0.9625602 0.2617504 0.07046145 0.962565 0.2617354 0.07045012 0.9625576 0.2617584 0.07046747 0 0.9656058 0.2600108 0 0.9656056 0.2600117 0 0.9656054 0.2600122 0.4409384 0.7443408 -0.5015279 0.4295968 0.8787724 -0.2078601 0.6784121 0.682347 -0.2723225 -0.4295188 0.8787551 -0.2080944 -0.4406316 0.7441983 -0.5020088 -0.693636 0.367874 -0.6193043 -0.6780821 0.6826131 -0.2724776 -0.677901 0.453635 0.5785028 -0.6935483 0.0072093 0.7203741 -0.4405896 0.3913366 0.8079211 0.6782327 0.453482 0.5782341 0.6938914 0.00729978 0.7200428 0.6938933 0.00729978 0.7200409 0.6939777 0.3677897 -0.6189715 0.6939777 0.3677908 -0.6189709 0.4294011 0.6558229 0.6208954 0.4408975 0.3917089 0.8075726 -0.4294127 0.6555664 0.6211583 0 0.3913332 -0.9202492 0 0.3913334 -0.9202491 0 0.3913335 -0.9202491 -0.9903401 0.1338934 0.03604513 -0.9903398 0.1338943 0.03604573 -0.9903399 0.1338946 0.03604596 0 -0.1235609 0.992337 0 -0.1235611 0.992337 0 -0.1235612 0.9923371 0.9903401 0.1338928 0.03604513 0.9903401 0.1338925 0.03604573 0.9903401 0.1338929 0.03604483 0.4409023 0.744125 -0.5018798 0.429773 0.8786342 -0.2080794 0.6784125 0.682348 -0.2723193 -0.4406571 0.7444178 -0.5016607 -0.4293384 0.8788944 -0.2078782 -0.6939463 0.3677134 -0.6190521 -0.6780911 0.6826077 -0.272469 -0.6779118 0.4536311 0.5784933 -0.6938585 0.007197678 0.7200756 -0.4405787 0.3913374 0.8079266 0.6782329 0.4534819 0.5782338 0.6938916 0.007299482 0.7200425 0.6938933 0.007299423 0.7200409 0.6939796 0.367784 -0.6189728 0.6939797 0.3677842 -0.6189727 0.4294033 0.6558189 0.620898 0.440904 0.3917545 0.807547 -0.4294157 0.6555655 0.6211571 0 0.3913336 -0.920249 0 0.3913347 -0.9202485 -0.9903613 0.1337466 0.03600567 -0.9903612 0.1337475 0.03600639 -0.9903611 0.1337479 0.03600674 0 -0.123561 0.992337 0 -0.1235612 0.992337 0 -0.1235612 0.9923371 0.9903402 0.1338922 0.03604495 0.9903401 0.1338931 0.03604567 0.9903402 0.1338918 0.03604453 0.4406662 0.744415 -0.501657 0.4293364 0.8788951 -0.2078791 0.6780805 0.6826145 -0.2724782 -0.4295142 0.8787574 -0.2080938 -0.4406347 0.7441996 -0.502004 -0.6936362 0.3678743 -0.619304 -0.678081 0.6826143 -0.2724774 -0.6779004 0.4536325 0.5785056 -0.6935483 0.007210493 0.7203741 -0.4405895 0.3913375 0.8079207 0.6779016 0.4536322 0.5785044 0.6935483 0.007210493 0.7203741 0.6935502 0.007210493 0.7203722 0.693636 0.3678742 -0.6193043 0.6936362 0.3678743 -0.6193039 0.4291469 0.6559144 0.6209746 0.440626 0.3917026 0.8077238 -0.4294134 0.6555666 0.6211575 0 0.3913346 -0.9202486 0 0.3913353 -0.9202482 -0.9903401 0.1338925 0.03604501 -0.9903399 0.1338936 0.03604584 0 -0.1235611 0.9923371 0 -0.1235613 0.9923371 0 -0.1235614 0.992337 0.9903401 0.1338925 0.03604513 0.99034 0.1338936 0.03604573 0.9903402 0.1338921 0.03604483 -0.130549 0.9914419 0 0.130549 0.9914419 0 -0.1305512 0.9914416 0 -0.5000169 0.8660158 0 0.1305512 0.9914416 0 0.5000169 0.8660158 0 -0.5000187 0.8660146 0 -0.8660163 0.5000159 0 0.9914427 -0.1305429 0 0.8660131 -0.5000215 0 0.9914419 -0.1305488 0 0.9914419 0.1305489 0 0.9914426 0.130543 0 0.8660132 0.5000212 0 0.5000187 0.8660146 0 0.8660163 0.5000159 0 -0.8660132 0.5000212 0 -0.9914426 0.130543 0 -0.1302044 -0.9914872 -1.33996e-7 -0.5000162 -0.8660161 0 -0.1301974 -0.9914881 0 0.1301974 -0.9914881 0 0.5000162 -0.8660161 0 0.1302044 -0.9914872 1.33996e-7 0.5000181 -0.866015 0 0.866016 -0.5000163 0 -0.9914419 0.1305489 0 -0.9914419 -0.1305488 0 -0.9914427 -0.1305429 0 -0.8660131 -0.5000215 0 -0.866016 -0.5000163 0 -0.5000181 -0.866015 0 -0.09187948 0.6980587 -0.7101214 -0.3473522 0.6017654 -0.7191835 -0.3474764 0.6017366 -0.7191476 0.0918799 0.6980599 -0.7101201 -0.09180831 0.6980314 -0.7101573 0.3473556 0.6017662 -0.7191812 0.09180796 0.6980327 -0.7101562 -0.6017717 0.347352 -0.7191784 -0.6017441 0.3474739 -0.7191426 0.6980584 -0.09188187 -0.7101213 0.6017674 -0.3473545 -0.7191808 0.6980321 -0.09181076 -0.7101564 0.6980674 0.09188151 -0.7101125 0.6017655 0.3473485 -0.7191853 0.6017407 0.3474728 -0.7191459 0.6980399 0.09181076 -0.7101487 0.3474815 0.6017393 -0.7191429 -0.6980596 0.09188169 -0.7101202 -0.6980322 0.0918107 -0.7101563 -0.09188169 -0.6980617 -0.7101181 -0.3473622 -0.6017655 -0.7191787 -0.09181064 -0.6980348 -0.7101537 0.09181106 -0.6980345 -0.7101541 0.09188127 -0.6980615 -0.7101184 0.3473622 -0.6017654 -0.7191786 0.3474792 -0.6017377 -0.7191453 0.6017346 -0.347478 -0.7191486 -0.6980378 -0.09181082 -0.7101507 -0.6980642 -0.09188175 -0.7101157 -0.6017674 -0.3473545 -0.7191808 -0.6017346 -0.347478 -0.7191486 -0.3474792 -0.6017377 -0.7191453 0.3473564 0.6017636 0.719183 0.09188085 0.6980578 0.7101221 0.09181064 0.6980307 0.7101578 -0.09188133 0.6980601 0.7101197 -0.09181022 0.6980332 0.7101554 -0.3473577 0.6017656 0.7191807 -0.3474817 0.6017392 0.7191429 -0.6017388 0.347473 0.7191475 -0.6017664 0.3473477 0.7191848 0.60177 0.3473521 0.7191796 0.3474785 0.6017352 0.7191477 -0.6980649 0.09188199 0.710115 -0.698039 0.09181082 0.7101496 0.601766 -0.3473548 0.7191818 0.3474774 -0.6017382 0.7191458 0.6017348 -0.3474776 0.7191486 0.6980632 -0.09188199 0.7101165 0.6980368 -0.09181112 0.7101517 0.6980606 0.09188216 0.7101191 0.6980348 0.09181076 0.7101537 0.60174 0.3474748 0.7191455 -0.698057 -0.09188216 0.7101226 -0.6980305 -0.09181106 0.7101578 -0.601766 -0.3473547 0.7191818 -0.3474774 -0.6017382 0.7191458 -0.3473581 -0.6017662 0.71918 -0.09188121 -0.6980615 0.7101182 -0.091811 -0.6980345 0.7101539 0.09188169 -0.6980617 0.7101181 0.09181058 -0.6980347 0.7101539 0.347358 -0.6017663 0.7191799 -0.6017348 -0.3474776 0.7191486 5.37204e-7 0 1 9.28905e-7 0 1 -6.49246e-7 0 1 -1.40083e-6 0 1 -2.43414e-6 0 1 -3.57374e-6 0 1 -3.25435e-6 0 1 -5.09157e-6 0 1 6.98754e-7 0 1 -2.40011e-7 0 1 6.39006e-6 0 1 7.08688e-6 0 1 9.79968e-6 0 1 -2.51086e-6 0 1 -4.48245e-6 0 1 -5.40096e-6 0 1 -4.95545e-6 0 1 -4.93169e-7 0 1 -3.90442e-6 0 1 -6.98754e-7 0 1 2.40011e-7 0 1 -7.08688e-6 0 1 1.29893e-6 0 1 4.86767e-6 0 1 -1.29893e-6 0 1 -4.86767e-6 0 1 -0.1309469 -0.9913895 0 -0.5003399 -0.8658291 0 -0.5003861 -0.8658024 0 0.1309421 -0.9913901 0 -0.1309418 -0.9913901 0 -0.8657994 -0.5003914 0 -0.8658324 -0.5003342 0 0.5003395 -0.8658294 0 0.1309466 -0.9913895 0 0.8657989 -0.5003923 0 0.5003864 -0.8658022 0 0.9913892 -0.1309483 0 0.8658329 -0.5003332 0 -0.9913917 -0.1309302 0 -0.9913917 0.1309302 0 -0.9913892 0.1309484 0 -0.9913893 -0.130948 0 0.9913917 0.1309302 0 0.9913917 -0.1309299 0 -0.1305198 0.9914457 0 0.1305204 0.9914456 0 0.1305246 0.9914451 0 -0.500445 0.8657683 0 -0.1305252 0.9914451 0 -0.866073 0.4999179 0 -0.5004935 0.8657403 0 -0.8661072 0.4998583 0 0.5004917 0.8657414 0 0.8660736 0.4999166 0 0.8661064 0.4998597 0 0.5004469 0.8657674 0 0.9913892 0.1309484 0 1.12451e-6 0 -1 7.12041e-6 0 -1 -1.12451e-6 0 -1 -7.12041e-6 0 -1 7.12041e-6 0 -1 -7.12041e-6 0 -1 2.29587e-6 0 1 8.84037e-7 0 1 1.75881e-6 0 1 -1.7588e-6 0 1 2.65214e-6 0 1 -2.29587e-6 0 1 1.71704e-6 0 1 7.03249e-6 0 1 -7.51043e-6 0 1 7.03533e-6 0 1 9.18355e-6 0 1 1.86934e-6 0 1 -7.03249e-6 0 1 2.42067e-5 0 1 2.87972e-5 0 1 -3.52053e-6 0 1 3.52055e-6 0 1 -1.21014e-5 0 1 0.2591283 0.9658429 0 0.1306855 0.9914239 0 0.1306848 0.991424 0 -0.1306849 0.991424 0 -0.2591295 0.9658427 0 -0.2591283 0.965843 0 -0.1306855 0.991424 0 1.00324e-5 0 1 -2.00623e-5 0 1 1.00123e-5 0 1 -0.9914287 0.1306489 0 -0.9914593 -0.1304163 0 -0.9914543 -0.1304552 0 -0.965861 0.2590609 0 -0.9914236 0.1306875 0 -0.9659825 -0.2586077 0 -0.9659621 -0.2586835 0 0.9914237 0.1306878 0 0.9658613 0.2590603 0 0.9658407 0.2591369 0 0.9914593 -0.1304163 0 0.9914287 0.1306485 0 0.9659825 -0.2586077 0 0.9914543 -0.1304552 0 0.1301643 -0.9914925 0 0.257439 -0.9662946 0 0.2574378 -0.966295 0 -0.1301707 -0.9914917 0 0.1301714 -0.9914915 0 -0.2574378 -0.9662949 0 -0.1301649 -0.9914925 0 0.4407356 0.7441363 -0.5020094 0.4296963 0.8785775 -0.208477 0.6785217 0.6821109 -0.2726409 -0.4405117 0.7443335 -0.5019136 -0.4292637 0.8788349 -0.2082838 -0.6937564 0.3678272 -0.6191973 -0.6782042 0.6823515 -0.2728288 -0.6938352 0.007274448 0.7200971 -0.4405943 0.3916817 0.8077512 -0.6780521 0.4533388 0.578558 0.6938815 0.007300853 0.7200523 0.4408237 0.3915026 0.807713 0.6938804 0.007300913 0.7200534 0.693802 0.3678294 -0.6191448 0.6938039 0.3678289 -0.6191431 0.6783313 0.4532635 0.5782896 0.4296257 0.6553125 0.6212788 -0.4291006 0.6557567 0.6211731 0 0.3913331 -0.9202492 0 0.3913345 -0.9202486 0 0.3913324 -0.9202495 -0.9903613 0.1337465 0.03600573 -0.9903611 0.1337479 0.03600662 -0.990361 0.1337486 0.03600698 0 -0.1235801 0.9923346 0 -0.1235798 0.9923347 0 -0.1235797 0.9923347 0.9903401 0.1338926 0.03604525 0.99034 0.1338935 0.0360459 0 0.9656264 0.2599345 0.4406334 0.7441962 -0.5020102 0.4295175 0.8787549 -0.2080976 0.6780797 0.6826153 -0.2724783 -0.4406694 0.7444134 -0.5016564 -0.4293419 0.8788934 -0.2078753 -0.6936359 0.3678744 -0.6193042 -0.6780821 0.6826129 -0.2724782 -0.6779017 0.4536336 0.5785032 -0.4405925 0.3913353 0.8079202 0.6779007 0.453632 0.5785056 0.6936366 0.3678721 -0.6193048 0.4291462 0.6559146 0.6209748 0.4406276 0.3917013 0.8077237 -0.429414 0.6555662 0.6211575 0 0.3913326 -0.9202494 0 0.3913345 -0.9202485 0 0.3913355 -0.9202482 -0.9903401 0.1338933 0.03604513 -0.9903399 0.1338939 0.03604573 -0.9903399 0.1338942 0.03604596 0 -0.123561 0.9923371 0 -0.1235612 0.992337 0.9903403 0.1338913 0.03604513 0.9903401 0.1338925 0.03604573 0.6079968 -0.6080127 -0.5105491 0.6065777 0.6065717 -0.5139401 -0.6055219 0.6055309 -0.5164064 -0.6065675 -0.6065688 -0.5139556 -0.1962289 -0.1941649 -0.9611422 0.3089814 -0.1507027 -0.9390524 0.198763 0.1987267 -0.959688 0.6090419 0.6090492 -0.508062 0.6095789 -0.609573 -0.5067884 -0.4425668 0.2812915 -0.8514751 -0.01047956 -0.1115705 -0.9937013 0.1951574 0.1951511 -0.9611607 -0.197083 -0.2002575 -0.9597163 -0.6092618 0.6092555 -0.5075509 -0.6092707 -0.6092818 -0.5075086 -0.01952415 0.01952826 -0.9996187 0.7632567 -0.4116377 -0.4979897 0.812891 -0.411738 0.4119226 -0.7632117 -0.4117799 0.497941 -0.812883 -0.4116836 -0.4119926 -0.3745731 -0.8984839 -0.2289584 0.2748413 -0.9335182 -0.2302309 0.3910279 -0.891788 0.227621 -0.3319524 -0.8862782 0.3229839 4.27477e-7 -0.891817 0.4523965 0 0.9656268 0.2599326 0 0.9656266 0.2599335 0 0.9656265 0.2599335 0.2496646 0.7907772 -0.558873 0.2399249 0.949468 -0.2023528 0.4133621 0.8436989 -0.3424966 -0.2496702 0.7908115 -0.558822 -0.2399871 0.9494403 -0.2024091 -0.4237255 0.4625544 -0.7787812 -0.4133586 0.8436992 -0.3425004 -0.4126947 0.5584699 0.7195793 -0.4238114 0.009086966 0.9057049 -0.2497316 0.4033527 0.8803073 0.4126939 0.5584713 0.7195789 0.42381 0.009087324 0.9057056 0.4238106 0.009087264 0.9057053 0.4237245 0.4625533 -0.7787825 0.4237241 0.462553 -0.7787829 0.2397354 0.7197405 0.6515372 0.2497313 0.403351 0.880308 -0.2397257 0.7197502 0.65153 -0.960913 0.2673324 0.07196891 -0.960912 0.2673361 0.07197016 -0.9609115 0.2673378 0.07197076 0 -0.1235803 0.9923347 0 -0.1235799 0.9923346 0 -0.1235799 0.9923347 0.9609128 0.2673337 0.07196885 0.960912 0.2673359 0.07197016 0.9609131 0.2673325 0.07196819 0.7114464 -0.5184472 -0.4744014 2.5391e-5 0 -1 0.7666234 -0.5183295 0.3789763 0.05511343 -0.5182043 0.8534793 2.40984e-5 0 1 -0.7115095 -0.5182914 0.474477 -0.8660165 0 0.5000155 -0.766619 -0.5183879 -0.3789056 -0.8660162 0 -0.5000162 0.09476393 -0.4728049 -0.8760567 5.27334e-4 -0.9435149 -0.33133 -0.2141398 -0.9689432 0.1236665 -0.2801442 -0.9455288 -0.1658149 0.2130528 -0.9547052 -0.2077175 0.2870028 -0.9434858 0.1657228 -0.004138112 -0.9448749 0.3274055 0.3451402 0.7714528 -0.5345455 0.333715 0.9201152 -0.2049934 0.5530576 0.7728694 -0.3111274 -0.3449457 0.7715893 -0.534474 -0.3334447 0.9202426 -0.2048619 -0.5669423 0.4206905 -0.7082344 -0.5528412 0.7729932 -0.3112046 -0.5530841 0.5120217 0.6572151 -0.5668401 0.008238554 0.8237867 -0.3448418 0.3989958 0.849639 0.5533459 0.5119145 0.6570784 0.566653 0.008246362 0.8239154 0.5666104 0.00824809 0.8239446 0.5667559 0.4207615 -0.7083415 0.5667144 0.4207776 -0.708365 0.333722 0.6927754 0.6392902 0.3450402 0.3990916 0.8495135 -0.3335987 0.6927647 0.639366 0 0.3913339 -0.9202489 0 0.3913344 -0.9202486 0 0.3913338 -0.9202489 -0.9813499 0.185622 0.04996848 -0.9813523 0.1856117 0.04996025 -0.9813534 0.1856073 0.04995673 0 -0.12356 0.9923371 0 -0.1235598 0.9923372 0.9813211 0.1857641 0.05000662 0.9813235 0.1857541 0.04999846 0.98132 0.1857694 0.05001091 0.4409337 0.7441991 -0.5017421 0.4293742 0.8789146 -0.2077183 0.6782055 0.6825149 -0.2724166 -0.4296451 0.8787049 -0.2080458 -0.4409009 0.7439809 -0.5020946 -0.6936878 0.3678454 -0.6192634 -0.6782073 0.6825146 -0.2724132 -0.6782572 0.4535573 0.5781462 -0.6935796 0.007317185 0.7203429 -0.4408575 0.3917012 0.8075982 0.6782574 0.4535552 0.5781475 0.6935769 0.007316946 0.7203455 0.6935257 0.007319033 0.7203947 0.6936888 0.3678457 -0.619262 0.6936479 0.3678672 -0.6192951 0.4294481 0.6558263 0.6208593 0.4408957 0.3920752 0.8073958 -0.4296261 0.6555879 0.6209879 0 0.3912034 -0.9203042 0 0.3912041 -0.920304 0 0.3912044 -0.9203038 -0.9903391 0.1338997 0.03604686 -0.9903375 0.1339124 0.03604543 -0.99034 0.1338932 0.03604757 0 -0.1235599 0.9923372 0 -0.12356 0.9923372 0 -0.1235601 0.9923372 0.9903391 0.1338998 0.0360468 0.9903375 0.1339125 0.03604525 0.9903368 0.1339181 0.03604459 0.4409033 0.7441268 -0.5018762 0.4297736 0.8786349 -0.2080758 0.6784121 0.6823486 -0.2723187 -0.4406571 0.7444195 -0.5016582 -0.4293365 0.8788955 -0.2078776 -0.6939451 0.3677129 -0.6190537 -0.6780921 0.6826069 -0.2724683 -0.6779122 0.4536301 0.5784935 -0.6938584 0.00719738 0.7200756 -0.4406158 0.3917064 0.8077275 0.6782332 0.4534815 0.5782338 0.6938916 0.007299721 0.7200425 0.6938933 0.007299721 0.7200409 0.6939781 0.3677843 -0.6189742 0.693978 0.3677845 -0.6189743 0.4296731 0.655471 0.6210789 0.4408671 0.3913902 0.8077437 -0.429149 0.6559166 0.6209706 0 0.391332 -0.9202497 0 0.3913314 -0.9202498 -0.9903614 0.1337463 0.03600591 -0.9903612 0.1337479 0.03600645 -0.990361 0.1337486 0.03600668 0 -0.1235606 0.9923371 0 -0.123561 0.992337 0.9903401 0.1338927 0.03604501 0.9903399 0.1338935 0.03604584 0.9903402 0.1338922 0.03604453 0 0.9656056 0.2600114 0 0.9656051 0.2600132 0 0.965622 0.2599502 0 0.9656223 0.2599493 0 0.9656267 0.2599326 0 0.9656267 0.2599327 0 0.9656265 0.2599337 0 0.9656056 0.2600113 0 0.9656054 0.2600122 0 0.9656056 0.2600113 0 0.9656056 0.2600113 -0.9328102 0.3603682 0 -0.9328102 0.3603681 0 -0.9328102 0.3603682 0 -0.9328102 0.3603681 0 1.38837e-6 0 1 2.14454e-7 0 1 1.06734e-6 0 1 6.69677e-6 0 1 5.06842e-6 0 1 -1.55354e-6 0 1 3.53883e-6 0 1 -5.64642e-6 0 1 1.51249e-6 0 1 -9.21227e-7 0 1 4.9812e-6 0 1 -1.3127e-6 0 1 -2.43502e-6 0 1 2.0276e-7 0 1 3.47661e-6 0 1 4.63495e-7 0 1 1.86367e-6 0 1 -5.46334e-7 0 1 2.30788e-6 0 1 -1.71804e-6 0 1 -3.433e-6 0 1 -2.61199e-6 0 1 -3.89687e-6 0 1 -4.89821e-6 0 1 -2.76836e-5 0 1 -1.57904e-6 0 1 0.9435334 -0.3312774 0 0.7805106 -0.6251426 0 0.7805125 -0.6251402 0 0.7071073 0.7071063 0 0.9238801 0.3826824 0 0.9238794 0.3826841 0 0.9435329 -0.3312788 0 -0.1495404 0.5579909 0.8162623 -0.2888285 0.5002863 0.816267 -0.1495544 0.5579834 0.8162648 0 0.5776746 0.8162672 0 0.5776851 0.8162599 0.1495404 0.5579908 0.8162623 0.1495544 0.5579834 0.8162648 0.2888285 0.5002864 0.816267 0.2888188 0.5002859 0.8162707 0.5579905 0.1495407 0.8162623 0.5002855 0.2888246 0.8162689 0.5579857 0.1495535 0.8162634 0.4085422 -0.4084084 0.8162695 0.2889055 -0.5002282 0.8162754 0.28889 -0.5002475 0.816269 0.5002657 -0.288862 0.8162677 0.4085546 -0.4083853 0.8162748 0.5579748 -0.1495798 0.8162659 0.5002521 -0.2888745 0.8162717 0.5579858 -0.149563 0.8162614 0.5776752 1.69128e-5 0.8162667 0.5776814 1.32269e-5 0.8162624 0.1494345 -0.5580145 0.8162654 0.1494174 -0.5580139 0.8162689 0 -0.5776944 0.8162532 0 -0.5776835 0.8162609 -0.5579905 0.1495407 0.8162624 -0.5776753 1.69117e-5 0.8162668 -0.5579857 0.1495535 0.8162634 -0.2888187 0.5002859 0.8162707 -0.4084661 0.4084717 0.816276 -0.5002804 0.2888208 0.8162733 -0.4084573 0.4084703 0.816281 -0.5002855 0.2888247 0.8162689 -0.1494174 -0.5580139 0.8162689 -0.1494345 -0.5580145 0.8162654 -0.2889055 -0.5002281 0.8162754 -0.28889 -0.5002475 0.816269 -0.4085422 -0.4084084 0.8162696 -0.4085547 -0.4083853 0.8162748 -0.5002657 -0.288862 0.8162679 -0.5002521 -0.2888745 0.8162717 -0.5579748 -0.1495798 0.8162659 -0.5579858 -0.149563 0.8162615 -0.5776814 1.32269e-5 0.8162624 0.4084661 0.4084717 0.8162759 0.4084573 0.4084703 0.816281 0.5002804 0.2888208 0.8162733 -0.2588565 0.9659159 0 -0.4999701 0.8660427 0 -0.499971 0.8660421 0 -6.02807e-7 1 0 -0.2588561 0.965916 0 0.2588582 0.9659154 0 -6.1716e-7 1 0 0.49997 0.8660427 0 0.2588577 0.9659155 0 0.9659157 0.2588567 0 0.8660444 0.4999674 0 0.9659153 0.2588586 0 1 2.5313e-5 0 1 2.55905e-5 0 0.9659025 -0.2589061 0 0.9659031 -0.2589042 0 0.8660056 -0.5000343 0 0.8660065 -0.5000328 0 0.7072135 -0.7070001 0 0.7072136 -0.707 0 0.5001017 -0.8659667 0 0.2586731 -0.965965 0 0.2586737 -0.9659648 0 6.09953e-7 -1 0 6.09953e-7 -1 0 -0.9659162 0.2588552 0 -1 2.5313e-5 0 -0.9659158 0.2588565 0 -0.8660428 0.49997 0 -0.8660427 0.4999702 0 -0.7071079 0.7071058 0 -0.7071088 0.7071048 0 -1 2.55905e-5 0 -0.9659034 -0.2589026 0 -0.9659031 -0.258904 0 -0.8660055 -0.5000345 0 -0.8660048 -0.5000359 0 -0.7072135 -0.7070001 0 -0.5001017 -0.8659667 0 -0.7072136 -0.707 0 -0.2586743 -0.9659647 0 -0.2586737 -0.9659648 0 0.8660445 0.4999669 0 0.7071079 0.7071058 0 0.4999692 0.8660433 0 -0.7071077 -0.707106 0 -0.7071076 -0.7071059 0 -0.7071076 0.707106 0 -0.707109 0.7071046 0 -0.7071062 0.7071075 0 -0.8660069 -0.1298525 0.4828774 -0.9658395 -0.06736171 0.2502334 -0.8659789 -0.1298698 0.4829227 -0.70701 -0.1836866 0.682932 -0.7069679 -0.1837188 0.682967 -0.5000216 -0.2249593 0.8362846 -0.4999989 -0.224964 0.8362969 -0.2588849 -0.2509075 0.9327509 -0.2589421 -0.2508737 0.932744 4.45834e-5 -0.25973 0.9656813 4.26372e-5 -0.2596645 0.965699 0.2588582 -0.250878 0.9327662 0.4998883 -0.2249838 0.8363577 0.2588031 -0.2509163 0.9327712 0.7071607 -0.1836724 0.6827799 0.4999107 -0.2249791 0.8363454 0.8661139 -0.1298124 0.4826963 0.7072024 -0.1836364 0.6827462 0.9658812 -0.06727677 0.2500951 0.866142 -0.1297912 0.4826515 1 1.39346e-5 -9.09035e-6 1 1.26509e-5 -6.23572e-5 0.9658693 0.06735914 -0.2501186 0.8661295 0.1299767 -0.4826239 0.8661231 0.1299795 -0.4826345 0.7071859 0.1838884 -0.6826955 0.4998856 0.2252885 -0.8362773 0.4998925 0.2253134 -0.8362663 0.2588973 0.2512819 -0.9326466 0.2589069 0.2512784 -0.932645 4.40745e-5 0.2601499 -0.9655683 -0.2589823 0.2512767 -0.9326245 -0.2589897 0.2512751 -0.9326228 -0.5000058 0.2252973 -0.8362029 -0.7069939 0.1839365 -0.6828814 -0.4999992 0.2252731 -0.8362135 -0.865994 0.1300382 -0.4828505 -0.865988 0.1300383 -0.4828613 -0.9659569 0.06727594 -0.2498021 -1 1.47215e-5 -9.09432e-6 -1 1.87689e-5 -6.19831e-5 -0.6803027 0.638148 0.3604932 -0.7043819 0.6853982 0.1845957 -0.6803574 0.6381039 0.3604682 0.6101784 0.593761 0.5245288 0.4977346 0.5562595 0.665459 0.6102521 0.593684 0.5245301 0.4976675 0.5563679 0.6654186 0.3524319 0.5262025 0.7738881 0.1823639 0.5080081 0.8418262 0.3525214 0.5260562 0.7739468 3.31938e-5 0.5024176 0.8646252 0.1822371 0.5086789 0.8414485 -0.6096609 0.5942258 0.5246041 -0.6096734 0.5941253 0.5247032 -0.498331 0.5554894 0.6656559 -0.4985324 0.5553852 0.665592 -0.3524146 0.5260666 0.7739883 -0.352445 0.5260916 0.7739576 -0.1824265 0.508028 0.8418006 -0.1824284 0.5081866 0.8417044 2.58568e-5 0.5030713 0.8642449 0.7038819 0.6858787 0.1847183 0.6802998 0.6381442 0.3605054 0.7037189 0.6860312 0.1847728 0.6803821 0.6381226 0.3603884 0.6801872 0.7329882 0.008587479 0.6802684 0.7329121 0.008657097 0.6099919 0.7770249 -0.1553784 0.6100801 0.7769418 -0.1554468 0.4976624 0.8152571 -0.2961217 0.4976716 0.815211 -0.296233 0.352274 0.8438996 -0.4046438 0.3525307 0.8435303 -0.4051899 0.1824153 0.861899 -0.473133 0.1824024 0.8618259 -0.4732713 3.42063e-5 0.8684465 -0.4957828 2.26362e-5 0.8689451 -0.4949087 -0.1822956 0.8622891 -0.472468 -0.1824581 0.8618147 -0.4732701 -0.3520771 0.8439787 -0.4046501 -0.3522409 0.8438537 -0.4047682 -0.498146 0.8148337 -0.2964738 -0.4979036 0.8150039 -0.296413 -0.6094557 0.7774488 -0.1553615 -0.6094955 0.7774342 -0.1552784 -0.6798283 0.733321 0.008589029 -0.6800053 0.7331566 0.008618533 -0.7044172 0.6853689 0.1845694 6.71336e-5 0.965596 0.2600471 2.30569e-4 0.9656309 0.2599173 1.96179e-4 0.965602 0.2600244 -1.97892e-4 0.9656719 0.259765 6.52281e-5 0.9656427 0.2598737 -3.24718e-4 0.9656223 0.2599487 -1.05063e-4 0.9656629 0.2597983 -4.03705e-4 0.9657785 0.259368 -1.82765e-6 0.9656652 0.25979 -3.81043e-5 0.9657428 0.2595011 0 0.965746 0.2594892 -2.33041e-5 0.9656791 0.2597385 3.82957e-5 0.9657385 0.2595173 1.06508e-4 0.9656637 0.2597956 1.06105e-4 0.9657424 0.2595027 2.04591e-4 0.9656994 0.2596629 4.03832e-4 0.9657794 0.2593647 1.94202e-4 0.9656304 0.2599191 -7.29112e-5 0.9656404 0.2598817 -2.03099e-4 0.9656193 0.2599607 5.91821e-4 0.9656178 0.2599653 0 0.9656683 0.2597781 1.41828e-4 0.9655304 0.2602904 3.49163e-4 0.9655907 0.2600668 -1.19263e-4 0.9656283 0.2599272 3.98743e-5 0.9656103 0.259994 2.04542e-4 0.9656256 0.259937 -1.61471e-4 0.9656282 0.2599272 8.77127e-5 0.9655146 0.2603493 -1.09416e-4 0.9656159 0.2599734 -3.4775e-5 0.9655084 0.2603722 9.39004e-5 0.9654797 0.2604787 -5.12565e-5 0.9655119 0.2603591 8.35199e-6 0.9656178 0.2599663 -4.81337e-5 0.9655056 0.2603825 -1.6029e-4 0.9655671 0.2601547 -2.04646e-4 0.9656266 0.2599332 1.51348e-4 0.9655836 0.260093 -1.07521e-4 0.9655863 0.2600833 3.33591e-4 0.9656189 0.2599614 -6.7359e-4 0.9656148 0.2599762 -2.0682e-4 0.965623 0.2599467 -2.68221e-4 0.9655951 0.2600504 -2.30569e-4 0.9656308 0.2599177 -1.18535e-4 0.9656254 0.2599379 -1.07221e-4 0.9656127 0.2599853 2.0681e-4 0.9656234 0.2599453 -9.17942e-5 0.9656468 0.2598584 -2.26226e-4 0.9656311 0.2599161 2.22782e-4 0.96563 0.2599208 0.6097901 0.5941442 0.5245463 0.4979268 0.5560826 0.665463 0.4981575 0.5557417 0.6655752 0.3517783 0.5269148 0.7737009 0.3518295 0.5271816 0.7734957 0.1821686 0.5090366 0.841247 0.1820115 0.5099258 0.8407423 2.23209e-4 0.5028478 0.8643749 3.10599e-4 0.5021643 0.8647723 -0.1821024 0.509525 0.8409656 -0.1822803 0.5095782 0.8408948 -0.3517807 0.5274731 0.7733192 -0.3520851 0.5270767 0.773451 -0.4976582 0.5565775 0.6652503 -0.4976366 0.5566604 0.665197 -0.6093571 0.5945839 0.5245512 -0.6091725 0.5948718 0.5244392 -0.6800134 0.6383525 0.360677 -0.6802855 0.6380245 0.3607441 -0.7038447 0.6859223 0.1846984 -0.7038245 0.6859623 0.1846265 -0.6801295 0.7330439 0.008412837 -0.6801734 0.7330045 0.008289217 -0.6101235 0.7769295 -0.1553381 -0.6100342 0.7770016 -0.1553288 -0.4978401 0.8151995 -0.2959815 -0.4974665 0.8154276 -0.2959815 -0.3515305 0.8446075 -0.4038125 -0.3518238 0.844166 -0.4044796 -0.1823588 0.8627883 -0.4715314 -0.1823037 0.8623732 -0.4723114 2.90967e-4 0.8686805 -0.4953727 2.14869e-4 0.8686898 -0.4953565 0.182114 0.8627525 -0.4716913 0.1820344 0.8629025 -0.4714476 0.3516545 0.8445146 -0.4038989 0.3516541 0.8443987 -0.4041416 0.4979836 0.8149966 -0.2962991 0.4980034 0.814855 -0.2966547 0.610482 0.7765295 -0.1559287 0.610476 0.7765603 -0.1557993 0.6800411 0.7331243 0.008539378 0.6802094 0.7329647 0.008828103 0.7038301 0.6859561 0.184628 0.7038499 0.6859167 0.184699 0.6801923 0.638258 0.360507 0.6803746 0.6381192 0.3604086 0.6098578 0.5942016 0.5244024 0.7070897 -0.1838464 0.6828064 0.4996735 -0.2251549 0.83644 0.7069518 -0.1837847 0.6829658 0.8661355 -0.1299064 0.4826321 0.9659649 -0.06724882 0.2497788 0.8660554 -0.1299595 0.4827615 1 -6.90301e-6 3.721e-5 1 4.57637e-6 -9.11207e-6 0.9659759 0.06724178 -0.2497379 0.8661648 0.1299338 -0.4825723 0.9660077 0.06719124 -0.2496284 0.7070934 0.1838266 -0.6828079 0.7069472 0.1838425 -0.6829551 0.499953 0.2251073 -0.8362857 0.499536 0.2251107 -0.836534 0.2587442 0.2510198 -0.9327597 0.2588707 0.2509943 -0.9327313 7.10088e-5 0.2598559 -0.9656474 -0.2588764 0.2510117 -0.9327251 -0.2590043 0.2509871 -0.9326964 -0.4997178 0.2250865 -0.8364319 -0.7069459 0.1838435 -0.6829561 -0.5001355 0.2250797 -0.836184 -0.8659161 0.1300464 -0.4829878 -0.7070927 0.1838279 -0.6828083 -0.9658796 0.06731796 -0.2500901 -0.9658483 0.06736254 -0.2501989 -1 -2.40188e-6 3.72387e-5 -1 -1.98728e-6 -9.21257e-6 -0.9659265 -0.06725835 0.2499247 -0.8658073 -0.1300719 0.483176 -0.8658869 -0.1300179 0.4830479 -0.7070875 -0.1838471 0.6828085 -0.7069506 -0.1837837 0.6829675 -0.4998544 -0.2251287 0.8363389 -0.2588309 -0.2511388 0.9327036 -0.2589545 -0.2511156 0.9326755 7.16192e-5 -0.2599835 0.9656131 0.2586969 -0.2511495 0.9327378 0.2588225 -0.2511242 0.9327098 0.3519161 0.5274775 0.7732546 0.1824908 0.5089984 0.8412002 0.3517969 0.5275885 0.7732331 0.6095043 0.594656 0.5242984 0.4978719 0.5561854 0.6654183 0.6093289 0.5949429 0.5241767 0.4976007 0.5565541 0.6653129 0.6801701 0.6382489 0.360565 0.6803018 0.6379709 0.3608085 0.6799907 0.7331686 0.00875765 0.7041828 0.6855866 0.1846558 0.6795968 0.7335311 0.008974552 0.7044187 0.6854245 0.1843574 0.6093652 0.7775902 -0.155008 0.6092748 0.7776305 -0.1551616 0.4978466 0.8152592 -0.2958061 0.3520224 0.8441869 -0.4042634 0.3520045 0.8444044 -0.4038243 0.4978502 0.8152773 -0.2957502 0.1820067 0.8626069 -0.4719991 0.1820483 0.8625378 -0.4721091 -0.1820766 0.8625703 -0.4720389 5.05268e-5 0.8686605 -0.495408 -0.1820527 0.8625637 -0.4720599 5.98535e-5 0.8685904 -0.4955309 -0.3521329 0.8443671 -0.4037904 -0.3521763 0.844322 -0.4038469 -0.49795 0.8150365 -0.2962452 -0.6093868 0.7775017 -0.1553674 -0.6093738 0.7776014 -0.1549189 -0.4979657 0.8149821 -0.2963686 -0.6794885 0.7336353 0.008650362 -0.6797707 0.7333737 0.008662819 -0.6799667 0.6383774 0.3607208 -0.7038084 0.685945 0.1847522 -0.6803086 0.6380462 0.3606624 -0.7037184 0.6860949 0.1845383 -0.6094987 0.5944417 0.5245479 -0.6091601 0.5948831 0.5244408 -0.3520178 0.5273497 0.7732955 -0.4976927 0.5560766 0.6656433 -0.3519145 0.5275986 0.7731728 -0.4976744 0.5561762 0.6655736 -0.1825872 0.5090133 0.8411703 -0.1824672 0.5090588 0.8411689 0.1823447 0.5090326 0.8412111 5.09791e-5 0.502981 0.8642976 5.92144e-5 0.5032442 0.8641443 -7.72877e-6 0.9656332 0.2599086 0 0.9656161 0.2599722 1.03709e-4 0.9655685 0.260149 -1.52353e-5 0.9655414 0.2602499 9.2901e-5 0.9655725 0.2601345 4.20886e-5 0.9655379 0.2602629 0 0.9656917 0.2596913 2.57761e-6 0.9656312 0.2599161 2.59536e-4 0.9656322 0.2599123 2.92058e-4 0.96563 0.2599204 1.3208e-4 0.9656428 0.2598735 9.99751e-6 0.9656683 0.2597782 0 0.9656587 0.2598142 -9.85737e-6 0.9656703 0.2597712 -1.31849e-4 0.9656413 0.2598791 -2.91922e-4 0.9656235 0.2599447 -2.59511e-4 0.9656262 0.259935 -1.495e-4 0.9657519 0.2594674 0 0.9656978 0.2596687 -4.20605e-5 0.9655342 0.2602764 -9.29058e-5 0.9655726 0.2601337 1.51224e-5 0.965547 0.2602289 -6.98134e-5 0.9655531 0.2602066 -1.03159e-4 0.9655705 0.2601414 0 0.9655566 0.2601934 0.4409146 0.7444214 -0.501429 0.4295686 0.8788216 -0.20771 0.6783945 0.6823796 -0.2722847 -0.4294868 0.8788068 -0.2079417 -0.4406078 0.7442826 -0.5019048 -0.6936503 0.3677872 -0.61934 -0.6781025 0.6826035 -0.2724511 -0.6779018 0.4536319 0.5785043 -0.6935403 0.00721085 0.7203817 -0.4405955 0.3913373 0.8079176 0.6938833 0.007299363 0.7200505 0.4409261 0.3919656 0.8074324 0.6938827 0.007298886 0.7200511 0.6939924 0.3676977 -0.6190097 0.6939923 0.3676981 -0.6190096 0.6783941 0.4533233 0.5781691 0.4293997 0.6558225 0.6208968 -0.4294108 0.6555674 0.6211584 0 0.391203 -0.9203045 0 0.3912031 -0.9203044 -0.9903388 0.133903 0.03604638 -0.990338 0.1339086 0.03604561 0 -0.1235603 0.9923371 0 -0.1235605 0.9923371 0.9903389 0.133902 0.03604638 0.9903378 0.1339098 0.03604561 0.9903373 0.1339132 0.03604525 0 0.9656268 0.2599326 0 0.9656264 0.2599345 0.4407418 0.7441608 -0.5019676 0.4296995 0.8785753 -0.2084799 0.6785224 0.6821122 -0.2726362 -0.4405112 0.7443348 -0.5019119 -0.4292644 0.8788367 -0.2082743 -0.693754 0.3678298 -0.6191984 -0.678203 0.6823542 -0.272825 -0.6938403 0.007273674 0.7200923 -0.4405655 0.3914231 0.8078923 -0.6780475 0.4533372 0.5785646 0.6938851 0.007298946 0.7200488 0.440842 0.391751 0.8075825 0.6938858 0.007298946 0.7200481 0.6937991 0.3678302 -0.6191477 0.6937994 0.3678302 -0.6191473 0.6783271 0.4532628 0.5782952 0.4293538 0.6556584 0.6211018 -0.4293659 0.6554063 0.6213594 0 0.3913322 -0.9202496 0 0.3913319 -0.9202497 -0.9903614 0.1337463 0.03600567 -0.9903612 0.1337474 0.03600656 0 -0.1235608 0.9923371 0 -0.1235606 0.9923371 0 -0.1235605 0.9923371 0.9903402 0.1338924 0.03604477 0.99034 0.1338931 0.03604596 0.9903402 0.133892 0.03604418 0 0.9656267 0.2599329 0 0.9656267 0.259933 3.27709e-5 0.9656082 0.2600013 3.11859e-4 0.9656175 0.2599668 1.42495e-5 0.9656139 0.2599808 4.88619e-5 0.9655922 0.2600611 -1.4057e-4 0.9655898 0.2600698 -2.09853e-4 0.9655653 0.2601608 -3.1024e-4 0.9655682 0.2601503 4.39479e-4 0.9657447 0.259494 2.10929e-4 0.9656232 0.2599458 -8.8821e-5 0.9655695 0.2601452 7.13507e-5 0.9656503 0.2598454 1.18876e-4 0.9655926 0.2600596 2.50879e-6 0.9654794 0.2604794 0 0.9655448 0.260237 2.55857e-5 0.965623 0.2599467 -2.57747e-6 0.9656502 0.2598457 6.61007e-5 0.9657236 0.2595729 1.17608e-4 0.9656051 0.260013 6.5481e-5 0.9655801 0.2601065 8.63536e-5 0.9655693 0.2601463 -6.43094e-5 0.9656589 0.2598136 8.049e-5 0.9656014 0.2600271 -2.78983e-4 0.9656819 0.2597278 1.42103e-4 0.9656362 0.2598978 -2.63868e-5 0.9656225 0.2599484 -5.20062e-4 0.9656882 0.2597036 6.42823e-4 0.965634 0.2599052 3.11704e-5 0.9656366 0.2598962 -2.58855e-5 0.9656236 0.2599443 -6.91645e-4 0.9656082 0.2600008 -6.41621e-4 0.9656335 0.2599073 5.20066e-4 0.9656874 0.2597066 2.58492e-5 0.9656223 0.2599493 -1.4304e-4 0.9656383 0.2598899 2.78478e-4 0.9656823 0.259726 -8.04825e-5 0.9656012 0.2600279 6.43144e-5 0.9656614 0.2598043 -8.63602e-5 0.9655724 0.2601348 2.00738e-5 0.9656047 0.2600148 -4.41141e-5 0.9657252 0.2595668 0.00102818 0.965509 0.2603676 -2.66828e-6 0.9656459 0.2598617 -1.42445e-5 0.9656132 0.2599831 0 0.965545 0.2602366 -2.50952e-6 0.9654768 0.2604894 -1.18854e-4 0.9655955 0.2600491 -3.59612e-5 0.9656563 0.2598228 8.06352e-6 0.965484 0.2604625 -2.10854e-4 0.9656249 0.2599393 -4.39458e-4 0.9657398 0.259512 3.09733e-4 0.965566 0.2601582 2.09366e-4 0.965566 0.2601582 1.40474e-4 0.965592 0.2600618 -4.8804e-5 0.9655901 0.2600688 -3.11843e-4 0.9656161 0.2599722 -3.27224e-5 0.9656075 0.2600044 2.24582e-4 0.9656068 0.260007 3.18828e-4 0.9656021 0.260024 2.19264e-5 0.965611 0.2599915 -1.40224e-4 0.9655756 0.2601228 -1.37861e-4 0.9655909 0.2600661 -2.17162e-5 0.9656237 0.2599444 -1.89702e-4 0.9655256 0.2603081 -7.88281e-5 0.9656019 0.2600253 2.1203e-4 0.9656252 0.2599382 1.30699e-5 0.9656192 0.2599607 5.15004e-6 0.9656215 0.2599522 7.02304e-5 0.965542 0.2602475 1.62231e-6 0.9655645 0.260164 0 0.965545 0.2602363 -1.04305e-5 0.9656354 0.2599005 0 0.9657336 0.2595357 9.20804e-5 0.9656698 0.2597729 1.18986e-4 0.9655508 0.2602148 1.49754e-4 0.9655545 0.2602012 -1.37575e-5 0.9656192 0.2599609 -6.44227e-5 0.9656566 0.259822 8.05538e-5 0.9655973 0.2600423 -2.78279e-4 0.9656829 0.2597238 3.15852e-4 0.9656095 0.2599968 1.50261e-4 0.9655879 0.2600772 -7.25802e-4 0.9656887 0.2597013 -2.98592e-4 0.965667 0.2597833 -2.48158e-5 0.9656577 0.2598176 1.04263e-5 0.9656359 0.259899 2.48518e-5 0.9656599 0.2598098 2.9822e-4 0.9656685 0.2597774 7.26073e-4 0.965687 0.2597079 -1.48699e-4 0.9655883 0.2600757 -3.14708e-4 0.9656092 0.2599977 2.78767e-4 0.9656803 0.2597339 -8.06992e-5 0.9655966 0.2600448 6.42393e-5 0.9656588 0.2598136 1.35653e-5 0.965623 0.2599468 -1.49835e-4 0.9655541 0.2602025 -1.18938e-4 0.9655516 0.260212 -9.20548e-5 0.965672 0.2597646 -1.47994e-5 0.9655591 0.2601841 -2.17889e-5 0.9656113 0.2599901 0 0.9655448 0.2602372 -3.90253e-6 0.9654746 0.2604975 -7.02455e-5 0.9655429 0.2602441 -3.19392e-4 0.9657161 0.2596005 -1.34305e-5 0.965619 0.2599613 -2.12045e-4 0.9656276 0.2599297 8.00441e-5 0.9656011 0.260028 1.90111e-4 0.9655228 0.2603183 -4.70978e-6 0.965603 0.2600211 1.40578e-4 0.9655905 0.2600676 1.40681e-4 0.9655767 0.2601187 -3.19061e-4 0.9656026 0.2600224 -2.24923e-4 0.9656076 0.2600038 0.2498633 0.790821 -0.5587222 0.239898 0.949544 -0.2020274 0.4128927 0.8441947 -0.3418406 -0.2498643 0.7908285 -0.5587113 -0.2399049 0.9495443 -0.2020181 -0.4239037 0.4625664 -0.7786772 -0.4128923 0.8441944 -0.341842 -0.4135041 0.5577703 0.7196574 -0.4238111 0.009085714 0.905705 -0.249773 0.4034884 0.8802333 0.4135026 0.557772 0.719657 0.4238111 0.009087383 0.9057051 0.4238116 0.009087443 0.9057048 0.4239039 0.4625658 -0.7786775 0.4239057 0.4625645 -0.7786771 0.2400904 0.7196035 0.6515577 0.2497778 0.4035346 0.8802108 -0.2400306 0.7196617 0.6515154 0 0.3913329 -0.9202493 0 0.3913335 -0.920249 0 0.3913336 -0.920249 -0.960904 0.2673642 0.07197254 -0.9609086 0.2673504 0.07196134 -0.9609108 0.2673443 0.07195621 0 -0.12356 0.9923371 0 -0.12356 0.9923371 0.9609042 0.2673635 0.0719726 0.9609091 0.2673487 0.07196134 0.9609014 0.2673714 0.07197862 0.4409012 0.7441284 -0.5018756 0.4297756 0.8786349 -0.2080715 0.6784104 0.6823496 -0.2723207 -0.4406682 0.7444127 -0.5016587 -0.4293414 0.8788926 -0.2078791 -0.6936366 0.3678722 -0.6193048 -0.6780812 0.6826141 -0.2724776 -0.6779022 0.4536327 0.5785032 -0.4406281 0.391703 0.8077225 0.678231 0.4534837 0.5782346 0.6939783 0.3677875 -0.6189721 0.6939784 0.3677881 -0.6189716 0.4296703 0.655473 0.6210785 0.4408609 0.3913402 0.8077713 -0.4291466 0.6559161 0.620973 0 0.3913331 -0.9202492 0 0.3913336 -0.9202489 -0.99034 0.1338931 0.03604513 -0.9903399 0.1338937 0.03604573 -0.9903399 0.1338939 0.03604596 0.9903401 0.133893 0.03604513 0.9903401 0.1338931 0.03604573 0 0.9656268 0.2599328 0 0.9656273 0.259931 0 0.9656059 0.2600106 0 0.9656054 0.2600121 0 0.9656051 0.2600132 0.2547665 0.7899434 -0.5577487 0.2449671 0.9481328 -0.2025719 0.4212184 0.8403742 -0.3410957 -0.2449076 0.94816 -0.2025161 -0.2547796 0.7899718 -0.5577026 -0.4317203 0.4606151 -0.7755331 -0.4212167 0.8403751 -0.3410957 -0.4205282 0.5563113 0.7167105 -0.4318071 0.009041368 0.9019208 -0.2548221 0.4031022 0.8789622 0.4205277 0.5563107 0.7167112 0.4318071 0.009041845 0.9019208 0.4318074 0.009041845 0.9019206 0.4317203 0.4606149 -0.775533 0.4317198 0.4606146 -0.7755335 0.244717 0.7185315 0.6510193 0.2548344 0.4031389 0.8789417 -0.2447134 0.7185417 0.6510094 0 0.3913332 -0.9202491 0 0.391335 -0.9202483 0 0.3913353 -0.9202483 -0.9625682 0.2617219 0.07045799 -0.9625676 0.2617235 0.07045942 -0.9625674 0.2617242 0.07046008 0 -0.12358 0.9923347 0 -0.1235798 0.9923347 0 -0.1235797 0.9923347 0.962568 0.2617223 0.07045799 0.9625678 0.2617226 0.07045942 0.9625681 0.2617222 0.07045716 0 0.9656218 0.2599511 0 0.9656221 0.2599502 0 0.4638153 0.885932 -2.48743e-7 0.4638276 0.8859255 -1.62582e-6 0.4638354 0.8859215 4.02665e-6 0.8287658 0.5595958 8.35135e-6 0.8287664 0.5595948 4.2662e-6 0.8287745 0.5595829 0 0.9656268 0.2599326 0 0.9656265 0.2599335 0.2498623 0.7908205 -0.5587234 0.2398964 0.9495444 -0.2020276 0.4128915 0.8441946 -0.3418425 -0.2498591 0.7907971 -0.5587579 -0.2399051 0.9495443 -0.2020184 -0.4239051 0.462566 -0.7786766 -0.4128926 0.8441939 -0.3418425 -0.4135034 0.5577718 0.7196567 -0.4238123 0.009086489 0.9057046 -0.2497835 0.4035887 0.8801844 0.4135023 0.5577721 0.7196571 0.423812 0.009087443 0.9057047 0.4238131 0.009087443 0.9057042 0.4239038 0.4625649 -0.7786779 0.2400903 0.7196036 0.6515576 0.2497726 0.4034848 0.8802351 -0.2400297 0.7196629 0.6515145 0 0.3913335 -0.920249 0 0.3913336 -0.9202489 -0.9609048 0.2673609 0.07197225 -0.960909 0.2673492 0.07196122 -0.9609109 0.2673438 0.07195621 0.9609045 0.2673622 0.07197219 0.9609091 0.267349 0.07196122 0.9609022 0.2673694 0.07197809 0 0.9656267 0.2599329 0 -0.8858954 0.4638851 0 0.8859037 -0.4638694 -1 3.10513e-6 0 0 0.9656266 0.2599334 0 0.9656102 0.2599942 0 -0.5595872 0.8287715 -4.00292e-7 0.8291125 0.5590819 6.25741e-5 0.8287571 0.5596086 0 0.6666612 0.745361 2.86145e-6 0.9656227 0.2599483 0 0.9656214 0.2599524 0 0.9978399 0.0656948 -0.7071242 -0.5001818 0.4997937 -0.7070732 0.68283 0.1838225 -9.05403e-6 0 1 -3.02556e-6 0 1 9.21406e-6 0 1 9.05396e-6 0 1 4.83835e-7 0 1 -0.7071038 0 -0.7071099 -0.6388457 0.7597674 0.1209536 -0.7071237 -0.6983883 0.1105888 -0.6754734 0.3386734 0.6550084 -1 -1.33093e-7 0 -0.7071238 -0.2185221 0.6724762 -0.6388456 0.205685 0.7413299 -0.7071238 -0.4999766 0.4999995 -1 -3.24735e-7 0 -0.7071238 0.499976 -0.5 -1 0 0 -0.6632927 0.6901326 0.289413 -0.707124 0.4999998 -0.499976 -0.8673456 0.4257671 0.2577482 -1 1.09157e-6 0 -1 0 0 0 0.707104 0.7071096 -0.7071063 0 0.7071073 0 0.9096174 0.4154471 0 0.5595837 -0.828774 1 4.0588e-6 0 -0.7071226 0.5001775 -0.4998002 0.7070213 0.328024 0.6265152 1 0 0 0.7071035 -0.7071101 0 0 0.5595821 -0.8287749 0 -0.5595816 0.8287753 -0.423912 0.4625631 -0.7786746 -0.4237958 0.009222447 0.9057108 0 0.3912025 -0.9203047 -0.9608992 0.2673825 0.07196724 0 -0.1235593 0.9923373 0.9609122 0.2673343 0.0719735 -0.4239116 0.4625646 -0.7786738 -0.4237958 0.009221494 0.9057108 -0.9608988 0.267384 0.07196772 0.9609117 0.2673364 0.0719735 -0.6938042 0.3678279 -0.6191433 -0.6938804 0.007301032 0.7200534 -0.9903615 0.1337451 0.03600531 0 -0.1235802 0.9923346 0.9903399 0.1338935 0.0360462 0 0.9656101 0.2599947 -0.4319107 0.460624 -0.7754216 -0.4317925 0.009176731 0.9019263 0 0.3912017 -0.9203051 -0.9625554 0.261769 0.07045632 0 -0.1235596 0.9923372 0.9625673 0.2617235 0.0704624 -0.6934594 0.3679174 -0.6194763 -0.693544 0.007211327 0.7203782 0 0.3913344 -0.9202486 -0.9903402 0.1338921 0.03604489 0 -0.1235798 0.9923347 0.9903399 0.133894 0.0360462 -0.6936514 0.367785 -0.61934 -0.6935397 0.00721246 0.7203824 0 0.3912028 -0.9203045 -0.9903375 0.1339121 0.03604525 0 -0.1235604 0.9923371 0.9903393 0.1338979 0.0360468 -0.6940058 0.3676806 -0.6190049 -0.6938828 0.007300794 0.720051 0 0.3912042 -0.920304 -0.9903578 0.1337723 0.03600561 0 -0.1235592 0.9923373 0.99034 0.1338933 0.03604757 0 0.9656104 0.2599937 0 0.9656267 0.2599331 -0.6936355 0.367877 -0.6193032 -0.6935502 0.007210671 0.7203722 0 0.3913318 -0.9202498 -0.9903401 0.1338929 0.03604483 0 -0.1235611 0.992337 0.9903399 0.1338944 0.03604596 -0.4237233 0.462556 -0.7787815 -0.4238092 0.00908631 0.905706 0 0.3913321 -0.9202496 -0.9609126 0.2673346 0.07196813 0 -0.1235803 0.9923346 0.9609119 0.267336 0.07197129 -0.4318981 0.4606271 -0.7754268 -0.4318165 0.009040474 0.9019163 0 0.391332 -0.9202496 -0.9625682 0.2617219 0.0704571 0 -0.1235613 0.9923369 0.9625678 0.2617228 0.0704596 -0.6940072 0.3676813 -0.6190029 -0.6938859 0.007299661 0.720048 -0.9903579 0.1337718 0.03600531 0 -0.1235598 0.9923372 0.99034 0.1338932 0.03604727 -0.4317182 0.460615 -0.7755342 -0.4318021 0.0090397 0.9019231 0 0.3913336 -0.9202489 -0.9625687 0.2617202 0.07045638 0 -0.1235607 0.9923371 0.9625678 0.2617228 0.07046061 -0.4238904 0.4625071 -0.7787196 -0.4239744 0.00907731 0.9056288 0 0.3913311 -0.9202499 -0.9609529 0.2671991 0.07193154 0 -0.1235603 0.9923371 0.9609115 0.2673372 0.07197177 -0.423907 0.462566 -0.7786756 -0.4238116 0.009086012 0.9057048 0 0.3913318 -0.9202497 -0.9609014 0.2673714 0.07197862 0 -0.1235598 0.9923372 0.9609112 0.2673428 0.07195627 -0.4319057 0.460627 -0.7754227 -0.43181 0.009041547 0.9019194 -0.9625576 0.2617584 0.07046747 0 -0.1235602 0.9923371 0.9625673 0.2617287 0.07044506 0 0.9656059 0.2600103 -0.6936362 0.3678743 -0.6193039 -0.6935502 0.007209122 0.7203722 0 -0.1235608 0.992337 0.9903402 0.1338924 0.03604596 -0.6939955 0.3676883 -0.6190117 -0.6939094 0.007195711 0.7200264 0 0.3913329 -0.9202492 -0.9903613 0.1337462 0.03600531 0 -0.1235609 0.992337 0.9903399 0.1338935 0.03604596 -0.6936362 0.3678744 -0.6193038 -0.6935502 0.007210493 0.7203722 0 0.3913317 -0.9202498 -0.9903402 0.1338921 0.03604453 0 -0.123561 0.992337 0.9903399 0.133894 0.03604596 0.2591296 0.9658427 0 -1.10397e-4 0 1 5.50543e-5 0 1 -1.06662e-5 0 1 2.07616e-5 0 1 -3.28197e-5 0 1 4.19536e-5 0 1 5.51983e-5 0 1 -0.9658408 0.2591362 0 0.9659621 -0.2586835 0 -0.257439 -0.9662945 0 -0.6938028 0.3678272 -0.6191452 -0.6938788 0.007301032 0.7200548 0 0.391335 -0.9202483 -0.9903614 0.1337457 0.03600531 0 -0.1235802 0.9923346 0.9903399 0.1338939 0.0360462 0 0.9656267 0.2599328 0 0.3913315 -0.9202498 0 -0.1235609 0.992337 0.9903401 0.1338931 0.03604596 0 0.9656271 0.2599316 0 0.9656268 0.2599326 -0.4237253 0.4625543 -0.7787814 -0.4238121 0.009087324 0.9057046 -0.9609137 0.2673304 0.07196819 0 -0.1235803 0.9923346 0.9609116 0.2673369 0.07197076 -0.5669876 0.4206735 -0.7082083 -0.5668846 0.008236825 0.8237561 -0.9813487 0.1856274 0.04997271 0 -0.1235601 0.9923372 0.9813244 0.1857497 0.04999488 -0.6936465 0.3678666 -0.619297 -0.6935288 0.007319271 0.7203918 0 0.3912031 -0.9203044 -0.9903367 0.1339178 0.03604483 0 -0.1235598 0.9923372 0.99034 0.1338932 0.03604757 -0.6939942 0.3676876 -0.6190137 -0.6939094 0.007195353 0.7200264 0 0.3913336 -0.9202489 -0.9903614 0.1337456 0.03600561 0 -0.1235603 0.9923372 0 0.9656062 0.2600095 0 0.9656218 0.2599512 0 0.9656059 0.2600104 0 0.9656056 0.2600113 -6.20699e-7 0 1 0.7071099 0.7071038 0 0.7071068 0.7071067 0 -0.7071104 0.7071033 0 -0.9659631 -0.06719976 0.2497991 0.9658756 -0.06728237 0.2501152 0.9658746 0.06735289 -0.2500997 0.7071608 0.1838703 -0.6827264 4.41714e-5 0.2601526 -0.9655675 -0.7069671 0.1839195 -0.6829138 -0.9659623 0.06726825 -0.2497838 0 0.965668 0.2597797 -1.26812e-4 0.9656202 0.2599573 -8.01903e-4 0.9656938 0.2596825 3.70695e-4 0.9655784 0.2601121 0.001411378 0.9654886 0.260442 0.00189501 0.9658406 0.2591304 0.002927362 0.9659345 0.2587704 -4.49372e-4 0.9655584 0.2601864 3.8878e-4 0.9660243 0.2584509 -2.29863e-6 0.9656824 0.2597258 -3.88967e-4 0.9660447 0.2583748 9.82229e-5 0.9656488 0.2598508 4.49355e-4 0.9655584 0.2601866 -0.002927422 0.9659284 0.2587927 -0.001894891 0.9658471 0.2591061 -0.001411259 0.9654921 0.2604284 -3.70688e-4 0.9655786 0.2601115 8.01358e-4 0.9656925 0.2596874 6.18985e-5 0.9656051 0.2600135 3.85828e-4 0.9660184 0.2584732 2.30908e-5 0.9656303 0.2599194 -3.85652e-4 0.9660499 0.2583557 0.5000113 -0.2251837 0.8362302 0.965987 -0.06720572 0.2497052 0.866082 0.129918 -0.482725 7.23427e-5 0.2598893 -0.9656385 -0.865833 0.1300303 -0.4831411 -0.9659899 -0.06715679 0.2497068 -0.5001916 -0.2251534 0.8361306 6.98535e-5 -0.2599834 0.9656131 -0.6936506 0.3677877 -0.6193392 -0.6935397 0.00721091 0.7203823 0 0.3912026 -0.9203046 -0.9903377 0.1339109 0.03604525 0 -0.1235603 0.9923372 0 0.9656273 0.2599307 -0.6937992 0.3678312 -0.619147 -0.6938858 0.007300496 0.7200481 -0.9903615 0.1337458 0.03600519 0.9903399 0.1338935 0.0360465 0 0.9656267 0.2599329 -0.4239053 0.4625661 -0.7786764 -0.4238116 0.009085536 0.9057048 0 0.3913328 -0.9202494 0 -0.1235598 0.9923372 0.9609115 0.267342 0.07195627 -0.6936371 0.3678716 -0.6193046 0 0.3913328 -0.9202492 0 0.9656263 0.2599346 0 0.9656062 0.2600095 -0.4317198 0.4606146 -0.7755335 -0.4318074 0.009041368 0.9019206 0 0.3913329 -0.9202492 -0.9625684 0.2617211 0.07045722 0 -0.12358 0.9923347 0.9625678 0.2617228 0.07046014 0 0.9656215 0.2599521 -1.29008e-6 0.4638372 0.8859205 0 0.4638399 0.8859191 0 0.8287734 0.5595843 1.40505e-6 0.8287779 0.5595777 0 0.828759 0.5596058 -2.41602e-7 0.8287607 0.5596033 0 0.8287644 0.5595978 0 0.828759 0.5596058 -0.4238131 0.009086489 0.9057042 -0.9609027 0.2673673 0.07197815 0.9609111 0.2673429 0.07195621 0 0.9656267 0.2599329</float_array>
          <technique_common>
            <accessor source="#Mesh74_Group105_Group1_Model-mesh-normals-array" count="2285" stride="3">
              <param name="X" type="float"/>
              <param name="Y" type="float"/>
              <param name="Z" type="float"/>
            </accessor>
          </technique_common>
        </source>
        <source id="Mesh74_Group105_Group1_Model-mesh-map-0">
          <float_array id="Mesh74_Group105_Group1_Model-mesh-map-0-array" count="13368">0.368803 0.862624 0.47195 0.861634 0.47195 0.862624 0.47195 0.862624 0.474223 0.864636 0.368803 0.862624 0.47195 0.818946 0.474223 0.864636 0.47195 0.862624 0.47195 0.818946 0.474223 0.816934 0.474223 0.864636 0.474223 0.816934 0.47195 0.818946 0.366533 0.816934 0.368803 0.818946 0.366533 0.816934 0.47195 0.818946 0.366533 0.816934 0.368803 0.818946 0.366533 0.864636 0.366533 0.864636 0.368803 0.818946 0.368803 0.862624 0.366533 0.864636 0.368803 0.862624 0.474223 0.864636 0.104956 0.902283 0.1476449 0.877526 0.148634 0.879415 0.709888 0.538351 0.712022 0.435204 0.709888 0.435204 0.661414 0.900394 0.699267 0.882983 0.705092 0.877526 0.513532 0.84521 0.501855 0.869239 0.513532 0.869239 0.864966 0.501855 0.853289 0.525883 0.864966 0.525883 0.746243 0.330616 0.752903 0.326138 0.746243 0.326138 0.576585 0.699402 0.581063 0.69171 0.581063 0.699402 0.326738 0.76846 0.333403 0.772939 0.326738 0.772939 0.320079 0.76846 0.326738 0.772939 0.320079 0.772939 0.714365 0.598416 0.709888 0.590724 0.709888 0.598416 0.752903 0.330616 0.759567 0.326138 0.752903 0.326138 0.496152 0.815516 0.493194 0.822178 0.497041 0.815516 0.49275 0.809624 0.49275 0.821409 0.496152 0.815516 0.496152 0.815516 0.493194 0.808855 0.49275 0.809624 0.49275 0.809624 0.485505 0.808855 0.485949 0.809624 0.485949 0.821409 0.485949 0.809624 0.482547 0.815516 0.485949 0.821409 0.481658 0.815516 0.485505 0.822178 0.485949 0.809624 0.481658 0.815516 0.482547 0.815516 0.49275 0.821409 0.485505 0.822178 0.493194 0.822178 0.168157 0.877526 0.15648 0.889203 0.168157 0.889203 0.873487 0.588487 0.877334 0.562447 0.873487 0.562447 0.342296 0.431138 0.351414 0.38356 0.351414 0.4096 0.423246 0.431138 0.391785 0.411138 0.423246 0.411138 0.391785 0.411138 0.351414 0.4096 0.391494 0.4096 0.391494 0.38356 0.391785 0.411138 0.391494 0.4096 0.389666 0.340371 0.391494 0.38356 0.389666 0.38356 0.391785 0.334217 0.376914 0.340371 0.342296 0.334217 0.376914 0.38356 0.342296 0.334217 0.376914 0.340371 0.351414 0.38356 0.342296 0.334217 0.376914 0.38356 0.004999995 0.706375 0.101923 0.70169 0.104998 0.706375 0.104998 0.663979 0.103461 0.698819 0.103461 0.663434 0.103461 0.698819 0.104998 0.706375 0.101923 0.70169 0.418673 0.432676 0.342296 0.431138 0.423246 0.431138 0.363295 0.434215 0.418673 0.432676 0.431738 0.434215 0.431738 0.434215 0.418673 0.432676 0.423246 0.431138 0.360301 0.434215 0.363295 0.600365 0.360301 0.600365 0.363295 0.434215 0.360301 0.434215 0.362325 0.432676 0.004999995 0.706375 0.104998 0.706375 0.004999995 0.729815 0.104998 0.706375 0.149139 0.726974 0.004999995 0.729815 0.149139 0.679272 0.104998 0.706375 0.104998 0.663979 0.271148 0.729815 0.149139 0.726974 0.256827 0.726974 0.271148 0.729815 0.256827 0.679272 0.271148 0.663979 0.149139 0.679272 0.271148 0.663979 0.256827 0.679272 0.336237 0.845352 0.351407 0.789006 0.386792 0.77048 0.431738 0.434215 0.363295 0.600365 0.363295 0.434215 0.531178 0.334217 0.431738 0.434215 0.431738 0.408061 0.417938 0.408061 0.406302 0.334217 0.417938 0.334217 0.417938 0.334217 0.431738 0.408061 0.417938 0.408061 0.406302 0.334217 0.394861 0.408061 0.394861 0.334217 0.271148 0.775032 0.004999995 0.777039 0.004999995 0.775032 0.271148 0.738164 0.272686 0.739703 0.271148 0.739703 0.272686 0.739703 0.271148 0.775032 0.271148 0.739703 0.272686 0.775446 0.271148 0.777039 0.271148 0.775032 0.004999995 0.739703 0.271148 0.738164 0.271148 0.739703 0.004999995 0.775032 0.271148 0.739703 0.271148 0.775032 0.711908 0.388269 0.713446 0.423598 0.711908 0.424012 0.713446 0.425605 0.711908 0.424012 0.713446 0.423598 0.711908 0.388269 0.713446 0.38673 0.713446 0.388269 0.679008 0.608901 0.646931 0.728061 0.714752 0.608901 0.714752 0.867357 0.646931 0.728061 0.646931 0.748295 0.591354 0.801652 0.714752 0.867357 0.627378 0.748295 0.563985 0.867357 0.591354 0.801652 0.563985 0.815981 0.646931 0.748295 0.627378 0.748295 0.714752 0.867357 0.679008 0.608901 0.646931 0.722143 0.646931 0.728061 0.646931 0.748295 0.645393 0.733776 0.645393 0.745218 0.646931 0.728061 0.646931 0.722143 0.645393 0.733776 0.627378 0.748295 0.592111 0.797783 0.591354 0.801652 0.563985 0.815981 0.587425 0.801973 0.563985 0.814245 0.587425 0.801973 0.591354 0.801652 0.592111 0.797783 0.627378 0.748295 0.643855 0.746756 0.628422 0.746756 0.643855 0.746756 0.646931 0.748295 0.645393 0.745218 0.625523 0.748295 0.627378 0.748295 0.628422 0.746756 0.738667 0.377712 0.738667 0.111565 0.699789 0.377712 0.714752 0.867357 0.71629 0.608901 0.714752 0.608901 0.563985 0.867357 0.714752 0.868895 0.714752 0.867357 0.71629 0.867357 0.714752 0.867357 0.714752 0.868895 0.464433 0.690307 0.342296 0.761205 0.343834 0.762744 0.354671 0.858922 0.356208 0.84748 0.354671 0.841358 0.394861 0.4096 0.423246 0.411138 0.391785 0.411138 0.418673 0.4096 0.431738 0.408061 0.423246 0.411138 0.418673 0.4096 0.417938 0.408061 0.431738 0.408061 0.417938 0.408061 0.412426 0.4096 0.406302 0.408061 0.479638 0.772018 0.553483 0.77048 0.553483 0.772018 0.553483 0.787452 0.479638 0.790347 0.479638 0.787452 0.555021 0.786413 0.556559 0.790347 0.553483 0.787452 0.555021 0.786413 0.553483 0.772018 0.555021 0.772018 0.553483 0.77048 0.555021 0.772018 0.553483 0.772018 0.354671 0.858922 0.354671 0.841358 0.340276 0.858922 0.356354 0.835112 0.340276 0.858922 0.354671 0.841358 0.431738 0.434215 0.423246 0.411138 0.431738 0.408061 0.391494 0.4096 0.38934 0.38356 0.391494 0.38356 0.851269 0.331881 0.858764 0.327658 0.87833 0.291803 0.620169 0.633079 0.618214 0.629098 0.621403 0.631251 0.563985 0.867357 0.562447 0.867357 0.563985 0.868895 0.563985 0.867357 0.562447 0.816786 0.562447 0.867357 0.562447 0.816786 0.563985 0.815981 0.563985 0.814245 0.778678 0.652878 0.776137 0.38673 0.778678 0.38673 0.724026 0.38673 0.725564 0.652878 0.724026 0.652878 0.763225 0.006537973 0.764763 0.05710899 0.763225 0.05791395 0.764763 0.006537973 0.763225 0.006537973 0.763225 0.004999995 0.763225 0.05791395 0.764763 0.05710899 0.763225 0.05965 0.763225 0.05791395 0.697389 0.09411895 0.694224 0.09403997 0.648202 0.264994 0.69499 0.09711199 0.649795 0.264994 0.694224 0.09403997 0.697389 0.09411895 0.69499 0.09711199 0.694224 0.09403997 0.763225 0.006537973 0.763225 0.05791395 0.612459 0.264994 0.694224 0.09403997 0.648202 0.264994 0.612459 0.264994 0.610921 0.006537973 0.612459 0.006537973 0.264994 0.004999995 0.263456 0.271148 0.264994 0.271148 0.612459 0.006537973 0.763225 0.004999995 0.763225 0.006537973 0.612459 0.006537973 0.610921 0.006537973 0.612459 0.004999995 0.263456 0.004999995 0.004999995 0.271148 0.263456 0.271148 0.54023 0.600365 0.690996 0.334217 0.54023 0.334217 0.725564 0.652878 0.776137 0.38673 0.776137 0.652878 0.479638 0.787452 0.553483 0.772018 0.553483 0.787452 0.29499 0.704593 0.300412 0.689691 0.303599 0.691843 0.389666 0.38356 0.387511 0.340371 0.389666 0.340371 0.699789 0.42992 0.703636 0.38673 0.699789 0.38673 0.623247 0.675685 0.602842 0.699033 0.620059 0.673533 0.54585 0.851269 0.534171 0.862946 0.54585 0.862946 0.746243 0.134077 0.747298 0.133855 0.746994 0.135675 0.747298 0.133855 0.746243 0.109605 0.747298 0.109827 0.775163 0.34689 0.775336 0.342498 0.773739 0.342296 0.747668 0.35957 0.747842 0.354414 0.749267 0.359369 0.775336 0.35957 0.775163 0.354414 0.77676 0.354617 0.747842 0.34689 0.747668 0.342498 0.746243 0.347093 0.758573 0.133855 0.746994 0.135675 0.747298 0.133855 0.775336 0.35957 0.773517 0.360341 0.773739 0.359369 0.749487 0.360341 0.773739 0.359369 0.773517 0.360341 0.749487 0.360341 0.747668 0.35957 0.749267 0.359369 0.758573 0.109827 0.746994 0.108007 0.758476 0.108007 0.747298 0.109827 0.746243 0.109605 0.746994 0.108007 0.775163 0.34689 0.749267 0.342296 0.747842 0.34689 0.715035 0.559566 0.70989 0.546982 0.709888 0.558874 0.775163 0.354414 0.749267 0.359369 0.747842 0.354414 0.709888 0.581783 0.715035 0.569199 0.709888 0.568506 0.277664 0.892528 0.284324 0.885605 0.277664 0.885605 0.7725 0.669106 0.779423 0.661414 0.779423 0.669106 0.603442 0.887625 0.610106 0.894548 0.603442 0.894548 0.596783 0.887625 0.603442 0.894548 0.596783 0.894548 0.242173 0.893297 0.2352499 0.885605 0.2352499 0.893297 0.284324 0.892528 0.290988 0.885605 0.284324 0.885605 0.632116 0.900178 0.636403 0.894286 0.635518 0.894286 0.632116 0.888394 0.632116 0.900178 0.635518 0.894286 0.632116 0.888394 0.636403 0.894286 0.632556 0.887625 0.625311 0.888394 0.632556 0.887625 0.624867 0.887625 0.625311 0.900178 0.625311 0.888394 0.621909 0.894286 0.621909 0.894286 0.624867 0.900947 0.625311 0.900178 0.621909 0.894286 0.624867 0.887625 0.62102 0.894286 0.625311 0.900178 0.632556 0.900947 0.632116 0.900178 0.255447 0.884449 0.262109 0.877526 0.255447 0.877526 0.679592 0.301514 0.686515 0.293822 0.686515 0.301514 0.233833 0.709888 0.240495 0.716811 0.233833 0.716811 0.227171 0.709888 0.233833 0.716811 0.227171 0.716811 0.543113 0.695363 0.536191 0.687671 0.536191 0.695363 0.262109 0.884449 0.268771 0.877526 0.262109 0.877526 0.850245 0.312435 0.854534 0.306543 0.853648 0.306543 0.850245 0.300651 0.850245 0.312435 0.853648 0.306543 0.850245 0.300651 0.854534 0.306543 0.85069 0.299881 0.843443 0.300651 0.85069 0.299881 0.842998 0.299881 0.843443 0.312435 0.843443 0.300651 0.84004 0.306543 0.84004 0.306543 0.842998 0.313204 0.843443 0.312435 0.84004 0.306543 0.842998 0.299881 0.839151 0.306543 0.843443 0.312435 0.85069 0.313204 0.850245 0.312435 0.291803 0.756155 0.292857 0.755934 0.292553 0.757754 0.292857 0.755934 0.291803 0.731684 0.292857 0.731905 0.185401 0.714482 0.185573 0.71009 0.1839759 0.709888 0.713332 0.1010439 0.713507 0.09588795 0.714931 0.100843 0.741 0.1010439 0.740828 0.09588795 0.742425 0.09608995 0.158079 0.714482 0.157905 0.71009 0.15648 0.714685 0.304133 0.755934 0.292553 0.757754 0.292857 0.755934 0.741 0.1010439 0.739181 0.101815 0.739404 0.100843 0.715151 0.101815 0.739404 0.100843 0.739181 0.101815 0.715151 0.101815 0.713332 0.1010439 0.714931 0.100843 0.304133 0.731905 0.292553 0.730085 0.304035 0.730085 0.292857 0.731905 0.291803 0.731684 0.292553 0.730085 0.185401 0.714482 0.1595039 0.709888 0.158079 0.714482 0.317147 0.745382 0.312002 0.732798 0.312 0.744689 0.740828 0.09588795 0.714931 0.100843 0.713507 0.09588795 0.326138 0.75548 0.331285 0.742896 0.326138 0.742204 0.576144 0.77048 0.564467 0.786824 0.576144 0.786824 0.851269 0.811426 0.852324 0.811318 0.85202 0.812202 0.852324 0.811318 0.851269 0.799533 0.852324 0.799641 0.851269 0.833207 0.856065 0.834411 0.851471 0.832457 0.851269 0.843392 0.852737 0.848144 0.851961 0.848347 0.866099 0.843392 0.864632 0.848144 0.865324 0.843191 0.861537 0.34425 0.856742 0.343046 0.856941 0.342296 0.852324 0.811318 0.863502 0.812202 0.85202 0.812202 0.865408 0.848347 0.864523 0.849117 0.864632 0.848144 0.852846 0.849117 0.864632 0.848144 0.864523 0.849117 0.852846 0.849117 0.851961 0.848347 0.852737 0.848144 0.852324 0.799641 0.863502 0.798756 0.8636 0.799641 0.852324 0.799641 0.851269 0.799533 0.85202 0.798756 0.858282 0.364513 0.853289 0.377098 0.858282 0.37779 0.859517 0.82159 0.851471 0.832457 0.856065 0.834411 0.865324 0.843191 0.852737 0.848144 0.852045 0.843191 0.853289 0.355866 0.861335 0.345 0.858243 0.356483 0.750283 0.1003659 0.756945 0.09588795 0.750283 0.09588795 0.586684 0.778172 0.591162 0.77048 0.591162 0.778172 0.383293 0.841171 0.389955 0.845649 0.383293 0.845649 0.376631 0.841171 0.383293 0.845649 0.376631 0.845649 0.855747 0.768073 0.851269 0.760381 0.851269 0.768073 0.756945 0.1003659 0.763606 0.09588795 0.756945 0.09588795 0.865766 0.783201 0.862808 0.789863 0.866653 0.783201 0.865766 0.783201 0.855559 0.789094 0.862364 0.789094 0.865766 0.783201 0.862808 0.776539 0.862364 0.777308 0.862364 0.777308 0.855116 0.776539 0.855559 0.777308 0.852156 0.783201 0.862364 0.777308 0.855559 0.777308 0.855559 0.789094 0.851269 0.783201 0.855116 0.789863 0.855559 0.777308 0.851269 0.783201 0.852156 0.783201 0.862364 0.789094 0.855116 0.789863 0.862808 0.789863 0.687231 0.200914 0.675552 0.224398 0.687231 0.224398 0.610921 0.299104 0.611976 0.298887 0.611672 0.300666 0.611976 0.275403 0.610921 0.299104 0.610921 0.275187 0.110014 0.316594 0.110184 0.312202 0.108621 0.312 0.159893 0.319176 0.160063 0.31402 0.161454 0.318974 0.1869339 0.319176 0.186764 0.31402 0.188325 0.314222 0.08331298 0.316594 0.08314299 0.312202 0.08174997 0.316797 0.623251 0.298887 0.611672 0.300666 0.611976 0.298887 0.1869339 0.319176 0.185154 0.319946 0.185371 0.318974 0.161671 0.319946 0.185371 0.318974 0.185154 0.319946 0.161671 0.319946 0.159893 0.319176 0.161454 0.318974 0.623251 0.275403 0.611672 0.273625 0.623155 0.273625 0.611976 0.275403 0.610921 0.275187 0.611672 0.273625 0.110014 0.316594 0.08470398 0.312 0.08331298 0.316594 0.125263 0.325277 0.120126 0.312693 0.120125 0.324584 0.186764 0.31402 0.161454 0.318974 0.160063 0.31402 0.342296 0.45454 0.347432 0.441956 0.342297 0.441263 0.851269 0.884136 0.852324 0.884028 0.85202 0.884913 0.852324 0.872351 0.851269 0.884136 0.851269 0.872244 0.871467 0.772615 0.876262 0.773819 0.871669 0.771865 0.86408 0.28282 0.864166 0.277664 0.864858 0.282618 0.877526 0.28282 0.877442 0.277664 0.878218 0.277866 0.881734 0.392723 0.876939 0.39152 0.877138 0.39077 0.852324 0.884028 0.863502 0.884913 0.85202 0.884913 0.877526 0.28282 0.876641 0.283591 0.87675 0.282618 0.864964 0.283591 0.87675 0.282618 0.876641 0.283591 0.864964 0.283591 0.86408 0.28282 0.864858 0.282618 0.852324 0.872351 0.863502 0.871467 0.8636 0.872351 0.852324 0.872351 0.851269 0.872244 0.85202 0.871467 0.878481 0.46146 0.873487 0.474045 0.878481 0.474737 0.879714 0.760998 0.871669 0.771865 0.876262 0.773819 0.877442 0.277664 0.864858 0.282618 0.864166 0.277664 0.873487 0.40434 0.881532 0.393473 0.87844 0.404957 0.513974 0.690554 0.520635 0.683631 0.513974 0.683631 0.08780896 0.683245 0.09473198 0.675552 0.09473198 0.683245 0.01166099 0.685651 0.018323 0.692574 0.01166099 0.692574 0.004999995 0.685651 0.01166099 0.692574 0.004999995 0.692574 0.686515 0.192449 0.679592 0.1847569 0.679592 0.192449 0.520635 0.690554 0.527296 0.683631 0.520635 0.683631 0.43216 0.621455 0.43645 0.615563 0.435562 0.615563 0.43216 0.60967 0.43216 0.621455 0.435562 0.615563 0.43216 0.60967 0.43645 0.615563 0.432604 0.608901 0.425356 0.60967 0.432604 0.608901 0.424911 0.608901 0.425356 0.621455 0.425356 0.60967 0.421954 0.615563 0.421954 0.615563 0.424911 0.622224 0.425356 0.621455 0.421954 0.615563 0.424911 0.608901 0.421066 0.615563 0.425356 0.621455 0.432604 0.622224 0.43216 0.621455 0.641217 0.653886 0.642272 0.653778 0.641967 0.654663 0.642272 0.653778 0.641217 0.641994 0.642272 0.642102 0.647831 0.30195 0.643439 0.299247 0.643237 0.299997 0.514665 0.650412 0.51475 0.645256 0.515442 0.650211 0.528112 0.650412 0.528027 0.645256 0.528803 0.645459 0.64689 0.30998 0.651282 0.312683 0.646688 0.31073 0.642272 0.653778 0.653451 0.654663 0.641967 0.654663 0.528112 0.650412 0.527227 0.651183 0.527335 0.650211 0.527227 0.651183 0.515442 0.650211 0.527335 0.650211 0.51555 0.651183 0.514665 0.650412 0.515442 0.650211 0.642272 0.642102 0.653451 0.641217 0.653547 0.642102 0.642272 0.642102 0.641217 0.641994 0.641967 0.641217 0.617933 0.643237 0.612941 0.655821 0.617933 0.656513 0.648034 0.3012 0.64653 0.287763 0.643439 0.299247 0.528027 0.645256 0.515442 0.650211 0.51475 0.645256 0.646688 0.31073 0.64819 0.324167 0.643237 0.32355 0.01509898 0.888176 0.01615297 0.888068 0.01584899 0.888952 0.01615297 0.888068 0.01509898 0.876283 0.01615297 0.876391 0.878082 0.443331 0.873688 0.440627 0.873487 0.441378 0.03731596 0.875709 0.03878295 0.880461 0.03800797 0.880662 0.05214595 0.875709 0.05067795 0.880461 0.05136996 0.875506 0.877138 0.505895 0.881532 0.508598 0.876937 0.506645 0.02742898 0.888068 0.01584899 0.888952 0.01615297 0.888068 0.05145394 0.880662 0.05056899 0.881433 0.05067795 0.880461 0.05056899 0.881433 0.03878295 0.880461 0.05067795 0.880461 0.03889197 0.881433 0.03800797 0.880662 0.03878295 0.880461 0.02742898 0.876391 0.01584899 0.875506 0.02733099 0.875506 0.01615297 0.876391 0.01509898 0.876283 0.01584899 0.875506 0.527045 0.866567 0.522052 0.853981 0.522052 0.865874 0.878284 0.442581 0.87678 0.429145 0.873688 0.440627 0.05136996 0.875506 0.03878295 0.880461 0.03809195 0.875506 0.876937 0.506645 0.87844 0.520081 0.873487 0.519465 0.885164 0.825013 0.873487 0.849042 0.885164 0.849042 0.125744 0.279684 0.114066 0.303168 0.125744 0.303168 0.03125697 0.676103 0.03230994 0.675995 0.03200596 0.67688 0.03230994 0.675995 0.03125697 0.664211 0.03230994 0.664319 0.009593963 0.677621 0.005201995 0.674918 0.004999995 0.675668 0.05214595 0.66859 0.05223095 0.663434 0.05292296 0.668389 0.06559199 0.66859 0.06550699 0.663434 0.066284 0.663636 0.07732498 0.663434 0.08171695 0.666138 0.07712197 0.664184 0.03230994 0.675995 0.04348999 0.67688 0.03200596 0.67688 0.06559199 0.66859 0.06470698 0.669361 0.06481498 0.668389 0.06470698 0.669361 0.05292296 0.668389 0.06481498 0.668389 0.05302995 0.669361 0.05214595 0.66859 0.05292296 0.668389 0.03230994 0.664319 0.04348999 0.663434 0.04358696 0.664319 0.03230994 0.664319 0.03125697 0.664211 0.03200596 0.663434 0.64419 0.663434 0.639197 0.676018 0.64419 0.676711 0.01324898 0.664051 0.005201995 0.674918 0.009796977 0.676871 0.06550699 0.663434 0.05292296 0.668389 0.05223095 0.663434 0.07367098 0.677004 0.08171695 0.666138 0.07862597 0.677621 0.652895 0.608901 0.641217 0.63293 0.652895 0.63293 0.279684 0.667912 0.286346 0.663434 0.279684 0.663434 0.342296 0.598416 0.346775 0.590724 0.346775 0.598416 0.308563 0.663434 0.315224 0.667912 0.308563 0.667912 0.301901 0.663434 0.308563 0.667912 0.301901 0.667912 0.663873 0.323731 0.659395 0.316039 0.659395 0.323731 0.286346 0.667912 0.293007 0.663434 0.286346 0.663434 0.679949 0.2419109 0.676992 0.248573 0.680838 0.2419109 0.676548 0.236019 0.676548 0.247803 0.679949 0.2419109 0.679949 0.2419109 0.676992 0.2352499 0.676548 0.236019 0.676548 0.236019 0.6693 0.2352499 0.669744 0.236019 0.669744 0.247803 0.669744 0.236019 0.666342 0.2419109 0.669744 0.247803 0.665454 0.2419109 0.6693 0.248573 0.669744 0.236019 0.665454 0.2419109 0.666342 0.2419109 0.676548 0.247803 0.6693 0.248573 0.676992 0.248573 0.536191 0.677386 0.537244 0.677164 0.53694 0.678984 0.537244 0.677164 0.536191 0.652914 0.537244 0.653136 0.494419 0.65995 0.494593 0.655557 0.492995 0.655355 0.557812 0.660511 0.557986 0.655355 0.55941 0.660309 0.585481 0.660511 0.585307 0.655355 0.586906 0.655557 0.467098 0.65995 0.466924 0.655557 0.4655 0.660151 0.537244 0.677164 0.548424 0.678984 0.53694 0.678984 0.585481 0.660511 0.583661 0.661282 0.583883 0.660309 0.559633 0.661282 0.583883 0.660309 0.583661 0.661282 0.559633 0.661282 0.557812 0.660511 0.55941 0.660309 0.537244 0.653136 0.548424 0.651316 0.548521 0.653136 0.537244 0.653136 0.536191 0.652914 0.53694 0.651316 0.494419 0.65995 0.468522 0.655355 0.467098 0.65995 0.630205 0.653335 0.625059 0.66592 0.630205 0.666612 0.585307 0.655355 0.55941 0.660309 0.557986 0.655355 0.875506 0.649296 0.880651 0.661881 0.880653 0.649988 0.08982896 0.888867 0.09088099 0.88865 0.090577 0.890429 0.09088099 0.865166 0.08982896 0.888867 0.08982896 0.86495 0.142328 0.867982 0.1425009 0.86359 0.140936 0.863388 0.153833 0.868544 0.1540009 0.863388 0.155394 0.868342 0.180876 0.868544 0.180703 0.863388 0.182268 0.863589 0.115626 0.867982 0.115458 0.86359 0.114066 0.868185 0.09088099 0.88865 0.102064 0.890429 0.090577 0.890429 0.180876 0.868544 0.1790969 0.869315 0.179311 0.868342 0.155612 0.869315 0.179311 0.868342 0.1790969 0.869315 0.155612 0.869315 0.153833 0.868544 0.155394 0.868342 0.09088099 0.865166 0.102064 0.863388 0.102159 0.865166 0.09088099 0.865166 0.08982896 0.86495 0.090577 0.863388 0.142328 0.867982 0.1170189 0.863388 0.115626 0.867982 0.195956 0.863388 0.190816 0.875973 0.195956 0.876665 0.180703 0.863388 0.155394 0.868342 0.1540009 0.863388 0.871467 0.869447 0.876602 0.882032 0.876602 0.870139 0.839151 0.290334 0.840204 0.290226 0.8399 0.29111 0.840204 0.290226 0.839151 0.278441 0.840204 0.278549 0.58118 0.68368 0.576788 0.680976 0.576585 0.681727 0.05145394 0.677774 0.05292195 0.682527 0.052145 0.682728 0.066284 0.677774 0.06481498 0.682527 0.06550699 0.677572 0.681225 0.312 0.685617 0.314704 0.681023 0.31275 0.851481 0.290226 0.8399 0.29111 0.840204 0.290226 0.06559097 0.682728 0.06470698 0.683499 0.06481498 0.682527 0.05302995 0.683499 0.06481498 0.682527 0.06470698 0.683499 0.05302995 0.683499 0.052145 0.682728 0.05292195 0.682527 0.851481 0.278549 0.8399 0.277664 0.851386 0.277664 0.840204 0.278549 0.839151 0.278441 0.8399 0.277664 0.529064 0.659395 0.524072 0.67198 0.529064 0.672672 0.581382 0.68293 0.579879 0.669493 0.576788 0.680976 0.06550699 0.677572 0.05292195 0.682527 0.05223 0.677572 0.681023 0.31275 0.682526 0.326187 0.677572 0.32557 0.1706179 0.305163 0.171672 0.304947 0.171368 0.306725 0.171672 0.281463 0.1706179 0.305163 0.1706179 0.281246 0.219079 0.284279 0.219249 0.279886 0.217687 0.279684 0.230583 0.284841 0.230754 0.279684 0.232145 0.284639 0.257624 0.284841 0.257454 0.279684 0.259016 0.279886 0.1923789 0.284279 0.192208 0.279886 0.190816 0.28448 0.171672 0.304947 0.182852 0.306725 0.171368 0.306725 0.257624 0.284841 0.255845 0.285612 0.256062 0.284639 0.232362 0.285612 0.256062 0.284639 0.255845 0.285612 0.232362 0.285612 0.230583 0.284841 0.232145 0.284639 0.171672 0.281463 0.182852 0.279684 0.182949 0.281463 0.171672 0.281463 0.1706179 0.281246 0.171368 0.279684 0.219079 0.284279 0.19377 0.279684 0.1923789 0.284279 0.195953 0.291803 0.190816 0.304387 0.195953 0.305079 0.257454 0.279684 0.232145 0.284639 0.230754 0.279684 0.204954 0.291803 0.21009 0.304387 0.21009 0.292495 0.679592 0.283537 0.680646 0.283316 0.680342 0.285136 0.680646 0.283316 0.679592 0.259065 0.680646 0.259287 0.603485 0.647831 0.603658 0.643438 0.60206 0.643237 0.178102 0.890762 0.178274 0.885605 0.179699 0.89056 0.20577 0.890762 0.205596 0.885605 0.207195 0.885807 0.576164 0.647831 0.57599 0.643438 0.574566 0.648033 0.680646 0.283316 0.691826 0.285136 0.680342 0.285136 0.20577 0.890762 0.203951 0.891533 0.204171 0.89056 0.179921 0.891533 0.204171 0.89056 0.203951 0.891533 0.179921 0.891533 0.178102 0.890762 0.179699 0.89056 0.680646 0.259287 0.691826 0.257467 0.691922 0.259287 0.680646 0.259287 0.679592 0.259065 0.680342 0.257467 0.603485 0.647831 0.577588 0.643237 0.576164 0.647831 0.882673 0.483677 0.877526 0.496262 0.882673 0.496954 0.205596 0.885605 0.179699 0.89056 0.178274 0.885605 0.885605 0.548309 0.890749 0.560894 0.890749 0.549001 0.481658 0.857142 0.48271 0.85692 0.482406 0.85874 0.48271 0.85692 0.481658 0.83267 0.48271 0.832892 0.443927 0.831627 0.444099 0.827235 0.442502 0.827033 0.412391 0.844307 0.412564 0.839151 0.413988 0.844106 0.44006 0.844307 0.439887 0.839151 0.441484 0.839353 0.416603 0.831627 0.416431 0.827235 0.415006 0.831829 0.493988 0.85692 0.482406 0.85874 0.48271 0.85692 0.44006 0.844307 0.43824 0.845078 0.438463 0.844106 0.414211 0.845078 0.438463 0.844106 0.43824 0.845078 0.414211 0.845078 0.412391 0.844307 0.413988 0.844106 0.493988 0.832892 0.482406 0.831072 0.493893 0.831072 0.48271 0.832892 0.481658 0.83267 0.482406 0.831072 0.443927 0.831627 0.418028 0.827033 0.416603 0.831627 0.458526 0.827033 0.453381 0.839617 0.458526 0.840309 0.439887 0.839151 0.413988 0.844106 0.412564 0.839151 0.528112 0.831072 0.533256 0.843656 0.533256 0.831764 0.22673 0.885605 0.215053 0.897282 0.22673 0.897282 0.556388 0.694972 0.557442 0.694756 0.557138 0.696534 0.557442 0.671272 0.556388 0.694972 0.556388 0.671055 0.511941 0.676107 0.512111 0.671715 0.510548 0.671513 0.281077 0.680708 0.281247 0.675552 0.282639 0.680507 0.308117 0.680708 0.307948 0.675552 0.309509 0.675755 0.48524 0.676107 0.48507 0.671715 0.483677 0.67631 0.568718 0.694756 0.557138 0.696534 0.557442 0.694756 0.308117 0.680708 0.306338 0.681479 0.306555 0.680507 0.282855 0.681479 0.306555 0.680507 0.306338 0.681479 0.282855 0.681479 0.281077 0.680708 0.282639 0.680507 0.568718 0.671272 0.557138 0.669493 0.568622 0.669493 0.557442 0.671272 0.556388 0.671055 0.557138 0.669493 0.511941 0.676107 0.486632 0.671513 0.48524 0.676107 0.329255 0.663434 0.324118 0.676018 0.329256 0.676711 0.307948 0.675552 0.282639 0.680507 0.281247 0.675552 0.204954 0.863388 0.210089 0.875972 0.210089 0.86408 0.864966 0.62102 0.853289 0.645048 0.864966 0.645048 0.526092 0.635709 0.527146 0.635601 0.526842 0.636485 0.527146 0.623924 0.526092 0.635709 0.526092 0.623816 0.57916 0.635207 0.574768 0.632503 0.574566 0.633253 0.546982 0.628195 0.547066 0.623039 0.547759 0.627994 0.560427 0.628195 0.560343 0.623039 0.56112 0.623241 0.632752 0.277664 0.637145 0.280368 0.63255 0.278414 0.527146 0.635601 0.538325 0.636485 0.526842 0.636485 0.560427 0.628195 0.559544 0.628966 0.559651 0.627994 0.547866 0.628966 0.559651 0.627994 0.559544 0.628966 0.547866 0.628966 0.546982 0.628195 0.547759 0.627994 0.527146 0.623924 0.538325 0.623039 0.538422 0.623924 0.527146 0.623924 0.526092 0.623816 0.526842 0.623039 0.634091 0.627079 0.629098 0.639664 0.634091 0.640356 0.582814 0.621636 0.574768 0.632503 0.579362 0.634457 0.560343 0.623039 0.547759 0.627994 0.547066 0.623039 0.629098 0.291235 0.637145 0.280368 0.634053 0.291852 0.853289 0.567038 0.854344 0.56693 0.85404 0.567814 0.854344 0.56693 0.853289 0.555145 0.854344 0.555253 0.857885 0.590773 0.853491 0.588069 0.853289 0.588819 0.851961 0.862485 0.852045 0.857329 0.852737 0.862283 0.865408 0.862485 0.865324 0.857329 0.866099 0.85753 0.856943 0.598802 0.861335 0.601506 0.856742 0.599552 0.854344 0.56693 0.865522 0.567814 0.85404 0.567814 0.865408 0.862485 0.864523 0.863256 0.864632 0.862283 0.852846 0.863256 0.864632 0.862283 0.864523 0.863256 0.852846 0.863256 0.851961 0.862485 0.852737 0.862283 0.854344 0.555253 0.865522 0.554368 0.865619 0.555253 0.854344 0.555253 0.853289 0.555145 0.85404 0.554368 0.636113 0.722006 0.631118 0.734591 0.636113 0.735284 0.861537 0.577202 0.853491 0.588069 0.858087 0.590023 0.865324 0.857329 0.852737 0.862283 0.852045 0.857329 0.853289 0.612373 0.861335 0.601506 0.858243 0.61299 0.873487 0.609452 0.874541 0.609344 0.874237 0.610229 0.874541 0.597667 0.873487 0.609452 0.873487 0.59756 0.878082 0.641266 0.873688 0.638562 0.873487 0.639312 0.870139 0.377748 0.870225 0.372592 0.870917 0.377546 0.883585 0.377748 0.883501 0.372592 0.884277 0.372793 0.87916 0.528112 0.883552 0.530815 0.878959 0.528862 0.874541 0.609344 0.885719 0.610229 0.874237 0.610229 0.883585 0.377748 0.882701 0.378519 0.882809 0.377546 0.871024 0.378519 0.882809 0.377546 0.882701 0.378519 0.871024 0.378519 0.870139 0.377748 0.870917 0.377546 0.874541 0.597667 0.885719 0.596783 0.885817 0.597667 0.874541 0.597667 0.873487 0.59756 0.874237 0.596783 0.316995 0.873487 0.312 0.886071 0.316995 0.886763 0.881734 0.627696 0.873688 0.638562 0.878284 0.640516 0.883501 0.372592 0.870917 0.377546 0.870225 0.372592 0.875506 0.541682 0.883552 0.530815 0.88046 0.542299 0.602849 0.008331 0.273625 0.323708 0.273625 0.008331 0.273625 0.008331 0.602849 0.006407976 0.602849 0.008331 0.602849 0.323708 0.273625 0.325631 0.273625 0.323708 0.273625 0.006407976 0.602849 0.004999995 0.602849 0.006407976 0.774423 0.334223 0.7725 0.004999995 0.774423 0.004999995 0.828267 0.334223 0.774423 0.004999995 0.828267 0.004999995 0.828267 0.004999995 0.830191 0.334223 0.828267 0.334223 0.602849 0.325631 0.273625 0.327039 0.273625 0.325631 0.786638 0.671519 0.788561 0.342296 0.786638 0.342296 0.004999995 0.652925 0.334224 0.654848 0.334224 0.652925 0.334224 0.652925 0.004999995 0.337548 0.004999995 0.652925 0.004999995 0.335625 0.334224 0.337548 0.334224 0.335625 0.334224 0.335625 0.004999995 0.334217 0.004999995 0.335625 0.788561 0.671519 0.842405 0.342296 0.788561 0.342296 0.842405 0.671519 0.844329 0.342296 0.842405 0.342296 0.334224 0.656256 0.004999995 0.654848 0.004999995 0.656256 0.324223 0.784618 0.325748 0.785823 0.326147 0.785134 0.008846998 0.784618 0.324121 0.785387 0.324223 0.784618 0.008846998 0.784618 0.007319986 0.785823 0.008946955 0.785387 0.326147 0.785134 0.326866 0.78694 0.327553 0.786541 0.004999995 0.842309 0.006203949 0.843834 0.005768954 0.842208 0.004999995 0.788464 0.006203949 0.78694 0.005514979 0.786541 0.004999995 0.842309 0.005768954 0.788566 0.004999995 0.788464 0.005514979 0.786541 0.007319986 0.785823 0.00692296 0.785134 0.32807 0.788464 0.326866 0.78694 0.327299 0.788566 0.324223 0.846155 0.325748 0.844951 0.324121 0.845386 0.324223 0.846155 0.008946955 0.845386 0.008846998 0.846155 0.008846998 0.846155 0.007319986 0.844951 0.00692296 0.84564 0.00692296 0.84564 0.006203949 0.843834 0.005514979 0.844232 0.32807 0.788464 0.327299 0.842208 0.32807 0.842309 0.32807 0.842309 0.326866 0.843834 0.327553 0.844232 0.326147 0.84564 0.326866 0.843834 0.325748 0.844951 0.325748 0.913622 0.324223 0.914826 0.324121 0.914057 0.324121 0.914057 0.008846998 0.914826 0.008946955 0.914057 0.007319986 0.913622 0.008846998 0.914826 0.00692296 0.914311 0.007319986 0.913622 0.005514979 0.912903 0.006203949 0.912505 0.326866 0.912505 0.326147 0.914311 0.325748 0.913622 0.006203949 0.912505 0.004999995 0.91098 0.005768954 0.910879 0.326866 0.855611 0.326147 0.853805 0.327553 0.855212 0.326866 0.855611 0.32807 0.857135 0.327299 0.857237 0.327299 0.857237 0.32807 0.91098 0.327299 0.910879 0.326866 0.912505 0.32807 0.91098 0.327553 0.912903 0.005768954 0.910879 0.004999995 0.857135 0.005768954 0.857237 0.006203949 0.855611 0.00692296 0.853805 0.007319986 0.854494 0.007319986 0.854494 0.008846998 0.853289 0.008946955 0.854058 0.008946955 0.854058 0.324223 0.853289 0.324121 0.854058 0.325748 0.854494 0.324223 0.853289 0.326147 0.853805 0.006203949 0.855611 0.004999995 0.857135 0.005514979 0.855212 0.324704 0.911812 0.324121 0.914057 0.323856 0.912039 0.008946955 0.914057 0.323856 0.912039 0.324121 0.914057 0.008946955 0.914057 0.008365988 0.911812 0.009211957 0.912039 0.006203949 0.912505 0.008365988 0.911812 0.007319986 0.913622 0.325056 0.91146 0.325748 0.913622 0.324704 0.911812 0.005768954 0.910879 0.008014976 0.91146 0.006203949 0.912505 0.326866 0.855611 0.324704 0.856303 0.325748 0.854494 0.327299 0.857237 0.325056 0.856655 0.326866 0.855611 0.325283 0.857502 0.327299 0.910879 0.325283 0.910613 0.325056 0.91146 0.327299 0.910879 0.326866 0.912505 0.007787942 0.910613 0.005768954 0.857237 0.007787942 0.857502 0.006203949 0.855611 0.008365988 0.856303 0.008014976 0.856655 0.008946955 0.854058 0.008365988 0.856303 0.007319986 0.854494 0.009211957 0.856076 0.324121 0.854058 0.323856 0.856076 0.324121 0.854058 0.324704 0.856303 0.323856 0.856076 0.005768954 0.857237 0.008014976 0.856655 0.007787942 0.857502 0.724026 0.662613 0.731718 0.661766 0.724026 0.661766 0.724026 0.977256 0.731718 0.662613 0.724026 0.662613 0.724026 0.661766 0.731718 0.661414 0.724026 0.661414 0.724026 0.978103 0.731718 0.977256 0.724026 0.977256 0.724026 0.978455 0.731718 0.978103 0.724026 0.978103 0.400647 0.895317 0.401493 0.887625 0.401493 0.895317 0.409793 0.887625 0.462905 0.895317 0.462905 0.887625 0.408947 0.887625 0.409793 0.895317 0.409793 0.887625 0.347535 0.895317 0.400647 0.887625 0.400647 0.895317 0.747876 0.976905 0.740184 0.662261 0.747876 0.662261 0.747876 0.977751 0.740184 0.976905 0.747876 0.976905 0.463753 0.887625 0.464104 0.895317 0.464104 0.887625 0.462905 0.887625 0.463753 0.895317 0.463753 0.887625 0.346335 0.895317 0.346687 0.887625 0.346687 0.895317 0.747876 0.662261 0.740184 0.661414 0.747876 0.661414 0.346687 0.895317 0.347535 0.887625 0.347535 0.895317 0.326866 0.78694 0.325748 0.785823 0.324121 0.788566 0.324121 0.785387 0.324121 0.788566 0.325748 0.785823 0.008946955 0.788566 0.324121 0.785387 0.008946955 0.785387 0.008946955 0.785387 0.007319986 0.785823 0.008946955 0.788566 0.006203949 0.78694 0.008946955 0.788566 0.007319986 0.785823 0.005768954 0.788566 0.008946955 0.788566 0.006203949 0.78694 0.008946955 0.842208 0.005768954 0.788566 0.005768954 0.842208 0.005768954 0.842208 0.006203949 0.843834 0.008946955 0.842208 0.327299 0.788566 0.326866 0.78694 0.324121 0.788566 0.324121 0.788566 0.327299 0.842208 0.327299 0.788566 0.008946955 0.842208 0.324121 0.788566 0.008946955 0.788566 0.324121 0.842208 0.008946955 0.845386 0.324121 0.845386 0.324121 0.845386 0.325748 0.844951 0.324121 0.842208 0.006203949 0.843834 0.007319986 0.844951 0.008946955 0.842208 0.008946955 0.845386 0.008946955 0.842208 0.007319986 0.844951 0.326866 0.843834 0.324121 0.842208 0.325748 0.844951 0.327299 0.842208 0.324121 0.842208 0.326866 0.843834 0.653153 0.933262 0.652577 0.932336 0.653503 0.93291 0.652577 0.932336 0.652305 0.933489 0.652169 0.932446 0.337661 0.933489 0.652169 0.932446 0.652305 0.933489 0.337389 0.932336 0.337661 0.933489 0.336817 0.933262 0.653734 0.932063 0.652577 0.932336 0.652691 0.931926 0.337389 0.878679 0.336237 0.878952 0.336464 0.878105 0.33728 0.931926 0.336237 0.878952 0.33728 0.87909 0.337389 0.932336 0.336237 0.932063 0.33728 0.931926 0.336464 0.93291 0.337389 0.932336 0.336817 0.933262 0.652577 0.878679 0.653734 0.878952 0.652691 0.87909 0.653503 0.878105 0.652577 0.878679 0.653153 0.877753 0.652577 0.878679 0.652305 0.877526 0.653153 0.877753 0.337802 0.87857 0.652305 0.877526 0.652169 0.87857 0.337389 0.878679 0.337661 0.877526 0.337802 0.87857 0.336817 0.877753 0.337389 0.878679 0.336464 0.878105 0.652691 0.87909 0.653734 0.932063 0.652691 0.931926 0.764036 0.976602 0.756342 0.976192 0.764036 0.976192 0.764036 0.661824 0.756342 0.661414 0.764036 0.661414 0.764036 0.976192 0.756342 0.661824 0.764036 0.661824 0.826375 0.99448 0.7725 0.99448 0.825858 0.995 0.471967 0.887625 0.524804 0.895317 0.524804 0.887625 0.471559 0.887625 0.471967 0.895317 0.471967 0.887625 0.524804 0.887625 0.525217 0.895317 0.525217 0.887625 0.587416 0.895317 0.587829 0.887625 0.587829 0.895317 0.534584 0.895317 0.587416 0.887625 0.587416 0.895317 0.534171 0.895317 0.534584 0.887625 0.534584 0.895317 0.835112 0.680002 0.842806 0.679592 0.835112 0.679592 0.835112 0.99437 0.842806 0.680002 0.835112 0.680002 0.835112 0.99478 0.842806 0.99437 0.835112 0.99437 0.05953299 0.898275 0.060588 0.898167 0.06028395 0.899051 0.060588 0.898167 0.05953299 0.886382 0.060588 0.88649 0.885605 0.314135 0.8904 0.315339 0.885807 0.313385 0.875506 0.413188 0.876974 0.41794 0.876198 0.418143 0.890336 0.413188 0.888869 0.41794 0.88956 0.412987 0.893852 0.57248 0.889057 0.571276 0.889257 0.570526 0.060588 0.898167 0.07176595 0.899051 0.06028395 0.899051 0.889644 0.418143 0.88876 0.418913 0.888869 0.41794 0.88876 0.418913 0.876974 0.41794 0.888869 0.41794 0.877083 0.418913 0.876198 0.418143 0.876974 0.41794 0.060588 0.88649 0.07176595 0.885605 0.07186299 0.88649 0.060588 0.88649 0.05953299 0.886382 0.06028395 0.885605 0.890597 0.783757 0.885605 0.771172 0.885605 0.783065 0.893852 0.302518 0.885807 0.313385 0.8904 0.315339 0.88956 0.412987 0.876974 0.41794 0.876282 0.412987 0.885605 0.584097 0.893651 0.57323 0.890559 0.584713 0.05101299 0.279684 0.03933596 0.291362 0.05101299 0.291362 0.134263 0.292353 0.135317 0.292245 0.135013 0.29313 0.135317 0.292245 0.134263 0.280461 0.135317 0.280569 0.1590549 0.293871 0.154662 0.291168 0.15446 0.291918 0.197567 0.319176 0.197652 0.31402 0.198344 0.318974 0.211013 0.319176 0.210928 0.31402 0.211705 0.314221 0.34595 0.46348 0.350341 0.466184 0.345747 0.46423 0.135317 0.292245 0.146497 0.29313 0.135013 0.29313 0.211013 0.319176 0.210128 0.319946 0.210236 0.318974 0.198451 0.319946 0.210236 0.318974 0.210128 0.319946 0.198451 0.319946 0.197567 0.319176 0.198344 0.318974 0.135317 0.280569 0.146497 0.279684 0.146593 0.280569 0.135317 0.280569 0.134263 0.280461 0.135013 0.279684 0.009991943 0.279684 0.004999995 0.292268 0.009991943 0.292961 0.1627089 0.280301 0.154662 0.291168 0.159258 0.293122 0.210928 0.31402 0.198344 0.318974 0.197652 0.31402 0.342296 0.477051 0.350341 0.466184 0.347251 0.477667 0.74669 0.297422 0.746243 0.223132 0.746243 0.297422 0.404908 0.780579 0.440737 0.781026 0.404908 0.781026 0.754322 0.295402 0.754769 0.221112 0.754769 0.295402 0.404908 0.791124 0.440737 0.790677 0.404908 0.790677 0.395739 0.771411 0.396125 0.807625 0.396125 0.771795 0.395195 0.808556 0.395739 0.771411 0.395195 0.770865 0.395195 0.808556 0.394809 0.77048 0.394809 0.808941 0.471345 0.770865 0.394809 0.77048 0.395195 0.770865 0.4708 0.771411 0.395195 0.770865 0.395739 0.771411 0.4708 0.771411 0.396125 0.771795 0.470415 0.771795 0.4708 0.771411 0.470415 0.807625 0.4708 0.80801 0.471345 0.808556 0.4708 0.771411 0.4708 0.80801 0.471345 0.808556 0.47173 0.77048 0.471345 0.770865 0.395195 0.808556 0.47173 0.808941 0.471345 0.808556 0.395195 0.808556 0.4708 0.80801 0.395739 0.80801 0.4708 0.80801 0.396125 0.807625 0.395739 0.80801 0.701066 0.514145 0.699789 0.437224 0.699789 0.514145 0.479638 0.800034 0.518099 0.798756 0.479638 0.798756 0.699789 0.598974 0.701066 0.522052 0.701066 0.598974 0.526092 0.798756 0.564553 0.800034 0.526092 0.800034 0.853289 0.425969 0.859951 0.419046 0.853289 0.419046 0.853289 0.440876 0.860212 0.433184 0.860212 0.440876 0.859951 0.449342 0.866613 0.456265 0.859951 0.456265 0.853289 0.449342 0.859951 0.456265 0.853289 0.456265 0.860212 0.471172 0.853289 0.46348 0.853289 0.471172 0.859951 0.425969 0.866613 0.419046 0.859951 0.419046 0.864383 0.492192 0.868673 0.486299 0.867786 0.486299 0.864383 0.480407 0.864383 0.492192 0.867786 0.486299 0.864383 0.480407 0.868673 0.486299 0.864828 0.479638 0.857581 0.480407 0.864828 0.479638 0.857136 0.479638 0.857581 0.492192 0.857581 0.480407 0.854178 0.486299 0.854178 0.486299 0.857136 0.492961 0.857581 0.492192 0.854178 0.486299 0.857136 0.479638 0.853289 0.486299 0.857581 0.492192 0.864828 0.492961 0.864383 0.492192 0.2186509 0.701809 0.206974 0.713486 0.2186509 0.713486 0.883146 0.324118 0.871467 0.335796 0.883146 0.335796 0.507914 0.834925 0.508967 0.834704 0.508663 0.836524 0.508967 0.834704 0.507914 0.810453 0.508967 0.810675 0.546933 0.823548 0.547106 0.819155 0.545509 0.818954 0.378056 0.832189 0.378228 0.827033 0.379653 0.831986 0.405724 0.832189 0.405552 0.827033 0.407149 0.827234 0.51961 0.823548 0.519437 0.819155 0.518013 0.82375 0.508967 0.834704 0.520149 0.836524 0.508663 0.836524 0.405724 0.832189 0.403905 0.832959 0.404127 0.831986 0.379875 0.832959 0.404127 0.831986 0.403905 0.832959 0.379875 0.832959 0.378056 0.832189 0.379653 0.831986 0.508967 0.810675 0.520149 0.808855 0.520245 0.810675 0.508967 0.810675 0.507914 0.810453 0.508663 0.808855 0.546933 0.823548 0.521034 0.818954 0.51961 0.823548 0.454491 0.780579 0.449342 0.793163 0.454491 0.793856 0.405552 0.827033 0.379653 0.831986 0.378228 0.827033 0.380671 0.794717 0.385815 0.807302 0.385815 0.795409 0.01509898 0.867866 0.021761 0.863388 0.01509898 0.863388 0.760381 0.186389 0.764859 0.178697 0.764859 0.186389 0.04599696 0.863388 0.05265897 0.867866 0.04599696 0.867866 0.03933596 0.863388 0.04599696 0.867866 0.03933596 0.867866 0.764859 0.202547 0.760381 0.194855 0.760381 0.202547 0.021761 0.867866 0.02842199 0.863388 0.021761 0.863388 0.078067 0.870049 0.075109 0.876711 0.078956 0.870049 0.078067 0.870049 0.067864 0.875942 0.07466399 0.875942 0.078067 0.870049 0.075109 0.863388 0.07466399 0.864157 0.07466399 0.864157 0.06741899 0.863388 0.067864 0.864157 0.064462 0.870049 0.07466399 0.864157 0.067864 0.864157 0.067864 0.875942 0.06357198 0.870049 0.06741899 0.876711 0.067864 0.864157 0.06357198 0.870049 0.064462 0.870049 0.07466399 0.875942 0.06741899 0.876711 0.075109 0.876711 0.610921 0.325694 0.611974 0.325543 0.611671 0.326781 0.611974 0.325543 0.610921 0.309048 0.611974 0.309199 0.608375 0.635713 0.608493 0.631321 0.607406 0.631118 0.547258 0.642333 0.547376 0.637177 0.548345 0.642132 0.566078 0.642333 0.56596 0.637177 0.567047 0.63738 0.589791 0.635713 0.589673 0.631321 0.588704 0.635915 0.623251 0.325543 0.611671 0.326781 0.611974 0.325543 0.566078 0.642333 0.56484 0.643104 0.564991 0.642132 0.548496 0.643104 0.564991 0.642132 0.56484 0.643104 0.548496 0.643104 0.547258 0.642333 0.548345 0.642132 0.623251 0.309199 0.611671 0.30796 0.623154 0.30796 0.611974 0.309199 0.610921 0.309048 0.611671 0.30796 0.589791 0.635713 0.607406 0.631118 0.59076 0.631118 0.636156 0.299881 0.631118 0.312466 0.636157 0.313158 0.56596 0.637177 0.548345 0.642132 0.547376 0.637177 0.594764 0.655355 0.599802 0.667939 0.599801 0.656047 0.1726379 0.70034 0.173693 0.700232 0.173389 0.701117 0.173693 0.688555 0.1726379 0.70034 0.1726379 0.688448 0.19743 0.701857 0.193038 0.699154 0.192835 0.699904 0.209686 0.692827 0.20977 0.687671 0.210463 0.692625 0.223131 0.692827 0.223047 0.687671 0.223824 0.687873 0.234863 0.687671 0.239256 0.690375 0.234661 0.688421 0.1849679 0.700232 0.173389 0.701117 0.173693 0.700232 0.223131 0.692827 0.222247 0.693598 0.222355 0.692625 0.21057 0.693598 0.222355 0.692625 0.222247 0.693598 0.21057 0.693598 0.209686 0.692827 0.210463 0.692625 0.1849679 0.688555 0.173389 0.687671 0.184872 0.687671 0.173693 0.688555 0.1726379 0.688448 0.173389 0.687671 0.284677 0.689691 0.279684 0.702275 0.284677 0.702967 0.197632 0.701107 0.196129 0.687671 0.193038 0.699154 0.223047 0.687671 0.210463 0.692625 0.20977 0.687671 0.234661 0.688421 0.236164 0.701857 0.2312099 0.701241 0.590724 0.621571 0.591777 0.621463 0.591474 0.622347 0.591777 0.621463 0.590724 0.609678 0.591777 0.609786 0.34689 0.53826 0.342498 0.535556 0.342296 0.536306 0.504566 0.626176 0.504651 0.62102 0.505344 0.625974 0.518012 0.626176 0.517928 0.62102 0.518705 0.621221 0.34595 0.546289 0.350342 0.548993 0.345748 0.547039 0.591777 0.621463 0.602957 0.622347 0.591474 0.622347 0.518012 0.626176 0.517128 0.626946 0.517236 0.625974 0.517128 0.626946 0.505344 0.625974 0.517236 0.625974 0.505451 0.626946 0.504566 0.626176 0.505344 0.625974 0.591777 0.609786 0.602957 0.608901 0.603053 0.609786 0.591777 0.609786 0.590724 0.609678 0.591474 0.608901 0.347289 0.581784 0.342296 0.569199 0.342296 0.581091 0.350544 0.524689 0.342498 0.535556 0.347093 0.53751 0.517928 0.62102 0.505344 0.625974 0.504651 0.62102 0.342296 0.55986 0.350342 0.548993 0.34725 0.560477 0.04697299 0.889644 0.03529596 0.901322 0.04697299 0.901322 0.553927 0.831072 0.54225 0.84275 0.553927 0.84275 0.897282 0.857329 0.885605 0.881357 0.897282 0.881357 0.864968 0.653335 0.853289 0.665013 0.864968 0.665013 0.881124 0.352395 0.869447 0.364072 0.881124 0.364072 0.08534896 0.279684 0.07367098 0.303713 0.08534896 0.303713 0.622598 0.722006 0.610921 0.733683 0.622598 0.733683 0.75792 0.305941 0.746243 0.317618 0.75792 0.317618 0.864966 0.38673 0.853289 0.410759 0.864966 0.410759 0.07703095 0.324118 0.07805299 0.326001 0.07805299 0.324118 0.07805299 0.324118 0.08191698 0.326001 0.08191698 0.324118 0.07569098 0.324118 0.07703095 0.326001 0.07703095 0.324118 0.323352 0.694972 0.328049 0.693343 0.327832 0.694983 0.328049 0.693343 0.322423 0.693949 0.327832 0.691703 0.327832 0.691703 0.322423 0.693949 0.327199 0.690175 0.322423 0.690086 0.327199 0.690175 0.322423 0.693949 0.318543 0.698831 0.321248 0.697364 0.320072 0.699464 0.320072 0.699464 0.321248 0.697364 0.321712 0.69968 0.321712 0.69968 0.322299 0.697364 0.323352 0.699464 0.322299 0.697364 0.32488 0.698831 0.323352 0.699464 0.323352 0.696312 0.327199 0.696512 0.326193 0.697824 0.327832 0.694983 0.327199 0.696512 0.323352 0.694972 0.32488 0.687855 0.326193 0.688863 0.322423 0.690086 0.323352 0.687222 0.32488 0.687855 0.322423 0.690086 0.321656 0.689318 0.323352 0.687222 0.322423 0.690086 0.320888 0.689318 0.318543 0.687855 0.320072 0.687222 0.318543 0.687855 0.320072 0.690134 0.317231 0.688863 0.317231 0.688863 0.320072 0.690134 0.316224 0.690175 0.316224 0.690175 0.320072 0.690134 0.315591 0.691703 0.320072 0.690134 0.315375 0.693343 0.315591 0.691703 0.315591 0.694983 0.315375 0.693343 0.320072 0.695895 0.316224 0.696512 0.315591 0.694983 0.320072 0.695895 0.317231 0.697824 0.316224 0.696512 0.320072 0.695895 0.317231 0.697824 0.320072 0.695895 0.318543 0.698831 0.320888 0.689318 0.321712 0.687006 0.321656 0.689318 0.326193 0.697824 0.32488 0.698831 0.323352 0.696312 0.374944 0.395401 0.372592 0.391586 0.374944 0.391537 0.375872 0.397763 0.374944 0.395401 0.375872 0.396423 0.373768 0.398816 0.375872 0.397763 0.37482 0.398816 0.374944 0.391537 0.373408 0.39077 0.374176 0.39077 0.09558999 0.326001 0.09705895 0.324118 0.09705895 0.326001 0.1826 0.290599 0.180717 0.289783 0.1826 0.289783 0.08982896 0.326001 0.09558999 0.324118 0.09558999 0.326001 0.319721 0.700773 0.318543 0.698831 0.320072 0.699464 0.319721 0.700773 0.321712 0.69968 0.321712 0.701035 0.323703 0.700773 0.321712 0.69968 0.323352 0.699464 0.323703 0.700773 0.32488 0.698831 0.325558 0.700005 0.329142 0.695334 0.327199 0.696512 0.327832 0.694983 0.327151 0.687904 0.32488 0.687855 0.325558 0.686681 0.328373 0.689497 0.326193 0.688863 0.327151 0.687904 0.328373 0.689497 0.327832 0.691703 0.327199 0.690175 0.329142 0.691352 0.328049 0.693343 0.327832 0.691703 0.329142 0.695334 0.328049 0.693343 0.329404 0.693343 0.323703 0.685913 0.32488 0.687855 0.323352 0.687222 0.321712 0.685651 0.323352 0.687222 0.321712 0.687006 0.314282 0.695334 0.315375 0.693343 0.315591 0.694983 0.317866 0.700005 0.317231 0.697824 0.318543 0.698831 0.31505 0.697189 0.317231 0.697824 0.316273 0.698782 0.314282 0.695334 0.316224 0.696512 0.31505 0.697189 0.321712 0.685651 0.320072 0.687222 0.319721 0.685913 0.319721 0.685913 0.318543 0.687855 0.317866 0.686681 0.316273 0.687904 0.318543 0.687855 0.317231 0.688863 0.31505 0.689497 0.317231 0.688863 0.316224 0.690175 0.31505 0.689497 0.315591 0.691703 0.314282 0.691352 0.314282 0.691352 0.315375 0.693343 0.31402 0.693343 0.325558 0.700005 0.326193 0.697824 0.327151 0.698782 0.328373 0.697189 0.326193 0.697824 0.327199 0.696512 0.443111 0.628507 0.441263 0.626652 0.443111 0.626652 0.443111 0.630498 0.441263 0.628507 0.443111 0.628507 0.443111 0.632489 0.441263 0.630498 0.443111 0.630498 0.443111 0.634344 0.441263 0.632489 0.443111 0.632489 0.246719 0.293822 0.248575 0.295671 0.246719 0.295671 0.244729 0.293822 0.246719 0.295671 0.244729 0.295671 0.2427369 0.293822 0.244729 0.295671 0.2427369 0.295671 0.240882 0.293822 0.2427369 0.295671 0.240882 0.295671 0.239289 0.293822 0.240882 0.295671 0.239289 0.295671 0.136112 0.316039 0.134263 0.317632 0.136112 0.317632 0.136112 0.317632 0.134263 0.319488 0.136112 0.319488 0.136112 0.319488 0.134263 0.321478 0.136112 0.321478 0.242738 0.319908 0.244729 0.318059 0.242738 0.318059 0.240882 0.319908 0.242738 0.318059 0.240882 0.318059 0.239289 0.319908 0.240882 0.318059 0.239289 0.318059 0.443111 0.626652 0.441263 0.625059 0.443111 0.625059 0.244729 0.319908 0.24672 0.318059 0.244729 0.318059 0.24672 0.319908 0.248575 0.318059 0.24672 0.318059 0.248575 0.319908 0.250167 0.318059 0.248575 0.318059 0.136112 0.325325 0.134263 0.326918 0.136112 0.326918 0.136112 0.323469 0.134263 0.325325 0.136112 0.325325 0.136112 0.321478 0.134263 0.323469 0.136112 0.323469 0.248575 0.293822 0.250167 0.295671 0.248575 0.295671 0.443111 0.635937 0.441263 0.634344 0.443111 0.634344 0.257467 0.294875 0.25935 0.293822 0.257467 0.293822 0.257467 0.295926 0.25935 0.294875 0.257467 0.294875 0.1826 0.292134 0.180717 0.291367 0.1826 0.291367 0.1826 0.291367 0.180717 0.290599 0.1826 0.290599 0.1477299 0.316899 0.149262 0.318384 0.149532 0.317383 0.147961 0.316039 0.149532 0.317383 0.149763 0.316524 0.258357 0.320011 0.257467 0.318387 0.258357 0.318209 0.259393 0.319899 0.258357 0.318209 0.259393 0.318098 0.260505 0.319861 0.259393 0.318098 0.260505 0.318059 0.261617 0.318098 0.260505 0.319861 0.260505 0.318059 0.262654 0.318209 0.261617 0.319899 0.261617 0.318098 0.263544 0.318387 0.262654 0.320011 0.262654 0.318209 0.360704 0.395779 0.362275 0.397123 0.360474 0.396638 0.360974 0.394778 0.362507 0.396263 0.360704 0.395779 0.363065 0.394189 0.360974 0.394778 0.361263 0.393703 0.361552 0.39263 0.363065 0.394189 0.361263 0.393703 0.363624 0.392114 0.361552 0.39263 0.361822 0.391629 0.362053 0.39077 0.363624 0.392114 0.361822 0.391629 0.04628396 0.322249 0.04539495 0.324228 0.04628396 0.32405 0.04732197 0.322137 0.04628396 0.32405 0.04732197 0.323939 0.04843294 0.3239 0.04732197 0.322137 0.04732197 0.323939 0.049546 0.322137 0.04843294 0.3239 0.049546 0.323939 0.05058199 0.32405 0.049546 0.322137 0.049546 0.323939 0.05147099 0.324228 0.05058199 0.322249 0.05058199 0.32405 0.146613 0.321048 0.148184 0.322392 0.148416 0.321533 0.148684 0.320532 0.146613 0.321048 0.148416 0.321533 0.147171 0.318973 0.148684 0.320532 0.148974 0.319459 0.149262 0.318384 0.147171 0.318973 0.148974 0.319459 0.147063 0.317896 0.147171 0.318973 0.1474609 0.317899 0.362928 0.396176 0.362275 0.397123 0.362507 0.396263 0.263269 0.320631 0.262654 0.320011 0.263544 0.320188 0.261517 0.320368 0.262654 0.320011 0.26246 0.32047 0.260505 0.320334 0.261617 0.319899 0.261517 0.320368 0.147063 0.317896 0.1477299 0.316899 0.147309 0.316986 0.147309 0.316986 0.147961 0.316039 0.147519 0.316204 0.258551 0.32047 0.257467 0.320188 0.258357 0.320011 0.259493 0.320368 0.258357 0.320011 0.259393 0.319899 0.260505 0.320334 0.259393 0.319899 0.260505 0.319861 0.363436 0.394289 0.362776 0.395263 0.363065 0.394189 0.362928 0.396176 0.362776 0.395263 0.363173 0.395266 0.346545 0.51612 0.345371 0.516361 0.345568 0.515986 0.344657 0.515596 0.345371 0.516361 0.34437 0.515932 0.344657 0.515596 0.343511 0.515249 0.343876 0.514975 0.343876 0.514975 0.342852 0.51436 0.343276 0.514166 0.343276 0.514166 0.342438 0.513323 0.342899 0.513223 0.342771 0.512211 0.342438 0.513323 0.342296 0.512211 0.342771 0.512211 0.342438 0.511099 0.342899 0.511199 0.342899 0.511199 0.342852 0.510063 0.343276 0.510257 0.343876 0.509447 0.342852 0.510063 0.343511 0.509173 0.344657 0.508826 0.343511 0.509173 0.34437 0.50849 0.345568 0.508435 0.34437 0.50849 0.345371 0.508061 0.345568 0.508435 0.346445 0.507914 0.346545 0.508302 0.347324 0.5092 0.346545 0.508302 0.347522 0.508435 0.349214 0.514975 0.348051 0.51491 0.348674 0.514415 0.349214 0.514975 0.349152 0.51377 0.349814 0.514166 0.350191 0.513223 0.349152 0.51377 0.349453 0.513018 0.350319 0.512211 0.349453 0.513018 0.349555 0.512211 0.349453 0.511404 0.350319 0.512211 0.349555 0.512211 0.349152 0.510652 0.350191 0.511199 0.349453 0.511404 0.349152 0.510652 0.349214 0.509447 0.349814 0.510257 0.348674 0.510007 0.348433 0.508826 0.349214 0.509447 0.347324 0.5092 0.348433 0.508826 0.348051 0.509511 0.345766 0.5092 0.346545 0.508302 0.346545 0.509094 0.34504 0.509511 0.345568 0.508435 0.345766 0.5092 0.344417 0.510007 0.344657 0.508826 0.34504 0.509511 0.343938 0.510652 0.343876 0.509447 0.344417 0.510007 0.343638 0.511404 0.343276 0.510257 0.343938 0.510652 0.343638 0.511404 0.342771 0.512211 0.342899 0.511199 0.343535 0.512211 0.342899 0.513223 0.342771 0.512211 0.343638 0.513018 0.343276 0.514166 0.342899 0.513223 0.343938 0.51377 0.343876 0.514975 0.343276 0.514166 0.34504 0.51491 0.343876 0.514975 0.344417 0.514415 0.34504 0.51491 0.345568 0.515986 0.344657 0.515596 0.345766 0.515222 0.346545 0.51612 0.345568 0.515986 0.346545 0.51612 0.347324 0.515222 0.347522 0.515986 0.347522 0.515986 0.348051 0.51491 0.348433 0.515596 0.343938 0.51377 0.346545 0.509094 0.346545 0.515328 0.134431 0.30517 0.134705 0.305629 0.134263 0.305793 0.15281 0.302139 0.15197 0.302469 0.152164 0.30201 0.152164 0.30201 0.151311 0.302397 0.151412 0.301929 0.150606 0.301901 0.151311 0.302397 0.150606 0.302374 0.149799 0.301929 0.150606 0.302374 0.149899 0.302397 0.149047 0.30201 0.149899 0.302397 0.149242 0.302469 0.149047 0.30201 0.148676 0.302581 0.148401 0.302139 0.01180297 0.313277 0.011213 0.313988 0.01163494 0.3139 0.01143997 0.314626 0.011213 0.313988 0.01104199 0.314623 0.01143997 0.314626 0.01085799 0.315305 0.01122897 0.315405 0.01122897 0.315405 0.01067399 0.315987 0.01102 0.316184 0.02064299 0.312311 0.02156597 0.312375 0.02092999 0.312648 0.02001899 0.312807 0.02092999 0.312648 0.02038496 0.313081 0.01954096 0.313452 0.02038496 0.313081 0.019966 0.313647 0.01954096 0.313452 0.01970297 0.314304 0.01923996 0.314204 0.01923996 0.314204 0.01961195 0.315011 0.01913797 0.315011 0.01913797 0.315011 0.01970297 0.315717 0.01923996 0.315818 0.01954096 0.31657 0.01970297 0.315717 0.019966 0.316376 0.02001899 0.317215 0.019966 0.316376 0.02038496 0.316941 0.02064299 0.317711 0.02038496 0.316941 0.02092999 0.317375 0.02136898 0.318022 0.02092999 0.317375 0.02156597 0.317647 0.134836 0.303665 0.13539 0.303083 0.1352069 0.303765 0.134626 0.304444 0.1352069 0.303765 0.135024 0.304447 0.134626 0.304444 0.134853 0.305083 0.134431 0.30517 0.152536 0.307938 0.15197 0.302469 0.152536 0.302581 0.134853 0.305083 0.140062 0.30707 0.134705 0.305629 0.135024 0.304447 0.140209 0.306525 0.134853 0.305083 0.140563 0.305207 0.135024 0.304447 0.1352069 0.303765 0.13539 0.303083 0.140563 0.305207 0.1352069 0.303765 0.135563 0.302447 0.140748 0.304525 0.13539 0.303083 0.141066 0.303343 0.135563 0.302447 0.135709 0.301901 0.03384196 0.312095 0.03327596 0.317564 0.03384196 0.317451 0.0345 0.312024 0.03384196 0.317451 0.0345 0.317381 0.03520697 0.317356 0.0345 0.312024 0.0345 0.317381 0.03591299 0.312024 0.03520697 0.317356 0.03591299 0.317381 0.03657096 0.317451 0.03591299 0.312024 0.03591299 0.317381 0.03713595 0.317564 0.03657096 0.312095 0.03657096 0.317451 0.01050299 0.316623 0.004999995 0.315727 0.01035594 0.317169 0.005317986 0.314545 0.01050299 0.316623 0.01067399 0.315987 0.005500972 0.313863 0.01067399 0.315987 0.01085799 0.315305 0.01104199 0.314623 0.005500972 0.313863 0.01085799 0.315305 0.005855977 0.312545 0.01104199 0.314623 0.011213 0.313988 0.006002962 0.312 0.011213 0.313988 0.01135998 0.313441 0.149242 0.302469 0.148676 0.307938 0.148676 0.302581 0.149899 0.307754 0.149242 0.302469 0.149899 0.302397 0.150606 0.302374 0.149899 0.307754 0.149899 0.302397 0.151311 0.307754 0.150606 0.302374 0.151311 0.302397 0.15197 0.302469 0.151311 0.307754 0.151311 0.302397 0.151776 0.308283 0.151311 0.307754 0.15197 0.307825 0.14063 0.306437 0.140062 0.30707 0.140209 0.306525 0.151776 0.308283 0.152536 0.307938 0.152261 0.30838 0.14063 0.306437 0.140379 0.305889 0.140778 0.305892 0.06976199 0.316991 0.070248 0.317459 0.06956595 0.317366 0.140778 0.305892 0.140563 0.305207 0.140935 0.305307 0.06921696 0.316758 0.06956595 0.317366 0.06892997 0.317094 0.06874799 0.316385 0.06796497 0.316094 0.06838995 0.315901 0.06921696 0.316758 0.06838399 0.31666 0.06874799 0.316385 0.06838995 0.315901 0.06770098 0.315436 0.06816297 0.315335 0.06816297 0.314124 0.06761199 0.31473 0.06770098 0.314023 0.06816297 0.315335 0.06761199 0.31473 0.06808596 0.31473 0.06816297 0.314124 0.06796497 0.313365 0.06838995 0.313559 0.06874799 0.313074 0.06892997 0.312366 0.06921696 0.312702 0.06838995 0.313559 0.06838399 0.3128 0.06874799 0.313074 0.06921696 0.312702 0.06956595 0.312093 0.06976199 0.312468 0.005287945 0.313178 0.005500972 0.313863 0.005684971 0.313181 0.06976199 0.312468 0.070248 0.312 0.07034796 0.312388 0.005287945 0.313178 0.005855977 0.312545 0.005433976 0.312633 0.1494359 0.308283 0.148676 0.307938 0.149242 0.307825 0.00555998 0.312165 0.005855977 0.312545 0.006002962 0.312 0.1494359 0.308283 0.149899 0.307754 0.149999 0.308223 0.151212 0.308223 0.150606 0.30773 0.151311 0.307754 0.149999 0.308223 0.150606 0.30773 0.150606 0.308202 0.07230597 0.315901 0.07034796 0.31473 0.07253199 0.315335 0.07194596 0.316385 0.07034796 0.31473 0.07230597 0.315901 0.07194596 0.316385 0.071478 0.316758 0.07034796 0.31473 0.071478 0.316758 0.07093298 0.316991 0.07034796 0.31473 0.07034796 0.317071 0.07034796 0.31473 0.07093298 0.316991 0.07034796 0.317071 0.06976199 0.316991 0.07034796 0.31473 0.06921696 0.316758 0.07034796 0.31473 0.06976199 0.316991 0.06874799 0.316385 0.07034796 0.31473 0.06921696 0.316758 0.06874799 0.316385 0.06838995 0.315901 0.07034796 0.31473 0.06816297 0.315335 0.07034796 0.31473 0.06838995 0.315901 0.06808596 0.31473 0.07034796 0.31473 0.06816297 0.315335 0.06808596 0.31473 0.06816297 0.314124 0.07034796 0.31473 0.06838995 0.313559 0.07034796 0.31473 0.06816297 0.314124 0.06874799 0.313074 0.07034796 0.31473 0.06838995 0.313559 0.06874799 0.313074 0.06921696 0.312702 0.07034796 0.31473 0.06921696 0.312702 0.06976199 0.312468 0.07034796 0.31473 0.07034796 0.312388 0.07034796 0.31473 0.06976199 0.312468 0.07034796 0.312388 0.07093298 0.312468 0.07034796 0.31473 0.071478 0.312702 0.07034796 0.31473 0.07093298 0.312468 0.07194596 0.313074 0.07034796 0.31473 0.071478 0.312702 0.07194596 0.313074 0.07230597 0.313559 0.07034796 0.31473 0.07253199 0.314124 0.07034796 0.31473 0.07230597 0.313559 0.072609 0.31473 0.07034796 0.31473 0.07253199 0.314124 0.072609 0.31473 0.07253199 0.315335 0.07034796 0.31473 0.877526 0.902314 0.878581 0.902206 0.878277 0.90309 0.878581 0.890529 0.877526 0.902314 0.877526 0.890421 0.306497 0.722055 0.302103 0.719352 0.301901 0.720102 0.613632 0.713024 0.613719 0.707868 0.61441 0.712823 0.62777 0.708071 0.626303 0.712823 0.626995 0.707868 0.32575 0.709888 0.330144 0.712591 0.325549 0.710638 0.878581 0.902206 0.889759 0.90309 0.878277 0.90309 0.627079 0.713024 0.626194 0.713795 0.626303 0.712823 0.614517 0.713795 0.626303 0.712823 0.626194 0.713795 0.614517 0.713795 0.613632 0.713024 0.61441 0.712823 0.878581 0.890529 0.889759 0.889644 0.889856 0.890529 0.878581 0.890529 0.877526 0.890421 0.878277 0.889644 0.284677 0.711908 0.279684 0.724493 0.284677 0.725185 0.306699 0.721305 0.305195 0.707868 0.302103 0.719352 0.626995 0.707868 0.61441 0.712823 0.613719 0.707868 0.325549 0.710638 0.327052 0.724075 0.322099 0.723458 0.030815 0.279684 0.01913797 0.291362 0.030815 0.291362 0.627079 0.698321 0.628133 0.698213 0.627829 0.699097 0.628133 0.698213 0.627079 0.686428 0.628133 0.686536 0.588704 0.697885 0.5935 0.699089 0.588905 0.697135 0.02721697 0.685853 0.02868598 0.690606 0.02790898 0.690808 0.04204696 0.685853 0.04057794 0.690606 0.04127097 0.685651 0.164728 0.689625 0.159932 0.688421 0.160133 0.687671 0.628133 0.698213 0.639312 0.699097 0.627829 0.699097 0.041354 0.690808 0.04047095 0.691579 0.04057794 0.690606 0.02879297 0.691579 0.04057794 0.690606 0.04047095 0.691579 0.02879297 0.691579 0.02790898 0.690808 0.02868598 0.690606 0.628133 0.686536 0.639312 0.685651 0.639408 0.686536 0.628133 0.686536 0.627079 0.686428 0.627829 0.685651 0.690644 0.162539 0.685651 0.175125 0.690644 0.175817 0.596951 0.686268 0.588905 0.697135 0.5935 0.699089 0.04127097 0.685651 0.02868598 0.690606 0.02799296 0.685651 0.15648 0.701241 0.164526 0.690375 0.161435 0.701858 0.883144 0.792697 0.871467 0.816181 0.883144 0.816181 0.851269 0.751863 0.887099 0.677572 0.851269 0.677572 0.839151 0.119932 0.839183 0.11943 0.842866 0.119932 0.839183 0.11943 0.839278 0.118936 0.842866 0.119932 0.839278 0.118936 0.839432 0.1184599 0.842866 0.119932 0.839432 0.1184599 0.83965 0.118009 0.842866 0.119932 0.83965 0.118009 0.839918 0.117591 0.842866 0.119932 0.839918 0.117591 0.84024 0.1172119 0.842866 0.119932 0.84024 0.1172119 0.840603 0.116881 0.842866 0.119932 0.840603 0.116881 0.841006 0.116601 0.842866 0.119932 0.841006 0.116601 0.841442 0.116379 0.842866 0.119932 0.841442 0.116379 0.841905 0.116217 0.842866 0.119932 0.841905 0.116217 0.842381 0.116119 0.842866 0.119932 0.842866 0.116085 0.842866 0.119932 0.842381 0.116119 0.895685 0.119932 0.842866 0.116085 0.895685 0.116085 0.895685 0.116085 0.896166 0.116119 0.895685 0.119932 0.896166 0.116119 0.896647 0.116217 0.895685 0.119932 0.896647 0.116217 0.897105 0.116379 0.895685 0.119932 0.897105 0.116379 0.897541 0.116601 0.895685 0.119932 0.897541 0.116601 0.897944 0.116881 0.895685 0.119932 0.897944 0.116881 0.898312 0.1172119 0.895685 0.119932 0.898312 0.1172119 0.898629 0.117591 0.895685 0.119932 0.898629 0.117591 0.898902 0.118009 0.895685 0.119932 0.898902 0.118009 0.899115 0.1184599 0.895685 0.119932 0.899115 0.1184599 0.899269 0.118936 0.895685 0.119932 0.899269 0.118936 0.899364 0.11943 0.895685 0.119932 0.899396 0.119932 0.895685 0.119932 0.899364 0.11943 0.895685 0.266082 0.899396 0.119932 0.899396 0.266082 0.899396 0.266082 0.899364 0.266584 0.895685 0.266082 0.899269 0.267078 0.895685 0.266082 0.899364 0.266584 0.899115 0.267554 0.895685 0.266082 0.899269 0.267078 0.898902 0.268005 0.895685 0.266082 0.899115 0.267554 0.898629 0.268423 0.895685 0.266082 0.898902 0.268005 0.898312 0.268802 0.895685 0.266082 0.898629 0.268423 0.897944 0.269133 0.895685 0.266082 0.898312 0.268802 0.897541 0.269413 0.895685 0.266082 0.897944 0.269133 0.897105 0.269636 0.895685 0.266082 0.897541 0.269413 0.896166 0.269896 0.897105 0.269636 0.896647 0.269797 0.895685 0.269928 0.895685 0.266082 0.896166 0.269896 0.842866 0.266082 0.895685 0.269928 0.842866 0.269928 0.842866 0.269928 0.842381 0.269896 0.842866 0.266082 0.841905 0.269797 0.842866 0.266082 0.842381 0.269896 0.841442 0.269636 0.842866 0.266082 0.841905 0.269797 0.841006 0.269413 0.842866 0.266082 0.841442 0.269636 0.840603 0.269133 0.842866 0.266082 0.841006 0.269413 0.84024 0.268802 0.842866 0.266082 0.840603 0.269133 0.839918 0.268423 0.842866 0.266082 0.84024 0.268802 0.83965 0.268005 0.842866 0.266082 0.839918 0.268423 0.839432 0.267554 0.842866 0.266082 0.83965 0.268005 0.839278 0.267078 0.842866 0.266082 0.839432 0.267554 0.839183 0.266584 0.842866 0.266082 0.839278 0.267078 0.839151 0.266082 0.842866 0.266082 0.839183 0.266584 0.842866 0.119932 0.839151 0.266082 0.839151 0.119932 0.842866 0.266082 0.895685 0.119932 0.895685 0.266082 0.451362 0.612747 0.451393 0.612245 0.455076 0.612747 0.451489 0.611752 0.455076 0.612747 0.451393 0.612245 0.451645 0.611275 0.455076 0.612747 0.451489 0.611752 0.45186 0.610824 0.455076 0.612747 0.451645 0.611275 0.45213 0.610406 0.455076 0.612747 0.45186 0.610824 0.452449 0.610027 0.455076 0.612747 0.45213 0.610406 0.452815 0.609696 0.455076 0.612747 0.452449 0.610027 0.453218 0.609417 0.455076 0.612747 0.452815 0.609696 0.453655 0.609193 0.455076 0.612747 0.453218 0.609417 0.454114 0.609032 0.455076 0.612747 0.453655 0.609193 0.454591 0.608933 0.455076 0.612747 0.454114 0.609032 0.455076 0.608901 0.455076 0.612747 0.454591 0.608933 0.493039 0.612747 0.455076 0.608901 0.493039 0.608901 0.493039 0.608901 0.493524 0.608933 0.493039 0.612747 0.493524 0.608933 0.494 0.609032 0.493039 0.612747 0.494 0.609032 0.49446 0.609193 0.493039 0.612747 0.49446 0.609193 0.494896 0.609417 0.493039 0.612747 0.494896 0.609417 0.4953 0.609696 0.493039 0.612747 0.4953 0.609696 0.495665 0.610027 0.493039 0.612747 0.495665 0.610027 0.495985 0.610406 0.493039 0.612747 0.495985 0.610406 0.496255 0.610824 0.493039 0.612747 0.496255 0.610824 0.496469 0.611275 0.493039 0.612747 0.496626 0.611752 0.493039 0.612747 0.496469 0.611275 0.496721 0.612245 0.493039 0.612747 0.496626 0.611752 0.496753 0.612747 0.493039 0.612747 0.496721 0.612245 0.493039 0.643516 0.496753 0.612747 0.496753 0.643516 0.496753 0.643516 0.496721 0.644017 0.493039 0.643516 0.496721 0.644017 0.496626 0.644511 0.493039 0.643516 0.496626 0.644511 0.496469 0.644987 0.493039 0.643516 0.496469 0.644987 0.496255 0.645439 0.493039 0.643516 0.496255 0.645439 0.495985 0.645856 0.493039 0.643516 0.495985 0.645856 0.495665 0.646235 0.493039 0.643516 0.495665 0.646235 0.4953 0.646566 0.493039 0.643516 0.4953 0.646566 0.494896 0.646846 0.493039 0.643516 0.494896 0.646846 0.49446 0.647069 0.493039 0.643516 0.49446 0.647069 0.494 0.64723 0.493039 0.643516 0.494 0.64723 0.493524 0.647329 0.493039 0.643516 0.493039 0.647362 0.493039 0.643516 0.493524 0.647329 0.455076 0.643516 0.493039 0.647362 0.455076 0.647362 0.455076 0.647362 0.454591 0.647329 0.455076 0.643516 0.454591 0.647329 0.454114 0.64723 0.455076 0.643516 0.454114 0.64723 0.453655 0.647069 0.455076 0.643516 0.453655 0.647069 0.453218 0.646846 0.455076 0.643516 0.452815 0.646566 0.455076 0.643516 0.453218 0.646846 0.452449 0.646235 0.455076 0.643516 0.452815 0.646566 0.45213 0.645856 0.455076 0.643516 0.452449 0.646235 0.45186 0.645439 0.455076 0.643516 0.45213 0.645856 0.451645 0.644987 0.455076 0.643516 0.45186 0.645439 0.451489 0.644511 0.455076 0.643516 0.451645 0.644987 0.451393 0.644017 0.455076 0.643516 0.451489 0.644511 0.451362 0.643516 0.455076 0.643516 0.451393 0.644017 0.455076 0.612747 0.451362 0.643516 0.451362 0.612747 0.455076 0.612747 0.493039 0.643516 0.455076 0.643516 0.219092 0.319892 0.220146 0.319671 0.219842 0.321491 0.220146 0.319671 0.219092 0.295421 0.220146 0.295642 0.04401797 0.304476 0.044191 0.300084 0.042593 0.299881 0.230615 0.309077 0.230789 0.303921 0.232213 0.308875 0.258283 0.309077 0.25811 0.303921 0.259709 0.304123 0.01669698 0.304476 0.016523 0.300084 0.01509898 0.304678 0.231422 0.319671 0.219842 0.321491 0.220146 0.319671 0.258283 0.309077 0.256464 0.309848 0.256685 0.308875 0.232435 0.309848 0.256685 0.308875 0.256464 0.309848 0.232435 0.309848 0.230615 0.309077 0.232213 0.308875 0.231422 0.295642 0.219842 0.293822 0.231326 0.293822 0.220146 0.295642 0.219092 0.295421 0.219842 0.293822 0.04401797 0.304476 0.018121 0.299881 0.01669698 0.304476 0.05861896 0.301901 0.05347394 0.314486 0.05861896 0.315178 0.25811 0.303921 0.232213 0.308875 0.230789 0.303921 0.659395 0.261506 0.66454 0.274091 0.66454 0.262198 0.221112 0.876058 0.222167 0.87595 0.221863 0.876834 0.222167 0.87595 0.221112 0.864165 0.222167 0.864273 0.245905 0.877575 0.241511 0.874871 0.241309 0.875621 0.260179 0.868544 0.260265 0.863388 0.260957 0.868342 0.273625 0.868544 0.273541 0.863388 0.274317 0.863589 0.285358 0.863388 0.289749 0.866092 0.285156 0.864138 0.222167 0.87595 0.233344 0.876834 0.221863 0.876834 0.273625 0.868544 0.27274 0.869315 0.272849 0.868342 0.27274 0.869315 0.260957 0.868342 0.272849 0.868342 0.261063 0.869315 0.260179 0.868544 0.260957 0.868342 0.222167 0.864273 0.233344 0.863388 0.233442 0.864273 0.222167 0.864273 0.221112 0.864165 0.221863 0.863388 0.304874 0.863388 0.299881 0.875973 0.304874 0.876665 0.249557 0.864005 0.241511 0.874871 0.246107 0.876825 0.273541 0.863388 0.260957 0.868342 0.260265 0.863388 0.281704 0.876958 0.289749 0.866092 0.286658 0.877575 0.864966 0.534171 0.853289 0.545848 0.864966 0.545848 0.671071 0.283724 0.659395 0.307208 0.671071 0.307208 0.746243 0.16984 0.747298 0.169624 0.746994 0.171403 0.747298 0.14614 0.746243 0.16984 0.746243 0.145924 0.774506 0.373147 0.774676 0.368754 0.773113 0.368553 0.283097 0.771597 0.283267 0.766441 0.284659 0.771394 0.310136 0.771597 0.309966 0.766441 0.311529 0.766642 0.747806 0.373147 0.747636 0.368754 0.746243 0.373349 0.747298 0.169624 0.758476 0.171403 0.746994 0.171403 0.310136 0.771597 0.308358 0.772367 0.308574 0.771394 0.284875 0.772367 0.308574 0.771394 0.308358 0.772367 0.284875 0.772367 0.283097 0.771597 0.284659 0.771394 0.747298 0.14614 0.758476 0.144362 0.758573 0.14614 0.747298 0.14614 0.746243 0.145924 0.746994 0.144362 0.774506 0.373147 0.749199 0.368553 0.747806 0.373147 0.751379 0.178697 0.746243 0.191282 0.751379 0.191974 0.309966 0.766441 0.284659 0.771394 0.283267 0.766441 0.746243 0.200914 0.751381 0.213499 0.751381 0.201607 0.76196 0.07569098 0.750283 0.08736699 0.76196 0.08736699 0.888454 0.004999995 0.880765 0.004999995 0.888454 0.108147 0.920411 0.465283 0.938004 0.439244 0.897334 0.439243 0.622598 0.608901 0.610921 0.620578 0.622598 0.620578 0.503875 0.661228 0.504928 0.661006 0.504625 0.662826 0.504928 0.661006 0.503875 0.636756 0.504928 0.636978 0.532794 0.613496 0.532968 0.609103 0.53137 0.608901 0.543674 0.614057 0.543848 0.608901 0.545273 0.613856 0.571343 0.614057 0.571169 0.608901 0.572767 0.609103 0.505473 0.613496 0.505299 0.609103 0.503875 0.613698 0.516205 0.661006 0.504625 0.662826 0.504928 0.661006 0.571343 0.614057 0.569523 0.614828 0.569745 0.613856 0.545495 0.614828 0.569745 0.613856 0.569523 0.614828 0.545495 0.614828 0.543674 0.614057 0.545273 0.613856 0.516205 0.636978 0.504625 0.635158 0.516108 0.635158 0.504928 0.636978 0.503875 0.636756 0.504625 0.635158 0.532794 0.613496 0.506898 0.608901 0.505473 0.613496 0.347441 0.485697 0.342296 0.498282 0.347441 0.498974 0.571169 0.608901 0.545273 0.613856 0.543848 0.608901 0.05953395 0.279684 0.06467795 0.292268 0.06467795 0.280376 0.105545 0.279684 0.09386795 0.303168 0.105545 0.303168 0.368803 0.862624 0.368803 0.861634 0.47195 0.861634 0.104956 0.902283 0.103967 0.900394 0.1476449 0.877526 0.709888 0.538351 0.712022 0.538351 0.712022 0.435204 0.706081 0.879415 0.705092 0.877526 0.699267 0.882983 0.661414 0.900394 0.662403 0.902283 0.699267 0.882983 0.513532 0.84521 0.501855 0.84521 0.501855 0.869239 0.864966 0.501855 0.853289 0.501855 0.853289 0.525883 0.746243 0.330616 0.752903 0.330616 0.752903 0.326138 0.576585 0.699402 0.576585 0.69171 0.581063 0.69171 0.326738 0.76846 0.333403 0.76846 0.333403 0.772939 0.320079 0.76846 0.326738 0.76846 0.326738 0.772939 0.714365 0.598416 0.714365 0.590724 0.709888 0.590724 0.752903 0.330616 0.759567 0.330616 0.759567 0.326138 0.496152 0.815516 0.49275 0.821409 0.493194 0.822178 0.49275 0.809624 0.485949 0.821409 0.49275 0.821409 0.496152 0.815516 0.497041 0.815516 0.493194 0.808855 0.49275 0.809624 0.493194 0.808855 0.485505 0.808855 0.485949 0.821409 0.49275 0.809624 0.485949 0.809624 0.485949 0.821409 0.482547 0.815516 0.481658 0.815516 0.485949 0.809624 0.485505 0.808855 0.481658 0.815516 0.49275 0.821409 0.485949 0.821409 0.485505 0.822178 0.168157 0.877526 0.15648 0.877526 0.15648 0.889203 0.873487 0.588487 0.877334 0.588487 0.877334 0.562447 0.342296 0.431138 0.342296 0.334217 0.351414 0.38356 0.423246 0.431138 0.342296 0.431138 0.391785 0.411138 0.391785 0.411138 0.342296 0.431138 0.351414 0.4096 0.391494 0.38356 0.391785 0.334217 0.391785 0.411138 0.389666 0.340371 0.391785 0.334217 0.391494 0.38356 0.391785 0.334217 0.389666 0.340371 0.376914 0.340371 0.004999995 0.706375 0.004999995 0.70169 0.101923 0.70169 0.104998 0.663979 0.104998 0.706375 0.103461 0.698819 0.418673 0.432676 0.343798 0.432676 0.342296 0.431138 0.363295 0.434215 0.362325 0.432676 0.418673 0.432676 0.360301 0.434215 0.363295 0.434215 0.363295 0.600365 0.149139 0.679272 0.149139 0.726974 0.104998 0.706375 0.271148 0.729815 0.004999995 0.729815 0.149139 0.726974 0.271148 0.729815 0.256827 0.726974 0.256827 0.679272 0.149139 0.679272 0.104998 0.663979 0.271148 0.663979 0.431738 0.434215 0.531178 0.600365 0.363295 0.600365 0.531178 0.334217 0.531178 0.600365 0.431738 0.434215 0.417938 0.408061 0.406302 0.408061 0.406302 0.334217 0.417938 0.334217 0.531178 0.334217 0.431738 0.408061 0.406302 0.334217 0.406302 0.408061 0.394861 0.408061 0.271148 0.775032 0.271148 0.777039 0.004999995 0.777039 0.272686 0.739703 0.272686 0.775446 0.271148 0.775032 0.004999995 0.739703 0.004999995 0.738164 0.271148 0.738164 0.004999995 0.775032 0.004999995 0.739703 0.271148 0.739703 0.711908 0.388269 0.713446 0.388269 0.713446 0.423598 0.714752 0.867357 0.714752 0.608901 0.646931 0.728061 0.563985 0.867357 0.714752 0.867357 0.591354 0.801652 0.679008 0.608901 0.677416 0.608901 0.646931 0.722143 0.646931 0.748295 0.646931 0.728061 0.645393 0.733776 0.627378 0.748295 0.625523 0.748295 0.592111 0.797783 0.563985 0.815981 0.591354 0.801652 0.587425 0.801973 0.627378 0.748295 0.646931 0.748295 0.643855 0.746756 0.701386 0.110026 0.699789 0.111565 0.738667 0.111565 0.699789 0.377712 0.701386 0.379251 0.738667 0.377712 0.737129 0.379251 0.738667 0.377712 0.701386 0.379251 0.738667 0.111565 0.737129 0.110026 0.701386 0.110026 0.699789 0.111565 0.699789 0.377712 0.738667 0.111565 0.714752 0.867357 0.71629 0.867357 0.71629 0.608901 0.563985 0.867357 0.563985 0.868895 0.714752 0.868895 0.602288 0.723869 0.602288 0.762744 0.603831 0.725876 0.489048 0.693384 0.602288 0.762744 0.602288 0.723869 0.603831 0.761205 0.603831 0.725876 0.602288 0.762744 0.343834 0.762744 0.489048 0.693384 0.465975 0.691845 0.342296 0.61044 0.342296 0.761205 0.409219 0.63388 0.394407 0.608901 0.343834 0.608901 0.342296 0.61044 0.409219 0.63388 0.396947 0.61044 0.394407 0.608901 0.464433 0.674873 0.462895 0.671978 0.464433 0.690307 0.409219 0.63388 0.394407 0.608901 0.342296 0.61044 0.464433 0.690307 0.462895 0.671978 0.41341 0.638564 0.41341 0.638564 0.409219 0.63388 0.342296 0.761205 0.602288 0.762744 0.489048 0.693384 0.343834 0.762744 0.489048 0.693384 0.477416 0.691845 0.465975 0.691845 0.41341 0.638564 0.342296 0.761205 0.464433 0.690307 0.343834 0.762744 0.465975 0.691845 0.464433 0.690307 0.354671 0.858922 0.356208 0.858922 0.356208 0.84748 0.394861 0.4096 0.418673 0.4096 0.423246 0.411138 0.418673 0.4096 0.412426 0.4096 0.417938 0.408061 0.479638 0.772018 0.479638 0.77048 0.553483 0.77048 0.553483 0.787452 0.556559 0.790347 0.479638 0.790347 0.555021 0.786413 0.553483 0.787452 0.553483 0.772018 0.431738 0.434215 0.423246 0.431138 0.423246 0.411138 0.391494 0.4096 0.38934 0.4096 0.38934 0.38356 0.881519 0.293955 0.87833 0.291803 0.858764 0.327658 0.851269 0.331881 0.854459 0.334033 0.858764 0.327658 0.620169 0.633079 0.61698 0.630927 0.618214 0.629098 0.563985 0.867357 0.563985 0.815981 0.562447 0.816786 0.778678 0.652878 0.776137 0.652878 0.776137 0.38673 0.724026 0.38673 0.725564 0.38673 0.725564 0.652878 0.763225 0.006537973 0.764763 0.006537973 0.764763 0.05710899 0.763225 0.05791395 0.763225 0.05965 0.697389 0.09411895 0.648202 0.264994 0.694224 0.09403997 0.69499 0.09711199 0.694224 0.09403997 0.612459 0.006537973 0.763225 0.006537973 0.612459 0.264994 0.612459 0.006537973 0.694224 0.09403997 0.612459 0.264994 0.610921 0.264994 0.610921 0.006537973 0.264994 0.004999995 0.263456 0.004999995 0.263456 0.271148 0.612459 0.006537973 0.612459 0.004999995 0.763225 0.004999995 0.263456 0.004999995 0.004999995 0.004999995 0.004999995 0.271148 0.54023 0.600365 0.690996 0.600365 0.690996 0.334217 0.725564 0.652878 0.725564 0.38673 0.776137 0.38673 0.479638 0.787452 0.479638 0.772018 0.553483 0.772018 0.29499 0.704593 0.291803 0.70244 0.300412 0.689691 0.389666 0.38356 0.387511 0.38356 0.387511 0.340371 0.699789 0.42992 0.703636 0.42992 0.703636 0.38673 0.623247 0.675685 0.60603 0.701185 0.602842 0.699033 0.54585 0.851269 0.534171 0.851269 0.534171 0.862946 0.747298 0.133855 0.746243 0.134077 0.746243 0.109605 0.775163 0.34689 0.77676 0.347093 0.775336 0.342498 0.747668 0.35957 0.746243 0.354617 0.747842 0.354414 0.775336 0.35957 0.773739 0.359369 0.775163 0.354414 0.747842 0.34689 0.749267 0.342296 0.747668 0.342498 0.758573 0.133855 0.758476 0.135675 0.746994 0.135675 0.749487 0.360341 0.749267 0.359369 0.773739 0.359369 0.758573 0.109827 0.747298 0.109827 0.746994 0.108007 0.775163 0.34689 0.773739 0.342296 0.749267 0.342296 0.715035 0.559566 0.715035 0.546289 0.70989 0.546982 0.775163 0.354414 0.773739 0.359369 0.749267 0.359369 0.709888 0.581783 0.715035 0.581091 0.715035 0.569199 0.277664 0.892528 0.284324 0.892528 0.284324 0.885605 0.7725 0.669106 0.7725 0.661414 0.779423 0.661414 0.603442 0.887625 0.610106 0.887625 0.610106 0.894548 0.596783 0.887625 0.603442 0.887625 0.603442 0.894548 0.242173 0.893297 0.242173 0.885605 0.2352499 0.885605 0.284324 0.892528 0.290988 0.892528 0.290988 0.885605 0.632116 0.900178 0.632556 0.900947 0.636403 0.894286 0.632116 0.888394 0.625311 0.900178 0.632116 0.900178 0.632116 0.888394 0.635518 0.894286 0.636403 0.894286 0.625311 0.888394 0.632116 0.888394 0.632556 0.887625 0.625311 0.900178 0.632116 0.888394 0.625311 0.888394 0.621909 0.894286 0.62102 0.894286 0.624867 0.900947 0.621909 0.894286 0.625311 0.888394 0.624867 0.887625 0.625311 0.900178 0.624867 0.900947 0.632556 0.900947 0.255447 0.884449 0.262109 0.884449 0.262109 0.877526 0.679592 0.301514 0.679592 0.293822 0.686515 0.293822 0.233833 0.709888 0.240495 0.709888 0.240495 0.716811 0.227171 0.709888 0.233833 0.709888 0.233833 0.716811 0.543113 0.695363 0.543113 0.687671 0.536191 0.687671 0.262109 0.884449 0.268771 0.884449 0.268771 0.877526 0.850245 0.312435 0.85069 0.313204 0.854534 0.306543 0.850245 0.300651 0.843443 0.312435 0.850245 0.312435 0.850245 0.300651 0.853648 0.306543 0.854534 0.306543 0.843443 0.300651 0.850245 0.300651 0.85069 0.299881 0.843443 0.312435 0.850245 0.300651 0.843443 0.300651 0.84004 0.306543 0.839151 0.306543 0.842998 0.313204 0.84004 0.306543 0.843443 0.300651 0.842998 0.299881 0.843443 0.312435 0.842998 0.313204 0.85069 0.313204 0.292857 0.755934 0.291803 0.756155 0.291803 0.731684 0.185401 0.714482 0.1869969 0.714685 0.185573 0.71009 0.713332 0.1010439 0.711908 0.09608995 0.713507 0.09588795 0.741 0.1010439 0.739404 0.100843 0.740828 0.09588795 0.158079 0.714482 0.1595039 0.709888 0.157905 0.71009 0.304133 0.755934 0.304035 0.757754 0.292553 0.757754 0.715151 0.101815 0.714931 0.100843 0.739404 0.100843 0.304133 0.731905 0.292857 0.731905 0.292553 0.730085 0.185401 0.714482 0.1839759 0.709888 0.1595039 0.709888 0.317147 0.745382 0.317147 0.732105 0.312002 0.732798 0.740828 0.09588795 0.739404 0.100843 0.714931 0.100843 0.326138 0.75548 0.331285 0.754788 0.331285 0.742896 0.576144 0.77048 0.564467 0.77048 0.564467 0.786824 0.852324 0.811318 0.851269 0.811426 0.851269 0.799533 0.851269 0.833207 0.855865 0.835161 0.856065 0.834411 0.851269 0.843392 0.852045 0.843191 0.852737 0.848144 0.866099 0.843392 0.865408 0.848347 0.864632 0.848144 0.861537 0.34425 0.861335 0.345 0.856742 0.343046 0.852324 0.811318 0.8636 0.811318 0.863502 0.812202 0.852846 0.849117 0.852737 0.848144 0.864632 0.848144 0.852324 0.799641 0.85202 0.798756 0.863502 0.798756 0.858282 0.364513 0.853289 0.365205 0.853289 0.377098 0.859517 0.82159 0.854563 0.820973 0.851471 0.832457 0.865324 0.843191 0.864632 0.848144 0.852737 0.848144 0.853289 0.355866 0.856742 0.343046 0.861335 0.345 0.750283 0.1003659 0.756945 0.1003659 0.756945 0.09588795 0.586684 0.778172 0.586684 0.77048 0.591162 0.77048 0.383293 0.841171 0.389955 0.841171 0.389955 0.845649 0.376631 0.841171 0.383293 0.841171 0.383293 0.845649 0.855747 0.768073 0.855747 0.760381 0.851269 0.760381 0.756945 0.1003659 0.763606 0.1003659 0.763606 0.09588795 0.865766 0.783201 0.862364 0.789094 0.862808 0.789863 0.865766 0.783201 0.862364 0.777308 0.855559 0.789094 0.865766 0.783201 0.866653 0.783201 0.862808 0.776539 0.862364 0.777308 0.862808 0.776539 0.855116 0.776539 0.852156 0.783201 0.855559 0.789094 0.862364 0.777308 0.855559 0.789094 0.852156 0.783201 0.851269 0.783201 0.855559 0.777308 0.855116 0.776539 0.851269 0.783201 0.862364 0.789094 0.855559 0.789094 0.855116 0.789863 0.687231 0.200914 0.675552 0.200914 0.675552 0.224398 0.611976 0.275403 0.611976 0.298887 0.610921 0.299104 0.110014 0.316594 0.111575 0.316797 0.110184 0.312202 0.159893 0.319176 0.1585 0.314222 0.160063 0.31402 0.1869339 0.319176 0.185371 0.318974 0.186764 0.31402 0.08331298 0.316594 0.08470398 0.312 0.08314299 0.312202 0.623251 0.298887 0.623155 0.300666 0.611672 0.300666 0.161671 0.319946 0.161454 0.318974 0.185371 0.318974 0.623251 0.275403 0.611976 0.275403 0.611672 0.273625 0.110014 0.316594 0.108621 0.312 0.08470398 0.312 0.125263 0.325277 0.125261 0.312 0.120126 0.312693 0.186764 0.31402 0.185371 0.318974 0.161454 0.318974 0.342296 0.45454 0.347432 0.453847 0.347432 0.441956 0.852324 0.872351 0.852324 0.884028 0.851269 0.884136 0.871467 0.772615 0.876062 0.774569 0.876262 0.773819 0.86408 0.28282 0.863388 0.277866 0.864166 0.277664 0.877526 0.28282 0.87675 0.282618 0.877442 0.277664 0.881734 0.392723 0.881532 0.393473 0.876939 0.39152 0.852324 0.884028 0.8636 0.884028 0.863502 0.884913 0.864964 0.283591 0.864858 0.282618 0.87675 0.282618 0.852324 0.872351 0.85202 0.871467 0.863502 0.871467 0.878481 0.46146 0.873487 0.462153 0.873487 0.474045 0.879714 0.760998 0.87476 0.760381 0.871669 0.771865 0.877442 0.277664 0.87675 0.282618 0.864858 0.282618 0.873487 0.40434 0.876939 0.39152 0.881532 0.393473 0.513974 0.690554 0.520635 0.690554 0.520635 0.683631 0.08780896 0.683245 0.08780896 0.675552 0.09473198 0.675552 0.01166099 0.685651 0.018323 0.685651 0.018323 0.692574 0.004999995 0.685651 0.01166099 0.685651 0.01166099 0.692574 0.686515 0.192449 0.686515 0.1847569 0.679592 0.1847569 0.520635 0.690554 0.527296 0.690554 0.527296 0.683631 0.43216 0.621455 0.432604 0.622224 0.43645 0.615563 0.43216 0.60967 0.425356 0.621455 0.43216 0.621455 0.43216 0.60967 0.435562 0.615563 0.43645 0.615563 0.425356 0.60967 0.43216 0.60967 0.432604 0.608901 0.425356 0.621455 0.43216 0.60967 0.425356 0.60967 0.421954 0.615563 0.421066 0.615563 0.424911 0.622224 0.421954 0.615563 0.425356 0.60967 0.424911 0.608901 0.425356 0.621455 0.424911 0.622224 0.432604 0.622224 0.642272 0.653778 0.641217 0.653886 0.641217 0.641994 0.647831 0.30195 0.648034 0.3012 0.643439 0.299247 0.514665 0.650412 0.513974 0.645459 0.51475 0.645256 0.528112 0.650412 0.527335 0.650211 0.528027 0.645256 0.64689 0.30998 0.651484 0.311933 0.651282 0.312683 0.642272 0.653778 0.653547 0.653778 0.653451 0.654663 0.527227 0.651183 0.51555 0.651183 0.515442 0.650211 0.642272 0.642102 0.641967 0.641217 0.653451 0.641217 0.617933 0.643237 0.612941 0.643929 0.612941 0.655821 0.648034 0.3012 0.651484 0.28838 0.64653 0.287763 0.528027 0.645256 0.527335 0.650211 0.515442 0.650211 0.646688 0.31073 0.651282 0.312683 0.64819 0.324167 0.01615297 0.888068 0.01509898 0.888176 0.01509898 0.876283 0.878082 0.443331 0.878284 0.442581 0.873688 0.440627 0.03731596 0.875709 0.03809195 0.875506 0.03878295 0.880461 0.05214595 0.875709 0.05145394 0.880662 0.05067795 0.880461 0.877138 0.505895 0.881734 0.507848 0.881532 0.508598 0.02742898 0.888068 0.02733099 0.888952 0.01584899 0.888952 0.05056899 0.881433 0.03889197 0.881433 0.03878295 0.880461 0.02742898 0.876391 0.01615297 0.876391 0.01584899 0.875506 0.527045 0.866567 0.527045 0.853289 0.522052 0.853981 0.878284 0.442581 0.881734 0.429761 0.87678 0.429145 0.05136996 0.875506 0.05067795 0.880461 0.03878295 0.880461 0.876937 0.506645 0.881532 0.508598 0.87844 0.520081 0.885164 0.825013 0.873487 0.825013 0.873487 0.849042 0.125744 0.279684 0.114066 0.279684 0.114066 0.303168 0.03230994 0.675995 0.03125697 0.676103 0.03125697 0.664211 0.009593963 0.677621 0.009796977 0.676871 0.005201995 0.674918 0.05214595 0.66859 0.05145394 0.663636 0.05223095 0.663434 0.06559199 0.66859 0.06481498 0.668389 0.06550699 0.663434 0.07732498 0.663434 0.08191996 0.665388 0.08171695 0.666138 0.03230994 0.675995 0.04358696 0.675995 0.04348999 0.67688 0.06470698 0.669361 0.05302995 0.669361 0.05292296 0.668389 0.03230994 0.664319 0.03200596 0.663434 0.04348999 0.663434 0.64419 0.663434 0.639197 0.664126 0.639197 0.676018 0.01324898 0.664051 0.008293986 0.663434 0.005201995 0.674918 0.06550699 0.663434 0.06481498 0.668389 0.05292296 0.668389 0.07367098 0.677004 0.07712197 0.664184 0.08171695 0.666138 0.652895 0.608901 0.641217 0.608901 0.641217 0.63293 0.279684 0.667912 0.286346 0.667912 0.286346 0.663434 0.342296 0.598416 0.342296 0.590724 0.346775 0.590724 0.308563 0.663434 0.315224 0.663434 0.315224 0.667912 0.301901 0.663434 0.308563 0.663434 0.308563 0.667912 0.663873 0.323731 0.663873 0.316039 0.659395 0.316039 0.286346 0.667912 0.293007 0.667912 0.293007 0.663434 0.679949 0.2419109 0.676548 0.247803 0.676992 0.248573 0.676548 0.236019 0.669744 0.247803 0.676548 0.247803 0.679949 0.2419109 0.680838 0.2419109 0.676992 0.2352499 0.676548 0.236019 0.676992 0.2352499 0.6693 0.2352499 0.669744 0.247803 0.676548 0.236019 0.669744 0.236019 0.669744 0.247803 0.666342 0.2419109 0.665454 0.2419109 0.669744 0.236019 0.6693 0.2352499 0.665454 0.2419109 0.676548 0.247803 0.669744 0.247803 0.6693 0.248573 0.537244 0.677164 0.536191 0.677386 0.536191 0.652914 0.494419 0.65995 0.496018 0.660151 0.494593 0.655557 0.557812 0.660511 0.556388 0.655557 0.557986 0.655355 0.585481 0.660511 0.583883 0.660309 0.585307 0.655355 0.467098 0.65995 0.468522 0.655355 0.466924 0.655557 0.537244 0.677164 0.548521 0.677164 0.548424 0.678984 0.559633 0.661282 0.55941 0.660309 0.583883 0.660309 0.537244 0.653136 0.53694 0.651316 0.548424 0.651316 0.494419 0.65995 0.492995 0.655355 0.468522 0.655355 0.630205 0.653335 0.625059 0.654028 0.625059 0.66592 0.585307 0.655355 0.583883 0.660309 0.55941 0.660309 0.875506 0.649296 0.875506 0.662573 0.880651 0.661881 0.09088099 0.865166 0.09088099 0.88865 0.08982896 0.888867 0.142328 0.867982 0.143893 0.868185 0.1425009 0.86359 0.153833 0.868544 0.152441 0.863589 0.1540009 0.863388 0.180876 0.868544 0.179311 0.868342 0.180703 0.863388 0.115626 0.867982 0.1170189 0.863388 0.115458 0.86359 0.09088099 0.88865 0.102159 0.88865 0.102064 0.890429 0.155612 0.869315 0.155394 0.868342 0.179311 0.868342 0.09088099 0.865166 0.090577 0.863388 0.102064 0.863388 0.142328 0.867982 0.140936 0.863388 0.1170189 0.863388 0.195956 0.863388 0.190816 0.86408 0.190816 0.875973 0.180703 0.863388 0.179311 0.868342 0.155394 0.868342 0.871467 0.869447 0.871467 0.882724 0.876602 0.882032 0.840204 0.290226 0.839151 0.290334 0.839151 0.278441 0.58118 0.68368 0.581382 0.68293 0.576788 0.680976 0.05145394 0.677774 0.05223 0.677572 0.05292195 0.682527 0.066284 0.677774 0.06559097 0.682728 0.06481498 0.682527 0.681225 0.312 0.68582 0.313953 0.685617 0.314704 0.851481 0.290226 0.851386 0.29111 0.8399 0.29111 0.05302995 0.683499 0.05292195 0.682527 0.06481498 0.682527 0.851481 0.278549 0.840204 0.278549 0.8399 0.277664 0.529064 0.659395 0.524072 0.660087 0.524072 0.67198 0.581382 0.68293 0.584833 0.670109 0.579879 0.669493 0.06550699 0.677572 0.06481498 0.682527 0.05292195 0.682527 0.681023 0.31275 0.685617 0.314704 0.682526 0.326187 0.171672 0.281463 0.171672 0.304947 0.1706179 0.305163 0.219079 0.284279 0.220641 0.28448 0.219249 0.279886 0.230583 0.284841 0.229191 0.279886 0.230754 0.279684 0.257624 0.284841 0.256062 0.284639 0.257454 0.279684 0.1923789 0.284279 0.19377 0.279684 0.192208 0.279886 0.171672 0.304947 0.182949 0.304947 0.182852 0.306725 0.232362 0.285612 0.232145 0.284639 0.256062 0.284639 0.171672 0.281463 0.171368 0.279684 0.182852 0.279684 0.219079 0.284279 0.217687 0.279684 0.19377 0.279684 0.195953 0.291803 0.190816 0.292495 0.190816 0.304387 0.257454 0.279684 0.256062 0.284639 0.232145 0.284639 0.204954 0.291803 0.204954 0.305079 0.21009 0.304387 0.680646 0.283316 0.679592 0.283537 0.679592 0.259065 0.603485 0.647831 0.605083 0.648033 0.603658 0.643438 0.178102 0.890762 0.176678 0.885807 0.178274 0.885605 0.20577 0.890762 0.204171 0.89056 0.205596 0.885605 0.576164 0.647831 0.577588 0.643237 0.57599 0.643438 0.680646 0.283316 0.691922 0.283316 0.691826 0.285136 0.179921 0.891533 0.179699 0.89056 0.204171 0.89056 0.680646 0.259287 0.680342 0.257467 0.691826 0.257467 0.603485 0.647831 0.60206 0.643237 0.577588 0.643237 0.882673 0.483677 0.877526 0.48437 0.877526 0.496262 0.205596 0.885605 0.204171 0.89056 0.179699 0.89056 0.885605 0.548309 0.885605 0.561586 0.890749 0.560894 0.48271 0.85692 0.481658 0.857142 0.481658 0.83267 0.443927 0.831627 0.445524 0.831829 0.444099 0.827235 0.412391 0.844307 0.410967 0.839353 0.412564 0.839151 0.44006 0.844307 0.438463 0.844106 0.439887 0.839151 0.416603 0.831627 0.418028 0.827033 0.416431 0.827235 0.493988 0.85692 0.493893 0.85874 0.482406 0.85874 0.414211 0.845078 0.413988 0.844106 0.438463 0.844106 0.493988 0.832892 0.48271 0.832892 0.482406 0.831072 0.443927 0.831627 0.442502 0.827033 0.418028 0.827033 0.458526 0.827033 0.453381 0.827725 0.453381 0.839617 0.439887 0.839151 0.438463 0.844106 0.413988 0.844106 0.528112 0.831072 0.528112 0.844349 0.533256 0.843656 0.22673 0.885605 0.215053 0.885605 0.215053 0.897282 0.557442 0.671272 0.557442 0.694756 0.556388 0.694972 0.511941 0.676107 0.513503 0.67631 0.512111 0.671715 0.281077 0.680708 0.279684 0.675755 0.281247 0.675552 0.308117 0.680708 0.306555 0.680507 0.307948 0.675552 0.48524 0.676107 0.486632 0.671513 0.48507 0.671715 0.568718 0.694756 0.568622 0.696534 0.557138 0.696534 0.282855 0.681479 0.282639 0.680507 0.306555 0.680507 0.568718 0.671272 0.557442 0.671272 0.557138 0.669493 0.511941 0.676107 0.510548 0.671513 0.486632 0.671513 0.329255 0.663434 0.324119 0.664126 0.324118 0.676018 0.307948 0.675552 0.306555 0.680507 0.282639 0.680507 0.204954 0.863388 0.204954 0.876665 0.210089 0.875972 0.864966 0.62102 0.853289 0.62102 0.853289 0.645048 0.527146 0.623924 0.527146 0.635601 0.526092 0.635709 0.57916 0.635207 0.579362 0.634457 0.574768 0.632503 0.546982 0.628195 0.546289 0.623241 0.547066 0.623039 0.560427 0.628195 0.559651 0.627994 0.560343 0.623039 0.632752 0.277664 0.637347 0.279618 0.637145 0.280368 0.527146 0.635601 0.538422 0.635601 0.538325 0.636485 0.547866 0.628966 0.547759 0.627994 0.559651 0.627994 0.527146 0.623924 0.526842 0.623039 0.538325 0.623039 0.634091 0.627079 0.629098 0.627771 0.629098 0.639664 0.582814 0.621636 0.577859 0.62102 0.574768 0.632503 0.560343 0.623039 0.559651 0.627994 0.547759 0.627994 0.629098 0.291235 0.63255 0.278414 0.637145 0.280368 0.854344 0.56693 0.853289 0.567038 0.853289 0.555145 0.857885 0.590773 0.858087 0.590023 0.853491 0.588069 0.851961 0.862485 0.851269 0.85753 0.852045 0.857329 0.865408 0.862485 0.864632 0.862283 0.865324 0.857329 0.856943 0.598802 0.861537 0.600756 0.861335 0.601506 0.854344 0.56693 0.865619 0.56693 0.865522 0.567814 0.852846 0.863256 0.852737 0.862283 0.864632 0.862283 0.854344 0.555253 0.85404 0.554368 0.865522 0.554368 0.636113 0.722006 0.631118 0.722699 0.631118 0.734591 0.861537 0.577202 0.856583 0.576585 0.853491 0.588069 0.865324 0.857329 0.864632 0.862283 0.852737 0.862283 0.853289 0.612373 0.856742 0.599552 0.861335 0.601506 0.874541 0.597667 0.874541 0.609344 0.873487 0.609452 0.878082 0.641266 0.878284 0.640516 0.873688 0.638562 0.870139 0.377748 0.869447 0.372793 0.870225 0.372592 0.883585 0.377748 0.882809 0.377546 0.883501 0.372592 0.87916 0.528112 0.883754 0.530066 0.883552 0.530815 0.874541 0.609344 0.885817 0.609344 0.885719 0.610229 0.871024 0.378519 0.870917 0.377546 0.882809 0.377546 0.874541 0.597667 0.874237 0.596783 0.885719 0.596783 0.316995 0.873487 0.312 0.874179 0.312 0.886071 0.881734 0.627696 0.87678 0.627079 0.873688 0.638562 0.883501 0.372592 0.882809 0.377546 0.870917 0.377546 0.875506 0.541682 0.878959 0.528862 0.883552 0.530815 0.602849 0.008331 0.602849 0.323708 0.273625 0.323708 0.273625 0.008331 0.273625 0.006407976 0.602849 0.006407976 0.602849 0.323708 0.602849 0.325631 0.273625 0.325631 0.273625 0.006407976 0.273625 0.004999995 0.602849 0.004999995 0.774423 0.334223 0.7725 0.334223 0.7725 0.004999995 0.828267 0.334223 0.774423 0.334223 0.774423 0.004999995 0.828267 0.004999995 0.830191 0.004999995 0.830191 0.334223 0.602849 0.325631 0.602849 0.327039 0.273625 0.327039 0.786638 0.671519 0.788561 0.671519 0.788561 0.342296 0.004999995 0.652925 0.004999995 0.654848 0.334224 0.654848 0.334224 0.652925 0.334224 0.337548 0.004999995 0.337548 0.004999995 0.335625 0.004999995 0.337548 0.334224 0.337548 0.334224 0.335625 0.334224 0.334217 0.004999995 0.334217 0.788561 0.671519 0.842405 0.671519 0.842405 0.342296 0.842405 0.671519 0.844329 0.671519 0.844329 0.342296 0.334224 0.656256 0.334224 0.654848 0.004999995 0.654848 0.324223 0.784618 0.324121 0.785387 0.325748 0.785823 0.008846998 0.784618 0.008946955 0.785387 0.324121 0.785387 0.008846998 0.784618 0.00692296 0.785134 0.007319986 0.785823 0.326147 0.785134 0.325748 0.785823 0.326866 0.78694 0.004999995 0.842309 0.005514979 0.844232 0.006203949 0.843834 0.004999995 0.788464 0.005768954 0.788566 0.006203949 0.78694 0.004999995 0.842309 0.005768954 0.842208 0.005768954 0.788566 0.005514979 0.786541 0.006203949 0.78694 0.007319986 0.785823 0.32807 0.788464 0.327553 0.786541 0.326866 0.78694 0.324223 0.846155 0.326147 0.84564 0.325748 0.844951 0.324223 0.846155 0.324121 0.845386 0.008946955 0.845386 0.008846998 0.846155 0.008946955 0.845386 0.007319986 0.844951 0.00692296 0.84564 0.007319986 0.844951 0.006203949 0.843834 0.32807 0.788464 0.327299 0.788566 0.327299 0.842208 0.32807 0.842309 0.327299 0.842208 0.326866 0.843834 0.326147 0.84564 0.327553 0.844232 0.326866 0.843834 0.325748 0.913622 0.326147 0.914311 0.324223 0.914826 0.324121 0.914057 0.324223 0.914826 0.008846998 0.914826 0.007319986 0.913622 0.008946955 0.914057 0.008846998 0.914826 0.007319986 0.913622 0.00692296 0.914311 0.005514979 0.912903 0.326866 0.912505 0.327553 0.912903 0.326147 0.914311 0.006203949 0.912505 0.005514979 0.912903 0.004999995 0.91098 0.326866 0.855611 0.325748 0.854494 0.326147 0.853805 0.326866 0.855611 0.327553 0.855212 0.32807 0.857135 0.327299 0.857237 0.32807 0.857135 0.32807 0.91098 0.326866 0.912505 0.327299 0.910879 0.32807 0.91098 0.005768954 0.910879 0.004999995 0.91098 0.004999995 0.857135 0.006203949 0.855611 0.005514979 0.855212 0.00692296 0.853805 0.007319986 0.854494 0.00692296 0.853805 0.008846998 0.853289 0.008946955 0.854058 0.008846998 0.853289 0.324223 0.853289 0.325748 0.854494 0.324121 0.854058 0.324223 0.853289 0.006203949 0.855611 0.005768954 0.857237 0.004999995 0.857135 0.324704 0.911812 0.325748 0.913622 0.324121 0.914057 0.008946955 0.914057 0.009211957 0.912039 0.323856 0.912039 0.008946955 0.914057 0.007319986 0.913622 0.008365988 0.911812 0.006203949 0.912505 0.008014976 0.91146 0.008365988 0.911812 0.325056 0.91146 0.326866 0.912505 0.325748 0.913622 0.005768954 0.910879 0.007787942 0.910613 0.008014976 0.91146 0.326866 0.855611 0.325056 0.856655 0.324704 0.856303 0.327299 0.857237 0.325283 0.857502 0.325056 0.856655 0.325283 0.857502 0.327299 0.857237 0.327299 0.910879 0.325056 0.91146 0.325283 0.910613 0.327299 0.910879 0.007787942 0.910613 0.005768954 0.910879 0.005768954 0.857237 0.006203949 0.855611 0.007319986 0.854494 0.008365988 0.856303 0.008946955 0.854058 0.009211957 0.856076 0.008365988 0.856303 0.009211957 0.856076 0.008946955 0.854058 0.324121 0.854058 0.324121 0.854058 0.325748 0.854494 0.324704 0.856303 0.005768954 0.857237 0.006203949 0.855611 0.008014976 0.856655 0.724026 0.662613 0.731718 0.662613 0.731718 0.661766 0.724026 0.977256 0.731718 0.977256 0.731718 0.662613 0.724026 0.661766 0.731718 0.661766 0.731718 0.661414 0.724026 0.978103 0.731718 0.978103 0.731718 0.977256 0.724026 0.978455 0.731718 0.978455 0.731718 0.978103 0.400647 0.895317 0.400647 0.887625 0.401493 0.887625 0.409793 0.887625 0.409793 0.895317 0.462905 0.895317 0.408947 0.887625 0.408947 0.895317 0.409793 0.895317 0.347535 0.895317 0.347535 0.887625 0.400647 0.887625 0.747876 0.976905 0.740184 0.976905 0.740184 0.662261 0.747876 0.977751 0.740184 0.977751 0.740184 0.976905 0.463753 0.887625 0.463753 0.895317 0.464104 0.895317 0.462905 0.887625 0.462905 0.895317 0.463753 0.895317 0.346335 0.895317 0.346335 0.887625 0.346687 0.887625 0.747876 0.662261 0.740184 0.662261 0.740184 0.661414 0.346687 0.895317 0.346687 0.887625 0.347535 0.887625 0.008946955 0.788566 0.324121 0.788566 0.324121 0.785387 0.008946955 0.842208 0.008946955 0.788566 0.005768954 0.788566 0.324121 0.788566 0.324121 0.842208 0.327299 0.842208 0.008946955 0.842208 0.324121 0.842208 0.324121 0.788566 0.324121 0.842208 0.008946955 0.842208 0.008946955 0.845386 0.652577 0.932336 0.653153 0.933262 0.652305 0.933489 0.337661 0.933489 0.337802 0.932446 0.652169 0.932446 0.337389 0.932336 0.337802 0.932446 0.337661 0.933489 0.653734 0.932063 0.653503 0.93291 0.652577 0.932336 0.337389 0.878679 0.33728 0.87909 0.336237 0.878952 0.33728 0.931926 0.336237 0.932063 0.336237 0.878952 0.337389 0.932336 0.336464 0.93291 0.336237 0.932063 0.652577 0.878679 0.653503 0.878105 0.653734 0.878952 0.652577 0.878679 0.652169 0.87857 0.652305 0.877526 0.337802 0.87857 0.337661 0.877526 0.652305 0.877526 0.337389 0.878679 0.336817 0.877753 0.337661 0.877526 0.652691 0.87909 0.653734 0.878952 0.653734 0.932063 0.764036 0.976602 0.756342 0.976602 0.756342 0.976192 0.764036 0.661824 0.756342 0.661824 0.756342 0.661414 0.764036 0.976192 0.756342 0.976192 0.756342 0.661824 0.772609 0.99489 0.773021 0.995 0.7725 0.99448 0.825858 0.995 0.826267 0.99489 0.826375 0.99448 0.826375 0.99448 0.826375 0.680112 0.7725 0.680112 0.826267 0.679702 0.825858 0.679592 0.826375 0.680112 0.773021 0.679592 0.772609 0.679702 0.7725 0.680112 0.7725 0.680112 0.7725 0.99448 0.826375 0.99448 0.773021 0.995 0.825858 0.995 0.7725 0.99448 0.826375 0.680112 0.825858 0.679592 0.773021 0.679592 0.773021 0.679592 0.7725 0.680112 0.826375 0.680112 0.471967 0.887625 0.471967 0.895317 0.524804 0.895317 0.471559 0.887625 0.471559 0.895317 0.471967 0.895317 0.524804 0.887625 0.524804 0.895317 0.525217 0.895317 0.587416 0.895317 0.587416 0.887625 0.587829 0.887625 0.534584 0.895317 0.534584 0.887625 0.587416 0.887625 0.534171 0.895317 0.534171 0.887625 0.534584 0.887625 0.835112 0.680002 0.842806 0.680002 0.842806 0.679592 0.835112 0.99437 0.842806 0.99437 0.842806 0.680002 0.835112 0.99478 0.842806 0.99478 0.842806 0.99437 0.060588 0.898167 0.05953299 0.898275 0.05953299 0.886382 0.885605 0.314135 0.8902 0.316089 0.8904 0.315339 0.875506 0.413188 0.876282 0.412987 0.876974 0.41794 0.890336 0.413188 0.889644 0.418143 0.888869 0.41794 0.893852 0.57248 0.893651 0.57323 0.889057 0.571276 0.060588 0.898167 0.07186299 0.898167 0.07176595 0.899051 0.88876 0.418913 0.877083 0.418913 0.876974 0.41794 0.060588 0.88649 0.06028395 0.885605 0.07176595 0.885605 0.890597 0.783757 0.890597 0.77048 0.885605 0.771172 0.893852 0.302518 0.888899 0.301901 0.885807 0.313385 0.88956 0.412987 0.888869 0.41794 0.876974 0.41794 0.885605 0.584097 0.889057 0.571276 0.893651 0.57323 0.05101299 0.279684 0.03933596 0.279684 0.03933596 0.291362 0.135317 0.292245 0.134263 0.292353 0.134263 0.280461 0.1590549 0.293871 0.159258 0.293122 0.154662 0.291168 0.197567 0.319176 0.196875 0.314221 0.197652 0.31402 0.211013 0.319176 0.210236 0.318974 0.210928 0.31402 0.34595 0.46348 0.350544 0.465434 0.350341 0.466184 0.135317 0.292245 0.146593 0.292245 0.146497 0.29313 0.198451 0.319946 0.198344 0.318974 0.210236 0.318974 0.135317 0.280569 0.135013 0.279684 0.146497 0.279684 0.009991943 0.279684 0.004999995 0.280376 0.004999995 0.292268 0.1627089 0.280301 0.157754 0.279684 0.154662 0.291168 0.210928 0.31402 0.210236 0.318974 0.198344 0.318974 0.342296 0.477051 0.345747 0.46423 0.350341 0.466184 0.74669 0.297422 0.74669 0.223132 0.746243 0.223132 0.404908 0.780579 0.440737 0.780579 0.440737 0.781026 0.754322 0.295402 0.754322 0.221112 0.754769 0.221112 0.404908 0.791124 0.440737 0.791124 0.440737 0.790677 0.395739 0.771411 0.395739 0.80801 0.396125 0.807625 0.395195 0.808556 0.395739 0.80801 0.395739 0.771411 0.395195 0.808556 0.395195 0.770865 0.394809 0.77048 0.471345 0.770865 0.47173 0.77048 0.394809 0.77048 0.4708 0.771411 0.471345 0.770865 0.395195 0.770865 0.4708 0.771411 0.395739 0.771411 0.396125 0.771795 0.4708 0.771411 0.470415 0.771795 0.470415 0.807625 0.471345 0.808556 0.471345 0.770865 0.4708 0.771411 0.471345 0.808556 0.47173 0.808941 0.47173 0.77048 0.395195 0.808556 0.394809 0.808941 0.47173 0.808941 0.395195 0.808556 0.471345 0.808556 0.4708 0.80801 0.4708 0.80801 0.470415 0.807625 0.396125 0.807625 0.701066 0.514145 0.701066 0.437224 0.699789 0.437224 0.479638 0.800034 0.518099 0.800034 0.518099 0.798756 0.699789 0.598974 0.699789 0.522052 0.701066 0.522052 0.526092 0.798756 0.564553 0.798756 0.564553 0.800034 0.853289 0.425969 0.859951 0.425969 0.859951 0.419046 0.853289 0.440876 0.853289 0.433184 0.860212 0.433184 0.859951 0.449342 0.866613 0.449342 0.866613 0.456265 0.853289 0.449342 0.859951 0.449342 0.859951 0.456265 0.860212 0.471172 0.860212 0.46348 0.853289 0.46348 0.859951 0.425969 0.866613 0.425969 0.866613 0.419046 0.864383 0.492192 0.864828 0.492961 0.868673 0.486299 0.864383 0.480407 0.857581 0.492192 0.864383 0.492192 0.864383 0.480407 0.867786 0.486299 0.868673 0.486299 0.857581 0.480407 0.864383 0.480407 0.864828 0.479638 0.857581 0.492192 0.864383 0.480407 0.857581 0.480407 0.854178 0.486299 0.853289 0.486299 0.857136 0.492961 0.854178 0.486299 0.857581 0.480407 0.857136 0.479638 0.857581 0.492192 0.857136 0.492961 0.864828 0.492961 0.2186509 0.701809 0.206974 0.701809 0.206974 0.713486 0.883146 0.324118 0.871467 0.324118 0.871467 0.335796 0.508967 0.834704 0.507914 0.834925 0.507914 0.810453 0.546933 0.823548 0.54853 0.82375 0.547106 0.819155 0.378056 0.832189 0.376631 0.827234 0.378228 0.827033 0.405724 0.832189 0.404127 0.831986 0.405552 0.827033 0.51961 0.823548 0.521034 0.818954 0.519437 0.819155 0.508967 0.834704 0.520245 0.834704 0.520149 0.836524 0.379875 0.832959 0.379653 0.831986 0.404127 0.831986 0.508967 0.810675 0.508663 0.808855 0.520149 0.808855 0.546933 0.823548 0.545509 0.818954 0.521034 0.818954 0.454491 0.780579 0.449342 0.781271 0.449342 0.793163 0.405552 0.827033 0.404127 0.831986 0.379653 0.831986 0.380671 0.794717 0.380671 0.807994 0.385815 0.807302 0.01509898 0.867866 0.021761 0.867866 0.021761 0.863388 0.760381 0.186389 0.760381 0.178697 0.764859 0.178697 0.04599696 0.863388 0.05265897 0.863388 0.05265897 0.867866 0.03933596 0.863388 0.04599696 0.863388 0.04599696 0.867866 0.764859 0.202547 0.764859 0.194855 0.760381 0.194855 0.021761 0.867866 0.02842199 0.867866 0.02842199 0.863388 0.078067 0.870049 0.07466399 0.875942 0.075109 0.876711 0.078067 0.870049 0.07466399 0.864157 0.067864 0.875942 0.078067 0.870049 0.078956 0.870049 0.075109 0.863388 0.07466399 0.864157 0.075109 0.863388 0.06741899 0.863388 0.064462 0.870049 0.067864 0.875942 0.07466399 0.864157 0.067864 0.875942 0.064462 0.870049 0.06357198 0.870049 0.067864 0.864157 0.06741899 0.863388 0.06357198 0.870049 0.07466399 0.875942 0.067864 0.875942 0.06741899 0.876711 0.611974 0.325543 0.610921 0.325694 0.610921 0.309048 0.608375 0.635713 0.609462 0.635915 0.608493 0.631321 0.547258 0.642333 0.546289 0.63738 0.547376 0.637177 0.566078 0.642333 0.564991 0.642132 0.56596 0.637177 0.589791 0.635713 0.59076 0.631118 0.589673 0.631321 0.623251 0.325543 0.623154 0.326781 0.611671 0.326781 0.548496 0.643104 0.548345 0.642132 0.564991 0.642132 0.623251 0.309199 0.611974 0.309199 0.611671 0.30796 0.589791 0.635713 0.608375 0.635713 0.607406 0.631118 0.636156 0.299881 0.631118 0.300573 0.631118 0.312466 0.56596 0.637177 0.564991 0.642132 0.548345 0.642132 0.594764 0.655355 0.594763 0.668632 0.599802 0.667939 0.173693 0.688555 0.173693 0.700232 0.1726379 0.70034 0.19743 0.701857 0.197632 0.701107 0.193038 0.699154 0.209686 0.692827 0.208993 0.687873 0.20977 0.687671 0.223131 0.692827 0.222355 0.692625 0.223047 0.687671 0.234863 0.687671 0.239458 0.689624 0.239256 0.690375 0.1849679 0.700232 0.184872 0.701117 0.173389 0.701117 0.21057 0.693598 0.210463 0.692625 0.222355 0.692625 0.1849679 0.688555 0.173693 0.688555 0.173389 0.687671 0.284677 0.689691 0.279684 0.690383 0.279684 0.702275 0.197632 0.701107 0.201083 0.688287 0.196129 0.687671 0.223047 0.687671 0.222355 0.692625 0.210463 0.692625 0.234661 0.688421 0.239256 0.690375 0.236164 0.701857 0.591777 0.621463 0.590724 0.621571 0.590724 0.609678 0.34689 0.53826 0.347093 0.53751 0.342498 0.535556 0.504566 0.626176 0.503875 0.621221 0.504651 0.62102 0.518012 0.626176 0.517236 0.625974 0.517928 0.62102 0.34595 0.546289 0.350544 0.548243 0.350342 0.548993 0.591777 0.621463 0.603053 0.621463 0.602957 0.622347 0.517128 0.626946 0.505451 0.626946 0.505344 0.625974 0.591777 0.609786 0.591474 0.608901 0.602957 0.608901 0.347289 0.581784 0.347289 0.568506 0.342296 0.569199 0.350544 0.524689 0.345589 0.524072 0.342498 0.535556 0.517928 0.62102 0.517236 0.625974 0.505344 0.625974 0.342296 0.55986 0.345748 0.547039 0.350342 0.548993 0.04697299 0.889644 0.03529596 0.889644 0.03529596 0.901322 0.553927 0.831072 0.54225 0.831072 0.54225 0.84275 0.897282 0.857329 0.885605 0.857329 0.885605 0.881357 0.864968 0.653335 0.853289 0.653335 0.853289 0.665013 0.881124 0.352395 0.869447 0.352395 0.869447 0.364072 0.08534896 0.279684 0.07367098 0.279684 0.07367098 0.303713 0.622598 0.722006 0.610921 0.722006 0.610921 0.733683 0.75792 0.305941 0.746243 0.305941 0.746243 0.317618 0.864966 0.38673 0.853289 0.38673 0.853289 0.410759 0.07703095 0.324118 0.07703095 0.326001 0.07805299 0.326001 0.07805299 0.324118 0.07805299 0.326001 0.08191698 0.326001 0.07569098 0.324118 0.07569098 0.326001 0.07703095 0.326001 0.323352 0.694972 0.322423 0.693949 0.328049 0.693343 0.322423 0.690086 0.326193 0.688863 0.327199 0.690175 0.318543 0.698831 0.320072 0.695895 0.321248 0.697364 0.321712 0.69968 0.321248 0.697364 0.322299 0.697364 0.322299 0.697364 0.323352 0.696312 0.32488 0.698831 0.323352 0.696312 0.323352 0.694972 0.327199 0.696512 0.321656 0.689318 0.321712 0.687006 0.323352 0.687222 0.320888 0.689318 0.320072 0.690134 0.318543 0.687855 0.320072 0.690134 0.320072 0.695895 0.315375 0.693343 0.320888 0.689318 0.320072 0.687222 0.321712 0.687006 0.374944 0.395401 0.372592 0.397347 0.372592 0.391586 0.375872 0.397763 0.372592 0.397347 0.374944 0.395401 0.373768 0.398816 0.372592 0.397347 0.375872 0.397763 0.374944 0.391537 0.372592 0.391586 0.373408 0.39077 0.09558999 0.326001 0.09558999 0.324118 0.09705895 0.324118 0.1826 0.290599 0.180717 0.290599 0.180717 0.289783 0.08982896 0.326001 0.08982896 0.324118 0.09558999 0.324118 0.319721 0.700773 0.317866 0.700005 0.318543 0.698831 0.319721 0.700773 0.320072 0.699464 0.321712 0.69968 0.323703 0.700773 0.321712 0.701035 0.321712 0.69968 0.323703 0.700773 0.323352 0.699464 0.32488 0.698831 0.329142 0.695334 0.328373 0.697189 0.327199 0.696512 0.327151 0.687904 0.326193 0.688863 0.32488 0.687855 0.328373 0.689497 0.327199 0.690175 0.326193 0.688863 0.328373 0.689497 0.329142 0.691352 0.327832 0.691703 0.329142 0.691352 0.329404 0.693343 0.328049 0.693343 0.329142 0.695334 0.327832 0.694983 0.328049 0.693343 0.323703 0.685913 0.325558 0.686681 0.32488 0.687855 0.321712 0.685651 0.323703 0.685913 0.323352 0.687222 0.314282 0.695334 0.31402 0.693343 0.315375 0.693343 0.317866 0.700005 0.316273 0.698782 0.317231 0.697824 0.31505 0.697189 0.316224 0.696512 0.317231 0.697824 0.314282 0.695334 0.315591 0.694983 0.316224 0.696512 0.321712 0.685651 0.321712 0.687006 0.320072 0.687222 0.319721 0.685913 0.320072 0.687222 0.318543 0.687855 0.316273 0.687904 0.317866 0.686681 0.318543 0.687855 0.31505 0.689497 0.316273 0.687904 0.317231 0.688863 0.31505 0.689497 0.316224 0.690175 0.315591 0.691703 0.314282 0.691352 0.315591 0.691703 0.315375 0.693343 0.325558 0.700005 0.32488 0.698831 0.326193 0.697824 0.328373 0.697189 0.327151 0.698782 0.326193 0.697824 0.443111 0.628507 0.441263 0.628507 0.441263 0.626652 0.443111 0.630498 0.441263 0.630498 0.441263 0.628507 0.443111 0.632489 0.441263 0.632489 0.441263 0.630498 0.443111 0.634344 0.441263 0.634344 0.441263 0.632489 0.246719 0.293822 0.248575 0.293822 0.248575 0.295671 0.244729 0.293822 0.246719 0.293822 0.246719 0.295671 0.2427369 0.293822 0.244729 0.293822 0.244729 0.295671 0.240882 0.293822 0.2427369 0.293822 0.2427369 0.295671 0.239289 0.293822 0.240882 0.293822 0.240882 0.295671 0.136112 0.316039 0.134263 0.316039 0.134263 0.317632 0.136112 0.317632 0.134263 0.317632 0.134263 0.319488 0.136112 0.319488 0.134263 0.319488 0.134263 0.321478 0.242738 0.319908 0.244729 0.319908 0.244729 0.318059 0.240882 0.319908 0.242738 0.319908 0.242738 0.318059 0.239289 0.319908 0.240882 0.319908 0.240882 0.318059 0.443111 0.626652 0.441263 0.626652 0.441263 0.625059 0.244729 0.319908 0.24672 0.319908 0.24672 0.318059 0.24672 0.319908 0.248575 0.319908 0.248575 0.318059 0.248575 0.319908 0.250167 0.319908 0.250167 0.318059 0.136112 0.325325 0.134263 0.325325 0.134263 0.326918 0.136112 0.323469 0.134263 0.323469 0.134263 0.325325 0.136112 0.321478 0.134263 0.321478 0.134263 0.323469 0.248575 0.293822 0.250167 0.293822 0.250167 0.295671 0.443111 0.635937 0.441263 0.635937 0.441263 0.634344 0.257467 0.294875 0.25935 0.294875 0.25935 0.293822 0.257467 0.295926 0.25935 0.295926 0.25935 0.294875 0.1826 0.292134 0.180717 0.292134 0.180717 0.291367 0.1826 0.291367 0.180717 0.291367 0.180717 0.290599 0.1477299 0.316899 0.1474609 0.317899 0.149262 0.318384 0.147961 0.316039 0.1477299 0.316899 0.149532 0.317383 0.258357 0.320011 0.257467 0.320188 0.257467 0.318387 0.259393 0.319899 0.258357 0.320011 0.258357 0.318209 0.260505 0.319861 0.259393 0.319899 0.259393 0.318098 0.261617 0.318098 0.261617 0.319899 0.260505 0.319861 0.262654 0.318209 0.262654 0.320011 0.261617 0.319899 0.263544 0.318387 0.263544 0.320188 0.262654 0.320011 0.360704 0.395779 0.362507 0.396263 0.362275 0.397123 0.360974 0.394778 0.362776 0.395263 0.362507 0.396263 0.363065 0.394189 0.362776 0.395263 0.360974 0.394778 0.361552 0.39263 0.363354 0.393115 0.363065 0.394189 0.363624 0.392114 0.363354 0.393115 0.361552 0.39263 0.362053 0.39077 0.363855 0.391255 0.363624 0.392114 0.04628396 0.322249 0.04539495 0.322426 0.04539495 0.324228 0.04732197 0.322137 0.04628396 0.322249 0.04628396 0.32405 0.04843294 0.3239 0.04843294 0.322099 0.04732197 0.322137 0.049546 0.322137 0.04843294 0.322099 0.04843294 0.3239 0.05058199 0.32405 0.05058199 0.322249 0.049546 0.322137 0.05147099 0.324228 0.05147099 0.322426 0.05058199 0.322249 0.146613 0.321048 0.146382 0.321907 0.148184 0.322392 0.148684 0.320532 0.1468819 0.320047 0.146613 0.321048 0.147171 0.318973 0.1468819 0.320047 0.148684 0.320532 0.149262 0.318384 0.1474609 0.317899 0.147171 0.318973 0.147063 0.317896 0.1468 0.318873 0.147171 0.318973 0.362928 0.396176 0.362718 0.396958 0.362275 0.397123 0.263269 0.320631 0.26246 0.32047 0.262654 0.320011 0.261517 0.320368 0.261617 0.319899 0.262654 0.320011 0.260505 0.320334 0.260505 0.319861 0.261617 0.319899 0.147063 0.317896 0.1474609 0.317899 0.1477299 0.316899 0.147309 0.316986 0.1477299 0.316899 0.147961 0.316039 0.258551 0.32047 0.257741 0.320631 0.257467 0.320188 0.259493 0.320368 0.258551 0.32047 0.258357 0.320011 0.260505 0.320334 0.259493 0.320368 0.259393 0.319899 0.363436 0.394289 0.363173 0.395266 0.362776 0.395263 0.362928 0.396176 0.362507 0.396263 0.362776 0.395263 0.346545 0.51612 0.346445 0.516508 0.345371 0.516361 0.344657 0.515596 0.345568 0.515986 0.345371 0.516361 0.344657 0.515596 0.34437 0.515932 0.343511 0.515249 0.343876 0.514975 0.343511 0.515249 0.342852 0.51436 0.343276 0.514166 0.342852 0.51436 0.342438 0.513323 0.342771 0.512211 0.342899 0.513223 0.342438 0.513323 0.342771 0.512211 0.342296 0.512211 0.342438 0.511099 0.342899 0.511199 0.342438 0.511099 0.342852 0.510063 0.343876 0.509447 0.343276 0.510257 0.342852 0.510063 0.344657 0.508826 0.343876 0.509447 0.343511 0.509173 0.345568 0.508435 0.344657 0.508826 0.34437 0.50849 0.345568 0.508435 0.345371 0.508061 0.346445 0.507914 0.347324 0.5092 0.346545 0.509094 0.346545 0.508302 0.349214 0.514975 0.348433 0.515596 0.348051 0.51491 0.349214 0.514975 0.348674 0.514415 0.349152 0.51377 0.350191 0.513223 0.349814 0.514166 0.349152 0.51377 0.350319 0.512211 0.350191 0.513223 0.349453 0.513018 0.349453 0.511404 0.350191 0.511199 0.350319 0.512211 0.349152 0.510652 0.349814 0.510257 0.350191 0.511199 0.349152 0.510652 0.348674 0.510007 0.349214 0.509447 0.348674 0.510007 0.348051 0.509511 0.348433 0.508826 0.347324 0.5092 0.347522 0.508435 0.348433 0.508826 0.345766 0.5092 0.345568 0.508435 0.346545 0.508302 0.34504 0.509511 0.344657 0.508826 0.345568 0.508435 0.344417 0.510007 0.343876 0.509447 0.344657 0.508826 0.343938 0.510652 0.343276 0.510257 0.343876 0.509447 0.343638 0.511404 0.342899 0.511199 0.343276 0.510257 0.343638 0.511404 0.343535 0.512211 0.342771 0.512211 0.343535 0.512211 0.343638 0.513018 0.342899 0.513223 0.343638 0.513018 0.343938 0.51377 0.343276 0.514166 0.343938 0.51377 0.344417 0.514415 0.343876 0.514975 0.34504 0.51491 0.344657 0.515596 0.343876 0.514975 0.34504 0.51491 0.345766 0.515222 0.345568 0.515986 0.345766 0.515222 0.346545 0.515328 0.346545 0.51612 0.346545 0.51612 0.346545 0.515328 0.347324 0.515222 0.347522 0.515986 0.347324 0.515222 0.348051 0.51491 0.349152 0.51377 0.348674 0.514415 0.346545 0.515328 0.348051 0.51491 0.347324 0.515222 0.346545 0.515328 0.346545 0.515328 0.345766 0.515222 0.34504 0.51491 0.34504 0.51491 0.344417 0.514415 0.346545 0.515328 0.343938 0.51377 0.343638 0.513018 0.343535 0.512211 0.343535 0.512211 0.343638 0.511404 0.343938 0.510652 0.343938 0.510652 0.344417 0.510007 0.346545 0.509094 0.34504 0.509511 0.345766 0.5092 0.346545 0.509094 0.346545 0.509094 0.347324 0.5092 0.348051 0.509511 0.348051 0.509511 0.348674 0.510007 0.346545 0.509094 0.349152 0.510652 0.349453 0.511404 0.349555 0.512211 0.349555 0.512211 0.349453 0.513018 0.349152 0.51377 0.348674 0.514415 0.348051 0.51491 0.346545 0.515328 0.346545 0.515328 0.344417 0.514415 0.343938 0.51377 0.343938 0.51377 0.343535 0.512211 0.346545 0.509094 0.344417 0.510007 0.34504 0.509511 0.346545 0.509094 0.346545 0.509094 0.348674 0.510007 0.349152 0.510652 0.349152 0.510652 0.349555 0.512211 0.346545 0.509094 0.349152 0.51377 0.346545 0.515328 0.346545 0.509094 0.343535 0.512211 0.343938 0.510652 0.346545 0.509094 0.346545 0.509094 0.349555 0.512211 0.349152 0.51377 0.134431 0.30517 0.134853 0.305083 0.134705 0.305629 0.15281 0.302139 0.152536 0.302581 0.15197 0.302469 0.152164 0.30201 0.15197 0.302469 0.151311 0.302397 0.150606 0.301901 0.151412 0.301929 0.151311 0.302397 0.149799 0.301929 0.150606 0.301901 0.150606 0.302374 0.149047 0.30201 0.149799 0.301929 0.149899 0.302397 0.149047 0.30201 0.149242 0.302469 0.148676 0.302581 0.01180297 0.313277 0.01135998 0.313441 0.011213 0.313988 0.01143997 0.314626 0.01163494 0.3139 0.011213 0.313988 0.01143997 0.314626 0.01104199 0.314623 0.01085799 0.315305 0.01122897 0.315405 0.01085799 0.315305 0.01067399 0.315987 0.02064299 0.312311 0.02136898 0.312 0.02156597 0.312375 0.02001899 0.312807 0.02064299 0.312311 0.02092999 0.312648 0.01954096 0.313452 0.02001899 0.312807 0.02038496 0.313081 0.01954096 0.313452 0.019966 0.313647 0.01970297 0.314304 0.01923996 0.314204 0.01970297 0.314304 0.01961195 0.315011 0.01913797 0.315011 0.01961195 0.315011 0.01970297 0.315717 0.01954096 0.31657 0.01923996 0.315818 0.01970297 0.315717 0.02001899 0.317215 0.01954096 0.31657 0.019966 0.316376 0.02064299 0.317711 0.02001899 0.317215 0.02038496 0.316941 0.02136898 0.318022 0.02064299 0.317711 0.02092999 0.317375 0.134836 0.303665 0.135046 0.302886 0.13539 0.303083 0.134626 0.304444 0.134836 0.303665 0.1352069 0.303765 0.134626 0.304444 0.135024 0.304447 0.134853 0.305083 0.152536 0.307938 0.15197 0.307825 0.15197 0.302469 0.134853 0.305083 0.140209 0.306525 0.140062 0.30707 0.135024 0.304447 0.140379 0.305889 0.140209 0.306525 0.140563 0.305207 0.140379 0.305889 0.135024 0.304447 0.13539 0.303083 0.140748 0.304525 0.140563 0.305207 0.135563 0.302447 0.140918 0.303889 0.140748 0.304525 0.141066 0.303343 0.140918 0.303889 0.135563 0.302447 0.03384196 0.312095 0.03327596 0.312208 0.03327596 0.317564 0.0345 0.312024 0.03384196 0.312095 0.03384196 0.317451 0.03520697 0.317356 0.03520697 0.312 0.0345 0.312024 0.03591299 0.312024 0.03520697 0.312 0.03520697 0.317356 0.03657096 0.317451 0.03657096 0.312095 0.03591299 0.312024 0.03713595 0.317564 0.03713595 0.312208 0.03657096 0.312095 0.01050299 0.316623 0.00514698 0.315181 0.004999995 0.315727 0.005317986 0.314545 0.00514698 0.315181 0.01050299 0.316623 0.005500972 0.313863 0.005317986 0.314545 0.01067399 0.315987 0.01104199 0.314623 0.005684971 0.313181 0.005500972 0.313863 0.005855977 0.312545 0.005684971 0.313181 0.01104199 0.314623 0.006002962 0.312 0.005855977 0.312545 0.011213 0.313988 0.149242 0.302469 0.149242 0.307825 0.148676 0.307938 0.149899 0.307754 0.149242 0.307825 0.149242 0.302469 0.150606 0.302374 0.150606 0.30773 0.149899 0.307754 0.151311 0.307754 0.150606 0.30773 0.150606 0.302374 0.15197 0.302469 0.15197 0.307825 0.151311 0.307754 0.151776 0.308283 0.151212 0.308223 0.151311 0.307754 0.14063 0.306437 0.140504 0.306906 0.140062 0.30707 0.151776 0.308283 0.15197 0.307825 0.152536 0.307938 0.14063 0.306437 0.140209 0.306525 0.140379 0.305889 0.06976199 0.316991 0.07034796 0.317071 0.070248 0.317459 0.140778 0.305892 0.140379 0.305889 0.140563 0.305207 0.06921696 0.316758 0.06976199 0.316991 0.06956595 0.317366 0.06874799 0.316385 0.06838399 0.31666 0.06796497 0.316094 0.06921696 0.316758 0.06892997 0.317094 0.06838399 0.31666 0.06838995 0.315901 0.06796497 0.316094 0.06770098 0.315436 0.06816297 0.314124 0.06808596 0.31473 0.06761199 0.31473 0.06816297 0.315335 0.06770098 0.315436 0.06761199 0.31473 0.06816297 0.314124 0.06770098 0.314023 0.06796497 0.313365 0.06874799 0.313074 0.06838399 0.3128 0.06892997 0.312366 0.06838995 0.313559 0.06796497 0.313365 0.06838399 0.3128 0.06921696 0.312702 0.06892997 0.312366 0.06956595 0.312093 0.005287945 0.313178 0.005129992 0.313763 0.005500972 0.313863 0.06976199 0.312468 0.06956595 0.312093 0.070248 0.312 0.005287945 0.313178 0.005684971 0.313181 0.005855977 0.312545 0.1494359 0.308283 0.14895 0.30838 0.148676 0.307938 0.00555998 0.312165 0.005433976 0.312633 0.005855977 0.312545 0.1494359 0.308283 0.149242 0.307825 0.149899 0.307754 0.151212 0.308223 0.150606 0.308202 0.150606 0.30773 0.149999 0.308223 0.149899 0.307754 0.150606 0.30773 0.878581 0.890529 0.878581 0.902206 0.877526 0.902314 0.306497 0.722055 0.306699 0.721305 0.302103 0.719352 0.613632 0.713024 0.612941 0.708071 0.613719 0.707868 0.62777 0.708071 0.627079 0.713024 0.626303 0.712823 0.32575 0.709888 0.330346 0.711841 0.330144 0.712591 0.878581 0.902206 0.889856 0.902206 0.889759 0.90309 0.614517 0.713795 0.61441 0.712823 0.626303 0.712823 0.878581 0.890529 0.878277 0.889644 0.889759 0.889644 0.284677 0.711908 0.279684 0.7126 0.279684 0.724493 0.306699 0.721305 0.310149 0.708485 0.305195 0.707868 0.626995 0.707868 0.626303 0.712823 0.61441 0.712823 0.325549 0.710638 0.330144 0.712591 0.327052 0.724075 0.030815 0.279684 0.01913797 0.279684 0.01913797 0.291362 0.628133 0.698213 0.627079 0.698321 0.627079 0.686428 0.588704 0.697885 0.593298 0.699838 0.5935 0.699089 0.02721697 0.685853 0.02799296 0.685651 0.02868598 0.690606 0.04204696 0.685853 0.041354 0.690808 0.04057794 0.690606 0.164728 0.689625 0.164526 0.690375 0.159932 0.688421 0.628133 0.698213 0.639408 0.698213 0.639312 0.699097 0.02879297 0.691579 0.02868598 0.690606 0.04057794 0.690606 0.628133 0.686536 0.627829 0.685651 0.639312 0.685651 0.690644 0.162539 0.685651 0.163232 0.685651 0.175125 0.596951 0.686268 0.591997 0.685651 0.588905 0.697135 0.04127097 0.685651 0.04057794 0.690606 0.02868598 0.690606 0.15648 0.701241 0.159932 0.688421 0.164526 0.690375 0.883144 0.792697 0.871467 0.792697 0.871467 0.816181 0.851269 0.751863 0.887099 0.751863 0.887099 0.677572 0.895685 0.119932 0.842866 0.119932 0.842866 0.116085 0.895685 0.266082 0.895685 0.119932 0.899396 0.119932 0.896166 0.269896 0.895685 0.266082 0.897105 0.269636 0.842866 0.266082 0.895685 0.266082 0.895685 0.269928 0.842866 0.119932 0.842866 0.266082 0.839151 0.266082 0.842866 0.266082 0.842866 0.119932 0.895685 0.119932 0.493039 0.612747 0.455076 0.612747 0.455076 0.608901 0.493039 0.643516 0.493039 0.612747 0.496753 0.612747 0.455076 0.643516 0.493039 0.643516 0.493039 0.647362 0.455076 0.612747 0.455076 0.643516 0.451362 0.643516 0.455076 0.612747 0.493039 0.612747 0.493039 0.643516 0.220146 0.319671 0.219092 0.319892 0.219092 0.295421 0.04401797 0.304476 0.04561698 0.304678 0.044191 0.300084 0.230615 0.309077 0.229191 0.304123 0.230789 0.303921 0.258283 0.309077 0.256685 0.308875 0.25811 0.303921 0.01669698 0.304476 0.018121 0.299881 0.016523 0.300084 0.231422 0.319671 0.231326 0.321491 0.219842 0.321491 0.232435 0.309848 0.232213 0.308875 0.256685 0.308875 0.231422 0.295642 0.220146 0.295642 0.219842 0.293822 0.04401797 0.304476 0.042593 0.299881 0.018121 0.299881 0.05861896 0.301901 0.05347394 0.302593 0.05347394 0.314486 0.25811 0.303921 0.256685 0.308875 0.232213 0.308875 0.659395 0.261506 0.659395 0.274783 0.66454 0.274091 0.222167 0.87595 0.221112 0.876058 0.221112 0.864165 0.245905 0.877575 0.246107 0.876825 0.241511 0.874871 0.260179 0.868544 0.259487 0.863589 0.260265 0.863388 0.273625 0.868544 0.272849 0.868342 0.273541 0.863388 0.285358 0.863388 0.289951 0.865342 0.289749 0.866092 0.222167 0.87595 0.233442 0.87595 0.233344 0.876834 0.27274 0.869315 0.261063 0.869315 0.260957 0.868342 0.222167 0.864273 0.221863 0.863388 0.233344 0.863388 0.304874 0.863388 0.299881 0.86408 0.299881 0.875973 0.249557 0.864005 0.244603 0.863388 0.241511 0.874871 0.273541 0.863388 0.272849 0.868342 0.260957 0.868342 0.281704 0.876958 0.285156 0.864138 0.289749 0.866092 0.864966 0.534171 0.853289 0.534171 0.853289 0.545848 0.671071 0.283724 0.659395 0.283724 0.659395 0.307208 0.747298 0.14614 0.747298 0.169624 0.746243 0.16984 0.774506 0.373147 0.776069 0.373349 0.774676 0.368754 0.283097 0.771597 0.281704 0.766642 0.283267 0.766441 0.310136 0.771597 0.308574 0.771394 0.309966 0.766441 0.747806 0.373147 0.749199 0.368553 0.747636 0.368754 0.747298 0.169624 0.758573 0.169624 0.758476 0.171403 0.284875 0.772367 0.284659 0.771394 0.308574 0.771394 0.747298 0.14614 0.746994 0.144362 0.758476 0.144362 0.774506 0.373147 0.773113 0.368553 0.749199 0.368553 0.751379 0.178697 0.746243 0.17939 0.746243 0.191282 0.309966 0.766441 0.308574 0.771394 0.284659 0.771394 0.746243 0.200914 0.746243 0.214191 0.751381 0.213499 0.76196 0.07569098 0.750283 0.07569098 0.750283 0.08736699 0.839151 0.108147 0.888454 0.108147 0.880765 0.004999995 0.880765 0.004999995 0.839151 0.004999995 0.839151 0.108147 0.897334 0.439243 0.889644 0.439243 0.889644 0.465283 0.920411 0.465283 0.920411 0.508473 0.935794 0.465283 0.897334 0.439243 0.889644 0.465283 0.920411 0.465283 0.937999 0.465283 0.938004 0.439244 0.935794 0.465283 0.920411 0.508473 0.935794 0.508473 0.935794 0.465283 0.935794 0.465283 0.938004 0.439244 0.920411 0.465283 0.622598 0.608901 0.610921 0.608901 0.610921 0.620578 0.504928 0.661006 0.503875 0.661228 0.503875 0.636756 0.532794 0.613496 0.534393 0.613698 0.532968 0.609103 0.543674 0.614057 0.54225 0.609103 0.543848 0.608901 0.571343 0.614057 0.569745 0.613856 0.571169 0.608901 0.505473 0.613496 0.506898 0.608901 0.505299 0.609103 0.516205 0.661006 0.516108 0.662826 0.504625 0.662826 0.545495 0.614828 0.545273 0.613856 0.569745 0.613856 0.516205 0.636978 0.504928 0.636978 0.504625 0.635158 0.532794 0.613496 0.53137 0.608901 0.506898 0.608901 0.347441 0.485697 0.342297 0.486389 0.342296 0.498282 0.571169 0.608901 0.569745 0.613856 0.545273 0.613856 0.05953395 0.279684 0.05953299 0.292961 0.06467795 0.292268 0.105545 0.279684 0.09386795 0.279684 0.09386795 0.303168</float_array>
          <technique_common>
            <accessor source="#Mesh74_Group105_Group1_Model-mesh-map-0-array" count="6684" stride="2">
              <param name="S" type="float"/>
              <param name="T" type="float"/>
            </accessor>
          </technique_common>
        </source>
        <vertices id="Mesh74_Group105_Group1_Model-mesh-vertices">
          <input semantic="POSITION" source="#Mesh74_Group105_Group1_Model-mesh-positions"/>
        </vertices>
        <polylist material="FrontColor-material" count="2228">
          <input semantic="VERTEX" source="#Mesh74_Group105_Group1_Model-mesh-vertices" offset="0"/>
          <input semantic="NORMAL" source="#Mesh74_Group105_Group1_Model-mesh-normals" offset="1"/>
          <input semantic="TEXCOORD" source="#Mesh74_Group105_Group1_Model-mesh-map-0" offset="2" set="0"/>
          <vcount>3 3 3 3 3 3 3 3 3 3 3 3 3 3 3 3 3 3 3 3 3 3 3 3 3 3 3 3 3 3 3 3 3 3 3 3 3 3 3 3 3 3 3 3 3 3 3 3 3 3 3 3 3 3 3 3 3 3 3 3 3 3 3 3 3 3 3 3 3 3 3 3 3 3 3 3 3 3 3 3 3 3 3 3 3 3 3 3 3 3 3 3 3 3 3 3 3 3 3 3 3 3 3 3 3 3 3 3 3 3 3 3 3 3 3 3 3 3 3 3 3 3 3 3 3 3 3 3 3 3 3 3 3 3 3 3 3 3 3 3 3 3 3 3 3 3 3 3 3 3 3 3 3 3 3 3 3 3 3 3 3 3 3 3 3 3 3 3 3 3 3 3 3 3 3 3 3 3 3 3 3 3 3 3 3 3 3 3 3 3 3 3 3 3 3 3 3 3 3 3 3 3 3 3 3 3 3 3 3 3 3 3 3 3 3 3 3 3 3 3 3 3 3 3 3 3 3 3 3 3 3 3 3 3 3 3 3 3 3 3 3 3 3 3 3 3 3 3 3 3 3 3 3 3 3 3 3 3 3 3 3 3 3 3 3 3 3 3 3 3 3 3 3 3 3 3 3 3 3 3 3 3 3 3 3 3 3 3 3 3 3 3 3 3 3 3 3 3 3 3 3 3 3 3 3 3 3 3 3 3 3 3 3 3 3 3 3 3 3 3 3 3 3 3 3 3 3 3 3 3 3 3 3 3 3 3 3 3 3 3 3 3 3 3 3 3 3 3 3 3 3 3 3 3 3 3 3 3 3 3 3 3 3 3 3 3 3 3 3 3 3 3 3 3 3 3 3 3 3 3 3 3 3 3 3 3 3 3 3 3 3 3 3 3 3 3 3 3 3 3 3 3 3 3 3 3 3 3 3 3 3 3 3 3 3 3 3 3 3 3 3 3 3 3 3 3 3 3 3 3 3 3 3 3 3 3 3 3 3 3 3 3 3 3 3 3 3 3 3 3 3 3 3 3 3 3 3 3 3 3 3 3 3 3 3 3 3 3 3 3 3 3 3 3 3 3 3 3 3 3 3 3 3 3 3 3 3 3 3 3 3 3 3 3 3 3 3 3 3 3 3 3 3 3 3 3 3 3 3 3 3 3 3 3 3 3 3 3 3 3 3 3 3 3 3 3 3 3 3 3 3 3 3 3 3 3 3 3 3 3 3 3 3 3 3 3 3 3 3 3 3 3 3 3 3 3 3 3 3 3 3 3 3 3 3 3 3 3 3 3 3 3 3 3 3 3 3 3 3 3 3 3 3 3 3 3 3 3 3 3 3 3 3 3 3 3 3 3 3 3 3 3 3 3 3 3 3 3 3 3 3 3 3 3 3 3 3 3 3 3 3 3 3 3 3 3 3 3 3 3 3 3 3 3 3 3 3 3 3 3 3 3 3 3 3 3 3 3 3 3 3 3 3 3 3 3 3 3 3 3 3 3 3 3 3 3 3 3 3 3 3 3 3 3 3 3 3 3 3 3 3 3 3 3 3 3 3 3 3 3 3 3 3 3 3 3 3 3 3 3 3 3 3 3 3 3 3 3 3 3 3 3 3 3 3 3 3 3 3 3 3 3 3 3 3 3 3 3 3 3 3 3 3 3 3 3 3 3 3 3 3 3 3 3 3 3 3 3 3 3 3 3 3 3 3 3 3 3 3 3 3 3 3 3 3 3 3 3 3 3 3 3 3 3 3 3 3 3 3 3 3 3 3 3 3 3 3 3 3 3 3 3 3 3 3 3 3 3 3 3 3 3 3 3 3 3 3 3 3 3 3 3 3 3 3 3 3 3 3 3 3 3 3 3 3 3 3 3 3 3 3 3 3 3 3 3 3 3 3 3 3 3 3 3 3 3 3 3 3 3 3 3 3 3 3 3 3 3 3 3 3 3 3 3 3 3 3 3 3 3 3 3 3 3 3 3 3 3 3 3 3 3 3 3 3 3 3 3 3 3 3 3 3 3 3 3 3 3 3 3 3 3 3 3 3 3 3 3 3 3 3 3 3 3 3 3 3 3 3 3 3 3 3 3 3 3 3 3 3 3 3 3 3 3 3 3 3 3 3 3 3 3 3 3 3 3 3 3 3 3 3 3 3 3 3 3 3 3 3 3 3 3 3 3 3 3 3 3 3 3 3 3 3 3 3 3 3 3 3 3 3 3 3 3 3 3 3 3 3 3 3 3 3 3 3 3 3 3 3 3 3 3 3 3 3 3 3 3 3 3 3 3 3 3 3 3 3 3 3 3 3 3 3 3 3 3 3 3 3 3 3 3 3 3 3 3 3 3 3 3 3 3 3 3 3 3 3 3 3 3 3 3 3 3 3 3 3 3 3 3 3 3 3 3 3 3 3 3 3 3 3 3 3 3 3 3 3 3 3 3 3 3 3 3 3 3 3 3 3 3 3 3 3 3 3 3 3 3 3 3 3 3 3 3 3 3 3 3 3 3 3 3 3 3 3 3 3 3 3 3 3 3 3 3 3 3 3 3 3 3 3 3 3 3 3 3 3 3 3 3 3 3 3 3 3 3 3 3 3 3 3 3 3 3 3 3 3 3 3 3 3 3 3 3 3 3 3 3 3 3 3 3 3 3 3 3 3 3 3 3 3 3 3 3 3 3 3 3 3 3 3 3 3 3 3 3 3 3 3 3 3 3 3 3 3 3 3 3 3 3 3 3 3 3 3 3 3 3 3 3 3 3 3 3 3 3 3 3 3 3 3 3 3 3 3 3 3 3 3 3 3 3 3 3 3 3 3 3 3 3 3 3 3 3 3 3 3 3 3 3 3 3 3 3 3 3 3 3 3 3 3 3 3 3 3 3 3 3 3 3 3 3 3 3 3 3 3 3 3 3 3 3 3 3 3 3 3 3 3 3 3 3 3 3 3 3 3 3 3 3 3 3 3 3 3 3 3 3 3 3 3 3 3 3 3 3 3 3 3 3 3 3 3 3 3 3 3 3 3 3 3 3 3 3 3 3 3 3 3 3 3 3 3 3 3 3 3 3 3 3 3 3 3 3 3 3 3 3 3 3 3 3 3 3 3 3 3 3 3 3 3 3 3 3 3 3 3 3 3 3 3 3 3 3 3 3 3 3 3 3 3 3 3 3 3 3 3 3 3 3 3 3 3 3 3 3 3 3 3 3 3 3 3 3 3 3 3 3 3 3 3 3 3 3 3 3 3 3 3 3 3 3 3 3 3 3 3 3 3 3 3 3 3 3 3 3 3 3 3 3 3 3 3 3 3 3 3 3 3 3 3 3 3 3 3 3 3 3 3 3 3 3 3 3 3 3 3 3 3 3 3 3 3 3 3 3 3 3 3 3 3 3 3 3 3 3 3 3 3 3 3 3 3 3 3 3 3 3 3 3 3 3 3 3 3 3 3 3 3 3 3 3 3 3 3 3 3 3 3 3 3 3 3 3 3 3 3 3 3 3 3 3 3 3 3 3 3 3 3 3 3 3 3 3 3 3 3 3 3 3 3 3 3 3 3 3 3 3 3 3 3 3 3 3 3 3 3 3 3 3 3 3 3 3 3 3 3 3 3 3 3 3 3 3 3 3 3 3 3 3 3 3 3 3 3 3 3 3 3 3 3 3 3 3 3 3 3 3 3 3 3 3 3 3 3 3 3 3 3 3 3 3 3 3 3 3 3 3 3 3 3 3 3 3 3 3 3 3 3 3 3 3 3 3 3 3 3 3 3 3 3 3 3 3 3 3 3 3 3 3 3 3 3 3 3 3 3 3 3 3 3 3 3 3 3 3 3 3 3 3 3 3 3 3 3 3 3 3 3 3 3 3 3 3 3 3 3 3 3 3 3 3 3 3 3 3 3 3 3 3 3 3 3 3 3 3 3 3 3 3 3 3 3 3 3 3 3 3 3 3 3 3 3 3 3 3 3 3 3 3 3 3 3 3 3 3 3 3 3 3 3 3 3 3 3 3 3 3 3 3 3 3 3 3 3 3 3 3 3 3 3 3 3 3 3 3 3 3 3 3 3 3 3 3 3 3 3 3 3 3 3 3 3 3 3 3 3 3 3 3 3 3 3 3 3 3 3 3 3 3 3 3 3 3 3 3 3 3 3 3 3 3 3 3 3 3 3 3 3 3 3 3 3 3 3 3 3 3 3 3 3 3 3 3 3 3 3 3 3 3 3 3 3 3 3 3 3 3 3 3 3 3 3 3 3 3 3 3 3 3 3 3 3 3 3 3 3 3 3 3 3 3 3 3 3 3 3 3 3 3 3 3 3 3 3 3 3 3 3 3 3 3 3 3 3 3 3 3 3 3 3 3 3 3 3 3 3 3 3 3 3 3 3 3 3 3 3 3 3 3 3 3 3 3 3 3 3 3 3 3 3 3 3 3 3 3 3 3 3 3 3 3 3 3 3 3 3 3 3 3 3 3 3 3 3 3 3 3 3 3 3 3 3 3 3 3 3 3 3 3 3 3 3 3 3 3 3 3 3 3 3 3 3 3 3 3 3 3 3 3 3 3 3 3 3 3 3 3 3 3 3 3 3 3 3 3 3 3 3 3 3 3 3 3 3 3 3 3 3 3 3 3 3 3 3 3 3 3 3 3 3 3 3 3 3 3 3 3 3 3 3 3 3 3 3 3 3 3 3 3 3 3 3 3 3 3 3 3 3 3 3 3 3 3 3 3 3 3 3 3 3 3 3 3 3 3 3 3 3 3 3 3 3 3 3 3 3 3 3 3 3 3 3 3 3 3 3 3 3 3 3 3 3 3 3 3 3 3 3 3 3 3 3 3 3 3 3 3 3 3 3 3 3 3 3 3 3 3 3 3 3 3 3 3 3 3 3 3 3 3 3 3 3 3 3 3 3 3 3 3 3 3 3 3 3 3 3 3 3 3 3 3 3 3 3 3 3 3 3 3 3 3 3 3 3 3 3 3 3 3 3 3 3 3 3 3 3 3 3 3 3 3 3 3 3 3 3 3 </vcount>
          <p>1 0 0 3 1 1 0 2 2 0 3 3 4 4 4 1 5 5 5 6 6 4 4 7 0 3 8 5 6 9 6 7 10 4 4 11 6 7 12 5 6 13 7 8 14 8 9 15 7 8 16 5 6 17 7 8 18 8 9 19 9 10 20 9 10 21 8 9 22 1 5 23 9 10 24 1 5 25 4 4 26 8 11 27 2 12 28 1 13 29 5 14 30 10 15 31 8 16 32 0 17 33 12 18 34 5 19 35 14 20 36 16 21 37 13 22 38 18 23 39 20 24 40 17 25 41 22 26 42 24 27 43 21 28 44 26 29 45 21 28 46 25 30 47 28 31 48 25 30 49 27 32 50 30 33 51 27 32 52 29 34 53 32 35 54 29 34 55 31 36 56 23 37 57 31 36 58 24 27 59 33 38 60 32 35 61 23 37 62 35 39 63 34 40 64 33 38 65 33 38 66 22 26 67 35 39 68 35 39 69 26 29 70 37 41 71 36 42 72 37 41 73 38 43 74 36 42 75 28 31 76 30 33 77 37 41 78 28 31 79 38 43 80 34 40 81 30 33 82 32 35 83 40 44 84 42 44 85 39 45 86 44 46 87 46 47 88 43 48 89 47 49 90 44 50 91 43 51 92 49 52 93 50 53 94 51 54 95 50 53 96 43 51 97 52 55 98 53 56 99 50 53 100 52 55 101 55 57 102 53 56 103 56 58 104 54 59 105 57 60 106 48 61 107 58 62 108 48 61 109 57 60 110 44 50 111 48 61 112 58 62 113 60 63 114 47 64 115 59 65 116 61 66 117 62 67 118 63 68 119 62 67 120 59 65 121 47 64 122 64 69 123 47 64 124 49 70 125 66 71 126 64 69 127 65 72 128 65 72 129 64 69 130 49 70 131 61 66 132 68 73 133 67 74 134 66 71 135 61 66 136 63 68 137 60 75 138 59 76 139 69 77 140 59 76 141 70 78 142 69 77 143 71 79 144 59 76 145 61 80 146 72 81 147 70 78 148 73 82 149 72 81 150 74 83 151 67 84 152 71 79 153 67 84 154 74 83 155 64 85 156 63 85 157 62 85 158 65 86 159 68 87 160 66 88 161 76 89 162 65 90 163 77 91 164 79 92 165 81 93 166 78 94 167 78 94 168 77 91 169 79 92 170 81 93 171 83 95 172 82 95 173 85 96 174 76 97 175 84 98 176 86 99 177 87 100 178 88 101 179 87 100 180 85 96 181 88 101 182 89 102 183 75 103 184 85 96 185 90 104 186 86 99 187 88 101 188 84 105 189 88 105 190 85 105 191 93 106 192 84 107 193 92 108 194 76 109 195 92 108 196 84 107 197 93 106 198 91 110 199 90 111 200 92 112 201 94 113 202 93 114 203 95 115 204 94 113 205 96 116 206 97 117 207 95 115 208 98 112 209 99 118 210 97 117 211 100 119 212 96 116 213 98 112 214 95 115 215 92 120 216 78 121 217 94 122 218 96 123 219 81 124 220 82 125 221 94 122 222 78 121 223 81 124 224 98 126 225 48 127 226 97 128 227 100 129 228 60 130 229 69 131 230 60 130 231 97 128 232 48 127 233 98 126 234 101 132 235 102 133 236 101 132 237 96 123 238 82 125 239 54 134 240 98 126 241 102 133 242 91 105 243 86 135 244 76 105 245 95 136 246 91 137 247 93 138 248 99 139 249 105 140 250 95 136 251 103 141 252 95 136 253 105 140 254 101 142 255 105 143 256 103 144 257 109 145 258 80 146 259 108 147 260 110 148 261 51 149 262 50 150 263 111 151 264 77 152 265 51 149 266 111 151 267 79 153 268 77 152 269 79 153 270 108 147 271 80 146 272 101 154 273 83 155 274 112 156 275 113 157 276 54 158 277 102 159 278 110 148 279 50 150 280 113 157 281 110 160 282 112 156 283 109 145 284 83 155 285 109 145 286 112 156 287 109 112 288 108 161 289 110 162 290 111 163 291 110 162 292 108 161 293 65 164 294 51 165 295 77 166 296 52 167 297 115 168 298 53 169 299 43 112 300 116 112 301 52 112 302 53 170 303 117 171 304 56 172 305 99 173 306 107 174 307 104 175 308 99 173 309 106 176 310 107 174 311 106 176 312 100 177 313 69 178 314 72 179 315 106 180 316 69 181 317 104 182 318 120 183 319 119 184 320 122 185 321 118 186 322 121 187 323 120 183 324 122 185 325 119 184 326 121 187 327 118 186 328 72 179 329 121 188 330 67 189 331 123 190 332 89 191 333 68 192 334 75 193 335 123 190 336 67 189 337 68 192 338 123 194 339 122 195 340 121 196 341 87 197 342 123 194 343 89 172 344 87 198 345 125 199 346 124 200 347 126 201 348 103 202 349 105 203 350 124 200 351 119 204 352 122 205 353 124 200 354 125 199 355 126 201 356 125 206 357 91 206 358 103 206 359 119 207 360 105 207 361 104 207 362 120 95 363 106 95 364 118 95 365 102 105 366 112 105 367 113 105 368 55 172 369 128 172 370 57 172 371 56 208 372 127 209 373 55 210 374 57 211 375 129 212 376 58 213 377 44 214 378 129 215 379 45 216 380 131 217 381 133 217 382 130 218 383 134 219 384 135 220 385 136 221 386 135 220 387 138 222 388 137 223 389 139 224 390 141 225 391 138 222 392 142 226 393 144 227 394 145 228 395 147 229 396 149 230 397 146 231 398 150 232 399 136 221 400 151 233 401 152 234 402 136 221 403 135 220 404 147 229 405 152 234 406 148 235 407 153 236 408 148 235 409 152 234 410 153 236 411 142 226 412 145 228 413 153 236 414 141 225 415 142 226 416 137 223 417 138 222 418 141 225 419 139 237 420 134 238 421 150 239 422 140 240 423 142 241 424 141 242 425 149 243 426 145 244 427 144 245 428 151 246 429 147 247 430 146 248 431 155 249 432 157 207 433 154 250 434 159 251 435 154 250 436 158 30 437 161 252 438 158 30 439 160 253 440 163 254 441 160 253 442 162 255 443 165 256 444 162 255 445 164 257 446 156 258 447 164 257 448 157 207 449 167 259 450 156 258 451 166 260 452 168 261 453 167 259 454 166 260 455 168 261 456 156 258 457 155 249 458 170 262 459 155 249 460 159 251 461 169 263 462 170 262 463 171 264 464 171 264 465 163 254 466 169 263 467 171 264 468 159 251 469 161 252 470 169 263 471 165 256 472 167 259 473 173 265 474 175 266 475 172 267 476 177 268 477 172 267 478 176 269 479 179 270 480 176 269 481 178 105 482 181 271 483 178 105 484 180 272 485 183 273 486 180 272 487 182 274 488 174 275 489 182 274 490 175 266 491 185 276 492 174 275 493 184 260 494 186 277 495 185 276 496 184 260 497 186 277 498 174 275 499 173 265 500 188 278 501 173 265 502 177 268 503 187 279 504 188 278 505 189 280 506 189 280 507 181 271 508 187 279 509 189 280 510 177 268 511 179 270 512 187 279 513 183 273 514 185 276 515 190 281 516 191 282 517 192 283 518 191 282 519 194 284 520 193 285 521 195 286 522 197 287 523 194 284 524 198 288 525 200 289 526 201 290 527 203 291 528 205 292 529 202 293 530 206 294 531 192 283 532 207 233 533 208 295 534 192 283 535 191 282 536 203 291 537 208 295 538 204 296 539 209 297 540 204 296 541 208 295 542 209 297 543 198 288 544 201 290 545 209 297 546 197 287 547 198 288 548 193 285 549 194 284 550 197 287 551 195 237 552 190 298 553 206 299 554 196 300 555 198 301 556 197 302 557 205 243 558 201 244 559 200 245 560 207 303 561 203 304 562 202 305 563 211 306 564 213 307 565 210 308 566 214 309 567 215 310 568 216 311 569 215 310 570 218 312 571 217 313 572 218 312 573 220 314 574 221 315 575 223 316 576 225 317 577 222 318 578 226 319 579 228 320 580 229 321 581 214 309 582 231 322 583 230 323 584 215 310 585 227 324 586 216 311 587 227 324 588 232 325 589 228 320 590 233 326 591 228 320 592 232 325 593 233 326 594 222 318 595 225 317 596 217 313 597 222 318 598 233 326 599 217 313 600 218 312 601 221 315 602 219 327 603 214 328 604 230 329 605 223 330 606 221 331 607 220 332 608 229 333 609 225 334 610 224 335 611 226 336 612 216 337 613 227 338 614 235 339 615 237 340 616 234 341 617 239 342 618 234 341 619 238 343 620 241 344 621 238 343 622 240 345 623 243 346 624 240 345 625 242 347 626 245 348 627 242 347 628 244 349 629 236 350 630 244 349 631 237 340 632 246 351 633 245 348 634 236 350 635 246 351 636 249 352 637 247 353 638 246 351 639 235 339 640 248 354 641 248 354 642 239 342 643 250 355 644 251 356 645 248 354 646 250 355 647 249 352 648 241 344 649 243 346 650 250 355 651 241 344 652 251 356 653 247 353 654 243 346 655 245 348 656 253 357 657 255 358 658 252 359 659 256 360 660 257 361 661 258 362 662 259 363 663 256 360 664 260 364 665 261 365 666 263 366 667 260 364 668 264 367 669 266 368 670 267 369 671 269 370 672 271 371 673 268 372 674 272 373 675 258 362 676 273 374 677 274 375 678 258 362 679 257 361 680 269 370 681 274 375 682 270 376 683 275 377 684 270 376 685 274 375 686 275 377 687 264 367 688 267 369 689 275 377 690 263 366 691 264 367 692 259 363 693 260 364 694 263 366 695 261 378 696 256 379 697 272 380 698 262 381 699 264 382 700 263 383 701 271 384 702 267 385 703 266 386 704 273 387 705 269 388 706 268 389 707 276 390 708 277 391 709 278 392 710 279 393 711 276 390 712 280 394 713 280 394 714 282 395 715 283 396 716 284 397 717 286 398 718 287 399 719 289 400 720 291 401 721 288 402 722 276 390 723 293 403 724 292 404 725 277 391 726 289 400 727 278 392 728 289 400 729 294 405 730 290 406 731 295 407 732 290 406 733 294 405 734 295 407 735 284 397 736 287 399 737 279 393 738 284 397 739 295 407 740 279 393 741 280 394 742 283 396 743 281 408 744 276 409 745 292 410 746 285 411 747 283 412 748 282 413 749 291 414 750 287 415 751 286 416 752 288 417 753 278 418 754 289 419 755 297 420 756 299 207 757 296 250 758 301 421 759 296 250 760 300 30 761 303 252 762 300 30 763 302 253 764 305 422 765 302 253 766 304 255 767 307 423 768 304 255 769 306 257 770 298 258 771 306 257 772 299 207 773 309 424 774 298 258 775 308 260 776 310 425 777 309 424 778 308 260 779 310 425 780 298 258 781 297 420 782 312 426 783 297 420 784 301 421 785 311 427 786 312 426 787 313 428 788 313 428 789 305 422 790 311 427 791 313 428 792 301 421 793 303 252 794 311 427 795 307 423 796 309 424 797 314 429 798 315 430 799 316 431 800 315 430 801 318 432 802 317 433 803 319 434 804 321 435 805 318 432 806 322 436 807 324 437 808 325 438 809 327 439 810 329 440 811 326 441 812 330 442 813 316 431 814 331 443 815 315 430 816 327 439 817 316 431 818 327 439 819 332 444 820 328 445 821 332 444 822 325 438 823 328 445 824 333 446 825 322 436 826 325 438 827 317 433 828 322 436 829 333 446 830 317 433 831 318 432 832 321 435 833 319 447 834 314 448 835 330 449 836 320 450 837 322 451 838 321 452 839 329 453 840 325 454 841 324 455 842 331 456 843 327 457 844 326 458 845 334 459 846 335 460 847 336 461 848 335 460 849 338 462 850 337 463 851 339 464 852 341 465 853 338 462 854 343 466 855 345 467 856 342 468 857 346 469 858 348 470 859 349 471 860 350 472 861 336 461 862 351 473 863 352 474 864 336 461 865 335 460 866 347 475 867 352 474 868 348 470 869 352 474 870 345 467 871 348 470 872 353 476 873 342 468 874 345 467 875 353 476 876 341 465 877 342 468 878 337 463 879 338 462 880 341 465 881 350 477 882 338 478 883 334 479 884 340 480 885 342 481 886 341 482 887 349 483 888 345 484 889 344 485 890 351 486 891 347 487 892 346 488 893 355 489 894 357 490 895 354 491 896 359 492 897 361 493 898 358 494 899 362 495 900 363 496 901 364 497 902 363 496 903 366 498 904 365 499 905 367 500 906 369 501 907 366 498 908 370 502 909 372 503 910 373 504 911 375 505 912 377 506 913 374 507 914 378 508 915 364 497 916 379 509 917 363 496 918 375 505 919 364 497 920 375 505 921 380 510 922 376 511 923 380 510 924 373 504 925 376 511 926 381 512 927 370 502 928 373 504 929 365 499 930 370 502 931 381 512 932 365 499 933 366 498 934 369 501 935 367 513 936 362 514 937 378 515 938 371 516 939 369 517 940 368 518 941 377 519 942 373 520 943 372 521 944 374 522 945 364 523 946 375 524 947 383 525 948 385 526 949 382 527 950 387 528 951 389 529 952 386 341 953 391 530 954 386 341 955 390 343 956 393 531 957 390 343 958 392 532 959 395 533 960 392 532 961 394 534 962 397 535 963 394 534 964 396 536 965 388 537 966 396 536 967 389 529 968 398 538 969 397 535 970 388 537 971 400 539 972 399 540 973 398 538 974 398 538 975 387 528 976 400 539 977 400 539 978 391 530 979 402 541 980 401 542 981 402 541 982 403 543 983 401 542 984 393 531 985 395 533 986 402 541 987 393 531 988 403 543 989 399 540 990 395 533 991 397 535 992 404 544 993 405 545 994 406 546 995 405 545 996 408 547 997 407 548 998 409 549 999 411 550 1000 408 547 1001 412 551 1002 414 552 1003 415 553 1004 417 554 1005 419 555 1006 416 556 1007 420 557 1008 406 546 1009 421 558 1010 405 545 1011 417 554 1012 406 546 1013 417 554 1014 422 559 1015 418 560 1016 423 561 1017 418 560 1018 422 559 1019 423 561 1020 412 551 1021 415 553 1022 407 548 1023 412 551 1024 423 561 1025 407 548 1026 408 547 1027 411 550 1028 409 562 1029 404 563 1030 420 564 1031 413 565 1032 411 566 1033 410 567 1034 419 568 1035 415 569 1036 414 570 1037 416 571 1038 406 572 1039 417 573 1040 424 574 1041 425 575 1042 426 576 1043 427 577 1044 424 574 1045 428 578 1046 429 579 1047 431 580 1048 428 578 1049 432 581 1050 434 582 1051 435 583 1052 437 584 1053 439 585 1054 436 586 1055 440 587 1056 426 576 1057 441 588 1058 425 575 1059 437 584 1060 426 576 1061 437 584 1062 442 589 1063 438 590 1064 443 591 1065 438 590 1066 442 589 1067 443 591 1068 432 581 1069 435 583 1070 427 577 1071 432 581 1072 443 591 1073 427 577 1074 428 578 1075 431 580 1076 429 592 1077 424 593 1078 440 594 1079 433 595 1080 431 596 1081 430 597 1082 439 598 1083 435 599 1084 434 600 1085 436 601 1086 426 602 1087 437 603 1088 444 604 1089 445 605 1090 446 606 1091 445 605 1092 448 607 1093 447 608 1094 449 609 1095 451 610 1096 448 607 1097 453 611 1098 455 612 1099 452 613 1100 456 614 1101 458 615 1102 459 616 1103 460 617 1104 446 606 1105 461 618 1106 462 619 1107 446 606 1108 445 605 1109 457 620 1110 462 619 1111 458 615 1112 463 621 1113 458 615 1114 462 619 1115 463 621 1116 452 613 1117 455 612 1118 463 621 1119 451 610 1120 452 613 1121 447 608 1122 448 607 1123 451 610 1124 449 622 1125 444 623 1126 460 624 1127 450 625 1128 452 626 1129 451 627 1130 459 628 1131 455 629 1132 454 630 1133 461 631 1134 457 632 1135 456 633 1136 464 634 1137 465 635 1138 466 636 1139 467 637 1140 464 634 1141 468 638 1142 469 639 1143 471 640 1144 468 638 1145 472 641 1146 474 642 1147 475 643 1148 477 644 1149 479 645 1150 476 646 1151 480 647 1152 466 636 1153 481 648 1154 465 635 1155 477 644 1156 466 636 1157 477 644 1158 482 649 1159 478 650 1160 483 651 1161 478 650 1162 482 649 1163 483 651 1164 472 641 1165 475 643 1166 467 637 1167 472 641 1168 483 651 1169 467 637 1170 468 638 1171 471 640 1172 469 652 1173 464 653 1174 480 562 1175 473 654 1176 471 655 1177 470 656 1178 479 657 1179 475 658 1180 474 659 1181 476 660 1182 466 661 1183 477 662 1184 484 663 1185 485 664 1186 486 665 1187 485 664 1188 488 666 1189 487 667 1190 489 668 1191 491 669 1192 488 666 1193 492 670 1194 494 671 1195 495 672 1196 497 673 1197 499 674 1198 496 675 1199 500 676 1200 486 665 1201 501 677 1202 485 664 1203 497 673 1204 486 665 1205 497 673 1206 502 678 1207 498 679 1208 503 680 1209 498 679 1210 502 678 1211 503 680 1212 492 670 1213 495 672 1214 487 667 1215 492 670 1216 503 680 1217 487 667 1218 488 666 1219 491 669 1220 489 681 1221 484 682 1222 500 683 1223 493 684 1224 491 685 1225 490 686 1226 499 687 1227 495 688 1228 494 689 1229 496 690 1230 486 691 1231 497 692 1232 504 693 1233 505 694 1234 506 695 1235 505 694 1236 508 696 1237 507 697 1238 509 698 1239 511 699 1240 508 696 1241 512 700 1242 514 701 1243 515 702 1244 517 703 1245 519 704 1246 516 705 1247 520 706 1248 506 695 1249 521 707 1250 522 708 1251 506 695 1252 505 694 1253 517 703 1254 522 708 1255 518 709 1256 523 710 1257 518 709 1258 522 708 1259 523 710 1260 512 700 1261 515 702 1262 523 710 1263 511 699 1264 512 700 1265 507 697 1266 508 696 1267 511 699 1268 509 711 1269 504 712 1270 520 713 1271 513 714 1272 511 715 1273 510 716 1274 519 717 1275 515 718 1276 514 719 1277 516 720 1278 506 721 1279 517 722 1280 525 723 1281 527 724 1282 524 725 1283 528 726 1284 529 727 1285 530 728 1286 531 729 1287 528 726 1288 532 730 1289 533 731 1290 535 732 1291 532 730 1292 536 733 1293 538 734 1294 539 735 1295 541 736 1296 543 737 1297 540 738 1298 544 739 1299 530 728 1300 545 740 1301 546 741 1302 530 728 1303 529 727 1304 541 736 1305 546 741 1306 542 742 1307 547 743 1308 542 742 1309 546 741 1310 547 743 1311 536 733 1312 539 735 1313 547 743 1314 535 732 1315 536 733 1316 531 729 1317 532 730 1318 535 732 1319 533 744 1320 528 745 1321 544 746 1322 537 747 1323 535 748 1324 534 749 1325 543 750 1326 539 751 1327 538 752 1328 540 753 1329 530 754 1330 541 755 1331 549 756 1332 551 757 1333 548 758 1334 552 759 1335 553 760 1336 554 761 1337 555 762 1338 552 759 1339 556 763 1340 557 764 1341 559 765 1342 556 763 1343 560 766 1344 562 767 1345 563 768 1346 565 769 1347 567 770 1348 564 771 1349 568 772 1350 554 761 1351 569 773 1352 553 760 1353 565 769 1354 554 761 1355 565 769 1356 570 774 1357 566 775 1358 571 776 1359 566 775 1360 570 774 1361 571 776 1362 560 766 1363 563 768 1364 555 762 1365 560 766 1366 571 776 1367 555 762 1368 556 763 1369 559 765 1370 557 777 1371 552 778 1372 568 779 1373 561 780 1374 559 781 1375 558 782 1376 567 783 1377 563 784 1378 562 785 1379 564 786 1380 554 787 1381 565 788 1382 572 789 1383 573 790 1384 574 791 1385 573 790 1386 576 792 1387 575 793 1388 577 794 1389 579 795 1390 576 792 1391 580 796 1392 582 797 1393 583 798 1394 585 799 1395 587 800 1396 584 801 1397 588 802 1398 574 791 1399 589 803 1400 573 790 1401 585 799 1402 574 791 1403 585 799 1404 590 804 1405 586 805 1406 591 806 1407 586 805 1408 590 804 1409 591 806 1410 580 796 1411 583 798 1412 575 793 1413 580 796 1414 591 806 1415 575 793 1416 576 792 1417 579 795 1418 577 807 1419 572 808 1420 588 515 1421 581 809 1422 579 810 1423 578 811 1424 587 812 1425 583 813 1426 582 814 1427 584 815 1428 574 816 1429 585 817 1430 592 818 1431 593 819 1432 594 820 1433 595 821 1434 592 818 1435 596 822 1436 597 823 1437 599 824 1438 596 822 1439 600 825 1440 602 826 1441 603 827 1442 605 828 1443 607 829 1444 604 830 1445 608 831 1446 594 820 1447 609 832 1448 593 819 1449 605 828 1450 594 820 1451 605 828 1452 610 833 1453 606 834 1454 611 835 1455 606 834 1456 610 833 1457 611 835 1458 600 825 1459 603 827 1460 595 821 1461 600 825 1462 611 835 1463 595 821 1464 596 822 1465 599 824 1466 597 562 1467 592 836 1468 608 837 1469 601 838 1470 599 839 1471 598 413 1472 607 840 1473 603 841 1474 602 842 1475 604 843 1476 594 844 1477 605 845 1478 613 846 1479 615 847 1480 612 848 1481 612 848 1482 617 849 1483 613 846 1484 614 850 1485 619 851 1486 615 847 1487 616 852 1488 621 853 1489 617 849 1490 623 854 1491 625 855 1492 622 856 1493 627 857 1494 622 856 1495 626 858 1496 626 858 1497 629 859 1498 627 857 1499 618 860 1500 628 861 1501 619 851 1502 620 862 1503 631 863 1504 621 853 1505 633 864 1506 635 865 1507 632 866 1508 632 866 1509 637 867 1510 633 864 1511 639 868 1512 636 869 1513 638 870 1514 638 870 1515 624 871 1516 639 868 1517 630 872 1518 641 873 1519 631 863 1520 640 874 1521 643 875 1522 641 873 1523 642 876 1524 634 877 1525 643 875 1526 612 878 1527 645 879 1528 616 880 1529 615 881 1530 644 882 1531 612 878 1532 615 881 1533 647 883 1534 646 884 1535 616 880 1536 648 885 1537 620 886 1538 622 887 1539 649 888 1540 650 889 1541 626 890 1542 652 891 1543 628 892 1544 622 887 1545 651 893 1546 626 890 1547 628 892 1548 647 883 1549 619 894 1550 630 895 1551 648 885 1552 653 896 1553 632 897 1554 654 898 1555 655 899 1556 632 897 1557 656 900 1558 636 901 1559 636 901 1560 657 902 1561 638 903 1562 638 903 1563 649 888 1564 625 904 1565 630 895 1566 658 905 1567 640 906 1568 640 906 1569 659 907 1570 642 908 1571 635 909 1572 659 907 1573 654 898 1574 661 910 1575 614 911 1576 660 912 1577 660 912 1578 613 913 1579 662 914 1580 663 915 1581 613 913 1582 617 916 1583 663 915 1584 621 917 1585 664 918 1586 665 919 1587 618 920 1588 661 910 1589 664 918 1590 631 921 1591 666 922 1592 667 923 1593 639 924 1594 624 925 1595 667 923 1596 623 926 1597 669 927 1598 669 927 1599 627 928 1600 670 929 1601 665 919 1602 627 928 1603 629 930 1604 666 922 1605 641 931 1606 671 932 1607 673 933 1608 634 934 1609 672 935 1610 672 935 1611 633 936 1612 674 937 1613 674 937 1614 637 938 1615 675 939 1616 668 940 1617 637 938 1618 639 924 1619 673 933 1620 641 931 1621 643 941 1622 677 942 1623 660 943 1624 676 105 1625 662 944 1626 676 105 1627 660 943 1628 662 944 1629 679 945 1630 678 946 1631 664 105 1632 679 945 1633 663 105 1634 681 947 1635 661 948 1636 677 942 1637 666 949 1638 680 105 1639 664 105 1640 667 950 1641 684 951 1642 668 105 1643 669 952 1644 683 953 1645 667 950 1646 685 954 1647 670 955 1648 686 956 1649 681 947 1650 670 955 1651 665 957 1652 682 958 1653 671 959 1654 687 960 1655 673 961 1656 688 962 1657 689 963 1658 674 964 1659 688 962 1660 672 105 1661 690 965 1662 675 966 1663 691 967 1664 675 966 1665 684 951 1666 691 967 1667 671 959 1668 689 963 1669 687 960 1670 676 968 1671 693 969 1672 677 970 1673 678 971 1674 692 972 1675 676 968 1676 677 970 1677 695 973 1678 681 974 1679 679 975 1680 694 976 1681 678 971 1682 680 977 1683 696 978 1684 679 975 1685 682 979 1686 697 980 1687 680 977 1688 686 981 1689 700 982 1690 685 983 1691 681 974 1692 699 984 1693 686 981 1694 687 985 1695 698 986 1696 682 979 1697 691 987 1698 703 988 1699 690 989 1700 684 990 1701 702 991 1702 691 987 1703 683 992 1704 704 993 1705 684 990 1706 685 983 1707 705 994 1708 683 992 1709 688 995 1710 707 996 1711 689 997 1712 690 989 1713 706 998 1714 688 995 1715 689 997 1716 701 999 1717 687 985 1718 648 207 1719 645 207 1720 708 207 1721 644 207 1722 708 207 1723 645 207 1724 709 207 1725 644 207 1726 646 207 1727 646 207 1728 647 207 1729 709 207 1730 652 207 1731 709 207 1732 647 207 1733 651 207 1734 709 207 1735 652 207 1736 710 1000 1737 651 207 1738 650 207 1739 650 207 1740 649 1001 1741 710 1000 1742 653 207 1743 648 207 1744 708 207 1745 708 207 1746 658 207 1747 653 207 1748 710 1000 1749 708 207 1750 709 207 1751 711 1002 1752 656 207 1753 655 207 1754 655 207 1755 654 1003 1756 711 1002 1757 649 1001 1758 657 1004 1759 710 1000 1760 656 207 1761 710 1000 1762 657 1004 1763 659 1005 1764 711 1002 1765 654 1003 1766 658 207 1767 711 1002 1768 659 1005 1769 693 1006 1770 712 1007 1771 695 105 1772 712 1007 1773 692 1008 1774 713 105 1775 694 1009 1776 713 105 1777 692 1008 1778 715 1010 1779 694 1009 1780 696 1011 1781 699 105 1782 712 1007 1783 716 105 1784 717 1012 1785 701 1013 1786 707 1014 1787 719 105 1788 701 1013 1789 718 105 1790 715 1010 1791 698 1015 1792 719 105 1793 697 1016 1794 715 1010 1795 696 1011 1796 721 1017 1797 700 1018 1798 720 105 1799 705 1019 1800 721 1017 1801 704 1020 1802 721 1017 1803 702 1021 1804 704 1020 1805 723 105 1806 702 1021 1807 722 105 1808 717 1012 1809 703 1022 1810 723 105 1811 706 1023 1812 717 1012 1813 707 1014 1814 720 105 1815 699 105 1816 716 105 1817 725 1024 1818 713 1025 1819 724 1026 1820 727 1027 1821 715 1028 1822 726 1029 1823 724 1026 1824 714 1030 1825 727 1027 1826 731 1031 1827 727 1032 1828 729 1033 1829 728 1034 1830 718 1035 1831 729 1036 1832 726 1037 1833 719 1038 1834 728 1034 1835 729 1036 1836 717 1039 1837 730 1040 1838 735 1041 1839 712 1042 1840 725 1043 1841 734 1044 1842 716 1045 1843 735 1041 1844 733 1046 1845 720 1047 1846 734 1044 1847 732 1048 1848 721 1049 1849 733 1050 1850 731 1051 1851 722 1052 1852 732 1048 1853 730 1053 1854 723 1054 1855 731 1051 1856 736 1055 1857 737 1056 1858 738 1057 1859 737 1056 1860 740 1058 1861 739 1059 1862 740 1058 1863 742 1060 1864 743 1061 1865 745 1062 1866 747 1063 1867 744 1064 1868 748 1065 1869 750 1066 1870 751 1067 1871 736 1055 1872 753 1068 1873 752 1069 1874 737 1056 1875 749 1070 1876 738 1057 1877 749 1070 1878 754 1071 1879 750 1066 1880 754 1071 1881 747 1063 1882 750 1066 1883 755 1072 1884 744 1064 1885 747 1063 1886 739 1059 1887 744 1064 1888 755 1072 1889 739 1059 1890 740 1058 1891 743 1061 1892 752 1073 1893 740 1074 1894 736 1075 1895 745 1076 1896 743 1077 1897 742 1078 1898 751 1079 1899 747 1080 1900 746 1081 1901 748 1082 1902 738 1083 1903 749 419 1904 757 44 1905 759 44 1906 756 1084 1907 760 1085 1908 761 1086 1909 762 1087 1910 761 1086 1911 764 1088 1912 763 1089 1913 765 1090 1914 767 1091 1915 764 1088 1916 768 1092 1917 770 503 1918 771 1093 1919 773 1094 1920 775 506 1921 772 507 1922 776 1095 1923 762 1087 1924 777 509 1925 761 1086 1926 773 1094 1927 762 1087 1928 773 1094 1929 778 1096 1930 774 1097 1931 779 1098 1932 774 1097 1933 778 1096 1934 779 1098 1935 768 1092 1936 771 1093 1937 763 1089 1938 768 1092 1939 779 1098 1940 763 1089 1941 764 1088 1942 767 1091 1943 765 1099 1944 760 1100 1945 776 1101 1946 769 1102 1947 767 1103 1948 766 1104 1949 775 1105 1950 771 1106 1951 770 521 1952 772 1107 1953 762 1108 1954 773 524 1955 781 1109 1956 783 206 1957 780 206 1958 785 1110 1959 780 172 1960 784 172 1961 787 1111 1962 784 95 1963 786 95 1964 782 1112 1965 786 112 1966 783 112 1967 788 1113 1968 787 1111 1969 782 1112 1970 791 1114 1971 788 1113 1972 790 1115 1973 791 1114 1974 792 1116 1975 793 1117 1976 794 1118 1977 792 1116 1978 790 1115 1979 796 1119 1980 790 1115 1981 788 1113 1982 796 1119 1983 782 1112 1984 781 1109 1985 796 1119 1986 785 1110 1987 797 1120 1988 798 1121 1989 796 1119 1990 797 1120 1991 798 1121 1992 795 1122 1993 794 1118 1994 791 1114 1995 799 1123 1996 798 1121 1997 791 1114 1998 797 1120 1999 789 1124 2000 797 1120 2001 787 1111 2002 789 1124 2003 799 1123 2004 801 206 2005 800 206 2006 795 1122 2007 800 112 2008 802 112 2009 792 1116 2010 802 95 2011 803 95 2012 793 1117 2013 803 172 2014 801 172 2015 805 1125 2016 807 266 2017 804 267 2018 809 1126 2019 804 267 2020 808 269 2021 811 270 2022 808 269 2023 810 105 2024 813 1127 2025 810 105 2026 812 272 2027 815 1128 2028 812 272 2029 814 274 2030 806 275 2031 814 274 2032 807 266 2033 817 1129 2034 806 275 2035 816 260 2036 818 1130 2037 817 1129 2038 816 260 2039 818 1130 2040 806 275 2041 805 1125 2042 820 1131 2043 805 1125 2044 809 1126 2045 819 1132 2046 820 1131 2047 821 1133 2048 821 1133 2049 813 1127 2050 819 1132 2051 821 1133 2052 809 1126 2053 811 270 2054 819 1132 2055 815 1128 2056 817 1129 2057 823 1134 2058 825 1134 2059 822 1135 2060 827 1136 2061 829 1136 2062 826 1084 2063 830 1137 2064 831 1138 2065 832 1139 2066 831 1138 2067 834 1140 2068 833 1141 2069 835 1142 2070 837 1143 2071 834 1140 2072 838 1144 2073 840 1145 2074 841 1146 2075 843 1147 2076 845 1148 2077 842 1149 2078 846 1150 2079 832 1139 2080 847 1151 2081 831 1138 2082 843 1147 2083 832 1139 2084 843 1147 2085 848 1152 2086 844 1153 2087 849 1154 2088 844 1153 2089 848 1152 2090 849 1154 2091 838 1144 2092 841 1146 2093 833 1141 2094 838 1144 2095 849 1154 2096 833 1141 2097 834 1140 2098 837 1143 2099 835 562 2100 830 563 2101 846 564 2102 839 1155 2103 837 1156 2104 836 1157 2105 845 1158 2106 841 1159 2107 840 1160 2108 842 1161 2109 832 1162 2110 843 1163 2111 851 1164 2112 853 1165 2113 850 28 2114 855 1166 2115 850 28 2116 854 30 2117 857 1167 2118 854 30 2119 856 1168 2120 859 1169 2121 856 1168 2122 858 1170 2123 861 1171 2124 858 1170 2125 860 1172 2126 852 1173 2127 860 1172 2128 853 1165 2129 862 1174 2130 861 1171 2131 852 1173 2132 862 1174 2133 865 1175 2134 863 1176 2135 862 1174 2136 851 1164 2137 864 1177 2138 864 1177 2139 855 1166 2140 866 1178 2141 867 1179 2142 864 1177 2143 866 1178 2144 865 1175 2145 857 1167 2146 859 1169 2147 866 1178 2148 857 1167 2149 867 1179 2150 863 1176 2151 859 1169 2152 861 1171 2153 868 1180 2154 869 1181 2155 870 1182 2156 869 1181 2157 872 1183 2158 871 1184 2159 873 1185 2160 875 1186 2161 872 1183 2162 876 1187 2163 878 1188 2164 879 1189 2165 881 1190 2166 883 1191 2167 880 1192 2168 884 1193 2169 870 1182 2170 885 1194 2171 886 1195 2172 870 1182 2173 869 1181 2174 881 1190 2175 886 1195 2176 882 1196 2177 887 1197 2178 882 1196 2179 886 1195 2180 887 1197 2181 876 1187 2182 879 1189 2183 887 1197 2184 875 1186 2185 876 1187 2186 871 1184 2187 872 1183 2188 875 1186 2189 884 1198 2190 872 1199 2191 868 1200 2192 877 1201 2193 875 1202 2194 874 1203 2195 883 1204 2196 879 1205 2197 878 628 2198 880 1206 2199 870 1207 2200 881 1208 2201 888 1209 2202 889 1210 2203 890 1211 2204 891 1212 2205 888 1209 2206 892 1213 2207 893 1214 2208 895 1215 2209 892 1213 2210 896 1216 2211 898 1217 2212 899 1218 2213 901 1219 2214 903 1220 2215 900 1221 2216 904 1222 2217 890 1211 2218 905 1223 2219 906 1224 2220 890 1211 2221 889 1210 2222 901 1219 2223 906 1224 2224 902 1225 2225 907 1226 2226 902 1225 2227 906 1224 2228 907 1226 2229 896 1216 2230 899 1218 2231 907 1226 2232 895 1215 2233 896 1216 2234 891 1212 2235 892 1213 2236 895 1215 2237 893 1227 2238 888 1228 2239 904 1229 2240 894 1230 2241 896 1231 2242 895 1232 2243 903 1233 2244 899 1234 2245 898 1235 2246 905 1236 2247 901 1237 2248 900 1238 2249 908 1239 2250 909 1240 2251 910 1241 2252 909 1240 2253 912 1242 2254 911 1243 2255 913 1244 2256 915 1245 2257 912 1242 2258 916 1246 2259 918 1247 2260 919 1248 2261 921 1249 2262 923 1250 2263 920 1251 2264 924 1252 2265 910 1241 2266 925 1253 2267 909 1240 2268 921 1249 2269 910 1241 2270 921 1249 2271 926 1254 2272 922 1255 2273 926 1254 2274 919 1248 2275 922 1255 2276 927 1256 2277 916 1246 2278 919 1248 2279 911 1243 2280 916 1246 2281 927 1256 2282 911 1243 2283 912 1242 2284 915 1245 2285 924 1257 2286 912 327 2287 908 1258 2288 917 1259 2289 915 1260 2290 914 1261 2291 923 1262 2292 919 1263 2293 918 785 2294 920 1264 2295 910 1265 2296 921 1266 2297 929 1267 2298 931 1267 2299 928 1268 2300 933 1269 2301 935 1269 2302 932 1270 2303 937 1136 2304 939 44 2305 936 724 2306 941 1271 2307 943 1271 2308 940 1272 2309 945 1273 2310 947 1273 2311 944 1272 2312 949 1136 2313 951 44 2314 948 724 2315 953 1274 2316 955 1274 2317 952 1275 2318 957 1276 2319 959 1276 2320 956 1277 2321 961 756 2322 963 757 2323 960 758 2324 965 1278 2325 967 1279 2326 964 1280 2327 964 1280 2328 969 112 2329 968 112 2330 970 112 2331 966 1281 2332 965 1278 2333 965 1282 2334 972 1283 2335 973 105 2336 972 1283 2337 964 1284 2338 974 105 2339 974 105 2340 964 1284 2341 975 105 2342 968 105 2343 975 105 2344 964 1284 2345 978 105 2346 980 105 2347 977 105 2348 977 105 2349 980 105 2350 981 105 2351 981 105 2352 983 1285 2353 982 1286 2354 983 1285 2355 984 1287 2356 982 1286 2357 970 1288 2358 985 105 2359 986 1289 2360 973 105 2361 985 105 2362 965 1282 2363 987 105 2364 976 105 2365 968 105 2366 988 105 2367 987 105 2368 968 105 2369 989 105 2370 988 105 2371 968 105 2372 991 1290 2373 993 1291 2374 994 1292 2375 993 1291 2376 992 1293 2377 995 1294 2378 995 1294 2379 992 1293 2380 996 1295 2381 996 1295 2382 992 1293 2383 997 1296 2384 992 1293 2385 998 1297 2386 997 1296 2387 999 1298 2388 998 1297 2389 979 1299 2390 1000 1300 2391 999 1298 2392 979 1299 2393 1001 1301 2394 1000 1300 2395 979 1299 2396 1001 1301 2397 979 1299 2398 978 105 2399 991 1290 2400 990 105 2401 989 105 2402 986 1289 2403 984 1287 2404 970 1288 2405 967 1302 2406 1003 1303 2407 969 1304 2408 971 1305 2409 967 1302 2410 966 1306 2411 1004 1307 2412 971 1305 2413 1005 105 2414 969 1304 2415 1007 105 2416 1006 105 2417 979 1308 2418 1004 1309 2419 980 1310 2420 991 1311 2421 1003 1312 2422 992 1313 2423 992 1313 2424 1002 1314 2425 979 1308 2426 1008 1315 2427 978 1316 2428 977 1317 2429 1008 1315 2430 981 1318 2431 1010 1319 2432 1011 1320 2433 981 1318 2434 982 1321 2435 1011 1320 2436 984 1322 2437 1012 1323 2438 1013 1324 2439 985 1325 2440 973 1326 2441 1016 1327 2442 987 1328 2443 1015 1329 2444 1017 1330 2445 976 1331 2446 1016 1327 2447 1017 1330 2448 974 1332 2449 975 1333 2450 1018 1334 2451 972 1335 2452 974 1332 2453 1013 1324 2454 972 1335 2455 1019 1336 2456 1020 1337 2457 987 1328 2458 988 1338 2459 1021 1339 2460 988 1338 2461 990 1340 2462 1022 1341 2463 998 1342 2464 999 1343 2465 1009 1344 2466 1001 1345 2467 978 1316 2468 1025 1346 2469 1001 1345 2470 1024 1347 2471 1022 1341 2472 1000 1348 2473 1025 1346 2474 1021 1339 2475 994 1349 2476 1026 1350 2477 1026 1350 2478 993 1351 2479 1027 1352 2480 1028 1353 2481 993 1351 2482 995 1354 2483 1029 1355 2484 995 1354 2485 996 1356 2486 1029 1355 2487 997 1357 2488 1030 1358 2489 1030 1358 2490 998 1342 2491 1023 1359 2492 1012 1323 2493 986 1360 2494 1031 1361 2495 1014 1362 2496 986 1360 2497 985 1325 2498 1008 1363 2499 1033 1364 2500 1009 1365 2501 1010 1366 2502 1032 1367 2503 1008 1363 2504 1011 1368 2505 1034 1369 2506 1010 1366 2507 1012 1370 2508 1035 1371 2509 1011 1368 2510 1037 1372 2511 1014 1373 2512 1013 1374 2513 1039 1375 2514 1013 1374 2515 1019 1376 2516 1040 1377 2517 1019 1376 2518 1018 1378 2519 1041 1379 2520 1018 1378 2521 1017 1380 2522 1042 1381 2523 1017 1380 2524 1016 1382 2525 1042 1381 2526 1015 1383 2527 1043 1383 2528 1043 1383 2529 1020 1384 2530 1044 1385 2531 1044 1385 2532 1021 1386 2533 1045 1387 2534 1046 1388 2535 1023 1389 2536 1022 1390 2537 1048 1391 2538 1022 1390 2539 1025 1392 2540 1049 1393 2541 1025 1392 2542 1024 1394 2543 1009 1365 2544 1049 1393 2545 1024 1394 2546 1047 1395 2547 1030 1396 2548 1023 1389 2549 1050 1397 2550 1029 1398 2551 1030 1396 2552 1051 1399 2553 1028 1400 2554 1029 1398 2555 1053 1401 2556 1028 1400 2557 1052 1402 2558 1054 1403 2559 1027 1401 2560 1053 1401 2561 1045 1387 2562 1026 1404 2563 1054 1403 2564 1038 1405 2565 1031 1406 2566 1014 1373 2567 1031 1406 2568 1036 1407 2569 1012 1370 2570 983 1408 2571 971 1408 2572 970 1409 2573 980 206 2574 1005 206 2575 983 206 2576 968 1410 2577 1006 1411 2578 989 1412 2579 989 95 2580 1007 95 2581 991 95 2582 1057 1413 2583 1059 1414 2584 1056 1415 2585 1061 1416 2586 1056 1415 2587 1060 1417 2588 1063 1418 2589 1060 1417 2590 1062 1419 2591 1065 1420 2592 1062 1419 2593 1064 1421 2594 1067 1422 2595 1064 1421 2596 1066 1423 2597 1068 1424 2598 1067 1422 2599 1066 1423 2600 1070 1425 2601 1069 1426 2602 1068 1424 2603 1072 1427 2604 1071 1428 2605 1070 1425 2606 1074 1429 2607 1073 1430 2608 1072 1427 2609 1076 1431 2610 1075 1432 2611 1074 1429 2612 1079 1433 2613 1076 1431 2614 1078 1434 2615 1080 1435 2616 1079 1433 2617 1078 1434 2618 1083 1436 2619 1080 1435 2620 1082 1437 2621 1084 1438 2622 1083 1436 2623 1082 1437 2624 1087 1439 2625 1084 1438 2626 1086 1440 2627 1089 1441 2628 1086 1440 2629 1088 1442 2630 1090 1443 2631 1089 1441 2632 1088 1442 2633 1093 1444 2634 1090 1443 2635 1092 1445 2636 1094 1446 2637 1093 1444 2638 1092 1445 2639 1096 1447 2640 1095 1448 2641 1094 1446 2642 1099 1449 2643 1096 1447 2644 1098 1450 2645 1100 1451 2646 1099 1449 2647 1098 1450 2648 1103 1452 2649 1100 1451 2650 1102 1453 2651 1059 1414 2652 1103 1452 2653 1102 1453 2654 1104 1454 2655 1103 1455 2656 1058 1456 2657 1106 1457 2658 1073 1458 2659 1075 1459 2660 1107 1460 2661 1071 1461 2662 1073 1458 2663 1109 1462 2664 1071 1461 2665 1108 1463 2666 1110 1464 2667 1069 1465 2668 1109 1462 2669 1104 1454 2670 1057 1466 2671 1111 1467 2672 1111 1467 2673 1061 1468 2674 1112 1469 2675 1113 1470 2676 1061 1468 2677 1063 1471 2678 1114 1472 2679 1063 1471 2680 1065 1473 2681 1110 1464 2682 1065 1473 2683 1067 1474 2684 1115 1475 2685 1077 1476 2686 1079 1477 2687 1106 1457 2688 1077 1476 2689 1116 1478 2690 1115 1475 2691 1081 1479 2692 1117 1480 2693 1118 1481 2694 1081 1479 2695 1083 1482 2696 1118 1481 2697 1085 1483 2698 1119 1484 2699 1119 1484 2700 1087 1485 2701 1120 1486 2702 1120 1486 2703 1089 1487 2704 1121 1488 2705 1122 1489 2706 1089 1487 2707 1091 1490 2708 1122 1489 2709 1093 1491 2710 1123 1492 2711 1123 1492 2712 1095 1493 2713 1124 1494 2714 1125 1495 2715 1095 1493 2716 1097 1496 2717 1126 1497 2718 1097 1496 2719 1099 1498 2720 1127 1499 2721 1099 1498 2722 1101 1500 2723 1127 1499 2724 1103 1455 2725 1105 1501 2726 1128 1502 2727 1105 1503 2728 1104 1504 2729 1107 1505 2730 1130 1506 2731 1131 1507 2732 1107 1505 2733 1132 1508 2734 1108 1509 2735 1109 1510 2736 1132 1508 2737 1133 1511 2738 1110 1512 2739 1133 1511 2740 1134 1513 2741 1135 1514 2742 1110 1512 2743 1134 1513 2744 1136 1515 2745 1114 1516 2746 1135 1514 2747 1136 1515 2748 1112 1517 2749 1113 1518 2750 1137 1519 2751 1111 1520 2752 1112 1517 2753 1128 1502 2754 1111 1520 2755 1138 1521 2756 1139 1522 2757 1105 1503 2758 1129 1523 2759 1140 1524 2760 1127 1525 2761 1139 1522 2762 1141 1526 2763 1126 1527 2764 1140 1524 2765 1142 1528 2766 1125 1529 2767 1141 1526 2768 1143 1530 2769 1124 1531 2770 1142 1528 2771 1143 1530 2772 1122 1532 2773 1123 1533 2774 1144 1534 2775 1121 1535 2776 1122 1532 2777 1145 1536 2778 1120 1537 2779 1121 1535 2780 1146 1538 2781 1119 1539 2782 1120 1537 2783 1148 1540 2784 1119 1539 2785 1147 1541 2786 1148 1540 2787 1117 1542 2788 1118 1543 2789 1149 1544 2790 1115 1545 2791 1117 1542 2792 1115 1545 2793 1151 1546 2794 1116 1547 2795 1116 1547 2796 1130 1506 2797 1106 1548 2798 1146 1549 2799 1129 1550 2800 1150 1551 2801 1130 1552 2802 1153 1553 2803 1131 1554 2804 1131 1554 2805 1154 1555 2806 1132 1556 2807 1132 1556 2808 1155 1557 2809 1133 1558 2810 1134 1559 2811 1155 1557 2812 1156 1560 2813 1135 1561 2814 1156 1560 2815 1157 1562 2816 1136 1563 2817 1157 1562 2818 1158 1564 2819 1136 1563 2820 1159 1565 2821 1137 1566 2822 1137 1566 2823 1160 1567 2824 1138 1568 2825 1128 1569 2826 1160 1567 2827 1161 1570 2828 1128 1569 2829 1162 1571 2830 1129 1572 2831 1129 1572 2832 1163 1573 2833 1139 1574 2834 1140 1575 2835 1163 1573 2836 1164 1576 2837 1141 1577 2838 1164 1576 2839 1165 1578 2840 1142 1579 2841 1165 1578 2842 1166 1580 2843 1142 1579 2844 1167 1581 2845 1143 1582 2846 1143 1582 2847 1168 1583 2848 1144 1584 2849 1144 1584 2850 1169 1585 2851 1145 1586 2852 1146 1587 2853 1169 1585 2854 1170 1588 2855 1147 1589 2856 1170 1588 2857 1171 1590 2858 1148 1591 2859 1171 1590 2860 1172 1592 2861 1149 1593 2862 1172 1592 2863 1173 1594 2864 1150 1595 2865 1173 1594 2866 1174 1596 2867 1151 1597 2868 1174 1596 2869 1175 1598 2870 1151 1597 2871 1152 1599 2872 1130 1552 2873 1176 1600 2874 1154 1601 2875 1153 1602 2876 1152 1603 2877 1176 1600 2878 1153 1602 2879 1175 1604 2880 1178 1605 2881 1152 1603 2882 1180 1606 2883 1175 1604 2884 1174 1607 2885 1173 1608 2886 1180 1606 2887 1174 1607 2888 1172 1609 2889 1181 1610 2890 1173 1608 2891 1183 1611 2892 1172 1609 2893 1171 1612 2894 1184 1613 2895 1171 1612 2896 1170 1614 2897 1185 1615 2898 1170 1614 2899 1169 1616 2900 1168 1617 2901 1185 1615 2902 1169 1616 2903 1187 1618 2904 1168 1617 2905 1167 1619 2906 1166 1620 2907 1187 1618 2908 1167 1619 2909 1165 1621 2910 1188 1622 2911 1166 1620 2912 1164 1623 2913 1189 1624 2914 1165 1621 2915 1191 1625 2916 1164 1623 2917 1163 1626 2918 1192 1627 2919 1163 1626 2920 1162 1628 2921 1161 1629 2922 1192 1627 2923 1162 1628 2924 1194 1630 2925 1161 1629 2926 1160 1631 2927 1195 1632 2928 1160 1631 2929 1159 1633 2930 1158 1634 2931 1195 1632 2932 1159 1633 2933 1197 1635 2934 1158 1634 2935 1157 1636 2936 1156 1637 2937 1197 1635 2938 1157 1636 2939 1199 1638 2940 1156 1637 2941 1155 1639 2942 1154 1601 2943 1199 1638 2944 1155 1639 2945 1200 1640 2946 1199 1641 2947 1177 1642 2948 1202 1643 2949 1176 1644 2950 1178 1645 2951 1200 1640 2952 1176 1644 2953 1203 1646 2954 1202 1643 2955 1179 1647 2956 1204 1648 2957 1205 1649 2958 1180 1650 2959 1181 1651 2960 1204 1648 2961 1180 1650 2962 1206 1652 2963 1207 1653 2964 1181 1651 2965 1182 1654 2966 1209 1655 2967 1184 1656 2968 1208 1657 2969 1207 1653 2970 1183 1658 2971 1209 1655 2972 1208 1657 2973 1185 1659 2974 1210 1660 2975 1211 1661 2976 1186 1662 2977 1187 1663 2978 1210 1660 2979 1186 1662 2980 1212 1664 2981 1211 1661 2982 1188 1665 2983 1213 1666 2984 1215 1667 2985 1190 1668 2986 1214 1669 2987 1213 1666 2988 1189 1670 2989 1215 1667 2990 1214 1669 2991 1191 1671 2992 1216 1672 2993 1217 1673 2994 1192 1674 2995 1193 1675 2996 1216 1672 2997 1192 1674 2998 1218 1676 2999 1217 1673 3000 1194 1677 3001 1219 1678 3002 1220 1679 3003 1195 1680 3004 1196 1681 3005 1221 1682 3006 1194 1677 3007 1195 1680 3008 1220 1679 3009 1197 1683 3010 1222 1684 3011 1201 1685 3012 1198 1686 3013 1199 1641 3014 1222 1684 3015 1198 1686 3016 1223 1687 3017 1200 1688 3018 1224 1689 3019 1201 1690 3020 1203 1691 3021 1224 1689 3022 1200 1688 3023 1203 1691 3024 1202 1692 3025 1224 1689 3026 1202 1692 3027 1204 1693 3028 1224 1689 3029 1206 1694 3030 1224 1689 3031 1204 1693 3032 1206 1694 3033 1205 1695 3034 1224 1689 3035 1207 1696 3036 1224 1689 3037 1205 1695 3038 1209 1697 3039 1224 1689 3040 1207 1696 3041 1209 1697 3042 1208 1698 3043 1224 1689 3044 1210 1699 3045 1224 1689 3046 1208 1698 3047 1212 1700 3048 1224 1689 3049 1210 1699 3050 1212 1700 3051 1211 1701 3052 1224 1689 3053 1213 1702 3054 1224 1689 3055 1211 1701 3056 1215 1703 3057 1224 1689 3058 1213 1702 3059 1215 1703 3060 1214 1704 3061 1224 1689 3062 1214 1704 3063 1216 1705 3064 1224 1689 3065 1218 1706 3066 1224 1689 3067 1216 1705 3068 1218 1706 3069 1217 1707 3070 1224 1689 3071 1219 1708 3072 1224 1689 3073 1217 1707 3074 1221 1709 3075 1224 1689 3076 1219 1708 3077 1221 1709 3078 1220 1710 3079 1224 1689 3080 1222 1711 3081 1224 1689 3082 1220 1710 3083 1223 1712 3084 1224 1689 3085 1222 1711 3086 1223 1712 3087 1201 1690 3088 1224 1689 3089 1225 1713 3090 1226 1714 3091 1227 1715 3092 1228 1716 3093 1225 1713 3094 1229 1717 3095 1230 1718 3096 1232 1719 3097 1229 1717 3098 1233 1720 3099 1235 1721 3100 1236 1722 3101 1237 1723 3102 1239 1724 3103 1240 1725 3104 1241 1726 3105 1227 1715 3106 1242 1727 3107 1226 1714 3108 1238 1728 3109 1227 1715 3110 1238 1728 3111 1243 1729 3112 1239 1724 3113 1244 1730 3114 1239 1724 3115 1243 1729 3116 1244 1730 3117 1233 1720 3118 1236 1722 3119 1228 1716 3120 1233 1720 3121 1244 1730 3122 1228 1716 3123 1229 1717 3124 1232 1719 3125 1230 622 3126 1225 1731 3127 1241 1732 3128 1231 1733 3129 1233 1734 3130 1232 452 3131 1240 1735 3132 1236 1736 3133 1235 689 3134 1242 1737 3135 1238 1738 3136 1237 1739 3137 1246 1740 3138 1248 1740 3139 1245 1741 3140 1249 1742 3141 1250 1743 3142 1251 1744 3143 1250 1743 3144 1253 1745 3145 1252 1746 3146 1253 1745 3147 1255 1747 3148 1256 1748 3149 1258 1749 3150 1260 1750 3151 1257 1751 3152 1261 1752 3153 1263 1753 3154 1264 1754 3155 1249 1742 3156 1266 1755 3157 1265 1756 3158 1250 1743 3159 1262 1757 3160 1251 1744 3161 1262 1757 3162 1267 1758 3163 1263 1753 3164 1268 1759 3165 1263 1753 3166 1267 1758 3167 1268 1759 3168 1257 1751 3169 1260 1750 3170 1252 1746 3171 1257 1751 3172 1268 1759 3173 1252 1746 3174 1253 1745 3175 1256 1748 3176 1254 513 3177 1249 1760 3178 1265 1761 3179 1258 1762 3180 1256 1763 3181 1255 332 3182 1264 1764 3183 1260 1765 3184 1259 1766 3185 1261 1767 3186 1251 1768 3187 1262 1769 3188 1270 1770 3189 1272 1771 3190 1269 1771 3191 1274 207 3192 1276 207 3193 1273 207 3194 1277 1772 3195 1278 1773 3196 1279 1774 3197 1278 1773 3198 1280 1775 3199 1279 1774 3200 1280 1775 3201 1281 1776 3202 1279 1774 3203 1281 1776 3204 1282 1777 3205 1279 1774 3206 1282 1777 3207 1283 1778 3208 1279 1774 3209 1283 1778 3210 1284 1779 3211 1279 1774 3212 1284 1779 3213 1285 1780 3214 1279 1774 3215 1285 1780 3216 1286 1781 3217 1279 1774 3218 1286 1781 3219 1287 1782 3220 1279 1774 3221 1287 1782 3222 1288 1783 3223 1279 1774 3224 1288 1783 3225 1289 1784 3226 1279 1774 3227 1290 1785 3228 1279 1774 3229 1289 1784 3230 1292 1786 3231 1290 1785 3232 1291 1787 3233 1291 1787 3234 1293 1788 3235 1292 1786 3236 1293 1788 3237 1294 1789 3238 1292 1786 3239 1294 1789 3240 1295 1790 3241 1292 1786 3242 1295 1790 3243 1296 1791 3244 1292 1786 3245 1296 1791 3246 1297 1792 3247 1292 1786 3248 1297 1792 3249 1298 1793 3250 1292 1786 3251 1298 1793 3252 1299 1794 3253 1292 1786 3254 1299 1794 3255 1300 1795 3256 1292 1786 3257 1300 1795 3258 1301 1796 3259 1292 1786 3260 1301 1796 3261 1302 1797 3262 1292 1786 3263 1302 1797 3264 1303 1798 3265 1292 1786 3266 1304 1799 3267 1292 1786 3268 1303 1798 3269 1306 1800 3270 1304 1799 3271 1305 1801 3272 1305 1801 3273 1307 1802 3274 1306 1800 3275 1308 1803 3276 1306 1800 3277 1307 1802 3278 1309 1804 3279 1306 1800 3280 1308 1803 3281 1310 1805 3282 1306 1800 3283 1309 1804 3284 1311 1806 3285 1306 1800 3286 1310 1805 3287 1312 1807 3288 1306 1800 3289 1311 1806 3290 1313 1808 3291 1306 1800 3292 1312 1807 3293 1314 1809 3294 1306 1800 3295 1313 1808 3296 1315 1810 3297 1306 1800 3298 1314 1809 3299 1316 1811 3300 1315 1810 3301 1317 1812 3302 1318 1813 3303 1306 1800 3304 1316 1811 3305 1320 1814 3306 1318 1813 3307 1319 1815 3308 1319 1815 3309 1321 1816 3310 1320 1814 3311 1322 1817 3312 1320 1814 3313 1321 1816 3314 1323 1818 3315 1320 1814 3316 1322 1817 3317 1324 1819 3318 1320 1814 3319 1323 1818 3320 1325 1820 3321 1320 1814 3322 1324 1819 3323 1326 1821 3324 1320 1814 3325 1325 1820 3326 1327 1822 3327 1320 1814 3328 1326 1821 3329 1328 1823 3330 1320 1814 3331 1327 1822 3332 1329 1824 3333 1320 1814 3334 1328 1823 3335 1330 1825 3336 1320 1814 3337 1329 1824 3338 1331 1826 3339 1320 1814 3340 1330 1825 3341 1332 1827 3342 1320 1814 3343 1331 1826 3344 1279 1774 3345 1332 1827 3346 1277 1772 3347 1320 1814 3348 1292 1786 3349 1306 1800 3350 1333 1828 3351 1334 1829 3352 1335 1830 3353 1336 1831 3354 1335 1830 3355 1334 1829 3356 1337 1832 3357 1335 1830 3358 1336 1831 3359 1338 1833 3360 1335 1830 3361 1337 1832 3362 1339 1834 3363 1335 1830 3364 1338 1833 3365 1340 1835 3366 1335 1830 3367 1339 1834 3368 1341 1836 3369 1335 1830 3370 1340 1835 3371 1342 1837 3372 1335 1830 3373 1341 1836 3374 1343 1838 3375 1335 1830 3376 1342 1837 3377 1344 1839 3378 1335 1830 3379 1343 1838 3380 1345 1840 3381 1335 1830 3382 1344 1839 3383 1346 1841 3384 1335 1830 3385 1345 1840 3386 1348 1842 3387 1346 1841 3388 1347 1843 3389 1347 1843 3390 1349 1844 3391 1348 1842 3392 1349 1844 3393 1350 1845 3394 1348 1842 3395 1350 1845 3396 1351 1846 3397 1348 1842 3398 1351 1846 3399 1352 1847 3400 1348 1842 3401 1352 1847 3402 1353 1848 3403 1348 1842 3404 1353 1848 3405 1354 1849 3406 1348 1842 3407 1354 1849 3408 1355 1850 3409 1348 1842 3410 1355 1850 3411 1356 1851 3412 1348 1842 3413 1356 1851 3414 1357 1852 3415 1348 1842 3416 1358 1853 3417 1348 1842 3418 1357 1852 3419 1359 1854 3420 1348 1842 3421 1358 1853 3422 1360 1855 3423 1348 1842 3424 1359 1854 3425 1362 1856 3426 1360 1855 3427 1361 1857 3428 1361 1857 3429 1363 1858 3430 1362 1856 3431 1363 1858 3432 1364 1859 3433 1362 1856 3434 1364 1859 3435 1365 1860 3436 1362 1856 3437 1365 1860 3438 1366 1861 3439 1362 1856 3440 1366 1861 3441 1367 1862 3442 1362 1856 3443 1367 1862 3444 1368 1863 3445 1362 1856 3446 1368 1863 3447 1369 1864 3448 1362 1856 3449 1369 1864 3450 1370 1865 3451 1362 1856 3452 1370 1865 3453 1371 1866 3454 1362 1856 3455 1371 1866 3456 1372 1867 3457 1362 1856 3458 1372 1867 3459 1373 1868 3460 1362 1856 3461 1374 1869 3462 1362 1856 3463 1373 1868 3464 1376 1870 3465 1374 1869 3466 1375 1871 3467 1375 1871 3468 1377 1872 3469 1376 1870 3470 1377 1872 3471 1378 1873 3472 1376 1870 3473 1378 1873 3474 1379 1874 3475 1376 1870 3476 1379 1874 3477 1380 1875 3478 1376 1870 3479 1381 1876 3480 1376 1870 3481 1380 1875 3482 1382 1877 3483 1376 1870 3484 1381 1876 3485 1383 1878 3486 1376 1870 3487 1382 1877 3488 1384 1879 3489 1376 1870 3490 1383 1878 3491 1385 1880 3492 1376 1870 3493 1384 1879 3494 1386 1881 3495 1376 1870 3496 1385 1880 3497 1387 1882 3498 1376 1870 3499 1386 1881 3500 1388 1883 3501 1376 1870 3502 1387 1882 3503 1335 1830 3504 1388 1883 3505 1333 1828 3506 1335 1830 3507 1362 1856 3508 1376 1870 3509 1389 1884 3510 1390 1885 3511 1391 1886 3512 1390 1885 3513 1393 1887 3514 1392 1888 3515 1394 1889 3516 1396 1890 3517 1393 1887 3518 1397 1891 3519 1399 1892 3520 1400 1893 3521 1402 1894 3522 1404 1895 3523 1401 1896 3524 1405 1897 3525 1391 1886 3526 1406 1898 3527 1407 1899 3528 1391 1886 3529 1390 1885 3530 1402 1894 3531 1407 1899 3532 1403 1900 3533 1408 1901 3534 1403 1900 3535 1407 1899 3536 1408 1901 3537 1397 1891 3538 1400 1893 3539 1408 1901 3540 1396 1890 3541 1397 1891 3542 1392 1888 3543 1393 1887 3544 1396 1890 3545 1394 1902 3546 1389 1903 3547 1405 1904 3548 1398 1905 3549 1396 1906 3550 1395 1907 3551 1404 485 3552 1400 1908 3553 1399 1909 3554 1401 1910 3555 1391 1911 3556 1402 1912 3557 1409 1913 3558 1410 1914 3559 1411 1915 3560 1410 1914 3561 1413 1916 3562 1412 1917 3563 1414 1918 3564 1416 1919 3565 1413 1916 3566 1417 1920 3567 1419 767 3568 1420 1921 3569 1422 1922 3570 1424 770 3571 1421 771 3572 1425 1923 3573 1411 1915 3574 1426 1924 3575 1410 1914 3576 1422 1922 3577 1411 1915 3578 1422 1922 3579 1427 1925 3580 1423 1926 3581 1427 1925 3582 1420 1921 3583 1423 1926 3584 1428 1927 3585 1417 1920 3586 1420 1921 3587 1412 1917 3588 1417 1920 3589 1428 1927 3590 1412 1917 3591 1413 1916 3592 1416 1919 3593 1414 1928 3594 1409 1903 3595 1425 1929 3596 1418 1930 3597 1416 1931 3598 1415 1932 3599 1424 783 3600 1420 784 3601 1419 785 3602 1421 1933 3603 1411 1934 3604 1422 788 3605 1430 1935 3606 1432 1935 3607 1429 1936 3608 1434 1937 3609 1436 1938 3610 1433 1939 3611 1437 1940 3612 1438 1941 3613 1439 1942 3614 1440 1943 3615 1437 1940 3616 1441 1944 3617 1442 1945 3618 1444 1946 3619 1441 1944 3620 1445 1947 3621 1447 1948 3622 1448 1949 3623 1450 1950 3624 1452 1951 3625 1449 1952 3626 1453 1953 3627 1439 1942 3628 1454 1954 3629 1438 1941 3630 1450 1950 3631 1439 1942 3632 1450 1950 3633 1455 1955 3634 1451 1956 3635 1456 1957 3636 1451 1956 3637 1455 1955 3638 1456 1957 3639 1445 1947 3640 1448 1949 3641 1440 1943 3642 1445 1947 3643 1456 1957 3644 1440 1943 3645 1441 1944 3646 1444 1946 3647 1442 1958 3648 1437 1959 3649 1453 1960 3650 1446 1961 3651 1444 1962 3652 1443 1963 3653 1452 1964 3654 1448 1965 3655 1447 1966 3656 1449 1967 3657 1439 1968 3658 1450 1969 3659 1458 1970 3660 1460 1970 3661 1457 1971 3662 1462 1972 3663 1463 1973 3664 1461 1974 3665 1468 1975 3666 1473 1976 3667 1474 1977 3668 1476 1978 3669 1478 1978 3670 1475 1979 3671 1479 1980 3672 1480 1981 3673 1481 1982 3674 1480 1981 3675 1483 1983 3676 1482 1984 3677 1484 1985 3678 1486 1986 3679 1483 1983 3680 1487 1987 3681 1489 1988 3682 1490 1989 3683 1492 1990 3684 1494 1991 3685 1491 1992 3686 1495 1993 3687 1481 1982 3688 1496 1898 3689 1497 1994 3690 1481 1982 3691 1480 1981 3692 1492 1990 3693 1497 1994 3694 1493 1995 3695 1498 1996 3696 1493 1995 3697 1497 1994 3698 1498 1996 3699 1487 1987 3700 1490 1989 3701 1498 1996 3702 1486 1986 3703 1487 1987 3704 1482 1984 3705 1483 1983 3706 1486 1986 3707 1484 1902 3708 1479 1997 3709 1495 1998 3710 1488 1999 3711 1486 2000 3712 1485 2001 3713 1494 485 3714 1490 1908 3715 1489 1909 3716 1491 2002 3717 1481 2003 3718 1492 2004 3719 1500 2005 3720 1502 1770 3721 1499 1771 3722 1 0 3723 2 2006 3724 3 1 3725 8 11 3726 10 172 3727 2 12 3728 5 14 3729 11 2007 3730 10 15 3731 11 112 3732 5 19 3733 12 18 3734 0 17 3735 3 2008 3736 12 18 3737 14 20 3738 15 2009 3739 16 21 3740 18 23 3741 19 2010 3742 20 24 3743 22 26 3744 23 37 3745 24 27 3746 26 29 3747 22 26 3748 21 28 3749 28 31 3750 26 29 3751 25 30 3752 30 33 3753 28 31 3754 27 32 3755 32 35 3756 30 33 3757 29 34 3758 23 37 3759 32 35 3760 31 36 3761 33 38 3762 34 40 3763 32 35 3764 35 39 3765 36 42 3766 34 40 3767 33 38 3768 23 37 3769 22 26 3770 35 39 3771 22 26 3772 26 29 3773 36 42 3774 35 39 3775 37 41 3776 36 42 3777 38 43 3778 28 31 3779 37 41 3780 26 29 3781 28 31 3782 34 40 3783 36 42 3784 30 33 3785 40 44 3786 41 45 3787 42 44 3788 44 46 3789 45 2011 3790 46 47 3791 47 49 3792 48 61 3793 44 50 3794 49 52 3795 47 49 3796 50 53 3797 50 53 3798 47 49 3799 43 51 3800 53 56 3801 54 2012 3802 50 53 3803 55 57 3804 54 2012 3805 53 56 3806 54 59 3807 55 2013 3808 57 60 3809 60 63 3810 48 2014 3811 47 64 3812 61 66 3813 59 65 3814 62 67 3815 64 69 3816 62 67 3817 47 64 3818 66 71 3819 63 68 3820 64 69 3821 61 66 3822 66 71 3823 68 73 3824 71 79 3825 70 78 3826 59 76 3827 72 81 3828 69 77 3829 70 78 3830 72 81 3831 73 82 3832 74 83 3833 71 79 3834 61 80 3835 67 84 3836 65 86 3837 75 2015 3838 68 87 3839 76 89 3840 75 2016 3841 65 90 3842 79 92 3843 80 2017 3844 81 93 3845 78 94 3846 76 89 3847 77 91 3848 81 93 3849 80 2017 3850 83 95 3851 85 96 3852 75 103 3853 76 97 3854 87 100 3855 89 102 3856 85 96 3857 90 104 3858 91 2018 3859 86 99 3860 84 105 3861 90 105 3862 88 105 3863 93 106 3864 90 111 3865 84 107 3866 95 115 3867 93 114 3868 94 113 3869 99 118 3870 95 115 3871 97 117 3872 92 120 3873 76 2019 3874 78 121 3875 96 123 3876 94 122 3877 81 124 3878 98 126 3879 54 134 3880 48 127 3881 100 129 3882 97 128 3883 60 130 3884 98 126 3885 96 123 3886 101 132 3887 89 2020 3888 75 2021 3889 86 135 3890 76 2022 3891 92 2023 3892 91 2024 3893 93 105 3894 91 2024 3895 92 2023 3896 86 135 3897 87 105 3898 89 2020 3899 75 2021 3900 76 105 3901 86 135 3902 95 136 3903 103 141 3904 91 137 3905 99 139 3906 104 2025 3907 105 140 3908 76 2026 3909 91 2027 3910 84 2028 3911 78 2029 3912 91 2030 3913 76 2031 3914 90 2032 3915 84 2028 3916 91 2027 3917 103 144 3918 78 2029 3919 82 2033 3920 104 2034 3921 105 143 3922 60 2035 3923 106 2036 3924 107 2037 3925 104 2034 3926 60 2035 3927 69 2038 3928 106 2036 3929 102 112 3930 54 2039 3931 101 142 3932 60 2035 3933 106 2036 3934 104 2034 3935 101 142 3936 54 2039 3937 48 2040 3938 48 2040 3939 60 2035 3940 105 143 3941 91 2030 3942 78 2029 3943 103 144 3944 78 2029 3945 81 112 3946 82 2033 3947 48 2040 3948 105 143 3949 101 142 3950 103 144 3951 82 2033 3952 101 142 3953 109 145 3954 83 155 3955 80 146 3956 110 148 3957 111 151 3958 51 149 3959 111 151 3960 108 147 3961 79 153 3962 101 154 3963 82 2041 3964 83 155 3965 113 157 3966 50 150 3967 54 158 3968 110 160 3969 113 2042 3970 112 156 3971 65 164 3972 49 2043 3973 51 165 3974 52 167 3975 114 2044 3976 115 168 3977 114 112 3978 52 112 3979 116 112 3980 43 112 3981 46 112 3982 116 112 3983 53 170 3984 115 2045 3985 117 171 3986 99 173 3987 100 177 3988 106 176 3989 72 179 3990 118 186 3991 106 180 3992 104 182 3993 107 2046 3994 120 183 3995 122 185 3996 120 183 3997 118 186 3998 121 188 3999 72 2047 4000 67 189 4001 89 191 4002 123 190 4003 68 192 4004 123 194 4005 124 2048 4006 122 195 4007 87 197 4008 124 2048 4009 123 194 4010 87 198 4011 86 2049 4012 125 199 4013 126 201 4014 125 199 4015 103 202 4016 124 200 4017 126 201 4018 119 204 4019 125 206 4020 86 206 4021 91 206 4022 119 207 4023 126 207 4024 105 207 4025 120 95 4026 107 95 4027 106 95 4028 102 105 4029 101 105 4030 112 105 4031 55 172 4032 127 172 4033 128 172 4034 56 208 4035 117 2050 4036 127 209 4037 57 211 4038 128 2051 4039 129 212 4040 44 214 4041 58 172 4042 129 215 4043 131 217 4044 132 1135 4045 133 217 4046 135 220 4047 134 219 4048 138 222 4049 139 224 4050 140 2052 4051 141 225 4052 142 226 4053 143 2053 4054 144 227 4055 147 229 4056 148 235 4057 149 230 4058 150 232 4059 134 219 4060 136 221 4061 152 234 4062 147 229 4063 136 221 4064 153 236 4065 145 228 4066 148 235 4067 153 236 4068 137 223 4069 141 225 4070 139 237 4071 138 2054 4072 134 238 4073 140 240 4074 143 2055 4075 142 241 4076 149 243 4077 148 2056 4078 145 244 4079 151 246 4080 136 2057 4081 147 247 4082 155 249 4083 156 258 4084 157 207 4085 159 251 4086 155 249 4087 154 250 4088 161 252 4089 159 251 4090 158 30 4091 163 254 4092 161 252 4093 160 253 4094 165 256 4095 163 254 4096 162 255 4097 156 258 4098 165 256 4099 164 257 4100 167 259 4101 165 256 4102 156 258 4103 168 261 4104 169 263 4105 167 259 4106 168 261 4107 166 260 4108 156 258 4109 170 262 4110 168 261 4111 155 249 4112 169 263 4113 168 261 4114 170 262 4115 171 264 4116 161 252 4117 163 254 4118 171 264 4119 170 262 4120 159 251 4121 169 263 4122 163 254 4123 165 256 4124 173 265 4125 174 275 4126 175 266 4127 177 268 4128 173 265 4129 172 267 4130 179 270 4131 177 268 4132 176 269 4133 181 271 4134 179 270 4135 178 105 4136 183 273 4137 181 271 4138 180 272 4139 174 275 4140 183 273 4141 182 274 4142 185 276 4143 183 273 4144 174 275 4145 186 277 4146 187 279 4147 185 276 4148 186 277 4149 184 260 4150 174 275 4151 188 278 4152 186 277 4153 173 265 4154 187 279 4155 186 277 4156 188 278 4157 189 280 4158 179 270 4159 181 271 4160 189 280 4161 188 278 4162 177 268 4163 187 279 4164 181 271 4165 183 273 4166 191 282 4167 190 281 4168 194 284 4169 195 286 4170 196 2058 4171 197 287 4172 198 288 4173 199 2059 4174 200 289 4175 203 291 4176 204 296 4177 205 292 4178 206 294 4179 190 281 4180 192 283 4181 208 295 4182 203 291 4183 192 283 4184 209 297 4185 201 290 4186 204 296 4187 209 297 4188 193 285 4189 197 287 4190 195 237 4191 194 2054 4192 190 298 4193 196 300 4194 199 2060 4195 198 301 4196 205 243 4197 204 2056 4198 201 244 4199 207 303 4200 192 2061 4201 203 304 4202 211 306 4203 212 527 4204 213 307 4205 215 310 4206 214 309 4207 218 312 4208 218 312 4209 219 2062 4210 220 314 4211 223 316 4212 224 2063 4213 225 317 4214 226 319 4215 227 324 4216 228 320 4217 214 309 4218 216 311 4219 231 322 4220 215 310 4221 232 325 4222 227 324 4223 233 326 4224 225 317 4225 228 320 4226 217 313 4227 221 315 4228 222 318 4229 219 327 4230 218 1075 4231 214 328 4232 223 330 4233 222 2064 4234 221 331 4235 229 333 4236 228 2065 4237 225 334 4238 226 336 4239 231 2066 4240 216 337 4241 235 339 4242 236 350 4243 237 340 4244 239 342 4245 235 339 4246 234 341 4247 241 344 4248 239 342 4249 238 343 4250 243 346 4251 241 344 4252 240 345 4253 245 348 4254 243 346 4255 242 347 4256 236 350 4257 245 348 4258 244 349 4259 246 351 4260 247 353 4261 245 348 4262 246 351 4263 248 354 4264 249 352 4265 246 351 4266 236 350 4267 235 339 4268 248 354 4269 235 339 4270 239 342 4271 251 356 4272 249 352 4273 248 354 4274 249 352 4275 251 356 4276 241 344 4277 250 355 4278 239 342 4279 241 344 4280 247 353 4281 249 352 4282 243 346 4283 253 357 4284 254 2067 4285 255 358 4286 259 363 4287 257 361 4288 256 360 4289 261 365 4290 262 2068 4291 263 366 4292 264 367 4293 265 2069 4294 266 368 4295 269 370 4296 270 376 4297 271 371 4298 272 373 4299 256 360 4300 258 362 4301 274 375 4302 269 370 4303 258 362 4304 275 377 4305 267 369 4306 270 376 4307 275 377 4308 259 363 4309 263 366 4310 261 378 4311 260 2070 4312 256 379 4313 262 381 4314 265 2071 4315 264 382 4316 271 384 4317 270 2072 4318 267 385 4319 273 387 4320 258 2073 4321 269 388 4322 279 393 4323 277 391 4324 276 390 4325 280 394 4326 281 2074 4327 282 395 4328 284 397 4329 285 2075 4330 286 398 4331 289 400 4332 290 406 4333 291 401 4334 276 390 4335 278 392 4336 293 403 4337 277 391 4338 294 405 4339 289 400 4340 295 407 4341 287 399 4342 290 406 4343 279 393 4344 283 396 4345 284 397 4346 281 408 4347 280 2076 4348 276 409 4349 285 411 4350 284 2077 4351 283 412 4352 291 414 4353 290 2078 4354 287 415 4355 288 417 4356 293 2079 4357 278 418 4358 297 420 4359 298 258 4360 299 207 4361 301 421 4362 297 420 4363 296 250 4364 303 252 4365 301 421 4366 300 30 4367 305 422 4368 303 252 4369 302 253 4370 307 423 4371 305 422 4372 304 255 4373 298 258 4374 307 423 4375 306 257 4376 309 424 4377 307 423 4378 298 258 4379 310 425 4380 311 427 4381 309 424 4382 310 425 4383 308 260 4384 298 258 4385 312 426 4386 310 425 4387 297 420 4388 311 427 4389 310 425 4390 312 426 4391 313 428 4392 303 252 4393 305 422 4394 313 428 4395 312 426 4396 301 421 4397 311 427 4398 305 422 4399 307 423 4400 315 430 4401 314 429 4402 318 432 4403 319 434 4404 320 2080 4405 321 435 4406 322 436 4407 323 2081 4408 324 437 4409 327 439 4410 328 445 4411 329 440 4412 330 442 4413 314 429 4414 316 431 4415 315 430 4416 332 444 4417 327 439 4418 332 444 4419 333 446 4420 325 438 4421 317 433 4422 321 435 4423 322 436 4424 319 447 4425 318 2082 4426 314 448 4427 320 450 4428 323 2083 4429 322 451 4430 329 453 4431 328 2084 4432 325 454 4433 331 456 4434 316 2085 4435 327 457 4436 335 460 4437 334 459 4438 338 462 4439 339 464 4440 340 2086 4441 341 465 4442 343 466 4443 344 2087 4444 345 467 4445 346 469 4446 347 475 4447 348 470 4448 350 472 4449 334 459 4450 336 461 4451 352 474 4452 347 475 4453 336 461 4454 352 474 4455 353 476 4456 345 467 4457 353 476 4458 337 463 4459 341 465 4460 350 477 4461 339 2088 4462 338 478 4463 340 480 4464 343 2089 4465 342 481 4466 349 483 4467 348 2090 4468 345 484 4469 351 486 4470 336 2091 4471 347 487 4472 355 489 4473 356 2092 4474 357 490 4475 359 492 4476 360 2093 4477 361 493 4478 363 496 4479 362 495 4480 366 498 4481 367 500 4482 368 2094 4483 369 501 4484 370 502 4485 371 2095 4486 372 503 4487 375 505 4488 376 511 4489 377 506 4490 378 508 4491 362 495 4492 364 497 4493 363 496 4494 380 510 4495 375 505 4496 380 510 4497 381 512 4498 373 504 4499 365 499 4500 369 501 4501 370 502 4502 367 513 4503 366 2096 4504 362 514 4505 371 516 4506 370 2097 4507 369 517 4508 377 519 4509 376 2098 4510 373 520 4511 374 522 4512 379 2099 4513 364 523 4514 383 525 4515 384 2092 4516 385 526 4517 387 528 4518 388 537 4519 389 529 4520 391 530 4521 387 528 4522 386 341 4523 393 531 4524 391 530 4525 390 343 4526 395 533 4527 393 531 4528 392 532 4529 397 535 4530 395 533 4531 394 534 4532 388 537 4533 397 535 4534 396 536 4535 398 538 4536 399 540 4537 397 535 4538 400 539 4539 401 542 4540 399 540 4541 398 538 4542 388 537 4543 387 528 4544 400 539 4545 387 528 4546 391 530 4547 401 542 4548 400 539 4549 402 541 4550 401 542 4551 403 543 4552 393 531 4553 402 541 4554 391 530 4555 393 531 4556 399 540 4557 401 542 4558 395 533 4559 405 545 4560 404 544 4561 408 547 4562 409 549 4563 410 2100 4564 411 550 4565 412 551 4566 413 2101 4567 414 552 4568 417 554 4569 418 560 4570 419 555 4571 420 557 4572 404 544 4573 406 546 4574 405 545 4575 422 559 4576 417 554 4577 423 561 4578 415 553 4579 418 560 4580 407 548 4581 411 550 4582 412 551 4583 409 562 4584 408 2102 4585 404 563 4586 413 565 4587 412 2103 4588 411 566 4589 419 568 4590 418 2104 4591 415 569 4592 416 571 4593 421 2105 4594 406 572 4595 427 577 4596 425 575 4597 424 574 4598 429 579 4599 430 2106 4600 431 580 4601 432 581 4602 433 2107 4603 434 582 4604 437 584 4605 438 590 4606 439 585 4607 440 587 4608 424 574 4609 426 576 4610 425 575 4611 442 589 4612 437 584 4613 443 591 4614 435 583 4615 438 590 4616 427 577 4617 431 580 4618 432 581 4619 429 592 4620 428 2108 4621 424 593 4622 433 595 4623 432 2109 4624 431 596 4625 439 598 4626 438 2110 4627 435 599 4628 436 601 4629 441 2111 4630 426 602 4631 445 605 4632 444 604 4633 448 607 4634 449 609 4635 450 2112 4636 451 610 4637 453 611 4638 454 2113 4639 455 612 4640 456 614 4641 457 620 4642 458 615 4643 460 617 4644 444 604 4645 446 606 4646 462 619 4647 457 620 4648 446 606 4649 463 621 4650 455 612 4651 458 615 4652 463 621 4653 447 608 4654 451 610 4655 449 622 4656 448 622 4657 444 623 4658 450 625 4659 453 2114 4660 452 626 4661 459 628 4662 458 2115 4663 455 629 4664 461 631 4665 446 2116 4666 457 632 4667 467 637 4668 465 635 4669 464 634 4670 469 639 4671 470 2117 4672 471 640 4673 472 641 4674 473 2118 4675 474 642 4676 477 644 4677 478 650 4678 479 645 4679 480 647 4680 464 634 4681 466 636 4682 465 635 4683 482 649 4684 477 644 4685 483 651 4686 475 643 4687 478 650 4688 467 637 4689 471 640 4690 472 641 4691 469 652 4692 468 2119 4693 464 653 4694 473 654 4695 472 2120 4696 471 655 4697 479 657 4698 478 2121 4699 475 658 4700 476 660 4701 481 2122 4702 466 661 4703 485 664 4704 484 663 4705 488 666 4706 489 668 4707 490 2123 4708 491 669 4709 492 670 4710 493 2124 4711 494 671 4712 497 673 4713 498 679 4714 499 674 4715 500 676 4716 484 663 4717 486 665 4718 485 664 4719 502 678 4720 497 673 4721 503 680 4722 495 672 4723 498 679 4724 487 667 4725 491 669 4726 492 670 4727 489 681 4728 488 2125 4729 484 682 4730 493 684 4731 492 2126 4732 491 685 4733 499 687 4734 498 2127 4735 495 688 4736 496 690 4737 501 2128 4738 486 691 4739 505 694 4740 504 693 4741 508 696 4742 509 698 4743 510 2129 4744 511 699 4745 512 700 4746 513 2130 4747 514 701 4748 517 703 4749 518 709 4750 519 704 4751 520 706 4752 504 693 4753 506 695 4754 522 708 4755 517 703 4756 506 695 4757 523 710 4758 515 702 4759 518 709 4760 523 710 4761 507 697 4762 511 699 4763 509 711 4764 508 2131 4765 504 712 4766 513 714 4767 512 2132 4768 511 715 4769 519 717 4770 518 2133 4771 515 718 4772 516 720 4773 521 2134 4774 506 721 4775 525 723 4776 526 1935 4777 527 724 4778 531 729 4779 529 727 4780 528 726 4781 533 731 4782 534 2135 4783 535 732 4784 536 733 4785 537 2136 4786 538 734 4787 541 736 4788 542 742 4789 543 737 4790 544 739 4791 528 726 4792 530 728 4793 546 741 4794 541 736 4795 530 728 4796 547 743 4797 539 735 4798 542 742 4799 547 743 4800 531 729 4801 535 732 4802 533 744 4803 532 2119 4804 528 745 4805 537 747 4806 536 2137 4807 535 748 4808 543 750 4809 542 2138 4810 539 751 4811 540 753 4812 545 2139 4813 530 754 4814 549 756 4815 550 2140 4816 551 757 4817 555 762 4818 553 760 4819 552 759 4820 557 764 4821 558 2141 4822 559 765 4823 560 766 4824 561 2142 4825 562 767 4826 565 769 4827 566 775 4828 567 770 4829 568 772 4830 552 759 4831 554 761 4832 553 760 4833 570 774 4834 565 769 4835 571 776 4836 563 768 4837 566 775 4838 555 762 4839 559 765 4840 560 766 4841 557 777 4842 556 1073 4843 552 778 4844 561 780 4845 560 2097 4846 559 781 4847 567 783 4848 566 2143 4849 563 784 4850 564 786 4851 569 2144 4852 554 787 4853 573 790 4854 572 789 4855 576 792 4856 577 794 4857 578 2145 4858 579 795 4859 580 796 4860 581 2146 4861 582 797 4862 585 799 4863 586 805 4864 587 800 4865 588 802 4866 572 789 4867 574 791 4868 573 790 4869 590 804 4870 585 799 4871 591 806 4872 583 798 4873 586 805 4874 575 793 4875 579 795 4876 580 796 4877 577 807 4878 576 2147 4879 572 808 4880 581 809 4881 580 2148 4882 579 810 4883 587 812 4884 586 2149 4885 583 813 4886 584 815 4887 589 2150 4888 574 816 4889 595 821 4890 593 819 4891 592 818 4892 597 823 4893 598 2151 4894 599 824 4895 600 825 4896 601 2152 4897 602 826 4898 605 828 4899 606 834 4900 607 829 4901 608 831 4902 592 818 4903 594 820 4904 593 819 4905 610 833 4906 605 828 4907 611 835 4908 603 827 4909 606 834 4910 595 821 4911 599 824 4912 600 825 4913 597 562 4914 596 2153 4915 592 836 4916 601 838 4917 600 2154 4918 599 839 4919 607 840 4920 606 2155 4921 603 841 4922 604 843 4923 609 2156 4924 594 844 4925 613 846 4926 614 850 4927 615 847 4928 612 848 4929 616 852 4930 617 849 4931 614 850 4932 618 860 4933 619 851 4934 616 852 4935 620 862 4936 621 853 4937 623 854 4938 624 871 4939 625 855 4940 627 857 4941 623 854 4942 622 856 4943 626 858 4944 628 861 4945 629 859 4946 618 860 4947 629 859 4948 628 861 4949 620 862 4950 630 872 4951 631 863 4952 633 864 4953 634 877 4954 635 865 4955 632 866 4956 636 869 4957 637 867 4958 639 868 4959 637 867 4960 636 869 4961 638 870 4962 625 855 4963 624 871 4964 630 872 4965 640 874 4966 641 873 4967 640 874 4968 642 876 4969 643 875 4970 642 876 4971 635 865 4972 634 877 4973 612 878 4974 644 882 4975 645 879 4976 615 881 4977 646 884 4978 644 882 4979 615 881 4980 619 894 4981 647 883 4982 616 880 4983 645 879 4984 648 885 4985 622 887 4986 625 904 4987 649 888 4988 626 890 4989 651 893 4990 652 891 4991 622 887 4992 650 889 4993 651 893 4994 628 892 4995 652 891 4996 647 883 4997 630 895 4998 620 886 4999 648 885 5000 632 897 5001 635 909 5002 654 898 5003 632 897 5004 655 899 5005 656 900 5006 636 901 5007 656 900 5008 657 902 5009 638 903 5010 657 902 5011 649 888 5012 630 895 5013 653 896 5014 658 905 5015 640 906 5016 658 905 5017 659 907 5018 635 909 5019 642 908 5020 659 907 5021 661 910 5022 618 920 5023 614 911 5024 660 912 5025 614 911 5026 613 913 5027 663 915 5028 662 914 5029 613 913 5030 663 915 5031 617 916 5032 621 917 5033 665 919 5034 629 930 5035 618 920 5036 664 918 5037 621 917 5038 631 921 5039 667 923 5040 668 940 5041 639 924 5042 667 923 5043 624 925 5044 623 926 5045 669 927 5046 623 926 5047 627 928 5048 665 919 5049 670 929 5050 627 928 5051 666 922 5052 631 921 5053 641 931 5054 673 933 5055 643 941 5056 634 934 5057 672 935 5058 634 934 5059 633 936 5060 674 937 5061 633 936 5062 637 938 5063 668 940 5064 675 939 5065 637 938 5066 673 933 5067 671 932 5068 641 931 5069 677 942 5070 661 948 5071 660 943 5072 662 944 5073 678 946 5074 676 105 5075 662 944 5076 663 105 5077 679 945 5078 664 105 5079 680 105 5080 679 945 5081 681 947 5082 665 957 5083 661 948 5084 666 949 5085 682 958 5086 680 105 5087 667 950 5088 683 953 5089 684 951 5090 669 952 5091 685 954 5092 683 953 5093 685 954 5094 669 952 5095 670 955 5096 681 947 5097 686 956 5098 670 955 5099 682 958 5100 666 949 5101 671 959 5102 673 961 5103 672 105 5104 688 962 5105 674 964 5106 690 965 5107 688 962 5108 690 965 5109 674 964 5110 675 966 5111 675 966 5112 668 105 5113 684 951 5114 671 959 5115 673 961 5116 689 963 5117 676 968 5118 692 972 5119 693 969 5120 678 971 5121 694 976 5122 692 972 5123 677 970 5124 693 969 5125 695 973 5126 679 975 5127 696 978 5128 694 976 5129 680 977 5130 697 980 5131 696 978 5132 682 979 5133 698 986 5134 697 980 5135 686 981 5136 699 984 5137 700 982 5138 681 974 5139 695 973 5140 699 984 5141 687 985 5142 701 999 5143 698 986 5144 691 987 5145 702 991 5146 703 988 5147 684 990 5148 704 993 5149 702 991 5150 683 992 5151 705 994 5152 704 993 5153 685 983 5154 700 982 5155 705 994 5156 688 995 5157 706 998 5158 707 996 5159 690 989 5160 703 988 5161 706 998 5162 689 997 5163 707 996 5164 701 999 5165 709 207 5166 708 207 5167 644 207 5168 710 1000 5169 709 207 5170 651 207 5171 708 207 5172 711 1002 5173 658 207 5174 710 1000 5175 711 1002 5176 708 207 5177 711 1002 5178 710 1000 5179 656 207 5180 712 1007 5181 693 1006 5182 692 1008 5183 694 1009 5184 714 105 5185 713 105 5186 715 1010 5187 714 105 5188 694 1009 5189 699 105 5190 695 105 5191 712 1007 5192 717 1012 5193 718 105 5194 701 1013 5195 719 105 5196 698 1015 5197 701 1013 5198 715 1010 5199 697 1016 5200 698 1015 5201 721 1017 5202 705 1019 5203 700 1018 5204 721 1017 5205 722 105 5206 702 1021 5207 723 105 5208 703 1022 5209 702 1021 5210 717 1012 5211 706 1023 5212 703 1022 5213 720 105 5214 700 1018 5215 699 105 5216 725 1024 5217 712 2157 5218 713 1025 5219 727 1027 5220 714 1030 5221 715 1028 5222 724 1026 5223 713 1025 5224 714 1030 5225 726 2158 5226 728 1032 5227 727 1032 5228 729 1033 5229 730 2159 5230 731 1031 5231 731 1031 5232 732 2160 5233 724 2161 5234 733 105 5235 734 2162 5236 732 2160 5237 735 2163 5238 725 2164 5239 724 2161 5240 724 2161 5241 727 1032 5242 731 1031 5243 728 1032 5244 729 1033 5245 727 1032 5246 732 2160 5247 734 2162 5248 735 2163 5249 735 2163 5250 724 2161 5251 732 2160 5252 728 1034 5253 719 1038 5254 718 1035 5255 726 1037 5256 715 2165 5257 719 1038 5258 729 1036 5259 718 1035 5260 717 1039 5261 735 1041 5262 716 1045 5263 712 1042 5264 734 1044 5265 720 1047 5266 716 1045 5267 733 1046 5268 721 2166 5269 720 1047 5270 732 1048 5271 722 1052 5272 721 1049 5273 731 1051 5274 723 1054 5275 722 1052 5276 730 1053 5277 717 2167 5278 723 1054 5279 737 1056 5280 736 1055 5281 740 1058 5282 740 1058 5283 741 2168 5284 742 1060 5285 745 1062 5286 746 2169 5287 747 1063 5288 748 1065 5289 749 1070 5290 750 1066 5291 736 1055 5292 738 1057 5293 753 1068 5294 737 1056 5295 754 1071 5296 749 1070 5297 754 1071 5298 755 1072 5299 747 1063 5300 739 1059 5301 743 1061 5302 744 1064 5303 752 1073 5304 741 2170 5305 740 1074 5306 745 1076 5307 744 2171 5308 743 1077 5309 751 1079 5310 750 2172 5311 747 1080 5312 748 1082 5313 753 2173 5314 738 1083 5315 757 44 5316 758 2174 5317 759 44 5318 761 1086 5319 760 1085 5320 764 1088 5321 765 1090 5322 766 2141 5323 767 1091 5324 768 1092 5325 769 2095 5326 770 503 5327 773 1094 5328 774 1097 5329 775 506 5330 776 1095 5331 760 1085 5332 762 1087 5333 761 1086 5334 778 1096 5335 773 1094 5336 779 1098 5337 771 1093 5338 774 1097 5339 763 1089 5340 767 1091 5341 768 1092 5342 765 1099 5343 764 2175 5344 760 1100 5345 769 1102 5346 768 2097 5347 767 1103 5348 775 1105 5349 774 2176 5350 771 1106 5351 772 1107 5352 777 2177 5353 762 1108 5354 781 1109 5355 782 1112 5356 783 206 5357 785 1110 5358 781 1109 5359 780 172 5360 787 1111 5361 785 1110 5362 784 95 5363 782 1112 5364 787 1111 5365 786 112 5366 788 1113 5367 789 1124 5368 787 1111 5369 791 1114 5370 789 1124 5371 788 1113 5372 791 1114 5373 790 1115 5374 792 1116 5375 794 1118 5376 795 1122 5377 792 1116 5378 796 1119 5379 794 1118 5380 790 1115 5381 796 1119 5382 788 1113 5383 782 1112 5384 796 1119 5385 781 1109 5386 785 1110 5387 798 1121 5388 794 1118 5389 796 1119 5390 798 1121 5391 799 1123 5392 795 1122 5393 791 1114 5394 793 1117 5395 799 1123 5396 791 1114 5397 798 1121 5398 797 1120 5399 797 1120 5400 785 1110 5401 787 1111 5402 799 1123 5403 793 1117 5404 801 206 5405 795 1122 5406 799 1123 5407 800 112 5408 792 1116 5409 795 1122 5410 802 95 5411 793 1117 5412 792 1116 5413 803 172 5414 805 1125 5415 806 275 5416 807 266 5417 809 1126 5418 805 1125 5419 804 267 5420 811 270 5421 809 1126 5422 808 269 5423 813 1127 5424 811 270 5425 810 105 5426 815 1128 5427 813 1127 5428 812 272 5429 806 275 5430 815 1128 5431 814 274 5432 817 1129 5433 815 1128 5434 806 275 5435 818 1130 5436 819 1132 5437 817 1129 5438 818 1130 5439 816 260 5440 806 275 5441 820 1131 5442 818 1130 5443 805 1125 5444 819 1132 5445 818 1130 5446 820 1131 5447 821 1133 5448 811 270 5449 813 1127 5450 821 1133 5451 820 1131 5452 809 1126 5453 819 1132 5454 813 1127 5455 815 1128 5456 823 1134 5457 824 2178 5458 825 1134 5459 827 1136 5460 828 2179 5461 829 1136 5462 831 1138 5463 830 1137 5464 834 1140 5465 835 1142 5466 836 2180 5467 837 1143 5468 838 1144 5469 839 2181 5470 840 1145 5471 843 1147 5472 844 1153 5473 845 1148 5474 846 1150 5475 830 1137 5476 832 1139 5477 831 1138 5478 848 1152 5479 843 1147 5480 849 1154 5481 841 1146 5482 844 1153 5483 833 1141 5484 837 1143 5485 838 1144 5486 835 562 5487 834 2102 5488 830 563 5489 839 1155 5490 838 2182 5491 837 1156 5492 845 1158 5493 844 2183 5494 841 1159 5495 842 1161 5496 847 2184 5497 832 1162 5498 851 1164 5499 852 1173 5500 853 1165 5501 855 1166 5502 851 1164 5503 850 28 5504 857 1167 5505 855 1166 5506 854 30 5507 859 1169 5508 857 1167 5509 856 1168 5510 861 1171 5511 859 1169 5512 858 1170 5513 852 1173 5514 861 1171 5515 860 1172 5516 862 1174 5517 863 1176 5518 861 1171 5519 862 1174 5520 864 1177 5521 865 1175 5522 862 1174 5523 852 1173 5524 851 1164 5525 864 1177 5526 851 1164 5527 855 1166 5528 867 1179 5529 865 1175 5530 864 1177 5531 865 1175 5532 867 1179 5533 857 1167 5534 866 1178 5535 855 1166 5536 857 1167 5537 863 1176 5538 865 1175 5539 859 1169 5540 869 1181 5541 868 1180 5542 872 1183 5543 873 1185 5544 874 2185 5545 875 1186 5546 876 1187 5547 877 2186 5548 878 1188 5549 881 1190 5550 882 1196 5551 883 1191 5552 884 1193 5553 868 1180 5554 870 1182 5555 886 1195 5556 881 1190 5557 870 1182 5558 887 1197 5559 879 1189 5560 882 1196 5561 887 1197 5562 871 1184 5563 875 1186 5564 884 1198 5565 873 1074 5566 872 1199 5567 877 1201 5568 876 2187 5569 875 1202 5570 883 1204 5571 882 2188 5572 879 1205 5573 880 1206 5574 885 2189 5575 870 1207 5576 891 1212 5577 889 1210 5578 888 1209 5579 893 1214 5580 894 2190 5581 895 1215 5582 896 1216 5583 897 2191 5584 898 1217 5585 901 1219 5586 902 1225 5587 903 1220 5588 904 1222 5589 888 1209 5590 890 1211 5591 906 1224 5592 901 1219 5593 890 1211 5594 907 1226 5595 899 1218 5596 902 1225 5597 907 1226 5598 891 1212 5599 895 1215 5600 893 1227 5601 892 2192 5602 888 1228 5603 894 1230 5604 897 2193 5605 896 1231 5606 903 1233 5607 902 2194 5608 899 1234 5609 905 1236 5610 890 2195 5611 901 1237 5612 909 1240 5613 908 1239 5614 912 1242 5615 913 1244 5616 914 2196 5617 915 1245 5618 916 1246 5619 917 2197 5620 918 1247 5621 921 1249 5622 922 1255 5623 923 1250 5624 924 1252 5625 908 1239 5626 910 1241 5627 909 1240 5628 926 1254 5629 921 1249 5630 926 1254 5631 927 1256 5632 919 1248 5633 911 1243 5634 915 1245 5635 916 1246 5636 924 1257 5637 913 2198 5638 912 327 5639 917 1259 5640 916 2199 5641 915 1260 5642 923 1262 5643 922 2200 5644 919 1263 5645 920 1264 5646 925 2173 5647 910 1265 5648 929 1267 5649 930 2201 5650 931 1267 5651 933 1269 5652 934 2202 5653 935 1269 5654 937 1136 5655 938 2009 5656 939 44 5657 941 1271 5658 942 2179 5659 943 1271 5660 945 1273 5661 946 725 5662 947 1273 5663 949 1136 5664 950 2009 5665 951 44 5666 953 1274 5667 954 2203 5668 955 1274 5669 957 1276 5670 958 2204 5671 959 1276 5672 961 756 5673 962 2140 5674 963 757 5675 965 1278 5676 966 1281 5677 967 1279 5678 964 1280 5679 967 1279 5680 969 112 5681 970 112 5682 971 112 5683 966 1281 5684 965 1282 5685 964 1284 5686 972 1283 5687 968 105 5688 976 105 5689 975 105 5690 978 105 5691 979 1299 5692 980 105 5693 981 105 5694 980 105 5695 983 1285 5696 983 1285 5697 970 1288 5698 984 1287 5699 970 1288 5700 965 1282 5701 985 105 5702 989 105 5703 990 105 5704 988 105 5705 991 1290 5706 992 1293 5707 993 1291 5708 992 1293 5709 979 1299 5710 998 1297 5711 991 1290 5712 994 1292 5713 990 105 5714 967 1302 5715 1002 2205 5716 1003 1303 5717 971 1305 5718 1002 2205 5719 967 1302 5720 1004 1307 5721 1002 2205 5722 971 1305 5723 969 1304 5724 1003 1303 5725 1007 105 5726 979 1308 5727 1002 1314 5728 1004 1309 5729 991 1311 5730 1007 2206 5731 1003 1312 5732 992 1313 5733 1003 1312 5734 1002 1314 5735 1008 1315 5736 1009 1344 5737 978 1316 5738 1008 1315 5739 977 1317 5740 981 1318 5741 1011 1320 5742 1010 1319 5743 981 1318 5744 1011 1320 5745 982 1321 5746 984 1322 5747 1013 1324 5748 1014 1362 5749 985 1325 5750 1016 1327 5751 976 1331 5752 987 1328 5753 1017 1330 5754 975 1333 5755 976 1331 5756 1017 1330 5757 1018 1334 5758 974 1332 5759 1018 1334 5760 1019 1336 5761 972 1335 5762 1013 1324 5763 973 1326 5764 972 1335 5765 1020 1337 5766 1015 1329 5767 987 1328 5768 1021 1339 5769 1020 1337 5770 988 1338 5771 1022 1341 5772 1023 1359 5773 998 1342 5774 1009 1344 5775 1024 1347 5776 1001 1345 5777 1025 1346 5778 1000 1348 5779 1001 1345 5780 1022 1341 5781 999 1343 5782 1000 1348 5783 1021 1339 5784 990 1340 5785 994 1349 5786 1026 1350 5787 994 1349 5788 993 1351 5789 1028 1353 5790 1027 1352 5791 993 1351 5792 1029 1355 5793 1028 1353 5794 995 1354 5795 1029 1355 5796 996 1356 5797 997 1357 5798 1030 1358 5799 997 1357 5800 998 1342 5801 1012 1323 5802 984 1322 5803 986 1360 5804 1014 1362 5805 1031 1361 5806 986 1360 5807 1008 1363 5808 1032 1367 5809 1033 1364 5810 1010 1366 5811 1034 1369 5812 1032 1367 5813 1011 1368 5814 1035 1371 5815 1034 1369 5816 1012 1370 5817 1036 1407 5818 1035 1371 5819 1037 1372 5820 1038 1405 5821 1014 1373 5822 1039 1375 5823 1037 1372 5824 1013 1374 5825 1040 1377 5826 1039 1375 5827 1019 1376 5828 1041 1379 5829 1040 1377 5830 1018 1378 5831 1042 1381 5832 1041 1379 5833 1017 1380 5834 1042 1381 5835 1016 1382 5836 1015 1383 5837 1043 1383 5838 1015 1383 5839 1020 1384 5840 1044 1385 5841 1020 1384 5842 1021 1386 5843 1046 1388 5844 1047 1395 5845 1023 1389 5846 1048 1391 5847 1046 1388 5848 1022 1390 5849 1049 1393 5850 1048 1391 5851 1025 1392 5852 1009 1365 5853 1033 1364 5854 1049 1393 5855 1047 1395 5856 1050 1397 5857 1030 1396 5858 1050 1397 5859 1051 1399 5860 1029 1398 5861 1051 1399 5862 1052 1402 5863 1028 1400 5864 1053 1401 5865 1027 1401 5866 1028 1400 5867 1054 1403 5868 1026 1404 5869 1027 1401 5870 1045 1387 5871 1021 1386 5872 1026 1404 5873 1038 1405 5874 1055 2207 5875 1031 1406 5876 1031 1406 5877 1055 2207 5878 1036 1407 5879 983 1408 5880 1005 1409 5881 971 1408 5882 980 206 5883 1004 206 5884 1005 206 5885 968 1410 5886 969 2208 5887 1006 1411 5888 989 95 5889 1006 95 5890 1007 95 5891 1057 1413 5892 1058 2209 5893 1059 1414 5894 1061 1416 5895 1057 1413 5896 1056 1415 5897 1063 1418 5898 1061 1416 5899 1060 1417 5900 1065 1420 5901 1063 1418 5902 1062 1419 5903 1067 1422 5904 1065 1420 5905 1064 1421 5906 1068 1424 5907 1069 1426 5908 1067 1422 5909 1070 1425 5910 1071 1428 5911 1069 1426 5912 1072 1427 5913 1073 1430 5914 1071 1428 5915 1074 1429 5916 1075 1432 5917 1073 1430 5918 1076 1431 5919 1077 2210 5920 1075 1432 5921 1079 1433 5922 1077 2210 5923 1076 1431 5924 1080 1435 5925 1081 2211 5926 1079 1433 5927 1083 1436 5928 1081 2211 5929 1080 1435 5930 1084 1438 5931 1085 2212 5932 1083 1436 5933 1087 1439 5934 1085 2212 5935 1084 1438 5936 1089 1441 5937 1087 1439 5938 1086 1440 5939 1090 1443 5940 1091 2213 5941 1089 1441 5942 1093 1444 5943 1091 2213 5944 1090 1443 5945 1094 1446 5946 1095 1448 5947 1093 1444 5948 1096 1447 5949 1097 2214 5950 1095 1448 5951 1099 1449 5952 1097 2214 5953 1096 1447 5954 1100 1451 5955 1101 2215 5956 1099 1449 5957 1103 1452 5958 1101 2215 5959 1100 1451 5960 1059 1414 5961 1058 2209 5962 1103 1452 5963 1104 1454 5964 1105 1501 5965 1103 1455 5966 1106 1457 5967 1107 1460 5968 1073 1458 5969 1107 1460 5970 1108 1463 5971 1071 1461 5972 1109 1462 5973 1069 1465 5974 1071 1461 5975 1110 1464 5976 1067 1474 5977 1069 1465 5978 1104 1454 5979 1058 1456 5980 1057 1466 5981 1111 1467 5982 1057 1466 5983 1061 1468 5984 1113 1470 5985 1112 1469 5986 1061 1468 5987 1114 1472 5988 1113 1470 5989 1063 1471 5990 1110 1464 5991 1114 1472 5992 1065 1473 5993 1115 1475 5994 1116 1478 5995 1077 1476 5996 1106 1457 5997 1075 1459 5998 1077 1476 5999 1115 1475 6000 1079 1477 6001 1081 1479 6002 1118 1481 6003 1117 1480 6004 1081 1479 6005 1118 1481 6006 1083 1482 6007 1085 1483 6008 1119 1484 6009 1085 1483 6010 1087 1485 6011 1120 1486 6012 1087 1485 6013 1089 1487 6014 1122 1489 6015 1121 1488 6016 1089 1487 6017 1122 1489 6018 1091 1490 6019 1093 1491 6020 1123 1492 6021 1093 1491 6022 1095 1493 6023 1125 1495 6024 1124 1494 6025 1095 1493 6026 1126 1497 6027 1125 1495 6028 1097 1496 6029 1127 1499 6030 1126 1497 6031 1099 1498 6032 1127 1499 6033 1101 1500 6034 1103 1455 6035 1128 1502 6036 1129 1523 6037 1105 1503 6038 1107 1505 6039 1106 1548 6040 1130 1506 6041 1107 1505 6042 1131 1507 6043 1132 1508 6044 1109 1510 6045 1108 1509 6046 1132 1508 6047 1110 1512 6048 1109 1510 6049 1133 1511 6050 1135 1514 6051 1114 1516 6052 1110 1512 6053 1136 1515 6054 1113 1518 6055 1114 1516 6056 1136 1515 6057 1137 1519 6058 1112 1517 6059 1137 1519 6060 1138 1521 6061 1111 1520 6062 1128 1502 6063 1104 1504 6064 1111 1520 6065 1139 1522 6066 1127 1525 6067 1105 1503 6068 1140 1524 6069 1126 1527 6070 1127 1525 6071 1141 1526 6072 1125 1529 6073 1126 1527 6074 1142 1528 6075 1124 1531 6076 1125 1529 6077 1143 1530 6078 1123 1533 6079 1124 1531 6080 1143 1530 6081 1144 1534 6082 1122 1532 6083 1144 1534 6084 1145 1536 6085 1121 1535 6086 1145 1536 6087 1146 1538 6088 1120 1537 6089 1146 1538 6090 1147 1541 6091 1119 1539 6092 1148 1540 6093 1118 1543 6094 1119 1539 6095 1148 1540 6096 1149 1544 6097 1117 1542 6098 1149 1544 6099 1150 2216 6100 1115 1545 6101 1115 1545 6102 1150 2216 6103 1151 1546 6104 1116 1547 6105 1151 1546 6106 1130 1506 6107 1132 2217 6108 1131 2218 6109 1150 1551 6110 1130 2219 6111 1151 2220 6112 1150 1551 6113 1150 1551 6114 1149 2221 6115 1148 2222 6116 1148 2222 6117 1147 2223 6118 1150 1551 6119 1146 1549 6120 1145 2224 6121 1144 2225 6122 1144 2225 6123 1143 2226 6124 1142 2227 6125 1142 2227 6126 1141 2228 6127 1129 1550 6128 1140 2229 6129 1139 2230 6130 1129 1550 6131 1129 1550 6132 1128 2231 6133 1138 2232 6134 1138 2232 6135 1137 2233 6136 1129 1550 6137 1136 2234 6138 1135 2235 6139 1134 2236 6140 1134 2236 6141 1133 2237 6142 1132 2217 6143 1131 2218 6144 1130 2219 6145 1150 1551 6146 1150 1551 6147 1147 2223 6148 1146 1549 6149 1146 1549 6150 1144 2225 6151 1129 1550 6152 1141 2228 6153 1140 2229 6154 1129 1550 6155 1129 1550 6156 1137 2233 6157 1136 2234 6158 1136 2234 6159 1134 2236 6160 1129 1550 6161 1132 2217 6162 1150 1551 6163 1129 1550 6164 1144 2225 6165 1142 2227 6166 1129 1550 6167 1129 1550 6168 1134 2236 6169 1132 2217 6170 1130 1552 6171 1152 1599 6172 1153 1553 6173 1131 1554 6174 1153 1553 6175 1154 1555 6176 1132 1556 6177 1154 1555 6178 1155 1557 6179 1134 1559 6180 1133 1558 6181 1155 1557 6182 1135 1561 6183 1134 1559 6184 1156 1560 6185 1136 1563 6186 1135 1561 6187 1157 1562 6188 1136 1563 6189 1158 1564 6190 1159 1565 6191 1137 1566 6192 1159 1565 6193 1160 1567 6194 1128 1569 6195 1138 1568 6196 1160 1567 6197 1128 1569 6198 1161 1570 6199 1162 1571 6200 1129 1572 6201 1162 1571 6202 1163 1573 6203 1140 1575 6204 1139 1574 6205 1163 1573 6206 1141 1577 6207 1140 1575 6208 1164 1576 6209 1142 1579 6210 1141 1577 6211 1165 1578 6212 1142 1579 6213 1166 1580 6214 1167 1581 6215 1143 1582 6216 1167 1581 6217 1168 1583 6218 1144 1584 6219 1168 1583 6220 1169 1585 6221 1146 1587 6222 1145 1586 6223 1169 1585 6224 1147 1589 6225 1146 1587 6226 1170 1588 6227 1148 1591 6228 1147 1589 6229 1171 1590 6230 1149 1593 6231 1148 1591 6232 1172 1592 6233 1150 1595 6234 1149 1593 6235 1173 1594 6236 1151 1597 6237 1150 1595 6238 1174 1596 6239 1151 1597 6240 1175 1598 6241 1152 1599 6242 1176 1600 6243 1177 2238 6244 1154 1601 6245 1152 1603 6246 1178 1605 6247 1176 1600 6248 1175 1604 6249 1179 2239 6250 1178 1605 6251 1180 1606 6252 1179 2239 6253 1175 1604 6254 1173 1608 6255 1181 1610 6256 1180 1606 6257 1172 1609 6258 1182 2240 6259 1181 1610 6260 1183 1611 6261 1182 2240 6262 1172 1609 6263 1184 1613 6264 1183 1611 6265 1171 1612 6266 1185 1615 6267 1184 1613 6268 1170 1614 6269 1168 1617 6270 1186 2241 6271 1185 1615 6272 1187 1618 6273 1186 2241 6274 1168 1617 6275 1166 1620 6276 1188 1622 6277 1187 1618 6278 1165 1621 6279 1189 1624 6280 1188 1622 6281 1164 1623 6282 1190 2242 6283 1189 1624 6284 1191 1625 6285 1190 2242 6286 1164 1623 6287 1192 1627 6288 1191 1625 6289 1163 1626 6290 1161 1629 6291 1193 2243 6292 1192 1627 6293 1194 1630 6294 1193 2243 6295 1161 1629 6296 1195 1632 6297 1194 1630 6298 1160 1631 6299 1158 1634 6300 1196 2244 6301 1195 1632 6302 1197 1635 6303 1196 2244 6304 1158 1634 6305 1156 1637 6306 1198 2245 6307 1197 1635 6308 1199 1638 6309 1198 2245 6310 1156 1637 6311 1154 1601 6312 1177 2238 6313 1199 1638 6314 1200 1640 6315 1201 1685 6316 1199 1641 6317 1202 1643 6318 1203 1646 6319 1176 1644 6320 1200 1640 6321 1177 1642 6322 1176 1644 6323 1202 1643 6324 1178 1645 6325 1179 1647 6326 1205 1649 6327 1206 1652 6328 1180 1650 6329 1204 1648 6330 1179 1647 6331 1180 1650 6332 1207 1653 6333 1205 1649 6334 1181 1651 6335 1209 1655 6336 1183 1658 6337 1184 1656 6338 1207 1653 6339 1182 1654 6340 1183 1658 6341 1208 1657 6342 1184 1656 6343 1185 1659 6344 1211 1661 6345 1212 1664 6346 1186 1662 6347 1210 1660 6348 1185 1659 6349 1186 1662 6350 1211 1661 6351 1187 1663 6352 1188 1665 6353 1215 1667 6354 1189 1670 6355 1190 1668 6356 1213 1666 6357 1188 1665 6358 1189 1670 6359 1214 1669 6360 1190 1668 6361 1191 1671 6362 1217 1673 6363 1218 1676 6364 1192 1674 6365 1216 1672 6366 1191 1671 6367 1192 1674 6368 1217 1673 6369 1193 1675 6370 1194 1677 6371 1220 1679 6372 1221 1682 6373 1195 1680 6374 1221 1682 6375 1219 1678 6376 1194 1677 6377 1220 1679 6378 1196 1681 6379 1197 1683 6380 1201 1685 6381 1223 1687 6382 1198 1686 6383 1222 1684 6384 1197 1683 6385 1198 1686 6386 1228 1716 6387 1226 1714 6388 1225 1713 6389 1230 1718 6390 1231 2246 6391 1232 1719 6392 1233 1720 6393 1234 2247 6394 1235 1721 6395 1237 1723 6396 1238 1728 6397 1239 1724 6398 1241 1726 6399 1225 1713 6400 1227 1715 6401 1226 1714 6402 1243 1729 6403 1238 1728 6404 1244 1730 6405 1236 1722 6406 1239 1724 6407 1228 1716 6408 1232 1719 6409 1233 1720 6410 1230 622 6411 1229 2248 6412 1225 1731 6413 1231 1733 6414 1234 2249 6415 1233 1734 6416 1240 1735 6417 1239 2250 6418 1236 1736 6419 1242 1737 6420 1227 2085 6421 1238 1738 6422 1246 1740 6423 1247 2251 6424 1248 1740 6425 1250 1743 6426 1249 1742 6427 1253 1745 6428 1253 1745 6429 1254 2252 6430 1255 1747 6431 1258 1749 6432 1259 2253 6433 1260 1750 6434 1261 1752 6435 1262 1757 6436 1263 1753 6437 1249 1742 6438 1251 1744 6439 1266 1755 6440 1250 1743 6441 1267 1758 6442 1262 1757 6443 1268 1759 6444 1260 1750 6445 1263 1753 6446 1252 1746 6447 1256 1748 6448 1257 1751 6449 1254 513 6450 1253 2147 6451 1249 1760 6452 1258 1762 6453 1257 2254 6454 1256 1763 6455 1264 1764 6456 1263 2149 6457 1260 1765 6458 1261 1767 6459 1266 2255 6460 1251 1768 6461 1270 1770 6462 1271 2256 6463 1272 1771 6464 1274 207 6465 1275 207 6466 1276 207 6467 1292 1786 6468 1279 1774 6469 1290 1785 6470 1306 1800 6471 1292 1786 6472 1304 1799 6473 1316 1811 6474 1306 1800 6475 1315 1810 6476 1320 1814 6477 1306 1800 6478 1318 1813 6479 1279 1774 6480 1320 1814 6481 1332 1827 6482 1320 1814 6483 1279 1774 6484 1292 1786 6485 1348 1842 6486 1335 1830 6487 1346 1841 6488 1362 1856 6489 1348 1842 6490 1360 1855 6491 1376 1870 6492 1362 1856 6493 1374 1869 6494 1335 1830 6495 1376 1870 6496 1388 1883 6497 1335 1830 6498 1348 1842 6499 1362 1856 6500 1390 1885 6501 1389 1884 6502 1393 1887 6503 1394 1889 6504 1395 2257 6505 1396 1890 6506 1397 1891 6507 1398 2258 6508 1399 1892 6509 1402 1894 6510 1403 1900 6511 1404 1895 6512 1405 1897 6513 1389 1884 6514 1391 1886 6515 1407 1899 6516 1402 1894 6517 1391 1886 6518 1408 1901 6519 1400 1893 6520 1403 1900 6521 1408 1901 6522 1392 1888 6523 1396 1890 6524 1394 1902 6525 1393 2259 6526 1389 1903 6527 1398 1905 6528 1397 2132 6529 1396 1906 6530 1404 485 6531 1403 2260 6532 1400 1908 6533 1401 1910 6534 1406 2261 6535 1391 1911 6536 1410 1914 6537 1409 1913 6538 1413 1916 6539 1414 1918 6540 1415 2262 6541 1416 1919 6542 1417 1920 6543 1418 2142 6544 1419 767 6545 1422 1922 6546 1423 1926 6547 1424 770 6548 1425 1923 6549 1409 1913 6550 1411 1915 6551 1410 1914 6552 1427 1925 6553 1422 1922 6554 1427 1925 6555 1428 1927 6556 1420 1921 6557 1412 1917 6558 1416 1919 6559 1417 1920 6560 1414 1928 6561 1413 2263 6562 1409 1903 6563 1418 1930 6564 1417 2097 6565 1416 1931 6566 1424 783 6567 1423 2143 6568 1420 784 6569 1421 1933 6570 1426 2177 6571 1411 1934 6572 1430 1935 6573 1431 2264 6574 1432 1935 6575 1434 1937 6576 1435 2265 6577 1436 1938 6578 1440 1943 6579 1438 1941 6580 1437 1940 6581 1442 1945 6582 1443 2266 6583 1444 1946 6584 1445 1947 6585 1446 2267 6586 1447 1948 6587 1450 1950 6588 1451 1956 6589 1452 1951 6590 1453 1953 6591 1437 1940 6592 1439 1942 6593 1438 1941 6594 1455 1955 6595 1450 1950 6596 1456 1957 6597 1448 1949 6598 1451 1956 6599 1440 1943 6600 1444 1946 6601 1445 1947 6602 1442 1958 6603 1441 2268 6604 1437 1959 6605 1446 1961 6606 1445 2269 6607 1444 1962 6608 1452 1964 6609 1451 2270 6610 1448 1965 6611 1449 1967 6612 1454 2271 6613 1439 1968 6614 1458 1970 6615 1459 2272 6616 1460 1970 6617 1465 2273 6618 1461 1974 6619 1463 1973 6620 1463 1973 6621 1464 2274 6622 1465 2273 6623 1474 1977 6624 1466 2275 6625 1467 2276 6626 1468 1975 6627 1469 2277 6628 1471 2278 6629 1474 1977 6630 1467 2276 6631 1468 1975 6632 1472 2279 6633 1473 1976 6634 1471 2278 6635 1469 2277 6636 1470 2280 6637 1471 2278 6638 1471 2278 6639 1473 1976 6640 1468 1975 6641 1476 1978 6642 1477 22 6643 1478 1978 6644 1480 1981 6645 1479 1980 6646 1483 1983 6647 1484 1985 6648 1485 2129 6649 1486 1986 6650 1487 1987 6651 1488 2281 6652 1489 1988 6653 1492 1990 6654 1493 1995 6655 1494 1991 6656 1495 1993 6657 1479 1980 6658 1481 1982 6659 1497 1994 6660 1492 1990 6661 1481 1982 6662 1498 1996 6663 1490 1989 6664 1493 1995 6665 1498 1996 6666 1482 1984 6667 1486 1986 6668 1484 1902 6669 1483 2259 6670 1479 1997 6671 1488 1999 6672 1487 2282 6673 1486 2000 6674 1494 485 6675 1493 2260 6676 1490 1908 6677 1491 2002 6678 1496 2283 6679 1481 2003 6680 1500 2005 6681 1501 2284 6682 1502 1770 6683</p>
        </polylist>
      </mesh>
    </geometry>
  </library_geometries>
  <library_controllers/>
  <library_visual_scenes>
    <visual_scene id="Scene" name="Scene">
      <node id="Mesh74_Group105_Group1_Model" name="Mesh74_Group105_Group1_Model" type="NODE">
        <matrix sid="transform">1 0 0 0 0 -1.62921e-7 -1 0 0 1 -1.62921e-7 0 0 0 0 1</matrix>
        <instance_geometry url="#Mesh74_Group105_Group1_Model-mesh" name="Mesh74_Group105_Group1_Model">
          <bind_material>
            <technique_common>
              <instance_material symbol="FrontColor-material" target="#FrontColor-material">
                <bind_vertex_input semantic="UVMap" input_semantic="TEXCOORD" input_set="0"/>
              </instance_material>
            </technique_common>
          </bind_material>
        </instance_geometry>
      </node>
    </visual_scene>
  </library_visual_scenes>
  <scene>
    <instance_visual_scene url="#Scene"/>
  </scene>
</COLLADA>