<?xml version="1.0" encoding="utf-8"?>
<COLLADA xmlns="http://www.collada.org/2005/11/COLLADASchema" version="1.4.1">
  <asset>
    <contributor>
      <author>Blender User</author>
      <authoring_tool>Blender 2.78.0 commit date:2016-10-24, commit time:12:20, hash:e8299c8</authoring_tool>
    </contributor>
    <created>2021-11-04T14:51:37</created>
    <modified>2021-11-04T14:51:37</modified>
    <unit name="meter" meter="1"/>
    <up_axis>Z_UP</up_axis>
  </asset>
  <library_images>
    <image id="video_store_cutout__color_png" name="video_store_cutout__color_png">
      <init_from>/I:/3D_Asset_Packages/For%20Sale/Video_Store/Cutout/Model/video_store_cutout__color.png</init_from>
    </image>
  </library_images>
  <library_effects>
    <effect id="FrontColor-effect">
      <profile_COMMON>
        <newparam sid="video_store_cutout__color_png-surface">
          <surface type="2D">
            <init_from>video_store_cutout__color_png</init_from>
          </surface>
        </newparam>
        <newparam sid="video_store_cutout__color_png-sampler">
          <sampler2D>
            <source>video_store_cutout__color_png-surface</source>
          </sampler2D>
        </newparam>
        <technique sid="common">
          <phong>
            <emission>
              <color sid="emission">0 0 0 1</color>
            </emission>
            <ambient>
              <color sid="ambient">0 0 0 1</color>
            </ambient>
            <diffuse>
              <texture texture="video_store_cutout__color_png-sampler" texcoord="UVMap"/>
            </diffuse>
            <specular>
              <color sid="specular">1 1 1 1</color>
            </specular>
            <shininess>
              <float sid="shininess">52</float>
            </shininess>
            <transparent opaque="A_ONE">
              <color>1 1 1 1</color>
            </transparent>
            <index_of_refraction>
              <float sid="index_of_refraction">1</float>
            </index_of_refraction>
          </phong>
        </technique>
      </profile_COMMON>
    </effect>
  </library_effects>
  <library_materials>
    <material id="FrontColor-material" name="FrontColor">
      <instance_effect url="#FrontColor-effect"/>
    </material>
  </library_materials>
  <library_geometries>
    <geometry id="Mesh2_Group4_Group3_Group1_Model-mesh" name="Mesh2_Group4_Group3_Group1_Model">
      <mesh>
        <source id="Mesh2_Group4_Group3_Group1_Model-mesh-positions">
          <float_array id="Mesh2_Group4_Group3_Group1_Model-mesh-positions-array" count="2070">0.377134 0 0.15 -0.377134 0 0.15 -0.377134 0 -0.15 0.377134 0 -0.15 -0.377134 0.00999999 0.149423 -0.377134 0.00999999 -0.15 0.377134 0.00999999 0.149423 0.377134 0.00999999 -0.15 0.115563 1.34069 0.082713 0.115563 1.31074 0.08443999 0.115563 1.31016 0.07445698 0.115563 1.34011 0.07273 0.119965 1.28122 0.086142 0.119965 1.28064 0.076159 0.122483 1.36238 0.08146196 0.115563 1.35067 0.082138 0.115563 1.3501 0.07215398 0.122483 1.36181 0.07147896 0.124366 1.28122 0.086142 0.124366 1.28064 0.076159 0.124366 1.20135 0.09074699 0.124366 1.20078 0.08076399 0.119676 1.18194 0.09186595 0.119676 1.18137 0.08188295 0.119676 1.14201 0.09416896 0.119676 1.14143 0.084185 0.119676 1.11835 0.09553295 0.119676 1.11777 0.08555001 0.115563 1.10925 0.09605801 0.115563 1.10867 0.08607399 0.11259 1.09972 0.09660696 0.11259 1.09914 0.08662396 0.115702 1.09023 0.09715396 0.115702 1.08965 0.08717095 0.125702 1.09023 0.09715396 0.125702 1.08965 0.08717095 0.131797 1.09814 0.09669798 0.131797 1.09757 0.08671498 0.136396 1.10701 0.09618699 0.136396 1.10643 0.08620399 0.138504 1.11677 0.09562397 0.138504 1.11619 0.08564096 0.142021 1.12611 0.09508496 0.142021 1.12554 0.08510196 0.142021 1.17603 0.09220695 0.142021 1.17546 0.08222395 0.146965 1.18731 0.09155696 0.146965 1.18673 0.08157396 0.146965 1.23068 0.08905595 0.146965 1.23011 0.07907295 0.15306 1.24329 0.08832895 0.15306 1.24272 0.07834595 0.15306 1.25328 0.08775299 0.15306 1.2527 0.07776999 0.14674 1.257 0.08753895 0.14674 1.25642 0.077555 0.14674 1.27122 0.08671897 0.14674 1.27065 0.07673496 0.151534 1.27998 0.086214 0.151534 1.27941 0.07622998 0.151534 1.28997 0.08563798 0.151534 1.28939 0.07565397 0.142454 1.29415 0.085397 0.142454 1.29357 0.07541298 0.142454 1.30413 0.08482098 0.142454 1.30356 0.07483798 0.1511099 1.30913 0.08453297 0.1511099 1.30855 0.07454895 0.1511099 1.31712 0.08407199 0.1511099 1.31655 0.07408899 0.14566 1.32549 0.08358895 0.14566 1.32492 0.07360595 0.14566 1.33548 0.08301395 0.14566 1.3349 0.07302999 0.141268 1.34445 0.082497 0.141268 1.34387 0.07251298 0.132483 1.36238 0.08146196 0.132483 1.36181 0.07147896 -0.257942 1.25991 0.07735496 -0.257942 1.38994 0.069857 -0.273305 1.23418 0.07883799 -0.280441 1.21553 0.07991296 -0.28401 1.2062 0.08045095 -0.28401 1.18624 0.08160197 -0.267298 1.16136 0.083036 -0.267298 1.15138 0.08361196 -0.267298 1.13141 0.08476299 -0.269959 1.12719 0.08500695 -0.291524 1.03875 0.09010601 -0.303276 1.05491 0.08917498 -0.284031 1.02024 0.091174 -0.276195 1.03715 0.09019899 -0.272666 1.02781 0.09073698 -0.268936 1.03715 0.09019899 -0.267163 1.03248 0.09046798 0.1811259 1.06731 0.08845996 0.184586 1.06731 0.08845996 0.193041 1.07264 0.08815199 0.198264 1.08115 0.08766096 0.198264 1.10112 0.08651 0.208486 1.13973 0.084284 0.2135969 1.15903 0.08317101 0.223819 1.19764 0.08094495 0.229548 1.23716 0.07866597 0.235878 1.26644 0.07697796 0.235878 1.29071 0.07557797 0.235878 1.30069 0.07500296 0.223413 1.32794 0.07343196 0.217106 1.34688 0.07233899 0.2142609 1.36665 0.07119995 0.2037799 1.39471 0.06958198 0.199584 1.41423 0.06845599 -0.354506 1.43486 0.067267 -0.267942 1.38994 0.069857 -0.3904 1.38686 0.07003396 -0.27719 1.38207 0.070311 -0.291064 1.36769 0.07113999 -0.303168 1.35179 0.07205599 -0.412932 1.35387 0.07193696 -0.31152 1.33365 0.07310199 -0.337336 1.2909 0.075567 -0.429831 1.32912 0.07336395 -0.438586 1.31117 0.07439899 -0.438586 1.30118 0.07497495 -0.337336 1.28374 0.07598 -0.433678 1.28183 0.07609099 -0.427071 1.26298 0.07717698 -0.334438 1.27419 0.07653099 -0.417161 1.23471 0.07880699 -0.334438 1.23593 0.07873696 -0.404743 1.20745 0.080379 -0.327921 1.22835 0.07917398 -0.392326 1.18018 0.08195096 -0.317871 1.21109 0.08016896 -0.375769 1.14383 0.08404695 -0.316324 1.18118 0.08189398 -0.312726 1.17771 0.08209395 -0.305531 1.17078 0.082493 -0.361376 1.11755 0.08556199 -0.296354 1.15304 0.083516 -0.287177 1.1353 0.08453899 -0.34998 1.10114 0.08650898 -0.33998 1.10114 0.08650898 -0.33175 1.09547 0.08683598 -0.279875 1.12848 0.08493298 -0.326562 1.08694 0.08732795 -0.322701 1.07773 0.08785897 -0.316226 1.07012 0.088297 -0.335381 1.46993 0.06524395 0.193291 1.44352 0.06676799 -0.325819 1.48747 0.064233 0.189095 1.46304 0.06564199 -0.317441 1.50284 0.06334698 0.184899 1.48256 0.064516 -0.299765 1.51218 0.06280899 0.175724 1.5003 0.06349295 -0.296016 1.52143 0.06227499 0.175724 1.50529 0.06320595 -0.286318 1.5389 0.06126797 0.1705459 1.52458 0.06209295 -0.283907 1.5656 0.05972796 0.165367 1.54387 0.06098097 -0.270009 1.57996 0.05890095 0.160189 1.56315 0.05986899 -0.267437 1.5896 0.05834394 0.152804 1.58171 0.05879998 -0.239659 1.60092 0.05769199 0.147696 1.59029 0.05830496 -0.200381 1.60847 0.05725598 0.142588 1.59887 0.05780994 -0.16051 1.61168 0.05707097 0.05635094 1.62657 0.05621296 0.07635098 1.62657 0.05621296 0.142588 1.60886 0.05723398 -0.139043 1.64538 0.05512797 0.04762899 1.63146 0.05593097 -0.133676 1.6538 0.05464297 0.02504897 1.65118 0.05479395 -0.133676 1.66379 0.05406695 -0.133676 1.66878 0.05377894 0.018067 1.65832 0.05438196 -0.148406 1.68228 0.05299997 0.018067 1.66626 0.05392396 -0.151519 1.69177 0.05245298 0.03383797 1.67854 0.05321598 -0.151519 1.70264 0.051826 0.04017394 1.68626 0.05277097 -0.1571519 1.71089 0.05135095 0.035905 1.69884 0.052046 0.04017394 1.69624 0.05219495 -0.159841 1.73068 0.05020999 0.035905 1.71249 0.05125898 -0.159841 1.75064 0.04905897 0.04146397 1.73167 0.05015295 -0.159841 1.78059 0.04733198 0.04146397 1.75602 0.04874897 -0.15448 1.79983 0.04622298 0.04965096 1.77424 0.04769796 -0.15448 1.80981 0.04564696 0.04492896 1.79364 0.04657995 -0.15207 1.8195 0.04508799 0.03393995 1.81032 0.04561799 -0.141894 1.83669 0.04409694 0.02295196 1.82701 0.04465597 -0.125524 1.84816 0.04343599 0.01026797 1.84245 0.04376596 -0.1085 1.85864 0.04283195 -0.004645943 1.85575 0.04299896 -0.08969497 1.86544 0.04243999 -0.02065795 1.86771 0.04230898 -0.070306 1.87034 0.04215699 -0.03030598 1.87034 0.04215699 0.130396 1.61758 0.05673098 0.1385239 1.61177 0.05706596 -0.257045 1.01526 0.091461 0.16317 1.04331 0.08984297 -0.2389889 0.99134 0.09283995 0.150422 1.0162 0.09140598 -0.234728 0.982308 0.09336096 0.144856 1.00791 0.09188395 -0.234728 0.952358 0.095088 0.1400769 0.98852 0.09300196 -0.229448 0.9331 0.09619796 0.1329089 0.959437 0.09467899 0.125102 0.941055 0.095739 -0.216515 0.895311 0.09837698 0.120634 0.938813 0.095869 0.120634 0.918847 0.09701997 0.125072 0.899377 0.09814196 -0.208057 0.805858 0.1035349 0.131727 0.870173 0.09982597 0.146317 0.822429 0.1025789 -0.203925 0.736096 0.1075569 0.152968 0.793224 0.104263 0.157642 0.763639 0.105969 -0.19049 0.647252 0.11268 0.165431 0.714331 0.108812 0.170104 0.684747 0.110518 0.177742 0.655784 0.112188 -0.19049 0.597335 0.115558 0.1853809 0.62682 0.113858 0.190473 0.607511 0.114971 -0.19049 0.54793 0.118407 0.190473 0.577561 0.116698 -0.182041 0.498731 0.121243 0.190473 0.527644 0.119576 -0.177624 0.449009 0.12411 0.190473 0.48771 0.121879 0.196249 0.449009 0.12411 0.236249 0.449009 0.12411 0.246249 0.449009 0.12411 0.386249 0.449009 0.12411 0.386249 0.08925598 0.144854 -0.382624 0.449009 0.12411 -0.182624 0.449009 0.12411 0.386249 0.06928896 0.146005 -0.382624 0.07967895 0.145406 0.377134 0 0.15 -0.377134 0 0.15 -0.280285 1.01098 0.09170699 -0.267413 1.00854 0.09184795 -0.275176 1.0024 0.092202 -0.261677 1.00036 0.09231996 -0.255941 0.992186 0.09279096 -0.264958 0.985234 0.09319198 -0.255941 0.987551 0.09305799 -0.258809 0.985234 0.09319198 -0.257942 1.26048 0.08733797 -0.257942 1.39052 0.07984 -0.269959 1.12776 0.09498995 -0.267298 1.13199 0.094747 -0.267298 1.15195 0.09359598 -0.267298 1.16194 0.09301996 -0.28401 1.18681 0.09158599 -0.28401 1.20678 0.09043395 -0.280441 1.2161 0.08989697 -0.273305 1.23476 0.08882099 -0.267942 1.39052 0.07984 -0.27719 1.38265 0.08029395 -0.291064 1.36826 0.08112299 -0.303168 1.35237 0.08203995 -0.31152 1.33423 0.08308595 -0.337336 1.29148 0.08555096 -0.337336 1.28432 0.08596396 -0.334438 1.27476 0.08651399 -0.334438 1.2365 0.08872097 -0.327921 1.22893 0.08915698 -0.317871 1.21167 0.09015297 -0.316324 1.18176 0.09187698 -0.312726 1.17829 0.09207695 -0.305531 1.17136 0.09247696 -0.296354 1.15362 0.09349995 -0.287177 1.13588 0.09452295 -0.279875 1.12905 0.09491598 -0.291524 1.03933 0.100089 -0.303276 1.05548 0.09915798 -0.316226 1.0707 0.09828096 -0.322701 1.07831 0.09784197 -0.326562 1.08751 0.09731096 -0.33175 1.09605 0.09681898 -0.33998 1.10172 0.09649199 -0.34998 1.10172 0.09649199 -0.264958 0.98581 0.103175 -0.275176 1.00297 0.102185 -0.280285 1.01156 0.101691 -0.284031 1.02081 0.101157 -0.361376 1.11813 0.095546 -0.375769 1.14441 0.09403097 -0.392326 1.18076 0.09193497 -0.404743 1.20802 0.09036296 -0.417161 1.23529 0.08879095 -0.427071 1.26356 0.087161 -0.433678 1.2824 0.08607399 -0.438586 1.30176 0.08495795 -0.438586 1.31174 0.08438199 -0.429831 1.32969 0.08334696 -0.412932 1.35444 0.08191996 -0.3904 1.38744 0.08001798 -0.354506 1.43544 0.07725 -0.335381 1.47051 0.07522797 -0.325819 1.48805 0.07421696 -0.317441 1.50341 0.07333099 -0.299765 1.51275 0.07279199 -0.296016 1.52201 0.07225799 -0.286318 1.53947 0.07125097 -0.283907 1.56617 0.06971198 -0.270009 1.58053 0.06888395 -0.267437 1.59018 0.06832796 -0.239659 1.60149 0.06767499 -0.200381 1.60904 0.06723999 -0.16051 1.61226 0.06705498 -0.139043 1.64595 0.06511199 -0.133676 1.65438 0.06462597 -0.133676 1.66436 0.06404995 -0.133676 1.66935 0.06376296 -0.148406 1.68286 0.06298398 -0.151519 1.69235 0.06243699 -0.151519 1.70322 0.06180995 -0.1571519 1.71147 0.06133395 -0.159841 1.73125 0.060193 -0.159841 1.75122 0.05904197 -0.159841 1.78117 0.05731499 -0.15448 1.80041 0.05620598 -0.15448 1.81039 0.05562996 -0.15207 1.82008 0.05507194 -0.141894 1.83727 0.05408096 -0.125524 1.84874 0.05341899 -0.1085 1.85922 0.05281496 -0.08969497 1.86602 0.052423 -0.070306 1.87092 0.05214095 -0.03030598 1.87092 0.05214095 -0.02065795 1.86829 0.05229198 -0.004645943 1.85632 0.05298197 0.01026797 1.84302 0.05374896 0.02295196 1.82758 0.05463898 0.03393995 1.8109 0.055601 0.04492896 1.79422 0.05656296 0.04965096 1.77481 0.05768197 0.04146397 1.7566 0.05873197 0.04146397 1.73225 0.06013596 0.035905 1.71307 0.06124198 0.035905 1.69942 0.062029 0.04017394 1.69682 0.06217896 0.04017394 1.68684 0.06275397 0.03383797 1.67911 0.06319999 0.018067 1.66683 0.06390798 0.018067 1.6589 0.06436496 0.02504897 1.65175 0.06477695 0.04762899 1.63203 0.06591397 0.05635094 1.62715 0.06619596 0.07635098 1.62715 0.06619596 0.130396 1.61816 0.066715 0.1385239 1.61234 0.06704998 0.142588 1.60943 0.067218 0.142588 1.59945 0.06779295 0.147696 1.59087 0.06828796 0.152804 1.58228 0.06878298 0.160189 1.56373 0.069853 0.165367 1.54444 0.07096499 0.1705459 1.52516 0.07207697 0.175724 1.50587 0.07318896 0.175724 1.50088 0.07347697 0.184899 1.48314 0.07449996 0.189095 1.46361 0.075625 0.193291 1.44409 0.07675099 0.199584 1.41481 0.07844001 0.2037799 1.39529 0.07956498 0.2142609 1.36722 0.08118295 0.217106 1.34746 0.08232295 0.223413 1.32851 0.08341497 0.235878 1.30127 0.08498597 0.235878 1.29128 0.08556199 0.235878 1.26701 0.08696097 0.229548 1.23774 0.08864897 0.223819 1.19821 0.09092795 0.2135969 1.15961 0.09315395 0.208486 1.1403 0.09426701 0.198264 1.10169 0.096493 0.198264 1.08173 0.09764498 0.193041 1.07321 0.098136 0.184586 1.06788 0.09844297 0.1811259 1.06788 0.09844297 0.16317 1.04389 0.09982597 0.150422 1.01678 0.10139 0.144856 1.00848 0.101868 0.1400769 0.989096 0.102986 0.1329089 0.960013 0.104663 0.125102 0.94163 0.105723 0.120634 0.939389 0.105852 0.120634 0.919422 0.107003 0.125072 0.899953 0.108126 0.131727 0.870749 0.10981 0.146317 0.823004 0.112562 0.152968 0.793799 0.114246 0.157642 0.764215 0.115952 0.165431 0.714907 0.118795 0.170104 0.685323 0.120501 0.177742 0.656359 0.122171 0.1853809 0.627396 0.123841 0.190473 0.608087 0.1249549 0.190473 0.578137 0.126681 0.190473 0.52822 0.1295599 0.190473 0.488286 0.131862 0.196249 0.449585 0.1340939 0.236249 0.449585 0.1340939 0.246249 0.449585 0.1340939 0.386249 0.449585 0.1340939 0.386249 0.08983099 0.154837 0.386249 0.06986498 0.155988 0.377134 5.76e-4 0.159983 -0.377134 5.76e-4 0.159983 -0.382624 0.08025497 0.155389 -0.382624 0.449585 0.1340939 -0.182624 0.449585 0.1340939 -0.177624 0.449585 0.1340939 -0.182041 0.499307 0.131227 -0.19049 0.548506 0.12839 -0.19049 0.59791 0.125541 -0.19049 0.647827 0.122663 -0.203925 0.736671 0.11754 -0.208057 0.806434 0.1135179 -0.216515 0.895887 0.10836 -0.229448 0.933675 0.106181 -0.234728 0.952934 0.105071 -0.234728 0.982884 0.103344 -0.2389889 0.991916 0.102823 -0.257045 1.01583 0.101444 -0.267163 1.03306 0.100451 -0.268936 1.03772 0.1001819 -0.276195 1.03772 0.1001819 -0.272666 1.02838 0.10072 -0.267413 1.00912 0.101831 -0.261677 1.00094 0.102303 -0.255941 0.992762 0.102774 -0.255941 0.988127 0.103042 -0.258809 0.98581 0.103175 -0.257942 1.39052 0.07984 -0.257942 1.26048 0.08733797 0.115563 1.35067 0.082138 0.122483 1.36238 0.08146196 0.115563 1.34069 0.082713 0.115563 1.31074 0.08443999 0.119965 1.28122 0.086142 -0.273305 1.23476 0.08882099 0.124366 1.20135 0.09074699 -0.280441 1.2161 0.08989697 0.119676 1.18194 0.09186595 -0.28401 1.20678 0.09043395 0.119676 1.14201 0.09416896 -0.28401 1.18681 0.09158599 -0.267298 1.16194 0.09301996 0.119676 1.11835 0.09553295 -0.267298 1.15195 0.09359598 -0.267298 1.13199 0.094747 0.115563 1.10925 0.09605801 -0.269959 1.12776 0.09498995 0.11259 1.09972 0.09660696 0.115702 1.09023 0.09715396 -0.303276 1.05548 0.09915798 -0.291524 1.03933 0.100089 -0.268936 1.03772 0.1001819 -0.276195 1.03772 0.1001819 -0.267163 1.03306 0.100451 0.1811259 1.06788 0.09844297 -0.257045 1.01583 0.101444 0.16317 1.04389 0.09982597 -0.2389889 0.991916 0.102823 0.150422 1.01678 0.10139 -0.234728 0.982884 0.103344 0.144856 1.00848 0.101868 -0.234728 0.952934 0.105071 0.1400769 0.989096 0.102986 -0.229448 0.933675 0.106181 0.1329089 0.960013 0.104663 0.125102 0.94163 0.105723 -0.216515 0.895887 0.10836 0.120634 0.939389 0.105852 0.120634 0.919422 0.107003 0.125072 0.899953 0.108126 -0.208057 0.806434 0.1135179 0.131727 0.870749 0.10981 0.146317 0.823004 0.112562 -0.203925 0.736671 0.11754 0.152968 0.793799 0.114246 0.157642 0.764215 0.115952 -0.19049 0.647827 0.122663 0.165431 0.714907 0.118795 0.170104 0.685323 0.120501 0.177742 0.656359 0.122171 -0.19049 0.59791 0.125541 0.1853809 0.627396 0.123841 0.190473 0.608087 0.1249549 -0.19049 0.548506 0.12839 0.190473 0.578137 0.126681 -0.182041 0.499307 0.131227 0.190473 0.52822 0.1295599 -0.177624 0.449585 0.1340939 0.190473 0.488286 0.131862 0.196249 0.449585 0.1340939 0.386249 0.08983099 0.154837 0.386249 0.449585 0.1340939 0.246249 0.449585 0.1340939 0.236249 0.449585 0.1340939 -0.182624 0.449585 0.1340939 -0.382624 0.449585 0.1340939 0.386249 0.06986498 0.155988 -0.382624 0.08025497 0.155389 0.377134 5.76e-4 0.159983 -0.377134 5.76e-4 0.159983 0.125702 1.09023 0.09715396 0.184586 1.06788 0.09844297 0.193041 1.07321 0.098136 0.131797 1.09814 0.09669798 0.198264 1.08173 0.09764498 0.136396 1.10701 0.09618699 0.198264 1.10169 0.096493 0.138504 1.11677 0.09562397 0.142021 1.12611 0.09508496 0.208486 1.1403 0.09426701 0.142021 1.17603 0.09220695 0.2135969 1.15961 0.09315395 0.146965 1.18731 0.09155696 0.223819 1.19821 0.09092795 0.146965 1.23068 0.08905595 0.15306 1.24329 0.08832895 0.229548 1.23774 0.08864897 0.15306 1.25328 0.08775299 0.235878 1.26701 0.08696097 0.14674 1.257 0.08753895 0.14674 1.27122 0.08671897 0.151534 1.27998 0.086214 0.151534 1.28997 0.08563798 0.235878 1.29128 0.08556199 0.142454 1.29415 0.085397 0.142454 1.30413 0.08482098 0.235878 1.30127 0.08498597 0.1511099 1.30913 0.08453297 0.223413 1.32851 0.08341497 0.1511099 1.31712 0.08407199 0.14566 1.32549 0.08358895 0.217106 1.34746 0.08232295 0.2142609 1.36722 0.08118295 0.14566 1.33548 0.08301395 0.141268 1.34445 0.082497 0.132483 1.36238 0.08146196 0.2037799 1.39529 0.07956498 0.199584 1.41481 0.07844001 -0.354506 1.43544 0.07725 -0.335381 1.47051 0.07522797 0.193291 1.44409 0.07675099 -0.325819 1.48805 0.07421696 0.189095 1.46361 0.075625 -0.317441 1.50341 0.07333099 0.184899 1.48314 0.07449996 -0.299765 1.51275 0.07279199 0.175724 1.50088 0.07347697 -0.296016 1.52201 0.07225799 0.175724 1.50587 0.07318896 -0.286318 1.53947 0.07125097 0.1705459 1.52516 0.07207697 -0.283907 1.56617 0.06971198 0.165367 1.54444 0.07096499 -0.270009 1.58053 0.06888395 0.160189 1.56373 0.069853 -0.267437 1.59018 0.06832796 0.152804 1.58228 0.06878298 -0.239659 1.60149 0.06767499 0.147696 1.59087 0.06828796 -0.200381 1.60904 0.06723999 0.142588 1.59945 0.06779295 -0.16051 1.61226 0.06705498 0.142588 1.60943 0.067218 0.07635098 1.62715 0.06619596 0.05635094 1.62715 0.06619596 0.130396 1.61816 0.066715 0.1385239 1.61234 0.06704998 -0.139043 1.64595 0.06511199 0.04762899 1.63203 0.06591397 -0.133676 1.65438 0.06462597 0.02504897 1.65175 0.06477695 -0.133676 1.66436 0.06404995 -0.133676 1.66935 0.06376296 0.018067 1.6589 0.06436496 -0.148406 1.68286 0.06298398 0.018067 1.66683 0.06390798 -0.151519 1.69235 0.06243699 0.03383797 1.67911 0.06319999 -0.151519 1.70322 0.06180995 0.04017394 1.68684 0.06275397 -0.1571519 1.71147 0.06133395 0.04017394 1.69682 0.06217896 0.035905 1.69942 0.062029 -0.159841 1.73125 0.060193 0.035905 1.71307 0.06124198 -0.159841 1.75122 0.05904197 0.04146397 1.73225 0.06013596 -0.159841 1.78117 0.05731499 0.04146397 1.7566 0.05873197 -0.15448 1.80041 0.05620598 0.04965096 1.77481 0.05768197 -0.15448 1.81039 0.05562996 0.04492896 1.79422 0.05656296 -0.15207 1.82008 0.05507194 0.03393995 1.8109 0.055601 -0.141894 1.83727 0.05408096 0.02295196 1.82758 0.05463898 -0.125524 1.84874 0.05341899 0.01026797 1.84302 0.05374896 -0.1085 1.85922 0.05281496 -0.004645943 1.85632 0.05298197 -0.08969497 1.86602 0.052423 -0.02065795 1.86829 0.05229198 -0.070306 1.87092 0.05214095 -0.03030598 1.87092 0.05214095 -0.267942 1.39052 0.07984 -0.3904 1.38744 0.08001798 -0.27719 1.38265 0.08029395 -0.291064 1.36826 0.08112299 -0.303168 1.35237 0.08203995 -0.412932 1.35444 0.08191996 -0.31152 1.33423 0.08308595 -0.337336 1.29148 0.08555096 -0.429831 1.32969 0.08334696 -0.438586 1.31174 0.08438199 -0.438586 1.30176 0.08495795 -0.337336 1.28432 0.08596396 -0.433678 1.2824 0.08607399 -0.427071 1.26356 0.087161 -0.334438 1.27476 0.08651399 -0.417161 1.23529 0.08879095 -0.334438 1.2365 0.08872097 -0.404743 1.20802 0.09036296 -0.327921 1.22893 0.08915698 -0.392326 1.18076 0.09193497 -0.317871 1.21167 0.09015297 -0.375769 1.14441 0.09403097 -0.316324 1.18176 0.09187698 -0.305531 1.17136 0.09247696 -0.312726 1.17829 0.09207695 -0.361376 1.11813 0.095546 -0.296354 1.15362 0.09349995 -0.287177 1.13588 0.09452295 -0.34998 1.10172 0.09649199 -0.33998 1.10172 0.09649199 -0.33175 1.09605 0.09681898 -0.279875 1.12905 0.09491598 -0.326562 1.08751 0.09731096 -0.322701 1.07831 0.09784197 -0.316226 1.0707 0.09828096 -0.284031 1.02081 0.101157 -0.272666 1.02838 0.10072 -0.280285 1.01156 0.101691 -0.267413 1.00912 0.101831 -0.275176 1.00297 0.102185 -0.255941 0.992762 0.102774 -0.261677 1.00094 0.102303 -0.264958 0.98581 0.103175 -0.255941 0.988127 0.103042 -0.258809 0.98581 0.103175 0.124366 1.28122 0.086142 -0.004999995 0.02254599 -0.15 -0.004999995 0.304515 0.119517 0.004999995 0.304515 0.119517 0.004999995 0.02254599 -0.15 -0.004999995 0.00999999 0.149423 -0.004999995 0.00999999 -0.15 -0.004999995 0.304515 0.1324419 0.004999995 0.00999999 -0.15 0.004999995 0.00999999 0.149423 0.004999995 0.304515 0.1324419</float_array>
          <technique_common>
            <accessor source="#Mesh2_Group4_Group3_Group1_Model-mesh-positions-array" count="690" stride="3">
              <param name="X" type="float"/>
              <param name="Y" type="float"/>
              <param name="Z" type="float"/>
            </accessor>
          </technique_common>
        </source>
        <source id="Mesh2_Group4_Group3_Group1_Model-mesh-normals">
          <float_array id="Mesh2_Group4_Group3_Group1_Model-mesh-normals-array" count="2904">0 -1 0 -1 0 0 -1 1.14029e-6 0 -1 0 0 0 1 0 1 0 0 0 0 -1 0.9972727 0.07368117 -0.00427854 1 -3.58108e-7 0 1 -3.87946e-7 0 0.9890995 0.1470015 -0.008541047 0.9972697 0.07372194 -0.00428152 0.861281 -0.507303 0.0289638 0.9646732 -0.2630212 0.01501518 0.8612795 -0.5073051 0.02897059 0.9647223 -0.2628418 0.01500147 0 0.9983172 -0.05798941 0 0.9983167 -0.05799937 0 0.9983176 -0.05798387 1 1.34011e-7 0 0.9930096 -0.1178422 0.006727457 1 1.45535e-7 0 0.9929996 -0.1179257 0.00673151 0.9929997 -0.1179252 0.006730496 0.9930095 -0.1178425 0.006725072 1 0 0 0.9776375 -0.2099433 0.01220476 0.9348655 -0.3544044 0.02059155 0.9776124 -0.2100596 0.01220381 0.9999746 0.007127463 -4.10501e-4 0.9348766 -0.354376 0.02058154 0.9503668 0.3106084 -0.01804304 0.9999734 0.007298409 -4.22467e-4 0 0.9983169 -0.05799448 0 0.9983169 -0.05799448 0 0.9983175 -0.05798518 -0.8437523 0.5358511 -0.03075408 -0.7927938 0.6084815 -0.03504663 -0.7926108 0.6087008 -0.03537607 -0.9410445 0.3377199 -0.01950877 -0.8437985 0.5357812 -0.03070324 -0.9594165 0.2815236 -0.01626944 -0.9409826 0.3378851 -0.0196287 -0.9838849 0.1785073 -0.01028209 -0.9593808 0.2816393 -0.01636481 -0.9788227 0.2043777 -0.01166206 -0.9839237 0.1782991 -0.01018261 -0.9788017 0.204471 -0.01178973 -0.9787797 0.204577 -0.0117672 -0.9748577 0.2224667 -0.01269763 -0.9787644 0.2046434 -0.01189345 -0.9748227 0.2226192 -0.01271039 -0.9748228 0.2226188 -0.01270896 -1 -7.27733e-7 0 -0.9748582 0.2224636 -0.01270419 -0.5078806 -0.8599768 0.04997199 -0.5078846 -0.8599742 0.04997777 -0.5078927 -0.8599687 0.04998981 -0.9689291 0.2469368 -0.01409751 -1 1.59141e-7 0 -0.9688863 0.2471042 -0.0141071 -0.9688868 0.2471019 -0.01410698 -1 -3.63806e-7 0 -0.9689302 0.2469322 -0.01409733 -0.4187431 -0.9065762 0.05266791 -0.418743 -0.9065762 0.05266791 -0.4187479 -0.9065745 0.05265843 -1 1.30952e-6 0 -1 1.30972e-6 0 -1 2.32892e-6 0 -0.5004332 0.864344 -0.04976117 -0.5004331 0.8643441 -0.04976129 -0.5008057 0.8641532 -0.04932427 -0.9587855 -0.2836691 0.01619869 -0.9587294 -0.2838578 0.01620948 -0.958731 -0.2838525 0.01620918 -0.9742558 -0.2250663 0.01307374 -0.9587863 -0.2836661 0.01619857 -0.8983651 -0.438514 0.02540969 -0.9742842 -0.2249441 0.01306188 -0.8983598 -0.4385383 0.02517753 -0.8983512 -0.4385387 0.02547729 0 -0.9983737 0.05701041 0 -0.9983742 0.05700111 6.8618e-7 -0.05755412 -0.9983424 -3.08224e-7 -0.05755472 -0.9983424 -1.91786e-6 -0.05756318 -0.9983419 -8.15614e-7 -0.05756521 -0.9983417 -1.62844e-7 -0.05756127 -0.998342 2.3142e-6 -0.05754524 -0.998343 -1.62184e-6 -0.05756402 -0.9983419 -1.22656e-6 -0.05756545 -0.9983417 0 -0.05756789 -0.9983416 1.68107e-6 -0.05754846 -0.9983428 1.27596e-6 -0.05755829 -0.9983422 -9.3334e-7 -0.05756735 -0.9983416 0 -0.05757004 -0.9983415 -1.32466e-6 -0.05756008 -0.998342 -1.34681e-6 -0.05757212 -0.9983414 1.78071e-6 -0.05754852 -0.9983428 -1.92505e-6 -0.05758154 -0.9983409 2.34087e-6 -0.05754208 -0.9983432 -6.45753e-6 -0.05763763 -0.9983376 -1.4151e-6 -0.05757915 -0.998341 -1.05098e-5 -0.05759179 -0.9983403 1.88374e-6 -0.0575807 -0.9983409 4.48888e-6 -0.05757874 -0.998341 -4.8311e-5 -0.0575273 -0.998344 8.67649e-7 -0.05783724 -0.9983261 -4.97135e-5 -0.05752998 -0.9983438 -3.03985e-5 -0.05733346 -0.9983551 -6.22954e-6 -0.05753242 -0.9983437 -1.50177e-7 -0.05758768 -0.9983405 5.06276e-6 -0.05757492 -0.9983413 -1.69836e-5 -0.05760473 -0.9983395 -1.77758e-5 -0.05764883 -0.998337 8.35434e-6 -0.05753064 -0.9983438 -2.02334e-6 -0.05755245 -0.9983425 -1.17444e-5 -0.05756461 -0.9983418 -4.26127e-6 -0.05758166 -0.9983409 0 -0.05757081 -0.9983415 2.60566e-6 -0.0575549 -0.9983423 -3.96578e-6 -0.05756759 -0.9983416 -1.88646e-6 -0.05756336 -0.9983419 -3.35763e-6 -0.05756545 -0.9983418 -3.49695e-6 -0.05756527 -0.9983418 -3.71468e-6 -0.05755853 -0.9983422 -2.46747e-6 -0.05756348 -0.9983419 -2.32408e-6 -0.05756419 -0.9983418 7.75183e-6 -0.05764001 -0.9983375 -9.22607e-6 -0.05758315 -0.9983408 9.18965e-6 -0.05757123 -0.9983415 4.8429e-7 -0.05757212 -0.9983415 3.96689e-6 -0.05754035 -0.9983432 2.39673e-6 -0.05758267 -0.9983409 4.2775e-7 -0.05755537 -0.9983424 1.50827e-6 -0.05757957 -0.9983409 -1.13688e-6 -0.05748558 -0.9983463 -7.46885e-7 -0.05753284 -0.9983437 1.47763e-5 -0.0575475 -0.9983428 -2.71369e-7 -0.05758112 -0.9983409 9.70622e-5 -0.05787593 -0.9983239 -1.23031e-5 -0.05751317 -0.9983448 -3.32378e-6 -0.05756711 -0.9983417 2.07605e-6 -0.05757755 -0.9983412 -1.54531e-6 -0.05754303 -0.9983431 -3.13753e-6 -0.05754584 -0.9983429 7.56086e-6 -0.05757439 -0.9983413 5.13559e-6 -0.05756229 -0.9983419 -2.76666e-6 -0.05756372 -0.9983419 0 -0.05756622 -0.9983417 -2.93818e-6 -0.05756705 -0.9983417 2.62736e-6 -0.05756878 -0.9983416 -2.16874e-6 -0.05757075 -0.9983415 -2.60583e-6 -0.05756723 -0.9983416 9.74033e-6 -0.05754864 -0.9983427 6.77831e-6 -0.05754387 -0.9983431 -5.81188e-6 -0.05756568 -0.9983417 -8.22529e-6 -0.05756616 -0.9983418 -8.33078e-6 -0.05757111 -0.9983415 -6.13271e-6 -0.05755931 -0.9983422 -6.82766e-6 -0.05756223 -0.998342 -7.71796e-6 -0.05757087 -0.9983415 -1.02047e-6 -0.05758655 -0.9983406 -9.28253e-6 -0.05755662 -0.9983423 -3.59538e-6 -0.05754101 -0.9983432 6.10896e-6 -0.05757951 -0.998341 3.75838e-6 -0.05756449 -0.9983419 1.82732e-6 -0.0575608 -0.9983421 1.04468e-6 -0.05756074 -0.998342 -1.18022e-6 -0.05755442 -0.9983424 3.21146e-6 -0.05755811 -0.9983422 3.43489e-6 -0.05756413 -0.9983419 -3.71004e-6 -0.05754834 -0.9983427 9.64639e-7 -0.05755603 -0.9983423 6.81591e-7 -0.05754059 -0.9983432 5.51482e-6 -0.05757623 -0.9983412 7.07147e-6 -0.057567 -0.9983416 2.53983e-5 -0.05759763 -0.99834 1.18622e-5 -0.05759567 -0.9983401 2.52068e-7 -0.05757302 -0.9983413 8.89994e-6 -0.05757766 -0.998341 -3.46757e-6 -0.05756044 -0.998342 1.61648e-6 -0.05756551 -0.9983417 -3.50715e-5 -0.05753105 -0.9983438 9.58561e-7 -0.05755418 -0.9983424 -1.22352e-5 -0.05756324 -0.9983419 0 -0.05757218 -0.9983414 2.48892e-6 -0.05754798 -0.9983428 2.05895e-6 -0.05755674 -0.9983423 1.36846e-6 -0.05754244 -0.9983431 -9.04058e-7 -0.05758821 -0.9983404 -1.60797e-7 -0.0575487 -0.9983428 -1.84636e-6 -0.05758219 -0.9983409 -1.88563e-6 -0.05760055 -0.9983397 1.13063e-6 -0.05750733 -0.9983451 4.16593e-7 -0.05756235 -0.998342 2.0982e-6 -0.0574994 -0.9983456 -2.02991e-6 -0.05756288 -0.998342 -2.04833e-6 -0.05758219 -0.9983408 2.04307e-6 -0.05756694 -0.9983417 6.37855e-7 -0.05755323 -0.9983425 -5.24693e-7 -0.05753582 -0.9983435 -2.41709e-6 -0.05755066 -0.9983427 3.10978e-6 -0.05751979 -0.9983444 8.60038e-7 -0.05765283 -0.9983367 -1.83163e-6 -0.05763703 -0.9983377 -3.3549e-7 -0.05759882 -0.9983398 1.55826e-6 -0.05755579 -0.9983423 -5.25549e-7 -0.05755865 -0.9983421 -1.81295e-7 -0.05758106 -0.9983409 1.80057e-6 -0.0575447 -0.9983429 1.82643e-6 -0.05755341 -0.9983425 8.00208e-7 -0.05756974 -0.9983415 1.53229e-6 -0.05756944 -0.9983415 1.31693e-7 -0.05753004 -0.9983438 -2.62528e-6 -0.05759161 -0.9983403 -3.64944e-6 -0.05760282 -0.9983396 -3.42573e-6 -0.05761426 -0.998339 -2.82762e-7 -0.05757135 -0.9983415 1.14368e-6 -0.05756813 -0.9983416 2.25395e-6 -0.05755889 -0.9983422 3.70021e-6 -0.05752128 -0.9983443 3.20981e-6 -0.05755203 -0.9983426 -3.85307e-5 -0.05755704 -0.9983422 -2.48232e-4 -0.05761718 -0.9983388 -2.89079e-5 -0.05755054 -0.9983426 3.06242e-6 -0.05753129 -0.9983438 8.53281e-7 -0.05756533 -0.9983418 7.78986e-7 -0.05756795 -0.9983416 7.67586e-7 -0.05756491 -0.9983419 -1.99539e-6 -0.05757468 -0.9983412 7.55107e-7 -0.05756634 -0.9983417 1.00136e-6 -0.05758148 -0.9983409 2.36566e-6 -0.05755633 -0.9983423 1.61945e-6 -0.0575481 -0.9983428 -1.96557e-6 -0.05756014 -0.9983421 4.36109e-7 -0.05760651 -0.9983394 2.98626e-6 -0.05756556 -0.9983417 3.51301e-6 -0.05757904 -0.998341 5.36644e-6 -0.05754089 -0.9983432 6.44666e-6 -0.05754452 -0.998343 5.82719e-6 -0.0575543 -0.9983425 5.78384e-6 -0.05755162 -0.9983426 5.95242e-6 -0.05754786 -0.9983428 3.22627e-6 -0.05756998 -0.9983415 2.73566e-6 -0.05757379 -0.9983413 -5.13092e-6 -0.05733114 -0.9983553 -3.10049e-7 -0.0576052 -0.9983395 -1.8548e-5 -0.05761331 -0.9983391 -1.00188e-5 -0.05757665 -0.9983412 -2.02257e-6 -0.05753767 -0.9983434 -1.37205e-6 -0.05756616 -0.9983418 -1.52942e-6 -0.05756759 -0.9983417 -1.75201e-6 -0.05755931 -0.9983422 -1.76567e-6 -0.05756318 -0.9983419 -1.18191e-6 -0.0575785 -0.998341 -2.23677e-6 -0.05756384 -0.9983419 -2.37569e-6 -0.05755656 -0.9983423 -1.68133e-6 -0.05756694 -0.9983417 -1.87904e-6 -0.05755376 -0.9983425 7.15011e-6 -0.05762755 -0.9983382 -1.07376e-6 -0.05756604 -0.9983417 3.74434e-5 -0.05784708 -0.9983255 -1.30338e-6 -0.05754226 -0.9983432 -1.45273e-6 -0.05755257 -0.9983425 -1.6346e-6 -0.05756205 -0.998342 -1.17955e-6 -0.05756729 -0.9983416 -5.43018e-7 -0.05756545 -0.9983417 -5.11716e-7 -0.05756294 -0.9983419 4.32339e-7 -0.05756705 -0.9983416 -1.75261e-7 -0.05756568 -0.9983417 0 -0.05756354 -0.9983419 -2.56221e-7 -0.05756658 -0.9983417 2.11908e-7 -0.05756711 -0.9983417 0 -0.05756276 -0.998342 -5.22727e-7 -0.05756515 -0.9983417 -5.90003e-7 -0.05755323 -0.9983425 -8.59412e-7 -0.05755746 -0.9983423 -3.73348e-7 -0.05756342 -0.9983419 -1.68811e-6 -0.05755954 -0.9983421 -5.5842e-7 -0.05755704 -0.9983422 5.57499e-7 -0.05756694 -0.9983417 5.55454e-7 -0.05756288 -0.998342 5.09326e-7 -0.05756503 -0.9983418 0 -0.05756157 -0.998342 0 -0.0575661 -0.9983418 0 -0.0575661 -0.9983417 7.00176e-6 -0.05755531 -0.9983423 3.311e-6 -0.05755859 -0.9983422 0 -0.0575633 -0.9983419 0 -0.05756545 -0.9983418 0 -0.05756139 -0.998342 -6.11112e-6 -0.05754739 -0.9983428 2.41677e-5 -0.05757546 -0.9983412 3.4073e-5 -0.05752247 -0.9983443 1.89388e-5 -0.05757588 -0.9983412 -1.4784e-5 -0.05758523 -0.9983407 -1.64991e-5 -0.05753868 -0.9983433 -4.72818e-5 -0.05755186 -0.9983425 0 -0.05740761 -0.9983508 -0.9641214 0.2650305 -0.01512813 -0.9640691 0.2652169 -0.01519548 -0.9609269 0.2763478 -0.01585644 -0.8464399 0.5315971 -0.03072643 -0.8468306 0.5309986 -0.03030657 -1 -4.1037e-7 0 -0.9607836 0.2768326 -0.01608502 -0.9566494 -0.2907515 0.01689755 -1 4.3713e-7 0 -0.956663 -0.2907204 0.0166583 -0.9566984 -0.2905943 0.0168274 -0.9833697 0.1813097 -0.01053547 -0.9567269 -0.2905146 0.0165854 -0.9341797 0.3562178 -0.02042329 -0.9834038 0.1811305 -0.01043218 -0.8998823 0.4354013 -0.02525538 -0.934202 0.3561616 -0.02038538 -0.8998977 0.4353694 -0.0252555 0.3456331 -0.9367911 0.05440902 0 -0.9983169 0.05799436 0 -0.9983165 0.05800348 0.6853289 -0.7270135 0.04214036 0.3456925 -0.9367687 0.05441719 0.759562 -0.6493714 0.03718054 0.6853068 -0.7270275 0.04225653 0.7595859 -0.6493443 0.03716748 0.8574825 -0.5136523 0.02975356 0.8838898 -0.4669082 0.02712458 0.8574324 -0.51373 0.02985012 0.9634145 -0.2675646 0.01554626 0.8838772 -0.4669318 0.02712458 0.9892198 0.1461961 -0.008421301 0.9634502 -0.2674367 0.01553863 0.9892058 0.1462903 -0.008426785 0.9891985 0.1463364 -0.008497595 0.9892303 0.1461287 -0.008349537 0.9378046 0.3465995 -0.01978474 0.9376691 0.3469546 -0.01997983 0.8149929 0.5785054 -0.03344219 0.9584904 0.2846449 -0.01653772 0.8148751 0.578661 -0.03361481 0.9986695 0.05148065 -0.002989888 0.9585258 0.2845258 -0.01653164 0.6945487 0.7182348 -0.04172456 0.6947784 0.7180137 -0.04170763 0.6947828 0.7180086 -0.04172104 0.8020629 0.5962345 -0.03463608 0.6945472 0.7182367 -0.04171675 0.8885058 0.4580934 -0.02660942 0.8021071 0.5961756 -0.0346288 0.7976073 0.6021729 -0.03479534 0.8885053 0.4580945 -0.0266053 0.4269116 0.9028124 -0.05173277 0.7974547 0.6023638 -0.03498339 0.4269968 0.9027823 -0.05155605 0.1292108 0.9900042 -0.05653643 -0.7862315 -0.6169214 0.03532785 -0.8746435 -0.483956 0.02802562 -0.8746074 -0.4840192 0.02805835 -0.7620746 -0.6464049 0.03745824 -0.7862159 -0.6169408 0.03533804 -0.8523104 -0.5221614 0.0302419 -0.7620446 -0.6464353 0.03754466 -0.8911865 -0.4528945 0.02595126 -0.8522968 -0.522177 0.03035199 -0.7274892 -0.6849718 0.03966349 -0.8911486 -0.4529668 0.02598553 -0.2974739 -0.9531228 0.05537474 -0.7274584 -0.6849966 0.0398004 -0.2974263 -0.9531373 0.05538058 -0.8597409 -0.5098978 0.0291568 -0.8596079 -0.5101113 0.02934098 -0.8595849 -0.5101444 0.0294364 -0.895995 -0.4433242 0.02562797 -0.8596877 -0.5099825 0.02923989 -0.9271919 -0.3739718 0.0214551 -0.8959627 -0.4433874 0.02566301 -0.9272168 -0.3739128 0.02141022 -0.8218099 -0.5688025 0.03305 -0.8507948 -0.5246136 0.03047972 -0.82181 -0.5688022 0.03305095 -0.8508074 -0.5245932 0.03047674 -0.8944566 -0.4464023 0.02592945 -0.894465 -0.4463857 0.02592718 -0.9103056 -0.4132425 0.02397006 -0.9103428 -0.41318 0.02363127 -0.9102997 -0.4132528 0.02401584 -0.9280292 -0.3718833 0.02156049 -0.9103427 -0.4131804 0.02362746 -0.943855 -0.3298071 0.01911199 -0.9280152 -0.3719155 0.02160376 -0.9575878 -0.2876704 0.01647508 -0.9438469 -0.3298272 0.01915961 -0.9923276 -0.1234303 0.007134795 -0.9575979 -0.2876374 0.01646375 -0.9744606 0.2241934 -0.01279991 -0.9923173 -0.1235105 0.007176876 -0.8649718 0.501005 -0.02860075 -0.9744248 0.2243487 -0.01280868 -0.8262893 0.5623306 -0.03210043 -0.8649489 0.5010442 -0.02860295 -0.8139578 0.5799492 -0.03363984 -0.8262833 0.5623369 -0.03214484 -0.8419327 0.5386744 -0.03129589 -0.813957 0.5799478 -0.033683 -0.8419504 0.5386467 -0.03129494 -0.8783061 0.4772938 -0.02773189 -0.8783062 0.4772939 -0.02773028 -0.8783082 0.477295 -0.02764356 -0.7030279 0.7100021 -0.04060733 -0.8782867 0.4773302 -0.02772319 -0.7423993 0.6688681 -0.03819537 -0.7029537 0.7100796 -0.0405358 -0.9024746 0.4300232 -0.02489495 -0.7424622 0.6687923 -0.03829932 -0.9558984 0.2932159 -0.01681631 -0.9024623 0.4300475 -0.02491897 -0.9094009 0.4152448 -0.0237022 -0.9559505 0.2930507 -0.01673275 -0.8706805 0.4910496 -0.02803146 -0.9093114 0.4154403 -0.02371436 -0.966342 0.2568352 -0.01479297 -0.8707249 0.4909672 -0.02809435 -0.2848578 0.9570043 -0.05476176 -0.3776944 0.9243839 -0.05349314 -0.3776366 0.9243974 -0.05366581 -0.1349497 0.9892367 -0.05656307 -0.2848685 0.9570062 -0.0546751 -0.08059108 0.9950785 -0.05765378 -0.1349257 0.9892444 -0.05648452 -0.8438821 0.535654 -0.03062611 -0.8437603 0.5358221 -0.03104084 -0.843749 0.5358348 -0.03112584 -0.9601781 0.2789268 -0.0160619 -0.843815 0.5357544 -0.03071618 -1 1.45544e-7 0 -0.9600987 0.2791914 -0.01620888 -1 -3.4362e-7 0 -1 -1.19865e-7 0 -0.8407224 -0.5405612 0.0312969 -0.6764572 -0.7352719 0.04220104 -0.6765369 -0.7352113 0.04197764 -0.9874995 -0.1573572 0.009142816 -0.8406283 -0.5407005 0.03141868 -0.9875133 -0.1572709 0.009137809 -0.9556096 -0.2941393 0.01709681 -0.9555653 -0.2942832 0.01709634 -0.9335311 -0.3578943 0.02077245 -0.9977263 -0.06728601 0.00386238 -0.9335709 -0.3577902 0.02077811 -1 0 0 -0.9977303 -0.06722974 0.003839194 -0.9908174 0.1349791 -0.007840514 -1 0 0 -0.9908074 0.135053 -0.007846176 -0.9908077 0.1350503 -0.007848024 -0.9908175 0.1349788 -0.007845222 -0.9926087 0.1211547 -0.007039487 -0.9926009 0.1212185 -0.007042765 -0.9254647 0.378196 -0.02197778 -0.9254353 0.3782676 -0.02197879 -0.7342346 0.677753 -0.0393753 -0.7341755 0.6778172 -0.03937411 -0.5499119 0.8338182 -0.04841601 -0.5499047 0.8338225 -0.04842519 -0.435006 0.8989115 -0.05223041 -0.4349821 0.8989224 -0.0522421 -0.2933441 0.9543978 -0.05544447 -0.293335 0.9544007 -0.05544376 -0.1236512 0.9906558 -0.05754554 0.1328713 0.9894642 -0.05749875 -0.1236423 0.9906569 -0.05754476 0.4389906 0.8969864 -0.0519874 0.1328836 0.9894634 -0.05748134 0.6333211 0.7726245 -0.04422694 0.4389811 0.896985 -0.0520929 0.6333821 0.7725816 -0.0441007 0.721847 0.6909277 -0.03944593 0.7218752 0.6908985 -0.03943878 0.8055463 0.5915698 -0.0337702 0.8055402 0.5915735 -0.03385025 0.8355178 0.548543 -0.03179043 0.9170786 0.3980377 -0.02308958 0.8354956 0.5485721 -0.03187453 0.9958097 -0.0913034 0.005174338 0.9171063 0.3979718 -0.02312082 0.9958143 -0.09124809 0.005275785 0.9778515 -0.2089511 0.01207607 0.9901052 -0.1400914 0.008139133 0.9778211 -0.2090893 0.01214635 0.9900943 -0.1401675 0.008146882 0.9900946 -0.1401665 0.008144915 1 0 0 0.9901055 -0.1400893 0.008143723 0.5207902 0.8522484 -0.04950189 0.5207934 0.8522465 -0.04949969 0.5207878 0.8522498 -0.04950344 0.9417607 -0.3357275 0.01933693 1 0 0 0.698686 -0.7142563 0.04093796 0.9416478 -0.3360334 0.01952373 0.6987605 -0.7141928 0.0407741 0.6150034 -0.7872426 0.04494297 1 0 0 1 0 0 1 0 0 0.7157973 0.6971532 -0.04014807 0.6876515 0.724851 -0.0415526 0.7155507 0.6973849 -0.04051548 0.687765 0.7247536 -0.04137241 0.5771393 0.8153178 -0.04655569 0.5769247 0.8154563 -0.04678624 0.252835 0.9658936 -0.05589342 0.08245658 0.9949165 -0.05781018 0.2526535 0.9659278 -0.05612152 0.3833487 0.9220616 -0.05334901 0.0824601 0.9949163 -0.05780827 0.5826585 0.8113845 -0.04652225 0.3832079 0.9221086 -0.05355054 0.5828251 0.8112769 -0.046314 0.5828257 0.8112768 -0.04630565 1 0 0 0.9642509 0.2645449 -0.01536917 1 1.4542e-7 0 0.8596937 0.5099574 -0.02950119 0.9642876 0.2644121 -0.0153566 0.8973419 0.4406113 -0.0252875 0.8596289 0.5100589 -0.02963268 0.8974082 0.4404804 -0.0252121 0.9492065 0.3141278 -0.01819086 0.9491944 0.3141634 -0.01820909 0.9659062 0.2584691 -0.01479619 0.9659063 0.2584689 -0.01479619 0.9658994 0.258484 -0.01497775 0.9914383 0.1303559 -0.007573008 0.9658945 0.2585003 -0.01501697 0.9717505 0.2356132 -0.01368761 0.9914479 0.130284 -0.007567584 0.9414021 0.3367209 -0.0195297 0.9717194 0.2357411 -0.01369494 0.9777467 0.2094458 -0.011994 0.9414201 0.3366687 -0.01955556 0.9777498 0.2094329 -0.01196384 0.9777496 0.2094342 -0.01195925 0.9777482 0.2094399 -0.01198041 0.9777438 0.2094504 -0.01214802 0.9599059 0.2798526 -0.01622503 0.9777423 0.2094563 -0.012169 0.9689623 0.2468051 -0.01412659 0.9598915 0.2798998 -0.01626497 0.9689804 0.2467349 -0.01410776 0.9732381 0.2294133 -0.01330775 0.9732522 0.2293553 -0.01327931 0.9306551 0.3653004 -0.02089613 0.9306455 0.365325 -0.0208956 0.977149 0.2122002 -0.01228481 0.9771214 0.2123245 -0.01233768 1 -8.00368e-7 0 1 -2.3259e-6 0 0.9943613 -0.1058736 0.006041705 0.9943524 -0.1059555 0.006068706 0.9841703 -0.1769284 0.01025813 0.9841661 -0.176951 0.01027029 0.9798617 -0.1993524 0.01139557 0.9798533 -0.1993928 0.01140606 0.9667846 -0.2551637 0.01480519 0.9667882 -0.255151 0.01478695 0.9668031 -0.2551051 0.01460474 0.9668079 -0.255089 0.01456671 0.9916595 -0.1286759 0.007346749 0.9916713 -0.1285858 0.007341623 0.9624441 -0.2710234 0.01574099 0.9625167 -0.2707741 0.01559597 0.712 -0.70103 0.04016441 0.7120058 -0.7010316 0.04003179 0.2779337 -0.9590381 0.05476337 0 -0.9983735 0.0570138 0.2778764 -0.9590548 0.05476051 0.8011553 -0.5974767 0.03423357 0.8575669 -0.5135103 0.02977031 0.8011795 -0.5974514 0.0341075 0.8705125 -0.491326 0.02840602 0.8575316 -0.5135654 0.0298351 0.9147902 -0.4032645 0.02316701 0.8704246 -0.4914727 0.02856034 0.9148885 -0.4030494 0.02302902 0.9710304 -0.2385611 0.01373958 0.9488755 -0.315127 0.01817673 0.9710278 -0.2385703 0.01376008 0.7296414 -0.682698 0.0393306 0.9488736 -0.3151321 0.01818317 0.729575 -0.6827673 0.03935873 0.4490479 -0.8920277 0.05140554 1 -3.74387e-7 0 0.9937489 0.111455 -0.006419479 1 -1.01872e-6 0 0.9937476 0.111465 -0.006423294 0.9750773 0.2214972 -0.01277595 0.9664152 0.2565596 -0.01480019 0.975077 0.2214986 -0.01277929 0.9664328 0.2564947 -0.01477485 0.9664146 0.2565614 -0.01480209 0.9664335 0.2564921 -0.01477295 0.9820048 0.1885435 -0.01085877 0.9820051 0.1885416 -0.01086044 0.9877901 0.1555321 -0.008972287 0.9877927 0.1555159 -0.00897324 0.98779 0.1555328 -0.008973956 0.9786683 0.2051056 -0.01183182 0.9877927 0.1555158 -0.008973538 0.9670436 0.2541892 -0.01464354 0.9786677 0.2051087 -0.01183503 0.9670437 0.2541891 -0.01464289 0.9670425 0.2541928 -0.0146628 0.9917272 0.1281508 -0.007393658 0.9670421 0.254194 -0.01466494 1 -4.61933e-7 0 0.991728 0.1281441 -0.007393419 1 0 0 1 -5.91645e-7 0 0.9972668 0.0737636 -0.004256188 1 0 0 0.9890812 0.1471274 -0.008487701 0.9972664 0.07376718 -0.004256248 0 0.9983401 -0.05759412 0 0.9983398 -0.05759876 0 0.9983399 -0.05759882 0 0.99834 -0.0575971 0 0.99834 -0.05759644 0 0.9983404 -0.05759 0 0.9983398 -0.05759918 1 4.76951e-7 0 0.9978694 -0.06513601 0.003758192 1 1.1643e-6 0 0.9914857 -0.1299993 0.007500588 0.9978691 -0.06514066 0.00375843 0 -0.9983396 0.05760234 0 -0.9983397 0.05760234 -0.9976426 -0.0685119 0.00395292 -0.9994105 -0.03427648 0.001977682 -0.9976425 -0.06851196 0.00395292 -0.9994105 -0.03427469 0.001977562 0 0.9983402 -0.05759304 0 0.9983404 -0.05758976 0 0.9983404 -0.05758953 0 0.9983402 -0.05759221 0 0.99834 -0.05759644 -0.9960904 -0.08819311 0.005087614 -0.9916751 -0.1285522 0.007417023 -0.9960904 -0.08819311 0.005087494 -0.9916748 -0.1285541 0.007417142 -0.9963982 -0.08465719 0.004884123 -1 -2.0297e-7 0 -0.9963986 -0.0846529 0.004883825 -0.9971951 -0.07472234 0.004303395 -1 -1.88961e-7 0 -0.9945499 -0.1040893 0.005995154 -0.9971947 -0.07472795 0.004303812 -0.9970684 -0.07638841 0.004407405 -0.9945504 -0.1040856 0.005995333 -0.9776796 -0.2097529 0.01210129 -0.9970685 -0.07638764 0.004407644 -0.9558654 -0.2933188 0.01690083 -0.9776784 -0.2097587 0.01210463 -0.9910908 -0.1329675 0.007668852 -0.9558656 -0.2933186 0.0168938 -0.9910922 -0.1329571 0.007672429 -0.9758805 -0.2179437 0.01257342 -0.9758785 -0.2179516 0.01257622 -0.8561477 -0.5158754 0.02973002 -0.8320198 -0.5538413 0.03166943 -0.8561393 -0.515887 0.02977007 -0.9018783 -0.4312679 0.0249744 -0.8320247 -0.5538321 0.03170216 -0.9349087 -0.3542976 0.02047199 -0.9019524 -0.4311167 0.02491086 0 -0.9983747 0.05699223 0 -0.9983744 0.05699729 0 -0.9983753 0.05698215 0.9356476 0.3523618 -0.0201202 0.9513446 0.3076281 -0.01756525 0.9356494 0.3523576 -0.02011084 0.9513475 0.3076168 -0.01760774 0.9054635 0.4237123 -0.02457135 0.8191748 0.572579 -0.03325486 0.9054903 0.423653 -0.02460706 0.9536983 0.3002623 -0.01738286 0.8191421 0.5726289 -0.03320407 1 -6.12109e-6 0 0.9536862 0.3003041 -0.01732927 0.3336647 -0.9411265 0.05430233 0.6290544 -0.7760702 0.0447824 0.6290536 -0.7760713 0.04477888 0 -0.9983397 0.05760216 0.3336553 -0.9411298 0.05430424 -7.6367e-7 0.05756163 0.998342 6.76654e-6 0.05758303 0.9983407 1.5878e-6 0.05756628 0.9983417 3.159e-7 0.05756264 0.9983419 5.27057e-6 0.05753988 0.9983432 1.39581e-7 0.0575636 0.9983419 3.70911e-7 0.05756038 0.9983421 4.39528e-7 0.057558 0.9983422 1.44531e-6 0.05756503 0.9983418 9.82347e-7 0.05756694 0.9983417 9.32758e-7 0.05756062 0.998342 -3.23106e-7 0.05754232 0.9983432 2.34134e-6 0.0575819 0.9983408 7.58413e-7 0.05756705 0.9983417 5.1763e-7 0.05756264 0.998342 8.03848e-7 0.05756509 0.9983419 1.5525e-6 0.05757385 0.9983413 1.02962e-6 0.05756139 0.998342 -8.29596e-6 0.057455 0.9983482 -2.26408e-6 0.05752766 0.998344 3.35274e-6 0.05750811 0.9983451 -7.54082e-7 0.05756765 0.9983417 1.78912e-7 0.0575686 0.9983416 2.13629e-5 0.05755907 0.9983421 -5.21715e-6 0.05761116 0.9983392 7.95097e-6 0.05762386 0.9983384 -4.03089e-6 0.05759215 0.9983402 0 0.05756598 0.9983417 2.82741e-7 0.05757415 0.9983413 -6.25485e-7 0.05757558 0.9983412 1.22993e-6 0.0575478 0.9983428 1.49123e-6 0.05752497 0.9983441 -1.71738e-6 0.05756515 0.9983418 -9.62658e-7 0.05757904 0.998341 -6.51091e-7 0.05757457 0.9983412 -2.89049e-7 0.0575549 0.9983423 -1.02378e-6 0.05756646 0.9983417 -8.52065e-7 0.05755198 0.9983425 3.21492e-7 0.05754983 0.9983427 -1.626e-6 0.05756646 0.9983417 1.01762e-5 0.05747735 0.9983469 -3.37054e-7 0.05756789 0.9983416 -1.62036e-6 0.05757486 0.9983413 4.53312e-7 0.0575605 0.9983421 5.1585e-7 0.05755549 0.9983424 1.07056e-6 0.05755609 0.9983423 4.93572e-7 0.05756253 0.9983419 -5.85689e-7 0.05756813 0.9983417 0 0.05756676 0.9983417 -1.94504e-7 0.05756342 0.9983419 1.25134e-7 0.0575664 0.9983417 -1.8887e-7 0.05756622 0.9983417 -1.3901e-7 0.0575633 0.9983419 3.21154e-7 0.05756568 0.9983418 -1.82821e-6 0.05758219 0.9983408 -2.0685e-6 0.05756294 0.9983419 -1.25561e-6 0.05755686 0.9983423 1.05339e-6 0.0575667 0.9983417 8.22003e-7 0.05756998 0.9983416 4.65546e-7 0.0575639 0.9983419 -4.23646e-7 0.05756562 0.9983418 3.95636e-7 0.05756348 0.9983419 0 0.05756759 0.9983416 -5.84915e-6 0.05755579 0.9983424 0 0.05756312 0.9983419 0 0.05756318 0.9983419 0 0.05756253 0.9983419 -2.71843e-6 0.05755871 0.9983422 0 0.05756181 0.998342 0 0.05756276 0.9983419 0 0.05756139 0.998342 0 0.05756074 0.9983421 -3.32692e-6 0.05757123 0.9983415 -1.50913e-5 0.05753785 0.9983434 -1.69885e-5 0.05754065 0.9983432 -3.64896e-6 0.05754971 0.9983427 -7.53287e-6 0.05758255 0.9983407 1.9421e-6 0.05758738 0.9983406 1.02863e-5 0.05754268 0.9983431 1.63382e-5 0.0575959 0.9983401 7.45999e-6 0.0575785 0.998341 -4.12339e-6 0.05755221 0.9983425 -6.4197e-6 0.05754345 0.9983431 -1.74614e-6 0.05755627 0.9983423 -1.4819e-6 0.05755394 0.9983424 3.07754e-6 0.05756503 0.9983419 2.26528e-6 0.05756324 0.9983419 1.09923e-6 0.05756568 0.9983418 -1.8943e-7 0.05755919 0.9983421 1.19139e-5 0.05750674 0.9983452 5.68806e-6 0.05755823 0.9983422 1.19848e-5 0.05753773 0.9983434 8.0278e-6 0.0575608 0.998342 6.72953e-6 0.05755341 0.9983425 6.28006e-6 0.05755633 0.9983423 5.382e-6 0.05756807 0.9983417 1.70562e-6 0.0576058 0.9983395 2.59734e-6 0.05757123 0.9983415 5.15717e-6 0.05759024 0.9983403 3.70586e-6 0.05755734 0.9983422 2.96363e-5 0.05748105 0.9983466 -1.03781e-5 0.0575937 0.9983402 2.86544e-6 0.05756294 0.998342 -5.9935e-7 0.05752992 0.9983438 1.80604e-5 0.05751204 0.9983449 -2.43766e-6 0.05757743 0.9983411 9.59403e-6 0.05757176 0.9983414 6.44858e-6 0.05754989 0.9983426 -1.11484e-5 0.05756795 0.9983417 1.89397e-6 0.05756109 0.998342 7.86815e-7 0.05756592 0.9983418 -7.12135e-7 0.05755543 0.9983423 2.57994e-6 0.05758863 0.9983404 9.90433e-7 0.05755913 0.9983421 1.00322e-6 0.05755621 0.9983423 2.77819e-6 0.05758839 0.9983405 -2.08782e-6 0.05753189 0.9983438 5.78264e-7 0.05759626 0.99834 0 0.05759203 0.9983403 -7.14807e-7 0.05757427 0.9983413 -3.95735e-7 0.05759042 0.9983404 -6.3997e-7 0.05756443 0.9983419 -2.02063e-6 0.05756258 0.9983419 -1.34134e-6 0.05756813 0.9983417 -7.55461e-7 0.05755174 0.9983426 0 0.05754911 0.9983427 -7.1423e-7 0.05756413 0.9983419 -7.428e-7 0.05756747 0.9983416 8.15842e-7 0.05754041 0.9983432 2.13388e-6 0.0576263 0.9983382 -1.55401e-6 0.0575509 0.9983426 -2.57813e-6 0.05752962 0.9983438 -4.34081e-6 0.05756878 0.9983416 -1.49338e-6 0.05755329 0.9983425 3.29343e-6 0.05758213 0.9983409 -2.43847e-5 0.05748319 0.9983466 -1.69368e-5 0.05751472 0.9983447 0.4753731 0.6466472 -0.5965467 2.18785e-6 0.05757021 0.9983416 1.2732e-5 0.05769133 0.9983345 2.15956e-6 0.05755722 0.9983423 4.31205e-6 0.05758219 0.9983408 -9.894e-7 0.05751466 0.9983447 -1.01677e-6 0.05752855 0.998344 -1.15543e-6 0.05751097 0.9983449 1.62696e-6 0.05754852 0.9983428 2.8207e-7 0.05754947 0.9983427 2.17696e-6 0.05756872 0.9983416 4.26258e-6 0.05758601 0.9983406 2.35398e-6 0.05759406 0.9983401 -4.48053e-6 0.05755764 0.9983422 -4.91032e-5 0.05752015 0.9983444 -8.65309e-6 0.0575428 0.9983431 -5.32154e-7 0.05759185 0.9983403 -1.07825e-6 0.05756473 0.9983419 -3.96904e-6 0.05756211 0.9983419 -3.21446e-6 0.05755561 0.9983423 -7.93765e-7 0.05756646 0.9983417 -3.0864e-7 0.05756425 0.9983419 -2.43238e-6 0.05755615 0.9983423 -1.16406e-6 0.05758029 0.998341 0 0.05756068 0.998342 -1.1205e-6 0.05756336 0.9983419 -2.75098e-7 0.05755877 0.9983422 -7.70407e-7 0.05757594 0.9983412 1.58261e-7 0.05751478 0.9983447 1.56027e-6 0.05757135 0.9983415 4.54207e-6 0.05756592 0.9983417 4.93849e-6 0.05759394 0.9983401 -1.19774e-6 0.05755251 0.9983425 -1.61479e-6 0.05754429 0.998343 2.27048e-6 0.05757236 0.9983415 1.99688e-6 0.05753821 0.9983434 1.98601e-6 0.05752873 0.9983439 5.81641e-6 0.0574361 0.9983493 0 0.05731314 0.9983564 2.90556e-6 0.05756992 0.9983415 5.55222e-6 0.05756163 0.998342 -3.43494e-6 0.05755752 0.9983423 5.24883e-6 0.05754393 0.9983431 9.74526e-6 0.05758464 0.9983407 -2.80099e-6 0.05756479 0.9983418 -8.41202e-6 0.05756008 0.9983421 -3.37818e-6 0.05757802 0.998341 -7.6047e-6 0.05756747 0.9983416 -1.82982e-6 0.05759435 0.9983401 -7.84498e-7 0.05759024 0.9983403 -7.38521e-6 0.05756819 0.9983416 1.20895e-5 0.05751752 0.9983445 2.02251e-6 0.05757915 0.998341 7.47359e-6 0.05756402 0.9983419 1.58879e-5 0.0575155 0.9983447 3.39232e-6 0.05755943 0.9983421 9.92848e-6 0.05754941 0.9983427 -2.1062e-6 0.05756431 0.9983419 1.93666e-6 0.05756938 0.9983416 -1.51562e-6 0.05756849 0.9983416 -7.81316e-6 0.05757403 0.9983413 -6.10027e-6 0.05757427 0.9983413 0.05546927 0.005200207 -0.9984469 -6.23603e-7 0.0575549 0.9983424 3.69045e-6 0.05756318 0.9983419 -6.99409e-6 0.05756694 0.9983417 1.9466e-5 0.05753123 0.9983437 -2.52384e-6 0.05754876 0.9983427 -3.02487e-6 0.05755102 0.9983426 8.47637e-6 0.05754488 0.998343 -4.09196e-6 0.05757278 0.9983413 3.81126e-5 0.0575143 0.9983447 -1.67854e-5 0.05759632 0.99834 1.53285e-5 0.05756819 0.9983417 9.02176e-6 0.05759841 0.9983398 3.48555e-5 0.05756318 0.9983419 5.32055e-5 0.05756735 0.9983416 -1.51932e-5 0.05749273 0.9983459 -8.34079e-5 0.05746781 0.9983474 -3.77845e-6 0.0575416 0.9983432 -2.48622e-5 0.05758357 0.9983408 -5.78698e-5 0.05761069 0.9983392 0 0.05730694 0.9983567 -8.66861e-5 0.05764406 0.9983372 0 0.05756038 0.998342 0 0.6909649 -0.7228884 0 0.6909649 -0.7228883 -1 0 0 -1 0 0 -1 0 0 -1 0 0 1 0 0 1 0 0 1 0 0 -1 1.16415e-6 0 0.9890993 0.1470018 -0.008542299 0 0.9983163 -0.05800497 0.9503671 0.3106073 -0.01804536 0 0.9983164 -0.05800378 -1 -1.45571e-6 0 -0.5078725 -0.8599823 0.04995995 -1 -7.27783e-7 0 -0.4187383 -0.9065779 0.05267739 -1 2.90871e-7 0 -0.5000603 0.8645345 -0.05019819 -0.8983876 -0.4384887 0.02505165 0 -0.9983732 0.05701965 3.80718e-6 -0.05761361 -0.998339 0.04383105 0.1050119 0.9935047 -6.74071e-6 -0.05735588 -0.9983539 -0.02779501 -0.09248459 -0.9953262 0 -0.0575661 -0.9983418 0 -0.05756539 -0.9983418 0 -0.05756092 -0.9983421 0.9986696 0.05148041 -0.00298959 0.1292108 0.9900031 -0.05655509 0 -0.9983175 0.05798494 -0.9663082 0.2569549 -0.01492935 -0.08062934 0.9950664 -0.05780994 -1 -1.16452e-6 0 1 2.39474e-7 0 0.5207958 0.8522452 -0.04949808 0.6150045 -0.7872418 0.04494291 0.5828279 0.8112759 -0.0462926 0 -0.9983735 0.0570141 0.4489293 -0.892084 0.05146503 0.9890812 0.1471275 -0.008487403 0 0.9983404 -0.05758953 0.9914857 -0.1299995 0.007500588 0 0.9983399 -0.05759876 -0.9350861 -0.353845 0.02019643 0 -0.9983738 0.05700737 0 -0.9983397 0.05760186 0 0.05756318 0.9983419 -2.91925e-6 0.05745249 0.9983483</float_array>
          <technique_common>
            <accessor source="#Mesh2_Group4_Group3_Group1_Model-mesh-normals-array" count="968" stride="3">
              <param name="X" type="float"/>
              <param name="Y" type="float"/>
              <param name="Z" type="float"/>
            </accessor>
          </technique_common>
        </source>
        <source id="Mesh2_Group4_Group3_Group1_Model-mesh-map-0">
          <float_array id="Mesh2_Group4_Group3_Group1_Model-mesh-map-0-array" count="5532">0.721728 0.995 0.854409 0.661409 0.721728 0.661409 0.07151597 0.343474 0.06709295 0.211048 0.06709295 0.343474 0.854154 0.320786 0.721728 0.654377 0.721728 0.320786 0.38198 0.146297 0.377556 0.01387 0.38198 0.01387 0.431654 0.004999995 0.427231 0.338591 0.431654 0.338591 0.303939 0.276844 0.316928 0.271665 0.317185 0.27608 0.290883 0.277597 0.303682 0.272429 0.303939 0.276844 0.326778 0.275527 0.321347 0.27141 0.326526 0.271112 0.321599 0.275826 0.316928 0.271665 0.321347 0.27141 0.102574 0.237577 0.106997 0.23563 0.102574 0.23563 0.08972597 0.399712 0.05414998 0.397334 0.08946895 0.395297 0.05440199 0.401749 0.04556494 0.397829 0.05414998 0.397334 0.04581695 0.402244 0.02790099 0.398847 0.04556494 0.397829 0.01769298 0.403866 0.02790099 0.398847 0.02815699 0.403263 0.01366895 0.404098 0.01743698 0.399451 0.01769298 0.403866 0.009453952 0.404341 0.01341199 0.399682 0.01366895 0.404098 0.00525695 0.404583 0.009196996 0.399926 0.009453952 0.404341 0.106122 0.215216 0.110545 0.210793 0.106122 0.210793 0.437652 0.473558 0.441407 0.477772 0.44115 0.473357 0.433729 0.473784 0.437904 0.477974 0.437652 0.473558 0.433729 0.473784 0.429669 0.478449 0.433985 0.4782 0.425281 0.474272 0.429669 0.478449 0.429412 0.474033 0.403203 0.475545 0.425533 0.478687 0.425281 0.474272 0.398214 0.475832 0.403455 0.47996 0.403203 0.475545 0.379033 0.476938 0.398471 0.480247 0.398214 0.475832 0.373456 0.47726 0.379285 0.481353 0.379033 0.476938 0.369038 0.477514 0.373708 0.481675 0.373456 0.47726 0.369038 0.477514 0.367649 0.482025 0.369294 0.48193 0.361103 0.477972 0.367649 0.482025 0.367393 0.477609 0.357229 0.478195 0.361356 0.482387 0.361103 0.477972 0.352811 0.47845 0.357481 0.482611 0.357229 0.478195 0.352811 0.47845 0.351219 0.482972 0.353067 0.482865 0.346548 0.478811 0.351219 0.482972 0.350962 0.478556 0.344337 0.478939 0.3468 0.483226 0.346548 0.478811 0.340803 0.479142 0.344593 0.483354 0.344337 0.478939 0.337101 0.479356 0.341055 0.483558 0.340803 0.479142 0.332683 0.47961 0.337353 0.483771 0.337101 0.479356 0.332683 0.47961 0.328972 0.484255 0.33294 0.484026 0.320786 0.480297 0.328972 0.484255 0.328716 0.479839 0.09015595 0.25602 0.09457796 0.251597 0.09015595 0.251597 0.658915 0.274976 0.493725 0.235087 0.493725 0.2395049 0.658915 0.217467 0.493725 0.235087 0.658915 0.274976 0.658915 0.274976 0.489832 0.301127 0.66571 0.286355 0.658915 0.274976 0.493725 0.252751 0.491778 0.265807 0.658915 0.274976 0.493725 0.2395049 0.493725 0.252751 0.491778 0.265807 0.489832 0.265807 0.489832 0.301127 0.66571 0.286355 0.491906 0.309712 0.668866 0.294604 0.670444 0.29873 0.491906 0.309712 0.491906 0.327376 0.670444 0.307558 0.670444 0.29873 0.491906 0.327376 0.663053 0.318561 0.491906 0.327376 0.491906 0.33784 0.663053 0.322975 0.663053 0.318561 0.491906 0.33784 0.663053 0.322975 0.493725 0.341865 0.663053 0.331807 0.663053 0.331807 0.49504 0.34608 0.66423 0.333674 0.66423 0.333674 0.49504 0.34608 0.493664 0.350277 0.673768 0.372788 0.66423 0.333674 0.493664 0.350277 0.670454 0.380975 0.666988 0.373496 0.665428 0.377627 0.663778 0.373496 0.673768 0.372788 0.493664 0.350277 0.662994 0.375561 0.493664 0.350277 0.464728 0.360157 0.489241 0.350277 0.464728 0.360157 0.493664 0.350277 0.489241 0.350277 0.459459 0.3578 0.463198 0.360157 0.486545 0.346774 0.459459 0.3578 0.489241 0.350277 0.486545 0.346774 0.457149 0.345204 0.457149 0.354036 0.484511 0.342855 0.483579 0.338539 0.457149 0.345204 0.482023 0.334404 0.457149 0.345204 0.483579 0.338539 0.482023 0.312325 0.452628 0.328128 0.482023 0.334404 0.479837 0.307341 0.450367 0.319592 0.482023 0.312325 0.479837 0.307341 0.479837 0.288155 0.445846 0.302516 0.479837 0.288155 0.443313 0.285037 0.445846 0.302516 0.477141 0.278164 0.443313 0.285037 0.477141 0.282578 0.477141 0.278164 0.479936 0.276519 0.440513 0.272088 0.479936 0.276519 0.479936 0.270226 0.440513 0.272088 0.479936 0.270226 0.477816 0.266351 0.440513 0.272088 0.477816 0.266351 0.440513 0.261354 0.440513 0.272088 0.477816 0.261937 0.481832 0.260089 0.440513 0.261354 0.481832 0.260089 0.440513 0.25694 0.440513 0.261354 0.481832 0.25567 0.446026 0.244888 0.440513 0.25694 0.478003 0.253464 0.478003 0.249925 0.446026 0.244888 0.478003 0.249925 0.448815 0.236511 0.446026 0.244888 0.448815 0.236511 0.480414 0.24181 0.450074 0.227768 0.480414 0.24181 0.482356 0.237842 0.450074 0.227768 0.482356 0.237842 0.454709 0.215357 0.450074 0.227768 0.456565 0.206724 0.486242 0.229908 0.490664 0.229908 0.658915 0.217467 0.456565 0.206724 0.490664 0.229908 0.658915 0.217467 0.663338 0.217467 0.701623 0.1976 0.701623 0.1976 0.667428 0.220948 0.717498 0.218829 0.717498 0.218829 0.667428 0.220948 0.673564 0.227308 0.717498 0.218829 0.673564 0.227308 0.678918 0.23434 0.717498 0.218829 0.682611 0.242363 0.727463 0.23342 0.727463 0.23342 0.682611 0.242363 0.694029 0.26127 0.734937 0.244366 0.727463 0.23342 0.694029 0.26127 0.738809 0.252305 0.734937 0.244366 0.694029 0.26127 0.738809 0.256723 0.694029 0.26127 0.694029 0.264436 0.736638 0.265281 0.738809 0.256723 0.694029 0.264436 0.733716 0.273618 0.694029 0.264436 0.692747 0.26866 0.729333 0.286121 0.692747 0.26866 0.692747 0.285581 0.723841 0.298177 0.729333 0.286121 0.692747 0.285581 0.723841 0.298177 0.692747 0.285581 0.689865 0.288934 0.71835 0.310238 0.689865 0.288934 0.68542 0.296567 0.71835 0.310238 0.684736 0.309796 0.711027 0.326314 0.684736 0.309796 0.679963 0.314395 0.711027 0.326314 0.704661 0.337937 0.679963 0.314395 0.675904 0.322241 0.704661 0.337937 0.675904 0.322241 0.671845 0.330087 0.699621 0.345195 0.704661 0.337937 0.671845 0.330087 0.695199 0.345195 0.699621 0.345195 0.671845 0.330087 0.691558 0.347703 0.671845 0.330087 0.668616 0.333103 0.689264 0.351475 0.668616 0.333103 0.66423 0.333674 0.687557 0.355549 0.689264 0.351475 0.66423 0.333674 0.684693 0.358914 0.687557 0.355549 0.66423 0.333674 0.678965 0.365641 0.684693 0.358914 0.66423 0.333674 0.693165 0.18209 0.456565 0.206724 0.701623 0.1976 0.688935 0.174332 0.459348 0.19377 0.693165 0.18209 0.68523 0.167535 0.461204 0.185137 0.688935 0.174332 0.677413 0.163404 0.46306 0.176504 0.68523 0.167535 0.675754 0.159313 0.467117 0.168658 0.677413 0.163404 0.671465 0.1515859 0.467117 0.166451 0.675754 0.159313 0.671465 0.1515859 0.471698 0.149388 0.469408 0.15792 0.664252 0.133427 0.471698 0.149388 0.670399 0.139778 0.664252 0.133427 0.477254 0.1326529 0.473988 0.140861 0.650829 0.124157 0.477254 0.1326529 0.663115 0.129163 0.633458 0.120818 0.479513 0.128858 0.650829 0.124157 0.519913 0.112812 0.511067 0.112812 0.481773 0.125063 0.60633 0.104493 0.519913 0.112812 0.615824 0.1193979 0.60633 0.104493 0.533757 0.101928 0.52377 0.11065 0.603956 0.100769 0.603956 0.09635096 0.533757 0.101928 0.603956 0.09635096 0.536845 0.09876996 0.533757 0.101928 0.603956 0.09414398 0.536845 0.09525901 0.536845 0.09876996 0.611848 0.08397597 0.536845 0.09525901 0.610471 0.08817398 0.611848 0.07916897 0.52987 0.08982795 0.611848 0.08397597 0.528955 0.08084899 0.527067 0.081999 0.527067 0.08641296 0.614339 0.07551997 0.528955 0.074813 0.528955 0.08084899 0.615528 0.05793994 0.528955 0.074813 0.615528 0.06676799 0.615528 0.05793994 0.526497 0.05555999 0.526497 0.06632995 0.613157 0.03618496 0.526497 0.05555999 0.615528 0.04469394 0.613157 0.03618496 0.524964 0.03892195 0.522876 0.04750198 0.613157 0.031771 0.529824 0.03154498 0.524964 0.03892195 0.612091 0.02748495 0.534684 0.02416396 0.529824 0.03154498 0.600351 0.01480996 0.534684 0.02416396 0.607591 0.01988196 0.592821 0.01017498 0.540294 0.01733499 0.600351 0.01480996 0.584505 0.007166981 0.54689 0.01145297 0.592821 0.01017498 0.575929 0.004999995 0.553972 0.006162941 0.584505 0.007166981 0.487165 0.116788 0.481773 0.120645 0.511067 0.112812 0.662994 0.375561 0.47267 0.370771 0.658519 0.383177 0.650533 0.393756 0.47267 0.370771 0.478308 0.382762 0.650533 0.393756 0.480769 0.386428 0.648649 0.397751 0.648649 0.397751 0.482883 0.395004 0.648649 0.410997 0.648649 0.410997 0.486053 0.407866 0.646313 0.419514 0.646313 0.419514 0.486053 0.407866 0.489506 0.415996 0.640594 0.436227 0.489506 0.415996 0.491482 0.416988 0.640594 0.436227 0.491482 0.416988 0.491482 0.425818 0.640594 0.436227 0.491482 0.425818 0.489519 0.434429 0.636853 0.47579 0.489519 0.434429 0.486576 0.447345 0.636853 0.47579 0.486576 0.447345 0.480123 0.468461 0.635025 0.506643 0.480123 0.468461 0.477182 0.481377 0.635025 0.506643 0.477182 0.481377 0.475115 0.494462 0.629083 0.545937 0.475115 0.494462 0.47167 0.516269 0.629083 0.545937 0.47167 0.516269 0.469603 0.529354 0.629083 0.545937 0.469603 0.529354 0.466225 0.542163 0.629083 0.568013 0.466225 0.542163 0.462846 0.554973 0.629083 0.568013 0.462846 0.554973 0.460594 0.563513 0.629083 0.568013 0.460594 0.576759 0.629083 0.589864 0.625347 0.611623 0.460594 0.576759 0.460594 0.598836 0.625347 0.611623 0.460594 0.616497 0.623393 0.633614 0.623393 0.633614 0.460594 0.616497 0.45804 0.633614 0.435926 0.633614 0.374008 0.633614 0.374008 0.792722 0.623393 0.633614 0.374008 0.792722 0.374008 0.801553 0.374008 0.801553 0.714059 0.796958 0.714059 0.633614 0.37804 0.832197 0.714059 0.796958 0.374008 0.801553 0.668797 0.38507 0.665428 0.377627 0.663104 0.386149 0.663104 0.386149 0.660567 0.389767 0.666538 0.388865 0.662018 0.396457 0.658031 0.393382 0.658031 0.395432 0.658031 0.395432 0.659299 0.396457 0.662018 0.396457 0.297723 0.496024 0.355488 0.497123 0.355236 0.492708 0.412063 0.489431 0.414186 0.493739 0.413934 0.489323 0.403236 0.48994 0.41232 0.493847 0.412063 0.489431 0.398817 0.490195 0.403488 0.494356 0.403236 0.48994 0.387818 0.490829 0.399074 0.49461 0.398817 0.490195 0.378986 0.491338 0.38807 0.495245 0.387818 0.490829 0.374864 0.491576 0.379242 0.495754 0.378986 0.491338 0.366611 0.492052 0.375116 0.495991 0.374864 0.491576 0.355236 0.492708 0.366867 0.496467 0.366611 0.492052 0.101001 0.254246 0.1054159 0.249823 0.101001 0.249823 0.1008 0.258336 0.1054159 0.254246 0.101001 0.254246 0.09410399 0.383746 0.08748799 0.379697 0.09384799 0.379331 0.08774 0.384112 0.08045595 0.380102 0.08748799 0.379697 0.07269001 0.384981 0.08045595 0.380102 0.08071196 0.384518 0.05378299 0.386071 0.07243299 0.380565 0.07269001 0.384981 0.05061596 0.386253 0.05352598 0.381655 0.05378299 0.386071 0.05061596 0.386253 0.04613596 0.382081 0.05035895 0.381838 0.04638797 0.386497 0.02921396 0.383057 0.04613596 0.382081 0.02946597 0.387473 0.02586197 0.38325 0.02921396 0.383057 0.01848495 0.388106 0.02586197 0.38325 0.02611798 0.387666 0.00525695 0.388869 0.01822799 0.38369 0.01848495 0.388106 0.09820801 0.212384 0.09370398 0.210793 0.09811896 0.210793 0.09838396 0.2155669 0.09379297 0.212384 0.09820801 0.212384 0.09825795 0.22808 0.105848 0.223212 0.106104 0.227627 0.09041196 0.228532 0.09800195 0.223664 0.09825795 0.22808 0.03070497 0.223212 0.02646297 0.226441 0.02628898 0.223212 0.03087794 0.226441 0.02649599 0.230827 0.02646297 0.226441 0.05310195 0.366915 0.06050097 0.370918 0.06024497 0.366503 0.04637098 0.367302 0.05335396 0.37133 0.05310195 0.366915 0.04637098 0.367302 0.043262 0.371912 0.04662698 0.371718 0.03893595 0.367731 0.043262 0.371912 0.04300498 0.367497 0.03515899 0.367949 0.03918796 0.372147 0.03893595 0.367731 0.09015595 0.23563 0.09471595 0.23927 0.09457099 0.23563 0.09029996 0.2436929 0.09471595 0.23927 0.09029996 0.23927 0.07632595 0.365576 0.08416998 0.369553 0.08391499 0.365138 0.07252699 0.365794 0.07657796 0.369991 0.07632595 0.365576 0.06843596 0.36603 0.07278299 0.37021 0.07252699 0.365794 0.06024497 0.366503 0.06868797 0.370446 0.06843596 0.36603 0.838411 0.05644798 0.83141 0.06128197 0.838668 0.06086295 0.831154 0.056867 0.819787 0.06195199 0.83141 0.06128197 0.819531 0.05753695 0.803711 0.06287896 0.819787 0.06195199 0.791398 0.05915898 0.803711 0.06287896 0.803454 0.05846399 0.779337 0.05985397 0.79165 0.06357496 0.791398 0.05915898 0.779337 0.05985397 0.76709 0.06499099 0.779593 0.06426995 0.758502 0.06105595 0.76709 0.06499099 0.766834 0.06057494 0.749939 0.06154894 0.758754 0.06547099 0.758502 0.06105595 0.745525 0.06180399 0.750195 0.06596499 0.749939 0.06154894 0.737587 0.06226199 0.745777 0.06621897 0.745525 0.06180399 0.72664 0.06289297 0.737839 0.06667697 0.737587 0.06226199 0.712046 0.06373399 0.726892 0.067308 0.72664 0.06289297 0.712046 0.06373399 0.691073 0.06937396 0.712302 0.06814998 0.690816 0.06495797 0.675562 0.07026797 0.691073 0.06937396 0.675306 0.06585299 0.667805 0.07071596 0.675562 0.07026797 0.660755 0.06669199 0.667805 0.07071596 0.667548 0.06629997 0.656624 0.06692999 0.661007 0.07110697 0.660755 0.06669199 0.652529 0.06716597 0.656876 0.07134497 0.656624 0.06692999 0.644807 0.06761199 0.652785 0.071581 0.652529 0.06716597 0.632998 0.06829196 0.645059 0.07202696 0.644807 0.06761199 0.626647 0.06865799 0.63325 0.07270801 0.632998 0.06829196 0.622379 0.06890398 0.626899 0.07307398 0.626647 0.06865799 0.08242696 0.233723 0.07829999 0.221438 0.08271598 0.221438 0.08223396 0.251094 0.07801198 0.233723 0.08242696 0.233723 0.08223396 0.251094 0.07773697 0.268728 0.07781898 0.251094 0.437335 0.460023 0.452491 0.46358 0.452235 0.459164 0.433606 0.460238 0.437587 0.464439 0.437335 0.460023 0.429193 0.460493 0.433863 0.464654 0.433606 0.460238 0.426986 0.46062 0.429445 0.464908 0.429193 0.460493 0.42101 0.460965 0.427238 0.465036 0.426986 0.46062 0.42101 0.460965 0.41707 0.465622 0.421267 0.46538 0.416814 0.461206 0.412262 0.465899 0.41707 0.465622 0.412006 0.461484 0.408613 0.466109 0.412262 0.465899 0.399609 0.462199 0.408613 0.466109 0.408357 0.461694 0.390777 0.462708 0.399861 0.466614 0.399609 0.462199 0.390777 0.462708 0.377787 0.467887 0.391033 0.467123 0.377531 0.463472 0.369278 0.468377 0.377787 0.467887 0.369021 0.463962 0.364864 0.468632 0.369278 0.468377 0.364608 0.464217 0.360579 0.468879 0.364864 0.468632 0.360322 0.464464 0.352976 0.469318 0.360579 0.468879 0.04752898 0.210793 0.04282099 0.218033 0.04311394 0.210793 0.04723697 0.218033 0.04255396 0.225562 0.04282099 0.218033 0.04696995 0.225562 0.04238098 0.233879 0.04255396 0.225562 0.04679596 0.233879 0.04225599 0.242454 0.04238098 0.233879 0.04667097 0.260145 0.04225599 0.242454 0.04667097 0.242454 0.04673796 0.264412 0.04225599 0.260145 0.04667097 0.260145 0.04673796 0.264412 0.04262799 0.271494 0.04232299 0.264412 0.04704296 0.271494 0.04296696 0.27809 0.04262799 0.271494 0.096942 0.35536 0.08986097 0.351339 0.09668898 0.350945 0.09011298 0.355754 0.082479 0.351764 0.08986097 0.351339 0.07535898 0.356605 0.082479 0.351764 0.08273595 0.35618 0.07535898 0.356605 0.066522 0.352684 0.07510197 0.35219 0.06677496 0.3571 0.05846399 0.353149 0.066522 0.352684 0.04795098 0.358185 0.05846399 0.353149 0.05871999 0.357564 0.039469 0.358674 0.04769498 0.35377 0.04795098 0.358185 0.03343194 0.359022 0.03921198 0.354259 0.039469 0.358674 0.03228199 0.359089 0.03317499 0.354607 0.03343194 0.359022 0.02786797 0.359343 0.03202497 0.354673 0.03228199 0.359089 0.02786797 0.359343 0.02419698 0.355125 0.02761095 0.354928 0.02444899 0.35954 0.01876598 0.355438 0.02419698 0.355125 0.01901799 0.359854 0.01525396 0.35564 0.01876598 0.355438 0.01551097 0.360056 0.01209598 0.355823 0.01525396 0.35564 0.059089 0.210793 0.05517697 0.22078 0.05467396 0.210793 0.05959194 0.22078 0.05530196 0.224637 0.05517697 0.22078 0.05971699 0.233482 0.05530196 0.224637 0.05971699 0.224637 0.059946 0.257385 0.05530196 0.233482 0.05971699 0.233482 0.059946 0.257385 0.05567896 0.26098 0.05553096 0.257385 0.06009399 0.26098 0.05575299 0.262777 0.05567896 0.26098 0.856238 0.009415984 0.851567 0.005254983 0.855986 0.004999995 0.84803 0.009888947 0.851567 0.005254983 0.851824 0.009669959 0.84803 0.009888947 0.843978 0.005692958 0.847773 0.005473971 0.84423 0.01010799 0.83577 0.006164968 0.843978 0.005692958 0.836026 0.01058095 0.827242 0.006656944 0.83577 0.006164968 0.827494 0.01107299 0.818711 0.007148981 0.827242 0.006656944 0.810437 0.01205599 0.818711 0.007148981 0.818968 0.01156497 0.808229 0.01218396 0.81018 0.007640957 0.810437 0.01205599 0.800383 0.01263594 0.807973 0.007767975 0.808229 0.01218396 0.800383 0.01263594 0.791494 0.008718967 0.800127 0.00822097 0.791746 0.013134 0.78286 0.009216964 0.791494 0.008718967 0.783113 0.01363199 0.769907 0.009962975 0.78286 0.009216964 0.76153 0.01487594 0.769907 0.009962975 0.770163 0.01437896 0.76153 0.01487594 0.748863 0.011177 0.761274 0.01046097 0.749115 0.01559197 0.74012 0.01168096 0.748863 0.011177 0.740376 0.01609599 0.731743 0.01216399 0.74012 0.01168096 0.731995 0.01657897 0.719691 0.01285898 0.731743 0.01216399 0.719948 0.01727396 0.715277 0.01311296 0.719691 0.01285898 0.715529 0.01752895 0.704543 0.01373195 0.715277 0.01311296 0.704795 0.01814699 0.691594 0.01447898 0.704543 0.01373195 0.691851 0.01889395 0.674115 0.01548695 0.691594 0.01447898 0.674368 0.01990199 0.657039 0.01647096 0.674115 0.01548695 0.657296 0.020886 0.648503 0.016963 0.657039 0.01647096 0.648756 0.02137899 0.631427 0.01794797 0.648503 0.016963 0.631679 0.02236294 0.622595 0.01845699 0.631427 0.01794797 0.622852 0.02287298 0.618831 0.01867395 0.622595 0.01845699 0.02997297 0.210793 0.03425198 0.214532 0.03438895 0.210793 0.02983695 0.216063 0.03425198 0.214532 0.02983695 0.214532 0.888992 0.08570098 0.878125 0.08189696 0.888739 0.08128499 0.866392 0.087004 0.878125 0.08189696 0.878382 0.08631199 0.866392 0.087004 0.862469 0.08279997 0.866135 0.08258795 0.862721 0.087215 0.853894 0.08329397 0.862469 0.08279997 0.841285 0.08845096 0.853894 0.08329397 0.854148 0.08770996 0.841285 0.08845096 0.832901 0.08450496 0.841031 0.08403599 0.833155 0.08891999 0.831909 0.084562 0.832901 0.08450496 0.832164 0.08897697 0.823078 0.08507096 0.831909 0.084562 0.823334 0.089486 0.814467 0.08556699 0.823078 0.08507096 0.801806 0.09072798 0.814467 0.08556699 0.814722 0.08998298 0.801806 0.09072798 0.780436 0.08752995 0.801552 0.08631199 0.78069 0.09194499 0.767519 0.08827495 0.780436 0.08752995 0.767773 0.09268999 0.754434 0.08902895 0.767519 0.08827495 0.732882 0.094702 0.754434 0.08902895 0.754689 0.09344398 0.719798 0.095456 0.732627 0.09028595 0.732882 0.094702 0.719798 0.095456 0.706734 0.09178 0.719543 0.09104096 0.706988 0.09619498 0.693924 0.09251797 0.706734 0.09178 0.685639 0.09742599 0.693924 0.09251797 0.694178 0.096933 0.672392 0.09818899 0.685384 0.09301 0.685639 0.09742599 0.650316 0.09946298 0.672137 0.09377396 0.672392 0.09818899 0.632654 0.100481 0.650061 0.09504699 0.650316 0.09946298 0.615538 0.101468 0.632399 0.09606599 0.632654 0.100481 0.02183496 0.03156095 0.01741898 0.01387 0.02183496 0.01387 0.02183496 0.03598397 0.01741898 0.03156095 0.02183496 0.03156095 0.02183496 0.09790199 0.01741898 0.03598397 0.02183496 0.03598397 0.466402 0.422776 0.307038 0.427535 0.466147 0.41836 0.298463 0.432459 0.307038 0.427535 0.307294 0.43195 0.267819 0.434226 0.298208 0.428044 0.298463 0.432459 0.004999995 0.347461 0.009421944 0.01387 0.004999995 0.01387 0.475018 0.441423 0.440033 0.44787 0.475273 0.445838 0.439778 0.443455 0.276689 0.457289 0.440033 0.44787 0.02006095 0.192803 0.01564395 0.104348 0.02006095 0.104348 0.02006095 0.1950139 0.01564395 0.192803 0.02006095 0.192803 0.882495 0.02983695 0.860759 0.03552097 0.882749 0.034253 0.860504 0.03110498 0.838999 0.03677499 0.860759 0.03552097 0.816895 0.03361999 0.838999 0.03677499 0.838744 0.03235995 0.794818 0.03489297 0.817149 0.03803497 0.816895 0.03361999 0.755525 0.03715795 0.795072 0.03930795 0.794818 0.03489297 0.724671 0.03893697 0.755779 0.041574 0.755525 0.03715795 0.724671 0.03893697 0.685362 0.04563397 0.724925 0.04335194 0.668395 0.04218196 0.685362 0.04563397 0.685108 0.04121899 0.668395 0.04218196 0.660133 0.04708796 0.66865 0.046597 0.659878 0.04267299 0.646886 0.04785197 0.660133 0.04708796 0.646631 0.043437 0.642892 0.04808294 0.646886 0.04785197 0.63206 0.04427695 0.642892 0.04808294 0.642637 0.04366695 0.62444 0.044716 0.632312 0.04869198 0.63206 0.04427695 0.622379 0.04483497 0.624696 0.04913198 0.62444 0.044716 0.08128499 0.214004 0.085707 0.210793 0.08128499 0.210793 0.09992498 0.280849 0.09554296 0.276672 0.09967297 0.276434 0.09579497 0.281087 0.08701997 0.277163 0.09554296 0.276672 0.08365899 0.281787 0.08701997 0.277163 0.08727699 0.281578 0.080042 0.281996 0.08340299 0.277372 0.08365899 0.281787 0.080042 0.281996 0.07773697 0.277698 0.07978695 0.27758 0.02628898 0.249317 0.03076398 0.248049 0.02634799 0.248049 0.02628898 0.252037 0.03070396 0.249317 0.02628898 0.249317 0.084894 0.619732 0.250084 0.602108 0.253144 0.607287 0.250084 0.602108 0.084894 0.562219 0.250084 0.597694 0.250084 0.597694 0.084894 0.562219 0.250084 0.584448 0.250084 0.584448 0.084894 0.562219 0.25203 0.571392 0.084894 0.562219 0.253977 0.536068 0.25203 0.571392 0.07809799 0.550844 0.251903 0.527483 0.253977 0.536068 0.07336395 0.538469 0.251903 0.527483 0.07494199 0.542591 0.07336395 0.538469 0.07336395 0.529637 0.251903 0.509823 0.080756 0.518638 0.251903 0.509823 0.07336395 0.529637 0.080756 0.518638 0.080756 0.51422 0.251903 0.499359 0.080756 0.51422 0.250084 0.495335 0.251903 0.499359 0.080756 0.505392 0.248769 0.49112 0.250084 0.495335 0.248769 0.49112 0.07957899 0.503521 0.250146 0.486923 0.070041 0.464411 0.07957899 0.503521 0.06484299 0.471554 0.08003097 0.463699 0.070041 0.464411 0.07682096 0.463699 0.08081597 0.461638 0.250146 0.486923 0.08003097 0.463699 0.08081597 0.461638 0.271139 0.466428 0.279081 0.477038 0.09327596 0.443441 0.271139 0.466428 0.08529096 0.454018 0.09327596 0.443441 0.26304 0.450767 0.265501 0.454438 0.09516096 0.439447 0.260926 0.442194 0.26304 0.450767 0.09516096 0.4262 0.257756 0.429331 0.260926 0.442194 0.257756 0.429331 0.09749597 0.417683 0.254304 0.421201 0.103216 0.40097 0.254304 0.421201 0.09749597 0.417683 0.252327 0.42021 0.103216 0.40097 0.252327 0.411379 0.252327 0.411379 0.103216 0.40097 0.25429 0.402768 0.106956 0.361408 0.25429 0.402768 0.103216 0.40097 0.257232 0.389852 0.106956 0.361408 0.263686 0.368736 0.108785 0.330554 0.263686 0.368736 0.106956 0.361408 0.266626 0.35582 0.108785 0.330554 0.268695 0.342735 0.114726 0.29126 0.268695 0.342735 0.108785 0.330554 0.272139 0.320928 0.114726 0.29126 0.274205 0.307844 0.274205 0.307844 0.114726 0.29126 0.277585 0.295034 0.114726 0.269184 0.277585 0.295034 0.114726 0.29126 0.280964 0.282224 0.114726 0.269184 0.283215 0.273685 0.114726 0.269184 0.283215 0.260439 0.283215 0.273685 0.118462 0.225574 0.283215 0.260439 0.114726 0.247334 0.118462 0.225574 0.283215 0.2207 0.283215 0.238362 0.283215 0.2207 0.120416 0.203584 0.285769 0.203584 0.369802 0.04447495 0.307883 0.203584 0.303459 0.203584 0.118205 0.203584 0.369802 0.03564494 0.120416 0.203584 0.029751 0.04023998 0.369802 0.03564494 0.029751 0.203584 0.365769 0.004999995 0.029751 0.04023998 0.03217798 0.004999995 0.254569 0.486923 0.279081 0.477038 0.280611 0.477038 0.284351 0.479395 0.254569 0.486923 0.280611 0.477038 0.257264 0.490421 0.284351 0.479395 0.28666 0.483163 0.257264 0.490421 0.28666 0.491991 0.259299 0.494344 0.260231 0.49866 0.259299 0.494344 0.28666 0.491991 0.261785 0.502791 0.28666 0.491991 0.29118 0.509067 0.261785 0.524869 0.29118 0.509067 0.293442 0.517607 0.263973 0.529858 0.293442 0.517607 0.297963 0.534679 0.263973 0.54904 0.263973 0.529858 0.297963 0.534679 0.263973 0.54904 0.300497 0.552162 0.266668 0.554617 0.266668 0.559035 0.300497 0.552162 0.303296 0.565107 0.263873 0.56068 0.266668 0.559035 0.303296 0.565107 0.263873 0.566969 0.263873 0.56068 0.303296 0.565107 0.265993 0.570844 0.263873 0.566969 0.303296 0.565107 0.265993 0.570844 0.303296 0.575841 0.265993 0.575262 0.261976 0.57711 0.265993 0.575262 0.303296 0.575841 0.261976 0.57711 0.303296 0.580259 0.261976 0.581524 0.261976 0.581524 0.297783 0.592307 0.265806 0.583736 0.265806 0.587269 0.265806 0.583736 0.297783 0.592307 0.265806 0.587269 0.294994 0.600688 0.263395 0.590971 0.294994 0.600688 0.263395 0.59539 0.263395 0.590971 0.261452 0.599357 0.263395 0.59539 0.293735 0.609427 0.261452 0.599357 0.2891 0.621842 0.257567 0.607287 0.287244 0.630475 0.257567 0.607287 0.2891 0.621842 0.084894 0.619732 0.287244 0.630475 0.04218596 0.639599 0.05064499 0.655109 0.287244 0.630475 0.28446 0.643425 0.05487298 0.662867 0.28446 0.643425 0.282605 0.652058 0.05857896 0.66966 0.282605 0.652058 0.28075 0.660695 0.06639695 0.673791 0.28075 0.660695 0.276692 0.668541 0.06805497 0.677886 0.276692 0.668541 0.276692 0.670748 0.072344 0.685608 0.276692 0.670748 0.274401 0.67928 0.072344 0.685608 0.272111 0.687807 0.07340997 0.697417 0.079557 0.703768 0.272111 0.687807 0.26982 0.696338 0.079557 0.703768 0.266555 0.704542 0.08069396 0.708036 0.09297895 0.713038 0.266555 0.704542 0.264295 0.708341 0.110351 0.716377 0.264295 0.708341 0.262036 0.712136 0.262036 0.712136 0.232742 0.724387 0.223896 0.724387 0.256645 0.720411 0.262036 0.71655 0.260239 0.717837 0.137479 0.732701 0.223896 0.724387 0.220039 0.726545 0.137479 0.732701 0.210053 0.735267 0.139854 0.73643 0.139854 0.740844 0.139854 0.73643 0.210053 0.735267 0.139854 0.740844 0.206965 0.738429 0.139854 0.743051 0.139854 0.743051 0.206965 0.741936 0.133339 0.749026 0.131962 0.753223 0.206965 0.741936 0.21394 0.747367 0.131962 0.75803 0.21394 0.747367 0.216741 0.750786 0.216741 0.750786 0.216741 0.7552 0.214855 0.75635 0.12947 0.761679 0.214855 0.762387 0.12828 0.770427 0.12828 0.779259 0.214855 0.762387 0.217313 0.770869 0.12828 0.779259 0.217313 0.781639 0.12828 0.792505 0.1306509 0.801015 0.217313 0.781639 0.220933 0.789693 0.1306509 0.801015 0.218845 0.798277 0.1306509 0.805429 0.1306509 0.805429 0.213984 0.805654 0.131717 0.809714 0.131717 0.809714 0.209125 0.813031 0.136218 0.817317 0.143458 0.82239 0.209125 0.813031 0.203516 0.81986 0.150987 0.827025 0.203516 0.81986 0.196919 0.825742 0.159305 0.830032 0.196919 0.825742 0.189838 0.831036 0.1678799 0.832199 0.189838 0.831036 0.185571 0.832199 0.08047097 0.619732 0.084894 0.619732 0.04218596 0.639599 0.04218596 0.639599 0.07638096 0.616251 0.08047097 0.619732 0.07638096 0.616251 0.02630996 0.61837 0.07024395 0.609887 0.07024395 0.609887 0.02630996 0.61837 0.06489098 0.60286 0.02630996 0.61837 0.06119698 0.594837 0.06489098 0.60286 0.06119698 0.594837 0.01634699 0.603775 0.04978096 0.57593 0.01634699 0.603775 0.008870959 0.592829 0.04978096 0.57593 0.008870959 0.592829 0.004999995 0.58489 0.04978096 0.57593 0.004999995 0.580476 0.04978096 0.57593 0.004999995 0.58489 0.004999995 0.580476 0.007169961 0.571914 0.04978096 0.572763 0.01009297 0.563581 0.04978096 0.572763 0.007169961 0.571914 0.014476 0.551078 0.05106198 0.568535 0.01009297 0.563581 0.014476 0.551078 0.01996898 0.539018 0.05106198 0.551614 0.05106198 0.551614 0.01996898 0.539018 0.053945 0.548266 0.02546 0.526961 0.053945 0.548266 0.01996898 0.539018 0.02546 0.526961 0.05907297 0.527404 0.05838996 0.540632 0.05907297 0.527404 0.063847 0.522804 0.06066495 0.525869 0.03914695 0.499262 0.063847 0.522804 0.03278195 0.510885 0.067905 0.514958 0.03914695 0.499262 0.07196396 0.507112 0.03914695 0.499262 0.04418796 0.492004 0.07196396 0.507112 0.04418796 0.492004 0.04861098 0.492004 0.07196396 0.507112 0.05225098 0.489497 0.07196396 0.507112 0.04861098 0.492004 0.05454397 0.48572 0.07519298 0.504092 0.05225098 0.489497 0.05454397 0.48572 0.056252 0.481651 0.07957899 0.503521 0.056252 0.481651 0.05911695 0.478285 0.07957899 0.503521 0.05911695 0.478285 0.06484299 0.471554 0.07957899 0.503521 0.073354 0.45622 0.07682096 0.463699 0.070041 0.464411 0.07501196 0.452129 0.078381 0.459568 0.073354 0.45622 0.07727098 0.44833 0.08324199 0.447432 0.08070397 0.45105 0.08178997 0.440741 0.08577895 0.443815 0.07727098 0.44833 0.08450996 0.440741 0.08577895 0.441765 0.08178997 0.440741 0.253977 0.571392 0.25203 0.571392 0.253977 0.536068 0.02006798 0.207245 0.01564395 0.331952 0.02006798 0.331952 0.415333 0.344993 0.420882 0.212567 0.290627 0.225794 0.420882 0.344993 0.420882 0.212567 0.415333 0.344993 0.290627 0.220077 0.290627 0.225794 0.420882 0.212567 0.01564395 0.331952 0.02006798 0.3375 0.02006798 0.331952 0.287078 0.287078 0.292627 0.287078 0.287078 0.419505 0.417334 0.406278 0.287078 0.419505 0.292627 0.287078 0.417334 0.411994 0.287078 0.419505 0.417334 0.406278 0.03200495 0.241827 0.02628898 0.237404 0.03200495 0.237404 0.721728 0.995 0.854409 0.995 0.854409 0.661409 0.07151597 0.343474 0.07151597 0.210793 0.06709295 0.211048 0.854154 0.320786 0.854154 0.654377 0.721728 0.654377 0.38198 0.146297 0.377556 0.146552 0.377556 0.01387 0.431654 0.004999995 0.427231 0.004999995 0.427231 0.338591 0.303939 0.276844 0.303682 0.272429 0.316928 0.271665 0.290883 0.277597 0.290627 0.273182 0.303682 0.272429 0.326778 0.275527 0.321599 0.275826 0.321347 0.27141 0.321599 0.275826 0.317185 0.27608 0.316928 0.271665 0.102574 0.237577 0.106997 0.237577 0.106997 0.23563 0.08972597 0.399712 0.05440199 0.401749 0.05414998 0.397334 0.05440199 0.401749 0.04581695 0.402244 0.04556494 0.397829 0.04581695 0.402244 0.02815699 0.403263 0.02790099 0.398847 0.01769298 0.403866 0.01743698 0.399451 0.02790099 0.398847 0.01366895 0.404098 0.01341199 0.399682 0.01743698 0.399451 0.009453952 0.404341 0.009196996 0.399926 0.01341199 0.399682 0.00525695 0.404583 0.004999995 0.400168 0.009196996 0.399926 0.106122 0.215216 0.110545 0.215216 0.110545 0.210793 0.437652 0.473558 0.437904 0.477974 0.441407 0.477772 0.433729 0.473784 0.433985 0.4782 0.437904 0.477974 0.433729 0.473784 0.429412 0.474033 0.429669 0.478449 0.425281 0.474272 0.425533 0.478687 0.429669 0.478449 0.403203 0.475545 0.403455 0.47996 0.425533 0.478687 0.398214 0.475832 0.398471 0.480247 0.403455 0.47996 0.379033 0.476938 0.379285 0.481353 0.398471 0.480247 0.373456 0.47726 0.373708 0.481675 0.379285 0.481353 0.369038 0.477514 0.369294 0.48193 0.373708 0.481675 0.369038 0.477514 0.367393 0.477609 0.367649 0.482025 0.361103 0.477972 0.361356 0.482387 0.367649 0.482025 0.357229 0.478195 0.357481 0.482611 0.361356 0.482387 0.352811 0.47845 0.353067 0.482865 0.357481 0.482611 0.352811 0.47845 0.350962 0.478556 0.351219 0.482972 0.346548 0.478811 0.3468 0.483226 0.351219 0.482972 0.344337 0.478939 0.344593 0.483354 0.3468 0.483226 0.340803 0.479142 0.341055 0.483558 0.344593 0.483354 0.337101 0.479356 0.337353 0.483771 0.341055 0.483558 0.332683 0.47961 0.33294 0.484026 0.337353 0.483771 0.332683 0.47961 0.328716 0.479839 0.328972 0.484255 0.320786 0.480297 0.321038 0.484712 0.328972 0.484255 0.09015595 0.25602 0.09457796 0.25602 0.09457796 0.251597 0.658915 0.217467 0.490664 0.229908 0.493725 0.235087 0.658915 0.274976 0.491778 0.265807 0.489832 0.301127 0.66571 0.286355 0.489832 0.301127 0.491906 0.309712 0.670444 0.29873 0.668866 0.294604 0.491906 0.309712 0.663053 0.318561 0.670444 0.307558 0.491906 0.327376 0.663053 0.322975 0.491906 0.33784 0.493725 0.341865 0.663053 0.331807 0.493725 0.341865 0.49504 0.34608 0.673768 0.372788 0.678965 0.365641 0.66423 0.333674 0.670454 0.380975 0.673768 0.372788 0.666988 0.373496 0.663778 0.373496 0.666988 0.373496 0.673768 0.372788 0.662994 0.375561 0.663778 0.373496 0.493664 0.350277 0.489241 0.350277 0.463198 0.360157 0.464728 0.360157 0.486545 0.346774 0.457149 0.354036 0.459459 0.3578 0.486545 0.346774 0.484511 0.342855 0.457149 0.345204 0.482023 0.334404 0.452628 0.328128 0.457149 0.345204 0.482023 0.312325 0.450367 0.319592 0.452628 0.328128 0.479837 0.307341 0.445846 0.302516 0.450367 0.319592 0.479837 0.288155 0.477141 0.282578 0.443313 0.285037 0.477141 0.278164 0.440513 0.272088 0.443313 0.285037 0.477816 0.266351 0.477816 0.261937 0.440513 0.261354 0.481832 0.260089 0.481832 0.25567 0.440513 0.25694 0.481832 0.25567 0.478003 0.253464 0.446026 0.244888 0.478003 0.249925 0.480414 0.246224 0.448815 0.236511 0.448815 0.236511 0.480414 0.246224 0.480414 0.24181 0.482356 0.237842 0.486242 0.229908 0.454709 0.215357 0.456565 0.206724 0.454709 0.215357 0.486242 0.229908 0.658915 0.217467 0.701623 0.1976 0.456565 0.206724 0.701623 0.1976 0.663338 0.217467 0.667428 0.220948 0.717498 0.218829 0.678918 0.23434 0.682611 0.242363 0.738809 0.256723 0.738809 0.252305 0.694029 0.26127 0.733716 0.273618 0.736638 0.265281 0.694029 0.264436 0.729333 0.286121 0.733716 0.273618 0.692747 0.26866 0.71835 0.310238 0.723841 0.298177 0.689865 0.288934 0.71835 0.310238 0.68542 0.296567 0.684736 0.309796 0.684736 0.309796 0.683145 0.31133 0.679963 0.314395 0.704661 0.337937 0.711027 0.326314 0.679963 0.314395 0.691558 0.347703 0.695199 0.345195 0.671845 0.330087 0.689264 0.351475 0.691558 0.347703 0.668616 0.333103 0.693165 0.18209 0.459348 0.19377 0.456565 0.206724 0.688935 0.174332 0.461204 0.185137 0.459348 0.19377 0.68523 0.167535 0.46306 0.176504 0.461204 0.185137 0.677413 0.163404 0.467117 0.168658 0.46306 0.176504 0.675754 0.159313 0.467117 0.166451 0.467117 0.168658 0.671465 0.1515859 0.469408 0.15792 0.467117 0.166451 0.671465 0.1515859 0.670399 0.139778 0.471698 0.149388 0.664252 0.133427 0.473988 0.140861 0.471698 0.149388 0.664252 0.133427 0.663115 0.129163 0.477254 0.1326529 0.650829 0.124157 0.479513 0.128858 0.477254 0.1326529 0.633458 0.120818 0.481773 0.125063 0.479513 0.128858 0.481773 0.125063 0.633458 0.120818 0.615824 0.1193979 0.615824 0.1193979 0.519913 0.112812 0.481773 0.125063 0.511067 0.112812 0.481773 0.120645 0.481773 0.125063 0.60633 0.104493 0.52377 0.11065 0.519913 0.112812 0.60633 0.104493 0.603956 0.100769 0.533757 0.101928 0.603956 0.09635096 0.603956 0.09414398 0.536845 0.09876996 0.603956 0.09414398 0.610471 0.08817398 0.536845 0.09525901 0.611848 0.08397597 0.52987 0.08982795 0.536845 0.09525901 0.611848 0.07916897 0.527067 0.08641296 0.52987 0.08982795 0.527067 0.08641296 0.611848 0.07916897 0.528955 0.08084899 0.614339 0.07551997 0.528955 0.08084899 0.611848 0.07916897 0.614339 0.07551997 0.615528 0.06676799 0.528955 0.074813 0.615528 0.05793994 0.526497 0.06632995 0.528955 0.074813 0.615528 0.05793994 0.615528 0.04469394 0.526497 0.05555999 0.613157 0.03618496 0.522876 0.04750198 0.526497 0.05555999 0.613157 0.03618496 0.613157 0.031771 0.524964 0.03892195 0.613157 0.031771 0.612091 0.02748495 0.529824 0.03154498 0.612091 0.02748495 0.607591 0.01988196 0.534684 0.02416396 0.600351 0.01480996 0.540294 0.01733499 0.534684 0.02416396 0.592821 0.01017498 0.54689 0.01145297 0.540294 0.01733499 0.584505 0.007166981 0.553972 0.006162941 0.54689 0.01145297 0.575929 0.004999995 0.558239 0.004999995 0.553972 0.006162941 0.487165 0.116788 0.48357 0.119358 0.481773 0.120645 0.662994 0.375561 0.464728 0.360157 0.47267 0.370771 0.650533 0.393756 0.658519 0.383177 0.47267 0.370771 0.650533 0.393756 0.478308 0.382762 0.480769 0.386428 0.648649 0.397751 0.480769 0.386428 0.482883 0.395004 0.648649 0.410997 0.482883 0.395004 0.486053 0.407866 0.640594 0.436227 0.646313 0.419514 0.489506 0.415996 0.636853 0.47579 0.640594 0.436227 0.489519 0.434429 0.635025 0.506643 0.636853 0.47579 0.480123 0.468461 0.629083 0.545937 0.635025 0.506643 0.475115 0.494462 0.629083 0.568013 0.629083 0.545937 0.466225 0.542163 0.629083 0.568013 0.460594 0.563513 0.460594 0.576759 0.625347 0.611623 0.629083 0.589864 0.460594 0.576759 0.625347 0.611623 0.460594 0.598836 0.460594 0.616497 0.374008 0.792722 0.623393 0.633614 0.45804 0.633614 0.440349 0.633614 0.435926 0.633614 0.374008 0.792722 0.374008 0.792722 0.45804 0.633614 0.440349 0.633614 0.374008 0.801553 0.714059 0.633614 0.625604 0.633614 0.625604 0.633614 0.623393 0.633614 0.374008 0.801553 0.37804 0.832197 0.711631 0.832197 0.714059 0.796958 0.668797 0.38507 0.670454 0.380975 0.665428 0.377627 0.658031 0.393382 0.666538 0.388865 0.660567 0.389767 0.668797 0.38507 0.663104 0.386149 0.666538 0.388865 0.662018 0.396457 0.666538 0.388865 0.658031 0.393382 0.297723 0.496024 0.297979 0.500439 0.355488 0.497123 0.412063 0.489431 0.41232 0.493847 0.414186 0.493739 0.403236 0.48994 0.403488 0.494356 0.41232 0.493847 0.398817 0.490195 0.399074 0.49461 0.403488 0.494356 0.387818 0.490829 0.38807 0.495245 0.399074 0.49461 0.378986 0.491338 0.379242 0.495754 0.38807 0.495245 0.374864 0.491576 0.375116 0.495991 0.379242 0.495754 0.366611 0.492052 0.366867 0.496467 0.375116 0.495991 0.355236 0.492708 0.355488 0.497123 0.366867 0.496467 0.101001 0.254246 0.1054159 0.254246 0.1054159 0.249823 0.1008 0.258336 0.105215 0.258336 0.1054159 0.254246 0.09410399 0.383746 0.08774 0.384112 0.08748799 0.379697 0.08774 0.384112 0.08071196 0.384518 0.08045595 0.380102 0.07269001 0.384981 0.07243299 0.380565 0.08045595 0.380102 0.05378299 0.386071 0.05352598 0.381655 0.07243299 0.380565 0.05061596 0.386253 0.05035895 0.381838 0.05352598 0.381655 0.05061596 0.386253 0.04638797 0.386497 0.04613596 0.382081 0.04638797 0.386497 0.02946597 0.387473 0.02921396 0.383057 0.02946597 0.387473 0.02611798 0.387666 0.02586197 0.38325 0.01848495 0.388106 0.01822799 0.38369 0.02586197 0.38325 0.00525695 0.388869 0.004999995 0.384453 0.01822799 0.38369 0.09820801 0.212384 0.09379297 0.212384 0.09370398 0.210793 0.09838396 0.2155669 0.09396898 0.2155669 0.09379297 0.212384 0.09825795 0.22808 0.09800195 0.223664 0.105848 0.223212 0.09041196 0.228532 0.09015595 0.224117 0.09800195 0.223664 0.03070497 0.223212 0.03087794 0.226441 0.02646297 0.226441 0.03087794 0.226441 0.03091096 0.230827 0.02649599 0.230827 0.05310195 0.366915 0.05335396 0.37133 0.06050097 0.370918 0.04637098 0.367302 0.04662698 0.371718 0.05335396 0.37133 0.04637098 0.367302 0.04300498 0.367497 0.043262 0.371912 0.03893595 0.367731 0.03918796 0.372147 0.043262 0.371912 0.03515899 0.367949 0.03541594 0.372364 0.03918796 0.372147 0.09015595 0.23563 0.09029996 0.23927 0.09471595 0.23927 0.09029996 0.2436929 0.09471595 0.2436929 0.09471595 0.23927 0.07632595 0.365576 0.07657796 0.369991 0.08416998 0.369553 0.07252699 0.365794 0.07278299 0.37021 0.07657796 0.369991 0.06843596 0.36603 0.06868797 0.370446 0.07278299 0.37021 0.06024497 0.366503 0.06050097 0.370918 0.06868797 0.370446 0.838411 0.05644798 0.831154 0.056867 0.83141 0.06128197 0.831154 0.056867 0.819531 0.05753695 0.819787 0.06195199 0.819531 0.05753695 0.803454 0.05846399 0.803711 0.06287896 0.791398 0.05915898 0.79165 0.06357496 0.803711 0.06287896 0.779337 0.05985397 0.779593 0.06426995 0.79165 0.06357496 0.779337 0.05985397 0.766834 0.06057494 0.76709 0.06499099 0.758502 0.06105595 0.758754 0.06547099 0.76709 0.06499099 0.749939 0.06154894 0.750195 0.06596499 0.758754 0.06547099 0.745525 0.06180399 0.745777 0.06621897 0.750195 0.06596499 0.737587 0.06226199 0.737839 0.06667697 0.745777 0.06621897 0.72664 0.06289297 0.726892 0.067308 0.737839 0.06667697 0.712046 0.06373399 0.712302 0.06814998 0.726892 0.067308 0.712046 0.06373399 0.690816 0.06495797 0.691073 0.06937396 0.690816 0.06495797 0.675306 0.06585299 0.675562 0.07026797 0.675306 0.06585299 0.667548 0.06629997 0.667805 0.07071596 0.660755 0.06669199 0.661007 0.07110697 0.667805 0.07071596 0.656624 0.06692999 0.656876 0.07134497 0.661007 0.07110697 0.652529 0.06716597 0.652785 0.071581 0.656876 0.07134497 0.644807 0.06761199 0.645059 0.07202696 0.652785 0.071581 0.632998 0.06829196 0.63325 0.07270801 0.645059 0.07202696 0.626647 0.06865799 0.626899 0.07307398 0.63325 0.07270801 0.622379 0.06890398 0.622636 0.07331997 0.626899 0.07307398 0.08242696 0.233723 0.07801198 0.233723 0.07829999 0.221438 0.08223396 0.251094 0.07781898 0.251094 0.07801198 0.233723 0.08223396 0.251094 0.08215296 0.268728 0.07773697 0.268728 0.437335 0.460023 0.437587 0.464439 0.452491 0.46358 0.433606 0.460238 0.433863 0.464654 0.437587 0.464439 0.429193 0.460493 0.429445 0.464908 0.433863 0.464654 0.426986 0.46062 0.427238 0.465036 0.429445 0.464908 0.42101 0.460965 0.421267 0.46538 0.427238 0.465036 0.42101 0.460965 0.416814 0.461206 0.41707 0.465622 0.416814 0.461206 0.412006 0.461484 0.412262 0.465899 0.412006 0.461484 0.408357 0.461694 0.408613 0.466109 0.399609 0.462199 0.399861 0.466614 0.408613 0.466109 0.390777 0.462708 0.391033 0.467123 0.399861 0.466614 0.390777 0.462708 0.377531 0.463472 0.377787 0.467887 0.377531 0.463472 0.369021 0.463962 0.369278 0.468377 0.369021 0.463962 0.364608 0.464217 0.364864 0.468632 0.364608 0.464217 0.360322 0.464464 0.360579 0.468879 0.360322 0.464464 0.352719 0.464902 0.352976 0.469318 0.04752898 0.210793 0.04723697 0.218033 0.04282099 0.218033 0.04723697 0.218033 0.04696995 0.225562 0.04255396 0.225562 0.04696995 0.225562 0.04679596 0.233879 0.04238098 0.233879 0.04679596 0.233879 0.04667097 0.242454 0.04225599 0.242454 0.04667097 0.260145 0.04225599 0.260145 0.04225599 0.242454 0.04673796 0.264412 0.04232299 0.264412 0.04225599 0.260145 0.04673796 0.264412 0.04704296 0.271494 0.04262799 0.271494 0.04704296 0.271494 0.04738295 0.27809 0.04296696 0.27809 0.096942 0.35536 0.09011298 0.355754 0.08986097 0.351339 0.09011298 0.355754 0.08273595 0.35618 0.082479 0.351764 0.07535898 0.356605 0.07510197 0.35219 0.082479 0.351764 0.07535898 0.356605 0.06677496 0.3571 0.066522 0.352684 0.06677496 0.3571 0.05871999 0.357564 0.05846399 0.353149 0.04795098 0.358185 0.04769498 0.35377 0.05846399 0.353149 0.039469 0.358674 0.03921198 0.354259 0.04769498 0.35377 0.03343194 0.359022 0.03317499 0.354607 0.03921198 0.354259 0.03228199 0.359089 0.03202497 0.354673 0.03317499 0.354607 0.02786797 0.359343 0.02761095 0.354928 0.03202497 0.354673 0.02786797 0.359343 0.02444899 0.35954 0.02419698 0.355125 0.02444899 0.35954 0.01901799 0.359854 0.01876598 0.355438 0.01901799 0.359854 0.01551097 0.360056 0.01525396 0.35564 0.01551097 0.360056 0.01234799 0.360238 0.01209598 0.355823 0.059089 0.210793 0.05959194 0.22078 0.05517697 0.22078 0.05959194 0.22078 0.05971699 0.224637 0.05530196 0.224637 0.05971699 0.233482 0.05530196 0.233482 0.05530196 0.224637 0.059946 0.257385 0.05553096 0.257385 0.05530196 0.233482 0.059946 0.257385 0.06009399 0.26098 0.05567896 0.26098 0.06009399 0.26098 0.06016898 0.262777 0.05575299 0.262777 0.856238 0.009415984 0.851824 0.009669959 0.851567 0.005254983 0.84803 0.009888947 0.847773 0.005473971 0.851567 0.005254983 0.84803 0.009888947 0.84423 0.01010799 0.843978 0.005692958 0.84423 0.01010799 0.836026 0.01058095 0.83577 0.006164968 0.836026 0.01058095 0.827494 0.01107299 0.827242 0.006656944 0.827494 0.01107299 0.818968 0.01156497 0.818711 0.007148981 0.810437 0.01205599 0.81018 0.007640957 0.818711 0.007148981 0.808229 0.01218396 0.807973 0.007767975 0.81018 0.007640957 0.800383 0.01263594 0.800127 0.00822097 0.807973 0.007767975 0.800383 0.01263594 0.791746 0.013134 0.791494 0.008718967 0.791746 0.013134 0.783113 0.01363199 0.78286 0.009216964 0.783113 0.01363199 0.770163 0.01437896 0.769907 0.009962975 0.76153 0.01487594 0.761274 0.01046097 0.769907 0.009962975 0.76153 0.01487594 0.749115 0.01559197 0.748863 0.011177 0.749115 0.01559197 0.740376 0.01609599 0.74012 0.01168096 0.740376 0.01609599 0.731995 0.01657897 0.731743 0.01216399 0.731995 0.01657897 0.719948 0.01727396 0.719691 0.01285898 0.719948 0.01727396 0.715529 0.01752895 0.715277 0.01311296 0.715529 0.01752895 0.704795 0.01814699 0.704543 0.01373195 0.704795 0.01814699 0.691851 0.01889395 0.691594 0.01447898 0.691851 0.01889395 0.674368 0.01990199 0.674115 0.01548695 0.674368 0.01990199 0.657296 0.020886 0.657039 0.01647096 0.657296 0.020886 0.648756 0.02137899 0.648503 0.016963 0.648756 0.02137899 0.631679 0.02236294 0.631427 0.01794797 0.631679 0.02236294 0.622852 0.02287298 0.622595 0.01845699 0.622852 0.02287298 0.619083 0.02309 0.618831 0.01867395 0.02997297 0.210793 0.02983695 0.214532 0.03425198 0.214532 0.02983695 0.216063 0.03425198 0.216063 0.03425198 0.214532 0.888992 0.08570098 0.878382 0.08631199 0.878125 0.08189696 0.866392 0.087004 0.866135 0.08258795 0.878125 0.08189696 0.866392 0.087004 0.862721 0.087215 0.862469 0.08279997 0.862721 0.087215 0.854148 0.08770996 0.853894 0.08329397 0.841285 0.08845096 0.841031 0.08403599 0.853894 0.08329397 0.841285 0.08845096 0.833155 0.08891999 0.832901 0.08450496 0.833155 0.08891999 0.832164 0.08897697 0.831909 0.084562 0.832164 0.08897697 0.823334 0.089486 0.823078 0.08507096 0.823334 0.089486 0.814722 0.08998298 0.814467 0.08556699 0.801806 0.09072798 0.801552 0.08631199 0.814467 0.08556699 0.801806 0.09072798 0.78069 0.09194499 0.780436 0.08752995 0.78069 0.09194499 0.767773 0.09268999 0.767519 0.08827495 0.767773 0.09268999 0.754689 0.09344398 0.754434 0.08902895 0.732882 0.094702 0.732627 0.09028595 0.754434 0.08902895 0.719798 0.095456 0.719543 0.09104096 0.732627 0.09028595 0.719798 0.095456 0.706988 0.09619498 0.706734 0.09178 0.706988 0.09619498 0.694178 0.096933 0.693924 0.09251797 0.685639 0.09742599 0.685384 0.09301 0.693924 0.09251797 0.672392 0.09818899 0.672137 0.09377396 0.685384 0.09301 0.650316 0.09946298 0.650061 0.09504699 0.672137 0.09377396 0.632654 0.100481 0.632399 0.09606599 0.650061 0.09504699 0.615538 0.101468 0.615283 0.09705197 0.632399 0.09606599 0.02183496 0.03156095 0.01741898 0.03156095 0.01741898 0.01387 0.02183496 0.03598397 0.01741898 0.03598397 0.01741898 0.03156095 0.02183496 0.09790199 0.01741898 0.09790199 0.01741898 0.03598397 0.466402 0.422776 0.307294 0.43195 0.307038 0.427535 0.298463 0.432459 0.298208 0.428044 0.307038 0.427535 0.267819 0.434226 0.267564 0.429811 0.298208 0.428044 0.004999995 0.347461 0.009421944 0.347461 0.009421944 0.01387 0.475018 0.441423 0.439778 0.443455 0.440033 0.44787 0.439778 0.443455 0.276434 0.452873 0.276689 0.457289 0.02006095 0.192803 0.01564395 0.192803 0.01564395 0.104348 0.02006095 0.1950139 0.01564395 0.1950139 0.01564395 0.192803 0.882495 0.02983695 0.860504 0.03110498 0.860759 0.03552097 0.860504 0.03110498 0.838744 0.03235995 0.838999 0.03677499 0.816895 0.03361999 0.817149 0.03803497 0.838999 0.03677499 0.794818 0.03489297 0.795072 0.03930795 0.817149 0.03803497 0.755525 0.03715795 0.755779 0.041574 0.795072 0.03930795 0.724671 0.03893697 0.724925 0.04335194 0.755779 0.041574 0.724671 0.03893697 0.685108 0.04121899 0.685362 0.04563397 0.668395 0.04218196 0.66865 0.046597 0.685362 0.04563397 0.668395 0.04218196 0.659878 0.04267299 0.660133 0.04708796 0.659878 0.04267299 0.646631 0.043437 0.646886 0.04785197 0.646631 0.043437 0.642637 0.04366695 0.642892 0.04808294 0.63206 0.04427695 0.632312 0.04869198 0.642892 0.04808294 0.62444 0.044716 0.624696 0.04913198 0.632312 0.04869198 0.622379 0.04483497 0.622631 0.04925096 0.624696 0.04913198 0.08128499 0.214004 0.085707 0.214004 0.085707 0.210793 0.09992498 0.280849 0.09579497 0.281087 0.09554296 0.276672 0.09579497 0.281087 0.08727699 0.281578 0.08701997 0.277163 0.08365899 0.281787 0.08340299 0.277372 0.08701997 0.277163 0.080042 0.281996 0.07978695 0.27758 0.08340299 0.277372 0.080042 0.281996 0.07799196 0.282114 0.07773697 0.277698 0.02628898 0.249317 0.03070396 0.249317 0.03076398 0.248049 0.02628898 0.252037 0.03070396 0.252037 0.03070396 0.249317 0.084894 0.619732 0.084894 0.562219 0.250084 0.602108 0.084894 0.562219 0.07809799 0.550844 0.253977 0.536068 0.07809799 0.550844 0.07494199 0.542591 0.251903 0.527483 0.07336395 0.538469 0.251903 0.509823 0.251903 0.527483 0.080756 0.518638 0.251903 0.499359 0.251903 0.509823 0.080756 0.51422 0.080756 0.505392 0.250084 0.495335 0.080756 0.505392 0.07957899 0.503521 0.248769 0.49112 0.070041 0.464411 0.250146 0.486923 0.07957899 0.503521 0.08003097 0.463699 0.250146 0.486923 0.070041 0.464411 0.08081597 0.461638 0.279081 0.477038 0.250146 0.486923 0.08081597 0.461638 0.08529096 0.454018 0.271139 0.466428 0.09327596 0.443441 0.265501 0.454438 0.271139 0.466428 0.09327596 0.443441 0.09516096 0.439447 0.26304 0.450767 0.09516096 0.439447 0.09516096 0.4262 0.260926 0.442194 0.09516096 0.4262 0.09749597 0.417683 0.257756 0.429331 0.103216 0.40097 0.252327 0.42021 0.254304 0.421201 0.106956 0.361408 0.257232 0.389852 0.25429 0.402768 0.108785 0.330554 0.266626 0.35582 0.263686 0.368736 0.114726 0.29126 0.272139 0.320928 0.268695 0.342735 0.114726 0.269184 0.280964 0.282224 0.277585 0.295034 0.114726 0.269184 0.114726 0.247334 0.283215 0.260439 0.118462 0.225574 0.283215 0.238362 0.283215 0.260439 0.118462 0.225574 0.120416 0.203584 0.283215 0.2207 0.303459 0.203584 0.285769 0.203584 0.369802 0.04447495 0.369802 0.04447495 0.369802 0.203584 0.307883 0.203584 0.285769 0.203584 0.120416 0.203584 0.369802 0.04447495 0.118205 0.203584 0.029751 0.203584 0.369802 0.03564494 0.369802 0.03564494 0.369802 0.04447495 0.120416 0.203584 0.365769 0.004999995 0.369802 0.03564494 0.029751 0.04023998 0.254569 0.486923 0.250146 0.486923 0.279081 0.477038 0.257264 0.490421 0.254569 0.486923 0.284351 0.479395 0.257264 0.490421 0.28666 0.483163 0.28666 0.491991 0.261785 0.502791 0.260231 0.49866 0.28666 0.491991 0.261785 0.524869 0.261785 0.502791 0.29118 0.509067 0.263973 0.529858 0.261785 0.524869 0.293442 0.517607 0.263973 0.54904 0.297963 0.534679 0.300497 0.552162 0.266668 0.559035 0.266668 0.554617 0.300497 0.552162 0.265993 0.570844 0.303296 0.565107 0.303296 0.575841 0.261976 0.57711 0.303296 0.575841 0.303296 0.580259 0.261976 0.581524 0.303296 0.580259 0.297783 0.592307 0.265806 0.587269 0.297783 0.592307 0.294994 0.600688 0.294994 0.600688 0.293735 0.609427 0.263395 0.59539 0.261452 0.599357 0.293735 0.609427 0.2891 0.621842 0.287244 0.630475 0.253144 0.607287 0.257567 0.607287 0.084894 0.619732 0.253144 0.607287 0.287244 0.630475 0.05064499 0.655109 0.04218596 0.639599 0.287244 0.630475 0.05487298 0.662867 0.05064499 0.655109 0.28446 0.643425 0.05857896 0.66966 0.05487298 0.662867 0.282605 0.652058 0.06639695 0.673791 0.05857896 0.66966 0.28075 0.660695 0.06805497 0.677886 0.06639695 0.673791 0.276692 0.668541 0.072344 0.685608 0.06805497 0.677886 0.276692 0.670748 0.072344 0.685608 0.274401 0.67928 0.272111 0.687807 0.079557 0.703768 0.07340997 0.697417 0.272111 0.687807 0.079557 0.703768 0.26982 0.696338 0.266555 0.704542 0.09297895 0.713038 0.08069396 0.708036 0.266555 0.704542 0.110351 0.716377 0.09297895 0.713038 0.264295 0.708341 0.223896 0.724387 0.127985 0.717801 0.262036 0.712136 0.110351 0.716377 0.262036 0.712136 0.127985 0.717801 0.262036 0.71655 0.232742 0.724387 0.262036 0.712136 0.256645 0.720411 0.232742 0.724387 0.262036 0.71655 0.137479 0.732701 0.127985 0.717801 0.223896 0.724387 0.137479 0.732701 0.220039 0.726545 0.210053 0.735267 0.139854 0.740844 0.210053 0.735267 0.206965 0.738429 0.139854 0.743051 0.206965 0.738429 0.206965 0.741936 0.131962 0.753223 0.133339 0.749026 0.206965 0.741936 0.131962 0.75803 0.131962 0.753223 0.21394 0.747367 0.214855 0.75635 0.12947 0.761679 0.131962 0.75803 0.131962 0.75803 0.216741 0.750786 0.214855 0.75635 0.12947 0.761679 0.214855 0.75635 0.214855 0.762387 0.12828 0.779259 0.12828 0.770427 0.214855 0.762387 0.12828 0.779259 0.217313 0.770869 0.217313 0.781639 0.1306509 0.801015 0.12828 0.792505 0.217313 0.781639 0.1306509 0.801015 0.220933 0.789693 0.218845 0.798277 0.1306509 0.805429 0.218845 0.798277 0.213984 0.805654 0.131717 0.809714 0.213984 0.805654 0.209125 0.813031 0.143458 0.82239 0.136218 0.817317 0.209125 0.813031 0.150987 0.827025 0.143458 0.82239 0.203516 0.81986 0.159305 0.830032 0.150987 0.827025 0.196919 0.825742 0.1678799 0.832199 0.159305 0.830032 0.189838 0.831036 0.04218596 0.639599 0.02630996 0.61837 0.07638096 0.616251 0.02630996 0.61837 0.01634699 0.603775 0.06119698 0.594837 0.004999995 0.580476 0.04978096 0.572763 0.04978096 0.57593 0.01009297 0.563581 0.05106198 0.568535 0.04978096 0.572763 0.014476 0.551078 0.05106198 0.551614 0.05106198 0.568535 0.02546 0.526961 0.05838996 0.540632 0.053945 0.548266 0.02546 0.526961 0.03278195 0.510885 0.05907297 0.527404 0.05907297 0.527404 0.03278195 0.510885 0.063847 0.522804 0.03914695 0.499262 0.067905 0.514958 0.063847 0.522804 0.05225098 0.489497 0.07519298 0.504092 0.07196396 0.507112 0.05454397 0.48572 0.07957899 0.503521 0.07519298 0.504092 0.073354 0.45622 0.078381 0.459568 0.07682096 0.463699 0.07501196 0.452129 0.08070397 0.45105 0.078381 0.459568 0.08070397 0.45105 0.07501196 0.452129 0.07727098 0.44833 0.07727098 0.44833 0.08577895 0.443815 0.08324199 0.447432 0.08178997 0.440741 0.08577895 0.441765 0.08577895 0.443815 0.02006798 0.207245 0.01564395 0.207245 0.01564395 0.331952 0.01564395 0.331952 0.01564395 0.3375 0.02006798 0.3375 0.03200495 0.241827 0.02628898 0.241827 0.02628898 0.237404</float_array>
          <technique_common>
            <accessor source="#Mesh2_Group4_Group3_Group1_Model-mesh-map-0-array" count="2766" stride="2">
              <param name="S" type="float"/>
              <param name="T" type="float"/>
            </accessor>
          </technique_common>
        </source>
        <vertices id="Mesh2_Group4_Group3_Group1_Model-mesh-vertices">
          <input semantic="POSITION" source="#Mesh2_Group4_Group3_Group1_Model-mesh-positions"/>
        </vertices>
        <polylist material="FrontColor-material" count="922">
          <input semantic="VERTEX" source="#Mesh2_Group4_Group3_Group1_Model-mesh-vertices" offset="0"/>
          <input semantic="NORMAL" source="#Mesh2_Group4_Group3_Group1_Model-mesh-normals" offset="1"/>
          <input semantic="TEXCOORD" source="#Mesh2_Group4_Group3_Group1_Model-mesh-map-0" offset="2" set="0"/>
          <vcount>3 3 3 3 3 3 3 3 3 3 3 3 3 3 3 3 3 3 3 3 3 3 3 3 3 3 3 3 3 3 3 3 3 3 3 3 3 3 3 3 3 3 3 3 3 3 3 3 3 3 3 3 3 3 3 3 3 3 3 3 3 3 3 3 3 3 3 3 3 3 3 3 3 3 3 3 3 3 3 3 3 3 3 3 3 3 3 3 3 3 3 3 3 3 3 3 3 3 3 3 3 3 3 3 3 3 3 3 3 3 3 3 3 3 3 3 3 3 3 3 3 3 3 3 3 3 3 3 3 3 3 3 3 3 3 3 3 3 3 3 3 3 3 3 3 3 3 3 3 3 3 3 3 3 3 3 3 3 3 3 3 3 3 3 3 3 3 3 3 3 3 3 3 3 3 3 3 3 3 3 3 3 3 3 3 3 3 3 3 3 3 3 3 3 3 3 3 3 3 3 3 3 3 3 3 3 3 3 3 3 3 3 3 3 3 3 3 3 3 3 3 3 3 3 3 3 3 3 3 3 3 3 3 3 3 3 3 3 3 3 3 3 3 3 3 3 3 3 3 3 3 3 3 3 3 3 3 3 3 3 3 3 3 3 3 3 3 3 3 3 3 3 3 3 3 3 3 3 3 3 3 3 3 3 3 3 3 3 3 3 3 3 3 3 3 3 3 3 3 3 3 3 3 3 3 3 3 3 3 3 3 3 3 3 3 3 3 3 3 3 3 3 3 3 3 3 3 3 3 3 3 3 3 3 3 3 3 3 3 3 3 3 3 3 3 3 3 3 3 3 3 3 3 3 3 3 3 3 3 3 3 3 3 3 3 3 3 3 3 3 3 3 3 3 3 3 3 3 3 3 3 3 3 3 3 3 3 3 3 3 3 3 3 3 3 3 3 3 3 3 3 3 3 3 3 3 3 3 3 3 3 3 3 3 3 3 3 3 3 3 3 3 3 3 3 3 3 3 3 3 3 3 3 3 3 3 3 3 3 3 3 3 3 3 3 3 3 3 3 3 3 3 3 3 3 3 3 3 3 3 3 3 3 3 3 3 3 3 3 3 3 3 3 3 3 3 3 3 3 3 3 3 3 3 3 3 3 3 3 3 3 3 3 3 3 3 3 3 3 3 3 3 3 3 3 3 3 3 3 3 3 3 3 3 3 3 3 3 3 3 3 3 3 3 3 3 3 3 3 3 3 3 3 3 3 3 3 3 3 3 3 3 3 3 3 3 3 3 3 3 3 3 3 3 3 3 3 3 3 3 3 3 3 3 3 3 3 3 3 3 3 3 3 3 3 3 3 3 3 3 3 3 3 3 3 3 3 3 3 3 3 3 3 3 3 3 3 3 3 3 3 3 3 3 3 3 3 3 3 3 3 3 3 3 3 3 3 3 3 3 3 3 3 3 3 3 3 3 3 3 3 3 3 3 3 3 3 3 3 3 3 3 3 3 3 3 3 3 3 3 3 3 3 3 3 3 3 3 3 3 3 3 3 3 3 3 3 3 3 3 3 3 3 3 3 3 3 3 3 3 3 3 3 3 3 3 3 3 3 3 3 3 3 3 3 3 3 3 3 3 3 3 3 3 3 3 3 3 3 3 3 3 3 3 3 3 3 3 3 3 3 3 3 3 3 3 3 3 3 3 3 3 3 3 3 3 3 3 3 3 3 3 3 3 3 3 3 3 3 3 3 3 3 3 3 3 3 3 3 3 3 3 3 3 3 3 3 3 3 3 3 3 3 3 3 3 3 3 3 3 3 3 3 3 3 3 3 3 3 3 3 3 3 3 3 3 3 3 3 3 3 3 3 3 3 3 3 3 3 3 3 3 3 3 3 3 3 3 3 3 3 3 3 3 3 3 3 3 3 3 3 3 3 3 3 3 3 3 3 3 3 3 3 3 3 3 3 3 3 3 3 3 3 3 3 3 3 3 3 3 3 3 3 3 3 3 3 3 3 3 3 3 3 3 3 3 3 3 3 3 3 3 3 3 3 3 3 3 3 3 3 3 3 3 3 3 3 3 3 3 3 3 3 3 3 3 3 3 3 3 3 3 3 3 3 3 3 3 3 3 3 3 </vcount>
          <p>1 0 0 3 0 1 0 0 2 2 1 3 4 2 4 5 3 5 4 4 6 7 4 7 5 4 8 6 5 9 3 5 10 7 5 11 2 6 12 7 6 13 3 6 14 9 7 15 11 8 16 8 9 17 12 10 18 10 11 19 9 7 20 14 12 21 16 13 22 17 14 23 15 15 24 11 8 25 16 13 26 18 16 27 13 17 28 12 18 29 18 19 30 21 20 31 19 21 32 20 22 33 23 23 34 21 20 35 22 24 36 25 25 37 23 23 38 26 26 39 25 25 40 24 5 41 28 27 42 27 28 43 26 26 44 30 29 45 29 30 46 28 27 47 32 31 48 31 32 49 30 29 50 34 33 51 33 34 52 32 35 53 36 36 54 35 37 55 34 38 56 38 39 57 37 40 58 36 36 59 38 39 60 41 41 61 39 42 62 42 43 63 41 41 64 40 44 65 44 45 66 43 46 67 42 43 68 46 47 69 45 48 70 44 45 71 48 49 72 47 50 73 46 47 74 50 51 75 49 52 76 48 49 77 52 53 78 51 54 79 50 51 80 52 55 81 55 56 82 53 57 83 56 58 84 55 59 85 54 3 86 58 60 87 57 61 88 56 58 89 60 62 90 59 63 91 58 60 92 60 64 93 63 65 94 61 66 95 64 67 96 63 68 97 62 69 98 66 70 99 65 71 100 64 72 101 68 73 102 67 3 103 66 3 104 70 74 105 69 75 106 68 73 107 72 76 108 71 77 109 70 74 110 72 76 111 75 78 112 73 79 113 76 80 114 75 78 115 74 81 116 14 82 117 77 82 118 76 83 119 78 84 120 16 85 121 11 86 122 79 87 123 16 85 124 78 84 125 78 84 126 21 88 127 80 89 128 78 84 129 10 90 130 13 91 131 78 84 132 11 86 133 10 90 134 13 91 135 19 92 136 21 88 137 80 89 138 23 93 139 81 94 140 82 95 141 23 93 142 25 96 143 83 97 144 82 95 145 25 96 146 84 98 147 25 96 148 27 99 149 85 100 150 84 98 151 27 99 152 85 100 153 29 101 154 86 102 155 86 102 156 31 103 157 87 104 158 87 104 159 31 103 160 33 105 161 88 106 162 87 104 163 33 105 164 90 107 165 91 108 166 92 109 167 93 110 168 88 106 169 33 105 170 94 111 171 33 105 172 95 112 173 35 113 174 95 112 175 33 105 176 35 113 177 97 114 178 96 115 179 37 116 180 97 114 181 35 113 182 37 116 183 99 117 184 98 118 185 39 119 186 41 120 187 99 117 188 43 121 189 99 117 190 41 120 191 45 122 192 100 123 193 43 121 194 47 124 195 101 125 196 45 122 197 47 124 198 49 126 199 102 127 200 49 126 201 103 128 202 102 127 203 53 129 204 103 128 205 51 130 206 53 129 207 55 131 208 104 132 209 55 131 210 57 133 211 104 132 212 57 133 213 59 134 214 104 132 215 59 134 216 105 135 217 104 132 218 61 136 219 63 137 220 105 135 221 63 137 222 106 138 223 105 135 224 65 139 225 107 140 226 106 138 227 67 141 228 69 142 229 107 140 230 69 142 231 108 143 232 107 140 233 108 143 234 73 144 235 109 145 236 73 144 237 75 146 238 109 145 239 75 146 240 110 147 241 109 145 242 111 148 243 77 149 244 17 150 245 79 87 246 111 148 247 17 150 248 79 87 249 113 151 250 112 152 251 112 152 252 115 153 253 114 154 254 114 154 255 115 153 256 116 155 257 114 154 258 116 155 259 117 156 260 114 154 261 119 157 262 118 158 263 118 158 264 119 157 265 120 159 266 121 160 267 118 158 268 120 159 269 122 161 270 121 160 271 120 159 272 123 162 273 120 159 274 124 163 275 125 164 276 123 162 277 124 163 278 126 165 279 124 163 280 127 166 281 128 167 282 127 166 283 129 168 284 130 169 285 128 167 286 129 168 287 130 169 288 129 168 289 131 170 290 132 171 291 131 170 292 133 172 293 132 171 294 135 173 295 134 174 296 135 173 297 137 175 298 134 174 299 138 176 300 137 175 301 139 177 302 138 176 303 139 177 304 140 178 305 141 179 306 138 176 307 140 178 308 142 180 309 141 179 310 140 178 311 143 181 312 140 178 313 144 182 314 145 183 315 144 182 316 87 104 317 146 184 318 145 183 319 87 104 320 147 185 321 146 184 322 87 104 323 89 186 324 147 185 325 87 104 326 148 187 327 111 148 328 112 152 329 150 188 330 149 189 331 148 187 332 152 190 333 151 191 334 150 188 335 154 192 336 153 193 337 152 190 338 156 194 339 155 195 340 154 192 341 158 196 342 157 197 343 156 194 344 158 196 345 161 198 346 159 199 347 162 200 348 161 198 349 160 201 350 162 200 351 165 202 352 163 203 353 166 204 354 165 202 355 164 205 356 168 206 357 167 207 358 166 204 359 171 208 360 172 209 361 169 210 362 174 211 363 171 208 364 170 212 365 174 211 366 177 213 367 175 214 368 176 215 369 178 216 370 177 213 371 178 216 372 180 217 373 177 213 374 179 218 375 182 219 376 180 217 377 183 220 378 182 219 379 181 221 380 185 222 381 184 223 382 183 220 383 188 224 384 189 225 385 186 226 386 187 227 387 191 228 388 188 224 389 192 229 390 191 228 391 190 230 392 192 229 393 195 231 394 193 232 395 196 233 396 195 231 397 194 234 398 196 233 399 199 235 400 197 236 401 198 237 402 201 238 403 199 235 404 200 239 405 203 240 406 201 238 407 204 241 408 203 240 409 202 242 410 206 243 411 205 244 412 204 241 413 208 245 414 207 246 415 206 243 416 210 247 417 209 248 418 208 245 419 212 249 420 173 250 421 172 209 422 94 111 423 215 251 424 214 252 425 216 253 426 215 251 427 217 254 428 216 253 429 219 255 430 218 256 431 218 256 432 221 257 433 220 258 434 220 258 435 223 259 436 222 260 437 222 260 438 223 259 439 224 261 440 225 262 441 224 261 442 226 263 443 225 262 444 226 263 445 227 264 446 225 262 447 227 264 448 228 265 449 229 266 450 228 265 451 230 267 452 229 266 453 230 267 454 231 268 455 232 269 456 231 268 457 233 270 458 232 269 459 233 270 460 234 271 461 235 272 462 234 271 463 236 273 464 235 272 465 236 273 466 237 274 467 235 272 468 237 274 469 238 275 470 239 276 471 238 275 472 240 277 473 239 276 474 240 277 475 241 278 476 239 276 477 243 279 478 242 280 479 244 281 480 243 279 481 245 282 482 244 281 483 247 283 484 246 284 485 246 284 486 247 283 487 248 285 488 250 286 489 251 287 490 252 288 491 246 284 492 252 288 493 255 289 494 255 289 495 256 290 496 253 291 497 257 292 498 256 290 499 255 289 500 259 293 501 92 109 502 260 294 503 260 294 504 262 295 505 261 296 506 264 297 507 263 298 508 265 299 509 265 299 510 266 300 511 264 297 512 268 3 513 78 301 514 267 302 515 270 303 516 87 304 517 269 305 518 271 306 519 86 307 520 270 303 521 272 308 522 85 309 523 271 306 524 273 310 525 84 311 526 272 308 527 274 312 528 83 313 529 273 310 530 275 314 531 82 315 532 274 312 533 276 316 534 81 317 535 275 314 536 267 302 537 80 318 538 276 316 539 277 319 540 79 320 541 268 321 542 278 322 543 113 323 544 277 319 545 278 322 546 116 324 547 115 325 548 279 326 549 117 327 550 116 324 551 281 328 552 117 327 553 280 329 554 282 330 555 119 331 556 281 328 557 283 332 558 120 333 559 282 330 560 283 332 561 127 334 562 124 335 563 284 336 564 129 337 565 127 334 566 285 338 567 131 339 568 129 337 569 287 340 570 131 339 571 286 341 572 288 342 573 133 343 574 287 340 575 289 344 576 135 345 577 288 346 578 290 347 579 136 348 580 289 344 581 291 349 582 137 350 583 290 347 584 292 351 585 139 352 586 291 349 587 292 351 588 144 353 589 140 354 590 293 355 591 87 356 592 144 353 593 295 357 594 88 358 595 294 359 596 296 360 597 89 361 598 295 357 599 296 360 600 146 362 601 147 363 602 298 364 603 146 362 604 297 365 605 299 366 606 145 367 607 298 364 608 299 366 609 142 368 610 143 369 611 301 320 612 142 368 613 300 370 614 303 371 615 264 372 616 302 373 617 304 374 618 261 375 619 303 371 620 305 376 621 259 377 622 304 374 623 294 359 624 90 378 625 305 376 626 301 379 627 138 380 628 141 381 629 306 382 630 134 383 631 138 380 632 307 384 633 132 385 634 134 383 635 309 386 636 132 385 637 308 387 638 310 388 639 130 389 640 309 386 641 310 388 642 126 390 643 128 391 644 312 392 645 126 390 646 311 393 647 313 394 648 125 395 649 312 392 650 314 396 651 123 397 652 313 394 653 315 398 654 122 399 655 314 396 656 316 400 657 121 401 658 315 398 659 317 402 660 118 403 661 316 400 662 317 402 663 112 404 664 114 405 665 318 406 666 148 407 667 112 404 668 319 408 669 150 409 670 148 407 671 321 410 672 150 409 673 320 411 674 322 412 675 152 413 676 321 410 677 323 414 678 154 415 679 322 412 680 324 416 681 156 417 682 323 414 683 325 418 684 158 419 685 324 416 686 326 420 687 160 421 688 325 418 689 327 422 690 162 423 691 326 420 692 328 424 693 164 425 694 327 426 695 329 427 696 166 428 697 328 424 698 329 427 699 170 429 700 168 430 701 331 431 702 170 432 703 330 433 704 332 434 705 174 435 706 331 431 707 333 436 708 176 437 709 332 434 710 334 438 711 178 439 712 333 436 713 335 440 714 179 441 715 334 442 716 335 440 717 183 443 718 181 444 719 336 445 720 185 446 721 183 443 722 337 447 723 187 448 724 185 446 725 339 449 726 187 448 727 338 450 728 340 451 729 190 452 730 339 449 731 340 451 732 194 453 733 192 454 734 341 455 735 196 456 736 194 453 737 342 457 738 198 458 739 196 456 740 343 459 741 200 460 742 198 458 743 344 461 744 202 462 745 200 460 746 345 463 747 204 464 748 202 462 749 346 465 750 206 466 751 204 464 752 347 467 753 208 468 754 206 466 755 348 469 756 210 470 757 208 468 758 350 471 759 210 470 760 349 472 761 351 473 762 211 474 763 350 471 764 351 473 765 207 475 766 209 476 767 352 477 768 205 478 769 207 475 770 353 479 771 203 480 772 205 478 773 354 481 774 201 482 775 203 480 776 356 483 777 201 482 778 355 484 779 356 483 780 197 485 781 199 486 782 357 487 783 195 488 784 197 485 785 359 489 786 195 488 787 358 490 788 360 491 789 193 492 790 359 489 791 361 493 792 191 494 793 360 491 794 362 495 795 188 496 796 361 497 797 363 498 798 189 499 799 362 5 800 363 498 801 184 500 802 186 501 803 364 502 804 182 503 805 184 500 806 365 504 807 180 505 808 182 506 809 366 507 810 177 508 811 180 509 812 367 510 813 175 511 814 177 508 815 368 512 816 171 513 817 175 511 818 370 514 819 171 513 820 369 515 821 371 516 822 172 517 823 370 514 824 371 516 825 213 518 826 212 519 827 372 520 828 173 521 829 213 518 830 373 522 831 169 523 832 173 524 833 375 525 834 169 523 835 374 526 836 375 525 837 165 527 838 167 528 839 376 529 840 163 530 841 165 527 842 377 531 843 161 532 844 163 530 845 378 533 846 159 534 847 161 532 848 380 535 849 159 534 850 379 536 851 381 537 852 157 538 853 380 535 854 382 539 855 155 540 856 381 537 857 382 539 858 151 541 859 153 542 860 383 543 861 149 544 862 151 541 863 384 545 864 111 546 865 149 544 866 386 547 867 111 546 868 385 548 869 386 547 870 109 549 871 110 550 872 387 551 873 108 552 874 109 549 875 388 553 876 107 554 877 108 552 878 389 555 879 106 556 880 107 554 881 390 557 882 105 558 883 106 556 884 391 559 885 104 560 886 105 558 887 392 561 888 103 562 889 104 560 890 393 563 891 102 564 892 103 562 893 394 565 894 101 566 895 102 564 896 395 567 897 100 568 898 101 566 899 396 569 900 99 570 901 100 568 902 397 571 903 98 572 904 99 570 905 398 573 906 97 574 907 98 572 908 399 575 909 96 576 910 97 574 911 401 577 912 96 576 913 400 578 914 401 579 915 215 580 916 95 581 917 403 582 918 215 580 919 402 583 920 403 582 921 219 584 922 217 585 923 404 586 924 221 587 925 219 584 926 406 588 927 221 587 928 405 589 929 406 588 930 224 590 931 223 591 932 407 592 933 226 593 934 224 590 935 408 594 936 227 595 937 226 596 938 409 597 939 228 598 940 227 595 941 411 599 942 228 598 943 410 600 944 411 599 945 231 601 946 230 602 947 412 603 948 233 604 949 231 601 950 413 605 951 234 606 952 233 604 953 415 607 954 234 606 955 414 608 956 416 609 957 236 610 958 415 607 959 416 609 960 238 611 961 237 612 962 417 613 963 240 614 964 238 611 965 419 615 966 240 614 967 418 616 968 420 617 969 241 618 970 419 615 971 421 619 972 243 620 973 420 617 974 422 621 975 245 622 976 421 619 977 423 623 978 247 624 979 422 621 980 424 625 981 248 626 982 423 627 983 425 628 984 249 629 985 424 625 986 426 630 987 250 631 988 425 628 989 426 5 990 252 632 991 251 5 992 428 633 993 252 632 994 427 634 995 429 635 996 255 636 997 428 633 998 430 637 999 257 637 1000 429 638 1001 430 639 1002 256 640 1003 258 641 1004 431 642 1005 253 3 1006 256 640 1007 433 643 1008 253 644 1009 432 645 1010 434 646 1011 254 647 1012 433 643 1013 434 648 1014 244 649 1015 246 650 1016 435 651 1017 242 652 1018 244 649 1019 437 653 1020 242 652 1021 436 654 1022 438 655 1023 239 656 1024 437 653 1025 439 657 1026 235 658 1027 438 655 1028 440 659 1029 232 660 1030 439 657 1031 440 659 1032 225 661 1033 229 662 1034 442 663 1035 225 661 1036 441 664 1037 442 663 1038 220 665 1039 222 666 1040 443 667 1041 218 668 1042 220 665 1043 444 669 1044 216 670 1045 218 668 1046 446 671 1047 216 670 1048 445 672 1049 447 673 1050 214 674 1051 446 671 1052 448 675 1053 94 676 1054 447 673 1055 449 677 1056 93 678 1057 448 679 1058 449 680 1059 92 681 1060 91 682 1061 450 683 1062 260 684 1063 92 681 1064 452 685 1065 260 684 1066 451 686 1067 453 687 1068 262 688 1069 452 685 1070 453 687 1071 265 689 1072 263 690 1073 455 691 1074 265 692 1075 454 693 1076 302 694 1077 266 695 1078 455 691 1079 456 696 1080 458 697 1081 459 698 1082 458 697 1083 457 699 1084 460 700 1085 460 700 1086 457 699 1087 461 701 1088 461 701 1089 457 699 1090 462 702 1091 457 699 1092 464 703 1093 462 702 1094 463 704 1095 466 705 1096 464 703 1097 467 706 1098 466 705 1099 465 707 1100 467 706 1101 469 708 1102 468 709 1103 470 710 1104 468 709 1105 469 708 1106 470 710 1107 472 711 1108 471 712 1109 472 711 1110 474 713 1111 471 712 1112 473 714 1113 476 715 1114 474 713 1115 476 715 1116 475 716 1117 477 717 1118 479 718 1119 475 716 1120 478 719 1121 480 720 1122 479 718 1123 481 721 1124 482 722 1125 477 717 1126 480 720 1127 482 722 1128 485 723 1129 483 724 1130 486 725 1131 485 723 1132 484 726 1133 486 725 1134 489 727 1135 487 728 1136 488 729 1137 491 730 1138 489 727 1139 490 731 1140 493 732 1141 491 730 1142 493 732 1143 492 733 1144 494 734 1145 495 735 1146 494 734 1147 492 733 1148 496 736 1149 495 735 1150 497 737 1151 497 737 1152 495 735 1153 498 738 1154 499 739 1155 498 738 1156 495 735 1157 500 740 1158 499 739 1159 501 741 1160 502 742 1161 501 741 1162 499 739 1163 503 743 1164 502 742 1165 504 744 1166 505 745 1167 504 744 1168 502 742 1169 506 746 1170 505 745 1171 507 747 1172 507 747 1173 505 745 1174 508 748 1175 509 749 1176 508 748 1177 505 745 1178 510 750 1179 509 749 1180 511 751 1181 509 749 1182 513 752 1183 511 751 1184 514 753 1185 513 752 1186 512 754 1187 514 753 1188 517 755 1189 515 756 1190 517 755 1191 516 757 1192 518 758 1193 519 759 1194 521 760 1195 522 761 1196 523 762 1197 525 763 1198 516 757 1199 526 764 1200 525 763 1201 524 765 1202 527 766 1203 526 764 1204 528 767 1205 529 768 1206 483 724 1207 530 769 1208 531 770 1209 529 768 1210 530 769 1211 532 771 1212 531 770 1213 533 772 1214 532 771 1215 535 773 1216 534 774 1217 536 775 1218 534 774 1219 535 773 1220 537 776 1221 535 773 1222 538 777 1223 539 778 1224 538 777 1225 540 779 1226 541 780 1227 540 779 1228 542 781 1229 543 782 1230 541 780 1231 542 781 1232 543 782 1233 545 783 1234 544 784 1235 546 785 1236 545 783 1237 547 786 1238 548 787 1239 546 785 1240 547 786 1241 549 788 1242 548 787 1243 547 786 1244 550 789 1245 549 788 1246 547 786 1247 550 789 1248 552 790 1249 551 791 1250 553 792 1251 551 791 1252 552 790 1253 553 792 1254 555 793 1255 554 794 1256 554 794 1257 557 795 1258 556 796 1259 558 797 1260 556 796 1261 557 795 1262 558 797 1263 560 798 1264 559 799 1265 560 798 1266 562 800 1267 559 799 1268 563 801 1269 562 800 1270 561 802 1271 563 801 1272 565 803 1273 564 804 1274 566 805 1275 564 804 1276 565 803 1277 456 696 1278 566 805 1279 567 806 1280 568 807 1281 566 805 1282 569 808 1283 570 809 1284 569 808 1285 571 810 1286 572 811 1287 571 810 1288 573 812 1289 574 813 1290 573 812 1291 575 814 1292 576 815 1293 575 814 1294 577 816 1295 578 817 1296 577 816 1297 579 818 1298 578 817 1299 581 819 1300 580 820 1301 582 821 1302 581 819 1303 583 822 1304 582 821 1305 585 823 1306 584 824 1307 586 825 1308 585 823 1309 587 826 1310 588 827 1311 587 826 1312 589 828 1313 589 828 1314 592 829 1315 593 830 1316 594 831 1317 591 832 1318 595 833 1319 596 834 1320 593 830 1321 597 835 1322 596 834 1323 599 836 1324 598 837 1325 600 838 1326 598 837 1327 599 836 1328 600 838 1329 602 839 1330 601 840 1331 601 840 1332 604 841 1333 603 842 1334 605 843 1335 604 841 1336 606 844 1337 607 845 1338 606 844 1339 608 846 1340 608 846 1341 610 847 1342 611 848 1343 609 849 1344 613 850 1345 612 851 1346 614 852 1347 613 850 1348 615 853 1349 614 852 1350 617 854 1351 616 855 1352 618 856 1353 617 854 1354 619 857 1355 618 856 1356 621 858 1357 620 859 1358 620 859 1359 623 860 1360 622 861 1361 622 861 1362 625 862 1363 624 863 1364 626 864 1365 625 862 1366 627 865 1367 628 866 1368 627 865 1369 629 867 1370 630 868 1371 629 867 1372 631 869 1373 632 870 1374 631 869 1375 633 871 1376 634 872 1377 456 696 1378 567 806 1379 567 806 1380 636 873 1381 634 872 1382 636 873 1383 635 874 1384 637 875 1385 637 875 1386 635 874 1387 638 876 1388 635 874 1389 640 877 1390 638 876 1391 640 877 1392 639 878 1393 641 879 1394 639 878 1395 642 880 1396 641 879 1397 642 880 1398 643 881 1399 641 879 1400 644 882 1401 641 879 1402 643 881 1403 644 882 1404 646 883 1405 645 884 1406 647 885 1407 645 884 1408 646 883 1409 649 886 1410 648 887 1411 647 885 1412 649 886 1413 651 888 1414 650 889 1415 650 889 1416 651 888 1417 652 890 1418 653 891 1419 652 890 1420 651 888 1421 653 891 1422 656 892 1423 654 893 1424 656 892 1425 657 894 1426 658 895 1427 659 896 1428 657 894 1429 655 897 1430 660 898 1431 659 896 1432 661 899 1433 659 896 1434 662 900 1435 661 899 1436 662 900 1437 663 901 1438 661 899 1439 664 902 1440 661 899 1441 663 901 1442 666 903 1443 665 904 1444 664 902 1445 666 903 1446 667 905 1447 475 716 1448 667 905 1449 668 906 1450 475 716 1451 668 906 1452 478 719 1453 475 716 1454 669 907 1455 481 721 1456 479 718 1457 671 908 1458 670 909 1459 669 907 1460 673 910 1461 675 911 1462 672 912 1463 676 913 1464 674 914 1465 673 910 1466 678 915 1467 677 916 1468 676 913 1469 679 917 1470 462 702 1471 464 703 1472 681 918 1473 683 919 1474 680 919 1475 680 920 1476 684 921 1477 681 922 1478 685 3 1479 684 921 1480 680 920 1481 686 923 1482 681 922 1483 684 921 1484 683 6 1485 685 6 1486 680 6 1487 687 5 1488 683 5 1489 688 924 1490 682 925 1491 688 924 1492 683 5 1493 689 926 1494 688 924 1495 682 925 1496 689 4 1497 681 4 1498 686 4 1499 1 0 1500 2 0 1501 3 0 1502 2 1 1503 1 927 1504 4 2 1505 4 4 1506 6 4 1507 7 4 1508 6 5 1509 0 5 1510 3 5 1511 2 6 1512 5 6 1513 7 6 1514 9 7 1515 10 11 1516 11 8 1517 12 10 1518 13 928 1519 10 11 1520 14 12 1521 15 15 1522 16 13 1523 15 15 1524 8 9 1525 11 8 1526 18 16 1527 19 929 1528 13 17 1529 18 19 1530 20 22 1531 21 20 1532 20 22 1533 22 24 1534 23 23 1535 22 24 1536 24 5 1537 25 25 1538 26 26 1539 27 28 1540 25 25 1541 28 27 1542 29 30 1543 27 28 1544 30 29 1545 31 32 1546 29 30 1547 32 31 1548 33 930 1549 31 32 1550 34 33 1551 35 931 1552 33 34 1553 36 36 1554 37 40 1555 35 37 1556 38 39 1557 39 42 1558 37 40 1559 38 39 1560 40 44 1561 41 41 1562 42 43 1563 43 46 1564 41 41 1565 44 45 1566 45 48 1567 43 46 1568 46 47 1569 47 50 1570 45 48 1571 48 49 1572 49 52 1573 47 50 1574 50 51 1575 51 54 1576 49 52 1577 52 53 1578 53 932 1579 51 54 1580 52 55 1581 54 933 1582 55 56 1583 56 58 1584 57 61 1585 55 59 1586 58 60 1587 59 63 1588 57 61 1589 60 62 1590 61 934 1591 59 63 1592 60 64 1593 62 935 1594 63 65 1595 64 67 1596 65 936 1597 63 68 1598 66 70 1599 67 937 1600 65 71 1601 68 73 1602 69 75 1603 67 3 1604 70 74 1605 71 77 1606 69 75 1607 72 76 1608 73 79 1609 71 77 1610 72 76 1611 74 81 1612 75 78 1613 76 80 1614 77 938 1615 75 78 1616 14 82 1617 17 939 1618 77 82 1619 79 87 1620 17 150 1621 16 85 1622 78 84 1623 13 91 1624 21 88 1625 80 89 1626 21 88 1627 23 93 1628 82 95 1629 81 94 1630 23 93 1631 84 98 1632 83 97 1633 25 96 1634 85 100 1635 27 99 1636 29 101 1637 86 102 1638 29 101 1639 31 103 1640 88 106 1641 89 186 1642 87 104 1643 90 107 1644 88 106 1645 91 108 1646 93 110 1647 91 108 1648 88 106 1649 94 111 1650 93 110 1651 33 105 1652 35 113 1653 96 115 1654 95 112 1655 37 116 1656 98 118 1657 97 114 1658 37 116 1659 39 119 1660 99 117 1661 43 121 1662 100 123 1663 99 117 1664 45 122 1665 101 125 1666 100 123 1667 47 124 1668 102 127 1669 101 125 1670 49 126 1671 51 130 1672 103 128 1673 53 129 1674 104 132 1675 103 128 1676 59 134 1677 61 136 1678 105 135 1679 63 137 1680 65 139 1681 106 138 1682 65 139 1683 67 141 1684 107 140 1685 69 142 1686 71 940 1687 108 143 1688 108 143 1689 71 940 1690 73 144 1691 75 146 1692 77 149 1693 110 147 1694 111 148 1695 110 147 1696 77 149 1697 79 87 1698 112 152 1699 111 148 1700 112 152 1701 113 151 1702 115 153 1703 114 154 1704 117 156 1705 119 157 1706 123 162 1707 122 161 1708 120 159 1709 126 165 1710 125 164 1711 124 163 1712 128 167 1713 126 165 1714 127 166 1715 132 171 1716 130 169 1717 131 170 1718 132 171 1719 133 172 1720 135 173 1721 135 173 1722 136 941 1723 137 175 1724 138 176 1725 134 174 1726 137 175 1727 143 181 1728 142 180 1729 140 178 1730 145 183 1731 143 181 1732 144 182 1733 148 187 1734 149 189 1735 111 148 1736 150 188 1737 151 191 1738 149 189 1739 152 190 1740 153 193 1741 151 191 1742 154 192 1743 155 195 1744 153 193 1745 156 194 1746 157 197 1747 155 195 1748 158 196 1749 159 199 1750 157 197 1751 158 196 1752 160 201 1753 161 198 1754 162 200 1755 163 203 1756 161 198 1757 162 200 1758 164 205 1759 165 202 1760 166 204 1761 167 207 1762 165 202 1763 168 206 1764 169 210 1765 167 207 1766 169 210 1767 168 206 1768 170 212 1769 170 212 1770 171 208 1771 169 210 1772 172 209 1773 173 250 1774 169 210 1775 174 211 1776 175 214 1777 171 208 1778 174 211 1779 176 215 1780 177 213 1781 178 216 1782 179 218 1783 180 217 1784 179 218 1785 181 221 1786 182 219 1787 183 220 1788 184 223 1789 182 219 1790 185 222 1791 186 226 1792 184 223 1793 186 226 1794 185 222 1795 188 224 1796 187 227 1797 188 224 1798 185 222 1799 187 227 1800 190 230 1801 191 228 1802 192 229 1803 193 232 1804 191 228 1805 192 229 1806 194 234 1807 195 231 1808 196 233 1809 197 236 1810 195 231 1811 196 233 1812 198 237 1813 199 235 1814 198 237 1815 200 239 1816 201 238 1817 200 239 1818 202 242 1819 203 240 1820 204 241 1821 205 244 1822 203 240 1823 206 243 1824 207 246 1825 205 244 1826 208 245 1827 209 248 1828 207 246 1829 210 247 1830 211 942 1831 209 248 1832 212 249 1833 213 943 1834 173 250 1835 94 111 1836 95 112 1837 215 251 1838 216 253 1839 214 252 1840 215 251 1841 216 253 1842 217 254 1843 219 255 1844 218 256 1845 219 255 1846 221 257 1847 220 258 1848 221 257 1849 223 259 1850 225 262 1851 222 260 1852 224 261 1853 229 266 1854 225 262 1855 228 265 1856 232 269 1857 229 266 1858 231 268 1859 235 272 1860 232 269 1861 234 271 1862 239 276 1863 235 272 1864 238 275 1865 239 276 1866 241 278 1867 243 279 1868 244 281 1869 242 280 1870 243 279 1871 244 281 1872 245 282 1873 247 283 1874 252 288 1875 246 284 1876 248 285 1877 249 944 1878 250 286 1879 252 288 1880 252 288 1881 248 285 1882 249 944 1883 255 289 1884 253 291 1885 254 945 1886 254 945 1887 246 284 1888 255 289 1889 257 292 1890 258 946 1891 256 290 1892 259 293 1893 90 107 1894 92 109 1895 263 298 1896 261 296 1897 262 295 1898 259 293 1899 260 294 1900 261 296 1901 264 297 1902 261 296 1903 263 298 1904 268 3 1905 79 3 1906 78 301 1907 270 303 1908 86 307 1909 87 304 1910 271 306 1911 85 309 1912 86 307 1913 272 308 1914 84 311 1915 85 309 1916 273 310 1917 83 313 1918 84 311 1919 274 312 1920 82 315 1921 83 313 1922 275 314 1923 81 317 1924 82 315 1925 276 316 1926 80 318 1927 81 317 1928 267 302 1929 78 301 1930 80 318 1931 277 319 1932 113 323 1933 79 320 1934 278 322 1935 115 325 1936 113 323 1937 278 322 1938 279 326 1939 116 324 1940 279 326 1941 280 329 1942 117 327 1943 281 328 1944 119 331 1945 117 327 1946 282 330 1947 120 333 1948 119 331 1949 283 332 1950 124 335 1951 120 333 1952 283 332 1953 284 336 1954 127 334 1955 284 336 1956 285 338 1957 129 337 1958 285 338 1959 286 341 1960 131 339 1961 287 340 1962 133 343 1963 131 339 1964 288 342 1965 135 947 1966 133 343 1967 289 344 1968 136 348 1969 135 345 1970 290 347 1971 137 350 1972 136 348 1973 291 349 1974 139 352 1975 137 350 1976 292 351 1977 140 354 1978 139 352 1979 292 351 1980 293 355 1981 144 353 1982 293 355 1983 269 948 1984 87 356 1985 295 357 1986 89 361 1987 88 358 1988 296 360 1989 147 363 1990 89 361 1991 296 360 1992 297 365 1993 146 362 1994 298 364 1995 145 367 1996 146 362 1997 299 366 1998 143 369 1999 145 367 2000 299 366 2001 300 370 2002 142 368 2003 301 320 2004 141 949 2005 142 368 2006 303 371 2007 261 375 2008 264 372 2009 304 374 2010 259 377 2011 261 375 2012 305 376 2013 90 378 2014 259 377 2015 294 359 2016 88 358 2017 90 378 2018 301 379 2019 306 382 2020 138 380 2021 306 382 2022 307 384 2023 134 383 2024 307 384 2025 308 387 2026 132 385 2027 309 386 2028 130 389 2029 132 385 2030 310 388 2031 128 391 2032 130 389 2033 310 388 2034 311 393 2035 126 390 2036 312 392 2037 125 395 2038 126 390 2039 313 394 2040 123 397 2041 125 395 2042 314 396 2043 122 399 2044 123 397 2045 315 398 2046 121 401 2047 122 399 2048 316 400 2049 118 403 2050 121 401 2051 317 402 2052 114 405 2053 118 403 2054 317 402 2055 318 406 2056 112 404 2057 318 406 2058 319 408 2059 148 407 2060 319 408 2061 320 411 2062 150 409 2063 321 410 2064 152 413 2065 150 409 2066 322 412 2067 154 415 2068 152 413 2069 323 414 2070 156 417 2071 154 415 2072 324 416 2073 158 419 2074 156 417 2075 325 418 2076 160 421 2077 158 419 2078 326 420 2079 162 423 2080 160 421 2081 327 422 2082 164 950 2083 162 423 2084 328 424 2085 166 428 2086 164 425 2087 329 427 2088 168 430 2089 166 428 2090 329 427 2091 330 951 2092 170 429 2093 331 431 2094 174 435 2095 170 432 2096 332 434 2097 176 437 2098 174 435 2099 333 436 2100 178 439 2101 176 437 2102 334 438 2103 179 952 2104 178 439 2105 335 440 2106 181 444 2107 179 441 2108 335 440 2109 336 445 2110 183 443 2111 336 445 2112 337 447 2113 185 446 2114 337 447 2115 338 450 2116 187 448 2117 339 449 2118 190 452 2119 187 448 2120 340 451 2121 192 454 2122 190 452 2123 340 451 2124 341 455 2125 194 453 2126 341 455 2127 342 457 2128 196 456 2129 342 457 2130 343 459 2131 198 458 2132 343 459 2133 344 461 2134 200 460 2135 344 461 2136 345 463 2137 202 462 2138 345 463 2139 346 465 2140 204 464 2141 346 465 2142 347 467 2143 206 466 2144 347 467 2145 348 469 2146 208 468 2147 348 469 2148 349 472 2149 210 470 2150 350 471 2151 211 474 2152 210 470 2153 351 473 2154 209 476 2155 211 474 2156 351 473 2157 352 477 2158 207 475 2159 352 477 2160 353 479 2161 205 478 2162 353 479 2163 354 481 2164 203 480 2165 354 481 2166 355 484 2167 201 482 2168 356 483 2169 199 486 2170 201 482 2171 356 483 2172 357 487 2173 197 485 2174 357 487 2175 358 490 2176 195 488 2177 359 489 2178 193 492 2179 195 488 2180 360 491 2181 191 494 2182 193 492 2183 361 493 2184 188 953 2185 191 494 2186 362 495 2187 189 954 2188 188 496 2189 363 498 2190 186 501 2191 189 499 2192 363 498 2193 364 502 2194 184 500 2195 364 502 2196 365 955 2197 182 503 2198 365 504 2199 366 5 2200 180 505 2201 366 507 2202 367 510 2203 177 508 2204 367 510 2205 368 512 2206 175 511 2207 368 512 2208 369 515 2209 171 513 2210 370 514 2211 172 517 2212 171 513 2213 371 516 2214 212 519 2215 172 517 2216 371 516 2217 372 520 2218 213 518 2219 372 520 2220 373 956 2221 173 521 2222 373 522 2223 374 526 2224 169 523 2225 375 525 2226 167 528 2227 169 523 2228 375 525 2229 376 529 2230 165 527 2231 376 529 2232 377 531 2233 163 530 2234 377 531 2235 378 533 2236 161 532 2237 378 533 2238 379 536 2239 159 534 2240 380 535 2241 157 538 2242 159 534 2243 381 537 2244 155 540 2245 157 538 2246 382 539 2247 153 542 2248 155 540 2249 382 539 2250 383 543 2251 151 541 2252 383 543 2253 384 545 2254 149 544 2255 384 545 2256 385 548 2257 111 546 2258 386 547 2259 110 550 2260 111 546 2261 386 547 2262 387 551 2263 109 549 2264 387 551 2265 388 553 2266 108 552 2267 388 553 2268 389 555 2269 107 554 2270 389 555 2271 390 557 2272 106 556 2273 390 557 2274 391 559 2275 105 558 2276 391 559 2277 392 561 2278 104 560 2279 392 561 2280 393 563 2281 103 562 2282 393 563 2283 394 565 2284 102 564 2285 394 565 2286 395 567 2287 101 566 2288 395 567 2289 396 569 2290 100 568 2291 396 569 2292 397 571 2293 99 570 2294 397 571 2295 398 573 2296 98 572 2297 398 573 2298 399 575 2299 97 574 2300 399 575 2301 400 578 2302 96 576 2303 401 577 2304 95 957 2305 96 576 2306 401 579 2307 402 583 2308 215 580 2309 403 582 2310 217 585 2311 215 580 2312 403 582 2313 404 586 2314 219 584 2315 404 586 2316 405 589 2317 221 587 2318 406 588 2319 223 591 2320 221 587 2321 406 588 2322 407 592 2323 224 590 2324 407 592 2325 408 958 2326 226 593 2327 408 594 2328 409 597 2329 227 595 2330 409 597 2331 410 600 2332 228 598 2333 411 599 2334 230 602 2335 228 598 2336 411 599 2337 412 603 2338 231 601 2339 412 603 2340 413 605 2341 233 604 2342 413 605 2343 414 608 2344 234 606 2345 415 607 2346 236 610 2347 234 606 2348 416 609 2349 237 612 2350 236 610 2351 416 609 2352 417 613 2353 238 611 2354 417 613 2355 418 616 2356 240 614 2357 419 615 2358 241 618 2359 240 614 2360 420 617 2361 243 620 2362 241 618 2363 421 619 2364 245 622 2365 243 620 2366 422 621 2367 247 624 2368 245 622 2369 423 623 2370 248 959 2371 247 624 2372 424 625 2373 249 629 2374 248 626 2375 425 628 2376 250 631 2377 249 629 2378 426 630 2379 251 960 2380 250 631 2381 426 5 2382 427 634 2383 252 632 2384 428 633 2385 255 636 2386 252 632 2387 429 635 2388 257 961 2389 255 636 2390 430 637 2391 258 638 2392 257 637 2393 430 639 2394 431 642 2395 256 640 2396 431 642 2397 432 3 2398 253 3 2399 433 643 2400 254 647 2401 253 644 2402 434 646 2403 246 962 2404 254 647 2405 434 648 2406 435 651 2407 244 649 2408 435 651 2409 436 654 2410 242 652 2411 437 653 2412 239 656 2413 242 652 2414 438 655 2415 235 658 2416 239 656 2417 439 657 2418 232 660 2419 235 658 2420 440 659 2421 229 662 2422 232 660 2423 440 659 2424 441 664 2425 225 661 2426 442 663 2427 222 666 2428 225 661 2429 442 663 2430 443 667 2431 220 665 2432 443 667 2433 444 669 2434 218 668 2435 444 669 2436 445 672 2437 216 670 2438 446 671 2439 214 674 2440 216 670 2441 447 673 2442 94 676 2443 214 674 2444 448 675 2445 93 963 2446 94 676 2447 449 677 2448 91 964 2449 93 678 2450 449 680 2451 450 683 2452 92 681 2453 450 683 2454 451 686 2455 260 684 2456 452 685 2457 262 688 2458 260 684 2459 453 687 2460 263 690 2461 262 688 2462 453 687 2463 454 5 2464 265 689 2465 455 691 2466 266 695 2467 265 692 2468 302 694 2469 264 965 2470 266 695 2471 456 696 2472 457 699 2473 458 697 2474 457 699 2475 463 704 2476 464 703 2477 463 704 2478 465 707 2479 466 705 2480 467 706 2481 468 709 2482 466 705 2483 470 710 2484 471 712 2485 468 709 2486 472 711 2487 473 714 2488 474 713 2489 473 714 2490 475 716 2491 476 715 2492 479 718 2493 477 717 2494 475 716 2495 480 720 2496 477 717 2497 479 718 2498 482 722 2499 483 724 2500 477 717 2501 482 722 2502 484 726 2503 485 723 2504 486 725 2505 487 728 2506 485 723 2507 486 725 2508 488 729 2509 489 727 2510 488 729 2511 490 731 2512 491 730 2513 490 731 2514 492 733 2515 493 732 2516 495 735 2517 496 736 2518 494 734 2519 499 739 2520 500 740 2521 498 738 2522 502 742 2523 503 743 2524 501 741 2525 505 745 2526 506 746 2527 504 744 2528 509 749 2529 510 750 2530 508 748 2531 509 749 2532 512 754 2533 513 752 2534 514 753 2535 515 756 2536 513 752 2537 514 753 2538 516 757 2539 517 755 2540 522 761 2541 518 758 2542 519 759 2543 519 759 2544 520 966 2545 521 760 2546 518 758 2547 516 757 2548 519 759 2549 523 762 2550 524 765 2551 525 763 2552 525 763 2553 519 759 2554 516 757 2555 527 766 2556 525 763 2557 526 764 2558 529 768 2559 477 717 2560 483 724 2561 532 771 2562 529 768 2563 531 770 2564 532 771 2565 533 772 2566 535 773 2567 537 776 2568 536 775 2569 535 773 2570 539 778 2571 537 776 2572 538 777 2573 541 780 2574 539 778 2575 540 779 2576 543 782 2577 542 781 2578 545 783 2579 546 785 2580 544 784 2581 545 783 2582 550 789 2583 547 786 2584 552 790 2585 553 792 2586 552 790 2587 555 793 2588 554 794 2589 555 793 2590 557 795 2591 558 797 2592 557 795 2593 560 798 2594 560 798 2595 561 802 2596 562 800 2597 563 801 2598 561 802 2599 565 803 2600 566 805 2601 459 698 2602 564 804 2603 456 696 2604 459 698 2605 566 805 2606 568 807 2607 567 806 2608 566 805 2609 570 809 2610 568 807 2611 569 808 2612 572 811 2613 570 809 2614 571 810 2615 574 813 2616 572 811 2617 573 812 2618 576 815 2619 574 813 2620 575 814 2621 578 817 2622 576 815 2623 577 816 2624 578 817 2625 579 818 2626 581 819 2627 582 821 2628 580 820 2629 581 819 2630 582 821 2631 583 822 2632 585 823 2633 586 825 2634 584 824 2635 585 823 2636 588 827 2637 586 825 2638 587 826 2639 593 830 2640 590 967 2641 589 828 2642 588 827 2643 589 828 2644 590 967 2645 591 832 2646 592 829 2647 589 828 2648 594 831 2649 592 829 2650 591 832 2651 596 834 2652 590 967 2653 593 830 2654 596 834 2655 597 835 2656 599 836 2657 600 838 2658 599 836 2659 602 839 2660 601 840 2661 602 839 2662 604 841 2663 605 843 2664 603 842 2665 604 841 2666 607 845 2667 605 843 2668 606 844 2669 611 848 2670 609 849 2671 607 845 2672 607 845 2673 608 846 2674 611 848 2675 609 849 2676 611 848 2677 613 850 2678 614 852 2679 612 851 2680 613 850 2681 614 852 2682 615 853 2683 617 854 2684 618 856 2685 616 855 2686 617 854 2687 618 856 2688 619 857 2689 621 858 2690 620 859 2691 621 858 2692 623 860 2693 622 861 2694 623 860 2695 625 862 2696 626 864 2697 624 863 2698 625 862 2699 628 866 2700 626 864 2701 627 865 2702 630 868 2703 628 866 2704 629 867 2705 632 870 2706 630 868 2707 631 869 2708 567 806 2709 635 874 2710 636 873 2711 635 874 2712 639 878 2713 640 877 2714 644 882 2715 645 884 2716 641 879 2717 647 885 2718 648 887 2719 645 884 2720 649 886 2721 650 889 2722 648 887 2723 653 891 2724 654 893 2725 652 890 2726 653 891 2727 655 897 2728 656 892 2729 656 892 2730 655 897 2731 657 894 2732 659 896 2733 660 898 2734 657 894 2735 664 902 2736 665 904 2737 661 899 2738 666 903 2739 475 716 2740 665 904 2741 669 907 2742 670 909 2743 481 721 2744 671 908 2745 672 912 2746 670 909 2747 672 912 2748 671 908 2749 673 910 2750 673 910 2751 674 914 2752 675 911 2753 676 913 2754 677 916 2755 674 914 2756 681 918 2757 682 918 2758 683 919 2759 683 6 2760 687 6 2761 685 6 2762 689 4 2763 682 4 2764 681 4 2765</p>
        </polylist>
      </mesh>
    </geometry>
  </library_geometries>
  <library_controllers/>
  <library_visual_scenes>
    <visual_scene id="Scene" name="Scene">
      <node id="Mesh2_Group4_Group3_Group1_Model" name="Mesh2_Group4_Group3_Group1_Model" type="NODE">
        <matrix sid="transform">1 0 0 0 0 -1.62921e-7 -1 0 0 1 -1.62921e-7 0 0 0 0 1</matrix>
        <instance_geometry url="#Mesh2_Group4_Group3_Group1_Model-mesh" name="Mesh2_Group4_Group3_Group1_Model">
          <bind_material>
            <technique_common>
              <instance_material symbol="FrontColor-material" target="#FrontColor-material">
                <bind_vertex_input semantic="UVMap" input_semantic="TEXCOORD" input_set="0"/>
              </instance_material>
            </technique_common>
          </bind_material>
        </instance_geometry>
      </node>
    </visual_scene>
  </library_visual_scenes>
  <scene>
    <instance_visual_scene url="#Scene"/>
  </scene>
</COLLADA>