<?xml version="1.0" encoding="utf-8"?>
<COLLADA xmlns="http://www.collada.org/2005/11/COLLADASchema" version="1.4.1">
  <asset>
    <contributor>
      <author>Blender User</author>
      <authoring_tool>Blender 2.78.0 commit date:2016-10-24, commit time:12:20, hash:e8299c8</authoring_tool>
    </contributor>
    <created>2021-10-29T22:52:23</created>
    <modified>2021-10-29T22:52:23</modified>
    <unit name="meter" meter="1"/>
    <up_axis>Z_UP</up_axis>
  </asset>
  <library_images>
    <image id="video_store_open_sign__color_png" name="video_store_open_sign__color_png">
      <init_from>/I:/3D_Asset_Packages/For%20Sale/Video_Store/Open_Sign/Model/video_store_open_sign__color.png</init_from>
    </image>
  </library_images>
  <library_effects>
    <effect id="FrontColor-effect">
      <profile_COMMON>
        <newparam sid="video_store_open_sign__color_png-surface">
          <surface type="2D">
            <init_from>video_store_open_sign__color_png</init_from>
          </surface>
        </newparam>
        <newparam sid="video_store_open_sign__color_png-sampler">
          <sampler2D>
            <source>video_store_open_sign__color_png-surface</source>
          </sampler2D>
        </newparam>
        <technique sid="common">
          <phong>
            <emission>
              <color sid="emission">0 0 0 1</color>
            </emission>
            <ambient>
              <color sid="ambient">0 0 0 1</color>
            </ambient>
            <diffuse>
              <texture texture="video_store_open_sign__color_png-sampler" texcoord="UVMap"/>
            </diffuse>
            <specular>
              <color sid="specular">1 1 1 1</color>
            </specular>
            <shininess>
              <float sid="shininess">52</float>
            </shininess>
            <transparent opaque="A_ONE">
              <color>1 1 1 1</color>
            </transparent>
            <index_of_refraction>
              <float sid="index_of_refraction">1</float>
            </index_of_refraction>
          </phong>
        </technique>
      </profile_COMMON>
    </effect>
  </library_effects>
  <library_materials>
    <material id="FrontColor-material" name="FrontColor">
      <instance_effect url="#FrontColor-effect"/>
    </material>
  </library_materials>
  <library_geometries>
    <geometry id="Mesh14_WE_RE1_Group1_Model-mesh" name="Mesh14_WE_RE1_Group1_Model">
      <mesh>
        <source id="Mesh14_WE_RE1_Group1_Model-mesh-positions">
          <float_array id="Mesh14_WE_RE1_Group1_Model-mesh-positions-array" count="7929">0.227382 -0.01778399 -0.001278996 0.227382 -0.01999998 -0.002558946 -0.227351 -0.01999998 -0.002558946 -0.227351 -0.01778399 -0.001278996 0.227382 -0.02221596 -0.001278996 -0.227351 -0.02221596 -0.001278996 0.227382 -0.02221596 0.001278996 -0.227351 -0.02221596 0.001278996 0.227382 -0.01999998 0.002558946 -0.227351 -0.01999998 0.002558946 0.227382 -0.01778399 0.001278996 -0.227351 -0.01778399 0.001278996 0.236576 -0.05521798 0.005314946 0.236576 -0.05521798 0.02101498 0.240382 -0.05994898 0.02101498 0.240382 -0.05994898 0.005314946 0.159843 0.05298995 0.005314946 0.159843 0.05298995 0.02101498 0.157889 0.055664 0.005314946 0.157889 0.055664 0.02101498 0.154494 0.05797898 0.005314946 0.154494 0.05797898 0.02101498 0.150483 0.05874997 0.005314946 0.150483 0.05874997 0.02101498 0.146471 0.05797898 0.005314946 0.146471 0.05797898 0.02101498 0.143077 0.055664 0.005314946 0.143077 0.055664 0.02101498 0.140763 0.05226999 0.005314946 0.140763 0.05226999 0.02101498 0.139991 0.04825794 0.005314946 0.139991 0.04825794 0.02101498 0.139991 -0.07825797 0.005314946 0.139991 -0.07825797 0.02101498 0.140763 -0.08226996 0.005314946 0.140763 -0.08226996 0.02101498 0.143077 -0.08566397 0.005314946 0.143077 -0.08566397 0.02101498 0.146471 -0.08797895 0.005314946 0.146471 -0.08797895 0.02101498 0.150483 -0.08875 0.005314946 0.150483 -0.08875 0.02101498 0.154494 -0.08797895 0.005314946 0.154494 -0.08797895 0.02101498 0.157889 -0.08566397 0.005314946 0.157889 -0.08566397 0.02101498 0.160203 -0.08226996 0.005314946 0.160203 -0.08226996 0.02101498 0.160975 -0.07825797 0.005314946 0.160975 -0.07825797 0.02101498 0.161797 0.015652 0.005314946 0.161797 0.015652 0.02101498 0.223101 -0.070647 0.005314946 0.223101 -0.070647 0.02101498 0.223616 -0.07105797 0.005314946 0.223616 -0.07105797 0.02101498 0.226599 -0.07311499 0.005314946 0.226599 -0.07311499 0.02101498 0.230507 -0.07396399 0.005314946 0.230507 -0.07396399 0.02101498 0.234416 -0.07321798 0.005314946 0.234416 -0.07321798 0.02101498 0.2378489 -0.07108396 0.005314946 0.2378489 -0.07108396 0.02101498 0.240125 -0.06776696 0.005314946 0.240125 -0.06776696 0.02101498 0.241038 -0.06385797 0.005314946 0.241038 -0.06385797 0.02101498 0.238496 -0.06079596 0.02301496 0.238999 -0.06379395 0.02301496 0.227409 -0.07124495 0.02301496 0.230533 -0.07192295 0.02301496 0.22481 -0.06945198 0.02301496 0.22457 -0.06926 0.02301496 0.23498 -0.05642396 0.02301496 0.159852 0.02184498 0.02301496 0.1582199 0.05182099 0.02301496 0.156477 0.05420595 0.02301496 0.15371 0.05609297 0.02301496 0.150483 0.05671298 0.02301496 0.147256 0.05609297 0.02301496 0.144516 0.05422496 0.02301496 0.1426489 0.051485 0.02301496 0.141991 0.04806798 0.02301496 0.158976 -0.07805895 0.02301496 0.141991 -0.07806795 0.02301496 0.158317 -0.08148497 0.02301496 0.1426489 -0.08148497 0.02301496 0.144516 -0.08422499 0.02301496 0.156449 -0.08422499 0.02301496 0.147256 -0.086093 0.02301496 0.15371 -0.086093 0.02301496 0.150483 -0.08671295 0.02301496 0.233676 -0.07132297 0.02301496 0.238263 -0.06694597 0.02301496 0.236437 -0.06960695 0.02301496 0.106459 -0.06776696 0.005314946 0.106459 -0.06776696 0.02101498 0.110985 -0.06776696 0.02101498 0.110985 -0.06776696 0.005314946 0.04021799 -0.06776696 0.005314946 0.04021799 -0.06776696 0.02101498 0.04052698 -0.00306797 0.005314946 0.04052698 -0.00306797 0.02101498 0.04021799 0.03776699 0.005314946 0.04021799 0.03776699 0.02101498 0.110985 0.03776699 0.005314946 0.110985 0.03776699 0.02101498 0.114997 0.03853797 0.005314946 0.114997 0.03853797 0.02101498 0.118391 0.04085195 0.005314946 0.118391 0.04085195 0.02101498 0.120705 0.04424697 0.005314946 0.120705 0.04424697 0.02101498 0.121477 0.04825794 0.005314946 0.121477 0.04825794 0.02101498 0.120705 0.05226999 0.005314946 0.120705 0.05226999 0.02101498 0.118391 0.055664 0.005314946 0.118391 0.055664 0.02101498 0.114997 0.05797898 0.005314946 0.114997 0.05797898 0.02101498 0.110985 0.05874997 0.005314946 0.110985 0.05874997 0.02101498 0.02972596 0.05874997 0.005314946 0.02972596 0.05874997 0.02101498 0.02571499 0.05797898 0.005314946 0.02571499 0.05797898 0.02101498 0.02231997 0.055664 0.005314946 0.02231997 0.055664 0.02101498 0.020006 0.05226999 0.005314946 0.020006 0.05226999 0.02101498 0.01923495 0.04825794 0.005314946 0.01923495 0.04825794 0.02101498 0.01923495 -0.07825797 0.005314946 0.01923495 -0.07825797 0.02101498 0.020006 -0.08226996 0.005314946 0.020006 -0.08226996 0.02101498 0.02231997 -0.08566397 0.005314946 0.02231997 -0.08566397 0.02101498 0.02571499 -0.08797895 0.005314946 0.02571499 -0.08797895 0.02101498 0.02972596 -0.08875 0.005314946 0.02972596 -0.08875 0.02101498 0.110985 -0.08875 0.005314946 0.110985 -0.08875 0.02101498 0.114997 -0.08797895 0.005314946 0.114997 -0.08797895 0.02101498 0.118391 -0.08566397 0.005314946 0.118391 -0.08566397 0.02101498 0.120705 -0.08226996 0.005314946 0.120705 -0.08226996 0.02101498 0.121477 -0.07825797 0.005314946 0.121477 -0.07825797 0.02101498 0.120705 -0.074247 0.005314946 0.120705 -0.074247 0.02101498 0.118391 -0.07085299 0.005314946 0.118391 -0.07085299 0.02101498 0.114997 -0.06853801 0.005314946 0.114997 -0.06853801 0.02101498 0.110794 -0.06976699 0.02301496 0.114212 -0.07042396 0.02301496 0.110794 -0.08674997 0.02301496 0.114212 -0.086093 0.02301496 0.029917 -0.08674997 0.02301496 0.106459 -0.06976699 0.02301496 0.03820794 -0.06976699 0.02301496 0.03852695 -0.00307095 0.02301496 0.02123498 -0.07806795 0.02301496 0.038203 0.03976696 0.02301496 0.02123498 0.04806798 0.02301496 0.110794 0.03976696 0.02301496 0.110794 0.05674999 0.02301496 0.029917 0.05674999 0.02301496 0.114212 0.04042398 0.02301496 0.114212 0.05609297 0.02301496 0.116952 0.04229199 0.02301496 0.116952 0.05422496 0.02301496 0.1188189 0.04503095 0.02301496 0.1188189 0.051485 0.02301496 0.11944 0.04825794 0.02301496 0.02649897 0.05609297 0.02301496 0.02375996 0.05422496 0.02301496 0.02189195 0.051485 0.02301496 0.02189195 -0.08148497 0.02301496 0.02375996 -0.08422499 0.02301496 0.02649897 -0.086093 0.02301496 0.116952 -0.08422499 0.02301496 0.116952 -0.07229197 0.02301496 0.1188189 -0.08148497 0.02301496 0.1188189 -0.07503098 0.02301496 0.11944 -0.07825797 0.02301496 0.24357 -0.07743597 0.005314946 0.24357 -0.07743597 0.02101498 0.24285 0.04825794 0.02101498 0.24285 0.04825794 0.005314946 0.24357 -0.07815599 0.005314946 0.24357 -0.07815599 0.02101498 0.243982 -0.08175599 0.005314946 0.243982 -0.08175599 0.02101498 0.245936 -0.085253 0.005314946 0.245936 -0.085253 0.02101498 0.249125 -0.08772099 0.005314946 0.249125 -0.08772099 0.02101498 0.252995 -0.088853 0.005314946 0.252995 -0.088853 0.02101498 0.256994 -0.08833897 0.005314946 0.256994 -0.08833897 0.02101498 0.260529 -0.08640998 0.005314946 0.260529 -0.08640998 0.02101498 0.263011 -0.08329796 0.005314946 0.263011 -0.08329796 0.02101498 0.264039 -0.07733297 0.005314946 0.264039 -0.07733297 0.02101498 0.263834 0.04825794 0.005314946 0.263834 0.04825794 0.02101498 0.263062 0.05226999 0.005314946 0.263062 0.05226999 0.02101498 0.260748 0.055664 0.005314946 0.260748 0.055664 0.02101498 0.257354 0.05797898 0.005314946 0.257354 0.05797898 0.02101498 0.253342 0.05874997 0.005314946 0.253342 0.05874997 0.02101498 0.2493309 0.05797898 0.005314946 0.2493309 0.05797898 0.02101498 0.245936 0.055664 0.005314946 0.245936 0.055664 0.02101498 0.243622 0.05226999 0.005314946 0.243622 0.05226999 0.02101498 0.244852 0.04807299 0.02301496 0.245508 0.051485 0.02301496 0.261834 0.04806596 0.02301496 0.261176 0.051485 0.02301496 0.262039 -0.07716298 0.02301496 0.24557 -0.07743 0.02301496 0.24557 -0.07804197 0.02301496 0.261127 -0.08245295 0.02301496 0.245923 -0.08112996 0.02301496 0.247483 -0.08392095 0.02301496 0.259217 -0.08484697 0.02301496 0.25005 -0.08590799 0.02301496 0.256366 -0.08640295 0.02301496 0.253155 -0.08681595 0.02301496 0.259309 0.05422496 0.02301496 0.247375 0.05422496 0.02301496 0.256569 0.05609297 0.02301496 0.250115 0.05609297 0.02301496 0.253342 0.05671298 0.02301496 0.227382 0.02221596 -0.001278996 0.227382 0.01999998 -0.002558946 -0.227351 0.01999998 -0.002558946 -0.227351 0.02221596 -0.001278996 0.227382 0.01778399 -0.001278996 -0.227351 0.01778399 -0.001278996 0.227382 0.01778399 0.001278996 -0.227351 0.01778399 0.001278996 0.227382 0.01999998 0.002558946 -0.227351 0.01999998 0.002558946 0.227382 0.02221596 0.001278996 -0.227351 0.02221596 0.001278996 -0.113201 0.07508498 0.002558946 -0.113201 0.07508498 0.008958995 -0.114128 0.07386499 0.008958995 -0.114128 0.07386499 0.002558946 -0.09865397 0.1043249 0.002558946 -0.09865397 0.1043249 0.008958995 -0.09841001 0.106204 0.002558946 -0.09841001 0.106204 0.008958995 -0.09894698 0.108035 0.002558946 -0.09894698 0.108035 0.008958995 -0.102266 0.110427 0.002558946 -0.102266 0.110427 0.008958995 -0.104097 0.110756 0.002558946 -0.104097 0.110756 0.008958995 -0.105879 0.11028 0.002558946 -0.105879 0.11028 0.008958995 -0.107978 0.107449 0.002558946 -0.107978 0.107449 0.008958995 -0.117106 0.08909499 0.002558946 -0.117106 0.08909499 0.008958995 -0.139073 0.138983 0.002558946 -0.139073 0.138983 0.008958995 -0.140146 0.140594 0.002558946 -0.140146 0.140594 0.008958995 -0.141745 0.141656 0.002558946 -0.141745 0.141656 0.008958995 -0.143612 0.14201 0.002558946 -0.143612 0.14201 0.008958995 -0.145473 0.14165 0.002558946 -0.145473 0.14165 0.008958995 -0.147054 0.14057 0.002558946 -0.147054 0.14057 0.008958995 -0.1481339 0.13899 0.002558946 -0.1481339 0.13899 0.008958995 -0.148494 0.1371279 0.002558946 -0.148494 0.1371279 0.008958995 -0.1481029 0.135127 0.002558946 -0.1481029 0.135127 0.008958995 -0.122183 0.07562196 0.002558946 -0.122183 0.07562196 0.008958995 -0.121011 0.07386499 0.002558946 -0.121011 0.07386499 0.008958995 -0.119449 0.072766 0.002558946 -0.119449 0.072766 0.008958995 -0.117594 0.07239997 0.002558946 -0.117594 0.07239997 0.008958995 -0.115727 0.072766 0.002558946 -0.115727 0.072766 0.008958995 -0.115526 0.07533097 0.01095896 -0.116518 0.07464897 0.01095896 -0.117216 0.08438199 0.01095896 -0.114907 0.07614499 0.01095896 -0.100594 0.104915 0.01095896 -0.106266 0.1064 0.01095896 -0.100448 0.106045 0.01095896 -0.104688 0.108528 0.01095896 -0.100673 0.106814 0.01095896 -0.103067 0.108539 0.01095896 -0.104012 0.108709 0.01095896 -0.140833 0.138019 0.01095896 -0.146182 0.135725 0.01095896 -0.12042 0.07658398 0.01095896 -0.146456 0.13713 0.01095896 -0.141588 0.139151 0.01095896 -0.142515 0.139766 0.01095896 -0.1462489 0.138203 0.01095896 -0.143608 0.1399739 0.01095896 -0.145615 0.139131 0.01095896 -0.1446869 0.139765 0.01095896 -0.1195549 0.07528597 0.01095896 -0.118646 0.074647 0.01095896 -0.117593 0.07443898 0.01095896 0.186393 0.1355029 -0.001278996 0.186393 0.133287 -0.002558946 -0.186362 0.133287 -0.002558946 -0.186362 0.1355029 -0.001278996 0.186393 0.131071 -0.001278996 -0.186362 0.131071 -0.001278996 0.186393 0.131071 0.001278996 -0.186362 0.131071 0.001278996 0.186393 0.133287 0.002558946 -0.186362 0.133287 0.002558946 0.186393 0.1355029 0.001278996 -0.186362 0.1355029 0.001278996 0.054331 0.101738 0.002558946 0.054331 0.101738 0.008958995 0.05135297 0.102275 0.008958995 0.05135297 0.102275 0.002558946 0.06233596 0.101689 0.002558946 0.06233596 0.101689 0.008958995 0.06623196 0.102138 0.002558946 0.06623196 0.102138 0.008958995 0.06966996 0.103044 0.002558946 0.06966996 0.103044 0.008958995 0.07265096 0.104407 0.002558946 0.07265096 0.104407 0.008958995 0.07517397 0.106229 0.002558946 0.07517397 0.106229 0.008958995 0.07678496 0.107693 0.002558946 0.07678496 0.107693 0.008958995 0.079391 0.110827 0.002558946 0.079391 0.110827 0.008958995 0.08125197 0.114271 0.002558946 0.08125197 0.114271 0.008958995 0.08236795 0.118027 0.002558946 0.08236795 0.118027 0.008958995 0.08274096 0.122094 0.002558946 0.08274096 0.122094 0.008958995 0.082367 0.12616 0.002558946 0.082367 0.12616 0.008958995 0.08124595 0.129916 0.002558946 0.08124595 0.129916 0.008958995 0.07937699 0.133361 0.002558946 0.07937699 0.133361 0.008958995 0.076761 0.136494 0.002558946 0.076761 0.136494 0.008958995 0.07361698 0.139099 0.002558946 0.07361698 0.139099 0.008958995 0.07016497 0.14096 0.002558946 0.07016497 0.14096 0.008958995 0.06640398 0.142077 0.002558946 0.06640398 0.142077 0.008958995 0.06233596 0.142449 0.002558946 0.06233596 0.142449 0.008958995 0.04232197 0.1424 0.002558946 0.04232197 0.1424 0.008958995 0.04041796 0.1420339 0.002558946 0.04041796 0.1420339 0.008958995 0.03880798 0.140936 0.002558946 0.03880798 0.140936 0.008958995 0.03770899 0.139325 0.002558946 0.03770899 0.139325 0.008958995 0.03734296 0.137421 0.002558946 0.03734296 0.137421 0.008958995 0.03734296 0.07738 0.002558946 0.03734296 0.07738 0.008958995 0.03770899 0.07547599 0.002558946 0.03770899 0.07547599 0.008958995 0.03880798 0.07386499 0.002558946 0.03880798 0.07386499 0.008958995 0.04041796 0.072766 0.002558946 0.04041796 0.072766 0.008958995 0.04232197 0.07239997 0.002558946 0.04232197 0.07239997 0.008958995 0.04422599 0.072766 0.002558946 0.04422599 0.072766 0.008958995 0.04583698 0.07386499 0.002558946 0.04583698 0.07386499 0.008958995 0.04693496 0.07547599 0.002558946 0.04693496 0.07547599 0.008958995 0.04730099 0.07738 0.002558946 0.04730099 0.07738 0.008958995 0.04744797 0.100029 0.002558946 0.04744797 0.100029 0.008958995 0.04730099 0.132638 0.002558946 0.04730099 0.132638 0.008958995 0.06233596 0.132638 0.002558946 0.06233596 0.132638 0.008958995 0.06640595 0.1318629 0.002558946 0.06640595 0.1318629 0.008958995 0.06982898 0.1295379 0.002558946 0.06982898 0.1295379 0.008958995 0.07215398 0.126127 0.002558946 0.07215398 0.126127 0.008958995 0.07292896 0.122094 0.002558946 0.07292896 0.122094 0.008958995 0.07215398 0.118024 0.002558946 0.07215398 0.118024 0.008958995 0.06982898 0.114601 0.002558946 0.06982898 0.114601 0.008958995 0.06640595 0.112276 0.002558946 0.06640595 0.112276 0.008958995 0.06233596 0.111501 0.002558946 0.06233596 0.111501 0.008958995 0.05413496 0.111647 0.002558946 0.05413496 0.111647 0.008958995 0.05379396 0.111647 0.002558946 0.05379396 0.111647 0.008958995 0.05208498 0.111403 0.002558946 0.05208498 0.111403 0.008958995 0.05043798 0.110476 0.002558946 0.05043798 0.110476 0.008958995 0.04930299 0.108963 0.002558946 0.04930299 0.108963 0.008958995 0.04869896 0.107016 0.002558946 0.04869896 0.107016 0.008958995 0.04893696 0.105082 0.002558946 0.04893696 0.105082 0.008958995 0.04986995 0.103416 0.002558946 0.04986995 0.103416 0.008958995 0.05218696 0.104157 0.01095896 0.05141496 0.104751 0.01095896 0.05273896 0.109476 0.01095896 0.05178499 0.108939 0.01095896 0.053936 0.109647 0.01095896 0.05411696 0.109647 0.01095896 0.054515 0.1037369 0.01095896 0.06250697 0.109497 0.01095896 0.06222695 0.10369 0.01095896 0.06586098 0.104108 0.01095896 0.06718695 0.110389 0.01095896 0.06899499 0.104934 0.01095896 0.07126897 0.113161 0.01095896 0.07163995 0.106144 0.01095896 0.07391196 0.107785 0.01095896 0.07533699 0.109079 0.01095896 0.074041 0.117243 0.01095896 0.077726 0.111952 0.01095896 0.074965 0.122095 0.01095896 0.07939398 0.11504 0.01095896 0.08039498 0.118407 0.01095896 0.08073198 0.122093 0.01095896 0.07403999 0.126911 0.01095896 0.08039397 0.125779 0.01095896 0.07126796 0.130979 0.01095896 0.07938897 0.129145 0.01095896 0.07771396 0.132232 0.01095896 0.07534295 0.135071 0.01095896 0.06718695 0.13375 0.01095896 0.07249295 0.137433 0.01095896 0.06252497 0.134638 0.01095896 0.06939697 0.139102 0.01095896 0.06602495 0.140103 0.01095896 0.06224697 0.140449 0.01095896 0.04529196 0.134638 0.01095896 0.04251497 0.140401 0.01095896 0.045448 0.100031 0.01095896 0.03934299 0.137231 0.01095896 0.03934299 0.07756996 0.01095896 0.03959494 0.138541 0.01095896 0.04024696 0.139497 0.01095896 0.04120296 0.1401489 0.01095896 0.03959494 0.07625997 0.01095896 0.04504895 0.07625997 0.01095896 0.04530197 0.07757699 0.01095896 0.04024696 0.07530397 0.01095896 0.04439699 0.07530397 0.01095896 0.04120296 0.07465195 0.01095896 0.04344195 0.07465195 0.01095896 0.04232197 0.07443696 0.01095896 0.05110996 0.108039 0.01095896 0.05087298 0.105716 0.01095896 0.05073595 0.106834 0.01095896 -0.118391 -0.00306797 0.005314946 -0.118391 -0.00306797 0.02101498 -0.119419 -0.009033977 0.02101498 -0.119419 -0.009033977 0.005314946 -0.121146 0.009602963 0.005314946 -0.121146 0.009602963 0.02101498 -0.12581 0.02118098 0.005314946 -0.12581 0.02118098 0.02101498 -0.132383 0.03166598 0.005314946 -0.132383 0.03166598 0.02101498 -0.140866 0.041058 0.005314946 -0.140866 0.041058 0.02101498 -0.151033 0.04879796 0.005314946 -0.151033 0.04879796 0.02101498 -0.162659 0.05432695 0.005314946 -0.162659 0.05432695 0.02101498 -0.1757439 0.05764394 0.005314946 -0.1757439 0.05764394 0.02101498 -0.190289 0.05874997 0.005314946 -0.190289 0.05874997 0.02101498 -0.205005 0.05739998 0.005314946 -0.205005 0.05739998 0.02101498 -0.218601 0.05334997 0.005314946 -0.218601 0.05334997 0.02101498 -0.231079 0.04659998 0.005314946 -0.231079 0.04659998 0.02101498 -0.242439 0.03714996 0.005314946 -0.242439 0.03714996 0.02101498 -0.251889 0.02578997 0.005314946 -0.251889 0.02578997 0.02101498 -0.258639 0.01331198 0.005314946 -0.258639 0.01331198 0.02101498 -0.262689 -2.85e-4 0.005314946 -0.262689 -2.85e-4 0.02101498 -0.264039 -0.01499998 0.005314946 -0.264039 -0.01499998 0.02101498 -0.262689 -0.029715 0.005314946 -0.262689 -0.029715 0.02101498 -0.258639 -0.04331195 0.005314946 -0.258639 -0.04331195 0.02101498 -0.251889 -0.05578994 0.005314946 -0.251889 -0.05578994 0.02101498 -0.242439 -0.06714999 0.005314946 -0.242439 -0.06714999 0.02101498 -0.231079 -0.07659995 0.005314946 -0.231079 -0.07659995 0.02101498 -0.218601 -0.08335 0.005314946 -0.218601 -0.08335 0.02101498 -0.205005 -0.08739995 0.005314946 -0.205005 -0.08739995 0.02101498 -0.190289 -0.08875 0.005314946 -0.190289 -0.08875 0.02101498 -0.1756539 -0.08748 0.005314946 -0.1756539 -0.08748 0.02101498 -0.162299 -0.08367097 0.005314946 -0.162299 -0.08367097 0.02101498 -0.150223 -0.07732295 0.005314946 -0.150223 -0.07732295 0.02101498 -0.1394259 -0.06843495 0.005314946 -0.1394259 -0.06843495 0.02101498 -0.13048 -0.05839699 0.005314946 -0.13048 -0.05839699 0.02101498 -0.123958 -0.04859596 0.005314946 -0.123958 -0.04859596 0.02101498 -0.11986 -0.03903394 0.005314946 -0.11986 -0.03903394 0.02101498 -0.118185 -0.02970898 0.005314946 -0.118185 -0.02970898 0.02101498 -0.1192139 -0.02374297 0.005314946 -0.1192139 -0.02374297 0.02101498 -0.121695 -0.02063095 0.005314946 -0.121695 -0.02063196 0.02101498 -0.125231 -0.01870298 0.005314946 -0.125231 -0.01870298 0.02101498 -0.12923 -0.01818895 0.005314946 -0.12923 -0.01818895 0.02101498 -0.1331 -0.01931995 0.005314946 -0.1331 -0.01931995 0.02101498 -0.136288 -0.02178895 0.005314946 -0.136288 -0.02178895 0.02101498 -0.138243 -0.02528595 0.005314946 -0.138243 -0.02528595 0.02101498 -0.1386539 -0.02888596 0.005314946 -0.1386539 -0.02888596 0.02101498 -0.141091 -0.03670299 0.005314946 -0.141091 -0.03670299 0.02101498 -0.144697 -0.04390299 0.005314946 -0.144697 -0.04390299 0.02101498 -0.149474 -0.05048596 0.005314946 -0.149474 -0.05048596 0.02101498 -0.15542 -0.05645197 0.005314946 -0.15542 -0.05645197 0.02101498 -0.1624979 -0.06140196 0.005314946 -0.1624979 -0.06140196 0.02101498 -0.170669 -0.064938 0.005314946 -0.170669 -0.064938 0.02101498 -0.179933 -0.06705999 0.005314946 -0.179933 -0.06705999 0.02101498 -0.190289 -0.06776696 0.005314946 -0.190289 -0.06776696 0.02101498 -0.200839 -0.06679898 0.005314946 -0.200839 -0.06679898 0.02101498 -0.210578 -0.06389695 0.005314946 -0.210578 -0.06389695 0.02101498 -0.219508 -0.05905896 0.005314946 -0.219508 -0.05905896 0.02101498 -0.227627 -0.05228596 0.005314946 -0.227627 -0.05228596 0.02101498 -0.234377 -0.04415094 0.005314946 -0.234377 -0.04415094 0.02101498 -0.239199 -0.03522497 0.005314946 -0.239199 -0.03522497 0.02101498 -0.242092 -0.02550798 0.005314946 -0.242092 -0.02550798 0.02101498 -0.2430559 -0.01499998 0.005314946 -0.2430559 -0.01499998 0.02101498 -0.242092 -0.004491984 0.005314946 -0.242092 -0.004491984 0.02101498 -0.239199 0.005224943 0.005314946 -0.239199 0.005224943 0.02101498 -0.234377 0.01415097 0.005314946 -0.234377 0.01415097 0.02101498 -0.227627 0.02228599 0.005314946 -0.227627 0.02228599 0.02101498 -0.219508 0.02905899 0.005314946 -0.219508 0.02905899 0.02101498 -0.210578 0.03389698 0.005314946 -0.210578 0.03389698 0.02101498 -0.200839 0.03679895 0.005314946 -0.200839 0.03679895 0.02101498 -0.190289 0.03776699 0.005314946 -0.190289 0.03776699 0.02101498 -0.179958 0.03704696 0.005314946 -0.179958 0.03704696 0.02101498 -0.170772 0.03488695 0.005314946 -0.170772 0.03488695 0.02101498 -0.16273 0.03128695 0.005314946 -0.16273 0.03128695 0.02101498 -0.1558319 0.02624595 0.005314946 -0.1558319 0.02624595 0.02101498 -0.150026 0.02008795 0.005314946 -0.150026 0.02008795 0.02101498 -0.145263 0.01313197 0.005314946 -0.145263 0.01313197 0.02101498 -0.141541 0.005378961 0.005314946 -0.141541 0.005378961 0.02101498 -0.13886 -0.003170967 0.005314946 -0.13886 -0.003170967 0.02101498 -0.13886 -0.003890991 0.005314946 -0.13886 -0.003890991 0.02101498 -0.1384479 -0.007490992 0.005314946 -0.1384479 -0.007490992 0.02101498 -0.136494 -0.01098895 0.005314946 -0.136494 -0.01098895 0.02101498 -0.133305 -0.013457 0.005314946 -0.133305 -0.013457 0.02101498 -0.129435 -0.01458895 0.005314946 -0.129435 -0.01458895 0.02101498 -0.125437 -0.01407396 0.005314946 -0.125437 -0.01407396 0.02101498 -0.121901 -0.01214599 0.005314946 -0.121901 -0.01214599 0.02101498 -0.121303 -0.008187949 0.02301496 -0.123213 -0.01058298 0.02301496 -0.134947 -0.009656965 0.02301496 -0.132381 -0.01164394 0.02301496 -0.120428 -0.003111958 0.02301496 -0.136507 -0.006865978 0.02301496 -0.123064 0.009011983 0.02301496 -0.139675 0.006114959 0.02301496 -0.13686 -0.002864956 0.02301496 -0.143526 0.01413595 0.02301496 -0.127598 0.02026897 0.02301496 -0.133984 0.03045499 0.02301496 -0.148464 0.02134597 0.02301496 -0.154503 0.02775299 0.02301496 -0.142225 0.03957998 0.02301496 -0.152079 0.04708099 0.02301496 -0.16172 0.03302597 0.02301496 -0.170129 0.03678995 0.02301496 -0.163341 0.05243694 0.02301496 -0.176068 0.05566298 0.02301496 -0.1796579 0.03903096 0.02301496 -0.190311 0.03977298 0.02301496 -0.190274 0.05674296 0.02301496 -0.2046239 0.055426 0.02301496 -0.20122 0.038773 0.02301496 -0.211349 0.03575396 0.02301496 -0.217832 0.05149197 0.02301496 -0.229953 0.04493498 0.02301496 -0.220636 0.03072297 0.02301496 -0.229049 0.023705 0.02301496 -0.241019 0.03572899 0.02301496 -0.250225 0.02466398 0.02301496 -0.236043 0.01527595 0.02301496 -0.241057 0.005992949 0.02301496 -0.256782 0.01254194 0.02301496 -0.260716 -6.65e-4 0.02301496 -0.244065 -0.004111945 0.02301496 -0.245065 -0.01499998 0.02301496 -0.262031 -0.01499998 0.02301496 -0.260716 -0.02933496 0.02301496 -0.244065 -0.02588796 0.02301496 -0.241057 -0.03599298 0.02301496 -0.256782 -0.04254299 0.02301496 -0.250225 -0.05466395 0.02301496 -0.236043 -0.04527598 0.02301496 -0.229049 -0.05370497 0.02301496 -0.241019 -0.06572896 0.02301496 -0.229953 -0.07493495 0.02301496 -0.220636 -0.06072294 0.02301496 -0.211349 -0.06575399 0.02301496 -0.217832 -0.081492 0.02301496 -0.2046239 -0.08542698 0.02301496 -0.20122 -0.06877297 0.02301496 -0.190313 -0.06977295 0.02301496 -0.190284 -0.08674198 0.02301496 -0.1760179 -0.08550399 0.02301496 -0.1796399 -0.06904399 0.02301496 -0.170043 -0.06684696 0.02301496 -0.163046 -0.08180499 0.02301496 -0.151335 -0.075648 0.02301496 -0.161518 -0.06315696 0.02301496 -0.154129 -0.05798995 0.02301496 -0.140816 -0.066989 0.02301496 -0.132067 -0.057172 0.02301496 -0.142982 -0.04494595 0.02301496 -0.147947 -0.05178797 0.02301496 -0.13923 -0.03745394 0.02301496 -0.125724 -0.04764097 0.02301496 -0.121788 -0.03845596 0.02301496 -0.1366879 -0.02930098 0.02301496 -0.136301 -0.02591198 0.02301496 -0.120216 -0.02970194 0.02301496 -0.121097 -0.024589 0.02301496 -0.132175 -0.021133 0.02301496 -0.134741 -0.02311998 0.02301496 -0.12907 -0.020226 0.02301496 -0.1230069 -0.02219396 0.02301496 -0.125859 -0.020639 0.02301496 -0.13686 -0.003776967 0.02301496 -0.129276 -0.01255196 0.02301496 -0.126065 -0.01213896 0.02301496 0.06284695 -0.02291995 0.005314946 0.06284695 -0.02291995 0.02101498 0.05698394 -0.02158296 0.02101498 0.05698394 -0.02158296 0.005314946 0.09545296 -0.02343398 0.005314946 0.09545296 -0.02343398 0.02101498 0.09946495 -0.02266299 0.005314946 0.09946495 -0.02266299 0.02101498 0.102859 -0.02034896 0.005314946 0.102859 -0.02034896 0.02101498 0.105173 -0.016954 0.005314946 0.105173 -0.016954 0.02101498 0.105945 -0.01294296 0.005314946 0.105945 -0.01294296 0.02101498 0.105173 -0.008930981 0.005314946 0.105173 -0.008930981 0.02101498 0.102859 -0.005536973 0.005314946 0.102859 -0.005536973 0.02101498 0.09946495 -0.003222942 0.005314946 0.09946495 -0.003222942 0.02101498 0.09545296 -0.002450942 0.005314946 0.09545296 -0.002450942 0.02101498 0.06397795 -0.002450942 0.005314946 0.06397795 -0.002450942 0.02101498 0.06325799 -0.002450942 0.005314946 0.06325799 -0.002450942 0.02101498 0.05965799 -0.002759993 0.005314946 0.05965799 -0.002759993 0.02101498 0.05608397 -0.004456996 0.005314946 0.05608397 -0.004456996 0.02101498 0.05338394 -0.007490992 0.005314946 0.05338394 -0.007490992 0.02101498 0.05209797 -0.01123297 0.005314946 0.05209797 -0.01123297 0.02101498 0.05235499 -0.015257 0.005314946 0.05235499 -0.015257 0.02101498 0.05402696 -0.01892197 0.005314946 0.05402696 -0.01892197 0.02101498 0.05793499 -0.01974898 0.02301496 0.05567395 -0.01771295 0.02301496 0.05730795 -0.006089985 0.02301496 0.05514496 -0.00852096 0.02301496 0.06018894 -0.004721999 0.02301496 0.06308799 -0.02092397 0.02301496 0.063344 -0.004450976 0.02301496 0.06397795 -0.004450976 0.02301496 0.09527796 -0.02143096 0.02301496 0.09867995 -0.02077698 0.02301496 0.09867995 -0.005107998 0.02301496 0.095263 -0.004450976 0.02301496 0.10142 -0.01890897 0.02301496 0.10142 -0.006975948 0.02301496 0.103288 -0.01616996 0.02301496 0.103288 -0.009715974 0.02301496 0.103908 -0.01294296 0.02301496 0.05412 -0.01150494 0.02301496 0.05432796 -0.01476198 0.02301496 -0.05996698 -0.02713698 0.005314946 -0.05996698 -0.02713698 0.02101498 -0.06593298 -0.02610898 0.02101498 -0.06593298 -0.02610898 0.005314946 -0.04268598 -0.02703499 0.005314946 -0.04268598 -0.02703499 0.02101498 -0.034114 -0.02624696 0.005314946 -0.034114 -0.02624696 0.02101498 -0.02619099 -0.02388399 0.005314946 -0.02619099 -0.02388495 0.02101498 -0.01891595 -0.01994699 0.005314946 -0.01891595 -0.01994699 0.02101498 -0.01229196 -0.01443397 0.005314946 -0.01229196 -0.01443397 0.02101498 -0.006778955 -0.007809996 0.005314946 -0.006778955 -0.007809996 0.02101498 -0.002840995 -5.35e-4 0.005314946 -0.002840995 -5.35e-4 0.02101498 -4.79e-4 0.007387995 0.005314946 -4.79e-4 0.007387995 0.02101498 3.09e-4 0.01596099 0.005314946 3.09e-4 0.01596099 0.02101498 -4.79e-4 0.02452999 0.005314946 -4.79e-4 0.02452999 0.02101498 -0.002840995 0.032444 0.005314946 -0.002840995 0.032444 0.02101498 -0.006778955 0.03970199 0.005314946 -0.006778955 0.03970199 0.02101498 -0.01229196 0.04630398 0.005314946 -0.01229196 0.04630398 0.02101498 -0.01891595 0.05179399 0.005314946 -0.01891595 0.05179399 0.02101498 -0.02619099 0.05571597 0.005314946 -0.02619099 0.05571597 0.02101498 -0.034114 0.05806899 0.005314946 -0.034114 0.05806899 0.02101498 -0.04268598 0.05885297 0.005314946 -0.04268598 0.05885297 0.02101498 -0.08485895 0.05874997 0.005314946 -0.08485895 0.05874997 0.02101498 -0.08886998 0.05797898 0.005314946 -0.08886998 0.05797898 0.02101498 -0.092265 0.055664 0.005314946 -0.092265 0.055664 0.02101498 -0.09457898 0.05226999 0.005314946 -0.09457898 0.05226999 0.02101498 -0.09534996 0.04825794 0.005314946 -0.09534996 0.04825794 0.02101498 -0.09534996 -0.07825797 0.005314946 -0.09534996 -0.07825797 0.02101498 -0.09457898 -0.08226996 0.005314946 -0.09457898 -0.08226996 0.02101498 -0.092265 -0.08566397 0.005314946 -0.092265 -0.08566397 0.02101498 -0.08886998 -0.08797895 0.005314946 -0.08886998 -0.08797895 0.02101498 -0.08485895 -0.08875 0.005314946 -0.08485895 -0.08875 0.02101498 -0.08084696 -0.08797895 0.005314946 -0.08084696 -0.08797895 0.02101498 -0.07745295 -0.08566397 0.005314946 -0.07745295 -0.08566397 0.02101498 -0.07513898 -0.08226996 0.005314946 -0.07513898 -0.08226996 0.02101498 -0.07436698 -0.07825797 0.005314946 -0.07436698 -0.07825797 0.02101498 -0.07436698 -0.006359994 0.005314946 -0.07436698 -0.006359994 0.02101498 -0.07436698 0.03817796 0.005314946 -0.07436698 0.03817796 0.02101498 -0.04268598 0.03817796 0.005314946 -0.04268598 0.03817796 0.02101498 -0.03411096 0.03654497 0.005314946 -0.03411096 0.03654497 0.02101498 -0.02689796 0.03164696 0.005314946 -0.02689796 0.03164696 0.02101498 -0.021999 0.024459 0.005314946 -0.021999 0.024459 0.02101498 -0.02036595 0.01596099 0.005314946 -0.02036595 0.01596099 0.02101498 -0.021999 0.007384955 0.005314946 -0.021999 0.007384955 0.02101498 -0.02689796 1.72e-4 0.005314946 -0.02689796 1.72e-4 0.02101498 -0.03411096 -0.004726946 0.005314946 -0.03411096 -0.004726946 0.02101498 -0.04268598 -0.006359994 0.005314946 -0.04268598 -0.006359994 0.02101498 -0.06006997 -0.006667971 0.005314946 -0.06006997 -0.006667971 0.02101498 -0.06079 -0.006667971 0.005314946 -0.06079 -0.006667971 0.02101498 -0.06439 -0.007079958 0.005314946 -0.06439 -0.007079958 0.02101498 -0.067887 -0.009033977 0.005314946 -0.067887 -0.009033977 0.02101498 -0.07035595 -0.01222294 0.005314946 -0.07035595 -0.01222294 0.02101498 -0.071487 -0.01609295 0.005314946 -0.071487 -0.01609295 0.02101498 -0.07097297 -0.02009195 0.005314946 -0.07097297 -0.02009195 0.02101498 -0.06904399 -0.02362698 0.005314946 -0.06904399 -0.02362698 0.02101498 -0.06508696 -0.02422499 0.02301496 -0.06748199 -0.02231496 0.02301496 -0.06376397 -0.009020984 0.02301496 -0.06655496 -0.01058095 0.02301496 -0.06067597 -0.008667945 0.02301496 -0.06005197 -0.008667945 0.02301496 -0.05980199 -0.02513599 0.02301496 -0.04247999 -0.008355975 0.02301496 -0.04278397 -0.02503496 0.02301496 -0.03449499 -0.02427399 0.02301496 -0.03332996 -0.006613969 0.02301496 -0.02695995 -0.02202695 0.02301496 -0.02004295 -0.01828294 0.02301496 -0.02545797 -0.001267969 0.02301496 -0.01371198 -0.01301395 0.02301496 -0.008442997 -0.006682991 0.02301496 -0.02011197 0.006603956 0.02301496 -0.004698991 2.35e-4 0.02301496 -0.01832997 0.015962 0.02301496 -0.002451956 0.007768988 0.02301496 -0.02011299 0.02524298 0.02301496 -0.001699984 0.01596099 0.02301496 -0.002451956 0.024149 0.02301496 -0.004697978 0.03167295 0.02301496 -0.008441984 0.03857296 0.02301496 -0.02545899 0.03308695 0.02301496 -0.01370894 0.04488098 0.02301496 -0.03332996 0.038432 0.02301496 -0.02003997 0.05012798 0.02301496 -0.04249799 0.040178 0.02301496 -0.02695798 0.05385696 0.02301496 -0.03449296 0.056095 0.02301496 -0.04277497 0.05685299 0.02301496 -0.07636696 0.040178 0.02301496 -0.08466595 0.05674999 0.02301496 -0.07636696 -0.006359994 0.02301496 -0.09334999 0.04806798 0.02301496 -0.09334999 -0.07806795 0.02301496 -0.09269297 0.051485 0.02301496 -0.09082496 0.05422496 0.02301496 -0.088086 0.05609297 0.02301496 -0.09269297 -0.08148497 0.02301496 -0.07702398 -0.08148497 0.02301496 -0.07636696 -0.07806795 0.02301496 -0.09082496 -0.08422499 0.02301496 -0.07889199 -0.08422499 0.02301496 -0.088086 -0.086093 0.02301496 -0.08163195 -0.086093 0.02301496 -0.08485895 -0.08671295 0.02301496 -0.068542 -0.01314795 0.02301496 -0.06903696 -0.01946395 0.02301496 -0.06944996 -0.01625299 0.02301496 -0.09733599 0.103691 0.002558946 -0.09733599 0.103691 0.008958995 -0.09757995 0.105301 0.008958995 -0.09757995 0.105301 0.002558946 -0.08308196 0.07552498 0.002558946 -0.08308196 0.07552498 0.008958995 -0.08195996 0.07386499 0.002558946 -0.08195996 0.07386499 0.008958995 -0.08039796 0.072766 0.002558946 -0.08039796 0.072766 0.008958995 -0.078543 0.07239997 0.002558946 -0.078543 0.07239997 0.008958995 -0.07667499 0.072766 0.002558946 -0.07667499 0.072766 0.008958995 -0.07507699 0.07386499 0.002558946 -0.07507699 0.07386499 0.008958995 -0.07395398 0.07562196 0.002558946 -0.07395398 0.07562196 0.008958995 -0.04764294 0.1355659 0.002558946 -0.04764294 0.1355659 0.008958995 -0.04725199 0.1375679 0.002558946 -0.04725199 0.1375679 0.008958995 -0.04761195 0.139429 0.002558946 -0.04761195 0.139429 0.008958995 -0.04869198 0.141009 0.002558946 -0.04869198 0.141009 0.008958995 -0.050273 0.142089 0.002558946 -0.050273 0.142089 0.008958995 -0.05213397 0.142449 0.002558946 -0.05213397 0.142449 0.008958995 -0.05398899 0.142095 0.002558946 -0.05398899 0.142095 0.008958995 -0.05555099 0.141034 0.002558946 -0.05555099 0.141034 0.008958995 -0.056674 0.139423 0.002558946 -0.056674 0.139423 0.008958995 -0.07903099 0.08919298 0.002558946 -0.07903099 0.08919298 0.008958995 -0.08835399 0.108523 0.002558946 -0.08835399 0.108523 0.008958995 -0.08854997 0.108767 0.002558946 -0.08854997 0.108767 0.008958995 -0.08976995 0.110036 0.002558946 -0.08976995 0.110036 0.008958995 -0.091466 0.11083 0.002558946 -0.091466 0.11083 0.008958995 -0.093333 0.110866 0.002558946 -0.093333 0.110866 0.008958995 -0.09527999 0.110195 0.002558946 -0.09527999 0.110195 0.008958995 -0.096726 0.108865 0.002558946 -0.096726 0.108865 0.008958995 -0.09753799 0.1071439 0.002558946 -0.09753799 0.1071439 0.008958995 -0.095577 0.105429 0.01095896 -0.09554797 0.106674 0.01095896 -0.090954 0.108382 0.01095896 -0.09192895 0.108838 0.01095896 -0.09005695 0.10745 0.01095896 -0.09003096 0.107467 0.01092797 -0.095407 0.104307 0.01095896 -0.07895797 0.08443796 0.01095896 -0.08135497 0.07653999 0.01095896 -0.080509 0.07528996 0.01095896 -0.07959395 0.074647 0.01095896 -0.07854098 0.07443898 0.01095896 -0.07746696 0.07464897 0.01095896 -0.07654398 0.075284 0.01095896 -0.07572299 0.076568 0.01095896 -0.049564 0.136167 0.01095896 -0.05492395 0.138435 0.01095896 -0.04929 0.137569 0.01095896 -0.05412095 0.139587 0.01095896 -0.04949694 0.138642 0.01095896 -0.05320698 0.140208 0.01095896 -0.05013096 0.1395699 0.01095896 -0.052136 0.140413 0.01095896 -0.05105894 0.140204 0.01095896 -0.09301698 0.10886 0.01095896 -0.09508395 0.107658 0.01095896 -0.09423297 0.10844 0.01095896 -0.01884198 0.103642 0.002558946 -0.01884198 0.103642 0.008958995 -0.02162498 0.104276 0.008958995 -0.02162498 0.104276 0.002558946 -0.00336796 0.103398 0.002558946 -0.00336796 0.103398 0.008958995 -0.001463949 0.1037639 0.002558946 -0.001463949 0.1037639 0.008958995 1.46e-4 0.104862 0.002558946 1.46e-4 0.104862 0.008958995 0.001244962 0.106473 0.002558946 0.001244962 0.106473 0.008958995 0.001610994 0.108377 0.002558946 0.001610994 0.108377 0.008958995 0.001244962 0.11028 0.002558946 0.001244962 0.11028 0.008958995 1.46e-4 0.111891 0.002558946 1.46e-4 0.111891 0.008958995 -0.001463949 0.11299 0.002558946 -0.001463949 0.11299 0.008958995 -0.00336796 0.113356 0.002558946 -0.00336796 0.113356 0.008958995 -0.018305 0.113356 0.002558946 -0.018305 0.113356 0.008958995 -0.01864695 0.113356 0.002558946 -0.01864695 0.113356 0.008958995 -0.02035599 0.113209 0.002558946 -0.02035599 0.113209 0.008958995 -0.02205199 0.112404 0.002558946 -0.02205199 0.112404 0.008958995 -0.02333295 0.110964 0.002558946 -0.02333295 0.110964 0.008958995 -0.02394396 0.109188 0.002558946 -0.02394396 0.109188 0.008958995 -0.02382099 0.107278 0.002558946 -0.02382099 0.107278 0.008958995 -0.02302795 0.105539 0.002558946 -0.02302795 0.105539 0.008958995 -0.02067297 0.106111 0.01095896 -0.02138096 0.106748 0.01095896 -0.02082794 0.110771 0.01095896 -0.02157199 0.109934 0.01095896 -0.01860195 0.105638 0.01095896 -0.01982396 0.111248 0.01095896 -0.003542959 0.105401 0.01095896 -0.018305 0.111356 0.01095896 -0.01856195 0.111356 0.01095896 -0.003558993 0.111356 0.01095896 -0.002248942 0.111104 0.01095896 -0.002248942 0.10565 0.01095896 -0.001292943 0.106301 0.01095896 -0.001292943 0.1104519 0.01095896 -6.41e-4 0.107257 0.01095896 -6.41e-4 0.1094959 0.01095896 -4.26e-4 0.108377 0.01095896 -0.02192199 0.1089169 0.01095896 -0.02184897 0.107773 0.01095896 0.246109 0 0.003890991 0.247249 0 0.004765987 0.238824 0.06399297 0.004765987 0.2377229 0.06369799 0.003890991 0.2377229 -0.06369799 0.003890991 0.238824 -0.06399297 0.004765987 0.213137 -0.123054 0.003890991 0.214124 -0.123624 0.004765987 0.1740249 -0.1740249 0.003890991 0.174831 -0.174831 0.004765987 0.123054 -0.213137 0.003890991 0.123624 -0.214124 0.004765987 0.06369799 -0.2377229 0.003890991 0.06399297 -0.238824 0.004765987 0 -0.246109 0.003890991 0 -0.247249 0.004764974 -0.06369799 -0.2377229 0.003890991 -0.06399297 -0.238824 0.004765987 -0.123054 -0.213137 0.003890991 -0.123624 -0.214124 0.004765987 -0.1740249 -0.1740249 0.003890991 -0.174831 -0.174831 0.004765987 -0.213137 -0.123054 0.003890991 -0.214124 -0.123624 0.004765987 -0.2377229 -0.06369799 0.003890991 -0.238824 -0.06399297 0.004765987 -0.246109 0 0.003890991 -0.247249 0 0.004765987 -0.2377229 0.06369799 0.003890991 -0.238824 0.06399297 0.004765987 -0.213137 0.123054 0.003890991 -0.214124 0.123624 0.004765987 -0.1740249 0.1740249 0.003890991 -0.174831 0.174831 0.004765987 -0.123054 0.213137 0.003890991 -0.123624 0.214124 0.004765987 -0.06369799 0.2377229 0.003890991 -0.06399297 0.238824 0.004765987 0 0.246109 0.003890991 0 0.247249 0.004765987 0.06369799 0.2377229 0.003890991 0.06399297 0.238824 0.004765987 0.123054 0.213137 0.003890991 0.123624 0.214124 0.004765987 0.1740249 0.1740249 0.003890991 0.174831 0.174831 0.004765987 0.213137 0.123054 0.003890991 0.214124 0.123624 0.004765987 0.240106 0.064336 0.005314946 0.215273 0.124288 0.005314946 0.248576 0 0.005314946 0.240106 -0.064336 0.005314946 0.215273 -0.124288 0.005314946 0.17577 -0.17577 0.005314946 0.124288 -0.215273 0.005314946 0.064336 -0.240106 0.005314946 0 -0.248576 0.005314946 -0.064336 -0.240106 0.005314946 -0.124288 -0.215273 0.005314946 -0.17577 -0.17577 0.005314946 -0.215273 -0.124288 0.005314946 -0.240106 -0.064336 0.005314946 -0.248576 0 0.005314946 -0.240106 0.064336 0.005314946 -0.215273 0.124288 0.005314946 -0.17577 0.17577 0.005314946 -0.124288 0.215273 0.005314946 -0.064336 0.240106 0.005314946 0 0.248576 0.005314946 0.064336 0.240106 0.005314946 0.124288 0.215273 0.005314946 0.17577 0.17577 0.005314946 0.216506 0.125 0.005502998 0.176777 0.176777 0.005502998 0.241481 0.06470495 0.005502998 0.25 0 0.005502998 0.241481 -0.06470495 0.005502998 0.216506 -0.125 0.005502998 0.176777 -0.176777 0.005502998 0.125 -0.216506 0.005502998 0.06470495 -0.241481 0.005502998 0 -0.25 0.005502998 -0.06470495 -0.241481 0.005502998 -0.125 -0.216506 0.005502998 -0.176777 -0.176777 0.005502998 -0.216506 -0.125 0.005502998 -0.241481 -0.06470495 0.005502998 -0.25 0 0.005502998 -0.241481 0.06470495 0.005502998 -0.216506 0.125 0.005502998 -0.176777 0.176777 0.005502998 -0.125 0.216506 0.005502998 -0.06470495 0.241481 0.005502998 0 0.25 0.005502998 0.06470495 0.241481 0.005502998 0.125 0.216506 0.005502998 0.177784 0.177784 0.005314946 0.125712 0.2177399 0.005314946 0.2177399 0.125712 0.005314946 0.242857 0.06507295 0.005314946 0.251424 0 0.005314946 0.242857 -0.06507295 0.005314946 0.2177399 -0.125712 0.005314946 0.177784 -0.177784 0.005314946 0.125712 -0.2177399 0.005314946 0.06507295 -0.242857 0.005314946 0 -0.251424 0.005314946 -0.06507295 -0.242857 0.005314946 -0.125712 -0.2177399 0.005314946 -0.177784 -0.177784 0.005314946 -0.2177399 -0.125712 0.005314946 -0.242857 -0.06507295 0.005314946 -0.251424 0 0.005314946 -0.242857 0.06507295 0.005314946 -0.2177399 0.125712 0.005314946 -0.177784 0.177784 0.005314946 -0.125712 0.2177399 0.005314946 -0.06507295 0.242857 0.005314946 0 0.251424 0.005314946 0.06507295 0.242857 0.005314946 0.126376 0.2188889 0.004765987 0.06541699 0.244139 0.004765987 0.178722 0.178722 0.004765987 0.2188889 0.126376 0.004765987 0.244139 0.06541699 0.004765987 0.252751 0 0.004765987 0.244139 -0.06541699 0.004765987 0.2188889 -0.126376 0.004765987 0.178722 -0.178722 0.004765987 0.126376 -0.2188889 0.004765987 0.06541699 -0.244139 0.004765987 0 -0.252751 0.004764974 -0.06541699 -0.244139 0.004765987 -0.126376 -0.2188889 0.004765987 -0.178722 -0.178722 0.004765987 -0.2188889 -0.126376 0.004765987 -0.244139 -0.06541699 0.004765987 -0.252751 0 0.004765987 -0.244139 0.06541699 0.004765987 -0.2188889 0.126376 0.004765987 -0.178722 0.178722 0.004765987 -0.126376 0.2188889 0.004765987 -0.06541699 0.244139 0.004765987 0 0.252751 0.004765987 0.06571197 0.24524 0.003890991 0 0.253891 0.003890991 0.126946 0.219876 0.003890991 0.1795279 0.1795279 0.003890991 0.219876 0.126946 0.003890991 0.24524 0.06571197 0.003890991 0.253891 0 0.003890991 0.24524 -0.06571197 0.003890991 0.219876 -0.126946 0.003890991 0.1795279 -0.1795279 0.003890991 0.126946 -0.219876 0.003890991 0.06571197 -0.24524 0.003890991 0 -0.253891 0.003890991 -0.06571197 -0.24524 0.003890991 -0.126946 -0.219876 0.003890991 -0.1795279 -0.1795279 0.003890991 -0.219876 -0.126946 0.003890991 -0.24524 -0.06571197 0.003890991 -0.253891 0 0.003890991 -0.24524 0.06571197 0.003890991 -0.219876 0.126946 0.003890991 -0.1795279 0.1795279 0.003890991 -0.126946 0.219876 0.003890991 -0.06571197 0.24524 0.003890991 0 0.254766 0.002750992 -0.06593799 0.246085 0.002750992 0.06593799 0.246085 0.002750992 0.1273829 0.220633 0.002750992 0.180146 0.180146 0.002750992 0.220633 0.1273829 0.002750992 0.246085 0.06593799 0.002750992 0.254766 0 0.002750992 0.246085 -0.06593799 0.002750992 0.220633 -0.1273829 0.002750992 0.180146 -0.180146 0.002750992 0.1273829 -0.220633 0.002750992 0.06593799 -0.246085 0.002750992 0 -0.254766 0.002750992 -0.06593799 -0.246085 0.002750992 -0.1273829 -0.220633 0.002750992 -0.180146 -0.180146 0.002750992 -0.220633 -0.1273829 0.002750992 -0.246085 -0.06593799 0.002750992 -0.254766 0 0.002750992 -0.246085 0.06593799 0.002750992 -0.220633 0.1273829 0.002750992 -0.180146 0.180146 0.002750992 -0.1273829 0.220633 0.002750992 -0.06608098 0.246616 0.001423954 -0.127658 0.22111 0.001423954 0 0.255315 0.001423954 0.06608098 0.246616 0.001423954 0.127658 0.22111 0.001423954 0.180535 0.180535 0.001423954 0.22111 0.127658 0.001423954 0.246616 0.06608098 0.001423954 0.255315 0 0.001423954 0.246616 -0.06608098 0.001423954 0.22111 -0.127658 0.001423954 0.180535 -0.180535 0.001423954 0.127658 -0.22111 0.001423954 0.06608098 -0.246616 0.001423954 0 -0.255315 0.001423954 -0.06608098 -0.246616 0.001423954 -0.127658 -0.22111 0.001423954 -0.180535 -0.180535 0.001423954 -0.22111 -0.127658 0.001423954 -0.246616 -0.06608098 0.001423954 -0.255315 0 0.001423954 -0.246616 0.06608098 0.001423954 -0.22111 0.127658 0.001423954 -0.180535 0.180535 0.001423954 -0.1277509 0.221272 0 -0.1806679 0.1806679 0 -0.06612896 0.246797 0 0 0.255503 0 0.06612896 0.246797 0 0.1277509 0.221272 0 0.1806679 0.1806679 0 0.221272 0.1277509 0 0.246797 0.06612896 0 0.255503 0 0 0.246797 -0.06612896 0 0.221272 -0.1277509 0 0.1806679 -0.1806679 0 0.1277509 -0.221272 0 0.06612896 -0.246797 0 0 -0.255503 0 -0.06612896 -0.246797 0 -0.1277509 -0.221272 0 -0.1806679 -0.1806679 0 -0.221272 -0.1277509 0 -0.246797 -0.06612896 0 -0.255503 0 0 -0.246797 0.06612896 0 -0.221272 0.1277509 0 -0.180535 0.180535 -0.001423954 -0.22111 0.127658 -0.001423954 -0.127658 0.22111 -0.001423954 -0.06608098 0.246616 -0.001423954 0 0.255315 -0.001423954 0.06608098 0.246616 -0.001423954 0.127658 0.22111 -0.001423954 0.180535 0.180535 -0.001423954 0.22111 0.127658 -0.001423954 0.246616 0.06608098 -0.001423954 0.255315 0 -0.001423954 0.246616 -0.06608098 -0.001423954 0.22111 -0.127658 -0.001423954 0.180535 -0.180535 -0.001423954 0.127658 -0.22111 -0.001423954 0.06608098 -0.246616 -0.001423954 0 -0.255315 -0.001423954 -0.06608098 -0.246616 -0.001423954 -0.127658 -0.22111 -0.001423954 -0.180535 -0.180535 -0.001423954 -0.22111 -0.127658 -0.001423954 -0.246616 -0.06608098 -0.001423954 -0.255315 0 -0.001423954 -0.246616 0.06608098 -0.001423954 -0.220633 0.1273829 -0.002750992 -0.246085 0.06593799 -0.002750992 -0.180146 0.180146 -0.002750992 -0.1273829 0.220633 -0.002750992 -0.06593799 0.246085 -0.002750992 0 0.254766 -0.002750992 0.06593799 0.246085 -0.002750992 0.1273829 0.220633 -0.002750992 0.180146 0.180146 -0.002750992 0.220633 0.1273829 -0.002750992 0.246085 0.06593799 -0.002750992 0.254766 0 -0.002750992 0.246085 -0.06593799 -0.002750992 0.220633 -0.1273829 -0.002750992 0.180146 -0.180146 -0.002750992 0.1273829 -0.220633 -0.002750992 0.06593799 -0.246085 -0.002750992 0 -0.254766 -0.002750992 -0.06593799 -0.246085 -0.002750992 -0.1273829 -0.220633 -0.002750992 -0.180146 -0.180146 -0.002750992 -0.220633 -0.1273829 -0.002750992 -0.246085 -0.06593799 -0.002750992 -0.254766 0 -0.002750992 -0.24524 0.06571197 -0.003890991 -0.253891 0 -0.003890991 -0.219876 0.126946 -0.003890991 -0.1795279 0.1795279 -0.003890991 -0.126946 0.219876 -0.003890991 -0.06571197 0.24524 -0.003890991 0 0.253891 -0.003890991 0.06571197 0.24524 -0.003890991 0.126946 0.219876 -0.003890991 0.1795279 0.1795279 -0.003890991 0.219876 0.126946 -0.003890991 0.24524 0.06571197 -0.003890991 0.253891 0 -0.003890991 0.24524 -0.06571197 -0.003890991 0.219876 -0.126946 -0.003890991 0.1795279 -0.1795279 -0.003890991 0.126946 -0.219876 -0.003890991 0.06571197 -0.24524 -0.003890991 0 -0.253891 -0.003890991 -0.06571197 -0.24524 -0.003890991 -0.126946 -0.219876 -0.003890991 -0.1795279 -0.1795279 -0.003890991 -0.219876 -0.126946 -0.003890991 -0.24524 -0.06571197 -0.003890991 -0.252751 0 -0.004765987 -0.244139 -0.06541699 -0.004765987 -0.244139 0.06541699 -0.004765987 -0.2188889 0.126376 -0.004765987 -0.178722 0.178722 -0.004765987 -0.126376 0.2188889 -0.004765987 -0.06541699 0.244139 -0.004765987 0 0.252751 -0.004764974 0.06541699 0.244139 -0.004765987 0.126376 0.2188889 -0.004765987 0.178722 0.178722 -0.004765987 0.2188889 0.126376 -0.004765987 0.244139 0.06541699 -0.004765987 0.252751 0 -0.004765987 0.244139 -0.06541699 -0.004765987 0.2188889 -0.126376 -0.004765987 0.178722 -0.178722 -0.004765987 0.126376 -0.2188889 -0.004765987 0.06541699 -0.244139 -0.004765987 0 -0.252751 -0.004765987 -0.06541699 -0.244139 -0.004765987 -0.126376 -0.2188889 -0.004765987 -0.178722 -0.178722 -0.004765987 -0.2188889 -0.126376 -0.004765987 -0.242857 -0.06507295 -0.005314946 -0.2177399 -0.125712 -0.005314946 -0.251424 0 -0.005314946 -0.242857 0.06507295 -0.005314946 -0.2177399 0.125712 -0.005314946 -0.177784 0.177784 -0.005314946 -0.125712 0.2177399 -0.005314946 -0.06507295 0.242857 -0.005314946 0 0.251424 -0.005314946 0.06507295 0.242857 -0.005314946 0.125712 0.2177399 -0.005314946 0.177784 0.177784 -0.005314946 0.2177399 0.125712 -0.005314946 0.242857 0.06507295 -0.005314946 0.251424 0 -0.005314946 0.242857 -0.06507295 -0.005314946 0.2177399 -0.125712 -0.005314946 0.177784 -0.177784 -0.005314946 0.125712 -0.2177399 -0.005314946 0.06507295 -0.242857 -0.005314946 0 -0.251424 -0.005314946 -0.06507295 -0.242857 -0.005314946 -0.125712 -0.2177399 -0.005314946 -0.177784 -0.177784 -0.005314946 -0.216506 -0.125 -0.005502998 -0.176777 -0.176777 -0.005502998 -0.241481 -0.06470495 -0.005502998 -0.25 0 -0.005502998 -0.241481 0.06470495 -0.005502998 -0.216506 0.125 -0.005502998 -0.176777 0.176777 -0.005502998 -0.125 0.216506 -0.005502998 -0.06470495 0.241481 -0.005502998 0 0.25 -0.005502998 0.06470495 0.241481 -0.005502998 0.125 0.216506 -0.005502998 0.176777 0.176777 -0.005502998 0.216506 0.125 -0.005502998 0.241481 0.06470495 -0.005502998 0.25 0 -0.005502998 0.241481 -0.06470495 -0.005502998 0.216506 -0.125 -0.005502998 0.176777 -0.176777 -0.005502998 0.125 -0.216506 -0.005502998 0.06470495 -0.241481 -0.005502998 0 -0.25 -0.005502998 -0.06470495 -0.241481 -0.005502998 -0.125 -0.216506 -0.005502998 -0.17577 -0.17577 -0.005314946 -0.124288 -0.215273 -0.005314946 -0.215273 -0.124288 -0.005314946 -0.240106 -0.064336 -0.005314946 -0.248576 0 -0.005314946 -0.240106 0.064336 -0.005314946 -0.215273 0.124288 -0.005314946 -0.17577 0.17577 -0.005314946 -0.124288 0.215273 -0.005314946 -0.064336 0.240106 -0.005314946 0 0.248576 -0.005314946 0.064336 0.240106 -0.005314946 0.124288 0.215273 -0.005314946 0.17577 0.17577 -0.005314946 0.215273 0.124288 -0.005314946 0.240106 0.064336 -0.005314946 0.248576 0 -0.005314946 0.240106 -0.064336 -0.005314946 0.215273 -0.124288 -0.005314946 0.17577 -0.17577 -0.005314946 0.124288 -0.215273 -0.005314946 0.064336 -0.240106 -0.005314946 0 -0.248576 -0.005314946 -0.064336 -0.240106 -0.005314946 -0.123624 -0.214124 -0.004765987 -0.06399297 -0.238824 -0.004765987 -0.174831 -0.174831 -0.004765987 -0.214124 -0.123624 -0.004765987 -0.238824 -0.06399297 -0.004765987 -0.247249 0 -0.004765987 -0.238824 0.06399297 -0.004765987 -0.214124 0.123624 -0.004765987 -0.174831 0.174831 -0.004765987 -0.123624 0.214124 -0.004765987 -0.06399297 0.238824 -0.004765987 0 0.247249 -0.004764974 0.06399297 0.238824 -0.004765987 0.123624 0.214124 -0.004765987 0.174831 0.174831 -0.004765987 0.214124 0.123624 -0.004765987 0.238824 0.06399297 -0.004765987 0.247249 0 -0.004765987 0.238824 -0.06399297 -0.004765987 0.214124 -0.123624 -0.004765987 0.174831 -0.174831 -0.004765987 0.123624 -0.214124 -0.004765987 0.06399297 -0.238824 -0.004765987 0 -0.247249 -0.004765987 -0.06369799 -0.2377229 -0.003890991 0 -0.246109 -0.003890991 -0.123054 -0.213137 -0.003890991 -0.1740249 -0.1740249 -0.003890991 -0.213137 -0.123054 -0.003890991 -0.2377229 -0.06369799 -0.003890991 -0.246109 0 -0.003890991 -0.2377229 0.06369799 -0.003890991 -0.213137 0.123054 -0.003890991 -0.1740249 0.1740249 -0.003890991 -0.123054 0.213137 -0.003890991 -0.06369799 0.2377229 -0.003890991 0 0.246109 -0.003890991 0.06369799 0.2377229 -0.003890991 0.123054 0.213137 -0.003890991 0.1740249 0.1740249 -0.003890991 0.213137 0.123054 -0.003890991 0.2377229 0.06369799 -0.003890991 0.246109 0 -0.003890991 0.2377229 -0.06369799 -0.003890991 0.213137 -0.123054 -0.003890991 0.1740249 -0.1740249 -0.003890991 0.123054 -0.213137 -0.003890991 0.06369799 -0.2377229 -0.003890991 0 -0.245234 -0.002750992 0.06347095 -0.236878 -0.002750992 -0.06347095 -0.236878 -0.002750992 -0.122617 -0.212379 -0.002750992 -0.173407 -0.173407 -0.002750992 -0.212379 -0.122617 -0.002750992 -0.236878 -0.06347095 -0.002750992 -0.245234 0 -0.002750992 -0.236878 0.06347095 -0.002750992 -0.212379 0.122617 -0.002750992 -0.173407 0.173407 -0.002750992 -0.122617 0.212379 -0.002750992 -0.06347095 0.236878 -0.002750992 0 0.245234 -0.002750992 0.06347095 0.236878 -0.002750992 0.122617 0.212379 -0.002750992 0.173407 0.173407 -0.002750992 0.212379 0.122617 -0.002750992 0.236878 0.06347095 -0.002750992 0.245234 0 -0.002750992 0.236878 -0.06347095 -0.002750992 0.212379 -0.122617 -0.002750992 0.173407 -0.173407 -0.002750992 0.122617 -0.212379 -0.002750992 0.06332898 -0.236347 -0.001423954 0.122342 -0.211903 -0.001423954 0 -0.2446849 -0.001423954 -0.06332898 -0.236347 -0.001423954 -0.122342 -0.211903 -0.001423954 -0.173018 -0.173018 -0.001423954 -0.211903 -0.122342 -0.001423954 -0.236347 -0.06332898 -0.001423954 -0.2446849 0 -0.001423954 -0.236347 0.06332898 -0.001423954 -0.211903 0.122342 -0.001423954 -0.173018 0.173018 -0.001423954 -0.122342 0.211903 -0.001423954 -0.06332898 0.236347 -0.001423954 0 0.2446849 -0.001423954 0.06332898 0.236347 -0.001423954 0.122342 0.211903 -0.001423954 0.173018 0.173018 -0.001423954 0.211903 0.122342 -0.001423954 0.236347 0.06332898 -0.001423954 0.2446849 0 -0.001423954 0.236347 -0.06332898 -0.001423954 0.211903 -0.122342 -0.001423954 0.173018 -0.173018 -0.001423954 0.122249 -0.211741 0 0.172886 -0.172886 0 0.06328099 -0.236166 0 0 -0.244497 0 -0.06328099 -0.236166 0 -0.122249 -0.211741 0 -0.172886 -0.172886 0 -0.211741 -0.122249 0 -0.236166 -0.06328099 0 -0.244497 0 0 -0.236166 0.06328099 0 -0.211741 0.122249 0 -0.172886 0.172886 0 -0.122249 0.211741 0 -0.06328099 0.236166 0 0 0.244497 0 0.06328099 0.236166 0 0.122249 0.211741 0 0.172886 0.172886 0 0.211741 0.122249 0 0.236166 0.06328099 0 0.244497 0 0 0.236166 -0.06328099 0 0.211741 -0.122249 0 0.173018 -0.173018 0.001423954 0.211903 -0.122342 0.001423954 0.122342 -0.211903 0.001423954 0.06332898 -0.236347 0.001423954 0 -0.2446849 0.001423954 -0.06332898 -0.236347 0.001423954 -0.122342 -0.211903 0.001423954 -0.173018 -0.173018 0.001423954 -0.211903 -0.122342 0.001423954 -0.236347 -0.06332898 0.001423954 -0.2446849 0 0.001423954 -0.236347 0.06332898 0.001423954 -0.211903 0.122342 0.001423954 -0.173018 0.173018 0.001423954 -0.122342 0.211903 0.001423954 -0.06332898 0.236347 0.001423954 0 0.2446849 0.001423954 0.06332898 0.236347 0.001423954 0.122342 0.211903 0.001423954 0.173018 0.173018 0.001423954 0.211903 0.122342 0.001423954 0.236347 0.06332898 0.001423954 0.2446849 0 0.001423954 0.236347 -0.06332898 0.001423954 0.212379 -0.122617 0.002750992 0.236878 -0.06347095 0.002750992 0.173407 -0.173407 0.002750992 0.122617 -0.212379 0.002750992 0.06347095 -0.236878 0.002750992 0 -0.245234 0.002750992 -0.06347095 -0.236878 0.002750992 -0.122617 -0.212379 0.002750992 -0.173407 -0.173407 0.002750992 -0.212379 -0.122617 0.002750992 -0.236878 -0.06347095 0.002750992 -0.245234 0 0.002750992 -0.236878 0.06347095 0.002750992 -0.212379 0.122617 0.002750992 -0.173407 0.173407 0.002750992 -0.122617 0.212379 0.002750992 -0.06347095 0.236878 0.002750992 0 0.245234 0.002750992 0.06347095 0.236878 0.002750992 0.122617 0.212379 0.002750992 0.173407 0.173407 0.002750992 0.212379 0.122617 0.002750992 0.236878 0.06347095 0.002750992 0.245234 0 0.002750992 0.227382 0.002215981 -0.001278996 0.227382 0 -0.002558946 -0.227351 0 -0.002558946 -0.227351 0.002215981 -0.001278996 0.227382 -0.002215981 -0.001278996 -0.227351 -0.002215981 -0.001278996 0.227382 -0.002215981 0.001278996 -0.227351 -0.002215981 0.001278996 0.227382 0 0.002558946 -0.227351 0 0.002558946 0.227382 0.002215981 0.001278996 -0.227351 0.002215981 0.001278996 0.069902 0.09504997 0.002558946 0.069902 0.09504997 0.008958995 0.06921899 0.09807699 0.008958995 0.06921899 0.09807699 0.002558946 0.081716 0.07488995 0.002558946 0.081716 0.07488995 0.008958995 0.08298498 0.07343798 0.002558946 0.08298498 0.07343798 0.008958995 0.084742 0.07259595 0.002558946 0.084742 0.07259595 0.008958995 0.08610898 0.07239997 0.002558946 0.08610898 0.07239997 0.008958995 0.08850097 0.07308399 0.002558946 0.08850097 0.07308399 0.008958995 0.089989 0.07435297 0.002558946 0.089989 0.07435297 0.008958995 0.09084397 0.07611 0.002558946 0.09084397 0.07611 0.008958995 0.091039 0.07747697 0.002558946 0.091039 0.07747697 0.008958995 0.09035599 0.07986897 0.002558946 0.09035599 0.07986897 0.008958995 0.07903099 0.09920001 0.002558946 0.07903099 0.09920001 0.008958995 0.078933 0.09949195 0.002558946 0.078933 0.09949195 0.008958995 0.07805401 0.101006 0.002558946 0.07805401 0.101006 0.008958995 0.07660198 0.102214 0.002558946 0.07660198 0.102214 0.008958995 0.07478398 0.102714 0.002558946 0.07478398 0.102714 0.008958995 0.07102495 0.1012009 0.002558946 0.07102495 0.1012009 0.008958995 0.06976795 0.09983396 0.002558946 0.06976795 0.09983396 0.008958995 0.07128798 0.09799295 0.01095896 0.07154297 0.09880995 0.01095896 0.07650297 0.09969496 0.01095896 0.07565498 0.1004 0.01095896 0.07710099 0.09866499 0.01095896 0.07719898 0.098369 0.01095896 0.07178497 0.09579396 0.01095896 0.08850198 0.07907599 0.01095896 0.083346 0.07606399 0.01095896 0.08421999 0.075064 0.01095896 0.08899897 0.07733798 0.01095896 0.08532899 0.07453197 0.01095896 0.08890795 0.07670295 0.01095896 0.08596897 0.07444095 0.01095896 0.08837395 0.07560396 0.01095896 0.08753401 0.07488799 0.01095896 0.07490396 0.100607 0.01095896 0.07219099 0.099514 0.01095896 0.141367 0.08235895 0.002558946 0.141367 0.08235895 0.008958995 0.143515 0.08235895 0.008958995 0.143515 0.08235895 0.002558946 0.10993 0.08235895 0.002558946 0.10993 0.08235895 0.008958995 0.110077 0.113063 0.002558946 0.110077 0.113063 0.008958995 0.10993 0.1324419 0.002558946 0.10993 0.1324419 0.008958995 0.143515 0.1324419 0.002558946 0.143515 0.1324419 0.008958995 0.145418 0.132808 0.002558946 0.145418 0.132808 0.008958995 0.147029 0.133907 0.002558946 0.147029 0.133907 0.008958995 0.148128 0.135518 0.002558946 0.148128 0.135518 0.008958995 0.148494 0.137421 0.002558946 0.148494 0.137421 0.008958995 0.148128 0.139325 0.002558946 0.148128 0.139325 0.008958995 0.147029 0.140936 0.002558946 0.147029 0.140936 0.008958995 0.145418 0.1420339 0.002558946 0.145418 0.1420339 0.008958995 0.143515 0.1424 0.002558946 0.143515 0.1424 0.008958995 0.104951 0.1424 0.002558946 0.104951 0.1424 0.008958995 0.103047 0.1420339 0.002558946 0.103047 0.1420339 0.008958995 0.101437 0.140936 0.002558946 0.101437 0.140936 0.008958995 0.100338 0.139325 0.002558946 0.100338 0.139325 0.008958995 0.099972 0.137421 0.002558946 0.099972 0.137421 0.008958995 0.099972 0.07738 0.002558946 0.099972 0.07738 0.008958995 0.100338 0.07547599 0.002558946 0.100338 0.07547599 0.008958995 0.101437 0.07386499 0.002558946 0.101437 0.07386499 0.008958995 0.103047 0.072766 0.002558946 0.103047 0.072766 0.008958995 0.104951 0.07239997 0.002558946 0.104951 0.07239997 0.008958995 0.143515 0.07239997 0.002558946 0.143515 0.07239997 0.008958995 0.145418 0.072766 0.002558946 0.145418 0.072766 0.008958995 0.147029 0.07386499 0.002558946 0.147029 0.07386499 0.008958995 0.148128 0.07547599 0.002558946 0.148128 0.07547599 0.008958995 0.148494 0.07738 0.002558946 0.148494 0.07738 0.008958995 0.148128 0.07928299 0.002558946 0.148128 0.07928299 0.008958995 0.147029 0.08089399 0.002558946 0.147029 0.08089399 0.008958995 0.145418 0.08199197 0.002558946 0.145418 0.08199197 0.008958995 0.143324 0.08035898 0.01095896 0.144634 0.08010697 0.01095896 0.143324 0.0744 0.01095896 0.144634 0.07465195 0.01095896 0.1051419 0.0744 0.01095896 0.141367 0.08035898 0.01095896 0.107921 0.08035898 0.01095896 0.103832 0.07465195 0.01095896 0.102876 0.07530397 0.01095896 0.102224 0.07625997 0.01095896 0.101972 0.07756996 0.01095896 0.101972 0.137231 0.01095896 0.108077 0.1130599 0.01095896 0.102224 0.138541 0.01095896 0.107915 0.134442 0.01095896 0.143324 0.134442 0.01095896 0.143324 0.1404 0.01095896 0.1051419 0.1404 0.01095896 0.144634 0.1401489 0.01095896 0.144634 0.134694 0.01095896 0.14559 0.1353459 0.01095896 0.14559 0.139497 0.01095896 0.146242 0.1363019 0.01095896 0.146242 0.138541 0.01095896 0.146457 0.137421 0.01095896 0.103832 0.1401489 0.01095896 0.102876 0.139497 0.01095896 0.14559 0.07530397 0.01095896 0.14559 0.07945495 0.01095896 0.146242 0.07625997 0.01095896 0.146242 0.07849895 0.01095896 0.146457 0.07738 0.01095896 0.001854956 0.08235895 0.002558946 0.001854956 0.08235895 0.008958995 0.004002988 0.08235895 0.008958995 0.004002988 0.08235895 0.002558946 -0.02958196 0.08235895 0.002558946 -0.02958196 0.08235895 0.008958995 -0.02943497 0.113063 0.002558946 -0.02943497 0.113063 0.008958995 -0.02958196 0.1324419 0.002558946 -0.02958196 0.1324419 0.008958995 0.004002988 0.1324419 0.002558946 0.004002988 0.1324419 0.008958995 0.005906999 0.132808 0.002558946 0.005906999 0.132808 0.008958995 0.00751698 0.133907 0.002558946 0.00751698 0.133907 0.008958995 0.00861597 0.135518 0.002558946 0.00861597 0.135518 0.008958995 0.008981943 0.137421 0.002558946 0.008981943 0.137421 0.008958995 0.00861597 0.139325 0.002558946 0.00861597 0.139325 0.008958995 0.00751698 0.140936 0.002558946 0.00751698 0.140936 0.008958995 0.005906999 0.1420339 0.002558946 0.005906999 0.1420339 0.008958995 0.004002988 0.1424 0.002558946 0.004002988 0.1424 0.008958995 -0.03456097 0.1424 0.002558946 -0.03456097 0.1424 0.008958995 -0.03646397 0.1420339 0.002558946 -0.03646397 0.1420339 0.008958995 -0.03807497 0.140936 0.002558946 -0.03807497 0.140936 0.008958995 -0.03917396 0.139325 0.002558946 -0.03917396 0.139325 0.008958995 -0.03953999 0.137421 0.002558946 -0.03953999 0.137421 0.008958995 -0.03953999 0.07738 0.002558946 -0.03953999 0.07738 0.008958995 -0.03917396 0.07547599 0.002558946 -0.03917396 0.07547599 0.008958995 -0.03807497 0.07386499 0.002558946 -0.03807497 0.07386499 0.008958995 -0.03646397 0.072766 0.002558946 -0.03646397 0.072766 0.008958995 -0.03456097 0.07239997 0.002558946 -0.03456097 0.07239997 0.008958995 0.004002988 0.07239997 0.002558946 0.004002988 0.07239997 0.008958995 0.005906999 0.072766 0.002558946 0.005906999 0.072766 0.008958995 0.00751698 0.07386499 0.002558946 0.00751698 0.07386499 0.008958995 0.00861597 0.07547599 0.002558946 0.00861597 0.07547599 0.008958995 0.008981943 0.07738 0.002558946 0.008981943 0.07738 0.008958995 0.00861597 0.07928299 0.002558946 0.00861597 0.07928299 0.008958995 0.00751698 0.08089399 0.002558946 0.00751698 0.08089399 0.008958995 0.005906999 0.08199197 0.002558946 0.005906999 0.08199197 0.008958995 0.003811955 0.08035898 0.01095896 0.005121946 0.08010697 0.01095896 0.003811955 0.0744 0.01095896 0.005121946 0.07465195 0.01095896 -0.03437 0.0744 0.01095896 0.001854956 0.08035898 0.01095896 -0.03159099 0.08035898 0.01095896 -0.03143495 0.1130599 0.01095896 -0.03753995 0.137231 0.01095896 -0.03753995 0.07756996 0.01095896 -0.03728795 0.138541 0.01095896 -0.03159695 0.134442 0.01095896 0.003811955 0.134442 0.01095896 0.003811955 0.1404 0.01095896 -0.03437 0.1404 0.01095896 0.005121946 0.1401489 0.01095896 0.005121946 0.134694 0.01095896 0.006077945 0.1353459 0.01095896 0.006077945 0.139497 0.01095896 0.00672996 0.1363019 0.01095896 0.00672996 0.138541 0.01095896 0.006944954 0.137421 0.01095896 -0.03567999 0.1401489 0.01095896 -0.03663599 0.139497 0.01095896 -0.03728795 0.07625997 0.01095896 -0.03663599 0.07530397 0.01095896 -0.03567999 0.07465195 0.01095896 0.006077945 0.07530397 0.01095896 0.006077945 0.07945495 0.01095896 0.00672996 0.07625997 0.01095896 0.00672996 0.07849895 0.01095896 0.006944954 0.07738 0.01095896 0.214349 0.080109 -0.001278996 0.214349 0.07789295 -0.002558946 -0.214318 0.07789295 -0.002558946 -0.214318 0.080109 -0.001278996 0.214349 0.07567697 -0.001278996 -0.214318 0.07567697 -0.001278996 0.214349 0.07567697 0.001278996 -0.214318 0.07567697 0.001278996 0.214349 0.07789295 0.002558946 -0.214318 0.07789295 0.002558946 0.214349 0.080109 0.001278996 -0.214318 0.080109 0.001278996 0.120669 0.103642 0.002558946 0.120669 0.103642 0.008958995 0.117887 0.104276 0.008958995 0.117887 0.104276 0.002558946 0.136144 0.103398 0.002558946 0.136144 0.103398 0.008958995 0.138047 0.1037639 0.002558946 0.138047 0.1037639 0.008958995 0.139658 0.104862 0.002558946 0.139658 0.104862 0.008958995 0.140757 0.106473 0.002558946 0.140757 0.106473 0.008958995 0.1411229 0.108377 0.002558946 0.1411229 0.108377 0.008958995 0.140757 0.11028 0.002558946 0.140757 0.11028 0.008958995 0.139658 0.111891 0.002558946 0.139658 0.111891 0.008958995 0.138047 0.11299 0.002558946 0.138047 0.11299 0.008958995 0.136144 0.113356 0.002558946 0.136144 0.113356 0.008958995 0.121206 0.113356 0.002558946 0.121206 0.113356 0.008958995 0.120865 0.113356 0.002558946 0.120865 0.113356 0.008958995 0.119156 0.113209 0.002558946 0.119156 0.113209 0.008958995 0.11746 0.112404 0.002558946 0.11746 0.112404 0.008958995 0.116179 0.110964 0.002558946 0.116179 0.110964 0.008958995 0.115568 0.109188 0.002558946 0.115568 0.109188 0.008958995 0.11569 0.107278 0.002558946 0.11569 0.107278 0.008958995 0.116484 0.105539 0.002558946 0.116484 0.105539 0.008958995 0.118839 0.106111 0.01095896 0.118131 0.106748 0.01095896 0.119687 0.111248 0.01095896 0.118684 0.110771 0.01095896 0.12095 0.111356 0.01095896 0.121206 0.111356 0.01095896 0.12091 0.105638 0.01095896 0.135953 0.111356 0.01095896 0.135969 0.105401 0.01095896 0.137263 0.10565 0.01095896 0.137263 0.111104 0.01095896 0.1382189 0.106301 0.01095896 0.1382189 0.1104519 0.01095896 0.138871 0.107257 0.01095896 0.138871 0.1094959 0.01095896 0.139086 0.108377 0.01095896 0.117939 0.109934 0.01095896 0.117663 0.107773 0.01095896 0.11759 0.1089169 0.01095896 0.02782398 0.1300989 0.002558946 0.02782398 0.1300989 0.008958995 0.02745795 0.128195 0.008958995 0.02745795 0.128195 0.002558946 0.02772694 0.137324 0.002558946 0.02772694 0.137324 0.008958995 0.02736097 0.139227 0.002558946 0.02736097 0.139227 0.008958995 0.02626198 0.140838 0.002558946 0.02626198 0.140838 0.008958995 0.02465099 0.141937 0.002558946 0.02465099 0.141937 0.008958995 0.02274799 0.142303 0.002558946 0.02274799 0.142303 0.008958995 0.02081298 0.141937 0.002558946 0.02081298 0.141937 0.008958995 0.01920896 0.140838 0.002558946 0.01920896 0.140838 0.008958995 0.01812797 0.139227 0.002558946 0.01812797 0.139227 0.008958995 0.01776897 0.137324 0.002558946 0.01776897 0.137324 0.008958995 0.01786595 0.1300989 0.002558946 0.01786595 0.1300989 0.008958995 0.01822596 0.128195 0.002558946 0.01822596 0.128195 0.008958995 0.019306 0.126585 0.002558946 0.019306 0.126585 0.008958995 0.02091097 0.125486 0.002558946 0.02091097 0.125486 0.008958995 0.02284497 0.12512 0.002558946 0.02284497 0.12512 0.008958995 0.02474898 0.125486 0.002558946 0.02474898 0.125486 0.008958995 0.02635997 0.126585 0.002558946 0.02635997 0.126585 0.008958995 0.025572 0.12898 0.01095896 0.024921 0.128024 0.01095896 0.02011495 0.128969 0.01095896 0.02075296 0.128018 0.01095896 0.01986396 0.1303 0.01095896 0.02582198 0.130276 0.01095896 0.025729 0.13712 0.01095896 0.01977097 0.13715 0.01095896 0.02001798 0.138454 0.01095896 0.02547496 0.1384429 0.01095896 0.02482295 0.139399 0.01095896 0.02065497 0.139405 0.01095896 0.02386695 0.140051 0.01095896 0.02159696 0.1400499 0.01095896 0.02274495 0.140267 0.01095896 0.02169495 0.127373 0.01095896 0.023965 0.127372 0.01095896 0.02284198 0.127156 0.01095896 0.228881 0 0.003618955 0.229941 0 0.004431962 0.222106 0.05951297 0.004431962 0.221082 0.05923897 0.003618955 0.221082 -0.05923897 0.003618955 0.222106 -0.05951297 0.004431962 0.198217 -0.114441 0.003618955 0.199135 -0.114971 0.004431962 0.161844 -0.161844 0.003618955 0.162593 -0.162593 0.004431962 0.114441 -0.198217 0.003618955 0.114971 -0.199135 0.004431962 0.05923897 -0.221082 0.003618955 0.05951297 -0.222106 0.004431962 0 -0.228881 0.003618955 0 -0.229941 0.004431962 -0.05923897 -0.221082 0.003618955 -0.05951297 -0.222106 0.004431962 -0.114441 -0.198217 0.003618955 -0.114971 -0.199135 0.004431962 -0.161844 -0.161844 0.003618955 -0.162593 -0.162593 0.004431962 -0.198217 -0.114441 0.003618955 -0.199135 -0.114971 0.004431962 -0.221082 -0.05923897 0.003618955 -0.222106 -0.05951297 0.004431962 -0.228881 0 0.003618955 -0.229941 0 0.004431962 -0.221082 0.05923897 0.003618955 -0.222106 0.05951297 0.004431962 -0.198217 0.114441 0.003618955 -0.199135 0.114971 0.004431962 -0.161844 0.161844 0.003618955 -0.162593 0.162593 0.004431962 -0.114441 0.198217 0.003618955 -0.114971 0.199135 0.004431962 -0.05923897 0.221082 0.003618955 -0.05951297 0.222106 0.004431962 0 0.228881 0.003618955 0 0.229941 0.004431962 0.05923897 0.221082 0.003618955 0.05951297 0.222106 0.004431962 0.114441 0.198217 0.003618955 0.114971 0.199135 0.004431962 0.161844 0.161844 0.003618955 0.162593 0.162593 0.004431962 0.198217 0.114441 0.003618955 0.199135 0.114971 0.004431962 0.223298 0.05983299 0.004942953 0.200204 0.115588 0.004942953 0.231175 0 0.004942953 0.223298 -0.05983299 0.004942953 0.200204 -0.115588 0.004942953 0.163466 -0.163466 0.004942953 0.115588 -0.200204 0.004942953 0.05983299 -0.223298 0.004942953 0 -0.231175 0.004942953 -0.05983299 -0.223298 0.004942953 -0.115588 -0.200204 0.004942953 -0.163466 -0.163466 0.004942953 -0.200204 -0.115588 0.004942953 -0.223298 -0.05983299 0.004942953 -0.231175 0 0.004942953 -0.223298 0.05983299 0.004942953 -0.200204 0.115588 0.004942953 -0.163466 0.163466 0.004942953 -0.115588 0.200204 0.004942953 -0.05983299 0.223298 0.004942953 0 0.231175 0.004942953 0.05983299 0.223298 0.004942953 0.115588 0.200204 0.004942953 0.163466 0.163466 0.004942953 0.201351 0.11625 0.005117952 0.164402 0.164402 0.005117952 0.224578 0.060175 0.005117952 0.2325 0 0.005117952 0.224578 -0.060175 0.005117952 0.201351 -0.11625 0.005117952 0.164402 -0.164402 0.005117952 0.11625 -0.201351 0.005117952 0.060175 -0.224578 0.005117952 0 -0.2325 0.005117952 -0.060175 -0.224578 0.005117952 -0.11625 -0.201351 0.005117952 -0.164402 -0.164402 0.005117952 -0.201351 -0.11625 0.005117952 -0.224578 -0.060175 0.005117952 -0.2325 0 0.005117952 -0.224578 0.060175 0.005117952 -0.201351 0.11625 0.005117952 -0.164402 0.164402 0.005117952 -0.11625 0.201351 0.005117952 -0.060175 0.224578 0.005117952 0 0.2325 0.005117952 0.060175 0.224578 0.005117952 0.11625 0.201351 0.005117952 0.1653389 0.1653389 0.004942953 0.116912 0.202498 0.004942953 0.202498 0.116912 0.004942953 0.225857 0.06051796 0.004942953 0.233825 0 0.004942953 0.225857 -0.06051796 0.004942953 0.202498 -0.116912 0.004942953 0.1653389 -0.1653389 0.004942953 0.116912 -0.202498 0.004942953 0.06051796 -0.225857 0.004942953 0 -0.233825 0.004942953 -0.06051796 -0.225857 0.004942953 -0.116912 -0.202498 0.004942953 -0.1653389 -0.1653389 0.004942953 -0.202498 -0.116912 0.004942953 -0.225857 -0.06051796 0.004942953 -0.233825 0 0.004942953 -0.225857 0.06051796 0.004942953 -0.202498 0.116912 0.004942953 -0.1653389 0.1653389 0.004942953 -0.116912 0.202498 0.004942953 -0.06051796 0.225857 0.004942953 0 0.233825 0.004942953 0.06051796 0.225857 0.004942953 0.117529 0.203567 0.004431962 0.06083798 0.2270489 0.004431962 0.166212 0.166212 0.004431962 0.203567 0.117529 0.004431962 0.2270489 0.06083798 0.004431962 0.235059 0 0.004431962 0.2270489 -0.06083798 0.004431962 0.203567 -0.117529 0.004431962 0.166212 -0.166212 0.004431962 0.117529 -0.203567 0.004431962 0.06083798 -0.2270489 0.004431962 0 -0.235059 0.004431962 -0.06083798 -0.2270489 0.004431962 -0.117529 -0.203567 0.004431962 -0.166212 -0.166212 0.004431962 -0.203567 -0.117529 0.004431962 -0.2270489 -0.06083798 0.004431962 -0.235059 0 0.004431962 -0.2270489 0.06083798 0.004431962 -0.203567 0.117529 0.004431962 -0.166212 0.166212 0.004431962 -0.117529 0.203567 0.004431962 -0.06083798 0.2270489 0.004431962 0 0.235059 0.004431962 0.06111198 0.228073 0.003618955 0 0.236119 0.003618955 0.118059 0.2044849 0.003618955 0.166961 0.166961 0.003618955 0.2044849 0.118059 0.003618955 0.228073 0.06111198 0.003618955 0.236119 0 0.003618955 0.228073 -0.06111198 0.003618955 0.2044849 -0.118059 0.003618955 0.166961 -0.166961 0.003618955 0.118059 -0.2044849 0.003618955 0.06111198 -0.228073 0.003618955 0 -0.236119 0.003618955 -0.06111198 -0.228073 0.003618955 -0.118059 -0.2044849 0.003618955 -0.166961 -0.166961 0.003618955 -0.2044849 -0.118059 0.003618955 -0.228073 -0.06111198 0.003618955 -0.236119 0 0.003618955 -0.228073 0.06111198 0.003618955 -0.2044849 0.118059 0.003618955 -0.166961 0.166961 0.003618955 -0.118059 0.2044849 0.003618955 -0.06111198 0.228073 0.003618955 0 0.236932 0.002558946 -0.06132197 0.228859 0.002558946 0.06132197 0.228859 0.002558946 0.118466 0.205189 0.002558946 0.167536 0.167536 0.002558946 0.205189 0.118466 0.002558946 0.228859 0.06132197 0.002558946 0.236932 0 0.002558946 0.228859 -0.06132197 0.002558946 0.205189 -0.118466 0.002558946 0.167536 -0.167536 0.002558946 0.118466 -0.205189 0.002558946 0.06132197 -0.228859 0.002558946 0 -0.236932 0.002558946 -0.06132197 -0.228859 0.002558946 -0.118466 -0.205189 0.002558946 -0.167536 -0.167536 0.002558946 -0.205189 -0.118466 0.002558946 -0.228859 -0.06132197 0.002558946 -0.236932 0 0.002558946 -0.228859 0.06132197 0.002558946 -0.205189 0.118466 0.002558946 -0.167536 0.167536 0.002558946 -0.118466 0.205189 0.002558946 -0.06145495 0.229353 0.001324951 -0.118722 0.205632 0.001324951 0 0.237443 0.001324951 0.06145495 0.229353 0.001324951 0.118722 0.205632 0.001324951 0.1678979 0.1678979 0.001324951 0.205632 0.118722 0.001324951 0.229353 0.06145495 0.001324951 0.237443 0 0.001324951 0.229353 -0.06145495 0.001324951 0.205632 -0.118722 0.001324951 0.1678979 -0.1678979 0.001324951 0.118722 -0.205632 0.001323997 0.06145495 -0.229353 0.001323997 0 -0.237443 0.001323997 -0.06145495 -0.229353 0.001323997 -0.118722 -0.205632 0.001323997 -0.1678979 -0.1678979 0.001324951 -0.205632 -0.118722 0.001324951 -0.229353 -0.06145495 0.001324951 -0.237443 0 0.001324951 -0.229353 0.06145495 0.001324951 -0.205632 0.118722 0.001324951 -0.1678979 0.1678979 0.001324951 -0.118809 0.205783 0 -0.168021 0.168021 0 -0.06149995 0.229521 0 0 0.237618 0 0.06149995 0.229521 0 0.118809 0.205783 0 0.168021 0.168021 0 0.205783 0.118809 0 0.229521 0.06149995 0 0.237618 0 0 0.229521 -0.06149995 0 0.205783 -0.118809 0 0.168021 -0.168021 0 0.118809 -0.205783 0 0.06149995 -0.229521 0 0 -0.237618 0 -0.06149995 -0.229521 0 -0.118809 -0.205783 0 -0.168021 -0.168021 0 -0.205783 -0.118809 0 -0.229521 -0.06149995 0 -0.237618 0 0 -0.229521 0.06149995 0 -0.205783 0.118809 0 -0.1678979 0.1678979 -0.001324951 -0.205632 0.118722 -0.001324951 -0.118722 0.205632 -0.001323997 -0.06145495 0.229353 -0.001323997 0 0.237443 -0.001323997 0.06145495 0.229353 -0.001323997 0.118722 0.205632 -0.001323997 0.1678979 0.1678979 -0.001324951 0.205632 0.118722 -0.001324951 0.229353 0.06145495 -0.001324951 0.237443 0 -0.001324951 0.229353 -0.06145495 -0.001324951 0.205632 -0.118722 -0.001324951 0.1678979 -0.1678979 -0.001324951 0.118722 -0.205632 -0.001324951 0.06145495 -0.229353 -0.001324951 0 -0.237443 -0.001324951 -0.06145495 -0.229353 -0.001324951 -0.118722 -0.205632 -0.001324951 -0.1678979 -0.1678979 -0.001324951 -0.205632 -0.118722 -0.001324951 -0.229353 -0.06145495 -0.001324951 -0.237443 0 -0.001324951 -0.229353 0.06145495 -0.001324951 -0.205189 0.118466 -0.002558946 -0.228859 0.06132197 -0.002558946 -0.167536 0.167536 -0.002558946 -0.118466 0.205189 -0.002558946 -0.06132197 0.228859 -0.002558946 0 0.236932 -0.002558946 0.06132197 0.228859 -0.002558946 0.118466 0.205189 -0.002558946 0.167536 0.167536 -0.002558946 0.205189 0.118466 -0.002558946 0.228859 0.06132197 -0.002558946 0.236932 0 -0.002558946 0.228859 -0.06132197 -0.002558946 0.205189 -0.118466 -0.002558946 0.167536 -0.167536 -0.002558946 0.118466 -0.205189 -0.002558946 0.06132197 -0.228859 -0.002558946 0 -0.236932 -0.002558946 -0.06132197 -0.228859 -0.002558946 -0.118466 -0.205189 -0.002558946 -0.167536 -0.167536 -0.002558946 -0.205189 -0.118466 -0.002558946 -0.228859 -0.06132197 -0.002558946 -0.236932 0 -0.002558946 -0.228073 0.06111198 -0.003618955 -0.236119 0 -0.003618955 -0.2044849 0.118059 -0.003618955 -0.166961 0.166961 -0.003618955 -0.118059 0.2044849 -0.003618955 -0.06111198 0.228073 -0.003618955 0 0.236119 -0.003618955 0.06111198 0.228073 -0.003618955 0.118059 0.2044849 -0.003618955 0.166961 0.166961 -0.003618955 0.2044849 0.118059 -0.003618955 0.228073 0.06111198 -0.003618955 0.236119 0 -0.003618955 0.228073 -0.06111198 -0.003618955 0.2044849 -0.118059 -0.003618955 0.166961 -0.166961 -0.003618955 0.118059 -0.2044849 -0.003618955 0.06111198 -0.228073 -0.003618955 0 -0.236119 -0.003618955 -0.06111198 -0.228073 -0.003618955 -0.118059 -0.2044849 -0.003618955 -0.166961 -0.166961 -0.003618955 -0.2044849 -0.118059 -0.003618955 -0.228073 -0.06111198 -0.003618955 -0.235059 0 -0.004431962 -0.2270489 -0.06083798 -0.004431962 -0.2270489 0.06083798 -0.004431962 -0.203567 0.117529 -0.004431962 -0.166212 0.166212 -0.004431962 -0.117529 0.203567 -0.004431962 -0.06083798 0.2270489 -0.004431962 0 0.235059 -0.004431962 0.06083798 0.2270489 -0.004431962 0.117529 0.203567 -0.004431962 0.166212 0.166212 -0.004431962 0.203567 0.117529 -0.004431962 0.2270489 0.06083798 -0.004431962 0.235059 0 -0.004431962 0.2270489 -0.06083798 -0.004431962 0.203567 -0.117529 -0.004431962 0.166212 -0.166212 -0.004431962 0.117529 -0.203567 -0.004431962 0.06083798 -0.2270489 -0.004431962 0 -0.235059 -0.004431962 -0.06083798 -0.2270489 -0.004431962 -0.117529 -0.203567 -0.004431962 -0.166212 -0.166212 -0.004431962 -0.203567 -0.117529 -0.004431962 -0.225857 -0.06051796 -0.004942953 -0.202498 -0.116912 -0.004942953 -0.233825 0 -0.004942953 -0.225857 0.06051796 -0.004942953 -0.202498 0.116912 -0.004942953 -0.1653389 0.1653389 -0.004942953 -0.116912 0.202498 -0.004942953 -0.06051796 0.225857 -0.004942953 0 0.233825 -0.004942953 0.06051796 0.225857 -0.004942953 0.116912 0.202498 -0.004942953 0.1653389 0.1653389 -0.004942953 0.202498 0.116912 -0.004942953 0.225857 0.06051796 -0.004942953 0.233825 0 -0.004942953 0.225857 -0.06051796 -0.004942953 0.202498 -0.116912 -0.004942953 0.1653389 -0.1653389 -0.004942953 0.116912 -0.202498 -0.004942953 0.06051796 -0.225857 -0.004942953 0 -0.233825 -0.004942953 -0.06051796 -0.225857 -0.004942953 -0.116912 -0.202498 -0.004942953 -0.1653389 -0.1653389 -0.004942953 -0.201351 -0.11625 -0.005117952 -0.164402 -0.164402 -0.005117952 -0.224578 -0.060175 -0.005117952 -0.2325 0 -0.005117952 -0.224578 0.060175 -0.005117952 -0.201351 0.11625 -0.005117952 -0.164402 0.164402 -0.005117952 -0.11625 0.201351 -0.005117952 -0.060175 0.224578 -0.005117952 0 0.2325 -0.005117952 0.060175 0.224578 -0.005117952 0.11625 0.201351 -0.005117952 0.164402 0.164402 -0.005117952 0.201351 0.11625 -0.005117952 0.224578 0.060175 -0.005117952 0.2325 0 -0.005117952 0.224578 -0.060175 -0.005117952 0.201351 -0.11625 -0.005117952 0.164402 -0.164402 -0.005117952 0.11625 -0.201351 -0.005117952 0.060175 -0.224578 -0.005117952 0 -0.2325 -0.005117952 -0.060175 -0.224578 -0.005117952 -0.11625 -0.201351 -0.005117952 -0.163466 -0.163466 -0.004942953 -0.115588 -0.200204 -0.004942953 -0.200204 -0.115588 -0.004942953 -0.223298 -0.05983299 -0.004942953 -0.231175 0 -0.004942953 -0.223298 0.05983299 -0.004942953 -0.200204 0.115588 -0.004942953 -0.163466 0.163466 -0.004942953 -0.115588 0.200204 -0.004942953 -0.05983299 0.223298 -0.004942953 0 0.231175 -0.004942953 0.05983299 0.223298 -0.004942953 0.115588 0.200204 -0.004942953 0.163466 0.163466 -0.004942953 0.200204 0.115588 -0.004942953 0.223298 0.05983299 -0.004942953 0.231175 0 -0.004942953 0.223298 -0.05983299 -0.004942953 0.200204 -0.115588 -0.004942953 0.163466 -0.163466 -0.004942953 0.115588 -0.200204 -0.004942953 0.05983299 -0.223298 -0.004942953 0 -0.231175 -0.004942953 -0.05983299 -0.223298 -0.004942953 -0.114971 -0.199135 -0.004431962 -0.05951297 -0.222106 -0.004431962 -0.162593 -0.162593 -0.004431962 -0.199135 -0.114971 -0.004431962 -0.222106 -0.05951297 -0.004431962 -0.229941 0 -0.004431962 -0.222106 0.05951297 -0.004431962 -0.199135 0.114971 -0.004431962 -0.162593 0.162593 -0.004431962 -0.114971 0.199135 -0.004431962 -0.05951297 0.222106 -0.004431962 0 0.229941 -0.004431962 0.05951297 0.222106 -0.004431962 0.114971 0.199135 -0.004431962 0.162593 0.162593 -0.004431962 0.199135 0.114971 -0.004431962 0.222106 0.05951297 -0.004431962 0.229941 0 -0.004431962 0.222106 -0.05951297 -0.004431962 0.199135 -0.114971 -0.004431962 0.162593 -0.162593 -0.004431962 0.114971 -0.199135 -0.004431962 0.05951297 -0.222106 -0.004431962 0 -0.229941 -0.004431962 -0.05923897 -0.221082 -0.003618955 0 -0.228881 -0.003618955 -0.114441 -0.198217 -0.003618955 -0.161844 -0.161844 -0.003618955 -0.198217 -0.114441 -0.003618955 -0.221082 -0.05923897 -0.003618955 -0.228881 0 -0.003618955 -0.221082 0.05923897 -0.003618955 -0.198217 0.114441 -0.003618955 -0.161844 0.161844 -0.003618955 -0.114441 0.198217 -0.003618955 -0.05923897 0.221082 -0.003618955 0 0.228881 -0.003618955 0.05923897 0.221082 -0.003618955 0.114441 0.198217 -0.003618955 0.161844 0.161844 -0.003618955 0.198217 0.114441 -0.003618955 0.221082 0.05923897 -0.003618955 0.228881 0 -0.003618955 0.221082 -0.05923897 -0.003618955 0.198217 -0.114441 -0.003618955 0.161844 -0.161844 -0.003618955 0.114441 -0.198217 -0.003618955 0.05923897 -0.221082 -0.003618955 0 -0.2280679 -0.002558946 0.05902796 -0.220297 -0.002558946 -0.05902796 -0.220297 -0.002558946 -0.1140339 -0.197513 -0.002558946 -0.1612679 -0.1612679 -0.002558946 -0.197513 -0.1140339 -0.002558946 -0.220297 -0.05902796 -0.002558946 -0.2280679 0 -0.002558946 -0.220297 0.05902796 -0.002558946 -0.197513 0.1140339 -0.002558946 -0.1612679 0.1612679 -0.002558946 -0.1140339 0.197513 -0.002558946 -0.05902796 0.220297 -0.002558946 0 0.2280679 -0.002558946 0.05902796 0.220297 -0.002558946 0.1140339 0.197513 -0.002558946 0.1612679 0.1612679 -0.002558946 0.197513 0.1140339 -0.002558946 0.220297 0.05902796 -0.002558946 0.2280679 0 -0.002558946 0.220297 -0.05902796 -0.002558946 0.197513 -0.1140339 -0.002558946 0.1612679 -0.1612679 -0.002558946 0.1140339 -0.197513 -0.002558946 0.058896 -0.219803 -0.001324951 0.113778 -0.19707 -0.001324951 0 -0.227557 -0.001324951 -0.058896 -0.219803 -0.001324951 -0.113778 -0.19707 -0.001324951 -0.160907 -0.160907 -0.001324951 -0.19707 -0.113778 -0.001324951 -0.219803 -0.058896 -0.001324951 -0.227557 0 -0.001324951 -0.219803 0.058896 -0.001324951 -0.19707 0.113778 -0.001324951 -0.160907 0.160907 -0.001324951 -0.113778 0.19707 -0.001323997 -0.058896 0.219803 -0.001323997 0 0.227557 -0.001323997 0.058896 0.219803 -0.001323997 0.113778 0.19707 -0.001323997 0.160907 0.160907 -0.001324951 0.19707 0.113778 -0.001324951 0.219803 0.058896 -0.001324951 0.227557 0 -0.001324951 0.219803 -0.058896 -0.001324951 0.19707 -0.113778 -0.001324951 0.160907 -0.160907 -0.001324951 0.113691 -0.196919 0 0.160784 -0.160784 0 0.058851 -0.219635 0 0 -0.227382 0 -0.058851 -0.219635 0 -0.113691 -0.196919 0 -0.160784 -0.160784 0 -0.196919 -0.113691 0 -0.219635 -0.058851 0 -0.227382 0 0 -0.219635 0.058851 0 -0.196919 0.113691 0 -0.160784 0.160784 0 -0.113691 0.196919 0 -0.058851 0.219635 0 0 0.227382 0 0.058851 0.219635 0 0.113691 0.196919 0 0.160784 0.160784 0 0.196919 0.113691 0 0.219635 0.058851 0 0.227382 0 0 0.219635 -0.058851 0 0.196919 -0.113691 0 0.160907 -0.160907 0.001324951 0.19707 -0.113778 0.001324951 0.113778 -0.19707 0.001323997 0.058896 -0.219803 0.001323997 0 -0.227557 0.001323997 -0.058896 -0.219803 0.001323997 -0.113778 -0.19707 0.001323997 -0.160907 -0.160907 0.001324951 -0.19707 -0.113778 0.001324951 -0.219803 -0.058896 0.001324951 -0.227557 0 0.001324951 -0.219803 0.058896 0.001324951 -0.19707 0.113778 0.001324951 -0.160907 0.160907 0.001324951 -0.113778 0.19707 0.001324951 -0.058896 0.219803 0.001324951 0 0.227557 0.001324951 0.058896 0.219803 0.001324951 0.113778 0.19707 0.001324951 0.160907 0.160907 0.001324951 0.19707 0.113778 0.001324951 0.219803 0.058896 0.001324951 0.227557 0 0.001324951 0.219803 -0.058896 0.001324951 0.197513 -0.1140339 0.002558946 0.220297 -0.05902796 0.002558946 0.1612679 -0.1612679 0.002558946 0.1140339 -0.197513 0.002558946 0.05902796 -0.220297 0.002558946 0 -0.2280679 0.002558946 -0.05902796 -0.220297 0.002558946 -0.1140339 -0.197513 0.002558946 -0.1612679 -0.1612679 0.002558946 -0.197513 -0.1140339 0.002558946 -0.220297 -0.05902796 0.002558946 -0.2280679 0 0.002558946 -0.220297 0.05902796 0.002558946 -0.197513 0.1140339 0.002558946 -0.1612679 0.1612679 0.002558946 -0.1140339 0.197513 0.002558946 -0.05902796 0.220297 0.002558946 0 0.2280679 0.002558946 0.05902796 0.220297 0.002558946 0.1140339 0.197513 0.002558946 0.1612679 0.1612679 0.002558946 0.197513 0.1140339 0.002558946 0.220297 0.05902796 0.002558946 0.2280679 0 0.002558946 0.202529 0.10862 -0.001278996 0.202529 0.106404 -0.002558946 -0.202498 0.106404 -0.002558946 -0.202498 0.10862 -0.001278996 0.202529 0.104188 -0.001278996 -0.202498 0.104188 -0.001278996 0.202529 0.104188 0.001278996 -0.202498 0.104188 0.001278996 0.202529 0.106404 0.002558946 -0.202498 0.106404 0.002558946 0.202529 0.10862 0.001278996 -0.202498 0.10862 0.001278996</float_array>
          <technique_common>
            <accessor source="#Mesh14_WE_RE1_Group1_Model-mesh-positions-array" count="2643" stride="3">
              <param name="X" type="float"/>
              <param name="Y" type="float"/>
              <param name="Z" type="float"/>
            </accessor>
          </technique_common>
        </source>
        <source id="Mesh14_WE_RE1_Group1_Model-mesh-normals">
          <float_array id="Mesh14_WE_RE1_Group1_Model-mesh-normals-array" count="8031">0 -1.31463e-6 -1 0 0.8660761 -0.4999123 0 0.8660751 -0.4999138 0 -0.8660762 -0.499912 0 1.33654e-6 -1 0 -0.866075 0.4999142 0 -0.866075 -0.4999142 0 1.33654e-6 1 0 -0.8660762 0.499912 0 0.8660761 0.4999123 0 -1.31463e-6 1 0 0.8660751 0.4999138 0.7349734 0.5586473 0.384353 0.9123265 0.4094638 0 0.7978081 0.6029115 0 0.7498529 0.5397307 0.3826375 0.8115814 0.5842394 0 0.6569528 0.6543798 0.3744332 0.6954904 0.7185354 0 0.3747706 0.8481552 0.3744061 0.3840577 0.9233092 0 0.01890349 0.9269291 0.3747601 2.28362e-5 1 0 -0.337334 0.8637259 0.3744108 -0.3840988 0.9232921 0 -0.6423568 0.6684899 0.3748319 -0.7071794 0.7070342 0 -0.84813 0.3747766 0.3744571 -0.923286 0.3841133 0 -0.9208243 0.09683108 0.3777648 -0.9954864 0.09490531 0 -0.9192758 -0.08662033 0.383965 -0.995486 -0.09490829 0 -0.8636958 -0.3374034 0.374418 -0.9232838 -0.3841184 0 -0.6686251 -0.6422202 0.3748251 -0.7071777 -0.7070359 0 -0.3748112 -0.8481169 0.3744521 -0.3840978 -0.9232925 0 -0.01892614 -0.926924 0.3747715 2.39568e-5 -1 0 0.3372911 -0.8637517 0.37439 0.3840562 -0.9233098 0 0.6423174 -0.6685212 0.3748438 0.7071288 -0.7070848 0 0.8481046 -0.3748249 0.3744662 0.9232851 -0.3841156 0 0.9203355 -0.1004351 0.3780153 0.9950615 -0.09926122 0 0.9223438 -0.008081138 0.3862859 0.9999618 -0.008752644 0 -0.6716367 -0.6325458 0.3857331 -0.8152416 -0.5791211 0 -0.7265967 -0.6870643 0 -0.5541228 -0.7406679 0.3799462 -0.5960965 -0.8029129 0 -0.3864229 -0.8430905 0.3739997 -0.3975168 -0.917595 0 -0.03171306 -0.9267498 0.3743386 -0.01267367 -0.9999198 0 0.3201828 -0.8700735 0.3747736 0.3638216 -0.9314687 0 0.6257115 -0.6844069 0.3742625 0.6909403 -0.7229119 0 0.8406499 -0.3909897 0.3747464 0.9149489 -0.4035698 0 0.9259427 -0.04900431 0.3744714 0.9995011 -0.03158611 0 0.8360574 0.3827984 0.393031 0.3292928 0.051894 0.9428008 -0.004733383 -0.3749871 0.9270181 0.422737 -0.05790823 0.9044005 -0.189566 -0.3463613 0.9187485 -0.2282287 -0.30695 0.9239553 -0.309962 -0.2515219 0.9168753 0.3051936 0.2305997 0.9239484 -0.752182 -0.534326 0.38564 0.01250576 -0.03981041 0.999129 0.3105983 0.2236038 0.923867 0.2880099 0.259538 0.9217865 0.144137 0.3465332 0.9268977 -1.35461e-6 0.3767518 0.9263142 -0.1442018 0.3466668 0.9268376 -0.2666115 0.2665422 0.9262147 -0.3464867 0.1441426 0.9269142 -0.3797856 0.03623604 0.9243646 -0.3793774 -0.03619801 0.9245337 0.379733 -0.03786677 0.9243208 0.3520362 -0.1926337 0.9159491 -0.4277308 -0.1454678 0.8921242 -0.2666221 -0.2665551 0.926208 0.2660792 -0.2660322 0.9265143 -0.1524811 -0.3433098 0.9267621 5.75371e-6 -0.4985803 0.8668436 0.1518613 -0.4291631 0.8903692 0.13722 -0.3513234 0.926144 0.3956767 -0.2048014 0.8952633 0.3722017 -0.2715387 0.887543 0 0.9238801 0.3826821 0.09478706 0.9954976 0 0 1 0 0.6070021 0.6041572 0.5162776 0.923919 0.001183807 0.3825865 0.9999887 -0.004775881 0 0.9999991 0.001395463 0 0.6079756 -0.6033704 0.5160523 0.9999714 0.00756675 0 0.08568799 -0.91936 0.3839723 0 -1 0 0.09478706 -0.9954976 0 0.3372486 -0.8637581 0.3744134 0.3840053 -0.9233309 0 0.6423121 -0.6685065 0.374879 0.7071559 -0.7070577 0 0.8481709 -0.3747363 0.3744049 0.923303 -0.3840723 0 0.9269205 -0.01895815 0.3747786 1 -2.1678e-5 0 0.8636885 0.337403 0.3744347 0.9232845 0.384117 0 0.6686219 0.64222 0.374831 0.7071772 0.7070365 0 0.3748108 0.8481168 0.3744528 0.3840975 0.9232925 0 0.09671628 0.9208279 0.3777858 0.09478706 0.9954976 0 -0.08594614 0.9193403 0.3839617 -0.09481006 0.9954954 0 -0.3372895 0.8637523 0.3743901 -0.3840558 0.92331 0 -0.6423169 0.6685211 0.3748448 -0.7071294 0.7070842 0 -0.8481501 0.3747252 0.3744629 -0.9233313 0.3840047 0 -0.9208334 0.09671658 0.3777722 -0.9954977 0.09478688 0 -0.9192841 -0.0865063 0.3839706 -0.9954976 -0.09478694 0 -0.8637585 -0.3372483 0.3744127 -0.9233311 -0.3840051 0 -0.6685791 -0.6422461 0.3748629 -0.7071292 -0.7070845 0 -0.3747703 -0.8481558 0.3744047 -0.3840557 -0.92331 0 -0.09678715 -0.920818 0.3777916 -0.09481 -0.9954955 0 0.08593958 -0.9193595 0.3839175 0.09478706 -0.9954976 0 0.3373339 -0.8637267 0.3744089 0.3840983 -0.9232922 0 0.6423587 -0.6684976 0.3748151 0.7071786 -0.707035 0 0.8481281 -0.3747699 0.3744681 0.9232855 -0.3841145 0 0.926934 -0.01893174 0.3747465 1 2.45955e-5 0 0.863724 0.337361 0.3743906 0.9232756 0.3841383 0 0.6686196 0.6422359 0.3748078 0.3748109 0.8481173 0.3744515 0.0850203 0.9194108 0.3839991 0.1924706 0.3522675 0.9158945 0.0361045 0.379109 0.9246475 0.1346271 -0.351027 0.9266367 0.02890938 -0.3036184 0.9523551 -0.05909246 -0.398154 0.9154134 0.1277109 0.09755116 0.9870024 0 0.3826842 0.9238793 0.3826993 4.78486e-4 0.9238729 -0.3025041 -0.028813 0.9527125 -0.3798912 0.03619182 0.9243229 0.1026681 -0.128727 0.9863513 0.03539013 -0.3799206 0.924342 0.03615063 0.3795868 0.9244496 -0.0361399 0.3794955 0.9244875 0.1346446 -0.3510476 0.9266265 0.2660893 -0.2660552 0.9265048 0.2066837 0.3777726 0.9025352 0.3460274 0.1439534 0.9271152 0.3343298 0.2869352 0.8977147 0.4268416 -0.1731194 0.8876013 0.4985924 -1.54041e-6 0.8668366 -0.1217192 0.3650207 0.9230083 -0.2665655 0.2664952 0.9262415 -0.3466055 0.1441507 0.9268685 -0.364978 -0.1216689 0.9230319 -0.2665589 -0.2665004 0.9262419 -0.1729333 -0.3436208 0.9230486 0.2661394 -0.2660828 0.9264824 0.3433188 -0.1524792 0.926759 0.3344337 0.2869398 0.8976746 0.4985903 -1.45286e-6 0.8668379 0.4290779 0.1519147 0.8904011 -0.9237738 -0.00264424 0.3829295 -0.9957541 0.09205377 0 -0.9999959 -0.002864003 0 -0.9244582 -0.04716318 0.3783554 -0.9983774 -0.05694377 0 -0.8886132 -0.2655577 0.3739597 -0.9517978 -0.3067262 0 -0.7155578 -0.5897682 0.3743669 -0.7578013 -0.6524854 0 -0.4376928 -0.8173086 0.3747426 -0.454313 -0.8908421 0 -0.09301322 -0.9226421 0.3742729 -0.07828938 -0.9969308 0 0.2684454 -0.8873909 0.3747996 0.3085595 -0.9512051 0 0.5809469 -0.7226759 0.3744869 0.6430972 -0.7657845 0 0.8354945 -0.4031382 0.3734014 0.9122895 -0.409546 0 0.9214172 -0.08578175 0.3789878 0.9964306 -0.08441573 0 0.9191586 0.08734542 0.3840811 0.9954085 0.09571796 0 0.8636969 0.3373997 0.3744184 0.9232851 0.3841155 0 0.6686238 0.642222 0.3748242 0.7071753 0.7070383 0 0.3748103 0.8481171 0.3744525 0.3840951 0.9232937 0 0.01886832 0.9269283 0.3747641 -2.21214e-5 1 0 -0.3372916 0.8637514 0.3743903 -0.3840556 0.9233101 0 -0.6423265 0.6685298 0.3748129 -0.7071306 0.707083 0 -0.8481306 0.3747744 0.3744578 -0.9195636 0.08237743 0.3842092 -0.3522465 0.1924586 0.9159051 -0.3795596 0.03506004 0.9245028 0.3510549 0.1346982 0.9266158 0.3798093 0.03653079 0.9243432 0.3977371 -0.05291777 0.9159721 -0.3820903 -0.001587808 0.9241237 -0.39146 -0.009462893 0.9201466 0.2224292 -0.09985291 0.969822 -0.3578504 -0.1153382 0.9266284 -0.284561 -0.2450159 0.9268184 -0.1711257 -0.3355489 0.9263492 0.2415826 -0.2877182 0.9267449 0.03537267 -0.3922066 0.9191969 -0.03908711 -0.4979414 0.8663293 0.266141 0.2660765 0.9264838 -0.1439322 0.3460586 0.9271068 -0.287031 0.3342534 0.8977126 0.1731026 0.4269148 0.8875694 -5.94929e-6 0.4985824 0.8668424 0 -1.33654e-6 -1 0 0.8660762 -0.499912 0 0.866075 -0.4999142 0 -0.8660761 -0.4999123 0 1.31463e-6 -1 0 -0.8660751 0.4999138 0 -0.8660751 -0.4999138 0 1.31463e-6 1 0 -0.8660761 0.4999123 0 0.8660762 0.499912 0 -1.33654e-6 1 0 0.866075 0.4999142 0.7818768 -0.4960671 0.3776062 0.690073 -0.7237398 0 0.8495262 -0.5275466 0 0.8812239 -0.2712702 0.3871136 0.9566887 -0.2911134 0 0.9255473 0.05166065 0.375091 0.9969534 0.07799923 0 0.7767212 0.5066274 0.3742097 0.8163102 0.577614 0 0.3791752 0.8432854 0.3809146 0.3904634 0.9206184 0 -0.01640576 0.9269689 0.3747792 -0.04160583 0.9991341 0 -0.4913001 0.7866437 0.3739197 -0.56209 0.8270761 0 -0.7847076 0.489683 0.3800587 -0.8526532 0.5224775 0 -0.8262608 0.4109202 0.3852766 -0.8953819 0.4452994 0 0.8102637 0.4429014 0.3838113 0.9152049 0.4029889 0 0.8770182 0.4804573 0 0.668734 0.6417936 0.3753609 0.7066448 0.7075685 0 0.3677503 0.8508454 0.3752625 0.3772513 0.9261109 0 0.01712 0.926694 0.3754267 -0.001846492 0.9999984 0 -0.3382539 0.8630847 0.3750588 -0.384989 0.9229212 0 -0.6420911 0.6683521 0.3755323 -0.7070074 0.7072062 0 -0.8475238 0.375452 0.3751522 -0.9228848 0.3850762 0 -0.9266977 0.01804536 0.3753741 -0.9999995 -9.91296e-4 0 -0.8870258 -0.2654011 0.3778197 -0.9547755 -0.2973276 0 -0.810915 -0.4416136 0.3839197 -0.8778035 -0.4790208 0 -0.6757607 -0.6339864 0.3760436 -0.7158408 -0.6982636 0 -0.38328 -0.8440429 0.3750842 -0.393066 -0.9195103 0 -0.0199638 -0.9266679 0.3753506 -6.11478e-4 -0.9999998 0 0.3405079 -0.8621865 0.3750852 0.3874516 -0.9218901 0 0.6400704 -0.6640232 0.3865011 0.1212688 -0.3660609 0.9226556 0.2608328 -0.2735875 0.9258057 0.001482784 0.06348907 0.9979815 0.3238716 -0.2012071 0.9244583 0.3611706 -0.1129854 0.9256296 -0.2034763 0.299286 0.9322153 -0.3344426 0.2274168 0.9145655 0.5311973 0.03938043 0.8463326 0.3371168 0.3069229 0.8900284 0.09731769 0.3411966 0.9349408 0.005166351 0.3796502 0.9251158 0.3350111 0.1825847 0.924354 0.8445711 0.3718805 0.3852335 -0.3649063 -0.1111831 0.9243819 -0.3459206 -0.1728634 0.9222024 -0.3850751 0.02886176 0.9224339 0.3310405 0.3156468 0.8892578 0.1877818 0.3521832 0.9168998 -0.2664018 0.2663898 0.9263188 -0.3953951 0.2058835 0.8951395 0.02123403 0.4495799 0.8929877 -0.2514665 0.389022 0.8862429 -0.307714 -0.2497504 0.9181159 -0.1471881 -0.3443608 0.9272277 -4.13069e-4 -0.376452 0.9264361 0 1.33654e-6 -1 0 0.866075 -0.4999141 0 0.8660767 -0.4999113 0 -0.8660761 -0.4999125 0 -1.33653e-6 -1 0 -0.8660756 0.499913 0 -0.8660756 -0.499913 0 -1.31462e-6 1 0 -0.8660761 0.4999125 0 0.866075 0.4999141 0 1.33654e-6 1 0 0.8660766 0.4999114 -0.09280019 -0.9204706 0.3796341 -0.4051104 -0.9142678 0 -0.09213197 -0.9957469 0 0.04669523 -0.922886 0.3822318 0.05428242 -0.9985257 0 0.1654774 -0.9098166 0.3805931 0.1851298 -0.9827142 0 0.3044738 -0.8734008 0.380088 0.3365572 -0.9416631 0 0.4580488 -0.8038024 0.3795961 0.5030684 -0.8642466 0 0.5787694 -0.7212473 0.3805633 0.6299888 -0.7766043 0 0.6640717 -0.644313 0.3793013 0.7224782 -0.6913939 0 0.7615718 -0.5247438 0.3803321 0.8284062 -0.560128 0 0.8514105 -0.3613485 0.3801679 0.9241035 -0.3821426 0 0.9066548 -0.1828538 0.3801862 0.9819782 -0.1889945 0 0.9247686 -0.007331252 0.3804594 1 1.32549e-4 0 0.9095571 0.1674802 0.3803371 0.9818377 0.1897229 0 0.8574652 0.3467752 0.3801321 0.9235481 0.3834827 0 0.7698169 0.5126488 0.3802276 0.8273631 0.5616675 0 0.6579729 0.6498341 0.3805094 0.7057639 0.7084472 0 0.5236681 0.7622949 0.3803661 0.5589997 0.829168 0 0.3608391 0.8516392 0.3801395 0.3816407 0.9243109 0 0.1826432 0.9066744 0.3802409 0.1888068 0.9820143 0 0.04466533 0.9234104 0.3812067 0.04435789 0.9990158 0 -0.08608096 0.9194077 0.3837701 -0.09603196 0.9953783 0 -0.337393 0.8633939 0.3751227 -0.3840898 0.9232958 0 -0.6420598 0.6683567 0.3755775 -0.7070592 0.7071545 0 -0.8478935 0.3745592 0.3752095 -0.9232696 0.3841527 0 -0.9207008 0.09661388 0.3781216 -0.9954952 0.09481358 0 -0.9191832 -0.08664113 0.3841817 -0.9954951 -0.09481322 0 -0.8633478 -0.3374259 0.3751992 -0.9232697 -0.3841525 0 -0.6683891 -0.6420031 0.375617 -0.7072097 -0.7070039 0 -0.3746828 -0.8478224 0.3752467 -0.3842849 -0.9232146 0 -0.0189141 -0.9266079 0.3755533 2.60821e-7 -1 0 0.3374239 -0.8633487 0.3751987 0.3841515 -0.9232701 0 0.6422355 -0.6681723 0.3756055 0.707257 -0.7069566 0 0.8479892 -0.3743324 0.3752195 0.9233508 -0.3839574 0 0.9203346 -0.0993756 0.3782971 0.9951821 -0.09804439 0 0.923957 -9.9809e-4 0.3824953 0.9999995 -9.911e-4 0 0.6069446 -0.6042109 0.5162823 0.9999899 0.004507958 0 -0.08363854 -0.9192295 0.3847361 -0.0939449 -0.9955774 0 -0.3375798 -0.8538927 0.3961152 -0.3824141 -0.9239911 0 -0.6394321 -0.6599263 0.3944921 -0.7065285 -0.7076846 0 -0.8421062 -0.365956 0.3961483 -0.9233554 -0.3839463 0 -0.9187726 -0.01463371 0.3945161 -0.9999997 -8.41795e-4 0 -0.8538892 0.3375917 0.3961123 -0.923991 0.3824143 0 -0.6594486 0.6399087 0.3945181 -0.7071066 0.707107 0 -0.3645949 0.8427038 0.3961325 -0.3824137 0.9239913 0 -0.08597338 0.9176502 0.3879777 -0.08507931 0.9963743 0 0.0086447 0.9239287 0.3824672 0.008900344 0.9999604 0 -0.05867272 0.9241616 0.3774691 -0.07084774 0.9974872 0 -0.2805086 0.8835594 0.3750172 -0.3214234 0.9469357 0 -0.5956784 0.710309 0.3750045 -0.6593257 0.7518575 0 -0.8174703 0.4365122 0.3757653 -0.8905673 0.4548519 0 -0.9211268 0.1032632 0.3753161 -0.996026 0.08906269 0 -0.8866308 -0.2700523 0.3754432 -0.9503377 -0.3112207 0 -0.7142731 -0.5907827 0.3752199 -0.7565637 -0.65392 0 -0.3660566 -0.844285 0.3913893 -0.2611166 -0.2830894 0.9228643 -0.2407668 0.2872631 0.9270983 -0.12102 0.3564813 0.9264315 -0.01186805 0.3977426 0.9174202 0.005304932 0.3838358 0.9233862 -0.03516161 -0.3798313 0.9243873 0.01864439 0.3889203 0.9210829 0.02070266 -0.3815041 0.9241353 0.06182485 -0.3794539 0.9231427 -0.09097814 0.3078913 0.9470617 0.1284191 -0.3591855 0.9243886 -0.1998026 0.2441057 0.9489423 0.1914963 -0.3289405 0.924731 0.2406988 -0.2968125 0.9241031 0.27114 -0.277149 0.9217763 0.3154007 -0.213223 0.9246938 -0.276313 0.1143393 0.9542421 -0.3139837 0.03102308 0.9489214 0.3738355 -0.07196033 0.9246994 0.3610222 -0.1746265 0.9160615 0.3812251 5.30826e-5 0.9244823 0.3737968 0.07223284 0.9246937 -0.2761052 -0.1147707 0.9542504 -0.2440683 -0.1999993 0.9489105 0.314891 0.213786 0.9247373 0.3788147 0.1318343 0.9160346 0.2690895 0.2701067 0.9244638 0.2128111 0.3156573 0.924701 -0.114342 -0.2763229 0.9542387 -0.07979595 -0.3221824 0.9433086 0.08934825 0.3770627 0.921868 0.145331 0.3520089 0.9246453 0.01699268 0.3820587 0.9239819 0.09062087 -0.1000083 0.9908514 -0.03661376 0.3798031 0.9243425 0.383751 -0.001449704 0.9234355 -0.3797407 0.03619295 0.9243847 -0.3021006 -0.02879714 0.9528411 -0.346102 0.144015 0.9270778 -0.2665744 0.2665755 0.9262158 -0.1439916 0.346188 0.9270492 -0.38288 -0.1142257 0.916709 0.3453931 -0.1436499 0.9273988 0.3797331 -0.03738415 0.9243404 -0.2726859 -0.2606211 0.9261312 -0.1913663 -0.3503411 0.9168643 0.286925 -0.334126 0.897794 -3.90187e-5 -0.4985654 0.8668521 0.1517817 -0.42984 0.8900561 -0.336314 0.1717789 0.9259509 -0.3154087 -0.3177718 0.8941692 -0.4983422 0.04465675 0.8658296 -0.4356527 -0.1181033 0.8923332 0.9262883 0.001705467 0.3768118 0.9122951 -0.4095334 0 0.999764 0.02172797 0 0.8853791 0.2660607 0.3812027 0.9557729 0.2941057 0 0.826659 0.4140148 0.3810864 0.8909088 0.4541823 0 0.7414174 0.5523679 0.3810382 0.7977306 0.6030142 0 0.6307882 0.6759316 0.3810811 0.6768286 0.7361406 0 0.4876577 0.7854239 0.3811814 0.5203832 0.8539329 0 0.3203555 0.8672361 0.381148 0.3392227 0.9407061 0 0.1552372 0.9113042 0.381348 0.1613713 0.9868938 0 -0.001502335 0.9243392 0.3815689 -0.007793366 0.9999697 0 -0.168291 0.9088255 0.3817255 -0.1893464 0.9819104 0 -0.3469254 0.8567475 0.3816106 -0.3826763 0.9238826 0 -0.5122566 0.7694397 0.381518 -0.5604019 0.8282208 0 -0.6491827 0.6579729 0.3816196 -0.7071074 0.7071062 0 -0.7617366 0.5236123 0.3815593 -0.8282208 0.5604019 0 -0.8511562 0.3604873 0.3815521 -0.9238862 0.3826674 0 -0.9063369 0.1818303 0.3814333 -0.9819116 0.18934 0 -0.9243351 0.006207227 0.3815313 -1 0 0 -0.908883 -0.1683373 0.3815681 -0.9819116 -0.18934 0 -0.8567906 -0.346934 0.381506 -0.9238862 -0.3826674 0 -0.769472 -0.5122792 0.3814224 -0.8282209 -0.560402 0 -0.6579636 -0.6491964 0.3816125 -0.707107 -0.7071066 0 -0.5235968 -0.7617044 0.3816452 -0.5604017 -0.828221 0 -0.3604846 -0.8511338 0.3816046 -0.3826764 -0.9238825 0 -0.1818394 -0.906323 0.3814617 -0.1893463 -0.9819104 0 -0.008309602 -0.9242958 0.3815865 -0.002459883 -0.999997 0 0.1610131 -0.910196 0.3815997 0.1811915 -0.9834479 0 0.3368009 -0.8608661 0.3814114 0.3717597 -0.928329 0 0.5053874 -0.7740395 0.3813748 0.5533228 -0.8329671 0 0.6368149 -0.6700377 0.3814662 0.6931065 -0.7208353 0 0.7286128 -0.5689083 0.3814013 0.7914943 -0.6111768 0 0.809867 -0.446152 0.3808726 0.879482 -0.4759322 0 0.8832083 -0.2743968 0.3803283 0.9578683 -0.2872078 0 0.924869 -0.01832437 0.3798442 0.999994 -0.003466844 0 0.8550373 0.3566495 0.376447 0.9122974 0.4095283 1.73082e-5 0.6113876 0.6971772 0.3743652 0.6430535 0.7658213 2.48923e-5 0.3035166 0.8760211 0.3747864 0.3083997 0.9512569 0 -0.05203992 0.9258559 0.3742761 -0.07816964 0.9969401 0 -0.4045358 0.8342323 0.3747097 -0.454361 0.8908177 0 -0.6895641 0.6199727 0.3743463 -0.7578462 0.6524333 0 -0.876304 0.3030775 0.3744803 -0.9518085 0.3066932 0 -0.9027029 0.1819007 0.3899224 -0.978459 0.2064419 0 -0.8575733 0.3387519 0.3870596 -0.9274501 0.373947 0 -0.791234 0.4732598 0.3872647 -0.8545944 0.5192961 0 -0.7059277 0.5932642 0.3869158 -0.7611376 0.6485905 0 -0.598239 0.7013838 0.3875191 -0.6432098 0.76569 0 -0.4560896 0.8007388 0.3883295 -0.487613 0.8730601 0 -0.2938623 0.8737285 0.3876129 -0.3115234 0.9502385 0 -0.140743 0.9115089 0.386449 -0.1461438 0.9892634 0 0.004876196 0.9223195 0.3863975 0.01166665 0.9999319 0 0.1675132 0.9064771 0.3876063 0.1893981 0.9819005 0 0.3460682 0.8542035 0.3880378 0.3830088 0.9237447 0 0.5112685 0.7669739 0.3877574 0.5612385 0.8276542 0 0.6480646 0.6558807 0.3870825 0.7080401 0.7061723 0 0.7599194 0.5218158 0.3875965 0.8287303 0.5596483 0 0.8487561 0.3593006 0.3879644 0.9240185 0.382348 0 0.9037438 0.1816235 0.3876341 0.9819238 0.1892771 0 0.9220132 0.006750762 0.3870997 1 -8.76411e-7 0 0.9065219 -0.1674707 0.3875199 0.9819236 -0.1892779 0 0.8544587 -0.3454767 0.3880031 0.9240185 -0.382348 0 0.7679452 -0.5098384 0.3877177 0.8287303 -0.5596482 0 0.6575945 -0.6463289 0.3870769 0.7080397 -0.7061727 0 0.5232941 -0.7588829 0.3876338 0.5612375 -0.827655 0 0.3599065 -0.8484592 0.388052 0.3830075 -0.9237453 0 0.1817273 -0.9036806 0.3877328 0.1893973 -0.9819005 0 0.01607149 -0.9222236 0.386323 0.01095819 -0.99994 0 -0.1322011 -0.9127638 0.3865038 -0.1496979 -0.9887318 0 -0.2883695 -0.8755624 0.3875997 -0.3201816 -0.9473562 0 -0.4556797 -0.8008546 0.3885719 -0.5020747 -0.8648244 0 -0.6044601 -0.6958851 0.3877782 -0.6616017 -0.7498554 0 -0.7142536 -0.5833206 0.3867545 -0.7787069 -0.627388 0 -0.795415 -0.4666088 0.3867704 -0.865829 -0.50034 0 -0.8558679 -0.3437485 0.3864289 -0.9302443 -0.3669408 0 -0.9075607 -0.1507224 0.3919392 -0.9884815 -0.1513426 0 -0.9244567 -0.04722112 0.3783519 -0.9983776 -0.0569415 0 -0.8886304 -0.2655113 0.3739519 -0.9518184 -0.3066622 0 -0.7155959 -0.5897261 0.3743605 -0.7578424 -0.6524377 0 -0.4377103 -0.8173216 0.3746933 -0.4543102 -0.8908435 0 -0.09287983 -0.9226685 0.374241 -0.07814967 -0.9969416 0 0.268424 -0.8874175 0.3747518 0.3085302 -0.9512146 0 0.5808417 -0.7227634 0.374481 0.6429671 -0.7658938 0 0.8417755 -0.370428 0.3926796 0.3339967 -0.1895992 0.9233084 -0.1711745 -0.3355512 0.9263395 0.2386799 -0.3540675 0.9042501 -0.357953 -0.1153776 0.926584 -0.3131538 -0.2285748 0.9217854 0.3718659 -0.1055193 0.9222697 0.364371 0.1121081 0.9244813 -0.3622765 -0.07879388 0.9287343 -0.3551017 -0.1400684 0.9242748 0.3399105 0.1732839 0.9243558 -0.3091541 -0.198423 0.9300817 0.3040387 0.2298232 0.9245225 -0.2973103 -0.2395528 0.9242408 0.2580288 0.2806541 0.9244753 -0.2253558 -0.2863002 0.931261 0.2026252 0.3232743 0.9243575 -0.1913717 -0.3296895 0.92449 -0.09929913 -0.3555747 0.9293581 0.1292542 0.3584322 0.9245647 0.06155002 0.3764349 0.9243963 -0.05712532 -0.3773531 0.9243059 0.02078318 -0.3698368 0.9288643 -0.003197848 0.3810846 0.9245346 -0.06825315 0.3751576 0.924445 0.08751118 -0.3633788 0.9275223 0.1464735 -0.3112555 0.9389705 -0.1459716 0.3522739 0.9244434 -0.2135243 0.3155618 0.9245692 0.2138289 -0.3153447 0.9245728 0.2740128 -0.2465876 0.929576 -0.2692923 0.269223 0.9246625 -0.3136319 0.2170621 0.9244021 0.3190075 -0.1948884 0.9274982 0.3238126 -0.1166495 0.9389028 -0.3524243 0.14591 0.9243957 -0.3742094 0.07215881 0.9245327 0.3742302 -0.07215338 0.9245247 0.36815 0.01895809 0.9295732 -0.3808915 0 0.9246199 -0.3752912 -0.06828343 0.9243885 0.3634902 0.08750414 0.9274794 0.3115579 0.1461436 0.9389216 -0.3524176 -0.1459162 0.9243974 -0.3156033 -0.2135514 0.9245489 0.3157542 0.2132302 0.9245713 0.2473042 0.2733672 0.9295758 -0.2692929 -0.2692236 0.9246622 -0.2170268 -0.3135885 0.9244251 0.1952636 0.31863 0.927549 0.1168037 0.3235054 0.9389895 -0.1459729 -0.3522729 0.9244436 -0.0721659 -0.3741919 0.9245391 0.07215118 0.3741051 0.9245754 -0.01243376 0.3702641 0.9288434 -0.001022696 -0.3809127 0.9246104 0.06527817 -0.3758416 0.9243819 -0.06849116 0.369189 0.9268271 -0.1200571 0.3259969 0.9377166 0.1416868 -0.353809 0.9245237 0.2107557 -0.3172465 0.9246279 -0.1979914 0.3141868 0.928486 -0.2518936 0.2711862 0.928982 0.2117348 -0.2201989 0.9521979 0.3020414 -0.233241 0.9243212 -0.2947772 0.2338561 0.9265083 -0.3263497 0.1983007 0.9242147 -0.350359 0.1231741 0.9284809 0.3353192 -0.1814489 0.924466 0.3631938 -0.1157282 0.9244984 -0.3733823 0.07879054 0.9243256 -0.3654158 0.1588228 0.917195 0.3028443 -0.02841907 0.9526162 0.3539851 0.1308867 0.9260471 -0.27622 0.258033 0.9258086 -0.1712508 0.3358464 0.9262183 0.01163679 0.401023 0.9159941 0.2415713 0.2877029 0.9267527 0.153885 0.474563 0.8666657 -0.4084488 -0.1485607 0.9006105 0.01678144 -0.4856896 0.8739702 0.1499169 -0.3094289 0.9390307 -0.1202674 -0.9177801 0.3784382 -0.4604327 -0.8876948 0 -0.1196966 -0.9928106 0 0.07623338 -0.9203611 0.3835676 0.08693861 -0.9962137 0 0.337248 -0.8637585 0.3744131 0.3840057 -0.9233309 0 0.6423044 -0.6685342 0.3748428 0.7071552 -0.7070584 0 0.8482017 -0.3747492 0.3743221 0.9233019 -0.384075 0 0.9269466 -0.0189597 0.374714 1 -2.46341e-5 0 0.8637316 0.3374243 0.3743163 0.9232856 0.3841144 0 0.6685698 0.6423013 0.3747846 0.7071064 0.7071072 0 0.3747903 0.8481629 0.3743688 0.3841148 0.9232855 0 0.0968039 0.9208371 0.3777409 0.09490656 0.9954862 0 0 0.9238802 0.3826819 -0.03548383 0.9245598 0.3793814 -0.04279863 0.9990838 0 -0.2251682 0.8994664 0.3745124 -0.2613896 0.9652334 0 -0.5403176 0.7536159 0.3743264 -0.5999513 0.8000366 0 -0.7902939 0.4849427 0.3745213 -0.8632522 0.504773 0 -0.9161535 0.143001 0.374451 -0.991086 0.1332241 0 -0.9034107 -0.2080467 0.3749208 -0.9699208 -0.2434211 0 -0.7595981 -0.5318792 0.3743197 -0.8062444 -0.5915827 0 -0.4173174 -0.8194813 0.3928061 -0.2250948 -0.2466825 0.9425922 -0.3242294 0.1895506 0.9267933 -0.3706415 -0.2146167 0.9036397 -0.2070373 0.3280254 0.9217022 -0.07850492 0.2898905 0.9538347 -0.03635489 -0.3016102 0.9527381 -0.01636809 0.3818364 0.9240851 0 0.382683 0.9238798 -0.01931226 -0.3146148 0.9490231 0.1216558 -0.364974 0.9230353 0.1438875 0.3458811 0.9271799 0.03618049 0.3798079 0.9243577 0.2605606 -0.2726421 0.9261612 0.3431602 -0.1731097 0.923187 0.3460901 0.1439645 0.9270901 0.3342229 0.2869819 0.8977397 0.4985815 -5.59352e-6 0.8668429 -0.494855 0.06649315 0.866428 -0.317095 -0.1270498 0.9398453 -0.08407092 -0.921585 0.3789634 -0.4096043 -0.9122633 0 -0.0822727 -0.9966099 0 0.04245865 -0.9231402 0.382112 0.04876655 -0.9988103 0 0.1671328 -0.9098701 0.3797406 0.1895856 -0.9818642 -2.11875e-5 0.3459995 -0.8580106 0.3796079 0.3829246 -0.9237797 -3.93489e-5 0.5115718 -0.7708204 0.3796451 0.5605717 -0.828106 0 0.6486483 -0.6594954 0.3798964 0.7071067 -0.7071068 0 0.7613162 -0.5255113 0.3797839 0.8280762 -0.5606157 0 0.85117 -0.3624472 0.3796604 0.9237885 -0.3829034 0 0.9067345 -0.1836642 0.3796053 0.9818728 -0.1895411 0 0.9249745 -0.007701992 0.3799512 1 2.12867e-5 0 0.9098473 0.1672326 0.3797513 0.9818392 0.1897148 0 0.8578055 0.3465508 0.3795685 0.923541 0.3834998 0 0.7701435 0.5125859 0.379651 0.8273421 0.5616984 0 0.6583091 0.6498656 0.3798735 0.7058007 0.7084105 0 0.5240862 0.7622963 0.379787 0.559059 0.8291279 0 0.3612366 0.851697 0.3796321 0.3816346 0.9243134 0 0.1829658 0.9068443 0.3796802 0.1888068 0.9820143 0 0.04484099 0.9235007 0.380967 0.04436779 0.9990153 0 -0.08570426 0.9194657 0.3837157 -0.09602576 0.9953789 0 -0.3372895 0.8637526 0.3743892 -0.3840554 0.9233101 0 -0.642318 0.6685203 0.3748444 -0.7071285 0.7070851 0 -0.848151 0.374724 0.3744621 -0.9233309 0.3840053 0 -0.9208337 0.09671616 0.3777719 -0.9954977 0.0947864 0 -0.9192842 -0.08650761 0.3839704 -0.9954977 -0.09478646 0 -0.8637586 -0.3372485 0.3744125 -0.9233319 -0.3840031 0 -0.6685785 -0.6422467 0.3748629 -0.7071308 -0.7070828 0 -0.3747696 -0.848156 0.3744052 -0.3840559 -0.9233099 0 -0.01890289 -0.9269291 0.3747601 -2.29618e-5 -1 0 0.3373342 -0.8637266 0.3744089 0.3840969 -0.9232928 0 0.642347 -0.6685107 0.3748116 0.7071774 -0.7070363 0 0.8481636 -0.3747895 0.3743681 0.9232849 -0.3841159 0 0.9208372 -0.09680348 0.3777409 0.9954861 -0.0949071 0 0.9238796 0 0.3826833 1 0 0 0.606249 -0.6062482 0.514709 -0.08321636 -0.9192109 0.384872 -0.09395313 -0.9955767 0 -0.3369538 -0.8536775 0.3971108 -0.3823664 -0.9240108 0 -0.6386799 -0.6602248 0.3952105 -0.7065021 -0.7077109 0 -0.8415153 -0.3662213 0.3971577 -0.9233644 -0.3839247 0 -0.9184137 -0.01533317 0.3953242 -0.9999997 -8.42916e-4 0 -0.8536616 0.3369765 0.3971258 -0.9239968 0.3824005 0 -0.6596539 0.6391798 0.3953555 -0.7071068 0.7071068 0 -0.3648281 0.8421353 0.3971254 -0.3824103 0.9239926 0 -0.1012966 0.9164354 0.3871503 -0.1027681 0.9947054 0 -0.008639991 0.9237287 0.3829501 -0.008857667 0.9999608 0 -0.04716598 0.9244571 0.3783577 -0.05694335 0.9983775 0 -0.2655593 0.8886125 0.3739601 -0.3067229 0.9517989 0 -0.5896987 0.7156128 0.3743713 -0.6524099 0.7578663 0 -0.817274 0.4377186 0.3747874 -0.8908519 0.4542939 0 -0.922647 0.09290462 0.3742878 -0.9969399 0.0781728 0 -0.8874063 -0.2684282 0.374775 -0.9512056 -0.3085582 0 -0.7227156 -0.5809376 0.3744244 -0.7658354 -0.6430367 0 -0.3704941 -0.8417488 0.3926743 -0.2105367 -0.2579123 0.9429504 -0.2385451 0.2904813 0.9266697 -0.1153351 0.3578507 0.9266288 -0.009356379 0.3947157 0.9187557 -0.005226016 0.3813968 0.9243968 -0.03141379 -0.380376 0.9242983 0.01862412 -0.3818048 0.9240553 -0.05649262 0.3614077 0.9306949 0.06567525 -0.3761855 0.9242139 0.1459927 -0.352119 0.924499 -0.09092384 0.3130474 0.9453753 0.2050371 -0.3253442 0.9230986 0.2696686 -0.2696703 0.9244225 -0.2038614 0.2572431 0.9445986 0.3112317 -0.2259007 0.9230946 0.350306 -0.153007 0.9240534 -0.2857727 0.1568876 0.9453679 0.373952 -0.07220923 0.9246328 -0.3005193 -2.54658e-4 0.9537758 0.3797389 0.06059885 0.9231069 0.3812257 8.82964e-6 0.924482 0.3557904 0.1398886 0.924037 -0.343767 -0.1243147 0.9307901 0.3250074 0.2054091 0.9231345 0.2691726 0.270157 0.924425 -0.2573867 -0.2041248 0.9445027 0.2129223 0.3158064 0.9246245 -0.1143169 -0.276238 0.9542664 -0.08756244 -0.3343117 0.9383862 0.08468466 0.3749384 0.9231737 0.1454614 0.3523005 0.9245136 0.01697343 0.3820055 0.9240042 0.08941286 -0.1031449 0.9906395 -0.03661137 0.3797495 0.9243646 0.3826838 0 0.9238795 -0.3799018 0.03619217 0.9243186 -0.3024958 -0.02881854 0.952715 -0.346648 0.1441669 0.9268501 -0.2665536 0.2665078 0.9262413 -0.1441916 0.3466469 0.9268467 -0.3646721 -0.1211158 0.9232255 0.379458 -0.03615051 0.9245026 -0.2726418 -0.2605616 0.9261609 0.3778452 -0.2067139 0.9024979 -0.1730843 -0.3430936 0.9232164 0.1439316 -0.346028 0.9271184 0.2869824 -0.3342238 0.8977392 -5.6494e-6 -0.4985808 0.8668433 -0.3357551 0.1712307 0.9262552 -0.3583133 -0.1162092 0.9263407 -0.318792 -0.3120285 0.8949916 -0.4979194 0.03904926 0.8663437 -0.9525012 -0.304535 0 -0.9979645 -0.06377267 0 -0.9525011 -0.304535 0 -0.8620821 -0.5067687 0 -0.8620836 -0.5067661 0 -0.7137068 -0.7004446 0 -0.7137089 -0.7004425 0 -0.3930653 -0.9195106 0 -6.61474e-4 -0.9999998 0 -6.61465e-4 -0.9999998 0 0.3875386 -0.9218535 0 0.3875404 -0.9218528 0 0.718931 -0.6950815 0 0.7189326 -0.6950798 0 0.8817863 -0.4716492 0 0.881787 -0.471648 0 0.9543734 -0.2986159 0 0.9543734 -0.2986159 0 0.9999997 -8.97749e-4 0 0.9999997 -8.95806e-4 0 0.9228661 0.3851209 0 0.9228654 0.3851227 0 0.7070005 0.7072131 0 0.707002 0.7072116 0 0.3849865 0.9229223 0 0.3849884 0.9229215 0 0.001259565 0.9999993 0 0.001259207 0.9999992 0 -0.3826086 0.9239106 0 -0.382609 0.9239104 0 -0.7028182 0.7113695 0 -0.702816 0.7113717 0 -0.8709017 0.4914576 0 -0.8709 0.4914602 0 -0.9135916 0.406633 0 -0.9135917 0.406633 0 0.8456291 0.533771 0 0.9007108 0.4344192 0 0.8456174 0.5337897 0 0.7510044 0.6602973 0 0.7509899 0.6603139 0 0.5822288 0.8130251 0 0.2265812 0.9739924 0 0.2265812 0.9739924 0 -0.1556658 0.9878098 0 -0.1556669 0.9878096 0 -0.5122131 0.8588585 0 -0.512214 0.8588579 0 -0.8056619 0.5923758 0 -0.9732496 0.2297505 0 -0.9732514 0.2297426 0 -0.997965 -0.06376463 0 -0.3661213 0.1171066 0.9231692 -0.7043855 -0.0449593 0.7083923 -0.3803335 -0.02419847 0.9245329 0.2492552 0.2976054 0.9215763 0.0959208 0.4518625 0.8869158 0.4081565 0.5700116 0.7130885 0.1584116 0.680996 0.7149478 0.3141852 0.2123959 0.9252976 0.5308129 0.4667225 0.7073951 -0.3608087 -0.1153536 0.9254787 -0.6693354 -0.213979 0.7114795 0.5960311 0.3761956 0.7093827 0.5917342 0.3872365 0.7070351 0.6369066 0.3071892 0.7070961 -9.64618e-4 0.06293207 0.9980174 -0.6090179 -0.3580786 0.7077266 -0.3370296 -0.1872276 0.92269 -0.3073372 -0.2514328 0.9177829 -0.5003565 -0.4911429 0.7130371 -0.1471474 -0.3443143 0.9272515 -0.2747851 -0.6428223 0.7150334 -5.23377e-4 -0.7002617 0.7138861 -3.70326e-4 -0.3764668 0.9264301 0.1452118 -0.3454965 0.9271169 0.2699843 -0.2610014 0.9268155 0.3365391 -0.1800475 0.9242967 0.3757632 -0.1434397 0.9155474 0.6225515 -0.3330049 0.708193 0.6726893 -0.2104904 0.709354 0.503187 -0.4864934 0.7142319 0.2711271 -0.6449113 0.7145486 0.3956232 -0.03841346 0.9176093 0.7004598 -6.41817e-4 0.7136916 -0.2641194 0.2672936 0.926712 -0.3393443 0.2157401 0.9155882 0.3498501 0.1355405 0.9269486 0.6456343 0.2694392 0.7145341 0.4955747 0.4956804 0.7132369 0.2664073 0.2664011 0.9263141 -0.1346483 0.4243509 0.8954308 0.1929655 0.4623476 0.8654473 0.02268278 0.4497477 0.8928676 8.70988e-4 0.7006881 0.7134672 0.2693554 0.6457415 0.7144688 -0.267692 0.6463767 0.7145196 -0.4927309 0.4987034 0.7130997 -0.6143383 0.3466824 0.7088016 -0.6459634 0.2875173 0.7071529 -0.1091974 0.6930175 0.7126027 -0.05870789 0.3728711 0.9260241 -0.2565028 0.4300507 0.8655997 -0.3491559 0.2853557 0.8925594 -0.5642682 0.4149041 0.7137619 -0.3582733 0.6007212 0.7146847 -0.6805356 0.1606529 0.714886 -4.77444e-5 0 -1 -4.7716e-5 0 -1 -4.7664e-5 0 -1 -0.1199908 -0.9175902 0.3789864 -0.4604136 -0.8877045 0 -0.1195911 -0.9928233 0 0.07672131 -0.9202105 0.3838315 0.08696037 -0.9962118 0 0.3373725 -0.8633567 0.3752266 0.3840891 -0.9232961 0 0.6420293 -0.6683691 0.3756079 0.7070593 -0.7071543 0 0.8478928 -0.3745599 0.3752102 0.9232698 -0.3841522 0 0.9266107 -0.01886004 0.3755491 1 4.8919e-5 0 0.8633318 0.3374662 0.3751997 0.9232509 0.3841974 0 0.6683886 0.6420036 0.3756171 0.7072088 0.7070047 0 0.3746856 0.8478224 0.375244 0.3842862 0.9232141 0 0.09669095 0.9206773 0.3781589 0.09481316 0.9954952 0 0 0.9238796 0.3826835 -0.03544825 0.9245613 0.3793808 -0.04288882 0.9990799 0 -0.2252544 0.8992037 0.3750908 -0.2614106 0.9652277 0 -0.5402398 0.7532866 0.3751006 -0.5999701 0.8000224 0 -0.7899435 0.4848627 0.3753631 -0.8632166 0.5048338 0 -0.9159238 0.1426396 0.37515 -0.9910997 0.1331225 0 -0.9030701 -0.2082275 0.3756404 -0.9698762 -0.2435987 0 -0.7593215 -0.5316673 0.375181 -0.8063444 -0.5914465 0 -0.4163382 -0.8200317 0.3926966 -0.232388 -0.3311243 0.9145232 -0.3245491 0.1897388 0.926643 -0.3708713 -0.2145025 0.9035725 -0.0984404 0.3634185 0.9264106 -0.2066634 0.3273288 0.9220337 -0.1371619 -0.3435801 0.929053 0.02628701 -0.3007733 0.9533333 0 0.3826836 0.9238795 -0.01630759 0.3818565 0.9240778 0.03618973 0.3797249 0.9243913 0.1754842 0.3429769 0.9228067 0.1654499 -0.4290344 0.8880068 0.2664946 -0.2666952 0.9262043 0.2660983 0.2661085 0.9264869 0.3427919 -0.1524299 0.9269621 0.4985662 3.91919e-5 0.8668516 0.4297361 0.1517801 0.8901067 -0.4625442 -0.02224457 0.8863172 -0.3172435 -0.1269321 0.9398111 -0.7012043 -0.007341504 0.7129226 -0.4825699 -0.1293109 0.8662592 -0.6829115 -0.1829869 0.7072113 -0.4826213 0.1291096 0.8662607 -0.6829114 0.182986 0.7072115 -0.61108 0.3440816 0.7128738 -0.5011974 0.4907487 0.7127179 -0.4311397 0.2383442 0.8702359 -0.2500056 0.4326077 0.8662263 -0.353526 0.6123186 0.7071671 -0.1295033 0.4825171 0.8662599 -0.182991 0.6829462 0.7071767 -0.007435441 0.7009891 0.7131333 0.1291142 0.4826231 0.8662589 0.1829833 0.6829174 0.7072064 0.3440804 0.6110779 0.7128762 0.4907482 0.5011972 0.7127185 0.2383453 0.4311413 0.8702349 0.4326067 0.2500046 0.866227 0.6123213 0.3535274 0.7071641 0.4825176 0.1294993 0.8662603 0.6829113 0.1829875 0.7072113 0.7012043 0.007341504 0.7129226 0.4826213 -0.1291096 0.8662607 0.6829114 -0.182986 0.7072115 0.61108 -0.3440816 0.7128738 0.5011974 -0.4907487 0.7127179 0.4311397 -0.2383442 0.8702359 0.2500056 -0.4326077 0.8662263 0.353526 -0.6123186 0.7071671 0.1295081 -0.482561 0.8662348 0.182982 -0.6828785 0.7072443 0.007294774 -0.7012044 0.712923 -0.1291073 -0.4826269 0.8662578 -0.1829831 -0.6828824 0.7072402 -0.3440804 -0.6110779 0.7128762 -0.4907482 -0.5011972 0.7127185 -0.2383453 -0.4311413 0.8702349 -0.4326067 -0.2500046 0.866227 -0.6123213 -0.3535274 0.7071641 -0.2496348 -0.06711846 0.9660112 -0.4995736 2.01746e-4 0.8662715 -0.24975 0.06668961 0.9660112 -0.3530731 0.3533592 0.8663006 -0.2214766 0.1161215 0.9682272 -0.1294696 0.2237915 0.9659994 -0.06711238 0.2495899 0.9660233 2.01842e-4 0.4996451 0.8662303 0.06668537 0.2497043 0.9660233 0.3533589 0.3530738 0.8663004 0.1161219 0.2214769 0.9682272 0.2237904 0.1294687 0.9659999 0.2496348 0.06711846 0.9660112 0.4995736 -2.01746e-4 0.8662715 0.24975 -0.06668961 0.9660112 0.3530731 -0.3533592 0.8663006 0.2214766 -0.1161215 0.9682272 0.1294696 -0.2237915 0.9659994 0.0671277 -0.2496805 0.9659988 -2.02794e-4 -0.4996138 0.8662483 -0.06669467 -0.2497962 0.9659989 -0.3533589 -0.3530738 0.8663004 -0.1161219 -0.2214769 0.9682272 -0.2216451 -0.1162539 0.9681728 2.14551e-4 -1.45266e-4 1 -0.1670402 -0.1707001 0.9710608 1.78682e-4 -1.91659e-4 1 2.22217e-4 -2.31119e-4 1 -0.2473262 0.01034659 0.9688771 0.006383597 -0.01274937 0.9998984 -0.1826062 0.182924 0.9660196 0.002858698 -0.01396328 0.9998985 -1.44744e-4 -2.15513e-4 1 -1.917e-4 -1.79814e-4 1 -2.3111e-4 -2.22157e-4 1 0.01029849 0.2476204 0.9688024 -0.01275038 -0.006387531 0.9998984 0.1829237 0.1826061 0.9660196 -0.01396399 -0.00285995 0.9998985 -2.14551e-4 1.45266e-4 1 -1.78682e-4 1.91659e-4 1 -2.22217e-4 2.31119e-4 1 0.2473262 -0.01034659 0.9688771 -0.006383597 0.01274937 0.9998984 0.1826062 -0.182924 0.9660196 -0.002858698 0.01396328 0.9998985 1.44744e-4 2.15513e-4 1 1.917e-4 1.79814e-4 1 2.3111e-4 2.22157e-4 1 -0.0104447 -0.2473145 0.968879 0.01275038 0.006387531 0.9998984 0.01396399 0.00285995 0.9998985 0.1832106 0.1828932 0.965911 0.01541292 0.0154128 0.9997624 0.2368534 0.1248227 0.9634935 0.2610571 0.05925846 0.9635028 0.249881 -0.06718569 0.9659429 0.2240028 -0.1295817 0.9659355 0.1828931 -0.1832107 0.965911 0.01635283 -0.001081347 0.9998657 0.1248217 -0.2368516 0.9634941 0.05920398 -0.2610552 0.9635067 -0.06717783 -0.24983 0.9659566 -0.1295796 -0.223999 0.9659367 -0.1832106 -0.1828932 0.965911 -0.001081407 -0.01635271 0.9998657 -0.2368534 -0.1248227 0.9634935 -0.2610571 -0.05925846 0.9635028 -0.249881 0.06718569 0.9659429 -0.2240028 0.1295817 0.9659355 -0.1828931 0.1832107 0.965911 -0.01635283 0.001081347 0.9998657 -0.1248217 0.2368516 0.9634941 -0.05930769 0.2610481 0.9635023 0.06719434 0.2499231 0.9659314 0.1247426 0.2366549 0.9635527 0.1293568 0.4827666 0.8661428 0.2616721 0.4344022 0.8618716 0.4329969 0.249752 0.8661049 0.4828187 0.1291592 0.8661432 0.499849 -2.0234e-4 0.8661126 0.2701083 0.01041322 0.9627736 0.4873006 -0.1402881 0.8618918 0.4344383 -0.2616345 0.8618648 0.2497265 -0.4329549 0.8661332 0.1291558 -0.4828226 0.8661415 -2.02387e-4 -0.4998546 0.8661094 0.01051449 -0.2704566 0.9626747 -0.1402832 -0.4873055 0.8618898 -0.2616721 -0.4344022 0.8618716 -0.4329969 -0.249752 0.8661049 -0.4828187 -0.1291592 0.8661432 -0.499849 2.0234e-4 0.8661126 -0.2701083 -0.01041322 0.9627736 -0.4873006 0.1402881 0.8618918 -0.4344383 0.2616345 0.8618648 -0.2497265 0.4329549 0.8661332 -0.1291604 0.4828218 0.8661414 2.02342e-4 0.4998513 0.8661112 -0.01031309 0.2700994 0.9627773 0.1831659 0.682928 0.7071489 0.3533098 0.3535983 0.8661065 0.362787 0.6128578 0.7019906 0.6125305 0.3534538 0.7070197 0.683011 0.1828372 0.7071539 0.6829242 -0.1831609 0.7071539 0.353597 -0.3533104 0.8661068 0.6128593 -0.362788 0.7019889 0.3534526 -0.6125289 0.7070217 0.1828444 -0.6830496 0.7071148 -0.1831656 -0.682964 0.7071143 -0.3533098 -0.3535983 0.8661065 -0.362787 -0.6128578 0.7019906 -0.6125305 -0.3534538 0.7070197 -0.683011 -0.1828372 0.7071539 -0.6829242 0.1831609 0.7071539 -0.353597 0.3533104 0.8661068 -0.6128593 0.362788 0.7019889 -0.3534526 0.6125289 0.7070217 -0.1828424 0.6830139 0.7071497 -0.007761657 0.7120507 0.7020853 -0.2240938 0.8364309 0.5001655 0.2242339 0.8363964 0.5001603 0.4330689 0.7498592 0.5001626 0.612447 0.6122819 0.5000196 0.4987832 0.5097764 0.7009589 0.7547916 0.4295524 0.4957565 0.7070079 1.66554e-4 0.7072057 0.8402774 0.2194736 0.495747 0.8363951 -0.2242349 0.5001621 0.7498577 -0.4330687 0.5001649 0.6122817 -0.6124459 0.5000212 0.5097765 -0.4987833 0.7009588 0.4295517 -0.7547918 0.4957568 1.65282e-4 -0.7068668 0.7073468 0.2194734 -0.8402772 0.4957477 -0.2242339 -0.8363964 0.5001603 -0.4330689 -0.7498592 0.5001626 -0.612447 -0.6122819 0.5000196 -0.4987832 -0.5097764 0.7009589 -0.7547916 -0.4295524 0.4957565 -0.7070079 -1.66554e-4 0.7072057 -0.8402774 -0.2194736 0.495747 -0.8363953 0.2242339 0.5001621 -0.7498577 0.4330687 0.5001649 -0.6122817 0.6124459 0.5000212 -0.5097765 0.4987833 0.7009588 -0.4295517 0.7547918 0.4957568 -0.2499386 0.9330174 0.2588613 5.92492e-5 0.9659292 0.2588068 -0.005465805 0.868928 0.4949086 0.252856 0.9329447 0.2562774 0.6830095 0.6829289 0.2590487 0.9330198 0.2499361 0.2588554 0.9659351 -5.92388e-5 0.2587845 0.868927 0.005465805 0.4949101 0.9329329 -0.2529068 0.2562699 0.6829385 -0.6830177 0.2590017 0.2499386 -0.9330174 0.2588613 -5.92492e-5 -0.9659292 0.2588068 0.005465805 -0.868928 0.4949086 -0.252856 -0.9329447 0.2562774 -0.6830095 -0.6829289 0.2590487 -0.9330198 -0.2499361 0.2588554 -0.9659351 5.92388e-5 0.2587845 -0.868927 -0.005465805 0.4949101 -0.9329329 0.2529068 0.2562699 -0.6829385 0.6830177 0.2590017 -0.4856474 0.8357597 0.2562274 -0.7071068 0.7071067 0 -0.4999739 0.8660406 0 -0.2587894 0.9659339 0 0.2587894 0.9659339 0 0.4999739 0.8660406 0 0.4809932 0.8384847 0.2561035 0.7071069 0.7071067 0 0.8364903 0.4830142 0.2588078 0.8660404 0.499974 0 0.9659337 0.2587895 0 0.9659337 -0.2587895 0 0.8660404 -0.499974 0 0.8384835 -0.4809929 0.2561078 0.707107 -0.7071067 0 0.4830146 -0.8364917 0.2588027 0.4999739 -0.8660406 0 0.2587894 -0.9659339 0 -0.2587894 -0.9659339 0 -0.4999739 -0.8660406 0 -0.4809932 -0.8384847 0.2561035 -0.7071069 -0.7071067 0 -0.8364903 -0.4830142 0.2588078 -0.8660404 -0.499974 0 -0.9659337 -0.2587895 0 -0.9659337 0.2587895 0 -0.8660404 0.499974 0 -0.8385355 0.4809031 0.2561067 -0.8365191 0.4829634 -0.2588093 -0.4830145 0.8364915 -0.2588027 -0.2500551 0.9329859 -0.2588626 -5.91629e-5 0.9659292 -0.2588067 0.2475671 0.9344289 -0.2560338 0.4809932 0.8384847 -0.2561035 0.8364903 0.4830142 -0.2588078 0.9329882 0.2500525 -0.2588567 0.9659218 6.02898e-5 -0.2588346 0.934444 -0.2475176 -0.2560264 0.8384835 -0.4809929 -0.2561078 0.4830145 -0.8364915 -0.2588027 0.2500551 -0.9329859 -0.2588626 5.91629e-5 -0.9659292 -0.2588067 -0.2475671 -0.9344289 -0.2560338 -0.4809932 -0.8384847 -0.2561035 -0.8364903 -0.4830142 -0.2588078 -0.9329882 -0.2500525 -0.2588567 -0.9659218 -6.02898e-5 -0.2588346 -1 0 0 -0.934444 0.2475176 -0.2560264 -0.7499745 0.4328669 -0.5001646 -0.6829385 0.6830177 -0.2590017 -0.4330686 0.7498587 -0.5001636 -0.2301139 0.837819 -0.4950828 0.2240064 0.8364567 -0.5001614 0.4328532 0.7499542 -0.5002069 0.6830095 0.6829289 -0.2590487 0.7498586 0.433068 -0.5001642 0.8378204 0.2301142 -0.4950804 0.8364554 -0.2240074 -0.5001632 0.7499745 -0.4328669 -0.5001646 0.6829385 -0.6830177 -0.2590017 0.4330686 -0.7498587 -0.5001636 0.2301139 -0.837819 -0.4950828 -0.2240064 -0.8364567 -0.5001614 -0.4328532 -0.7499542 -0.5002069 -0.6830095 -0.6829289 -0.2590487 -0.7498586 -0.433068 -0.5001642 -0.8378204 -0.2301142 -0.4950804 -0.8377655 0.2301064 -0.4951768 -0.7070428 -7.34214e-7 -0.7071708 -0.87144 7.11445e-4 -0.4905017 -0.6907269 0.177078 -0.701099 -0.6122817 0.612446 -0.5000212 -0.6214817 0.3498725 -0.7009634 -0.3537423 0.6123615 -0.7070218 -0.183165 0.6829633 -0.7071151 -1.65284e-4 0.7068668 -0.7073467 0.005465745 0.8685748 -0.4955282 0.1771247 0.690716 -0.701098 0.612447 0.6122819 -0.5000196 0.3498716 0.6214803 -0.7009652 0.6123631 0.3537435 -0.7070199 0.6829241 0.18316 -0.7071543 0.707044 1.65456e-4 -0.7071695 0.8685738 -0.005465745 -0.4955297 0.6907269 -0.177078 -0.701099 0.6122817 -0.612446 -0.5000212 0.6214817 -0.3498725 -0.7009634 0.3537423 -0.6123615 -0.7070218 0.1831653 -0.6829272 -0.7071499 1.67662e-4 -0.7069772 -0.7072364 -0.005465745 -0.8685748 -0.4955282 -0.1770776 -0.6907289 -0.7010972 -0.612447 -0.6122819 -0.5000196 -0.3498716 -0.6214803 -0.7009652 -0.6123631 -0.3537435 -0.7070199 -0.6829241 -0.18316 -0.7071543 -0.499849 -2.01535e-4 -0.8661126 -0.4329592 0.2497295 -0.8661302 -0.3535971 0.3533104 -0.8661068 -0.4980711 0.5090644 -0.701982 -0.2625954 0.4359969 -0.8607849 -2.01447e-4 0.4998547 -0.8661093 0.2497261 0.4329527 -0.8661344 0.3533097 0.3535982 -0.8661065 0.5090636 0.4980703 -0.7019832 0.4360227 0.262552 -0.8607851 0.499849 2.01535e-4 -0.8661126 0.4329592 -0.2497295 -0.8661302 0.3535971 -0.3533104 -0.8661068 0.4980711 -0.5090644 -0.701982 0.2625954 -0.4359969 -0.8607849 2.01532e-4 -0.4998512 -0.8661113 -0.2497261 -0.4329527 -0.8661344 -0.3533097 -0.3535982 -0.8661065 -0.5090636 -0.4980703 -0.7019832 -0.4360227 -0.262552 -0.8607851 -0.4940954 -0.1227064 -0.8607049 -0.2241122 -0.1293869 -0.9659362 -0.258167 -0.07984769 -0.962795 -0.2499966 0.06675291 -0.9659429 -0.4873006 0.1402881 -0.8618918 -0.2242268 0.1291936 -0.9659356 -0.1832433 0.1829286 -0.9658981 -0.129154 0.4828232 -0.8661414 -0.1439577 0.2287216 -0.962789 -0.07989418 0.2581666 -0.9627912 0.06674277 0.2499458 -0.9659568 0.1402832 0.4873055 -0.8618898 0.1291914 0.2242229 -0.9659367 0.1828936 0.1832101 -0.965911 0.4828187 0.1291592 -0.8661432 0.2287234 0.1439587 -0.9627885 0.258167 0.07984769 -0.962795 0.2499966 -0.06675291 -0.9659429 0.4873006 -0.1402881 -0.8618918 0.2242268 -0.1291936 -0.9659356 0.1832433 -0.1829286 -0.9658981 0.1291604 -0.4828218 -0.8661414 0.1439577 -0.2287216 -0.962789 0.07979744 -0.2581681 -0.962799 -0.06676363 -0.2500382 -0.9659314 -0.1402896 -0.4873041 -0.8618896 -0.1291914 -0.2242229 -0.9659367 -0.1828936 -0.1832101 -0.965911 1.81152e-5 -2.57554e-4 -1 -5.82663e-5 -2.57731e-4 -1 -2.22215e-4 -2.31065e-4 -1 -0.2675647 0.01041322 -0.9634836 -0.0146138 -0.00712186 -0.9998679 -0.01595383 -0.003098785 -0.999868 -2.58082e-4 -1.7154e-5 -1 -2.57692e-4 5.93988e-5 -1 -2.31074e-4 2.22156e-4 -1 0.01051449 0.2678886 -0.9633926 -0.007122397 0.01461398 -0.9998679 -0.00309813 0.01595509 -0.9998679 -1.81152e-5 2.57554e-4 -1 5.82663e-5 2.57731e-4 -1 2.22215e-4 2.31065e-4 -1 0.2675647 -0.01041322 -0.9634836 0.0146138 0.00712186 -0.9998679 0.01595383 0.003098785 -0.999868 2.58082e-4 1.7154e-5 -1 2.57692e-4 -5.93988e-5 -1 2.31074e-4 -2.22156e-4 -1 -0.01031309 -0.2675803 -0.9634804 0.007122397 -0.01461398 -0.9998679 0.00309813 -0.01595509 -0.9998679 0.1829237 0.1826062 -0.9660196 -0.01541364 -0.01541209 -0.9997624 0.219297 0.1148627 -0.9688733 0.2415624 0.05422908 -0.9688688 0.2496346 -0.06711906 -0.9660112 0.2237912 -0.1294675 -0.9659999 0.1825738 -0.18289 -0.9660322 9.29205e-4 0.01434201 -0.9998968 0.1148636 -0.2192983 -0.9688729 0.05428087 -0.2415606 -0.9688664 -0.06711286 -0.2495893 -0.9660234 -0.1294679 -0.2237914 -0.9659998 -0.1829237 -0.1826062 -0.9660196 0.01434206 -9.29334e-4 -0.9998967 -0.219297 -0.1148627 -0.9688733 -0.2415624 -0.05422908 -0.9688688 -0.2496346 0.06711906 -0.9660112 -0.2237912 0.1294675 -0.9659999 -0.1825738 0.18289 -0.9660322 -9.29205e-4 -0.01434201 -0.9998968 -0.1148636 0.2192983 -0.9688729 -0.0541805 0.2415651 -0.9688709 0.06712627 0.2496805 -0.9659988 0.1149485 0.2194969 -0.9688179 0.2500054 0.4326088 -0.8662257 0.3533589 0.3530738 -0.8663005 0.4295597 0.2374292 -0.8712669 0.4995737 -2.01748e-4 -0.8662715 0.2498833 0.01034659 -0.9682207 0.4326072 -0.2500043 -0.8662268 0.3531017 -0.3533894 -0.8662766 0.23743 -0.4295607 -0.8712661 -2.00084e-4 -0.4996451 -0.8662303 0.01029849 -0.2501654 -0.9681484 -0.2500054 -0.4326088 -0.8662257 -0.3533589 -0.3530738 -0.8663005 -0.4295597 -0.2374292 -0.8712669 -0.4995737 2.01748e-4 -0.8662715 -0.2498833 -0.01034659 -0.9682207 -0.4326072 0.2500043 -0.8662268 -0.3531017 0.3533894 -0.8662766 -0.23743 0.4295607 -0.8712661 2.02797e-4 0.4996138 -0.8662483 -0.01039564 0.24989 -0.9682185 0.1181909 0.4761604 -0.8713795 7.13502e-7 0.7067881 -0.7074254 0.3536534 0.6122047 -0.707202 0.5000855 0.4998536 -0.7071499 0.4825176 0.1294993 -0.8662603 0.6109715 0.3440343 -0.7129898 0.7068225 -1.62819e-4 -0.707391 0.4826213 -0.1291096 -0.8662607 0.6122069 -0.3536546 -0.7071996 0.4998537 -0.5000861 -0.7071493 0.1295033 -0.4825171 -0.8662599 0.3440328 -0.6109688 -0.7129927 -1.64723e-4 -0.706681 -0.7075324 -0.1291159 -0.4826227 -0.8662589 -0.3536534 -0.6122047 -0.707202 -0.5000855 -0.4998536 -0.7071499 -0.4825176 -0.1294993 -0.8662603 -0.6109715 -0.3440343 -0.7129898 -0.7068225 1.62819e-4 -0.707391 -0.4826213 0.1291096 -0.8662607 -0.6122069 0.3536546 -0.7071996 -0.4998537 0.5000861 -0.7071493 -0.1295081 0.4825609 -0.8662347 -0.3440328 0.6109688 -0.7129927 -0.2241009 0.8363509 -0.500296 -0.1815975 0.672258 -0.7176988 0.2242138 0.8363226 -0.5002927 0.1745031 0.6801249 -0.7120245 0.4330089 0.7497531 -0.5003736 0.7498914 0.4328218 -0.5003283 0.6828669 0.1831487 -0.7072123 0.8350042 0.2183268 -0.5050758 0.8363214 -0.2242116 -0.5002956 0.6801332 -0.1744554 -0.7120282 0.7497554 -0.4330103 -0.500369 0.4328098 -0.7498684 -0.500373 0.1831547 -0.6829013 -0.7071778 0.2183263 -0.8350029 -0.5050782 -0.2242138 -0.8363226 -0.5002927 -0.1744558 -0.6801353 -0.7120262 -0.4330089 -0.7497531 -0.5003736 -0.7498914 -0.4328218 -0.5003283 -0.6828669 -0.1831487 -0.7072123 -0.8350042 -0.2183268 -0.5050758 -0.8363214 0.2242116 -0.5002956 -0.6801332 0.1744554 -0.7120282 -0.7497554 0.4330103 -0.500369 -0.4328098 0.7498684 -0.500373 -0.2499337 0.9329999 -0.2589297 5.98619e-5 0.9658852 -0.258971 -0.005340278 0.8634943 -0.5043303 0.2523726 0.9316003 -0.2615894 0.683006 0.6829272 -0.2590624 0.6067865 0.6143375 -0.5043805 0.9330115 0.2499393 -0.2588824 0.9658867 -5.98612e-5 -0.2589653 0.8634951 0.005340278 -0.504329 0.9315868 -0.2524177 -0.2615944 0.6829279 -0.6830065 -0.2590595 0.6143381 -0.6067878 -0.5043782 0.2499337 -0.9329999 -0.2589297 -5.98619e-5 -0.9658852 -0.258971 0.005340278 -0.8634943 -0.5043303 -0.2523726 -0.9316003 -0.2615894 -0.683006 -0.6829272 -0.2590624 -0.6067865 -0.6143375 -0.5043805 -0.9330115 -0.2499393 -0.2588824 -0.9658867 5.98612e-5 -0.2589653 -0.8634951 -0.005340278 -0.504329 -0.9315868 0.2524177 -0.2615944 -0.6829279 0.6830065 -0.2590595 -0.6143381 0.6067878 -0.5043782 -0.5000213 0.8660131 0 -0.4822447 0.8353502 -0.2638755 -0.2588461 0.9659187 0 0 1 0 0.4829091 0.8365358 -0.2588565 0.258846 0.9659187 0 0.5000212 0.8660132 0 0.8660133 0.5000211 0 0.8346685 0.4848189 -0.261303 0.9659186 0.2588463 0 0.836535 -0.4829081 -0.2588612 0.9659186 -0.2588463 0 0.8660133 -0.5000211 0 0.5000213 -0.8660131 0 0.484819 -0.8346688 -0.2613016 0.2588461 -0.9659187 0 0 -1 0 -0.4829091 -0.8365358 -0.2588565 -0.258846 -0.9659187 0 -0.5000212 -0.8660132 0 -0.8660133 -0.5000211 0 -0.8346685 -0.4848189 -0.261303 -0.9659186 -0.2588463 0 -0.836535 0.4829081 -0.2588612 -0.9659186 0.2588463 0 -0.8660133 0.5000211 0 -0.6830067 0.6829275 0.2590595 -0.7071069 0.7071067 0 -0.48486 0.8346454 0.2613003 -0.2524304 0.9316343 0.2614125 0.2499389 0.9330123 0.2588798 0.4829091 0.8365359 0.2588566 0.682927 0.6830062 0.2590624 0.7071069 0.7071068 0 0.8346685 0.4848189 0.261303 0.931634 0.2524308 0.2614133 0.933012 -0.2499364 0.2588832 0.836535 -0.4829081 0.2588612 0.6830067 -0.6829275 0.2590595 0.7071069 -0.7071067 0 0.48486 -0.8346454 0.2613003 0.2524304 -0.9316343 0.2614125 -0.2499389 -0.9330123 0.2588798 -0.4829091 -0.8365359 0.2588566 -0.682927 -0.6830062 0.2590624 -0.7071069 -0.7071068 0 -0.8346685 -0.4848189 0.261303 -0.931634 -0.2524308 0.2614133 -0.933012 0.2499364 0.2588832 -0.834595 0.4849906 0.2612187 -0.7498701 0.432811 0.5003695 -0.433009 0.7497538 0.5003724 5.98617e-5 0.9658852 0.258971 -0.2284707 0.8326236 0.5045187 0.223989 0.8363832 0.5002919 0.4328096 0.7498678 0.5003741 0.7497559 0.4330105 0.5003678 0.9658988 -6.09114e-5 0.2589202 0.8326249 0.2284712 0.5045163 0.8363821 -0.2239868 0.5002948 0.7498701 -0.432811 0.5003695 0.433009 -0.7497538 0.5003724 -5.98617e-5 -0.9658852 0.258971 0.2284707 -0.8326236 0.5045187 -0.223989 -0.8363832 0.5002919 -0.4328096 -0.7498678 0.5003741 -0.7497559 -0.4330105 0.5003678 -0.9658988 6.09114e-5 0.2589202 -0.8326249 -0.2284712 0.5045163 -0.8326939 0.2284789 0.504399 -0.860639 -7.07805e-4 0.5092152 -0.6065343 0.6140854 0.5049903 0.005340278 0.8631365 0.5049426 0.6140841 0.6065337 0.5049927 0.8631372 -0.005340278 0.5049413 0.6065343 -0.6140854 0.5049903 -0.005340278 -0.8631365 0.5049426 -0.6140841 -0.6065337 0.5049927 0 -1.31463e-6 -1 0 0.8660761 -0.4999122 0 0.866075 -0.4999141 0 -0.8660761 -0.4999122 0 1.31463e-6 -1 0 -0.866075 0.4999141 0 -0.866075 -0.4999141 0 1.31463e-6 1 0 -0.8660761 0.4999122 0 0.8660761 0.4999122 0 -1.31463e-6 1 -0.8659244 -0.3268322 0.3786233 -0.9991813 0.04045581 0 -0.9301421 -0.3672002 0 -0.7506003 -0.5378192 0.3838617 -0.8114557 -0.5844141 0 -0.5765244 -0.725853 0.3751763 -0.6049644 -0.7962525 0 -0.2832204 -0.882107 0.3763953 -0.2904023 -0.9569047 0 0.04177856 -0.9267186 0.3734263 0.06800383 -0.9976851 0 0.4195475 -0.8258761 0.3767078 0.4726749 -0.8812369 0 0.7202196 -0.5834936 0.3752588 0.7907408 -0.6121511 0 0.8812831 -0.2858998 0.3762997 0.9561337 -0.2929306 0 0.9267237 0.04220765 0.3733653 0.9976738 0.06816929 0 0.8557696 0.3532122 0.3780206 0.9194804 0.393136 0 0.8392053 0.3842604 0.3848096 0.9102696 0.4140161 0 0.8484763 0.3729816 0.3754634 0.911081 0.4122274 0 0.7190966 0.5848637 0.3752793 0.7639085 0.6453247 0 0.4477976 0.8117215 0.3749473 0.4628058 0.8864597 0 -0.01851975 0.9272106 0.3740823 -0.0571025 0.9983683 0 -0.5095368 0.7715855 0.3808256 -0.5687427 0.8225156 0 -0.7917242 0.4824169 0.3747623 -0.8662352 0.4996367 0 -0.9189377 0.0291531 0.393324 -0.3631142 0.1449314 0.9204037 0.1793614 0.3287056 0.9272444 0.2880345 0.2434082 0.9261687 0.3784744 0.1443675 0.9142841 0.3234679 0.1710519 0.9306502 -0.3526566 -0.1392993 0.9253265 0.384295 0.1338637 0.9134539 -0.3339134 -0.2146702 0.9178337 -0.2734122 -0.2913023 0.9167273 0.3727648 0.02542346 0.9275776 -0.1134628 -0.3611543 0.9255777 -0.01844787 -0.4070515 0.9132189 0.2963547 -0.2294061 0.9271175 0.4059527 -0.1513589 0.901273 0.2362119 -0.4405318 0.8661038 -0.08286833 0.448324 0.8900217 -0.2355273 0.2643998 0.935211 -0.3961938 0.1720538 0.9019024 0 0.9238796 0.3826835 0.09511387 0.9954664 0 0.6070368 0.6040726 0.5163358 0.9239185 0.001201629 0.3825877 0.9999886 -0.004787385 0 0.9999991 0.001398861 0 0.6078938 -0.6032773 0.5162575 0.9999713 0.007584869 0 0.08599346 -0.9192924 0.3840662 0.0948621 -0.9954904 0 0.3374676 -0.8633317 0.3751987 0.3842008 -0.9232497 0 0.6420937 -0.668314 0.3755955 0.7071082 -0.7071055 0 0.8478732 -0.3745986 0.375216 0.923251 -0.3841977 0 0.9265931 -0.01894283 0.3755883 1 -4.86388e-5 0 0.8633506 0.3374218 0.3751961 0.9232693 0.3841537 0 0.6682029 0.6422305 0.3755595 0.7069541 0.7072595 0 0.3744328 0.8480337 0.3750184 0.3840005 0.9233328 0 0.09679007 0.9207285 0.3780093 0.09536081 0.9954428 5.32726e-7 -0.0861274 0.9192988 0.3840208 -0.09481287 0.9954952 0 -0.3373934 0.8633945 0.3751209 -0.3840903 0.9232957 0 -0.6420584 0.6683585 0.3755771 -0.7070601 0.7071534 0 -0.8478928 0.3745596 0.3752104 -0.9232705 0.3841508 0 -0.9207119 0.09656 0.378108 -0.9954953 0.09481245 0 -0.9192041 -0.08664786 0.3841301 -0.9954952 -0.09481209 0 -0.8633486 -0.3374239 0.375199 -0.9232689 -0.3841542 0 -0.668354 -0.6420467 0.3756049 -0.7072064 -0.7070072 0 -0.3746852 -0.8478229 0.3752433 -0.3842839 -0.923215 0 -0.09662294 -0.9206917 0.3781413 -0.09481167 -0.9954953 0 0.08619415 -0.9192639 0.3840891 0.09486019 -0.9954906 0 0.3374644 -0.8633326 0.3751995 0.3841975 -0.923251 0 0.6420931 -0.6683142 0.3755965 0.7071078 -0.7071058 0 0.8478924 -0.3745583 0.3752127 0.9232702 -0.3841514 0 0.9266292 -0.01887255 0.3755027 1 4.89769e-5 0 0.8633323 0.3374626 0.3752017 0.9232501 0.3841995 0 0.668203 0.6422303 0.3755598 0.7069545 0.707259 0 0.3745496 0.8478755 0.3752597 0.3842356 0.9232352 0 0.08476072 0.9194712 0.3839119 0.1753783 0.3431982 0.9227446 0.03605669 0.3789553 0.9247124 0.1336047 -0.3512539 0.9266988 0.03616124 -0.3794167 0.924519 0 0.3826835 0.9238796 0.09451812 0.09405553 0.9910701 -0.1402872 -0.40972 0.9013597 -0.1440221 -0.3460795 0.9270851 -0.3279587 -0.2689008 0.9056133 -0.3461096 -0.1440175 0.9270746 -0.4027779 -0.01739591 0.9151325 0.3826541 5.35143e-4 0.9238916 -0.3024998 0.02882713 0.9527134 -0.3435276 0.175302 0.9226365 0.09475332 -0.09403383 0.9910498 0.03454303 -0.3800232 0.9243317 0.03935837 0.3795342 0.9243403 -0.01789277 0.3922481 0.9196854 0.1754131 0.3432823 0.9227066 0.1336026 -0.3512536 0.9266992 0.2661081 -0.2661083 0.9264842 0.3428217 -0.1524534 0.9269473 0.334339 0.2869485 0.8977072 0.4985663 -1.54916e-5 0.8668516 0.4298059 0.1517494 0.8900781 -0.1140738 0.3829927 0.9166809 -0.2666279 0.2665254 0.9262148 0.2661061 -0.2661061 0.9264854 0.3455818 0.1437788 0.9273084 0.3342028 0.2869783 0.8977482 0.4299139 -0.1528405 0.8898392 0.4985671 3.0715e-6 0.8668512 0 0.9238792 0.3826846 0.09506475 0.9954711 0 0.6070374 0.6040725 0.5163353 0.9238384 0.001160979 0.382781 0.9999886 -0.004787623 0 0.9999991 0.001398861 0 0.607894 -0.6032764 0.5162582 0.9999713 0.007585346 0 0.08595323 -0.9192936 0.3840721 0.0948131 -0.9954952 0 0.337554 -0.863292 0.3752123 0.3842877 -0.9232135 0 0.6421744 -0.6682221 0.3756213 0.7072092 -0.7070044 0 0.8478739 -0.3746017 0.3752111 0.9232506 -0.3841984 0 0.9265933 -0.01894277 0.3755877 1 -4.8861e-5 0 0.8633482 0.3374253 0.3751988 0.9232702 0.3841513 0 0.6682775 0.6421389 0.3755835 0.7070588 0.7071548 0 0.3745209 0.8479241 0.3751784 0.3840894 0.9232959 0 0.09669476 0.9207398 0.3780058 0.0948131 0.9954952 0 -0.08616882 0.9192983 0.3840128 -0.09486168 0.9954905 0 -0.3373609 0.8634175 0.375097 -0.3840008 0.9233328 0 -0.6419805 0.6684491 0.3755488 -0.7069569 0.7072567 0 -0.8478932 0.3745601 0.3752094 -0.9232705 0.3841508 0 -0.9207007 0.09661293 0.378122 -0.9192039 -0.08664768 0.3841305 -0.9954953 -0.09481209 0 -0.8633479 -0.3374257 0.3751991 -0.9232699 -0.3841521 0 -0.6683138 -0.6420955 0.3755932 -0.7071062 -0.7071073 0 -0.3745997 -0.8478754 0.37521 -0.384196 -0.9232517 0 -0.09672969 -0.9206782 0.3781471 -0.09485995 -0.9954907 0 0.08616167 -0.9192795 0.3840595 0.09481126 -0.9954954 0 0.3375514 -0.8632912 0.3752165 0.3842844 -0.9232148 0 0.6422183 -0.6681869 0.3756088 0.7072088 -0.7070048 0 0.8478924 -0.3745599 0.375211 0.9266295 -0.01887232 0.3755021 1 4.87451e-5 0 0.8633319 0.337466 0.3751994 0.9232511 0.3841972 0 0.6682775 0.6421383 0.3755845 0.7070592 0.7071544 0 0.3746789 0.8478536 0.3751803 0.3843243 0.9231982 0 0.08471745 0.9194714 0.383921 0.1753872 0.3431869 0.9227471 0.03605633 0.3789534 0.9247132 0.1336111 -0.3512281 0.9267076 0.02896249 -0.3037955 0.952297 -0.05912619 -0.3974692 0.9157087 0.09473532 0.09426754 0.9910292 0 0.3826826 0.9238799 0.3826592 4.14549e-4 0.9238895 -0.3896923 -0.01994097 0.9207293 -0.3024998 0.02882498 0.9527136 -0.3435282 0.1753001 0.9226367 0.09475326 -0.09403353 0.9910498 0.03454679 -0.3800237 0.9243315 0.03935813 0.3795354 0.9243397 -0.01789277 0.3922507 0.9196843 0.1754307 0.3432738 0.9227064 0.1336088 -0.3512281 0.926708 0.2661013 -0.2661108 0.9264854 0.3428264 -0.1524491 0.9269463 0.3343376 0.2869372 0.8977112 0.4986144 -3.30769e-5 0.8668239 0.4298075 0.1517354 0.8900797 -0.1140805 0.383017 0.91667 -0.2666275 0.2665218 0.926216 -0.3828811 -0.1142382 0.916707 -0.2666106 -0.2665455 0.926214 -0.1909947 -0.3508005 0.9167661 0.2660987 -0.2661082 0.9264869 0.3455842 0.1437731 0.9273084 0.3342006 0.2869669 0.8977528 0.4299162 -0.1528353 0.889839 0.4985662 3.91956e-5 0.8668516 0 -3.30847e-6 -1 0 0.8660755 -0.4999135 0 0.8660749 -0.4999145 0 -0.8660763 -0.4999121 0 0 -1 0 -0.8660757 0.499913 0 -0.8660758 -0.4999129 0 0 1 0 0.8660755 0.4999135 0 -3.30847e-6 1 0 0.8660749 0.4999144 -0.1200251 -0.9175816 0.3789963 -0.4604504 -0.8876855 0 -0.1196292 -0.9928187 0 0.07676386 -0.9202098 0.3838244 0.0870099 -0.9962075 0 0.3373375 -0.8633825 0.3751986 0.3839998 -0.9233332 0 0.641951 -0.6684593 0.3755812 0.7069574 -0.7072561 0 0.847893 -0.3745605 0.3752095 0.9266111 -0.01886004 0.375548 0.8633313 0.337468 0.3751991 0.9232525 0.3841937 0 0.6683134 0.6420964 0.3755922 0.7071077 0.7071059 0 0.3745993 0.8478757 0.3752095 0.3841949 0.9232521 0 0.0967316 0.920677 0.3781493 0.0948621 0.9954905 0 0 0.923879 0.3826847 -0.03550118 0.9245619 0.3793746 -0.04288893 0.9990799 0 -0.225259 0.8992005 0.3750958 -0.2614097 0.965228 0 -0.5402888 0.7532569 0.3750895 -0.5999668 0.8000251 0 -0.7900374 0.4847726 0.3752819 -0.8632131 0.50484 0 -0.9158507 0.1430395 0.3751764 -0.9910644 0.1333846 0 -0.9030768 -0.2081482 0.3756683 -0.9698821 -0.2435752 0 -0.7591879 -0.5318382 0.3752092 -0.8062058 -0.5916352 0 -0.4163726 -0.8200119 0.3927017 -0.2809851 -0.2669509 0.9218376 -0.218872 0.3051053 0.9268257 -0.09862548 0.3638163 0.9262347 -0.006709516 0.3916907 0.9200726 -0.04564273 -0.3780168 0.924673 0 0.3826872 0.923878 0.058945 0.3953576 0.916634 0.03314471 -0.3791938 0.9247235 0.1138442 -0.3828468 0.9167703 0.1438076 0.3456072 0.9272944 0.2661046 0.2661004 0.9264874 0.2868357 -0.3344048 0.8977186 0.3503347 -0.1913775 0.9168644 0.4986098 3.24454e-5 0.8668267 0.4297361 0.1517783 0.8901069 -0.3240469 0.1894766 0.9268723 -0.3655703 -0.09180182 0.9262456 -0.3387637 -0.2926568 0.8941986 -0.4957026 0.06655168 0.8659387 0.921355 -0.09121388 0.3778691 0.9232952 -0.3840911 0 0.9961092 -0.08812826 0 0.9198297 0.08831566 0.3822485 0.9948315 0.1015409 0 0.8633314 0.3374668 0.3751999 0.9232506 0.3841984 0 0.6683138 0.6420956 0.3755929 0.707107 0.7071066 0 0.3746029 0.8478745 0.3752087 0.3841996 0.9232501 0 0.02016085 0.9265859 0.3755425 0.00153464 0.9999988 0 -0.3368194 0.8635764 0.375218 -0.3837189 0.92345 0 -0.6451342 0.6654111 0.3755397 -0.7105262 0.7036709 0 -0.8500397 0.3696231 0.3752486 -0.9253903 0.3790157 0 -0.9214949 0.08945977 0.3779472 -0.9962597 0.0864095 0 -0.9199714 -0.08697605 0.3822147 -0.9949895 -0.09998053 0 -0.8650677 -0.3329656 0.3752226 -0.9253389 -0.3791412 0 -0.6716053 -0.6386964 0.3755174 -0.7104734 -0.7037241 0 -0.3743174 -0.8480232 0.3751576 -0.383628 -0.9234879 0 -0.01736563 -0.9266081 0.3756276 0.001438498 -0.999999 0 0.3374273 -0.8633474 0.3751989 0.3841545 -0.9232689 0 0.6421484 -0.6682466 0.3756219 0.707155 -0.7070587 0 0.8530631 -0.3478699 0.3889344 0.3508365 -0.190839 0.9167847 -0.3697652 -0.1159943 0.9218564 0.2686449 -0.3285407 0.9054783 -0.3365194 -0.285153 0.8974645 0.3792839 -0.03368121 0.9246672 -0.4007136 -0.02044242 0.9159753 0.3792206 0.03867387 0.9244977 -0.3793967 0.03304582 0.9246439 -0.3444131 0.1730994 0.9227222 0.3512095 0.1335681 0.9267209 0.2661079 0.2661084 0.9264841 0.1523478 0.3428367 0.9269592 -0.2885427 0.3338984 0.89736 8.35583e-4 0.4987687 0.8667349 -0.1514782 0.4307001 0.889692 -0.1917498 -0.3504545 0.9167408 0.1437928 -0.3455853 0.927305 7.51099e-4 -0.4987636 0.8667378 -0.7011925 -0.007295191 0.7129347 -0.4825404 -0.1292766 0.8662808 -0.6827749 -0.1829494 0.7073528 -0.4825869 0.1290967 0.8662816 -0.6827747 0.1829495 0.7073531 -0.4326826 0.2495782 0.866312 -0.6121601 0.3534366 0.7073491 -0.3534417 0.3531559 0.8662332 -0.4998371 0.4998359 0.707338 -0.3570548 0.6034636 0.7129822 -0.1886409 0.6754143 0.7129027 -0.2540763 0.4219629 0.870283 -0.007295489 0.7011972 0.7129302 -0.1362435 0.4733389 0.8702805 0.1290984 0.4825863 0.8662819 0.1829493 0.6827732 0.7073546 0.2495772 0.4326816 0.8663129 0.3534193 0.6121288 0.7073848 0.3531848 0.353473 0.8662086 0.4998357 0.4998369 0.7073383 0.6034919 0.3570175 0.712977 0.6754143 0.1886407 0.7129027 0.4219658 0.2540782 0.8702812 0.7011925 0.007295191 0.7129347 0.4733383 0.1362434 0.8702808 0.4825869 -0.1290967 0.8662816 0.6827747 -0.1829495 0.7073531 0.4326826 -0.2495782 0.866312 0.6121601 -0.3534366 0.7073491 0.3534417 -0.3531559 0.8662332 0.4998371 -0.4998359 0.707338 0.3570548 -0.6034636 0.7129822 0.1886409 -0.6754143 0.7129027 0.2540763 -0.4219629 0.870283 0.007295489 -0.7011972 0.7129302 0.1362435 -0.4733389 0.8702805 -0.1290966 -0.4825867 0.8662818 -0.1829493 -0.6827732 0.7073546 -0.2495772 -0.4326816 0.8663129 -0.3534193 -0.6121288 0.7073848 -0.3531848 -0.353473 0.8662086 -0.4998357 -0.4998369 0.7073383 -0.6034919 -0.3570175 0.712977 -0.4219658 -0.2540782 0.8702812 -0.2498223 -0.06717032 0.9659591 -0.2586334 -2.21191e-4 0.9659755 -0.4906769 0.009289324 0.8712921 -0.2441398 0.05483758 0.9681884 -0.1830898 0.1827749 0.9659563 -0.06718277 0.2498646 0.9659473 -2.2117e-4 0.2586363 0.9659748 0.009289324 0.4906774 0.8712918 0.05488181 0.2441184 0.9681912 0.1827744 0.1830905 0.9659562 0.2498223 0.06717032 0.9659591 0.2586334 2.21191e-4 0.9659755 0.4906769 -0.009289324 0.8712921 0.2441398 -0.05483758 0.9681884 0.1830898 -0.1827749 0.9659563 0.06718277 -0.2498646 0.9659473 2.2117e-4 -0.2586363 0.9659748 -0.009289324 -0.4906774 0.8712918 -0.05488181 -0.2441184 0.9681912 -0.1827744 -0.1830905 0.9659562 -0.221493 -0.1160166 0.968236 6.43148e-5 6.43302e-5 1 0.01354908 -0.004441559 0.9998984 0.01197785 -0.007876515 0.9998973 8.10083e-5 -2.63986e-4 1 5.84722e-5 -3.05685e-4 1 -0.2092303 0.1326289 0.9688304 -9.84669e-5 -2.30278e-4 1 -0.1291961 0.2242226 0.9659361 -0.004442811 -0.01354801 0.9998984 -0.007876455 -0.01197773 0.9998973 -2.63945e-4 -8.03787e-5 1 -3.04266e-4 -5.7199e-5 1 0.1326299 0.2092316 0.9688299 -2.30514e-4 9.83141e-5 1 0.2242226 0.1291935 0.9659365 -0.01354908 0.004441559 0.9998984 -0.01197785 0.007876515 0.9998973 -8.10083e-5 2.63986e-4 1 -5.84722e-5 3.05685e-4 1 0.2092303 -0.1326289 0.9688304 9.84669e-5 2.30278e-4 1 0.1291961 -0.2242226 0.9659361 0.004442811 0.01354801 0.9998984 0.007876455 0.01197773 0.9998973 2.63945e-4 8.03787e-5 1 3.04266e-4 5.7199e-5 1 -0.1326299 -0.2092316 0.9688299 0.183241 0.1829238 0.9658995 0.2502496 0.06682109 0.9658728 0.2590136 -2.2442e-4 0.9658737 0.0123378 0.01084822 0.9998651 0.2559643 -0.07931363 0.9634271 0.1829234 -0.1832405 0.9658997 0.06681901 -0.2502481 0.9658733 -2.2552e-4 -0.258969 0.9658856 0.01084822 -0.01233625 0.9998651 -0.07926678 -0.25598 0.9634267 -0.183241 -0.1829238 0.9658995 -0.2502496 -0.06682109 0.9658728 -0.2590136 2.2442e-4 0.9658737 -0.0123378 -0.01084822 0.9998651 -0.2559643 0.07931363 0.9634271 -0.1829234 0.1832405 0.9658997 -0.06681901 0.2502481 0.9658733 2.2552e-4 0.258969 0.9658856 -0.01084822 0.01233625 0.9998651 0.07926678 0.25598 0.9634267 0.1250255 0.2372401 0.9633721 0.1293576 0.482724 0.8661664 0.3536138 0.3533301 0.8660919 0.224188 0.1296938 0.9658775 0.4827857 0.1291509 0.8661628 0.4998577 -2.01372e-4 0.8661075 0.2244126 -0.1293044 0.9658775 0.4872446 -0.1402612 0.8619278 0.3533285 -0.3536137 0.8660926 0.1296939 -0.2241889 0.9658773 0.1291511 -0.4827846 0.8661634 -2.02465e-4 -0.4998179 0.8661305 -0.1293041 -0.2244126 0.9658776 -0.1402605 -0.4872407 0.8619301 -0.3536138 -0.3533301 0.8660919 -0.224188 -0.1296938 0.9658775 -0.4827857 -0.1291509 0.8661628 -0.4998577 2.01372e-4 0.8661075 -0.2244126 0.1293044 0.9658775 -0.4872446 0.1402612 0.8619278 -0.3533285 0.3536137 0.8660926 -0.1296939 0.2241889 0.9658773 -0.1291511 0.4827846 0.8661634 2.02465e-4 0.4998179 0.8661305 0.1831278 0.6827908 0.7072913 0.3536226 0.6121761 0.7072421 0.2462633 0.445313 0.860843 0.500065 0.4998282 0.7071822 0.4326857 0.2500438 0.8661763 0.6203805 0.349262 0.7022421 0.6895447 0.1768603 0.7023165 0.6827943 -0.1831284 0.7072878 0.6121432 -0.3536052 0.7072794 0.4453144 -0.2462649 0.8608419 0.4998267 -0.5000638 0.7071842 0.250042 -0.432684 0.8661776 0.3492172 -0.6204055 0.7022424 0.1768608 -0.689545 0.7023161 -0.1831278 -0.6827908 0.7072913 -0.3536226 -0.6121761 0.7072421 -0.2462633 -0.445313 0.860843 -0.500065 -0.4998282 0.7071822 -0.4326857 -0.2500438 0.8661763 -0.6203805 -0.349262 0.7022421 -0.6895447 -0.1768603 0.7023165 -0.6827943 0.1831284 0.7072878 -0.6121432 0.3536052 0.7072794 -0.4453144 0.2462649 0.8608419 -0.4998267 0.5000638 0.7071842 -0.250042 0.432684 0.8661776 -0.3492172 0.6204055 0.7022424 -0.1768608 0.689545 0.7023161 -0.007609009 0.7120677 0.7020696 -0.2240861 0.8364185 0.5001894 0.2242162 0.8363285 0.5002819 0.4330758 0.7498872 0.5001145 0.7499766 0.4328586 0.5001686 0.7070552 1.65417e-4 0.7071584 0.8402088 0.2194504 0.4958738 0.836327 -0.2242159 0.5002844 0.7498593 -0.43306 0.5001699 0.4328884 -0.7500248 0.5000706 1.6432e-4 -0.7070941 0.7071195 0.21947 -0.8402841 0.4957376 -0.2242351 -0.8363997 0.5001541 -0.4330905 -0.7499043 0.5000762 -0.7499766 -0.4328586 0.5001686 -0.7070552 -1.65417e-4 0.7071584 -0.8402088 -0.2194504 0.4958738 -0.836327 0.2242159 0.5002844 -0.7498593 0.43306 0.5001699 -0.4328774 0.7500056 0.5001088 -0.2499369 0.9330332 0.2588064 5.92994e-5 0.9658866 0.2589656 -0.005310535 0.8689225 0.4949198 0.2528437 0.9329656 0.2562134 0.6121856 0.6123496 0.5002568 0.4856387 0.8357309 0.2563374 0.8365132 0.482895 0.258956 0.9330313 0.2499371 0.2588126 0.9658748 -6.04218e-5 0.2590094 0.8689262 0.005362093 0.4949128 0.9329517 -0.2528938 0.256215 0.6123319 -0.6121651 0.5003035 0.8357027 -0.4856818 0.2563479 0.4829117 -0.836535 0.2588545 0.2499385 -0.9330428 0.2587699 -6.15564e-5 -0.9658828 0.2589796 0.005465447 -0.8689998 0.4947824 -0.2529494 -0.9329597 0.2561302 -0.6121664 -0.6123329 0.5003007 -0.4857394 -0.8356983 0.256253 -0.8365132 -0.482895 0.258956 -0.9330313 -0.2499371 0.2588126 -0.9658748 6.04218e-5 0.2590094 -0.8689262 -0.005362093 0.4949128 -0.9329517 0.2528938 0.256215 -0.6123493 0.6121834 0.5002597 -0.8356494 0.4857707 0.2563531 -0.4856758 0.8356961 0.2563809 -0.7071064 0.7071073 -3.19457e-7 -0.6838582 0.6841146 0.2536242 -0.4999952 0.8660282 -4.83459e-5 -0.258812 0.9659278 -4.81947e-5 0.2588119 0.9659277 -4.81988e-5 0.4999952 0.8660282 -4.83475e-5 0.7071064 0.7071072 -3.26087e-7 0.6816092 0.6854213 0.2561379 0.8660284 0.4999948 0 0.9659278 0.2588118 0 0.9659278 -0.2588118 0 0.8660284 -0.4999948 0 0.7071064 -0.7071073 3.21895e-7 0.6854205 -0.6816103 0.2561374 0.4999952 -0.8660282 4.83459e-5 0.258812 -0.9659278 4.81947e-5 -0.2588119 -0.9659277 4.81988e-5 -0.4999953 -0.8660281 4.83475e-5 -0.7071065 -0.7071071 3.23648e-7 -0.6816075 -0.6854224 0.2561394 -0.8660284 -0.4999948 0 -0.9659278 -0.2588118 0 -0.9659278 0.2588118 0 -0.8660284 0.4999948 0 -0.836482 0.4829486 -0.2589569 -0.483022 0.8364866 -0.2588047 -0.2500572 0.9330108 -0.2587706 -6.24629e-5 0.9658694 -0.2590298 0 1 -4.8498e-5 0.2475073 0.9344782 -0.2559113 0.4809172 0.8385429 -0.2560554 0.8364406 0.4829936 -0.2590066 0.9329999 0.2500537 -0.2588133 0.9658748 6.02507e-5 -0.2590094 0.9344561 -0.2475013 -0.2559981 0.8385215 -0.4809044 -0.2561495 0.4830092 -0.8364673 -0.2588912 0.2500534 -0.9330018 -0.2588072 5.91384e-5 -0.9658865 -0.2589657 0 -1 4.8498e-5 -0.2475512 -0.9344425 -0.2559995 -0.4809954 -0.8384709 -0.2561447 -0.8364406 -0.4829936 -0.2590066 -0.9329999 -0.2500537 -0.2588133 -0.9658748 -6.02507e-5 -0.2590094 -0.9344561 0.2475013 -0.2559981 -0.7499761 0.4328583 -0.5001696 -0.6123319 0.6121652 -0.5003035 -0.6815747 0.6853895 -0.2563151 -0.439164 0.7497269 -0.4950198 -0.2301114 0.8378304 -0.4950645 0.2240075 0.83646 -0.5001553 0.4328867 0.7500222 -0.500076 0.6121664 0.6123329 -0.5003007 0.6853875 0.6815773 -0.2563132 0.7496803 0.4390767 -0.4951679 0.8377801 0.2299914 -0.4952056 0.8363872 -0.2239884 -0.5002858 0.7499761 -0.4328583 -0.5001696 0.6123494 -0.6121834 -0.5002598 0.6815763 -0.6853884 -0.2563135 0.4390363 -0.7497119 -0.4951558 0.2299923 -0.8377841 -0.4951986 -0.2239887 -0.8363887 -0.5002831 -0.4328759 -0.7500029 -0.5001142 -0.6121855 -0.6123496 -0.5002568 -0.6853888 -0.6815758 -0.2563136 -0.7496803 -0.4390767 -0.4951679 -0.8377801 -0.2299914 -0.4952056 -0.8377254 0.2299835 -0.4953017 -0.7070539 -7.36686e-7 -0.7071596 -0.8713915 6.97936e-4 -0.4905878 -0.6905017 0.1771183 -0.7013106 -0.5000645 0.4998261 -0.7071842 -0.1831293 0.6827946 -0.7072871 -1.64324e-4 0.7070941 -0.7071195 0.005465507 0.8686468 -0.495402 0.1771177 0.6904984 -0.701314 0.4998273 0.5000661 -0.7071822 0.6827943 0.1831289 -0.7072876 0.7070552 1.65421e-4 -0.7071584 0.8685796 -0.005362093 -0.4955206 0.6905017 -0.1771183 -0.7013106 0.5000645 -0.4998261 -0.7071842 0.1831293 -0.6827946 -0.7072871 1.64324e-4 -0.7070941 -0.7071195 -0.005310535 -0.8685793 -0.4955219 -0.1771177 -0.6904984 -0.701314 -0.4998273 -0.5000661 -0.7071822 -0.6827943 -0.1831289 -0.7072876 -0.4998577 -2.00253e-4 -0.8661075 -0.6121432 0.3536052 -0.7072794 -0.4938818 0.1226622 -0.8608338 -0.4453144 0.2462649 -0.8608418 -0.250042 0.432684 -0.8661776 -0.3492172 0.6204055 -0.7022424 -0.1295422 0.4826791 -0.8661638 -2.01332e-4 0.4998179 -0.8661305 0.3536227 0.6121762 -0.7072421 0.1226616 0.4938779 -0.8608361 0.2462633 0.445313 -0.8608431 0.4326857 0.2500438 -0.8661763 0.6203805 0.3492619 -0.7022422 0.4826799 0.1295437 -0.8661633 0.4998577 2.00253e-4 -0.8661075 0.6121432 -0.3536052 -0.7072794 0.4938818 -0.1226622 -0.8608338 0.4453144 -0.2462649 -0.8608418 0.250042 -0.432684 -0.8661776 0.3492172 -0.6204055 -0.7022424 0.1295422 -0.4826791 -0.8661638 2.01332e-4 -0.4998179 -0.8661305 -0.3536227 -0.6121762 -0.7072421 -0.1226616 -0.4938779 -0.8608361 -0.2462633 -0.445313 -0.8608431 -0.4326857 -0.2500438 -0.8661763 -0.6203805 -0.3492619 -0.7022422 -0.4937229 -0.1225983 -0.8609341 -0.2242968 -0.1295008 -0.9658782 -0.2584158 -0.07991838 -0.9627224 -0.250203 0.0668081 -0.9658858 -0.2244126 0.1293044 -0.9658775 -0.3533272 0.3536149 -0.8660926 -0.1296939 0.2241889 -0.9658773 -0.07991796 0.2584119 -0.9627234 0.06682109 0.2502462 -0.9658736 0.1293041 0.2244126 -0.9658776 0.3536151 0.3533289 -0.8660919 0.2241889 0.129692 -0.9658776 0.2584158 0.07991838 -0.9627224 0.250203 -0.0668081 -0.9658858 0.2244126 -0.1293044 -0.9658775 0.3533272 -0.3536149 -0.8660926 0.1296939 -0.2241889 -0.9658773 0.07991796 -0.2584119 -0.9627234 -0.06682109 -0.2502462 -0.9658736 -0.1293041 -0.2244126 -0.9658776 -0.3536151 -0.3533289 -0.8660919 -5.87143e-5 -3.05703e-4 -1 -0.1988612 -0.1951896 -0.9603934 -0.2590136 2.24419e-4 -0.9658737 -0.009159028 -0.01354622 -0.9998664 -2.02102e-4 -1.876e-4 -1 -2.90154e-4 -9.57828e-5 -1 -0.1829234 0.1832405 -0.9658997 -3.04444e-4 5.76433e-5 -1 2.2444e-4 0.2590172 -0.9658728 -0.01354628 0.009158909 -0.9998663 -1.87641e-4 2.01477e-4 -1 -9.72003e-5 2.88878e-4 -1 0.183241 0.1829238 -0.9658995 5.87143e-5 3.05703e-4 -1 0.2590136 -2.24419e-4 -0.9658737 0.009159028 0.01354622 -0.9998664 2.02102e-4 1.876e-4 -1 2.90154e-4 9.57828e-5 -1 0.1829234 -0.1832405 -0.9658997 3.04444e-4 -5.76433e-5 -1 -2.2444e-4 -0.2590172 -0.9658728 0.01354628 -0.009158909 -0.9998663 1.87641e-4 -2.01477e-4 -1 9.72003e-5 -2.88878e-4 -1 -0.01633894 -0.001305162 -0.9998657 0.1293904 0.224114 -0.9659354 0.2242216 0.1291953 -0.9659366 0.2499375 0.06673854 -0.9659592 0.2586334 -2.22074e-4 -0.9659755 -0.009481132 0.01084822 -0.9998963 0.236446 -0.07390654 -0.9688299 9.8465e-5 2.30277e-4 -1 0.2092303 -0.1326289 -0.9688304 0.1291961 -0.2242226 -0.9659361 0.06674897 -0.2499803 -0.9659475 -2.22094e-4 -0.2586362 -0.9659748 0.01084822 0.009479582 -0.9998963 -0.07390564 -0.2364427 -0.9688307 2.30513e-4 -9.83141e-5 -1 -0.1326298 -0.2092316 -0.9688299 -0.2242226 -0.1291935 -0.9659365 -0.2499375 -0.06673854 -0.9659592 -0.2586334 2.22074e-4 -0.9659755 0.009481132 -0.01084822 -0.9998963 -0.236446 0.07390654 -0.9688299 -9.8465e-5 -2.30277e-4 -1 -0.2092303 0.1326289 -0.9688304 -0.1291961 0.2242226 -0.9659361 -0.06674897 0.2499803 -0.9659475 2.22094e-4 0.2586362 -0.9659748 -0.01084822 -0.009479582 -0.9998963 0.07390564 0.2364427 -0.9688307 0.2499238 0.4324815 -0.8663128 0.1827744 0.1830905 -0.9659563 0.4326812 0.2495781 -0.8663128 0.4763231 0.1181831 -0.8712917 0.4824813 -0.1294887 -0.8662821 0.4324826 -0.2499248 -0.866312 0.1830898 -0.1827748 -0.9659563 0.2495762 -0.4326784 -0.8663147 0.1181837 -0.4763266 -0.8712896 -0.1294886 -0.482481 -0.8662822 -0.2499238 -0.4324815 -0.8663128 -0.1827744 -0.1830905 -0.9659563 -0.4326812 -0.2495781 -0.8663128 -0.4763261 -0.1181836 -0.87129 -0.4824813 0.1294887 -0.8662821 -0.4324826 0.2499248 -0.866312 -0.1830898 0.1827748 -0.9659563 -0.2495762 0.4326784 -0.8663147 -0.1181837 0.4763266 -0.8712896 0.1182077 0.4764912 -0.8711964 6.94491e-7 0.7067783 -0.7074351 -0.002116918 0.4836747 -0.8752453 0.1885988 0.6753065 -0.7130159 0.3531861 0.3534718 -0.8662086 0.3569461 0.6033966 -0.7130933 0.6122113 0.353277 -0.7073845 0.6828157 0.1827909 -0.7073544 0.7067754 -1.61713e-4 -0.707438 0.4925332 0.009289324 -0.8702442 0.6753079 -0.188599 -0.7130144 0.3534706 -0.3531858 -0.8662092 0.6033717 -0.3569871 -0.7130939 0.3532906 -0.6122385 -0.7073541 0.1827912 -0.6828157 -0.7073544 -1.61708e-4 -0.706777 -0.7074364 0.009289324 -0.4925337 -0.8702439 -0.1885988 -0.6753065 -0.7130159 -0.3531861 -0.3534718 -0.8662086 -0.3569461 -0.6033966 -0.7130933 -0.6122113 -0.353277 -0.7073845 -0.6828157 -0.1827909 -0.7073544 -0.7067754 1.61713e-4 -0.707438 -0.4925332 -0.009289324 -0.8702442 -0.6753079 0.188599 -0.7130144 -0.3534706 0.3531858 -0.8662092 -0.6033717 0.3569871 -0.7130939 -0.3532906 0.6122385 -0.7073541 -0.1827912 0.6828157 -0.7073544 -0.2241179 0.836425 -0.5001642 0.2242282 0.8363918 -0.5001705 0.4330031 0.7497504 -0.5003826 0.612296 0.6121339 -0.5003857 0.490878 0.5017429 -0.7122449 0.7499895 0.4270311 -0.5051341 0.8350709 0.2183851 -0.5049403 0.8363937 -0.2242291 -0.5001671 0.7497516 -0.4330058 -0.5003783 0.6121341 -0.6122974 -0.5003836 0.501743 -0.4908782 -0.7122447 0.4271066 -0.7500259 -0.505016 0.2184952 -0.8351177 -0.5048153 -0.2242462 -0.8364588 -0.5000504 -0.433028 -0.7497885 -0.5003039 -0.6122974 -0.6121324 -0.5003858 -0.490878 -0.5017429 -0.7122449 -0.7499895 -0.4270311 -0.5051341 -0.8350709 -0.2183851 -0.5049403 -0.836371 0.2242227 -0.5002078 -0.7497516 0.4330058 -0.5003783 -0.6121478 0.6123169 -0.500343 -0.501743 0.4908782 -0.7122447 -0.4270293 0.7499878 -0.5051379 -0.2499369 0.9330244 -0.2588378 6.08524e-5 0.9658489 -0.2591061 -0.005339682 0.8635094 -0.5043045 0.2524338 0.9315998 -0.2615319 0.6830675 0.682989 -0.2587374 0.9330112 0.2499345 -0.2588878 0.9658492 -6.08502e-5 -0.2591053 0.8635078 0.005291581 -0.5043077 0.9316109 -0.2523884 -0.2615365 0.6829957 -0.6830775 -0.258693 0.2499416 -0.9330373 -0.2587869 -5.9876e-5 -0.9658625 -0.2590553 0.005195617 -0.8635751 -0.5041937 -0.2523506 -0.9316502 -0.2614326 -0.6830688 -0.6829878 -0.2587375 -0.9330112 -0.2499345 -0.2588878 -0.9658492 6.08502e-5 -0.2591053 -0.8635078 -0.005291581 -0.5043077 -0.9316109 0.2523884 -0.2615365 -0.682987 0.6830693 -0.2587376 -0.5000109 0.8660192 4.90058e-5 -0.4822122 0.8352522 -0.2642444 -0.258814 0.9659272 4.92795e-5 0 1 4.93697e-5 0.4828706 0.8364839 -0.259096 0.258814 0.9659273 4.92797e-5 0.5000109 0.8660191 4.90035e-5 0.8660196 0.5000101 0 0.8344987 0.4849481 -0.2616052 0.9659273 0.258814 0 1 0 0 0.8364851 -0.4828727 -0.2590882 0.9659272 -0.2588139 0 0.8660196 -0.5000101 0 0.5000109 -0.8660192 -4.90058e-5 0.4848804 -0.8345663 -0.261515 0.258814 -0.9659273 -4.92843e-5 0 -1 -4.93697e-5 -0.4828767 -0.8364821 -0.2590904 -0.258814 -0.9659273 -4.92797e-5 -0.5000109 -0.8660191 -4.90035e-5 -0.8660196 -0.5000101 0 -0.8344987 -0.4849481 -0.2616052 -0.9659273 -0.258814 0 -1 0 0 -0.8364851 0.4828727 -0.2590882 -0.9659272 0.2588139 0 -0.8660196 0.5000101 0 -0.6830685 0.6829879 0.2587376 -0.4848804 0.8345663 0.261515 -0.2524072 0.9316838 0.2612585 0.2499396 0.9330254 0.2588313 0.4828767 0.8364821 0.2590904 0.6829882 0.6830681 0.2587374 0.7071069 0.7071067 0 0.8344987 0.4849481 0.2616052 0.9316574 0.2524001 0.2613595 0.9330111 -0.2499347 0.2588883 0.8364741 -0.4828674 0.2591339 0.6830674 -0.6829889 0.2587375 0.7071068 -0.7071067 0 0.4848656 -0.8345452 0.26161 0.2524457 -0.9316469 0.2613528 -0.2499372 -0.9330246 0.2588372 -0.4828706 -0.8364839 0.259096 -0.6829869 -0.6830695 0.2587374 -0.7071069 -0.7071067 0 -0.8344987 -0.4849481 0.2616052 -0.9316574 -0.2524001 0.2613595 -0.9330111 0.2499347 0.2588883 -0.8345164 0.4849547 0.2615365 -0.7498674 0.4328057 0.500378 -0.4330279 0.7497889 0.5003033 5.98768e-5 0.9658625 0.2590553 -0.2283644 0.8327978 0.5042793 0.2240213 0.8365196 0.5000495 0.4328297 0.7499034 0.5003035 0.7497518 0.4330059 0.500378 0.9658492 -6.08501e-5 0.2591053 0.8326978 0.2284825 0.5043909 0.8364545 -0.2240043 0.5001661 0.7498674 -0.4328057 0.500378 0.433004 -0.7497503 0.500382 -6.08522e-5 -0.9658489 0.2591061 0.2284832 -0.8326981 0.5043901 -0.2240034 -0.8364526 0.5001695 -0.432803 -0.7498661 0.5003823 -0.7497518 -0.4330059 0.500378 -0.9658492 6.08501e-5 0.2591053 -0.8326978 -0.2284825 0.5043909 -0.8327686 0.2284904 0.5042705 -0.860678 -7.01334e-4 0.5091494 -0.6121342 0.6122974 0.5003836 0.005195617 0.863227 0.5047894 0.6122974 0.6121324 0.5003858 0.8631532 -0.005291581 0.5049144 0.6121479 -0.6123169 0.5003429 -0.005339682 -0.8631516 0.5049167 -0.6122959 -0.6121339 0.5003857 0 -1.57754e-6 -1 0 0.8660748 -0.4999147 0 -0.8660752 -0.4999139 0 -2.19104e-7 -1 0 -0.8660766 0.4999116 0 -0.8660766 -0.4999116 0 -1.97194e-7 1 0 -0.8660752 0.4999139 0 0.8660761 0.4999123 0 -1.62136e-6 1 0 0.8660748 0.4999146 -4.77225e-5 0 -1 -4.77886e-5 0 -1 -4.75699e-5 0 -1 -4.77135e-5 0 -1 -4.80565e-5 0 -1 -4.7802e-5 0 -1 -4.8411e-5 0 -1 -4.77711e-5 0 -1 -4.77711e-5 0 -1 -4.74864e-5 0 -1 -4.77711e-5 0 -1 -4.83911e-5 0 -1 -4.78185e-5 0 -1 -4.77711e-5 0 -1 -4.77711e-5 0 -1 -4.78067e-5 0 -1 -4.78924e-5 0 -1 -4.78089e-5 0 -1 -4.77711e-5 0 -1 -4.77711e-5 0 -1 -4.77711e-5 0 -1 -4.77711e-5 0 -1 -4.77711e-5 0 -1 -4.79066e-5 0 -1</float_array>
          <technique_common>
            <accessor source="#Mesh14_WE_RE1_Group1_Model-mesh-normals-array" count="2677" stride="3">
              <param name="X" type="float"/>
              <param name="Y" type="float"/>
              <param name="Z" type="float"/>
            </accessor>
          </technique_common>
        </source>
        <source id="Mesh14_WE_RE1_Group1_Model-mesh-map-0">
          <float_array id="Mesh14_WE_RE1_Group1_Model-mesh-map-0-array" count="28416">0.349761 0.990113 0.347118 0.520621 0.347118 0.990113 0.1860319 0.523065 0.187353 0.992556 0.187353 0.523065 0.18339 0.523065 0.1860319 0.992556 0.1860319 0.523065 0.194387 0.525509 0.19703 0.995 0.19703 0.525509 0.333876 0.995 0.335197 0.525509 0.335197 0.995 0.331234 0.995 0.333876 0.525509 0.333876 0.995 0.480797 0.507506 0.475912 0.491297 0.480797 0.491297 0.592517 0.507506 0.480797 0.491297 0.592517 0.491297 0.595278 0.507506 0.592517 0.491297 0.595278 0.491297 0.302236 0.368681 0.286026 0.372186 0.286026 0.368681 0.302236 0.364539 0.286026 0.368681 0.286026 0.364539 0.302236 0.360397 0.286026 0.364539 0.286026 0.360397 0.302236 0.356893 0.286026 0.360397 0.286026 0.356893 0.05737894 0.337344 0.05387395 0.353553 0.05737894 0.353553 0.06151998 0.337344 0.05737894 0.353553 0.06151998 0.353553 0.192142 0.337344 0.06151998 0.353553 0.192142 0.353553 0.196285 0.337344 0.192142 0.353553 0.196285 0.353553 0.199789 0.337344 0.196285 0.353553 0.199789 0.353553 0.306797 0.368682 0.323007 0.372186 0.323007 0.368682 0.306797 0.364539 0.323007 0.368682 0.323007 0.364539 0.306797 0.360398 0.323007 0.364539 0.323007 0.360398 0.306797 0.356893 0.323007 0.360398 0.323007 0.356893 0.08181595 0.39754 0.07831096 0.38133 0.08181595 0.38133 0.08595699 0.39754 0.08181595 0.38133 0.08595699 0.38133 0.182915 0.39754 0.08595699 0.38133 0.182915 0.38133 0.41432 0.357458 0.43053 0.420751 0.43053 0.357458 0.41432 0.356926 0.43053 0.357458 0.43053 0.356926 0.41432 0.353846 0.43053 0.356926 0.43053 0.353846 0.41432 0.349811 0.43053 0.353846 0.43053 0.349811 0.41432 0.345775 0.43053 0.349811 0.43053 0.345775 0.41432 0.342231 0.43053 0.345775 0.43053 0.342231 0.467841 0.507506 0.464416 0.491297 0.467841 0.491297 0.471877 0.507506 0.467841 0.491297 0.471877 0.491297 0.475912 0.507506 0.471877 0.491297 0.475912 0.491297 0.647982 0.242798 0.650607 0.239636 0.649929 0.243672 0.647982 0.242798 0.639761 0.23131 0.648502 0.239702 0.636535 0.23201 0.647982 0.242798 0.633852 0.233861 0.633604 0.234059 0.647982 0.242798 0.644352 0.247312 0.633604 0.234059 0.632619 0.232203 0.633852 0.233861 0.633604 0.234059 0.568794 0.321727 0.632088 0.232627 0.566786 0.328121 0.644352 0.247312 0.565101 0.35907 0.565101 0.35907 0.646 0.248557 0.566777 0.360277 0.647982 0.242798 0.646 0.248557 0.644352 0.247312 0.563301 0.361532 0.566777 0.360277 0.564759 0.363038 0.565101 0.35907 0.563301 0.361532 0.566786 0.328121 0.563301 0.361532 0.560444 0.36348 0.566786 0.328121 0.560444 0.36348 0.564759 0.363038 0.561253 0.365428 0.560444 0.36348 0.557112 0.366224 0.557112 0.364121 0.560444 0.36348 0.557112 0.364121 0.566786 0.328121 0.557112 0.364121 0.55378 0.36348 0.566786 0.328121 0.55378 0.36348 0.557112 0.366224 0.552971 0.365428 0.55378 0.36348 0.549466 0.363038 0.550952 0.361552 0.550952 0.361552 0.566786 0.328121 0.55378 0.36348 0.549024 0.358723 0.566786 0.328121 0.550952 0.361552 0.548345 0.355195 0.566786 0.328121 0.549024 0.358723 0.566786 0.328121 0.548345 0.224965 0.565882 0.224975 0.565882 0.224975 0.568794 0.321727 0.566786 0.328121 0.565201 0.221437 0.567946 0.2247689 0.565882 0.224975 0.548345 0.224965 0.565201 0.221437 0.565882 0.224975 0.549024 0.221437 0.54628 0.2247689 0.547077 0.220627 0.548345 0.355195 0.54628 0.2247689 0.548345 0.224965 0.549024 0.358723 0.54628 0.355391 0.548345 0.355195 0.549024 0.358723 0.549466 0.363038 0.547077 0.359533 0.549024 0.221437 0.549466 0.217123 0.550952 0.218608 0.549024 0.221437 0.563272 0.218608 0.565201 0.221437 0.55378 0.21668 0.563272 0.218608 0.550952 0.218608 0.55378 0.21668 0.549466 0.217123 0.552971 0.214733 0.55378 0.21668 0.557112 0.213937 0.557112 0.21604 0.557112 0.21604 0.560444 0.21668 0.55378 0.21668 0.560444 0.21668 0.557112 0.213937 0.561253 0.214733 0.560444 0.21668 0.564759 0.217123 0.563272 0.218608 0.565201 0.221437 0.564759 0.217123 0.567148 0.220627 0.636535 0.23201 0.632619 0.232203 0.635699 0.2300789 0.639761 0.23131 0.635699 0.2300789 0.639733 0.229202 0.639761 0.23131 0.643769 0.229973 0.643006 0.231929 0.647742 0.236448 0.639761 0.23131 0.643006 0.231929 0.648502 0.239702 0.649664 0.235601 0.650607 0.239636 0.645856 0.233701 0.649664 0.235601 0.647742 0.236448 0.645856 0.233701 0.647742 0.236448 0.643006 0.231929 0.645856 0.233701 0.643769 0.229973 0.647314 0.232176 0.346222 0.262409 0.330012 0.267082 0.330012 0.262409 0.346222 0.194018 0.330012 0.262409 0.330012 0.194018 0.552829 0.484291 0.486031 0.468082 0.552829 0.468082 0.59499 0.484291 0.552829 0.468082 0.59499 0.468082 0.41432 0.264348 0.43053 0.337411 0.43053 0.264348 0.41432 0.260206 0.43053 0.264348 0.43053 0.260206 0.41432 0.256701 0.43053 0.260206 0.43053 0.256701 0.04393798 0.318119 0.040434 0.30191 0.04393798 0.30191 0.04807996 0.318119 0.04393798 0.30191 0.04807996 0.30191 0.05222195 0.318119 0.04807996 0.30191 0.05222195 0.30191 0.055727 0.318119 0.05222195 0.30191 0.055727 0.30191 0.451301 0.35483 0.435092 0.358334 0.435092 0.35483 0.451301 0.350688 0.435092 0.35483 0.435092 0.350688 0.451301 0.266791 0.435092 0.350688 0.435092 0.266791 0.451301 0.26265 0.435092 0.266791 0.435092 0.26265 0.451301 0.259145 0.435092 0.26265 0.435092 0.259145 0.516795 0.44731 0.51329 0.46352 0.516795 0.46352 0.520936 0.44731 0.516795 0.46352 0.520936 0.46352 0.651558 0.44731 0.520936 0.46352 0.651558 0.46352 0.655701 0.44731 0.651558 0.46352 0.655701 0.46352 0.659205 0.44731 0.655701 0.46352 0.659205 0.46352 0.369112 0.321839 0.385321 0.325344 0.385321 0.321839 0.369112 0.317698 0.385321 0.321839 0.385321 0.317698 0.369112 0.233801 0.385321 0.317698 0.385321 0.233801 0.369112 0.229659 0.385321 0.233801 0.385321 0.229659 0.369112 0.226155 0.385321 0.229659 0.385321 0.226155 0.255319 0.39143 0.251814 0.375221 0.255319 0.375221 0.25946 0.39143 0.255319 0.375221 0.25946 0.375221 0.263601 0.39143 0.25946 0.375221 0.263601 0.375221 0.267106 0.39143 0.263601 0.375221 0.267106 0.375221 0.346222 0.271224 0.330012 0.274729 0.330012 0.271224 0.346222 0.267082 0.330012 0.271224 0.330012 0.267082 0.64434 0.075239 0.641008 0.077982 0.640811 0.075917 0.64434 0.05906099 0.640811 0.075917 0.640811 0.05838298 0.64434 0.05906099 0.641008 0.05631798 0.64515 0.057114 0.557308 0.05838298 0.641008 0.05631798 0.640811 0.05838298 0.565868 0.075917 0.640811 0.05838298 0.636335 0.075917 0.348287 0.262409 0.346222 0.194018 0.348287 0.191943 0.348287 0.266885 0.346222 0.262409 0.348287 0.262409 0.640811 0.075917 0.636335 0.075917 0.640811 0.05838298 0.552827 0.486356 0.486031 0.484291 0.552829 0.484291 0.565868 0.075917 0.566199 0.1447769 0.548345 0.06734597 0.566199 0.1447769 0.548345 0.197576 0.548345 0.06734597 0.566199 0.1447769 0.567944 0.186941 0.565864 0.189006 0.640811 0.189006 0.567944 0.186941 0.641008 0.186941 0.565864 0.189006 0.640811 0.20654 0.557308 0.20654 0.64434 0.189684 0.640811 0.20654 0.640811 0.189006 0.64434 0.189684 0.641008 0.186941 0.64515 0.187737 0.64434 0.189684 0.648654 0.190126 0.647168 0.191613 0.647168 0.191613 0.64434 0.205862 0.64434 0.189684 0.647168 0.191613 0.649096 0.201104 0.647168 0.203933 0.649096 0.194441 0.648654 0.190126 0.651043 0.1936309 0.649096 0.194441 0.65184 0.197772 0.649737 0.197772 0.649737 0.197772 0.649096 0.201104 0.649096 0.194441 0.649096 0.201104 0.65184 0.197772 0.651043 0.201915 0.649096 0.201104 0.648654 0.205419 0.647168 0.203933 0.64434 0.205862 0.648654 0.205419 0.64515 0.207809 0.64434 0.205862 0.641008 0.208605 0.640811 0.20654 0.640811 0.20654 0.557112 0.208605 0.557308 0.20654 0.55378 0.205862 0.557112 0.208605 0.552971 0.207809 0.55378 0.205862 0.565864 0.189006 0.557308 0.20654 0.550952 0.203933 0.565864 0.189006 0.55378 0.205862 0.549023 0.201104 0.565864 0.189006 0.550952 0.203933 0.548345 0.197576 0.565864 0.189006 0.549023 0.201104 0.549023 0.201104 0.54628 0.197772 0.548345 0.197576 0.549023 0.201104 0.549465 0.205419 0.547076 0.201915 0.55378 0.205862 0.549465 0.205419 0.550952 0.203933 0.548345 0.197576 0.54628 0.06714999 0.548345 0.06734597 0.549023 0.06381899 0.54628 0.06714999 0.547076 0.06300801 0.548345 0.06734597 0.549023 0.06381899 0.565868 0.075917 0.549023 0.06381899 0.550952 0.06098997 0.565868 0.075917 0.549023 0.06381899 0.549465 0.05950397 0.550952 0.06098997 0.55378 0.05906099 0.549465 0.05950397 0.552971 0.057114 0.550952 0.06098997 0.55378 0.05906099 0.565868 0.075917 0.55378 0.05906099 0.557308 0.05838298 0.565868 0.075917 0.55378 0.05906099 0.557112 0.05631798 0.557308 0.05838298 0.64434 0.05906099 0.648654 0.05950397 0.647168 0.06098997 0.647168 0.06098997 0.64434 0.075239 0.64434 0.05906099 0.649096 0.06381899 0.647168 0.07330995 0.647168 0.06098997 0.649096 0.06381899 0.648654 0.05950397 0.651043 0.06300801 0.649096 0.06381899 0.65184 0.06714999 0.649737 0.06714999 0.649737 0.06714999 0.649096 0.07048195 0.649096 0.06381899 0.649096 0.07048195 0.65184 0.06714999 0.651043 0.07129096 0.649096 0.07048195 0.648654 0.07479596 0.647168 0.07330995 0.64434 0.075239 0.648654 0.07479596 0.64515 0.07718598 0.314701 0.459529 0.184927 0.475738 0.314701 0.475738 0.315445 0.459529 0.314701 0.475738 0.315445 0.475738 0.319161 0.459529 0.315445 0.475738 0.319161 0.475738 0.322771 0.459529 0.319161 0.475738 0.322771 0.475738 0.330012 0.06809198 0.346222 0.07138395 0.346222 0.06809198 0.330012 0.06409597 0.346222 0.06809198 0.346222 0.06409597 0.330012 0.05996698 0.346222 0.06409597 0.346222 0.05996698 0.330012 0.05631798 0.346222 0.05996698 0.346222 0.05631798 0.246475 0.452523 0.243261 0.436313 0.246475 0.436313 0.252633 0.452523 0.246475 0.436313 0.252633 0.436313 0.3823 0.452523 0.252633 0.436313 0.3823 0.436313 0.386441 0.452523 0.3823 0.436313 0.386441 0.436313 0.389946 0.452523 0.386441 0.436313 0.389946 0.436313 0.268024 0.366238 0.251814 0.369742 0.251814 0.366238 0.268024 0.362096 0.251814 0.366238 0.251814 0.362096 0.268024 0.357955 0.251814 0.362096 0.251814 0.357955 0.268024 0.354449 0.251814 0.357955 0.251814 0.354449 0.180786 0.459529 0.177281 0.475738 0.180786 0.475738 0.184927 0.459529 0.180786 0.475738 0.184927 0.475738 0.371856 0.213429 0.369112 0.210097 0.371178 0.209906 0.388033 0.213429 0.371178 0.209906 0.388712 0.209899 0.388033 0.213429 0.390777 0.210097 0.38998 0.214239 0.388712 0.209899 0.390989 0.08042997 0.390777 0.210097 0.371178 0.209906 0.388923 0.08060598 0.388712 0.209899 0.371178 0.209906 0.369855 0.08032399 0.371921 0.08032995 0.371921 0.07969796 0.369855 0.08032399 0.369855 0.07958 0.371921 0.08032995 0.387982 0.07514399 0.388923 0.08060598 0.372284 0.07650995 0.387982 0.07514399 0.371921 0.07969796 0.373895 0.073628 0.387982 0.07514399 0.372284 0.07650995 0.387982 0.07514399 0.376545 0.07157695 0.38601 0.072672 0.387982 0.07514399 0.387365 0.07105898 0.389926 0.07427197 0.38601 0.072672 0.383715 0.069067 0.387365 0.07105898 0.383067 0.07106596 0.376545 0.07157695 0.379752 0.07063895 0.379752 0.07063895 0.37559 0.069705 0.379586 0.06853598 0.373895 0.073628 0.37559 0.069705 0.376545 0.07157695 0.373895 0.073628 0.370281 0.07586395 0.372298 0.07225298 0.372284 0.07650995 0.369855 0.07958 0.370281 0.07586395 0.379752 0.07063895 0.383715 0.069067 0.383067 0.07106596 0.387982 0.07514399 0.390989 0.08042997 0.388923 0.08060598 0.388033 0.213429 0.387591 0.2177439 0.386105 0.216258 0.386105 0.216258 0.371856 0.213429 0.388033 0.213429 0.386105 0.216258 0.376612 0.218186 0.373784 0.216258 0.383275 0.218186 0.387591 0.2177439 0.384086 0.220134 0.383275 0.218186 0.379944 0.22093 0.379944 0.218827 0.379944 0.218827 0.376612 0.218186 0.383275 0.218186 0.376612 0.218186 0.379944 0.22093 0.375802 0.220134 0.376612 0.218186 0.372298 0.2177439 0.373784 0.216258 0.371856 0.213429 0.372298 0.2177439 0.369909 0.214239 0.03940999 0.877702 0.03676795 0.408211 0.03676795 0.877702 0.04673999 0.417986 0.04806196 0.887477 0.04806196 0.417986 0.04409897 0.417986 0.04673999 0.887477 0.04673999 0.417986 0.052652 0.427761 0.05529397 0.897252 0.05529397 0.427761 0.06262397 0.90947 0.063946 0.439979 0.063946 0.90947 0.05998295 0.90947 0.06262397 0.439979 0.06262397 0.90947 0.110117 0.433146 0.108857 0.426539 0.110117 0.426539 0.140305 0.433146 0.110117 0.426539 0.140305 0.426539 0.142246 0.433146 0.140305 0.426539 0.142246 0.426539 0.144137 0.433146 0.142246 0.426539 0.144137 0.426539 0.143568 0.287312 0.13696 0.290739 0.13696 0.287312 0.143568 0.285422 0.13696 0.287312 0.13696 0.285422 0.143568 0.283582 0.13696 0.285422 0.13696 0.283582 0.330491 0.331234 0.327569 0.337842 0.330491 0.337842 0.349442 0.331234 0.330491 0.337842 0.349442 0.337842 0.330201 0.05192899 0.278695 0.04532098 0.330201 0.04532098 0.331865 0.05192899 0.330201 0.04532098 0.331865 0.04532098 0.172893 0.01048099 0.166284 0.01213198 0.166284 0.01048099 0.172893 0.008553981 0.166284 0.01048099 0.166284 0.008553981 0.172893 0.00663197 0.166284 0.008553981 0.166284 0.00663197 0.172893 0.004999995 0.166284 0.00663197 0.166284 0.004999995 0.088494 0.402102 0.08686399 0.408709 0.088494 0.408709 0.09041798 0.402102 0.088494 0.408709 0.09041798 0.408709 0.09248501 0.402102 0.09041798 0.408709 0.09248501 0.408709 0.153921 0.402102 0.09248501 0.408709 0.153921 0.408709 0.155735 0.402102 0.153921 0.408709 0.155735 0.408709 0.004999995 0.174222 0.011608 0.175834 0.011608 0.174222 0.004999995 0.172307 0.011608 0.174222 0.011608 0.172307 0.004999995 0.170379 0.011608 0.172307 0.011608 0.170379 0.004999995 0.1687279 0.011608 0.170379 0.011608 0.1687279 0.447335 0.182047 0.449802 0.181237 0.448359 0.1827509 0.447335 0.182047 0.448359 0.1827509 0.446613 0.1920959 0.448359 0.1827509 0.448998 0.183591 0.446613 0.1920959 0.448359 0.1827509 0.450757 0.182497 0.448998 0.183591 0.463774 0.213295 0.450757 0.182497 0.465778 0.212686 0.463774 0.213295 0.446613 0.1920959 0.448998 0.183591 0.463774 0.213295 0.459548 0.217025 0.457918 0.214828 0.463925 0.214462 0.465778 0.212686 0.46603 0.214626 0.463695 0.215256 0.46603 0.214626 0.465476 0.216516 0.461222 0.217037 0.463925 0.214462 0.463695 0.215256 0.461222 0.217037 0.460157 0.219326 0.460245 0.217212 0.463695 0.215256 0.462048 0.218986 0.461222 0.217037 0.459548 0.217025 0.460157 0.219326 0.458318 0.218834 0.459548 0.217025 0.463925 0.214462 0.460245 0.217212 0.459548 0.217025 0.45615 0.215911 0.457918 0.214828 0.457918 0.214828 0.446726 0.1969619 0.446613 0.1920959 0.422229 0.247473 0.446726 0.1969619 0.424046 0.2484689 0.416708 0.245105 0.446613 0.1920959 0.422229 0.247473 0.416708 0.245105 0.441484 0.183051 0.443306 0.184045 0.416425 0.246556 0.414724 0.244488 0.416708 0.245105 0.422229 0.247473 0.416425 0.246556 0.416708 0.245105 0.42145 0.248642 0.424046 0.2484689 0.42294 0.250132 0.420492 0.2492769 0.42294 0.250132 0.421288 0.251228 0.420492 0.2492769 0.416425 0.246556 0.42145 0.248642 0.420492 0.2492769 0.417292 0.248621 0.416639 0.247663 0.420492 0.2492769 0.419362 0.251594 0.419364 0.249492 0.41825 0.249276 0.419362 0.251594 0.417441 0.251222 0.41825 0.249276 0.417292 0.248621 0.419364 0.249492 0.41825 0.249276 0.415808 0.250107 0.417292 0.248621 0.416639 0.247663 0.415808 0.250107 0.414691 0.248476 0.416639 0.247663 0.41432 0.246553 0.416425 0.246556 0.444198 0.182704 0.441484 0.183051 0.442694 0.181237 0.443306 0.184045 0.444198 0.182704 0.446613 0.1920959 0.444198 0.182704 0.445137 0.182045 0.446613 0.1920959 0.445137 0.182045 0.442694 0.181237 0.444308 0.180103 0.445137 0.182045 0.446224 0.179725 0.446224 0.18183 0.445137 0.182045 0.446224 0.18183 0.446613 0.1920959 0.446224 0.18183 0.447335 0.182047 0.446613 0.1920959 0.447335 0.182047 0.446224 0.179725 0.44815 0.180103 0.206804 0.426508 0.204162 0.04165595 0.204162 0.426508 0.245902 0.04287695 0.247224 0.42773 0.247224 0.04287695 0.243261 0.04287695 0.245902 0.42773 0.245902 0.04287695 0.217602 0.03921198 0.220244 0.424065 0.220244 0.03921198 0.228796 0.428952 0.230118 0.04409897 0.230118 0.428952 0.226155 0.428952 0.228796 0.04409897 0.228796 0.428952 0.276251 0.154033 0.282859 0.157108 0.282859 0.154033 0.276251 0.145769 0.282859 0.154033 0.282859 0.145769 0.276251 0.141746 0.282859 0.145769 0.282859 0.141746 0.276251 0.138197 0.282859 0.141746 0.282859 0.138197 0.276251 0.135119 0.282859 0.138197 0.282859 0.135119 0.276251 0.1325139 0.282859 0.135119 0.282859 0.1325139 0.276251 0.130851 0.282859 0.1325139 0.282859 0.130851 0.1377519 0.279193 0.134516 0.272585 0.1377519 0.272585 0.141309 0.279193 0.1377519 0.272585 0.141309 0.272585 0.145186 0.279193 0.141309 0.272585 0.145186 0.272585 0.149385 0.279193 0.145186 0.272585 0.149385 0.272585 0.153582 0.279193 0.149385 0.272585 0.153582 0.272585 0.157459 0.279193 0.153582 0.272585 0.157459 0.272585 0.161016 0.279193 0.157459 0.272585 0.161016 0.272585 0.164252 0.279193 0.161016 0.272585 0.164252 0.272585 0.198552 0.08248198 0.191943 0.08572798 0.191943 0.08248198 0.198552 0.07891798 0.191943 0.08248198 0.191943 0.07891798 0.198552 0.07503497 0.191943 0.07891798 0.191943 0.07503497 0.198552 0.07083499 0.191943 0.07503497 0.191943 0.07083499 0.198552 0.05017095 0.191943 0.07083499 0.191943 0.05017095 0.198552 0.04820495 0.191943 0.05017095 0.191943 0.04820495 0.198552 0.046543 0.191943 0.04820495 0.191943 0.046543 0.253477 0.408211 0.251814 0.414819 0.253477 0.414819 0.255442 0.408211 0.253477 0.414819 0.255442 0.414819 0.317432 0.408211 0.255442 0.414819 0.317432 0.414819 0.319397 0.408211 0.317432 0.414819 0.319397 0.414819 0.32106 0.408211 0.319397 0.414819 0.32106 0.414819 0.160175 0.107121 0.166784 0.108783 0.166784 0.107121 0.160175 0.105155 0.166784 0.107121 0.166784 0.105155 0.160175 0.10319 0.166784 0.105155 0.166784 0.10319 0.160175 0.101526 0.166784 0.10319 0.166784 0.101526 0.287689 0.352504 0.286026 0.345896 0.287689 0.345896 0.289654 0.352504 0.287689 0.345896 0.289654 0.345896 0.313039 0.352504 0.289654 0.345896 0.313039 0.345896 0.346707 0.352504 0.313039 0.345896 0.346707 0.345896 0.07953298 0.244888 0.08614099 0.260411 0.08614099 0.244888 0.07953298 0.2406859 0.08614099 0.244888 0.08614099 0.2406859 0.07953298 0.237152 0.08614099 0.2406859 0.08614099 0.237152 0.138037 0.212715 0.134516 0.219322 0.138037 0.219322 0.142201 0.212715 0.138037 0.219322 0.142201 0.219322 0.146405 0.212715 0.142201 0.219322 0.146405 0.219322 0.149937 0.212715 0.146405 0.219322 0.149937 0.219322 0.290191 0.289072 0.283582 0.292606 0.283582 0.289072 0.290191 0.28487 0.283582 0.289072 0.283582 0.28487 0.290191 0.276402 0.283582 0.28487 0.283582 0.276402 0.290191 0.27605 0.283582 0.276402 0.283582 0.27605 0.290191 0.274286 0.283582 0.27605 0.283582 0.274286 0.290191 0.272585 0.283582 0.274286 0.283582 0.272585 0.07742899 0.177281 0.07586699 0.183889 0.07742899 0.183889 0.07944101 0.177281 0.07742899 0.183889 0.07944101 0.183889 0.08143597 0.177281 0.07944101 0.183889 0.08143597 0.183889 0.08315598 0.177281 0.08143597 0.183889 0.08315598 0.183889 0.276251 0.157108 0.282859 0.158639 0.282859 0.157108 0.429645 0.135536 0.427254 0.134771 0.428786 0.133593 0.42923 0.140473 0.429645 0.135536 0.430216 0.141027 0.42923 0.140473 0.429541 0.1430169 0.427839 0.14206 0.430216 0.141027 0.431305 0.143269 0.429541 0.1430169 0.430216 0.141027 0.429645 0.135536 0.431451 0.1412039 0.431637 0.1412039 0.429645 0.135536 0.432049 0.135102 0.431451 0.1412039 0.431656 0.143269 0.431305 0.143269 0.431637 0.1412039 0.440126 0.143118 0.431656 0.143269 0.440301 0.141049 0.432049 0.135102 0.44001 0.135054 0.432049 0.135102 0.440126 0.132988 0.44001 0.135054 0.429645 0.135536 0.43186 0.133038 0.432049 0.135102 0.443765 0.1354849 0.440126 0.132988 0.444146 0.133451 0.44001 0.135054 0.443765 0.1354849 0.440301 0.141049 0.445131 0.14197 0.443765 0.1354849 0.447 0.1363379 0.440301 0.141049 0.444327 0.143918 0.440126 0.143118 0.449347 0.144832 0.444327 0.143918 0.445131 0.14197 0.449347 0.144832 0.449731 0.137587 0.452075 0.139282 0.447 0.1363379 0.449731 0.137587 0.445131 0.14197 0.449731 0.137587 0.447697 0.134387 0.450774 0.135794 0.447 0.1363379 0.444146 0.133451 0.447697 0.134387 0.449731 0.137587 0.453378 0.137675 0.452075 0.139282 0.453548 0.140618 0.453378 0.137675 0.455041 0.139187 0.453548 0.140618 0.449347 0.144832 0.452075 0.139282 0.449347 0.144832 0.456013 0.143584 0.452209 0.149046 0.449347 0.144832 0.450261 0.149853 0.447859 0.146319 0.453164 0.154056 0.450261 0.149853 0.452209 0.149046 0.452209 0.149046 0.458768 0.150248 0.453164 0.154056 0.457736 0.146772 0.452209 0.149046 0.456013 0.143584 0.457736 0.146772 0.457734 0.142422 0.459655 0.145978 0.456013 0.143584 0.455041 0.139187 0.457734 0.142422 0.457736 0.146772 0.460807 0.149856 0.458768 0.150248 0.458768 0.150248 0.461192 0.1540549 0.459117 0.154054 0.459117 0.154054 0.453164 0.154056 0.458768 0.150248 0.453164 0.154056 0.458768 0.15786 0.452209 0.1590279 0.453164 0.154056 0.450261 0.158219 0.451062 0.1540549 0.449347 0.163228 0.450261 0.158219 0.452209 0.1590279 0.452209 0.1590279 0.456002 0.164522 0.449347 0.163228 0.457731 0.161335 0.452209 0.1590279 0.458768 0.15786 0.457731 0.161335 0.460805 0.158253 0.459649 0.162131 0.458768 0.15786 0.461192 0.1540549 0.460805 0.158253 0.457731 0.161335 0.457717 0.165688 0.456002 0.164522 0.456002 0.164522 0.455017 0.168922 0.453554 0.167453 0.453554 0.167453 0.449347 0.163228 0.456002 0.164522 0.449347 0.163228 0.450612 0.169892 0.445131 0.1660889 0.449347 0.163228 0.444327 0.1641409 0.447859 0.16174 0.440321 0.167006 0.444327 0.1641409 0.445131 0.1660889 0.443932 0.172648 0.445131 0.1660889 0.447415 0.171615 0.447415 0.171615 0.444325 0.174686 0.443932 0.172648 0.447415 0.171615 0.45177 0.171612 0.448208 0.173533 0.447415 0.171615 0.445131 0.1660889 0.450612 0.169892 0.450612 0.169892 0.455017 0.168922 0.45177 0.171612 0.443932 0.172648 0.440126 0.175071 0.440032 0.1730059 0.440032 0.1730059 0.440321 0.167006 0.443932 0.172648 0.422526 0.167006 0.440032 0.1730059 0.419661 0.172956 0.440321 0.167006 0.424601 0.164941 0.440126 0.164941 0.422688 0.131276 0.424601 0.164941 0.422526 0.167006 0.422688 0.131276 0.416384 0.169683 0.416384 0.108086 0.416384 0.169683 0.422526 0.167006 0.416645 0.171036 0.416645 0.171036 0.422526 0.167006 0.41732 0.1720229 0.41732 0.1720229 0.422526 0.167006 0.418305 0.1726959 0.418305 0.1726959 0.422526 0.167006 0.419661 0.172956 0.418305 0.1726959 0.41946 0.17502 0.417495 0.174642 0.419661 0.172956 0.440126 0.175071 0.41946 0.17502 0.418305 0.1726959 0.415832 0.173508 0.41732 0.1720229 0.416645 0.171036 0.415832 0.173508 0.414699 0.171845 0.416645 0.171036 0.41432 0.169879 0.416384 0.169683 0.416384 0.108086 0.41432 0.169879 0.41432 0.10789 0.416645 0.106733 0.41432 0.10789 0.414699 0.105924 0.416384 0.108086 0.422276 0.106733 0.422537 0.108093 0.41732 0.105746 0.422276 0.106733 0.416645 0.106733 0.416645 0.106733 0.415832 0.104261 0.41732 0.105746 0.418305 0.105073 0.415832 0.104261 0.417495 0.103126 0.418305 0.105073 0.421604 0.105746 0.41732 0.105746 0.41946 0.104851 0.420616 0.105073 0.418305 0.105073 0.420616 0.105073 0.41946 0.102748 0.421425 0.103126 0.418305 0.105073 0.41946 0.102748 0.41946 0.104851 0.420616 0.105073 0.423088 0.104261 0.421604 0.105746 0.422276 0.106733 0.423088 0.104261 0.424225 0.105924 0.422276 0.106733 0.424601 0.10789 0.422537 0.108093 0.422537 0.108093 0.424754 0.131274 0.422688 0.131276 0.422537 0.108093 0.422688 0.131276 0.416384 0.108086 0.42923 0.140473 0.426667 0.140498 0.428533 0.139544 0.428533 0.139544 0.428849 0.136149 0.42923 0.140473 0.428149 0.1383 0.428289 0.137145 0.428533 0.139544 0.428149 0.1383 0.426291 0.136491 0.428289 0.137145 0.428149 0.1383 0.426667 0.140498 0.426044 0.1384879 0.428849 0.136149 0.426291 0.136491 0.427254 0.134771 0.285624 0.09452098 0.279464 0.07831096 0.285624 0.07831096 0.298706 0.09452098 0.285624 0.07831096 0.298706 0.07831096 0.310659 0.09452098 0.298706 0.07831096 0.310659 0.07831096 0.321485 0.09452098 0.310659 0.07831096 0.321485 0.07831096 0.331182 0.09452098 0.321485 0.07831096 0.331182 0.07831096 0.268023 0.338855 0.251814 0.349352 0.251814 0.338855 0.268023 0.326852 0.251814 0.338855 0.251814 0.326852 0.268023 0.313342 0.251814 0.326852 0.251814 0.313342 0.268023 0.298325 0.251814 0.313342 0.251814 0.298325 0.268023 0.283132 0.251814 0.298325 0.251814 0.283132 0.268023 0.269094 0.251814 0.283132 0.251814 0.269094 0.268023 0.256212 0.251814 0.269094 0.251814 0.256212 0.268023 0.2444829 0.251814 0.256212 0.251814 0.2444829 0.213447 0.534062 0.201718 0.550271 0.213447 0.550271 0.22633 0.534062 0.213447 0.550271 0.22633 0.550271 0.240368 0.534062 0.22633 0.550271 0.240368 0.550271 0.255561 0.534062 0.240368 0.550271 0.255561 0.550271 0.270753 0.534062 0.255561 0.550271 0.270753 0.550271 0.284791 0.534062 0.270753 0.550271 0.284791 0.550271 0.297674 0.534062 0.284791 0.550271 0.297674 0.550271 0.309403 0.534062 0.297674 0.550271 0.309403 0.550271 0.309241 0.293902 0.32545 0.305631 0.32545 0.293902 0.309241 0.281019 0.32545 0.293902 0.32545 0.281019 0.309241 0.266982 0.32545 0.281019 0.32545 0.266982 0.309241 0.251788 0.32545 0.266982 0.32545 0.251788 0.309241 0.236678 0.32545 0.251788 0.32545 0.236678 0.309241 0.22289 0.32545 0.236678 0.32545 0.22289 0.309241 0.210422 0.32545 0.22289 0.32545 0.210422 0.309241 0.199274 0.32545 0.210422 0.32545 0.199274 0.286615 0.073749 0.276251 0.05753999 0.286615 0.05753999 0.296734 0.073749 0.286615 0.05753999 0.296734 0.05753999 0.306606 0.073749 0.296734 0.05753999 0.306606 0.05753999 0.316234 0.073749 0.306606 0.05753999 0.316234 0.05753999 0.322393 0.073749 0.316234 0.05753999 0.322393 0.05753999 0.325605 0.073749 0.322393 0.05753999 0.325606 0.05753999 0.158057 0.08117395 0.141847 0.08482497 0.141847 0.08117395 0.158057 0.07704496 0.141847 0.08117395 0.141847 0.07704496 0.158057 0.07304996 0.141847 0.07704496 0.141847 0.07304996 0.158057 0.06975799 0.141847 0.07304996 0.141847 0.06975799 0.138127 0.251814 0.134516 0.268023 0.138127 0.268023 0.141843 0.251814 0.138127 0.268023 0.141843 0.268023 0.149914 0.251814 0.141843 0.268023 0.149914 0.268023 0.157348 0.251814 0.149914 0.268023 0.157348 0.268023 0.1641449 0.251814 0.157348 0.268023 0.1641449 0.268023 0.170304 0.251814 0.1641449 0.268023 0.170304 0.268023 0.187381 0.122339 0.171172 0.129646 0.171172 0.122339 0.187381 0.113902 0.171172 0.122339 0.171172 0.113902 0.187381 0.104338 0.171172 0.113902 0.171172 0.104338 0.187381 0.09364598 0.171172 0.104338 0.171172 0.09364598 0.187381 0.082753 0.171172 0.09364598 0.171172 0.082753 0.187381 0.07269799 0.171172 0.082753 0.171172 0.07269799 0.187381 0.06347799 0.171172 0.07269799 0.171172 0.06347799 0.187381 0.05509597 0.171172 0.06347799 0.171172 0.05509597 0.280984 0.326672 0.272585 0.310463 0.280984 0.310463 0.2902 0.326672 0.280984 0.310463 0.2902 0.310463 0.300232 0.326672 0.2902 0.310463 0.300232 0.310463 0.311082 0.326672 0.300232 0.310463 0.311082 0.310463 0.321931 0.326672 0.311082 0.310463 0.321931 0.310463 0.331963 0.326672 0.321931 0.310463 0.331963 0.310463 0.341179 0.326672 0.331963 0.310463 0.341179 0.310463 0.349578 0.326672 0.341179 0.310463 0.349578 0.310463 0.113745 0.27357 0.129954 0.281952 0.129954 0.27357 0.113745 0.26435 0.129954 0.27357 0.129954 0.26435 0.113745 0.254295 0.129954 0.26435 0.129954 0.254295 0.113745 0.243403 0.129954 0.254295 0.129954 0.243403 0.113745 0.232736 0.129954 0.243403 0.129954 0.232736 0.113745 0.2232519 0.129954 0.232736 0.129954 0.2232519 0.113745 0.214949 0.129954 0.2232519 0.129954 0.214949 0.113745 0.207827 0.129954 0.214949 0.129954 0.207827 0.123768 0.08930796 0.11741 0.105517 0.123768 0.105517 0.13095 0.08930796 0.123768 0.105517 0.13095 0.105517 0.138954 0.08930796 0.13095 0.105517 0.138954 0.105517 0.147782 0.08930796 0.138954 0.105517 0.147782 0.105517 0.148526 0.08930796 0.147782 0.105517 0.148526 0.105517 0.152242 0.08930796 0.148526 0.105517 0.152242 0.105517 0.155854 0.08930796 0.152242 0.105517 0.155854 0.105517 0.03676795 0.09375095 0.05297797 0.09704297 0.05297797 0.09375095 0.03676795 0.08975499 0.05297797 0.09375095 0.05297797 0.08975499 0.03676795 0.08562695 0.05297797 0.08975499 0.05297797 0.08562695 0.03676795 0.081977 0.05297797 0.08562695 0.05297797 0.081977 0.279464 0.09452098 0.276251 0.07831096 0.279464 0.07831096 0.196355 0.262901 0.195738 0.258815 0.1983 0.262028 0.196355 0.262901 0.184918 0.259333 0.194383 0.260429 0.196355 0.262901 0.180658 0.264266 0.182268 0.261385 0.196355 0.262901 0.199362 0.268188 0.197259 0.268142 0.197259 0.268142 0.196517 0.28127 0.194537 0.28066 0.180293 0.268397 0.194537 0.28066 0.1773869 0.277669 0.1773869 0.277669 0.178228 0.268081 0.180293 0.268397 0.1773869 0.277669 0.171618 0.284913 0.1754609 0.276909 0.1773869 0.277669 0.1898559 0.292282 0.173411 0.28595 0.1898559 0.292282 0.196517 0.28127 0.191702 0.293224 0.1898559 0.292282 0.184916 0.304049 0.183263 0.302799 0.173411 0.28595 0.183263 0.302799 0.168313 0.293394 0.173411 0.28595 0.1667 0.292095 0.171618 0.284913 0.168313 0.293394 0.160705 0.298453 0.1667 0.292095 0.168313 0.293394 0.174754 0.31222 0.162078 0.300009 0.174754 0.31222 0.184916 0.304049 0.1761569 0.313746 0.16458 0.319964 0.1761569 0.313746 0.16566 0.321737 0.162078 0.300009 0.16458 0.319964 0.154627 0.305453 0.162078 0.300009 0.153584 0.303658 0.160705 0.298453 0.145945 0.309339 0.153584 0.303658 0.154627 0.305453 0.154627 0.305453 0.152953 0.325494 0.145945 0.309339 0.16458 0.319964 0.153657 0.327445 0.152953 0.325494 0.152953 0.325494 0.140147 0.33087 0.139813 0.328825 0.145945 0.309339 0.139813 0.328825 0.136106 0.311653 0.136106 0.311653 0.145281 0.307374 0.145945 0.309339 0.125107 0.312419 0.135797 0.309604 0.136106 0.311653 0.136106 0.311653 0.125146 0.32994 0.125107 0.312419 0.139813 0.328825 0.125131 0.332012 0.125146 0.32994 0.11033 0.32858 0.125131 0.332012 0.109937 0.330618 0.113844 0.311386 0.125146 0.32994 0.11033 0.32858 0.125107 0.312419 0.114238 0.309348 0.125131 0.310348 0.113844 0.311386 0.104183 0.306352 0.114238 0.309348 0.1033869 0.30827 0.11033 0.32858 0.09669297 0.324518 0.09669297 0.324518 0.109937 0.330618 0.09589898 0.326437 0.09669297 0.324518 0.08301597 0.319468 0.08417898 0.317748 0.1033869 0.30827 0.08417898 0.317748 0.09379798 0.303075 0.09379798 0.303075 0.104183 0.306352 0.1033869 0.30827 0.08511197 0.295829 0.09496295 0.301357 0.09379798 0.303075 0.09379798 0.303075 0.07275396 0.308244 0.08511197 0.295829 0.08417898 0.317748 0.07128798 0.309711 0.07275396 0.308244 0.06324899 0.29682 0.07128798 0.309711 0.06153094 0.297982 0.07789099 0.287127 0.07275396 0.308244 0.06324899 0.29682 0.08511197 0.295829 0.079611 0.285965 0.08658099 0.294364 0.07789099 0.287127 0.074633 0.27675 0.079611 0.285965 0.07271498 0.277543 0.06324899 0.29682 0.05647999 0.284304 0.05647999 0.284304 0.06153094 0.297982 0.05456197 0.285099 0.05647999 0.284304 0.050381 0.271061 0.05241799 0.270669 0.07271498 0.277543 0.05241799 0.270669 0.06960898 0.26711 0.06960898 0.26711 0.074633 0.27675 0.07271498 0.277543 0.06857597 0.255868 0.07164597 0.266717 0.06960898 0.26711 0.06960898 0.26711 0.05105996 0.255868 0.06857597 0.255868 0.05241799 0.270669 0.04898697 0.255868 0.05105996 0.255868 0.05241799 0.241068 0.04898697 0.255868 0.050381 0.240676 0.06960898 0.2446269 0.05105996 0.255868 0.05241799 0.241068 0.06857597 0.255868 0.07164597 0.245019 0.07065099 0.255868 0.06960898 0.2446269 0.074633 0.234987 0.07164597 0.245019 0.07271498 0.234194 0.05241799 0.241068 0.05647999 0.2274309 0.05647999 0.2274309 0.050381 0.240676 0.05456197 0.226637 0.05647999 0.2274309 0.06153094 0.2137539 0.06324899 0.214917 0.07271498 0.234194 0.06324899 0.214917 0.07789099 0.22461 0.07789099 0.22461 0.074633 0.234987 0.07271498 0.234194 0.08511197 0.215907 0.079611 0.225771 0.07789099 0.22461 0.07789099 0.22461 0.07275396 0.2034929 0.08511197 0.215907 0.06324899 0.214917 0.07128798 0.202026 0.07275396 0.2034929 0.08417898 0.193988 0.07128798 0.202026 0.08301597 0.192269 0.09379798 0.208661 0.07275396 0.2034929 0.08417898 0.193988 0.08511197 0.215907 0.09496295 0.210379 0.08658099 0.217372 0.09379798 0.208661 0.104183 0.205384 0.09496295 0.210379 0.1033869 0.203467 0.08417898 0.193988 0.09669297 0.187218 0.09669297 0.187218 0.08301597 0.192269 0.09589898 0.1852999 0.09669297 0.187218 0.109937 0.181119 0.11033 0.183156 0.1033869 0.203467 0.11033 0.183156 0.113844 0.20035 0.113844 0.20035 0.104183 0.205384 0.1033869 0.203467 0.125105 0.199318 0.114238 0.202388 0.113844 0.20035 0.113844 0.20035 0.125135 0.181798 0.125105 0.199318 0.11033 0.183156 0.125131 0.179725 0.125135 0.181798 0.139864 0.183076 0.125131 0.179725 0.14024 0.1810359 0.136125 0.20007 0.125135 0.181798 0.139864 0.183076 0.136125 0.20007 0.125131 0.201389 0.125105 0.199318 0.136125 0.20007 0.1453869 0.2043099 0.135823 0.2021189 0.146033 0.2023389 0.139864 0.183076 0.153257 0.186895 0.153257 0.186895 0.14024 0.1810359 0.154029 0.184969 0.153257 0.186895 0.166497 0.191523 0.1653479 0.193252 0.154835 0.206148 0.153257 0.186895 0.1653479 0.193252 0.146033 0.2023389 0.153823 0.20796 0.1453869 0.2043099 0.162464 0.211483 0.153823 0.20796 0.154835 0.206148 0.162464 0.211483 0.1653479 0.193252 0.176209 0.202192 0.1653479 0.193252 0.177644 0.200699 0.176209 0.202192 0.176209 0.202192 0.18688 0.211063 0.1852419 0.212328 0.168847 0.217886 0.1852419 0.212328 0.173972 0.22495 0.168847 0.217886 0.172202 0.226027 0.16727 0.219231 0.177846 0.232686 0.172202 0.226027 0.173972 0.22495 0.173972 0.22495 0.19179 0.222168 0.177846 0.232686 0.19179 0.222168 0.18688 0.211063 0.193614 0.221182 0.195854 0.231651 0.193614 0.221182 0.197845 0.231054 0.177846 0.232686 0.195854 0.231651 0.180471 0.2411029 0.177846 0.232686 0.178441 0.241532 0.175925 0.233461 0.1808699 0.244602 0.178441 0.241532 0.180471 0.2411029 0.197477 0.240689 0.180471 0.2411029 0.195854 0.231651 0.197477 0.240689 0.197845 0.231054 0.1995739 0.240682 0.196568 0.245968 0.1995739 0.240682 0.198512 0.246842 0.182481 0.247485 0.196568 0.245968 0.18513 0.249536 0.182481 0.247485 0.184175 0.251408 0.180884 0.248859 0.188336 0.250473 0.184175 0.251408 0.18513 0.249536 0.188336 0.250473 0.196568 0.245968 0.1945959 0.248441 0.196568 0.245968 0.19595 0.250053 0.1945959 0.248441 0.1945959 0.248441 0.192299 0.252045 0.191651 0.250046 0.191651 0.250046 0.188336 0.250473 0.1945959 0.248441 0.188336 0.250473 0.192299 0.252045 0.188171 0.252576 0.182481 0.247485 0.178866 0.245248 0.1808699 0.244602 0.182481 0.247485 0.1808699 0.244602 0.197477 0.240689 0.168847 0.217886 0.161131 0.213071 0.162464 0.211483 0.168847 0.217886 0.162464 0.211483 0.176209 0.202192 0.180293 0.267456 0.178228 0.268081 0.178228 0.267338 0.180658 0.264266 0.180293 0.268397 0.180293 0.267456 0.180658 0.264266 0.178228 0.267338 0.178654 0.263621 0.182268 0.261385 0.178654 0.263621 0.180671 0.260009 0.182268 0.261385 0.183963 0.257461 0.184918 0.259333 0.188123 0.258396 0.183963 0.257461 0.187959 0.256293 0.191438 0.258822 0.184918 0.259333 0.188123 0.258396 0.194383 0.260429 0.1920869 0.256824 0.195738 0.258815 0.188123 0.258396 0.1920869 0.256824 0.191438 0.258822 0.327569 0.398204 0.343778 0.404257 0.343778 0.398204 0.327569 0.364539 0.343778 0.398204 0.343778 0.364539 0.327569 0.360397 0.343778 0.364539 0.343778 0.360397 0.327569 0.356893 0.343778 0.360397 0.343778 0.356893 0.291974 0.215484 0.288469 0.199274 0.291974 0.199274 0.296115 0.215484 0.291974 0.199274 0.296115 0.199274 0.300258 0.215484 0.296115 0.199274 0.300258 0.199274 0.303763 0.215484 0.300258 0.199274 0.303763 0.199274 0.176385 0.446891 0.160175 0.450395 0.160175 0.446891 0.176385 0.442748 0.160175 0.446891 0.160175 0.442748 0.176385 0.410252 0.160175 0.442748 0.160175 0.410252 0.176385 0.409508 0.160175 0.410252 0.160175 0.409508 0.176385 0.405792 0.160175 0.409508 0.160175 0.405792 0.176385 0.402102 0.160175 0.405792 0.160175 0.402102 0.187745 0.311685 0.184612 0.327894 0.187745 0.327894 0.191608 0.311685 0.187745 0.327894 0.191608 0.327894 0.195763 0.311685 0.191608 0.327894 0.195763 0.327894 0.1995469 0.311685 0.195763 0.327894 0.1995469 0.327894 0.327569 0.404257 0.343778 0.40731 0.343778 0.404257 0.439896 0.236069 0.435861 0.236923 0.438914 0.234175 0.439896 0.236069 0.437016 0.2476609 0.437562 0.238171 0.439249 0.250171 0.439896 0.236069 0.442224 0.251584 0.445216 0.234856 0.442224 0.251584 0.439896 0.236069 0.445481 0.251863 0.442224 0.251584 0.445216 0.234856 0.442224 0.251584 0.445392 0.253928 0.441675 0.253609 0.17845 0.409597 0.176385 0.410252 0.176385 0.409508 0.445216 0.234856 0.446136 0.251863 0.445481 0.251863 0.445216 0.234856 0.478632 0.232264 0.478451 0.234332 0.439896 0.236069 0.444968 0.232795 0.445216 0.234856 0.481964 0.235008 0.478632 0.232264 0.482773 0.23306 0.478451 0.234332 0.481964 0.251185 0.478436 0.251863 0.484792 0.236936 0.481964 0.251185 0.481964 0.235008 0.481964 0.235008 0.486278 0.235449 0.484792 0.236936 0.486721 0.239764 0.486278 0.235449 0.488667 0.238955 0.484792 0.236936 0.486721 0.246428 0.484792 0.249256 0.487361 0.2430959 0.486721 0.246428 0.486721 0.239764 0.486721 0.246428 0.489464 0.2430959 0.488667 0.247238 0.486721 0.239764 0.489464 0.2430959 0.487361 0.2430959 0.486721 0.246428 0.486278 0.250742 0.484792 0.249256 0.481964 0.251185 0.486278 0.250742 0.482773 0.253131 0.481964 0.251185 0.478632 0.253928 0.478436 0.251863 0.17845 0.442552 0.176385 0.410252 0.17845 0.410252 0.478436 0.251863 0.446136 0.251863 0.478451 0.234332 0.439249 0.250171 0.441675 0.253609 0.437985 0.251857 0.439249 0.250171 0.435198 0.2487249 0.437016 0.2476609 0.437016 0.2476609 0.43387 0.244861 0.435957 0.24458 0.436172 0.241218 0.437016 0.2476609 0.435957 0.24458 0.437562 0.238171 0.434135 0.240707 0.435861 0.236923 0.435957 0.24458 0.434135 0.240707 0.436172 0.241218 0.178503 0.183739 0.194712 0.189898 0.194712 0.183739 0.178503 0.165897 0.194712 0.183739 0.194712 0.165897 0.178503 0.157046 0.194712 0.165897 0.194712 0.157046 0.178503 0.1488659 0.194712 0.157046 0.194712 0.1488659 0.178503 0.141355 0.194712 0.1488659 0.194712 0.141355 0.178503 0.134516 0.194712 0.141355 0.194712 0.134516 0.04727298 0.03587198 0.040434 0.01966196 0.04727298 0.01966196 0.05478399 0.03587198 0.04727298 0.01966196 0.05478399 0.01966196 0.06296396 0.03587198 0.05478399 0.01966196 0.06296396 0.01966196 0.07181495 0.03587198 0.06296396 0.01966196 0.07181495 0.01966196 0.08066195 0.03587198 0.07181495 0.01966196 0.08066195 0.01966196 0.08883297 0.03587198 0.08066195 0.01966196 0.08883297 0.01966196 0.096327 0.03587198 0.08883297 0.01966196 0.096327 0.01966196 0.103143 0.03587198 0.096327 0.01966196 0.103143 0.01966196 0.02120995 0.156484 0.004999995 0.163323 0.004999995 0.156484 0.02120995 0.148973 0.004999995 0.156484 0.004999995 0.148973 0.02120995 0.140793 0.004999995 0.148973 0.004999995 0.140793 0.02120995 0.131943 0.004999995 0.140793 0.004999995 0.131943 0.02120995 0.08840095 0.004999995 0.131943 0.004999995 0.08840095 0.02120995 0.08425998 0.004999995 0.08840095 0.004999995 0.08425998 0.02120995 0.08075499 0.004999995 0.08425998 0.004999995 0.08075499 0.452036 0.512068 0.448532 0.528278 0.452036 0.528278 0.456179 0.512068 0.452036 0.528278 0.456179 0.528278 0.586801 0.512068 0.456179 0.528278 0.586801 0.528278 0.590943 0.512068 0.586801 0.528278 0.590943 0.528278 0.594447 0.512068 0.590943 0.528278 0.594447 0.528278 0.09786099 0.1511909 0.1140699 0.154696 0.1140699 0.1511909 0.09786099 0.14705 0.1140699 0.1511909 0.1140699 0.14705 0.09786099 0.142908 0.1140699 0.14705 0.1140699 0.142908 0.09786099 0.1394039 0.1140699 0.142908 0.1140699 0.1394039 0.06593096 0.374325 0.06242698 0.358115 0.06593096 0.358115 0.07007396 0.374325 0.06593096 0.358115 0.07007396 0.358115 0.144305 0.374325 0.07007396 0.358115 0.144305 0.358115 0.190288 0.374325 0.144305 0.358115 0.190288 0.358115 0.004999995 0.04329395 0.02120995 0.07600295 0.02120995 0.04329395 0.004999995 0.03443998 0.02120995 0.04329395 0.02120995 0.03443998 0.004999995 0.02699297 0.02120995 0.03443998 0.02120995 0.02699297 0.141938 0.231042 0.134516 0.247252 0.141938 0.247252 0.150712 0.231042 0.141938 0.247252 0.150712 0.247252 0.159566 0.231042 0.150712 0.247252 0.159566 0.247252 0.167013 0.231042 0.159566 0.247252 0.167013 0.247252 0.106739 0.25614 0.09052997 0.263587 0.09052997 0.25614 0.106739 0.247287 0.09052997 0.25614 0.09052997 0.247287 0.106739 0.229338 0.09052997 0.247287 0.09052997 0.229338 0.106739 0.228595 0.09052997 0.229338 0.09052997 0.228595 0.106739 0.224878 0.09052997 0.228595 0.09052997 0.224878 0.106739 0.2212679 0.09052997 0.224878 0.09052997 0.2212679 0.1109279 0.01599699 0.107636 0.03220599 0.1109279 0.03220599 0.114924 0.01599699 0.1109279 0.03220599 0.114924 0.03220599 0.119052 0.01599699 0.114924 0.03220599 0.119052 0.03220599 0.122702 0.01599699 0.119052 0.03220599 0.122702 0.03220599 0.178503 0.189898 0.194712 0.19311 0.194712 0.189898 0.283059 0.1082749 0.278974 0.108892 0.282185 0.10633 0.281543 0.122362 0.283059 0.1082749 0.284425 0.1239719 0.281543 0.122362 0.283779 0.125976 0.280168 0.123959 0.284425 0.1239719 0.287496 0.126402 0.283779 0.125976 0.284425 0.1239719 0.283059 0.1082749 0.287613 0.124337 0.288257 0.124337 0.283059 0.1082749 0.288515 0.107334 0.108804 0.228713 0.106739 0.229338 0.106739 0.228595 0.108804 0.229357 0.106739 0.247287 0.106739 0.229338 0.288257 0.124337 0.306086 0.107438 0.3064 0.124659 0.288515 0.107334 0.306187 0.105374 0.306086 0.107438 0.283059 0.1082749 0.288345 0.105268 0.288515 0.107334 0.314644 0.108224 0.306187 0.105374 0.315037 0.106187 0.314644 0.108224 0.3064 0.124659 0.306086 0.107438 0.322424 0.110544 0.315847 0.126457 0.314644 0.108224 0.329565 0.11441 0.315847 0.126457 0.322424 0.110544 0.322424 0.110544 0.330729 0.1126919 0.329565 0.11441 0.322424 0.110544 0.315037 0.106187 0.323218 0.108626 0.329565 0.11441 0.337567 0.118383 0.336102 0.11985 0.336102 0.11985 0.323974 0.131977 0.329565 0.11441 0.341542 0.126386 0.323974 0.131977 0.336102 0.11985 0.341542 0.126386 0.337567 0.118383 0.34326 0.125222 0.345407 0.133529 0.34326 0.125222 0.347326 0.132734 0.345407 0.133529 0.329494 0.1401039 0.341542 0.126386 0.329494 0.1401039 0.347727 0.1413069 0.331333 0.149766 0.331333 0.149766 0.327545 0.140911 0.329494 0.1401039 0.331333 0.149766 0.327545 0.1585389 0.329232 0.149765 0.347727 0.158219 0.331333 0.149766 0.348504 0.149765 0.347727 0.158219 0.350578 0.149765 0.349764 0.158612 0.347727 0.1413069 0.350578 0.149765 0.348504 0.149765 0.348504 0.149765 0.331333 0.149766 0.347727 0.1413069 0.345407 0.133529 0.349764 0.140914 0.347727 0.1413069 0.345408 0.165987 0.349764 0.158612 0.347326 0.166783 0.345408 0.165987 0.329493 0.159348 0.347727 0.158219 0.341543 0.173111 0.329493 0.159348 0.345408 0.165987 0.345408 0.165987 0.34326 0.1742759 0.341543 0.173111 0.341543 0.173111 0.337567 0.181093 0.336105 0.179624 0.336105 0.179624 0.323973 0.167447 0.341543 0.173111 0.323973 0.167447 0.329568 0.185041 0.315847 0.172965 0.323973 0.167447 0.315041 0.171017 0.322488 0.16596 0.306381 0.174768 0.315041 0.171017 0.315847 0.172965 0.314646 0.191201 0.315847 0.172965 0.322426 0.1888909 0.322426 0.1888909 0.315037 0.19324 0.314646 0.191201 0.322426 0.1888909 0.330729 0.186761 0.323218 0.19081 0.322426 0.1888909 0.315847 0.172965 0.329568 0.185041 0.329568 0.185041 0.337567 0.181093 0.330729 0.186761 0.314646 0.191201 0.306187 0.194049 0.306095 0.1919839 0.306095 0.1919839 0.306381 0.174768 0.314646 0.191201 0.271413 0.174768 0.306095 0.1919839 0.262845 0.191878 0.306381 0.174768 0.273478 0.172703 0.306187 0.172703 0.144305 0.376389 0.190288 0.374325 0.192353 0.376389 0.271413 0.12672 0.253879 0.182914 0.253879 0.05268394 0.253879 0.182914 0.271413 0.174768 0.254557 0.186442 0.254557 0.186442 0.271413 0.174768 0.256486 0.189271 0.256486 0.189271 0.271413 0.174768 0.259314 0.191199 0.259314 0.191199 0.271413 0.174768 0.262845 0.191878 0.259314 0.191199 0.262645 0.193943 0.258504 0.193147 0.262845 0.191878 0.306187 0.194049 0.262645 0.193943 0.259314 0.191199 0.254999 0.190756 0.256486 0.189271 0.254557 0.186442 0.254999 0.190756 0.25261 0.187252 0.254557 0.186442 0.251814 0.1831099 0.253879 0.182914 0.253879 0.182914 0.251814 0.05248796 0.253879 0.05268394 0.254557 0.04915595 0.251814 0.05248796 0.25261 0.04834598 0.254557 0.04915595 0.271413 0.05268394 0.253879 0.05268394 0.256486 0.04632699 0.270734 0.04915595 0.254557 0.04915595 0.254557 0.04915595 0.254999 0.044842 0.256486 0.04632699 0.259314 0.04439896 0.254999 0.044842 0.258504 0.04245197 0.256486 0.04632699 0.265977 0.04439896 0.268806 0.04632699 0.262645 0.04375898 0.265977 0.04439896 0.259314 0.04439896 0.265977 0.04439896 0.262645 0.04165595 0.266787 0.04245197 0.259314 0.04439896 0.262645 0.04165595 0.262645 0.04375898 0.265977 0.04439896 0.270292 0.044842 0.268806 0.04632699 0.270734 0.04915595 0.270292 0.044842 0.272681 0.04834598 0.270734 0.04915595 0.273478 0.05248796 0.271413 0.05268394 0.07027 0.376389 0.144305 0.374325 0.144305 0.376389 0.271413 0.05268394 0.271413 0.12672 0.253879 0.05268394 0.323973 0.167447 0.327545 0.1585389 0.329493 0.159348 0.323974 0.131977 0.327545 0.140911 0.322488 0.133464 0.323974 0.131977 0.315041 0.128406 0.315847 0.126457 0.3064 0.124659 0.315041 0.128406 0.306187 0.12672 0.281543 0.122362 0.277619 0.120666 0.279492 0.119711 0.281543 0.122362 0.278981 0.11319 0.280586 0.110247 0.278555 0.116505 0.278981 0.11319 0.279492 0.119711 0.278555 0.116505 0.276982 0.112542 0.278981 0.11319 0.278555 0.116505 0.277619 0.120666 0.276452 0.116671 0.280586 0.110247 0.276982 0.112542 0.278974 0.108892 0.100759 0.287248 0.09909695 0.293855 0.100759 0.293855 0.129839 0.287248 0.100759 0.293855 0.129839 0.293855 0.1315529 0.287248 0.129839 0.293855 0.1315529 0.293855 0.03676795 0.10702 0.04337596 0.108633 0.04337596 0.10702 0.03676795 0.105105 0.04337596 0.10702 0.04337596 0.105105 0.03676795 0.1031759 0.04337596 0.105105 0.04337596 0.1031759 0.03676795 0.101526 0.04337596 0.1031759 0.04337596 0.101526 0.09967499 0.170448 0.09786099 0.163841 0.09967499 0.163841 0.161564 0.170448 0.09967499 0.163841 0.161564 0.163841 0.163631 0.170448 0.161564 0.163841 0.163631 0.163841 0.165553 0.170448 0.163631 0.163841 0.165553 0.163841 0.1671839 0.170448 0.165553 0.163841 0.1671839 0.163841 0.06414699 0.087426 0.05753999 0.08905798 0.05753999 0.087426 0.06414699 0.085505 0.05753999 0.087426 0.05753999 0.085505 0.06414699 0.08358895 0.05753999 0.085505 0.05753999 0.08358895 0.06414699 0.081977 0.05753999 0.08358895 0.05753999 0.081977 0.04209697 0.05387395 0.040434 0.06048196 0.04209697 0.06048196 0.093957 0.05387395 0.04209697 0.06048196 0.093957 0.06048196 0.1471419 0.02260398 0.127185 0.01599699 0.1471419 0.01599699 0.147394 0.02260398 0.1471419 0.01599699 0.147394 0.01599699 0.148705 0.02260398 0.147394 0.01599699 0.148705 0.01599699 0.01649498 0.01531797 0.00988698 0.01706898 0.00988698 0.01531797 0.01649498 0.01339095 0.00988698 0.01531797 0.00988698 0.01339095 0.01649498 0.01137995 0.00988698 0.01339095 0.00988698 0.01137995 0.01649498 0.00988698 0.00988698 0.01137995 0.00988698 0.00988698 0.09719395 0.287248 0.09541696 0.293855 0.09719395 0.293855 0.09909695 0.287248 0.09719395 0.293855 0.09909695 0.293855 0.253912 0.234661 0.251814 0.233243 0.253882 0.233375 0.258655 0.236424 0.253912 0.234661 0.253882 0.233375 0.257648 0.236895 0.259877 0.2381319 0.258126 0.238952 0.259581 0.235462 0.261137 0.236822 0.258655 0.236424 0.259581 0.235462 0.253882 0.233375 0.254057 0.232217 0.254057 0.232217 0.251814 0.233243 0.252066 0.231581 0.261339 0.23657 0.261137 0.236822 0.259608 0.2354789 0.270965 0.216612 0.261339 0.23657 0.259608 0.2354789 0.254057 0.232217 0.27104 0.211703 0.259581 0.235462 0.254057 0.232217 0.266783 0.2025009 0.268565 0.203549 0.269439 0.202258 0.266783 0.2025009 0.267941 0.200787 0.268565 0.203549 0.269439 0.202258 0.27104 0.211703 0.269439 0.202258 0.270384 0.2015939 0.27104 0.211703 0.270384 0.2015939 0.267941 0.200787 0.269554 0.199652 0.270384 0.2015939 0.271469 0.199274 0.271471 0.20138 0.270384 0.2015939 0.271471 0.20138 0.27104 0.211703 0.27258 0.201596 0.27104 0.211703 0.271471 0.20138 0.273533 0.202252 0.27104 0.211703 0.27258 0.201596 0.27438 0.2035779 0.27104 0.211703 0.273533 0.202252 0.301388 0.265111 0.27104 0.211703 0.27438 0.2035779 0.301388 0.265111 0.276207 0.202601 0.303372 0.26449 0.273533 0.202252 0.276207 0.202601 0.27438 0.2035779 0.27258 0.201596 0.275047 0.200787 0.273533 0.202252 0.27258 0.201596 0.271469 0.199274 0.273398 0.199652 0.301671 0.266558 0.303372 0.26449 0.303775 0.266557 0.301388 0.265111 0.296683 0.268642 0.295854 0.267453 0.301458 0.267666 0.296683 0.268642 0.301671 0.266558 0.301458 0.267666 0.303775 0.266557 0.303404 0.268479 0.301458 0.267666 0.302288 0.27011 0.300803 0.268624 0.300803 0.268624 0.297627 0.269283 0.301458 0.267666 0.299845 0.269279 0.298733 0.269495 0.300803 0.268624 0.299845 0.269279 0.298735 0.271597 0.298733 0.269495 0.299845 0.269279 0.302288 0.27011 0.300656 0.271225 0.297627 0.269283 0.298735 0.271597 0.29682 0.271231 0.297627 0.269283 0.295207 0.270136 0.296683 0.268642 0.296683 0.268642 0.294047 0.268473 0.295854 0.267453 0.295854 0.267453 0.270965 0.216612 0.27104 0.211703 0.257648 0.236895 0.256199 0.2389889 0.256525 0.236918 0.256525 0.236918 0.253912 0.234661 0.257648 0.236895 0.255269 0.236484 0.254391 0.235677 0.256525 0.236918 0.255269 0.236484 0.252696 0.236923 0.254391 0.235677 0.255269 0.236484 0.256199 0.2389889 0.254189 0.238296 0.253912 0.234661 0.252696 0.236923 0.251857 0.235146 0.1674489 0.142248 0.165635 0.133982 0.165735 0.143407 0.343453 0.299521 0.35006 0.302394 0.35006 0.299521 0.343453 0.283545 0.35006 0.299521 0.35006 0.283545 0.343453 0.281579 0.35006 0.283545 0.35006 0.281579 0.343453 0.279917 0.35006 0.281579 0.35006 0.279917 0.193606 0.12524 0.191943 0.118632 0.193606 0.118632 0.195573 0.12524 0.193606 0.118632 0.195573 0.118632 0.197538 0.12524 0.195573 0.118632 0.197538 0.118632 0.199201 0.12524 0.197538 0.118632 0.199201 0.118632 0.19855 0.111786 0.191943 0.113448 0.191943 0.111786 0.19855 0.10982 0.191943 0.111786 0.191943 0.10982 0.19855 0.09439796 0.191943 0.10982 0.191943 0.09439796 0.19855 0.09404498 0.191943 0.09439796 0.191943 0.09404498 0.19855 0.09228098 0.191943 0.09404498 0.191943 0.09228098 0.19855 0.09052997 0.191943 0.09228098 0.191943 0.09052997 0.1812109 0.004999995 0.179725 0.011608 0.1812109 0.011608 0.183045 0.004999995 0.1812109 0.011608 0.183045 0.011608 0.185017 0.004999995 0.183045 0.011608 0.185017 0.011608 0.186812 0.004999995 0.185017 0.011608 0.186812 0.011608 0.343453 0.302394 0.35006 0.303843 0.35006 0.302394 0.289403 0.380466 0.286971 0.379875 0.28842 0.378571 0.289403 0.380466 0.288475 0.384413 0.288671 0.381123 0.289403 0.380466 0.29028 0.385769 0.289244 0.385277 0.289403 0.380466 0.291294 0.377917 0.291541 0.379977 0.291541 0.379977 0.30727 0.377665 0.307089 0.379733 0.291541 0.379977 0.291848 0.385881 0.291582 0.385881 0.307073 0.385881 0.291848 0.385881 0.307089 0.379733 0.307073 0.385881 0.291848 0.387946 0.291848 0.385881 0.308425 0.385621 0.30727 0.387946 0.307073 0.385881 0.307089 0.379733 0.308425 0.385621 0.307073 0.385881 0.308425 0.37999 0.30727 0.377665 0.309235 0.378042 0.308425 0.37999 0.310898 0.379176 0.309412 0.380662 0.308425 0.37999 0.309412 0.384948 0.308425 0.385621 0.310084 0.381649 0.309412 0.384948 0.309412 0.380662 0.310084 0.381649 0.310898 0.379176 0.312032 0.380839 0.310084 0.381649 0.31241 0.382805 0.310307 0.382805 0.310307 0.382805 0.310084 0.383961 0.310084 0.381649 0.310084 0.383961 0.31241 0.382805 0.312032 0.38477 0.310084 0.383961 0.310898 0.386433 0.309412 0.384948 0.308425 0.385621 0.310898 0.386433 0.309235 0.387568 0.291582 0.385881 0.291848 0.387946 0.291495 0.387946 0.29028 0.385769 0.291495 0.387946 0.289731 0.387794 0.291582 0.385881 0.29028 0.385769 0.291541 0.379977 0.289244 0.385277 0.289731 0.387794 0.28798 0.386963 0.289244 0.385277 0.286657 0.385476 0.288475 0.384413 0.288113 0.383363 0.286657 0.385476 0.286026 0.383643 0.288188 0.382182 0.288475 0.384413 0.288113 0.383363 0.288671 0.381123 0.286153 0.381671 0.286971 0.379875 0.288113 0.383363 0.286153 0.381671 0.288188 0.382182 0.521228 0.267131 0.513706 0.333201 0.512569 0.332896 0.513706 0.201061 0.521228 0.267131 0.512569 0.201366 0.487185 0.140083 0.513706 0.201061 0.512569 0.201366 0.446804 0.08745795 0.488204 0.139495 0.487185 0.140083 0.394767 0.04605799 0.446804 0.08745795 0.394179 0.047077 0.333201 0.02055597 0.394179 0.047077 0.332896 0.02169299 0.267131 0.01303499 0.333201 0.02055597 0.332896 0.02169299 0.201061 0.02055597 0.267131 0.01303499 0.201366 0.02169299 0.140083 0.047077 0.201061 0.02055597 0.201366 0.02169299 0.08745795 0.08745795 0.139495 0.04605799 0.140083 0.047077 0.04605799 0.139495 0.08745795 0.08745795 0.047077 0.140083 0.02055597 0.201061 0.047077 0.140083 0.02169299 0.201366 0.01303499 0.267131 0.02055597 0.201061 0.02169299 0.201366 0.02055597 0.333201 0.01303499 0.267131 0.02169299 0.332896 0.047077 0.394179 0.02055597 0.333201 0.02169299 0.332896 0.08745795 0.446804 0.04605799 0.394767 0.047077 0.394179 0.139495 0.488204 0.08745795 0.446804 0.140083 0.487185 0.201061 0.513706 0.140083 0.487185 0.201366 0.512569 0.267131 0.521228 0.201061 0.513706 0.201366 0.512569 0.333201 0.513706 0.267131 0.521228 0.332896 0.512569 0.394179 0.487185 0.333201 0.513706 0.332896 0.512569 0.446804 0.446804 0.394767 0.488204 0.394179 0.487185 0.488204 0.394767 0.446804 0.446804 0.487185 0.394179 0.513706 0.333201 0.487185 0.394179 0.512569 0.332896 0.51503 0.333555 0.488204 0.394767 0.513706 0.333201 0.522405 0.267131 0.51503 0.333555 0.513706 0.333201 0.51503 0.200707 0.522405 0.267131 0.513706 0.201061 0.488204 0.139495 0.51503 0.200707 0.513706 0.201061 0.447636 0.08662599 0.489391 0.138809 0.488204 0.139495 0.395453 0.04487097 0.447636 0.08662599 0.394767 0.04605799 0.333555 0.01923197 0.394767 0.04605799 0.333201 0.02055597 0.267131 0.01185798 0.333555 0.01923197 0.333201 0.02055597 0.200707 0.01923197 0.267131 0.01185798 0.201061 0.02055597 0.139495 0.04605799 0.200707 0.01923197 0.201061 0.02055597 0.08662599 0.08662599 0.138809 0.04487097 0.139495 0.04605799 0.04487097 0.138809 0.08662599 0.08662599 0.04605799 0.139495 0.01923197 0.200707 0.04605799 0.139495 0.02055597 0.201061 0.01185798 0.267131 0.01923197 0.200707 0.02055597 0.201061 0.01923197 0.333555 0.01185798 0.267131 0.02055597 0.333201 0.04605799 0.394767 0.01923197 0.333555 0.02055597 0.333201 0.08662599 0.447636 0.04487097 0.395453 0.04605799 0.394767 0.138809 0.489391 0.08662599 0.447636 0.139495 0.488204 0.200707 0.51503 0.139495 0.488204 0.201061 0.513706 0.267131 0.522405 0.200707 0.51503 0.201061 0.513706 0.333555 0.51503 0.267131 0.522405 0.333201 0.513706 0.394767 0.488204 0.333555 0.51503 0.333201 0.513706 0.447636 0.447636 0.395453 0.489391 0.394767 0.488204 0.489391 0.395453 0.447636 0.447636 0.488204 0.394767 0.490664 0.396188 0.448606 0.448606 0.489391 0.395453 0.516449 0.333936 0.489391 0.395453 0.51503 0.333555 0.525245 0.267131 0.51503 0.333555 0.523775 0.267131 0.51503 0.200707 0.525245 0.267131 0.523775 0.267131 0.489391 0.138809 0.516449 0.200326 0.51503 0.200707 0.448606 0.08565598 0.490664 0.138074 0.489391 0.138809 0.396188 0.04359799 0.448606 0.08565598 0.395453 0.04487097 0.333936 0.01781296 0.395453 0.04487097 0.333555 0.01923197 0.267131 0.00901699 0.333555 0.01923197 0.267131 0.01048696 0.200707 0.01923197 0.267131 0.00901699 0.267131 0.01048696 0.138809 0.04487097 0.200326 0.01781296 0.200707 0.01923197 0.08565598 0.08565598 0.138074 0.04359799 0.138809 0.04487097 0.04359799 0.138074 0.08565598 0.08565598 0.04487097 0.138809 0.01781296 0.200326 0.04487097 0.138809 0.01923197 0.200707 0.00901699 0.267131 0.01923197 0.200707 0.01048696 0.267131 0.01923197 0.333555 0.00901699 0.267131 0.01048696 0.267131 0.04487097 0.395453 0.01781296 0.333936 0.01923197 0.333555 0.08565598 0.448606 0.04359799 0.396188 0.04487097 0.395453 0.138074 0.490664 0.08565598 0.448606 0.138809 0.489391 0.200326 0.516449 0.138809 0.489391 0.200707 0.51503 0.267131 0.525245 0.200707 0.51503 0.267131 0.523775 0.333555 0.51503 0.267131 0.525245 0.267131 0.523775 0.395453 0.489391 0.333936 0.516449 0.333555 0.51503 0.448606 0.448606 0.396188 0.490664 0.395453 0.489391 0.450685 0.450685 0.396188 0.490664 0.449645 0.449645 0.490664 0.396188 0.450685 0.450685 0.449645 0.449645 0.516449 0.333936 0.491938 0.396923 0.490664 0.396188 0.525245 0.267131 0.51787 0.334316 0.516449 0.333936 0.51787 0.199946 0.525245 0.267131 0.516449 0.200326 0.491938 0.1373389 0.516449 0.200326 0.490664 0.138074 0.450685 0.08357697 0.490664 0.138074 0.449645 0.08461695 0.396188 0.04359799 0.450685 0.08357697 0.449645 0.08461695 0.333936 0.01781296 0.396923 0.04232394 0.396188 0.04359799 0.267131 0.00901699 0.334316 0.01639199 0.333936 0.01781296 0.199946 0.01639199 0.267131 0.00901699 0.200326 0.01781296 0.1373389 0.04232394 0.200326 0.01781296 0.138074 0.04359799 0.08357697 0.08357697 0.138074 0.04359799 0.08461695 0.08461695 0.04359799 0.138074 0.08357697 0.08357697 0.08461695 0.08461695 0.01781296 0.200326 0.04232394 0.1373389 0.04359799 0.138074 0.00901699 0.267131 0.01639199 0.199946 0.01781296 0.200326 0.01639199 0.334316 0.00901699 0.267131 0.01781296 0.333936 0.04232394 0.396923 0.01781296 0.333936 0.04359799 0.396188 0.08357697 0.450685 0.04359799 0.396188 0.08461695 0.449645 0.138074 0.490664 0.08357697 0.450685 0.08461695 0.449645 0.200326 0.516449 0.1373389 0.491938 0.138074 0.490664 0.267131 0.525245 0.199946 0.51787 0.200326 0.516449 0.334316 0.51787 0.267131 0.525245 0.333936 0.516449 0.396923 0.491938 0.333936 0.516449 0.396188 0.490664 0.396923 0.491938 0.334671 0.519194 0.334316 0.51787 0.450685 0.450685 0.397609 0.493124 0.396923 0.491938 0.493124 0.397609 0.450685 0.450685 0.491938 0.396923 0.519194 0.334671 0.491938 0.396923 0.51787 0.334316 0.528085 0.267131 0.51787 0.334316 0.526715 0.267131 0.51787 0.199946 0.528085 0.267131 0.526715 0.267131 0.491938 0.1373389 0.519194 0.199591 0.51787 0.199946 0.450685 0.08357697 0.493124 0.136653 0.491938 0.1373389 0.397609 0.04113799 0.450685 0.08357697 0.396923 0.04232394 0.334671 0.01506799 0.396923 0.04232394 0.334316 0.01639199 0.267131 0.006176948 0.334316 0.01639199 0.267131 0.007546961 0.199946 0.01639199 0.267131 0.006176948 0.267131 0.007546961 0.1373389 0.04232394 0.199591 0.01506799 0.199946 0.01639199 0.08357697 0.08357697 0.136653 0.04113799 0.1373389 0.04232394 0.04113799 0.136653 0.08357697 0.08357697 0.04232394 0.1373389 0.01506799 0.199591 0.04232394 0.1373389 0.01639199 0.199946 0.006176948 0.267131 0.01639199 0.199946 0.007546961 0.267131 0.01639199 0.334316 0.006176948 0.267131 0.007546961 0.267131 0.04232394 0.396923 0.01506799 0.334671 0.01639199 0.334316 0.08357697 0.450685 0.04113799 0.397609 0.04232394 0.396923 0.136653 0.493124 0.08357697 0.450685 0.1373389 0.491938 0.199591 0.519194 0.1373389 0.491938 0.199946 0.51787 0.267131 0.528085 0.199946 0.51787 0.267131 0.526715 0.334316 0.51787 0.267131 0.528085 0.267131 0.526715 0.334976 0.52033 0.267131 0.528085 0.334671 0.519194 0.397609 0.493124 0.334976 0.52033 0.334671 0.519194 0.451654 0.451654 0.398197 0.494143 0.397609 0.493124 0.494143 0.398197 0.451654 0.451654 0.493124 0.397609 0.52033 0.334976 0.493124 0.397609 0.519194 0.334671 0.528085 0.267131 0.52033 0.334976 0.519194 0.334671 0.52033 0.199286 0.528085 0.267131 0.519194 0.199591 0.493124 0.136653 0.52033 0.199286 0.519194 0.199591 0.451654 0.08260899 0.494143 0.136065 0.493124 0.136653 0.398197 0.04011899 0.451654 0.08260899 0.397609 0.04113799 0.334976 0.01393198 0.397609 0.04113799 0.334671 0.01506799 0.267131 0.006176948 0.334976 0.01393198 0.334671 0.01506799 0.199286 0.01393198 0.267131 0.006176948 0.199591 0.01506799 0.136653 0.04113799 0.199286 0.01393198 0.199591 0.01506799 0.08260899 0.08260899 0.136065 0.04011899 0.136653 0.04113799 0.04011899 0.136065 0.08260899 0.08260899 0.04113799 0.136653 0.01393198 0.199286 0.04113799 0.136653 0.01506799 0.199591 0.006176948 0.267131 0.01393198 0.199286 0.01506799 0.199591 0.01393198 0.334976 0.006176948 0.267131 0.01506799 0.334671 0.04113799 0.397609 0.01393198 0.334976 0.01506799 0.334671 0.08260899 0.451654 0.04011899 0.398197 0.04113799 0.397609 0.136065 0.494143 0.08260899 0.451654 0.136653 0.493124 0.199286 0.52033 0.136653 0.493124 0.199591 0.519194 0.267131 0.528085 0.199286 0.52033 0.199591 0.519194 0.155991 0.694934 0.154814 0.626856 0.155991 0.62709 0.154814 0.763012 0.155991 0.694934 0.155991 0.762779 0.154814 0.826452 0.155991 0.762779 0.155991 0.826 0.154814 0.880927 0.155991 0.826 0.155991 0.880289 0.723365 0.03869295 0.778291 0.03751599 0.777653 0.03869295 0.660143 0.03869295 0.723816 0.03751599 0.723365 0.03869295 0.592299 0.03869295 0.660377 0.03751599 0.660143 0.03869295 0.524221 0.03751599 0.592299 0.03869295 0.524454 0.03869295 0.460782 0.03751599 0.524454 0.03869295 0.461233 0.03869295 0.406306 0.03751599 0.461233 0.03869295 0.406944 0.03869295 0.355671 0.1142269 0.356848 0.0593 0.355671 0.05993795 0.355671 0.177448 0.356848 0.113776 0.355671 0.1142269 0.355671 0.245293 0.356848 0.177215 0.355671 0.177448 0.356848 0.313371 0.355671 0.245293 0.355671 0.313138 0.356848 0.37681 0.355671 0.313138 0.355671 0.376359 0.356848 0.431286 0.355671 0.376359 0.355671 0.430648 0.731918 0.591489 0.786844 0.592666 0.786206 0.591489 0.668696 0.591489 0.732369 0.592666 0.731918 0.591489 0.600852 0.591489 0.66893 0.592666 0.668696 0.591489 0.532774 0.592666 0.600852 0.591489 0.533007 0.591489 0.469334 0.592666 0.533007 0.591489 0.469786 0.591489 0.414859 0.592666 0.469786 0.591489 0.415497 0.591489 0.155991 0.563868 0.154814 0.508942 0.155991 0.50958 0.155991 0.62709 0.154814 0.563417 0.155991 0.563868 0.153444 0.626709 0.154814 0.563417 0.154814 0.626856 0.153444 0.694934 0.154814 0.626856 0.154814 0.694934 0.154814 0.763012 0.153444 0.694934 0.154814 0.694934 0.154814 0.826452 0.153444 0.76316 0.154814 0.763012 0.153444 0.881329 0.154814 0.826452 0.154814 0.880927 0.723816 0.03751599 0.778693 0.03614598 0.778291 0.03751599 0.660524 0.03614598 0.723816 0.03751599 0.660377 0.03751599 0.592299 0.03614598 0.660377 0.03751599 0.592299 0.03751599 0.524221 0.03751599 0.592299 0.03614598 0.592299 0.03751599 0.460782 0.03751599 0.524073 0.03614598 0.524221 0.03751599 0.405905 0.03614598 0.460782 0.03751599 0.406306 0.03751599 0.356848 0.113776 0.358218 0.05889898 0.356848 0.0593 0.358218 0.177067 0.356848 0.113776 0.356848 0.177215 0.358218 0.245293 0.356848 0.177215 0.356848 0.245293 0.356848 0.313371 0.358218 0.245293 0.356848 0.245293 0.356848 0.37681 0.358218 0.313519 0.356848 0.313371 0.358218 0.431687 0.356848 0.37681 0.356848 0.431286 0.732369 0.592666 0.787246 0.594036 0.786844 0.592666 0.669077 0.594036 0.732369 0.592666 0.66893 0.592666 0.600852 0.594036 0.66893 0.592666 0.600852 0.592666 0.532774 0.592666 0.600852 0.594036 0.600852 0.592666 0.469334 0.592666 0.532626 0.594036 0.532774 0.592666 0.414457 0.594036 0.469334 0.592666 0.414859 0.592666 0.154814 0.563417 0.153444 0.50854 0.154814 0.508942 0.153444 0.563133 0.151974 0.508403 0.153444 0.50854 0.153444 0.626709 0.151974 0.563037 0.153444 0.563133 0.153444 0.694934 0.151974 0.626659 0.153444 0.626709 0.151974 0.76321 0.153444 0.694934 0.153444 0.76316 0.151974 0.826831 0.153444 0.76316 0.153444 0.826735 0.151974 0.881466 0.153444 0.826735 0.153444 0.881329 0.7241 0.03614598 0.77883 0.03467595 0.778693 0.03614598 0.660524 0.03614598 0.724196 0.03467595 0.7241 0.03614598 0.592299 0.03614598 0.660574 0.03467595 0.660524 0.03614598 0.524024 0.03467595 0.592299 0.03614598 0.524073 0.03614598 0.460402 0.03467595 0.524073 0.03614598 0.460498 0.03614598 0.405767 0.03467595 0.460498 0.03614598 0.405905 0.03614598 0.358218 0.113492 0.359689 0.058761 0.358218 0.05889898 0.358218 0.177067 0.359689 0.113396 0.358218 0.113492 0.358218 0.245293 0.359689 0.177018 0.358218 0.177067 0.359689 0.313568 0.358218 0.245293 0.358218 0.313519 0.359689 0.37719 0.358218 0.313519 0.358218 0.377094 0.359689 0.431825 0.358218 0.377094 0.358218 0.431687 0.732653 0.594036 0.787383 0.595506 0.787246 0.594036 0.669077 0.594036 0.732749 0.595506 0.732653 0.594036 0.600852 0.594036 0.669127 0.595506 0.669077 0.594036 0.532577 0.595506 0.600852 0.594036 0.532626 0.594036 0.468955 0.595506 0.532626 0.594036 0.469051 0.594036 0.41432 0.595506 0.469051 0.594036 0.414457 0.594036 0.41432 0.595506 0.469051 0.596976 0.468955 0.595506 0.1505039 0.563133 0.151974 0.508403 0.151974 0.563037 0.1505039 0.626709 0.151974 0.563037 0.151974 0.626659 0.1505039 0.694934 0.151974 0.626659 0.151974 0.694934 0.151974 0.76321 0.1505039 0.694934 0.151974 0.694934 0.151974 0.826831 0.1505039 0.76316 0.151974 0.76321 0.151974 0.881466 0.1505039 0.826735 0.151974 0.826831 0.7241 0.03320598 0.77883 0.03467595 0.724196 0.03467595 0.660524 0.03320598 0.724196 0.03467595 0.660574 0.03467595 0.592299 0.03320598 0.660574 0.03467595 0.592299 0.03467595 0.524024 0.03467595 0.592299 0.03320598 0.592299 0.03467595 0.460402 0.03467595 0.524073 0.03320598 0.524024 0.03467595 0.405767 0.03467595 0.460498 0.03320598 0.460402 0.03467595 0.361159 0.113492 0.359689 0.058761 0.359689 0.113396 0.361159 0.177067 0.359689 0.113396 0.359689 0.177018 0.361159 0.245293 0.359689 0.177018 0.359689 0.245293 0.359689 0.313568 0.361159 0.245293 0.359689 0.245293 0.359689 0.37719 0.361159 0.313519 0.359689 0.313568 0.359689 0.431825 0.361159 0.377094 0.359689 0.37719 0.732653 0.596976 0.787383 0.595506 0.732749 0.595506 0.669077 0.596976 0.732749 0.595506 0.669127 0.595506 0.600852 0.596976 0.669127 0.595506 0.600852 0.595506 0.532577 0.595506 0.600852 0.596976 0.600852 0.595506 0.468955 0.595506 0.532626 0.596976 0.532577 0.595506 0.469334 0.598346 0.532626 0.596976 0.469051 0.596976 0.414457 0.596976 0.469334 0.598346 0.469051 0.596976 0.149134 0.563417 0.1505039 0.50854 0.1505039 0.563133 0.1505039 0.626709 0.149134 0.563417 0.1505039 0.563133 0.1505039 0.694934 0.149134 0.626856 0.1505039 0.626709 0.149134 0.763012 0.1505039 0.694934 0.1505039 0.76316 0.149134 0.826452 0.1505039 0.76316 0.1505039 0.826735 0.1505039 0.881329 0.149134 0.826452 0.1505039 0.826735 0.723816 0.03183597 0.778693 0.03320598 0.7241 0.03320598 0.660524 0.03320598 0.723816 0.03183597 0.7241 0.03320598 0.592299 0.03320598 0.660377 0.03183597 0.660524 0.03320598 0.524221 0.03183597 0.592299 0.03320598 0.524073 0.03320598 0.460782 0.03183597 0.524073 0.03320598 0.460498 0.03320598 0.405905 0.03320598 0.460782 0.03183597 0.460498 0.03320598 0.362529 0.113776 0.361159 0.05889898 0.361159 0.113492 0.361159 0.177067 0.362529 0.113776 0.361159 0.113492 0.361159 0.245293 0.362529 0.177215 0.361159 0.177067 0.362529 0.313371 0.361159 0.245293 0.361159 0.313519 0.362529 0.37681 0.361159 0.313519 0.361159 0.377094 0.361159 0.431687 0.362529 0.37681 0.361159 0.377094 0.732369 0.598346 0.787246 0.596976 0.732653 0.596976 0.669077 0.596976 0.732369 0.598346 0.732653 0.596976 0.600852 0.596976 0.66893 0.598346 0.669077 0.596976 0.532774 0.598346 0.600852 0.596976 0.532626 0.596976 0.532774 0.598346 0.600852 0.599523 0.600852 0.598346 0.469334 0.598346 0.533007 0.599523 0.532774 0.598346 0.414859 0.598346 0.469786 0.599523 0.469334 0.598346 0.147957 0.563868 0.149134 0.508942 0.149134 0.563417 0.147957 0.62709 0.149134 0.563417 0.149134 0.626856 0.147957 0.694934 0.149134 0.626856 0.149134 0.694934 0.149134 0.763012 0.147957 0.694934 0.149134 0.694934 0.149134 0.826452 0.147957 0.762779 0.149134 0.763012 0.149134 0.880927 0.147957 0.826 0.149134 0.826452 0.723365 0.03065896 0.778291 0.03183597 0.723816 0.03183597 0.660143 0.03065896 0.723816 0.03183597 0.660377 0.03183597 0.592299 0.03065896 0.660377 0.03183597 0.592299 0.03183597 0.524221 0.03183597 0.592299 0.03065896 0.592299 0.03183597 0.460782 0.03183597 0.524454 0.03065896 0.524221 0.03183597 0.406306 0.03183597 0.461233 0.03065896 0.460782 0.03183597 0.363706 0.1142269 0.362529 0.0593 0.362529 0.113776 0.363706 0.177448 0.362529 0.113776 0.362529 0.177215 0.363706 0.245293 0.362529 0.177215 0.362529 0.245293 0.362529 0.313371 0.363706 0.245293 0.362529 0.245293 0.362529 0.37681 0.363706 0.313138 0.362529 0.313371 0.362529 0.431286 0.363706 0.376359 0.362529 0.37681 0.731918 0.599523 0.786844 0.598346 0.732369 0.598346 0.668696 0.599523 0.732369 0.598346 0.66893 0.598346 0.600852 0.599523 0.66893 0.598346 0.600852 0.598346 0.903193 0.641018 0.895439 0.708862 0.90437 0.641018 0.895439 0.573173 0.903193 0.641018 0.90437 0.641018 0.868232 0.51054 0.895439 0.573173 0.869251 0.509951 0.826762 0.456495 0.869251 0.509951 0.827594 0.455663 0.773305 0.414005 0.826762 0.456495 0.827594 0.455663 0.710084 0.387818 0.772717 0.415024 0.773305 0.414005 0.642239 0.380063 0.710084 0.387818 0.642239 0.378886 0.574395 0.387818 0.642239 0.380063 0.642239 0.378886 0.511762 0.415024 0.574395 0.387818 0.511173 0.414005 0.457717 0.456495 0.511173 0.414005 0.456885 0.455663 0.415227 0.509951 0.457717 0.456495 0.456885 0.455663 0.38904 0.573173 0.416246 0.51054 0.415227 0.509951 0.381285 0.641018 0.38904 0.573173 0.380108 0.641018 0.38904 0.708862 0.381285 0.641018 0.380108 0.641018 0.416246 0.771495 0.38904 0.708862 0.415227 0.772084 0.457717 0.82554 0.415227 0.772084 0.456885 0.826372 0.511173 0.86803 0.457717 0.82554 0.456885 0.826372 0.574395 0.894217 0.511762 0.867011 0.511173 0.86803 0.642239 0.901972 0.574395 0.894217 0.642239 0.903149 0.710084 0.894217 0.642239 0.901972 0.642239 0.903149 0.772717 0.867011 0.710084 0.894217 0.773305 0.86803 0.826762 0.82554 0.773305 0.86803 0.827594 0.826372 0.869251 0.772084 0.826762 0.82554 0.827594 0.826372 0.895439 0.708862 0.868232 0.771495 0.869251 0.772084 0.894302 0.708558 0.867046 0.77081 0.868232 0.771495 0.903193 0.641018 0.892978 0.708203 0.894302 0.708558 0.892978 0.573833 0.903193 0.641018 0.894302 0.573477 0.867046 0.511226 0.894302 0.573477 0.868232 0.51054 0.825793 0.457464 0.868232 0.51054 0.826762 0.456495 0.772717 0.415024 0.825793 0.457464 0.826762 0.456495 0.70978 0.388955 0.772031 0.416211 0.772717 0.415024 0.642239 0.380063 0.709424 0.390279 0.70978 0.388955 0.575055 0.390279 0.642239 0.380063 0.574699 0.388955 0.512447 0.416211 0.574699 0.388955 0.511762 0.415024 0.458685 0.457464 0.511762 0.415024 0.457717 0.456495 0.416246 0.51054 0.458685 0.457464 0.457717 0.456495 0.390177 0.573477 0.417433 0.511226 0.416246 0.51054 0.381285 0.641018 0.3915 0.573833 0.390177 0.573477 0.3915 0.708203 0.381285 0.641018 0.390177 0.708558 0.417433 0.77081 0.390177 0.708558 0.416246 0.771495 0.458685 0.824572 0.416246 0.771495 0.457717 0.82554 0.511762 0.867011 0.458685 0.824572 0.457717 0.82554 0.574699 0.89308 0.512447 0.865824 0.511762 0.867011 0.642239 0.901972 0.575055 0.891756 0.574699 0.89308 0.709424 0.891756 0.642239 0.901972 0.70978 0.89308 0.772031 0.865824 0.70978 0.89308 0.772717 0.867011 0.825793 0.824572 0.772717 0.867011 0.826762 0.82554 0.868232 0.771495 0.825793 0.824572 0.826762 0.82554 0.865772 0.770074 0.825793 0.824572 0.867046 0.77081 0.891558 0.707823 0.867046 0.77081 0.892978 0.708203 0.900353 0.641018 0.892978 0.708203 0.901823 0.641018 0.892978 0.573833 0.900353 0.641018 0.901823 0.641018 0.867046 0.511226 0.891558 0.574212 0.892978 0.573833 0.825793 0.457464 0.865772 0.511961 0.867046 0.511226 0.771296 0.417485 0.825793 0.457464 0.772031 0.416211 0.709044 0.391699 0.772031 0.416211 0.709424 0.390279 0.642239 0.382904 0.709424 0.390279 0.642239 0.381433 0.575055 0.390279 0.642239 0.382904 0.642239 0.381433 0.512447 0.416211 0.575434 0.391699 0.575055 0.390279 0.458685 0.457464 0.513183 0.417485 0.512447 0.416211 0.418707 0.511961 0.458685 0.457464 0.417433 0.511226 0.392921 0.574212 0.417433 0.511226 0.3915 0.573833 0.384126 0.641018 0.3915 0.573833 0.382655 0.641018 0.3915 0.708203 0.384126 0.641018 0.382655 0.641018 0.417433 0.77081 0.392921 0.707823 0.3915 0.708203 0.458685 0.824572 0.418707 0.770074 0.417433 0.77081 0.513183 0.86455 0.458685 0.824572 0.512447 0.865824 0.575434 0.890336 0.512447 0.865824 0.575055 0.891756 0.642239 0.899131 0.575055 0.891756 0.642239 0.900602 0.709424 0.891756 0.642239 0.899131 0.642239 0.900602 0.772031 0.865824 0.709044 0.890336 0.709424 0.891756 0.825793 0.824572 0.771296 0.86455 0.772031 0.865824 0.823714 0.822492 0.771296 0.86455 0.824754 0.823532 0.865772 0.770074 0.823714 0.822492 0.824754 0.823532 0.891558 0.707823 0.864499 0.769339 0.865772 0.770074 0.900353 0.641018 0.890138 0.707442 0.891558 0.707823 0.890138 0.574594 0.900353 0.641018 0.891558 0.574212 0.864499 0.512696 0.891558 0.574212 0.865772 0.511961 0.823714 0.459543 0.865772 0.511961 0.824754 0.458503 0.771296 0.417485 0.823714 0.459543 0.824754 0.458503 0.709044 0.391699 0.770561 0.418758 0.771296 0.417485 0.642239 0.382904 0.708663 0.393119 0.709044 0.391699 0.575815 0.393119 0.642239 0.382904 0.575434 0.391699 0.513918 0.418758 0.575434 0.391699 0.513183 0.417485 0.460765 0.459543 0.513183 0.417485 0.459725 0.458503 0.418707 0.511961 0.460765 0.459543 0.459725 0.458503 0.392921 0.574212 0.41998 0.512696 0.418707 0.511961 0.384126 0.641018 0.394341 0.574594 0.392921 0.574212 0.394341 0.707442 0.384126 0.641018 0.392921 0.707823 0.41998 0.769339 0.392921 0.707823 0.418707 0.770074 0.460765 0.822492 0.418707 0.770074 0.459725 0.823532 0.513183 0.86455 0.460765 0.822492 0.459725 0.823532 0.575434 0.890336 0.513918 0.863277 0.513183 0.86455 0.642239 0.899131 0.575815 0.888916 0.575434 0.890336 0.708663 0.888916 0.642239 0.899131 0.709044 0.890336 0.770561 0.863277 0.709044 0.890336 0.771296 0.86455 0.769876 0.862091 0.708663 0.888916 0.770561 0.863277 0.822744 0.821523 0.770561 0.863277 0.823714 0.822492 0.864499 0.769339 0.822744 0.821523 0.823714 0.822492 0.890138 0.707442 0.863313 0.768654 0.864499 0.769339 0.897513 0.641018 0.890138 0.707442 0.898883 0.641018 0.890138 0.574594 0.897513 0.641018 0.898883 0.641018 0.863313 0.513381 0.890138 0.574594 0.864499 0.512696 0.822744 0.460512 0.864499 0.512696 0.823714 0.459543 0.770561 0.418758 0.822744 0.460512 0.823714 0.459543 0.708663 0.393119 0.769876 0.419944 0.770561 0.418758 0.642239 0.385744 0.708663 0.393119 0.642239 0.384374 0.575815 0.393119 0.642239 0.385744 0.642239 0.384374 0.514603 0.419944 0.575815 0.393119 0.513918 0.418758 0.461734 0.460512 0.513918 0.418758 0.460765 0.459543 0.41998 0.512696 0.461734 0.460512 0.460765 0.459543 0.394341 0.574594 0.421166 0.513381 0.41998 0.512696 0.386966 0.641018 0.394341 0.574594 0.385596 0.641018 0.394341 0.707442 0.386966 0.641018 0.385596 0.641018 0.421166 0.768654 0.394341 0.707442 0.41998 0.769339 0.461734 0.821523 0.41998 0.769339 0.460765 0.822492 0.513918 0.863277 0.461734 0.821523 0.460765 0.822492 0.575815 0.888916 0.514603 0.862091 0.513918 0.863277 0.642239 0.896291 0.575815 0.888916 0.642239 0.897661 0.708663 0.888916 0.642239 0.896291 0.642239 0.897661 0.708309 0.887593 0.642239 0.895114 0.642239 0.896291 0.769287 0.861072 0.708309 0.887593 0.769876 0.862091 0.821912 0.820691 0.769876 0.862091 0.822744 0.821523 0.863313 0.768654 0.821912 0.820691 0.822744 0.821523 0.888814 0.707087 0.862294 0.768065 0.863313 0.768654 0.896336 0.641018 0.888814 0.707087 0.897513 0.641018 0.888814 0.574948 0.896336 0.641018 0.897513 0.641018 0.862294 0.51397 0.888814 0.574948 0.863313 0.513381 0.821912 0.461345 0.863313 0.513381 0.822744 0.460512 0.769876 0.419944 0.821912 0.461345 0.822744 0.460512 0.708309 0.394442 0.769287 0.420963 0.769876 0.419944 0.642239 0.386921 0.708309 0.394442 0.642239 0.385744 0.576169 0.394442 0.642239 0.386921 0.642239 0.385744 0.515192 0.420963 0.576169 0.394442 0.514603 0.419944 0.462566 0.461345 0.514603 0.419944 0.461734 0.460512 0.421166 0.513381 0.462566 0.461345 0.461734 0.460512 0.395664 0.574948 0.422185 0.51397 0.421166 0.513381 0.388143 0.641018 0.395664 0.574948 0.386966 0.641018 0.395664 0.707087 0.388143 0.641018 0.386966 0.641018 0.422185 0.768065 0.395664 0.707087 0.421166 0.768654 0.462566 0.820691 0.421166 0.768654 0.461734 0.821523 0.514603 0.862091 0.462566 0.820691 0.461734 0.821523 0.576169 0.887593 0.515192 0.861072 0.514603 0.862091 0.642239 0.895114 0.576169 0.887593 0.642239 0.896291 0.06853598 0.635536 0.06971299 0.701067 0.06853598 0.701301 0.06971299 0.570005 0.06853598 0.635536 0.06853598 0.569771 0.06971299 0.50894 0.06853598 0.569771 0.06853598 0.508488 0.06853598 0.455863 0.06971299 0.50894 0.06853598 0.508488 0.46984 0.579225 0.416764 0.578048 0.469389 0.578048 0.530672 0.578048 0.46984 0.579225 0.469389 0.578048 0.596437 0.578048 0.530906 0.579225 0.530672 0.578048 0.661968 0.579225 0.596437 0.578048 0.662202 0.578048 0.723033 0.579225 0.662202 0.578048 0.723485 0.578048 0.77611 0.578048 0.723033 0.579225 0.723485 0.578048 0.08883398 0.773129 0.090011 0.826206 0.090011 0.77358 0.090011 0.712298 0.08883398 0.773129 0.090011 0.77358 0.090011 0.646533 0.08883398 0.712064 0.090011 0.712298 0.08883398 0.581002 0.090011 0.646533 0.090011 0.580767 0.08883398 0.519936 0.090011 0.580767 0.090011 0.519485 0.090011 0.46686 0.08883398 0.519936 0.090011 0.519485 0.433185 0.02407598 0.380108 0.02525299 0.432734 0.02525299 0.494016 0.02525299 0.433185 0.02407598 0.432734 0.02525299 0.559781 0.02525299 0.49425 0.02407598 0.494016 0.02525299 0.625312 0.02407598 0.559781 0.02525299 0.625547 0.02525299 0.686378 0.02407598 0.625547 0.02525299 0.686829 0.02525299 0.739454 0.02525299 0.686378 0.02407598 0.686829 0.02525299 0.06971299 0.762133 0.06853598 0.815209 0.06853598 0.762584 0.06853598 0.701301 0.06971299 0.762133 0.06853598 0.762584 0.071083 0.70092 0.06971299 0.762133 0.06971299 0.701067 0.071083 0.635536 0.06971299 0.701067 0.06971299 0.635536 0.06971299 0.570005 0.071083 0.635536 0.06971299 0.635536 0.06971299 0.50894 0.071083 0.570152 0.06971299 0.570005 0.071083 0.456903 0.06971299 0.50894 0.06971299 0.456501 0.46984 0.579225 0.417803 0.580595 0.417402 0.579225 0.531053 0.580595 0.46984 0.579225 0.530906 0.579225 0.596437 0.580595 0.530906 0.579225 0.596437 0.579225 0.661968 0.579225 0.596437 0.580595 0.596437 0.579225 0.723033 0.579225 0.661821 0.580595 0.661968 0.579225 0.77507 0.580595 0.723033 0.579225 0.775472 0.579225 0.08883398 0.773129 0.08746397 0.825166 0.08883398 0.825568 0.08746397 0.711917 0.08883398 0.773129 0.08883398 0.712064 0.08746397 0.646533 0.08883398 0.712064 0.08883398 0.646533 0.08883398 0.581002 0.08746397 0.646533 0.08883398 0.646533 0.08883398 0.519936 0.08746397 0.581148 0.08883398 0.581002 0.08746397 0.467899 0.08883398 0.519936 0.08883398 0.467498 0.433185 0.02407598 0.381148 0.02270597 0.380746 0.02407598 0.494397 0.02270597 0.433185 0.02407598 0.49425 0.02407598 0.559781 0.02270597 0.49425 0.02407598 0.559781 0.02407598 0.625312 0.02407598 0.559781 0.02270597 0.559781 0.02407598 0.686378 0.02407598 0.625166 0.02270597 0.625312 0.02407598 0.738415 0.02270597 0.686378 0.02407598 0.738816 0.02407598 0.06971299 0.762133 0.071083 0.814169 0.06971299 0.814571 0.07255399 0.761753 0.071083 0.814169 0.071083 0.761849 0.07255399 0.700871 0.071083 0.761849 0.071083 0.70092 0.07255399 0.635536 0.071083 0.70092 0.071083 0.635536 0.071083 0.570152 0.07255399 0.635536 0.071083 0.635536 0.071083 0.509223 0.07255399 0.570201 0.071083 0.570152 0.071083 0.456903 0.07255399 0.509319 0.071083 0.509223 0.47022 0.582066 0.417803 0.580595 0.470124 0.580595 0.531102 0.582066 0.470124 0.580595 0.531053 0.580595 0.596437 0.582066 0.531053 0.580595 0.596437 0.580595 0.661821 0.580595 0.596437 0.582066 0.596437 0.580595 0.72275 0.580595 0.661772 0.582066 0.661821 0.580595 0.77507 0.580595 0.722653 0.582066 0.72275 0.580595 0.085994 0.772749 0.08746397 0.825166 0.08746397 0.772845 0.085994 0.711868 0.08746397 0.772845 0.08746397 0.711917 0.085994 0.646533 0.08746397 0.711917 0.08746397 0.646533 0.08746397 0.581148 0.085994 0.646533 0.08746397 0.646533 0.08746397 0.52022 0.085994 0.581198 0.08746397 0.581148 0.08746397 0.467899 0.085994 0.520316 0.08746397 0.52022 0.433565 0.021236 0.381148 0.02270597 0.433469 0.02270597 0.494447 0.021236 0.433469 0.02270597 0.494397 0.02270597 0.559781 0.021236 0.494397 0.02270597 0.559781 0.02270597 0.625166 0.02270597 0.559781 0.021236 0.559781 0.02270597 0.686094 0.02270597 0.625116 0.021236 0.625166 0.02270597 0.738415 0.02270597 0.685998 0.021236 0.686094 0.02270597 0.738415 0.01976597 0.685998 0.021236 0.738278 0.021236 0.07255399 0.761753 0.07402396 0.814169 0.07255399 0.814033 0.07255399 0.700871 0.07402396 0.761849 0.07255399 0.761753 0.07255399 0.635536 0.07402396 0.70092 0.07255399 0.700871 0.07402396 0.570152 0.07255399 0.635536 0.07255399 0.570201 0.07402396 0.509223 0.07255399 0.570201 0.07255399 0.509319 0.07402396 0.456903 0.07255399 0.509319 0.07255399 0.457039 0.47022 0.582066 0.417803 0.583536 0.41794 0.582066 0.531102 0.582066 0.470124 0.583536 0.47022 0.582066 0.596437 0.582066 0.531053 0.583536 0.531102 0.582066 0.661821 0.583536 0.596437 0.582066 0.661772 0.582066 0.72275 0.583536 0.661772 0.582066 0.722653 0.582066 0.77507 0.583536 0.722653 0.582066 0.774934 0.582066 0.085994 0.772749 0.08452397 0.825166 0.085994 0.82503 0.085994 0.711868 0.08452397 0.772845 0.085994 0.772749 0.085994 0.646533 0.08452397 0.711917 0.085994 0.711868 0.08452397 0.581148 0.085994 0.646533 0.085994 0.581198 0.08452397 0.52022 0.085994 0.581198 0.085994 0.520316 0.08452397 0.467899 0.085994 0.520316 0.085994 0.468036 0.433565 0.021236 0.381148 0.01976597 0.381284 0.021236 0.494447 0.021236 0.433469 0.01976597 0.433565 0.021236 0.559781 0.021236 0.494397 0.01976597 0.494447 0.021236 0.625166 0.01976597 0.559781 0.021236 0.625116 0.021236 0.686094 0.01976597 0.625116 0.021236 0.685998 0.021236 0.686378 0.01839596 0.625166 0.01976597 0.686094 0.01976597 0.738415 0.01976597 0.686378 0.01839596 0.686094 0.01976597 0.07539397 0.762133 0.07402396 0.814169 0.07402396 0.761849 0.07402396 0.70092 0.07539397 0.762133 0.07402396 0.761849 0.07402396 0.635536 0.07539397 0.701067 0.07402396 0.70092 0.07539397 0.570005 0.07402396 0.635536 0.07402396 0.570152 0.07539397 0.50894 0.07402396 0.570152 0.07402396 0.509223 0.07402396 0.456903 0.07539397 0.50894 0.07402396 0.509223 0.46984 0.584906 0.417803 0.583536 0.470124 0.583536 0.531053 0.583536 0.46984 0.584906 0.470124 0.583536 0.596437 0.583536 0.530906 0.584906 0.531053 0.583536 0.661968 0.584906 0.596437 0.583536 0.661821 0.583536 0.723033 0.584906 0.661821 0.583536 0.72275 0.583536 0.77507 0.583536 0.723033 0.584906 0.72275 0.583536 0.08315396 0.773129 0.08452397 0.825166 0.08452397 0.772845 0.08452397 0.711917 0.08315396 0.773129 0.08452397 0.772845 0.08452397 0.646533 0.08315396 0.712064 0.08452397 0.711917 0.08315396 0.581002 0.08452397 0.646533 0.08452397 0.581148 0.08315396 0.519936 0.08452397 0.581148 0.08452397 0.52022 0.08452397 0.467899 0.08315396 0.519936 0.08452397 0.52022 0.433185 0.01839596 0.381148 0.01976597 0.433469 0.01976597 0.494397 0.01976597 0.433185 0.01839596 0.433469 0.01976597 0.559781 0.01976597 0.49425 0.01839596 0.494397 0.01976597 0.625312 0.01839596 0.559781 0.01976597 0.625166 0.01976597 0.625312 0.01839596 0.559781 0.01721894 0.559781 0.01839596 0.686378 0.01839596 0.625547 0.01721894 0.625312 0.01839596 0.739454 0.01721894 0.686378 0.01839596 0.738816 0.01839596 0.07539397 0.762133 0.07657098 0.815209 0.07539397 0.814571 0.07657098 0.701301 0.07539397 0.762133 0.07539397 0.701067 0.07657098 0.635536 0.07539397 0.701067 0.07539397 0.635536 0.07539397 0.570005 0.07657098 0.635536 0.07539397 0.635536 0.07539397 0.50894 0.07657098 0.569771 0.07539397 0.570005 0.07657098 0.455863 0.07539397 0.50894 0.07539397 0.456501 0.46984 0.584906 0.416764 0.586083 0.417402 0.584906 0.530672 0.586083 0.46984 0.584906 0.530906 0.584906 0.596437 0.586083 0.530906 0.584906 0.596437 0.584906 0.661968 0.584906 0.596437 0.586083 0.596437 0.584906 0.723033 0.584906 0.662202 0.586083 0.661968 0.584906 0.77611 0.586083 0.723033 0.584906 0.775472 0.584906 0.08315396 0.773129 0.081977 0.826206 0.08315396 0.825568 0.081977 0.712298 0.08315396 0.773129 0.08315396 0.712064 0.081977 0.646533 0.08315396 0.712064 0.08315396 0.646533 0.08315396 0.581002 0.081977 0.646533 0.08315396 0.646533 0.08315396 0.519936 0.081977 0.580767 0.08315396 0.581002 0.081977 0.46686 0.08315396 0.519936 0.08315396 0.467498 0.433185 0.01839596 0.380108 0.01721894 0.380746 0.01839596 0.494016 0.01721894 0.433185 0.01839596 0.49425 0.01839596 0.559781 0.01721894 0.49425 0.01839596 0.559781 0.01839596 0.007641971 0.806835 0.004999995 0.337344 0.004999995 0.806835 0.01497197 0.356893 0.016294 0.826385 0.016294 0.356893 0.01233094 0.356893 0.01497197 0.826385 0.01497197 0.356893 0.02088397 0.375221 0.02352595 0.844712 0.02352595 0.375221 0.03085595 0.864262 0.03217798 0.394771 0.03217798 0.864262 0.02821499 0.864262 0.03085595 0.394771 0.03085595 0.864262 0.375462 0.40088 0.372338 0.407488 0.375462 0.407488 0.396277 0.40088 0.375462 0.407488 0.396277 0.407488 0.397775 0.40088 0.396277 0.407488 0.397775 0.407488 0.161397 0.157039 0.168004 0.1588529 0.168004 0.157039 0.161397 0.155628 0.168004 0.157039 0.168004 0.155628 0.161397 0.153158 0.168004 0.155628 0.168004 0.153158 0.161397 0.1516219 0.168004 0.153158 0.168004 0.1516219 0.082569 0.275528 0.08075499 0.26892 0.082569 0.26892 0.08398097 0.275528 0.082569 0.26892 0.08398097 0.26892 0.08644896 0.275528 0.08398097 0.26892 0.08644896 0.26892 0.1064079 0.275528 0.08644896 0.26892 0.1064079 0.26892 0.10671 0.275528 0.1064079 0.26892 0.10671 0.26892 0.108273 0.275528 0.10671 0.26892 0.108273 0.26892 0.169226 0.180595 0.1626189 0.182094 0.1626189 0.180595 0.169226 0.178718 0.1626189 0.180595 0.1626189 0.178718 0.169226 0.1748369 0.1626189 0.178718 0.1626189 0.1748369 0.370524 0.40088 0.369112 0.407488 0.370524 0.407488 0.372338 0.40088 0.370524 0.407488 0.372338 0.407488 0.289384 0.158496 0.287814 0.1603969 0.287248 0.158583 0.293893 0.1609809 0.289384 0.158496 0.294769 0.160253 0.293893 0.1609809 0.29637 0.161607 0.29487 0.162854 0.294769 0.160253 0.297277 0.160044 0.29637 0.161607 0.295386 0.1591899 0.294769 0.160253 0.289384 0.158496 0.295486 0.158884 0.289384 0.158496 0.289897 0.156226 0.295386 0.1591899 0.297379 0.1597419 0.297277 0.160044 0.307157 0.138965 0.297379 0.1597419 0.295486 0.158884 0.301833 0.135855 0.295486 0.158884 0.289897 0.156226 0.289897 0.156226 0.30015 0.134643 0.301833 0.135855 0.289384 0.158496 0.287953 0.155458 0.289897 0.156226 0.302736 0.134823 0.30015 0.134643 0.301461 0.133144 0.301833 0.135855 0.30767 0.137171 0.307157 0.138965 0.30388 0.134274 0.30767 0.137171 0.302736 0.134823 0.302736 0.134823 0.303275 0.132275 0.30388 0.134274 0.304541 0.13418 0.303275 0.132275 0.304686 0.132073 0.30388 0.134274 0.307024 0.135381 0.307575 0.136515 0.306156 0.134641 0.307024 0.135381 0.304541 0.13418 0.306156 0.134641 0.308692 0.1340889 0.307024 0.135381 0.306156 0.134641 0.304686 0.132073 0.307155 0.132779 0.307024 0.135381 0.309575 0.135903 0.307575 0.136515 0.30767 0.137171 0.309575 0.135903 0.309776 0.137314 0.30767 0.137171 0.309071 0.139784 0.307157 0.138965 0.293117 0.161195 0.29487 0.162854 0.292993 0.16337 0.290316 0.160067 0.293893 0.1609809 0.293117 0.161195 0.290316 0.160067 0.287814 0.1603969 0.289648 0.15934 0.293117 0.161195 0.289112 0.161808 0.290316 0.160067 0.347616 0.108325 0.341009 0.1105419 0.341009 0.108325 0.347616 0.07586699 0.341009 0.108325 0.341009 0.07586699 0.131626 0.419706 0.09992599 0.413098 0.131626 0.413098 0.151634 0.419706 0.131626 0.413098 0.151634 0.413098 0.369112 0.33364 0.375719 0.368315 0.375719 0.33364 0.369112 0.331676 0.375719 0.33364 0.375719 0.331676 0.369112 0.330012 0.375719 0.331676 0.375719 0.330012 0.04209697 0.2156569 0.040434 0.209049 0.04209697 0.209049 0.04406195 0.2156569 0.04209697 0.209049 0.04406195 0.209049 0.04602795 0.2156569 0.04406195 0.209049 0.04602795 0.209049 0.04769098 0.2156569 0.04602795 0.209049 0.04769098 0.209049 0.04459697 0.272785 0.03798997 0.274449 0.03798997 0.272785 0.04459697 0.270821 0.03798997 0.272785 0.03798997 0.270821 0.04459697 0.231005 0.03798997 0.270821 0.03798997 0.231005 0.04459697 0.229039 0.03798997 0.231005 0.03798997 0.229039 0.04459697 0.2273769 0.03798997 0.229039 0.03798997 0.2273769 0.253477 0.419208 0.251814 0.425815 0.253477 0.425815 0.255443 0.419208 0.253477 0.425815 0.255443 0.425815 0.317432 0.419208 0.255443 0.425815 0.317432 0.425815 0.319399 0.419208 0.317432 0.425815 0.319399 0.425815 0.321062 0.419208 0.319399 0.425815 0.321062 0.425815 0.272585 0.300889 0.279193 0.302551 0.279193 0.300889 0.272585 0.298923 0.279193 0.300889 0.279193 0.298923 0.272585 0.259108 0.279193 0.298923 0.279193 0.259108 0.272585 0.257143 0.279193 0.259108 0.279193 0.257143 0.272585 0.255479 0.279193 0.257143 0.279193 0.255479 0.03843098 0.286524 0.03676795 0.279917 0.03843098 0.279917 0.040398 0.286524 0.03843098 0.279917 0.040398 0.279917 0.04236298 0.286524 0.040398 0.279917 0.04236298 0.279917 0.04402595 0.286524 0.04236298 0.279917 0.04402595 0.279917 0.347616 0.112507 0.341009 0.11417 0.341009 0.112507 0.347616 0.1105419 0.341009 0.112507 0.341009 0.1105419 0.318697 0.339191 0.317541 0.341516 0.317344 0.339452 0.318697 0.333559 0.317344 0.339452 0.317344 0.333299 0.318697 0.333559 0.317541 0.331234 0.319506 0.331612 0.317344 0.333299 0.277726 0.331234 0.317541 0.331234 0.315324 0.339452 0.317344 0.333299 0.317344 0.339452 0.317344 0.339452 0.315324 0.341516 0.315324 0.339452 0.315324 0.339452 0.282866 0.341516 0.280791 0.339452 0.280791 0.339452 0.277923 0.333299 0.315324 0.339452 0.27657 0.333559 0.277923 0.333299 0.280791 0.339452 0.27657 0.333559 0.277726 0.331234 0.277923 0.333299 0.27657 0.333559 0.274098 0.332747 0.275761 0.331612 0.275582 0.334233 0.27657 0.333559 0.280791 0.339452 0.27491 0.33522 0.275582 0.334233 0.280791 0.339452 0.27491 0.33522 0.274098 0.332747 0.275582 0.334233 0.27491 0.33522 0.272585 0.336376 0.272964 0.33441 0.274649 0.336572 0.27491 0.33522 0.280791 0.339452 0.274649 0.336572 0.280953 0.373214 0.274649 0.398169 0.274649 0.336572 0.272585 0.398366 0.272585 0.336376 0.27491 0.399522 0.272585 0.398366 0.274649 0.398169 0.27491 0.399522 0.274649 0.398169 0.280786 0.39529 0.280786 0.39529 0.274649 0.398169 0.280953 0.373214 0.131624 0.421771 0.151634 0.419706 0.153699 0.421771 0.131624 0.421771 0.09992599 0.419706 0.131626 0.419706 0.317344 0.39529 0.282866 0.393225 0.317541 0.393225 0.317344 0.401441 0.280786 0.39529 0.317344 0.39529 0.317344 0.401441 0.277726 0.403506 0.277923 0.401441 0.318697 0.401182 0.317541 0.403506 0.317344 0.401441 0.318697 0.39555 0.317344 0.401441 0.317344 0.39529 0.318697 0.39555 0.317541 0.393225 0.319506 0.393603 0.318697 0.39555 0.321169 0.394737 0.319685 0.396223 0.319685 0.396223 0.318697 0.401182 0.318697 0.39555 0.320357 0.39721 0.319685 0.400509 0.319685 0.396223 0.320357 0.39721 0.321169 0.394737 0.322306 0.396401 0.320357 0.39721 0.322682 0.398366 0.320579 0.398366 0.320579 0.398366 0.320357 0.399522 0.320357 0.39721 0.320357 0.399522 0.322682 0.398366 0.322306 0.400331 0.320357 0.399522 0.321169 0.401995 0.319685 0.400509 0.318697 0.401182 0.321169 0.401995 0.319506 0.403128 0.27657 0.401182 0.277726 0.403506 0.275761 0.403128 0.277923 0.401441 0.27657 0.401182 0.280786 0.39529 0.27657 0.401182 0.275582 0.400509 0.280786 0.39529 0.27657 0.401182 0.274098 0.401995 0.275582 0.400509 0.27491 0.399522 0.274098 0.401995 0.272964 0.400331 0.275582 0.400509 0.27491 0.399522 0.280786 0.39529 0.318697 0.333559 0.321169 0.332747 0.319685 0.334233 0.319685 0.334233 0.318697 0.339191 0.318697 0.333559 0.319685 0.334233 0.320357 0.337531 0.319685 0.338518 0.320357 0.33522 0.321169 0.332747 0.322306 0.33441 0.320357 0.33522 0.322682 0.336376 0.320579 0.336376 0.320579 0.336376 0.320357 0.337531 0.320357 0.33522 0.320357 0.337531 0.322682 0.336376 0.322306 0.338341 0.320357 0.337531 0.321169 0.340004 0.319685 0.338518 0.318697 0.339191 0.321169 0.340004 0.319506 0.341138 0.082475 0.166974 0.07586699 0.169191 0.07586699 0.166974 0.082475 0.134516 0.07586699 0.166974 0.07586699 0.134516 0.07419896 0.04704099 0.04249894 0.040434 0.07419896 0.040434 0.09420698 0.04704099 0.07419896 0.040434 0.09420698 0.040434 0.06487095 0.152806 0.07147896 0.187481 0.07147896 0.152806 0.06487095 0.1508409 0.07147896 0.152806 0.07147896 0.1508409 0.06487095 0.149178 0.07147896 0.1508409 0.07147896 0.149178 0.03843098 0.120352 0.03676795 0.113745 0.03843098 0.113745 0.04039597 0.120352 0.03843098 0.113745 0.04039597 0.113745 0.04236197 0.120352 0.04039597 0.113745 0.04236197 0.113745 0.044025 0.120352 0.04236197 0.113745 0.044025 0.113745 0.03237897 0.127386 0.02577096 0.129048 0.02577096 0.127386 0.03237897 0.12542 0.02577096 0.127386 0.02577096 0.12542 0.03237897 0.08560496 0.02577096 0.12542 0.02577096 0.08560496 0.03237897 0.08363997 0.02577096 0.08560496 0.02577096 0.08363997 0.03237897 0.081977 0.02577096 0.08363997 0.02577096 0.081977 0.08363997 0.004999995 0.081977 0.011608 0.08363997 0.011608 0.08560496 0.004999995 0.08363997 0.011608 0.08560496 0.011608 0.147595 0.004999995 0.08560496 0.011608 0.147595 0.011608 0.149561 0.004999995 0.147595 0.011608 0.149561 0.011608 0.151225 0.004999995 0.149561 0.011608 0.151225 0.011608 0.08686399 0.165262 0.093472 0.166926 0.093472 0.165262 0.08686399 0.163298 0.093472 0.165262 0.093472 0.163298 0.08686399 0.123482 0.093472 0.163298 0.093472 0.123482 0.08686399 0.121516 0.093472 0.123482 0.093472 0.121516 0.08686399 0.119854 0.093472 0.121516 0.093472 0.119854 0.1557289 0.02260398 0.154066 0.01599699 0.1557289 0.01599699 0.1576949 0.02260398 0.1557289 0.01599699 0.1576949 0.01599699 0.15966 0.02260398 0.1576949 0.01599699 0.15966 0.01599699 0.161323 0.02260398 0.15966 0.01599699 0.161323 0.01599699 0.082475 0.171157 0.07586699 0.172819 0.07586699 0.171157 0.082475 0.169191 0.07586699 0.171157 0.07586699 0.169191 0.07310497 0.01295697 0.071949 0.01528197 0.07175195 0.01321697 0.07310497 0.007324993 0.07175195 0.01321697 0.07175195 0.007064998 0.07310497 0.007324993 0.071949 0.004999995 0.07391595 0.005377948 0.03233098 0.007064998 0.071949 0.004999995 0.07175195 0.007064998 0.07175195 0.007064998 0.03519999 0.01321697 0.03233098 0.007064998 0.07175195 0.01321697 0.06973201 0.01321697 0.07175195 0.007064998 0.07175195 0.01321697 0.06973201 0.01528197 0.06973201 0.01321697 0.06973201 0.01321697 0.03727495 0.01528197 0.03519999 0.01321697 0.07419598 0.049106 0.04249894 0.04704099 0.07419896 0.04704099 0.02905797 0.01033794 0.035362 0.04697996 0.02905797 0.07193499 0.02905797 0.01033794 0.02699297 0.07213097 0.02699297 0.01014196 0.02931898 0.07328796 0.02699297 0.07213097 0.02905797 0.07193499 0.02931898 0.07328796 0.02905797 0.07193499 0.03519397 0.06905597 0.03519397 0.06905597 0.02905797 0.07193499 0.035362 0.04697996 0.07419598 0.049106 0.09420698 0.04704099 0.09627199 0.049106 0.07175195 0.06905597 0.03727495 0.06699097 0.071949 0.06699097 0.07175195 0.07520699 0.03519397 0.06905597 0.07175195 0.06905597 0.07175195 0.07520699 0.03213399 0.07727199 0.03233098 0.07520699 0.07310497 0.07494795 0.071949 0.07727199 0.07175195 0.07520699 0.07310497 0.06931596 0.07175195 0.07520699 0.07175195 0.06905597 0.07310497 0.06931596 0.071949 0.06699097 0.07391595 0.06736898 0.07310497 0.06931596 0.07557696 0.06850296 0.07409197 0.06998896 0.07409197 0.06998896 0.07310497 0.07494795 0.07310497 0.06931596 0.07476496 0.07097595 0.07409197 0.07427495 0.07409197 0.06998896 0.07476496 0.07097595 0.07557696 0.06850296 0.07671195 0.07016599 0.07476496 0.07097595 0.07708996 0.07213097 0.07498699 0.07213097 0.07498699 0.07213097 0.07476496 0.07328796 0.07476496 0.07097595 0.07476496 0.07328796 0.07708996 0.07213097 0.07671195 0.07409697 0.07476496 0.07328796 0.07557696 0.07576 0.07409197 0.07427495 0.07310497 0.07494795 0.07557696 0.07576 0.07391595 0.07689398 0.03097897 0.07494795 0.03213399 0.07727199 0.03016895 0.07689398 0.03233098 0.07520699 0.03097897 0.07494795 0.03519397 0.06905597 0.03097897 0.07494795 0.02999198 0.07427495 0.03519397 0.06905597 0.03097897 0.07494795 0.02850598 0.07576 0.02999198 0.07427495 0.02931898 0.07328796 0.02850598 0.07576 0.02737098 0.07409697 0.02999198 0.07427495 0.02931898 0.07328796 0.03519397 0.06905597 0.02931898 0.008984982 0.02699297 0.01014196 0.02737098 0.008175969 0.02905797 0.01033794 0.02931898 0.008984982 0.03519999 0.01321697 0.02931898 0.008984982 0.02999198 0.007997989 0.03519999 0.01321697 0.02931898 0.008984982 0.02850598 0.006512999 0.02999198 0.007997989 0.03097897 0.007324993 0.02850598 0.006512999 0.03016895 0.005377948 0.02999198 0.007997989 0.03097897 0.007324993 0.03519999 0.01321697 0.03097897 0.007324993 0.03233098 0.007064998 0.03519999 0.01321697 0.03097897 0.007324993 0.03213399 0.004999995 0.03233098 0.007064998 0.07310497 0.007324993 0.07557696 0.006512999 0.07409197 0.007997989 0.07409197 0.007997989 0.07310497 0.01295697 0.07310497 0.007324993 0.07409197 0.007997989 0.07476496 0.01129698 0.07409197 0.01228398 0.07476496 0.008984982 0.07557696 0.006512999 0.07671195 0.008175969 0.07476496 0.008984982 0.07708996 0.01014196 0.07498699 0.01014196 0.07498699 0.01014196 0.07476496 0.01129698 0.07476496 0.008984982 0.07476496 0.01129698 0.07708996 0.01014196 0.07671195 0.012106 0.07476496 0.01129698 0.07557696 0.01376998 0.07409197 0.01228398 0.07310497 0.01295697 0.07557696 0.01376998 0.07391595 0.01490294 0.374198 0.953426 0.371555 0.510846 0.371555 0.953426 0.164038 0.51329 0.16536 0.95587 0.16536 0.51329 0.161397 0.51329 0.164038 0.95587 0.164038 0.51329 0.359337 0.515734 0.361978 0.958313 0.361978 0.515734 0.1750349 0.960757 0.176357 0.518178 0.176357 0.960757 0.172394 0.960757 0.1750349 0.518178 0.1750349 0.960757 0.294579 0.295856 0.301186 0.298729 0.301186 0.295856 0.294579 0.279879 0.301186 0.295856 0.301186 0.279879 0.294579 0.277914 0.301186 0.279879 0.301186 0.277914 0.294579 0.276251 0.301186 0.277914 0.301186 0.276251 0.006662964 0.187554 0.004999995 0.180947 0.006662964 0.180947 0.008628964 0.187554 0.006662964 0.180947 0.008628964 0.180947 0.01059395 0.187554 0.008628964 0.180947 0.01059395 0.180947 0.01225799 0.187554 0.01059395 0.180947 0.01225799 0.180947 0.33662 0.301172 0.330012 0.302835 0.330012 0.301172 0.33662 0.299207 0.330012 0.301172 0.330012 0.299207 0.33662 0.283784 0.330012 0.299207 0.330012 0.283784 0.33662 0.283432 0.330012 0.283784 0.330012 0.283432 0.33662 0.281668 0.330012 0.283432 0.330012 0.281668 0.33662 0.279917 0.330012 0.281668 0.330012 0.279917 0.189764 0.198052 0.188278 0.2046599 0.189764 0.2046599 0.1915979 0.198052 0.189764 0.2046599 0.1915979 0.2046599 0.19357 0.198052 0.1915979 0.2046599 0.19357 0.2046599 0.195365 0.198052 0.19357 0.2046599 0.195365 0.2046599 0.294579 0.298729 0.301186 0.300177 0.301186 0.298729 0.04747599 0.325482 0.04504495 0.324892 0.04649394 0.323588 0.04731696 0.330294 0.04747599 0.325482 0.048352 0.330786 0.04731696 0.330294 0.04780399 0.332811 0.04605299 0.33198 0.048352 0.330786 0.04956895 0.332962 0.04780399 0.332811 0.048352 0.330786 0.04747599 0.325482 0.04965496 0.330898 0.04965496 0.330898 0.04961395 0.324994 0.04991996 0.330898 0.04965496 0.330898 0.04991996 0.332962 0.04956895 0.332962 0.06514596 0.330898 0.04991996 0.332962 0.04991996 0.330898 0.04991996 0.330898 0.065162 0.324749 0.06514596 0.330898 0.04961395 0.324994 0.06534397 0.322681 0.065162 0.324749 0.04747599 0.325482 0.04936599 0.322933 0.04961395 0.324994 0.06649899 0.325006 0.06534397 0.322681 0.06730699 0.323059 0.065162 0.324749 0.06649899 0.330637 0.06514596 0.330898 0.06649899 0.325006 0.06748598 0.329964 0.06649899 0.330637 0.06649899 0.325006 0.06897199 0.324193 0.06748598 0.325679 0.06815797 0.326666 0.06897199 0.324193 0.07010495 0.325856 0.06815797 0.326666 0.06748598 0.329964 0.06748598 0.325679 0.06837999 0.327822 0.06815797 0.328977 0.06815797 0.326666 0.06815797 0.328977 0.07048398 0.327822 0.07010495 0.329787 0.06815797 0.326666 0.07048398 0.327822 0.06837999 0.327822 0.06815797 0.328977 0.06897199 0.33145 0.06748598 0.329964 0.06649899 0.330637 0.06897199 0.33145 0.06730699 0.332585 0.06649899 0.330637 0.06534397 0.332962 0.06514596 0.330898 0.04731696 0.330294 0.04472994 0.330493 0.04654699 0.329429 0.04731696 0.330294 0.04626196 0.327198 0.046745 0.32614 0.04618597 0.328379 0.04626196 0.327198 0.04654699 0.329429 0.04618597 0.328379 0.04422497 0.326687 0.04626196 0.327198 0.04654699 0.329429 0.04409897 0.328659 0.04618597 0.328379 0.046745 0.32614 0.04422497 0.326687 0.04504495 0.324892 0.105154 0.04704099 0.103189 0.040434 0.105154 0.040434 0.112614 0.04704099 0.105154 0.040434 0.112614 0.040434 0.114579 0.04704099 0.112614 0.040434 0.114579 0.040434 0.116242 0.04704099 0.114579 0.040434 0.116242 0.040434 0.1337929 0.03261196 0.127185 0.03427499 0.127185 0.03261196 0.1337929 0.03064697 0.127185 0.03261196 0.127185 0.03064697 0.1337929 0.02864897 0.127185 0.03064697 0.127185 0.02864897 0.1337929 0.02699297 0.127185 0.02864897 0.127185 0.02699297 0.142289 0.110079 0.140625 0.1166869 0.142289 0.1166869 0.144254 0.110079 0.142289 0.1166869 0.144254 0.1166869 0.151713 0.110079 0.144254 0.1166869 0.151713 0.1166869 0.1536779 0.110079 0.151713 0.1166869 0.1536779 0.1166869 0.155341 0.110079 0.1536779 0.1166869 0.155341 0.1166869 0.160175 0.09493398 0.166783 0.09659099 0.166783 0.09493398 0.160175 0.09293699 0.166783 0.09493398 0.166783 0.09293699 0.160175 0.09097099 0.166783 0.09293699 0.166783 0.09097099 0.160175 0.08930796 0.166783 0.09097099 0.166783 0.08930796 0.103189 0.04704099 0.101526 0.040434 0.103189 0.040434 0.05704295 0.189819 0.05785697 0.1873469 0.05899 0.189009 0.05140894 0.189808 0.05636996 0.188832 0.05704295 0.189819 0.05140894 0.189808 0.050574 0.1873469 0.05206698 0.188826 0.05140894 0.189808 0.04908698 0.190975 0.04945898 0.189009 0.05140894 0.189808 0.05730098 0.191157 0.05114996 0.191182 0.05704295 0.189819 0.05936795 0.190975 0.05730098 0.191157 0.05730098 0.191157 0.05926799 0.1984339 0.05720496 0.1982229 0.05114996 0.191182 0.05720496 0.1982229 0.051054 0.198254 0.051054 0.198254 0.04908698 0.190975 0.05114996 0.191182 0.05130797 0.1996009 0.04898697 0.1984339 0.051054 0.198254 0.05694299 0.199589 0.051054 0.198254 0.05720496 0.1982229 0.05694299 0.199589 0.05926799 0.1984339 0.05888998 0.200399 0.05694299 0.199589 0.05775499 0.202062 0.05627 0.200576 0.05627 0.200576 0.05130797 0.1996009 0.05694299 0.199589 0.05528199 0.20125 0.05196595 0.200583 0.05627 0.200576 0.05528199 0.20125 0.05775499 0.202062 0.05609196 0.203197 0.05528199 0.20125 0.05412799 0.203575 0.05412399 0.2014729 0.05412399 0.2014729 0.05293899 0.201249 0.05528199 0.20125 0.05293899 0.201249 0.05412799 0.203575 0.05212998 0.203197 0.05293899 0.201249 0.05047297 0.202062 0.05196595 0.200583 0.05130797 0.1996009 0.05047297 0.202062 0.04935699 0.200399 0.05303996 0.18816 0.050574 0.1873469 0.05223095 0.186212 0.05206698 0.188826 0.05538398 0.188159 0.05636996 0.188832 0.05422395 0.187936 0.05538398 0.188159 0.05303996 0.18816 0.05538398 0.188159 0.05422699 0.185834 0.05619299 0.186212 0.05303996 0.18816 0.05422699 0.185834 0.05422395 0.187936 0.05538398 0.188159 0.05785697 0.1873469 0.05636996 0.188832 0.500976 0.264666 0.493981 0.326111 0.492924 0.325828 0.493981 0.203222 0.500976 0.264666 0.492924 0.203505 0.470264 0.145964 0.492924 0.203505 0.469317 0.146511 0.432536 0.09679597 0.469317 0.146511 0.431763 0.09757 0.382822 0.06001597 0.432536 0.09679597 0.431763 0.09757 0.325828 0.03640896 0.383369 0.05906796 0.382822 0.06001597 0.264666 0.02835696 0.326111 0.03535199 0.325828 0.03640896 0.203222 0.03535199 0.264666 0.02835696 0.203505 0.03640896 0.145964 0.05906796 0.203505 0.03640896 0.146511 0.06001597 0.09679597 0.09679597 0.146511 0.06001597 0.09757 0.09757 0.06001597 0.146511 0.09679597 0.09679597 0.09757 0.09757 0.03640896 0.203505 0.05906796 0.145964 0.06001597 0.146511 0.02835696 0.264666 0.03535199 0.203222 0.03640896 0.203505 0.03535199 0.326111 0.02835696 0.264666 0.03640896 0.325828 0.05906796 0.383369 0.03640896 0.325828 0.06001597 0.382822 0.09679597 0.432536 0.06001597 0.382822 0.09757 0.431763 0.146511 0.469317 0.09679597 0.432536 0.09757 0.431763 0.203505 0.492924 0.145964 0.470264 0.146511 0.469317 0.264666 0.500976 0.203222 0.493981 0.203505 0.492924 0.326111 0.493981 0.264666 0.500976 0.325828 0.492924 0.383369 0.470264 0.325828 0.492924 0.382822 0.469317 0.432536 0.432536 0.382822 0.469317 0.431763 0.431763 0.469317 0.382822 0.432536 0.432536 0.431763 0.431763 0.492924 0.325828 0.470264 0.383369 0.469317 0.382822 0.495211 0.326441 0.470264 0.383369 0.493981 0.326111 0.503344 0.264666 0.493981 0.326111 0.50207 0.264666 0.493981 0.203222 0.503344 0.264666 0.50207 0.264666 0.470264 0.145964 0.495211 0.202891 0.493981 0.203222 0.433438 0.09589499 0.470264 0.145964 0.432536 0.09679597 0.383369 0.05906796 0.433438 0.09589499 0.432536 0.09679597 0.326441 0.03412097 0.383369 0.05906796 0.326111 0.03535199 0.264666 0.02598899 0.326111 0.03535199 0.264666 0.02726298 0.203222 0.03535199 0.264666 0.02598899 0.264666 0.02726298 0.145964 0.05906796 0.202891 0.03412097 0.203222 0.03535199 0.09589499 0.09589499 0.145964 0.05906796 0.09679597 0.09679597 0.05906796 0.145964 0.09589499 0.09589499 0.09679597 0.09679597 0.03412097 0.202891 0.05906796 0.145964 0.03535199 0.203222 0.02598899 0.264666 0.03535199 0.203222 0.02726298 0.264666 0.03535199 0.326111 0.02598899 0.264666 0.02726298 0.264666 0.05906796 0.383369 0.03412097 0.326441 0.03535199 0.326111 0.09589499 0.433438 0.05906796 0.383369 0.09679597 0.432536 0.145964 0.470264 0.09589499 0.433438 0.09679597 0.432536 0.202891 0.495211 0.145964 0.470264 0.203222 0.493981 0.264666 0.503344 0.203222 0.493981 0.264666 0.50207 0.326111 0.493981 0.264666 0.503344 0.264666 0.50207 0.383369 0.470264 0.326441 0.495211 0.326111 0.493981 0.433438 0.433438 0.383369 0.470264 0.432536 0.432536 0.470264 0.383369 0.433438 0.433438 0.432536 0.432536 0.471368 0.384006 0.434404 0.434404 0.433438 0.433438 0.495211 0.326441 0.472552 0.384689 0.471368 0.384006 0.503344 0.264666 0.496533 0.326794 0.495211 0.326441 0.496533 0.202538 0.503344 0.264666 0.495211 0.202891 0.472552 0.144643 0.495211 0.202891 0.471368 0.145327 0.434404 0.09492897 0.471368 0.145327 0.433438 0.09589499 0.384006 0.05796498 0.434404 0.09492897 0.433438 0.09589499 0.326441 0.03412097 0.384689 0.05677998 0.384006 0.05796498 0.264666 0.02598899 0.326794 0.03279995 0.326441 0.03412097 0.202538 0.03279995 0.264666 0.02598899 0.202891 0.03412097 0.144643 0.05677998 0.202891 0.03412097 0.145327 0.05796498 0.09492897 0.09492897 0.145327 0.05796498 0.09589499 0.09589499 0.05796498 0.145327 0.09492897 0.09492897 0.09589499 0.09589499 0.03412097 0.202891 0.05677998 0.144643 0.05796498 0.145327 0.02598899 0.264666 0.03279995 0.202538 0.03412097 0.202891 0.03279995 0.326794 0.02598899 0.264666 0.03412097 0.326441 0.05677998 0.384689 0.03412097 0.326441 0.05796498 0.384006 0.09492897 0.434404 0.05796498 0.384006 0.09589499 0.433438 0.145327 0.471368 0.09492897 0.434404 0.09589499 0.433438 0.202891 0.495211 0.144643 0.472552 0.145327 0.471368 0.264666 0.503344 0.202538 0.496533 0.202891 0.495211 0.326794 0.496533 0.264666 0.503344 0.326441 0.495211 0.384689 0.472552 0.326441 0.495211 0.384006 0.471368 0.434404 0.434404 0.384006 0.471368 0.433438 0.433438 0.435371 0.435371 0.384689 0.472552 0.434404 0.434404 0.472552 0.384689 0.435371 0.435371 0.434404 0.434404 0.497854 0.327148 0.472552 0.384689 0.496533 0.326794 0.50608 0.264666 0.496533 0.326794 0.504712 0.264666 0.496533 0.202538 0.50608 0.264666 0.504712 0.264666 0.472552 0.144643 0.497854 0.202184 0.496533 0.202538 0.435371 0.093961 0.472552 0.144643 0.434404 0.09492897 0.384689 0.05677998 0.435371 0.093961 0.434404 0.09492897 0.327148 0.031479 0.384689 0.05677998 0.326794 0.03279995 0.264666 0.02325296 0.326794 0.03279995 0.264666 0.02462095 0.202538 0.03279995 0.264666 0.02325296 0.264666 0.02462095 0.144643 0.05677998 0.202184 0.031479 0.202538 0.03279995 0.093961 0.093961 0.144643 0.05677998 0.09492897 0.09492897 0.05677998 0.144643 0.093961 0.093961 0.09492897 0.09492897 0.031479 0.202184 0.05677998 0.144643 0.03279995 0.202538 0.02325296 0.264666 0.03279995 0.202538 0.02462095 0.264666 0.03279995 0.326794 0.02325296 0.264666 0.02462095 0.264666 0.05677998 0.384689 0.031479 0.327148 0.03279995 0.326794 0.093961 0.435371 0.05677998 0.384689 0.09492897 0.434404 0.144643 0.472552 0.093961 0.435371 0.09492897 0.434404 0.202184 0.497854 0.144643 0.472552 0.202538 0.496533 0.264666 0.50608 0.202538 0.496533 0.264666 0.504712 0.326794 0.496533 0.264666 0.50608 0.264666 0.504712 0.384689 0.472552 0.327148 0.497854 0.326794 0.496533 0.385373 0.473736 0.327479 0.499084 0.327148 0.497854 0.436273 0.436273 0.385373 0.473736 0.435371 0.435371 0.473736 0.385373 0.436273 0.436273 0.435371 0.435371 0.499084 0.327479 0.473736 0.385373 0.497854 0.327148 0.507354 0.264666 0.497854 0.327148 0.50608 0.264666 0.497854 0.202184 0.507354 0.264666 0.50608 0.264666 0.473736 0.1439599 0.499084 0.201854 0.497854 0.202184 0.436273 0.09305995 0.473736 0.1439599 0.435371 0.093961 0.385373 0.05559599 0.436273 0.09305995 0.435371 0.093961 0.327479 0.03024798 0.385373 0.05559599 0.327148 0.031479 0.264666 0.02197796 0.327148 0.031479 0.264666 0.02325296 0.202184 0.031479 0.264666 0.02197796 0.264666 0.02325296 0.1439599 0.05559599 0.201854 0.03024798 0.202184 0.031479 0.09305995 0.09305995 0.1439599 0.05559599 0.093961 0.093961 0.05559599 0.1439599 0.09305995 0.09305995 0.093961 0.093961 0.03024798 0.201854 0.05559599 0.1439599 0.031479 0.202184 0.02197796 0.264666 0.031479 0.202184 0.02325296 0.264666 0.031479 0.327148 0.02197796 0.264666 0.02325296 0.264666 0.05559599 0.385373 0.03024798 0.327479 0.031479 0.327148 0.09305995 0.436273 0.05559599 0.385373 0.093961 0.435371 0.1439599 0.473736 0.09305995 0.436273 0.093961 0.435371 0.201854 0.499084 0.1439599 0.473736 0.202184 0.497854 0.264666 0.507354 0.202184 0.497854 0.264666 0.50608 0.327148 0.497854 0.264666 0.507354 0.264666 0.50608 0.327762 0.500142 0.264666 0.507354 0.327479 0.499084 0.386557 0.475788 0.327479 0.499084 0.38601 0.47484 0.437046 0.437046 0.38601 0.47484 0.436273 0.436273 0.47484 0.38601 0.437046 0.437046 0.436273 0.436273 0.499084 0.327479 0.475788 0.386557 0.47484 0.38601 0.507354 0.264666 0.500142 0.327762 0.499084 0.327479 0.500142 0.201571 0.507354 0.264666 0.499084 0.201854 0.475788 0.142776 0.499084 0.201854 0.47484 0.143323 0.437046 0.092287 0.47484 0.143323 0.436273 0.09305995 0.38601 0.05449295 0.437046 0.092287 0.436273 0.09305995 0.327479 0.03024798 0.386557 0.05354499 0.38601 0.05449295 0.264666 0.02197796 0.327762 0.02919095 0.327479 0.03024798 0.201571 0.02919095 0.264666 0.02197796 0.201854 0.03024798 0.142776 0.05354499 0.201854 0.03024798 0.143323 0.05449295 0.092287 0.092287 0.143323 0.05449295 0.09305995 0.09305995 0.05449295 0.143323 0.092287 0.092287 0.09305995 0.09305995 0.03024798 0.201854 0.05354499 0.142776 0.05449295 0.143323 0.02197796 0.264666 0.02919095 0.201571 0.03024798 0.201854 0.02919095 0.327762 0.02197796 0.264666 0.03024798 0.327479 0.05354499 0.386557 0.03024798 0.327479 0.05449295 0.38601 0.092287 0.437046 0.05449295 0.38601 0.09305995 0.436273 0.143323 0.47484 0.092287 0.437046 0.09305995 0.436273 0.201854 0.499084 0.142776 0.475788 0.143323 0.47484 0.264666 0.507354 0.201571 0.500142 0.201854 0.499084 0.10289 0.648887 0.101795 0.585575 0.10289 0.585791 0.101795 0.712199 0.10289 0.648887 0.10289 0.711982 0.101795 0.771198 0.10289 0.711982 0.10289 0.770778 0.10289 0.821267 0.101795 0.771198 0.10289 0.770778 0.723545 0.557546 0.773614 0.55864 0.723125 0.55864 0.66433 0.55864 0.723545 0.557546 0.723125 0.55864 0.601235 0.55864 0.664547 0.557546 0.66433 0.55864 0.537922 0.557546 0.601235 0.55864 0.538139 0.55864 0.478924 0.557546 0.538139 0.55864 0.479344 0.55864 0.428855 0.55864 0.478924 0.557546 0.479344 0.55864 0.403196 0.138027 0.402102 0.08795797 0.402102 0.1384479 0.402102 0.197243 0.403196 0.138027 0.402102 0.1384479 0.402102 0.260338 0.403196 0.197026 0.402102 0.197243 0.403196 0.32365 0.402102 0.260338 0.402102 0.323434 0.403196 0.382649 0.402102 0.323434 0.402102 0.382229 0.402102 0.432718 0.403196 0.382649 0.402102 0.382229 0.717436 0.04519397 0.767505 0.04409897 0.717016 0.04409897 0.658221 0.04409897 0.717436 0.04519397 0.717016 0.04409897 0.595125 0.04409897 0.658438 0.04519397 0.658221 0.04409897 0.531813 0.04519397 0.595125 0.04409897 0.53203 0.04409897 0.472815 0.04519397 0.53203 0.04409897 0.473235 0.04409897 0.422746 0.04409897 0.472815 0.04519397 0.473235 0.04409897 0.101795 0.526576 0.10289 0.476507 0.10289 0.526996 0.10289 0.585791 0.101795 0.526576 0.10289 0.526996 0.100521 0.585437 0.101795 0.526576 0.101795 0.585575 0.100521 0.648887 0.101795 0.585575 0.101795 0.648887 0.101795 0.712199 0.100521 0.648887 0.101795 0.648887 0.101795 0.771198 0.100521 0.712336 0.101795 0.712199 0.101795 0.82186 0.100521 0.771462 0.101795 0.771198 0.72381 0.556272 0.774208 0.557546 0.723545 0.557546 0.664684 0.556272 0.723545 0.557546 0.664547 0.557546 0.601235 0.556272 0.664547 0.557546 0.601235 0.557546 0.537922 0.557546 0.601235 0.556272 0.601235 0.557546 0.478924 0.557546 0.537785 0.556272 0.537922 0.557546 0.428261 0.557546 0.47866 0.556272 0.478924 0.557546 0.404471 0.137763 0.403196 0.08736497 0.403196 0.138027 0.404471 0.196889 0.403196 0.138027 0.403196 0.197026 0.404471 0.260338 0.403196 0.197026 0.403196 0.260338 0.403196 0.32365 0.404471 0.260338 0.403196 0.260338 0.403196 0.382649 0.404471 0.323788 0.403196 0.32365 0.403196 0.433312 0.404471 0.382913 0.403196 0.382649 0.7177 0.04646795 0.768099 0.04519397 0.717436 0.04519397 0.658575 0.04646795 0.717436 0.04519397 0.658438 0.04519397 0.595125 0.04646795 0.658438 0.04519397 0.595125 0.04519397 0.531813 0.04519397 0.595125 0.04646795 0.595125 0.04519397 0.472815 0.04519397 0.531676 0.04646795 0.531813 0.04519397 0.422152 0.04519397 0.47255 0.04646795 0.472815 0.04519397 0.100521 0.526312 0.101795 0.475913 0.101795 0.526576 0.100521 0.526312 0.09915298 0.475413 0.100521 0.47554 0.100521 0.585437 0.09915298 0.526222 0.100521 0.526312 0.100521 0.648887 0.09915298 0.585391 0.100521 0.585437 0.09915298 0.712383 0.100521 0.648887 0.100521 0.712336 0.09915298 0.771552 0.100521 0.712336 0.100521 0.771462 0.09915298 0.822361 0.100521 0.771462 0.100521 0.822234 0.72381 0.556272 0.774709 0.554904 0.774582 0.556272 0.664684 0.556272 0.7239 0.554904 0.72381 0.556272 0.601235 0.556272 0.664731 0.554904 0.664684 0.556272 0.537739 0.554904 0.601235 0.556272 0.537785 0.556272 0.47857 0.554904 0.537785 0.556272 0.47866 0.556272 0.427761 0.554904 0.47866 0.556272 0.427887 0.556272 0.404471 0.137763 0.405838 0.08686399 0.40447 0.08699095 0.404471 0.196889 0.405838 0.137673 0.404471 0.137763 0.404471 0.260338 0.405838 0.196842 0.404471 0.196889 0.405838 0.323834 0.404471 0.260338 0.404471 0.323788 0.405838 0.383003 0.404471 0.323788 0.404471 0.382913 0.405838 0.433812 0.404471 0.382913 0.40447 0.433685 0.7177 0.04646795 0.768599 0.04783594 0.768472 0.04646795 0.658575 0.04646795 0.71779 0.04783594 0.7177 0.04646795 0.595125 0.04646795 0.658621 0.04783594 0.658575 0.04646795 0.531629 0.04783594 0.595125 0.04646795 0.531676 0.04646795 0.47246 0.04783594 0.531676 0.04646795 0.47255 0.04646795 0.421651 0.04783594 0.47255 0.04646795 0.421778 0.04646795 0.421651 0.04783594 0.47255 0.04920399 0.47246 0.04783594 0.097786 0.526312 0.09915298 0.475413 0.09915298 0.526222 0.097786 0.585437 0.09915298 0.526222 0.09915298 0.585391 0.097786 0.648887 0.09915298 0.585391 0.09915298 0.648887 0.09915298 0.712383 0.097786 0.648887 0.09915298 0.648887 0.09915298 0.771552 0.097786 0.712336 0.09915298 0.712383 0.09915298 0.822361 0.097786 0.771462 0.09915298 0.771552 0.72381 0.553536 0.774709 0.554904 0.7239 0.554904 0.664684 0.553536 0.7239 0.554904 0.664731 0.554904 0.601235 0.553536 0.664731 0.554904 0.601235 0.554904 0.537739 0.554904 0.601235 0.553536 0.601235 0.554904 0.47857 0.554904 0.537785 0.553536 0.537739 0.554904 0.427761 0.554904 0.47866 0.553536 0.47857 0.554904 0.407206 0.137763 0.405838 0.08686399 0.405838 0.137673 0.407206 0.196889 0.405838 0.137673 0.405838 0.196842 0.407206 0.260338 0.405838 0.196842 0.405838 0.260338 0.405838 0.323834 0.407206 0.260338 0.405838 0.260338 0.405838 0.383003 0.407206 0.323788 0.405838 0.323834 0.405838 0.433812 0.407206 0.382913 0.405838 0.383003 0.7177 0.04920399 0.768599 0.04783594 0.71779 0.04783594 0.658575 0.04920399 0.71779 0.04783594 0.658621 0.04783594 0.595125 0.04920399 0.658621 0.04783594 0.595125 0.04783594 0.531629 0.04783594 0.595125 0.04920399 0.595125 0.04783594 0.47246 0.04783594 0.531676 0.04920399 0.531629 0.04783594 0.472815 0.05047798 0.531676 0.04920399 0.47255 0.04920399 0.422152 0.05047798 0.47255 0.04920399 0.421778 0.04920399 0.097786 0.526312 0.096511 0.475913 0.09778499 0.47554 0.097786 0.585437 0.096511 0.526576 0.097786 0.526312 0.097786 0.648887 0.096511 0.585575 0.097786 0.585437 0.096511 0.712199 0.097786 0.648887 0.097786 0.712336 0.096511 0.771198 0.097786 0.712336 0.097786 0.771462 0.096511 0.82186 0.097786 0.771462 0.09778499 0.822234 0.72381 0.553536 0.774208 0.552262 0.774582 0.553536 0.664684 0.553536 0.723545 0.552262 0.72381 0.553536 0.601235 0.553536 0.664547 0.552262 0.664684 0.553536 0.537922 0.552262 0.601235 0.553536 0.537785 0.553536 0.478924 0.552262 0.537785 0.553536 0.47866 0.553536 0.428261 0.552262 0.47866 0.553536 0.427887 0.553536 0.407206 0.137763 0.40848 0.08736497 0.407206 0.08699095 0.407206 0.196889 0.40848 0.138027 0.407206 0.137763 0.407206 0.260338 0.40848 0.197026 0.407206 0.196889 0.40848 0.32365 0.407206 0.260338 0.407206 0.323788 0.40848 0.382649 0.407206 0.323788 0.407206 0.382913 0.40848 0.433312 0.407206 0.382913 0.407206 0.433685 0.7177 0.04920399 0.768099 0.05047798 0.768472 0.04920399 0.658575 0.04920399 0.717436 0.05047798 0.7177 0.04920399 0.595125 0.04920399 0.658438 0.05047798 0.658575 0.04920399 0.531813 0.05047798 0.595125 0.04920399 0.531676 0.04920399 0.531813 0.05047798 0.595125 0.05157196 0.595125 0.05047798 0.472815 0.05047798 0.53203 0.05157196 0.531813 0.05047798 0.422746 0.05157196 0.472815 0.05047798 0.422152 0.05047798 0.096511 0.526576 0.09541696 0.476507 0.096511 0.475913 0.09541696 0.585791 0.096511 0.526576 0.096511 0.585575 0.09541696 0.648887 0.096511 0.585575 0.096511 0.648887 0.096511 0.712199 0.09541696 0.648887 0.096511 0.648887 0.096511 0.771198 0.09541696 0.711982 0.096511 0.712199 0.09541696 0.821267 0.096511 0.771198 0.096511 0.82186 0.723545 0.552262 0.773614 0.551167 0.774208 0.552262 0.66433 0.551167 0.723545 0.552262 0.664547 0.552262 0.601235 0.551167 0.664547 0.552262 0.601235 0.552262 0.537922 0.552262 0.601235 0.551167 0.601235 0.552262 0.478924 0.552262 0.538139 0.551167 0.537922 0.552262 0.428855 0.551167 0.478924 0.552262 0.428261 0.552262 0.40848 0.138027 0.409575 0.08795797 0.40848 0.08736497 0.409575 0.197243 0.40848 0.138027 0.40848 0.197026 0.409575 0.260338 0.40848 0.197026 0.40848 0.260338 0.40848 0.32365 0.409575 0.260338 0.40848 0.260338 0.40848 0.382649 0.409575 0.323434 0.40848 0.32365 0.409575 0.432718 0.40848 0.382649 0.40848 0.433312 0.717436 0.05047798 0.767505 0.05157196 0.768099 0.05047798 0.658221 0.05157196 0.717436 0.05047798 0.658438 0.05047798 0.595125 0.05157196 0.658438 0.05047798 0.595125 0.05047798 0.882463 0.638553 0.87525 0.701648 0.883557 0.638553 0.87525 0.575457 0.882463 0.638553 0.883557 0.638553 0.850896 0.516662 0.874193 0.57574 0.87525 0.575457 0.812154 0.466173 0.849948 0.517209 0.850896 0.516662 0.761118 0.428379 0.812154 0.466173 0.761665 0.427431 0.702587 0.404135 0.761665 0.427431 0.70287 0.403078 0.639775 0.395865 0.70287 0.403078 0.639775 0.394771 0.576679 0.403078 0.639775 0.395865 0.639775 0.394771 0.517884 0.427431 0.576962 0.404135 0.576679 0.403078 0.467395 0.466173 0.518431 0.428379 0.517884 0.427431 0.429601 0.517209 0.467395 0.466173 0.428653 0.516662 0.405357 0.57574 0.428653 0.516662 0.404299 0.575457 0.397087 0.638553 0.404299 0.575457 0.395992 0.638553 0.404299 0.701648 0.397087 0.638553 0.395992 0.638553 0.428653 0.760443 0.405357 0.701365 0.404299 0.701648 0.467395 0.810933 0.429601 0.759896 0.428653 0.760443 0.518431 0.848727 0.467395 0.810933 0.517884 0.849674 0.576962 0.872971 0.517884 0.849674 0.576679 0.874028 0.639775 0.881241 0.576679 0.874028 0.639775 0.882335 0.70287 0.874028 0.639775 0.881241 0.639775 0.882335 0.761665 0.849674 0.702587 0.872971 0.70287 0.874028 0.812154 0.810933 0.761118 0.848727 0.761665 0.849674 0.849948 0.759896 0.812154 0.810933 0.850896 0.760443 0.874193 0.701365 0.850896 0.760443 0.87525 0.701648 0.874193 0.701365 0.848845 0.759259 0.849948 0.759896 0.882463 0.638553 0.872962 0.701035 0.874193 0.701365 0.872962 0.576071 0.882463 0.638553 0.874193 0.57574 0.848845 0.517846 0.874193 0.57574 0.849948 0.517209 0.811381 0.466946 0.848845 0.517846 0.849948 0.517209 0.760481 0.429483 0.811381 0.466946 0.761118 0.428379 0.702587 0.404135 0.760481 0.429483 0.761118 0.428379 0.639775 0.395865 0.702257 0.405366 0.702587 0.404135 0.577293 0.405366 0.639775 0.395865 0.576962 0.404135 0.519068 0.429483 0.576962 0.404135 0.518431 0.428379 0.468168 0.466946 0.519068 0.429483 0.518431 0.428379 0.430704 0.517846 0.468168 0.466946 0.429601 0.517209 0.405357 0.57574 0.430704 0.517846 0.429601 0.517209 0.397087 0.638553 0.406587 0.576071 0.405357 0.57574 0.406587 0.701035 0.397087 0.638553 0.405357 0.701365 0.430704 0.759259 0.405357 0.701365 0.429601 0.759896 0.468168 0.810159 0.430704 0.759259 0.429601 0.759896 0.519068 0.847623 0.468168 0.810159 0.518431 0.848727 0.576962 0.872971 0.519068 0.847623 0.518431 0.848727 0.639775 0.881241 0.577293 0.87174 0.576962 0.872971 0.702257 0.87174 0.639775 0.881241 0.702587 0.872971 0.760481 0.847623 0.702587 0.872971 0.761118 0.848727 0.811381 0.810159 0.760481 0.847623 0.761118 0.848727 0.848845 0.759259 0.811381 0.810159 0.849948 0.759896 0.847661 0.758576 0.81048 0.809258 0.848845 0.759259 0.872962 0.701035 0.847661 0.758576 0.848845 0.759259 0.881188 0.638553 0.871641 0.700681 0.872962 0.701035 0.871641 0.576425 0.881188 0.638553 0.872962 0.576071 0.847661 0.51853 0.872962 0.576071 0.848845 0.517846 0.81048 0.467848 0.847661 0.51853 0.848845 0.517846 0.759798 0.430667 0.81048 0.467848 0.760481 0.429483 0.702257 0.405366 0.759798 0.430667 0.760481 0.429483 0.639775 0.397139 0.701903 0.406686 0.702257 0.405366 0.577647 0.406686 0.639775 0.397139 0.577293 0.405366 0.519752 0.430667 0.577293 0.405366 0.519068 0.429483 0.46907 0.467848 0.519752 0.430667 0.519068 0.429483 0.431889 0.51853 0.46907 0.467848 0.430704 0.517846 0.406587 0.576071 0.431889 0.51853 0.430704 0.517846 0.398361 0.638553 0.407908 0.576425 0.406587 0.576071 0.407908 0.700681 0.398361 0.638553 0.406587 0.701035 0.431889 0.758576 0.406587 0.701035 0.430704 0.759259 0.46907 0.809258 0.431889 0.758576 0.430704 0.759259 0.519752 0.846439 0.46907 0.809258 0.519068 0.847623 0.577293 0.87174 0.519752 0.846439 0.519068 0.847623 0.639775 0.879967 0.577647 0.87042 0.577293 0.87174 0.701903 0.87042 0.639775 0.879967 0.702257 0.87174 0.759798 0.846439 0.702257 0.87174 0.760481 0.847623 0.81048 0.809258 0.759798 0.846439 0.760481 0.847623 0.809512 0.80829 0.759114 0.845254 0.759798 0.846439 0.846476 0.757892 0.809512 0.80829 0.847661 0.758576 0.87032 0.700328 0.847661 0.758576 0.871641 0.700681 0.878452 0.638553 0.871641 0.700681 0.879821 0.638553 0.871641 0.576425 0.878452 0.638553 0.879821 0.638553 0.847661 0.51853 0.87032 0.576778 0.871641 0.576425 0.809512 0.468815 0.846476 0.519213 0.847661 0.51853 0.759114 0.431851 0.809512 0.468815 0.759798 0.430667 0.70155 0.408008 0.759798 0.430667 0.701903 0.406686 0.639775 0.399875 0.701903 0.406686 0.639775 0.398507 0.577647 0.406686 0.639775 0.399875 0.639775 0.398507 0.519752 0.430667 0.578 0.408008 0.577647 0.406686 0.470037 0.468815 0.520435 0.431851 0.519752 0.430667 0.433073 0.519213 0.470037 0.468815 0.431889 0.51853 0.409229 0.576778 0.431889 0.51853 0.407908 0.576425 0.401097 0.638553 0.407908 0.576425 0.399729 0.638553 0.407908 0.700681 0.401097 0.638553 0.399729 0.638553 0.431889 0.758576 0.409229 0.700328 0.407908 0.700681 0.470037 0.80829 0.433073 0.757892 0.431889 0.758576 0.520435 0.845254 0.470037 0.80829 0.519752 0.846439 0.578 0.869098 0.519752 0.846439 0.577647 0.87042 0.639775 0.877231 0.577647 0.87042 0.639775 0.878599 0.701903 0.87042 0.639775 0.877231 0.639775 0.878599 0.759798 0.846439 0.70155 0.869098 0.701903 0.87042 0.758477 0.844151 0.70155 0.869098 0.759114 0.845254 0.808546 0.807324 0.758477 0.844151 0.759114 0.845254 0.845373 0.757255 0.808546 0.807324 0.846476 0.757892 0.87032 0.700328 0.845373 0.757255 0.846476 0.757892 0.878452 0.638553 0.869089 0.699997 0.87032 0.700328 0.869089 0.577108 0.878452 0.638553 0.87032 0.576778 0.845373 0.51985 0.87032 0.576778 0.846476 0.519213 0.808546 0.469781 0.845373 0.51985 0.846476 0.519213 0.758477 0.432955 0.808546 0.469781 0.759114 0.431851 0.70155 0.408008 0.758477 0.432955 0.759114 0.431851 0.639775 0.399875 0.701219 0.409238 0.70155 0.408008 0.57833 0.409238 0.639775 0.399875 0.578 0.408008 0.521072 0.432955 0.578 0.408008 0.520435 0.431851 0.471003 0.469781 0.521072 0.432955 0.520435 0.431851 0.434177 0.51985 0.471003 0.469781 0.433073 0.519213 0.409229 0.576778 0.434177 0.51985 0.433073 0.519213 0.401097 0.638553 0.41046 0.577108 0.409229 0.576778 0.41046 0.699997 0.401097 0.638553 0.409229 0.700328 0.434177 0.757255 0.409229 0.700328 0.433073 0.757892 0.471003 0.807324 0.434177 0.757255 0.433073 0.757892 0.521072 0.844151 0.471003 0.807324 0.520435 0.845254 0.578 0.869098 0.521072 0.844151 0.520435 0.845254 0.639775 0.877231 0.57833 0.867867 0.578 0.869098 0.701219 0.867867 0.639775 0.877231 0.70155 0.869098 0.701219 0.867867 0.639775 0.874862 0.639775 0.875957 0.758477 0.844151 0.700936 0.86681 0.701219 0.867867 0.807645 0.806423 0.75793 0.843203 0.758477 0.844151 0.844425 0.756708 0.807645 0.806423 0.845373 0.757255 0.868032 0.699714 0.845373 0.757255 0.869089 0.699997 0.876084 0.638553 0.869089 0.699997 0.877178 0.638553 0.869089 0.577108 0.876084 0.638553 0.877178 0.638553 0.845373 0.51985 0.868032 0.577391 0.869089 0.577108 0.807645 0.470683 0.844425 0.520398 0.845373 0.51985 0.75793 0.433903 0.807645 0.470683 0.758477 0.432955 0.700936 0.410296 0.758477 0.432955 0.701219 0.409238 0.639775 0.402243 0.701219 0.409238 0.639775 0.401149 0.57833 0.409238 0.639775 0.402243 0.639775 0.401149 0.521072 0.432955 0.578613 0.410296 0.57833 0.409238 0.471905 0.470683 0.521619 0.433903 0.521072 0.432955 0.435125 0.520398 0.471905 0.470683 0.434177 0.51985 0.411517 0.577391 0.434177 0.51985 0.41046 0.577108 0.403465 0.638553 0.41046 0.577108 0.402371 0.638553 0.41046 0.699997 0.403465 0.638553 0.402371 0.638553 0.434177 0.757255 0.411517 0.699714 0.41046 0.699997 0.471905 0.806423 0.435125 0.756708 0.434177 0.757255 0.521619 0.843203 0.471905 0.806423 0.521072 0.844151 0.578613 0.86681 0.521072 0.844151 0.57833 0.867867 0.639775 0.874862 0.57833 0.867867 0.639775 0.875957 0.534062 0.223414 0.535156 0.284358 0.534062 0.284576 0.535156 0.1624709 0.534062 0.223414 0.534062 0.162253 0.535156 0.105679 0.534062 0.162253 0.534062 0.105259 0.535156 0.056912 0.534062 0.105259 0.534062 0.05631798 0.470593 0.56583 0.422246 0.566924 0.421651 0.56583 0.527586 0.56583 0.471013 0.566924 0.470593 0.56583 0.588748 0.56583 0.527804 0.566924 0.527586 0.56583 0.649692 0.566924 0.588748 0.56583 0.64991 0.56583 0.706483 0.566924 0.64991 0.56583 0.706903 0.56583 0.75525 0.566924 0.706903 0.56583 0.755845 0.56583 0.115108 0.770439 0.114014 0.818786 0.115108 0.819381 0.115108 0.713446 0.114014 0.770019 0.115108 0.770439 0.115108 0.652284 0.114014 0.713228 0.115108 0.713446 0.114014 0.59134 0.115108 0.652284 0.115108 0.591123 0.114014 0.534549 0.115108 0.591123 0.115108 0.534129 0.114014 0.485782 0.115108 0.534129 0.115108 0.485188 0.39606 0.01247298 0.347713 0.011379 0.347118 0.01247298 0.453053 0.01247298 0.39648 0.011379 0.39606 0.01247298 0.514215 0.01247298 0.453271 0.011379 0.453053 0.01247298 0.575159 0.011379 0.514215 0.01247298 0.575377 0.01247298 0.63195 0.011379 0.575377 0.01247298 0.63237 0.01247298 0.680717 0.011379 0.63237 0.01247298 0.681312 0.01247298 0.534062 0.34157 0.535156 0.389916 0.534062 0.390511 0.534062 0.284576 0.535156 0.341149 0.534062 0.34157 0.53643 0.284222 0.535156 0.341149 0.535156 0.284358 0.53643 0.223414 0.535156 0.284358 0.535156 0.223414 0.535156 0.1624709 0.53643 0.223414 0.535156 0.223414 0.535156 0.105679 0.53643 0.162607 0.535156 0.1624709 0.53643 0.05728495 0.535156 0.105679 0.535156 0.056912 0.471013 0.566924 0.422619 0.568198 0.422246 0.566924 0.52794 0.568198 0.471013 0.566924 0.527804 0.566924 0.588748 0.568198 0.527804 0.566924 0.588748 0.566924 0.649692 0.566924 0.588748 0.568198 0.588748 0.566924 0.706483 0.566924 0.649555 0.568198 0.649692 0.566924 0.754877 0.568198 0.706483 0.566924 0.75525 0.566924 0.114014 0.770019 0.11274 0.818413 0.114014 0.818786 0.112739 0.713092 0.114014 0.770019 0.114014 0.713228 0.112739 0.652284 0.114014 0.713228 0.114014 0.652284 0.114014 0.59134 0.112739 0.652284 0.114014 0.652284 0.114014 0.534549 0.112739 0.591477 0.114014 0.59134 0.11274 0.486155 0.114014 0.534549 0.114014 0.485782 0.39648 0.011379 0.348086 0.010104 0.347713 0.011379 0.453407 0.010104 0.39648 0.011379 0.453271 0.011379 0.514215 0.010104 0.453271 0.011379 0.514215 0.011379 0.575159 0.011379 0.514215 0.010104 0.514215 0.011379 0.63195 0.011379 0.575022 0.010104 0.575159 0.011379 0.680344 0.010104 0.63195 0.011379 0.680717 0.011379 0.535156 0.341149 0.53643 0.389544 0.535156 0.389916 0.537798 0.340795 0.53643 0.389544 0.53643 0.340885 0.537798 0.284175 0.53643 0.340885 0.53643 0.284222 0.537798 0.223414 0.53643 0.284222 0.53643 0.223414 0.53643 0.162607 0.537798 0.223414 0.53643 0.223414 0.53643 0.105944 0.537798 0.162653 0.53643 0.162607 0.53643 0.05728495 0.537798 0.106034 0.53643 0.105944 0.471367 0.569566 0.422619 0.568198 0.471277 0.568198 0.527987 0.569566 0.471277 0.568198 0.52794 0.568198 0.588748 0.569566 0.52794 0.568198 0.588748 0.568198 0.649555 0.568198 0.588748 0.569566 0.588748 0.568198 0.706219 0.568198 0.649509 0.569566 0.649555 0.568198 0.754877 0.568198 0.706129 0.569566 0.706219 0.568198 0.111372 0.769665 0.11274 0.818413 0.112739 0.769755 0.111372 0.713045 0.112739 0.769755 0.112739 0.713092 0.111372 0.652284 0.112739 0.713092 0.112739 0.652284 0.112739 0.591477 0.111372 0.652284 0.112739 0.652284 0.112739 0.534814 0.111372 0.591523 0.112739 0.591477 0.11274 0.486155 0.111372 0.534903 0.112739 0.534814 0.396834 0.008735954 0.348086 0.010104 0.396744 0.010104 0.453454 0.008735954 0.396744 0.010104 0.453407 0.010104 0.514215 0.008735954 0.453407 0.010104 0.514215 0.010104 0.575022 0.010104 0.514215 0.008735954 0.514215 0.010104 0.631686 0.010104 0.574976 0.008735954 0.575022 0.010104 0.680344 0.010104 0.631596 0.008735954 0.631686 0.010104 0.680344 0.007367968 0.631596 0.008735954 0.680217 0.008735954 0.537798 0.340795 0.539166 0.389544 0.537798 0.389417 0.537798 0.284175 0.539165 0.340885 0.537798 0.340795 0.537798 0.223414 0.539165 0.284222 0.537798 0.284175 0.539165 0.162607 0.537798 0.223414 0.537798 0.162653 0.539165 0.105944 0.537798 0.162653 0.537798 0.106034 0.539166 0.05728495 0.537798 0.106034 0.537798 0.05741196 0.471367 0.569566 0.422619 0.570934 0.422746 0.569566 0.527987 0.569566 0.471277 0.570934 0.471367 0.569566 0.588748 0.569566 0.52794 0.570934 0.527987 0.569566 0.649555 0.570934 0.588748 0.569566 0.649509 0.569566 0.706219 0.570934 0.649509 0.569566 0.706129 0.569566 0.754877 0.570934 0.706129 0.569566 0.75475 0.569566 0.111372 0.769665 0.110004 0.818413 0.111372 0.818286 0.111372 0.713045 0.110004 0.769755 0.111372 0.769665 0.111372 0.652284 0.110004 0.713092 0.111372 0.713045 0.110004 0.591477 0.111372 0.652284 0.111372 0.591523 0.110004 0.534814 0.111372 0.591523 0.111372 0.534903 0.110004 0.486155 0.111372 0.534903 0.111372 0.486282 0.396834 0.008735954 0.348086 0.007367968 0.348213 0.008735954 0.453454 0.008735954 0.396744 0.007367968 0.396834 0.008735954 0.514215 0.008735954 0.453407 0.007367968 0.453454 0.008735954 0.575022 0.007367968 0.514215 0.008735954 0.574976 0.008735954 0.631686 0.007367968 0.574976 0.008735954 0.631596 0.008735954 0.63195 0.006093978 0.575022 0.007367968 0.631686 0.007367968 0.680344 0.007367968 0.63195 0.006093978 0.631686 0.007367968 0.54044 0.341149 0.539166 0.389544 0.539165 0.340885 0.539165 0.284222 0.54044 0.341149 0.539165 0.340885 0.539165 0.223414 0.54044 0.284358 0.539165 0.284222 0.54044 0.1624709 0.539165 0.223414 0.539165 0.162607 0.54044 0.105679 0.539165 0.162607 0.539165 0.105944 0.539166 0.05728495 0.54044 0.105679 0.539165 0.105944 0.471013 0.572208 0.422619 0.570934 0.471277 0.570934 0.52794 0.570934 0.471013 0.572208 0.471277 0.570934 0.588748 0.570934 0.527804 0.572208 0.52794 0.570934 0.649692 0.572208 0.588748 0.570934 0.649555 0.570934 0.706483 0.572208 0.649555 0.570934 0.706219 0.570934 0.754877 0.570934 0.706483 0.572208 0.706219 0.570934 0.10873 0.770019 0.110004 0.818413 0.110004 0.769755 0.110004 0.713092 0.10873 0.770019 0.110004 0.769755 0.110004 0.652284 0.10873 0.713228 0.110004 0.713092 0.10873 0.59134 0.110004 0.652284 0.110004 0.591477 0.10873 0.534549 0.110004 0.591477 0.110004 0.534814 0.110004 0.486155 0.10873 0.534549 0.110004 0.534814 0.39648 0.006093978 0.348086 0.007367968 0.396744 0.007367968 0.453407 0.007367968 0.39648 0.006093978 0.396744 0.007367968 0.514215 0.007367968 0.453271 0.006093978 0.453407 0.007367968 0.575159 0.006093978 0.514215 0.007367968 0.575022 0.007367968 0.575159 0.006093978 0.514215 0.004999995 0.514215 0.006093978 0.63195 0.006093978 0.575377 0.004999995 0.575159 0.006093978 0.680717 0.006093978 0.63237 0.004999995 0.63195 0.006093978 0.541535 0.34157 0.54044 0.389916 0.54044 0.341149 0.541535 0.284576 0.54044 0.341149 0.54044 0.284358 0.541535 0.223414 0.54044 0.284358 0.54044 0.223414 0.54044 0.1624709 0.541535 0.223414 0.54044 0.223414 0.54044 0.105679 0.541535 0.162253 0.54044 0.1624709 0.54044 0.056912 0.541535 0.105259 0.54044 0.105679 0.470593 0.573303 0.422246 0.572208 0.471013 0.572208 0.527586 0.573303 0.471013 0.572208 0.527804 0.572208 0.588748 0.573303 0.527804 0.572208 0.588748 0.572208 0.649692 0.572208 0.588748 0.573303 0.588748 0.572208 0.706483 0.572208 0.64991 0.573303 0.649692 0.572208 0.75525 0.572208 0.706903 0.573303 0.706483 0.572208 0.107636 0.770439 0.10873 0.818786 0.10873 0.770019 0.107636 0.713446 0.10873 0.770019 0.10873 0.713228 0.107636 0.652284 0.10873 0.713228 0.10873 0.652284 0.10873 0.59134 0.107636 0.652284 0.10873 0.652284 0.10873 0.534549 0.107636 0.591123 0.10873 0.59134 0.10873 0.485782 0.107636 0.534129 0.10873 0.534549 0.39606 0.004999995 0.347713 0.006093978 0.39648 0.006093978 0.453053 0.004999995 0.39648 0.006093978 0.453271 0.006093978 0.514215 0.004999995 0.453271 0.006093978 0.514215 0.006093978 0.238572 0.45494 0.23593 0.03676795 0.23593 0.45494 0.122495 0.49374 0.123817 0.911913 0.123817 0.49374 0.119854 0.49374 0.122495 0.911913 0.122495 0.49374 0.128407 0.49985 0.13105 0.918022 0.13105 0.49985 0.140823 0.921687 0.142145 0.503515 0.142145 0.921687 0.138182 0.921687 0.140823 0.503515 0.140823 0.921687 0.349761 0.990113 0.349761 0.520621 0.347118 0.520621 0.1860319 0.523065 0.1860319 0.992556 0.187353 0.992556 0.18339 0.523065 0.18339 0.992556 0.1860319 0.992556 0.194387 0.525509 0.194387 0.995 0.19703 0.995 0.333876 0.995 0.333876 0.525509 0.335197 0.525509 0.331234 0.995 0.331234 0.525509 0.333876 0.525509 0.480797 0.507506 0.475912 0.507506 0.475912 0.491297 0.592517 0.507506 0.480797 0.507506 0.480797 0.491297 0.595278 0.507506 0.592517 0.507506 0.592517 0.491297 0.302236 0.368681 0.302236 0.372186 0.286026 0.372186 0.302236 0.364539 0.302236 0.368681 0.286026 0.368681 0.302236 0.360397 0.302236 0.364539 0.286026 0.364539 0.302236 0.356893 0.302236 0.360397 0.286026 0.360397 0.05737894 0.337344 0.05387395 0.337344 0.05387395 0.353553 0.06151998 0.337344 0.05737894 0.337344 0.05737894 0.353553 0.192142 0.337344 0.06151998 0.337344 0.06151998 0.353553 0.196285 0.337344 0.192142 0.337344 0.192142 0.353553 0.199789 0.337344 0.196285 0.337344 0.196285 0.353553 0.306797 0.368682 0.306797 0.372186 0.323007 0.372186 0.306797 0.364539 0.306797 0.368682 0.323007 0.368682 0.306797 0.360398 0.306797 0.364539 0.323007 0.364539 0.306797 0.356893 0.306797 0.360398 0.323007 0.360398 0.08181595 0.39754 0.07831096 0.39754 0.07831096 0.38133 0.08595699 0.39754 0.08181595 0.39754 0.08181595 0.38133 0.182915 0.39754 0.08595699 0.39754 0.08595699 0.38133 0.41432 0.357458 0.41432 0.420751 0.43053 0.420751 0.41432 0.356926 0.41432 0.357458 0.43053 0.357458 0.41432 0.353846 0.41432 0.356926 0.43053 0.356926 0.41432 0.349811 0.41432 0.353846 0.43053 0.353846 0.41432 0.345775 0.41432 0.349811 0.43053 0.349811 0.41432 0.342231 0.41432 0.345775 0.43053 0.345775 0.467841 0.507506 0.464416 0.507506 0.464416 0.491297 0.471877 0.507506 0.467841 0.507506 0.467841 0.491297 0.475912 0.507506 0.471877 0.507506 0.471877 0.491297 0.647982 0.242798 0.648502 0.239702 0.650607 0.239636 0.647982 0.242798 0.636535 0.23201 0.639761 0.23131 0.633604 0.234059 0.633852 0.233861 0.647982 0.242798 0.633604 0.234059 0.632088 0.232627 0.632619 0.232203 0.633604 0.234059 0.566786 0.328121 0.568794 0.321727 0.566786 0.328121 0.633604 0.234059 0.644352 0.247312 0.565101 0.35907 0.644352 0.247312 0.646 0.248557 0.647982 0.242798 0.649929 0.243672 0.646 0.248557 0.563301 0.361532 0.565101 0.35907 0.566777 0.360277 0.560444 0.36348 0.563301 0.361532 0.564759 0.363038 0.560444 0.36348 0.561253 0.365428 0.557112 0.366224 0.55378 0.36348 0.557112 0.364121 0.557112 0.366224 0.55378 0.36348 0.552971 0.365428 0.549466 0.363038 0.566786 0.328121 0.548345 0.355195 0.548345 0.224965 0.565882 0.224975 0.567946 0.2247689 0.568794 0.321727 0.565201 0.221437 0.567148 0.220627 0.567946 0.2247689 0.548345 0.224965 0.549024 0.221437 0.565201 0.221437 0.549024 0.221437 0.548345 0.224965 0.54628 0.2247689 0.548345 0.355195 0.54628 0.355391 0.54628 0.2247689 0.549024 0.358723 0.547077 0.359533 0.54628 0.355391 0.549024 0.358723 0.550952 0.361552 0.549466 0.363038 0.549024 0.221437 0.547077 0.220627 0.549466 0.217123 0.549024 0.221437 0.550952 0.218608 0.563272 0.218608 0.55378 0.21668 0.560444 0.21668 0.563272 0.218608 0.55378 0.21668 0.550952 0.218608 0.549466 0.217123 0.55378 0.21668 0.552971 0.214733 0.557112 0.213937 0.560444 0.21668 0.557112 0.21604 0.557112 0.213937 0.560444 0.21668 0.561253 0.214733 0.564759 0.217123 0.565201 0.221437 0.563272 0.218608 0.564759 0.217123 0.636535 0.23201 0.633852 0.233861 0.632619 0.232203 0.639761 0.23131 0.636535 0.23201 0.635699 0.2300789 0.639761 0.23131 0.639733 0.229202 0.643769 0.229973 0.647742 0.236448 0.648502 0.239702 0.639761 0.23131 0.648502 0.239702 0.647742 0.236448 0.649664 0.235601 0.645856 0.233701 0.647314 0.232176 0.649664 0.235601 0.645856 0.233701 0.643006 0.231929 0.643769 0.229973 0.346222 0.262409 0.346222 0.267082 0.330012 0.267082 0.346222 0.194018 0.346222 0.262409 0.330012 0.262409 0.552829 0.484291 0.486031 0.484291 0.486031 0.468082 0.59499 0.484291 0.552829 0.484291 0.552829 0.468082 0.41432 0.264348 0.41432 0.337411 0.43053 0.337411 0.41432 0.260206 0.41432 0.264348 0.43053 0.264348 0.41432 0.256701 0.41432 0.260206 0.43053 0.260206 0.04393798 0.318119 0.040434 0.318119 0.040434 0.30191 0.04807996 0.318119 0.04393798 0.318119 0.04393798 0.30191 0.05222195 0.318119 0.04807996 0.318119 0.04807996 0.30191 0.055727 0.318119 0.05222195 0.318119 0.05222195 0.30191 0.451301 0.35483 0.451301 0.358334 0.435092 0.358334 0.451301 0.350688 0.451301 0.35483 0.435092 0.35483 0.451301 0.266791 0.451301 0.350688 0.435092 0.350688 0.451301 0.26265 0.451301 0.266791 0.435092 0.266791 0.451301 0.259145 0.451301 0.26265 0.435092 0.26265 0.516795 0.44731 0.51329 0.44731 0.51329 0.46352 0.520936 0.44731 0.516795 0.44731 0.516795 0.46352 0.651558 0.44731 0.520936 0.44731 0.520936 0.46352 0.655701 0.44731 0.651558 0.44731 0.651558 0.46352 0.659205 0.44731 0.655701 0.44731 0.655701 0.46352 0.369112 0.321839 0.369112 0.325344 0.385321 0.325344 0.369112 0.317698 0.369112 0.321839 0.385321 0.321839 0.369112 0.233801 0.369112 0.317698 0.385321 0.317698 0.369112 0.229659 0.369112 0.233801 0.385321 0.233801 0.369112 0.226155 0.369112 0.229659 0.385321 0.229659 0.255319 0.39143 0.251814 0.39143 0.251814 0.375221 0.25946 0.39143 0.255319 0.39143 0.255319 0.375221 0.263601 0.39143 0.25946 0.39143 0.25946 0.375221 0.267106 0.39143 0.263601 0.39143 0.263601 0.375221 0.346222 0.271224 0.346222 0.274729 0.330012 0.274729 0.346222 0.267082 0.346222 0.271224 0.330012 0.271224 0.64434 0.075239 0.64515 0.07718598 0.641008 0.077982 0.64434 0.05906099 0.64434 0.075239 0.640811 0.075917 0.64434 0.05906099 0.640811 0.05838298 0.641008 0.05631798 0.557308 0.05838298 0.557112 0.05631798 0.641008 0.05631798 0.565868 0.075917 0.557308 0.05838298 0.640811 0.05838298 0.348287 0.262409 0.346222 0.262409 0.346222 0.194018 0.348287 0.266885 0.346222 0.267082 0.346222 0.262409 0.552827 0.486356 0.483966 0.486356 0.486031 0.484291 0.566199 0.1447769 0.565864 0.189006 0.548345 0.197576 0.566199 0.1447769 0.568263 0.1447809 0.567944 0.186941 0.640811 0.189006 0.565864 0.189006 0.567944 0.186941 0.565864 0.189006 0.640811 0.189006 0.640811 0.20654 0.64434 0.189684 0.64434 0.205862 0.640811 0.20654 0.64434 0.189684 0.640811 0.189006 0.641008 0.186941 0.64434 0.189684 0.64515 0.187737 0.648654 0.190126 0.647168 0.191613 0.647168 0.203933 0.64434 0.205862 0.647168 0.191613 0.649096 0.194441 0.649096 0.201104 0.649096 0.194441 0.647168 0.191613 0.648654 0.190126 0.649096 0.194441 0.651043 0.1936309 0.65184 0.197772 0.649096 0.201104 0.649737 0.197772 0.65184 0.197772 0.649096 0.201104 0.651043 0.201915 0.648654 0.205419 0.64434 0.205862 0.647168 0.203933 0.648654 0.205419 0.64434 0.205862 0.64515 0.207809 0.641008 0.208605 0.640811 0.20654 0.641008 0.208605 0.557112 0.208605 0.55378 0.205862 0.557308 0.20654 0.557112 0.208605 0.549023 0.201104 0.547076 0.201915 0.54628 0.197772 0.549023 0.201104 0.550952 0.203933 0.549465 0.205419 0.55378 0.205862 0.552971 0.207809 0.549465 0.205419 0.548345 0.197576 0.54628 0.197772 0.54628 0.06714999 0.549023 0.06381899 0.548345 0.06734597 0.54628 0.06714999 0.549023 0.06381899 0.547076 0.06300801 0.549465 0.05950397 0.55378 0.05906099 0.550952 0.06098997 0.549465 0.05950397 0.55378 0.05906099 0.552971 0.057114 0.557112 0.05631798 0.64434 0.05906099 0.64515 0.057114 0.648654 0.05950397 0.647168 0.06098997 0.647168 0.07330995 0.64434 0.075239 0.649096 0.06381899 0.649096 0.07048195 0.647168 0.07330995 0.649096 0.06381899 0.647168 0.06098997 0.648654 0.05950397 0.649096 0.06381899 0.651043 0.06300801 0.65184 0.06714999 0.649096 0.07048195 0.649737 0.06714999 0.65184 0.06714999 0.649096 0.07048195 0.651043 0.07129096 0.648654 0.07479596 0.64434 0.075239 0.647168 0.07330995 0.648654 0.07479596 0.314701 0.459529 0.184927 0.459529 0.184927 0.475738 0.315445 0.459529 0.314701 0.459529 0.314701 0.475738 0.319161 0.459529 0.315445 0.459529 0.315445 0.475738 0.322771 0.459529 0.319161 0.459529 0.319161 0.475738 0.330012 0.06809198 0.330012 0.07138395 0.346222 0.07138395 0.330012 0.06409597 0.330012 0.06809198 0.346222 0.06809198 0.330012 0.05996698 0.330012 0.06409597 0.346222 0.06409597 0.330012 0.05631798 0.330012 0.05996698 0.346222 0.05996698 0.246475 0.452523 0.243261 0.452523 0.243261 0.436313 0.252633 0.452523 0.246475 0.452523 0.246475 0.436313 0.3823 0.452523 0.252633 0.452523 0.252633 0.436313 0.386441 0.452523 0.3823 0.452523 0.3823 0.436313 0.389946 0.452523 0.386441 0.452523 0.386441 0.436313 0.268024 0.366238 0.268024 0.369742 0.251814 0.369742 0.268024 0.362096 0.268024 0.366238 0.251814 0.366238 0.268024 0.357955 0.268024 0.362096 0.251814 0.362096 0.268024 0.354449 0.268024 0.357955 0.251814 0.357955 0.180786 0.459529 0.177281 0.459529 0.177281 0.475738 0.184927 0.459529 0.180786 0.459529 0.180786 0.475738 0.371856 0.213429 0.369909 0.214239 0.369112 0.210097 0.388033 0.213429 0.371856 0.213429 0.371178 0.209906 0.388033 0.213429 0.388712 0.209899 0.390777 0.210097 0.388712 0.209899 0.388923 0.08060598 0.390989 0.08042997 0.371178 0.209906 0.371921 0.08032995 0.388923 0.08060598 0.371178 0.209906 0.369112 0.210097 0.369855 0.08032399 0.371921 0.07969796 0.371921 0.08032995 0.369855 0.08032399 0.371921 0.08032995 0.371921 0.07969796 0.387982 0.07514399 0.387982 0.07514399 0.373895 0.073628 0.376545 0.07157695 0.387982 0.07514399 0.38601 0.072672 0.387365 0.07105898 0.38601 0.072672 0.383067 0.07106596 0.383715 0.069067 0.383067 0.07106596 0.38601 0.072672 0.376545 0.07157695 0.379752 0.07063895 0.376545 0.07157695 0.37559 0.069705 0.373895 0.073628 0.372298 0.07225298 0.37559 0.069705 0.373895 0.073628 0.372284 0.07650995 0.370281 0.07586395 0.372284 0.07650995 0.371921 0.07969796 0.369855 0.07958 0.379752 0.07063895 0.379586 0.06853598 0.383715 0.069067 0.387982 0.07514399 0.389926 0.07427197 0.390989 0.08042997 0.388033 0.213429 0.38998 0.214239 0.387591 0.2177439 0.386105 0.216258 0.373784 0.216258 0.371856 0.213429 0.386105 0.216258 0.383275 0.218186 0.376612 0.218186 0.383275 0.218186 0.386105 0.216258 0.387591 0.2177439 0.383275 0.218186 0.384086 0.220134 0.379944 0.22093 0.376612 0.218186 0.379944 0.218827 0.379944 0.22093 0.376612 0.218186 0.375802 0.220134 0.372298 0.2177439 0.371856 0.213429 0.373784 0.216258 0.372298 0.2177439 0.03940999 0.877702 0.03940999 0.408211 0.03676795 0.408211 0.04673999 0.417986 0.04673999 0.887477 0.04806196 0.887477 0.04409897 0.417986 0.04409897 0.887477 0.04673999 0.887477 0.052652 0.427761 0.052652 0.897252 0.05529397 0.897252 0.06262397 0.90947 0.06262397 0.439979 0.063946 0.439979 0.05998295 0.90947 0.05998295 0.439979 0.06262397 0.439979 0.110117 0.433146 0.108857 0.433146 0.108857 0.426539 0.140305 0.433146 0.110117 0.433146 0.110117 0.426539 0.142246 0.433146 0.140305 0.433146 0.140305 0.426539 0.144137 0.433146 0.142246 0.433146 0.142246 0.426539 0.143568 0.287312 0.143568 0.290739 0.13696 0.290739 0.143568 0.285422 0.143568 0.287312 0.13696 0.287312 0.143568 0.283582 0.143568 0.285422 0.13696 0.285422 0.330491 0.331234 0.327569 0.331234 0.327569 0.337842 0.349442 0.331234 0.330491 0.331234 0.330491 0.337842 0.330201 0.05192899 0.278695 0.05192899 0.278695 0.04532098 0.331865 0.05192899 0.330201 0.05192899 0.330201 0.04532098 0.172893 0.01048099 0.172893 0.01213198 0.166284 0.01213198 0.172893 0.008553981 0.172893 0.01048099 0.166284 0.01048099 0.172893 0.00663197 0.172893 0.008553981 0.166284 0.008553981 0.172893 0.004999995 0.172893 0.00663197 0.166284 0.00663197 0.088494 0.402102 0.08686399 0.402102 0.08686399 0.408709 0.09041798 0.402102 0.088494 0.402102 0.088494 0.408709 0.09248501 0.402102 0.09041798 0.402102 0.09041798 0.408709 0.153921 0.402102 0.09248501 0.402102 0.09248501 0.408709 0.155735 0.402102 0.153921 0.402102 0.153921 0.408709 0.004999995 0.174222 0.004999995 0.175834 0.011608 0.175834 0.004999995 0.172307 0.004999995 0.174222 0.011608 0.174222 0.004999995 0.170379 0.004999995 0.172307 0.011608 0.172307 0.004999995 0.1687279 0.004999995 0.170379 0.011608 0.170379 0.447335 0.182047 0.44815 0.180103 0.449802 0.181237 0.448359 0.1827509 0.449802 0.181237 0.450757 0.182497 0.463774 0.213295 0.448998 0.183591 0.450757 0.182497 0.463774 0.213295 0.457918 0.214828 0.446613 0.1920959 0.463774 0.213295 0.463925 0.214462 0.459548 0.217025 0.463925 0.214462 0.463774 0.213295 0.465778 0.212686 0.463695 0.215256 0.463925 0.214462 0.46603 0.214626 0.461222 0.217037 0.460245 0.217212 0.463925 0.214462 0.461222 0.217037 0.462048 0.218986 0.460157 0.219326 0.463695 0.215256 0.465476 0.216516 0.462048 0.218986 0.459548 0.217025 0.460245 0.217212 0.460157 0.219326 0.459548 0.217025 0.458318 0.218834 0.45615 0.215911 0.457918 0.214828 0.45615 0.215911 0.446726 0.1969619 0.422229 0.247473 0.446613 0.1920959 0.446726 0.1969619 0.416708 0.245105 0.443306 0.184045 0.446613 0.1920959 0.416708 0.245105 0.414724 0.244488 0.441484 0.183051 0.416425 0.246556 0.41432 0.246553 0.414724 0.244488 0.422229 0.247473 0.42145 0.248642 0.416425 0.246556 0.42145 0.248642 0.422229 0.247473 0.424046 0.2484689 0.420492 0.2492769 0.42145 0.248642 0.42294 0.250132 0.420492 0.2492769 0.416639 0.247663 0.416425 0.246556 0.420492 0.2492769 0.419364 0.249492 0.417292 0.248621 0.420492 0.2492769 0.421288 0.251228 0.419362 0.251594 0.41825 0.249276 0.419364 0.249492 0.419362 0.251594 0.41825 0.249276 0.417441 0.251222 0.415808 0.250107 0.416639 0.247663 0.417292 0.248621 0.415808 0.250107 0.416639 0.247663 0.414691 0.248476 0.41432 0.246553 0.444198 0.182704 0.443306 0.184045 0.441484 0.183051 0.445137 0.182045 0.444198 0.182704 0.442694 0.181237 0.445137 0.182045 0.444308 0.180103 0.446224 0.179725 0.447335 0.182047 0.446224 0.18183 0.446224 0.179725 0.206804 0.426508 0.206804 0.04165595 0.204162 0.04165595 0.245902 0.04287695 0.245902 0.42773 0.247224 0.42773 0.243261 0.04287695 0.243261 0.42773 0.245902 0.42773 0.217602 0.03921198 0.217602 0.424065 0.220244 0.424065 0.228796 0.428952 0.228796 0.04409897 0.230118 0.04409897 0.226155 0.428952 0.226155 0.04409897 0.228796 0.04409897 0.276251 0.154033 0.276251 0.157108 0.282859 0.157108 0.276251 0.145769 0.276251 0.154033 0.282859 0.154033 0.276251 0.141746 0.276251 0.145769 0.282859 0.145769 0.276251 0.138197 0.276251 0.141746 0.282859 0.141746 0.276251 0.135119 0.276251 0.138197 0.282859 0.138197 0.276251 0.1325139 0.276251 0.135119 0.282859 0.135119 0.276251 0.130851 0.276251 0.1325139 0.282859 0.1325139 0.1377519 0.279193 0.134516 0.279193 0.134516 0.272585 0.141309 0.279193 0.1377519 0.279193 0.1377519 0.272585 0.145186 0.279193 0.141309 0.279193 0.141309 0.272585 0.149385 0.279193 0.145186 0.279193 0.145186 0.272585 0.153582 0.279193 0.149385 0.279193 0.149385 0.272585 0.157459 0.279193 0.153582 0.279193 0.153582 0.272585 0.161016 0.279193 0.157459 0.279193 0.157459 0.272585 0.164252 0.279193 0.161016 0.279193 0.161016 0.272585 0.198552 0.08248198 0.198552 0.08572798 0.191943 0.08572798 0.198552 0.07891798 0.198552 0.08248198 0.191943 0.08248198 0.198552 0.07503497 0.198552 0.07891798 0.191943 0.07891798 0.198552 0.07083499 0.198552 0.07503497 0.191943 0.07503497 0.198552 0.05017095 0.198552 0.07083499 0.191943 0.07083499 0.198552 0.04820495 0.198552 0.05017095 0.191943 0.05017095 0.198552 0.046543 0.198552 0.04820495 0.191943 0.04820495 0.253477 0.408211 0.251814 0.408211 0.251814 0.414819 0.255442 0.408211 0.253477 0.408211 0.253477 0.414819 0.317432 0.408211 0.255442 0.408211 0.255442 0.414819 0.319397 0.408211 0.317432 0.408211 0.317432 0.414819 0.32106 0.408211 0.319397 0.408211 0.319397 0.414819 0.160175 0.107121 0.160175 0.108783 0.166784 0.108783 0.160175 0.105155 0.160175 0.107121 0.166784 0.107121 0.160175 0.10319 0.160175 0.105155 0.166784 0.105155 0.160175 0.101526 0.160175 0.10319 0.166784 0.10319 0.287689 0.352504 0.286026 0.352504 0.286026 0.345896 0.289654 0.352504 0.287689 0.352504 0.287689 0.345896 0.313039 0.352504 0.289654 0.352504 0.289654 0.345896 0.346707 0.352504 0.313039 0.352504 0.313039 0.345896 0.07953298 0.244888 0.07953298 0.260411 0.08614099 0.260411 0.07953298 0.2406859 0.07953298 0.244888 0.08614099 0.244888 0.07953298 0.237152 0.07953298 0.2406859 0.08614099 0.2406859 0.138037 0.212715 0.134516 0.212715 0.134516 0.219322 0.142201 0.212715 0.138037 0.212715 0.138037 0.219322 0.146405 0.212715 0.142201 0.212715 0.142201 0.219322 0.149937 0.212715 0.146405 0.212715 0.146405 0.219322 0.290191 0.289072 0.290191 0.292606 0.283582 0.292606 0.290191 0.28487 0.290191 0.289072 0.283582 0.289072 0.290191 0.276402 0.290191 0.28487 0.283582 0.28487 0.290191 0.27605 0.290191 0.276402 0.283582 0.276402 0.290191 0.274286 0.290191 0.27605 0.283582 0.27605 0.290191 0.272585 0.290191 0.274286 0.283582 0.274286 0.07742899 0.177281 0.07586699 0.177281 0.07586699 0.183889 0.07944101 0.177281 0.07742899 0.177281 0.07742899 0.183889 0.08143597 0.177281 0.07944101 0.177281 0.07944101 0.183889 0.08315598 0.177281 0.08143597 0.177281 0.08143597 0.183889 0.276251 0.157108 0.276251 0.158639 0.282859 0.158639 0.429645 0.135536 0.428849 0.136149 0.427254 0.134771 0.42923 0.140473 0.428849 0.136149 0.429645 0.135536 0.42923 0.140473 0.430216 0.141027 0.429541 0.1430169 0.430216 0.141027 0.431451 0.1412039 0.431305 0.143269 0.431637 0.1412039 0.431451 0.1412039 0.429645 0.135536 0.431451 0.1412039 0.431637 0.1412039 0.431656 0.143269 0.431637 0.1412039 0.440301 0.141049 0.440126 0.143118 0.440301 0.141049 0.431637 0.1412039 0.432049 0.135102 0.432049 0.135102 0.43186 0.133038 0.440126 0.132988 0.429645 0.135536 0.428786 0.133593 0.43186 0.133038 0.443765 0.1354849 0.44001 0.135054 0.440126 0.132988 0.445131 0.14197 0.440301 0.141049 0.443765 0.1354849 0.440301 0.141049 0.445131 0.14197 0.444327 0.143918 0.449347 0.144832 0.447859 0.146319 0.444327 0.143918 0.449347 0.144832 0.445131 0.14197 0.449731 0.137587 0.449731 0.137587 0.447 0.1363379 0.447697 0.134387 0.447 0.1363379 0.443765 0.1354849 0.444146 0.133451 0.449731 0.137587 0.450774 0.135794 0.453378 0.137675 0.453548 0.140618 0.452075 0.139282 0.453378 0.137675 0.449347 0.144832 0.453548 0.140618 0.456013 0.143584 0.449347 0.144832 0.452209 0.149046 0.450261 0.149853 0.453164 0.154056 0.451062 0.1540549 0.450261 0.149853 0.452209 0.149046 0.457736 0.146772 0.458768 0.150248 0.457736 0.146772 0.456013 0.143584 0.457734 0.142422 0.456013 0.143584 0.453548 0.140618 0.455041 0.139187 0.457736 0.146772 0.459655 0.145978 0.460807 0.149856 0.458768 0.150248 0.460807 0.149856 0.461192 0.1540549 0.453164 0.154056 0.459117 0.154054 0.458768 0.15786 0.453164 0.154056 0.452209 0.1590279 0.450261 0.158219 0.449347 0.163228 0.447859 0.16174 0.450261 0.158219 0.452209 0.1590279 0.457731 0.161335 0.456002 0.164522 0.457731 0.161335 0.458768 0.15786 0.460805 0.158253 0.458768 0.15786 0.459117 0.154054 0.461192 0.1540549 0.457731 0.161335 0.459649 0.162131 0.457717 0.165688 0.456002 0.164522 0.457717 0.165688 0.455017 0.168922 0.449347 0.163228 0.453554 0.167453 0.450612 0.169892 0.449347 0.163228 0.445131 0.1660889 0.444327 0.1641409 0.440321 0.167006 0.440126 0.164941 0.444327 0.1641409 0.443932 0.172648 0.440321 0.167006 0.445131 0.1660889 0.447415 0.171615 0.448208 0.173533 0.444325 0.174686 0.447415 0.171615 0.450612 0.169892 0.45177 0.171612 0.450612 0.169892 0.453554 0.167453 0.455017 0.168922 0.443932 0.172648 0.444325 0.174686 0.440126 0.175071 0.422526 0.167006 0.440321 0.167006 0.440032 0.1730059 0.440321 0.167006 0.422526 0.167006 0.424601 0.164941 0.422688 0.131276 0.424754 0.131274 0.424601 0.164941 0.422688 0.131276 0.422526 0.167006 0.416384 0.169683 0.418305 0.1726959 0.419661 0.172956 0.41946 0.17502 0.419661 0.172956 0.440032 0.1730059 0.440126 0.175071 0.418305 0.1726959 0.417495 0.174642 0.415832 0.173508 0.416645 0.171036 0.41732 0.1720229 0.415832 0.173508 0.416645 0.171036 0.414699 0.171845 0.41432 0.169879 0.416384 0.108086 0.416384 0.169683 0.41432 0.169879 0.416645 0.106733 0.416384 0.108086 0.41432 0.10789 0.416384 0.108086 0.416645 0.106733 0.422276 0.106733 0.41732 0.105746 0.421604 0.105746 0.422276 0.106733 0.416645 0.106733 0.414699 0.105924 0.415832 0.104261 0.418305 0.105073 0.41732 0.105746 0.415832 0.104261 0.418305 0.105073 0.420616 0.105073 0.421604 0.105746 0.420616 0.105073 0.41946 0.104851 0.41946 0.102748 0.418305 0.105073 0.417495 0.103126 0.41946 0.102748 0.420616 0.105073 0.421425 0.103126 0.423088 0.104261 0.422276 0.106733 0.421604 0.105746 0.423088 0.104261 0.422276 0.106733 0.424225 0.105924 0.424601 0.10789 0.422537 0.108093 0.424601 0.10789 0.424754 0.131274 0.42923 0.140473 0.427839 0.14206 0.426667 0.140498 0.428533 0.139544 0.428289 0.137145 0.428849 0.136149 0.428149 0.1383 0.426044 0.1384879 0.426291 0.136491 0.428149 0.1383 0.428533 0.139544 0.426667 0.140498 0.428849 0.136149 0.428289 0.137145 0.426291 0.136491 0.285624 0.09452098 0.279464 0.09452098 0.279464 0.07831096 0.298706 0.09452098 0.285624 0.09452098 0.285624 0.07831096 0.310659 0.09452098 0.298706 0.09452098 0.298706 0.07831096 0.321485 0.09452098 0.310659 0.09452098 0.310659 0.07831096 0.331182 0.09452098 0.321485 0.09452098 0.321485 0.07831096 0.268023 0.338855 0.268023 0.349352 0.251814 0.349352 0.268023 0.326852 0.268023 0.338855 0.251814 0.338855 0.268023 0.313342 0.268023 0.326852 0.251814 0.326852 0.268023 0.298325 0.268023 0.313342 0.251814 0.313342 0.268023 0.283132 0.268023 0.298325 0.251814 0.298325 0.268023 0.269094 0.268023 0.283132 0.251814 0.283132 0.268023 0.256212 0.268023 0.269094 0.251814 0.269094 0.268023 0.2444829 0.268023 0.256212 0.251814 0.256212 0.213447 0.534062 0.201718 0.534062 0.201718 0.550271 0.22633 0.534062 0.213447 0.534062 0.213447 0.550271 0.240368 0.534062 0.22633 0.534062 0.22633 0.550271 0.255561 0.534062 0.240368 0.534062 0.240368 0.550271 0.270753 0.534062 0.255561 0.534062 0.255561 0.550271 0.284791 0.534062 0.270753 0.534062 0.270753 0.550271 0.297674 0.534062 0.284791 0.534062 0.284791 0.550271 0.309403 0.534062 0.297674 0.534062 0.297674 0.550271 0.309241 0.293902 0.309241 0.305631 0.32545 0.305631 0.309241 0.281019 0.309241 0.293902 0.32545 0.293902 0.309241 0.266982 0.309241 0.281019 0.32545 0.281019 0.309241 0.251788 0.309241 0.266982 0.32545 0.266982 0.309241 0.236678 0.309241 0.251788 0.32545 0.251788 0.309241 0.22289 0.309241 0.236678 0.32545 0.236678 0.309241 0.210422 0.309241 0.22289 0.32545 0.22289 0.309241 0.199274 0.309241 0.210422 0.32545 0.210422 0.286615 0.073749 0.276251 0.073749 0.276251 0.05753999 0.296734 0.073749 0.286615 0.073749 0.286615 0.05753999 0.306606 0.073749 0.296734 0.073749 0.296734 0.05753999 0.316234 0.073749 0.306606 0.073749 0.306606 0.05753999 0.322393 0.073749 0.316234 0.073749 0.316234 0.05753999 0.325605 0.073749 0.322393 0.073749 0.322393 0.05753999 0.158057 0.08117395 0.158057 0.08482497 0.141847 0.08482497 0.158057 0.07704496 0.158057 0.08117395 0.141847 0.08117395 0.158057 0.07304996 0.158057 0.07704496 0.141847 0.07704496 0.158057 0.06975799 0.158057 0.07304996 0.141847 0.07304996 0.138127 0.251814 0.134516 0.251814 0.134516 0.268023 0.141843 0.251814 0.138127 0.251814 0.138127 0.268023 0.149914 0.251814 0.141843 0.251814 0.141843 0.268023 0.157348 0.251814 0.149914 0.251814 0.149914 0.268023 0.1641449 0.251814 0.157348 0.251814 0.157348 0.268023 0.170304 0.251814 0.1641449 0.251814 0.1641449 0.268023 0.187381 0.122339 0.187381 0.129646 0.171172 0.129646 0.187381 0.113902 0.187381 0.122339 0.171172 0.122339 0.187381 0.104338 0.187381 0.113902 0.171172 0.113902 0.187381 0.09364598 0.187381 0.104338 0.171172 0.104338 0.187381 0.082753 0.187381 0.09364598 0.171172 0.09364598 0.187381 0.07269799 0.187381 0.082753 0.171172 0.082753 0.187381 0.06347799 0.187381 0.07269799 0.171172 0.07269799 0.187381 0.05509597 0.187381 0.06347799 0.171172 0.06347799 0.280984 0.326672 0.272585 0.326672 0.272585 0.310463 0.2902 0.326672 0.280984 0.326672 0.280984 0.310463 0.300232 0.326672 0.2902 0.326672 0.2902 0.310463 0.311082 0.326672 0.300232 0.326672 0.300232 0.310463 0.321931 0.326672 0.311082 0.326672 0.311082 0.310463 0.331963 0.326672 0.321931 0.326672 0.321931 0.310463 0.341179 0.326672 0.331963 0.326672 0.331963 0.310463 0.349578 0.326672 0.341179 0.326672 0.341179 0.310463 0.113745 0.27357 0.113745 0.281952 0.129954 0.281952 0.113745 0.26435 0.113745 0.27357 0.129954 0.27357 0.113745 0.254295 0.113745 0.26435 0.129954 0.26435 0.113745 0.243403 0.113745 0.254295 0.129954 0.254295 0.113745 0.232736 0.113745 0.243403 0.129954 0.243403 0.113745 0.2232519 0.113745 0.232736 0.129954 0.232736 0.113745 0.214949 0.113745 0.2232519 0.129954 0.2232519 0.113745 0.207827 0.113745 0.214949 0.129954 0.214949 0.123768 0.08930796 0.11741 0.08930796 0.11741 0.105517 0.13095 0.08930796 0.123768 0.08930796 0.123768 0.105517 0.138954 0.08930796 0.13095 0.08930796 0.13095 0.105517 0.147782 0.08930796 0.138954 0.08930796 0.138954 0.105517 0.148526 0.08930796 0.147782 0.08930796 0.147782 0.105517 0.152242 0.08930796 0.148526 0.08930796 0.148526 0.105517 0.155854 0.08930796 0.152242 0.08930796 0.152242 0.105517 0.03676795 0.09375095 0.03676795 0.09704297 0.05297797 0.09704297 0.03676795 0.08975499 0.03676795 0.09375095 0.05297797 0.09375095 0.03676795 0.08562695 0.03676795 0.08975499 0.05297797 0.08975499 0.03676795 0.081977 0.03676795 0.08562695 0.05297797 0.08562695 0.279464 0.09452098 0.276251 0.09452098 0.276251 0.07831096 0.196355 0.262901 0.194383 0.260429 0.195738 0.258815 0.196355 0.262901 0.182268 0.261385 0.184918 0.259333 0.196355 0.262901 0.197259 0.268142 0.180658 0.264266 0.196355 0.262901 0.1983 0.262028 0.199362 0.268188 0.197259 0.268142 0.199362 0.268188 0.196517 0.28127 0.180293 0.268397 0.197259 0.268142 0.194537 0.28066 0.1773869 0.277669 0.1754609 0.276909 0.178228 0.268081 0.1773869 0.277669 0.173411 0.28595 0.171618 0.284913 0.1773869 0.277669 0.194537 0.28066 0.1898559 0.292282 0.1898559 0.292282 0.194537 0.28066 0.196517 0.28127 0.1898559 0.292282 0.191702 0.293224 0.184916 0.304049 0.173411 0.28595 0.1898559 0.292282 0.183263 0.302799 0.173411 0.28595 0.168313 0.293394 0.1667 0.292095 0.168313 0.293394 0.162078 0.300009 0.160705 0.298453 0.168313 0.293394 0.183263 0.302799 0.174754 0.31222 0.174754 0.31222 0.183263 0.302799 0.184916 0.304049 0.16458 0.319964 0.174754 0.31222 0.1761569 0.313746 0.162078 0.300009 0.174754 0.31222 0.16458 0.319964 0.162078 0.300009 0.154627 0.305453 0.153584 0.303658 0.145945 0.309339 0.145281 0.307374 0.153584 0.303658 0.154627 0.305453 0.16458 0.319964 0.152953 0.325494 0.16458 0.319964 0.16566 0.321737 0.153657 0.327445 0.152953 0.325494 0.153657 0.327445 0.140147 0.33087 0.145945 0.309339 0.152953 0.325494 0.139813 0.328825 0.136106 0.311653 0.135797 0.309604 0.145281 0.307374 0.125107 0.312419 0.125131 0.310348 0.135797 0.309604 0.136106 0.311653 0.139813 0.328825 0.125146 0.32994 0.139813 0.328825 0.140147 0.33087 0.125131 0.332012 0.11033 0.32858 0.125146 0.32994 0.125131 0.332012 0.113844 0.311386 0.125107 0.312419 0.125146 0.32994 0.125107 0.312419 0.113844 0.311386 0.114238 0.309348 0.113844 0.311386 0.1033869 0.30827 0.104183 0.306352 0.1033869 0.30827 0.113844 0.311386 0.11033 0.32858 0.09669297 0.324518 0.11033 0.32858 0.109937 0.330618 0.09669297 0.324518 0.09589898 0.326437 0.08301597 0.319468 0.1033869 0.30827 0.09669297 0.324518 0.08417898 0.317748 0.09379798 0.303075 0.09496295 0.301357 0.104183 0.306352 0.08511197 0.295829 0.08658099 0.294364 0.09496295 0.301357 0.09379798 0.303075 0.08417898 0.317748 0.07275396 0.308244 0.08417898 0.317748 0.08301597 0.319468 0.07128798 0.309711 0.06324899 0.29682 0.07275396 0.308244 0.07128798 0.309711 0.07789099 0.287127 0.08511197 0.295829 0.07275396 0.308244 0.08511197 0.295829 0.07789099 0.287127 0.079611 0.285965 0.07789099 0.287127 0.07271498 0.277543 0.074633 0.27675 0.07271498 0.277543 0.07789099 0.287127 0.06324899 0.29682 0.05647999 0.284304 0.06324899 0.29682 0.06153094 0.297982 0.05647999 0.284304 0.05456197 0.285099 0.050381 0.271061 0.07271498 0.277543 0.05647999 0.284304 0.05241799 0.270669 0.06960898 0.26711 0.07164597 0.266717 0.074633 0.27675 0.06857597 0.255868 0.07065099 0.255868 0.07164597 0.266717 0.06960898 0.26711 0.05241799 0.270669 0.05105996 0.255868 0.05241799 0.270669 0.050381 0.271061 0.04898697 0.255868 0.05241799 0.241068 0.05105996 0.255868 0.04898697 0.255868 0.06960898 0.2446269 0.06857597 0.255868 0.05105996 0.255868 0.06857597 0.255868 0.06960898 0.2446269 0.07164597 0.245019 0.06960898 0.2446269 0.07271498 0.234194 0.074633 0.234987 0.07271498 0.234194 0.06960898 0.2446269 0.05241799 0.241068 0.05647999 0.2274309 0.05241799 0.241068 0.050381 0.240676 0.05647999 0.2274309 0.05456197 0.226637 0.06153094 0.2137539 0.07271498 0.234194 0.05647999 0.2274309 0.06324899 0.214917 0.07789099 0.22461 0.079611 0.225771 0.074633 0.234987 0.08511197 0.215907 0.08658099 0.217372 0.079611 0.225771 0.07789099 0.22461 0.06324899 0.214917 0.07275396 0.2034929 0.06324899 0.214917 0.06153094 0.2137539 0.07128798 0.202026 0.08417898 0.193988 0.07275396 0.2034929 0.07128798 0.202026 0.09379798 0.208661 0.08511197 0.215907 0.07275396 0.2034929 0.08511197 0.215907 0.09379798 0.208661 0.09496295 0.210379 0.09379798 0.208661 0.1033869 0.203467 0.104183 0.205384 0.1033869 0.203467 0.09379798 0.208661 0.08417898 0.193988 0.09669297 0.187218 0.08417898 0.193988 0.08301597 0.192269 0.09669297 0.187218 0.09589898 0.1852999 0.109937 0.181119 0.1033869 0.203467 0.09669297 0.187218 0.11033 0.183156 0.113844 0.20035 0.114238 0.202388 0.104183 0.205384 0.125105 0.199318 0.125131 0.201389 0.114238 0.202388 0.113844 0.20035 0.11033 0.183156 0.125135 0.181798 0.11033 0.183156 0.109937 0.181119 0.125131 0.179725 0.139864 0.183076 0.125135 0.181798 0.125131 0.179725 0.136125 0.20007 0.125105 0.199318 0.125135 0.181798 0.136125 0.20007 0.135823 0.2021189 0.125131 0.201389 0.136125 0.20007 0.146033 0.2023389 0.1453869 0.2043099 0.146033 0.2023389 0.136125 0.20007 0.139864 0.183076 0.153257 0.186895 0.139864 0.183076 0.14024 0.1810359 0.153257 0.186895 0.154029 0.184969 0.166497 0.191523 0.154835 0.206148 0.146033 0.2023389 0.153257 0.186895 0.146033 0.2023389 0.154835 0.206148 0.153823 0.20796 0.162464 0.211483 0.161131 0.213071 0.153823 0.20796 0.162464 0.211483 0.154835 0.206148 0.1653479 0.193252 0.1653479 0.193252 0.166497 0.191523 0.177644 0.200699 0.176209 0.202192 0.177644 0.200699 0.18688 0.211063 0.168847 0.217886 0.176209 0.202192 0.1852419 0.212328 0.168847 0.217886 0.173972 0.22495 0.172202 0.226027 0.177846 0.232686 0.175925 0.233461 0.172202 0.226027 0.173972 0.22495 0.1852419 0.212328 0.19179 0.222168 0.19179 0.222168 0.1852419 0.212328 0.18688 0.211063 0.195854 0.231651 0.19179 0.222168 0.193614 0.221182 0.177846 0.232686 0.19179 0.222168 0.195854 0.231651 0.177846 0.232686 0.180471 0.2411029 0.178441 0.241532 0.1808699 0.244602 0.178866 0.245248 0.178441 0.241532 0.197477 0.240689 0.1808699 0.244602 0.180471 0.2411029 0.197477 0.240689 0.195854 0.231651 0.197845 0.231054 0.196568 0.245968 0.197477 0.240689 0.1995739 0.240682 0.182481 0.247485 0.197477 0.240689 0.196568 0.245968 0.182481 0.247485 0.18513 0.249536 0.184175 0.251408 0.188336 0.250473 0.188171 0.252576 0.184175 0.251408 0.188336 0.250473 0.18513 0.249536 0.196568 0.245968 0.196568 0.245968 0.198512 0.246842 0.19595 0.250053 0.1945959 0.248441 0.19595 0.250053 0.192299 0.252045 0.188336 0.250473 0.191651 0.250046 0.192299 0.252045 0.182481 0.247485 0.180884 0.248859 0.178866 0.245248 0.168847 0.217886 0.16727 0.219231 0.161131 0.213071 0.180293 0.267456 0.180293 0.268397 0.178228 0.268081 0.180658 0.264266 0.197259 0.268142 0.180293 0.268397 0.180658 0.264266 0.180293 0.267456 0.178228 0.267338 0.182268 0.261385 0.180658 0.264266 0.178654 0.263621 0.182268 0.261385 0.180671 0.260009 0.183963 0.257461 0.188123 0.258396 0.184918 0.259333 0.183963 0.257461 0.191438 0.258822 0.194383 0.260429 0.184918 0.259333 0.194383 0.260429 0.191438 0.258822 0.1920869 0.256824 0.188123 0.258396 0.187959 0.256293 0.1920869 0.256824 0.327569 0.398204 0.327569 0.404257 0.343778 0.404257 0.327569 0.364539 0.327569 0.398204 0.343778 0.398204 0.327569 0.360397 0.327569 0.364539 0.343778 0.364539 0.327569 0.356893 0.327569 0.360397 0.343778 0.360397 0.291974 0.215484 0.288469 0.215484 0.288469 0.199274 0.296115 0.215484 0.291974 0.215484 0.291974 0.199274 0.300258 0.215484 0.296115 0.215484 0.296115 0.199274 0.303763 0.215484 0.300258 0.215484 0.300258 0.199274 0.176385 0.446891 0.176385 0.450395 0.160175 0.450395 0.176385 0.442748 0.176385 0.446891 0.160175 0.446891 0.176385 0.410252 0.176385 0.442748 0.160175 0.442748 0.176385 0.409508 0.176385 0.410252 0.160175 0.410252 0.176385 0.405792 0.176385 0.409508 0.160175 0.409508 0.176385 0.402102 0.176385 0.405792 0.160175 0.405792 0.187745 0.311685 0.184612 0.311685 0.184612 0.327894 0.191608 0.311685 0.187745 0.311685 0.187745 0.327894 0.195763 0.311685 0.191608 0.311685 0.191608 0.327894 0.1995469 0.311685 0.195763 0.311685 0.195763 0.327894 0.327569 0.404257 0.327569 0.40731 0.343778 0.40731 0.439896 0.236069 0.437562 0.238171 0.435861 0.236923 0.439896 0.236069 0.439249 0.250171 0.437016 0.2476609 0.442224 0.251584 0.445481 0.251863 0.445392 0.253928 0.17845 0.409597 0.17845 0.410252 0.176385 0.410252 0.445216 0.234856 0.478451 0.234332 0.446136 0.251863 0.445216 0.234856 0.444968 0.232795 0.478632 0.232264 0.439896 0.236069 0.438914 0.234175 0.444968 0.232795 0.481964 0.235008 0.478451 0.234332 0.478632 0.232264 0.478451 0.234332 0.481964 0.235008 0.481964 0.251185 0.484792 0.236936 0.484792 0.249256 0.481964 0.251185 0.481964 0.235008 0.482773 0.23306 0.486278 0.235449 0.486721 0.239764 0.484792 0.236936 0.486278 0.235449 0.484792 0.236936 0.486721 0.239764 0.486721 0.246428 0.486721 0.246428 0.487361 0.2430959 0.489464 0.2430959 0.486721 0.239764 0.488667 0.238955 0.489464 0.2430959 0.486721 0.246428 0.488667 0.247238 0.486278 0.250742 0.481964 0.251185 0.484792 0.249256 0.486278 0.250742 0.481964 0.251185 0.482773 0.253131 0.478632 0.253928 0.17845 0.442552 0.176385 0.442748 0.176385 0.410252 0.439249 0.250171 0.442224 0.251584 0.441675 0.253609 0.439249 0.250171 0.437985 0.251857 0.435198 0.2487249 0.437016 0.2476609 0.435198 0.2487249 0.43387 0.244861 0.436172 0.241218 0.437562 0.238171 0.437016 0.2476609 0.437562 0.238171 0.436172 0.241218 0.434135 0.240707 0.435957 0.24458 0.43387 0.244861 0.434135 0.240707 0.178503 0.183739 0.178503 0.189898 0.194712 0.189898 0.178503 0.165897 0.178503 0.183739 0.194712 0.183739 0.178503 0.157046 0.178503 0.165897 0.194712 0.165897 0.178503 0.1488659 0.178503 0.157046 0.194712 0.157046 0.178503 0.141355 0.178503 0.1488659 0.194712 0.1488659 0.178503 0.134516 0.178503 0.141355 0.194712 0.141355 0.04727298 0.03587198 0.040434 0.03587198 0.040434 0.01966196 0.05478399 0.03587198 0.04727298 0.03587198 0.04727298 0.01966196 0.06296396 0.03587198 0.05478399 0.03587198 0.05478399 0.01966196 0.07181495 0.03587198 0.06296396 0.03587198 0.06296396 0.01966196 0.08066195 0.03587198 0.07181495 0.03587198 0.07181495 0.01966196 0.08883297 0.03587198 0.08066195 0.03587198 0.08066195 0.01966196 0.096327 0.03587198 0.08883297 0.03587198 0.08883297 0.01966196 0.103143 0.03587198 0.096327 0.03587198 0.096327 0.01966196 0.02120995 0.156484 0.02120995 0.163323 0.004999995 0.163323 0.02120995 0.148973 0.02120995 0.156484 0.004999995 0.156484 0.02120995 0.140793 0.02120995 0.148973 0.004999995 0.148973 0.02120995 0.131943 0.02120995 0.140793 0.004999995 0.140793 0.02120995 0.08840095 0.02120995 0.131943 0.004999995 0.131943 0.02120995 0.08425998 0.02120995 0.08840095 0.004999995 0.08840095 0.02120995 0.08075499 0.02120995 0.08425998 0.004999995 0.08425998 0.452036 0.512068 0.448532 0.512068 0.448532 0.528278 0.456179 0.512068 0.452036 0.512068 0.452036 0.528278 0.586801 0.512068 0.456179 0.512068 0.456179 0.528278 0.590943 0.512068 0.586801 0.512068 0.586801 0.528278 0.594447 0.512068 0.590943 0.512068 0.590943 0.528278 0.09786099 0.1511909 0.09786099 0.154696 0.1140699 0.154696 0.09786099 0.14705 0.09786099 0.1511909 0.1140699 0.1511909 0.09786099 0.142908 0.09786099 0.14705 0.1140699 0.14705 0.09786099 0.1394039 0.09786099 0.142908 0.1140699 0.142908 0.06593096 0.374325 0.06242698 0.374325 0.06242698 0.358115 0.07007396 0.374325 0.06593096 0.374325 0.06593096 0.358115 0.144305 0.374325 0.07007396 0.374325 0.07007396 0.358115 0.190288 0.374325 0.144305 0.374325 0.144305 0.358115 0.004999995 0.04329395 0.004999995 0.07600295 0.02120995 0.07600295 0.004999995 0.03443998 0.004999995 0.04329395 0.02120995 0.04329395 0.004999995 0.02699297 0.004999995 0.03443998 0.02120995 0.03443998 0.141938 0.231042 0.134516 0.231042 0.134516 0.247252 0.150712 0.231042 0.141938 0.231042 0.141938 0.247252 0.159566 0.231042 0.150712 0.231042 0.150712 0.247252 0.167013 0.231042 0.159566 0.231042 0.159566 0.247252 0.106739 0.25614 0.106739 0.263587 0.09052997 0.263587 0.106739 0.247287 0.106739 0.25614 0.09052997 0.25614 0.106739 0.229338 0.106739 0.247287 0.09052997 0.247287 0.106739 0.228595 0.106739 0.229338 0.09052997 0.229338 0.106739 0.224878 0.106739 0.228595 0.09052997 0.228595 0.106739 0.2212679 0.106739 0.224878 0.09052997 0.224878 0.1109279 0.01599699 0.107636 0.01599699 0.107636 0.03220599 0.114924 0.01599699 0.1109279 0.01599699 0.1109279 0.03220599 0.119052 0.01599699 0.114924 0.01599699 0.114924 0.03220599 0.122702 0.01599699 0.119052 0.01599699 0.119052 0.03220599 0.178503 0.189898 0.178503 0.19311 0.194712 0.19311 0.283059 0.1082749 0.280586 0.110247 0.278974 0.108892 0.281543 0.122362 0.280586 0.110247 0.283059 0.1082749 0.281543 0.122362 0.284425 0.1239719 0.283779 0.125976 0.284425 0.1239719 0.287613 0.124337 0.287496 0.126402 0.288257 0.124337 0.287613 0.124337 0.283059 0.1082749 0.108804 0.228713 0.108804 0.229357 0.106739 0.229338 0.108804 0.229357 0.108804 0.247499 0.106739 0.247287 0.288257 0.124337 0.288515 0.107334 0.306086 0.107438 0.288515 0.107334 0.288345 0.105268 0.306187 0.105374 0.283059 0.1082749 0.282185 0.10633 0.288345 0.105268 0.314644 0.108224 0.306086 0.107438 0.306187 0.105374 0.314644 0.108224 0.315847 0.126457 0.3064 0.124659 0.329565 0.11441 0.323974 0.131977 0.315847 0.126457 0.322424 0.110544 0.323218 0.108626 0.330729 0.1126919 0.322424 0.110544 0.314644 0.108224 0.315037 0.106187 0.329565 0.11441 0.330729 0.1126919 0.337567 0.118383 0.341542 0.126386 0.329494 0.1401039 0.323974 0.131977 0.341542 0.126386 0.336102 0.11985 0.337567 0.118383 0.345407 0.133529 0.341542 0.126386 0.34326 0.125222 0.329494 0.1401039 0.345407 0.133529 0.347727 0.1413069 0.331333 0.149766 0.329232 0.149765 0.327545 0.140911 0.331333 0.149766 0.329493 0.159348 0.327545 0.1585389 0.347727 0.158219 0.329493 0.159348 0.331333 0.149766 0.347727 0.158219 0.348504 0.149765 0.350578 0.149765 0.347727 0.1413069 0.349764 0.140914 0.350578 0.149765 0.345407 0.133529 0.347326 0.132734 0.349764 0.140914 0.345408 0.165987 0.347727 0.158219 0.349764 0.158612 0.341543 0.173111 0.323973 0.167447 0.329493 0.159348 0.345408 0.165987 0.347326 0.166783 0.34326 0.1742759 0.341543 0.173111 0.34326 0.1742759 0.337567 0.181093 0.323973 0.167447 0.336105 0.179624 0.329568 0.185041 0.323973 0.167447 0.315847 0.172965 0.315041 0.171017 0.306381 0.174768 0.306187 0.172703 0.315041 0.171017 0.314646 0.191201 0.306381 0.174768 0.315847 0.172965 0.322426 0.1888909 0.323218 0.19081 0.315037 0.19324 0.322426 0.1888909 0.329568 0.185041 0.330729 0.186761 0.329568 0.185041 0.336105 0.179624 0.337567 0.181093 0.314646 0.191201 0.315037 0.19324 0.306187 0.194049 0.271413 0.174768 0.306381 0.174768 0.306095 0.1919839 0.306381 0.174768 0.271413 0.174768 0.273478 0.172703 0.144305 0.376389 0.144305 0.374325 0.190288 0.374325 0.271413 0.12672 0.271413 0.174768 0.253879 0.182914 0.259314 0.191199 0.262845 0.191878 0.262645 0.193943 0.262845 0.191878 0.306095 0.1919839 0.306187 0.194049 0.259314 0.191199 0.258504 0.193147 0.254999 0.190756 0.254557 0.186442 0.256486 0.189271 0.254999 0.190756 0.254557 0.186442 0.25261 0.187252 0.251814 0.1831099 0.253879 0.182914 0.251814 0.1831099 0.251814 0.05248796 0.254557 0.04915595 0.253879 0.05268394 0.251814 0.05248796 0.254557 0.04915595 0.270734 0.04915595 0.271413 0.05268394 0.256486 0.04632699 0.268806 0.04632699 0.270734 0.04915595 0.254557 0.04915595 0.25261 0.04834598 0.254999 0.044842 0.259314 0.04439896 0.256486 0.04632699 0.254999 0.044842 0.256486 0.04632699 0.259314 0.04439896 0.265977 0.04439896 0.265977 0.04439896 0.262645 0.04375898 0.262645 0.04165595 0.259314 0.04439896 0.258504 0.04245197 0.262645 0.04165595 0.265977 0.04439896 0.266787 0.04245197 0.270292 0.044842 0.270734 0.04915595 0.268806 0.04632699 0.270292 0.044842 0.270734 0.04915595 0.272681 0.04834598 0.273478 0.05248796 0.07027 0.376389 0.07007396 0.374325 0.144305 0.374325 0.323973 0.167447 0.322488 0.16596 0.327545 0.1585389 0.323974 0.131977 0.329494 0.1401039 0.327545 0.140911 0.323974 0.131977 0.322488 0.133464 0.315041 0.128406 0.3064 0.124659 0.315847 0.126457 0.315041 0.128406 0.281543 0.122362 0.280168 0.123959 0.277619 0.120666 0.281543 0.122362 0.279492 0.119711 0.278981 0.11319 0.278555 0.116505 0.276452 0.116671 0.276982 0.112542 0.278555 0.116505 0.279492 0.119711 0.277619 0.120666 0.280586 0.110247 0.278981 0.11319 0.276982 0.112542 0.100759 0.287248 0.09909695 0.287248 0.09909695 0.293855 0.129839 0.287248 0.100759 0.287248 0.100759 0.293855 0.1315529 0.287248 0.129839 0.287248 0.129839 0.293855 0.03676795 0.10702 0.03676795 0.108633 0.04337596 0.108633 0.03676795 0.105105 0.03676795 0.10702 0.04337596 0.10702 0.03676795 0.1031759 0.03676795 0.105105 0.04337596 0.105105 0.03676795 0.101526 0.03676795 0.1031759 0.04337596 0.1031759 0.09967499 0.170448 0.09786099 0.170448 0.09786099 0.163841 0.161564 0.170448 0.09967499 0.170448 0.09967499 0.163841 0.163631 0.170448 0.161564 0.170448 0.161564 0.163841 0.165553 0.170448 0.163631 0.170448 0.163631 0.163841 0.1671839 0.170448 0.165553 0.170448 0.165553 0.163841 0.06414699 0.087426 0.06414699 0.08905798 0.05753999 0.08905798 0.06414699 0.085505 0.06414699 0.087426 0.05753999 0.087426 0.06414699 0.08358895 0.06414699 0.085505 0.05753999 0.085505 0.06414699 0.081977 0.06414699 0.08358895 0.05753999 0.08358895 0.04209697 0.05387395 0.040434 0.05387395 0.040434 0.06048196 0.093957 0.05387395 0.04209697 0.05387395 0.04209697 0.06048196 0.1471419 0.02260398 0.127185 0.02260398 0.127185 0.01599699 0.147394 0.02260398 0.1471419 0.02260398 0.1471419 0.01599699 0.148705 0.02260398 0.147394 0.02260398 0.147394 0.01599699 0.01649498 0.01531797 0.01649498 0.01706898 0.00988698 0.01706898 0.01649498 0.01339095 0.01649498 0.01531797 0.00988698 0.01531797 0.01649498 0.01137995 0.01649498 0.01339095 0.00988698 0.01339095 0.01649498 0.00988698 0.01649498 0.01137995 0.00988698 0.01137995 0.09719395 0.287248 0.09541696 0.287248 0.09541696 0.293855 0.09909695 0.287248 0.09719395 0.287248 0.09719395 0.293855 0.253912 0.234661 0.251857 0.235146 0.251814 0.233243 0.258655 0.236424 0.257648 0.236895 0.253912 0.234661 0.257648 0.236895 0.258655 0.236424 0.259877 0.2381319 0.259877 0.2381319 0.258655 0.236424 0.261137 0.236822 0.259581 0.235462 0.259608 0.2354789 0.261137 0.236822 0.259581 0.235462 0.258655 0.236424 0.253882 0.233375 0.254057 0.232217 0.253882 0.233375 0.251814 0.233243 0.259608 0.2354789 0.259581 0.235462 0.270965 0.216612 0.27104 0.211703 0.270965 0.216612 0.259581 0.235462 0.254057 0.232217 0.268565 0.203549 0.27104 0.211703 0.254057 0.232217 0.252066 0.231581 0.266783 0.2025009 0.269439 0.202258 0.268565 0.203549 0.266783 0.2025009 0.270384 0.2015939 0.269439 0.202258 0.267941 0.200787 0.270384 0.2015939 0.269554 0.199652 0.271469 0.199274 0.301388 0.265111 0.295854 0.267453 0.27104 0.211703 0.301388 0.265111 0.27438 0.2035779 0.276207 0.202601 0.273533 0.202252 0.275047 0.200787 0.276207 0.202601 0.27258 0.201596 0.273398 0.199652 0.275047 0.200787 0.27258 0.201596 0.271471 0.20138 0.271469 0.199274 0.301671 0.266558 0.301388 0.265111 0.303372 0.26449 0.301388 0.265111 0.301671 0.266558 0.296683 0.268642 0.301458 0.267666 0.297627 0.269283 0.296683 0.268642 0.301458 0.267666 0.301671 0.266558 0.303775 0.266557 0.301458 0.267666 0.303404 0.268479 0.302288 0.27011 0.300803 0.268624 0.298733 0.269495 0.297627 0.269283 0.299845 0.269279 0.300656 0.271225 0.298735 0.271597 0.299845 0.269279 0.300803 0.268624 0.302288 0.27011 0.297627 0.269283 0.298733 0.269495 0.298735 0.271597 0.297627 0.269283 0.29682 0.271231 0.295207 0.270136 0.296683 0.268642 0.295207 0.270136 0.294047 0.268473 0.295854 0.267453 0.294047 0.268473 0.270965 0.216612 0.257648 0.236895 0.258126 0.238952 0.256199 0.2389889 0.256525 0.236918 0.254391 0.235677 0.253912 0.234661 0.255269 0.236484 0.254189 0.238296 0.252696 0.236923 0.255269 0.236484 0.256525 0.236918 0.256199 0.2389889 0.253912 0.234661 0.254391 0.235677 0.252696 0.236923 0.151623 0.1392239 0.131666 0.14885 0.136655 0.158123 0.1314139 0.149052 0.130104 0.150312 0.129247 0.15399 0.129284 0.152063 0.129247 0.15399 0.130104 0.150312 0.12994 0.156 0.131313 0.1574929 0.134993 0.158375 0.13309 0.158332 0.134993 0.158375 0.131313 0.1574929 0.136655 0.158123 0.165735 0.143407 0.151623 0.1392239 0.1674489 0.142248 0.168583 0.140635 0.168961 0.13872 0.168961 0.13872 0.168583 0.136792 0.1674489 0.135142 0.1674489 0.135142 0.165635 0.133982 0.1674489 0.142248 0.103745 0.106817 0.101678 0.106414 0.09976297 0.116141 0.09975695 0.1067849 0.09812599 0.1079 0.101678 0.106414 0.09701097 0.109533 0.09663897 0.111454 0.09812599 0.1079 0.097005 0.113369 0.0981 0.114982 0.09663897 0.111454 0.131666 0.14885 0.1314139 0.149052 0.136655 0.158123 0.0981 0.114982 0.101678 0.106414 0.09812599 0.1079 0.09812599 0.1079 0.09663897 0.111454 0.0981 0.114982 0.165635 0.133982 0.103745 0.106817 0.151623 0.1392239 0.1674489 0.142248 0.168961 0.13872 0.1674489 0.135142 0.134993 0.158375 0.136655 0.158123 0.1314139 0.149052 0.129247 0.15399 0.134993 0.158375 0.1314139 0.149052 0.0981 0.114982 0.09976297 0.116141 0.101678 0.106414 0.129247 0.15399 0.12994 0.156 0.134993 0.158375 0.165735 0.143407 0.165635 0.133982 0.151623 0.1392239 0.103745 0.106817 0.09976297 0.116141 0.151623 0.1392239 0.343453 0.299521 0.343453 0.302394 0.35006 0.302394 0.343453 0.283545 0.343453 0.299521 0.35006 0.299521 0.343453 0.281579 0.343453 0.283545 0.35006 0.283545 0.343453 0.279917 0.343453 0.281579 0.35006 0.281579 0.193606 0.12524 0.191943 0.12524 0.191943 0.118632 0.195573 0.12524 0.193606 0.12524 0.193606 0.118632 0.197538 0.12524 0.195573 0.12524 0.195573 0.118632 0.199201 0.12524 0.197538 0.12524 0.197538 0.118632 0.19855 0.111786 0.19855 0.113448 0.191943 0.113448 0.19855 0.10982 0.19855 0.111786 0.191943 0.111786 0.19855 0.09439796 0.19855 0.10982 0.191943 0.10982 0.19855 0.09404498 0.19855 0.09439796 0.191943 0.09439796 0.19855 0.09228098 0.19855 0.09404498 0.191943 0.09404498 0.19855 0.09052997 0.19855 0.09228098 0.191943 0.09228098 0.1812109 0.004999995 0.179725 0.004999995 0.179725 0.011608 0.183045 0.004999995 0.1812109 0.004999995 0.1812109 0.011608 0.185017 0.004999995 0.183045 0.004999995 0.183045 0.011608 0.186812 0.004999995 0.185017 0.004999995 0.185017 0.011608 0.343453 0.302394 0.343453 0.303843 0.35006 0.303843 0.289403 0.380466 0.288671 0.381123 0.286971 0.379875 0.289403 0.380466 0.289244 0.385277 0.288475 0.384413 0.289403 0.380466 0.291541 0.379977 0.29028 0.385769 0.289403 0.380466 0.28842 0.378571 0.291294 0.377917 0.291541 0.379977 0.291294 0.377917 0.30727 0.377665 0.291541 0.379977 0.307089 0.379733 0.291848 0.385881 0.307073 0.385881 0.30727 0.387946 0.291848 0.387946 0.308425 0.385621 0.309235 0.387568 0.30727 0.387946 0.307089 0.379733 0.308425 0.37999 0.308425 0.385621 0.308425 0.37999 0.307089 0.379733 0.30727 0.377665 0.308425 0.37999 0.309235 0.378042 0.310898 0.379176 0.308425 0.37999 0.309412 0.380662 0.309412 0.384948 0.310084 0.381649 0.310084 0.383961 0.309412 0.384948 0.310084 0.381649 0.309412 0.380662 0.310898 0.379176 0.310084 0.381649 0.312032 0.380839 0.31241 0.382805 0.310084 0.383961 0.310307 0.382805 0.31241 0.382805 0.310084 0.383961 0.312032 0.38477 0.310898 0.386433 0.308425 0.385621 0.309412 0.384948 0.310898 0.386433 0.291582 0.385881 0.291848 0.385881 0.291848 0.387946 0.29028 0.385769 0.291582 0.385881 0.291495 0.387946 0.289244 0.385277 0.29028 0.385769 0.289731 0.387794 0.289244 0.385277 0.28798 0.386963 0.286657 0.385476 0.288113 0.383363 0.288475 0.384413 0.286657 0.385476 0.288188 0.382182 0.288671 0.381123 0.288475 0.384413 0.288671 0.381123 0.288188 0.382182 0.286153 0.381671 0.288113 0.383363 0.286026 0.383643 0.286153 0.381671 0.521228 0.267131 0.522405 0.267131 0.513706 0.333201 0.513706 0.201061 0.522405 0.267131 0.521228 0.267131 0.487185 0.140083 0.488204 0.139495 0.513706 0.201061 0.446804 0.08745795 0.447636 0.08662599 0.488204 0.139495 0.394767 0.04605799 0.447636 0.08662599 0.446804 0.08745795 0.333201 0.02055597 0.394767 0.04605799 0.394179 0.047077 0.267131 0.01303499 0.267131 0.01185798 0.333201 0.02055597 0.201061 0.02055597 0.267131 0.01185798 0.267131 0.01303499 0.140083 0.047077 0.139495 0.04605799 0.201061 0.02055597 0.08745795 0.08745795 0.08662599 0.08662599 0.139495 0.04605799 0.04605799 0.139495 0.08662599 0.08662599 0.08745795 0.08745795 0.02055597 0.201061 0.04605799 0.139495 0.047077 0.140083 0.01303499 0.267131 0.01185798 0.267131 0.02055597 0.201061 0.02055597 0.333201 0.01185798 0.267131 0.01303499 0.267131 0.047077 0.394179 0.04605799 0.394767 0.02055597 0.333201 0.08745795 0.446804 0.08662599 0.447636 0.04605799 0.394767 0.139495 0.488204 0.08662599 0.447636 0.08745795 0.446804 0.201061 0.513706 0.139495 0.488204 0.140083 0.487185 0.267131 0.521228 0.267131 0.522405 0.201061 0.513706 0.333201 0.513706 0.267131 0.522405 0.267131 0.521228 0.394179 0.487185 0.394767 0.488204 0.333201 0.513706 0.446804 0.446804 0.447636 0.447636 0.394767 0.488204 0.488204 0.394767 0.447636 0.447636 0.446804 0.446804 0.513706 0.333201 0.488204 0.394767 0.487185 0.394179 0.51503 0.333555 0.489391 0.395453 0.488204 0.394767 0.522405 0.267131 0.523775 0.267131 0.51503 0.333555 0.51503 0.200707 0.523775 0.267131 0.522405 0.267131 0.488204 0.139495 0.489391 0.138809 0.51503 0.200707 0.447636 0.08662599 0.448606 0.08565598 0.489391 0.138809 0.395453 0.04487097 0.448606 0.08565598 0.447636 0.08662599 0.333555 0.01923197 0.395453 0.04487097 0.394767 0.04605799 0.267131 0.01185798 0.267131 0.01048696 0.333555 0.01923197 0.200707 0.01923197 0.267131 0.01048696 0.267131 0.01185798 0.139495 0.04605799 0.138809 0.04487097 0.200707 0.01923197 0.08662599 0.08662599 0.08565598 0.08565598 0.138809 0.04487097 0.04487097 0.138809 0.08565598 0.08565598 0.08662599 0.08662599 0.01923197 0.200707 0.04487097 0.138809 0.04605799 0.139495 0.01185798 0.267131 0.01048696 0.267131 0.01923197 0.200707 0.01923197 0.333555 0.01048696 0.267131 0.01185798 0.267131 0.04605799 0.394767 0.04487097 0.395453 0.01923197 0.333555 0.08662599 0.447636 0.08565598 0.448606 0.04487097 0.395453 0.138809 0.489391 0.08565598 0.448606 0.08662599 0.447636 0.200707 0.51503 0.138809 0.489391 0.139495 0.488204 0.267131 0.522405 0.267131 0.523775 0.200707 0.51503 0.333555 0.51503 0.267131 0.523775 0.267131 0.522405 0.394767 0.488204 0.395453 0.489391 0.333555 0.51503 0.447636 0.447636 0.448606 0.448606 0.395453 0.489391 0.489391 0.395453 0.448606 0.448606 0.447636 0.447636 0.490664 0.396188 0.449645 0.449645 0.448606 0.448606 0.516449 0.333936 0.490664 0.396188 0.489391 0.395453 0.525245 0.267131 0.516449 0.333936 0.51503 0.333555 0.51503 0.200707 0.516449 0.200326 0.525245 0.267131 0.489391 0.138809 0.490664 0.138074 0.516449 0.200326 0.448606 0.08565598 0.449645 0.08461695 0.490664 0.138074 0.396188 0.04359799 0.449645 0.08461695 0.448606 0.08565598 0.333936 0.01781296 0.396188 0.04359799 0.395453 0.04487097 0.267131 0.00901699 0.333936 0.01781296 0.333555 0.01923197 0.200707 0.01923197 0.200326 0.01781296 0.267131 0.00901699 0.138809 0.04487097 0.138074 0.04359799 0.200326 0.01781296 0.08565598 0.08565598 0.08461695 0.08461695 0.138074 0.04359799 0.04359799 0.138074 0.08461695 0.08461695 0.08565598 0.08565598 0.01781296 0.200326 0.04359799 0.138074 0.04487097 0.138809 0.00901699 0.267131 0.01781296 0.200326 0.01923197 0.200707 0.01923197 0.333555 0.01781296 0.333936 0.00901699 0.267131 0.04487097 0.395453 0.04359799 0.396188 0.01781296 0.333936 0.08565598 0.448606 0.08461695 0.449645 0.04359799 0.396188 0.138074 0.490664 0.08461695 0.449645 0.08565598 0.448606 0.200326 0.516449 0.138074 0.490664 0.138809 0.489391 0.267131 0.525245 0.200326 0.516449 0.200707 0.51503 0.333555 0.51503 0.333936 0.516449 0.267131 0.525245 0.395453 0.489391 0.396188 0.490664 0.333936 0.516449 0.448606 0.448606 0.449645 0.449645 0.396188 0.490664 0.450685 0.450685 0.396923 0.491938 0.396188 0.490664 0.490664 0.396188 0.491938 0.396923 0.450685 0.450685 0.516449 0.333936 0.51787 0.334316 0.491938 0.396923 0.525245 0.267131 0.526715 0.267131 0.51787 0.334316 0.51787 0.199946 0.526715 0.267131 0.525245 0.267131 0.491938 0.1373389 0.51787 0.199946 0.516449 0.200326 0.450685 0.08357697 0.491938 0.1373389 0.490664 0.138074 0.396188 0.04359799 0.396923 0.04232394 0.450685 0.08357697 0.333936 0.01781296 0.334316 0.01639199 0.396923 0.04232394 0.267131 0.00901699 0.267131 0.007546961 0.334316 0.01639199 0.199946 0.01639199 0.267131 0.007546961 0.267131 0.00901699 0.1373389 0.04232394 0.199946 0.01639199 0.200326 0.01781296 0.08357697 0.08357697 0.1373389 0.04232394 0.138074 0.04359799 0.04359799 0.138074 0.04232394 0.1373389 0.08357697 0.08357697 0.01781296 0.200326 0.01639199 0.199946 0.04232394 0.1373389 0.00901699 0.267131 0.007546961 0.267131 0.01639199 0.199946 0.01639199 0.334316 0.007546961 0.267131 0.00901699 0.267131 0.04232394 0.396923 0.01639199 0.334316 0.01781296 0.333936 0.08357697 0.450685 0.04232394 0.396923 0.04359799 0.396188 0.138074 0.490664 0.1373389 0.491938 0.08357697 0.450685 0.200326 0.516449 0.199946 0.51787 0.1373389 0.491938 0.267131 0.525245 0.267131 0.526715 0.199946 0.51787 0.334316 0.51787 0.267131 0.526715 0.267131 0.525245 0.396923 0.491938 0.334316 0.51787 0.333936 0.516449 0.396923 0.491938 0.397609 0.493124 0.334671 0.519194 0.450685 0.450685 0.451654 0.451654 0.397609 0.493124 0.493124 0.397609 0.451654 0.451654 0.450685 0.450685 0.519194 0.334671 0.493124 0.397609 0.491938 0.396923 0.528085 0.267131 0.519194 0.334671 0.51787 0.334316 0.51787 0.199946 0.519194 0.199591 0.528085 0.267131 0.491938 0.1373389 0.493124 0.136653 0.519194 0.199591 0.450685 0.08357697 0.451654 0.08260899 0.493124 0.136653 0.397609 0.04113799 0.451654 0.08260899 0.450685 0.08357697 0.334671 0.01506799 0.397609 0.04113799 0.396923 0.04232394 0.267131 0.006176948 0.334671 0.01506799 0.334316 0.01639199 0.199946 0.01639199 0.199591 0.01506799 0.267131 0.006176948 0.1373389 0.04232394 0.136653 0.04113799 0.199591 0.01506799 0.08357697 0.08357697 0.08260899 0.08260899 0.136653 0.04113799 0.04113799 0.136653 0.08260899 0.08260899 0.08357697 0.08357697 0.01506799 0.199591 0.04113799 0.136653 0.04232394 0.1373389 0.006176948 0.267131 0.01506799 0.199591 0.01639199 0.199946 0.01639199 0.334316 0.01506799 0.334671 0.006176948 0.267131 0.04232394 0.396923 0.04113799 0.397609 0.01506799 0.334671 0.08357697 0.450685 0.08260899 0.451654 0.04113799 0.397609 0.136653 0.493124 0.08260899 0.451654 0.08357697 0.450685 0.199591 0.519194 0.136653 0.493124 0.1373389 0.491938 0.267131 0.528085 0.199591 0.519194 0.199946 0.51787 0.334316 0.51787 0.334671 0.519194 0.267131 0.528085 0.334976 0.52033 0.267131 0.529262 0.267131 0.528085 0.397609 0.493124 0.398197 0.494143 0.334976 0.52033 0.451654 0.451654 0.452486 0.452486 0.398197 0.494143 0.494143 0.398197 0.452486 0.452486 0.451654 0.451654 0.52033 0.334976 0.494143 0.398197 0.493124 0.397609 0.528085 0.267131 0.529262 0.267131 0.52033 0.334976 0.52033 0.199286 0.529262 0.267131 0.528085 0.267131 0.493124 0.136653 0.494143 0.136065 0.52033 0.199286 0.451654 0.08260899 0.452486 0.08177596 0.494143 0.136065 0.398197 0.04011899 0.452486 0.08177596 0.451654 0.08260899 0.334976 0.01393198 0.398197 0.04011899 0.397609 0.04113799 0.267131 0.006176948 0.267131 0.004999995 0.334976 0.01393198 0.199286 0.01393198 0.267131 0.004999995 0.267131 0.006176948 0.136653 0.04113799 0.136065 0.04011899 0.199286 0.01393198 0.08260899 0.08260899 0.08177596 0.08177596 0.136065 0.04011899 0.04011899 0.136065 0.08177596 0.08177596 0.08260899 0.08260899 0.01393198 0.199286 0.04011899 0.136065 0.04113799 0.136653 0.006176948 0.267131 0.004999995 0.267131 0.01393198 0.199286 0.01393198 0.334976 0.004999995 0.267131 0.006176948 0.267131 0.04113799 0.397609 0.04011899 0.398197 0.01393198 0.334976 0.08260899 0.451654 0.08177596 0.452486 0.04011899 0.398197 0.136065 0.494143 0.08177596 0.452486 0.08260899 0.451654 0.199286 0.52033 0.136065 0.494143 0.136653 0.493124 0.267131 0.528085 0.267131 0.529262 0.199286 0.52033 0.155991 0.694934 0.154814 0.694934 0.154814 0.626856 0.154814 0.763012 0.154814 0.694934 0.155991 0.694934 0.154814 0.826452 0.154814 0.763012 0.155991 0.762779 0.154814 0.880927 0.154814 0.826452 0.155991 0.826 0.723365 0.03869295 0.723816 0.03751599 0.778291 0.03751599 0.660143 0.03869295 0.660377 0.03751599 0.723816 0.03751599 0.592299 0.03869295 0.592299 0.03751599 0.660377 0.03751599 0.524221 0.03751599 0.592299 0.03751599 0.592299 0.03869295 0.460782 0.03751599 0.524221 0.03751599 0.524454 0.03869295 0.406306 0.03751599 0.460782 0.03751599 0.461233 0.03869295 0.355671 0.1142269 0.356848 0.113776 0.356848 0.0593 0.355671 0.177448 0.356848 0.177215 0.356848 0.113776 0.355671 0.245293 0.356848 0.245293 0.356848 0.177215 0.356848 0.313371 0.356848 0.245293 0.355671 0.245293 0.356848 0.37681 0.356848 0.313371 0.355671 0.313138 0.356848 0.431286 0.356848 0.37681 0.355671 0.376359 0.731918 0.591489 0.732369 0.592666 0.786844 0.592666 0.668696 0.591489 0.66893 0.592666 0.732369 0.592666 0.600852 0.591489 0.600852 0.592666 0.66893 0.592666 0.532774 0.592666 0.600852 0.592666 0.600852 0.591489 0.469334 0.592666 0.532774 0.592666 0.533007 0.591489 0.414859 0.592666 0.469334 0.592666 0.469786 0.591489 0.155991 0.563868 0.154814 0.563417 0.154814 0.508942 0.155991 0.62709 0.154814 0.626856 0.154814 0.563417 0.153444 0.626709 0.153444 0.563133 0.154814 0.563417 0.153444 0.694934 0.153444 0.626709 0.154814 0.626856 0.154814 0.763012 0.153444 0.76316 0.153444 0.694934 0.154814 0.826452 0.153444 0.826735 0.153444 0.76316 0.153444 0.881329 0.153444 0.826735 0.154814 0.826452 0.723816 0.03751599 0.7241 0.03614598 0.778693 0.03614598 0.660524 0.03614598 0.7241 0.03614598 0.723816 0.03751599 0.592299 0.03614598 0.660524 0.03614598 0.660377 0.03751599 0.524221 0.03751599 0.524073 0.03614598 0.592299 0.03614598 0.460782 0.03751599 0.460498 0.03614598 0.524073 0.03614598 0.405905 0.03614598 0.460498 0.03614598 0.460782 0.03751599 0.356848 0.113776 0.358218 0.113492 0.358218 0.05889898 0.358218 0.177067 0.358218 0.113492 0.356848 0.113776 0.358218 0.245293 0.358218 0.177067 0.356848 0.177215 0.356848 0.313371 0.358218 0.313519 0.358218 0.245293 0.356848 0.37681 0.358218 0.377094 0.358218 0.313519 0.358218 0.431687 0.358218 0.377094 0.356848 0.37681 0.732369 0.592666 0.732653 0.594036 0.787246 0.594036 0.669077 0.594036 0.732653 0.594036 0.732369 0.592666 0.600852 0.594036 0.669077 0.594036 0.66893 0.592666 0.532774 0.592666 0.532626 0.594036 0.600852 0.594036 0.469334 0.592666 0.469051 0.594036 0.532626 0.594036 0.414457 0.594036 0.469051 0.594036 0.469334 0.592666 0.154814 0.563417 0.153444 0.563133 0.153444 0.50854 0.153444 0.563133 0.151974 0.563037 0.151974 0.508403 0.153444 0.626709 0.151974 0.626659 0.151974 0.563037 0.153444 0.694934 0.151974 0.694934 0.151974 0.626659 0.151974 0.76321 0.151974 0.694934 0.153444 0.694934 0.151974 0.826831 0.151974 0.76321 0.153444 0.76316 0.151974 0.881466 0.151974 0.826831 0.153444 0.826735 0.7241 0.03614598 0.724196 0.03467595 0.77883 0.03467595 0.660524 0.03614598 0.660574 0.03467595 0.724196 0.03467595 0.592299 0.03614598 0.592299 0.03467595 0.660574 0.03467595 0.524024 0.03467595 0.592299 0.03467595 0.592299 0.03614598 0.460402 0.03467595 0.524024 0.03467595 0.524073 0.03614598 0.405767 0.03467595 0.460402 0.03467595 0.460498 0.03614598 0.358218 0.113492 0.359689 0.113396 0.359689 0.058761 0.358218 0.177067 0.359689 0.177018 0.359689 0.113396 0.358218 0.245293 0.359689 0.245293 0.359689 0.177018 0.359689 0.313568 0.359689 0.245293 0.358218 0.245293 0.359689 0.37719 0.359689 0.313568 0.358218 0.313519 0.359689 0.431825 0.359689 0.37719 0.358218 0.377094 0.732653 0.594036 0.732749 0.595506 0.787383 0.595506 0.669077 0.594036 0.669127 0.595506 0.732749 0.595506 0.600852 0.594036 0.600852 0.595506 0.669127 0.595506 0.532577 0.595506 0.600852 0.595506 0.600852 0.594036 0.468955 0.595506 0.532577 0.595506 0.532626 0.594036 0.41432 0.595506 0.468955 0.595506 0.469051 0.594036 0.41432 0.595506 0.414457 0.596976 0.469051 0.596976 0.1505039 0.563133 0.1505039 0.50854 0.151974 0.508403 0.1505039 0.626709 0.1505039 0.563133 0.151974 0.563037 0.1505039 0.694934 0.1505039 0.626709 0.151974 0.626659 0.151974 0.76321 0.1505039 0.76316 0.1505039 0.694934 0.151974 0.826831 0.1505039 0.826735 0.1505039 0.76316 0.151974 0.881466 0.1505039 0.881329 0.1505039 0.826735 0.7241 0.03320598 0.778693 0.03320598 0.77883 0.03467595 0.660524 0.03320598 0.7241 0.03320598 0.724196 0.03467595 0.592299 0.03320598 0.660524 0.03320598 0.660574 0.03467595 0.524024 0.03467595 0.524073 0.03320598 0.592299 0.03320598 0.460402 0.03467595 0.460498 0.03320598 0.524073 0.03320598 0.405767 0.03467595 0.405905 0.03320598 0.460498 0.03320598 0.361159 0.113492 0.361159 0.05889898 0.359689 0.058761 0.361159 0.177067 0.361159 0.113492 0.359689 0.113396 0.361159 0.245293 0.361159 0.177067 0.359689 0.177018 0.359689 0.313568 0.361159 0.313519 0.361159 0.245293 0.359689 0.37719 0.361159 0.377094 0.361159 0.313519 0.359689 0.431825 0.361159 0.431687 0.361159 0.377094 0.732653 0.596976 0.787246 0.596976 0.787383 0.595506 0.669077 0.596976 0.732653 0.596976 0.732749 0.595506 0.600852 0.596976 0.669077 0.596976 0.669127 0.595506 0.532577 0.595506 0.532626 0.596976 0.600852 0.596976 0.468955 0.595506 0.469051 0.596976 0.532626 0.596976 0.469334 0.598346 0.532774 0.598346 0.532626 0.596976 0.414457 0.596976 0.414859 0.598346 0.469334 0.598346 0.149134 0.563417 0.149134 0.508942 0.1505039 0.50854 0.1505039 0.626709 0.149134 0.626856 0.149134 0.563417 0.1505039 0.694934 0.149134 0.694934 0.149134 0.626856 0.149134 0.763012 0.149134 0.694934 0.1505039 0.694934 0.149134 0.826452 0.149134 0.763012 0.1505039 0.76316 0.1505039 0.881329 0.149134 0.880927 0.149134 0.826452 0.723816 0.03183597 0.778291 0.03183597 0.778693 0.03320598 0.660524 0.03320598 0.660377 0.03183597 0.723816 0.03183597 0.592299 0.03320598 0.592299 0.03183597 0.660377 0.03183597 0.524221 0.03183597 0.592299 0.03183597 0.592299 0.03320598 0.460782 0.03183597 0.524221 0.03183597 0.524073 0.03320598 0.405905 0.03320598 0.406306 0.03183597 0.460782 0.03183597 0.362529 0.113776 0.362529 0.0593 0.361159 0.05889898 0.361159 0.177067 0.362529 0.177215 0.362529 0.113776 0.361159 0.245293 0.362529 0.245293 0.362529 0.177215 0.362529 0.313371 0.362529 0.245293 0.361159 0.245293 0.362529 0.37681 0.362529 0.313371 0.361159 0.313519 0.361159 0.431687 0.362529 0.431286 0.362529 0.37681 0.732369 0.598346 0.786844 0.598346 0.787246 0.596976 0.669077 0.596976 0.66893 0.598346 0.732369 0.598346 0.600852 0.596976 0.600852 0.598346 0.66893 0.598346 0.532774 0.598346 0.600852 0.598346 0.600852 0.596976 0.532774 0.598346 0.533007 0.599523 0.600852 0.599523 0.469334 0.598346 0.469786 0.599523 0.533007 0.599523 0.414859 0.598346 0.415497 0.599523 0.469786 0.599523 0.147957 0.563868 0.147957 0.50958 0.149134 0.508942 0.147957 0.62709 0.147957 0.563868 0.149134 0.563417 0.147957 0.694934 0.147957 0.62709 0.149134 0.626856 0.149134 0.763012 0.147957 0.762779 0.147957 0.694934 0.149134 0.826452 0.147957 0.826 0.147957 0.762779 0.149134 0.880927 0.147957 0.880289 0.147957 0.826 0.723365 0.03065896 0.777653 0.03065896 0.778291 0.03183597 0.660143 0.03065896 0.723365 0.03065896 0.723816 0.03183597 0.592299 0.03065896 0.660143 0.03065896 0.660377 0.03183597 0.524221 0.03183597 0.524454 0.03065896 0.592299 0.03065896 0.460782 0.03183597 0.461233 0.03065896 0.524454 0.03065896 0.406306 0.03183597 0.406944 0.03065896 0.461233 0.03065896 0.363706 0.1142269 0.363706 0.05993795 0.362529 0.0593 0.363706 0.177448 0.363706 0.1142269 0.362529 0.113776 0.363706 0.245293 0.363706 0.177448 0.362529 0.177215 0.362529 0.313371 0.363706 0.313138 0.363706 0.245293 0.362529 0.37681 0.363706 0.376359 0.363706 0.313138 0.362529 0.431286 0.363706 0.430648 0.363706 0.376359 0.731918 0.599523 0.786206 0.599523 0.786844 0.598346 0.668696 0.599523 0.731918 0.599523 0.732369 0.598346 0.600852 0.599523 0.668696 0.599523 0.66893 0.598346 0.903193 0.641018 0.894302 0.708558 0.895439 0.708862 0.895439 0.573173 0.894302 0.573477 0.903193 0.641018 0.868232 0.51054 0.894302 0.573477 0.895439 0.573173 0.826762 0.456495 0.868232 0.51054 0.869251 0.509951 0.773305 0.414005 0.772717 0.415024 0.826762 0.456495 0.710084 0.387818 0.70978 0.388955 0.772717 0.415024 0.642239 0.380063 0.70978 0.388955 0.710084 0.387818 0.574395 0.387818 0.574699 0.388955 0.642239 0.380063 0.511762 0.415024 0.574699 0.388955 0.574395 0.387818 0.457717 0.456495 0.511762 0.415024 0.511173 0.414005 0.415227 0.509951 0.416246 0.51054 0.457717 0.456495 0.38904 0.573173 0.390177 0.573477 0.416246 0.51054 0.381285 0.641018 0.390177 0.573477 0.38904 0.573173 0.38904 0.708862 0.390177 0.708558 0.381285 0.641018 0.416246 0.771495 0.390177 0.708558 0.38904 0.708862 0.457717 0.82554 0.416246 0.771495 0.415227 0.772084 0.511173 0.86803 0.511762 0.867011 0.457717 0.82554 0.574395 0.894217 0.574699 0.89308 0.511762 0.867011 0.642239 0.901972 0.574699 0.89308 0.574395 0.894217 0.710084 0.894217 0.70978 0.89308 0.642239 0.901972 0.772717 0.867011 0.70978 0.89308 0.710084 0.894217 0.826762 0.82554 0.772717 0.867011 0.773305 0.86803 0.869251 0.772084 0.868232 0.771495 0.826762 0.82554 0.895439 0.708862 0.894302 0.708558 0.868232 0.771495 0.894302 0.708558 0.892978 0.708203 0.867046 0.77081 0.903193 0.641018 0.901823 0.641018 0.892978 0.708203 0.892978 0.573833 0.901823 0.641018 0.903193 0.641018 0.867046 0.511226 0.892978 0.573833 0.894302 0.573477 0.825793 0.457464 0.867046 0.511226 0.868232 0.51054 0.772717 0.415024 0.772031 0.416211 0.825793 0.457464 0.70978 0.388955 0.709424 0.390279 0.772031 0.416211 0.642239 0.380063 0.642239 0.381433 0.709424 0.390279 0.575055 0.390279 0.642239 0.381433 0.642239 0.380063 0.512447 0.416211 0.575055 0.390279 0.574699 0.388955 0.458685 0.457464 0.512447 0.416211 0.511762 0.415024 0.416246 0.51054 0.417433 0.511226 0.458685 0.457464 0.390177 0.573477 0.3915 0.573833 0.417433 0.511226 0.381285 0.641018 0.382655 0.641018 0.3915 0.573833 0.3915 0.708203 0.382655 0.641018 0.381285 0.641018 0.417433 0.77081 0.3915 0.708203 0.390177 0.708558 0.458685 0.824572 0.417433 0.77081 0.416246 0.771495 0.511762 0.867011 0.512447 0.865824 0.458685 0.824572 0.574699 0.89308 0.575055 0.891756 0.512447 0.865824 0.642239 0.901972 0.642239 0.900602 0.575055 0.891756 0.709424 0.891756 0.642239 0.900602 0.642239 0.901972 0.772031 0.865824 0.709424 0.891756 0.70978 0.89308 0.825793 0.824572 0.772031 0.865824 0.772717 0.867011 0.868232 0.771495 0.867046 0.77081 0.825793 0.824572 0.865772 0.770074 0.824754 0.823532 0.825793 0.824572 0.891558 0.707823 0.865772 0.770074 0.867046 0.77081 0.900353 0.641018 0.891558 0.707823 0.892978 0.708203 0.892978 0.573833 0.891558 0.574212 0.900353 0.641018 0.867046 0.511226 0.865772 0.511961 0.891558 0.574212 0.825793 0.457464 0.824754 0.458503 0.865772 0.511961 0.771296 0.417485 0.824754 0.458503 0.825793 0.457464 0.709044 0.391699 0.771296 0.417485 0.772031 0.416211 0.642239 0.382904 0.709044 0.391699 0.709424 0.390279 0.575055 0.390279 0.575434 0.391699 0.642239 0.382904 0.512447 0.416211 0.513183 0.417485 0.575434 0.391699 0.458685 0.457464 0.459725 0.458503 0.513183 0.417485 0.418707 0.511961 0.459725 0.458503 0.458685 0.457464 0.392921 0.574212 0.418707 0.511961 0.417433 0.511226 0.384126 0.641018 0.392921 0.574212 0.3915 0.573833 0.3915 0.708203 0.392921 0.707823 0.384126 0.641018 0.417433 0.77081 0.418707 0.770074 0.392921 0.707823 0.458685 0.824572 0.459725 0.823532 0.418707 0.770074 0.513183 0.86455 0.459725 0.823532 0.458685 0.824572 0.575434 0.890336 0.513183 0.86455 0.512447 0.865824 0.642239 0.899131 0.575434 0.890336 0.575055 0.891756 0.709424 0.891756 0.709044 0.890336 0.642239 0.899131 0.772031 0.865824 0.771296 0.86455 0.709044 0.890336 0.825793 0.824572 0.824754 0.823532 0.771296 0.86455 0.823714 0.822492 0.770561 0.863277 0.771296 0.86455 0.865772 0.770074 0.864499 0.769339 0.823714 0.822492 0.891558 0.707823 0.890138 0.707442 0.864499 0.769339 0.900353 0.641018 0.898883 0.641018 0.890138 0.707442 0.890138 0.574594 0.898883 0.641018 0.900353 0.641018 0.864499 0.512696 0.890138 0.574594 0.891558 0.574212 0.823714 0.459543 0.864499 0.512696 0.865772 0.511961 0.771296 0.417485 0.770561 0.418758 0.823714 0.459543 0.709044 0.391699 0.708663 0.393119 0.770561 0.418758 0.642239 0.382904 0.642239 0.384374 0.708663 0.393119 0.575815 0.393119 0.642239 0.384374 0.642239 0.382904 0.513918 0.418758 0.575815 0.393119 0.575434 0.391699 0.460765 0.459543 0.513918 0.418758 0.513183 0.417485 0.418707 0.511961 0.41998 0.512696 0.460765 0.459543 0.392921 0.574212 0.394341 0.574594 0.41998 0.512696 0.384126 0.641018 0.385596 0.641018 0.394341 0.574594 0.394341 0.707442 0.385596 0.641018 0.384126 0.641018 0.41998 0.769339 0.394341 0.707442 0.392921 0.707823 0.460765 0.822492 0.41998 0.769339 0.418707 0.770074 0.513183 0.86455 0.513918 0.863277 0.460765 0.822492 0.575434 0.890336 0.575815 0.888916 0.513918 0.863277 0.642239 0.899131 0.642239 0.897661 0.575815 0.888916 0.708663 0.888916 0.642239 0.897661 0.642239 0.899131 0.770561 0.863277 0.708663 0.888916 0.709044 0.890336 0.769876 0.862091 0.708309 0.887593 0.708663 0.888916 0.822744 0.821523 0.769876 0.862091 0.770561 0.863277 0.864499 0.769339 0.863313 0.768654 0.822744 0.821523 0.890138 0.707442 0.888814 0.707087 0.863313 0.768654 0.897513 0.641018 0.888814 0.707087 0.890138 0.707442 0.890138 0.574594 0.888814 0.574948 0.897513 0.641018 0.863313 0.513381 0.888814 0.574948 0.890138 0.574594 0.822744 0.460512 0.863313 0.513381 0.864499 0.512696 0.770561 0.418758 0.769876 0.419944 0.822744 0.460512 0.708663 0.393119 0.708309 0.394442 0.769876 0.419944 0.642239 0.385744 0.708309 0.394442 0.708663 0.393119 0.575815 0.393119 0.576169 0.394442 0.642239 0.385744 0.514603 0.419944 0.576169 0.394442 0.575815 0.393119 0.461734 0.460512 0.514603 0.419944 0.513918 0.418758 0.41998 0.512696 0.421166 0.513381 0.461734 0.460512 0.394341 0.574594 0.395664 0.574948 0.421166 0.513381 0.386966 0.641018 0.395664 0.574948 0.394341 0.574594 0.394341 0.707442 0.395664 0.707087 0.386966 0.641018 0.421166 0.768654 0.395664 0.707087 0.394341 0.707442 0.461734 0.821523 0.421166 0.768654 0.41998 0.769339 0.513918 0.863277 0.514603 0.862091 0.461734 0.821523 0.575815 0.888916 0.576169 0.887593 0.514603 0.862091 0.642239 0.896291 0.576169 0.887593 0.575815 0.888916 0.708663 0.888916 0.708309 0.887593 0.642239 0.896291 0.708309 0.887593 0.708005 0.886456 0.642239 0.895114 0.769287 0.861072 0.708005 0.886456 0.708309 0.887593 0.821912 0.820691 0.769287 0.861072 0.769876 0.862091 0.863313 0.768654 0.862294 0.768065 0.821912 0.820691 0.888814 0.707087 0.887678 0.706783 0.862294 0.768065 0.896336 0.641018 0.887678 0.706783 0.888814 0.707087 0.888814 0.574948 0.887678 0.575252 0.896336 0.641018 0.862294 0.51397 0.887678 0.575252 0.888814 0.574948 0.821912 0.461345 0.862294 0.51397 0.863313 0.513381 0.769876 0.419944 0.769287 0.420963 0.821912 0.461345 0.708309 0.394442 0.708005 0.395579 0.769287 0.420963 0.642239 0.386921 0.708005 0.395579 0.708309 0.394442 0.576169 0.394442 0.576474 0.395579 0.642239 0.386921 0.515192 0.420963 0.576474 0.395579 0.576169 0.394442 0.462566 0.461345 0.515192 0.420963 0.514603 0.419944 0.421166 0.513381 0.422185 0.51397 0.462566 0.461345 0.395664 0.574948 0.396801 0.575252 0.422185 0.51397 0.388143 0.641018 0.396801 0.575252 0.395664 0.574948 0.395664 0.707087 0.396801 0.706783 0.388143 0.641018 0.422185 0.768065 0.396801 0.706783 0.395664 0.707087 0.462566 0.820691 0.422185 0.768065 0.421166 0.768654 0.514603 0.862091 0.515192 0.861072 0.462566 0.820691 0.576169 0.887593 0.576474 0.886456 0.515192 0.861072 0.642239 0.895114 0.576474 0.886456 0.576169 0.887593 0.06853598 0.635536 0.06971299 0.635536 0.06971299 0.701067 0.06971299 0.570005 0.06971299 0.635536 0.06853598 0.635536 0.06971299 0.50894 0.06971299 0.570005 0.06853598 0.569771 0.06853598 0.455863 0.06971299 0.456501 0.06971299 0.50894 0.46984 0.579225 0.417402 0.579225 0.416764 0.578048 0.530672 0.578048 0.530906 0.579225 0.46984 0.579225 0.596437 0.578048 0.596437 0.579225 0.530906 0.579225 0.661968 0.579225 0.596437 0.579225 0.596437 0.578048 0.723033 0.579225 0.661968 0.579225 0.662202 0.578048 0.77611 0.578048 0.775472 0.579225 0.723033 0.579225 0.08883398 0.773129 0.08883398 0.825568 0.090011 0.826206 0.090011 0.712298 0.08883398 0.712064 0.08883398 0.773129 0.090011 0.646533 0.08883398 0.646533 0.08883398 0.712064 0.08883398 0.581002 0.08883398 0.646533 0.090011 0.646533 0.08883398 0.519936 0.08883398 0.581002 0.090011 0.580767 0.090011 0.46686 0.08883398 0.467498 0.08883398 0.519936 0.433185 0.02407598 0.380746 0.02407598 0.380108 0.02525299 0.494016 0.02525299 0.49425 0.02407598 0.433185 0.02407598 0.559781 0.02525299 0.559781 0.02407598 0.49425 0.02407598 0.625312 0.02407598 0.559781 0.02407598 0.559781 0.02525299 0.686378 0.02407598 0.625312 0.02407598 0.625547 0.02525299 0.739454 0.02525299 0.738816 0.02407598 0.686378 0.02407598 0.06971299 0.762133 0.06971299 0.814571 0.06853598 0.815209 0.06853598 0.701301 0.06971299 0.701067 0.06971299 0.762133 0.071083 0.70092 0.071083 0.761849 0.06971299 0.762133 0.071083 0.635536 0.071083 0.70092 0.06971299 0.701067 0.06971299 0.570005 0.071083 0.570152 0.071083 0.635536 0.06971299 0.50894 0.071083 0.509223 0.071083 0.570152 0.071083 0.456903 0.071083 0.509223 0.06971299 0.50894 0.46984 0.579225 0.470124 0.580595 0.417803 0.580595 0.531053 0.580595 0.470124 0.580595 0.46984 0.579225 0.596437 0.580595 0.531053 0.580595 0.530906 0.579225 0.661968 0.579225 0.661821 0.580595 0.596437 0.580595 0.723033 0.579225 0.72275 0.580595 0.661821 0.580595 0.77507 0.580595 0.72275 0.580595 0.723033 0.579225 0.08883398 0.773129 0.08746397 0.772845 0.08746397 0.825166 0.08746397 0.711917 0.08746397 0.772845 0.08883398 0.773129 0.08746397 0.646533 0.08746397 0.711917 0.08883398 0.712064 0.08883398 0.581002 0.08746397 0.581148 0.08746397 0.646533 0.08883398 0.519936 0.08746397 0.52022 0.08746397 0.581148 0.08746397 0.467899 0.08746397 0.52022 0.08883398 0.519936 0.433185 0.02407598 0.433469 0.02270597 0.381148 0.02270597 0.494397 0.02270597 0.433469 0.02270597 0.433185 0.02407598 0.559781 0.02270597 0.494397 0.02270597 0.49425 0.02407598 0.625312 0.02407598 0.625166 0.02270597 0.559781 0.02270597 0.686378 0.02407598 0.686094 0.02270597 0.625166 0.02270597 0.738415 0.02270597 0.686094 0.02270597 0.686378 0.02407598 0.06971299 0.762133 0.071083 0.761849 0.071083 0.814169 0.07255399 0.761753 0.07255399 0.814033 0.071083 0.814169 0.07255399 0.700871 0.07255399 0.761753 0.071083 0.761849 0.07255399 0.635536 0.07255399 0.700871 0.071083 0.70092 0.071083 0.570152 0.07255399 0.570201 0.07255399 0.635536 0.071083 0.509223 0.07255399 0.509319 0.07255399 0.570201 0.071083 0.456903 0.07255399 0.457039 0.07255399 0.509319 0.47022 0.582066 0.41794 0.582066 0.417803 0.580595 0.531102 0.582066 0.47022 0.582066 0.470124 0.580595 0.596437 0.582066 0.531102 0.582066 0.531053 0.580595 0.661821 0.580595 0.661772 0.582066 0.596437 0.582066 0.72275 0.580595 0.722653 0.582066 0.661772 0.582066 0.77507 0.580595 0.774934 0.582066 0.722653 0.582066 0.085994 0.772749 0.085994 0.82503 0.08746397 0.825166 0.085994 0.711868 0.085994 0.772749 0.08746397 0.772845 0.085994 0.646533 0.085994 0.711868 0.08746397 0.711917 0.08746397 0.581148 0.085994 0.581198 0.085994 0.646533 0.08746397 0.52022 0.085994 0.520316 0.085994 0.581198 0.08746397 0.467899 0.085994 0.468036 0.085994 0.520316 0.433565 0.021236 0.381284 0.021236 0.381148 0.02270597 0.494447 0.021236 0.433565 0.021236 0.433469 0.02270597 0.559781 0.021236 0.494447 0.021236 0.494397 0.02270597 0.625166 0.02270597 0.625116 0.021236 0.559781 0.021236 0.686094 0.02270597 0.685998 0.021236 0.625116 0.021236 0.738415 0.02270597 0.738278 0.021236 0.685998 0.021236 0.738415 0.01976597 0.686094 0.01976597 0.685998 0.021236 0.07255399 0.761753 0.07402396 0.761849 0.07402396 0.814169 0.07255399 0.700871 0.07402396 0.70092 0.07402396 0.761849 0.07255399 0.635536 0.07402396 0.635536 0.07402396 0.70092 0.07402396 0.570152 0.07402396 0.635536 0.07255399 0.635536 0.07402396 0.509223 0.07402396 0.570152 0.07255399 0.570201 0.07402396 0.456903 0.07402396 0.509223 0.07255399 0.509319 0.47022 0.582066 0.470124 0.583536 0.417803 0.583536 0.531102 0.582066 0.531053 0.583536 0.470124 0.583536 0.596437 0.582066 0.596437 0.583536 0.531053 0.583536 0.661821 0.583536 0.596437 0.583536 0.596437 0.582066 0.72275 0.583536 0.661821 0.583536 0.661772 0.582066 0.77507 0.583536 0.72275 0.583536 0.722653 0.582066 0.085994 0.772749 0.08452397 0.772845 0.08452397 0.825166 0.085994 0.711868 0.08452397 0.711917 0.08452397 0.772845 0.085994 0.646533 0.08452397 0.646533 0.08452397 0.711917 0.08452397 0.581148 0.08452397 0.646533 0.085994 0.646533 0.08452397 0.52022 0.08452397 0.581148 0.085994 0.581198 0.08452397 0.467899 0.08452397 0.52022 0.085994 0.520316 0.433565 0.021236 0.433469 0.01976597 0.381148 0.01976597 0.494447 0.021236 0.494397 0.01976597 0.433469 0.01976597 0.559781 0.021236 0.559781 0.01976597 0.494397 0.01976597 0.625166 0.01976597 0.559781 0.01976597 0.559781 0.021236 0.686094 0.01976597 0.625166 0.01976597 0.625116 0.021236 0.686378 0.01839596 0.625312 0.01839596 0.625166 0.01976597 0.738415 0.01976597 0.738816 0.01839596 0.686378 0.01839596 0.07539397 0.762133 0.07539397 0.814571 0.07402396 0.814169 0.07402396 0.70092 0.07539397 0.701067 0.07539397 0.762133 0.07402396 0.635536 0.07539397 0.635536 0.07539397 0.701067 0.07539397 0.570005 0.07539397 0.635536 0.07402396 0.635536 0.07539397 0.50894 0.07539397 0.570005 0.07402396 0.570152 0.07402396 0.456903 0.07539397 0.456501 0.07539397 0.50894 0.46984 0.584906 0.417402 0.584906 0.417803 0.583536 0.531053 0.583536 0.530906 0.584906 0.46984 0.584906 0.596437 0.583536 0.596437 0.584906 0.530906 0.584906 0.661968 0.584906 0.596437 0.584906 0.596437 0.583536 0.723033 0.584906 0.661968 0.584906 0.661821 0.583536 0.77507 0.583536 0.775472 0.584906 0.723033 0.584906 0.08315396 0.773129 0.08315396 0.825568 0.08452397 0.825166 0.08452397 0.711917 0.08315396 0.712064 0.08315396 0.773129 0.08452397 0.646533 0.08315396 0.646533 0.08315396 0.712064 0.08315396 0.581002 0.08315396 0.646533 0.08452397 0.646533 0.08315396 0.519936 0.08315396 0.581002 0.08452397 0.581148 0.08452397 0.467899 0.08315396 0.467498 0.08315396 0.519936 0.433185 0.01839596 0.380746 0.01839596 0.381148 0.01976597 0.494397 0.01976597 0.49425 0.01839596 0.433185 0.01839596 0.559781 0.01976597 0.559781 0.01839596 0.49425 0.01839596 0.625312 0.01839596 0.559781 0.01839596 0.559781 0.01976597 0.625312 0.01839596 0.625547 0.01721894 0.559781 0.01721894 0.686378 0.01839596 0.686829 0.01721894 0.625547 0.01721894 0.739454 0.01721894 0.686829 0.01721894 0.686378 0.01839596 0.07539397 0.762133 0.07657098 0.762584 0.07657098 0.815209 0.07657098 0.701301 0.07657098 0.762584 0.07539397 0.762133 0.07657098 0.635536 0.07657098 0.701301 0.07539397 0.701067 0.07539397 0.570005 0.07657098 0.569771 0.07657098 0.635536 0.07539397 0.50894 0.07657098 0.508488 0.07657098 0.569771 0.07657098 0.455863 0.07657098 0.508488 0.07539397 0.50894 0.46984 0.584906 0.469389 0.586083 0.416764 0.586083 0.530672 0.586083 0.469389 0.586083 0.46984 0.584906 0.596437 0.586083 0.530672 0.586083 0.530906 0.584906 0.661968 0.584906 0.662202 0.586083 0.596437 0.586083 0.723033 0.584906 0.723485 0.586083 0.662202 0.586083 0.77611 0.586083 0.723485 0.586083 0.723033 0.584906 0.08315396 0.773129 0.081977 0.77358 0.081977 0.826206 0.081977 0.712298 0.081977 0.77358 0.08315396 0.773129 0.081977 0.646533 0.081977 0.712298 0.08315396 0.712064 0.08315396 0.581002 0.081977 0.580767 0.081977 0.646533 0.08315396 0.519936 0.081977 0.519485 0.081977 0.580767 0.081977 0.46686 0.081977 0.519485 0.08315396 0.519936 0.433185 0.01839596 0.432734 0.01721894 0.380108 0.01721894 0.494016 0.01721894 0.432734 0.01721894 0.433185 0.01839596 0.559781 0.01721894 0.494016 0.01721894 0.49425 0.01839596 0.007641971 0.806835 0.007641971 0.337344 0.004999995 0.337344 0.01497197 0.356893 0.01497197 0.826385 0.016294 0.826385 0.01233094 0.356893 0.01233094 0.826385 0.01497197 0.826385 0.02088397 0.375221 0.02088397 0.844712 0.02352595 0.844712 0.03085595 0.864262 0.03085595 0.394771 0.03217798 0.394771 0.02821499 0.864262 0.02821499 0.394771 0.03085595 0.394771 0.375462 0.40088 0.372338 0.40088 0.372338 0.407488 0.396277 0.40088 0.375462 0.40088 0.375462 0.407488 0.397775 0.40088 0.396277 0.40088 0.396277 0.407488 0.161397 0.157039 0.161397 0.1588529 0.168004 0.1588529 0.161397 0.155628 0.161397 0.157039 0.168004 0.157039 0.161397 0.153158 0.161397 0.155628 0.168004 0.155628 0.161397 0.1516219 0.161397 0.153158 0.168004 0.153158 0.082569 0.275528 0.08075499 0.275528 0.08075499 0.26892 0.08398097 0.275528 0.082569 0.275528 0.082569 0.26892 0.08644896 0.275528 0.08398097 0.275528 0.08398097 0.26892 0.1064079 0.275528 0.08644896 0.275528 0.08644896 0.26892 0.10671 0.275528 0.1064079 0.275528 0.1064079 0.26892 0.108273 0.275528 0.10671 0.275528 0.10671 0.26892 0.169226 0.180595 0.169226 0.182094 0.1626189 0.182094 0.169226 0.178718 0.169226 0.180595 0.1626189 0.180595 0.169226 0.1748369 0.169226 0.178718 0.1626189 0.178718 0.370524 0.40088 0.369112 0.40088 0.369112 0.407488 0.372338 0.40088 0.370524 0.40088 0.370524 0.407488 0.289384 0.158496 0.289648 0.15934 0.287814 0.1603969 0.293893 0.1609809 0.289648 0.15934 0.289384 0.158496 0.293893 0.1609809 0.294769 0.160253 0.29637 0.161607 0.294769 0.160253 0.295386 0.1591899 0.297277 0.160044 0.295486 0.158884 0.295386 0.1591899 0.289384 0.158496 0.295386 0.1591899 0.295486 0.158884 0.297379 0.1597419 0.307157 0.138965 0.309071 0.139784 0.297379 0.1597419 0.301833 0.135855 0.307157 0.138965 0.295486 0.158884 0.289897 0.156226 0.287953 0.155458 0.30015 0.134643 0.289384 0.158496 0.287248 0.158583 0.287953 0.155458 0.302736 0.134823 0.301833 0.135855 0.30015 0.134643 0.301833 0.135855 0.302736 0.134823 0.30767 0.137171 0.30388 0.134274 0.307575 0.136515 0.30767 0.137171 0.302736 0.134823 0.301461 0.133144 0.303275 0.132275 0.304541 0.13418 0.30388 0.134274 0.303275 0.132275 0.30388 0.134274 0.304541 0.13418 0.307024 0.135381 0.306156 0.134641 0.307155 0.132779 0.308692 0.1340889 0.306156 0.134641 0.304541 0.13418 0.304686 0.132073 0.307024 0.135381 0.308692 0.1340889 0.309575 0.135903 0.30767 0.137171 0.307575 0.136515 0.309575 0.135903 0.30767 0.137171 0.309776 0.137314 0.309071 0.139784 0.293117 0.161195 0.293893 0.1609809 0.29487 0.162854 0.290316 0.160067 0.289648 0.15934 0.293893 0.1609809 0.290316 0.160067 0.289112 0.161808 0.287814 0.1603969 0.293117 0.161195 0.292993 0.16337 0.289112 0.161808 0.347616 0.108325 0.347616 0.1105419 0.341009 0.1105419 0.347616 0.07586699 0.347616 0.108325 0.341009 0.108325 0.131626 0.419706 0.09992599 0.419706 0.09992599 0.413098 0.151634 0.419706 0.131626 0.419706 0.131626 0.413098 0.369112 0.33364 0.369112 0.368315 0.375719 0.368315 0.369112 0.331676 0.369112 0.33364 0.375719 0.33364 0.369112 0.330012 0.369112 0.331676 0.375719 0.331676 0.04209697 0.2156569 0.040434 0.2156569 0.040434 0.209049 0.04406195 0.2156569 0.04209697 0.2156569 0.04209697 0.209049 0.04602795 0.2156569 0.04406195 0.2156569 0.04406195 0.209049 0.04769098 0.2156569 0.04602795 0.2156569 0.04602795 0.209049 0.04459697 0.272785 0.04459697 0.274449 0.03798997 0.274449 0.04459697 0.270821 0.04459697 0.272785 0.03798997 0.272785 0.04459697 0.231005 0.04459697 0.270821 0.03798997 0.270821 0.04459697 0.229039 0.04459697 0.231005 0.03798997 0.231005 0.04459697 0.2273769 0.04459697 0.229039 0.03798997 0.229039 0.253477 0.419208 0.251814 0.419208 0.251814 0.425815 0.255443 0.419208 0.253477 0.419208 0.253477 0.425815 0.317432 0.419208 0.255443 0.419208 0.255443 0.425815 0.319399 0.419208 0.317432 0.419208 0.317432 0.425815 0.321062 0.419208 0.319399 0.419208 0.319399 0.425815 0.272585 0.300889 0.272585 0.302551 0.279193 0.302551 0.272585 0.298923 0.272585 0.300889 0.279193 0.300889 0.272585 0.259108 0.272585 0.298923 0.279193 0.298923 0.272585 0.257143 0.272585 0.259108 0.279193 0.259108 0.272585 0.255479 0.272585 0.257143 0.279193 0.257143 0.03843098 0.286524 0.03676795 0.286524 0.03676795 0.279917 0.040398 0.286524 0.03843098 0.286524 0.03843098 0.279917 0.04236298 0.286524 0.040398 0.286524 0.040398 0.279917 0.04402595 0.286524 0.04236298 0.286524 0.04236298 0.279917 0.347616 0.112507 0.347616 0.11417 0.341009 0.11417 0.347616 0.1105419 0.347616 0.112507 0.341009 0.112507 0.318697 0.339191 0.319506 0.341138 0.317541 0.341516 0.318697 0.333559 0.318697 0.339191 0.317344 0.339452 0.318697 0.333559 0.317344 0.333299 0.317541 0.331234 0.317344 0.333299 0.277923 0.333299 0.277726 0.331234 0.315324 0.339452 0.277923 0.333299 0.317344 0.333299 0.317344 0.339452 0.317541 0.341516 0.315324 0.341516 0.315324 0.339452 0.315324 0.341516 0.282866 0.341516 0.27657 0.333559 0.275761 0.331612 0.277726 0.331234 0.27657 0.333559 0.275582 0.334233 0.274098 0.332747 0.27491 0.33522 0.272964 0.33441 0.274098 0.332747 0.27491 0.33522 0.274649 0.336572 0.272585 0.336376 0.274649 0.336572 0.280791 0.339452 0.280953 0.373214 0.274649 0.336572 0.274649 0.398169 0.272585 0.398366 0.27491 0.399522 0.272964 0.400331 0.272585 0.398366 0.131624 0.421771 0.131626 0.419706 0.151634 0.419706 0.131624 0.421771 0.09786099 0.421771 0.09992599 0.419706 0.317344 0.39529 0.280786 0.39529 0.282866 0.393225 0.317344 0.401441 0.277923 0.401441 0.280786 0.39529 0.317344 0.401441 0.317541 0.403506 0.277726 0.403506 0.318697 0.401182 0.319506 0.403128 0.317541 0.403506 0.318697 0.39555 0.318697 0.401182 0.317344 0.401441 0.318697 0.39555 0.317344 0.39529 0.317541 0.393225 0.318697 0.39555 0.319506 0.393603 0.321169 0.394737 0.319685 0.396223 0.319685 0.400509 0.318697 0.401182 0.320357 0.39721 0.320357 0.399522 0.319685 0.400509 0.320357 0.39721 0.319685 0.396223 0.321169 0.394737 0.320357 0.39721 0.322306 0.396401 0.322682 0.398366 0.320357 0.399522 0.320579 0.398366 0.322682 0.398366 0.320357 0.399522 0.322306 0.400331 0.321169 0.401995 0.318697 0.401182 0.319685 0.400509 0.321169 0.401995 0.27657 0.401182 0.277923 0.401441 0.277726 0.403506 0.27657 0.401182 0.275761 0.403128 0.274098 0.401995 0.27491 0.399522 0.275582 0.400509 0.274098 0.401995 0.318697 0.333559 0.319506 0.331612 0.321169 0.332747 0.319685 0.334233 0.319685 0.338518 0.318697 0.339191 0.319685 0.334233 0.320357 0.33522 0.320357 0.337531 0.320357 0.33522 0.319685 0.334233 0.321169 0.332747 0.320357 0.33522 0.322306 0.33441 0.322682 0.336376 0.320357 0.337531 0.320579 0.336376 0.322682 0.336376 0.320357 0.337531 0.322306 0.338341 0.321169 0.340004 0.318697 0.339191 0.319685 0.338518 0.321169 0.340004 0.082475 0.166974 0.082475 0.169191 0.07586699 0.169191 0.082475 0.134516 0.082475 0.166974 0.07586699 0.166974 0.07419896 0.04704099 0.04249894 0.04704099 0.04249894 0.040434 0.09420698 0.04704099 0.07419896 0.04704099 0.07419896 0.040434 0.06487095 0.152806 0.06487095 0.187481 0.07147896 0.187481 0.06487095 0.1508409 0.06487095 0.152806 0.07147896 0.152806 0.06487095 0.149178 0.06487095 0.1508409 0.07147896 0.1508409 0.03843098 0.120352 0.03676795 0.120352 0.03676795 0.113745 0.04039597 0.120352 0.03843098 0.120352 0.03843098 0.113745 0.04236197 0.120352 0.04039597 0.120352 0.04039597 0.113745 0.044025 0.120352 0.04236197 0.120352 0.04236197 0.113745 0.03237897 0.127386 0.03237897 0.129048 0.02577096 0.129048 0.03237897 0.12542 0.03237897 0.127386 0.02577096 0.127386 0.03237897 0.08560496 0.03237897 0.12542 0.02577096 0.12542 0.03237897 0.08363997 0.03237897 0.08560496 0.02577096 0.08560496 0.03237897 0.081977 0.03237897 0.08363997 0.02577096 0.08363997 0.08363997 0.004999995 0.081977 0.004999995 0.081977 0.011608 0.08560496 0.004999995 0.08363997 0.004999995 0.08363997 0.011608 0.147595 0.004999995 0.08560496 0.004999995 0.08560496 0.011608 0.149561 0.004999995 0.147595 0.004999995 0.147595 0.011608 0.151225 0.004999995 0.149561 0.004999995 0.149561 0.011608 0.08686399 0.165262 0.08686399 0.166926 0.093472 0.166926 0.08686399 0.163298 0.08686399 0.165262 0.093472 0.165262 0.08686399 0.123482 0.08686399 0.163298 0.093472 0.163298 0.08686399 0.121516 0.08686399 0.123482 0.093472 0.123482 0.08686399 0.119854 0.08686399 0.121516 0.093472 0.121516 0.1557289 0.02260398 0.154066 0.02260398 0.154066 0.01599699 0.1576949 0.02260398 0.1557289 0.02260398 0.1557289 0.01599699 0.15966 0.02260398 0.1576949 0.02260398 0.1576949 0.01599699 0.161323 0.02260398 0.15966 0.02260398 0.15966 0.01599699 0.082475 0.171157 0.082475 0.172819 0.07586699 0.172819 0.082475 0.169191 0.082475 0.171157 0.07586699 0.171157 0.07310497 0.01295697 0.07391595 0.01490294 0.071949 0.01528197 0.07310497 0.007324993 0.07310497 0.01295697 0.07175195 0.01321697 0.07310497 0.007324993 0.07175195 0.007064998 0.071949 0.004999995 0.03233098 0.007064998 0.03213399 0.004999995 0.071949 0.004999995 0.07175195 0.007064998 0.06973201 0.01321697 0.03519999 0.01321697 0.07175195 0.01321697 0.071949 0.01528197 0.06973201 0.01528197 0.06973201 0.01321697 0.06973201 0.01528197 0.03727495 0.01528197 0.07419598 0.049106 0.040434 0.049106 0.04249894 0.04704099 0.02905797 0.01033794 0.03519999 0.01321697 0.035362 0.04697996 0.02905797 0.01033794 0.02905797 0.07193499 0.02699297 0.07213097 0.02931898 0.07328796 0.02737098 0.07409697 0.02699297 0.07213097 0.07419598 0.049106 0.07419896 0.04704099 0.09420698 0.04704099 0.07175195 0.06905597 0.03519397 0.06905597 0.03727495 0.06699097 0.07175195 0.07520699 0.03233098 0.07520699 0.03519397 0.06905597 0.07175195 0.07520699 0.071949 0.07727199 0.03213399 0.07727199 0.07310497 0.07494795 0.07391595 0.07689398 0.071949 0.07727199 0.07310497 0.06931596 0.07310497 0.07494795 0.07175195 0.07520699 0.07310497 0.06931596 0.07175195 0.06905597 0.071949 0.06699097 0.07310497 0.06931596 0.07391595 0.06736898 0.07557696 0.06850296 0.07409197 0.06998896 0.07409197 0.07427495 0.07310497 0.07494795 0.07476496 0.07097595 0.07476496 0.07328796 0.07409197 0.07427495 0.07476496 0.07097595 0.07409197 0.06998896 0.07557696 0.06850296 0.07476496 0.07097595 0.07671195 0.07016599 0.07708996 0.07213097 0.07476496 0.07328796 0.07498699 0.07213097 0.07708996 0.07213097 0.07476496 0.07328796 0.07671195 0.07409697 0.07557696 0.07576 0.07310497 0.07494795 0.07409197 0.07427495 0.07557696 0.07576 0.03097897 0.07494795 0.03233098 0.07520699 0.03213399 0.07727199 0.03097897 0.07494795 0.03016895 0.07689398 0.02850598 0.07576 0.02931898 0.07328796 0.02999198 0.07427495 0.02850598 0.07576 0.02931898 0.008984982 0.02905797 0.01033794 0.02699297 0.01014196 0.02931898 0.008984982 0.02737098 0.008175969 0.02850598 0.006512999 0.03097897 0.007324993 0.02999198 0.007997989 0.02850598 0.006512999 0.03097897 0.007324993 0.03016895 0.005377948 0.03213399 0.004999995 0.07310497 0.007324993 0.07391595 0.005377948 0.07557696 0.006512999 0.07409197 0.007997989 0.07409197 0.01228398 0.07310497 0.01295697 0.07409197 0.007997989 0.07476496 0.008984982 0.07476496 0.01129698 0.07476496 0.008984982 0.07409197 0.007997989 0.07557696 0.006512999 0.07476496 0.008984982 0.07671195 0.008175969 0.07708996 0.01014196 0.07476496 0.01129698 0.07498699 0.01014196 0.07708996 0.01014196 0.07476496 0.01129698 0.07671195 0.012106 0.07557696 0.01376998 0.07310497 0.01295697 0.07409197 0.01228398 0.07557696 0.01376998 0.374198 0.953426 0.374198 0.510846 0.371555 0.510846 0.164038 0.51329 0.164038 0.95587 0.16536 0.95587 0.161397 0.51329 0.161397 0.95587 0.164038 0.95587 0.359337 0.515734 0.359337 0.958313 0.361978 0.958313 0.1750349 0.960757 0.1750349 0.518178 0.176357 0.518178 0.172394 0.960757 0.172394 0.518178 0.1750349 0.518178 0.294579 0.295856 0.294579 0.298729 0.301186 0.298729 0.294579 0.279879 0.294579 0.295856 0.301186 0.295856 0.294579 0.277914 0.294579 0.279879 0.301186 0.279879 0.294579 0.276251 0.294579 0.277914 0.301186 0.277914 0.006662964 0.187554 0.004999995 0.187554 0.004999995 0.180947 0.008628964 0.187554 0.006662964 0.187554 0.006662964 0.180947 0.01059395 0.187554 0.008628964 0.187554 0.008628964 0.180947 0.01225799 0.187554 0.01059395 0.187554 0.01059395 0.180947 0.33662 0.301172 0.33662 0.302835 0.330012 0.302835 0.33662 0.299207 0.33662 0.301172 0.330012 0.301172 0.33662 0.283784 0.33662 0.299207 0.330012 0.299207 0.33662 0.283432 0.33662 0.283784 0.330012 0.283784 0.33662 0.281668 0.33662 0.283432 0.330012 0.283432 0.33662 0.279917 0.33662 0.281668 0.330012 0.281668 0.189764 0.198052 0.188278 0.198052 0.188278 0.2046599 0.1915979 0.198052 0.189764 0.198052 0.189764 0.2046599 0.19357 0.198052 0.1915979 0.198052 0.1915979 0.2046599 0.195365 0.198052 0.19357 0.198052 0.19357 0.2046599 0.294579 0.298729 0.294579 0.300177 0.301186 0.300177 0.04747599 0.325482 0.046745 0.32614 0.04504495 0.324892 0.04731696 0.330294 0.046745 0.32614 0.04747599 0.325482 0.04731696 0.330294 0.048352 0.330786 0.04780399 0.332811 0.048352 0.330786 0.04965496 0.330898 0.04956895 0.332962 0.04965496 0.330898 0.04747599 0.325482 0.04961395 0.324994 0.04965496 0.330898 0.04991996 0.330898 0.04991996 0.332962 0.06514596 0.330898 0.06534397 0.332962 0.04991996 0.332962 0.04991996 0.330898 0.04961395 0.324994 0.065162 0.324749 0.04961395 0.324994 0.04936599 0.322933 0.06534397 0.322681 0.04747599 0.325482 0.04649394 0.323588 0.04936599 0.322933 0.06649899 0.325006 0.065162 0.324749 0.06534397 0.322681 0.065162 0.324749 0.06649899 0.325006 0.06649899 0.330637 0.06649899 0.325006 0.06748598 0.325679 0.06748598 0.329964 0.06649899 0.325006 0.06730699 0.323059 0.06897199 0.324193 0.06815797 0.326666 0.06748598 0.325679 0.06897199 0.324193 0.06815797 0.326666 0.06815797 0.328977 0.06748598 0.329964 0.06815797 0.328977 0.06837999 0.327822 0.07048398 0.327822 0.06815797 0.326666 0.07010495 0.325856 0.07048398 0.327822 0.06815797 0.328977 0.07010495 0.329787 0.06897199 0.33145 0.06649899 0.330637 0.06748598 0.329964 0.06897199 0.33145 0.06649899 0.330637 0.06730699 0.332585 0.06534397 0.332962 0.04731696 0.330294 0.04605299 0.33198 0.04472994 0.330493 0.04731696 0.330294 0.04654699 0.329429 0.04626196 0.327198 0.04618597 0.328379 0.04409897 0.328659 0.04422497 0.326687 0.04654699 0.329429 0.04472994 0.330493 0.04409897 0.328659 0.046745 0.32614 0.04626196 0.327198 0.04422497 0.326687 0.105154 0.04704099 0.103189 0.04704099 0.103189 0.040434 0.112614 0.04704099 0.105154 0.04704099 0.105154 0.040434 0.114579 0.04704099 0.112614 0.04704099 0.112614 0.040434 0.116242 0.04704099 0.114579 0.04704099 0.114579 0.040434 0.1337929 0.03261196 0.1337929 0.03427499 0.127185 0.03427499 0.1337929 0.03064697 0.1337929 0.03261196 0.127185 0.03261196 0.1337929 0.02864897 0.1337929 0.03064697 0.127185 0.03064697 0.1337929 0.02699297 0.1337929 0.02864897 0.127185 0.02864897 0.142289 0.110079 0.140625 0.110079 0.140625 0.1166869 0.144254 0.110079 0.142289 0.110079 0.142289 0.1166869 0.151713 0.110079 0.144254 0.110079 0.144254 0.1166869 0.1536779 0.110079 0.151713 0.110079 0.151713 0.1166869 0.155341 0.110079 0.1536779 0.110079 0.1536779 0.1166869 0.160175 0.09493398 0.160175 0.09659099 0.166783 0.09659099 0.160175 0.09293699 0.160175 0.09493398 0.166783 0.09493398 0.160175 0.09097099 0.160175 0.09293699 0.166783 0.09293699 0.160175 0.08930796 0.160175 0.09097099 0.166783 0.09097099 0.103189 0.04704099 0.101526 0.04704099 0.101526 0.040434 0.05704295 0.189819 0.05636996 0.188832 0.05785697 0.1873469 0.05140894 0.189808 0.05206698 0.188826 0.05636996 0.188832 0.05140894 0.189808 0.04945898 0.189009 0.050574 0.1873469 0.05140894 0.189808 0.05114996 0.191182 0.04908698 0.190975 0.05140894 0.189808 0.05704295 0.189819 0.05730098 0.191157 0.05704295 0.189819 0.05899 0.189009 0.05936795 0.190975 0.05730098 0.191157 0.05936795 0.190975 0.05926799 0.1984339 0.05114996 0.191182 0.05730098 0.191157 0.05720496 0.1982229 0.051054 0.198254 0.04898697 0.1984339 0.04908698 0.190975 0.05130797 0.1996009 0.04935699 0.200399 0.04898697 0.1984339 0.05694299 0.199589 0.05130797 0.1996009 0.051054 0.198254 0.05694299 0.199589 0.05720496 0.1982229 0.05926799 0.1984339 0.05694299 0.199589 0.05888998 0.200399 0.05775499 0.202062 0.05627 0.200576 0.05196595 0.200583 0.05130797 0.1996009 0.05528199 0.20125 0.05293899 0.201249 0.05196595 0.200583 0.05528199 0.20125 0.05627 0.200576 0.05775499 0.202062 0.05528199 0.20125 0.05609196 0.203197 0.05412799 0.203575 0.05293899 0.201249 0.05412399 0.2014729 0.05412799 0.203575 0.05293899 0.201249 0.05212998 0.203197 0.05047297 0.202062 0.05130797 0.1996009 0.05196595 0.200583 0.05047297 0.202062 0.05303996 0.18816 0.05206698 0.188826 0.050574 0.1873469 0.05206698 0.188826 0.05303996 0.18816 0.05538398 0.188159 0.05538398 0.188159 0.05422395 0.187936 0.05422699 0.185834 0.05303996 0.18816 0.05223095 0.186212 0.05422699 0.185834 0.05538398 0.188159 0.05619299 0.186212 0.05785697 0.1873469 0.500976 0.264666 0.50207 0.264666 0.493981 0.326111 0.493981 0.203222 0.50207 0.264666 0.500976 0.264666 0.470264 0.145964 0.493981 0.203222 0.492924 0.203505 0.432536 0.09679597 0.470264 0.145964 0.469317 0.146511 0.382822 0.06001597 0.383369 0.05906796 0.432536 0.09679597 0.325828 0.03640896 0.326111 0.03535199 0.383369 0.05906796 0.264666 0.02835696 0.264666 0.02726298 0.326111 0.03535199 0.203222 0.03535199 0.264666 0.02726298 0.264666 0.02835696 0.145964 0.05906796 0.203222 0.03535199 0.203505 0.03640896 0.09679597 0.09679597 0.145964 0.05906796 0.146511 0.06001597 0.06001597 0.146511 0.05906796 0.145964 0.09679597 0.09679597 0.03640896 0.203505 0.03535199 0.203222 0.05906796 0.145964 0.02835696 0.264666 0.02726298 0.264666 0.03535199 0.203222 0.03535199 0.326111 0.02726298 0.264666 0.02835696 0.264666 0.05906796 0.383369 0.03535199 0.326111 0.03640896 0.325828 0.09679597 0.432536 0.05906796 0.383369 0.06001597 0.382822 0.146511 0.469317 0.145964 0.470264 0.09679597 0.432536 0.203505 0.492924 0.203222 0.493981 0.145964 0.470264 0.264666 0.500976 0.264666 0.50207 0.203222 0.493981 0.326111 0.493981 0.264666 0.50207 0.264666 0.500976 0.383369 0.470264 0.326111 0.493981 0.325828 0.492924 0.432536 0.432536 0.383369 0.470264 0.382822 0.469317 0.469317 0.382822 0.470264 0.383369 0.432536 0.432536 0.492924 0.325828 0.493981 0.326111 0.470264 0.383369 0.495211 0.326441 0.471368 0.384006 0.470264 0.383369 0.503344 0.264666 0.495211 0.326441 0.493981 0.326111 0.493981 0.203222 0.495211 0.202891 0.503344 0.264666 0.470264 0.145964 0.471368 0.145327 0.495211 0.202891 0.433438 0.09589499 0.471368 0.145327 0.470264 0.145964 0.383369 0.05906796 0.384006 0.05796498 0.433438 0.09589499 0.326441 0.03412097 0.384006 0.05796498 0.383369 0.05906796 0.264666 0.02598899 0.326441 0.03412097 0.326111 0.03535199 0.203222 0.03535199 0.202891 0.03412097 0.264666 0.02598899 0.145964 0.05906796 0.145327 0.05796498 0.202891 0.03412097 0.09589499 0.09589499 0.145327 0.05796498 0.145964 0.05906796 0.05906796 0.145964 0.05796498 0.145327 0.09589499 0.09589499 0.03412097 0.202891 0.05796498 0.145327 0.05906796 0.145964 0.02598899 0.264666 0.03412097 0.202891 0.03535199 0.203222 0.03535199 0.326111 0.03412097 0.326441 0.02598899 0.264666 0.05906796 0.383369 0.05796498 0.384006 0.03412097 0.326441 0.09589499 0.433438 0.05796498 0.384006 0.05906796 0.383369 0.145964 0.470264 0.145327 0.471368 0.09589499 0.433438 0.202891 0.495211 0.145327 0.471368 0.145964 0.470264 0.264666 0.503344 0.202891 0.495211 0.203222 0.493981 0.326111 0.493981 0.326441 0.495211 0.264666 0.503344 0.383369 0.470264 0.384006 0.471368 0.326441 0.495211 0.433438 0.433438 0.384006 0.471368 0.383369 0.470264 0.470264 0.383369 0.471368 0.384006 0.433438 0.433438 0.471368 0.384006 0.472552 0.384689 0.434404 0.434404 0.495211 0.326441 0.496533 0.326794 0.472552 0.384689 0.503344 0.264666 0.504712 0.264666 0.496533 0.326794 0.496533 0.202538 0.504712 0.264666 0.503344 0.264666 0.472552 0.144643 0.496533 0.202538 0.495211 0.202891 0.434404 0.09492897 0.472552 0.144643 0.471368 0.145327 0.384006 0.05796498 0.384689 0.05677998 0.434404 0.09492897 0.326441 0.03412097 0.326794 0.03279995 0.384689 0.05677998 0.264666 0.02598899 0.264666 0.02462095 0.326794 0.03279995 0.202538 0.03279995 0.264666 0.02462095 0.264666 0.02598899 0.144643 0.05677998 0.202538 0.03279995 0.202891 0.03412097 0.09492897 0.09492897 0.144643 0.05677998 0.145327 0.05796498 0.05796498 0.145327 0.05677998 0.144643 0.09492897 0.09492897 0.03412097 0.202891 0.03279995 0.202538 0.05677998 0.144643 0.02598899 0.264666 0.02462095 0.264666 0.03279995 0.202538 0.03279995 0.326794 0.02462095 0.264666 0.02598899 0.264666 0.05677998 0.384689 0.03279995 0.326794 0.03412097 0.326441 0.09492897 0.434404 0.05677998 0.384689 0.05796498 0.384006 0.145327 0.471368 0.144643 0.472552 0.09492897 0.434404 0.202891 0.495211 0.202538 0.496533 0.144643 0.472552 0.264666 0.503344 0.264666 0.504712 0.202538 0.496533 0.326794 0.496533 0.264666 0.504712 0.264666 0.503344 0.384689 0.472552 0.326794 0.496533 0.326441 0.495211 0.434404 0.434404 0.384689 0.472552 0.384006 0.471368 0.435371 0.435371 0.385373 0.473736 0.384689 0.472552 0.472552 0.384689 0.473736 0.385373 0.435371 0.435371 0.497854 0.327148 0.473736 0.385373 0.472552 0.384689 0.50608 0.264666 0.497854 0.327148 0.496533 0.326794 0.496533 0.202538 0.497854 0.202184 0.50608 0.264666 0.472552 0.144643 0.473736 0.1439599 0.497854 0.202184 0.435371 0.093961 0.473736 0.1439599 0.472552 0.144643 0.384689 0.05677998 0.385373 0.05559599 0.435371 0.093961 0.327148 0.031479 0.385373 0.05559599 0.384689 0.05677998 0.264666 0.02325296 0.327148 0.031479 0.326794 0.03279995 0.202538 0.03279995 0.202184 0.031479 0.264666 0.02325296 0.144643 0.05677998 0.1439599 0.05559599 0.202184 0.031479 0.093961 0.093961 0.1439599 0.05559599 0.144643 0.05677998 0.05677998 0.144643 0.05559599 0.1439599 0.093961 0.093961 0.031479 0.202184 0.05559599 0.1439599 0.05677998 0.144643 0.02325296 0.264666 0.031479 0.202184 0.03279995 0.202538 0.03279995 0.326794 0.031479 0.327148 0.02325296 0.264666 0.05677998 0.384689 0.05559599 0.385373 0.031479 0.327148 0.093961 0.435371 0.05559599 0.385373 0.05677998 0.384689 0.144643 0.472552 0.1439599 0.473736 0.093961 0.435371 0.202184 0.497854 0.1439599 0.473736 0.144643 0.472552 0.264666 0.50608 0.202184 0.497854 0.202538 0.496533 0.326794 0.496533 0.327148 0.497854 0.264666 0.50608 0.384689 0.472552 0.385373 0.473736 0.327148 0.497854 0.385373 0.473736 0.38601 0.47484 0.327479 0.499084 0.436273 0.436273 0.38601 0.47484 0.385373 0.473736 0.473736 0.385373 0.47484 0.38601 0.436273 0.436273 0.499084 0.327479 0.47484 0.38601 0.473736 0.385373 0.507354 0.264666 0.499084 0.327479 0.497854 0.327148 0.497854 0.202184 0.499084 0.201854 0.507354 0.264666 0.473736 0.1439599 0.47484 0.143323 0.499084 0.201854 0.436273 0.09305995 0.47484 0.143323 0.473736 0.1439599 0.385373 0.05559599 0.38601 0.05449295 0.436273 0.09305995 0.327479 0.03024798 0.38601 0.05449295 0.385373 0.05559599 0.264666 0.02197796 0.327479 0.03024798 0.327148 0.031479 0.202184 0.031479 0.201854 0.03024798 0.264666 0.02197796 0.1439599 0.05559599 0.143323 0.05449295 0.201854 0.03024798 0.09305995 0.09305995 0.143323 0.05449295 0.1439599 0.05559599 0.05559599 0.1439599 0.05449295 0.143323 0.09305995 0.09305995 0.03024798 0.201854 0.05449295 0.143323 0.05559599 0.1439599 0.02197796 0.264666 0.03024798 0.201854 0.031479 0.202184 0.031479 0.327148 0.03024798 0.327479 0.02197796 0.264666 0.05559599 0.385373 0.05449295 0.38601 0.03024798 0.327479 0.09305995 0.436273 0.05449295 0.38601 0.05559599 0.385373 0.1439599 0.473736 0.143323 0.47484 0.09305995 0.436273 0.201854 0.499084 0.143323 0.47484 0.1439599 0.473736 0.264666 0.507354 0.201854 0.499084 0.202184 0.497854 0.327148 0.497854 0.327479 0.499084 0.264666 0.507354 0.327762 0.500142 0.264666 0.508449 0.264666 0.507354 0.386557 0.475788 0.327762 0.500142 0.327479 0.499084 0.437046 0.437046 0.386557 0.475788 0.38601 0.47484 0.47484 0.38601 0.475788 0.386557 0.437046 0.437046 0.499084 0.327479 0.500142 0.327762 0.475788 0.386557 0.507354 0.264666 0.508449 0.264666 0.500142 0.327762 0.500142 0.201571 0.508449 0.264666 0.507354 0.264666 0.475788 0.142776 0.500142 0.201571 0.499084 0.201854 0.437046 0.092287 0.475788 0.142776 0.47484 0.143323 0.38601 0.05449295 0.386557 0.05354499 0.437046 0.092287 0.327479 0.03024798 0.327762 0.02919095 0.386557 0.05354499 0.264666 0.02197796 0.264666 0.02088397 0.327762 0.02919095 0.201571 0.02919095 0.264666 0.02088397 0.264666 0.02197796 0.142776 0.05354499 0.201571 0.02919095 0.201854 0.03024798 0.092287 0.092287 0.142776 0.05354499 0.143323 0.05449295 0.05449295 0.143323 0.05354499 0.142776 0.092287 0.092287 0.03024798 0.201854 0.02919095 0.201571 0.05354499 0.142776 0.02197796 0.264666 0.02088397 0.264666 0.02919095 0.201571 0.02919095 0.327762 0.02088397 0.264666 0.02197796 0.264666 0.05354499 0.386557 0.02919095 0.327762 0.03024798 0.327479 0.092287 0.437046 0.05354499 0.386557 0.05449295 0.38601 0.143323 0.47484 0.142776 0.475788 0.092287 0.437046 0.201854 0.499084 0.201571 0.500142 0.142776 0.475788 0.264666 0.507354 0.264666 0.508449 0.201571 0.500142 0.10289 0.648887 0.101795 0.648887 0.101795 0.585575 0.101795 0.712199 0.101795 0.648887 0.10289 0.648887 0.101795 0.771198 0.101795 0.712199 0.10289 0.711982 0.10289 0.821267 0.101795 0.82186 0.101795 0.771198 0.723545 0.557546 0.774208 0.557546 0.773614 0.55864 0.66433 0.55864 0.664547 0.557546 0.723545 0.557546 0.601235 0.55864 0.601235 0.557546 0.664547 0.557546 0.537922 0.557546 0.601235 0.557546 0.601235 0.55864 0.478924 0.557546 0.537922 0.557546 0.538139 0.55864 0.428855 0.55864 0.428261 0.557546 0.478924 0.557546 0.403196 0.138027 0.403196 0.08736497 0.402102 0.08795797 0.402102 0.197243 0.403196 0.197026 0.403196 0.138027 0.402102 0.260338 0.403196 0.260338 0.403196 0.197026 0.403196 0.32365 0.403196 0.260338 0.402102 0.260338 0.403196 0.382649 0.403196 0.32365 0.402102 0.323434 0.402102 0.432718 0.403196 0.433312 0.403196 0.382649 0.717436 0.04519397 0.768099 0.04519397 0.767505 0.04409897 0.658221 0.04409897 0.658438 0.04519397 0.717436 0.04519397 0.595125 0.04409897 0.595125 0.04519397 0.658438 0.04519397 0.531813 0.04519397 0.595125 0.04519397 0.595125 0.04409897 0.472815 0.04519397 0.531813 0.04519397 0.53203 0.04409897 0.422746 0.04409897 0.422152 0.04519397 0.472815 0.04519397 0.101795 0.526576 0.101795 0.475913 0.10289 0.476507 0.10289 0.585791 0.101795 0.585575 0.101795 0.526576 0.100521 0.585437 0.100521 0.526312 0.101795 0.526576 0.100521 0.648887 0.100521 0.585437 0.101795 0.585575 0.101795 0.712199 0.100521 0.712336 0.100521 0.648887 0.101795 0.771198 0.100521 0.771462 0.100521 0.712336 0.101795 0.82186 0.100521 0.822234 0.100521 0.771462 0.72381 0.556272 0.774582 0.556272 0.774208 0.557546 0.664684 0.556272 0.72381 0.556272 0.723545 0.557546 0.601235 0.556272 0.664684 0.556272 0.664547 0.557546 0.537922 0.557546 0.537785 0.556272 0.601235 0.556272 0.478924 0.557546 0.47866 0.556272 0.537785 0.556272 0.428261 0.557546 0.427887 0.556272 0.47866 0.556272 0.404471 0.137763 0.40447 0.08699095 0.403196 0.08736497 0.404471 0.196889 0.404471 0.137763 0.403196 0.138027 0.404471 0.260338 0.404471 0.196889 0.403196 0.197026 0.403196 0.32365 0.404471 0.323788 0.404471 0.260338 0.403196 0.382649 0.404471 0.382913 0.404471 0.323788 0.403196 0.433312 0.40447 0.433685 0.404471 0.382913 0.7177 0.04646795 0.768472 0.04646795 0.768099 0.04519397 0.658575 0.04646795 0.7177 0.04646795 0.717436 0.04519397 0.595125 0.04646795 0.658575 0.04646795 0.658438 0.04519397 0.531813 0.04519397 0.531676 0.04646795 0.595125 0.04646795 0.472815 0.04519397 0.47255 0.04646795 0.531676 0.04646795 0.422152 0.04519397 0.421778 0.04646795 0.47255 0.04646795 0.100521 0.526312 0.100521 0.47554 0.101795 0.475913 0.100521 0.526312 0.09915298 0.526222 0.09915298 0.475413 0.100521 0.585437 0.09915298 0.585391 0.09915298 0.526222 0.100521 0.648887 0.09915298 0.648887 0.09915298 0.585391 0.09915298 0.712383 0.09915298 0.648887 0.100521 0.648887 0.09915298 0.771552 0.09915298 0.712383 0.100521 0.712336 0.09915298 0.822361 0.09915298 0.771552 0.100521 0.771462 0.72381 0.556272 0.7239 0.554904 0.774709 0.554904 0.664684 0.556272 0.664731 0.554904 0.7239 0.554904 0.601235 0.556272 0.601235 0.554904 0.664731 0.554904 0.537739 0.554904 0.601235 0.554904 0.601235 0.556272 0.47857 0.554904 0.537739 0.554904 0.537785 0.556272 0.427761 0.554904 0.47857 0.554904 0.47866 0.556272 0.404471 0.137763 0.405838 0.137673 0.405838 0.08686399 0.404471 0.196889 0.405838 0.196842 0.405838 0.137673 0.404471 0.260338 0.405838 0.260338 0.405838 0.196842 0.405838 0.323834 0.405838 0.260338 0.404471 0.260338 0.405838 0.383003 0.405838 0.323834 0.404471 0.323788 0.405838 0.433812 0.405838 0.383003 0.404471 0.382913 0.7177 0.04646795 0.71779 0.04783594 0.768599 0.04783594 0.658575 0.04646795 0.658621 0.04783594 0.71779 0.04783594 0.595125 0.04646795 0.595125 0.04783594 0.658621 0.04783594 0.531629 0.04783594 0.595125 0.04783594 0.595125 0.04646795 0.47246 0.04783594 0.531629 0.04783594 0.531676 0.04646795 0.421651 0.04783594 0.47246 0.04783594 0.47255 0.04646795 0.421651 0.04783594 0.421778 0.04920399 0.47255 0.04920399 0.097786 0.526312 0.09778499 0.47554 0.09915298 0.475413 0.097786 0.585437 0.097786 0.526312 0.09915298 0.526222 0.097786 0.648887 0.097786 0.585437 0.09915298 0.585391 0.09915298 0.712383 0.097786 0.712336 0.097786 0.648887 0.09915298 0.771552 0.097786 0.771462 0.097786 0.712336 0.09915298 0.822361 0.09778499 0.822234 0.097786 0.771462 0.72381 0.553536 0.774582 0.553536 0.774709 0.554904 0.664684 0.553536 0.72381 0.553536 0.7239 0.554904 0.601235 0.553536 0.664684 0.553536 0.664731 0.554904 0.537739 0.554904 0.537785 0.553536 0.601235 0.553536 0.47857 0.554904 0.47866 0.553536 0.537785 0.553536 0.427761 0.554904 0.427887 0.553536 0.47866 0.553536 0.407206 0.137763 0.407206 0.08699095 0.405838 0.08686399 0.407206 0.196889 0.407206 0.137763 0.405838 0.137673 0.407206 0.260338 0.407206 0.196889 0.405838 0.196842 0.405838 0.323834 0.407206 0.323788 0.407206 0.260338 0.405838 0.383003 0.407206 0.382913 0.407206 0.323788 0.405838 0.433812 0.407206 0.433685 0.407206 0.382913 0.7177 0.04920399 0.768472 0.04920399 0.768599 0.04783594 0.658575 0.04920399 0.7177 0.04920399 0.71779 0.04783594 0.595125 0.04920399 0.658575 0.04920399 0.658621 0.04783594 0.531629 0.04783594 0.531676 0.04920399 0.595125 0.04920399 0.47246 0.04783594 0.47255 0.04920399 0.531676 0.04920399 0.472815 0.05047798 0.531813 0.05047798 0.531676 0.04920399 0.422152 0.05047798 0.472815 0.05047798 0.47255 0.04920399 0.097786 0.526312 0.096511 0.526576 0.096511 0.475913 0.097786 0.585437 0.096511 0.585575 0.096511 0.526576 0.097786 0.648887 0.096511 0.648887 0.096511 0.585575 0.096511 0.712199 0.096511 0.648887 0.097786 0.648887 0.096511 0.771198 0.096511 0.712199 0.097786 0.712336 0.096511 0.82186 0.096511 0.771198 0.097786 0.771462 0.72381 0.553536 0.723545 0.552262 0.774208 0.552262 0.664684 0.553536 0.664547 0.552262 0.723545 0.552262 0.601235 0.553536 0.601235 0.552262 0.664547 0.552262 0.537922 0.552262 0.601235 0.552262 0.601235 0.553536 0.478924 0.552262 0.537922 0.552262 0.537785 0.553536 0.428261 0.552262 0.478924 0.552262 0.47866 0.553536 0.407206 0.137763 0.40848 0.138027 0.40848 0.08736497 0.407206 0.196889 0.40848 0.197026 0.40848 0.138027 0.407206 0.260338 0.40848 0.260338 0.40848 0.197026 0.40848 0.32365 0.40848 0.260338 0.407206 0.260338 0.40848 0.382649 0.40848 0.32365 0.407206 0.323788 0.40848 0.433312 0.40848 0.382649 0.407206 0.382913 0.7177 0.04920399 0.717436 0.05047798 0.768099 0.05047798 0.658575 0.04920399 0.658438 0.05047798 0.717436 0.05047798 0.595125 0.04920399 0.595125 0.05047798 0.658438 0.05047798 0.531813 0.05047798 0.595125 0.05047798 0.595125 0.04920399 0.531813 0.05047798 0.53203 0.05157196 0.595125 0.05157196 0.472815 0.05047798 0.473235 0.05157196 0.53203 0.05157196 0.422746 0.05157196 0.473235 0.05157196 0.472815 0.05047798 0.096511 0.526576 0.09541696 0.526996 0.09541696 0.476507 0.09541696 0.585791 0.09541696 0.526996 0.096511 0.526576 0.09541696 0.648887 0.09541696 0.585791 0.096511 0.585575 0.096511 0.712199 0.09541696 0.711982 0.09541696 0.648887 0.096511 0.771198 0.09541696 0.770778 0.09541696 0.711982 0.09541696 0.821267 0.09541696 0.770778 0.096511 0.771198 0.723545 0.552262 0.723125 0.551167 0.773614 0.551167 0.66433 0.551167 0.723125 0.551167 0.723545 0.552262 0.601235 0.551167 0.66433 0.551167 0.664547 0.552262 0.537922 0.552262 0.538139 0.551167 0.601235 0.551167 0.478924 0.552262 0.479344 0.551167 0.538139 0.551167 0.428855 0.551167 0.479344 0.551167 0.478924 0.552262 0.40848 0.138027 0.409575 0.1384479 0.409575 0.08795797 0.409575 0.197243 0.409575 0.1384479 0.40848 0.138027 0.409575 0.260338 0.409575 0.197243 0.40848 0.197026 0.40848 0.32365 0.409575 0.323434 0.409575 0.260338 0.40848 0.382649 0.409575 0.382229 0.409575 0.323434 0.409575 0.432718 0.409575 0.382229 0.40848 0.382649 0.717436 0.05047798 0.717016 0.05157196 0.767505 0.05157196 0.658221 0.05157196 0.717016 0.05157196 0.717436 0.05047798 0.595125 0.05157196 0.658221 0.05157196 0.658438 0.05047798 0.882463 0.638553 0.874193 0.701365 0.87525 0.701648 0.87525 0.575457 0.874193 0.57574 0.882463 0.638553 0.850896 0.516662 0.849948 0.517209 0.874193 0.57574 0.812154 0.466173 0.811381 0.466946 0.849948 0.517209 0.761118 0.428379 0.811381 0.466946 0.812154 0.466173 0.702587 0.404135 0.761118 0.428379 0.761665 0.427431 0.639775 0.395865 0.702587 0.404135 0.70287 0.403078 0.576679 0.403078 0.576962 0.404135 0.639775 0.395865 0.517884 0.427431 0.518431 0.428379 0.576962 0.404135 0.467395 0.466173 0.468168 0.466946 0.518431 0.428379 0.429601 0.517209 0.468168 0.466946 0.467395 0.466173 0.405357 0.57574 0.429601 0.517209 0.428653 0.516662 0.397087 0.638553 0.405357 0.57574 0.404299 0.575457 0.404299 0.701648 0.405357 0.701365 0.397087 0.638553 0.428653 0.760443 0.429601 0.759896 0.405357 0.701365 0.467395 0.810933 0.468168 0.810159 0.429601 0.759896 0.518431 0.848727 0.468168 0.810159 0.467395 0.810933 0.576962 0.872971 0.518431 0.848727 0.517884 0.849674 0.639775 0.881241 0.576962 0.872971 0.576679 0.874028 0.70287 0.874028 0.702587 0.872971 0.639775 0.881241 0.761665 0.849674 0.761118 0.848727 0.702587 0.872971 0.812154 0.810933 0.811381 0.810159 0.761118 0.848727 0.849948 0.759896 0.811381 0.810159 0.812154 0.810933 0.874193 0.701365 0.849948 0.759896 0.850896 0.760443 0.874193 0.701365 0.872962 0.701035 0.848845 0.759259 0.882463 0.638553 0.881188 0.638553 0.872962 0.701035 0.872962 0.576071 0.881188 0.638553 0.882463 0.638553 0.848845 0.517846 0.872962 0.576071 0.874193 0.57574 0.811381 0.466946 0.81048 0.467848 0.848845 0.517846 0.760481 0.429483 0.81048 0.467848 0.811381 0.466946 0.702587 0.404135 0.702257 0.405366 0.760481 0.429483 0.639775 0.395865 0.639775 0.397139 0.702257 0.405366 0.577293 0.405366 0.639775 0.397139 0.639775 0.395865 0.519068 0.429483 0.577293 0.405366 0.576962 0.404135 0.468168 0.466946 0.46907 0.467848 0.519068 0.429483 0.430704 0.517846 0.46907 0.467848 0.468168 0.466946 0.405357 0.57574 0.406587 0.576071 0.430704 0.517846 0.397087 0.638553 0.398361 0.638553 0.406587 0.576071 0.406587 0.701035 0.398361 0.638553 0.397087 0.638553 0.430704 0.759259 0.406587 0.701035 0.405357 0.701365 0.468168 0.810159 0.46907 0.809258 0.430704 0.759259 0.519068 0.847623 0.46907 0.809258 0.468168 0.810159 0.576962 0.872971 0.577293 0.87174 0.519068 0.847623 0.639775 0.881241 0.639775 0.879967 0.577293 0.87174 0.702257 0.87174 0.639775 0.879967 0.639775 0.881241 0.760481 0.847623 0.702257 0.87174 0.702587 0.872971 0.811381 0.810159 0.81048 0.809258 0.760481 0.847623 0.848845 0.759259 0.81048 0.809258 0.811381 0.810159 0.847661 0.758576 0.809512 0.80829 0.81048 0.809258 0.872962 0.701035 0.871641 0.700681 0.847661 0.758576 0.881188 0.638553 0.879821 0.638553 0.871641 0.700681 0.871641 0.576425 0.879821 0.638553 0.881188 0.638553 0.847661 0.51853 0.871641 0.576425 0.872962 0.576071 0.81048 0.467848 0.809512 0.468815 0.847661 0.51853 0.759798 0.430667 0.809512 0.468815 0.81048 0.467848 0.702257 0.405366 0.701903 0.406686 0.759798 0.430667 0.639775 0.397139 0.639775 0.398507 0.701903 0.406686 0.577647 0.406686 0.639775 0.398507 0.639775 0.397139 0.519752 0.430667 0.577647 0.406686 0.577293 0.405366 0.46907 0.467848 0.470037 0.468815 0.519752 0.430667 0.431889 0.51853 0.470037 0.468815 0.46907 0.467848 0.406587 0.576071 0.407908 0.576425 0.431889 0.51853 0.398361 0.638553 0.399729 0.638553 0.407908 0.576425 0.407908 0.700681 0.399729 0.638553 0.398361 0.638553 0.431889 0.758576 0.407908 0.700681 0.406587 0.701035 0.46907 0.809258 0.470037 0.80829 0.431889 0.758576 0.519752 0.846439 0.470037 0.80829 0.46907 0.809258 0.577293 0.87174 0.577647 0.87042 0.519752 0.846439 0.639775 0.879967 0.639775 0.878599 0.577647 0.87042 0.701903 0.87042 0.639775 0.878599 0.639775 0.879967 0.759798 0.846439 0.701903 0.87042 0.702257 0.87174 0.81048 0.809258 0.809512 0.80829 0.759798 0.846439 0.809512 0.80829 0.808546 0.807324 0.759114 0.845254 0.846476 0.757892 0.808546 0.807324 0.809512 0.80829 0.87032 0.700328 0.846476 0.757892 0.847661 0.758576 0.878452 0.638553 0.87032 0.700328 0.871641 0.700681 0.871641 0.576425 0.87032 0.576778 0.878452 0.638553 0.847661 0.51853 0.846476 0.519213 0.87032 0.576778 0.809512 0.468815 0.808546 0.469781 0.846476 0.519213 0.759114 0.431851 0.808546 0.469781 0.809512 0.468815 0.70155 0.408008 0.759114 0.431851 0.759798 0.430667 0.639775 0.399875 0.70155 0.408008 0.701903 0.406686 0.577647 0.406686 0.578 0.408008 0.639775 0.399875 0.519752 0.430667 0.520435 0.431851 0.578 0.408008 0.470037 0.468815 0.471003 0.469781 0.520435 0.431851 0.433073 0.519213 0.471003 0.469781 0.470037 0.468815 0.409229 0.576778 0.433073 0.519213 0.431889 0.51853 0.401097 0.638553 0.409229 0.576778 0.407908 0.576425 0.407908 0.700681 0.409229 0.700328 0.401097 0.638553 0.431889 0.758576 0.433073 0.757892 0.409229 0.700328 0.470037 0.80829 0.471003 0.807324 0.433073 0.757892 0.520435 0.845254 0.471003 0.807324 0.470037 0.80829 0.578 0.869098 0.520435 0.845254 0.519752 0.846439 0.639775 0.877231 0.578 0.869098 0.577647 0.87042 0.701903 0.87042 0.70155 0.869098 0.639775 0.877231 0.759798 0.846439 0.759114 0.845254 0.70155 0.869098 0.758477 0.844151 0.701219 0.867867 0.70155 0.869098 0.808546 0.807324 0.807645 0.806423 0.758477 0.844151 0.845373 0.757255 0.807645 0.806423 0.808546 0.807324 0.87032 0.700328 0.869089 0.699997 0.845373 0.757255 0.878452 0.638553 0.877178 0.638553 0.869089 0.699997 0.869089 0.577108 0.877178 0.638553 0.878452 0.638553 0.845373 0.51985 0.869089 0.577108 0.87032 0.576778 0.808546 0.469781 0.807645 0.470683 0.845373 0.51985 0.758477 0.432955 0.807645 0.470683 0.808546 0.469781 0.70155 0.408008 0.701219 0.409238 0.758477 0.432955 0.639775 0.399875 0.639775 0.401149 0.701219 0.409238 0.57833 0.409238 0.639775 0.401149 0.639775 0.399875 0.521072 0.432955 0.57833 0.409238 0.578 0.408008 0.471003 0.469781 0.471905 0.470683 0.521072 0.432955 0.434177 0.51985 0.471905 0.470683 0.471003 0.469781 0.409229 0.576778 0.41046 0.577108 0.434177 0.51985 0.401097 0.638553 0.402371 0.638553 0.41046 0.577108 0.41046 0.699997 0.402371 0.638553 0.401097 0.638553 0.434177 0.757255 0.41046 0.699997 0.409229 0.700328 0.471003 0.807324 0.471905 0.806423 0.434177 0.757255 0.521072 0.844151 0.471905 0.806423 0.471003 0.807324 0.578 0.869098 0.57833 0.867867 0.521072 0.844151 0.639775 0.877231 0.639775 0.875957 0.57833 0.867867 0.701219 0.867867 0.639775 0.875957 0.639775 0.877231 0.701219 0.867867 0.700936 0.86681 0.639775 0.874862 0.758477 0.844151 0.75793 0.843203 0.700936 0.86681 0.807645 0.806423 0.806871 0.805649 0.75793 0.843203 0.844425 0.756708 0.806871 0.805649 0.807645 0.806423 0.868032 0.699714 0.844425 0.756708 0.845373 0.757255 0.876084 0.638553 0.868032 0.699714 0.869089 0.699997 0.869089 0.577108 0.868032 0.577391 0.876084 0.638553 0.845373 0.51985 0.844425 0.520398 0.868032 0.577391 0.807645 0.470683 0.806871 0.471456 0.844425 0.520398 0.75793 0.433903 0.806871 0.471456 0.807645 0.470683 0.700936 0.410296 0.75793 0.433903 0.758477 0.432955 0.639775 0.402243 0.700936 0.410296 0.701219 0.409238 0.57833 0.409238 0.578613 0.410296 0.639775 0.402243 0.521072 0.432955 0.521619 0.433903 0.578613 0.410296 0.471905 0.470683 0.472678 0.471456 0.521619 0.433903 0.435125 0.520398 0.472678 0.471456 0.471905 0.470683 0.411517 0.577391 0.435125 0.520398 0.434177 0.51985 0.403465 0.638553 0.411517 0.577391 0.41046 0.577108 0.41046 0.699997 0.411517 0.699714 0.403465 0.638553 0.434177 0.757255 0.435125 0.756708 0.411517 0.699714 0.471905 0.806423 0.472678 0.805649 0.435125 0.756708 0.521619 0.843203 0.472678 0.805649 0.471905 0.806423 0.578613 0.86681 0.521619 0.843203 0.521072 0.844151 0.639775 0.874862 0.578613 0.86681 0.57833 0.867867 0.534062 0.223414 0.535156 0.223414 0.535156 0.284358 0.535156 0.1624709 0.535156 0.223414 0.534062 0.223414 0.535156 0.105679 0.535156 0.1624709 0.534062 0.162253 0.535156 0.056912 0.535156 0.105679 0.534062 0.105259 0.470593 0.56583 0.471013 0.566924 0.422246 0.566924 0.527586 0.56583 0.527804 0.566924 0.471013 0.566924 0.588748 0.56583 0.588748 0.566924 0.527804 0.566924 0.649692 0.566924 0.588748 0.566924 0.588748 0.56583 0.706483 0.566924 0.649692 0.566924 0.64991 0.56583 0.75525 0.566924 0.706483 0.566924 0.706903 0.56583 0.115108 0.770439 0.114014 0.770019 0.114014 0.818786 0.115108 0.713446 0.114014 0.713228 0.114014 0.770019 0.115108 0.652284 0.114014 0.652284 0.114014 0.713228 0.114014 0.59134 0.114014 0.652284 0.115108 0.652284 0.114014 0.534549 0.114014 0.59134 0.115108 0.591123 0.114014 0.485782 0.114014 0.534549 0.115108 0.534129 0.39606 0.01247298 0.39648 0.011379 0.347713 0.011379 0.453053 0.01247298 0.453271 0.011379 0.39648 0.011379 0.514215 0.01247298 0.514215 0.011379 0.453271 0.011379 0.575159 0.011379 0.514215 0.011379 0.514215 0.01247298 0.63195 0.011379 0.575159 0.011379 0.575377 0.01247298 0.680717 0.011379 0.63195 0.011379 0.63237 0.01247298 0.534062 0.34157 0.535156 0.341149 0.535156 0.389916 0.534062 0.284576 0.535156 0.284358 0.535156 0.341149 0.53643 0.284222 0.53643 0.340885 0.535156 0.341149 0.53643 0.223414 0.53643 0.284222 0.535156 0.284358 0.535156 0.1624709 0.53643 0.162607 0.53643 0.223414 0.535156 0.105679 0.53643 0.105944 0.53643 0.162607 0.53643 0.05728495 0.53643 0.105944 0.535156 0.105679 0.471013 0.566924 0.471277 0.568198 0.422619 0.568198 0.52794 0.568198 0.471277 0.568198 0.471013 0.566924 0.588748 0.568198 0.52794 0.568198 0.527804 0.566924 0.649692 0.566924 0.649555 0.568198 0.588748 0.568198 0.706483 0.566924 0.706219 0.568198 0.649555 0.568198 0.754877 0.568198 0.706219 0.568198 0.706483 0.566924 0.114014 0.770019 0.112739 0.769755 0.11274 0.818413 0.112739 0.713092 0.112739 0.769755 0.114014 0.770019 0.112739 0.652284 0.112739 0.713092 0.114014 0.713228 0.114014 0.59134 0.112739 0.591477 0.112739 0.652284 0.114014 0.534549 0.112739 0.534814 0.112739 0.591477 0.11274 0.486155 0.112739 0.534814 0.114014 0.534549 0.39648 0.011379 0.396744 0.010104 0.348086 0.010104 0.453407 0.010104 0.396744 0.010104 0.39648 0.011379 0.514215 0.010104 0.453407 0.010104 0.453271 0.011379 0.575159 0.011379 0.575022 0.010104 0.514215 0.010104 0.63195 0.011379 0.631686 0.010104 0.575022 0.010104 0.680344 0.010104 0.631686 0.010104 0.63195 0.011379 0.535156 0.341149 0.53643 0.340885 0.53643 0.389544 0.537798 0.340795 0.537798 0.389417 0.53643 0.389544 0.537798 0.284175 0.537798 0.340795 0.53643 0.340885 0.537798 0.223414 0.537798 0.284175 0.53643 0.284222 0.53643 0.162607 0.537798 0.162653 0.537798 0.223414 0.53643 0.105944 0.537798 0.106034 0.537798 0.162653 0.53643 0.05728495 0.537798 0.05741196 0.537798 0.106034 0.471367 0.569566 0.422746 0.569566 0.422619 0.568198 0.527987 0.569566 0.471367 0.569566 0.471277 0.568198 0.588748 0.569566 0.527987 0.569566 0.52794 0.568198 0.649555 0.568198 0.649509 0.569566 0.588748 0.569566 0.706219 0.568198 0.706129 0.569566 0.649509 0.569566 0.754877 0.568198 0.75475 0.569566 0.706129 0.569566 0.111372 0.769665 0.111372 0.818286 0.11274 0.818413 0.111372 0.713045 0.111372 0.769665 0.112739 0.769755 0.111372 0.652284 0.111372 0.713045 0.112739 0.713092 0.112739 0.591477 0.111372 0.591523 0.111372 0.652284 0.112739 0.534814 0.111372 0.534903 0.111372 0.591523 0.11274 0.486155 0.111372 0.486282 0.111372 0.534903 0.396834 0.008735954 0.348213 0.008735954 0.348086 0.010104 0.453454 0.008735954 0.396834 0.008735954 0.396744 0.010104 0.514215 0.008735954 0.453454 0.008735954 0.453407 0.010104 0.575022 0.010104 0.574976 0.008735954 0.514215 0.008735954 0.631686 0.010104 0.631596 0.008735954 0.574976 0.008735954 0.680344 0.010104 0.680217 0.008735954 0.631596 0.008735954 0.680344 0.007367968 0.631686 0.007367968 0.631596 0.008735954 0.537798 0.340795 0.539165 0.340885 0.539166 0.389544 0.537798 0.284175 0.539165 0.284222 0.539165 0.340885 0.537798 0.223414 0.539165 0.223414 0.539165 0.284222 0.539165 0.162607 0.539165 0.223414 0.537798 0.223414 0.539165 0.105944 0.539165 0.162607 0.537798 0.162653 0.539166 0.05728495 0.539165 0.105944 0.537798 0.106034 0.471367 0.569566 0.471277 0.570934 0.422619 0.570934 0.527987 0.569566 0.52794 0.570934 0.471277 0.570934 0.588748 0.569566 0.588748 0.570934 0.52794 0.570934 0.649555 0.570934 0.588748 0.570934 0.588748 0.569566 0.706219 0.570934 0.649555 0.570934 0.649509 0.569566 0.754877 0.570934 0.706219 0.570934 0.706129 0.569566 0.111372 0.769665 0.110004 0.769755 0.110004 0.818413 0.111372 0.713045 0.110004 0.713092 0.110004 0.769755 0.111372 0.652284 0.110004 0.652284 0.110004 0.713092 0.110004 0.591477 0.110004 0.652284 0.111372 0.652284 0.110004 0.534814 0.110004 0.591477 0.111372 0.591523 0.110004 0.486155 0.110004 0.534814 0.111372 0.534903 0.396834 0.008735954 0.396744 0.007367968 0.348086 0.007367968 0.453454 0.008735954 0.453407 0.007367968 0.396744 0.007367968 0.514215 0.008735954 0.514215 0.007367968 0.453407 0.007367968 0.575022 0.007367968 0.514215 0.007367968 0.514215 0.008735954 0.631686 0.007367968 0.575022 0.007367968 0.574976 0.008735954 0.63195 0.006093978 0.575159 0.006093978 0.575022 0.007367968 0.680344 0.007367968 0.680717 0.006093978 0.63195 0.006093978 0.54044 0.341149 0.54044 0.389916 0.539166 0.389544 0.539165 0.284222 0.54044 0.284358 0.54044 0.341149 0.539165 0.223414 0.54044 0.223414 0.54044 0.284358 0.54044 0.1624709 0.54044 0.223414 0.539165 0.223414 0.54044 0.105679 0.54044 0.1624709 0.539165 0.162607 0.539166 0.05728495 0.54044 0.056912 0.54044 0.105679 0.471013 0.572208 0.422246 0.572208 0.422619 0.570934 0.52794 0.570934 0.527804 0.572208 0.471013 0.572208 0.588748 0.570934 0.588748 0.572208 0.527804 0.572208 0.649692 0.572208 0.588748 0.572208 0.588748 0.570934 0.706483 0.572208 0.649692 0.572208 0.649555 0.570934 0.754877 0.570934 0.75525 0.572208 0.706483 0.572208 0.10873 0.770019 0.10873 0.818786 0.110004 0.818413 0.110004 0.713092 0.10873 0.713228 0.10873 0.770019 0.110004 0.652284 0.10873 0.652284 0.10873 0.713228 0.10873 0.59134 0.10873 0.652284 0.110004 0.652284 0.10873 0.534549 0.10873 0.59134 0.110004 0.591477 0.110004 0.486155 0.10873 0.485782 0.10873 0.534549 0.39648 0.006093978 0.347713 0.006093978 0.348086 0.007367968 0.453407 0.007367968 0.453271 0.006093978 0.39648 0.006093978 0.514215 0.007367968 0.514215 0.006093978 0.453271 0.006093978 0.575159 0.006093978 0.514215 0.006093978 0.514215 0.007367968 0.575159 0.006093978 0.575377 0.004999995 0.514215 0.004999995 0.63195 0.006093978 0.63237 0.004999995 0.575377 0.004999995 0.680717 0.006093978 0.681312 0.004999995 0.63237 0.004999995 0.541535 0.34157 0.541535 0.390511 0.54044 0.389916 0.541535 0.284576 0.541535 0.34157 0.54044 0.341149 0.541535 0.223414 0.541535 0.284576 0.54044 0.284358 0.54044 0.1624709 0.541535 0.162253 0.541535 0.223414 0.54044 0.105679 0.541535 0.105259 0.541535 0.162253 0.54044 0.056912 0.541535 0.05631798 0.541535 0.105259 0.470593 0.573303 0.421651 0.573303 0.422246 0.572208 0.527586 0.573303 0.470593 0.573303 0.471013 0.572208 0.588748 0.573303 0.527586 0.573303 0.527804 0.572208 0.649692 0.572208 0.64991 0.573303 0.588748 0.573303 0.706483 0.572208 0.706903 0.573303 0.64991 0.573303 0.75525 0.572208 0.755845 0.573303 0.706903 0.573303 0.107636 0.770439 0.107636 0.819381 0.10873 0.818786 0.107636 0.713446 0.107636 0.770439 0.10873 0.770019 0.107636 0.652284 0.107636 0.713446 0.10873 0.713228 0.10873 0.59134 0.107636 0.591123 0.107636 0.652284 0.10873 0.534549 0.107636 0.534129 0.107636 0.591123 0.10873 0.485782 0.107636 0.485188 0.107636 0.534129 0.39606 0.004999995 0.347118 0.004999995 0.347713 0.006093978 0.453053 0.004999995 0.39606 0.004999995 0.39648 0.006093978 0.514215 0.004999995 0.453053 0.004999995 0.453271 0.006093978 0.238572 0.45494 0.238572 0.03676795 0.23593 0.03676795 0.122495 0.49374 0.122495 0.911913 0.123817 0.911913 0.119854 0.49374 0.119854 0.911913 0.122495 0.911913 0.128407 0.49985 0.128407 0.918022 0.13105 0.918022 0.140823 0.921687 0.140823 0.503515 0.142145 0.503515 0.138182 0.921687 0.138182 0.503515 0.140823 0.503515</float_array>
          <technique_common>
            <accessor source="#Mesh14_WE_RE1_Group1_Model-mesh-map-0-array" count="14208" stride="2">
              <param name="S" type="float"/>
              <param name="T" type="float"/>
            </accessor>
          </technique_common>
        </source>
        <vertices id="Mesh14_WE_RE1_Group1_Model-mesh-vertices">
          <input semantic="POSITION" source="#Mesh14_WE_RE1_Group1_Model-mesh-positions"/>
        </vertices>
        <polylist material="FrontColor-material" count="4736">
          <input semantic="VERTEX" source="#Mesh14_WE_RE1_Group1_Model-mesh-vertices" offset="0"/>
          <input semantic="NORMAL" source="#Mesh14_WE_RE1_Group1_Model-mesh-normals" offset="1"/>
          <input semantic="TEXCOORD" source="#Mesh14_WE_RE1_Group1_Model-mesh-map-0" offset="2" set="0"/>
          <vcount>3 3 3 3 3 3 3 3 3 3 3 3 3 3 3 3 3 3 3 3 3 3 3 3 3 3 3 3 3 3 3 3 3 3 3 3 3 3 3 3 3 3 3 3 3 3 3 3 3 3 3 3 3 3 3 3 3 3 3 3 3 3 3 3 3 3 3 3 3 3 3 3 3 3 3 3 3 3 3 3 3 3 3 3 3 3 3 3 3 3 3 3 3 3 3 3 3 3 3 3 3 3 3 3 3 3 3 3 3 3 3 3 3 3 3 3 3 3 3 3 3 3 3 3 3 3 3 3 3 3 3 3 3 3 3 3 3 3 3 3 3 3 3 3 3 3 3 3 3 3 3 3 3 3 3 3 3 3 3 3 3 3 3 3 3 3 3 3 3 3 3 3 3 3 3 3 3 3 3 3 3 3 3 3 3 3 3 3 3 3 3 3 3 3 3 3 3 3 3 3 3 3 3 3 3 3 3 3 3 3 3 3 3 3 3 3 3 3 3 3 3 3 3 3 3 3 3 3 3 3 3 3 3 3 3 3 3 3 3 3 3 3 3 3 3 3 3 3 3 3 3 3 3 3 3 3 3 3 3 3 3 3 3 3 3 3 3 3 3 3 3 3 3 3 3 3 3 3 3 3 3 3 3 3 3 3 3 3 3 3 3 3 3 3 3 3 3 3 3 3 3 3 3 3 3 3 3 3 3 3 3 3 3 3 3 3 3 3 3 3 3 3 3 3 3 3 3 3 3 3 3 3 3 3 3 3 3 3 3 3 3 3 3 3 3 3 3 3 3 3 3 3 3 3 3 3 3 3 3 3 3 3 3 3 3 3 3 3 3 3 3 3 3 3 3 3 3 3 3 3 3 3 3 3 3 3 3 3 3 3 3 3 3 3 3 3 3 3 3 3 3 3 3 3 3 3 3 3 3 3 3 3 3 3 3 3 3 3 3 3 3 3 3 3 3 3 3 3 3 3 3 3 3 3 3 3 3 3 3 3 3 3 3 3 3 3 3 3 3 3 3 3 3 3 3 3 3 3 3 3 3 3 3 3 3 3 3 3 3 3 3 3 3 3 3 3 3 3 3 3 3 3 3 3 3 3 3 3 3 3 3 3 3 3 3 3 3 3 3 3 3 3 3 3 3 3 3 3 3 3 3 3 3 3 3 3 3 3 3 3 3 3 3 3 3 3 3 3 3 3 3 3 3 3 3 3 3 3 3 3 3 3 3 3 3 3 3 3 3 3 3 3 3 3 3 3 3 3 3 3 3 3 3 3 3 3 3 3 3 3 3 3 3 3 3 3 3 3 3 3 3 3 3 3 3 3 3 3 3 3 3 3 3 3 3 3 3 3 3 3 3 3 3 3 3 3 3 3 3 3 3 3 3 3 3 3 3 3 3 3 3 3 3 3 3 3 3 3 3 3 3 3 3 3 3 3 3 3 3 3 3 3 3 3 3 3 3 3 3 3 3 3 3 3 3 3 3 3 3 3 3 3 3 3 3 3 3 3 3 3 3 3 3 3 3 3 3 3 3 3 3 3 3 3 3 3 3 3 3 3 3 3 3 3 3 3 3 3 3 3 3 3 3 3 3 3 3 3 3 3 3 3 3 3 3 3 3 3 3 3 3 3 3 3 3 3 3 3 3 3 3 3 3 3 3 3 3 3 3 3 3 3 3 3 3 3 3 3 3 3 3 3 3 3 3 3 3 3 3 3 3 3 3 3 3 3 3 3 3 3 3 3 3 3 3 3 3 3 3 3 3 3 3 3 3 3 3 3 3 3 3 3 3 3 3 3 3 3 3 3 3 3 3 3 3 3 3 3 3 3 3 3 3 3 3 3 3 3 3 3 3 3 3 3 3 3 3 3 3 3 3 3 3 3 3 3 3 3 3 3 3 3 3 3 3 3 3 3 3 3 3 3 3 3 3 3 3 3 3 3 3 3 3 3 3 3 3 3 3 3 3 3 3 3 3 3 3 3 3 3 3 3 3 3 3 3 3 3 3 3 3 3 3 3 3 3 3 3 3 3 3 3 3 3 3 3 3 3 3 3 3 3 3 3 3 3 3 3 3 3 3 3 3 3 3 3 3 3 3 3 3 3 3 3 3 3 3 3 3 3 3 3 3 3 3 3 3 3 3 3 3 3 3 3 3 3 3 3 3 3 3 3 3 3 3 3 3 3 3 3 3 3 3 3 3 3 3 3 3 3 3 3 3 3 3 3 3 3 3 3 3 3 3 3 3 3 3 3 3 3 3 3 3 3 3 3 3 3 3 3 3 3 3 3 3 3 3 3 3 3 3 3 3 3 3 3 3 3 3 3 3 3 3 3 3 3 3 3 3 3 3 3 3 3 3 3 3 3 3 3 3 3 3 3 3 3 3 3 3 3 3 3 3 3 3 3 3 3 3 3 3 3 3 3 3 3 3 3 3 3 3 3 3 3 3 3 3 3 3 3 3 3 3 3 3 3 3 3 3 3 3 3 3 3 3 3 3 3 3 3 3 3 3 3 3 3 3 3 3 3 3 3 3 3 3 3 3 3 3 3 3 3 3 3 3 3 3 3 3 3 3 3 3 3 3 3 3 3 3 3 3 3 3 3 3 3 3 3 3 3 3 3 3 3 3 3 3 3 3 3 3 3 3 3 3 3 3 3 3 3 3 3 3 3 3 3 3 3 3 3 3 3 3 3 3 3 3 3 3 3 3 3 3 3 3 3 3 3 3 3 3 3 3 3 3 3 3 3 3 3 3 3 3 3 3 3 3 3 3 3 3 3 3 3 3 3 3 3 3 3 3 3 3 3 3 3 3 3 3 3 3 3 3 3 3 3 3 3 3 3 3 3 3 3 3 3 3 3 3 3 3 3 3 3 3 3 3 3 3 3 3 3 3 3 3 3 3 3 3 3 3 3 3 3 3 3 3 3 3 3 3 3 3 3 3 3 3 3 3 3 3 3 3 3 3 3 3 3 3 3 3 3 3 3 3 3 3 3 3 3 3 3 3 3 3 3 3 3 3 3 3 3 3 3 3 3 3 3 3 3 3 3 3 3 3 3 3 3 3 3 3 3 3 3 3 3 3 3 3 3 3 3 3 3 3 3 3 3 3 3 3 3 3 3 3 3 3 3 3 3 3 3 3 3 3 3 3 3 3 3 3 3 3 3 3 3 3 3 3 3 3 3 3 3 3 3 3 3 3 3 3 3 3 3 3 3 3 3 3 3 3 3 3 3 3 3 3 3 3 3 3 3 3 3 3 3 3 3 3 3 3 3 3 3 3 3 3 3 3 3 3 3 3 3 3 3 3 3 3 3 3 3 3 3 3 3 3 3 3 3 3 3 3 3 3 3 3 3 3 3 3 3 3 3 3 3 3 3 3 3 3 3 3 3 3 3 3 3 3 3 3 3 3 3 3 3 3 3 3 3 3 3 3 3 3 3 3 3 3 3 3 3 3 3 3 3 3 3 3 3 3 3 3 3 3 3 3 3 3 3 3 3 3 3 3 3 3 3 3 3 3 3 3 3 3 3 3 3 3 3 3 3 3 3 3 3 3 3 3 3 3 3 3 3 3 3 3 3 3 3 3 3 3 3 3 3 3 3 3 3 3 3 3 3 3 3 3 3 3 3 3 3 3 3 3 3 3 3 3 3 3 3 3 3 3 3 3 3 3 3 3 3 3 3 3 3 3 3 3 3 3 3 3 3 3 3 3 3 3 3 3 3 3 3 3 3 3 3 3 3 3 3 3 3 3 3 3 3 3 3 3 3 3 3 3 3 3 3 3 3 3 3 3 3 3 3 3 3 3 3 3 3 3 3 3 3 3 3 3 3 3 3 3 3 3 3 3 3 3 3 3 3 3 3 3 3 3 3 3 3 3 3 3 3 3 3 3 3 3 3 3 3 3 3 3 3 3 3 3 3 3 3 3 3 3 3 3 3 3 3 3 3 3 3 3 3 3 3 3 3 3 3 3 3 3 3 3 3 3 3 3 3 3 3 3 3 3 3 3 3 3 3 3 3 3 3 3 3 3 3 3 3 3 3 3 3 3 3 3 3 3 3 3 3 3 3 3 3 3 3 3 3 3 3 3 3 3 3 3 3 3 3 3 3 3 3 3 3 3 3 3 3 3 3 3 3 3 3 3 3 3 3 3 3 3 3 3 3 3 3 3 3 3 3 3 3 3 3 3 3 3 3 3 3 3 3 3 3 3 3 3 3 3 3 3 3 3 3 3 3 3 3 3 3 3 3 3 3 3 3 3 3 3 3 3 3 3 3 3 3 3 3 3 3 3 3 3 3 3 3 3 3 3 3 3 3 3 3 3 3 3 3 3 3 3 3 3 3 3 3 3 3 3 3 3 3 3 3 3 3 3 3 3 3 3 3 3 3 3 3 3 3 3 3 3 3 3 3 3 3 3 3 3 3 3 3 3 3 3 3 3 3 3 3 3 3 3 3 3 3 3 3 3 3 3 3 3 3 3 3 3 3 3 3 3 3 3 3 3 3 3 3 3 3 3 3 3 3 3 3 3 3 3 3 3 3 3 3 3 3 3 3 3 3 3 3 3 3 3 3 3 3 3 3 3 3 3 3 3 3 3 3 3 3 3 3 3 3 3 3 3 3 3 3 3 3 3 3 3 3 3 3 3 3 3 3 3 3 3 3 3 3 3 3 3 3 3 3 3 3 3 3 3 3 3 3 3 3 3 3 3 3 3 3 3 3 3 3 3 3 3 3 3 3 3 3 3 3 3 3 3 3 3 3 3 3 3 3 3 3 3 3 3 3 3 3 3 3 3 3 3 3 3 3 3 3 3 3 3 3 3 3 3 3 3 3 3 3 3 3 3 3 3 3 3 3 3 3 3 3 3 3 3 3 3 3 3 3 3 3 3 3 3 3 3 3 3 3 3 3 3 3 3 3 3 3 3 3 3 3 3 3 3 3 3 3 3 3 3 3 3 3 3 3 3 3 3 3 3 3 3 3 3 3 3 3 3 3 3 3 3 3 3 3 3 3 3 3 3 3 3 3 3 3 3 3 3 3 3 3 3 3 3 3 3 3 3 3 3 3 3 3 3 3 3 3 3 3 3 3 3 3 3 3 3 3 3 3 3 3 3 3 3 3 3 3 3 3 3 3 3 3 3 3 3 3 3 3 3 3 3 3 3 3 3 3 3 3 3 3 3 3 3 3 3 3 3 3 3 3 3 3 3 3 3 3 3 3 3 3 3 3 3 3 3 3 3 3 3 3 3 3 3 3 3 3 3 3 3 3 3 3 3 3 3 3 3 3 3 3 3 3 3 3 3 3 3 3 3 3 3 3 3 3 3 3 3 3 3 3 3 3 3 3 3 3 3 3 3 3 3 3 3 3 3 3 3 3 3 3 3 3 3 3 3 3 3 3 3 3 3 3 3 3 3 3 3 3 3 3 3 3 3 3 3 3 3 3 3 3 3 3 3 3 3 3 3 3 3 3 3 3 3 3 3 3 3 3 3 3 3 3 3 3 3 3 3 3 3 3 3 3 3 3 3 3 3 3 3 3 3 3 3 3 3 3 3 3 3 3 3 3 3 3 3 3 3 3 3 3 3 3 3 3 3 3 3 3 3 3 3 3 3 3 3 3 3 3 3 3 3 3 3 3 3 3 3 3 3 3 3 3 3 3 3 3 3 3 3 3 3 3 3 3 3 3 3 3 3 3 3 3 3 3 3 3 3 3 3 3 3 3 3 3 3 3 3 3 3 3 3 3 3 3 3 3 3 3 3 3 3 3 3 3 3 3 3 3 3 3 3 3 3 3 3 3 3 3 3 3 3 3 3 3 3 3 3 3 3 3 3 3 3 3 3 3 3 3 3 3 3 3 3 3 3 3 3 3 3 3 3 3 3 3 3 3 3 3 3 3 3 3 3 3 3 3 3 3 3 3 3 3 3 3 3 3 3 3 3 3 3 3 3 3 3 3 3 3 3 3 3 3 3 3 3 3 3 3 3 3 3 3 3 3 3 3 3 3 3 3 3 3 3 3 3 3 3 3 3 3 3 3 3 3 3 3 3 3 3 3 3 3 3 3 3 3 3 3 3 3 3 3 3 3 3 3 3 3 3 3 3 3 3 3 3 3 3 3 3 3 3 3 3 3 3 3 3 3 3 3 3 3 3 3 3 3 3 3 3 3 3 3 3 3 3 3 3 3 3 3 3 3 3 3 3 3 3 3 3 3 3 3 3 3 3 3 3 3 3 3 3 3 3 3 3 3 3 3 3 3 3 3 3 3 3 3 3 3 3 3 3 3 3 3 3 3 3 3 3 3 3 3 3 3 3 3 3 3 3 3 3 3 3 3 3 3 3 3 3 3 3 3 3 3 3 3 3 3 3 3 3 3 3 3 3 3 3 3 3 3 3 3 3 3 3 3 3 3 3 3 3 3 3 3 3 3 3 3 3 3 3 3 3 3 3 3 3 3 3 3 3 3 3 3 3 3 3 3 3 3 3 3 3 3 3 3 3 3 3 3 3 3 3 3 3 3 3 3 3 3 3 3 3 3 3 3 3 3 3 3 3 3 3 3 3 3 3 3 3 3 3 3 3 3 3 3 3 3 3 3 3 3 3 3 3 3 3 3 3 3 3 3 3 3 3 3 3 3 3 3 3 3 3 3 3 3 3 3 3 3 3 3 3 3 3 3 3 3 3 3 3 3 3 3 3 3 3 3 3 3 3 3 3 3 3 3 3 3 3 3 3 3 3 3 3 3 3 3 3 3 3 3 3 3 3 3 3 3 3 3 3 3 3 3 3 3 3 3 3 3 3 3 3 3 3 3 3 3 3 3 3 3 3 3 3 3 3 3 3 3 3 3 3 3 3 3 3 3 3 3 3 3 3 3 3 3 3 3 3 3 3 3 3 3 3 3 3 3 3 3 3 3 3 3 3 3 3 3 3 3 3 3 3 3 3 3 3 3 3 3 3 3 3 3 3 3 3 3 3 3 3 3 3 3 3 3 3 3 3 3 3 3 3 3 3 3 3 3 3 3 3 3 3 3 3 3 3 3 3 3 3 3 3 3 3 3 3 3 3 3 3 3 3 3 3 3 3 3 3 3 3 3 3 3 3 3 3 3 3 3 3 3 3 3 3 3 3 3 3 3 3 3 3 3 3 3 3 3 3 3 3 3 3 3 3 3 3 3 3 3 3 3 3 3 3 3 3 3 3 3 3 3 3 3 3 3 3 3 3 3 3 3 3 3 3 3 3 3 3 3 3 3 3 3 3 3 3 3 3 3 3 3 3 3 3 3 3 3 3 3 3 3 3 3 3 3 3 3 3 3 3 3 3 3 3 3 3 3 3 3 3 3 3 3 3 3 3 3 3 3 3 3 3 3 3 3 3 3 3 3 3 3 3 3 3 3 3 3 3 3 3 3 3 3 3 3 3 3 3 3 3 3 3 3 3 3 3 3 3 3 3 3 3 3 3 3 3 3 3 3 3 3 3 3 3 3 3 3 3 3 3 3 3 3 3 3 3 3 3 3 3 3 3 3 3 3 3 3 3 3 3 3 3 3 3 3 3 3 3 3 3 3 3 3 3 3 3 3 3 3 3 3 3 3 3 3 3 3 3 3 3 3 3 3 3 3 3 3 3 3 3 3 3 3 3 3 3 3 3 3 3 3 3 3 3 3 3 3 3 3 3 3 3 3 3 3 3 3 3 3 3 3 3 3 3 3 3 3 3 3 3 3 3 3 3 3 3 3 3 3 3 3 3 3 3 3 3 3 3 3 3 3 3 3 3 3 3 3 3 3 3 3 3 3 3 3 3 3 3 3 3 3 3 3 3 3 3 3 3 3 3 3 3 3 3 3 3 3 3 3 3 3 3 3 3 3 3 3 3 3 3 3 3 3 3 3 3 3 3 3 3 3 3 3 3 3 3 3 3 3 3 3 3 3 3 3 3 3 3 3 3 3 3 3 3 3 3 3 3 3 3 3 3 3 3 3 3 3 3 3 3 3 3 3 3 3 3 3 3 3 3 3 3 3 3 3 3 3 3 3 3 3 3 3 3 3 3 3 3 3 3 3 3 3 3 3 3 3 3 3 3 3 3 3 3 3 3 3 3 3 3 3 3 3 3 3 3 3 3 3 3 3 3 3 3 3 3 3 3 3 3 3 3 3 3 3 3 3 3 3 3 3 3 3 3 3 3 3 3 3 3 3 3 3 3 3 3 3 3 3 3 3 3 3 3 3 3 3 3 3 3 3 3 3 3 3 3 3 3 3 3 3 3 3 3 3 3 3 3 3 3 3 3 3 3 3 3 3 3 3 3 3 3 3 3 3 3 3 3 3 3 3 3 3 3 3 3 3 3 3 3 3 3 3 3 3 3 3 3 3 3 3 3 3 3 3 3 3 3 3 3 3 3 3 3 3 3 3 3 3 3 3 3 3 3 3 3 3 3 3 3 3 3 3 3 3 3 3 3 3 3 3 3 3 3 3 3 3 3 3 3 3 3 3 3 3 3 3 3 3 3 3 3 3 3 3 3 3 3 3 3 3 3 3 3 3 3 3 3 3 3 3 3 3 3 3 3 3 3 3 3 3 3 3 3 3 3 3 3 3 3 3 3 3 3 3 3 3 3 3 3 3 3 3 3 3 3 3 3 3 3 3 3 3 3 3 3 3 3 3 3 3 3 3 3 3 3 3 3 3 3 3 3 3 3 3 3 3 3 3 3 3 3 3 3 3 3 3 3 3 3 3 3 3 3 3 3 3 3 3 3 3 3 3 3 3 3 3 3 3 3 3 3 3 3 3 3 3 3 3 3 3 3 3 3 3 3 3 3 3 3 3 3 3 3 3 3 3 3 3 3 3 3 3 3 3 3 3 3 3 3 3 3 3 3 3 3 3 3 3 3 3 3 3 3 3 3 3 3 3 3 3 3 3 3 3 3 3 3 3 3 3 3 3 3 3 3 3 3 3 3 3 3 3 3 3 3 3 3 3 3 3 3 3 3 3 3 3 3 3 3 3 3 3 3 3 3 3 3 3 3 3 3 3 3 3 3 3 3 3 3 3 3 3 3 3 3 3 3 3 3 3 3 3 3 3 3 3 3 3 3 3 3 3 3 3 3 3 3 3 3 3 3 3 3 3 3 3 3 3 3 3 3 3 3 3 3 3 3 3 3 3 3 3 3 3 3 3 3 3 3 3 3 3 3 3 3 3 3 3 3 3 3 3 3 3 3 3 3 3 3 3 3 3 3 3 3 3 3 3 3 3 3 3 3 3 3 3 3 3 3 3 3 3 3 3 3 3 3 3 3 3 3 3 3 3 3 3 3 3 3 3 3 3 3 3 3 3 3 3 3 3 3 3 3 3 3 3 3 3 3 3 3 3 3 3 3 3 3 3 3 3 3 3 3 3 3 3 3 3 3 3 3 3 3 3 3 3 3 3 3 3 3 3 3 3 3 3 3 3 3 3 3 3 3 3 3 3 3 3 3 3 3 3 3 3 3 3 3 3 3 3 3 3 3 3 3 3 3 3 3 3 3 3 3 3 3 3 3 3 3 3 3 3 3 3 3 3 3 3 3 3 3 3 3 3 3 3 3 3 3 3 3 3 3 3 3 3 3 3 3 3 3 3 3 3 3 3 3 3 3 3 3 3 3 3 3 3 3 3 3 3 3 3 3 3 3 3 3 3 3 3 3 3 3 3 3 3 3 3 3 3 3 3 3 3 3 3 3 3 3 3 3 3 3 3 3 3 3 3 3 3 3 3 3 3 3 3 3 3 3 3 3 3 3 3 3 3 3 3 3 3 3 3 3 3 3 3 3 3 3 3 3 3 3 3 3 3 3 3 3 3 3 3 3 3 3 3 3 3 3 3 3 3 3 3 3 3 3 3 3 3 3 3 3 3 3 3 3 3 3 3 3 3 3 3 3 3 3 3 3 3 3 3 3 3 3 3 3 3 3 3 3 3 3 3 3 3 3 3 3 3 3 3 3 3 3 3 3 3 3 3 3 3 3 3 3 3 3 3 3 3 3 3 3 3 3 3 3 3 3 3 3 3 3 3 3 3 3 3 3 3 3 3 3 3 3 3 3 3 3 3 3 3 3 3 3 3 3 3 3 3 3 3 3 3 3 3 3 3 3 3 3 3 3 3 3 3 3 3 3 3 3 3 3 3 3 3 3 3 3 3 3 3 3 3 3 3 3 3 3 3 3 3 3 3 3 3 3 3 3 3 3 3 3 3 3 3 3 3 3 3 3 3 3 3 3 3 3 3 3 3 3 3 3 3 3 3 3 3 3 3 3 3 3 3 3 3 3 3 3 3 3 3 3 3 3 3 3 3 3 3 3 3 3 3 3 3 3 3 3 3 3 3 3 3 3 3 3 3 3 3 3 3 3 3 3 3 3 3 3 3 3 3 3 3 3 3 3 3 3 3 3 3 3 3 3 3 3 3 3 3 3 3 3 3 3 3 3 3 3 3 3 3 3 3 3 3 3 3 3 3 3 3 3 3 3 3 3 3 3 3 3 3 3 3 3 3 3 3 3 3 3 3 3 3 3 3 3 3 3 3 3 3 3 3 3 3 3 3 3 3 3 3 3 3 3 3 3 3 3 3 3 3 3 3 3 3 3 3 3 3 3 3 3 3 3 3 3 3 3 3 3 3 3 3 </vcount>
          <p>1 0 0 3 1 1 0 2 2 4 3 3 2 4 4 1 0 5 6 5 6 5 6 7 4 3 8 8 7 9 7 8 10 6 5 11 10 9 12 9 10 13 8 7 14 0 2 15 11 11 16 10 9 17 13 12 18 15 13 19 12 14 20 17 15 21 12 14 22 16 16 23 19 17 24 16 16 25 18 18 26 21 19 27 18 18 28 20 20 29 23 21 30 20 20 31 22 22 32 25 23 33 22 22 34 24 24 35 27 25 36 24 24 37 26 26 38 29 27 39 26 26 40 28 28 41 31 29 42 28 28 43 30 30 44 33 31 45 30 30 46 32 32 47 35 33 48 32 32 49 34 34 50 37 35 51 34 34 52 36 36 53 39 37 54 36 36 55 38 38 56 41 39 57 38 38 58 40 40 59 43 41 60 40 40 61 42 42 62 45 43 63 42 42 64 44 44 65 47 45 66 44 44 67 46 46 68 49 47 69 46 46 70 48 48 71 51 49 72 48 48 73 50 50 74 53 51 75 50 52 76 52 53 77 55 54 78 52 53 79 54 55 80 57 56 81 54 55 82 56 57 83 59 58 84 56 57 85 58 59 86 61 60 87 58 59 88 60 61 89 63 62 90 60 61 91 62 63 92 65 64 93 62 63 94 64 65 95 67 66 96 64 65 97 66 67 98 14 68 99 66 67 100 15 13 101 68 69 102 67 66 103 14 68 104 68 69 105 71 70 106 69 71 107 70 72 108 68 69 109 72 73 110 73 74 111 68 69 112 74 75 113 73 74 114 55 54 115 72 73 116 73 74 117 51 76 118 53 51 119 75 77 120 74 75 121 76 78 122 76 78 123 13 12 124 17 15 125 68 69 126 13 12 127 74 75 128 77 79 129 17 15 130 19 17 131 76 78 132 77 79 133 75 77 134 77 79 135 78 80 136 75 77 137 78 80 138 19 17 139 21 19 140 78 80 141 23 21 142 79 81 143 78 80 144 79 81 145 75 77 146 79 81 147 80 82 148 75 77 149 80 82 150 23 21 151 25 23 152 80 82 153 27 25 154 81 83 155 81 83 156 75 77 157 80 82 158 82 84 159 75 77 160 81 83 161 83 85 162 75 77 163 82 84 164 75 77 165 85 86 166 84 87 167 84 87 168 51 49 169 75 77 170 86 88 171 49 47 172 84 87 173 85 86 174 86 88 175 84 87 176 87 89 177 33 31 178 35 33 179 83 85 180 33 31 181 85 86 182 82 84 183 31 29 184 83 85 185 82 84 186 27 25 187 29 27 188 87 89 189 37 35 190 88 90 191 87 89 192 89 91 193 86 88 194 90 92 195 89 91 196 88 90 197 90 92 198 37 35 199 39 37 200 90 92 201 41 39 202 92 93 203 92 93 204 91 94 205 90 92 206 91 94 207 41 39 208 43 41 209 91 94 210 45 43 211 89 91 212 86 88 213 45 43 214 47 45 215 70 72 216 55 54 217 57 56 218 71 70 219 57 56 220 59 58 221 71 70 222 61 60 223 93 95 224 94 96 225 71 70 226 93 95 227 69 71 228 65 64 229 67 66 230 95 97 231 65 64 232 94 96 233 95 97 234 94 96 235 93 95 236 95 97 237 61 60 238 63 62 239 97 98 240 99 99 241 96 100 242 101 101 243 96 100 244 100 100 245 103 102 246 100 103 247 102 104 248 105 105 249 102 104 250 104 106 251 107 107 252 104 108 253 106 109 254 109 110 255 106 109 256 108 111 257 111 112 258 108 111 259 110 113 260 113 114 261 110 113 262 112 115 263 115 116 264 112 115 265 114 117 266 117 118 267 114 117 268 116 119 269 119 120 270 116 119 271 118 121 272 121 122 273 118 121 274 120 123 275 123 124 276 120 123 277 122 125 278 125 126 279 122 125 280 124 127 281 127 128 282 124 127 283 126 129 284 129 130 285 126 129 286 128 131 287 131 132 288 128 131 289 130 133 290 133 134 291 130 133 292 132 135 293 135 136 294 132 135 295 134 137 296 137 138 297 134 137 298 136 139 299 139 140 300 136 139 301 138 141 302 141 142 303 138 141 304 140 143 305 143 144 306 140 143 307 142 145 308 145 146 309 142 145 310 144 147 311 147 148 312 144 147 313 146 149 314 149 150 315 146 149 316 148 151 317 151 152 318 148 151 319 150 153 320 153 154 321 150 153 322 152 155 323 155 156 324 152 155 325 154 157 326 157 158 327 154 157 328 156 121 329 159 159 330 156 121 331 158 123 332 98 160 333 158 123 334 99 99 335 161 161 336 98 160 337 160 162 338 163 163 339 160 162 340 162 164 341 163 163 342 145 146 343 147 148 344 164 165 345 145 146 346 162 164 347 166 166 348 162 164 349 165 167 350 165 167 351 101 101 352 166 166 353 160 162 354 97 98 355 165 167 356 160 162 357 165 167 358 162 164 359 167 168 360 101 101 361 103 102 362 166 166 363 167 168 364 168 169 365 167 168 366 170 170 367 168 169 368 167 168 369 105 105 370 169 171 371 171 172 372 105 105 373 107 107 374 169 171 375 172 173 376 173 174 377 174 175 378 172 173 379 171 172 380 174 175 381 107 107 382 109 110 383 174 175 384 111 112 385 176 176 386 176 176 387 175 177 388 174 175 389 176 176 390 179 178 391 177 179 392 178 180 393 111 112 394 113 114 395 178 180 396 115 116 397 180 181 398 180 181 399 179 178 400 178 180 401 179 178 402 115 116 403 117 118 404 179 178 405 119 120 406 177 179 407 175 177 408 119 120 409 121 122 410 175 177 411 123 124 412 172 173 413 172 173 414 125 126 415 173 174 416 181 182 417 125 126 418 127 128 419 181 182 420 169 171 421 173 174 422 182 183 423 169 171 424 181 182 425 183 184 426 169 171 427 182 183 428 170 170 429 169 171 430 183 184 431 183 184 432 133 134 433 170 170 434 183 184 435 129 130 436 131 132 437 181 182 438 129 130 439 182 183 440 170 170 441 135 136 442 168 169 443 184 185 444 135 136 445 137 138 446 168 169 447 184 185 448 166 166 449 184 185 450 185 186 451 166 166 452 184 185 453 139 140 454 185 186 455 186 187 456 139 140 457 141 142 458 185 186 459 186 187 460 166 166 461 186 187 462 164 165 463 166 166 464 186 187 465 143 144 466 164 165 467 163 163 468 149 150 469 187 188 470 187 188 471 161 161 472 163 163 473 189 189 474 188 190 475 187 188 476 189 189 477 149 150 478 151 152 479 189 189 480 153 154 481 191 191 482 191 191 483 190 192 484 189 189 485 190 192 486 153 154 487 155 156 488 190 192 489 157 158 490 188 190 491 161 161 492 157 158 493 159 159 494 193 193 495 195 194 496 192 195 497 197 196 498 192 195 499 196 197 500 199 198 501 196 197 502 198 199 503 201 200 504 198 199 505 200 201 506 203 202 507 200 201 508 202 203 509 205 204 510 202 203 511 204 205 512 207 206 513 204 205 514 206 207 515 209 208 516 206 207 517 208 209 518 211 210 519 208 209 520 210 211 521 213 212 522 210 211 523 212 213 524 215 214 525 212 213 526 214 215 527 217 216 528 214 215 529 216 217 530 219 218 531 216 217 532 218 219 533 221 220 534 218 219 535 220 221 536 223 222 537 220 221 538 222 223 539 225 224 540 222 223 541 224 225 542 227 226 543 224 225 544 226 227 545 229 228 546 226 227 547 228 28 548 194 229 549 228 28 550 195 194 551 231 230 552 194 229 553 230 231 554 233 232 555 230 231 556 232 233 557 233 232 558 215 214 559 217 216 560 232 233 561 213 212 562 215 214 563 230 231 564 234 234 565 232 233 566 230 231 567 193 193 568 235 235 569 236 236 570 193 193 571 197 196 572 235 235 573 237 237 574 234 234 575 238 238 576 237 237 577 236 236 578 239 239 579 237 237 580 238 238 581 237 237 582 241 240 583 240 241 584 237 237 585 209 208 586 211 210 587 240 241 588 207 206 589 209 208 590 242 242 591 241 240 592 243 243 593 243 243 594 203 202 595 205 204 596 239 239 597 203 202 598 241 240 599 239 239 600 199 198 601 201 200 602 238 238 603 197 196 604 199 198 605 243 243 606 207 206 607 242 242 608 237 237 609 213 212 610 234 234 611 233 232 612 219 218 613 244 244 614 244 244 615 231 230 616 233 232 617 244 244 618 247 245 619 245 246 620 246 247 621 219 218 622 221 220 623 246 247 624 223 222 625 248 248 626 248 248 627 247 245 628 246 247 629 247 245 630 223 222 631 225 224 632 247 245 633 227 226 634 245 246 635 231 230 636 227 226 637 229 228 638 250 249 639 252 250 640 249 251 641 253 252 642 251 253 643 250 249 644 255 254 645 254 255 646 253 252 647 257 256 648 256 257 649 255 254 650 259 258 651 258 259 652 257 256 653 249 251 654 260 260 655 259 258 656 262 261 657 264 262 658 261 263 659 266 264 660 261 263 661 265 265 662 268 266 663 265 265 664 267 267 665 270 268 666 267 267 667 269 269 668 272 270 669 269 269 670 271 271 671 274 272 672 271 271 673 273 273 674 276 274 675 273 273 676 275 275 677 278 276 678 275 275 679 277 277 680 280 278 681 277 277 682 279 279 683 282 280 684 279 281 685 281 282 686 284 283 687 281 282 688 283 284 689 286 285 690 283 284 691 285 286 692 288 287 693 285 286 694 287 288 695 290 289 696 287 288 697 289 290 698 292 291 699 289 290 700 291 292 701 294 293 702 291 292 703 293 294 704 296 295 705 293 294 706 295 296 707 298 297 708 295 296 709 297 298 710 300 299 711 297 298 712 299 300 713 302 301 714 299 300 715 301 302 716 304 303 717 301 302 718 303 304 719 306 305 720 303 304 721 305 306 722 308 307 723 305 306 724 307 308 725 263 309 726 307 308 727 264 262 728 310 310 729 263 309 730 309 311 731 310 310 732 309 311 733 311 312 734 309 311 735 312 313 736 311 312 737 309 311 738 262 261 739 312 313 740 313 314 741 262 261 742 266 264 743 313 314 744 311 312 745 312 313 746 313 314 747 316 315 748 314 316 749 315 317 750 266 264 751 268 266 752 317 318 753 268 266 754 270 268 755 318 319 756 315 317 757 317 318 758 318 319 759 274 272 760 319 320 761 317 318 762 272 270 763 318 319 764 316 315 765 274 272 766 276 274 767 316 315 768 315 317 769 319 320 770 316 315 771 278 276 772 314 316 773 314 316 774 280 278 775 311 312 776 320 321 777 280 322 778 282 280 779 321 323 780 311 312 781 320 321 782 321 323 783 300 299 784 322 324 785 323 325 786 298 297 787 321 323 788 320 321 789 323 325 790 321 323 791 324 326 792 282 280 793 284 283 794 325 327 795 284 283 796 286 285 797 325 327 798 323 325 799 324 326 800 325 327 801 328 328 802 326 329 803 325 327 804 288 287 805 327 330 806 329 331 807 288 287 808 290 289 809 329 331 810 328 328 811 327 330 812 329 331 813 292 291 814 328 328 815 326 329 816 292 291 817 294 293 818 326 329 819 296 295 820 323 325 821 330 332 822 300 299 823 302 301 824 322 324 825 330 332 826 311 312 827 330 332 828 331 333 829 311 312 830 331 333 831 302 301 832 304 303 833 331 333 834 306 305 835 332 334 836 331 333 837 332 334 838 311 312 839 332 334 840 310 310 841 311 312 842 310 310 843 306 305 844 308 307 845 334 335 846 336 336 847 333 337 848 337 338 849 335 339 850 334 335 851 339 340 852 338 341 853 337 338 854 341 342 855 340 343 856 339 340 857 343 344 858 342 345 859 341 342 860 333 337 861 344 346 862 343 344 863 346 347 864 348 348 865 345 349 866 350 350 867 345 349 868 349 351 869 352 352 870 349 351 871 351 353 872 354 354 873 351 353 874 353 355 875 356 356 876 353 355 877 355 357 878 358 358 879 355 357 880 357 359 881 360 360 882 357 359 883 359 361 884 362 362 885 359 361 886 361 363 887 364 364 888 361 363 889 363 365 890 366 366 891 363 365 892 365 367 893 368 368 894 365 367 895 367 369 896 370 370 897 367 369 898 369 371 899 372 372 900 369 371 901 371 373 902 374 374 903 371 373 904 373 375 905 376 376 906 373 375 907 375 377 908 378 378 909 375 377 910 377 379 911 380 380 912 377 379 913 379 381 914 382 382 915 379 381 916 381 383 917 384 384 918 381 383 919 383 385 920 386 386 921 383 385 922 385 387 923 388 388 924 385 387 925 387 389 926 390 390 927 387 389 928 389 391 929 392 392 930 389 391 931 391 393 932 394 394 933 391 393 934 393 395 935 396 396 936 393 395 937 395 397 938 398 398 939 395 397 940 397 399 941 400 400 942 397 399 943 399 401 944 402 402 945 399 401 946 401 403 947 404 404 948 401 403 949 403 405 950 406 406 951 403 405 952 405 407 953 408 408 954 405 407 955 407 409 956 410 410 957 407 409 958 409 411 959 412 412 960 409 411 961 411 413 962 414 414 963 411 413 964 413 415 965 416 416 966 413 415 967 415 417 968 418 418 969 415 108 970 417 419 971 420 420 972 417 419 973 419 421 974 422 422 975 419 421 976 421 423 977 424 424 978 421 423 979 423 425 980 426 426 981 423 425 982 425 427 983 428 428 984 425 427 985 427 429 986 430 430 987 427 429 988 429 431 989 432 432 990 429 431 991 431 433 992 434 434 993 431 433 994 433 435 995 436 436 996 433 435 997 435 437 998 438 438 999 435 437 1000 437 439 1001 440 440 1002 437 439 1003 439 441 1004 442 442 1005 439 441 1006 441 443 1007 444 444 1008 441 443 1009 443 445 1010 446 446 1011 443 445 1012 445 447 1013 448 448 1014 445 447 1015 447 449 1016 450 450 1017 447 449 1018 449 451 1019 347 452 1020 449 451 1021 348 348 1022 451 453 1023 450 450 1024 347 452 1025 454 454 1026 451 453 1027 453 455 1028 454 454 1029 440 440 1030 442 442 1031 453 455 1032 438 438 1033 440 440 1034 453 455 1035 451 453 1036 455 456 1037 456 457 1038 451 453 1039 457 458 1040 455 456 1041 436 436 1042 438 438 1043 456 457 1044 434 434 1045 436 436 1046 458 459 1047 457 458 1048 459 460 1049 457 458 1050 350 350 1051 459 460 1052 451 453 1053 346 347 1054 457 458 1055 460 461 1056 350 350 1057 352 352 1058 459 460 1059 460 461 1060 458 459 1061 461 462 1062 460 461 1063 462 463 1064 458 459 1065 432 432 1066 434 434 1067 463 464 1068 432 432 1069 461 462 1070 463 464 1071 464 465 1072 465 466 1073 462 463 1074 464 465 1075 461 462 1076 464 465 1077 354 354 1078 356 356 1079 462 463 1080 352 352 1081 354 354 1082 464 465 1083 358 358 1084 465 466 1085 466 467 1086 358 358 1087 360 360 1088 466 467 1089 463 464 1090 465 466 1091 463 464 1092 468 468 1093 467 469 1094 463 464 1095 428 428 1096 430 430 1097 469 470 1098 428 428 1099 467 469 1100 467 469 1101 471 471 1102 469 470 1103 470 472 1104 467 469 1105 468 468 1106 470 472 1107 362 362 1108 364 364 1109 468 468 1110 360 360 1111 362 362 1112 470 472 1113 366 366 1114 471 471 1115 471 471 1116 368 368 1117 472 473 1118 472 473 1119 469 470 1120 471 471 1121 469 470 1122 474 474 1123 473 475 1124 469 470 1125 424 424 1126 426 426 1127 475 476 1128 424 424 1129 473 475 1130 473 475 1131 477 477 1132 475 476 1133 476 478 1134 473 475 1135 474 474 1136 476 478 1137 370 370 1138 372 372 1139 474 474 1140 368 368 1141 370 370 1142 476 478 1143 374 374 1144 477 477 1145 477 477 1146 376 376 1147 478 479 1148 478 479 1149 475 476 1150 477 477 1151 475 476 1152 480 480 1153 479 481 1154 475 476 1155 420 420 1156 422 422 1157 481 482 1158 420 420 1159 479 481 1160 483 483 1161 479 481 1162 482 484 1163 482 484 1164 382 382 1165 483 483 1166 482 484 1167 378 378 1168 380 380 1169 482 484 1170 479 481 1171 480 480 1172 480 480 1173 376 376 1174 378 378 1175 483 483 1176 384 384 1177 484 485 1178 484 485 1179 481 482 1180 483 483 1181 485 486 1182 484 485 1183 486 487 1184 481 482 1185 416 416 1186 418 418 1187 487 488 1188 416 416 1189 485 486 1190 487 488 1191 488 489 1192 489 490 1193 488 489 1194 485 486 1195 490 491 1196 490 491 1197 485 486 1198 491 492 1199 491 492 1200 485 486 1201 492 493 1202 492 493 1203 485 486 1204 486 487 1205 492 493 1206 386 386 1207 388 388 1208 486 487 1209 384 384 1210 386 386 1211 492 493 1212 390 390 1213 491 492 1214 490 491 1215 390 390 1216 392 392 1217 490 491 1218 394 394 1219 488 489 1220 489 490 1221 394 394 1222 396 396 1223 493 494 1224 396 396 1225 398 398 1226 489 490 1227 494 495 1228 495 496 1229 496 497 1230 494 495 1231 493 494 1232 493 494 1233 400 400 1234 496 497 1235 498 498 1236 400 400 1237 402 402 1238 498 498 1239 497 499 1240 496 497 1241 500 500 1242 499 501 1243 498 498 1244 499 501 1245 404 404 1246 406 406 1247 498 498 1248 404 404 1249 500 500 1250 499 501 1251 408 408 1252 497 499 1253 494 495 1254 408 408 1255 410 410 1256 494 495 1257 412 412 1258 495 496 1259 495 496 1260 414 414 1261 487 488 1262 495 496 1263 487 488 1264 489 490 1265 454 454 1266 444 444 1267 501 502 1268 501 502 1269 452 503 1270 454 454 1271 503 504 1272 502 505 1273 501 502 1274 503 504 1275 448 448 1276 502 505 1277 503 504 1278 444 444 1279 446 446 1280 452 503 1281 448 448 1282 450 450 1283 505 506 1284 507 507 1285 504 508 1286 509 509 1287 504 508 1288 508 510 1289 511 511 1290 508 510 1291 510 512 1292 513 513 1293 510 512 1294 512 514 1295 515 515 1296 512 514 1297 514 516 1298 517 517 1299 514 516 1300 516 518 1301 519 519 1302 516 518 1303 518 520 1304 521 521 1305 518 520 1306 520 522 1307 523 523 1308 520 522 1309 522 524 1310 525 525 1311 522 524 1312 524 526 1313 527 527 1314 524 526 1315 526 528 1316 529 529 1317 526 528 1318 528 530 1319 531 531 1320 528 530 1321 530 532 1322 533 533 1323 530 532 1324 532 534 1325 535 535 1326 532 534 1327 534 536 1328 537 537 1329 534 536 1330 536 538 1331 539 539 1332 536 538 1333 538 540 1334 541 541 1335 538 540 1336 540 542 1337 543 543 1338 540 542 1339 542 544 1340 545 545 1341 542 544 1342 544 546 1343 547 547 1344 544 546 1345 546 548 1346 549 549 1347 546 548 1348 548 550 1349 551 551 1350 548 550 1351 550 552 1352 553 553 1353 550 552 1354 552 554 1355 555 555 1356 552 554 1357 554 556 1358 557 557 1359 554 556 1360 556 558 1361 559 559 1362 556 558 1363 558 560 1364 561 561 1365 558 560 1366 560 562 1367 563 563 1368 560 562 1369 562 564 1370 565 565 1371 562 564 1372 564 566 1373 567 567 1374 564 566 1375 566 568 1376 569 569 1377 566 568 1378 568 570 1379 571 571 1380 568 570 1381 570 572 1382 573 573 1383 570 572 1384 572 574 1385 575 575 1386 572 574 1387 574 576 1388 577 577 1389 574 576 1390 576 578 1391 579 579 1392 576 578 1393 578 580 1394 581 581 1395 578 580 1396 580 582 1397 583 583 1398 580 582 1399 582 584 1400 585 585 1401 582 584 1402 584 586 1403 587 587 1404 584 586 1405 586 588 1406 589 589 1407 586 588 1408 588 590 1409 591 591 1410 588 590 1411 590 592 1412 593 593 1413 590 592 1414 592 594 1415 595 595 1416 592 594 1417 594 596 1418 597 597 1419 594 596 1420 596 598 1421 599 599 1422 596 598 1423 598 600 1424 601 601 1425 598 600 1426 600 602 1427 603 603 1428 600 602 1429 602 604 1430 605 605 1431 602 604 1432 604 606 1433 607 607 1434 604 606 1435 606 608 1436 609 609 1437 606 608 1438 608 610 1439 611 611 1440 608 610 1441 610 612 1442 613 613 1443 610 612 1444 612 614 1445 615 615 1446 612 614 1447 614 616 1448 617 617 1449 614 616 1450 616 618 1451 619 619 1452 616 618 1453 618 620 1454 621 621 1455 618 620 1456 620 622 1457 623 623 1458 620 622 1459 622 624 1460 625 625 1461 622 624 1462 624 626 1463 627 627 1464 624 626 1465 626 628 1466 629 629 1467 626 628 1468 628 630 1469 631 631 1470 628 630 1471 630 632 1472 633 633 1473 630 632 1474 632 634 1475 635 635 1476 632 634 1477 634 636 1478 637 637 1479 634 636 1480 636 638 1481 639 639 1482 636 638 1483 638 640 1484 641 641 1485 638 640 1486 640 642 1487 643 643 1488 640 642 1489 642 644 1490 645 645 1491 642 644 1492 644 646 1493 647 647 1494 644 646 1495 646 648 1496 649 649 1497 646 648 1498 648 650 1499 651 651 1500 648 650 1501 650 652 1502 653 653 1503 650 652 1504 652 654 1505 655 655 1506 652 654 1507 654 656 1508 657 657 1509 654 656 1510 656 658 1511 659 659 1512 656 658 1513 658 660 1514 661 661 1515 658 660 1516 660 662 1517 663 663 1518 660 662 1519 662 664 1520 665 665 1521 662 664 1522 664 666 1523 506 667 1524 664 666 1525 507 507 1526 666 668 1527 665 665 1528 506 667 1529 666 668 1530 669 669 1531 667 670 1532 666 668 1533 671 671 1534 668 672 1535 666 668 1536 505 506 1537 670 673 1538 670 673 1539 509 509 1540 672 674 1541 674 675 1542 672 674 1543 673 676 1544 673 676 1545 651 651 1546 674 675 1547 673 676 1548 647 647 1549 649 649 1550 673 676 1551 676 677 1552 675 678 1553 676 677 1554 509 509 1555 511 511 1556 676 677 1557 513 513 1558 677 679 1559 675 678 1560 677 679 1561 678 680 1562 675 678 1563 645 645 1564 647 647 1565 678 680 1566 643 643 1567 645 645 1568 678 680 1569 680 681 1570 679 682 1571 680 681 1572 513 513 1573 515 515 1574 681 683 1575 515 515 1576 517 517 1577 679 682 1578 681 683 1579 682 684 1580 679 682 1581 641 641 1582 643 643 1583 683 685 1584 641 641 1585 682 684 1586 682 684 1587 684 686 1588 683 685 1589 681 683 1590 519 519 1591 684 686 1592 684 686 1593 521 521 1594 685 687 1595 683 685 1596 685 687 1597 686 688 1598 686 688 1599 639 639 1600 683 685 1601 687 689 1602 637 637 1603 686 688 1604 686 688 1605 688 690 1606 687 689 1607 685 687 1608 523 523 1609 688 690 1610 689 691 1611 523 523 1612 525 525 1613 690 692 1614 688 690 1615 689 691 1616 687 689 1617 633 633 1618 635 635 1619 690 692 1620 631 631 1621 633 633 1622 691 693 1623 689 691 1624 692 694 1625 692 694 1626 525 525 1627 527 527 1628 692 694 1629 529 529 1630 693 695 1631 691 693 1632 693 695 1633 694 696 1634 694 696 1635 631 631 1636 691 693 1637 695 697 1638 629 629 1639 694 696 1640 694 696 1641 696 698 1642 695 697 1643 693 695 1644 531 531 1645 696 698 1646 697 699 1647 531 531 1648 533 533 1649 698 700 1650 696 698 1651 697 699 1652 695 697 1653 625 625 1654 627 627 1655 698 700 1656 623 623 1657 625 625 1658 699 701 1659 697 699 1660 700 702 1661 700 702 1662 533 533 1663 535 535 1664 700 702 1665 537 537 1666 701 703 1667 699 701 1668 701 703 1669 702 704 1670 702 704 1671 623 623 1672 699 701 1673 703 705 1674 621 621 1675 702 704 1676 702 704 1677 704 706 1678 703 705 1679 701 703 1680 539 539 1681 704 706 1682 705 707 1683 539 539 1684 541 541 1685 706 708 1686 704 706 1687 705 707 1688 703 705 1689 617 617 1690 619 619 1691 706 708 1692 615 615 1693 617 617 1694 707 709 1695 705 707 1696 708 710 1697 708 710 1698 541 541 1699 543 543 1700 708 710 1701 545 545 1702 709 711 1703 707 709 1704 709 711 1705 710 712 1706 710 712 1707 615 615 1708 707 709 1709 711 713 1710 613 613 1711 710 712 1712 710 712 1713 712 714 1714 711 713 1715 709 711 1716 547 547 1717 712 714 1718 713 715 1719 547 547 1720 549 549 1721 714 716 1722 712 714 1723 713 715 1724 711 713 1725 609 609 1726 611 611 1727 714 716 1728 607 607 1729 609 609 1730 715 717 1731 713 715 1732 716 718 1733 716 718 1734 549 549 1735 551 551 1736 716 718 1737 553 553 1738 717 719 1739 715 717 1740 717 719 1741 718 720 1742 718 720 1743 607 607 1744 715 717 1745 719 721 1746 605 605 1747 718 720 1748 718 720 1749 720 722 1750 719 721 1751 717 719 1752 555 555 1753 720 722 1754 721 723 1755 555 555 1756 557 557 1757 722 724 1758 720 722 1759 721 723 1760 722 724 1761 603 603 1762 719 721 1763 722 724 1764 599 599 1765 601 601 1766 723 725 1767 721 723 1768 724 726 1769 724 726 1770 557 557 1771 559 559 1772 724 726 1773 561 561 1774 725 727 1775 726 728 1776 724 726 1777 725 727 1778 723 725 1779 597 597 1780 599 599 1781 727 729 1782 597 597 1783 726 728 1784 727 729 1785 725 727 1786 728 730 1787 725 727 1788 563 563 1789 728 730 1790 728 730 1791 565 565 1792 729 731 1793 731 732 1794 729 731 1795 730 733 1796 731 732 1797 591 591 1798 593 593 1799 732 734 1800 591 591 1801 730 733 1802 730 733 1803 733 735 1804 732 734 1805 733 735 1806 565 565 1807 567 567 1808 734 736 1809 567 567 1810 569 569 1811 732 734 1812 734 736 1813 735 737 1814 732 734 1815 587 587 1816 589 589 1817 736 738 1818 587 587 1819 735 737 1820 737 739 1821 735 737 1822 734 736 1823 737 739 1824 569 569 1825 571 571 1826 738 740 1827 571 571 1828 573 573 1829 740 741 1830 738 740 1831 739 742 1832 740 741 1833 581 581 1834 583 583 1835 741 743 1836 581 581 1837 739 742 1838 741 743 1839 738 740 1840 742 744 1841 738 740 1842 575 575 1843 742 744 1844 742 744 1845 577 577 1846 743 745 1847 743 745 1848 741 743 1849 742 744 1850 741 743 1851 577 577 1852 579 579 1853 740 741 1854 585 585 1855 736 738 1856 740 741 1857 736 738 1858 737 739 1859 731 732 1860 595 595 1861 727 729 1862 731 732 1863 727 729 1864 728 730 1865 744 746 1866 651 651 1867 653 653 1868 671 671 1869 674 675 1870 744 746 1871 671 671 1872 653 653 1873 655 655 1874 668 672 1875 655 655 1876 657 657 1877 668 672 1878 659 659 1879 669 669 1880 745 747 1881 659 659 1882 661 661 1883 746 748 1884 669 669 1885 745 747 1886 667 670 1887 663 663 1888 665 665 1889 745 747 1890 663 663 1891 746 748 1892 748 749 1893 750 750 1894 747 751 1895 752 752 1896 747 751 1897 751 753 1898 754 754 1899 751 753 1900 753 755 1901 756 756 1902 753 755 1903 755 757 1904 758 758 1905 755 757 1906 757 759 1907 760 760 1908 757 759 1909 759 761 1910 762 762 1911 759 761 1912 761 763 1913 764 764 1914 761 763 1915 763 765 1916 766 766 1917 763 765 1918 765 767 1919 768 768 1920 765 767 1921 767 769 1922 770 770 1923 767 769 1924 769 100 1925 772 771 1926 769 100 1927 771 772 1928 774 773 1929 771 772 1930 773 774 1931 776 775 1932 773 774 1933 775 776 1934 778 777 1935 775 776 1936 777 778 1937 780 779 1938 777 778 1939 779 780 1940 782 781 1941 779 780 1942 781 782 1943 784 783 1944 781 782 1945 783 784 1946 749 785 1947 783 784 1948 750 750 1949 785 786 1950 784 783 1951 749 785 1952 785 786 1953 788 787 1954 786 788 1955 787 789 1956 785 786 1957 789 790 1958 790 791 1959 789 790 1960 785 786 1961 791 792 1962 789 790 1963 790 791 1964 789 790 1965 772 771 1966 774 773 1967 791 792 1968 770 770 1969 772 771 1970 790 791 1971 792 793 1972 791 792 1973 790 791 1974 752 752 1975 793 794 1976 785 786 1977 748 749 1978 790 791 1979 794 795 1980 752 752 1981 754 754 1982 793 794 1983 795 796 1984 796 797 1985 797 798 1986 795 796 1987 794 795 1988 794 795 1989 756 756 1990 797 798 1991 799 799 1992 756 756 1993 758 758 1994 797 798 1995 800 800 1996 798 801 1997 801 802 1998 800 800 1999 799 799 2000 800 800 2001 760 760 2002 762 762 2003 799 799 2004 760 760 2005 801 802 2006 800 800 2007 764 764 2008 798 801 2009 795 796 2010 764 764 2011 766 766 2012 795 796 2013 768 768 2014 796 797 2015 796 797 2016 770 770 2017 792 793 2018 796 797 2019 792 793 2020 793 794 2021 787 789 2022 774 773 2023 776 775 2024 787 789 2025 778 777 2026 788 787 2027 788 787 2028 780 779 2029 802 803 2030 803 804 2031 788 787 2032 802 803 2033 786 788 2034 782 781 2035 784 783 2036 802 803 2037 782 781 2038 803 804 2039 805 805 2040 807 806 2041 804 807 2042 809 808 2043 804 807 2044 808 809 2045 811 810 2046 808 809 2047 810 811 2048 813 812 2049 810 811 2050 812 813 2051 815 814 2052 812 813 2053 814 815 2054 817 816 2055 814 815 2056 816 817 2057 819 818 2058 816 817 2059 818 819 2060 821 820 2061 818 819 2062 820 821 2063 823 822 2064 820 821 2065 822 823 2066 825 824 2067 822 823 2068 824 825 2069 827 826 2070 824 825 2071 826 827 2072 829 828 2073 826 827 2074 828 829 2075 831 830 2076 828 829 2077 830 831 2078 833 832 2079 830 831 2080 832 833 2081 835 834 2082 832 833 2083 834 835 2084 837 836 2085 834 835 2086 836 837 2087 839 838 2088 836 837 2089 838 839 2090 841 840 2091 838 839 2092 840 841 2093 843 842 2094 840 841 2095 842 843 2096 845 844 2097 842 843 2098 844 845 2099 847 846 2100 844 845 2101 846 847 2102 849 848 2103 846 847 2104 848 849 2105 851 850 2106 848 849 2107 850 851 2108 853 852 2109 850 851 2110 852 853 2111 855 854 2112 852 853 2113 854 855 2114 857 856 2115 854 855 2116 856 857 2117 859 858 2118 856 857 2119 858 859 2120 861 860 2121 858 859 2122 860 861 2123 863 862 2124 860 861 2125 862 863 2126 865 864 2127 862 863 2128 864 865 2129 867 866 2130 864 865 2131 866 867 2132 869 868 2133 866 867 2134 868 869 2135 871 870 2136 868 869 2137 870 871 2138 873 872 2139 870 871 2140 872 871 2141 875 873 2142 872 108 2143 874 874 2144 877 875 2145 874 874 2146 876 876 2147 879 877 2148 876 876 2149 878 878 2150 881 879 2151 878 878 2152 880 880 2153 883 881 2154 880 880 2155 882 882 2156 885 883 2157 882 882 2158 884 884 2159 887 885 2160 884 884 2161 886 886 2162 889 887 2163 886 886 2164 888 888 2165 891 889 2166 888 888 2167 890 890 2168 893 891 2169 890 890 2170 892 892 2171 895 893 2172 892 892 2173 894 894 2174 897 895 2175 894 894 2176 896 896 2177 899 897 2178 896 896 2179 898 898 2180 901 899 2181 898 898 2182 900 900 2183 903 901 2184 900 900 2185 902 902 2186 905 903 2187 902 902 2188 904 904 2189 907 905 2190 904 904 2191 906 906 2192 806 907 2193 906 906 2194 807 806 2195 908 908 2196 907 905 2197 806 907 2198 911 909 2199 908 908 2200 910 910 2201 911 909 2202 897 895 2203 899 897 2204 910 910 2205 895 893 2206 897 895 2207 910 910 2208 908 908 2209 912 911 2210 913 912 2211 908 908 2212 914 913 2213 912 911 2214 893 891 2215 895 893 2216 913 912 2217 891 889 2218 893 891 2219 913 912 2220 916 914 2221 915 915 2222 914 913 2223 809 808 2224 916 914 2225 908 908 2226 805 805 2227 914 913 2228 917 916 2229 809 808 2230 811 810 2231 917 916 2232 915 915 2233 916 914 2234 919 917 2235 918 918 2236 917 916 2237 920 919 2238 918 918 2239 919 917 2240 919 917 2241 815 814 2242 920 919 2243 919 917 2244 811 810 2245 813 812 2246 920 919 2247 817 816 2248 922 920 2249 922 920 2250 921 921 2251 920 919 2252 923 922 2253 921 921 2254 922 920 2255 923 922 2256 817 816 2257 819 818 2258 925 923 2259 819 818 2260 821 820 2261 925 923 2262 924 924 2263 923 922 2264 924 924 2265 927 925 2266 926 926 2267 926 926 2268 885 883 2269 924 924 2270 926 926 2271 881 879 2272 883 881 2273 930 927 2274 926 926 2275 929 928 2276 930 927 2277 825 824 2278 827 826 2279 927 925 2280 825 824 2281 929 928 2282 929 928 2283 926 926 2284 927 925 2285 925 923 2286 823 822 2287 927 925 2288 931 929 2289 827 826 2290 829 828 2291 931 929 2292 928 930 2293 930 927 2294 932 931 2295 928 930 2296 931 929 2297 931 929 2298 831 830 2299 932 931 2300 932 931 2301 833 832 2302 934 932 2303 934 932 2304 933 933 2305 932 931 2306 933 933 2307 936 934 2308 935 935 2309 933 933 2310 877 875 2311 879 877 2312 937 936 2313 877 875 2314 935 935 2315 939 937 2316 935 935 2317 938 938 2318 938 938 2319 839 838 2320 939 937 2321 938 938 2322 835 834 2323 837 836 2324 938 938 2325 935 935 2326 936 934 2327 936 934 2328 833 832 2329 835 834 2330 939 937 2331 841 840 2332 940 939 2333 940 939 2334 937 936 2335 939 937 2336 941 940 2337 940 939 2338 942 941 2339 937 936 2340 873 872 2341 875 873 2342 943 942 2343 873 872 2344 941 940 2345 943 942 2346 944 943 2347 945 944 2348 944 943 2349 941 940 2350 946 945 2351 946 945 2352 941 940 2353 947 946 2354 947 946 2355 941 940 2356 948 947 2357 948 947 2358 941 940 2359 942 941 2360 948 947 2361 843 842 2362 845 844 2363 942 941 2364 841 840 2365 843 842 2366 948 947 2367 847 846 2368 947 946 2369 946 945 2370 847 846 2371 849 848 2372 946 945 2373 851 850 2374 944 943 2375 944 943 2376 853 852 2377 945 944 2378 949 948 2379 853 852 2380 855 854 2381 949 948 2382 951 949 2383 945 944 2384 952 950 2385 950 951 2386 949 948 2387 949 948 2388 857 856 2389 952 950 2390 954 952 2391 857 856 2392 859 858 2393 952 950 2394 955 953 2395 953 954 2396 956 955 2397 955 953 2398 954 952 2399 955 953 2400 861 860 2401 863 862 2402 954 952 2403 861 860 2404 956 955 2405 955 953 2406 865 864 2407 953 954 2408 950 951 2409 865 864 2410 867 866 2411 950 951 2412 869 868 2413 951 949 2414 951 949 2415 871 870 2416 943 942 2417 951 949 2418 943 942 2419 945 944 2420 933 933 2421 881 879 2422 928 930 2423 921 921 2424 885 883 2425 887 885 2426 921 921 2427 889 887 2428 918 918 2429 915 915 2430 889 887 2431 891 889 2432 911 909 2433 901 899 2434 957 956 2435 911 909 2436 958 957 2437 909 958 2438 959 959 2439 958 957 2440 957 956 2441 959 959 2442 905 903 2443 958 957 2444 959 959 2445 901 899 2446 903 901 2447 909 958 2448 905 903 2449 907 905 2450 961 960 2451 963 961 2452 960 962 2453 965 963 2454 960 962 2455 964 964 2456 967 965 2457 964 964 2458 966 966 2459 969 967 2460 966 966 2461 968 304 2462 971 968 2463 968 304 2464 970 969 2465 973 970 2466 970 969 2467 972 971 2468 975 972 2469 972 971 2470 974 973 2471 977 974 2472 974 973 2473 976 975 2474 979 976 2475 976 975 2476 978 977 2477 981 978 2478 978 977 2479 980 979 2480 983 980 2481 980 979 2482 982 981 2483 985 982 2484 982 981 2485 984 983 2486 987 984 2487 984 983 2488 986 985 2489 989 986 2490 986 985 2491 988 987 2492 991 988 2493 988 987 2494 990 989 2495 993 990 2496 990 989 2497 992 991 2498 995 992 2499 992 991 2500 994 993 2501 997 994 2502 994 993 2503 996 995 2504 999 996 2505 996 997 2506 998 998 2507 1001 999 2508 998 998 2509 1000 1000 2510 1003 1001 2511 1000 1000 2512 1002 1001 2513 1005 1002 2514 1002 1001 2515 1004 1003 2516 1007 1004 2517 1004 1003 2518 1006 1005 2519 1009 1006 2520 1006 1005 2521 1008 1007 2522 1011 1008 2523 1008 1007 2524 1010 1008 2525 1013 1009 2526 1010 1008 2527 1012 1010 2528 962 1011 2529 1012 1010 2530 963 961 2531 1015 1012 2532 962 1013 2533 1014 1014 2534 1016 1015 2535 1015 1012 2536 1014 1014 2537 1017 1016 2538 1003 1017 2539 1005 1018 2540 1018 1019 2541 1001 1020 2542 1016 1015 2543 1018 1019 2544 1014 1014 2545 1020 1021 2546 1020 1021 2547 962 1013 2548 961 1022 2549 999 1023 2550 1001 1020 2551 1019 1024 2552 997 1025 2553 999 1023 2554 1019 1024 2555 1020 1021 2556 1021 1026 2557 1018 1019 2558 1020 1021 2559 965 1027 2560 1022 1028 2561 1023 1029 2562 965 1027 2563 967 1030 2564 1022 1028 2565 1023 1029 2566 1021 1026 2567 1023 1029 2568 1024 1031 2569 1021 1026 2570 1024 1031 2571 967 1030 2572 969 1032 2573 1024 1031 2574 971 1033 2575 1025 1034 2576 1024 1031 2577 1025 1034 2578 1021 1026 2579 1026 1035 2580 1021 1026 2581 1025 1034 2582 1027 1036 2583 1021 1026 2584 1026 1035 2585 1028 1037 2586 1021 1026 2587 1027 1036 2588 1029 1038 2589 1021 1026 2590 1028 1037 2591 1029 1038 2592 977 1039 2593 979 1040 2594 1027 1036 2595 977 1039 2596 1028 1037 2597 1026 1035 2598 975 1041 2599 1027 1036 2600 1026 1035 2601 971 1033 2602 973 1042 2603 1031 1043 2604 979 1040 2605 981 1044 2606 1029 1038 2607 1032 1045 2608 1030 1046 2609 1033 1047 2610 1032 1045 2611 1031 1043 2612 1033 1047 2613 981 1044 2614 983 1048 2615 1033 1047 2616 985 1049 2617 1035 1050 2618 1035 1050 2619 1034 1051 2620 1033 1047 2621 1037 1052 2622 1036 1053 2623 1035 1050 2624 1037 1052 2625 989 1054 2626 1036 1053 2627 1037 1052 2628 985 1049 2629 987 1055 2630 1034 1051 2631 989 1054 2632 991 1056 2633 1034 1051 2634 993 1057 2635 1032 1045 2636 1032 1045 2637 995 1058 2638 1030 1046 2639 1030 1046 2640 997 1059 2641 1021 1026 2642 1017 1016 2643 1007 1060 2644 1038 1061 2645 1038 1061 2646 1015 1012 2647 1017 1016 2648 1040 1062 2649 1039 1063 2650 1038 1061 2651 1040 1062 2652 1011 1064 2653 1039 1063 2654 1040 1062 2655 1007 1060 2656 1009 1065 2657 1015 1012 2658 1011 1064 2659 1013 1066 2660 967 1067 2661 977 1068 2662 965 1069 2663 1042 1070 2664 1044 1071 2665 1041 1072 2666 1046 1073 2667 1041 1072 2668 1045 1074 2669 1048 1075 2670 1045 1074 2671 1047 1076 2672 1050 1077 2673 1047 1076 2674 1049 1078 2675 1052 1079 2676 1049 1078 2677 1051 1080 2678 1054 1081 2679 1051 1080 2680 1053 1082 2681 1056 1083 2682 1053 1082 2683 1055 1084 2684 1058 1085 2685 1055 1084 2686 1057 1086 2687 1060 1087 2688 1057 1086 2689 1059 1088 2690 1062 1089 2691 1059 1088 2692 1061 1090 2693 1064 1091 2694 1061 1090 2695 1063 100 2696 1066 1092 2697 1063 100 2698 1065 1093 2699 1068 1094 2700 1065 1093 2701 1067 1095 2702 1070 1096 2703 1067 1095 2704 1069 1097 2705 1072 1098 2706 1069 1097 2707 1071 1099 2708 1074 1100 2709 1071 1099 2710 1073 1101 2711 1076 1102 2712 1073 1101 2713 1075 1103 2714 1078 1104 2715 1075 1103 2716 1077 1105 2717 1043 1106 2718 1077 1105 2719 1044 1071 2720 1079 1107 2721 1078 1104 2722 1043 1106 2723 1079 1107 2724 1082 1108 2725 1080 1109 2726 1079 1107 2727 1084 1110 2728 1081 1111 2729 1079 1107 2730 1042 1070 2731 1083 1112 2732 1083 1112 2733 1046 1073 2734 1085 1113 2735 1083 1112 2736 1086 1114 2737 1087 1115 2738 1088 1116 2739 1086 1114 2740 1085 1113 2741 1088 1116 2742 1064 1091 2743 1086 1114 2744 1089 1117 2745 1062 1089 2746 1088 1116 2747 1085 1113 2748 1089 1117 2749 1088 1116 2750 1090 1118 2751 1046 1073 2752 1048 1075 2753 1090 1118 2754 1050 1077 2755 1091 1119 2756 1090 1118 2757 1092 1120 2758 1089 1117 2759 1093 1121 2760 1092 1120 2761 1091 1119 2762 1093 1121 2763 1050 1077 2764 1052 1079 2765 1093 1121 2766 1054 1081 2767 1095 1122 2768 1095 1122 2769 1094 1123 2770 1093 1121 2771 1094 1123 2772 1054 1081 2773 1056 1083 2774 1094 1123 2775 1058 1085 2776 1092 1120 2777 1089 1117 2778 1058 1085 2779 1060 1087 2780 1087 1115 2781 1064 1091 2782 1066 1092 2783 1084 1110 2784 1066 1092 2785 1068 1094 2786 1087 1115 2787 1084 1110 2788 1083 1112 2789 1081 1111 2790 1068 1094 2791 1070 1096 2792 1081 1111 2793 1072 1098 2794 1082 1108 2795 1096 1124 2796 1072 1098 2797 1074 1100 2798 1097 1125 2799 1082 1108 2800 1096 1124 2801 1080 1109 2802 1076 1102 2803 1078 1104 2804 1096 1124 2805 1076 1102 2806 1097 1125 2807 1098 1126 2808 1100 1127 2809 1101 1128 2810 1103 1129 2811 1098 1126 2812 1102 1130 2813 1104 1131 2814 1103 1129 2815 1102 1130 2816 1106 1132 2817 1105 1133 2818 1104 1131 2819 1109 1134 2820 1106 1132 2821 1108 1135 2822 1111 1136 2823 1108 1135 2824 1110 1137 2825 1112 1138 2826 1111 1136 2827 1110 1137 2828 1115 1139 2829 1112 1138 2830 1114 1140 2831 1116 1141 2832 1115 1139 2833 1114 1140 2834 1118 1142 2835 1117 1143 2836 1116 1141 2837 1121 1144 2838 1118 1142 2839 1120 1145 2840 1123 1146 2841 1120 1145 2842 1122 1147 2843 1124 1148 2844 1123 1146 2845 1122 1147 2846 1127 1149 2847 1124 1148 2848 1126 1150 2849 1128 1151 2850 1127 1149 2851 1126 1150 2852 1130 1152 2853 1129 1153 2854 1128 1151 2855 1133 1154 2856 1130 1152 2857 1132 1155 2858 1135 1156 2859 1132 1155 2860 1134 1157 2861 1136 1158 2862 1135 1156 2863 1134 1157 2864 1139 1159 2865 1136 1158 2866 1138 1160 2867 1140 1161 2868 1139 1159 2869 1138 1160 2870 1142 1162 2871 1141 1163 2872 1140 1161 2873 1145 1164 2874 1142 1162 2875 1144 1165 2876 1100 1127 2877 1144 1165 2878 1101 1128 2879 1146 1166 2880 1145 1164 2881 1100 1127 2882 1099 1167 2883 1146 1166 2884 1100 1127 2885 1149 1168 2886 1099 1167 2887 1103 1129 2888 1105 1133 2889 1149 1168 2890 1103 1129 2891 1107 1169 2892 1150 1170 2893 1105 1133 2894 1152 1171 2895 1107 1169 2896 1109 1134 2897 1153 1172 2898 1109 1134 2899 1111 1136 2900 1113 1173 2901 1153 1172 2902 1111 1136 2903 1155 1174 2904 1113 1173 2905 1115 1139 2906 1117 1143 2907 1155 1174 2908 1115 1139 2909 1119 1175 2910 1156 1176 2911 1117 1143 2912 1158 1177 2913 1119 1175 2914 1121 1144 2915 1159 1178 2916 1121 1144 2917 1123 1146 2918 1125 1179 2919 1159 1178 2920 1123 1146 2921 1161 1180 2922 1125 1179 2923 1127 1149 2924 1129 1153 2925 1161 1180 2926 1127 1149 2927 1131 1181 2928 1162 1182 2929 1129 1153 2930 1164 1183 2931 1131 1181 2932 1133 1154 2933 1165 1184 2934 1133 1154 2935 1135 1156 2936 1137 1185 2937 1165 1184 2938 1135 1156 2939 1167 1186 2940 1137 1185 2941 1139 1159 2942 1141 1163 2943 1167 1186 2944 1139 1159 2945 1143 1187 2946 1168 1188 2947 1141 1163 2948 1147 1189 2949 1143 1187 2950 1145 1164 2951 1170 1190 2952 1169 1191 2953 1147 1189 2954 1172 1192 2955 1147 1189 2956 1146 1166 2957 1173 1193 2958 1146 1166 2959 1148 1194 2960 1149 1168 2961 1173 1193 2962 1148 1194 2963 1150 1170 2964 1174 1195 2965 1149 1168 2966 1151 1196 2967 1175 1197 2968 1150 1170 2969 1177 1198 2970 1151 1196 2971 1152 1171 2972 1178 1199 2973 1152 1171 2974 1153 1172 2975 1179 1200 2976 1153 1172 2977 1154 1201 2978 1155 1174 2979 1179 1200 2980 1154 1201 2981 1156 1176 2982 1180 1202 2983 1155 1174 2984 1157 1203 2985 1181 1204 2986 1156 1176 2987 1183 1205 2988 1157 1203 2989 1158 1177 2990 1184 1206 2991 1158 1177 2992 1159 1178 2993 1185 1207 2994 1159 1178 2995 1160 1208 2996 1161 1180 2997 1185 1207 2998 1160 1208 2999 1162 1182 3000 1186 1209 3001 1161 1180 3002 1163 1210 3003 1187 1211 3004 1162 1182 3005 1189 1212 3006 1163 1210 3007 1164 1183 3008 1190 1213 3009 1164 1183 3010 1165 1184 3011 1191 1214 3012 1165 1184 3013 1166 1215 3014 1167 1186 3015 1191 1214 3016 1166 1215 3017 1168 1188 3018 1192 1216 3019 1167 1186 3020 1169 1191 3021 1193 1217 3022 1168 1188 3023 1194 1218 3024 1193 1217 3025 1171 1219 3026 1170 1190 3027 1194 1218 3028 1171 1219 3029 1172 1192 3030 1196 1220 3031 1170 1190 3032 1173 1193 3033 1197 1221 3034 1172 1192 3035 1199 1222 3036 1173 1193 3037 1174 1195 3038 1200 1223 3039 1174 1195 3040 1175 1197 3041 1201 1224 3042 1175 1197 3043 1176 1225 3044 1177 1198 3045 1201 1224 3046 1176 1225 3047 1178 1199 3048 1202 1226 3049 1177 1198 3050 1179 1200 3051 1203 1227 3052 1178 1199 3053 1205 1228 3054 1179 1200 3055 1180 1202 3056 1206 1229 3057 1180 1202 3058 1181 1204 3059 1207 1230 3060 1181 1204 3061 1182 1231 3062 1183 1205 3063 1207 1230 3064 1182 1231 3065 1184 1206 3066 1208 1232 3067 1183 1205 3068 1185 1207 3069 1209 1233 3070 1184 1206 3071 1211 1234 3072 1185 1207 3073 1186 1209 3074 1212 1235 3075 1186 1209 3076 1187 1211 3077 1213 1236 3078 1187 1211 3079 1188 1237 3080 1189 1212 3081 1213 1236 3082 1188 1237 3083 1190 1213 3084 1214 1238 3085 1189 1212 3086 1191 1214 3087 1215 1239 3088 1190 1213 3089 1217 1240 3090 1191 1214 3091 1192 1216 3092 1195 1241 3093 1192 1216 3094 1193 1217 3095 1195 1241 3096 1219 1242 3097 1217 1240 3098 1194 1218 3099 1218 1243 3100 1195 1241 3101 1221 1244 3102 1194 1218 3103 1196 1220 3104 1222 1245 3105 1196 1220 3106 1197 1221 3107 1223 1246 3108 1197 1221 3109 1198 1247 3110 1199 1222 3111 1223 1246 3112 1198 1247 3113 1200 1223 3114 1224 1248 3115 1199 1222 3116 1201 1224 3117 1225 1249 3118 1200 1223 3119 1227 1250 3120 1201 1224 3121 1202 1226 3122 1228 1251 3123 1202 1226 3124 1203 1227 3125 1229 1252 3126 1203 1227 3127 1204 1253 3128 1205 1228 3129 1229 1252 3130 1204 1253 3131 1206 1229 3132 1230 1254 3133 1205 1228 3134 1207 1230 3135 1231 1255 3136 1206 1229 3137 1233 1256 3138 1207 1230 3139 1208 1232 3140 1234 1257 3141 1208 1232 3142 1209 1233 3143 1235 1258 3144 1209 1233 3145 1210 1259 3146 1211 1234 3147 1235 1258 3148 1210 1259 3149 1212 1235 3150 1236 1260 3151 1211 1234 3152 1213 1236 3153 1237 1261 3154 1212 1235 3155 1239 1262 3156 1213 1236 3157 1214 1238 3158 1240 1263 3159 1214 1238 3160 1215 1239 3161 1241 1264 3162 1215 1239 3163 1216 1265 3164 1217 1240 3165 1241 1264 3166 1216 1265 3167 1242 1266 3168 1241 1264 3169 1219 1242 3170 1218 1243 3171 1242 1266 3172 1219 1242 3173 1220 1267 3174 1244 1268 3175 1218 1243 3176 1246 1269 3177 1220 1267 3178 1221 1244 3179 1247 1270 3180 1221 1244 3181 1222 1245 3182 1223 1246 3183 1247 1270 3184 1222 1245 3185 1249 1271 3186 1223 1246 3187 1224 1248 3188 1225 1249 3189 1249 1271 3190 1224 1248 3191 1226 1272 3192 1250 1273 3193 1225 1249 3194 1252 1274 3195 1226 1272 3196 1227 1250 3197 1253 1275 3198 1227 1250 3199 1228 1251 3200 1229 1252 3201 1253 1275 3202 1228 1251 3203 1255 1276 3204 1229 1252 3205 1230 1254 3206 1231 1255 3207 1255 1276 3208 1230 1254 3209 1232 1277 3210 1256 1278 3211 1231 1255 3212 1258 1279 3213 1232 1277 3214 1233 1256 3215 1259 1280 3216 1233 1256 3217 1234 1257 3218 1235 1258 3219 1259 1280 3220 1234 1257 3221 1261 1281 3222 1235 1258 3223 1236 1260 3224 1237 1261 3225 1261 1281 3226 1236 1260 3227 1238 1282 3228 1262 1283 3229 1237 1261 3230 1264 1284 3231 1238 1282 3232 1239 1262 3233 1265 1285 3234 1239 1262 3235 1240 1263 3236 1241 1264 3237 1265 1285 3238 1240 1263 3239 1243 1286 3240 1267 1287 3241 1265 1285 3242 1268 1288 3243 1243 1286 3244 1242 1266 3245 1269 1289 3246 1242 1266 3247 1244 1268 3248 1270 1290 3249 1244 1268 3250 1245 1291 3251 1246 1269 3252 1270 1290 3253 1245 1291 3254 1247 1270 3255 1271 1292 3256 1246 1269 3257 1248 1293 3258 1272 1294 3259 1247 1270 3260 1274 1295 3261 1248 1293 3262 1249 1271 3263 1275 1296 3264 1249 1271 3265 1250 1273 3266 1276 1297 3267 1250 1273 3268 1251 1298 3269 1252 1274 3270 1276 1297 3271 1251 1298 3272 1253 1275 3273 1277 1299 3274 1252 1274 3275 1254 1300 3276 1278 1301 3277 1253 1275 3278 1280 1302 3279 1254 1300 3280 1255 1276 3281 1281 1303 3282 1255 1276 3283 1256 1278 3284 1282 1304 3285 1256 1278 3286 1257 1305 3287 1258 1279 3288 1282 1304 3289 1257 1305 3290 1259 1280 3291 1283 1306 3292 1258 1279 3293 1260 1307 3294 1284 1308 3295 1259 1280 3296 1286 1309 3297 1260 1307 3298 1261 1281 3299 1287 1310 3300 1261 1281 3301 1262 1283 3302 1288 1311 3303 1262 1283 3304 1263 1312 3305 1264 1284 3306 1288 1311 3307 1263 1312 3308 1265 1285 3309 1289 1313 3310 1264 1284 3311 1290 1314 3312 1289 1313 3313 1267 1287 3314 1292 1315 3315 1267 1287 3316 1266 1316 3317 1268 1288 3318 1292 1315 3319 1266 1316 3320 1269 1289 3321 1293 1317 3322 1268 1288 3323 1295 1318 3324 1269 1289 3325 1270 1290 3326 1271 1292 3327 1295 1318 3328 1270 1290 3329 1297 1319 3330 1271 1292 3331 1272 1294 3332 1298 1320 3333 1272 1294 3334 1273 1321 3335 1274 1295 3336 1298 1320 3337 1273 1321 3338 1275 1296 3339 1299 1322 3340 1274 1295 3341 1301 1323 3342 1275 1296 3343 1276 1297 3344 1277 1299 3345 1301 1323 3346 1276 1297 3347 1303 1324 3348 1277 1299 3349 1278 1301 3350 1304 1325 3351 1278 1301 3352 1279 1326 3353 1280 1302 3354 1304 1325 3355 1279 1326 3356 1281 1303 3357 1305 1327 3358 1280 1302 3359 1307 1328 3360 1281 1303 3361 1282 1304 3362 1283 1306 3363 1307 1328 3364 1282 1304 3365 1309 1329 3366 1283 1306 3367 1284 1308 3368 1310 1330 3369 1284 1308 3370 1285 1331 3371 1286 1309 3372 1310 1330 3373 1285 1331 3374 1287 1310 3375 1311 1332 3376 1286 1309 3377 1313 1333 3378 1287 1310 3379 1288 1311 3380 1289 1313 3381 1313 1333 3382 1288 1311 3383 1291 1334 3384 1315 1335 3385 1313 1333 3386 1290 1314 3387 1314 1336 3388 1291 1334 3389 1292 1315 3390 1316 1337 3391 1290 1314 3392 1318 1338 3393 1292 1315 3394 1293 1317 3395 1319 1339 3396 1293 1317 3397 1294 1340 3398 1320 1341 3399 1294 1340 3400 1295 1318 3401 1296 1342 3402 1320 1341 3403 1295 1318 3404 1297 1319 3405 1321 1343 3406 1296 1342 3407 1298 1320 3408 1322 1344 3409 1297 1319 3410 1324 1345 3411 1298 1320 3412 1299 1322 3413 1325 1346 3414 1299 1322 3415 1300 1347 3416 1326 1348 3417 1300 1347 3418 1301 1323 3419 1302 1349 3420 1326 1348 3421 1301 1323 3422 1303 1324 3423 1327 1350 3424 1302 1349 3425 1304 1325 3426 1328 1351 3427 1303 1324 3428 1330 1352 3429 1304 1325 3430 1305 1327 3431 1331 1353 3432 1305 1327 3433 1306 1354 3434 1332 1355 3435 1306 1354 3436 1307 1328 3437 1308 1356 3438 1332 1355 3439 1307 1328 3440 1309 1329 3441 1333 1357 3442 1308 1356 3443 1310 1330 3444 1334 1358 3445 1309 1329 3446 1336 1359 3447 1310 1330 3448 1311 1332 3449 1337 1360 3450 1311 1332 3451 1312 1361 3452 1315 1335 3453 1312 1361 3454 1313 1333 3455 1315 1335 3456 1339 1362 3457 1337 1360 3458 1340 1363 3459 1315 1335 3460 1314 1336 3461 1341 1364 3462 1314 1336 3463 1316 1337 3464 1342 1365 3465 1316 1337 3466 1317 100 3467 1318 1338 3468 1342 1365 3469 1317 100 3470 1319 1339 3471 1343 1366 3472 1318 1338 3473 1320 1341 3474 1344 1367 3475 1319 1339 3476 1346 1368 3477 1320 1341 3478 1321 1343 3479 1347 1369 3480 1321 1343 3481 1322 1344 3482 1348 1370 3483 1322 1344 3484 1323 871 3485 1324 1345 3486 1348 1370 3487 1323 871 3488 1325 1346 3489 1349 1371 3490 1324 1345 3491 1326 1348 3492 1350 1372 3493 1325 1346 3494 1352 1373 3495 1326 1348 3496 1327 1350 3497 1353 1374 3498 1327 1350 3499 1328 1351 3500 1354 1375 3501 1328 1351 3502 1329 108 3503 1330 1352 3504 1354 1375 3505 1329 108 3506 1331 1353 3507 1355 1376 3508 1330 1352 3509 1332 1355 3510 1356 1377 3511 1331 1353 3512 1358 1378 3513 1332 1355 3514 1333 1357 3515 1359 1379 3516 1333 1357 3517 1334 1358 3518 1360 1380 3519 1334 1358 3520 1335 1381 3521 1336 1359 3522 1360 1380 3523 1335 1381 3524 1337 1360 3525 1361 1382 3526 1336 1359 3527 1362 1383 3528 1361 1382 3529 1339 1362 3530 1338 1384 3531 1362 1383 3532 1339 1362 3533 1365 1385 3534 1338 1384 3535 1340 1363 3536 1341 1364 3537 1365 1385 3538 1340 1363 3539 1342 1365 3540 1366 1386 3541 1341 1364 3542 1368 1387 3543 1342 1365 3544 1343 1366 3545 1369 1388 3546 1343 1366 3547 1344 1367 3548 1345 1389 3549 1369 1388 3550 1344 1367 3551 1371 1390 3552 1345 1389 3553 1346 1368 3554 1347 1369 3555 1371 1390 3556 1346 1368 3557 1348 1370 3558 1372 1391 3559 1347 1369 3560 1374 1392 3561 1348 1370 3562 1349 1371 3563 1375 1393 3564 1349 1371 3565 1350 1372 3566 1351 1394 3567 1375 1393 3568 1350 1372 3569 1377 1395 3570 1351 1394 3571 1352 1373 3572 1353 1374 3573 1377 1395 3574 1352 1373 3575 1354 1375 3576 1378 1396 3577 1353 1374 3578 1380 1397 3579 1354 1375 3580 1355 1376 3581 1381 1398 3582 1355 1376 3583 1356 1377 3584 1357 1399 3585 1381 1398 3586 1356 1377 3587 1383 1400 3588 1357 1399 3589 1358 1378 3590 1359 1379 3591 1383 1400 3592 1358 1378 3593 1360 1380 3594 1384 1401 3595 1359 1379 3596 1363 1402 3597 1360 1380 3598 1361 1382 3599 1363 1402 3600 1387 1403 3601 1385 1404 3602 1362 1383 3603 1386 1405 3604 1363 1402 3605 1364 1406 3606 1388 1407 3607 1362 1383 3608 1390 1408 3609 1364 1406 3610 1365 1385 3611 1391 1409 3612 1365 1385 3613 1366 1386 3614 1392 1410 3615 1366 1386 3616 1367 1411 3617 1368 1387 3618 1392 1410 3619 1367 1411 3620 1369 1388 3621 1393 1412 3622 1368 1387 3623 1370 1413 3624 1394 1414 3625 1369 1388 3626 1396 1415 3627 1370 1413 3628 1371 1390 3629 1397 1416 3630 1371 1390 3631 1372 1391 3632 1398 1417 3633 1372 1391 3634 1373 1418 3635 1374 1392 3636 1398 1417 3637 1373 1418 3638 1375 1393 3639 1399 1419 3640 1374 1392 3641 1376 1420 3642 1400 1421 3643 1375 1393 3644 1402 1422 3645 1376 1420 3646 1377 1395 3647 1403 1423 3648 1377 1395 3649 1378 1396 3650 1404 1424 3651 1378 1396 3652 1379 1425 3653 1380 1397 3654 1404 1424 3655 1379 1425 3656 1381 1398 3657 1405 1426 3658 1380 1397 3659 1382 1427 3660 1406 1428 3661 1381 1398 3662 1408 1429 3663 1382 1427 3664 1383 1400 3665 1409 1430 3666 1383 1400 3667 1384 1401 3668 1387 1403 3669 1384 1401 3670 1385 1404 3671 1410 1431 3672 1409 1430 3673 1387 1403 3674 1386 1405 3675 1410 1431 3676 1387 1403 3677 1413 1432 3678 1386 1405 3679 1388 1407 3680 1414 1433 3681 1388 1407 3682 1389 1434 3683 1390 1408 3684 1414 1433 3685 1389 1434 3686 1391 1409 3687 1415 1435 3688 1390 1408 3689 1417 1436 3690 1391 1409 3691 1392 1410 3692 1393 1412 3693 1417 1436 3694 1392 1410 3695 1419 1437 3696 1393 1412 3697 1394 1414 3698 1420 1438 3699 1394 1414 3700 1395 1439 3701 1396 1415 3702 1420 1438 3703 1395 1439 3704 1397 1416 3705 1421 1440 3706 1396 1415 3707 1423 1441 3708 1397 1416 3709 1398 1417 3710 1399 1419 3711 1423 1441 3712 1398 1417 3713 1425 1442 3714 1399 1419 3715 1400 1421 3716 1426 1443 3717 1400 1421 3718 1401 1444 3719 1402 1422 3720 1426 1443 3721 1401 1444 3722 1403 1423 3723 1427 1445 3724 1402 1422 3725 1429 1446 3726 1403 1423 3727 1404 1424 3728 1405 1426 3729 1429 1446 3730 1404 1424 3731 1431 1447 3732 1405 1426 3733 1406 1428 3734 1432 1448 3735 1406 1428 3736 1407 1449 3737 1408 1429 3738 1432 1448 3739 1407 1449 3740 1409 1430 3741 1433 1450 3742 1408 1429 3743 1411 1451 3744 1435 1452 3745 1433 1450 3746 1410 1431 3747 1434 1453 3748 1411 1451 3749 1437 1454 3750 1410 1431 3751 1412 1455 3752 1438 1456 3753 1412 1455 3754 1413 1432 3755 1439 1457 3756 1413 1432 3757 1414 1433 3758 1415 1435 3759 1439 1457 3760 1414 1433 3761 1416 1458 3762 1440 1459 3763 1415 1435 3764 1417 1436 3765 1441 1460 3766 1416 1458 3767 1443 1461 3768 1417 1436 3769 1418 1462 3770 1444 1463 3771 1418 1462 3772 1419 1437 3773 1445 1464 3774 1419 1437 3775 1420 1438 3776 1421 1440 3777 1445 1464 3778 1420 1438 3779 1422 1465 3780 1446 1466 3781 1421 1440 3782 1423 1441 3783 1447 1467 3784 1422 1465 3785 1449 1468 3786 1423 1441 3787 1424 1469 3788 1450 1470 3789 1424 1469 3790 1425 1442 3791 1451 1471 3792 1425 1442 3793 1426 1443 3794 1427 1445 3795 1451 1471 3796 1426 1443 3797 1428 1472 3798 1452 1473 3799 1427 1445 3800 1429 1446 3801 1453 1474 3802 1428 1472 3803 1455 1475 3804 1429 1446 3805 1430 1476 3806 1456 1477 3807 1430 1476 3808 1431 1447 3809 1457 1478 3810 1431 1447 3811 1432 1448 3812 1433 1450 3813 1457 1478 3814 1432 1448 3815 1458 1479 3816 1457 1478 3817 1435 1452 3818 1460 1480 3819 1435 1452 3820 1434 1453 3821 1461 1481 3822 1434 1453 3823 1436 1482 3824 1437 1454 3825 1461 1481 3826 1436 1482 3827 1438 1456 3828 1462 1483 3829 1437 1454 3830 1439 1457 3831 1463 1484 3832 1438 1456 3833 1465 1485 3834 1439 1457 3835 1440 1459 3836 1466 1486 3837 1440 1459 3838 1441 1460 3839 1467 1487 3840 1441 1460 3841 1442 1488 3842 1443 1461 3843 1467 1487 3844 1442 1488 3845 1444 1463 3846 1468 1489 3847 1443 1461 3848 1445 1464 3849 1469 1490 3850 1444 1463 3851 1471 1491 3852 1445 1464 3853 1446 1466 3854 1472 1492 3855 1446 1466 3856 1447 1467 3857 1473 1493 3858 1447 1467 3859 1448 1494 3860 1449 1468 3861 1473 1493 3862 1448 1494 3863 1450 1470 3864 1474 1495 3865 1449 1468 3866 1451 1471 3867 1475 1496 3868 1450 1470 3869 1477 1497 3870 1451 1471 3871 1452 1473 3872 1478 1498 3873 1452 1473 3874 1453 1474 3875 1479 1499 3876 1453 1474 3877 1454 1500 3878 1455 1475 3879 1479 1499 3880 1454 1500 3881 1456 1477 3882 1480 1501 3883 1455 1475 3884 1457 1478 3885 1481 1502 3886 1456 1477 3887 1482 1503 3888 1481 1502 3889 1459 1504 3890 1458 1479 3891 1482 1503 3892 1459 1504 3893 1460 1480 3894 1484 1505 3895 1458 1479 3896 1461 1481 3897 1485 1506 3898 1460 1480 3899 1487 1507 3900 1461 1481 3901 1462 1483 3902 1488 1508 3903 1462 1483 3904 1463 1484 3905 1489 1509 3906 1463 1484 3907 1464 1510 3908 1465 1485 3909 1489 1509 3910 1464 1510 3911 1466 1486 3912 1490 1511 3913 1465 1485 3914 1467 1487 3915 1491 1512 3916 1466 1486 3917 1493 1513 3918 1467 1487 3919 1468 1489 3920 1494 1514 3921 1468 1489 3922 1469 1490 3923 1495 1515 3924 1469 1490 3925 1470 1516 3926 1471 1491 3927 1495 1515 3928 1470 1516 3929 1472 1492 3930 1496 1517 3931 1471 1491 3932 1473 1493 3933 1497 1518 3934 1472 1492 3935 1499 1519 3936 1473 1493 3937 1474 1495 3938 1500 1520 3939 1474 1495 3940 1475 1496 3941 1501 1521 3942 1475 1496 3943 1476 1522 3944 1477 1497 3945 1501 1521 3946 1476 1522 3947 1478 1498 3948 1502 1523 3949 1477 1497 3950 1479 1499 3951 1503 1524 3952 1478 1498 3953 1505 1525 3954 1479 1499 3955 1480 1501 3956 1483 1526 3957 1480 1501 3958 1481 1502 3959 1506 1527 3960 1505 1525 3961 1483 1526 3962 1508 1528 3963 1483 1526 3964 1482 1503 3965 1484 1505 3966 1508 1528 3967 1482 1503 3968 1485 1506 3969 1509 1529 3970 1484 1505 3971 1511 1530 3972 1485 1506 3973 1486 1531 3974 1487 1507 3975 1511 1530 3976 1486 1531 3977 1513 1532 3978 1487 1507 3979 1488 1508 3980 1514 1533 3981 1488 1508 3982 1489 1509 3983 1490 1511 3984 1514 1533 3985 1489 1509 3986 1491 1512 3987 1515 1534 3988 1490 1511 3989 1517 1535 3990 1491 1512 3991 1492 1536 3992 1493 1513 3993 1517 1535 3994 1492 1536 3995 1519 1537 3996 1493 1513 3997 1494 1514 3998 1520 1538 3999 1494 1514 4000 1495 1515 4001 1496 1517 4002 1520 1538 4003 1495 1515 4004 1497 1518 4005 1521 1539 4006 1496 1517 4007 1523 1540 4008 1497 1518 4009 1498 1541 4010 1499 1519 4011 1523 1540 4012 1498 1541 4013 1525 1542 4014 1499 1519 4015 1500 1520 4016 1526 1543 4017 1500 1520 4018 1501 1521 4019 1502 1523 4020 1526 1543 4021 1501 1521 4022 1503 1524 4023 1527 1544 4024 1502 1523 4025 1529 1545 4026 1503 1524 4027 1504 1546 4028 1505 1525 4029 1529 1545 4030 1504 1546 4031 1507 1547 4032 1531 1548 4033 1529 1545 4034 1532 1549 4035 1507 1547 4036 1506 1527 4037 1533 1550 4038 1506 1527 4039 1508 1528 4040 1509 1529 4041 1533 1550 4042 1508 1528 4043 1510 1551 4044 1534 1552 4045 1509 1529 4046 1536 1553 4047 1510 1551 4048 1511 1530 4049 1512 1554 4050 1536 1553 4051 1511 1530 4052 1538 1555 4053 1512 1554 4054 1513 1532 4055 1539 1556 4056 1513 1532 4057 1514 1533 4058 1515 1534 4059 1539 1556 4060 1514 1533 4061 1516 1557 4062 1540 1558 4063 1515 1534 4064 1542 1559 4065 1516 1557 4066 1517 1535 4067 1518 1560 4068 1542 1559 4069 1517 1535 4070 1544 1561 4071 1518 1560 4072 1519 1537 4073 1545 1562 4074 1519 1537 4075 1520 1538 4076 1521 1539 4077 1545 1562 4078 1520 1538 4079 1522 1563 4080 1546 1564 4081 1521 1539 4082 1548 1565 4083 1522 1563 4084 1523 1540 4085 1524 1566 4086 1548 1565 4087 1523 1540 4088 1550 1567 4089 1524 1566 4090 1525 1542 4091 1551 1568 4092 1525 1542 4093 1526 1543 4094 1527 1544 4095 1551 1568 4096 1526 1543 4097 1528 1569 4098 1552 1570 4099 1527 1544 4100 1531 1548 4101 1528 1569 4102 1529 1545 4103 1531 1548 4104 1555 1571 4105 1553 1572 4106 1556 1573 4107 1531 1548 4108 1530 1574 4109 1557 1575 4110 1530 1574 4111 1532 1549 4112 1533 1550 4113 1557 1575 4114 1532 1549 4115 1559 1576 4116 1533 1550 4117 1534 1552 4118 1535 1577 4119 1559 1576 4120 1534 1552 4121 1536 1553 4122 1560 1578 4123 1535 1577 4124 1562 1579 4125 1536 1553 4126 1537 1580 4127 1563 1581 4128 1537 1580 4129 1538 1555 4130 1539 1556 4131 1563 1581 4132 1538 1555 4133 1565 1582 4134 1539 1556 4135 1540 1558 4136 1541 1583 4137 1565 1582 4138 1540 1558 4139 1542 1559 4140 1566 1584 4141 1541 1583 4142 1568 1585 4143 1542 1559 4144 1543 1586 4145 1569 1587 4146 1543 1586 4147 1544 1561 4148 1545 1562 4149 1569 1587 4150 1544 1561 4151 1571 1588 4152 1545 1562 4153 1546 1564 4154 1547 1589 4155 1571 1588 4156 1546 1564 4157 1548 1565 4158 1572 1590 4159 1547 1589 4160 1574 1591 4161 1548 1565 4162 1549 1592 4163 1575 1593 4164 1549 1592 4165 1550 1567 4166 1551 1568 4167 1575 1593 4168 1550 1567 4169 1577 1594 4170 1551 1568 4171 1552 1570 4172 1553 1572 4173 1577 1594 4174 1552 1570 4175 1578 1595 4176 1577 1594 4177 1555 1571 4178 1580 1596 4179 1555 1571 4180 1554 1597 4181 1556 1573 4182 1580 1596 4183 1554 1597 4184 1557 1575 4185 1581 1598 4186 1556 1573 4187 1583 1599 4188 1557 1575 4189 1558 1600 4190 1559 1576 4191 1583 1599 4192 1558 1600 4193 1585 1601 4194 1559 1576 4195 1560 1578 4196 1586 1602 4197 1560 1578 4198 1561 1603 4199 1562 1579 4200 1586 1602 4201 1561 1603 4202 1563 1581 4203 1587 1604 4204 1562 1579 4205 1589 1605 4206 1563 1581 4207 1564 1606 4208 1565 1582 4209 1589 1605 4210 1564 1606 4211 1591 1607 4212 1565 1582 4213 1566 1584 4214 1592 1608 4215 1566 1584 4216 1567 1609 4217 1568 1585 4218 1592 1608 4219 1567 1609 4220 1569 1587 4221 1593 1610 4222 1568 1585 4223 1595 1611 4224 1569 1587 4225 1570 1612 4226 1571 1588 4227 1595 1611 4228 1570 1612 4229 1597 1613 4230 1571 1588 4231 1572 1590 4232 1598 1614 4233 1572 1590 4234 1573 1615 4235 1574 1591 4236 1598 1614 4237 1573 1615 4238 1575 1593 4239 1599 1616 4240 1574 1591 4241 1601 1617 4242 1575 1593 4243 1576 1618 4244 1577 1594 4245 1601 1617 4246 1576 1618 4247 1602 1619 4248 1601 1617 4249 1579 1620 4250 1604 1621 4251 1579 1620 4252 1578 1595 4253 1605 1622 4254 1578 1595 4255 1580 1596 4256 1581 1598 4257 1605 1622 4258 1580 1596 4259 1582 1623 4260 1606 1624 4261 1581 1598 4262 1583 1599 4263 1607 1625 4264 1582 1623 4265 1609 1626 4266 1583 1599 4267 1584 1627 4268 1610 1628 4269 1584 1627 4270 1585 1601 4271 1611 871 4272 1585 1601 4273 1586 1602 4274 1587 1604 4275 1611 871 4276 1586 1602 4277 1588 1629 4278 1612 1630 4279 1587 1604 4280 1589 1605 4281 1613 1631 4282 1588 1629 4283 1615 1632 4284 1589 1605 4285 1590 1633 4286 1616 1634 4287 1590 1633 4288 1591 1607 4289 1617 1635 4290 1591 1607 4291 1592 1608 4292 1593 1610 4293 1617 1635 4294 1592 1608 4295 1594 1636 4296 1618 1637 4297 1593 1610 4298 1595 1611 4299 1619 1638 4300 1594 1636 4301 1621 1639 4302 1595 1611 4303 1596 1640 4304 1622 1641 4305 1596 1640 4306 1597 1613 4307 1623 1381 4308 1597 1613 4309 1598 1614 4310 1599 1616 4311 1623 1381 4312 1598 1614 4313 1600 1642 4314 1624 1643 4315 1599 1616 4316 1601 1617 4317 1625 1644 4318 1600 1642 4319 1626 1645 4320 1625 1644 4321 1603 1646 4322 1602 1619 4323 1626 1645 4324 1603 1646 4325 1604 1621 4326 1628 1647 4327 1602 1619 4328 1605 1622 4329 1629 1648 4330 1604 1621 4331 1631 1649 4332 1605 1622 4333 1606 1624 4334 1632 1650 4335 1606 1624 4336 1607 1625 4337 1633 1651 4338 1607 1625 4339 1608 1652 4340 1609 1626 4341 1633 1651 4342 1608 1652 4343 1610 1628 4344 1634 1653 4345 1609 1626 4346 1611 871 4347 1635 1654 4348 1610 1628 4349 1637 1655 4350 1611 871 4351 1612 1630 4352 1638 1656 4353 1612 1630 4354 1613 1631 4355 1639 1657 4356 1613 1631 4357 1614 1658 4358 1615 1632 4359 1639 1657 4360 1614 1658 4361 1616 1634 4362 1640 1659 4363 1615 1632 4364 1617 1635 4365 1641 1660 4366 1616 1634 4367 1643 1661 4368 1617 1635 4369 1618 1637 4370 1644 1662 4371 1618 1637 4372 1619 1638 4373 1645 1663 4374 1619 1638 4375 1620 1664 4376 1621 1639 4377 1645 1663 4378 1620 1664 4379 1622 1641 4380 1646 1665 4381 1621 1639 4382 1623 1381 4383 1647 1666 4384 1622 1641 4385 1649 1667 4386 1623 1381 4387 1624 1643 4388 1627 1668 4389 1624 1643 4390 1625 1644 4391 1650 1669 4392 1649 1667 4393 1627 1668 4394 1626 1645 4395 1650 1669 4396 1627 1668 4397 1653 1670 4398 1626 1645 4399 1628 1647 4400 1629 1648 4401 1653 1670 4402 1628 1647 4403 1630 1671 4404 1654 1672 4405 1629 1648 4406 1656 1673 4407 1630 1671 4408 1631 1649 4409 1657 1674 4410 1631 1649 4411 1632 1650 4412 1633 1651 4413 1657 1674 4414 1632 1650 4415 1659 1675 4416 1633 1651 4417 1634 1653 4418 1635 1654 4419 1659 1675 4420 1634 1653 4421 1636 1676 4422 1660 1677 4423 1635 1654 4424 1662 1678 4425 1636 1676 4426 1637 1655 4427 1663 1679 4428 1637 1655 4429 1638 1656 4430 1639 1657 4431 1663 1679 4432 1638 1656 4433 1665 1680 4434 1639 1657 4435 1640 1659 4436 1641 1660 4437 1665 1680 4438 1640 1659 4439 1642 1681 4440 1666 1682 4441 1641 1660 4442 1668 1683 4443 1642 1681 4444 1643 1661 4445 1669 1684 4446 1643 1661 4447 1644 1662 4448 1645 1663 4449 1669 1684 4450 1644 1662 4451 1671 1685 4452 1645 1663 4453 1646 1665 4454 1647 1666 4455 1671 1685 4456 1646 1665 4457 1648 1686 4458 1672 1687 4459 1647 1666 4460 1651 1688 4461 1648 1686 4462 1649 1667 4463 1651 1688 4464 1098 1126 4465 1673 1689 4466 1650 1669 4467 1102 1130 4468 1651 1688 4469 1106 1132 4470 1650 1669 4471 1652 1690 4472 1653 1670 4473 1106 1132 4474 1652 1690 4475 1110 1137 4476 1653 1670 4477 1654 1672 4478 1112 1138 4479 1654 1672 4480 1655 1691 4481 1656 1673 4482 1112 1138 4483 1655 1691 4484 1657 1674 4485 1114 1140 4486 1656 1673 4487 1118 1142 4488 1657 1674 4489 1658 1692 4490 1659 1675 4491 1118 1142 4492 1658 1692 4493 1122 1147 4494 1659 1675 4495 1660 1677 4496 1124 1148 4497 1660 1677 4498 1661 1693 4499 1662 1678 4500 1124 1148 4501 1661 1693 4502 1663 1679 4503 1126 1150 4504 1662 1678 4505 1130 1152 4506 1663 1679 4507 1664 1694 4508 1665 1680 4509 1130 1152 4510 1664 1694 4511 1134 1157 4512 1665 1680 4513 1666 1682 4514 1136 1158 4515 1666 1682 4516 1667 1695 4517 1668 1683 4518 1136 1158 4519 1667 1695 4520 1669 1684 4521 1138 1160 4522 1668 1683 4523 1142 1162 4524 1669 1684 4525 1670 1696 4526 1671 1685 4527 1142 1162 4528 1670 1696 4529 1101 1128 4530 1671 1685 4531 1672 1687 4532 1098 1126 4533 1672 1687 4534 1673 1689 4535 1675 1697 4536 1677 1698 4537 1674 1699 4538 1678 1700 4539 1676 1701 4540 1675 1697 4541 1680 1702 4542 1679 1703 4543 1678 1700 4544 1682 1704 4545 1681 1705 4546 1680 1702 4547 1684 1706 4548 1683 1707 4549 1682 1704 4550 1674 1699 4551 1685 344 4552 1684 1706 4553 1687 1708 4554 1689 1709 4555 1686 1710 4556 1691 1711 4557 1686 1710 4558 1690 1712 4559 1693 1713 4560 1690 1712 4561 1692 1714 4562 1695 1715 4563 1692 1714 4564 1694 1716 4565 1697 1717 4566 1694 1716 4567 1696 1718 4568 1699 1719 4569 1696 1718 4570 1698 1720 4571 1701 1721 4572 1698 1720 4573 1700 1722 4574 1703 1723 4575 1700 1722 4576 1702 1724 4577 1705 1725 4578 1702 1724 4579 1704 1726 4580 1707 1727 4581 1704 1726 4582 1706 1728 4583 1709 1729 4584 1706 1728 4585 1708 1730 4586 1711 1731 4587 1708 1730 4588 1710 1732 4589 1713 1733 4590 1710 1732 4591 1712 1734 4592 1715 1735 4593 1712 1734 4594 1714 1736 4595 1717 1737 4596 1714 1736 4597 1716 1738 4598 1719 1739 4599 1716 1738 4600 1718 1740 4601 1721 1741 4602 1718 1740 4603 1720 1742 4604 1688 1743 4605 1720 1742 4606 1689 1709 4607 1722 1744 4608 1721 1741 4609 1688 1743 4610 1725 1745 4611 1722 1744 4612 1724 1746 4613 1725 1745 4614 1713 1733 4615 1715 1735 4616 1724 1746 4617 1711 1731 4618 1713 1733 4619 1726 1747 4620 1724 1746 4621 1722 1744 4622 1727 1748 4623 1722 1744 4624 1728 1749 4625 1726 1747 4626 1709 1729 4627 1711 1731 4628 1729 1750 4629 1709 1729 4630 1727 1748 4631 1730 1751 4632 1727 1748 4633 1728 1749 4634 1728 1749 4635 1691 1711 4636 1730 1751 4637 1722 1744 4638 1687 1708 4639 1728 1749 4640 1731 1752 4641 1691 1711 4642 1693 1713 4643 1730 1751 4644 1732 1753 4645 1729 1750 4646 1733 1754 4647 1732 1753 4648 1731 1752 4649 1731 1752 4650 1695 1715 4651 1733 1754 4652 1735 1755 4653 1695 1715 4654 1697 1717 4655 1733 1754 4656 1736 1756 4657 1734 1757 4658 1737 1758 4659 1736 1756 4660 1735 1755 4661 1737 1758 4662 1701 1721 4663 1736 1756 4664 1737 1758 4665 1697 1717 4666 1699 1719 4667 1736 1756 4668 1703 1723 4669 1734 1757 4670 1732 1753 4671 1703 1723 4672 1705 1725 4673 1732 1753 4674 1707 1727 4675 1729 1750 4676 1738 1759 4677 1715 1735 4678 1717 1737 4679 1739 1760 4680 1725 1745 4681 1738 1759 4682 1739 1760 4683 1721 1741 4684 1723 1761 4685 1738 1759 4686 1719 1739 4687 1739 1760 4688 1741 1762 4689 1743 1763 4690 1740 100 4691 1745 1764 4692 1740 100 4693 1744 100 4694 1747 1765 4695 1744 1766 4696 1746 1767 4697 1749 1768 4698 1746 1767 4699 1748 1769 4700 1751 1770 4701 1748 108 4702 1750 1771 4703 1753 1772 4704 1750 1771 4705 1752 1773 4706 1755 1774 4707 1752 1773 4708 1754 1775 4709 1757 1776 4710 1754 1775 4711 1756 1777 4712 1759 1778 4713 1756 1777 4714 1758 1779 4715 1761 1780 4716 1758 1779 4717 1760 1781 4718 1763 1782 4719 1760 1781 4720 1762 1783 4721 1765 1784 4722 1762 1783 4723 1764 1785 4724 1767 1786 4725 1764 1785 4726 1766 1787 4727 1769 1788 4728 1766 1787 4729 1768 1789 4730 1771 1790 4731 1768 1789 4732 1770 1791 4733 1773 1792 4734 1770 1791 4735 1772 1793 4736 1775 1794 4737 1772 1793 4738 1774 1795 4739 1777 1796 4740 1774 1795 4741 1776 1797 4742 1779 1798 4743 1776 1797 4744 1778 1799 4745 1781 1800 4746 1778 1799 4747 1780 1801 4748 1783 1802 4749 1780 1801 4750 1782 1803 4751 1785 1804 4752 1782 1803 4753 1784 1805 4754 1787 1806 4755 1784 1805 4756 1786 1807 4757 1789 1808 4758 1786 1807 4759 1788 1809 4760 1791 1810 4761 1788 1809 4762 1790 1811 4763 1793 1812 4764 1790 1811 4765 1792 1813 4766 1795 1814 4767 1792 1813 4768 1794 1815 4769 1797 1816 4770 1794 1815 4771 1796 1817 4772 1799 1818 4773 1796 1817 4774 1798 1819 4775 1801 1820 4776 1798 1819 4777 1800 1821 4778 1803 1822 4779 1800 1821 4780 1802 1823 4781 1742 1824 4782 1802 1823 4783 1743 1763 4784 1805 1825 4785 1742 1824 4786 1804 1826 4787 1807 1827 4788 1804 1826 4789 1806 1828 4790 1807 1827 4791 1789 1808 4792 1791 1810 4793 1806 1828 4794 1787 1806 4795 1789 1808 4796 1809 1829 4797 1806 1828 4798 1804 1826 4799 1804 1826 4800 1741 1762 4801 1809 1829 4802 1809 1829 4803 1745 1764 4804 1810 1830 4805 1810 1830 4806 1808 1831 4807 1809 1829 4808 1811 1832 4809 1808 1831 4810 1810 1830 4811 1811 1832 4812 1787 1806 4813 1808 1831 4814 1811 1832 4815 1783 1802 4816 1785 1804 4817 1812 1833 4818 1811 1832 4819 1810 1830 4820 1813 1834 4821 1812 1833 4822 1810 1830 4823 1813 1834 4824 1783 1802 4825 1812 1833 4826 1813 1834 4827 1779 1798 4828 1781 1800 4829 1814 1835 4830 1813 1834 4831 1810 1830 4832 1814 1835 4833 1816 1836 4834 1815 1837 4835 1814 1835 4836 1777 1796 4837 1779 1798 4838 1817 1838 4839 1777 1796 4840 1815 1837 4841 1817 1838 4842 1815 1837 4843 1818 1839 4844 1818 1839 4845 1815 1837 4846 1816 1836 4847 1816 1836 4848 1749 1768 4849 1818 1839 4850 1816 1836 4851 1745 1764 4852 1747 1765 4853 1819 1840 4854 1749 1768 4855 1751 1770 4856 1820 1841 4857 1818 1839 4858 1819 1840 4859 1820 1841 4860 1769 1788 4861 1821 1842 4862 1822 1843 4863 1767 1786 4864 1820 1841 4865 1823 1844 4866 1820 1841 4867 1819 1840 4868 1823 1844 4869 1751 1770 4870 1753 1772 4871 1823 1844 4872 1755 1774 4873 1824 1845 4874 1824 1845 4875 1822 1843 4876 1823 1844 4877 1826 1846 4878 1825 1847 4879 1824 1845 4880 1826 1846 4881 1755 1774 4882 1757 1776 4883 1826 1846 4884 1759 1778 4885 1828 1848 4886 1828 1848 4887 1827 1849 4888 1826 1846 4889 1827 1849 4890 1759 1778 4891 1761 1780 4892 1827 1849 4893 1763 1782 4894 1825 1847 4895 1822 1843 4896 1763 1782 4897 1765 1784 4898 1829 1850 4899 1769 1788 4900 1771 1790 4901 1821 1842 4902 1829 1850 4903 1818 1839 4904 1829 1850 4905 1830 1851 4906 1818 1839 4907 1829 1850 4908 1773 1792 4909 1830 1851 4910 1817 1838 4911 1773 1792 4912 1775 1794 4913 1830 1851 4914 1817 1838 4915 1818 1839 4916 1807 1827 4917 1793 1812 4918 1831 1852 4919 1831 1852 4920 1805 1825 4921 1807 1827 4922 1831 1852 4923 1834 1853 4924 1832 1854 4925 1833 1855 4926 1793 1812 4927 1795 1814 4928 1833 1855 4929 1797 1816 4930 1835 1856 4931 1835 1856 4932 1834 1853 4933 1833 1855 4934 1834 1853 4935 1797 1816 4936 1799 1818 4937 1834 1853 4938 1801 1820 4939 1832 1854 4940 1805 1825 4941 1801 1820 4942 1803 1822 4943 1837 1857 4944 1839 1858 4945 1836 100 4946 1841 1859 4947 1836 100 4948 1840 100 4949 1843 1860 4950 1840 1861 4951 1842 1862 4952 1845 1863 4953 1842 1862 4954 1844 1864 4955 1847 1865 4956 1844 108 4957 1846 1866 4958 1849 1867 4959 1846 1866 4960 1848 1868 4961 1851 1869 4962 1848 1868 4963 1850 1870 4964 1853 1871 4965 1850 1870 4966 1852 1872 4967 1855 1873 4968 1852 1872 4969 1854 1874 4970 1857 1875 4971 1854 1874 4972 1856 1876 4973 1859 1877 4974 1856 1876 4975 1858 1878 4976 1861 1879 4977 1858 1878 4978 1860 1880 4979 1863 1881 4980 1860 1880 4981 1862 1882 4982 1865 1883 4983 1862 1882 4984 1864 1884 4985 1867 1885 4986 1864 1884 4987 1866 1886 4988 1869 1887 4989 1866 1886 4990 1868 1888 4991 1871 1889 4992 1868 1888 4993 1870 1890 4994 1873 1891 4995 1870 1890 4996 1872 1797 4997 1875 1892 4998 1872 1797 4999 1874 1893 5000 1877 1894 5001 1874 1893 5002 1876 1895 5003 1879 1896 5004 1876 1895 5005 1878 1897 5006 1881 1898 5007 1878 1897 5008 1880 1899 5009 1883 1900 5010 1880 1899 5011 1882 1901 5012 1885 1902 5013 1882 1901 5014 1884 1903 5015 1887 1904 5016 1884 1903 5017 1886 1905 5018 1889 1906 5019 1886 1905 5020 1888 1907 5021 1891 1908 5022 1888 1907 5023 1890 1080 5024 1893 1909 5025 1890 1080 5026 1892 1910 5027 1895 1911 5028 1892 1910 5029 1894 1912 5030 1897 1913 5031 1894 1912 5032 1896 1914 5033 1899 1915 5034 1896 1914 5035 1898 1916 5036 1838 1917 5037 1898 1916 5038 1839 1858 5039 1901 1918 5040 1838 1917 5041 1900 1919 5042 1903 1920 5043 1900 1919 5044 1902 1921 5045 1903 1920 5046 1885 1902 5047 1887 1904 5048 1904 1922 5049 1885 1902 5050 1902 1921 5051 1902 1921 5052 1906 1923 5053 1904 1922 5054 1900 1919 5055 1905 1924 5056 1902 1921 5057 1900 1919 5058 1837 1857 5059 1905 1924 5060 1905 1924 5061 1841 1859 5062 1906 1923 5063 1907 1925 5064 1841 1859 5065 1843 1860 5066 1909 1926 5067 1907 1925 5068 1908 1927 5069 1909 1926 5070 1873 1891 5071 1875 1892 5072 1910 1928 5073 1873 1891 5074 1908 1927 5075 1910 1928 5076 1908 1927 5077 1911 1929 5078 1911 1929 5079 1908 1927 5080 1907 1925 5081 1907 1925 5082 1845 1863 5083 1911 1929 5084 1912 1930 5085 1845 1863 5086 1847 1865 5087 1913 1931 5088 1911 1929 5089 1912 1930 5090 1913 1931 5091 1865 1883 5092 1914 1932 5093 1915 1933 5094 1863 1881 5095 1913 1931 5096 1916 1934 5097 1913 1931 5098 1912 1930 5099 1916 1934 5100 1847 1865 5101 1849 1867 5102 1916 1934 5103 1851 1869 5104 1917 1935 5105 1917 1935 5106 1915 1933 5107 1916 1934 5108 1919 1936 5109 1918 1937 5110 1917 1935 5111 1919 1936 5112 1851 1869 5113 1853 1871 5114 1919 1936 5115 1855 1873 5116 1921 1938 5117 1921 1938 5118 1920 1939 5119 1919 1936 5120 1920 1939 5121 1855 1873 5122 1857 1875 5123 1920 1939 5124 1859 1877 5125 1918 1937 5126 1915 1933 5127 1859 1877 5128 1861 1879 5129 1922 1940 5130 1865 1883 5131 1867 1885 5132 1914 1932 5133 1922 1940 5134 1911 1929 5135 1922 1940 5136 1923 1941 5137 1911 1929 5138 1922 1940 5139 1869 1887 5140 1923 1941 5141 1910 1928 5142 1869 1887 5143 1871 1889 5144 1923 1941 5145 1910 1928 5146 1911 1929 5147 1924 1942 5148 1875 1892 5149 1877 1894 5150 1909 1926 5151 1924 1942 5152 1906 1923 5153 1924 1942 5154 1925 1943 5155 1906 1923 5156 1924 1942 5157 1879 1896 5158 1925 1943 5159 1926 1944 5160 1879 1896 5161 1881 1898 5162 1925 1943 5163 1926 1944 5164 1906 1923 5165 1926 1944 5166 1904 1922 5167 1906 1923 5168 1926 1944 5169 1883 1900 5170 1904 1922 5171 1903 1920 5172 1889 1906 5173 1927 1945 5174 1927 1945 5175 1901 1918 5176 1903 1920 5177 1927 1945 5178 1930 1946 5179 1928 1947 5180 1929 1948 5181 1889 1906 5182 1891 1908 5183 1929 1948 5184 1893 1909 5185 1931 1949 5186 1931 1949 5187 1930 1946 5188 1929 1948 5189 1930 1946 5190 1893 1909 5191 1895 1911 5192 1930 1946 5193 1897 1913 5194 1928 1947 5195 1901 1918 5196 1897 1913 5197 1899 1915 5198 1933 1950 5199 1935 1951 5200 1932 1952 5201 1936 1953 5202 1934 1954 5203 1933 1950 5204 1938 1955 5205 1937 1956 5206 1936 1953 5207 1940 1957 5208 1939 8 5209 1938 1955 5210 1942 1958 5211 1941 1959 5212 1940 1957 5213 1932 1952 5214 1943 1960 5215 1942 1958 5216 1945 1961 5217 1947 1962 5218 1944 1963 5219 1949 1964 5220 1944 1963 5221 1948 1965 5222 1951 1966 5223 1948 1965 5224 1950 1967 5225 1953 1968 5226 1950 1967 5227 1952 1969 5228 1955 1970 5229 1952 1969 5230 1954 1815 5231 1957 1971 5232 1954 1815 5233 1956 1817 5234 1959 1972 5235 1956 1817 5236 1958 1973 5237 1961 1974 5238 1958 1973 5239 1960 1975 5240 1963 1976 5241 1960 1975 5242 1962 1977 5243 1965 1978 5244 1962 1977 5245 1964 1979 5246 1967 1980 5247 1964 1979 5248 1966 100 5249 1969 1981 5250 1966 100 5251 1968 1982 5252 1971 1983 5253 1968 1982 5254 1970 1984 5255 1973 1985 5256 1970 1984 5257 1972 1986 5258 1975 1987 5259 1972 1986 5260 1974 1988 5261 1977 1989 5262 1974 1988 5263 1976 1990 5264 1979 1991 5265 1976 1990 5266 1978 1992 5267 1981 1993 5268 1978 1992 5269 1980 1994 5270 1946 1995 5271 1980 1994 5272 1947 1962 5273 1982 1996 5274 1981 1993 5275 1946 1995 5276 1985 1997 5277 1982 1996 5278 1984 1998 5279 1985 1997 5280 1971 1983 5281 1973 1985 5282 1984 1998 5283 1969 1981 5284 1971 1983 5285 1984 1998 5286 1982 1996 5287 1986 1999 5288 1986 1999 5289 1988 2000 5290 1987 2001 5291 1986 1999 5292 1967 1980 5293 1969 1981 5294 1989 2002 5295 1967 1980 5296 1987 2001 5297 1987 2001 5298 1990 2003 5299 1989 2002 5300 1988 2000 5301 1949 1964 5302 1990 2003 5303 1982 1996 5304 1945 1961 5305 1988 2000 5306 1991 2004 5307 1949 1964 5308 1951 1966 5309 1990 2003 5310 1992 2005 5311 1989 2002 5312 1991 2004 5313 1994 2006 5314 1992 2005 5315 1991 2004 5316 1953 1968 5317 1993 2007 5318 1995 2008 5319 1953 1968 5320 1955 1970 5321 1995 2008 5322 1994 2006 5323 1993 2007 5324 1997 2009 5325 1996 2010 5326 1995 2008 5327 1996 2010 5328 1957 1971 5329 1959 1972 5330 1995 2008 5331 1957 1971 5332 1997 2009 5333 1996 2010 5334 1961 1974 5335 1994 2006 5336 1992 2005 5337 1961 1974 5338 1963 1976 5339 1992 2005 5340 1965 1978 5341 1989 2002 5342 1985 1997 5343 1975 1987 5344 1998 2011 5345 1985 1997 5346 1999 2012 5347 1983 2013 5348 2000 2014 5349 1999 2012 5350 1998 2011 5351 2000 2014 5352 1979 1991 5353 1999 2012 5354 1998 2011 5355 1977 1989 5356 2000 2014 5357 1983 2013 5358 1979 1991 5359 1981 1993 5360 2002 2015 5361 2004 2016 5362 2001 2017 5363 2006 2018 5364 2001 2017 5365 2005 2019 5366 2008 2020 5367 2005 2019 5368 2007 2021 5369 2010 2022 5370 2007 2021 5371 2009 2023 5372 2012 2024 5373 2009 2023 5374 2011 2025 5375 2014 2026 5376 2011 2025 5377 2013 2027 5378 2016 2028 5379 2013 2027 5380 2015 2029 5381 2018 2030 5382 2015 2029 5383 2017 2031 5384 2020 2032 5385 2017 2031 5386 2019 2033 5387 2022 2034 5388 2019 2033 5389 2021 2035 5390 2024 2036 5391 2021 2035 5392 2023 2037 5393 2026 2038 5394 2023 2037 5395 2025 2039 5396 2028 2040 5397 2025 2039 5398 2027 2041 5399 2030 2042 5400 2027 2041 5401 2029 2043 5402 2032 2044 5403 2029 2043 5404 2031 2045 5405 2034 2046 5406 2031 2045 5407 2033 2047 5408 2036 2048 5409 2033 2047 5410 2035 2049 5411 2003 2050 5412 2035 2049 5413 2004 2016 5414 2037 2051 5415 2036 2048 5416 2003 2050 5417 2039 2052 5418 2038 2053 5419 2037 2051 5420 2039 2052 5421 2028 2040 5422 2040 2054 5423 2039 2052 5424 2024 2036 5425 2026 2038 5426 2039 2052 5427 2042 2055 5428 2041 2056 5429 2037 2051 5430 2002 2015 5431 2042 2055 5432 2042 2055 5433 2006 2018 5434 2043 2057 5435 2041 2056 5436 2043 2057 5437 2044 2058 5438 2044 2058 5439 2024 2036 5440 2041 2056 5441 2045 2059 5442 2022 2034 5443 2044 2058 5444 2046 2060 5445 2044 2058 5446 2043 2057 5447 2046 2060 5448 2006 2018 5449 2008 2020 5450 2046 2060 5451 2010 2022 5452 2047 2061 5453 2047 2061 5454 2045 2059 5455 2046 2060 5456 2049 2062 5457 2048 2063 5458 2047 2061 5459 2049 2062 5460 2010 2022 5461 2012 2024 5462 2049 2062 5463 2014 2026 5464 2051 2064 5465 2051 2064 5466 2050 2065 5467 2049 2062 5468 2050 2065 5469 2014 2026 5470 2016 2028 5471 2050 2065 5472 2018 2030 5473 2048 2063 5474 2045 2059 5475 2018 2030 5476 2020 2032 5477 2052 2066 5478 2028 2040 5479 2030 2042 5480 2040 2054 5481 2053 2067 5482 2038 2053 5483 2054 2068 5484 2053 2067 5485 2052 2066 5486 2053 2067 5487 2032 2044 5488 2034 2046 5489 2052 2066 5490 2032 2044 5491 2054 2068 5492 2053 2067 5493 2036 2048 5494 2038 2053 5495 2055 2069 5496 2057 2070 5497 2058 2071 5498 2060 2072 5499 2055 2069 5500 2059 2073 5501 2062 2074 5502 2059 2073 5503 2061 2075 5504 2064 2076 5505 2061 2075 5506 2063 2077 5507 2065 2078 5508 2064 2076 5509 2063 2077 5510 2067 2079 5511 2066 2080 5512 2065 2078 5513 2069 2081 5514 2068 2082 5515 2067 2079 5516 2072 2083 5517 2069 2081 5518 2071 2084 5519 2074 2085 5520 2071 2084 5521 2073 2086 5522 2076 2087 5523 2073 2086 5524 2075 2088 5525 2077 2089 5526 2076 2087 5527 2075 2088 5528 2079 2090 5529 2078 2091 5530 2077 2089 5531 2081 2092 5532 2080 2093 5533 2079 2090 5534 2084 2094 5535 2081 2092 5536 2083 2095 5537 2086 2096 5538 2083 2095 5539 2085 2097 5540 2088 2098 5541 2085 2097 5542 2087 2099 5543 2089 2100 5544 2088 2098 5545 2087 2099 5546 2091 2101 5547 2090 2102 5548 2089 2100 5549 2093 2103 5550 2092 2104 5551 2091 2101 5552 2096 2105 5553 2093 2103 5554 2095 2106 5555 2098 2107 5556 2095 2106 5557 2097 2108 5558 2100 2109 5559 2097 2108 5560 2099 2110 5561 2101 2111 5562 2100 2109 5563 2099 2110 5564 2058 2071 5565 2102 2112 5566 2101 2111 5567 2103 2113 5568 2102 2112 5569 2057 2070 5570 2105 2114 5571 2057 2070 5572 2056 2115 5573 2060 2072 5574 2105 2114 5575 2056 2115 5576 2062 2074 5577 2106 2116 5578 2060 2072 5579 2108 2117 5580 2062 2074 5581 2064 2076 5582 2066 2080 5583 2108 2117 5584 2064 2076 5585 2110 2118 5586 2066 2080 5587 2068 2082 5588 2111 2119 5589 2068 2082 5590 2070 2120 5591 2072 2083 5592 2111 2119 5593 2070 2120 5594 2074 2085 5595 2112 2121 5596 2072 2083 5597 2114 2122 5598 2074 2085 5599 2076 2087 5600 2078 2091 5601 2114 2122 5602 2076 2087 5603 2116 2123 5604 2078 2091 5605 2080 2093 5606 2117 2124 5607 2080 2093 5608 2082 2125 5609 2084 2094 5610 2117 2124 5611 2082 2125 5612 2086 2096 5613 2118 2126 5614 2084 2094 5615 2120 2127 5616 2086 2096 5617 2088 2098 5618 2090 2102 5619 2120 2127 5620 2088 2098 5621 2122 2128 5622 2090 2102 5623 2092 2104 5624 2123 2129 5625 2092 2104 5626 2094 2130 5627 2096 2105 5628 2123 2129 5629 2094 2130 5630 2098 2107 5631 2124 2131 5632 2096 2105 5633 2126 2132 5634 2098 2107 5635 2100 2109 5636 2102 2112 5637 2126 2132 5638 2100 2109 5639 2104 2133 5640 2128 2134 5641 2126 2132 5642 2103 2113 5643 2127 2135 5644 2104 2133 5645 2105 2114 5646 2129 2136 5647 2103 2113 5648 2131 2137 5649 2105 2114 5650 2106 2116 5651 2132 2138 5652 2106 2116 5653 2107 2139 5654 2133 2140 5655 2107 2139 5656 2108 2117 5657 2109 2141 5658 2133 2140 5659 2108 2117 5660 2110 2118 5661 2134 2142 5662 2109 2141 5663 2111 2119 5664 2135 2143 5665 2110 2118 5666 2137 2144 5667 2111 2119 5668 2112 2121 5669 2138 2145 5670 2112 2121 5671 2113 2146 5672 2139 2147 5673 2113 2146 5674 2114 2122 5675 2115 2148 5676 2139 2147 5677 2114 2122 5678 2116 2123 5679 2140 2149 5680 2115 2148 5681 2117 2124 5682 2141 2150 5683 2116 2123 5684 2143 2151 5685 2117 2124 5686 2118 2126 5687 2144 2152 5688 2118 2126 5689 2119 2153 5690 2145 2154 5691 2119 2153 5692 2120 2127 5693 2121 2155 5694 2145 2154 5695 2120 2127 5696 2122 2128 5697 2146 2156 5698 2121 2155 5699 2123 2129 5700 2147 2157 5701 2122 2128 5702 2149 2158 5703 2123 2129 5704 2124 2131 5705 2150 2159 5706 2124 2131 5707 2125 2160 5708 2128 2134 5709 2125 2160 5710 2126 2132 5711 2151 2161 5712 2150 2159 5713 2128 2134 5714 2127 2135 5715 2151 2161 5716 2128 2134 5717 2154 2162 5718 2127 2135 5719 2129 2136 5720 2155 2163 5721 2129 2136 5722 2130 2164 5723 2131 2137 5724 2155 2163 5725 2130 2164 5726 2132 2138 5727 2156 2165 5728 2131 2137 5729 2158 2166 5730 2132 2138 5731 2133 2140 5732 2134 2142 5733 2158 2166 5734 2133 2140 5735 2160 2167 5736 2134 2142 5737 2135 2143 5738 2161 2168 5739 2135 2143 5740 2136 2169 5741 2137 2144 5742 2161 2168 5743 2136 2169 5744 2138 2145 5745 2162 2170 5746 2137 2144 5747 2164 2171 5748 2138 2145 5749 2139 2147 5750 2140 2149 5751 2164 2171 5752 2139 2147 5753 2166 2172 5754 2140 2149 5755 2141 2150 5756 2167 2173 5757 2141 2150 5758 2142 2174 5759 2143 2151 5760 2167 2173 5761 2142 2174 5762 2144 2152 5763 2168 2175 5764 2143 2151 5765 2170 2176 5766 2144 2152 5767 2145 2154 5768 2146 2156 5769 2170 2176 5770 2145 2154 5771 2172 2177 5772 2146 2156 5773 2147 2157 5774 2173 2178 5775 2147 2157 5776 2148 2179 5777 2149 2158 5778 2173 2178 5779 2148 2179 5780 2150 2159 5781 2174 2180 5782 2149 2158 5783 2152 2181 5784 2176 2182 5785 2174 2180 5786 2177 2183 5787 2152 2181 5788 2151 2161 5789 2153 2184 5790 2177 2183 5791 2151 2161 5792 2179 2185 5793 2153 2184 5794 2154 2162 5795 2180 2186 5796 2154 2162 5797 2155 2163 5798 2156 2165 5799 2180 2186 5800 2155 2163 5801 2157 2187 5802 2181 2188 5803 2156 2165 5804 2183 2189 5805 2157 2187 5806 2158 2166 5807 2159 2190 5808 2183 2189 5809 2158 2166 5810 2185 2191 5811 2159 2190 5812 2160 2167 5813 2186 2192 5814 2160 2167 5815 2161 2168 5816 2162 2170 5817 2186 2192 5818 2161 2168 5819 2163 2193 5820 2187 2194 5821 2162 2170 5822 2189 2195 5823 2163 2193 5824 2164 2171 5825 2165 2196 5826 2189 2195 5827 2164 2171 5828 2191 2197 5829 2165 2196 5830 2166 2172 5831 2192 2198 5832 2166 2172 5833 2167 2173 5834 2168 2175 5835 2192 2198 5836 2167 2173 5837 2169 2199 5838 2193 2200 5839 2168 2175 5840 2195 2201 5841 2169 2199 5842 2170 2176 5843 2171 2202 5844 2195 2201 5845 2170 2176 5846 2197 2203 5847 2171 2202 5848 2172 2177 5849 2198 2204 5850 2172 2177 5851 2173 2178 5852 2174 2180 5853 2198 2204 5854 2173 2178 5855 2199 2205 5856 2198 2204 5857 2176 2182 5858 2201 2206 5859 2176 2182 5860 2175 2207 5861 2202 2208 5862 2175 2207 5863 2177 2183 5864 2178 2209 5865 2202 2208 5866 2177 2183 5867 2179 2185 5868 2203 2210 5869 2178 2209 5870 2180 2186 5871 2204 2211 5872 2179 2185 5873 2206 2212 5874 2180 2186 5875 2181 2188 5876 2207 2213 5877 2181 2188 5878 2182 2214 5879 2208 2215 5880 2182 2214 5881 2183 2189 5882 2184 2216 5883 2208 2215 5884 2183 2189 5885 2185 2191 5886 2209 2217 5887 2184 2216 5888 2186 2192 5889 2210 2218 5890 2185 2191 5891 2212 2219 5892 2186 2192 5893 2187 2194 5894 2213 2220 5895 2187 2194 5896 2188 2221 5897 2214 2222 5898 2188 2221 5899 2189 2195 5900 2190 2223 5901 2214 2222 5902 2189 2195 5903 2191 2197 5904 2215 2224 5905 2190 2223 5906 2192 2198 5907 2216 2225 5908 2191 2197 5909 2218 2226 5910 2192 2198 5911 2193 2200 5912 2219 2227 5913 2193 2200 5914 2194 2228 5915 2220 2229 5916 2194 2228 5917 2195 2201 5918 2196 2230 5919 2220 2229 5920 2195 2201 5921 2197 2203 5922 2221 2231 5923 2196 2230 5924 2198 2204 5925 2222 2232 5926 2197 2203 5927 2200 2233 5928 2224 2234 5929 2222 2232 5930 2225 2235 5931 2200 2233 5932 2199 2205 5933 2226 2236 5934 2199 2205 5935 2201 2206 5936 2202 2208 5937 2226 2236 5938 2201 2206 5939 2228 2237 5940 2202 2208 5941 2203 2210 5942 2204 2211 5943 2228 2237 5944 2203 2210 5945 2205 2238 5946 2229 2239 5947 2204 2211 5948 2231 2240 5949 2205 2238 5950 2206 2212 5951 2232 2241 5952 2206 2212 5953 2207 2213 5954 2208 2215 5955 2232 2241 5956 2207 2213 5957 2234 2242 5958 2208 2215 5959 2209 2217 5960 2210 2218 5961 2234 2242 5962 2209 2217 5963 2211 2243 5964 2235 2244 5965 2210 2218 5966 2237 2245 5967 2211 2243 5968 2212 2219 5969 2238 2246 5970 2212 2219 5971 2213 2220 5972 2214 2222 5973 2238 2246 5974 2213 2220 5975 2240 2247 5976 2214 2222 5977 2215 2224 5978 2216 2225 5979 2240 2247 5980 2215 2224 5981 2217 2248 5982 2241 2249 5983 2216 2225 5984 2243 2250 5985 2217 2248 5986 2218 2226 5987 2244 2251 5988 2218 2226 5989 2219 2227 5990 2220 2229 5991 2244 2251 5992 2219 2227 5993 2246 2252 5994 2220 2229 5995 2221 2231 5996 2222 2232 5997 2246 2252 5998 2221 2231 5999 2247 2253 6000 2246 2252 6001 2224 2234 6002 2249 2254 6003 2224 2234 6004 2223 2255 6005 2225 2235 6006 2249 2254 6007 2223 2255 6008 2226 2236 6009 2250 2256 6010 2225 2235 6011 2227 2257 6012 2251 2258 6013 2226 2236 6014 2253 2259 6015 2227 2257 6016 2228 2237 6017 2254 2260 6018 2228 2237 6019 2229 2239 6020 2255 2261 6021 2229 2239 6022 2230 2262 6023 2231 2240 6024 2255 2261 6025 2230 2262 6026 2232 2241 6027 2256 2263 6028 2231 2240 6029 2233 2264 6030 2257 2265 6031 2232 2241 6032 2259 2266 6033 2233 2264 6034 2234 2242 6035 2260 2267 6036 2234 2242 6037 2235 2244 6038 2261 2268 6039 2235 2244 6040 2236 2269 6041 2237 2245 6042 2261 2268 6043 2236 2269 6044 2238 2246 6045 2262 2270 6046 2237 2245 6047 2239 2271 6048 2263 2272 6049 2238 2246 6050 2265 2273 6051 2239 2271 6052 2240 2247 6053 2266 2274 6054 2240 2247 6055 2241 2249 6056 2267 2275 6057 2241 2249 6058 2242 2276 6059 2243 2250 6060 2267 2275 6061 2242 2276 6062 2244 2251 6063 2268 2277 6064 2243 2250 6065 2245 2278 6066 2269 2279 6067 2244 2251 6068 2248 2280 6069 2245 2278 6070 2246 2252 6071 2248 2280 6072 2272 2281 6073 2270 2282 6074 2247 2253 6075 2271 2283 6076 2248 2280 6077 2249 2254 6078 2273 2284 6079 2247 2253 6080 2275 2285 6081 2249 2254 6082 2250 2256 6083 2276 2286 6084 2250 2256 6085 2251 2258 6086 2277 2287 6087 2251 2258 6088 2252 2288 6089 2253 2259 6090 2277 2287 6091 2252 2288 6092 2254 2260 6093 2278 2289 6094 2253 2259 6095 2255 2261 6096 2279 2290 6097 2254 2260 6098 2281 2291 6099 2255 2261 6100 2256 2263 6101 2282 2292 6102 2256 2263 6103 2257 2265 6104 2283 2293 6105 2257 2265 6106 2258 2294 6107 2259 2266 6108 2283 2293 6109 2258 2294 6110 2260 2267 6111 2284 2295 6112 2259 2266 6113 2261 2268 6114 2285 2296 6115 2260 2267 6116 2287 2297 6117 2261 2268 6118 2262 2270 6119 2288 2298 6120 2262 2270 6121 2263 2272 6122 2289 2299 6123 2263 2272 6124 2264 2300 6125 2265 2273 6126 2289 2299 6127 2264 2300 6128 2266 2274 6129 2290 2301 6130 2265 2273 6131 2267 2275 6132 2291 2302 6133 2266 2274 6134 2293 2303 6135 2267 2275 6136 2268 2277 6137 2294 2304 6138 2268 2277 6139 2269 2279 6140 2272 2281 6141 2269 2279 6142 2270 2282 6143 2272 2281 6144 2296 2305 6145 2294 2304 6146 2297 2306 6147 2272 2281 6148 2271 2283 6149 2298 2307 6150 2271 2283 6151 2273 2284 6152 2299 2308 6153 2273 2284 6154 2274 2309 6155 2275 2285 6156 2299 2308 6157 2274 2309 6158 2276 2286 6159 2300 2310 6160 2275 2285 6161 2277 2287 6162 2301 2311 6163 2276 2286 6164 2303 2312 6165 2277 2287 6166 2278 2289 6167 2304 2313 6168 2278 2289 6169 2279 2290 6170 2305 2314 6171 2279 2290 6172 2280 871 6173 2281 2291 6174 2305 2314 6175 2280 871 6176 2282 2292 6177 2306 2315 6178 2281 2291 6179 2283 2293 6180 2307 2316 6181 2282 2292 6182 2309 2317 6183 2283 2293 6184 2284 2295 6185 2310 2318 6186 2284 2295 6187 2285 2296 6188 2311 2319 6189 2285 2296 6190 2286 2320 6191 2287 2297 6192 2311 2319 6193 2286 2320 6194 2288 2298 6195 2312 2321 6196 2287 2297 6197 2289 2299 6198 2313 2322 6199 2288 2298 6200 2315 2323 6201 2289 2299 6202 2290 2301 6203 2316 2324 6204 2290 2301 6205 2291 2302 6206 2317 2325 6207 2291 2302 6208 2292 1381 6209 2293 2303 6210 2317 2325 6211 2292 1381 6212 2294 2304 6213 2318 2326 6214 2293 2303 6215 2319 2327 6216 2318 2326 6217 2296 2305 6218 2321 2328 6219 2296 2305 6220 2295 2329 6221 2297 2306 6222 2321 2328 6223 2295 2329 6224 2298 2307 6225 2322 2330 6226 2297 2306 6227 2299 2308 6228 2323 2331 6229 2298 2307 6230 2325 2332 6231 2299 2308 6232 2300 2310 6233 2326 2333 6234 2300 2310 6235 2301 2311 6236 2327 2334 6237 2301 2311 6238 2302 2335 6239 2303 2312 6240 2327 2334 6241 2302 2335 6242 2304 2313 6243 2328 2336 6244 2303 2312 6245 2305 2314 6246 2329 2337 6247 2304 2313 6248 2331 2338 6249 2305 2314 6250 2306 2315 6251 2332 2339 6252 2306 2315 6253 2307 2316 6254 2333 2340 6255 2307 2316 6256 2308 2341 6257 2309 2317 6258 2333 2340 6259 2308 2341 6260 2310 2318 6261 2334 2342 6262 2309 2317 6263 2311 2319 6264 2335 2343 6265 2310 2318 6266 2337 2344 6267 2311 2319 6268 2312 2321 6269 2338 2345 6270 2312 2321 6271 2313 2322 6272 2339 2346 6273 2313 2322 6274 2314 2347 6275 2315 2323 6276 2339 2346 6277 2314 2347 6278 2316 2324 6279 2340 2348 6280 2315 2323 6281 2317 2325 6282 2341 2349 6283 2316 2324 6284 2320 2350 6285 2317 2325 6286 2318 2326 6287 2320 2350 6288 2344 2351 6289 2342 2352 6290 2319 2327 6291 2343 2353 6292 2320 2350 6293 2346 2354 6294 2319 2327 6295 2321 2328 6296 2322 2330 6297 2346 2354 6298 2321 2328 6299 2348 2355 6300 2322 2330 6301 2323 2331 6302 2349 2356 6303 2323 2331 6304 2324 2357 6305 2325 2332 6306 2349 2356 6307 2324 2357 6308 2326 2333 6309 2350 2358 6310 2325 2332 6311 2352 2359 6312 2326 2333 6313 2327 2334 6314 2328 2336 6315 2352 2359 6316 2327 2334 6317 2354 2360 6318 2328 2336 6319 2329 2337 6320 2355 2361 6321 2329 2337 6322 2330 2362 6323 2331 2338 6324 2355 2361 6325 2330 2362 6326 2332 2339 6327 2356 2363 6328 2331 2338 6329 2358 2364 6330 2332 2339 6331 2333 2340 6332 2334 2342 6333 2358 2364 6334 2333 2340 6335 2360 2365 6336 2334 2342 6337 2335 2343 6338 2361 2366 6339 2335 2343 6340 2336 2367 6341 2337 2344 6342 2361 2366 6343 2336 2367 6344 2338 2345 6345 2362 2368 6346 2337 2344 6347 2364 2369 6348 2338 2345 6349 2339 2346 6350 2340 2348 6351 2364 2369 6352 2339 2346 6353 2366 2370 6354 2340 2348 6355 2341 2349 6356 2344 2351 6357 2341 2349 6358 2342 2352 6359 2367 2371 6360 2366 2370 6361 2344 2351 6362 2343 2353 6363 2367 2371 6364 2344 2351 6365 2345 2372 6366 2369 2373 6367 2343 2353 6368 2346 2354 6369 2370 2374 6370 2345 2372 6371 2372 2375 6372 2346 2354 6373 2347 2376 6374 2373 2377 6375 2347 2376 6376 2348 2355 6377 2374 2378 6378 2348 2355 6379 2349 2356 6380 2350 2358 6381 2374 2378 6382 2349 2356 6383 2351 2379 6384 2375 2380 6385 2350 2358 6386 2352 2359 6387 2376 2381 6388 2351 2379 6389 2378 2382 6390 2352 2359 6391 2353 2383 6392 2379 2384 6393 2353 2383 6394 2354 2360 6395 2380 2385 6396 2354 2360 6397 2355 2361 6398 2356 2363 6399 2380 2385 6400 2355 2361 6401 2357 2386 6402 2381 2387 6403 2356 2363 6404 2358 2364 6405 2382 2388 6406 2357 2386 6407 2384 2389 6408 2358 2364 6409 2359 2390 6410 2385 2391 6411 2359 2390 6412 2360 2365 6413 2386 2392 6414 2360 2365 6415 2361 2366 6416 2362 2368 6417 2386 2392 6418 2361 2366 6419 2363 2393 6420 2387 2394 6421 2362 2368 6422 2364 2369 6423 2388 2395 6424 2363 2393 6425 2390 2396 6426 2364 2369 6427 2365 2397 6428 2368 2398 6429 2365 2397 6430 2366 2370 6431 2368 2398 6432 2392 2399 6433 2390 2396 6434 2367 2371 6435 2391 2400 6436 2368 2398 6437 2394 2401 6438 2367 2371 6439 2369 2373 6440 2395 2402 6441 2369 2373 6442 2370 2374 6443 2371 2403 6444 2395 2402 6445 2370 2374 6446 2397 2404 6447 2371 2403 6448 2372 2375 6449 2373 2377 6450 2397 2404 6451 2372 2375 6452 2374 2378 6453 2398 2405 6454 2373 2377 6455 2400 2406 6456 2374 2378 6457 2375 2380 6458 2401 2407 6459 2375 2380 6460 2376 2381 6461 2377 2408 6462 2401 2407 6463 2376 2381 6464 2403 2409 6465 2377 2408 6466 2378 2382 6467 2379 2384 6468 2403 2409 6469 2378 2382 6470 2380 2385 6471 2404 2410 6472 2379 2384 6473 2406 2411 6474 2380 2385 6475 2381 2387 6476 2407 2412 6477 2381 2387 6478 2382 2388 6479 2383 2413 6480 2407 2412 6481 2382 2388 6482 2409 2414 6483 2383 2413 6484 2384 2389 6485 2385 2391 6486 2409 2414 6487 2384 2389 6488 2386 2392 6489 2410 2415 6490 2385 2391 6491 2412 2416 6492 2386 2392 6493 2387 2394 6494 2413 2417 6495 2387 2394 6496 2388 2395 6497 2389 2418 6498 2413 2417 6499 2388 2395 6500 2392 2399 6501 2389 2418 6502 2390 2396 6503 2415 2419 6504 2414 2420 6505 2392 2399 6506 2391 2400 6507 2415 2419 6508 2392 2399 6509 2393 2421 6510 2417 2422 6511 2391 2400 6512 2419 2423 6513 2393 2421 6514 2394 2401 6515 2420 2424 6516 2394 2401 6517 2395 2402 6518 2396 2425 6519 2420 2424 6520 2395 2402 6521 2422 2426 6522 2396 2425 6523 2397 2404 6524 2398 2405 6525 2422 2426 6526 2397 2404 6527 2399 2427 6528 2423 2428 6529 2398 2405 6530 2425 2429 6531 2399 2427 6532 2400 2406 6533 2426 2430 6534 2400 2406 6535 2401 2407 6536 2402 2431 6537 2426 2430 6538 2401 2407 6539 2428 2432 6540 2402 2431 6541 2403 2409 6542 2404 2410 6543 2428 2432 6544 2403 2409 6545 2405 2433 6546 2429 2434 6547 2404 2410 6548 2431 2435 6549 2405 2433 6550 2406 2411 6551 2432 2436 6552 2406 2411 6553 2407 2412 6554 2408 2437 6555 2432 2436 6556 2407 2412 6557 2434 2438 6558 2408 2437 6559 2409 2414 6560 2410 2415 6561 2434 2438 6562 2409 2414 6563 2411 2439 6564 2435 2440 6565 2410 2415 6566 2437 2441 6567 2411 2439 6568 2412 2416 6569 2438 2442 6570 2412 2416 6571 2413 2417 6572 2414 2420 6573 2438 2442 6574 2413 2417 6575 2416 2443 6576 2440 2444 6577 2438 2442 6578 2441 2445 6579 2416 2443 6580 2415 2419 6581 2442 2446 6582 2415 2419 6583 2417 2422 6584 2443 2447 6585 2417 2422 6586 2418 2448 6587 2419 2423 6588 2443 2447 6589 2418 2448 6590 2420 2424 6591 2444 2449 6592 2419 2423 6593 2421 2450 6594 2445 2451 6595 2420 2424 6596 2447 2452 6597 2421 2450 6598 2422 2426 6599 2448 2453 6600 2422 2426 6601 2423 2428 6602 2449 2454 6603 2423 2428 6604 2424 2455 6605 2425 2429 6606 2449 2454 6607 2424 2455 6608 2426 2430 6609 2450 2456 6610 2425 2429 6611 2427 2457 6612 2451 2458 6613 2426 2430 6614 2453 2459 6615 2427 2457 6616 2428 2432 6617 2454 2460 6618 2428 2432 6619 2429 2434 6620 2455 2461 6621 2429 2434 6622 2430 2462 6623 2431 2435 6624 2455 2461 6625 2430 2462 6626 2432 2436 6627 2456 2463 6628 2431 2435 6629 2433 2464 6630 2457 2465 6631 2432 2436 6632 2459 2466 6633 2433 2464 6634 2434 2438 6635 2460 2467 6636 2434 2438 6637 2435 2440 6638 2461 2468 6639 2435 2440 6640 2436 2469 6641 2437 2441 6642 2461 2468 6643 2436 2469 6644 2438 2442 6645 2462 2470 6646 2437 2441 6647 2463 2471 6648 2462 2470 6649 2440 2444 6650 2439 2472 6651 2463 2471 6652 2440 2444 6653 2466 2473 6654 2439 2472 6655 2441 2445 6656 2442 2446 6657 2466 2473 6658 2441 2445 6659 2443 2447 6660 2467 2474 6661 2442 2446 6662 2469 2475 6663 2443 2447 6664 2444 2449 6665 2470 2476 6666 2444 2449 6667 2445 2451 6668 2446 2477 6669 2470 2476 6670 2445 2451 6671 2472 2478 6672 2446 2477 6673 2447 2452 6674 2448 2453 6675 2472 2478 6676 2447 2452 6677 2449 2454 6678 2473 2479 6679 2448 2453 6680 2475 2480 6681 2449 2454 6682 2450 2456 6683 2476 2481 6684 2450 2456 6685 2451 2458 6686 2452 2482 6687 2476 2481 6688 2451 2458 6689 2478 2483 6690 2452 2482 6691 2453 2459 6692 2454 2460 6693 2478 2483 6694 2453 2459 6695 2455 2461 6696 2479 2484 6697 2454 2460 6698 2481 2485 6699 2455 2461 6700 2456 2463 6701 2482 2486 6702 2456 2463 6703 2457 2465 6704 2458 2487 6705 2482 2486 6706 2457 2465 6707 2484 2488 6708 2458 2487 6709 2459 2466 6710 2460 2467 6711 2484 2488 6712 2459 2466 6713 2461 2468 6714 2485 2489 6715 2460 2467 6716 2464 2490 6717 2461 2468 6718 2462 2470 6719 2464 2490 6720 2488 2491 6721 2486 2492 6722 2463 2471 6723 2487 2493 6724 2464 2490 6725 2465 2494 6726 2489 2495 6727 2463 2471 6728 2491 2496 6729 2465 2494 6730 2466 2473 6731 2492 2497 6732 2466 2473 6733 2467 2474 6734 2493 2498 6735 2467 2474 6736 2468 2499 6737 2469 2475 6738 2493 2498 6739 2468 2499 6740 2470 2476 6741 2494 2500 6742 2469 2475 6743 2471 2501 6744 2495 2502 6745 2470 2476 6746 2497 2503 6747 2471 2501 6748 2472 2478 6749 2498 2504 6750 2472 2478 6751 2473 2479 6752 2499 2505 6753 2473 2479 6754 2474 2506 6755 2475 2480 6756 2499 2505 6757 2474 2506 6758 2476 2481 6759 2500 2507 6760 2475 2480 6761 2477 2508 6762 2501 2509 6763 2476 2481 6764 2503 2510 6765 2477 2508 6766 2478 2483 6767 2504 2511 6768 2478 2483 6769 2479 2484 6770 2505 2512 6771 2479 2484 6772 2480 2513 6773 2481 2485 6774 2505 2512 6775 2480 2513 6776 2482 2486 6777 2506 2514 6778 2481 2485 6779 2483 2515 6780 2507 2516 6781 2482 2486 6782 2509 2517 6783 2483 2515 6784 2484 2488 6785 2510 2518 6786 2484 2488 6787 2485 2489 6788 2488 2491 6789 2485 2489 6790 2486 2492 6791 2488 2491 6792 2512 2519 6793 2510 2518 6794 2513 2520 6795 2488 2491 6796 2487 2493 6797 2514 2521 6798 2487 2493 6799 2489 2495 6800 2515 2522 6801 2489 2495 6802 2490 2523 6803 2491 2496 6804 2515 2522 6805 2490 2523 6806 2492 2497 6807 2516 2524 6808 2491 2496 6809 2493 2498 6810 2517 2525 6811 2492 2497 6812 2519 2526 6813 2493 2498 6814 2494 2500 6815 2520 2527 6816 2494 2500 6817 2495 2502 6818 2521 2528 6819 2495 2502 6820 2496 2529 6821 2497 2503 6822 2521 2528 6823 2496 2529 6824 2498 2504 6825 2522 2530 6826 2497 2503 6827 2499 2505 6828 2523 2531 6829 2498 2504 6830 2525 2532 6831 2499 2505 6832 2500 2507 6833 2526 2533 6834 2500 2507 6835 2501 2509 6836 2527 2534 6837 2501 2509 6838 2502 2535 6839 2503 2510 6840 2527 2534 6841 2502 2535 6842 2504 2511 6843 2528 2536 6844 2503 2510 6845 2505 2512 6846 2529 2537 6847 2504 2511 6848 2531 2538 6849 2505 2512 6850 2506 2514 6851 2532 2539 6852 2506 2514 6853 2507 2516 6854 2533 2540 6855 2507 2516 6856 2508 2541 6857 2509 2517 6858 2533 2540 6859 2508 2541 6860 2510 2518 6861 2534 2542 6862 2509 2517 6863 2535 2543 6864 2534 2542 6865 2512 2519 6866 2537 2544 6867 2512 2519 6868 2511 2545 6869 2513 2520 6870 2537 2544 6871 2511 2545 6872 2514 2521 6873 2538 2546 6874 2513 2520 6875 2540 2547 6876 2514 2521 6877 2515 2522 6878 2516 2524 6879 2540 2547 6880 2515 2522 6881 2542 2548 6882 2516 2524 6883 2517 2525 6884 2543 2549 6885 2517 2525 6886 2518 2550 6887 2519 2526 6888 2543 2549 6889 2518 2550 6890 2520 2527 6891 2544 2551 6892 2519 2526 6893 2546 2552 6894 2520 2527 6895 2521 2528 6896 2522 2530 6897 2546 2552 6898 2521 2528 6899 2548 2553 6900 2522 2530 6901 2523 2531 6902 2549 2554 6903 2523 2531 6904 2524 2555 6905 2525 2532 6906 2549 2554 6907 2524 2555 6908 2526 2533 6909 2550 2556 6910 2525 2532 6911 2552 2557 6912 2526 2533 6913 2527 2534 6914 2528 2536 6915 2552 2557 6916 2527 2534 6917 2554 2558 6918 2528 2536 6919 2529 2537 6920 2555 2559 6921 2529 2537 6922 2530 2560 6923 2531 2538 6924 2555 2559 6925 2530 2560 6926 2532 2539 6927 2556 2561 6928 2531 2538 6929 2558 2562 6930 2532 2539 6931 2533 2540 6932 2534 2542 6933 2558 2562 6934 2533 2540 6935 2559 2563 6936 2558 2562 6937 2536 2564 6938 2561 2565 6939 2536 2564 6940 2535 2543 6941 2562 2566 6942 2535 2543 6943 2537 2544 6944 2538 2546 6945 2562 2566 6946 2537 2544 6947 2539 2567 6948 2563 2568 6949 2538 2546 6950 2540 2547 6951 2564 2569 6952 2539 2567 6953 2566 2570 6954 2540 2547 6955 2541 2571 6956 2567 2572 6957 2541 2571 6958 2542 2548 6959 2568 2573 6960 2542 2548 6961 2543 2549 6962 2544 2551 6963 2568 2573 6964 2543 2549 6965 2545 2574 6966 2569 2575 6967 2544 2551 6968 2546 2552 6969 2570 2576 6970 2545 2574 6971 2572 2577 6972 2546 2552 6973 2547 2578 6974 2573 2579 6975 2547 2578 6976 2548 2553 6977 2574 2580 6978 2548 2553 6979 2549 2554 6980 2550 2556 6981 2574 2580 6982 2549 2554 6983 2551 2581 6984 2575 2582 6985 2550 2556 6986 2552 2557 6987 2576 2583 6988 2551 2581 6989 2578 2584 6990 2552 2557 6991 2553 2585 6992 2579 2586 6993 2553 2585 6994 2554 2558 6995 2580 2587 6996 2554 2558 6997 2555 2559 6998 2556 2561 6999 2580 2587 7000 2555 2559 7001 2557 2588 7002 2581 2589 7003 2556 2561 7004 2558 2562 7005 2582 2590 7006 2557 2588 7007 2583 2591 7008 2582 2590 7009 2560 1335 7010 2559 2563 7011 2583 2591 7012 2560 1335 7013 2561 2565 7014 2585 2592 7015 2559 2563 7016 2562 2566 7017 2586 2593 7018 2561 2565 7019 2588 2594 7020 2562 2566 7021 2563 2568 7022 2589 2595 7023 2563 2568 7024 2564 2569 7025 2590 2596 7026 2564 2569 7027 2565 2597 7028 2566 2570 7029 2590 2596 7030 2565 2597 7031 2567 2572 7032 2591 2598 7033 2566 2570 7034 2568 2573 7035 2592 2599 7036 2567 2572 7037 2594 2600 7038 2568 2573 7039 2569 2575 7040 2595 2601 7041 2569 2575 7042 2570 2576 7043 2596 2602 7044 2570 2576 7045 2571 2603 7046 2572 2577 7047 2596 2602 7048 2571 2603 7049 2573 2579 7050 2597 2604 7051 2572 2577 7052 2574 2580 7053 2598 2605 7054 2573 2579 7055 2600 2606 7056 2574 2580 7057 2575 2582 7058 2601 2607 7059 2575 2582 7060 2576 2583 7061 2602 2608 7062 2576 2583 7063 2577 2609 7064 2578 2584 7065 2602 2608 7066 2577 2609 7067 2579 2586 7068 2603 2610 7069 2578 2584 7070 2580 2587 7071 2604 2611 7072 2579 2586 7073 2606 2612 7074 2580 2587 7075 2581 2589 7076 2584 2613 7077 2581 2589 7078 2582 2590 7079 2607 2614 7080 2606 2612 7081 2584 2613 7082 2583 2591 7083 2607 2614 7084 2584 2613 7085 2610 2615 7086 2583 2591 7087 2585 2592 7088 2586 2593 7089 2610 2615 7090 2585 2592 7091 2587 2616 7092 2611 2617 7093 2586 2593 7094 2613 2618 7095 2587 2616 7096 2588 2594 7097 2614 2619 7098 2588 2594 7099 2589 2595 7100 2590 2596 7101 2614 2619 7102 2589 2595 7103 2616 2620 7104 2590 2596 7105 2591 2598 7106 2592 2599 7107 2616 2620 7108 2591 2598 7109 2593 2621 7110 2617 2622 7111 2592 2599 7112 2619 2623 7113 2593 2621 7114 2594 2600 7115 2620 2624 7116 2594 2600 7117 2595 2601 7118 2596 2602 7119 2620 2624 7120 2595 2601 7121 2622 2625 7122 2596 2602 7123 2597 2604 7124 2598 2605 7125 2622 2625 7126 2597 2604 7127 2599 2626 7128 2623 2627 7129 2598 2605 7130 2625 2628 7131 2599 2626 7132 2600 2606 7133 2626 2629 7134 2600 2606 7135 2601 2607 7136 2602 2608 7137 2626 2629 7138 2601 2607 7139 2628 2630 7140 2602 2608 7141 2603 2610 7142 2604 2611 7143 2628 2630 7144 2603 2610 7145 2605 2631 7146 2629 2632 7147 2604 2611 7148 2608 2633 7149 2605 2631 7150 2606 2612 7151 2608 2633 7152 2055 2069 7153 2630 2634 7154 2607 2614 7155 2059 2073 7156 2608 2633 7157 2609 2635 7158 2061 2075 7159 2607 2614 7160 2065 2078 7161 2609 2635 7162 2610 2615 7163 2067 2079 7164 2610 2615 7165 2611 2617 7166 2069 2081 7167 2611 2617 7168 2612 2636 7169 2613 2618 7170 2069 2081 7171 2612 2636 7172 2614 2619 7173 2071 2084 7174 2613 2618 7175 2615 2637 7176 2073 2086 7177 2614 2619 7178 2077 2089 7179 2615 2637 7180 2616 2620 7181 2079 2090 7182 2616 2620 7183 2617 2622 7184 2081 2092 7185 2617 2622 7186 2618 2638 7187 2619 2623 7188 2081 2092 7189 2618 2638 7190 2620 2624 7191 2083 2095 7192 2619 2623 7193 2621 2639 7194 2085 2097 7195 2620 2624 7196 2089 2100 7197 2621 2639 7198 2622 2625 7199 2091 2101 7200 2622 2625 7201 2623 2627 7202 2093 2103 7203 2623 2627 7204 2624 2640 7205 2625 2628 7206 2093 2103 7207 2624 2640 7208 2626 2629 7209 2095 2106 7210 2625 2628 7211 2627 2641 7212 2097 2108 7213 2626 2629 7214 2101 2111 7215 2627 2641 7216 2628 2630 7217 2058 2071 7218 2628 2630 7219 2629 2632 7220 2055 2069 7221 2629 2632 7222 2630 2634 7223 2632 2642 7224 2634 1 7225 2631 2643 7226 2635 2644 7227 2633 2645 7228 2632 2642 7229 2637 2646 7230 2636 2647 7231 2635 2644 7232 2639 2648 7233 2638 2649 7234 2637 2646 7235 2641 2650 7236 2640 2651 7237 2639 2648 7238 2631 2643 7239 2642 2652 7240 2641 2650 7241 1 0 7242 2 4 7243 3 1 7244 4 3 7245 5 6 7246 2 4 7247 6 5 7248 7 8 7249 5 6 7250 8 7 7251 9 10 7252 7 8 7253 10 9 7254 11 11 7255 9 10 7256 0 2 7257 3 1 7258 11 11 7259 13 12 7260 14 68 7261 15 13 7262 17 15 7263 13 12 7264 12 14 7265 19 17 7266 17 15 7267 16 16 7268 21 19 7269 19 17 7270 18 18 7271 23 21 7272 21 19 7273 20 20 7274 25 23 7275 23 21 7276 22 22 7277 27 25 7278 25 23 7279 24 24 7280 29 27 7281 27 25 7282 26 26 7283 31 29 7284 29 27 7285 28 28 7286 33 31 7287 31 29 7288 30 30 7289 35 33 7290 33 31 7291 32 32 7292 37 35 7293 35 33 7294 34 34 7295 39 37 7296 37 35 7297 36 36 7298 41 39 7299 39 37 7300 38 38 7301 43 41 7302 41 39 7303 40 40 7304 45 43 7305 43 41 7306 42 42 7307 47 45 7308 45 43 7309 44 44 7310 49 47 7311 47 45 7312 46 46 7313 51 49 7314 49 47 7315 48 48 7316 53 51 7317 51 76 7318 50 52 7319 55 54 7320 53 51 7321 52 53 7322 57 56 7323 55 54 7324 54 55 7325 59 58 7326 57 56 7327 56 57 7328 61 60 7329 59 58 7330 58 59 7331 63 62 7332 61 60 7333 60 61 7334 65 64 7335 63 62 7336 62 63 7337 67 66 7338 65 64 7339 64 65 7340 14 68 7341 67 66 7342 66 67 7343 68 69 7344 69 71 7345 67 66 7346 68 69 7347 70 72 7348 71 70 7349 73 74 7350 72 73 7351 68 69 7352 73 74 7353 53 51 7354 55 54 7355 73 74 7356 75 77 7357 51 76 7358 75 77 7359 73 74 7360 74 75 7361 76 78 7362 74 75 7363 13 12 7364 68 69 7365 14 68 7366 13 12 7367 77 79 7368 76 78 7369 17 15 7370 78 80 7371 77 79 7372 19 17 7373 78 80 7374 21 19 7375 23 21 7376 80 82 7377 79 81 7378 23 21 7379 80 82 7380 25 23 7381 27 25 7382 75 77 7383 83 85 7384 85 86 7385 84 87 7386 49 47 7387 51 49 7388 86 88 7389 47 45 7390 49 47 7391 85 86 7392 87 89 7393 86 88 7394 87 89 7395 85 86 7396 33 31 7397 83 85 7398 31 29 7399 33 31 7400 82 84 7401 29 27 7402 31 29 7403 82 84 7404 81 83 7405 27 25 7406 87 89 7407 35 33 7408 37 35 7409 87 89 7410 88 90 7411 89 91 7412 90 92 7413 91 94 7414 89 91 7415 90 92 7416 88 90 7417 37 35 7418 90 92 7419 39 37 7420 41 39 7421 91 94 7422 92 93 7423 41 39 7424 91 94 7425 43 41 7426 45 43 7427 86 88 7428 89 91 7429 45 43 7430 70 72 7431 72 73 7432 55 54 7433 71 70 7434 70 72 7435 57 56 7436 71 70 7437 59 58 7438 61 60 7439 94 96 7440 69 71 7441 71 70 7442 69 71 7443 94 96 7444 65 64 7445 95 97 7446 63 62 7447 65 64 7448 95 97 7449 93 95 7450 61 60 7451 97 98 7452 98 160 7453 99 99 7454 101 101 7455 97 98 7456 96 100 7457 103 102 7458 101 101 7459 100 103 7460 105 105 7461 103 102 7462 102 104 7463 107 107 7464 105 105 7465 104 108 7466 109 110 7467 107 107 7468 106 109 7469 111 112 7470 109 110 7471 108 111 7472 113 114 7473 111 112 7474 110 113 7475 115 116 7476 113 114 7477 112 115 7478 117 118 7479 115 116 7480 114 117 7481 119 120 7482 117 118 7483 116 119 7484 121 122 7485 119 120 7486 118 121 7487 123 124 7488 121 122 7489 120 123 7490 125 126 7491 123 124 7492 122 125 7493 127 128 7494 125 126 7495 124 127 7496 129 130 7497 127 128 7498 126 129 7499 131 132 7500 129 130 7501 128 131 7502 133 134 7503 131 132 7504 130 133 7505 135 136 7506 133 134 7507 132 135 7508 137 138 7509 135 136 7510 134 137 7511 139 140 7512 137 138 7513 136 139 7514 141 142 7515 139 140 7516 138 141 7517 143 144 7518 141 142 7519 140 143 7520 145 146 7521 143 144 7522 142 145 7523 147 148 7524 145 146 7525 144 147 7526 149 150 7527 147 148 7528 146 149 7529 151 152 7530 149 150 7531 148 151 7532 153 154 7533 151 152 7534 150 153 7535 155 156 7536 153 154 7537 152 155 7538 157 158 7539 155 156 7540 154 157 7541 159 159 7542 157 158 7543 156 121 7544 98 160 7545 159 159 7546 158 123 7547 161 161 7548 159 159 7549 98 160 7550 163 163 7551 161 161 7552 160 162 7553 163 163 7554 162 164 7555 145 146 7556 164 165 7557 143 144 7558 145 146 7559 166 166 7560 164 165 7561 162 164 7562 165 167 7563 97 98 7564 101 101 7565 160 162 7566 98 160 7567 97 98 7568 167 168 7569 166 166 7570 101 101 7571 167 168 7572 169 171 7573 170 170 7574 167 168 7575 103 102 7576 105 105 7577 171 172 7578 169 171 7579 105 105 7580 169 171 7581 171 172 7582 172 173 7583 174 175 7584 175 177 7585 172 173 7586 174 175 7587 171 172 7588 107 107 7589 174 175 7590 109 110 7591 111 112 7592 176 176 7593 177 179 7594 175 177 7595 176 176 7596 178 180 7597 179 178 7598 178 180 7599 176 176 7600 111 112 7601 178 180 7602 113 114 7603 115 116 7604 179 178 7605 180 181 7606 115 116 7607 179 178 7608 117 118 7609 119 120 7610 175 177 7611 177 179 7612 119 120 7613 175 177 7614 121 122 7615 123 124 7616 172 173 7617 123 124 7618 125 126 7619 181 182 7620 173 174 7621 125 126 7622 183 184 7623 131 132 7624 133 134 7625 183 184 7626 182 183 7627 129 130 7628 181 182 7629 127 128 7630 129 130 7631 170 170 7632 133 134 7633 135 136 7634 184 185 7635 168 169 7636 135 136 7637 184 185 7638 137 138 7639 139 140 7640 186 187 7641 185 186 7642 139 140 7643 186 187 7644 141 142 7645 143 144 7646 163 163 7647 147 148 7648 149 150 7649 187 188 7650 188 190 7651 161 161 7652 189 189 7653 190 192 7654 188 190 7655 189 189 7656 187 188 7657 149 150 7658 189 189 7659 151 152 7660 153 154 7661 190 192 7662 191 191 7663 153 154 7664 190 192 7665 155 156 7666 157 158 7667 161 161 7668 188 190 7669 157 158 7670 193 193 7671 194 229 7672 195 194 7673 197 196 7674 193 193 7675 192 195 7676 199 198 7677 197 196 7678 196 197 7679 201 200 7680 199 198 7681 198 199 7682 203 202 7683 201 200 7684 200 201 7685 205 204 7686 203 202 7687 202 203 7688 207 206 7689 205 204 7690 204 205 7691 209 208 7692 207 206 7693 206 207 7694 211 210 7695 209 208 7696 208 209 7697 213 212 7698 211 210 7699 210 211 7700 215 214 7701 213 212 7702 212 213 7703 217 216 7704 215 214 7705 214 215 7706 219 218 7707 217 216 7708 216 217 7709 221 220 7710 219 218 7711 218 219 7712 223 222 7713 221 220 7714 220 221 7715 225 224 7716 223 222 7717 222 223 7718 227 226 7719 225 224 7720 224 225 7721 229 228 7722 227 226 7723 226 227 7724 194 229 7725 229 228 7726 228 28 7727 231 230 7728 229 228 7729 194 229 7730 233 232 7731 231 230 7732 230 231 7733 233 232 7734 232 233 7735 215 214 7736 232 233 7737 234 234 7738 213 212 7739 230 231 7740 235 235 7741 234 234 7742 230 231 7743 194 229 7744 193 193 7745 236 236 7746 235 235 7747 193 193 7748 235 235 7749 236 236 7750 237 237 7751 237 237 7752 239 239 7753 241 240 7754 237 237 7755 240 241 7756 209 208 7757 240 241 7758 242 242 7759 207 206 7760 242 242 7761 240 241 7762 241 240 7763 243 243 7764 241 240 7765 203 202 7766 239 239 7767 201 200 7768 203 202 7769 239 239 7770 238 238 7771 199 198 7772 238 238 7773 236 236 7774 197 196 7775 243 243 7776 205 204 7777 207 206 7778 237 237 7779 211 210 7780 213 212 7781 233 232 7782 217 216 7783 219 218 7784 244 244 7785 245 246 7786 231 230 7787 244 244 7788 246 247 7789 247 245 7790 246 247 7791 244 244 7792 219 218 7793 246 247 7794 221 220 7795 223 222 7796 247 245 7797 248 248 7798 223 222 7799 247 245 7800 225 224 7801 227 226 7802 231 230 7803 245 246 7804 227 226 7805 250 249 7806 251 253 7807 252 250 7808 253 252 7809 254 255 7810 251 253 7811 255 254 7812 256 257 7813 254 255 7814 257 256 7815 258 259 7816 256 257 7817 259 258 7818 260 260 7819 258 259 7820 249 251 7821 252 250 7822 260 260 7823 262 261 7824 263 309 7825 264 262 7826 266 264 7827 262 261 7828 261 263 7829 268 266 7830 266 264 7831 265 265 7832 270 268 7833 268 266 7834 267 267 7835 272 270 7836 270 268 7837 269 269 7838 274 272 7839 272 270 7840 271 271 7841 276 274 7842 274 272 7843 273 273 7844 278 276 7845 276 274 7846 275 275 7847 280 278 7848 278 276 7849 277 277 7850 282 280 7851 280 322 7852 279 281 7853 284 283 7854 282 280 7855 281 282 7856 286 285 7857 284 283 7858 283 284 7859 288 287 7860 286 285 7861 285 286 7862 290 289 7863 288 287 7864 287 288 7865 292 291 7866 290 289 7867 289 290 7868 294 293 7869 292 291 7870 291 292 7871 296 295 7872 294 293 7873 293 294 7874 298 297 7875 296 295 7876 295 296 7877 300 299 7878 298 297 7879 297 298 7880 302 301 7881 300 299 7882 299 300 7883 304 303 7884 302 301 7885 301 302 7886 306 305 7887 304 303 7888 303 304 7889 308 307 7890 306 305 7891 305 306 7892 263 309 7893 308 307 7894 307 308 7895 310 310 7896 308 307 7897 263 309 7898 309 311 7899 263 309 7900 262 261 7901 313 314 7902 312 313 7903 262 261 7904 313 314 7905 314 316 7906 311 312 7907 313 314 7908 315 317 7909 316 315 7910 315 317 7911 313 314 7912 266 264 7913 317 318 7914 315 317 7915 268 266 7916 318 319 7917 319 320 7918 315 317 7919 318 319 7920 272 270 7921 274 272 7922 317 318 7923 270 268 7924 272 270 7925 316 315 7926 319 320 7927 274 272 7928 316 315 7929 276 274 7930 278 276 7931 314 316 7932 278 276 7933 280 278 7934 320 321 7935 311 312 7936 280 322 7937 321 323 7938 322 324 7939 311 312 7940 321 323 7941 298 297 7942 300 299 7943 323 325 7944 296 295 7945 298 297 7946 320 321 7947 324 326 7948 323 325 7949 324 326 7950 320 321 7951 282 280 7952 325 327 7953 324 326 7954 284 283 7955 325 327 7956 326 329 7957 323 325 7958 325 327 7959 327 330 7960 328 328 7961 325 327 7962 286 285 7963 288 287 7964 329 331 7965 327 330 7966 288 287 7967 329 331 7968 290 289 7969 292 291 7970 326 329 7971 328 328 7972 292 291 7973 326 329 7974 294 293 7975 296 295 7976 330 332 7977 322 324 7978 300 299 7979 331 333 7980 330 332 7981 302 301 7982 331 333 7983 304 303 7984 306 305 7985 310 310 7986 332 334 7987 306 305 7988 334 335 7989 335 339 7990 336 336 7991 337 338 7992 338 341 7993 335 339 7994 339 340 7995 340 343 7996 338 341 7997 341 342 7998 342 345 7999 340 343 8000 343 344 8001 344 346 8002 342 345 8003 333 337 8004 336 336 8005 344 346 8006 346 347 8007 347 452 8008 348 348 8009 350 350 8010 346 347 8011 345 349 8012 352 352 8013 350 350 8014 349 351 8015 354 354 8016 352 352 8017 351 353 8018 356 356 8019 354 354 8020 353 355 8021 358 358 8022 356 356 8023 355 357 8024 360 360 8025 358 358 8026 357 359 8027 362 362 8028 360 360 8029 359 361 8030 364 364 8031 362 362 8032 361 363 8033 366 366 8034 364 364 8035 363 365 8036 368 368 8037 366 366 8038 365 367 8039 370 370 8040 368 368 8041 367 369 8042 372 372 8043 370 370 8044 369 371 8045 374 374 8046 372 372 8047 371 373 8048 376 376 8049 374 374 8050 373 375 8051 378 378 8052 376 376 8053 375 377 8054 380 380 8055 378 378 8056 377 379 8057 382 382 8058 380 380 8059 379 381 8060 384 384 8061 382 382 8062 381 383 8063 386 386 8064 384 384 8065 383 385 8066 388 388 8067 386 386 8068 385 387 8069 390 390 8070 388 388 8071 387 389 8072 392 392 8073 390 390 8074 389 391 8075 394 394 8076 392 392 8077 391 393 8078 396 396 8079 394 394 8080 393 395 8081 398 398 8082 396 396 8083 395 397 8084 400 400 8085 398 398 8086 397 399 8087 402 402 8088 400 400 8089 399 401 8090 404 404 8091 402 402 8092 401 403 8093 406 406 8094 404 404 8095 403 405 8096 408 408 8097 406 406 8098 405 407 8099 410 410 8100 408 408 8101 407 409 8102 412 412 8103 410 410 8104 409 411 8105 414 414 8106 412 412 8107 411 413 8108 416 416 8109 414 414 8110 413 415 8111 418 418 8112 416 416 8113 415 108 8114 420 420 8115 418 418 8116 417 419 8117 422 422 8118 420 420 8119 419 421 8120 424 424 8121 422 422 8122 421 423 8123 426 426 8124 424 424 8125 423 425 8126 428 428 8127 426 426 8128 425 427 8129 430 430 8130 428 428 8131 427 429 8132 432 432 8133 430 430 8134 429 431 8135 434 434 8136 432 432 8137 431 433 8138 436 436 8139 434 434 8140 433 435 8141 438 438 8142 436 436 8143 435 437 8144 440 440 8145 438 438 8146 437 439 8147 442 442 8148 440 440 8149 439 441 8150 444 444 8151 442 442 8152 441 443 8153 446 446 8154 444 444 8155 443 445 8156 448 448 8157 446 446 8158 445 447 8159 450 450 8160 448 448 8161 447 449 8162 347 452 8163 450 450 8164 449 451 8165 451 453 8166 452 503 8167 450 450 8168 454 454 8169 452 503 8170 451 453 8171 454 454 8172 453 455 8173 440 440 8174 453 455 8175 455 456 8176 438 438 8177 456 457 8178 455 456 8179 451 453 8180 455 456 8181 456 457 8182 436 436 8183 456 457 8184 458 459 8185 434 434 8186 458 459 8187 456 457 8188 457 458 8189 457 458 8190 346 347 8191 350 350 8192 451 453 8193 347 452 8194 346 347 8195 460 461 8196 459 460 8197 350 350 8198 461 462 8199 458 459 8200 460 461 8201 458 459 8202 461 462 8203 432 432 8204 463 464 8205 430 430 8206 432 432 8207 463 464 8208 461 462 8209 464 465 8210 464 465 8211 462 463 8212 354 354 8213 462 463 8214 460 461 8215 352 352 8216 464 465 8217 356 356 8218 358 358 8219 466 467 8220 465 466 8221 358 358 8222 463 464 8223 466 467 8224 468 468 8225 463 464 8226 467 469 8227 428 428 8228 469 470 8229 426 426 8230 428 428 8231 467 469 8232 470 472 8233 471 471 8234 470 472 8235 468 468 8236 362 362 8237 468 468 8238 466 467 8239 360 360 8240 470 472 8241 364 364 8242 366 366 8243 471 471 8244 366 366 8245 368 368 8246 469 470 8247 472 473 8248 474 474 8249 469 470 8250 473 475 8251 424 424 8252 475 476 8253 422 422 8254 424 424 8255 473 475 8256 476 478 8257 477 477 8258 476 478 8259 474 474 8260 370 370 8261 474 474 8262 472 473 8263 368 368 8264 476 478 8265 372 372 8266 374 374 8267 477 477 8268 374 374 8269 376 376 8270 475 476 8271 478 479 8272 480 480 8273 475 476 8274 479 481 8275 420 420 8276 481 482 8277 418 418 8278 420 420 8279 483 483 8280 481 482 8281 479 481 8282 482 484 8283 380 380 8284 382 382 8285 482 484 8286 480 480 8287 378 378 8288 480 480 8289 478 479 8290 376 376 8291 483 483 8292 382 382 8293 384 384 8294 485 486 8295 481 482 8296 484 485 8297 481 482 8298 485 486 8299 416 416 8300 487 488 8301 414 414 8302 416 416 8303 487 488 8304 485 486 8305 488 489 8306 492 493 8307 486 487 8308 386 386 8309 486 487 8310 484 485 8311 384 384 8312 492 493 8313 388 388 8314 390 390 8315 490 491 8316 491 492 8317 390 390 8318 490 491 8319 392 392 8320 394 394 8321 489 490 8322 488 489 8323 394 394 8324 493 494 8325 489 490 8326 396 396 8327 489 490 8328 493 494 8329 494 495 8330 496 497 8331 497 499 8332 494 495 8333 493 494 8334 398 398 8335 400 400 8336 498 498 8337 496 497 8338 400 400 8339 498 498 8340 499 501 8341 497 499 8342 499 501 8343 500 500 8344 404 404 8345 498 498 8346 402 402 8347 404 404 8348 499 501 8349 406 406 8350 408 408 8351 494 495 8352 497 499 8353 408 408 8354 494 495 8355 410 410 8356 412 412 8357 495 496 8358 412 412 8359 414 414 8360 454 454 8361 442 442 8362 444 444 8363 501 502 8364 502 505 8365 452 503 8366 503 504 8367 446 446 8368 448 448 8369 503 504 8370 501 502 8371 444 444 8372 452 503 8373 502 505 8374 448 448 8375 505 506 8376 506 667 8377 507 507 8378 509 509 8379 505 506 8380 504 508 8381 511 511 8382 509 509 8383 508 510 8384 513 513 8385 511 511 8386 510 512 8387 515 515 8388 513 513 8389 512 514 8390 517 517 8391 515 515 8392 514 516 8393 519 519 8394 517 517 8395 516 518 8396 521 521 8397 519 519 8398 518 520 8399 523 523 8400 521 521 8401 520 522 8402 525 525 8403 523 523 8404 522 524 8405 527 527 8406 525 525 8407 524 526 8408 529 529 8409 527 527 8410 526 528 8411 531 531 8412 529 529 8413 528 530 8414 533 533 8415 531 531 8416 530 532 8417 535 535 8418 533 533 8419 532 534 8420 537 537 8421 535 535 8422 534 536 8423 539 539 8424 537 537 8425 536 538 8426 541 541 8427 539 539 8428 538 540 8429 543 543 8430 541 541 8431 540 542 8432 545 545 8433 543 543 8434 542 544 8435 547 547 8436 545 545 8437 544 546 8438 549 549 8439 547 547 8440 546 548 8441 551 551 8442 549 549 8443 548 550 8444 553 553 8445 551 551 8446 550 552 8447 555 555 8448 553 553 8449 552 554 8450 557 557 8451 555 555 8452 554 556 8453 559 559 8454 557 557 8455 556 558 8456 561 561 8457 559 559 8458 558 560 8459 563 563 8460 561 561 8461 560 562 8462 565 565 8463 563 563 8464 562 564 8465 567 567 8466 565 565 8467 564 566 8468 569 569 8469 567 567 8470 566 568 8471 571 571 8472 569 569 8473 568 570 8474 573 573 8475 571 571 8476 570 572 8477 575 575 8478 573 573 8479 572 574 8480 577 577 8481 575 575 8482 574 576 8483 579 579 8484 577 577 8485 576 578 8486 581 581 8487 579 579 8488 578 580 8489 583 583 8490 581 581 8491 580 582 8492 585 585 8493 583 583 8494 582 584 8495 587 587 8496 585 585 8497 584 586 8498 589 589 8499 587 587 8500 586 588 8501 591 591 8502 589 589 8503 588 590 8504 593 593 8505 591 591 8506 590 592 8507 595 595 8508 593 593 8509 592 594 8510 597 597 8511 595 595 8512 594 596 8513 599 599 8514 597 597 8515 596 598 8516 601 601 8517 599 599 8518 598 600 8519 603 603 8520 601 601 8521 600 602 8522 605 605 8523 603 603 8524 602 604 8525 607 607 8526 605 605 8527 604 606 8528 609 609 8529 607 607 8530 606 608 8531 611 611 8532 609 609 8533 608 610 8534 613 613 8535 611 611 8536 610 612 8537 615 615 8538 613 613 8539 612 614 8540 617 617 8541 615 615 8542 614 616 8543 619 619 8544 617 617 8545 616 618 8546 621 621 8547 619 619 8548 618 620 8549 623 623 8550 621 621 8551 620 622 8552 625 625 8553 623 623 8554 622 624 8555 627 627 8556 625 625 8557 624 626 8558 629 629 8559 627 627 8560 626 628 8561 631 631 8562 629 629 8563 628 630 8564 633 633 8565 631 631 8566 630 632 8567 635 635 8568 633 633 8569 632 634 8570 637 637 8571 635 635 8572 634 636 8573 639 639 8574 637 637 8575 636 638 8576 641 641 8577 639 639 8578 638 640 8579 643 643 8580 641 641 8581 640 642 8582 645 645 8583 643 643 8584 642 644 8585 647 647 8586 645 645 8587 644 646 8588 649 649 8589 647 647 8590 646 648 8591 651 651 8592 649 649 8593 648 650 8594 653 653 8595 651 651 8596 650 652 8597 655 655 8598 653 653 8599 652 654 8600 657 657 8601 655 655 8602 654 656 8603 659 659 8604 657 657 8605 656 658 8606 661 661 8607 659 659 8608 658 660 8609 663 663 8610 661 661 8611 660 662 8612 665 665 8613 663 663 8614 662 664 8615 506 667 8616 665 665 8617 664 666 8618 666 668 8619 667 670 8620 665 665 8621 666 668 8622 668 672 8623 669 669 8624 666 668 8625 670 673 8626 671 671 8627 666 668 8628 506 667 8629 505 506 8630 670 673 8631 505 506 8632 509 509 8633 674 675 8634 670 673 8635 672 674 8636 673 676 8637 649 649 8638 651 651 8639 673 676 8640 675 678 8641 647 647 8642 673 676 8643 672 674 8644 676 677 8645 676 677 8646 672 674 8647 509 509 8648 676 677 8649 511 511 8650 513 513 8651 675 678 8652 676 677 8653 677 679 8654 675 678 8655 678 680 8656 645 645 8657 678 680 8658 679 682 8659 643 643 8660 678 680 8661 677 679 8662 680 681 8663 680 681 8664 677 679 8665 513 513 8666 681 683 8667 680 681 8668 515 515 8669 679 682 8670 680 681 8671 681 683 8672 679 682 8673 682 684 8674 641 641 8675 683 685 8676 639 639 8677 641 641 8678 682 684 8679 681 683 8680 684 686 8681 681 683 8682 517 517 8683 519 519 8684 684 686 8685 519 519 8686 521 521 8687 683 685 8688 684 686 8689 685 687 8690 686 688 8691 637 637 8692 639 639 8693 687 689 8694 635 635 8695 637 637 8696 686 688 8697 685 687 8698 688 690 8699 685 687 8700 521 521 8701 523 523 8702 689 691 8703 688 690 8704 523 523 8705 690 692 8706 687 689 8707 688 690 8708 687 689 8709 690 692 8710 633 633 8711 690 692 8712 691 693 8713 631 631 8714 691 693 8715 690 692 8716 689 691 8717 692 694 8718 689 691 8719 525 525 8720 692 694 8721 527 527 8722 529 529 8723 691 693 8724 692 694 8725 693 695 8726 694 696 8727 629 629 8728 631 631 8729 695 697 8730 627 627 8731 629 629 8732 694 696 8733 693 695 8734 696 698 8735 693 695 8736 529 529 8737 531 531 8738 697 699 8739 696 698 8740 531 531 8741 698 700 8742 695 697 8743 696 698 8744 695 697 8745 698 700 8746 625 625 8747 698 700 8748 699 701 8749 623 623 8750 699 701 8751 698 700 8752 697 699 8753 700 702 8754 697 699 8755 533 533 8756 700 702 8757 535 535 8758 537 537 8759 699 701 8760 700 702 8761 701 703 8762 702 704 8763 621 621 8764 623 623 8765 703 705 8766 619 619 8767 621 621 8768 702 704 8769 701 703 8770 704 706 8771 701 703 8772 537 537 8773 539 539 8774 705 707 8775 704 706 8776 539 539 8777 706 708 8778 703 705 8779 704 706 8780 703 705 8781 706 708 8782 617 617 8783 706 708 8784 707 709 8785 615 615 8786 707 709 8787 706 708 8788 705 707 8789 708 710 8790 705 707 8791 541 541 8792 708 710 8793 543 543 8794 545 545 8795 707 709 8796 708 710 8797 709 711 8798 710 712 8799 613 613 8800 615 615 8801 711 713 8802 611 611 8803 613 613 8804 710 712 8805 709 711 8806 712 714 8807 709 711 8808 545 545 8809 547 547 8810 713 715 8811 712 714 8812 547 547 8813 714 716 8814 711 713 8815 712 714 8816 711 713 8817 714 716 8818 609 609 8819 714 716 8820 715 717 8821 607 607 8822 715 717 8823 714 716 8824 713 715 8825 716 718 8826 713 715 8827 549 549 8828 716 718 8829 551 551 8830 553 553 8831 715 717 8832 716 718 8833 717 719 8834 718 720 8835 605 605 8836 607 607 8837 719 721 8838 603 603 8839 605 605 8840 718 720 8841 717 719 8842 720 722 8843 717 719 8844 553 553 8845 555 555 8846 721 723 8847 720 722 8848 555 555 8849 722 724 8850 719 721 8851 720 722 8852 722 724 8853 601 601 8854 603 603 8855 722 724 8856 723 725 8857 599 599 8858 723 725 8859 722 724 8860 721 723 8861 724 726 8862 721 723 8863 557 557 8864 724 726 8865 559 559 8866 561 561 8867 726 728 8868 723 725 8869 724 726 8870 723 725 8871 726 728 8872 597 597 8873 727 729 8874 595 595 8875 597 597 8876 727 729 8877 726 728 8878 725 727 8879 725 727 8880 561 561 8881 563 563 8882 728 730 8883 563 563 8884 565 565 8885 731 732 8886 728 730 8887 729 731 8888 731 732 8889 730 733 8890 591 591 8891 732 734 8892 589 589 8893 591 591 8894 730 733 8895 729 731 8896 733 735 8897 733 735 8898 729 731 8899 565 565 8900 734 736 8901 733 735 8902 567 567 8903 732 734 8904 733 735 8905 734 736 8906 732 734 8907 735 737 8908 587 587 8909 736 738 8910 585 585 8911 587 587 8912 737 739 8913 736 738 8914 735 737 8915 737 739 8916 734 736 8917 569 569 8918 738 740 8919 737 739 8920 571 571 8921 740 741 8922 737 739 8923 738 740 8924 740 741 8925 739 742 8926 581 581 8927 741 743 8928 579 579 8929 581 581 8930 741 743 8931 739 742 8932 738 740 8933 738 740 8934 573 573 8935 575 575 8936 742 744 8937 575 575 8938 577 577 8939 741 743 8940 743 745 8941 577 577 8942 740 741 8943 583 583 8944 585 585 8945 731 732 8946 593 593 8947 595 595 8948 744 746 8949 674 675 8950 651 651 8951 671 671 8952 670 673 8953 674 675 8954 671 671 8955 744 746 8956 653 653 8957 668 672 8958 671 671 8959 655 655 8960 668 672 8961 657 657 8962 659 659 8963 745 747 8964 669 669 8965 659 659 8966 746 748 8967 667 670 8968 669 669 8969 667 670 8970 746 748 8971 663 663 8972 745 747 8973 661 661 8974 663 663 8975 748 749 8976 749 785 8977 750 750 8978 752 752 8979 748 749 8980 747 751 8981 754 754 8982 752 752 8983 751 753 8984 756 756 8985 754 754 8986 753 755 8987 758 758 8988 756 756 8989 755 757 8990 760 760 8991 758 758 8992 757 759 8993 762 762 8994 760 760 8995 759 761 8996 764 764 8997 762 762 8998 761 763 8999 766 766 9000 764 764 9001 763 765 9002 768 768 9003 766 766 9004 765 767 9005 770 770 9006 768 768 9007 767 769 9008 772 771 9009 770 770 9010 769 100 9011 774 773 9012 772 771 9013 771 772 9014 776 775 9015 774 773 9016 773 774 9017 778 777 9018 776 775 9019 775 776 9020 780 779 9021 778 777 9022 777 778 9023 782 781 9024 780 779 9025 779 780 9026 784 783 9027 782 781 9028 781 782 9029 749 785 9030 784 783 9031 783 784 9032 785 786 9033 786 788 9034 784 783 9035 785 786 9036 787 789 9037 788 787 9038 789 790 9039 791 792 9040 772 771 9041 791 792 9042 792 793 9043 770 770 9044 790 791 9045 793 794 9046 792 793 9047 790 791 9048 748 749 9049 752 752 9050 785 786 9051 749 785 9052 748 749 9053 794 795 9054 793 794 9055 752 752 9056 793 794 9057 794 795 9058 795 796 9059 797 798 9060 798 801 9061 795 796 9062 794 795 9063 754 754 9064 756 756 9065 799 799 9066 797 798 9067 756 756 9068 797 798 9069 799 799 9070 800 800 9071 800 800 9072 801 802 9073 760 760 9074 799 799 9075 758 758 9076 760 760 9077 800 800 9078 762 762 9079 764 764 9080 795 796 9081 798 801 9082 764 764 9083 795 796 9084 766 766 9085 768 768 9086 796 797 9087 768 768 9088 770 770 9089 787 789 9090 789 790 9091 774 773 9092 787 789 9093 776 775 9094 778 777 9095 788 787 9096 778 777 9097 780 779 9098 803 804 9099 786 788 9100 788 787 9101 786 788 9102 803 804 9103 782 781 9104 802 803 9105 780 779 9106 782 781 9107 805 805 9108 806 907 9109 807 806 9110 809 808 9111 805 805 9112 804 807 9113 811 810 9114 809 808 9115 808 809 9116 813 812 9117 811 810 9118 810 811 9119 815 814 9120 813 812 9121 812 813 9122 817 816 9123 815 814 9124 814 815 9125 819 818 9126 817 816 9127 816 817 9128 821 820 9129 819 818 9130 818 819 9131 823 822 9132 821 820 9133 820 821 9134 825 824 9135 823 822 9136 822 823 9137 827 826 9138 825 824 9139 824 825 9140 829 828 9141 827 826 9142 826 827 9143 831 830 9144 829 828 9145 828 829 9146 833 832 9147 831 830 9148 830 831 9149 835 834 9150 833 832 9151 832 833 9152 837 836 9153 835 834 9154 834 835 9155 839 838 9156 837 836 9157 836 837 9158 841 840 9159 839 838 9160 838 839 9161 843 842 9162 841 840 9163 840 841 9164 845 844 9165 843 842 9166 842 843 9167 847 846 9168 845 844 9169 844 845 9170 849 848 9171 847 846 9172 846 847 9173 851 850 9174 849 848 9175 848 849 9176 853 852 9177 851 850 9178 850 851 9179 855 854 9180 853 852 9181 852 853 9182 857 856 9183 855 854 9184 854 855 9185 859 858 9186 857 856 9187 856 857 9188 861 860 9189 859 858 9190 858 859 9191 863 862 9192 861 860 9193 860 861 9194 865 864 9195 863 862 9196 862 863 9197 867 866 9198 865 864 9199 864 865 9200 869 868 9201 867 866 9202 866 867 9203 871 870 9204 869 868 9205 868 869 9206 873 872 9207 871 870 9208 870 871 9209 875 873 9210 873 872 9211 872 108 9212 877 875 9213 875 873 9214 874 874 9215 879 877 9216 877 875 9217 876 876 9218 881 879 9219 879 877 9220 878 878 9221 883 881 9222 881 879 9223 880 880 9224 885 883 9225 883 881 9226 882 882 9227 887 885 9228 885 883 9229 884 884 9230 889 887 9231 887 885 9232 886 886 9233 891 889 9234 889 887 9235 888 888 9236 893 891 9237 891 889 9238 890 890 9239 895 893 9240 893 891 9241 892 892 9242 897 895 9243 895 893 9244 894 894 9245 899 897 9246 897 895 9247 896 896 9248 901 899 9249 899 897 9250 898 898 9251 903 901 9252 901 899 9253 900 900 9254 905 903 9255 903 901 9256 902 902 9257 907 905 9258 905 903 9259 904 904 9260 806 907 9261 907 905 9262 906 906 9263 908 908 9264 909 958 9265 907 905 9266 911 909 9267 909 958 9268 908 908 9269 911 909 9270 910 910 9271 897 895 9272 910 910 9273 912 911 9274 895 893 9275 913 912 9276 912 911 9277 908 908 9278 912 911 9279 913 912 9280 893 891 9281 913 912 9282 915 915 9283 891 889 9284 913 912 9285 914 913 9286 916 914 9287 914 913 9288 805 805 9289 809 808 9290 908 908 9291 806 907 9292 805 805 9293 917 916 9294 916 914 9295 809 808 9296 917 916 9297 918 918 9298 915 915 9299 920 919 9300 921 921 9301 918 918 9302 919 917 9303 813 812 9304 815 814 9305 919 917 9306 917 916 9307 811 810 9308 920 919 9309 815 814 9310 817 816 9311 923 922 9312 924 924 9313 921 921 9314 923 922 9315 922 920 9316 817 816 9317 925 923 9318 923 922 9319 819 818 9320 924 924 9321 925 923 9322 927 925 9323 926 926 9324 883 881 9325 885 883 9326 926 926 9327 928 930 9328 881 879 9329 930 927 9330 928 930 9331 926 926 9332 930 927 9333 929 928 9334 825 824 9335 927 925 9336 823 822 9337 825 824 9338 925 923 9339 821 820 9340 823 822 9341 931 929 9342 930 927 9343 827 826 9344 932 931 9345 933 933 9346 928 930 9347 931 929 9348 829 828 9349 831 830 9350 932 931 9351 831 830 9352 833 832 9353 933 933 9354 934 932 9355 936 934 9356 933 933 9357 935 935 9358 877 875 9359 937 936 9360 875 873 9361 877 875 9362 939 937 9363 937 936 9364 935 935 9365 938 938 9366 837 836 9367 839 838 9368 938 938 9369 936 934 9370 835 834 9371 936 934 9372 934 932 9373 833 832 9374 939 937 9375 839 838 9376 841 840 9377 941 940 9378 937 936 9379 940 939 9380 937 936 9381 941 940 9382 873 872 9383 943 942 9384 871 870 9385 873 872 9386 943 942 9387 941 940 9388 944 943 9389 948 947 9390 942 941 9391 843 842 9392 942 941 9393 940 939 9394 841 840 9395 948 947 9396 845 844 9397 847 846 9398 946 945 9399 947 946 9400 847 846 9401 946 945 9402 849 848 9403 851 850 9404 944 943 9405 851 850 9406 853 852 9407 949 948 9408 945 944 9409 853 852 9410 949 948 9411 950 951 9412 951 949 9413 952 950 9414 953 954 9415 950 951 9416 949 948 9417 855 854 9418 857 856 9419 954 952 9420 952 950 9421 857 856 9422 952 950 9423 954 952 9424 955 953 9425 955 953 9426 956 955 9427 861 860 9428 954 952 9429 859 858 9430 861 860 9431 955 953 9432 863 862 9433 865 864 9434 950 951 9435 953 954 9436 865 864 9437 950 951 9438 867 866 9439 869 868 9440 951 949 9441 869 868 9442 871 870 9443 933 933 9444 879 877 9445 881 879 9446 921 921 9447 924 924 9448 885 883 9449 921 921 9450 887 885 9451 889 887 9452 915 915 9453 918 918 9454 889 887 9455 911 909 9456 899 897 9457 901 899 9458 911 909 9459 957 956 9460 958 957 9461 959 959 9462 903 901 9463 905 903 9464 959 959 9465 957 956 9466 901 899 9467 909 958 9468 958 957 9469 905 903 9470 961 960 9471 962 1011 9472 963 961 9473 965 963 9474 961 960 9475 960 962 9476 967 965 9477 965 963 9478 964 964 9479 969 967 9480 967 965 9481 966 966 9482 971 968 9483 969 967 9484 968 304 9485 973 970 9486 971 968 9487 970 969 9488 975 972 9489 973 970 9490 972 971 9491 977 974 9492 975 972 9493 974 973 9494 979 976 9495 977 974 9496 976 975 9497 981 978 9498 979 976 9499 978 977 9500 983 980 9501 981 978 9502 980 979 9503 985 982 9504 983 980 9505 982 981 9506 987 984 9507 985 982 9508 984 983 9509 989 986 9510 987 984 9511 986 985 9512 991 988 9513 989 986 9514 988 987 9515 993 990 9516 991 988 9517 990 989 9518 995 992 9519 993 990 9520 992 991 9521 997 994 9522 995 992 9523 994 993 9524 999 996 9525 997 997 9526 996 997 9527 1001 999 9528 999 996 9529 998 998 9530 1003 1001 9531 1001 999 9532 1000 1000 9533 1005 1002 9534 1003 1001 9535 1002 1001 9536 1007 1004 9537 1005 1002 9538 1004 1003 9539 1009 1006 9540 1007 1004 9541 1006 1005 9542 1011 1008 9543 1009 1006 9544 1008 1007 9545 1013 1009 9546 1011 1008 9547 1010 1008 9548 962 1011 9549 1013 1009 9550 1012 1010 9551 1015 1012 9552 1013 1066 9553 962 1013 9554 1016 1015 9555 1017 1016 9556 1015 1012 9557 1017 1016 9558 1016 1015 9559 1003 1017 9560 1003 1017 9561 1016 1015 9562 1001 1020 9563 1018 1019 9564 1019 1024 9565 1001 1020 9566 1018 1019 9567 1016 1015 9568 1014 1014 9569 1020 1021 9570 1014 1014 9571 962 1013 9572 1019 1024 9573 1018 1019 9574 997 1025 9575 1021 1026 9576 997 1025 9577 1018 1019 9578 1020 1021 9579 1022 1028 9580 1021 1026 9581 1020 1021 9582 961 1022 9583 965 1027 9584 1023 1029 9585 1022 1028 9586 965 1027 9587 1024 1031 9588 1023 1029 9589 967 1030 9590 1024 1031 9591 969 1032 9592 971 1033 9593 1029 1038 9594 1030 1046 9595 1021 1026 9596 1029 1038 9597 1028 1037 9598 977 1039 9599 1027 1036 9600 975 1041 9601 977 1039 9602 1026 1035 9603 973 1042 9604 975 1041 9605 1026 1035 9606 1025 1034 9607 971 1033 9608 1031 1043 9609 1029 1038 9610 979 1040 9611 1029 1038 9612 1031 1043 9613 1032 1045 9614 1033 1047 9615 1034 1051 9616 1032 1045 9617 1033 1047 9618 1031 1043 9619 981 1044 9620 1033 1047 9621 983 1048 9622 985 1049 9623 1035 1050 9624 1036 1053 9625 1034 1051 9626 1037 1052 9627 987 1055 9628 989 1054 9629 1037 1052 9630 1035 1050 9631 985 1049 9632 1034 1051 9633 1036 1053 9634 989 1054 9635 1034 1051 9636 991 1056 9637 993 1057 9638 1032 1045 9639 993 1057 9640 995 1058 9641 1030 1046 9642 995 1058 9643 997 1059 9644 1017 1016 9645 1005 1018 9646 1007 1060 9647 1038 1061 9648 1039 1063 9649 1015 1012 9650 1040 1062 9651 1009 1065 9652 1011 1064 9653 1040 1062 9654 1038 1061 9655 1007 1060 9656 1015 1012 9657 1039 1063 9658 1011 1064 9659 997 2653 9660 999 2654 9661 961 2655 9662 1001 2656 9663 1003 2657 9664 1007 2658 9665 1005 2659 9666 1007 2658 9667 1003 2657 9668 1009 2660 9669 1011 2661 9670 962 2662 9671 1013 2663 9672 962 2662 9673 1011 2661 9674 961 2655 9675 965 1069 9676 997 2653 9677 967 1067 9678 969 2664 9679 971 2665 9680 971 2665 9681 973 2666 9682 975 2667 9683 975 2667 9684 977 1068 9685 967 1067 9686 979 2668 9687 981 2669 9688 995 2670 9689 983 2671 9690 985 2672 9691 981 2669 9692 987 2673 9693 989 2674 9694 985 2672 9695 991 2675 9696 993 2676 9697 989 2674 9698 999 2654 9699 1001 2656 9700 961 2655 9701 993 2676 9702 981 2669 9703 985 2672 9704 985 2672 9705 989 2674 9706 993 2676 9707 977 1068 9708 979 2668 9709 997 2653 9710 967 1067 9711 971 2665 9712 975 2667 9713 962 2662 9714 961 2655 9715 1001 2656 9716 1007 2658 9717 962 2662 9718 1001 2656 9719 993 2676 9720 995 2670 9721 981 2669 9722 1007 2658 9723 1009 2660 9724 962 2662 9725 965 1069 9726 977 1068 9727 997 2653 9728 979 2668 9729 995 2670 9730 997 2653 9731 1042 1070 9732 1043 1106 9733 1044 1071 9734 1046 1073 9735 1042 1070 9736 1041 1072 9737 1048 1075 9738 1046 1073 9739 1045 1074 9740 1050 1077 9741 1048 1075 9742 1047 1076 9743 1052 1079 9744 1050 1077 9745 1049 1078 9746 1054 1081 9747 1052 1079 9748 1051 1080 9749 1056 1083 9750 1054 1081 9751 1053 1082 9752 1058 1085 9753 1056 1083 9754 1055 1084 9755 1060 1087 9756 1058 1085 9757 1057 1086 9758 1062 1089 9759 1060 1087 9760 1059 1088 9761 1064 1091 9762 1062 1089 9763 1061 1090 9764 1066 1092 9765 1064 1091 9766 1063 100 9767 1068 1094 9768 1066 1092 9769 1065 1093 9770 1070 1096 9771 1068 1094 9772 1067 1095 9773 1072 1098 9774 1070 1096 9775 1069 1097 9776 1074 1100 9777 1072 1098 9778 1071 1099 9779 1076 1102 9780 1074 1100 9781 1073 1101 9782 1078 1104 9783 1076 1102 9784 1075 1103 9785 1043 1106 9786 1078 1104 9787 1077 1105 9788 1079 1107 9789 1080 1109 9790 1078 1104 9791 1079 1107 9792 1081 1111 9793 1082 1108 9794 1079 1107 9795 1083 1112 9796 1084 1110 9797 1079 1107 9798 1043 1106 9799 1042 1070 9800 1083 1112 9801 1042 1070 9802 1046 1073 9803 1083 1112 9804 1085 1113 9805 1086 1114 9806 1088 1116 9807 1062 1089 9808 1064 1091 9809 1089 1117 9810 1060 1087 9811 1062 1089 9812 1085 1113 9813 1090 1118 9814 1089 1117 9815 1090 1118 9816 1085 1113 9817 1046 1073 9818 1090 1118 9819 1048 1075 9820 1050 1077 9821 1090 1118 9822 1091 1119 9823 1092 1120 9824 1093 1121 9825 1094 1123 9826 1092 1120 9827 1093 1121 9828 1091 1119 9829 1050 1077 9830 1093 1121 9831 1052 1079 9832 1054 1081 9833 1094 1123 9834 1095 1122 9835 1054 1081 9836 1094 1123 9837 1056 1083 9838 1058 1085 9839 1089 1117 9840 1092 1120 9841 1058 1085 9842 1087 1115 9843 1086 1114 9844 1064 1091 9845 1084 1110 9846 1087 1115 9847 1066 1092 9848 1081 1111 9849 1084 1110 9850 1068 1094 9851 1081 1111 9852 1070 1096 9853 1072 1098 9854 1096 1124 9855 1082 1108 9856 1072 1098 9857 1097 1125 9858 1080 1109 9859 1082 1108 9860 1080 1109 9861 1097 1125 9862 1076 1102 9863 1096 1124 9864 1074 1100 9865 1076 1102 9866 1098 1126 9867 1099 1167 9868 1100 1127 9869 1103 1129 9870 1099 1167 9871 1098 1126 9872 1104 1131 9873 1105 1133 9874 1103 1129 9875 1106 1132 9876 1107 1169 9877 1105 1133 9878 1109 1134 9879 1107 1169 9880 1106 1132 9881 1111 1136 9882 1109 1134 9883 1108 1135 9884 1112 1138 9885 1113 1173 9886 1111 1136 9887 1115 1139 9888 1113 1173 9889 1112 1138 9890 1116 1141 9891 1117 1143 9892 1115 1139 9893 1118 1142 9894 1119 1175 9895 1117 1143 9896 1121 1144 9897 1119 1175 9898 1118 1142 9899 1123 1146 9900 1121 1144 9901 1120 1145 9902 1124 1148 9903 1125 1179 9904 1123 1146 9905 1127 1149 9906 1125 1179 9907 1124 1148 9908 1128 1151 9909 1129 1153 9910 1127 1149 9911 1130 1152 9912 1131 1181 9913 1129 1153 9914 1133 1154 9915 1131 1181 9916 1130 1152 9917 1135 1156 9918 1133 1154 9919 1132 1155 9920 1136 1158 9921 1137 1185 9922 1135 1156 9923 1139 1159 9924 1137 1185 9925 1136 1158 9926 1140 1161 9927 1141 1163 9928 1139 1159 9929 1142 1162 9930 1143 1187 9931 1141 1163 9932 1145 1164 9933 1143 1187 9934 1142 1162 9935 1100 1127 9936 1145 1164 9937 1144 1165 9938 1146 1166 9939 1147 1189 9940 1145 1164 9941 1099 1167 9942 1148 1194 9943 1146 1166 9944 1149 1168 9945 1148 1194 9946 1099 1167 9947 1105 1133 9948 1150 1170 9949 1149 1168 9950 1107 1169 9951 1151 1196 9952 1150 1170 9953 1152 1171 9954 1151 1196 9955 1107 1169 9956 1153 1172 9957 1152 1171 9958 1109 1134 9959 1113 1173 9960 1154 1201 9961 1153 1172 9962 1155 1174 9963 1154 1201 9964 1113 1173 9965 1117 1143 9966 1156 1176 9967 1155 1174 9968 1119 1175 9969 1157 1203 9970 1156 1176 9971 1158 1177 9972 1157 1203 9973 1119 1175 9974 1159 1178 9975 1158 1177 9976 1121 1144 9977 1125 1179 9978 1160 1208 9979 1159 1178 9980 1161 1180 9981 1160 1208 9982 1125 1179 9983 1129 1153 9984 1162 1182 9985 1161 1180 9986 1131 1181 9987 1163 1210 9988 1162 1182 9989 1164 1183 9990 1163 1210 9991 1131 1181 9992 1165 1184 9993 1164 1183 9994 1133 1154 9995 1137 1185 9996 1166 1215 9997 1165 1184 9998 1167 1186 9999 1166 1215 10000 1137 1185 10001 1141 1163 10002 1168 1188 10003 1167 1186 10004 1143 1187 10005 1169 1191 10006 1168 1188 10007 1147 1189 10008 1169 1191 10009 1143 1187 10010 1170 1190 10011 1171 1219 10012 1169 1191 10013 1172 1192 10014 1170 1190 10015 1147 1189 10016 1173 1193 10017 1172 1192 10018 1146 1166 10019 1149 1168 10020 1174 1195 10021 1173 1193 10022 1150 1170 10023 1175 1197 10024 1174 1195 10025 1151 1196 10026 1176 1225 10027 1175 1197 10028 1177 1198 10029 1176 1225 10030 1151 1196 10031 1178 1199 10032 1177 1198 10033 1152 1171 10034 1179 1200 10035 1178 1199 10036 1153 1172 10037 1155 1174 10038 1180 1202 10039 1179 1200 10040 1156 1176 10041 1181 1204 10042 1180 1202 10043 1157 1203 10044 1182 1231 10045 1181 1204 10046 1183 1205 10047 1182 1231 10048 1157 1203 10049 1184 1206 10050 1183 1205 10051 1158 1177 10052 1185 1207 10053 1184 1206 10054 1159 1178 10055 1161 1180 10056 1186 1209 10057 1185 1207 10058 1162 1182 10059 1187 1211 10060 1186 1209 10061 1163 1210 10062 1188 1237 10063 1187 1211 10064 1189 1212 10065 1188 1237 10066 1163 1210 10067 1190 1213 10068 1189 1212 10069 1164 1183 10070 1191 1214 10071 1190 1213 10072 1165 1184 10073 1167 1186 10074 1192 1216 10075 1191 1214 10076 1168 1188 10077 1193 1217 10078 1192 1216 10079 1169 1191 10080 1171 1219 10081 1193 1217 10082 1194 1218 10083 1195 1241 10084 1193 1217 10085 1170 1190 10086 1196 1220 10087 1194 1218 10088 1172 1192 10089 1197 1221 10090 1196 1220 10091 1173 1193 10092 1198 1247 10093 1197 1221 10094 1199 1222 10095 1198 1247 10096 1173 1193 10097 1200 1223 10098 1199 1222 10099 1174 1195 10100 1201 1224 10101 1200 1223 10102 1175 1197 10103 1177 1198 10104 1202 1226 10105 1201 1224 10106 1178 1199 10107 1203 1227 10108 1202 1226 10109 1179 1200 10110 1204 1253 10111 1203 1227 10112 1205 1228 10113 1204 1253 10114 1179 1200 10115 1206 1229 10116 1205 1228 10117 1180 1202 10118 1207 1230 10119 1206 1229 10120 1181 1204 10121 1183 1205 10122 1208 1232 10123 1207 1230 10124 1184 1206 10125 1209 1233 10126 1208 1232 10127 1185 1207 10128 1210 1259 10129 1209 1233 10130 1211 1234 10131 1210 1259 10132 1185 1207 10133 1212 1235 10134 1211 1234 10135 1186 1209 10136 1213 1236 10137 1212 1235 10138 1187 1211 10139 1189 1212 10140 1214 1238 10141 1213 1236 10142 1190 1213 10143 1215 1239 10144 1214 1238 10145 1191 1214 10146 1216 1265 10147 1215 1239 10148 1217 1240 10149 1216 1265 10150 1191 1214 10151 1195 1241 10152 1217 1240 10153 1192 1216 10154 1195 1241 10155 1218 1243 10156 1219 1242 10157 1194 1218 10158 1220 1267 10159 1218 1243 10160 1221 1244 10161 1220 1267 10162 1194 1218 10163 1222 1245 10164 1221 1244 10165 1196 1220 10166 1223 1246 10167 1222 1245 10168 1197 1221 10169 1199 1222 10170 1224 1248 10171 1223 1246 10172 1200 1223 10173 1225 1249 10174 1224 1248 10175 1201 1224 10176 1226 1272 10177 1225 1249 10178 1227 1250 10179 1226 1272 10180 1201 1224 10181 1228 1251 10182 1227 1250 10183 1202 1226 10184 1229 1252 10185 1228 1251 10186 1203 1227 10187 1205 1228 10188 1230 1254 10189 1229 1252 10190 1206 1229 10191 1231 1255 10192 1230 1254 10193 1207 1230 10194 1232 1277 10195 1231 1255 10196 1233 1256 10197 1232 1277 10198 1207 1230 10199 1234 1257 10200 1233 1256 10201 1208 1232 10202 1235 1258 10203 1234 1257 10204 1209 1233 10205 1211 1234 10206 1236 1260 10207 1235 1258 10208 1212 1235 10209 1237 1261 10210 1236 1260 10211 1213 1236 10212 1238 1282 10213 1237 1261 10214 1239 1262 10215 1238 1282 10216 1213 1236 10217 1240 1263 10218 1239 1262 10219 1214 1238 10220 1241 1264 10221 1240 1263 10222 1215 1239 10223 1217 1240 10224 1219 1242 10225 1241 1264 10226 1242 1266 10227 1243 1286 10228 1241 1264 10229 1218 1243 10230 1244 1268 10231 1242 1266 10232 1220 1267 10233 1245 1291 10234 1244 1268 10235 1246 1269 10236 1245 1291 10237 1220 1267 10238 1247 1270 10239 1246 1269 10240 1221 1244 10241 1223 1246 10242 1248 1293 10243 1247 1270 10244 1249 1271 10245 1248 1293 10246 1223 1246 10247 1225 1249 10248 1250 1273 10249 1249 1271 10250 1226 1272 10251 1251 1298 10252 1250 1273 10253 1252 1274 10254 1251 1298 10255 1226 1272 10256 1253 1275 10257 1252 1274 10258 1227 1250 10259 1229 1252 10260 1254 1300 10261 1253 1275 10262 1255 1276 10263 1254 1300 10264 1229 1252 10265 1231 1255 10266 1256 1278 10267 1255 1276 10268 1232 1277 10269 1257 1305 10270 1256 1278 10271 1258 1279 10272 1257 1305 10273 1232 1277 10274 1259 1280 10275 1258 1279 10276 1233 1256 10277 1235 1258 10278 1260 1307 10279 1259 1280 10280 1261 1281 10281 1260 1307 10282 1235 1258 10283 1237 1261 10284 1262 1283 10285 1261 1281 10286 1238 1282 10287 1263 1312 10288 1262 1283 10289 1264 1284 10290 1263 1312 10291 1238 1282 10292 1265 1285 10293 1264 1284 10294 1239 1262 10295 1241 1264 10296 1243 1286 10297 1265 1285 10298 1243 1286 10299 1266 1316 10300 1267 1287 10301 1268 1288 10302 1266 1316 10303 1243 1286 10304 1269 1289 10305 1268 1288 10306 1242 1266 10307 1270 1290 10308 1269 1289 10309 1244 1268 10310 1246 1269 10311 1271 1292 10312 1270 1290 10313 1247 1270 10314 1272 1294 10315 1271 1292 10316 1248 1293 10317 1273 1321 10318 1272 1294 10319 1274 1295 10320 1273 1321 10321 1248 1293 10322 1275 1296 10323 1274 1295 10324 1249 1271 10325 1276 1297 10326 1275 1296 10327 1250 1273 10328 1252 1274 10329 1277 1299 10330 1276 1297 10331 1253 1275 10332 1278 1301 10333 1277 1299 10334 1254 1300 10335 1279 1326 10336 1278 1301 10337 1280 1302 10338 1279 1326 10339 1254 1300 10340 1281 1303 10341 1280 1302 10342 1255 1276 10343 1282 1304 10344 1281 1303 10345 1256 1278 10346 1258 1279 10347 1283 1306 10348 1282 1304 10349 1259 1280 10350 1284 1308 10351 1283 1306 10352 1260 1307 10353 1285 1331 10354 1284 1308 10355 1286 1309 10356 1285 1331 10357 1260 1307 10358 1287 1310 10359 1286 1309 10360 1261 1281 10361 1288 1311 10362 1287 1310 10363 1262 1283 10364 1264 1284 10365 1289 1313 10366 1288 1311 10367 1265 1285 10368 1267 1287 10369 1289 1313 10370 1290 1314 10371 1291 1334 10372 1289 1313 10373 1292 1315 10374 1290 1314 10375 1267 1287 10376 1268 1288 10377 1293 1317 10378 1292 1315 10379 1269 1289 10380 1294 1340 10381 1293 1317 10382 1295 1318 10383 1294 1340 10384 1269 1289 10385 1271 1292 10386 1296 1342 10387 1295 1318 10388 1297 1319 10389 1296 1342 10390 1271 1292 10391 1298 1320 10392 1297 1319 10393 1272 1294 10394 1274 1295 10395 1299 1322 10396 1298 1320 10397 1275 1296 10398 1300 1347 10399 1299 1322 10400 1301 1323 10401 1300 1347 10402 1275 1296 10403 1277 1299 10404 1302 1349 10405 1301 1323 10406 1303 1324 10407 1302 1349 10408 1277 1299 10409 1304 1325 10410 1303 1324 10411 1278 1301 10412 1280 1302 10413 1305 1327 10414 1304 1325 10415 1281 1303 10416 1306 1354 10417 1305 1327 10418 1307 1328 10419 1306 1354 10420 1281 1303 10421 1283 1306 10422 1308 1356 10423 1307 1328 10424 1309 1329 10425 1308 1356 10426 1283 1306 10427 1310 1330 10428 1309 1329 10429 1284 1308 10430 1286 1309 10431 1311 1332 10432 1310 1330 10433 1287 1310 10434 1312 1361 10435 1311 1332 10436 1313 1333 10437 1312 1361 10438 1287 1310 10439 1289 1313 10440 1291 1334 10441 1313 1333 10442 1291 1334 10443 1314 1336 10444 1315 1335 10445 1290 1314 10446 1316 1337 10447 1314 1336 10448 1292 1315 10449 1317 100 10450 1316 1337 10451 1318 1338 10452 1317 100 10453 1292 1315 10454 1319 1339 10455 1318 1338 10456 1293 1317 10457 1320 1341 10458 1319 1339 10459 1294 1340 10460 1296 1342 10461 1321 1343 10462 1320 1341 10463 1297 1319 10464 1322 1344 10465 1321 1343 10466 1298 1320 10467 1323 871 10468 1322 1344 10469 1324 1345 10470 1323 871 10471 1298 1320 10472 1325 1346 10473 1324 1345 10474 1299 1322 10475 1326 1348 10476 1325 1346 10477 1300 1347 10478 1302 1349 10479 1327 1350 10480 1326 1348 10481 1303 1324 10482 1328 1351 10483 1327 1350 10484 1304 1325 10485 1329 108 10486 1328 1351 10487 1330 1352 10488 1329 108 10489 1304 1325 10490 1331 1353 10491 1330 1352 10492 1305 1327 10493 1332 1355 10494 1331 1353 10495 1306 1354 10496 1308 1356 10497 1333 1357 10498 1332 1355 10499 1309 1329 10500 1334 1358 10501 1333 1357 10502 1310 1330 10503 1335 1381 10504 1334 1358 10505 1336 1359 10506 1335 1381 10507 1310 1330 10508 1337 1360 10509 1336 1359 10510 1311 1332 10511 1315 1335 10512 1337 1360 10513 1312 1361 10514 1315 1335 10515 1338 1384 10516 1339 1362 10517 1340 1363 10518 1338 1384 10519 1315 1335 10520 1341 1364 10521 1340 1363 10522 1314 1336 10523 1342 1365 10524 1341 1364 10525 1316 1337 10526 1318 1338 10527 1343 1366 10528 1342 1365 10529 1319 1339 10530 1344 1367 10531 1343 1366 10532 1320 1341 10533 1345 1389 10534 1344 1367 10535 1346 1368 10536 1345 1389 10537 1320 1341 10538 1347 1369 10539 1346 1368 10540 1321 1343 10541 1348 1370 10542 1347 1369 10543 1322 1344 10544 1324 1345 10545 1349 1371 10546 1348 1370 10547 1325 1346 10548 1350 1372 10549 1349 1371 10550 1326 1348 10551 1351 1394 10552 1350 1372 10553 1352 1373 10554 1351 1394 10555 1326 1348 10556 1353 1374 10557 1352 1373 10558 1327 1350 10559 1354 1375 10560 1353 1374 10561 1328 1351 10562 1330 1352 10563 1355 1376 10564 1354 1375 10565 1331 1353 10566 1356 1377 10567 1355 1376 10568 1332 1355 10569 1357 1399 10570 1356 1377 10571 1358 1378 10572 1357 1399 10573 1332 1355 10574 1359 1379 10575 1358 1378 10576 1333 1357 10577 1360 1380 10578 1359 1379 10579 1334 1358 10580 1336 1359 10581 1361 1382 10582 1360 1380 10583 1337 1360 10584 1339 1362 10585 1361 1382 10586 1362 1383 10587 1363 1402 10588 1361 1382 10589 1338 1384 10590 1364 1406 10591 1362 1383 10592 1365 1385 10593 1364 1406 10594 1338 1384 10595 1341 1364 10596 1366 1386 10597 1365 1385 10598 1342 1365 10599 1367 1411 10600 1366 1386 10601 1368 1387 10602 1367 1411 10603 1342 1365 10604 1369 1388 10605 1368 1387 10606 1343 1366 10607 1345 1389 10608 1370 1413 10609 1369 1388 10610 1371 1390 10611 1370 1413 10612 1345 1389 10613 1347 1369 10614 1372 1391 10615 1371 1390 10616 1348 1370 10617 1373 1418 10618 1372 1391 10619 1374 1392 10620 1373 1418 10621 1348 1370 10622 1375 1393 10623 1374 1392 10624 1349 1371 10625 1351 1394 10626 1376 1420 10627 1375 1393 10628 1377 1395 10629 1376 1420 10630 1351 1394 10631 1353 1374 10632 1378 1396 10633 1377 1395 10634 1354 1375 10635 1379 1425 10636 1378 1396 10637 1380 1397 10638 1379 1425 10639 1354 1375 10640 1381 1398 10641 1380 1397 10642 1355 1376 10643 1357 1399 10644 1382 1427 10645 1381 1398 10646 1383 1400 10647 1382 1427 10648 1357 1399 10649 1359 1379 10650 1384 1401 10651 1383 1400 10652 1360 1380 10653 1385 1404 10654 1384 1401 10655 1363 1402 10656 1385 1404 10657 1360 1380 10658 1363 1402 10659 1386 1405 10660 1387 1403 10661 1362 1383 10662 1388 1407 10663 1386 1405 10664 1364 1406 10665 1389 1434 10666 1388 1407 10667 1390 1408 10668 1389 1434 10669 1364 1406 10670 1391 1409 10671 1390 1408 10672 1365 1385 10673 1392 1410 10674 1391 1409 10675 1366 1386 10676 1368 1387 10677 1393 1412 10678 1392 1410 10679 1369 1388 10680 1394 1414 10681 1393 1412 10682 1370 1413 10683 1395 1439 10684 1394 1414 10685 1396 1415 10686 1395 1439 10687 1370 1413 10688 1397 1416 10689 1396 1415 10690 1371 1390 10691 1398 1417 10692 1397 1416 10693 1372 1391 10694 1374 1392 10695 1399 1419 10696 1398 1417 10697 1375 1393 10698 1400 1421 10699 1399 1419 10700 1376 1420 10701 1401 1444 10702 1400 1421 10703 1402 1422 10704 1401 1444 10705 1376 1420 10706 1403 1423 10707 1402 1422 10708 1377 1395 10709 1404 1424 10710 1403 1423 10711 1378 1396 10712 1380 1397 10713 1405 1426 10714 1404 1424 10715 1381 1398 10716 1406 1428 10717 1405 1426 10718 1382 1427 10719 1407 1449 10720 1406 1428 10721 1408 1429 10722 1407 1449 10723 1382 1427 10724 1409 1430 10725 1408 1429 10726 1383 1400 10727 1387 1403 10728 1409 1430 10729 1384 1401 10730 1410 1431 10731 1411 1451 10732 1409 1430 10733 1386 1405 10734 1412 1455 10735 1410 1431 10736 1413 1432 10737 1412 1455 10738 1386 1405 10739 1414 1433 10740 1413 1432 10741 1388 1407 10742 1390 1408 10743 1415 1435 10744 1414 1433 10745 1391 1409 10746 1416 1458 10747 1415 1435 10748 1417 1436 10749 1416 1458 10750 1391 1409 10751 1393 1412 10752 1418 1462 10753 1417 1436 10754 1419 1437 10755 1418 1462 10756 1393 1412 10757 1420 1438 10758 1419 1437 10759 1394 1414 10760 1396 1415 10761 1421 1440 10762 1420 1438 10763 1397 1416 10764 1422 1465 10765 1421 1440 10766 1423 1441 10767 1422 1465 10768 1397 1416 10769 1399 1419 10770 1424 1469 10771 1423 1441 10772 1425 1442 10773 1424 1469 10774 1399 1419 10775 1426 1443 10776 1425 1442 10777 1400 1421 10778 1402 1422 10779 1427 1445 10780 1426 1443 10781 1403 1423 10782 1428 1472 10783 1427 1445 10784 1429 1446 10785 1428 1472 10786 1403 1423 10787 1405 1426 10788 1430 1476 10789 1429 1446 10790 1431 1447 10791 1430 1476 10792 1405 1426 10793 1432 1448 10794 1431 1447 10795 1406 1428 10796 1408 1429 10797 1433 1450 10798 1432 1448 10799 1409 1430 10800 1411 1451 10801 1433 1450 10802 1411 1451 10803 1434 1453 10804 1435 1452 10805 1410 1431 10806 1436 1482 10807 1434 1453 10808 1437 1454 10809 1436 1482 10810 1410 1431 10811 1438 1456 10812 1437 1454 10813 1412 1455 10814 1439 1457 10815 1438 1456 10816 1413 1432 10817 1415 1435 10818 1440 1459 10819 1439 1457 10820 1416 1458 10821 1441 1460 10822 1440 1459 10823 1417 1436 10824 1442 1488 10825 1441 1460 10826 1443 1461 10827 1442 1488 10828 1417 1436 10829 1444 1463 10830 1443 1461 10831 1418 1462 10832 1445 1464 10833 1444 1463 10834 1419 1437 10835 1421 1440 10836 1446 1466 10837 1445 1464 10838 1422 1465 10839 1447 1467 10840 1446 1466 10841 1423 1441 10842 1448 1494 10843 1447 1467 10844 1449 1468 10845 1448 1494 10846 1423 1441 10847 1450 1470 10848 1449 1468 10849 1424 1469 10850 1451 1471 10851 1450 1470 10852 1425 1442 10853 1427 1445 10854 1452 1473 10855 1451 1471 10856 1428 1472 10857 1453 1474 10858 1452 1473 10859 1429 1446 10860 1454 1500 10861 1453 1474 10862 1455 1475 10863 1454 1500 10864 1429 1446 10865 1456 1477 10866 1455 1475 10867 1430 1476 10868 1457 1478 10869 1456 1477 10870 1431 1447 10871 1433 1450 10872 1435 1452 10873 1457 1478 10874 1458 1479 10875 1459 1504 10876 1457 1478 10877 1460 1480 10878 1458 1479 10879 1435 1452 10880 1461 1481 10881 1460 1480 10882 1434 1453 10883 1437 1454 10884 1462 1483 10885 1461 1481 10886 1438 1456 10887 1463 1484 10888 1462 1483 10889 1439 1457 10890 1464 1510 10891 1463 1484 10892 1465 1485 10893 1464 1510 10894 1439 1457 10895 1466 1486 10896 1465 1485 10897 1440 1459 10898 1467 1487 10899 1466 1486 10900 1441 1460 10901 1443 1461 10902 1468 1489 10903 1467 1487 10904 1444 1463 10905 1469 1490 10906 1468 1489 10907 1445 1464 10908 1470 1516 10909 1469 1490 10910 1471 1491 10911 1470 1516 10912 1445 1464 10913 1472 1492 10914 1471 1491 10915 1446 1466 10916 1473 1493 10917 1472 1492 10918 1447 1467 10919 1449 1468 10920 1474 1495 10921 1473 1493 10922 1450 1470 10923 1475 1496 10924 1474 1495 10925 1451 1471 10926 1476 1522 10927 1475 1496 10928 1477 1497 10929 1476 1522 10930 1451 1471 10931 1478 1498 10932 1477 1497 10933 1452 1473 10934 1479 1499 10935 1478 1498 10936 1453 1474 10937 1455 1475 10938 1480 1501 10939 1479 1499 10940 1456 1477 10941 1481 1502 10942 1480 1501 10943 1457 1478 10944 1459 1504 10945 1481 1502 10946 1482 1503 10947 1483 1526 10948 1481 1502 10949 1458 1479 10950 1484 1505 10951 1482 1503 10952 1460 1480 10953 1485 1506 10954 1484 1505 10955 1461 1481 10956 1486 1531 10957 1485 1506 10958 1487 1507 10959 1486 1531 10960 1461 1481 10961 1488 1508 10962 1487 1507 10963 1462 1483 10964 1489 1509 10965 1488 1508 10966 1463 1484 10967 1465 1485 10968 1490 1511 10969 1489 1509 10970 1466 1486 10971 1491 1512 10972 1490 1511 10973 1467 1487 10974 1492 1536 10975 1491 1512 10976 1493 1513 10977 1492 1536 10978 1467 1487 10979 1494 1514 10980 1493 1513 10981 1468 1489 10982 1495 1515 10983 1494 1514 10984 1469 1490 10985 1471 1491 10986 1496 1517 10987 1495 1515 10988 1472 1492 10989 1497 1518 10990 1496 1517 10991 1473 1493 10992 1498 1541 10993 1497 1518 10994 1499 1519 10995 1498 1541 10996 1473 1493 10997 1500 1520 10998 1499 1519 10999 1474 1495 11000 1501 1521 11001 1500 1520 11002 1475 1496 11003 1477 1497 11004 1502 1523 11005 1501 1521 11006 1478 1498 11007 1503 1524 11008 1502 1523 11009 1479 1499 11010 1504 1546 11011 1503 1524 11012 1505 1525 11013 1504 1546 11014 1479 1499 11015 1483 1526 11016 1505 1525 11017 1480 1501 11018 1506 1527 11019 1507 1547 11020 1505 1525 11021 1508 1528 11022 1506 1527 11023 1483 1526 11024 1484 1505 11025 1509 1529 11026 1508 1528 11027 1485 1506 11028 1510 1551 11029 1509 1529 11030 1511 1530 11031 1510 1551 11032 1485 1506 11033 1487 1507 11034 1512 1554 11035 1511 1530 11036 1513 1532 11037 1512 1554 11038 1487 1507 11039 1514 1533 11040 1513 1532 11041 1488 1508 11042 1490 1511 11043 1515 1534 11044 1514 1533 11045 1491 1512 11046 1516 1557 11047 1515 1534 11048 1517 1535 11049 1516 1557 11050 1491 1512 11051 1493 1513 11052 1518 1560 11053 1517 1535 11054 1519 1537 11055 1518 1560 11056 1493 1513 11057 1520 1538 11058 1519 1537 11059 1494 1514 11060 1496 1517 11061 1521 1539 11062 1520 1538 11063 1497 1518 11064 1522 1563 11065 1521 1539 11066 1523 1540 11067 1522 1563 11068 1497 1518 11069 1499 1519 11070 1524 1566 11071 1523 1540 11072 1525 1542 11073 1524 1566 11074 1499 1519 11075 1526 1543 11076 1525 1542 11077 1500 1520 11078 1502 1523 11079 1527 1544 11080 1526 1543 11081 1503 1524 11082 1528 1569 11083 1527 1544 11084 1529 1545 11085 1528 1569 11086 1503 1524 11087 1505 1525 11088 1507 1547 11089 1529 1545 11090 1507 1547 11091 1530 1574 11092 1531 1548 11093 1532 1549 11094 1530 1574 11095 1507 1547 11096 1533 1550 11097 1532 1549 11098 1506 1527 11099 1509 1529 11100 1534 1552 11101 1533 1550 11102 1510 1551 11103 1535 1577 11104 1534 1552 11105 1536 1553 11106 1535 1577 11107 1510 1551 11108 1512 1554 11109 1537 1580 11110 1536 1553 11111 1538 1555 11112 1537 1580 11113 1512 1554 11114 1539 1556 11115 1538 1555 11116 1513 1532 11117 1515 1534 11118 1540 1558 11119 1539 1556 11120 1516 1557 11121 1541 1583 11122 1540 1558 11123 1542 1559 11124 1541 1583 11125 1516 1557 11126 1518 1560 11127 1543 1586 11128 1542 1559 11129 1544 1561 11130 1543 1586 11131 1518 1560 11132 1545 1562 11133 1544 1561 11134 1519 1537 11135 1521 1539 11136 1546 1564 11137 1545 1562 11138 1522 1563 11139 1547 1589 11140 1546 1564 11141 1548 1565 11142 1547 1589 11143 1522 1563 11144 1524 1566 11145 1549 1592 11146 1548 1565 11147 1550 1567 11148 1549 1592 11149 1524 1566 11150 1551 1568 11151 1550 1567 11152 1525 1542 11153 1527 1544 11154 1552 1570 11155 1551 1568 11156 1528 1569 11157 1553 1572 11158 1552 1570 11159 1531 1548 11160 1553 1572 11161 1528 1569 11162 1531 1548 11163 1554 1597 11164 1555 1571 11165 1556 1573 11166 1554 1597 11167 1531 1548 11168 1557 1575 11169 1556 1573 11170 1530 1574 11171 1533 1550 11172 1558 1600 11173 1557 1575 11174 1559 1576 11175 1558 1600 11176 1533 1550 11177 1535 1577 11178 1560 1578 11179 1559 1576 11180 1536 1553 11181 1561 1603 11182 1560 1578 11183 1562 1579 11184 1561 1603 11185 1536 1553 11186 1563 1581 11187 1562 1579 11188 1537 1580 11189 1539 1556 11190 1564 1606 11191 1563 1581 11192 1565 1582 11193 1564 1606 11194 1539 1556 11195 1541 1583 11196 1566 1584 11197 1565 1582 11198 1542 1559 11199 1567 1609 11200 1566 1584 11201 1568 1585 11202 1567 1609 11203 1542 1559 11204 1569 1587 11205 1568 1585 11206 1543 1586 11207 1545 1562 11208 1570 1612 11209 1569 1587 11210 1571 1588 11211 1570 1612 11212 1545 1562 11213 1547 1589 11214 1572 1590 11215 1571 1588 11216 1548 1565 11217 1573 1615 11218 1572 1590 11219 1574 1591 11220 1573 1615 11221 1548 1565 11222 1575 1593 11223 1574 1591 11224 1549 1592 11225 1551 1568 11226 1576 1618 11227 1575 1593 11228 1577 1594 11229 1576 1618 11230 1551 1568 11231 1553 1572 11232 1555 1571 11233 1577 1594 11234 1578 1595 11235 1579 1620 11236 1577 1594 11237 1580 1596 11238 1578 1595 11239 1555 1571 11240 1556 1573 11241 1581 1598 11242 1580 1596 11243 1557 1575 11244 1582 1623 11245 1581 1598 11246 1583 1599 11247 1582 1623 11248 1557 1575 11249 1559 1576 11250 1584 1627 11251 1583 1599 11252 1585 1601 11253 1584 1627 11254 1559 1576 11255 1586 1602 11256 1585 1601 11257 1560 1578 11258 1562 1579 11259 1587 1604 11260 1586 1602 11261 1563 1581 11262 1588 1629 11263 1587 1604 11264 1589 1605 11265 1588 1629 11266 1563 1581 11267 1565 1582 11268 1590 1633 11269 1589 1605 11270 1591 1607 11271 1590 1633 11272 1565 1582 11273 1592 1608 11274 1591 1607 11275 1566 1584 11276 1568 1585 11277 1593 1610 11278 1592 1608 11279 1569 1587 11280 1594 1636 11281 1593 1610 11282 1595 1611 11283 1594 1636 11284 1569 1587 11285 1571 1588 11286 1596 1640 11287 1595 1611 11288 1597 1613 11289 1596 1640 11290 1571 1588 11291 1598 1614 11292 1597 1613 11293 1572 1590 11294 1574 1591 11295 1599 1616 11296 1598 1614 11297 1575 1593 11298 1600 1642 11299 1599 1616 11300 1601 1617 11301 1600 1642 11302 1575 1593 11303 1577 1594 11304 1579 1620 11305 1601 1617 11306 1602 1619 11307 1603 1646 11308 1601 1617 11309 1604 1621 11310 1602 1619 11311 1579 1620 11312 1605 1622 11313 1604 1621 11314 1578 1595 11315 1581 1598 11316 1606 1624 11317 1605 1622 11318 1582 1623 11319 1607 1625 11320 1606 1624 11321 1583 1599 11322 1608 1652 11323 1607 1625 11324 1609 1626 11325 1608 1652 11326 1583 1599 11327 1610 1628 11328 1609 1626 11329 1584 1627 11330 1611 871 11331 1610 1628 11332 1585 1601 11333 1587 1604 11334 1612 1630 11335 1611 871 11336 1588 1629 11337 1613 1631 11338 1612 1630 11339 1589 1605 11340 1614 1658 11341 1613 1631 11342 1615 1632 11343 1614 1658 11344 1589 1605 11345 1616 1634 11346 1615 1632 11347 1590 1633 11348 1617 1635 11349 1616 1634 11350 1591 1607 11351 1593 1610 11352 1618 1637 11353 1617 1635 11354 1594 1636 11355 1619 1638 11356 1618 1637 11357 1595 1611 11358 1620 1664 11359 1619 1638 11360 1621 1639 11361 1620 1664 11362 1595 1611 11363 1622 1641 11364 1621 1639 11365 1596 1640 11366 1623 1381 11367 1622 1641 11368 1597 1613 11369 1599 1616 11370 1624 1643 11371 1623 1381 11372 1600 1642 11373 1625 1644 11374 1624 1643 11375 1601 1617 11376 1603 1646 11377 1625 1644 11378 1626 1645 11379 1627 1668 11380 1625 1644 11381 1602 1619 11382 1628 1647 11383 1626 1645 11384 1604 1621 11385 1629 1648 11386 1628 1647 11387 1605 1622 11388 1630 1671 11389 1629 1648 11390 1631 1649 11391 1630 1671 11392 1605 1622 11393 1632 1650 11394 1631 1649 11395 1606 1624 11396 1633 1651 11397 1632 1650 11398 1607 1625 11399 1609 1626 11400 1634 1653 11401 1633 1651 11402 1610 1628 11403 1635 1654 11404 1634 1653 11405 1611 871 11406 1636 1676 11407 1635 1654 11408 1637 1655 11409 1636 1676 11410 1611 871 11411 1638 1656 11412 1637 1655 11413 1612 1630 11414 1639 1657 11415 1638 1656 11416 1613 1631 11417 1615 1632 11418 1640 1659 11419 1639 1657 11420 1616 1634 11421 1641 1660 11422 1640 1659 11423 1617 1635 11424 1642 1681 11425 1641 1660 11426 1643 1661 11427 1642 1681 11428 1617 1635 11429 1644 1662 11430 1643 1661 11431 1618 1637 11432 1645 1663 11433 1644 1662 11434 1619 1638 11435 1621 1639 11436 1646 1665 11437 1645 1663 11438 1622 1641 11439 1647 1666 11440 1646 1665 11441 1623 1381 11442 1648 1686 11443 1647 1666 11444 1649 1667 11445 1648 1686 11446 1623 1381 11447 1627 1668 11448 1649 1667 11449 1624 1643 11450 1650 1669 11451 1651 1688 11452 1649 1667 11453 1626 1645 11454 1652 1690 11455 1650 1669 11456 1653 1670 11457 1652 1690 11458 1626 1645 11459 1629 1648 11460 1654 1672 11461 1653 1670 11462 1630 1671 11463 1655 1691 11464 1654 1672 11465 1656 1673 11466 1655 1691 11467 1630 1671 11468 1657 1674 11469 1656 1673 11470 1631 1649 11471 1633 1651 11472 1658 1692 11473 1657 1674 11474 1659 1675 11475 1658 1692 11476 1633 1651 11477 1635 1654 11478 1660 1677 11479 1659 1675 11480 1636 1676 11481 1661 1693 11482 1660 1677 11483 1662 1678 11484 1661 1693 11485 1636 1676 11486 1663 1679 11487 1662 1678 11488 1637 1655 11489 1639 1657 11490 1664 1694 11491 1663 1679 11492 1665 1680 11493 1664 1694 11494 1639 1657 11495 1641 1660 11496 1666 1682 11497 1665 1680 11498 1642 1681 11499 1667 1695 11500 1666 1682 11501 1668 1683 11502 1667 1695 11503 1642 1681 11504 1669 1684 11505 1668 1683 11506 1643 1661 11507 1645 1663 11508 1670 1696 11509 1669 1684 11510 1671 1685 11511 1670 1696 11512 1645 1663 11513 1647 1666 11514 1672 1687 11515 1671 1685 11516 1648 1686 11517 1673 1689 11518 1672 1687 11519 1651 1688 11520 1673 1689 11521 1648 1686 11522 1651 1688 11523 1102 1130 11524 1098 1126 11525 1650 1669 11526 1104 1131 11527 1102 1130 11528 1106 1132 11529 1104 1131 11530 1650 1669 11531 1653 1670 11532 1108 1135 11533 1106 1132 11534 1110 1137 11535 1108 1135 11536 1653 1670 11537 1112 1138 11538 1110 1137 11539 1654 1672 11540 1656 1673 11541 1114 1140 11542 1112 1138 11543 1657 1674 11544 1116 1141 11545 1114 1140 11546 1118 1142 11547 1116 1141 11548 1657 1674 11549 1659 1675 11550 1120 1145 11551 1118 1142 11552 1122 1147 11553 1120 1145 11554 1659 1675 11555 1124 1148 11556 1122 1147 11557 1660 1677 11558 1662 1678 11559 1126 1150 11560 1124 1148 11561 1663 1679 11562 1128 1151 11563 1126 1150 11564 1130 1152 11565 1128 1151 11566 1663 1679 11567 1665 1680 11568 1132 1155 11569 1130 1152 11570 1134 1157 11571 1132 1155 11572 1665 1680 11573 1136 1158 11574 1134 1157 11575 1666 1682 11576 1668 1683 11577 1138 1160 11578 1136 1158 11579 1669 1684 11580 1140 1161 11581 1138 1160 11582 1142 1162 11583 1140 1161 11584 1669 1684 11585 1671 1685 11586 1144 1165 11587 1142 1162 11588 1101 1128 11589 1144 1165 11590 1671 1685 11591 1098 1126 11592 1101 1128 11593 1672 1687 11594 1675 1697 11595 1676 1701 11596 1677 1698 11597 1678 1700 11598 1679 1703 11599 1676 1701 11600 1680 1702 11601 1681 1705 11602 1679 1703 11603 1682 1704 11604 1683 1707 11605 1681 1705 11606 1684 1706 11607 1685 344 11608 1683 1707 11609 1674 1699 11610 1677 1698 11611 1685 344 11612 1687 1708 11613 1688 1743 11614 1689 1709 11615 1691 1711 11616 1687 1708 11617 1686 1710 11618 1693 1713 11619 1691 1711 11620 1690 1712 11621 1695 1715 11622 1693 1713 11623 1692 1714 11624 1697 1717 11625 1695 1715 11626 1694 1716 11627 1699 1719 11628 1697 1717 11629 1696 1718 11630 1701 1721 11631 1699 1719 11632 1698 1720 11633 1703 1723 11634 1701 1721 11635 1700 1722 11636 1705 1725 11637 1703 1723 11638 1702 1724 11639 1707 1727 11640 1705 1725 11641 1704 1726 11642 1709 1729 11643 1707 1727 11644 1706 1728 11645 1711 1731 11646 1709 1729 11647 1708 1730 11648 1713 1733 11649 1711 1731 11650 1710 1732 11651 1715 1735 11652 1713 1733 11653 1712 1734 11654 1717 1737 11655 1715 1735 11656 1714 1736 11657 1719 1739 11658 1717 1737 11659 1716 1738 11660 1721 1741 11661 1719 1739 11662 1718 1740 11663 1688 1743 11664 1721 1741 11665 1720 1742 11666 1722 1744 11667 1723 1761 11668 1721 1741 11669 1725 1745 11670 1723 1761 11671 1722 1744 11672 1725 1745 11673 1724 1746 11674 1713 1733 11675 1724 1746 11676 1726 1747 11677 1711 1731 11678 1727 1748 11679 1726 1747 11680 1722 1744 11681 1726 1747 11682 1727 1748 11683 1709 1729 11684 1729 1750 11685 1707 1727 11686 1709 1729 11687 1730 1751 11688 1729 1750 11689 1727 1748 11690 1728 1749 11691 1687 1708 11692 1691 1711 11693 1722 1744 11694 1688 1743 11695 1687 1708 11696 1731 1752 11697 1730 1751 11698 1691 1711 11699 1730 1751 11700 1731 1752 11701 1732 1753 11702 1733 1754 11703 1734 1757 11704 1732 1753 11705 1731 1752 11706 1693 1713 11707 1695 1715 11708 1735 1755 11709 1733 1754 11710 1695 1715 11711 1733 1754 11712 1735 1755 11713 1736 1756 11714 1737 1758 11715 1699 1719 11716 1701 1721 11717 1737 1758 11718 1735 1755 11719 1697 1717 11720 1736 1756 11721 1701 1721 11722 1703 1723 11723 1732 1753 11724 1734 1757 11725 1703 1723 11726 1732 1753 11727 1705 1725 11728 1707 1727 11729 1738 1759 11730 1725 1745 11731 1715 1735 11732 1739 1760 11733 1723 1761 11734 1725 1745 11735 1739 1760 11736 1719 1739 11737 1721 1741 11738 1738 1759 11739 1717 1737 11740 1719 1739 11741 1741 1762 11742 1742 1824 11743 1743 1763 11744 1745 1764 11745 1741 1762 11746 1740 100 11747 1747 1765 11748 1745 1764 11749 1744 1766 11750 1749 1768 11751 1747 1765 11752 1746 1767 11753 1751 1770 11754 1749 1768 11755 1748 108 11756 1753 1772 11757 1751 1770 11758 1750 1771 11759 1755 1774 11760 1753 1772 11761 1752 1773 11762 1757 1776 11763 1755 1774 11764 1754 1775 11765 1759 1778 11766 1757 1776 11767 1756 1777 11768 1761 1780 11769 1759 1778 11770 1758 1779 11771 1763 1782 11772 1761 1780 11773 1760 1781 11774 1765 1784 11775 1763 1782 11776 1762 1783 11777 1767 1786 11778 1765 1784 11779 1764 1785 11780 1769 1788 11781 1767 1786 11782 1766 1787 11783 1771 1790 11784 1769 1788 11785 1768 1789 11786 1773 1792 11787 1771 1790 11788 1770 1791 11789 1775 1794 11790 1773 1792 11791 1772 1793 11792 1777 1796 11793 1775 1794 11794 1774 1795 11795 1779 1798 11796 1777 1796 11797 1776 1797 11798 1781 1800 11799 1779 1798 11800 1778 1799 11801 1783 1802 11802 1781 1800 11803 1780 1801 11804 1785 1804 11805 1783 1802 11806 1782 1803 11807 1787 1806 11808 1785 1804 11809 1784 1805 11810 1789 1808 11811 1787 1806 11812 1786 1807 11813 1791 1810 11814 1789 1808 11815 1788 1809 11816 1793 1812 11817 1791 1810 11818 1790 1811 11819 1795 1814 11820 1793 1812 11821 1792 1813 11822 1797 1816 11823 1795 1814 11824 1794 1815 11825 1799 1818 11826 1797 1816 11827 1796 1817 11828 1801 1820 11829 1799 1818 11830 1798 1819 11831 1803 1822 11832 1801 1820 11833 1800 1821 11834 1742 1824 11835 1803 1822 11836 1802 1823 11837 1805 1825 11838 1803 1822 11839 1742 1824 11840 1807 1827 11841 1805 1825 11842 1804 1826 11843 1807 1827 11844 1806 1828 11845 1789 1808 11846 1806 1828 11847 1808 1831 11848 1787 1806 11849 1809 1829 11850 1808 1831 11851 1806 1828 11852 1804 1826 11853 1742 1824 11854 1741 1762 11855 1809 1829 11856 1741 1762 11857 1745 1764 11858 1811 1832 11859 1785 1804 11860 1787 1806 11861 1811 1832 11862 1812 1833 11863 1783 1802 11864 1813 1834 11865 1781 1800 11866 1783 1802 11867 1813 1834 11868 1814 1835 11869 1779 1798 11870 1814 1835 11871 1810 1830 11872 1816 1836 11873 1814 1835 11874 1815 1837 11875 1777 1796 11876 1817 1838 11877 1775 1794 11878 1777 1796 11879 1816 1836 11880 1747 1765 11881 1749 1768 11882 1816 1836 11883 1810 1830 11884 1745 1764 11885 1819 1840 11886 1818 1839 11887 1749 1768 11888 1820 1841 11889 1821 1842 11890 1818 1839 11891 1820 1841 11892 1767 1786 11893 1769 1788 11894 1822 1843 11895 1765 1784 11896 1767 1786 11897 1823 1844 11898 1822 1843 11899 1820 1841 11900 1823 1844 11901 1819 1840 11902 1751 1770 11903 1823 1844 11904 1753 1772 11905 1755 1774 11906 1824 1845 11907 1825 1847 11908 1822 1843 11909 1826 1846 11910 1827 1849 11911 1825 1847 11912 1826 1846 11913 1824 1845 11914 1755 1774 11915 1826 1846 11916 1757 1776 11917 1759 1778 11918 1827 1849 11919 1828 1848 11920 1759 1778 11921 1827 1849 11922 1761 1780 11923 1763 1782 11924 1822 1843 11925 1825 1847 11926 1763 1782 11927 1829 1850 11928 1821 1842 11929 1769 1788 11930 1829 1850 11931 1771 1790 11932 1773 1792 11933 1817 1838 11934 1830 1851 11935 1773 1792 11936 1807 1827 11937 1791 1810 11938 1793 1812 11939 1831 1852 11940 1832 1854 11941 1805 1825 11942 1831 1852 11943 1833 1855 11944 1834 1853 11945 1833 1855 11946 1831 1852 11947 1793 1812 11948 1833 1855 11949 1795 1814 11950 1797 1816 11951 1834 1853 11952 1835 1856 11953 1797 1816 11954 1834 1853 11955 1799 1818 11956 1801 1820 11957 1805 1825 11958 1832 1854 11959 1801 1820 11960 1837 1857 11961 1838 1917 11962 1839 1858 11963 1841 1859 11964 1837 1857 11965 1836 100 11966 1843 1860 11967 1841 1859 11968 1840 1861 11969 1845 1863 11970 1843 1860 11971 1842 1862 11972 1847 1865 11973 1845 1863 11974 1844 108 11975 1849 1867 11976 1847 1865 11977 1846 1866 11978 1851 1869 11979 1849 1867 11980 1848 1868 11981 1853 1871 11982 1851 1869 11983 1850 1870 11984 1855 1873 11985 1853 1871 11986 1852 1872 11987 1857 1875 11988 1855 1873 11989 1854 1874 11990 1859 1877 11991 1857 1875 11992 1856 1876 11993 1861 1879 11994 1859 1877 11995 1858 1878 11996 1863 1881 11997 1861 1879 11998 1860 1880 11999 1865 1883 12000 1863 1881 12001 1862 1882 12002 1867 1885 12003 1865 1883 12004 1864 1884 12005 1869 1887 12006 1867 1885 12007 1866 1886 12008 1871 1889 12009 1869 1887 12010 1868 1888 12011 1873 1891 12012 1871 1889 12013 1870 1890 12014 1875 1892 12015 1873 1891 12016 1872 1797 12017 1877 1894 12018 1875 1892 12019 1874 1893 12020 1879 1896 12021 1877 1894 12022 1876 1895 12023 1881 1898 12024 1879 1896 12025 1878 1897 12026 1883 1900 12027 1881 1898 12028 1880 1899 12029 1885 1902 12030 1883 1900 12031 1882 1901 12032 1887 1904 12033 1885 1902 12034 1884 1903 12035 1889 1906 12036 1887 1904 12037 1886 1905 12038 1891 1908 12039 1889 1906 12040 1888 1907 12041 1893 1909 12042 1891 1908 12043 1890 1080 12044 1895 1911 12045 1893 1909 12046 1892 1910 12047 1897 1913 12048 1895 1911 12049 1894 1912 12050 1899 1915 12051 1897 1913 12052 1896 1914 12053 1838 1917 12054 1899 1915 12055 1898 1916 12056 1901 1918 12057 1899 1915 12058 1838 1917 12059 1903 1920 12060 1901 1918 12061 1900 1919 12062 1903 1920 12063 1902 1921 12064 1885 1902 12065 1904 1922 12066 1883 1900 12067 1885 1902 12068 1902 1921 12069 1905 1924 12070 1906 1923 12071 1900 1919 12072 1838 1917 12073 1837 1857 12074 1905 1924 12075 1837 1857 12076 1841 1859 12077 1907 1925 12078 1906 1923 12079 1841 1859 12080 1909 1926 12081 1906 1923 12082 1907 1925 12083 1909 1926 12084 1908 1927 12085 1873 1891 12086 1910 1928 12087 1871 1889 12088 1873 1891 12089 1907 1925 12090 1843 1860 12091 1845 1863 12092 1912 1930 12093 1911 1929 12094 1845 1863 12095 1913 1931 12096 1914 1932 12097 1911 1929 12098 1913 1931 12099 1863 1881 12100 1865 1883 12101 1915 1933 12102 1861 1879 12103 1863 1881 12104 1916 1934 12105 1915 1933 12106 1913 1931 12107 1916 1934 12108 1912 1930 12109 1847 1865 12110 1916 1934 12111 1849 1867 12112 1851 1869 12113 1917 1935 12114 1918 1937 12115 1915 1933 12116 1919 1936 12117 1920 1939 12118 1918 1937 12119 1919 1936 12120 1917 1935 12121 1851 1869 12122 1919 1936 12123 1853 1871 12124 1855 1873 12125 1920 1939 12126 1921 1938 12127 1855 1873 12128 1920 1939 12129 1857 1875 12130 1859 1877 12131 1915 1933 12132 1918 1937 12133 1859 1877 12134 1922 1940 12135 1914 1932 12136 1865 1883 12137 1922 1940 12138 1867 1885 12139 1869 1887 12140 1910 1928 12141 1923 1941 12142 1869 1887 12143 1924 1942 12144 1909 1926 12145 1875 1892 12146 1924 1942 12147 1877 1894 12148 1879 1896 12149 1926 1944 12150 1925 1943 12151 1879 1896 12152 1926 1944 12153 1881 1898 12154 1883 1900 12155 1903 1920 12156 1887 1904 12157 1889 1906 12158 1927 1945 12159 1928 1947 12160 1901 1918 12161 1927 1945 12162 1929 1948 12163 1930 1946 12164 1929 1948 12165 1927 1945 12166 1889 1906 12167 1929 1948 12168 1891 1908 12169 1893 1909 12170 1930 1946 12171 1931 1949 12172 1893 1909 12173 1930 1946 12174 1895 1911 12175 1897 1913 12176 1901 1918 12177 1928 1947 12178 1897 1913 12179 1933 1950 12180 1934 1954 12181 1935 1951 12182 1936 1953 12183 1937 1956 12184 1934 1954 12185 1938 1955 12186 1939 8 12187 1937 1956 12188 1940 1957 12189 1941 1959 12190 1939 8 12191 1942 1958 12192 1943 1960 12193 1941 1959 12194 1932 1952 12195 1935 1951 12196 1943 1960 12197 1945 1961 12198 1946 1995 12199 1947 1962 12200 1949 1964 12201 1945 1961 12202 1944 1963 12203 1951 1966 12204 1949 1964 12205 1948 1965 12206 1953 1968 12207 1951 1966 12208 1950 1967 12209 1955 1970 12210 1953 1968 12211 1952 1969 12212 1957 1971 12213 1955 1970 12214 1954 1815 12215 1959 1972 12216 1957 1971 12217 1956 1817 12218 1961 1974 12219 1959 1972 12220 1958 1973 12221 1963 1976 12222 1961 1974 12223 1960 1975 12224 1965 1978 12225 1963 1976 12226 1962 1977 12227 1967 1980 12228 1965 1978 12229 1964 1979 12230 1969 1981 12231 1967 1980 12232 1966 100 12233 1971 1983 12234 1969 1981 12235 1968 1982 12236 1973 1985 12237 1971 1983 12238 1970 1984 12239 1975 1987 12240 1973 1985 12241 1972 1986 12242 1977 1989 12243 1975 1987 12244 1974 1988 12245 1979 1991 12246 1977 1989 12247 1976 1990 12248 1981 1993 12249 1979 1991 12250 1978 1992 12251 1946 1995 12252 1981 1993 12253 1980 1994 12254 1982 1996 12255 1983 2013 12256 1981 1993 12257 1985 1997 12258 1983 2013 12259 1982 1996 12260 1985 1997 12261 1984 1998 12262 1971 1983 12263 1984 1998 12264 1986 1999 12265 1969 1981 12266 1986 1999 12267 1982 1996 12268 1988 2000 12269 1986 1999 12270 1987 2001 12271 1967 1980 12272 1989 2002 12273 1965 1978 12274 1967 1980 12275 1987 2001 12276 1988 2000 12277 1990 2003 12278 1988 2000 12279 1945 1961 12280 1949 1964 12281 1982 1996 12282 1946 1995 12283 1945 1961 12284 1991 2004 12285 1990 2003 12286 1949 1964 12287 1990 2003 12288 1991 2004 12289 1992 2005 12290 1991 2004 12291 1993 2007 12292 1994 2006 12293 1991 2004 12294 1951 1966 12295 1953 1968 12296 1995 2008 12297 1993 2007 12298 1953 1968 12299 1995 2008 12300 1996 2010 12301 1994 2006 12302 1996 2010 12303 1997 2009 12304 1957 1971 12305 1995 2008 12306 1955 1970 12307 1957 1971 12308 1996 2010 12309 1959 1972 12310 1961 1974 12311 1992 2005 12312 1994 2006 12313 1961 1974 12314 1992 2005 12315 1963 1976 12316 1965 1978 12317 1985 1997 12318 1973 1985 12319 1975 1987 12320 1985 1997 12321 1998 2011 12322 1999 2012 12323 2000 2014 12324 1977 1989 12325 1979 1991 12326 1998 2011 12327 1975 1987 12328 1977 1989 12329 1983 2013 12330 1999 2012 12331 1979 1991 12332 2002 2015 12333 2003 2050 12334 2004 2016 12335 2006 2018 12336 2002 2015 12337 2001 2017 12338 2008 2020 12339 2006 2018 12340 2005 2019 12341 2010 2022 12342 2008 2020 12343 2007 2021 12344 2012 2024 12345 2010 2022 12346 2009 2023 12347 2014 2026 12348 2012 2024 12349 2011 2025 12350 2016 2028 12351 2014 2026 12352 2013 2027 12353 2018 2030 12354 2016 2028 12355 2015 2029 12356 2020 2032 12357 2018 2030 12358 2017 2031 12359 2022 2034 12360 2020 2032 12361 2019 2033 12362 2024 2036 12363 2022 2034 12364 2021 2035 12365 2026 2038 12366 2024 2036 12367 2023 2037 12368 2028 2040 12369 2026 2038 12370 2025 2039 12371 2030 2042 12372 2028 2040 12373 2027 2041 12374 2032 2044 12375 2030 2042 12376 2029 2043 12377 2034 2046 12378 2032 2044 12379 2031 2045 12380 2036 2048 12381 2034 2046 12382 2033 2047 12383 2003 2050 12384 2036 2048 12385 2035 2049 12386 2037 2051 12387 2038 2053 12388 2036 2048 12389 2039 2052 12390 2040 2054 12391 2038 2053 12392 2039 2052 12393 2026 2038 12394 2028 2040 12395 2039 2052 12396 2041 2056 12397 2024 2036 12398 2039 2052 12399 2037 2051 12400 2042 2055 12401 2037 2051 12402 2003 2050 12403 2002 2015 12404 2042 2055 12405 2002 2015 12406 2006 2018 12407 2041 2056 12408 2042 2055 12409 2043 2057 12410 2044 2058 12411 2022 2034 12412 2024 2036 12413 2045 2059 12414 2020 2032 12415 2022 2034 12416 2046 2060 12417 2045 2059 12418 2044 2058 12419 2046 2060 12420 2043 2057 12421 2006 2018 12422 2046 2060 12423 2008 2020 12424 2010 2022 12425 2047 2061 12426 2048 2063 12427 2045 2059 12428 2049 2062 12429 2050 2065 12430 2048 2063 12431 2049 2062 12432 2047 2061 12433 2010 2022 12434 2049 2062 12435 2012 2024 12436 2014 2026 12437 2050 2065 12438 2051 2064 12439 2014 2026 12440 2050 2065 12441 2016 2028 12442 2018 2030 12443 2045 2059 12444 2048 2063 12445 2018 2030 12446 2052 2066 12447 2040 2054 12448 2028 2040 12449 2040 2054 12450 2052 2066 12451 2053 2067 12452 2053 2067 12453 2054 2068 12454 2032 2044 12455 2052 2066 12456 2030 2042 12457 2032 2044 12458 2053 2067 12459 2034 2046 12460 2036 2048 12461 2055 2069 12462 2056 2115 12463 2057 2070 12464 2060 2072 12465 2056 2115 12466 2055 2069 12467 2062 2074 12468 2060 2072 12469 2059 2073 12470 2064 2076 12471 2062 2074 12472 2061 2075 12473 2065 2078 12474 2066 2080 12475 2064 2076 12476 2067 2079 12477 2068 2082 12478 2066 2080 12479 2069 2081 12480 2070 2120 12481 2068 2082 12482 2072 2083 12483 2070 2120 12484 2069 2081 12485 2074 2085 12486 2072 2083 12487 2071 2084 12488 2076 2087 12489 2074 2085 12490 2073 2086 12491 2077 2089 12492 2078 2091 12493 2076 2087 12494 2079 2090 12495 2080 2093 12496 2078 2091 12497 2081 2092 12498 2082 2125 12499 2080 2093 12500 2084 2094 12501 2082 2125 12502 2081 2092 12503 2086 2096 12504 2084 2094 12505 2083 2095 12506 2088 2098 12507 2086 2096 12508 2085 2097 12509 2089 2100 12510 2090 2102 12511 2088 2098 12512 2091 2101 12513 2092 2104 12514 2090 2102 12515 2093 2103 12516 2094 2130 12517 2092 2104 12518 2096 2105 12519 2094 2130 12520 2093 2103 12521 2098 2107 12522 2096 2105 12523 2095 2106 12524 2100 2109 12525 2098 2107 12526 2097 2108 12527 2101 2111 12528 2102 2112 12529 2100 2109 12530 2058 2071 12531 2057 2070 12532 2102 2112 12533 2103 2113 12534 2104 2133 12535 2102 2112 12536 2105 2114 12537 2103 2113 12538 2057 2070 12539 2060 2072 12540 2106 2116 12541 2105 2114 12542 2062 2074 12543 2107 2139 12544 2106 2116 12545 2108 2117 12546 2107 2139 12547 2062 2074 12548 2066 2080 12549 2109 2141 12550 2108 2117 12551 2110 2118 12552 2109 2141 12553 2066 2080 12554 2111 2119 12555 2110 2118 12556 2068 2082 12557 2072 2083 12558 2112 2121 12559 2111 2119 12560 2074 2085 12561 2113 2146 12562 2112 2121 12563 2114 2122 12564 2113 2146 12565 2074 2085 12566 2078 2091 12567 2115 2148 12568 2114 2122 12569 2116 2123 12570 2115 2148 12571 2078 2091 12572 2117 2124 12573 2116 2123 12574 2080 2093 12575 2084 2094 12576 2118 2126 12577 2117 2124 12578 2086 2096 12579 2119 2153 12580 2118 2126 12581 2120 2127 12582 2119 2153 12583 2086 2096 12584 2090 2102 12585 2121 2155 12586 2120 2127 12587 2122 2128 12588 2121 2155 12589 2090 2102 12590 2123 2129 12591 2122 2128 12592 2092 2104 12593 2096 2105 12594 2124 2131 12595 2123 2129 12596 2098 2107 12597 2125 2160 12598 2124 2131 12599 2126 2132 12600 2125 2160 12601 2098 2107 12602 2102 2112 12603 2104 2133 12604 2126 2132 12605 2104 2133 12606 2127 2135 12607 2128 2134 12608 2103 2113 12609 2129 2136 12610 2127 2135 12611 2105 2114 12612 2130 2164 12613 2129 2136 12614 2131 2137 12615 2130 2164 12616 2105 2114 12617 2132 2138 12618 2131 2137 12619 2106 2116 12620 2133 2140 12621 2132 2138 12622 2107 2139 12623 2109 2141 12624 2134 2142 12625 2133 2140 12626 2110 2118 12627 2135 2143 12628 2134 2142 12629 2111 2119 12630 2136 2169 12631 2135 2143 12632 2137 2144 12633 2136 2169 12634 2111 2119 12635 2138 2145 12636 2137 2144 12637 2112 2121 12638 2139 2147 12639 2138 2145 12640 2113 2146 12641 2115 2148 12642 2140 2149 12643 2139 2147 12644 2116 2123 12645 2141 2150 12646 2140 2149 12647 2117 2124 12648 2142 2174 12649 2141 2150 12650 2143 2151 12651 2142 2174 12652 2117 2124 12653 2144 2152 12654 2143 2151 12655 2118 2126 12656 2145 2154 12657 2144 2152 12658 2119 2153 12659 2121 2155 12660 2146 2156 12661 2145 2154 12662 2122 2128 12663 2147 2157 12664 2146 2156 12665 2123 2129 12666 2148 2179 12667 2147 2157 12668 2149 2158 12669 2148 2179 12670 2123 2129 12671 2150 2159 12672 2149 2158 12673 2124 2131 12674 2128 2134 12675 2150 2159 12676 2125 2160 12677 2151 2161 12678 2152 2181 12679 2150 2159 12680 2127 2135 12681 2153 2184 12682 2151 2161 12683 2154 2162 12684 2153 2184 12685 2127 2135 12686 2155 2163 12687 2154 2162 12688 2129 2136 12689 2131 2137 12690 2156 2165 12691 2155 2163 12692 2132 2138 12693 2157 2187 12694 2156 2165 12695 2158 2166 12696 2157 2187 12697 2132 2138 12698 2134 2142 12699 2159 2190 12700 2158 2166 12701 2160 2167 12702 2159 2190 12703 2134 2142 12704 2161 2168 12705 2160 2167 12706 2135 2143 12707 2137 2144 12708 2162 2170 12709 2161 2168 12710 2138 2145 12711 2163 2193 12712 2162 2170 12713 2164 2171 12714 2163 2193 12715 2138 2145 12716 2140 2149 12717 2165 2196 12718 2164 2171 12719 2166 2172 12720 2165 2196 12721 2140 2149 12722 2167 2173 12723 2166 2172 12724 2141 2150 12725 2143 2151 12726 2168 2175 12727 2167 2173 12728 2144 2152 12729 2169 2199 12730 2168 2175 12731 2170 2176 12732 2169 2199 12733 2144 2152 12734 2146 2156 12735 2171 2202 12736 2170 2176 12737 2172 2177 12738 2171 2202 12739 2146 2156 12740 2173 2178 12741 2172 2177 12742 2147 2157 12743 2149 2158 12744 2174 2180 12745 2173 2178 12746 2150 2159 12747 2152 2181 12748 2174 2180 12749 2152 2181 12750 2175 2207 12751 2176 2182 12752 2177 2183 12753 2175 2207 12754 2152 2181 12755 2153 2184 12756 2178 2209 12757 2177 2183 12758 2179 2185 12759 2178 2209 12760 2153 2184 12761 2180 2186 12762 2179 2185 12763 2154 2162 12764 2156 2165 12765 2181 2188 12766 2180 2186 12767 2157 2187 12768 2182 2214 12769 2181 2188 12770 2183 2189 12771 2182 2214 12772 2157 2187 12773 2159 2190 12774 2184 2216 12775 2183 2189 12776 2185 2191 12777 2184 2216 12778 2159 2190 12779 2186 2192 12780 2185 2191 12781 2160 2167 12782 2162 2170 12783 2187 2194 12784 2186 2192 12785 2163 2193 12786 2188 2221 12787 2187 2194 12788 2189 2195 12789 2188 2221 12790 2163 2193 12791 2165 2196 12792 2190 2223 12793 2189 2195 12794 2191 2197 12795 2190 2223 12796 2165 2196 12797 2192 2198 12798 2191 2197 12799 2166 2172 12800 2168 2175 12801 2193 2200 12802 2192 2198 12803 2169 2199 12804 2194 2228 12805 2193 2200 12806 2195 2201 12807 2194 2228 12808 2169 2199 12809 2171 2202 12810 2196 2230 12811 2195 2201 12812 2197 2203 12813 2196 2230 12814 2171 2202 12815 2198 2204 12816 2197 2203 12817 2172 2177 12818 2174 2180 12819 2176 2182 12820 2198 2204 12821 2199 2205 12822 2200 2233 12823 2198 2204 12824 2201 2206 12825 2199 2205 12826 2176 2182 12827 2202 2208 12828 2201 2206 12829 2175 2207 12830 2178 2209 12831 2203 2210 12832 2202 2208 12833 2179 2185 12834 2204 2211 12835 2203 2210 12836 2180 2186 12837 2205 2238 12838 2204 2211 12839 2206 2212 12840 2205 2238 12841 2180 2186 12842 2207 2213 12843 2206 2212 12844 2181 2188 12845 2208 2215 12846 2207 2213 12847 2182 2214 12848 2184 2216 12849 2209 2217 12850 2208 2215 12851 2185 2191 12852 2210 2218 12853 2209 2217 12854 2186 2192 12855 2211 2243 12856 2210 2218 12857 2212 2219 12858 2211 2243 12859 2186 2192 12860 2213 2220 12861 2212 2219 12862 2187 2194 12863 2214 2222 12864 2213 2220 12865 2188 2221 12866 2190 2223 12867 2215 2224 12868 2214 2222 12869 2191 2197 12870 2216 2225 12871 2215 2224 12872 2192 2198 12873 2217 2248 12874 2216 2225 12875 2218 2226 12876 2217 2248 12877 2192 2198 12878 2219 2227 12879 2218 2226 12880 2193 2200 12881 2220 2229 12882 2219 2227 12883 2194 2228 12884 2196 2230 12885 2221 2231 12886 2220 2229 12887 2197 2203 12888 2222 2232 12889 2221 2231 12890 2198 2204 12891 2200 2233 12892 2222 2232 12893 2200 2233 12894 2223 2255 12895 2224 2234 12896 2225 2235 12897 2223 2255 12898 2200 2233 12899 2226 2236 12900 2225 2235 12901 2199 2205 12902 2202 2208 12903 2227 2257 12904 2226 2236 12905 2228 2237 12906 2227 2257 12907 2202 2208 12908 2204 2211 12909 2229 2239 12910 2228 2237 12911 2205 2238 12912 2230 2262 12913 2229 2239 12914 2231 2240 12915 2230 2262 12916 2205 2238 12917 2232 2241 12918 2231 2240 12919 2206 2212 12920 2208 2215 12921 2233 2264 12922 2232 2241 12923 2234 2242 12924 2233 2264 12925 2208 2215 12926 2210 2218 12927 2235 2244 12928 2234 2242 12929 2211 2243 12930 2236 2269 12931 2235 2244 12932 2237 2245 12933 2236 2269 12934 2211 2243 12935 2238 2246 12936 2237 2245 12937 2212 2219 12938 2214 2222 12939 2239 2271 12940 2238 2246 12941 2240 2247 12942 2239 2271 12943 2214 2222 12944 2216 2225 12945 2241 2249 12946 2240 2247 12947 2217 2248 12948 2242 2276 12949 2241 2249 12950 2243 2250 12951 2242 2276 12952 2217 2248 12953 2244 2251 12954 2243 2250 12955 2218 2226 12956 2220 2229 12957 2245 2278 12958 2244 2251 12959 2246 2252 12960 2245 2278 12961 2220 2229 12962 2222 2232 12963 2224 2234 12964 2246 2252 12965 2247 2253 12966 2248 2280 12967 2246 2252 12968 2249 2254 12969 2247 2253 12970 2224 2234 12971 2225 2235 12972 2250 2256 12973 2249 2254 12974 2226 2236 12975 2251 2258 12976 2250 2256 12977 2227 2257 12978 2252 2288 12979 2251 2258 12980 2253 2259 12981 2252 2288 12982 2227 2257 12983 2254 2260 12984 2253 2259 12985 2228 2237 12986 2255 2261 12987 2254 2260 12988 2229 2239 12989 2231 2240 12990 2256 2263 12991 2255 2261 12992 2232 2241 12993 2257 2265 12994 2256 2263 12995 2233 2264 12996 2258 2294 12997 2257 2265 12998 2259 2266 12999 2258 2294 13000 2233 2264 13001 2260 2267 13002 2259 2266 13003 2234 2242 13004 2261 2268 13005 2260 2267 13006 2235 2244 13007 2237 2245 13008 2262 2270 13009 2261 2268 13010 2238 2246 13011 2263 2272 13012 2262 2270 13013 2239 2271 13014 2264 2300 13015 2263 2272 13016 2265 2273 13017 2264 2300 13018 2239 2271 13019 2266 2274 13020 2265 2273 13021 2240 2247 13022 2267 2275 13023 2266 2274 13024 2241 2249 13025 2243 2250 13026 2268 2277 13027 2267 2275 13028 2244 2251 13029 2269 2279 13030 2268 2277 13031 2245 2278 13032 2270 2282 13033 2269 2279 13034 2248 2280 13035 2270 2282 13036 2245 2278 13037 2248 2280 13038 2271 2283 13039 2272 2281 13040 2247 2253 13041 2273 2284 13042 2271 2283 13043 2249 2254 13044 2274 2309 13045 2273 2284 13046 2275 2285 13047 2274 2309 13048 2249 2254 13049 2276 2286 13050 2275 2285 13051 2250 2256 13052 2277 2287 13053 2276 2286 13054 2251 2258 13055 2253 2259 13056 2278 2289 13057 2277 2287 13058 2254 2260 13059 2279 2290 13060 2278 2289 13061 2255 2261 13062 2280 871 13063 2279 2290 13064 2281 2291 13065 2280 871 13066 2255 2261 13067 2282 2292 13068 2281 2291 13069 2256 2263 13070 2283 2293 13071 2282 2292 13072 2257 2265 13073 2259 2266 13074 2284 2295 13075 2283 2293 13076 2260 2267 13077 2285 2296 13078 2284 2295 13079 2261 2268 13080 2286 2320 13081 2285 2296 13082 2287 2297 13083 2286 2320 13084 2261 2268 13085 2288 2298 13086 2287 2297 13087 2262 2270 13088 2289 2299 13089 2288 2298 13090 2263 2272 13091 2265 2273 13092 2290 2301 13093 2289 2299 13094 2266 2274 13095 2291 2302 13096 2290 2301 13097 2267 2275 13098 2292 1381 13099 2291 2302 13100 2293 2303 13101 2292 1381 13102 2267 2275 13103 2294 2304 13104 2293 2303 13105 2268 2277 13106 2272 2281 13107 2294 2304 13108 2269 2279 13109 2272 2281 13110 2295 2329 13111 2296 2305 13112 2297 2306 13113 2295 2329 13114 2272 2281 13115 2298 2307 13116 2297 2306 13117 2271 2283 13118 2299 2308 13119 2298 2307 13120 2273 2284 13121 2275 2285 13122 2300 2310 13123 2299 2308 13124 2276 2286 13125 2301 2311 13126 2300 2310 13127 2277 2287 13128 2302 2335 13129 2301 2311 13130 2303 2312 13131 2302 2335 13132 2277 2287 13133 2304 2313 13134 2303 2312 13135 2278 2289 13136 2305 2314 13137 2304 2313 13138 2279 2290 13139 2281 2291 13140 2306 2315 13141 2305 2314 13142 2282 2292 13143 2307 2316 13144 2306 2315 13145 2283 2293 13146 2308 2341 13147 2307 2316 13148 2309 2317 13149 2308 2341 13150 2283 2293 13151 2310 2318 13152 2309 2317 13153 2284 2295 13154 2311 2319 13155 2310 2318 13156 2285 2296 13157 2287 2297 13158 2312 2321 13159 2311 2319 13160 2288 2298 13161 2313 2322 13162 2312 2321 13163 2289 2299 13164 2314 2347 13165 2313 2322 13166 2315 2323 13167 2314 2347 13168 2289 2299 13169 2316 2324 13170 2315 2323 13171 2290 2301 13172 2317 2325 13173 2316 2324 13174 2291 2302 13175 2293 2303 13176 2318 2326 13177 2317 2325 13178 2294 2304 13179 2296 2305 13180 2318 2326 13181 2319 2327 13182 2320 2350 13183 2318 2326 13184 2321 2328 13185 2319 2327 13186 2296 2305 13187 2297 2306 13188 2322 2330 13189 2321 2328 13190 2298 2307 13191 2323 2331 13192 2322 2330 13193 2299 2308 13194 2324 2357 13195 2323 2331 13196 2325 2332 13197 2324 2357 13198 2299 2308 13199 2326 2333 13200 2325 2332 13201 2300 2310 13202 2327 2334 13203 2326 2333 13204 2301 2311 13205 2303 2312 13206 2328 2336 13207 2327 2334 13208 2304 2313 13209 2329 2337 13210 2328 2336 13211 2305 2314 13212 2330 2362 13213 2329 2337 13214 2331 2338 13215 2330 2362 13216 2305 2314 13217 2332 2339 13218 2331 2338 13219 2306 2315 13220 2333 2340 13221 2332 2339 13222 2307 2316 13223 2309 2317 13224 2334 2342 13225 2333 2340 13226 2310 2318 13227 2335 2343 13228 2334 2342 13229 2311 2319 13230 2336 2367 13231 2335 2343 13232 2337 2344 13233 2336 2367 13234 2311 2319 13235 2338 2345 13236 2337 2344 13237 2312 2321 13238 2339 2346 13239 2338 2345 13240 2313 2322 13241 2315 2323 13242 2340 2348 13243 2339 2346 13244 2316 2324 13245 2341 2349 13246 2340 2348 13247 2317 2325 13248 2342 2352 13249 2341 2349 13250 2320 2350 13251 2342 2352 13252 2317 2325 13253 2320 2350 13254 2343 2353 13255 2344 2351 13256 2319 2327 13257 2345 2372 13258 2343 2353 13259 2346 2354 13260 2345 2372 13261 2319 2327 13262 2322 2330 13263 2347 2376 13264 2346 2354 13265 2348 2355 13266 2347 2376 13267 2322 2330 13268 2349 2356 13269 2348 2355 13270 2323 2331 13271 2325 2332 13272 2350 2358 13273 2349 2356 13274 2326 2333 13275 2351 2379 13276 2350 2358 13277 2352 2359 13278 2351 2379 13279 2326 2333 13280 2328 2336 13281 2353 2383 13282 2352 2359 13283 2354 2360 13284 2353 2383 13285 2328 2336 13286 2355 2361 13287 2354 2360 13288 2329 2337 13289 2331 2338 13290 2356 2363 13291 2355 2361 13292 2332 2339 13293 2357 2386 13294 2356 2363 13295 2358 2364 13296 2357 2386 13297 2332 2339 13298 2334 2342 13299 2359 2390 13300 2358 2364 13301 2360 2365 13302 2359 2390 13303 2334 2342 13304 2361 2366 13305 2360 2365 13306 2335 2343 13307 2337 2344 13308 2362 2368 13309 2361 2366 13310 2338 2345 13311 2363 2393 13312 2362 2368 13313 2364 2369 13314 2363 2393 13315 2338 2345 13316 2340 2348 13317 2365 2397 13318 2364 2369 13319 2366 2370 13320 2365 2397 13321 2340 2348 13322 2344 2351 13323 2366 2370 13324 2341 2349 13325 2367 2371 13326 2368 2398 13327 2366 2370 13328 2343 2353 13329 2369 2373 13330 2367 2371 13331 2345 2372 13332 2370 2374 13333 2369 2373 13334 2346 2354 13335 2371 2403 13336 2370 2374 13337 2372 2375 13338 2371 2403 13339 2346 2354 13340 2373 2377 13341 2372 2375 13342 2347 2376 13343 2374 2378 13344 2373 2377 13345 2348 2355 13346 2350 2358 13347 2375 2380 13348 2374 2378 13349 2351 2379 13350 2376 2381 13351 2375 2380 13352 2352 2359 13353 2377 2408 13354 2376 2381 13355 2378 2382 13356 2377 2408 13357 2352 2359 13358 2379 2384 13359 2378 2382 13360 2353 2383 13361 2380 2385 13362 2379 2384 13363 2354 2360 13364 2356 2363 13365 2381 2387 13366 2380 2385 13367 2357 2386 13368 2382 2388 13369 2381 2387 13370 2358 2364 13371 2383 2413 13372 2382 2388 13373 2384 2389 13374 2383 2413 13375 2358 2364 13376 2385 2391 13377 2384 2389 13378 2359 2390 13379 2386 2392 13380 2385 2391 13381 2360 2365 13382 2362 2368 13383 2387 2394 13384 2386 2392 13385 2363 2393 13386 2388 2395 13387 2387 2394 13388 2364 2369 13389 2389 2418 13390 2388 2395 13391 2390 2396 13392 2389 2418 13393 2364 2369 13394 2368 2398 13395 2390 2396 13396 2365 2397 13397 2368 2398 13398 2391 2400 13399 2392 2399 13400 2367 2371 13401 2393 2421 13402 2391 2400 13403 2394 2401 13404 2393 2421 13405 2367 2371 13406 2395 2402 13407 2394 2401 13408 2369 2373 13409 2371 2403 13410 2396 2425 13411 2395 2402 13412 2397 2404 13413 2396 2425 13414 2371 2403 13415 2373 2377 13416 2398 2405 13417 2397 2404 13418 2374 2378 13419 2399 2427 13420 2398 2405 13421 2400 2406 13422 2399 2427 13423 2374 2378 13424 2401 2407 13425 2400 2406 13426 2375 2380 13427 2377 2408 13428 2402 2431 13429 2401 2407 13430 2403 2409 13431 2402 2431 13432 2377 2408 13433 2379 2384 13434 2404 2410 13435 2403 2409 13436 2380 2385 13437 2405 2433 13438 2404 2410 13439 2406 2411 13440 2405 2433 13441 2380 2385 13442 2407 2412 13443 2406 2411 13444 2381 2387 13445 2383 2413 13446 2408 2437 13447 2407 2412 13448 2409 2414 13449 2408 2437 13450 2383 2413 13451 2385 2391 13452 2410 2415 13453 2409 2414 13454 2386 2392 13455 2411 2439 13456 2410 2415 13457 2412 2416 13458 2411 2439 13459 2386 2392 13460 2413 2417 13461 2412 2416 13462 2387 2394 13463 2389 2418 13464 2414 2420 13465 2413 2417 13466 2392 2399 13467 2414 2420 13468 2389 2418 13469 2415 2419 13470 2416 2443 13471 2414 2420 13472 2391 2400 13473 2417 2422 13474 2415 2419 13475 2393 2421 13476 2418 2448 13477 2417 2422 13478 2419 2423 13479 2418 2448 13480 2393 2421 13481 2420 2424 13482 2419 2423 13483 2394 2401 13484 2396 2425 13485 2421 2450 13486 2420 2424 13487 2422 2426 13488 2421 2450 13489 2396 2425 13490 2398 2405 13491 2423 2428 13492 2422 2426 13493 2399 2427 13494 2424 2455 13495 2423 2428 13496 2425 2429 13497 2424 2455 13498 2399 2427 13499 2426 2430 13500 2425 2429 13501 2400 2406 13502 2402 2431 13503 2427 2457 13504 2426 2430 13505 2428 2432 13506 2427 2457 13507 2402 2431 13508 2404 2410 13509 2429 2434 13510 2428 2432 13511 2405 2433 13512 2430 2462 13513 2429 2434 13514 2431 2435 13515 2430 2462 13516 2405 2433 13517 2432 2436 13518 2431 2435 13519 2406 2411 13520 2408 2437 13521 2433 2464 13522 2432 2436 13523 2434 2438 13524 2433 2464 13525 2408 2437 13526 2410 2415 13527 2435 2440 13528 2434 2438 13529 2411 2439 13530 2436 2469 13531 2435 2440 13532 2437 2441 13533 2436 2469 13534 2411 2439 13535 2438 2442 13536 2437 2441 13537 2412 2416 13538 2414 2420 13539 2416 2443 13540 2438 2442 13541 2416 2443 13542 2439 2472 13543 2440 2444 13544 2441 2445 13545 2439 2472 13546 2416 2443 13547 2442 2446 13548 2441 2445 13549 2415 2419 13550 2443 2447 13551 2442 2446 13552 2417 2422 13553 2419 2423 13554 2444 2449 13555 2443 2447 13556 2420 2424 13557 2445 2451 13558 2444 2449 13559 2421 2450 13560 2446 2477 13561 2445 2451 13562 2447 2452 13563 2446 2477 13564 2421 2450 13565 2448 2453 13566 2447 2452 13567 2422 2426 13568 2449 2454 13569 2448 2453 13570 2423 2428 13571 2425 2429 13572 2450 2456 13573 2449 2454 13574 2426 2430 13575 2451 2458 13576 2450 2456 13577 2427 2457 13578 2452 2482 13579 2451 2458 13580 2453 2459 13581 2452 2482 13582 2427 2457 13583 2454 2460 13584 2453 2459 13585 2428 2432 13586 2455 2461 13587 2454 2460 13588 2429 2434 13589 2431 2435 13590 2456 2463 13591 2455 2461 13592 2432 2436 13593 2457 2465 13594 2456 2463 13595 2433 2464 13596 2458 2487 13597 2457 2465 13598 2459 2466 13599 2458 2487 13600 2433 2464 13601 2460 2467 13602 2459 2466 13603 2434 2438 13604 2461 2468 13605 2460 2467 13606 2435 2440 13607 2437 2441 13608 2462 2470 13609 2461 2468 13610 2438 2442 13611 2440 2444 13612 2462 2470 13613 2463 2471 13614 2464 2490 13615 2462 2470 13616 2439 2472 13617 2465 2494 13618 2463 2471 13619 2466 2473 13620 2465 2494 13621 2439 2472 13622 2442 2446 13623 2467 2474 13624 2466 2473 13625 2443 2447 13626 2468 2499 13627 2467 2474 13628 2469 2475 13629 2468 2499 13630 2443 2447 13631 2470 2476 13632 2469 2475 13633 2444 2449 13634 2446 2477 13635 2471 2501 13636 2470 2476 13637 2472 2478 13638 2471 2501 13639 2446 2477 13640 2448 2453 13641 2473 2479 13642 2472 2478 13643 2449 2454 13644 2474 2506 13645 2473 2479 13646 2475 2480 13647 2474 2506 13648 2449 2454 13649 2476 2481 13650 2475 2480 13651 2450 2456 13652 2452 2482 13653 2477 2508 13654 2476 2481 13655 2478 2483 13656 2477 2508 13657 2452 2482 13658 2454 2460 13659 2479 2484 13660 2478 2483 13661 2455 2461 13662 2480 2513 13663 2479 2484 13664 2481 2485 13665 2480 2513 13666 2455 2461 13667 2482 2486 13668 2481 2485 13669 2456 2463 13670 2458 2487 13671 2483 2515 13672 2482 2486 13673 2484 2488 13674 2483 2515 13675 2458 2487 13676 2460 2467 13677 2485 2489 13678 2484 2488 13679 2461 2468 13680 2486 2492 13681 2485 2489 13682 2464 2490 13683 2486 2492 13684 2461 2468 13685 2464 2490 13686 2487 2493 13687 2488 2491 13688 2463 2471 13689 2489 2495 13690 2487 2493 13691 2465 2494 13692 2490 2523 13693 2489 2495 13694 2491 2496 13695 2490 2523 13696 2465 2494 13697 2492 2497 13698 2491 2496 13699 2466 2473 13700 2493 2498 13701 2492 2497 13702 2467 2474 13703 2469 2475 13704 2494 2500 13705 2493 2498 13706 2470 2476 13707 2495 2502 13708 2494 2500 13709 2471 2501 13710 2496 2529 13711 2495 2502 13712 2497 2503 13713 2496 2529 13714 2471 2501 13715 2498 2504 13716 2497 2503 13717 2472 2478 13718 2499 2505 13719 2498 2504 13720 2473 2479 13721 2475 2480 13722 2500 2507 13723 2499 2505 13724 2476 2481 13725 2501 2509 13726 2500 2507 13727 2477 2508 13728 2502 2535 13729 2501 2509 13730 2503 2510 13731 2502 2535 13732 2477 2508 13733 2504 2511 13734 2503 2510 13735 2478 2483 13736 2505 2512 13737 2504 2511 13738 2479 2484 13739 2481 2485 13740 2506 2514 13741 2505 2512 13742 2482 2486 13743 2507 2516 13744 2506 2514 13745 2483 2515 13746 2508 2541 13747 2507 2516 13748 2509 2517 13749 2508 2541 13750 2483 2515 13751 2510 2518 13752 2509 2517 13753 2484 2488 13754 2488 2491 13755 2510 2518 13756 2485 2489 13757 2488 2491 13758 2511 2545 13759 2512 2519 13760 2513 2520 13761 2511 2545 13762 2488 2491 13763 2514 2521 13764 2513 2520 13765 2487 2493 13766 2515 2522 13767 2514 2521 13768 2489 2495 13769 2491 2496 13770 2516 2524 13771 2515 2522 13772 2492 2497 13773 2517 2525 13774 2516 2524 13775 2493 2498 13776 2518 2550 13777 2517 2525 13778 2519 2526 13779 2518 2550 13780 2493 2498 13781 2520 2527 13782 2519 2526 13783 2494 2500 13784 2521 2528 13785 2520 2527 13786 2495 2502 13787 2497 2503 13788 2522 2530 13789 2521 2528 13790 2498 2504 13791 2523 2531 13792 2522 2530 13793 2499 2505 13794 2524 2555 13795 2523 2531 13796 2525 2532 13797 2524 2555 13798 2499 2505 13799 2526 2533 13800 2525 2532 13801 2500 2507 13802 2527 2534 13803 2526 2533 13804 2501 2509 13805 2503 2510 13806 2528 2536 13807 2527 2534 13808 2504 2511 13809 2529 2537 13810 2528 2536 13811 2505 2512 13812 2530 2560 13813 2529 2537 13814 2531 2538 13815 2530 2560 13816 2505 2512 13817 2532 2539 13818 2531 2538 13819 2506 2514 13820 2533 2540 13821 2532 2539 13822 2507 2516 13823 2509 2517 13824 2534 2542 13825 2533 2540 13826 2510 2518 13827 2512 2519 13828 2534 2542 13829 2535 2543 13830 2536 2564 13831 2534 2542 13832 2537 2544 13833 2535 2543 13834 2512 2519 13835 2513 2520 13836 2538 2546 13837 2537 2544 13838 2514 2521 13839 2539 2567 13840 2538 2546 13841 2540 2547 13842 2539 2567 13843 2514 2521 13844 2516 2524 13845 2541 2571 13846 2540 2547 13847 2542 2548 13848 2541 2571 13849 2516 2524 13850 2543 2549 13851 2542 2548 13852 2517 2525 13853 2519 2526 13854 2544 2551 13855 2543 2549 13856 2520 2527 13857 2545 2574 13858 2544 2551 13859 2546 2552 13860 2545 2574 13861 2520 2527 13862 2522 2530 13863 2547 2578 13864 2546 2552 13865 2548 2553 13866 2547 2578 13867 2522 2530 13868 2549 2554 13869 2548 2553 13870 2523 2531 13871 2525 2532 13872 2550 2556 13873 2549 2554 13874 2526 2533 13875 2551 2581 13876 2550 2556 13877 2552 2557 13878 2551 2581 13879 2526 2533 13880 2528 2536 13881 2553 2585 13882 2552 2557 13883 2554 2558 13884 2553 2585 13885 2528 2536 13886 2555 2559 13887 2554 2558 13888 2529 2537 13889 2531 2538 13890 2556 2561 13891 2555 2559 13892 2532 2539 13893 2557 2588 13894 2556 2561 13895 2558 2562 13896 2557 2588 13897 2532 2539 13898 2534 2542 13899 2536 2564 13900 2558 2562 13901 2559 2563 13902 2560 1335 13903 2558 2562 13904 2561 2565 13905 2559 2563 13906 2536 2564 13907 2562 2566 13908 2561 2565 13909 2535 2543 13910 2538 2546 13911 2563 2568 13912 2562 2566 13913 2539 2567 13914 2564 2569 13915 2563 2568 13916 2540 2547 13917 2565 2597 13918 2564 2569 13919 2566 2570 13920 2565 2597 13921 2540 2547 13922 2567 2572 13923 2566 2570 13924 2541 2571 13925 2568 2573 13926 2567 2572 13927 2542 2548 13928 2544 2551 13929 2569 2575 13930 2568 2573 13931 2545 2574 13932 2570 2576 13933 2569 2575 13934 2546 2552 13935 2571 2603 13936 2570 2576 13937 2572 2577 13938 2571 2603 13939 2546 2552 13940 2573 2579 13941 2572 2577 13942 2547 2578 13943 2574 2580 13944 2573 2579 13945 2548 2553 13946 2550 2556 13947 2575 2582 13948 2574 2580 13949 2551 2581 13950 2576 2583 13951 2575 2582 13952 2552 2557 13953 2577 2609 13954 2576 2583 13955 2578 2584 13956 2577 2609 13957 2552 2557 13958 2579 2586 13959 2578 2584 13960 2553 2585 13961 2580 2587 13962 2579 2586 13963 2554 2558 13964 2556 2561 13965 2581 2589 13966 2580 2587 13967 2557 2588 13968 2582 2590 13969 2581 2589 13970 2558 2562 13971 2560 1335 13972 2582 2590 13973 2583 2591 13974 2584 2613 13975 2582 2590 13976 2559 2563 13977 2585 2592 13978 2583 2591 13979 2561 2565 13980 2586 2593 13981 2585 2592 13982 2562 2566 13983 2587 2616 13984 2586 2593 13985 2588 2594 13986 2587 2616 13987 2562 2566 13988 2589 2595 13989 2588 2594 13990 2563 2568 13991 2590 2596 13992 2589 2595 13993 2564 2569 13994 2566 2570 13995 2591 2598 13996 2590 2596 13997 2567 2572 13998 2592 2599 13999 2591 2598 14000 2568 2573 14001 2593 2621 14002 2592 2599 14003 2594 2600 14004 2593 2621 14005 2568 2573 14006 2595 2601 14007 2594 2600 14008 2569 2575 14009 2596 2602 14010 2595 2601 14011 2570 2576 14012 2572 2577 14013 2597 2604 14014 2596 2602 14015 2573 2579 14016 2598 2605 14017 2597 2604 14018 2574 2580 14019 2599 2626 14020 2598 2605 14021 2600 2606 14022 2599 2626 14023 2574 2580 14024 2601 2607 14025 2600 2606 14026 2575 2582 14027 2602 2608 14028 2601 2607 14029 2576 2583 14030 2578 2584 14031 2603 2610 14032 2602 2608 14033 2579 2586 14034 2604 2611 14035 2603 2610 14036 2580 2587 14037 2605 2631 14038 2604 2611 14039 2606 2612 14040 2605 2631 14041 2580 2587 14042 2584 2613 14043 2606 2612 14044 2581 2589 14045 2607 2614 14046 2608 2633 14047 2606 2612 14048 2583 2591 14049 2609 2635 14050 2607 2614 14051 2610 2615 14052 2609 2635 14053 2583 2591 14054 2586 2593 14055 2611 2617 14056 2610 2615 14057 2587 2616 14058 2612 2636 14059 2611 2617 14060 2613 2618 14061 2612 2636 14062 2587 2616 14063 2614 2619 14064 2613 2618 14065 2588 2594 14066 2590 2596 14067 2615 2637 14068 2614 2619 14069 2616 2620 14070 2615 2637 14071 2590 2596 14072 2592 2599 14073 2617 2622 14074 2616 2620 14075 2593 2621 14076 2618 2638 14077 2617 2622 14078 2619 2623 14079 2618 2638 14080 2593 2621 14081 2620 2624 14082 2619 2623 14083 2594 2600 14084 2596 2602 14085 2621 2639 14086 2620 2624 14087 2622 2625 14088 2621 2639 14089 2596 2602 14090 2598 2605 14091 2623 2627 14092 2622 2625 14093 2599 2626 14094 2624 2640 14095 2623 2627 14096 2625 2628 14097 2624 2640 14098 2599 2626 14099 2626 2629 14100 2625 2628 14101 2600 2606 14102 2602 2608 14103 2627 2641 14104 2626 2629 14105 2628 2630 14106 2627 2641 14107 2602 2608 14108 2604 2611 14109 2629 2632 14110 2628 2630 14111 2605 2631 14112 2630 2634 14113 2629 2632 14114 2608 2633 14115 2630 2634 14116 2605 2631 14117 2608 2633 14118 2059 2073 14119 2055 2069 14120 2607 2614 14121 2061 2075 14122 2059 2073 14123 2609 2635 14124 2063 2077 14125 2061 2075 14126 2065 2078 14127 2063 2077 14128 2609 2635 14129 2067 2079 14130 2065 2078 14131 2610 2615 14132 2069 2081 14133 2067 2079 14134 2611 2617 14135 2613 2618 14136 2071 2084 14137 2069 2081 14138 2614 2619 14139 2073 2086 14140 2071 2084 14141 2615 2637 14142 2075 2088 14143 2073 2086 14144 2077 2089 14145 2075 2088 14146 2615 2637 14147 2079 2090 14148 2077 2089 14149 2616 2620 14150 2081 2092 14151 2079 2090 14152 2617 2622 14153 2619 2623 14154 2083 2095 14155 2081 2092 14156 2620 2624 14157 2085 2097 14158 2083 2095 14159 2621 2639 14160 2087 2099 14161 2085 2097 14162 2089 2100 14163 2087 2099 14164 2621 2639 14165 2091 2101 14166 2089 2100 14167 2622 2625 14168 2093 2103 14169 2091 2101 14170 2623 2627 14171 2625 2628 14172 2095 2106 14173 2093 2103 14174 2626 2629 14175 2097 2108 14176 2095 2106 14177 2627 2641 14178 2099 2110 14179 2097 2108 14180 2101 2111 14181 2099 2110 14182 2627 2641 14183 2058 2071 14184 2101 2111 14185 2628 2630 14186 2055 2069 14187 2058 2071 14188 2629 2632 14189 2632 2642 14190 2633 2645 14191 2634 1 14192 2635 2644 14193 2636 2647 14194 2633 2645 14195 2637 2646 14196 2638 2649 14197 2636 2647 14198 2639 2648 14199 2640 2651 14200 2638 2649 14201 2641 2650 14202 2642 2652 14203 2640 2651 14204 2631 2643 14205 2634 1 14206 2642 2652 14207</p>
        </polylist>
      </mesh>
    </geometry>
  </library_geometries>
  <library_controllers/>
  <library_visual_scenes>
    <visual_scene id="Scene" name="Scene">
      <node id="Mesh14_WE_RE1_Group1_Model" name="Mesh14_WE_RE1_Group1_Model" type="NODE">
        <matrix sid="transform">1 0 0 0 0 -1.62921e-7 -1 0 0 1 -1.62921e-7 0 0 0 0 1</matrix>
        <instance_geometry url="#Mesh14_WE_RE1_Group1_Model-mesh" name="Mesh14_WE_RE1_Group1_Model">
          <bind_material>
            <technique_common>
              <instance_material symbol="FrontColor-material" target="#FrontColor-material">
                <bind_vertex_input semantic="UVMap" input_semantic="TEXCOORD" input_set="0"/>
              </instance_material>
            </technique_common>
          </bind_material>
        </instance_geometry>
      </node>
    </visual_scene>
  </library_visual_scenes>
  <scene>
    <instance_visual_scene url="#Scene"/>
  </scene>
</COLLADA>